186174,1304
186174,1304
186174,11262
186174,11262
186174,63188
186174,63188
186174,57414
186174,57414
186174,1370
186174,62376
154890,11262
154890,11262
154890,11262
71274,11262
71274,11262
71271,11262
71271,11262
191232,11262
191232,11262
128502,11262
193965,11262
193965,11262
191232,1370
183195,50274
250434,11262
250434,11262
250434,11262
71271,1370
71271,62376
71271,1370
72930,1370
72930,1370
227292,1304
199854,11262
199854,11262
183195,56714
183195,56714
172161,11262
172161,11262
172161,11262
250434,1304
250434,1304
250434,1304
71271,63188
71271,63188
208794,1304
198867,11262
198867,11262
181101,11262
181101,11262
77484,11262
77484,11262
153303,11262
153303,11262
153303,11262
200964,11262
200964,11262
213885,11262
183105,56714
183105,56714
183105,56714
72930,11262
72930,11262
208599,11262
208599,11262
208599,11262
251625,59822
211407,11262
211407,11262
71271,34092
71271,56714
234297,1304
224169,11262
224169,11262
224169,11262
211533,11262
194229,11262
194229,11262
211533,11262
154890,1304
154890,1304
154890,1304
25749,11262
25749,11262
25749,11262
220269,56714
61692,11262
61692,11262
61692,11262
208872,11262
208872,11262
208872,11262
208488,11262
183105,1370
183105,1370
183105,1370
154890,1370
154890,1370
154890,1370
72930,56714
183105,1304
183105,1304
220269,50274
232065,50274
198279,11262
198279,11262
208794,1370
208794,1370
191232,1304
191232,1304
183573,11262
183573,11262
183213,11262
183213,11262
183213,11262
212220,56714
212220,56714
208794,11262
218958,11262
176403,56714
176403,56714
197286,11262
197286,11262
197286,11262
72900,11262
72900,11262
72900,11262
194229,10652
211533,10652
194229,10652
188331,56714
188331,56714
188331,56714
249342,11262
249342,11262
183105,11262
183105,50274
183105,50274
194883,11262
194883,11262
186174,35846
186174,35846
71274,61280
71274,61280
213102,1304
213102,1304
213102,1304
186657,11262
186657,11262
195063,11262
186657,11262
203673,11262
163131,1304
163131,1304
25749,56714
25749,56714
25749,56714
246858,11262
246858,11262
188331,11262
188331,11262
188331,11262
198792,11262
61344,11262
186174,10652
186174,63186
186174,63186
188331,1370
188331,1370
188331,1370
176403,61280
176403,61280
195723,1304
195723,1304
212220,1370
212220,1370
250434,1370
250434,1370
250434,1370
227292,11262
227292,11262
187806,34092
187806,56714
187806,56714
187806,56714
210978,11262
210978,11262
235335,11262
235335,11262
227292,1370
227292,1370
176403,1370
176403,1370
212220,1304
234021,11262
234021,11262
188331,1304
188331,1304
186174,30500
186174,30500
186174,50718
208599,1304
208599,1304
209622,11262
209622,11262
176403,1304
176403,1304
220269,61280
229620,11262
229620,11262
210393,11262
234093,11262
234093,11262
210393,11262
217782,56714
217782,56714
217782,56714
232065,11262
232065,11262
211950,11262
211950,11262
71271,50274
215985,11262
193965,10652
176403,11262
71274,35846
71274,35846
166128,11262
166128,11262
166128,11262
176403,50274
183213,1304
183213,1304
208794,63188
191232,63188
191232,63188
71274,35732
71274,35732
212220,50274
72930,1304
191232,57414
191232,57414
187806,1370
187806,1370
25749,63510
25749,63510
25749,63510
232827,1370
232827,1370
232827,1370
194229,56714
194229,56714
194229,56714
25743,11262
186174,63510
186174,63510
232065,63510
226662,11262
200964,50718
200964,30500
200964,30500
206940,11262
206748,11262
206940,11262
206748,11262
72930,63188
72930,63188
71271,35732
71271,35732
223728,1304
223728,1304
223728,1304
187806,11262
187806,11262
187806,11262
153303,1304
153303,1304
153303,1304
174468,11262
174468,11262
174468,11262
198279,1304
198279,1304
25749,1304
25749,1304
25749,1304
71271,1304
186174,62944
186174,62944
211950,1304
211950,1304
211533,1304
211533,1304
183105,63188
183105,63188
251619,56714
251619,56714
251619,56714
182565,11262
182565,11262
182565,11262
203829,11262
203829,11262
232065,63360
232065,63360
232065,34092
232065,56714
232065,56714
197286,1304
197286,1304
197286,1304
128502,10652
167316,1370
167316,1370
167316,1370
167316,62376
184950,11262
71271,54096
71271,54096
249633,1304
249633,1304
249633,1304
227292,56714
227292,56714
154713,11262
183213,50274
178458,63510
178458,63510
178458,63510
183105,57804
183105,57804
194883,56714
194883,56714
194883,34092
194883,56714
183213,56714
173667,11262
183195,11262
183195,11262
25749,1370
25749,1370
25749,1370
204657,11262
204657,11262
212220,61280
212220,61280
243927,11262
243927,11262
203133,11262
203133,11262
228741,1304
228741,1304
72930,57414
72930,57414
183213,1370
183213,1370
183213,1370
212721,1304
212721,1304
72930,10652
72930,10652
206868,11262
206868,11262
191232,56714
191232,56714
71271,57414
71271,57414
206364,11262
206364,11262
186174,56714
186174,56714
212220,11262
212637,11262
238827,11262
238827,11262
238827,11262
242232,11262
242232,11262
210114,1304
237195,1304
160770,1304
237195,1304
210114,1304
160770,1304
210114,1304
191223,57414
187806,63188
187806,63188
187806,63188
204717,11262
231144,11262
211524,11262
250434,57414
250434,57414
250434,57414
192564,56714
192564,56714
25749,10652
25749,10652
153303,1370
153303,1370
153303,1370
220269,59396
128901,1370
187806,1304
187806,1304
187806,1304
183105,61280
197286,56714
197286,56714
197286,34092
197286,34092
197286,56714
208524,11262
208524,11262
208524,11262
183195,63510
178458,11262
178458,11262
178458,11262
206346,11262
231057,11262
231057,11262
206346,11262
206346,11262
220713,11262
163131,11262
163131,11262
208872,1304
208872,1304
217782,1370
217782,1370
223104,11262
223104,11262
188331,63188
188331,63188
188331,63188
210978,1370
210978,1370
210978,62376
60888,11262
60888,11262
60888,11262
252396,11262
252396,11262
236115,11262
212430,1304
212430,1304
61344,63188
251442,11262
251442,11262
251442,11262
232065,59396
232065,59396
210168,11262
210168,11262
194229,16358
194229,16358
192564,11262
232827,57414
166002,11262
183387,11262
183387,11262
183105,10652
183105,10652
211533,1370
211533,1370
72930,63510
72930,63510
188331,63510
191232,30500
191232,30500
194229,1370
194229,1370
194229,62376
194229,1370
232827,1304
232827,1304
167364,11262
167364,11262
217782,63188
217782,63188
217782,63188
183573,1304
183573,1304
183573,1304
224169,1370
224169,1370
224169,1370
212220,63188
212430,11262
212430,11262
248796,11262
248796,11262
217782,11262
217782,11262
217782,11262
213102,1370
213102,1370
213102,1370
203133,1370
203133,1370
203133,1370
248202,1370
248202,1370
194883,63510
194883,63510
210393,1304
210393,1304
203106,1304
234093,1304
203106,1304
234093,1304
66777,1370
66777,1370
66777,1370
193323,11262
193323,11262
176403,63188
176403,63188
196845,11262
196845,11262
186174,16358
186174,16358
188331,57414
188331,57414
188331,57414
178830,61280
186174,33886
186174,33886
186174,63538
244287,11262
186174,35732
174468,1304
174468,1304
174468,1304
239577,1304
212220,57804
71274,50274
71274,50274
217782,61280
217782,61280
217782,61280
187707,63510
220713,1304
220713,1304
220713,59822
166356,11262
208518,11262
195063,1304
186657,1304
72900,1304
72900,1304
72900,1304
250434,63188
250434,63188
250434,63188
191247,11262
195063,63188
195063,63188
186657,63188
186657,63188
225393,11262
249981,11262
212442,11262
212442,11262
212442,11262
227292,10652
227292,10652
244041,1370
244041,1370
176403,57804
206418,11262
206418,11262
164064,11262
164064,11262
164064,11262
166995,11262
233970,11262
233970,11262
216108,11262
216108,11262
216108,11262
154890,34092
154890,34092
154890,56714
154890,56714
154890,56714
211407,62074
162810,11262
212301,11262
212301,11262
212301,11262
167316,11262
167316,11262
220011,1370
220011,1370
206439,11262
71271,50272
236520,56714
236520,56714
236520,56714
198792,1370
198792,1370
198792,1370
220302,11262
242856,11262
241824,11262
241824,11262
241824,11262
207084,11262
71271,10652
244005,1370
211407,1304
211407,1304
211407,1304
203259,11262
203259,11262
210186,56714
210186,56714
244041,1304
244041,1304
247002,11262
247002,11262
225393,56714
225393,56714
207105,11262
186378,1304
194883,1370
194883,1370
194883,1370
247002,61280
247002,61280
197835,11262
197835,11262
154890,63188
246711,56714
246711,56714
238032,11262
244005,11262
248202,11262
248202,11262
250434,56714
250434,56714
250434,56714
250434,34092
88821,1304
187707,11262
187707,11262
203820,11262
203820,11262
178830,11262
178830,11262
77484,1304
183489,50274
178830,50274
187806,57414
187806,57414
61344,1370
61344,1370
218958,34092
176403,10652
176403,10652
230604,11262
230604,11262
205995,11262
223728,1370
223728,1370
208692,1370
208692,1370
190152,11262
183387,1304
183387,1304
163101,11262
163101,11262
210981,11262
210981,11262
210981,11262
183195,1370
183195,1370
164640,1370
164640,1370
187806,57804
187806,57804
211140,56714
211140,56714
211140,34092
166128,1304
166128,1304
178830,56714
178830,56714
178830,56714
242388,11262
210234,11262
242388,11262
186657,1370
186657,1370
195063,1370
186657,1370
195063,1370
197286,30500
197286,30500
197286,30500
216366,11262
178458,1304
222759,11262
222759,11262
227292,57414
223530,11262
223530,11262
186882,1370
244287,56714
244287,56714
244287,56714
249633,1370
249633,1370
249633,62376
249633,1370
247986,1370
232827,11262
232827,11262
232827,11262
162810,1304
232065,57804
187101,1370
187101,1370
187101,1370
220269,63360
72930,30500
72930,30500
71271,59396
71271,59396
219048,1370
219048,1370
219048,1370
239556,1370
239556,1370
234297,50274
206364,56714
239556,11262
239556,11262
25743,1304
25743,1304
186384,1370
187101,1304
187101,1304
187101,1304
153303,34092
153303,56714
153303,56714
153303,56714
208599,1370
208599,1370
208599,1370
230028,11262
230028,11262
250221,11262
153303,63188
153303,63188
153303,63188
227295,1304
227295,1304
206376,11262
206376,11262
197802,11262
250434,30500
250434,30500
194790,11262
208515,1304
234030,1304
234030,1304
208797,1304
211965,1304
211965,1304
211965,1304
217002,11262
71271,57804
232035,1304
232035,1304
71271,124
61692,1370
61692,1370
248202,56714
88821,11262
88821,11262
247986,11262
247986,11262
184950,1304
184950,1304
184950,1304
208599,57414
208599,57414
208599,57414
239556,59822
199854,50718
210981,1304
163101,1304
163101,1304
163101,1304
166002,1304
166002,1304
166002,1304
163131,1370
163131,1370
163131,1370
206952,35846
199854,61280
194229,124
61692,34092
61692,56714
61692,56714
61692,56714
250653,1304
194883,30500
194883,30500
128469,1304
128469,1304
220728,11262
220728,11262
232065,63188
232065,63188
232065,63188
203316,11262
222306,11262
203310,11262
222306,11262
203322,11262
175293,11262
196845,56714
196845,56714
196845,56714
244731,11262
249081,11262
183489,1370
183489,1370
178830,1370
62337,56714
62337,56714
208692,11262
223728,11262
227670,11262
210834,11262
204762,11262
210834,11262
227973,11262
204762,11262
183573,1370
183573,1370
183573,1370
172419,11262
172419,11262
204519,11262
194904,50716
251442,10652
251442,10652
211533,63510
194229,63510
211533,50716
194229,50716
244041,11262
199854,63510
203700,11262
203700,11262
203700,11262
220269,11262
191223,62376
191223,1370
191223,1370
191223,1370
206475,56714
249930,1370
249930,1370
167316,1304
167316,1304
227295,11262
227295,11262
227295,11262
232065,10652
232065,10652
232065,10652
251442,1370
251442,1370
251442,1370
154890,30500
211533,62074
211533,62074
66843,63510
66843,63510
66843,63510
128901,1304
232065,54096
232065,54096
232065,54096
239247,11262
212721,1370
212721,1370
212721,1370
60888,61280
60888,61280
187806,63510
227292,63510
227292,63510
194229,62074
194229,62074
242556,11262
242556,11262
213102,11262
213102,11262
213102,11262
161058,1370
220713,1370
220713,1370
220713,62376
244404,57414
203166,11262
203166,11262
203796,11262
211527,11262
211527,11262
211527,11262
191226,11262
251619,11262
209799,11262
188331,10652
188331,10652
183489,61280
60888,56714
60888,56714
60888,56714
164661,11262
204657,1370
204657,1370
204657,1370
213978,56714
227469,11262
227469,11262
232269,11262
25743,1370
25743,1370
25743,1370
206868,1304
206868,1304
206868,1304
188331,50274
188331,50274
188331,50274
203829,1370
206748,62074
206748,62074
183195,57414
183195,57414
219021,1370
219021,1370
191238,1370
236115,59822
236115,1304
194883,10652
194883,10652
217782,57804
217782,57804
236115,1370
236115,1370
236115,1370
161403,1304
161403,1304
246711,11262
209793,11262
207144,11262
207144,11262
207144,11262
198867,30500
198867,30500
198867,30500
198867,50718
202818,56714
202818,34092
186933,1304
72483,11262
208341,11262
208341,11262
72483,11262
72483,11262
208341,11262
232065,57414
232065,57414
232065,57414
198882,1304
198882,1304
198882,1304
208575,1304
227310,1304
227310,1304
139272,11262
206745,11262
207156,11262
139272,11262
244380,11262
221115,1370
221115,1370
61344,1304
61344,1304
246150,11262
206349,11262
206433,11262
206433,11262
186174,39186
197673,11262
251829,11262
235335,61280
186657,57414
195063,57414
186657,57414
195063,57414
178458,56714
178458,56714
178458,56714
186177,11262
220269,57804
186933,34092
71271,50716
71271,63510
191232,10652
187806,61280
206667,11262
206667,11262
206928,11262
206670,11262
206928,11262
206670,11262
251493,11262
238572,11262
178458,30500
178458,30500
178458,30500
178458,50718
183105,50716
183105,63510
183105,63510
183105,63510
153303,30500
153303,30500
175878,1304
175878,1304
175878,1304
201030,11262
247986,59822
247986,1304
247986,1304
176319,1370
176319,1370
72930,62074
72930,62074
165750,1304
165750,1304
60888,1370
60888,1370
231876,11262
231876,11262
187707,57414
61344,57414
61344,57414
61344,57414
61344,62378
161403,1370
203829,1304
224169,57414
225501,11262
225501,11262
225501,11262
212595,11262
212595,11262
158499,11262
157767,11262
157767,11262
212220,10652
212220,10652
217848,11262
217848,11262
62817,1370
62817,1370
249981,56714
182565,1304
182565,1304
66843,11262
71274,10652
71274,10652
225276,1370
225276,1370
225276,1370
194229,39186
194229,39186
194229,63418
211533,39186
251829,10652
161403,11262
251766,1370
244731,63510
167571,11262
167571,11262
184113,1370
184113,1370
201564,11262
246627,11262
246627,11262
201564,11262
201564,11262
167316,63188
227343,11262
227343,11262
200964,59396
200964,59396
227292,30500
227292,30500
225501,1304
225501,1304
225501,1304
66777,11262
66777,11262
154890,57414
154890,57414
154890,57414
154167,11262
154167,11262
239577,1370
239577,1370
166002,1370
166002,1370
166002,62376
60888,1304
61692,1304
206979,11262
206979,11262
71766,11262
71766,11262
208872,30500
208488,30500
208872,30500
162810,62376
77484,30500
77484,30500
211533,56714
211533,56714
211533,56714
183489,11262
183489,11262
198981,1304
198981,1304
183195,63188
183195,63188
214998,11262
194601,56714
217782,10652
217782,10652
217782,10652
165750,11262
182565,1370
182565,1370
182565,1370
172161,1304
172161,1304
172161,1304
242151,1304
242151,1304
244287,62376
244287,1370
244287,1370
244287,1370
62817,11262
206358,11262
206355,11262
206637,11262
206637,11262
206358,11262
206355,11262
206637,11262
194208,11262
206358,11262
206625,11262
223968,1304
223968,1304
71274,30500
71274,30500
71274,63510
71274,50716
153792,11262
246858,30500
246858,30500
155388,1370
155388,62376
172056,1370
211527,30500
211527,30500
211527,30500
203259,1370
203259,1370
188331,30500
188331,30500
188331,30500
196845,62376
196845,1370
196845,1370
196845,1370
165927,11262
206952,11262
186933,50274
154485,1370
154485,1370
154485,1370
250434,63510
250434,63510
208599,30500
208599,30500
208599,30500
161058,11262
194601,11262
191223,11262
212430,1370
212430,1370
222843,11262
211638,11262
206481,11262
206481,11262
206481,11262
194883,63188
194883,63188
199854,35732
183573,56714
183573,56714
183573,56714
238293,11262
206346,56714
206346,56714
231057,56714
231057,56714
206346,56714
194229,30500
194229,50718
194229,30500
194229,30500
183387,62376
183387,1370
183387,1370
164337,11262
164337,11262
224169,1304
208449,1370
183195,10652
232827,63188
232827,63188
232827,63188
25749,30500
25749,30500
198792,1304
198792,1304
77484,63510
77484,63510
66777,57414
66777,57414
213885,10652
213885,10652
186177,61280
186177,61280
243927,1370
243927,1370
217002,1370
250275,11262
249216,11262
250749,11262
206823,11262
207102,11262
210843,11262
250275,11262
249216,11262
206988,11262
207102,11262
207129,11262
206988,11262
207366,11262
207102,11262
207366,11262
244287,57414
244287,57414
244287,57414
194904,10652
129135,57414
129135,62378
248202,1304
181101,1304
181101,1304
181101,1304
187797,1370
186177,1370
186177,1370
187707,1370
187707,1370
203724,1304
204795,1304
204795,1304
203724,1304
154011,1304
154011,1304
188730,1304
188730,1304
194883,57414
194883,57414
181101,1370
181101,1370
181101,62376
244278,11262
211815,11262
211815,11262
244278,11262
246963,62074
188331,63360
188331,63360
211476,1304
211476,1304
248301,1370
248301,1370
248301,1370
71274,124
217782,57414
251619,50274
188331,54096
188331,54096
188331,54096
251442,56714
219021,11262
219021,11262
183105,57414
183105,57414
153303,57414
153303,57414
186177,56714
186177,56714
251625,11262
251625,11262
72558,11262
72558,11262
213885,30500
213885,30500
165045,11262
165045,11262
182292,11262
183672,11262
62817,1304
208524,1304
208524,1304
223968,1370
223968,1370
223968,1370
194883,1304
194883,1304
129264,1370
129264,1370
249633,11262
249633,11262
187659,1304
250434,10652
190776,11262
190776,11262
194229,35846
164640,1304
164640,1304
238218,1370
238218,1370
186951,1304
186951,1304
186951,1304
213102,56714
213102,56714
213102,56714
183213,30500
242556,1370
242556,1370
242556,1370
204762,1370
227670,62376
203247,1370
204762,1370
210834,1370
227973,1370
210834,1370
210834,1370
227670,1370
206979,1370
206979,1370
193965,56714
193965,56714
64299,11262
64299,11262
206076,11262
208116,11262
203256,11262
208116,11262
178830,63510
178830,63510
72930,39186
174468,56714
174468,56714
174468,56714
207150,11262
206811,11262
207150,11262
206406,11262
206406,11262
206406,11262
172056,56714
194601,1370
208872,57414
208488,57414
208872,57414
211407,30500
211407,30500
174468,1370
174468,1370
174468,1370
211950,57414
191232,63510
66378,11262
203112,11262
205728,11262
224145,11262
216648,11262
224145,11262
216648,11262
203058,11262
252774,11262
63582,11262
203502,11262
216648,11262
240990,11262
229521,11262
203889,11262
192756,11262
203574,11262
203574,11262
192756,11262
205122,11262
199860,11262
205122,11262
203100,11262
250629,11262
223554,11262
210846,11262
210846,11262
221151,11262
199860,11262
229521,11262
192771,11262
220170,11262
203052,11262
203100,11262
129153,11262
238377,11262
192756,11262
129153,11262
203889,11262
203889,11262
205728,11262
252375,11262
199860,11262
59703,11262
229521,11262
252375,11262
167316,56714
167316,56714
167316,56714
242388,1304
210234,1304
71274,59396
71274,59396
206940,62074
176472,1304
176472,1304
232827,56714
232827,56714
203439,11262
203439,11262
154707,11262
219048,1304
219048,1304
249486,1304
186657,56714
186657,56714
186657,56714
195063,56714
205191,1304
205191,1304
183195,39186
25749,39186
25749,39186
25749,63418
183489,63188
178830,63188
241305,1370
241305,1370
241305,1370
219522,11262
201798,11262
198792,56714
212445,11262
179496,1370
179496,1370
200964,10652
200964,10652
200964,10652
211950,30500
213978,50274
194904,1370
25743,56714
25743,56714
25743,56714
176403,63510
194904,56714
249063,11262
220269,63510
183195,35732
183195,62944
68496,11262
214506,11262
61824,11262
244404,1370
244404,1370
244404,62376
210627,1370
210627,1370
183195,51974
178458,10652
178458,10652
172161,1370
172161,1370
172161,1370
186882,11262
223530,1304
223530,1304
247632,11262
247632,11262
250653,11262
61935,1370
166362,11262
251442,30500
251442,30500
211527,10652
184950,1370
184950,1370
184950,1370
210186,11262
210186,11262
212721,63188
212721,63188
212721,63188
244005,63188
209829,1304
209829,1304
209976,1304
209976,1304
209829,1304
25749,33886
25749,33886
25749,63538
187806,36720
187806,36720
154167,57414
154167,57414
238293,61280
167316,57414
167316,57414
203460,11262
203460,11262
210342,1370
210342,1370
210342,1370
183573,63188
205662,11262
210678,11262
205662,11262
237300,11262
205662,11262
237300,11262
227115,11262
195063,63510
186657,63510
195063,50716
186657,63510
195063,63510
154167,1370
154167,1370
154167,1370
211950,1370
211950,1370
249513,1304
234156,11262
244287,63188
244287,63188
244287,63188
208575,11262
227310,11262
227310,11262
208788,11262
198279,1370
250653,56714
250653,56714
250653,56714
221331,34092
221331,56714
221331,56714
67314,11262
203073,11262
203055,11262
203073,11262
203073,11262
206451,11262
206460,11262
228060,11262
128526,11262
128526,11262
216822,11262
216822,11262
216822,11262
203700,56714
203700,56714
242856,56714
206952,1304
202959,1304
202959,59822
210168,62376
210168,1370
194229,63188
194229,63188
25743,30500
191232,35732
191232,35732
214968,11262
250974,11262
222669,11262
222669,11262
128502,62274
128502,59396
186378,1370
183195,1304
238263,63510
238263,63510
61977,11262
61977,11262
206856,11262
206958,11262
206787,11262
206856,11262
206856,11262
206958,11262
206787,11262
157398,1370
157398,1370
157398,1370
213102,57414
213102,57414
213102,57414
210168,56714
210168,56714
211533,30500
211533,30500
211533,30500
188685,11262
161526,1370
161526,1370
161526,62376
232455,1370
211524,63510
211524,63510
184113,11262
223728,57414
25749,63188
212442,56714
212442,56714
160029,1304
250947,1304
250947,1304
160029,1304
248373,1304
193965,59396
154113,11262
205191,57414
205191,57414
199242,57414
77484,35732
77484,35732
203295,11262
203301,11262
212526,1370
212526,1370
194904,30500
194904,30500
194904,50718
233163,61280
183213,62074
178830,57414
183489,57414
178830,57414
195378,11262
227343,56714
227343,56714
211413,11262
211413,11262
188331,39186
188331,39186
188331,39186
128502,34092
251643,11262
251643,11262
71274,34092
71274,56714
178458,1370
178458,1370
178458,62376
187707,34092
187707,56714
187707,56714
212112,11262
196722,11262
203271,11262
203274,11262
196722,11262
203274,11262
157500,11262
157500,11262
187707,1304
204519,1370
206376,1304
188331,57804
188331,57804
188331,57804
178458,39186
178458,39186
178458,39186
251625,1370
66843,59822
66843,1304
61824,1370
61824,1370
186882,57414
186882,57414
206427,11262
206427,11262
225501,1370
225501,1370
225501,1370
218265,1370
218265,1370
191223,1304
191223,1304
66843,56714
218265,11262
71271,36720
71271,36720
211812,11262
211761,11262
211761,11262
242442,11262
242442,11262
242442,11262
230073,56714
221115,11262
221115,11262
154890,10652
203106,63510
210393,63510
234093,63510
234093,63510
210393,63510
247002,10652
178458,63188
178458,63188
195723,62376
195723,1370
195723,1370
187806,50274
232452,11262
232452,11262
241026,11262
213114,11262
213114,11262
153303,63510
153303,63510
234297,1370
234297,1370
184698,1370
184698,1370
154713,50716
206673,11262
66843,30500
66843,30500
251442,63188
196845,57414
196845,57414
196845,57414
66777,1304
66777,1304
66777,1304
227292,62074
227292,62074
66777,63188
244680,1370
244680,1370
244680,1370
181860,11262
192564,63510
216822,1370
216822,1370
216822,1370
205191,1370
205191,1370
62817,56714
62817,56714
249687,1370
249687,1370
201852,11262
201852,11262
183105,59396
182565,56714
182565,56714
213885,34092
183105,50272
183105,59394
244680,11262
244680,11262
175878,11262
187806,10652
186990,11262
186990,11262
71274,33886
71274,33886
210897,11262
210897,11262
206646,11262
207078,11262
206367,11262
206367,11262
206646,11262
206367,11262
200964,34092
200964,56714
67371,1304
223776,11262
223776,11262
211524,56714
224169,63188
197286,63510
197286,63510
212586,62376
153765,1370
249486,63186
156024,62376
217848,56714
217848,56714
217848,56714
217848,34092
231057,62074
231057,62074
60888,50274
60888,50274
69249,1370
69249,1370
203700,1370
203700,1370
212430,56714
212430,56714
181860,1370
181860,1370
181860,1370
72930,50274
72930,50274
154713,63188
161058,1304
210813,11262
71271,50718
71271,30500
71271,30500
197835,1370
197835,1370
197835,1370
204774,11262
211407,1370
211407,1370
211407,1370
232065,1370
232065,62376
232065,62376
232065,1370
225501,56714
225501,56714
225501,56714
206748,10652
206748,10652
206940,10652
206940,10652
205353,11262
205353,11262
208893,11262
208806,11262
223728,63188
208692,63188
249063,1370
249063,1370
205191,56714
199242,56714
199242,56714
205191,56714
246150,62376
246150,1370
246150,1370
128502,33886
156024,57414
61692,57414
186438,11262
208722,11262
208476,11262
208722,11262
208503,11262
251631,11262
208740,11262
208740,11262
208341,1370
72483,1370
208341,1370
208341,1370
195063,30500
195063,50718
195063,30500
222204,1370
222204,62376
222204,1370
222204,1370
206868,62074
232065,62944
187797,57414
187797,57414
236520,50274
236520,50274
236520,50274
236226,11262
154119,1370
154119,1370
154119,1370
163131,57414
163131,57414
198882,11262
198882,11262
198882,11262
208599,63188
234129,11262
246150,1304
186933,63188
162810,63188
183195,63218
249930,1304
249930,1304
203511,11262
178830,10652
211473,1370
211473,1370
211140,57804
211140,57804
231144,63510
211473,1304
154167,63188
154167,63188
154167,63188
203820,1370
243789,1304
212721,57414
212721,57414
220269,51974
208449,11262
187707,63188
187707,63188
229473,1304
229473,1304
189045,1370
189045,1370
189045,1370
63690,11262
206784,11262
206784,11262
192942,11262
192942,11262
198990,11262
206415,11262
206415,11262
230091,56714
183213,63510
183213,63510
71274,54096
71274,54096
71274,1370
208812,1370
208812,1370
208812,1370
217782,1304
217782,1304
212220,62378
212220,57414
186384,57414
208599,63510
211533,16358
231144,56714
245154,11262
187734,1370
187734,1370
154011,1370
154011,1370
188730,1370
188730,1370
188730,1370
187734,1370
203673,56714
203673,56714
244287,10652
227295,1370
206376,56714
206376,56714
206376,34092
220269,1370
227292,35732
227292,35732
72918,11262
242388,56714
242388,56714
242388,56714
210234,56714
166128,56714
166128,56714
207618,1370
207618,1370
217782,36720
217782,36720
186933,11262
198573,1304
208524,63510
208524,63510
208524,63510
225393,36720
164007,11262
164007,11262
251106,11262
249687,11262
251106,11262
249687,11262
56871,11262
249063,57414
249063,57414
194883,61280
250974,1370
250974,1370
224211,63510
224211,63510
192564,1370
192564,1370
203646,11262
183195,30500
251106,1370
251106,1370
198279,57414
71274,48298
208788,63510
227310,50716
227310,63510
183492,1304
183492,1304
236226,1304
183492,1304
230091,50274
230091,50274
203829,57414
203829,57414
242151,11262
153756,11262
177873,1304
177873,1304
163131,63188
163131,63188
192300,57414
244971,56714
244971,56714
228564,11262
175266,11262
204054,11262
175266,11262
175266,11262
167676,11262
129135,1370
129135,1370
129135,1370
225276,1304
225276,1304
225276,1304
71271,54290
176403,57414
176403,57414
206412,11262
211641,11262
206412,11262
206412,11262
71274,50272
242856,62376
242856,1370
217782,59396
222204,11262
222204,11262
222204,11262
203673,30500
203673,50718
187806,54096
187806,54096
188331,124
155403,11262
68676,11262
68676,11262
68676,11262
238218,1304
238218,1304
71271,33886
71271,33886
198573,11262
198573,11262
198573,11262
176472,11262
176472,11262
71274,53386
71274,53386
203256,1370
203256,1370
203268,1370
203445,1370
203445,1370
209073,11262
186987,11262
172590,11262
172590,11262
183105,30500
183105,30500
191247,1304
213102,63188
213102,63188
205191,50716
205191,63510
205191,63510
205191,50716
210633,1370
210633,1370
173796,1370
164661,1370
164661,1370
235335,56696
183921,11262
210168,1304
242556,1304
242556,1304
242556,1304
25749,57414
25749,57414
71274,57414
71274,57414
166029,11262
198801,11262
198801,11262
221115,56714
236115,57414
236115,57414
153150,1370
153150,1370
154887,1370
154887,1370
211473,11262
178257,11262
250221,34092
230028,56714
250221,56714
247374,11262
198279,30500
212220,63510
212220,63510
212526,11262
220269,59394
154275,11262
154275,11262
195723,56714
195723,34092
195723,56714
224925,1370
206772,11262
206772,11262
206772,11262
251619,30500
251619,30500
225276,11262
225276,11262
207618,11262
183213,57414
181593,11262
159033,11262
60888,10652
60888,10652
235299,1370
235299,1370
183213,59396
251442,63510
251442,63510
184698,1304
184698,1304
193965,54096
200964,61280
200964,61280
65631,11262
65631,11262
166128,1370
166128,1370
166128,1370
244278,1370
211815,1370
211815,1370
244278,1370
211815,1370
207996,11262
207996,11262
183489,63510
183489,63510
153303,10652
153303,10652
153303,10652
225351,11262
225351,11262
153381,11262
194229,63186
72930,33886
72930,33886
207600,11262
205191,11262
199242,11262
211527,57804
211527,57804
211527,36720
211527,36720
212448,11262
212448,11262
192627,11262
192627,11262
62337,57804
154797,11262
154797,11262
183213,63188
209622,1304
194790,1370
194790,1370
194790,62376
62337,50274
62337,50274
186882,1304
186384,11262
186384,11262
249633,56714
249633,56714
249633,56714
206979,63188
183105,62944
183105,62944
183105,62944
71274,63188
71274,63188
71274,63188
198057,11262
61908,11262
203670,11262
61908,11262
61908,11262
204093,1370
204093,1370
249486,1370
195723,11262
195723,11262
187734,1304
187734,1304
187734,59822
166005,1370
166005,1370
156024,63188
186882,63188
208599,56714
208599,56714
208599,56714
210342,11262
210342,11262
176472,1370
176472,1370
64272,11262
64272,11262
64272,11262
67764,59822
232404,11262
214506,1370
188637,11262
188637,11262
219021,1304
219021,1304
206868,1370
212571,11262
242412,11262
64272,1370
64272,1370
64272,1370
213978,11262
208488,1370
194904,39186
212442,62074
212442,62074
251619,57804
251619,36720
203517,11262
61899,11262
208758,1304
208758,1304
203796,1370
203796,1370
217782,54096
217782,54096
217782,54096
161787,1370
161787,1370
161787,1370
173940,1304
173940,1304
195771,1370
221115,1304
232035,56714
232035,56714
156057,63510
213102,63510
213102,63510
220269,57414
220269,57414
220269,62378
198873,1304
183105,39186
183105,39186
183105,63418
183105,39186
223104,1304
203133,62074
203133,62074
194229,33886
194229,63538
238218,11262
211965,11262
211965,11262
211965,11262
208515,11262
213885,59396
213885,59396
228729,1304
228729,1304
228729,1304
247002,63510
247002,63510
195372,35732
195372,35732
195372,35732
154713,1370
204771,11262
204771,11262
203868,11262
203175,11262
224211,11262
224211,11262
246150,63188
246150,63188
232065,30500
197799,11262
197799,11262
187101,57414
187101,57414
187101,57414
71271,10808
188637,1304
198882,63510
198882,63510
198882,63510
247956,1370
247956,1370
234297,11262
234297,11262
183645,11262
232269,1370
244278,1304
208554,11262
155556,1304
227988,1370
227988,1370
178458,57414
178458,57414
191556,1370
191556,1370
191556,1370
210813,56714
230028,62074
210954,11262
236655,11262
236655,11262
204375,11262
204375,11262
204375,11262
75723,11262
75723,11262
174468,62170
174468,63188
174468,63188
228024,11262
238218,56714
250653,30500
207087,34092
207087,56714
187734,11262
187734,11262
154011,11262
129135,11262
129135,11262
211527,1304
211527,1304
66843,1370
66843,1370
154881,11262
184698,57414
212211,11262
183573,57414
188730,11262
71274,16358
220011,1304
201564,1304
246627,1304
246627,59822
203295,1304
203295,1304
203301,1304
246627,1304
201564,1304
201564,1304
203439,1370
203439,1370
203439,1370
222894,1304
222894,1304
238827,1304
242232,1304
238827,59822
242232,1304
238827,1304
242232,1304
222306,1304
222306,1304
203322,1304
203322,59822
208053,11262
228741,1370
228741,1370
244404,59822
244404,1304
191226,1370
191226,62376
191226,62376
191226,1370
227310,34092
208788,56714
227310,56714
227310,56714
232035,63510
183576,1370
207222,11262
207222,11262
224169,30500
224169,30500
224169,30500
192768,1304
129153,1304
199860,1304
199860,1304
192771,1304
192771,1304
199860,1304
203058,1304
129153,1304
158016,1304
250629,59822
192771,1304
63582,1304
203058,1304
223554,1304
66378,1304
224145,1304
203574,1304
148782,59822
223554,1304
203502,59822
203889,1304
203889,1304
203889,1304
229521,1304
220170,1304
216648,1304
59703,1304
192756,1304
223554,1304
205122,1304
205122,1304
59703,1304
66378,59822
203052,1304
203574,1304
203052,1304
229521,1304
192756,1304
59703,1304
203502,1304
66378,59822
251085,1304
210846,1304
203100,59822
252375,1304
66378,59822
252375,1304
250629,1304
210846,1304
251085,1304
71274,57804
71274,57804
225972,1370
224841,1370
224841,62376
224841,1370
209994,1370
230604,1304
230604,1304
230604,1304
186177,50274
220302,1304
220302,1304
220302,1304
220302,59822
173940,1370
183105,35846
183105,35846
206697,56714
244866,1370
196722,1370
244866,1370
196722,1370
212112,1370
203271,1370
203274,1370
156489,1370
154485,11262
154713,54096
208536,11262
208536,11262
242232,62074
242232,62074
166995,1370
166995,1370
166995,1370
233970,1370
216108,1370
216108,1370
154665,1370
154665,1370
213102,30500
213102,30500
232827,63510
232827,63510
211527,50274
246858,10652
61344,30500
166029,56714
166029,34092
194229,54096
194229,54096
63873,11262
128901,57414
128901,57414
187743,1370
187743,1370
181662,1370
181662,1370
246099,56714
246099,56714
220632,1304
60870,59822
252480,1304
235335,50718
235335,30500
235335,30500
72930,35732
72930,35732
197835,57414
197835,57414
197835,57414
232065,10808
193965,39186
77484,56714
77484,56714
155556,11262
183492,1370
183492,1370
236226,62376
183492,1370
237804,11262
237804,11262
246099,1370
246099,1370
156057,11262
197529,11262
149634,11262
149634,11262
197529,11262
154032,11262
230091,11262
244287,63510
244287,63510
242151,63510
246150,57414
234030,11262
208524,57414
208524,57414
231663,11262
211527,63510
211527,50716
211527,63510
211527,63510
194229,62944
211533,62944
211533,62944
194229,62944
194229,49888
212220,59394
225501,10652
217782,50716
217782,63510
237195,1370
160770,1370
160770,1370
237195,1370
210114,1370
249930,11262
249930,11262
88920,11262
208341,10652
208341,10652
72483,10652
72483,10652
208341,10652
194904,1304
237840,61280
212574,1370
212181,11262
198552,11262
183459,11262
165717,11262
222204,1304
222204,1304
222204,1304
128901,11262
172161,35732
194601,16358
200502,11262
208761,11262
208821,11262
210978,63188
210978,63188
198945,11262
198945,11262
198945,11262
248013,1370
248013,62376
248013,1370
157767,1370
204144,11262
220269,63218
211476,11262
232269,56714
72900,30500
154797,1370
154797,1370
154797,1370
206748,30500
206940,30500
206940,30500
206748,30500
206940,50718
206940,30500
218958,50718
218958,30500
236490,1370
225669,11262
225669,11262
188331,33886
188331,33886
163044,1370
219450,1370
252774,63510
192768,63510
220170,63510
63582,63510
220170,63510
66378,63510
229521,63510
192756,63510
59703,63510
203052,63510
203052,63510
203574,63510
240990,63510
199860,63510
203127,50716
224145,63510
203889,63510
224145,63510
129153,63510
203574,63510
129153,63510
158016,63510
223554,63510
224145,63510
252375,63510
252375,63510
238377,63510
203127,63510
203502,63510
199860,63510
250629,63510
203058,63510
203889,63510
192771,63510
203889,63510
63582,63510
210846,50716
148782,63510
148782,63510
238377,63510
62817,50274
187806,63360
187806,63360
219450,11262
188937,11262
183105,54290
183105,54290
154404,11262
166437,11262
222159,1370
233970,1304
216108,1304
216108,1304
233970,1304
166995,1304
211527,124
211527,124
236226,56714
203784,1370
154827,11262
181746,1370
181746,1370
183213,57804
238878,1370
238878,1370
238878,1370
203073,1370
203073,1370
203055,1370
203073,1370
238611,1370
203055,1370
67314,1370
238611,1370
220269,63188
220269,63188
242619,11262
184113,1304
88821,1370
88821,1370
191238,1304
191238,59822
191238,1304
222159,11262
187797,1304
247374,1370
216948,1370
247374,1370
179496,59822
179496,1304
61824,57414
233040,1370
233040,1370
196845,10652
196845,10652
196845,10652
172503,11262
172503,11262
172503,11262
72930,63360
72930,63360
216822,56714
216822,56714
216822,34092
216822,56714
191247,1370
219048,11262
71271,53386
71271,53386
129264,1304
129264,1304
222894,11262
222894,11262
171372,11262
186378,11262
186378,11262
186174,54096
186174,54096
232827,30500
232827,30500
232827,30500
153150,56714
153150,56714
173940,11262
173940,11262
212220,51974
154494,11262
247956,11262
61824,63510
61824,63510
183789,11262
183789,11262
188787,63510
188787,63510
188787,63510
183573,30500
183573,30500
128685,1370
203829,63510
203829,63510
128526,1370
165750,1370
229473,11262
229473,11262
248682,11262
207828,11262
205107,11262
207828,11262
188853,1304
213102,62074
213102,62074
213102,62074
211140,50274
211140,50274
231144,30500
198882,56714
198882,56714
198882,56714
211140,60
211140,60
211140,60
249687,63188
249687,63188
60888,63510
153885,11262
153885,11262
176403,124
183105,124
212892,1370
212892,1370
188331,59396
188331,59396
188331,62274
212595,1370
158499,1370
158499,1370
212595,1370
208515,63510
208515,63510
187797,63188
187797,63188
207216,11262
211533,35846
211533,35846
228741,11262
228741,11262
183213,33886
229536,1370
157398,11262
157398,11262
157398,11262
208488,56714
208488,34092
208872,56714
208488,56714
194229,33534
194229,33534
176319,63188
176319,63188
249294,63510
249294,63510
221115,63188
129135,1304
64218,11262
235335,63510
235335,63510
204411,11262
62817,57414
210954,1370
128901,56714
128901,56714
153303,35732
153303,35732
187101,63188
187101,63188
187101,63188
197835,63188
197835,63188
154473,1370
183492,11262
183492,11262
234021,1370
234021,1370
234021,1370
207243,11262
153600,11262
242409,11262
242409,11262
251625,56714
251625,34092
251625,56714
61899,50716
61899,63510
210342,1304
210342,1304
156489,11262
220713,62378
220713,62378
220713,57414
232065,63218
176403,30500
227295,56714
227295,56714
186657,10652
195063,10652
186657,10652
207219,11262
72483,63510
72483,63510
72483,63510
208341,63510
248061,11262
251106,63188
206748,1304
206748,1304
191232,33886
232029,11262
232029,11262
242856,10652
194601,1304
235335,63360
235335,63360
250977,1304
188787,62376
188787,1370
188787,1370
211524,10652
183213,35732
183213,35732
183213,56696
183105,54096
183105,54096
176403,54096
183105,54096
153792,1370
165726,11262
248724,1370
248724,1370
154167,1304
183387,56714
187224,11262
67764,11262
183576,1304
183576,59822
227988,11262
227988,11262
174468,30500
174468,30500
174468,30500
243408,11262
208473,11262
154707,56714
154707,56714
154707,56714
238293,10652
192564,50274
205959,11262
205959,11262
60888,57414
60888,57414
176403,35732
176403,35732
129264,11262
184950,50718
184950,30500
184950,50718
209622,1370
209622,1370
203700,57414
194883,33886
197529,1370
197529,1370
238878,1304
238878,1304
238878,1304
237195,11262
160770,11262
160770,11262
199242,63188
205191,62170
199242,63188
205191,63188
205191,63188
199242,63188
71271,62944
71271,62944
71271,49888
242556,30500
242556,30500
225393,63186
233163,56696
247983,62074
206361,62074
251442,33886
251442,33886
249342,56714
249342,56714
235335,10652
235335,10652
223776,1370
186942,1304
186942,1304
234864,11262
217782,10808
217782,10808
186384,63188
186384,63188
172161,30500
172161,30500
172161,30500
181101,57414
198981,1370
198981,1370
198981,1370
211527,63186
183489,10652
183489,10652
183489,10652
66465,1304
212721,11262
212721,11262
220011,11262
212688,62376
213102,10652
213102,10652
213102,10652
65640,11262
211815,1304
211815,1304
211815,1304
222906,11262
206346,1304
231057,1304
231057,1304
231057,59822
231057,1304
206346,1304
206346,1304
208449,1304
251619,124
162810,61280
181149,11262
181149,11262
166005,11262
221526,11262
208491,11262
157500,57414
157500,57414
248301,11262
248301,11262
248301,11262
208872,1370
208872,1370
155106,1370
232065,51974
205659,11262
183813,57414
223968,57414
223968,57414
157767,63510
157767,63510
157224,11262
213885,35732
213885,35732
186174,50274
199854,10652
211476,56714
211476,34092
211533,63218
211533,63218
194229,63218
211533,63218
194229,63220
194229,63218
189012,11262
189012,11262
157224,1370
157224,62376
157224,1370
211533,57414
211533,62378
211533,57414
208899,11262
208584,11262
201837,11262
211542,11262
247986,56714
247986,56714
231876,56714
231876,56714
231876,56714
183573,63510
183573,50716
220713,63188
220713,62170
153150,1304
153150,1304
228729,11262
216948,59822
247374,1304
247374,1304
250977,1370
176403,62074
206940,1304
206940,59822
187974,1304
165684,1304
223518,11262
203232,11262
223518,11262
192159,11262
192159,11262
203673,1370
203673,1370
232065,59822
171939,11262
171939,11262
234093,62378
234093,57414
210393,62378
203106,62378
210393,57414
203106,57414
210393,57414
234093,57414
242430,1370
242430,62376
242430,1370
190776,56714
190776,56714
67371,62376
154881,1370
154881,1370
154881,1370
187221,1304
187962,11262
187962,11262
242619,1370
242619,1370
194229,57414
194229,57414
194229,57414
200964,35732
200964,35732
162810,35732
162810,35732
208518,1304
62817,63188
188343,1370
188343,1370
220632,1370
220632,1370
59700,1370
129135,63188
129135,62170
129135,63188
129135,63188
153888,11262
241389,11262
229977,11262
182565,57414
182565,57414
77484,57414
77484,57414
153720,1370
187806,39186
187806,39186
244404,63188
244404,63188
192300,1370
206868,63188
206868,63188
206868,63188
153084,11262
208812,1304
208812,1304
206304,1370
206304,1370
206304,1370
194883,35732
128334,11262
128334,11262
128334,11262
206748,63510
206940,63510
206748,50716
210342,63188
210342,63188
242151,56714
242151,56714
66843,10652
66843,10652
66843,10652
165717,1370
253146,62376
165717,1370
165717,1370
164661,59822
164661,1304
247989,1370
247989,62376
247989,1370
183105,33886
183105,33886
183105,33886
183105,63538
249486,56714
249486,56714
128538,11262
128538,11262
225393,30500
154119,11262
154119,11262
186951,1370
186951,1370
186951,1370
188331,36720
188331,36720
63867,11262
162810,62274
222750,11262
197676,11262
197676,11262
183105,36720
183105,36720
207339,11262
252081,11262
207339,11262
160029,11262
209622,35846
65631,1370
212775,1370
204780,11262
72645,11262
209622,39186
157500,63188
157500,63188
162810,57414
71271,39186
71271,39186
208524,30500
208524,30500
197286,33886
197286,33886
25749,50274
25749,50274
212442,10652
252210,11262
194883,50274
184104,1370
25749,124
25749,124
71271,48298
71271,48298
60888,63188
187707,54096
154494,1370
154509,11262
154509,11262
221409,1304
162810,63510
242388,10652
242388,10652
206868,57414
206868,57414
77484,10652
77484,10652
157500,56714
157500,56714
244731,63418
244731,39186
244731,39186
158274,11262
183105,63218
249567,1304
249567,1304
249567,1304
161208,1304
208482,11262
208482,11262
208482,11262
212430,57414
212430,57414
249633,16358
249633,16358
172695,1370
172695,1370
191226,62378
203733,11262
218061,11262
218061,11262
153381,1370
159033,1370
183213,63360
183213,63360
210168,57414
210168,57414
71271,11490
229527,56714
172161,57414
172161,57414
232065,59394
211476,1370
211476,1370
244287,59396
244287,59396
183213,61280
210141,11262
220269,35846
154707,1370
154707,1370
154707,62376
154707,1370
183666,11262
197802,56714
209697,11262
209697,11262
198792,56696
242439,1370
242439,1370
251625,30500
251625,10652
203178,1370
203178,1370
229737,1370
208449,63188
172419,56714
172419,56714
172419,56714
247986,10652
241329,11262
153204,11262
241329,11262
153204,11262
219048,56714
219048,56714
219048,34092
227115,1304
205662,1304
205662,1304
205665,1304
210678,1304
237300,1304
237300,1304
210678,1304
183489,59396
178830,59396
183489,59396
178830,55798
198867,1370
198867,1370
198867,1370
188196,1370
188196,1370
188196,1370
153438,11262
153438,11262
153438,11262
176319,57414
176319,57414
64299,1370
64299,1370
188685,1370
188685,1370
192627,1370
172419,1370
172419,1370
162810,63186
201798,1370
201798,1370
250020,11262
96444,11262
250668,11262
154113,1304
223968,11262
223968,11262
223968,11262
234297,34092
234297,56714
204795,56714
204795,34092
203724,56714
203724,56714
204795,56714
232455,11262
193965,62944
231057,10652
204057,1370
249513,11262
212301,1304
206799,1304
203871,1370
204780,1370
204780,1370
72645,1370
203241,11262
203145,11262
203145,11262
210627,57414
239556,56714
239556,56714
239556,34092
165744,11262
188700,11262
188700,11262
165744,11262
252618,11262
210876,11262
210876,11262
72900,57414
72900,57414
72900,57414
212220,59396
198981,57414
198981,57414
77484,33886
77484,33886
183195,10808
66843,54096
164064,1304
164064,1304
164064,1304
248301,56714
248301,56714
248301,56714
209829,1370
209976,1370
209976,1370
209829,1370
209829,1370
123150,1304
243789,11262
173796,11262
157224,1304
157224,1304
194208,1304
206358,1304
192564,16358
183195,54096
72558,57414
72558,57414
247989,11262
248061,1370
248061,1370
203646,1370
188637,1370
194601,30500
212430,63188
212430,63188
247632,1370
157500,1304
157500,1304
195582,1370
192714,1370
192714,1370
203082,1370
203082,1370
183105,16358
183105,16358
227616,11262
227616,11262
227829,11262
195447,11262
227829,11262
227829,11262
195447,11262
206850,11262
241329,1370
153204,1370
241329,1370
153204,1370
241329,1370
181593,1304
159033,1304
181593,1304
219048,63188
72558,1370
72558,1370
66843,39186
174087,11262
194229,50274
210393,1370
210393,1370
167364,61280
167364,61280
77484,1370
77484,1370
206364,1304
248724,11262
248724,11262
244380,56714
176319,1304
247974,11262
247974,11262
220269,1304
72930,54096
153024,1370
153024,1370
244380,62074
183492,57414
183492,57414
183492,57414
236226,57414
244173,1304
198801,1304
211413,1304
211413,1304
212526,1304
238032,10652
172503,1370
172503,1370
172503,1370
229539,56714
229539,56714
72483,56714
208341,56714
208341,56714
72483,56714
208341,56714
72483,56714
208341,34092
207243,1370
208479,11262
208479,11262
164541,11262
203820,1304
203820,1304
192735,1370
161283,11262
249081,1370
210141,1370
210141,1370
183450,11262
212595,30500
212595,30500
158499,30500
212595,30500
244287,1304
210141,1304
209697,1304
223968,63188
211047,11262
211047,11262
211047,11262
59700,11262
59700,11262
234093,30500
210393,30500
234093,30500
195507,11262
203706,11262
195507,11262
203532,11262
212337,11262
203532,11262
212337,11262
211524,30500
206496,11262
206496,11262
206496,11262
161208,11262
249567,11262
161208,11262
206979,50718
206979,30500
208566,11262
208566,11262
208566,11262
194904,63188
172590,1370
172590,1370
238293,63510
165786,11262
206955,11262
196302,11262
194904,61280
194904,61280
234030,34092
210615,34092
235932,11262
207084,1304
207084,1304
207084,1304
166029,1304
211965,30500
208515,50718
203517,1370
203517,1370
198855,59822
233091,1304
233091,1304
207222,56714
207222,56714
207222,56714
157500,1370
157500,1370
25749,54096
25749,54096
25749,54096
244731,61280
157236,1370
249567,1370
161208,1370
249567,1370
166128,63188
203460,1370
203460,1370
209796,1370
244287,57804
172161,63510
172161,63510
172161,63510
199479,11262
210171,11262
211047,1370
211047,1370
196845,1304
196845,1304
196845,1304
184485,1304
247029,11262
237252,11262
72900,1370
72900,1370
72900,62376
174087,1370
174087,1370
153084,1370
153084,1370
191226,62170
191226,63188
191226,63188
183213,63218
183213,63218
183213,63218
198210,11262
198210,11262
207366,1304
207366,1304
158610,1304
251235,11262
197673,63510
251829,63510
186987,1304
186987,1304
61692,10652
224526,11262
252696,11262
211236,11262
220269,63136
243390,11262
174468,57414
174468,57414
162810,10652
178458,54096
178458,54096
206361,11262
247983,11262
243546,11262
72561,1370
208812,11262
208812,11262
208536,1304
208536,1304
237765,1304
244878,1304
238689,1304
238689,1304
161526,57414
220269,30500
247002,62274
247002,59396
215298,63188
251643,1304
154956,11262
248064,11262
228741,62378
196845,50274
196845,50274
242856,50274
212442,1304
212442,1304
212442,1304
194904,57414
154494,1304
176403,51974
176403,51974
233970,35732
216108,35732
166995,35732
166995,35732
166995,35732
216108,35732
203796,1304
203796,1304
238263,1304
238263,1304
238263,1304
222438,1370
204768,1304
204768,1304
204093,11262
204093,11262
154098,11262
213885,63538
72108,1304
72108,1304
72108,1304
212220,54290
252480,1370
203775,1370
203775,1370
158274,1370
203775,1370
246963,56714
230091,59396
224169,10652
224169,10652
184113,57414
184113,57414
25749,59396
25749,59396
250221,1304
230028,1304
250221,1304
230028,59822
211965,56714
211965,56714
211965,56714
211965,34092
211476,57414
206346,57804
222159,1304
224841,11262
128526,34092
128526,56714
128526,56714
247548,1370
211527,62074
158742,1370
158742,1370
205353,1370
205353,1370
62817,10652
154713,35732
231102,1370
241824,1370
241824,1370
153402,11262
153402,11262
250782,11262
207498,1370
68676,1370
68676,1370
68676,1370
155403,1370
208806,1304
208806,1304
208506,1304
208500,1304
208806,1304
208506,1304
208893,1304
195372,56714
204795,11262
203724,11262
62337,11262
62337,11262
209796,56714
210978,56714
210978,56714
212442,30500
212442,30500
245976,11262
245976,11262
227292,39186
238536,62378
238536,57414
238536,57414
204480,1370
219030,1370
204480,1370
229536,62378
187806,63538
203700,10652
72918,1304
185067,11262
178068,11262
210051,1370
210186,57804
238293,62376
162603,11262
184950,56714
184950,56714
225480,1370
205659,1370
211527,1370
162957,11262
183492,56714
183492,56714
183492,56714
154518,1304
154518,59822
154041,11262
187395,11262
220728,56714
220728,56714
160770,57414
237195,57414
237195,57414
212220,124
251766,11262
251766,11262
251619,63510
251619,63510
251619,63510
154041,1370
154041,1370
154041,62376
183387,10652
183387,10652
217848,1304
217848,1304
165045,56714
60888,35732
60888,35732
189045,11262
189045,11262
189045,11262
234030,30500
183468,11262
183468,11262
249513,56714
60888,30500
60888,30500
60888,30500
184113,63188
184113,63188
211473,57414
211473,57414
182292,1370
182292,1370
71274,51974
181746,11262
183813,11262
202959,56714
202959,34092
202959,56714
202959,56714
206868,30500
158499,1304
158499,1304
212595,1304
211527,39186
249081,1304
188343,1304
188343,1304
64734,1370
64734,1370
64734,62376
211473,63188
211473,63188
181371,1370
221331,62376
221331,1370
203661,11262
184488,1304
225672,1370
225672,1370
227238,11262
227238,11262
241389,1304
241389,1304
210690,11262
208572,11262
206856,1304
206856,1304
206787,1304
206958,1304
61977,1304
206787,1304
189012,1370
212220,30500
206376,1370
210408,1370
210408,1370
177903,1370
177903,1370
25749,35732
25749,56696
25749,35732
244731,63188
244380,1304
244380,1304
225393,1304
198279,35732
198279,35732
186990,1370
186990,1370
186990,62376
251625,63510
178830,63360
186933,63186
211527,33886
211527,33886
211527,33886
211527,63538
181593,56714
181593,56714
203790,63510
206823,1304
250275,1304
250275,1304
207267,59822
207102,1304
207102,59822
249216,1304
207267,1304
249216,1304
220713,56714
220713,56714
206346,30500
231057,30500
251619,50272
251619,59394
251619,59394
155337,11262
204222,11262
155337,11262
155337,11262
66777,56714
66777,56714
66777,56714
206427,56714
206427,56714
206427,56714
177951,1370
154485,62378
154485,57414
154485,57414
154485,57414
203517,1304
165717,30500
165717,30500
191247,30500
191247,30500
183459,50718
191247,50718
198552,30500
165717,30500
236115,56714
157500,63510
225501,63510
225501,63510
232269,10652
220269,49888
172419,63188
25749,62074
25749,62074
25749,62074
196845,63188
196845,63188
196845,63188
207387,1304
188787,10652
212892,57414
212892,57414
204657,10652
204657,10652
206418,56714
206418,56714
206418,56714
206418,34092
206376,10652
206376,10652
155481,1304
212220,54096
212220,54096
249855,11262
248796,30500
238263,11262
224841,1304
222894,1370
222894,1370
197286,50274
197595,1304
157185,1304
229620,1304
229620,1304
229620,59822
197286,57414
197286,62378
197286,57414
197286,57414
224169,56714
224169,56714
183573,56696
211140,36720
211140,36720
71274,1304
200964,50274
165312,1370
209622,63510
183492,63188
183492,63188
236226,62170
183492,63188
166128,30500
166128,30500
166128,50718
242415,11262
242415,11262
210186,63186
211407,33886
211407,33886
164007,1370
164007,1370
164007,1370
231459,1370
231459,1370
203868,1370
71274,63360
162810,54096
249513,63510
219048,57414
219048,57414
203670,1370
61908,1370
61908,1370
198057,1370
61908,1370
203670,1370
203670,1370
66918,1304
203151,1370
203151,1370
187659,56714
231282,11262
231282,11262
244731,30500
244731,30500
250977,57414
250977,62378
243408,1370
243408,1370
162603,1304
162603,1304
72561,11262
72561,11262
153279,59822
153279,1304
153279,1304
243789,63510
240912,62376
240912,1370
240912,1370
212445,56714
25749,61280
25749,61280
153315,1370
188961,1370
153315,1370
188961,1370
154707,63188
154707,63188
154707,63188
230604,1370
230604,1370
186378,56714
221331,63510
192300,59822
203796,56714
203796,56714
153312,11262
153312,11262
186078,1370
186078,1370
198873,56714
210813,1304
206787,62074
206856,62074
206856,62074
206856,62074
192564,1304
192564,1304
192564,59822
166128,57414
166128,57414
231900,11262
246216,11262
211989,11262
207390,11262
176403,53386
183105,53386
203445,63510
203268,63510
206076,63510
203256,63510
207387,11262
154485,63188
154485,62170
251442,39186
251442,39186
251442,39186
65631,1304
65631,1304
175266,1304
175266,1304
157398,1304
157398,1304
212256,1304
153867,1304
153867,1304
210627,1304
207243,56714
207243,56714
181101,63188
181371,1304
161403,56714
161403,56714
229473,1370
229473,1370
203133,57414
71274,54290
198981,11262
216822,10652
216822,10652
183666,1370
183666,1370
207927,1370
207927,1370
207927,1370
174513,1304
249795,11262
231057,62376
206346,1370
206346,1370
206346,1370
231057,1370
206748,33886
206748,33886
244680,1304
244680,1304
244680,59822
179496,63188
248796,63510
248796,63510
209793,56714
249633,10652
153150,63188
153150,63188
187707,10652
183387,30500
183387,30500
156057,63360
211524,59822
211524,1304
238293,50274
163131,56714
205947,1370
205947,1370
248250,1370
203241,62376
203145,1370
203241,1370
248250,1370
205947,1370
203145,1370
203145,1370
248250,1370
217782,124
217782,124
71274,39186
71274,39186
226140,11262
183105,63360
183105,63360
201564,57414
203295,62378
203295,57414
203295,62378
246627,57414
246627,57414
246627,62378
203295,57414
246627,62378
203301,57414
203301,57414
246627,57414
250362,1370
195507,1304
195507,1304
203532,1304
203706,1304
206625,1304
206637,1304
206637,1304
206637,1304
244731,1370
184698,63188
184698,63188
184698,63188
203700,63510
242856,63510
203700,63510
203700,63510
245631,11262
231144,10652
209799,63188
183213,39186
183213,39186
63873,1304
61344,63510
194883,62944
210000,1370
210000,1370
210000,1370
252210,1304
129204,1304
208479,1304
157680,1304
157680,1304
129204,1304
183645,1370
223776,63188
251442,57414
251442,62378
160029,63510
250947,63510
250947,63510
160029,63510
248373,63510
199044,57414
25749,62944
25749,62944
206481,30500
206481,30500
206481,30500
178257,1304
178257,1304
197595,11262
157185,11262
56871,1370
206346,63510
231057,50716
230178,11262
244158,1304
154041,1304
203259,63510
223518,1370
203232,1370
192159,1370
192159,1370
192159,62376
192159,62376
187806,35732
187806,35732
187806,35732
172161,10652
188730,62378
187734,57414
187734,57414
188730,57414
154011,57414
211950,63510
211950,63510
216123,1370
216123,1370
69060,1370
69060,1370
69060,1370
206514,11262
206484,11262
206484,11262
183576,56714
188844,1370
188844,62376
188844,1370
187806,54290
187806,54290
249633,35846
208488,63510
208872,63510
153150,11262
229620,30500
223968,56714
223968,56714
188787,11262
188787,11262
241305,11262
236226,63510
235335,33886
235335,33886
235335,33886
62817,63510
248202,30500
210978,63510
210978,63510
212220,36720
203259,62074
251625,57414
209970,62376
211140,10808
211140,10808
220269,36720
202959,11262
182565,63188
203784,57414
128502,63510
128502,63510
203082,11262
154881,1304
154881,1304
217782,30500
217782,30500
183387,57414
183387,57414
197799,63510
211638,1304
211638,1304
203796,63510
211524,33886
248301,62378
248301,57414
248301,57414
25749,63360
238875,1370
238875,1370
64734,11262
229536,63188
236775,11262
236775,11262
230331,11262
188787,63188
188787,63188
238293,56714
238293,56714
248706,11262
194883,63218
177903,11262
177903,11262
172008,34092
154758,11262
184635,1370
204228,1370
184635,1370
248301,63188
207927,11262
207927,11262
71274,3382
155106,11262
212430,30500
205959,1370
205959,1370
161403,63188
154665,62170
154665,63188
176472,63188
176472,63188
206439,30500
206439,30500
194790,1304
177903,1304
177903,1304
203328,1304
247002,30500
239556,57414
204657,63188
204657,63188
63867,1370
63867,1370
232065,54290
244731,57414
183813,63188
252177,63510
166005,1304
166005,1304
218061,62376
218061,1370
218061,1370
203733,1370
234156,1370
223071,59822
192564,57414
192564,57414
178068,1370
233559,1370
233559,1370
222669,56714
222669,56714
192300,63188
154707,57414
62337,36720
207222,62376
207222,1370
246858,33886
206979,59822
206979,1304
64272,1304
64272,1304
247002,39186
242439,1304
242439,1304
157416,1304
201852,62376
201852,1370
176403,36720
165786,1370
165786,1370
182442,1370
165786,62376
157767,1304
242556,56714
242556,56714
242556,56714
229341,59822
229341,1304
225393,16358
187707,39186
71271,63220
246720,1304
246720,1304
242439,11262
242439,11262
154890,33886
154890,33886
232068,56714
232068,56714
171939,1370
171939,1370
171939,1370
203178,11262
225396,1370
154245,1304
204141,1370
204141,1370
204141,1370
208599,62944
183387,63188
183387,63188
242409,1370
242409,1370
242409,1370
197799,1304
128469,11262
128469,11262
128469,11262
242856,57414
203829,30500
201030,30500
233970,56714
166995,34092
166995,56714
166995,56714
166995,56714
223104,30500
223104,30500
238068,1370
211761,1370
238068,1370
211761,1370
65640,1370
65640,1370
154035,1370
65640,62376
154035,1370
65640,62376
247989,63188
185067,59822
185067,1304
185067,1304
185067,1304
188106,1370
188106,62376
161403,57414
161403,57414
184950,57414
238875,11262
217782,63186
158658,11262
167136,11262
167136,11262
158658,11262
231909,1370
198573,1370
208488,63188
192564,30500
192564,30500
154707,50718
154707,50718
154707,50718
204189,34092
217848,1370
217848,1370
183213,36720
203460,1304
227988,1304
227988,1304
210186,50718
210186,30500
204519,62170
204519,63188
66465,57414
66465,57414
184635,11262
244731,56714
244731,56714
154032,62376
195063,39186
186657,39186
186657,39186
205740,11262
209829,11262
209976,11262
154068,1370
208566,1304
208566,1304
241203,1304
251382,1304
186933,35732
238293,63188
128469,1370
128469,1370
251619,62944
205191,30500
205191,30500
199242,30500
203133,63510
203133,63510
208524,1370
211812,56714
232269,1304
244380,10652
215298,56714
215298,56714
212775,1304
172419,10652
224211,1370
224211,1370
157500,10652
128502,63418
128502,39186
188331,53386
188331,53386
188331,53386
204057,1304
227343,1370
227343,1370
211386,1370
211386,1370
186942,1370
153312,1370
153312,1370
153312,62376
214998,56714
167571,1304
246711,10652
154665,57414
154665,57414
196722,63510
212112,50716
196722,63510
212112,63510
203274,50716
187962,50718
187962,50718
251610,1370
251610,1370
61902,1370
251610,62376
154476,1370
251610,62376
154476,1370
154476,1370
61902,1370
198981,56714
198981,34092
198981,56714
181149,1370
181149,1370
198873,11262
206481,63510
206481,50716
206481,63510
206481,63510
250221,1370
250221,1370
175266,1370
175266,1370
175266,1370
68496,1304
68496,1304
77484,63188
211413,30500
66843,61280
213114,1304
241026,1304
213114,1304
241026,1304
191232,39186
183675,62376
183675,1370
165687,1370
194904,63360
194904,63360
247632,63188
217782,63418
250434,33886
198279,63510
198279,63510
183789,62376
183789,1370
227295,62378
203388,11262
154146,62376
208788,30500
227310,30500
203133,30500
203133,30500
203133,50718
153756,1370
153756,1370
210000,11262
210000,11262
153279,11262
153279,11262
154770,1370
154578,11262
206673,1304
159033,56714
159033,34092
200964,33886
215112,11262
210627,63188
128334,1370
128334,1370
128334,1370
249297,11262
204228,11262
206772,1304
210234,63510
242388,63510
242388,63510
154011,56714
154011,56714
188730,56714
154011,56714
188730,56714
188730,56714
187734,56714
187734,56714
212220,63186
212220,63186
204657,50716
204657,63510
195249,62376
195249,1370
195249,1370
195249,1370
204759,1370
233961,1370
233961,62376
232029,1304
153381,56714
72108,11262
72108,11262
187962,1370
249063,56714
249063,56714
212220,56696
212220,35732
212220,35732
214968,50718
214968,30500
210834,62074
204762,62074
233091,1370
235299,11262
203736,1370
203736,1370
217848,10652
154956,1370
154956,1370
226623,11262
189045,57414
189045,57414
211344,34092
211344,56714
186882,56714
186882,56714
206772,62074
206772,62074
223530,63510
223530,63510
211047,57414
232035,57414
232035,57414
206748,39186
206748,63418
72918,1370
72918,1370
72918,1370
183387,35732
183387,35732
183387,35732
231282,63510
196302,59822
206955,1304
206955,1304
154578,1304
203133,56714
203133,56714
203133,56714
172419,57414
172161,63188
172161,63188
172161,62170
172161,63188
208524,56714
153792,63188
153792,63188
62337,10808
62337,10808
217782,63218
239556,30500
239556,30500
236655,1370
236655,62376
224631,1370
153315,11262
153315,11262
211527,54096
211527,54096
206412,1304
206412,1304
206412,1304
212433,1304
63876,1304
195378,1304
163101,50718
163101,30500
163101,30500
210981,30500
201282,62376
207387,1370
207387,1370
207387,1370
223728,56714
223728,56714
208692,34092
208692,56714
208692,56714
226662,1370
226662,1370
226662,1370
64218,1370
203151,11262
207222,1304
207222,1304
194601,50274
153438,1370
155271,1370
155271,1370
128502,49888
128502,62944
128502,62944
194409,11262
188331,63218
188331,10808
188331,10808
188331,10808
72558,63510
67056,1304
210120,1370
210120,1370
251106,56714
251106,34092
249687,56714
251106,56714
249687,56714
251106,56714
239577,63188
213978,57804
212232,11262
197286,10652
230010,11262
252396,1304
227295,63188
251619,59396
251619,59396
128538,56714
71766,63510
207387,56714
207387,34092
167316,10652
223782,1304
223782,1304
183459,10652
191247,10652
253146,10652
206304,1304
222204,57414
222204,57414
222204,57414
187743,57414
214968,1370
214968,1370
214968,1370
184950,63188
184950,63188
61692,63188
61692,63188
211527,51974
211641,30500
206412,30500
153084,1304
231057,36720
238887,11262
219381,11262
238887,11262
207222,63188
198981,63510
210981,1370
210981,62376
210981,1370
210981,62376
238032,50716
194601,63188
194601,63188
181371,57414
211533,33534
211533,33534
237252,1370
237252,1370
237252,1370
177921,1370
177921,1370
153402,1304
153402,1304
250782,1304
242442,34092
242442,56714
172590,1304
172590,1304
194904,54096
178458,50274
178458,50274
178458,50274
219132,1304
219132,59822
249342,30500
249342,30500
198801,56714
249930,56714
249930,34092
249930,56714
165312,11262
129264,57414
206979,57414
206979,57414
181101,34092
181101,34092
181101,56714
181101,56714
207618,57414
211950,56714
181101,30500
208797,34092
208797,56714
25743,57414
25743,57414
25743,57414
209622,124
244278,56714
211815,56714
211527,63218
211527,63218
207216,1370
65640,63188
65640,63188
208518,50718
157767,56714
194601,54290
194601,54290
236490,1304
194883,124
194883,124
210615,11262
212430,56696
212430,35732
212430,35732
211524,62944
204189,35846
207600,1370
206940,63188
206748,63188
206748,63188
203439,62074
203439,62074
203439,62074
154077,11262
154077,11262
220728,62074
157767,30500
211812,1370
176403,16358
176403,16358
212442,63510
211950,62074
211950,62074
215985,33886
234021,30500
238068,30500
238068,30500
238068,30500
220728,63510
220728,63510
192300,11262
192300,11262
162603,62376
162603,1370
162603,1370
194601,63186
185067,1370
185067,1370
185067,1370
194208,1370
206358,1370
206358,1370
206355,1370
206355,1370
206358,1370
206358,62376
206625,1370
194208,1370
188100,1370
188100,1370
188100,1370
199854,56714
207084,62074
207084,62074
207084,62074
219231,11262
219231,11262
219231,11262
61482,50274
247989,57414
247989,57414
220269,54290
246150,56714
246150,56714
247632,57414
224526,1370
224526,1370
182292,1304
182292,59822
209622,30500
206346,57414
231057,57414
231057,57414
206346,57414
206346,57414
251643,1370
251643,1370
246216,59822
246216,1304
200508,1304
200508,1304
211989,1304
203727,1304
211989,1304
189009,62376
189009,1370
209976,56714
209976,56714
71271,61348
71271,61348
183912,1370
183912,1370
183675,1304
165687,1304
165687,1304
179838,1304
183675,1304
251619,63218
251619,63218
223968,10652
195723,57414
129264,62074
180495,1370
180495,1370
209622,56714
209622,56714
225351,1370
68496,1370
225351,1370
68496,1370
225351,62376
68496,62376
248796,61280
248796,61280
208350,11262
66465,1370
66465,1370
66465,62376
186447,57414
231900,1370
231900,1370
153720,63188
153720,63188
203796,30500
203796,30500
195723,30500
195723,30500
220269,63538
220269,33886
220269,33886
154803,1370
154803,1370
154803,1370
181860,63188
223104,1370
223104,1370
211524,39186
223776,57414
60888,39186
232455,56714
232455,34092
224169,63510
224169,63510
189045,63188
189045,63188
189045,63188
71409,1370
212430,10652
198573,10652
217782,62944
217782,62944
251106,1304
242856,16358
234021,33886
65328,11262
208788,62378
227310,57414
208788,57414
206427,30500
165045,57414
183450,62376
174195,1370
233163,30500
208476,1304
208485,1304
208722,59822
208503,1304
251631,1304
208485,1304
205905,1370
172419,35732
211524,62074
211524,62074
211527,63188
211527,63188
176403,63186
153885,1370
153885,1370
153885,1370
221331,61280
204057,57414
206376,30500
206376,30500
206376,50718
164871,1370
217848,62074
209796,57414
203199,1304
163131,10652
194601,50272
165684,1370
187974,1370
206955,62074
60864,1304
60864,59822
203790,11262
204519,57414
206940,56714
206940,56714
206748,56714
206748,56714
172503,57414
172503,57414
216948,56714
247374,56714
216948,34092
216948,56714
247374,56714
2061063,1304
154032,1304
153303,39186
210627,11262
198867,33886
198867,33886
198867,33886
220011,57414
212721,50274
212721,50274
228438,11262
247548,1304
247548,1304
211524,57414
211524,57414
206943,63538
206943,33886
212721,56714
213114,62074
194601,124
66879,1370
66879,1370
203829,56714
203829,56714
203829,56714
206943,59822
206943,1304
211524,1370
153204,57414
153204,57414
153204,57414
241329,57414
153204,62378
241329,57414
222204,63188
186933,57414
128526,10652
155055,1370
212442,33886
212442,33886
71301,11262
71301,11262
71301,11262
128526,50274
233559,1304
139272,1304
139272,59822
207156,1304
206745,1304
171372,1370
227343,57414
227343,57414
242856,1304
244380,30500
207999,11262
207999,11262
244287,62944
244287,62944
244287,62944
172587,11262
171702,11262
191556,11262
153024,62378
154476,59822
251610,1304
154476,1304
154476,1304
164064,62378
164064,57414
164064,57414
247374,57414
247374,57414
247374,57414
249216,1370
206823,1370
249216,1370
207102,1370
210843,1370
206823,1370
207366,1370
207366,1370
206991,1370
210843,1370
249216,62376
206346,63188
208341,1304
246720,1370
246720,1370
246720,1370
59700,57414
207222,62378
207222,57414
243927,63188
243927,63188
201852,63188
180495,11262
250947,11262
248373,11262
210234,30500
242388,30500
210234,50718
210234,30500
212220,63538
72483,30500
72483,30500
72483,50718
188637,62378
188637,62378
188637,57414
188637,57414
181371,63188
181371,63188
232068,11262
232068,11262
215298,57414
215298,57414
215298,62378
176472,57414
176472,57414
222306,30500
203310,50718
203316,30500
203322,30500
222306,30500
187797,62074
187797,62074
154797,57414
154797,57414
154797,57414
236520,57804
188637,63188
184509,1370
244404,34092
206496,56714
206496,56714
236520,36720
236520,36720
212220,53386
251493,62074
251493,62074
206664,62074
238572,62074
243927,10652
198882,30500
208794,35846
188844,56714
155556,56714
187707,30500
66465,11262
66465,11262
242412,1304
212571,1304
232068,62376
232068,1370
232068,1370
212595,56714
212595,56714
158499,56714
243927,56714
243927,56714
243927,56714
211527,62944
211527,62944
154707,63510
71766,1304
71766,1304
71766,59822
214506,1304
196845,39186
196845,39186
196845,39186
153204,63188
187224,1370
67764,1370
187224,62376
217002,56714
217002,56714
230091,63510
230091,63510
61899,39186
61899,39186
183666,62378
155556,57414
155556,57414
191451,11262
188730,63188
154011,63188
154011,62170
188730,63188
187806,63218
223071,1370
223071,1370
237195,63188
160770,63188
160770,63188
210114,63188
210114,63188
237195,63188
162810,50274
252405,1370
207240,1370
204189,1370
251643,57414
198882,62378
198882,57414
198882,62378
163377,1370
163377,1370
164970,1370
61824,56714
61824,56714
208116,62074
203445,62074
203445,62074
203268,62074
192564,33886
192564,63538
192564,33886
204093,59822
204093,1304
212220,63218
212220,63218
159027,1304
208545,1304
211542,1304
159027,1304
201837,1304
210129,1304
251721,59822
208899,1304
210129,1304
208584,1304
201837,1304
208584,1304
205188,1304
251721,59822
165927,1370
165927,1370
165927,62376
231057,33886
206346,33886
206346,63538
206346,33886
232269,63510
248202,62074
248202,62074
186378,16358
186378,16358
229527,1370
229527,1370
248373,30500
248373,30500
250947,30500
250947,30500
154713,56714
154713,34092
206664,1304
206928,1304
206667,1304
206667,1304
206670,1304
206670,1304
206670,1304
238572,1304
252177,1370
252177,1370
191247,56714
191247,56714
236520,62170
153084,57414
162810,124
199854,39186
251643,63188
212301,62074
201030,57414
201030,62378
208518,63510
184950,62074
244446,11262
182565,30500
182565,30500
182565,30500
204519,56714
173796,57414
173796,57414
232035,30500
210954,1304
210954,59822
203829,10652
203829,10652
156057,63418
229977,56714
203259,57414
251442,59396
212448,1304
212448,1304
217002,30500
250653,50716
250653,63510
212211,56714
172008,62376
225351,57414
68496,57414
68496,57414
163101,10652
204522,1370
204522,1370
251610,11262
61902,11262
251610,11262
210978,50718
210978,30500
129135,63510
209184,1370
209799,10652
232269,30500
61344,33886
232269,57414
209154,1304
207996,56714
207222,61280
187650,1304
203178,57414
206847,11262
56871,59822
56871,1304
157416,11262
219450,63188
181149,57414
247974,1370
247974,1370
218958,63188
218958,62170
204243,1370
204243,1370
204243,62376
206412,56714
206412,56714
206412,56714
211641,56714
208872,63188
204054,1370
230331,1370
230331,1370
230331,1370
230331,62376
205353,1304
205353,1304
207999,1304
204057,11262
204057,11262
165717,1304
165717,1304
183459,1304
253146,1304
128526,63510
128526,63510
246711,35732
246711,56696
203820,34092
203820,56714
203820,56714
178830,30500
178830,30500
178830,30500
247983,1304
206361,1304
243546,1304
198981,63188
198981,63188
198981,63188
198981,62170
208599,35846
206376,63510
227343,63188
203199,1370
220269,54096
239247,1370
239247,1370
187650,1370
187650,1370
230028,30500
230028,30500
250221,30500
167364,35732
249081,62170
203142,11262
242619,56714
242619,56714
201852,1304
201852,1304
207498,62170
207498,63188
246627,34092
201564,56714
246627,56714
201564,56714
246627,56714
201564,56714
246627,34092
163131,35732
163131,35732
234297,10652
154167,63510
154167,63510
166995,57414
166995,57414
206427,1370
206427,1370
66918,11262
154881,57414
154881,57414
166128,63510
234093,56714
234093,56714
210393,56714
197673,30500
227343,1304
65598,10808
166599,11262
166599,11262
198279,10652
198279,10652
236520,60
236520,60
66465,56714
66465,56714
210978,57414
153402,1370
250782,1370
163101,57414
210981,57414
210981,57414
163101,57414
210981,57414
163101,57414
242151,30500
242151,30500
250947,56714
250947,56714
250947,34092
173796,1304
187806,62074
232068,1304
187707,62944
223071,56714
201852,63510
201852,63510
234864,1370
234864,62376
234297,30500
234297,30500
225393,63418
225393,39186
186933,62274
186933,59396
183489,39186
183489,39186
174195,1304
174195,1304
71766,1370
71766,1370
71766,62376
249294,11262
240939,56714
162810,59394
247989,1304
247989,1304
211632,1304
219456,1304
219456,59822
219456,1304
203388,1304
243789,56714
231282,56714
231282,56714
60888,63360
60888,63360
183492,63510
183492,63510
238536,63188
238536,63188
238536,63188
210813,30500
244287,63418
209793,1304
206697,1304
209793,1304
154740,1304
154743,1304
188844,30500
188844,30500
25749,63136
204228,59822
204228,1304
196845,30500
196845,30500
244287,30500
210051,11262
161787,63188
161787,63188
205959,1304
198801,1370
238536,1370
238536,1370
238536,1370
188331,62944
207222,50274
236226,30500
236226,30500
179496,63510
154821,62378
188787,57414
225501,63188
209796,63188
209796,63188
231225,1370
231225,1370
231225,1370
207996,1370
207996,1370
207996,1370
238689,57414
238689,57414
208536,57414
238689,57414
208536,57414
172587,1370
172587,1370
172587,1370
154797,63188
231909,57414
154797,63188
204774,1304
203784,1304
232827,10652
232827,10652
162957,1370
154890,39186
154890,39186
164064,1370
164064,62376
164064,1370
164064,1370
247260,56714
230178,1370
230178,62376
230178,1370
230178,1370
239577,56714
239577,56714
232452,1304
249342,33886
249342,63538
199044,63510
228741,34092
207240,11262
154803,1304
154803,1304
154803,1304
246804,1370
246804,1370
167652,1370
61824,1304
194229,11490
206637,62074
206637,62074
206637,62074
208893,63510
153600,63188
154698,56714
154698,56714
183672,1370
183672,1370
232065,63136
210615,61280
155403,1304
68676,1304
68676,1304
68676,1304
209622,54096
206481,33886
206481,33886
154077,1370
197286,61280
197286,61280
197286,61280
154032,57414
207993,1304
207993,59822
162795,1304
179790,1304
219381,1304
244731,33886
233970,10652
216108,10652
183672,1304
183672,1304
252081,56714
207339,56714
207339,34092
61482,56714
61482,56714
61482,56714
165183,1370
153888,1370
241389,1370
241389,1370
179790,1370
238887,1370
207993,1370
207993,1370
179790,62376
207993,62376
219381,1370
238887,62376
219381,1370
238887,1370
188853,1370
188853,1370
64365,1370
212748,11262
212748,11262
210954,63188
197286,62376
197286,1370
197286,1370
197286,1370
249342,1304
249342,1304
201564,30500
246627,30500
246627,30500
201564,30500
201564,30500
128901,30500
212301,56714
212301,56714
212301,56714
178938,1370
198855,11262
155337,1370
204222,1370
204222,1370
155337,1370
186378,63188
191232,61280
191232,61280
208347,1370
249486,57414
208482,59822
208590,59822
208482,1304
128685,63188
174279,1370
174279,1370
244287,63360
208506,57414
208506,57414
208893,57414
208500,57414
208500,57414
208806,57414
196845,16358
196845,16358
251619,63538
251619,33886
203673,16358
211950,35846
244278,35732
244278,35732
165045,1370
165045,1370
188685,1304
64299,59822
192627,1304
188685,1304
64299,1304
64299,1304
201852,30500
183489,35732
232029,1370
232029,1370
203796,35732
203796,35732
198867,62074
198867,62074
186216,11262
186216,11262
191256,56714
211383,59822
249567,57414
249567,57414
249567,62378
188700,10652
165744,10652
188700,10652
209970,56714
176403,63218
252396,30500
252396,30500
212442,57414
248064,1370
248064,1370
248064,1370
218958,62378
250221,50274
252480,57414
252480,57414
233559,56714
233559,56714
198882,10652
198882,10652
244680,63188
244680,63188
65640,57414
251967,56714
187386,56714
183213,16358
183213,16358
183213,16358
210981,63188
163101,63188
207078,1304
204522,11262
154551,1304
154551,1304
165312,57414
250221,63510
230028,63510
230028,63510
216948,63188
216948,63188
187797,56714
238293,39186
153048,1370
153048,1370
221331,63360
237057,11262
237057,11262
197676,1370
197676,1370
246711,63510
190152,30500
190152,30500
227295,50718
227295,30500
242856,30500
216822,63510
207996,1304
207996,1304
207996,1304
222438,1304
222438,59822
205740,1370
204768,62376
205740,1370
206376,57414
206376,57414
153999,1304
191556,57414
191556,57414
160770,56714
210114,56714
160770,34092
242505,1304
242505,1304
154509,1304
251235,1370
251235,62376
251235,1370
88920,1370
88920,1370
163578,11262
217848,50274
221331,30500
224211,63188
224211,63188
193323,56714
193323,34092
206448,56714
207222,10652
207222,10652
207222,10652
222750,1370
222750,1370
222750,1370
205812,1304
216822,30500
216822,30500
216822,30500
154881,63188
154881,63188
154881,63188
211815,10652
211815,10652
244278,10652
244278,10652
174513,1370
174513,1370
60864,1370
212430,63510
62817,35732
203271,62074
186951,56714
182565,35732
247632,63510
247632,63510
210393,62074
234093,62074
234093,62074
206376,63188
211413,1370
211413,1370
251235,56714
251235,56714
220269,124
203133,10652
217002,63188
236775,1370
219132,1370
219132,62376
209622,35732
209622,35732
208758,11262
208758,11262
154113,56714
211965,62378
211965,57414
207144,56714
207144,56714
207144,56714
206988,62074
206991,62074
207129,62074
250275,62074
206988,62074
250275,62074
207366,62074
158610,62074
210141,63188
246711,30500
246711,30500
155043,1370
247632,50718
154707,1304
154707,59822
206748,57804
206748,57804
244446,1370
153423,1370
252405,11262
240939,57414
240939,57414
240939,1304
240939,1304
244680,57414
172503,1304
186378,35846
186378,35846
154035,1304
220728,33886
153960,11262
206748,57414
206748,57414
206940,57414
206940,57414
206940,57414
203166,1370
203166,1370
211413,56714
211413,34092
154551,11262
154506,1370
187707,63360
174468,63510
153084,63188
246915,1370
246915,1370
68676,63188
68676,62170
247002,62944
247002,62944
188331,63136
220269,10808
234021,56714
234021,56714
234021,56714
232656,62376
232656,1370
201852,56714
201852,56714
214998,62376
214998,62376
249633,57414
230010,1370
230010,62376
249294,59822
249294,1304
249294,1304
224169,35732
224169,35732
175878,56714
175878,56714
175878,56714
218958,33886
250947,57414
248373,62378
250947,57414
160029,57414
160029,57414
246804,1304
194601,51974
208599,10652
227238,1370
162792,1370
195771,11262
209799,63510
209799,50716
61692,16358
61692,16358
62817,63360
62817,63360
212442,63188
212442,63188
203790,10652
206364,50718
206364,30500
206364,30500
163101,1370
163101,1370
163101,1370
72900,63510
208881,63510
212283,1370
212283,1370
212283,1370
209697,62376
209697,1370
209697,1370
209697,1370
182565,63510
244092,1370
210168,35732
210168,35732
210168,56696
230073,63188
242415,1304
242415,1304
216981,1370
216981,1370
216981,1370
249342,35732
249342,35732
208788,1370
207243,57414
161526,11262
161526,11262
188106,62378
172419,63510
184488,1370
230091,1370
230091,62376
221409,56714
154119,63188
154119,63188
154119,63188
224931,62376
224931,1370
247989,56714
228729,1370
228729,1370
228729,1370
155271,11262
155271,11262
208821,1304
200502,1304
208761,59822
208761,1304
208821,1304
194904,62944
194904,62944
248013,62074
248013,62074
225501,56696
225501,35732
154869,11262
154869,11262
251829,50718
251829,30500
251829,30500
184710,1370
184710,1370
61824,50718
213885,61280
209697,56714
153138,1370
195771,63188
187221,11262
187221,11262
218121,33886
225393,124
205812,11262
178830,54096
220302,56714
215247,50716
247134,11262
247134,11262
203451,62376
203454,1370
224280,1370
203451,1370
208053,1370
208053,1370
250977,63188
207597,1370
207597,1370
71274,62944
157398,57414
211950,63188
62817,30500
62817,30500
62817,30500
244278,63188
211815,63188
206979,34092
206979,56714
206979,56714
231102,62170
225393,62274
225393,59396
225393,59396
217848,30500
217848,50718
217848,30500
232035,1370
232035,1370
238032,30500
238032,30500
220632,11262
60870,11262
77484,39186
77484,39186
166437,1370
166437,1370
208794,16358
208794,16358
246099,63188
66879,1304
66879,1304
187101,34092
204243,1304
237252,1304
237252,1304
154821,62170
199854,57414
250653,62074
250653,62074
216981,1304
216981,1304
178257,1370
223782,1370
223782,1370
178257,62376
178257,1370
242619,10652
242619,10652
157767,35732
234297,63510
232410,1304
249579,1304
249579,1304
219021,62170
219021,63188
191238,63188
219021,63188
219021,63188
215247,30500
201564,63510
246627,63510
246627,63510
201564,63510
201564,63510
251253,11262
165915,1370
165915,62376
203175,1370
165726,10652
203820,63188
164337,1304
204144,1304
164337,1304
244158,11262
234951,56714
249297,1370
206367,1304
206367,1304
250020,63510
203280,63510
96444,63510
155034,1370
208350,1370
208350,1370
154956,1304
154956,1304
210168,63510
233163,63510
183105,63136
183105,63136
183105,63136
230010,1304
242415,56714
72045,1304
72045,1304
187806,63186
187806,63186
191556,63188
191556,63188
191556,63188
204717,63510
204717,63510
154713,10652
209994,57414
186990,1304
186990,1304
186990,1304
71274,36720
71274,36720
210633,11262
210633,11262
230091,35732
217782,54290
161787,57414
161787,57414
203829,56696
129081,62376
129081,1370
129081,1370
157500,61280
160029,30500
160029,50718
160029,30500
160029,50718
250974,57414
154713,39186
195723,63510
217752,11262
217752,11262
241218,56714
241218,56714
64959,1370
64959,1370
207618,63188
210816,63188
154068,1304
198882,62074
204657,57414
204657,57414
210615,63188
65577,63188
187743,1304
187743,1304
208788,10652
249486,11262
211386,56714
211386,56714
128469,57414
128469,57414
157398,63188
172503,63188
242130,56714
172056,10652
172056,10652
187395,1370
156489,63188
206475,36720
188100,1304
216498,30500
216498,30500
221526,1304
208491,1304
208491,1304
221526,1304
203178,1304
184710,1304
184710,1304
227988,63188
210120,1304
210120,1304
243927,1304
243927,59822
230073,30500
206412,62376
206412,1370
206412,1370
206412,1370
184104,1304
186078,1304
247956,59822
177873,56714
208488,33886
225501,50718
225501,30500
225501,30500
225501,30500
186933,10652
250020,62376
96444,1370
96444,62376
250020,1370
250668,1370
250020,1370
250668,1370
250020,1370
203280,1370
235335,59822
220713,10652
212586,63188
153765,63188
212586,63188
183213,54096
183213,54096
197835,34092
197835,56714
197835,56714
211413,57414
211386,50718
211386,30500
60870,30500
204411,1370
212256,1370
203670,1304
61908,1304
61908,1304
61908,1304
191250,1370
228315,1370
191250,1370
228315,1370
191250,62376
72117,63188
218673,1304
226623,1304
218673,1304
238293,35732
238293,35732
156057,1370
156057,1370
164337,1370
204144,1370
164337,1370
204144,1370
213885,50274
241305,57414
163044,34092
225393,63218
225393,63218
71271,50720
71271,50720
232269,33886
232269,33886
206850,56714
192564,39186
159831,11262
165750,30500
165750,30500
244404,62074
244404,62074
64845,11262
242412,63510
242412,63510
198573,56714
186327,1370
186327,1370
212181,59822
194601,54096
155556,30500
155556,30500
187806,62860
187806,62944
187659,57414
187659,57414
234021,1304
234021,1304
153072,1370
234021,63510
176403,63360
176403,63360
206952,59396
206952,59396
244287,35732
244287,35732
61824,63188
61824,63188
213885,63510
213885,63510
186378,10652
186378,10652
201852,62378
72045,56714
72045,56714
251619,63188
251619,63188
183675,50718
179838,30500
250629,57414
252375,62378
158016,62378
59703,57414
210846,57414
203574,57414
66378,57414
192771,57414
216648,57414
251085,57414
216648,57414
251085,57414
203502,62378
220170,62378
203574,57414
203502,57414
59703,57414
252375,57414
220170,57414
223554,57414
223554,57414
252375,57414
199860,57414
199860,57414
148782,57414
252774,57414
63582,57414
192756,57414
224145,57414
199860,57414
63582,57414
240990,57414
203889,57414
229521,57414
203127,57414
203052,57414
240990,57414
238377,62378
203574,62378
238377,57414
203052,57414
129153,62378
203058,57414
203058,57414
238878,57414
238878,57414
199854,1370
199854,1370
199854,62376
206496,30500
71301,1370
71301,62376
222906,63510
244005,34092
244005,56714
212232,34092
212232,56714
212283,11262
212283,11262
208812,30500
208812,30500
208812,30500
160029,56714
251493,1370
206664,62376
238572,1370
212220,63360
212220,63360
165312,63188
245706,1370
245706,1370
208692,30500
223728,30500
123150,1370
204759,11262
203724,1370
203724,1370
214968,56714
204483,1370
204483,1370
181662,1304
207216,62074
185244,1304
185244,1304
154797,63510
154797,63510
227670,50718
227670,30500
204762,30500
227973,50718
227973,30500
155388,1304
188196,63188
188196,63188
193323,50718
193323,50718
222669,1304
222669,1304
212211,1304
178830,57804
222843,62074
211638,62074
211638,62074
221331,63188
222204,56714
222204,56714
222204,56714
235299,63188
235299,63188
156063,11262
187707,124
153885,57414
153885,57414
153885,57414
167676,62170
227295,35732
227295,35732
193323,1304
206448,1304
193323,1304
65640,1304
65640,59822
65640,1304
206940,63218
206748,63218
206748,63220
206748,63218
183387,63510
183387,50716
203439,63510
203439,63510
203439,63510
226848,1370
188700,1370
226848,62376
226848,1370
210876,1370
165744,1370
165744,1370
165744,1370
188700,1370
188700,62376
188700,62376
208590,50718
208590,50718
208554,30500
162810,51974
210810,1370
203301,1370
246627,62376
201564,62376
207927,57414
207927,57414
184635,1304
217752,1370
217752,1370
229539,50716
244380,63510
164661,56714
201282,62074
201282,62074
249486,33534
203166,63510
208482,30500
208482,30500
128526,63188
128526,63188
206928,56714
251493,56714
206664,56714
206670,34092
206928,56714
251493,56714
206667,56714
206667,56714
251493,34092
154518,62376
154518,1370
237804,1370
237804,62376
185244,1370
185244,62376
185244,1370
183213,35846
225747,1370
128526,61280
236520,1370
186216,1304
188106,63188
188106,62170
233970,63188
216108,63188
216108,63188
211533,35732
167571,1370
167571,1370
167571,1370
154770,57414
154770,57414
210810,1304
232656,11262
154560,11262
249294,50718
249294,30500
249294,50718
225393,54096
206481,63188
206481,63188
206481,63188
211236,1304
225501,57414
225501,57414
225501,57414
225501,62378
194601,59396
194601,55798
206673,62074
210840,62074
210840,62074
164007,1304
164007,1304
164007,1304
164007,59822
207219,1370
207219,1370
211047,1304
163131,30500
163131,50718
163131,30500
163131,30500
211524,63220
211524,63218
233970,30500
216108,30500
233970,30500
233970,30500
216108,30500
209994,63188
235299,57414
186177,63360
155055,1304
209880,1370
246987,63510
225672,11262
225672,11262
206346,50274
209796,10652
246099,1304
211815,35732
211815,35732
211815,56696
197835,63510
197835,63510
244644,11262
227670,63510
227973,63510
227670,63510
210834,63510
210834,63510
204762,63510
227295,10652
179496,10652
65328,1304
65328,1304
248061,1304
248061,1304
154245,57414
203673,33886
197676,1304
197676,1304
196845,35732
196845,56696
196845,35732
250221,57414
230028,57414
244005,63510
206433,1370
206433,1370
203259,10652
203259,10652
250434,62074
234129,56714
72930,49888
72930,62944
207600,1304
203673,10652
242232,30500
242232,50718
238827,50718
242232,30500
210342,56714
210342,56714
245631,57414
245631,57414
245631,57414
207105,1304
181149,63188
181149,63188
174087,63188
207129,1304
207129,59822
206838,1304
207129,1304
206838,1304
223089,56714
129081,56714
129081,56714
64893,1370
64893,1370
165717,63188
253146,62170
165717,63188
202638,11262
194601,3382
249513,57414
206484,1304
206514,1304
212574,62170
217752,1304
230028,63188
216498,11262
139272,56714
206745,56714
207156,56714
206745,56714
139272,56714
203295,56714
203301,56714
203295,56714
194229,32496
208722,50718
251631,30500
208503,50718
208722,30500
208722,30500
196455,50718
208485,30500
208476,30500
247029,1370
247029,1370
207588,1370
61305,1370
197802,30500
197802,50718
206439,1370
206439,1370
61899,63188
239508,63188
72930,63218
72930,63220
72930,63218
219048,62074
219048,62074
189009,11262
189009,11262
186933,54096
194601,62276
194601,61348
222750,1304
222750,1304
222750,1304
154551,1370
204717,34092
231225,62170
231225,63188
231225,63188
246150,63510
246150,63510
140277,11262
153885,56714
153885,56714
153885,56714
128685,57414
208872,35846
208488,35846
227469,1370
206811,1304
207150,1304
207147,1304
206406,1304
206406,1304
216822,1304
216822,1304
216822,1304
251619,54290
208524,10652
165045,63188
167316,50716
167316,63510
167316,63510
229977,1370
204795,30500
204795,30500
203724,30500
156486,1370
210186,59394
72918,30500
247986,63510
247986,50716
242151,62074
154098,1370
154098,62376
154098,1370
154098,1370
242430,34092
194601,57804
205815,62376
205815,1370
205815,1370
225393,59394
204657,59822
204657,59822
204657,1304
217782,63360
188331,54290
188331,54290
194904,63218
247632,10652
247632,10652
249930,62074
249930,62074
128469,63188
72558,63188
204780,57414
72645,57414
204780,57414
72645,57414
72918,56714
72918,56714
198882,1370
198882,1370
177921,59822
177921,1304
177921,1304
210186,59822
210186,1304
210186,1304
251142,1304
251142,1304
172587,59822
172587,1304
172587,1304
66465,63188
242556,57414
242556,57414
242556,57414
206748,62944
206940,49888
206940,62944
206748,62944
88920,56714
230178,35732
230178,35732
238878,63188
238878,63188
238878,63188
204276,1370
211749,56714
208761,30500
208821,30500
200502,30500
200502,30500
210186,39186
210186,39186
153279,1370
153150,30500
204144,57414
204144,57414
164337,57414
164337,57414
244971,50274
183921,62376
183921,1370
61899,1370
154473,63188
249081,56714
206481,39186
206481,39186
206481,39186
241824,1304
224169,33886
224169,33886
224169,33886
210168,63188
210168,63188
248796,10652
155481,11262
224841,57414
224841,57414
223389,56714
223389,56714
223389,56714
154770,1304
154770,1304
154770,59822
177951,1304
206979,33886
167571,30500
167571,30500
232455,62378
232455,57414
232455,62378
67056,1370
203532,57414
195507,57414
195507,57414
203706,57414
207822,1370
207822,1370
224211,54096
224211,54096
72558,1304
72558,1304
72558,1304
212595,10652
194208,34092
206358,56714
194208,56714
206637,34092
194208,56714
220728,30500
220728,50718
227223,1370
227223,62376
227223,62376
194883,57804
232827,63418
220728,57414
216981,63188
216981,63188
72045,11262
72045,11262
66843,33886
66843,33886
181593,63188
159033,63188
195372,33886
88821,35846
177672,11262
206376,33886
206376,33886
202818,50274
202818,50274
232410,11262
72900,56714
72900,56714
72900,56714
224841,63188
221331,57414
171939,34092
171939,56714
212892,63188
203214,1370
210882,1370
203214,1370
203277,62376
188847,62378
165684,30500
211527,50272
211527,59394
153303,35846
153303,35846
225699,62376
225699,1370
225699,1370
225699,1370
157767,57414
205191,61280
204762,57414
227670,57414
210834,57414
227973,57414
194883,36720
209880,59822
191247,33886
191247,33886
246099,30500
246099,30500
230091,1304
175266,63188
213513,11262
217782,51974
244731,54096
244731,54096
237057,1370
237057,1370
237057,1370
65058,11262
153600,1304
190152,62376
153204,1304
241329,59822
232068,63510
88821,30500
88821,30500
88821,30500
248061,57414
203301,63510
203301,63510
154779,56714
238878,11262
233163,33886
239556,10652
239556,10652
64860,11262
64860,11262
162603,57414
208476,57414
196455,57414
196455,57414
251631,57414
208722,57414
208722,57414
242409,57414
211236,1370
251619,1370
251619,62376
209796,35732
251619,1304
251619,1304
251619,1304
203259,30500
203259,50718
203259,30500
238293,54096
248292,1370
229263,62376
248292,1370
229263,1370
220728,63188
204483,11262
153024,1304
193323,63510
206448,50716
181860,57414
181860,57414
193323,1370
193323,62376
193323,1370
206637,1370
206637,1370
244731,56696
64959,59822
64959,1304
64959,1304
64959,59822
157500,39186
157500,39186
62337,63188
181149,56714
181149,56714
208515,10652
176577,11262
176577,11262
191256,57414
204093,63188
204657,30500
211815,30500
244278,30500
244278,30500
206748,59396
206940,59396
206748,59396
228741,50718
228741,30500
229473,56714
167316,30500
167316,30500
210876,50718
165744,30500
220269,16358
246711,1370
246711,62376
246711,1370
246711,1370
246711,62376
234972,1304
234018,1304
234018,1304
234018,59822
207927,63188
207927,63188
210186,50716
212688,63188
203796,50274
203796,50274
183492,30500
183492,30500
164064,63188
164064,63188
183489,30500
183489,30500
183489,30500
238218,10652
238218,10652
219021,56714
157854,56714
157854,56714
208518,61280
181149,1304
217848,63538
217848,33886
230178,1304
203796,33886
203796,33886
186378,57414
186378,57414
219381,57414
219381,57414
207993,57414
179790,57414
198552,1304
198552,1304
166029,63188
166029,63188
166029,63188
207129,62376
156057,56714
156057,56714
242388,33886
242388,33886
210234,33886
227310,1370
157185,1370
197595,1370
197595,1370
198867,10652
198867,10652
196845,33886
66918,1370
203175,1304
227616,1304
153792,10652
187806,10808
252480,34092
211473,56714
211473,56714
72900,33886
72900,33886
243927,30500
243927,30500
243927,50718
203736,1304
231876,1304
231876,59822
162810,39186
212211,1370
212211,1370
203145,63510
203241,63510
248250,63510
225393,62944
225393,62944
206406,34092
206406,56714
63690,56714
206406,56714
63690,56714
195447,56714
206406,56714
192942,56714
206415,56714
207150,56714
207150,56714
207147,56714
63690,56714
192942,56714
207150,56714
206811,56714
206415,56714
222759,30500
222759,30500
175293,1370
175293,62376
241824,56714
241824,56714
241824,56714
194904,50274
153999,62376
153999,1370
207105,50274
212448,30500
154869,1370
154869,62376
206940,57804
247134,1370
247134,1370
238068,56714
238068,56714
211761,56714
211761,34092
163377,11262
163377,11262
225393,33886
157224,56714
157224,56714
157224,56714
187743,56714
64959,11262
194883,16358
194883,16358
194883,16358
189009,1304
186657,62074
227469,10652
227469,10652
197799,30500
197799,30500
228948,1304
228948,1304
25749,16358
25749,16358
25749,16358
218958,63510
163578,1370
195372,50716
239247,56714
239247,56714
206823,56714
206823,56714
158610,56714
207129,56714
207366,56714
207366,56714
210843,56714
207366,56714
206838,34092
249216,56714
206988,56714
250275,56714
207129,56714
206988,56714
207267,56714
207102,56714
72117,57414
72117,57414
249081,10652
179853,56714
198210,63510
224211,30500
245631,63188
245631,63188
245631,63188
206952,34092
209154,1370
247989,30500
247989,30500
129135,30500
129135,30500
199242,54096
207330,1304
178230,57414
178230,57414
202959,1370
230091,57414
230091,62378
204093,57414
166005,63188
158499,63188
212595,63188
158499,63188
212595,62170
212595,63188
203454,11262
203451,11262
203451,11262
210882,11262
65328,63188
65328,62170
237195,50718
160770,30500
210114,50718
160770,30500
128763,1370
206943,56714
194883,63136
195063,33886
164970,59822
209637,1304
67764,34092
187224,56714
238263,56714
195372,63360
195372,63360
234120,11262
234120,11262
184509,57414
184509,57414
184509,57414
167571,57414
71766,30500
71766,30500
166128,10652
166128,10652
213513,1304
213513,1304
213513,59822
203268,57414
203445,57414
203256,62378
206076,57414
203256,57414
203268,57414
204519,10652
243927,63510
243927,63510
217002,57414
217002,57414
217002,57414
208341,57414
208341,57414
211533,50274
211533,50274
167451,1370
167451,1370
167451,1370
212211,30500
191223,63510
242415,62376
242415,62376
251442,63218
164337,30500
164337,30500
232068,57414
232068,62378
176607,1370
176607,1370
65313,63188
183789,1304
183789,1304
183789,1304
203178,56714
203178,34092
236115,63510
164337,56714
164337,56714
166362,56714
154578,1370
65598,51316
211140,51316
211140,51316
242151,1370
178458,62860
178458,62944
178458,62944
208341,33886
72483,33886
72483,33886
208341,63538
208341,33886
208341,33886
72483,33886
154887,63188
154887,63188
222894,34092
153048,1304
153048,1304
156489,34092
186438,56714
186438,56714
186438,56714
61899,59822
242856,33886
217782,59394
191247,63510
165717,63510
191247,50716
172419,50718
172419,30500
248301,10652
248301,10652
186933,124
191226,56714
61344,56714
203259,1304
206364,33886
88821,62074
88821,62074
207999,56714
212445,59822
212445,1304
198867,34092
198867,56714
198867,56714
128604,11262
250221,33886
230028,33886
157224,62170
157224,63188
155271,62170
238218,30500
191247,63188
222669,57804
198867,63510
198867,63510
153312,62378
222540,57414
153312,57414
153312,57414
153312,57414
244680,30500
244680,50718
244680,30500
206748,54096
206940,54096
198792,63510
175266,57414
175266,57414
253146,56714
165717,56714
165717,56714
165717,57414
165717,57414
205995,1370
230073,63510
154698,60
154698,60
154698,60
244380,57414
244380,57414
197673,1370
232455,63510
249513,50718
201798,30500
210690,1304
203166,30500
68676,57414
234864,56714
234864,56714
234864,34092
242442,10652
72558,56714
157938,1304
157938,1304
172419,1304
172419,59822
194082,1370
200964,50716
200964,63510
200964,63510
200964,63510
161283,1370
251643,10652
213885,63218
163044,30500
226623,1370
226623,1370
61899,10652
200259,1304
165132,1370
165132,1370
186177,39186
194790,57414
207498,63510
207498,63510
229473,57414
236115,30500
154035,34092
153999,11262
192735,57414
186216,1370
186216,1370
212211,63510
194601,63510
194601,63510
194601,63510
210816,57414
164661,30500
164661,30500
251721,63510
159033,62378
153381,57414
153381,57414
206979,63510
206979,63510
207465,56714
154167,30500
206304,63188
206304,63188
206304,63188
207216,57414
59700,56714
59700,56714
129204,30500
157680,30500
252210,30500
216981,30500
248064,56714
196845,62944
196845,62944
192564,62944
192564,49888
205191,62944
205191,49888
234021,35732
234021,35732
231282,57414
243789,62378
243789,57414
174513,57414
174513,57414
178830,49888
183489,62944
178830,62944
183489,62944
227295,50716
61692,61280
61692,61280
233091,56714
235932,56714
235932,56714
188787,54096
188787,54096
188787,54096
246720,56714
246720,56714
225699,11262
225699,11262
225699,11262
67827,1304
215517,59822
215517,1304
231102,11262
212745,1370
240852,1370
240852,62376
188787,63360
249981,33886
249981,63538
232404,56714
203646,57414
203073,57414
203073,57414
205191,50274
183213,51974
247002,62074
65052,1370
65052,1370
65052,1370
128685,56714
128685,56714
200259,62376
200259,1370
207105,33886
210615,16358
208899,57414
201837,57414
201837,57414
191232,16358
191232,16358
244404,39186
166002,30500
216948,30500
216948,50718
65631,34092
153888,34092
129264,34092
155097,62376
155097,1370
225393,63188
155097,1370
242856,63188
212721,10652
162792,34092
216108,57414
156057,62170
156057,63188
156057,63188
186438,1304
186438,1304
186438,59822
251967,30500
251967,50718
186177,35846
166356,34092
187263,1370
206868,33886
206868,33886
206433,56714
206433,34092
206442,56714
206349,56714
206433,56714
203511,63510
191247,57414
191247,62378
210168,30500
194601,35732
211047,62170
211047,63188
56871,56714
217782,53386
217782,53386
230091,63188
210981,62074
204057,56714
210234,39186
242388,39186
242388,39186
154713,30500
195249,1304
195249,1304
195249,1304
191226,63510
247962,11262
166029,57414
230091,50272
230091,59394
71766,57414
71766,57414
238263,57414
238263,57414
129204,57414
244380,63188
244380,63188
227469,57414
227469,57414
191247,35732
221409,63188
229341,11262
234972,11262
166002,10652
229473,63188
209697,35732
203871,1304
204780,1304
72645,1304
203871,1304
204141,1304
183105,32496
183105,32496
183105,32496
217848,50716
217848,63510
217848,50716
203073,30500
193323,62074
206418,30500
246711,39186
234156,1304
234156,1304
227973,56714
210834,56714
210834,56714
227973,56714
227973,56714
227670,56714
203247,56714
204762,56714
203247,56714
247986,57414
247986,57414
72558,30500
205812,62376
205812,1370
213513,1370
72900,35732
72900,35732
233091,62170
216498,1304
213885,124
165132,11262
211527,54290
203829,33886
203829,63538
203829,33886
203829,33886
64365,34092
188853,34092
188853,56714
64365,56714
64365,56714
187797,10652
162792,1304
184509,63188
184509,63188
210234,59396
242388,59396
242388,59396
211413,50716
224631,1304
224631,59822
236655,1304
154797,1304
154797,1304
154797,1304
64218,34092
188700,30500
188700,50718
226848,50718
180471,62376
180471,1370
183489,54096
183489,54096
188961,1304
66879,57414
203706,1370
188844,57414
188844,57414
188844,62378
232035,39186
163131,63510
209976,62378
209976,57414
209829,62378
191238,56714
191238,34092
186447,63510
154743,62170
154740,63188
154743,63188
154743,63188
71271,48980
154713,59396
153792,34092
223104,63188
246054,1370
246054,1370
246054,1370
154758,36720
210954,57414
221331,57804
221331,57804
222159,50718
222159,50718
179700,1370
234864,59822
205995,30500
183573,33886
206868,35846
249855,1304
223104,57414
223104,62378
207216,63188
210186,59396
210186,59396
232404,1304
181371,56714
223728,63510
223071,57414
155388,57414
64218,10652
128502,35846
71271,63360
217494,1370
163251,56714
242232,63188
203439,57414
203439,57414
203439,57414
210981,56714
210981,34092
210981,56714
72561,1304
72561,59822
157767,33886
155403,63510
68676,63510
155403,50716
213102,63418
213102,39186
213102,39186
167571,10652
71301,1304
71301,59822
180195,1370
223530,30500
223530,30500
72117,1304
212571,62378
251442,54096
251442,54096
166437,57414
238875,1304
156486,62170
156486,63188
64845,1370
176472,10652
223968,30500
205728,30500
203058,30500
192756,50718
252375,30500
252375,30500
229521,30500
252774,50718
203058,30500
203127,30500
203502,30500
203058,30500
251085,30500
251085,50718
203502,30500
203502,50718
66378,30500
229521,50718
229521,30500
192771,50718
224145,30500
224145,30500
192756,30500
129153,30500
203112,50718
148782,30500
148782,30500
203889,30500
203889,30500
240990,50718
216648,30500
216648,30500
199860,30500
199860,30500
205122,30500
192756,50718
205122,30500
158016,30500
203574,30500
210846,30500
238377,30500
238377,30500
250629,30500
203574,50718
192771,50718
199860,50718
240990,50718
211683,1370
212526,63188
153669,1370
246963,33886
198210,34092
231057,63218
206346,63220
206346,63220
206346,63218
206346,63218
199242,10652
206952,63188
203199,63188
203199,63188
203199,62170
188937,1370
188937,1370
212112,57414
203142,1370
203142,1370
223968,63510
156063,1304
156063,1304
62337,61280
167136,1370
167136,1370
222894,57414
225393,35846
66465,63510
211140,57414
65598,57414
211965,1370
211965,1370
207156,1370
153309,1304
206940,1370
206940,1370
220713,30500
206514,34092
166362,30500
162810,30500
162810,30500
210393,62944
203106,62860
234093,62944
210981,35732
206415,1304
206415,1304
206415,1304
192942,1304
63690,1304
63690,1304
192942,1304
63690,1304
192942,1304
198990,1304
206784,1304
206784,1304
249486,62074
231909,62170
195063,35732
195063,35732
186657,35732
65598,63188
56871,62378
153141,1304
153141,1304
153141,1304
227469,35732
128604,1370
230028,59396
250221,55798
250221,62274
226623,30500
226623,30500
226623,50718
206364,57804
230010,62074
212550,11262
219231,34092
242442,30500
233961,59822
172056,63510
181662,62170
224526,1304
211386,11262
154068,57414
154068,62378
206952,50274
221115,10652
221115,10652
158658,1370
186174,59396
154077,56714
154077,56714
246711,63188
186327,63188
154275,1370
249222,62376
194904,63136
187659,50274
156489,1304
182292,30500
183672,30500
182292,30500
182292,30500
183672,30500
228948,63188
234156,34092
234156,56714
160029,1370
250947,1370
250947,1370
160029,1370
236520,51316
236520,51316
218265,50718
218265,30500
218265,50718
165927,57414
238293,57804
210051,57414
210051,57414
156063,1370
156063,62376
156063,1370
154275,57414
154275,57414
154077,1304
154077,1304
252210,57414
155097,11262
246963,63218
188937,56714
188937,56714
188937,34092
188937,56714
153885,1304
153885,1304
153885,1304
223518,62074
223518,62074
192159,62074
192159,62074
223518,62074
235932,1370
235932,1370
210141,56714
207330,1370
153312,1304
61482,50716
227469,63188
186438,1370
186438,62376
186438,1370
186438,1370
231102,59822
167514,35732
232404,1370
181110,56714
225501,62274
225501,59396
225501,62274
225501,62274
225501,55798
154146,1304
229977,63188
233559,63188
64893,59822
64893,1304
202818,30500
210186,63218
210186,63218
181101,33886
65640,56714
65640,56714
65640,56714
250434,61280
249063,50718
154146,63188
156486,1304
209970,30500
200964,39186
200964,39186
155085,1370
155085,62376
191256,63188
203700,56696
212301,30500
212301,30500
128502,50274
203256,10652
203445,10652
232614,1370
249297,59822
249297,1304
222306,57414
203322,57414
210678,57414
210678,57414
237300,57414
203316,57414
208566,57414
205665,57414
205662,57414
205662,57414
71409,1304
244278,57414
211815,62378
211815,57414
244278,57414
211815,62378
206607,11262
194601,63538
222438,57414
159831,1370
159831,1370
194790,56714
194790,56714
167571,62170
236655,62170
224631,63188
223104,63510
234030,62074
206364,57414
68496,50718
68496,50718
68496,30500
68496,30500
203145,62074
205947,62074
154404,1370
183921,1304
183921,1304
210000,63188
210000,63188
153315,57414
153315,57414
154509,1370
154509,1370
198801,63188
175266,63510
228564,63510
175266,63510
205665,30500
210678,30500
205662,50718
205662,30500
227670,10652
203247,10652
227973,10652
204762,10652
210834,10652
228729,56714
228729,56714
249567,56714
249567,56714
154797,34092
56871,63188
206346,63418
231057,39186
233091,57414
233091,57414
156486,11262
238293,30500
238293,30500
208881,62074
246099,57414
246099,57414
246099,62378
208788,50274
204411,50716
206979,62860
198855,56714
198855,56714
246858,63510
246858,63510
242388,63360
248706,1370
63867,1304
188331,51974
188331,51974
203790,1370
188844,63188
212775,56714
212775,56714
212256,50718
212256,30500
212256,30500
210168,16358
210168,16358
238689,1370
237765,1370
246054,11262
246054,11262
246054,11262
183666,1304
183666,59822
60888,54096
60888,54096
207600,63510
223071,50718
223776,30500
223776,30500
223071,50718
65631,63188
212775,63188
212220,10808
212220,10808
165045,1304
128604,1304
206346,62944
231057,62944
231057,62944
215247,10652
156057,57414
156057,57414
204519,50718
216981,57414
154770,56714
154770,34092
154041,56714
154041,56714
221331,10652
194904,59396
194904,62274
214968,10652
214968,10652
191451,1370
191451,62376
167136,56714
167136,56714
214998,10652
204276,11262
217848,63218
217848,63218
217848,63218
224169,49888
224169,49888
224169,62944
211749,50716
206481,63218
207618,50718
225480,1304
225480,1304
249513,62376
249513,1370
182292,57414
182292,57414
209622,63188
209622,63188
207600,57414
212256,56714
212256,56714
212256,56714
88821,63188
88821,63188
225501,33886
225501,63538
225393,1370
225393,62376
230091,39186
248205,62170
239577,30500
239577,30500
208488,62860
208488,62944
208872,62944
229620,62378
229620,57414
128334,63188
128334,63188
206433,1304
206349,1304
206349,1304
225501,39186
230028,61280
209637,56714
213885,54096
158274,62074
158274,62074
158274,62074
210393,33886
210393,33886
234093,63538
234093,33886
203106,33886
232410,56714
242130,60
242130,60
209622,50274
197286,35732
197286,35732
197286,35732
230331,56714
230331,56714
230331,56714
236775,56714
25743,33886
25743,33886
223530,57414
208893,1370
208893,62376
204717,33886
204717,33886
163131,33886
250434,16358
250434,16358
250434,16358
208491,50718
208491,30500
221526,30500
176472,35732
176472,35732
165750,63188
165750,63188
221331,33886
251631,63510
208476,63510
208722,63510
196455,63510
208503,63510
208722,63510
212433,34092
212433,56714
204144,56714
204144,56714
165312,1304
212448,63188
61482,1304
183450,56714
227223,1304
206943,61280
153885,30500
153885,30500
166437,62170
166437,63188
166437,63188
166437,62170
64734,1304
64734,1304
225669,1304
225669,1304
207387,63188
207387,63188
204480,1304
204480,1304
204480,59822
204771,63510
204771,63510
61692,35846
128469,56714
177672,1370
165750,35846
167514,30500
250974,56714
207993,63188
199479,63188
238887,63188
179790,63188
219381,62170
203133,1304
203133,1304
251442,62944
251442,62944
176403,10808
200259,11262
249081,30500
244878,56714
208536,56714
208536,56714
244878,34092
244878,56714
238689,56714
238689,56714
237765,56714
238689,56714
248724,56714
248724,56714
211524,59396
205959,56714
205959,56714
182292,56714
182292,56714
183672,56714
208473,1304
208473,1304
238827,33886
212637,33886
242232,33886
242232,33886
184113,34092
203724,50274
190152,57414
164337,56696
164337,56696
206868,56714
206868,56714
154827,63188
173940,63188
161283,1304
161283,1304
193323,57414
246711,57414
246711,62378
66879,63188
66879,63188
66879,63188
167364,63510
222159,63188
61899,54096
61899,54096
245976,62376
245976,1370
245976,1370
245976,1370
206697,50274
204375,63188
204375,63188
204375,63188
188100,10652
188100,10652
164064,50718
226848,63510
188700,63510
188700,63510
210876,63510
165744,63510
224169,62074
128502,54096
62337,57414
62337,57414
210816,63510
229620,35732
249633,35732
249633,35732
203784,63188
203784,63188
206625,57414
211812,62378
225276,50718
188853,57414
242442,57804
206364,1370
194790,63188
194790,63188
153885,63188
153885,62170
229977,62378
229977,57414
232269,39186
217872,11262
242619,30500
207219,30500
190776,33886
190776,33886
190776,33886
232452,63188
232452,63188
200964,59394
200964,50272
222438,63188
222438,62170
229527,63188
229527,63188
207144,1370
207144,1370
207144,1370
182295,1304
182295,1304
202638,1370
154098,1304
154098,59822
154098,1304
210186,62944
154956,57414
154956,57414
183105,11490
182292,63188
182292,63188
208536,50718
208536,50718
207339,63510
190152,62074
242412,50718
212571,30500
242412,30500
212571,30500
217848,62274
217848,59396
207216,56714
190776,1370
190776,62376
190776,1370
207087,50274
231282,62074
243789,62074
206376,59396
206952,59394
245154,30500
457455,50274
218121,1370
218121,1370
177672,56714
234030,57414
234030,57414
250653,57414
250653,57414
198279,39186
187221,56714
153867,56714
153867,56714
187221,56714
212448,34092
212448,56714
212448,56714
198801,62378
212478,63188
247002,57804
155337,1304
204222,1304
155337,1304
155337,1304
206367,1370
206367,1370
206367,1370
203700,33886
203700,33886
203700,33886
167082,56714
167082,56714
207588,1304
207588,1304
61305,1304
156486,56714
197286,59396
197286,59396
191232,35846
246216,1370
172719,1370
161667,1370
172719,62376
72483,35732
72483,35732
153438,1304
153438,1304
193323,63538
193323,33886
193323,63538
193323,33886
234555,11262
183492,10652
176643,56714
176643,56714
171939,1304
171939,1304
206304,57414
206304,57414
223389,50716
206376,39186
227343,10652
222540,1304
247956,35732
247956,35732
188937,63188
188937,63188
188937,63188
203133,63188
203133,63188
140277,1370
140277,1370
217380,1370
140277,1370
153792,63510
187650,63188
187650,63188
186174,11490
197529,57414
149634,57414
197529,57414
149634,57414
203775,62378
232455,62074
165726,50718
72108,1370
72108,62376
241824,30500
157224,57414
157224,62378
164970,34092
154494,57414
154494,57414
171702,1370
171702,62376
204189,62170
222669,30500
198573,39186
198573,39186
192300,63510
249081,35732
75723,63188
75723,63188
154881,50718
203733,1304
218061,1304
218061,1304
243789,50718
219021,35732
213885,59394
236490,57414
208554,34092
208554,56714
204375,57414
204375,57414
197286,63218
129135,56714
129135,56714
246963,57804
210615,59396
211812,62170
154956,30500
66465,10652
66465,10652
226662,62074
189012,1304
189012,1304
208482,56714
208482,56714
64959,57414
203274,10652
196722,10652
212112,10652
201852,10652
224169,39186
224169,39186
181149,30500
203646,50718
203646,30500
166005,62378
166005,57414
212469,56714
188331,50272
188331,59394
188331,59394
188343,62378
203820,10652
211524,57804
208758,30500
233040,63188
206952,35732
203259,63188
154956,63188
66777,62074
242442,1304
242442,1304
242442,59822
61899,57414
246963,62274
206670,35732
206667,35732
206670,35732
180672,1370
249222,57414
249222,57414
243927,57414
243927,57414
210615,57804
250275,57414
250275,57414
207102,57414
207267,57414
207366,57414
207366,57414
241824,33886
241824,33886
241824,63538
252177,57414
203133,33886
63867,62074
208758,1370
208758,62376
208758,1370
236490,56714
178230,11262
247986,50718
247986,30500
166356,1304
166356,1304
166356,1304
219021,50718
219021,30500
203673,35732
203673,35732
164970,63188
203784,63510
61692,62944
250653,33886
250653,33886
166005,56714
154887,56714
154887,56714
226662,62378
226662,57414
226662,57414
211638,34092
238293,33886
180495,1304
180495,59822
186174,32496
233961,56714
204141,56714
204141,56714
176472,30500
176472,30500
186216,56714
186216,56714
153138,56714
172590,30500
172590,50718
231708,11262
212688,11262
175293,1304
157854,50274
157854,50274
210843,63188
206988,63188
207102,63188
206991,63188
249216,63188
206988,63188
250275,63188
206823,63188
207267,63188
207366,62170
250275,63188
211812,10652
184485,30500
206748,63186
206748,63186
208590,57414
208554,62378
208590,57414
183468,62376
183468,1370
183468,1370
154494,63188
154494,63188
210051,1304
212526,56714
212526,56714
186078,62170
186078,63188
206952,63186
245046,1370
206928,30500
238572,50718
206670,30500
206667,30500
206670,50718
251493,50718
206664,30500
206670,30500
238572,50718
203700,62274
196845,59396
176577,1370
176577,1370
188637,35732
181746,63510
176403,32496
198801,50718
191247,35846
175878,35732
252396,33886
252396,33886
206418,33886
206418,33886
219381,34092
238887,56714
210171,56714
199479,56714
238887,34092
200508,1370
200508,1370
224211,34092
224211,56714
206361,30500
243546,30500
247983,30500
247983,30500
243546,30500
183213,32496
215112,10652
232452,50718
232452,50718
251142,62376
251619,35846
251619,35846
61482,30500
228060,56714
206451,56714
226140,63360
206697,33886
206697,33886
206697,33886
183489,124
229341,56714
238263,1370
128538,63188
153756,10652
186933,50716
206952,30500
232614,11262
183645,63188
213885,62860
198945,1304
198945,1304
208740,56714
208722,56714
251631,56714
208485,56714
208476,56714
251631,34092
208476,34092
208485,56714
208722,56714
203259,56714
203259,56714
203259,56714
206811,30500
192942,30500
206784,50718
227829,30500
206406,30500
210186,33886
210186,63538
210186,63538
206412,33886
206412,33886
192300,30500
192300,30500
192300,30500
174468,35846
174468,35846
174468,35846
223530,35732
236226,39186
222438,56714
216495,11262
227988,56714
248373,10652
248373,10652
63690,1370
207150,1370
207150,1370
207150,1370
192942,1370
206406,1370
207147,62376
206415,1370
206415,1370
206415,1370
206406,1370
207150,62376
206406,1370
192942,1370
210114,62074
164337,63188
204144,63188
207597,62170
241305,10652
153960,1370
189045,1304
183105,61348
178458,35732
64845,1304
64845,1304
61902,62378
154476,57414
154476,57414
206364,63188
25743,63510
25743,63510
194229,57804
183492,62074
250221,63418
250221,39186
230028,39186
68496,35732
208491,57414
221526,62378
210234,35732
198534,1370
209073,10652
209073,10652
178830,59394
187224,57414
187224,62378
154506,62170
154506,63188
252066,56714
211476,63418
178257,57414
220713,35732
72930,59396
72930,59396
72930,55798
242232,57414
242232,57414
242232,57414
186447,10652
208599,35732
208599,35732
210186,63188
210186,62170
210186,63188
210186,63188
2061063,57414
220302,33886
220302,33886
208758,56714
208758,34092
208758,56714
208758,56714
247956,56714
247956,56714
210816,30500
248205,30500
252210,63510
252210,50716
222669,63510
251106,30500
205332,1304
171684,1304
171684,1304
178257,62170
178257,63188
205959,63188
205959,63188
212337,56714
195507,56714
203532,56714
225501,62074
228438,1370
242442,39186
207999,16358
207999,16358
210978,39186
189012,63188
189012,63188
212211,10652
199854,63188
243546,56714
206361,56714
206361,56714
247956,63188
249294,34092
212442,63418
177672,59822
246720,62378
210168,33886
203820,63510
203820,63510
211632,57414
200502,56714
200502,56714
188844,63510
62817,35846
62817,35846
154797,10652
216981,56714
208485,57414
208740,57414
208740,62378
208485,57414
208740,57414
208740,57414
153792,56696
153792,35732
234864,30500
211965,35846
211965,35846
208515,35846
204411,10652
155055,57414
155055,57414
179838,57414
183675,57414
183675,57414
179496,33886
179496,63538
212445,50274
154821,56714
194229,51974
211527,57414
174513,56714
206958,34092
206958,56714
164064,34092
71274,61348
171372,63188
154434,62378
154434,62378
69060,63510
191223,56714
232455,35732
242619,57414
155097,1304
155097,1304
196845,62074
212442,62944
212442,49888
188637,10652
188637,10652
61344,39186
61344,39186
153312,56714
153312,56714
153312,56714
72558,10652
72558,10652
230091,50718
230091,30500
230091,30500
223071,62170
251643,30500
251643,30500
236775,30500
236775,30500
187797,39186
210795,11262
222438,30500
228060,59822
206460,59822
228060,1304
243789,1370
231282,62376
242556,50716
242556,63510
242556,63510
220632,16358
220632,16358
158658,59822
165927,63188
165927,62170
204054,63510
204054,50716
71301,57414
66924,1304
203094,1370
69060,57414
216123,62378
69060,57414
69060,62378
223104,34092
154821,30500
154821,30500
251610,63188
61977,30500
206958,30500
61977,50718
206856,30500
61977,30500
252696,1370
252696,62376
252696,1370
218265,57414
163101,56714
163101,56714
212220,63136
230331,63188
155085,1304
198981,30500
206484,30500
206484,50718
206514,30500
67314,10652
203073,10652
186327,1304
186327,59822
203454,63510
203451,50716
230091,54096
248796,34092
248796,56714
248796,34092
248796,56714
176472,63510
68496,63510
68496,63510
69249,56714
223968,50274
241389,57414
153888,57414
241389,62378
155031,57414
162792,63188
162792,62170
162792,63188
203322,56714
203316,56714
203316,34092
203316,56714
183492,61280
225501,124
225501,124
66924,1370
66924,1370
66924,1370
225501,57804
2061063,1370
203439,10652
207330,50718
230604,63510
190776,63418
204795,63510
203724,63510
200502,57414
210981,63510
163101,63510
183489,51974
212448,63510
204657,33886
204657,33886
206646,56714
207078,56714
206367,56714
206367,56714
206367,56714
242442,63510
71274,32496
203706,50718
157398,50718
212469,1304
167364,10652
245154,35732
248013,57414
207822,50718
207822,30500
158658,56714
158658,56714
157767,39186
206625,30500
206637,50718
206637,30500
206637,50718
227616,62074
157416,63188
242439,63188
242439,62170
178830,63218
217494,1304
252774,1370
224145,1370
192768,1370
192756,62376
216648,1370
240990,1370
203052,62376
224145,1370
129153,62376
221151,62376
240990,1370
158016,62376
205122,62376
205728,1370
224145,62376
251085,62376
205728,1370
229521,1370
203058,1370
240990,1370
203058,1370
192768,1370
206418,62074
206418,62074
208518,33886
60888,59396
60888,59396
61305,50718
225501,62944
228024,30500
191232,54096
156057,30500
244173,63510
66777,63510
206439,33886
167316,16358
167316,16358
242388,62944
242388,62860
242388,62944
237804,62378
237804,62378
243927,33886
243927,33886
154881,63510
154707,56696
154707,35732
71766,10652
71766,10652
185067,57414
185067,57414
186174,61280
217782,63540
214506,63510
214506,50716
235335,39186
197673,56714
197673,56714
197673,56714
187707,59396
212892,56714
206451,1370
228060,62376
206451,1370
228060,1370
208524,63188
208524,63188
211542,50718
201837,30500
208899,30500
205188,50718
208545,50718
251721,30500
209637,1370
186384,63510
149634,63510
203775,63510
203775,50716
158274,63510
227343,63510
227343,63510
199854,54096
229536,62074
211683,11262
211683,11262
211683,11262
194229,36720
212283,1304
212283,1304
212283,1304
206481,36720
157416,56714
242439,56714
242439,56714
242856,63186
203700,63186
210954,56714
128334,30500
128334,30500
128334,30500
154887,57414
249795,1304
154797,30500
154797,30500
154797,30500
204483,1304
204483,1304
247002,50272
248550,1370
248550,1370
248550,1370
206868,63186
206868,63186
206868,63186
194229,59396
211533,59396
211533,59396
194229,59396
194229,59396
209697,10652
165684,11262
213978,36720
203166,35732
157398,56714
157398,56714
159027,63510
208899,63510
205662,63510
237300,63510
222306,63510
203310,63510
227115,50716
227115,63510
208566,63510
210678,63510
203310,50716
237300,63510
203322,63510
206481,1304
225699,1304
225699,1304
238032,55798
207219,57414
72930,57804
158499,57414
212595,62378
212595,57414
197595,57414
157185,57414
191256,10808
206952,51974
182565,33886
228024,56714
206481,62944
223776,35732
212775,57414
66777,30500
66777,30500
182295,1370
182295,1370
72930,32496
203151,57414
188100,57414
188100,57414
205995,63188
167256,63188
167256,63188
167256,63188
207330,56714
247986,35732
195249,63188
172008,59396
155055,63188
181860,56714
181860,34092
181860,56714
197286,39186
197286,63418
197286,39186
197286,39186
209796,30500
211950,49888
211950,62944
234156,30500
191238,30500
232404,62074
178257,56714
223782,56714
211407,34092
211407,56714
211407,56714
154578,62378
154578,57414
244479,57414
244479,57414
234156,57414
166128,33886
231282,30500
231282,30500
159831,57414
159831,62378
56871,63510
205353,63188
205353,63188
167514,57414
220302,57414
220302,57414
228687,56714
172719,1304
208521,30500
208521,30500
208572,30500
210690,30500
212448,57414
212448,57414
208488,35732
72918,57414
72918,57414
178938,35732
66915,1370
206433,62074
206349,62074
225390,1370
184113,10652
162810,49888
75723,1304
75723,1304
248064,62170
205659,57414
198882,39186
198882,39186
198882,39186
242130,10808
242130,10808
183213,63186
211767,1370
231708,1370
203673,63510
191451,59822
246858,63220
163554,56714
239247,30500
249216,50718
207102,30500
207366,50718
207129,30500
206838,30500
206991,50718
250749,30500
206988,30500
207102,30500
191238,10652
191238,10652
219021,10652
219021,10652
64299,35732
64299,35732
211749,1370
211749,1370
237804,63188
154518,63188
237804,63188
153438,63188
230178,62378
250653,1370
234030,1370
234030,1370
250653,62376
237840,63510
207156,30500
206745,30500
206745,30500
139272,30500
207096,30500
205995,1304
197676,56696
203700,49888
242856,62860
155031,63188
206772,30500
206772,30500
238827,1370
238827,1370
242232,62376
238827,1370
197673,59822
210615,51974
216498,16358
216498,16358
176319,56714
203439,30500
203439,30500
203439,30500
185067,63188
185067,63188
204795,57414
204795,57414
204795,57414
203724,57414
203724,57414
175266,10652
167676,10652
175266,10652
216108,63510
166995,50716
166995,63510
166995,50716
190113,62376
190113,1370
246711,50274
72918,63188
206376,63218
206376,63218
229539,39186
229539,63418
220011,30500
156057,54096
156057,54096
186438,57414
186438,57414
203100,34092
203574,56714
250629,56714
224145,34092
229521,56714
199860,56714
216648,56714
205122,56714
192771,56714
59703,56714
205122,56714
158016,56714
203058,34092
148782,34092
210846,56714
192771,34092
199860,34092
203058,56714
203058,56714
205122,34092
252375,56714
220170,56714
203502,56714
192771,56714
238377,56714
224145,56714
224145,56714
224145,56714
238377,56714
252774,34092
252375,56714
129153,56714
59703,56714
203052,56714
240990,34092
63582,56714
63582,56714
252375,34092
59703,56714
229521,56714
129153,56714
221151,56714
222516,1304
222516,1304
251967,33886
197835,62074
197835,62074
197835,62074
198534,1304
249207,1370
252057,61280
251619,62074
251619,62074
72045,63510
128526,30500
227469,1304
236775,63188
228948,34092
232029,63188
232029,63188
207822,10652
207822,10652
188196,11262
188196,11262
188196,11262
88920,10652
88920,10652
163101,33886
203295,63188
246627,63188
246627,62170
201564,63188
246627,63188
201564,63188
186657,54096
195063,54096
186657,54096
165684,62378
165684,57414
187974,57414
191256,10652
251169,11262
179436,1304
220728,62944
66033,1370
225396,63188
173613,10652
158742,10652
220632,63188
220632,63188
154374,1304
175266,50718
198573,63188
166002,63510
165045,30500
242388,63218
210234,63218
210234,63220
224874,34092
224874,56714
153402,62170
210141,10652
177921,63188
250434,50274
212637,63510
242232,50716
242232,63510
242232,63510
242232,63510
203796,61280
203796,61280
203796,61280
212337,50718
195507,30500
203259,33886
203259,33886
206376,62944
206979,10652
190152,56714
190152,56714
237252,50718
212232,10652
249342,10652
219231,61280
219231,61280
245631,63510
245631,63510
231144,62074
177903,62170
186990,56714
186990,56714
186990,56714
165786,57414
210795,1304
211527,59396
211527,59396
211527,55798
211527,59396
211527,62274
211950,35732
211950,35732
205107,56714
66879,11262
211383,30500
245046,30500
25749,3382
25749,3382
213102,62944
213102,62944
243927,61280
186933,62944
189012,57414
189012,57414
217848,57414
208788,63538
227310,33886
154953,11262
203796,59396
203796,59396
188100,63188
188100,63188
206346,62274
206346,62274
231057,59396
206346,59396
206346,59396
231057,59396
206346,59396
231057,55798
226623,56714
226623,56714
190776,62170
190776,63188
217848,36720
217848,36720
72483,39186
208341,39186
72483,39186
72483,63418
233091,63510
210168,61280
210813,63188
251967,50716
198873,63188
191238,57414
61908,63510
203670,50716
198057,63510
197676,10652
171702,1304
210051,56714
189045,63510
189045,63510
220302,62170
231144,63538
231144,33886
128334,57414
223389,57414
223389,57414
223389,57414
217848,63188
88920,57414
72561,57414
72561,57414
201798,56714
219522,56714
219522,56714
201798,56714
154665,1304
198945,63188
208488,10652
242151,39186
229473,30500
186951,50718
178230,34092
178230,56714
178230,56714
183786,1304
236226,50274
236226,50274
228729,57414
172419,39186
183450,63510
177474,57414
225012,62376
225012,1370
225012,1370
253053,1370
198945,62376
198945,1370
198945,1370
187263,57414
222750,30500
225276,56714
225276,56714
225276,34092
225276,56714
251169,1304
251169,1304
228729,62170
228729,62170
247632,35732
247632,56696
242388,124
242388,124
228060,30500
206451,30500
206451,30500
212595,63510
158499,63510
249633,33534
157500,35732
157500,35732
157500,35732
230091,57804
251106,50716
229539,62378
229539,62378
203151,56714
203151,56714
197802,33886
172161,61280
246915,1304
246915,1304
153312,63188
153312,63188
222540,63188
153312,63188
157938,11262
157938,11262
237057,62170
63873,63510
212892,59822
61692,63186
61692,63186
176319,63510
238608,1370
159330,56714
154698,51316
154698,51316
77484,63360
226662,34092
226662,56714
226662,56714
248301,30500
248301,30500
248301,30500
123150,56714
229539,50274
229539,50274
250020,10652
203280,10652
203280,10652
96444,10652
191451,57414
61692,59396
61692,59396
217752,63188
217752,63188
165684,62074
187974,62074
165684,62074
219048,35732
212220,11490
154578,63188
166599,1370
177672,30500
177672,50718
190152,33886
252696,34092
203439,1304
203439,1304
222669,57414
242856,63418
230028,63220
250221,63220
238875,57414
238875,57414
203328,30500
241305,63510
241305,63510
64272,63188
211989,50718
246216,30500
208500,30500
208500,30500
249567,10652
123150,62378
123150,57414
164457,1370
164457,1370
206433,30500
212586,57414
153765,62378
230178,63188
123150,50718
207339,30500
181662,57414
154956,50716
220095,1370
154032,35732
154032,56696
61482,59396
64299,50718
64299,30500
196845,61280
196845,61280
186990,63188
186990,62170
186990,63188
248013,63510
248013,63510
72117,56714
208812,56714
213114,63188
213114,63188
60864,11262
60864,11262
186177,63136
246216,34092
203727,34092
246216,56714
184509,56714
154275,62170
61344,56696
154713,62944
238293,62944
249795,30500
207084,63188
207084,63188
207084,63188
190776,57414
202959,63510
208758,57414
203868,56714
203868,34092
204771,34092
213114,50718
213114,30500
213114,30500
157938,1370
221331,36720
221331,36720
154275,56714
154275,56714
211236,63188
160029,33886
178938,63188
208758,61280
187707,57804
244041,30500
244041,30500
154803,63188
154803,63188
154803,63188
155556,10652
159831,62170
159831,63188
251493,62378
206670,57414
206670,57414
206664,62378
206667,57414
206664,57414
206667,57414
157680,1370
157680,1370
157680,1370
172161,39186
234021,62860
234021,62944
242232,56714
242232,56714
212637,56714
238827,56714
242232,56714
128526,39186
128526,63418
128526,63418
221115,63510
232269,49888
232269,62944
232269,49888
154167,10652
206673,30500
64299,63188
208347,62074
166437,56714
166437,56714
222759,63188
203178,39186
88920,63188
61824,62944
61824,62944
217620,63188
217620,63188
237804,56714
154518,34092
155031,1304
209799,39186
209799,63418
64353,1370
64353,1370
187806,51974
165183,56714
153279,56714
211527,61280
197286,62944
197286,49888
197286,62944
197286,62944
201030,10652
65640,10652
208572,62378
210690,57414
208572,57414
195771,1304
237252,56714
64299,56714
64299,56714
206670,62170
251493,63188
203517,10652
163482,63510
210342,62074
210342,62074
210342,62074
203829,63418
184635,57414
204228,57414
153048,56714
157500,30500
251253,1304
251253,1304
251253,1304
176577,56714
214968,57414
60888,57804
203106,62170
211473,10652
203646,10652
159033,10652
251967,57414
248796,33886
248796,33886
194082,56714
166128,35846
155043,57414
250221,35732
250221,35732
205947,62378
203145,62378
203145,57414
248250,57414
203241,57414
203145,57414
203145,57414
195249,62378
194904,62074
246963,61280
246858,35732
217752,50716
217752,63510
187797,30500
77484,54096
227343,30500
61305,57414
181101,61280
181101,61280
61482,54096
238875,63188
238875,63188
197802,63510
197802,50716
159330,1370
159330,62376
159330,1370
206367,30500
206646,30500
219231,63510
241824,50716
241824,63510
241824,63510
241824,63510
179088,62376
217620,1370
179088,1370
217620,62376
208524,62944
208524,62944
200964,124
158685,1370
204657,61280
232065,32496
153402,57414
153402,57414
208899,1370
159027,62376
205188,1370
251721,1370
210129,1370
155097,57414
155097,57414
186882,63510
181662,10652
219522,57414
201798,57414
186987,62170
186987,63188
194601,33534
193323,62170
193323,63188
186657,62944
212220,32496
212220,32496
228729,30500
228729,50718
228729,30500
56871,10652
128526,63538
128526,33886
222906,61280
244479,1304
244479,1304
244479,1304
238032,35732
172161,35846
181593,63510
194082,63188
209094,63188
2061063,63510
197595,56714
197595,56714
197595,34092
246099,50716
246099,63510
246099,63510
128502,59394
184950,33886
184950,63538
165744,1304
165744,1304
210876,1304
183576,50716
166356,63510
153438,57414
153438,57414
153438,57414
156489,10652
199854,63360
223518,57414
192159,62378
192159,57414
247632,39186
222759,33886
232035,63188
232035,63188
156486,10652
149634,30500
197529,30500
197529,50718
162624,59822
162624,1304
210633,10652
172008,39186
195771,63510
153315,34092
244731,62944
184485,62378
197529,1304
192159,1304
192159,1304
149634,1304
60888,63540
213978,30500
213978,30500
192300,56714
192300,56714
192300,34092
222669,33886
222669,33886
207999,10652
244479,11262
176319,10652
176319,10652
166437,63510
218958,63418
218958,39186
207219,10652
212220,61348
154542,62376
154542,1370
247962,56714
247962,56714
153888,30500
162603,56714
162603,56714
162603,34092
162603,56714
195447,1304
227829,1304
227829,1304
227829,59822
206850,1304
198534,11262
244158,56714
244158,34092
244158,56714
172161,62074
172161,62074
249342,63510
249342,50716
206958,1370
244005,30500
244005,50718
212301,57414
212301,57414
208554,63510
208590,50716
155403,34092
218265,56714
224925,56714
224925,56714
172695,30500
165927,30500
203310,33886
203316,33886
203322,63538
191250,59822
183672,62378
183672,57414
71766,56714
71766,34092
223968,63418
245046,11262
245046,11262
211383,11262
251967,1370
204375,1304
204375,1304
176403,11490
176403,11490
208116,59822
206076,59822
203673,35846
129081,57414
129081,57414
162957,62170
153885,63510
221115,30500
208881,33886
211965,33886
202959,57414
202959,57414
207387,10652
228564,30500
204054,30500
204054,50718
237252,10652
237252,10652
204228,63188
184635,62170
184635,63188
184635,63188
179088,11262
207999,62376
207999,1370
212256,63188
172056,39186
172056,39186
183105,48298
183105,48298
153765,10652
228687,1304
207144,33886
247134,50718
247134,50718
208899,56714
201837,56714
211542,34092
251721,56714
208545,56714
188685,30500
188685,30500
194229,63360
162810,54290
167316,56696
229341,57414
61692,50274
177474,56714
232035,49888
165744,57414
210876,57414
252618,57414
188700,62378
164970,50718
61692,39186
65640,63510
207498,30500
68676,30500
68676,30500
68676,30500
155403,30500
231096,59822
208758,63510
208758,63510
63867,57414
198882,33886
198882,63538
247983,57414
206361,57414
206361,57414
208566,62376
210678,62376
237300,1370
205665,62376
222306,1370
222306,1370
237300,1370
203322,1370
210678,1370
210678,1370
203316,1370
203316,1370
203310,1370
227115,1370
212448,33886
212571,1370
242412,1370
212571,1370
242412,62376
219048,63510
153960,57414
176403,3382
249633,63510
232029,56714
206940,124
206748,124
186174,63218
206376,35732
206376,35732
229473,35732
229473,35732
154404,30500
197529,56714
197529,56714
212526,30500
208491,56714
221526,56714
208491,56714
221526,56714
208491,56714
215112,50274
252177,56714
252177,56714
252177,34092
207600,50718
246711,61280
183450,50718
183450,30500
163554,61280
203199,63510
154740,10652
210615,61348
193965,63360
198867,62378
198867,57414
158742,50716
62811,63188
226662,10652
204780,34092
204780,56714
203871,56714
207600,63188
222204,35732
222204,56696
206361,63188
206361,63188
247983,63188
232455,35846
61899,35732
61899,56696
206439,57414
206439,57414
208473,63188
225393,33534
225393,33534
205659,56714
213513,57414
242409,63510
155043,63188
204522,63188
204522,63188
203082,62074
203082,62074
154779,60
249687,63510
249687,63510
210186,62074
165132,1304
208758,63188
214998,59822
210141,30500
246720,30500
210141,30500
232656,1304
154560,1304
232656,1304
244680,10652
244680,10652
208485,50716
208740,63510
208740,63510
208485,63510
165744,63188
252618,62170
210876,63188
210876,63188
188700,63188
188700,63188
208788,62944
206748,35732
206748,35732
206940,35732
206481,54096
206481,54096
206481,54096
203055,63510
203073,63510
203646,63510
203388,30500
219456,30500
241305,1304
241305,1304
200964,54096
200964,54096
249294,1370
249294,62376
203214,63510
203214,63510
188106,63510
212442,55798
219450,63538
210981,35846
162984,1370
204795,63188
204795,63188
204795,63188
203724,63188
223089,62378
192549,56714
192159,56714
203232,56714
192159,56714
223518,56714
231900,1304
231900,1304
239247,33886
213513,63188
203517,56714
233091,10652
200964,62944
200964,62944
200964,49888
198855,63188
198855,62170
198855,63188
71274,11490
191553,1304
240912,56714
203388,56714
191232,124
191232,124
193323,35732
193323,56696
183672,62170
186078,10652
186951,10652
207084,35732
187806,59394
187806,59394
212301,63188
212301,63188
212301,63188
178458,59396
178458,59396
206868,50716
206868,63510
206868,63510
193965,32496
207996,35732
64734,35732
64734,35732
212748,30500
246216,57414
244731,62274
244731,59396
206847,1370
206847,62376
154821,10652
208554,1370
201030,63510
201030,63510
154713,59394
71271,63136
237252,35732
237252,35732
198981,62074
198981,62074
238068,59822
211761,1304
211761,1304
153960,59822
241824,10652
188637,30500
188637,30500
242442,33886
242442,33886
208533,57414
208482,57414
208533,57414
208482,57414
75723,10652
228741,62074
191553,57414
191553,62378
191553,57414
172056,33886
172419,61280
242412,56714
242412,56714
203868,30500
61305,10652
203670,10652
186216,63188
186216,63188
227469,63510
227469,50716
63867,30500
198801,10652
183675,56714
206481,62378
200502,63510
208821,63510
200502,63510
208761,63510
206076,30500
203268,30500
203445,30500
203256,30500
203256,30500
248178,1370
248178,1370
206076,62170
203256,63188
205959,63510
206304,10652
206304,10652
153279,62170
234093,35732
234093,35732
203106,35732
198210,63188
198210,63188
167676,34092
228564,56714
204054,34092
206448,62860
193323,62944
193323,62860
193323,62944
181149,10652
207822,62170
206772,63188
228060,62074
242151,33886
242151,63538
242151,33886
219030,35732
249294,10652
68568,56714
207129,57414
204093,30500
204093,30500
171939,63188
171939,63188
171939,63188
230091,63538
186177,54096
186177,54096
153084,63510
65577,62378
220728,62274
244287,54290
183213,33534
245631,30500
187734,56696
212469,57414
162810,63360
156057,62944
217620,1304
217620,1304
179088,1304
200364,57414
195582,57414
205353,10652
201564,62074
201564,62074
201564,62074
246627,62074
203301,62074
128502,1370
128502,1370
232068,50718
232068,30500
203166,57414
203166,57414
72045,62376
72045,1370
72045,1370
72045,62376
195723,63418
209184,57414
153756,56714
153756,56714
187839,1370
187839,62376
187839,1370
205659,63510
203871,50716
72645,50716
203871,63510
72645,63510
187962,33886
154494,10652
206427,1304
182292,63510
182292,63510
207129,63188
207129,63188
188604,62376
188604,62376
191256,1370
235335,1370
253308,11262
157500,33886
203073,56714
238611,56714
203073,56714
203073,56714
206940,61280
166128,61280
230010,63188
186078,57414
186078,57414
153960,63188
153960,62170
154245,33886
244446,63188
59700,30500
211950,16358
186327,30500
186327,30500
251625,33886
190776,62944
88920,50716
88920,63510
164007,35732
164007,35732
204780,30500
204780,50718
203871,30500
176607,62378
205995,63510
249567,63510
157236,50716
162957,56714
230091,62944
230091,49888
253308,1370
253308,62376
186942,35846
186942,35846
211386,35846
211386,35846
225501,63360
217848,39186
212256,11262
187707,63218
174195,62378
205659,30500
187806,3382
187806,3382
154509,57414
195507,63188
195507,62170
195507,63188
208485,62376
208740,1370
208740,1370
208740,1370
248871,11262
194388,11262
253098,11262
236766,11262
253098,11262
167451,50716
252210,1370
203166,33886
206673,62378
210840,57414
206673,57414
154869,1304
154869,1304
206799,63538
212301,33886
206850,33886
206850,33886
222438,56696
72483,50274
72483,50274
72483,50274
205191,63538
199242,33886
192564,62074
60864,16358
194409,30500
154881,10652
216498,56714
210141,50716
248178,56714
210933,1370
210933,62376
173667,35732
69060,56714
69060,56714
216123,34092
69060,56714
164007,63188
198981,39186
156057,35732
235299,56714
235299,56714
155034,1304
210408,57414
213978,63538
176403,63136
212256,57414
212256,57414
212256,57414
218958,35846
223776,39186
223776,39186
242232,35732
229473,63510
229473,63510
186951,63510
186951,63510
244278,63510
211815,63510
211815,50716
211815,63510
216498,62376
216498,1370
216498,1370
204057,30500
231459,34092
128526,35732
197799,1370
197799,1370
246150,50718
246150,30500
246150,50718
246150,30500
246150,30500
203274,1304
203274,1304
196722,1304
196722,1304
219231,10652
219231,10652
62337,62274
62337,62274
62337,59396
234093,35846
206481,62074
195372,63188
248871,1304
236766,1304
165126,1304
248871,1304
253098,1304
253098,1304
165126,1304
65058,1370
246711,33886
182556,1304
182556,1304
157500,62944
207618,50716
207618,63510
203673,57414
203673,57414
234297,39186
153303,62074
167451,62170
154881,56696
226662,63510
252177,63188
252177,62170
210843,35732
249216,35732
207102,56696
251442,16358
251442,16358
206433,33886
206433,63538
206433,33886
206442,33886
206349,33886
236226,63538
208821,1370
183645,63510
237840,35732
238263,33886
212748,1370
155055,56714
155055,56714
155055,34092
246987,50718
249633,33886
208806,34092
208500,56714
227616,30500
167364,1370
215112,59396
215112,55798
216822,63188
198855,62378
183786,1370
192159,30500
154011,63510
249342,35846
249342,35846
246858,59396
153792,33886
153792,63538
153792,33886
64959,63510
64959,63510
220632,57414
224631,63510
236655,63510
217782,32496
252057,50274
252057,50274
203733,56714
203733,56714
184485,10652
208788,39186
208788,39186
229539,33886
229539,33886
212445,63538
212445,33886
212445,33886
212445,33886
212445,63538
153885,35732
153885,35732
191553,62170
191553,63188
191553,63188
88920,1304
88920,1304
204144,35732
204144,35732
215298,30500
244731,63218
183921,50716
183921,63510
183921,63510
233427,1370
233427,1370
224211,63538
217848,62944
217848,62860
217848,62944
207339,39186
203460,57414
186384,56714
186384,56714
212211,57414
213114,57414
247956,57414
247956,57414
249222,56714
249222,56714
154245,10652
220269,61348
206940,59394
206748,59394
206748,50272
154542,57414
242409,10652
198882,49888
198882,62944
187806,32496
227238,10652
227238,10652
128604,63188
209622,33534
209622,33534
157185,30500
197595,30500
197676,63188
197676,63188
66918,63188
66918,62170
154509,63188
64353,1304
64353,59822
64353,1304
197673,63188
198573,35732
72045,50718
72045,30500
72045,30500
245154,63510
245154,50716
154119,34092
242388,59394
242388,50272
154803,62378
222438,10652
165915,50718
165915,30500
212448,39186
248013,1304
248013,1304
186384,30500
212433,50718
195378,30500
195378,50718
227988,10652
220302,63510
222843,30500
223089,10808
223089,10808
223089,10808
232269,59396
212775,35732
62817,54096
173940,30500
207219,63510
235932,30500
245631,56714
203517,57414
191316,11262
71271,52918
245976,57414
245976,57414
232404,30500
232404,50718
203871,63188
204780,62170
203181,63188
204780,63188
204780,63188
153312,30500
153312,30500
154041,10652
154041,10652
189045,10652
206748,32496
184950,63510
211524,63540
204243,57414
242409,56714
188100,35732
249222,30500
162624,62170
212211,33886
212526,10652
244287,32496
166005,10652
174087,63510
212469,50274
165684,34092
62817,59396
158685,56714
249081,33886
158274,30500
247989,63510
247989,63510
186177,57804
186177,57804
71301,63188
232065,53160
251253,1370
61977,56714
61977,56714
188787,30500
209697,30500
60864,63188
197799,34092
183789,35732
227973,63538
210834,33886
210834,33886
212112,30500
203274,30500
64218,30500
203271,62170
212112,62170
203274,63188
211683,62378
211683,57414
242442,63188
242442,62170
242442,62170
221331,54096
208533,56714
208533,34092
191256,63510
71766,35732
71766,56696
71766,35732
174087,10652
227469,61280
206364,61280
63867,56714
231900,57414
231900,57414
249294,62378
247878,1370
226662,1304
226662,1304
226662,1304
61908,57414
212181,30500
128538,57414
128538,57414
203820,16358
253053,57414
250221,50272
61908,30500
63867,63510
231900,63188
238218,63538
251253,56714
154869,63188
153138,30500
232269,35732
212211,63188
246150,10652
204144,50716
153675,62378
219048,33886
207996,30500
166002,33886
166002,33886
186990,57414
204519,39186
204519,39186
227988,57414
61899,59396
61899,59396
225501,63218
225501,63218
128763,56714
128763,34092
194601,36720
194601,36720
246720,10652
208473,10652
242430,30500
211473,63510
228060,63510
198945,50716
198945,63510
156225,1370
244005,39186
242151,49888
172590,63510
196311,1304
207828,1304
207828,1304
248682,59822
206856,57414
206958,57414
206958,57414
206856,62378
181101,62860
206748,51974
183789,30500
221331,35732
221331,56696
210690,63510
210690,50716
208572,50716
208521,63510
208572,63510
61908,34092
61908,56714
198057,56714
154434,63188
154434,63188
179700,63188
206496,35846
193323,10652
207240,57414
188100,63510
206952,33886
206952,33886
188961,30500
231663,1370
203241,10652
182565,62074
206952,63510
233040,1304
186438,35732
71274,33534
194601,63220
209073,30500
207993,10652
210171,10652
199479,10652
212448,1370
186942,62170
207216,10652
250977,62074
128469,62074
128469,62074
206952,54096
158274,56714
212526,57414
212526,57414
198867,1304
198867,1304
198867,1304
209184,56696
224211,62944
238263,62074
167451,1304
204243,63188
251631,1370
251631,1370
171702,30500
171702,50718
62811,30500
64272,10652
187101,10652
187101,10652
204762,59822
227670,1304
252210,56714
154770,30500
206427,62074
197673,35846
206496,62170
206481,124
198210,1370
198210,62376
193323,63360
222759,63510
238293,63218
210114,63510
210114,50716
237195,63510
197286,54096
25749,32496
25749,32496
242439,50718
183468,63188
183468,63188
62337,30500
212721,30500
211683,1304
248061,63510
203532,50716
203532,63510
208518,56714
206439,63510
234297,59396
241305,30500
229527,63510
194790,33886
194790,33886
176403,48298
71766,63188
71766,63188
71766,62170
64845,34092
221526,1370
221526,1370
208491,1370
208491,1370
65052,1304
72645,50718
153402,50718
242619,63538
242619,33886
186933,30500
186933,30500
62337,10652
197286,63136
197286,63136
62817,57804
62817,57804
62817,57804
244680,63510
244680,50716
244680,50716
208092,10652
242505,1370
203502,62074
66378,62074
192768,62074
63582,62074
238377,62074
203052,62074
63582,62074
192771,62074
216648,62074
192771,62074
192771,62074
251085,62074
192768,62074
238377,62074
230010,57414
129081,62074
234156,33886
220095,1304
220095,1304
224874,57414
171939,10652
251235,63510
203796,39186
221331,124
181149,35732
252081,33886
211767,56714
211767,56714
206496,63186
199044,33886
199044,33886
186378,63510
186378,63510
251829,1304
251829,59822
251829,1304
218121,1304
158658,62170
189012,56714
252696,1304
186987,63510
221331,63218
221331,63218
207927,63510
157224,35732
157224,35732
153669,63188
153675,63188
188604,59822
191232,63360
191232,63360
211950,63186
211950,63186
230010,56714
212745,63188
210690,56714
208572,56714
242388,63186
253146,63418
191247,63418
253146,39186
207339,63188
64218,59822
64218,1304
187806,48298
231102,56714
231102,56714
154551,56714
178830,63186
178830,63186
183489,63186
183489,63186
252081,1370
158499,62074
248061,30500
248061,30500
228729,35732
209073,1370
155556,63510
203166,56714
203166,34092
203790,30500
163044,35732
163044,35732
213114,1370
213114,62376
241026,62376
213114,1370
206406,33886
192942,33886
192942,63538
206415,33886
207150,33886
207150,33886
227829,33886
206406,33886
195447,33886
206415,33886
63690,33886
184488,11262
153792,61280
253053,63188
253053,62170
183195,61348
251235,30500
234018,56714
180495,56696
180495,56696
242439,35732
128604,34092
128604,56714
206361,63510
247983,50716
209796,61280
229539,59396
229539,59396
206439,1304
206439,59822
77484,50274
62337,63510
205959,35732
205959,35732
182292,10652
155085,56714
236775,57414
204762,63188
203247,63188
204762,62170
229620,55798
229620,62274
248706,56714
248706,56714
206637,63510
209094,57414
25743,35846
25743,35846
198279,54096
188637,50716
241389,10652
153888,10652
154827,59822
154275,59822
154275,1304
154275,1304
184488,62170
249513,39186
208515,49888
211965,62860
211965,49888
181203,1370
179838,11262
179838,11262
165687,11262
167316,62944
167316,62944
128901,39186
204411,50718
205659,62170
225480,63188
205659,63188
203700,63218
246720,35732
210141,35732
210141,56696
167082,1304
156057,59396
247989,10652
247989,10652
252405,62378
212469,35732
174513,35732
174513,56696
174513,35732
222759,62376
154167,33886
224631,34092
210171,50716
216822,39186
233091,50718
65598,61280
248205,10652
203646,56714
88920,35732
166437,50718
206979,35846
153600,35732
206364,60
206364,60
188196,62074
188196,62074
188196,62074
167676,35732
228564,35732
203661,56714
229341,30500
229341,30500
167571,63510
228315,56714
191250,56714
186438,63188
186438,63188
154275,63510
181101,62074
212574,30500
215247,56696
212220,3382
212220,3382
212220,3382
209796,39186
232614,56714
155055,35732
206772,57414
206964,62378
205659,10652
183921,56714
207222,35732
249855,56714
249855,56714
249855,56714
203511,56696
203511,35732
155271,50718
163044,57414
219450,57414
203790,1304
244446,57414
224931,57414
224931,57414
212220,33534
228315,1304
221331,63136
164337,63510
164337,63510
246150,35732
246150,35732
247983,1370
206361,1370
243546,1370
243546,62376
247983,62376
163554,50274
251643,63510
251643,50716
251643,63510
251643,50716
205959,57414
205959,62378
252081,57414
207339,57414
198945,57414
198945,57414
198945,57414
64860,57414
167364,30500
207600,10652
251442,32496
246963,59394
128526,124
128526,124
251382,56714
241203,56714
252396,62944
252396,62944
210978,62944
206856,33886
251493,33886
206664,33886
206928,33886
238572,33886
251493,63538
238572,33886
207222,30500
207222,30500
247974,62378
219030,10652
231663,33886
210795,34092
240852,16358
212745,16358
206442,62378
206433,57414
206433,57414
206442,57414
237252,62170
153867,63188
252396,56714
244680,35732
244680,56696
212748,63188
212748,63188
212748,62170
155388,50718
222204,30500
222204,30500
190113,57414
203259,56696
188937,1304
239247,10652
206427,33886
206427,63538
154011,30500
154011,30500
187734,30500
247986,33886
206451,33886
228060,33886
228060,33886
242442,1370
248706,1304
204480,57414
219030,57414
176643,63188
176643,62170
206481,63186
247632,33886
154707,61280
154707,61280
157416,57414
157416,62378
242439,57414
211476,49888
194229,10808
188106,56714
188106,56714
186933,39186
244173,35732
186174,63136
60888,63220
154956,56696
154956,35732
154956,35732
195507,63510
232410,30500
232410,30500
63873,10652
197529,63188
191232,63218
154803,10652
167316,63186
167316,63186
155043,59822
246711,62944
246711,62944
246711,62944
67371,63510
60888,51974
167571,63538
237840,63218
232614,59822
250974,63510
192564,36720
154167,63418
154167,63418
155085,62378
178830,16358
178830,16358
186378,63186
206376,51974
206376,51974
206439,62074
203724,33886
213885,32496
153315,30500
231876,33886
231876,33886
203460,56714
212283,57414
214998,50274
204228,56714
212301,50716
212301,63510
212301,50716
212301,63510
211473,35732
67740,35732
210168,63186
210168,63186
165786,50716
165786,63510
167364,33886
167364,33886
25749,59394
204522,10652
203811,34092
206304,63510
206304,63510
158658,30500
158658,30500
167136,50718
222204,10652
163482,39186
187101,30500
172503,50716
72045,62378
72045,57414
72045,57414
206358,35732
234297,62944
243789,50274
154758,1370
228687,1370
242409,1304
242409,1304
203106,10652
61899,62944
61899,62944
61899,62860
247956,30500
247956,30500
252774,33886
205122,33886
250629,63538
192771,33886
192756,33886
203889,33886
252375,33886
203052,33886
63582,33886
203502,33886
158016,33886
205122,33886
59703,33886
192756,33886
192756,33886
66378,33886
59703,33886
192771,33886
203889,33886
199860,33886
63582,63538
203058,33886
148782,33886
240990,33886
203058,63538
192768,63538
66378,33886
203058,33886
209976,30500
209829,30500
191256,30500
206412,35732
66465,30500
206667,35846
206664,35846
206670,35846
206670,35846
219231,33886
219231,33886
204771,10652
154869,30500
227115,56714
249297,63188
249297,63188
240852,11262
212745,11262
56871,56696
56871,35732
223728,33886
222750,62170
222750,63188
242442,63218
204222,63188
154167,62074
154167,62074
165045,10652
165045,10652
231057,54096
167256,50716
251142,57414
154797,56696
154797,35732
183672,63510
183672,50716
212721,33886
154698,57804
154698,57804
72483,62944
72483,62944
208341,49888
212748,33886
212748,33886
198873,62074
71409,62378
71409,57414
225669,1370
225669,1370
224931,63188
164064,62074
247956,10652
210186,61280
197802,1304
203796,57414
203796,62378
208524,35732
183921,62170
165045,63510
165045,63510
241026,56714
213114,56714
213114,56714
213114,34092
186216,57414
186216,57414
166599,56714
69249,63510
210897,57414
210897,57414
207078,62378
206442,50716
206433,63510
208479,63510
208482,63510
203460,50716
203460,63510
188604,56714
64734,63188
64734,63188
64734,63188
66915,62378
174087,56696
251967,63218
251967,63220
251967,63220
186990,50716
186990,63510
208515,35732
246963,51974
251142,50718
186384,62074
186384,62074
251643,56714
251643,56714
251643,56714
183387,62074
228729,10652
228729,10652
237840,36720
187224,30500
67764,30500
203460,30500
203460,50718
154797,39186
154797,39186
154797,63418
154797,39186
208524,39186
208524,39186
223518,63510
192159,63510
203232,50716
248013,56714
183789,10652
183789,10652
162810,57804
223968,62944
206355,63510
163578,62378
218121,62170
206646,63188
210897,63188
207078,62170
207078,62170
211524,32496
207222,33886
155097,63188
155097,63188
154578,56714
154578,56714
195372,62376
195372,1370
186327,50716
217848,35732
217848,56696
212571,10652
155403,63418
198534,56714
161403,35732
129081,30500
190113,63188
163377,56714
164871,63188
249579,57414
245976,10652
222759,34092
229539,54096
187797,54096
187797,54096
191226,10652
250653,35732
250653,35732
207387,50718
212283,62170
187962,35732
187962,35732
188853,35732
241263,30500
207828,1370
248682,62376
207828,1370
205107,1370
248682,62376
248682,1370
187839,56714
216123,1304
69060,59822
69060,1304
228024,10652
246711,63360
209622,62378
209622,57414
209622,57414
156063,30500
156063,30500
192564,51974
229620,63510
187101,63510
187101,50716
187101,63510
177921,34092
203322,35732
164007,62378
227292,50272
182565,61280
165312,56714
184950,10652
182295,57414
153312,10652
206745,57414
139272,57414
206745,62378
207156,57414
182565,63360
206625,33886
206637,63538
206358,33886
206358,33886
194208,33886
206358,33886
194208,33886
208758,50274
166356,35732
191238,63538
181371,50718
181371,30500
211749,50718
207156,33886
206745,33886
156486,63510
156486,50716
197835,30500
197835,30500
158610,35732
207366,35732
203733,57414
218061,57414
218061,57414
192564,33534
194790,50716
203454,57414
235335,54096
205662,33886
227115,33886
205665,63538
210678,63538
229527,30500
228024,1304
195771,10652
211383,63186
252618,1304
226848,1304
226848,1304
188700,1304
205740,56714
153867,57414
194082,57414
229977,63510
210615,124
204228,50718
163131,50274
163131,50274
179790,35732
199479,35732
210171,35732
227616,1370
208068,56714
241305,56714
241305,56714
241305,56714
172503,30500
204657,62944
204657,62944
154740,56714
154740,56714
154743,56714
154743,56714
173796,63510
243408,50718
252480,10652
128538,62376
128538,1370
128538,1370
203178,16358
203178,16358
210978,54096
242442,63186
61482,57804
222438,63510
153756,56696
232827,35732
179853,30500
179853,50718
222516,1370
63876,62074
206451,57414
206451,57414
228060,57414
206745,35732
207096,35732
139272,35732
250782,50716
207618,62074
205959,30500
205959,30500
218121,49888
207588,62170
61305,62170
226140,62378
186216,50718
186216,30500
186216,30500
206772,1370
206772,62376
206772,1370
212220,50720
249063,56696
61305,56714
247983,33886
243546,33886
206361,33886
206361,33886
154758,1304
206427,57414
231144,49888
237252,57414
216822,62944
154770,63510
222204,63510
249342,61280
188937,30500
188937,30500
188787,61280
218673,63188
251619,57414
251619,57414
228060,63188
228060,62170
206451,63188
154068,63510
190152,63510
211473,30500
211473,50718
251106,62944
227292,63360
196311,50718
234018,1370
234972,1370
234018,1370
154821,33886
248373,63538
249486,63538
208533,1370
238878,62074
164661,50716
179496,61280
225672,59822
208350,50716
66924,62170
153072,59822
153072,1304
230028,51974
206988,63510
207102,63510
207102,63510
249216,63510
207102,63510
218121,63218
219450,56696
215247,39186
165726,39186
203328,56714
183492,33886
191232,50274
204483,63188
204483,62170
161526,63510
183492,54096
236226,59396
236226,62274
153141,63188
129081,1304
129081,59822
222750,57414
222750,57414
246099,39186
246099,63418
205191,59396
238263,39186
215247,33886
216495,1304
216495,59822
233970,33886
231096,1370
183786,11262
183786,11262
186078,63510
186078,63510
241305,63188
238608,62378
208506,62074
188343,63418
208476,1370
208503,62376
208503,62376
208722,62376
196455,62376
69249,30500
69249,30500
210933,1304
186327,10652
186327,10652
218121,34092
181371,62074
181371,62074
222540,63510
203796,63220
203796,63218
239115,1304
239115,1304
242442,54096
194208,10652
203142,63510
192627,56696
186933,10808
187395,63188
167136,57414
188847,56714
154953,34092
250275,33886
207102,33886
207102,33886
158610,33886
206988,63538
250749,33886
207129,33886
249216,33886
207129,33886
250275,63538
186078,35732
186078,56696
128604,62378
128604,57414
251169,34092
66879,56714
66879,56714
66879,56714
206433,10652
206433,10652
206433,10652
176403,50720
239115,62170
195378,63188
251085,62860
192768,62860
192768,49888
66378,62944
220170,62944
223554,49888
63582,62944
203100,49888
252774,62944
192771,62944
203058,62944
229521,62944
203127,49888
203058,62944
203574,62944
199860,62944
216648,62860
129153,62860
216648,49888
250629,62944
224145,62944
252375,49888
203502,62944
203052,62944
238377,62944
224526,62378
227310,35732
208788,35732
206412,62074
244005,54096
159033,63510
167082,1370
167082,62376
167082,1370
204522,63510
154041,35732
154041,35732
158658,57414
202959,33886
202959,33886
241389,63510
154698,50274
154698,50274
165927,10652
165927,10652
65640,30500
203055,1304
194409,59822
212637,35846
238827,35846
242232,35846
242232,35846
64218,39186
64893,57414
249513,33886
61305,33886
217848,50272
217848,59394
207105,57414
153204,10652
249297,10652
180495,63188
208572,1370
208521,1370
210690,62376
210690,1370
188787,63540
153204,50718
153204,30500
153792,39186
60864,57414
188700,39186
188700,39186
165744,63418
153756,50718
153756,30500
153756,50718
203673,11490
211989,63188
200508,63188
200508,63188
157938,57414
203733,10652
218061,10652
203733,10652
72045,62170
72045,63188
72045,63188
153720,56714
153720,34092
211533,51974
211533,51974
64353,11262
64353,11262
206364,59396
206364,62274
192735,56714
211761,57414
238068,62378
245976,35732
206364,36720
154953,63188
220095,62170
201030,33886
163482,63538
251106,33886
206952,10652
242409,30500
220728,124
167364,39186
66033,57414
211815,33886
244278,33886
211815,33886
68676,39186
235299,62074
154119,30500
209976,35732
209829,56696
209976,56696
209976,56696
209976,35732
187221,50718
187221,30500
153048,63188
203661,50718
203661,30500
153315,63510
153315,50716
153315,63510
198552,56696
61482,10808
203460,10652
165126,62376
248871,1370
194388,62376
194388,1370
194388,1370
194388,1370
236766,1370
253098,1370
253098,1370
248871,1370
165126,1370
253098,62376
171684,1370
171684,1370
155097,56714
198882,63188
198882,63188
158658,35732
165687,16358
179838,16358
179838,16358
251619,3382
206670,63510
238572,63510
206928,63510
206667,63510
206667,50716
206670,50716
157224,30500
247962,30500
210615,54096
210615,54096
205740,63188
206955,62378
206955,57414
196302,57414
196302,57414
206418,10652
198210,57414
238068,63538
247962,63510
154404,57414
154404,57414
64299,33886
64299,33886
157416,35732
223089,60
223089,60
209880,34092
207144,57414
221751,57414
207144,57414
154551,62378
154542,63188
206763,63188
65577,1304
229539,63218
195249,50716
64845,63188
187974,10652
187974,10652
194409,10652
215247,59822
218958,61280
210627,30500
211386,57414
211386,57414
211386,62378
249294,33886
174279,10652
244731,50274
207366,10652
207102,10652
206823,10652
206376,63360
155031,35732
239115,50716
206952,57804
128538,10652
187263,63188
179436,63188
96444,30500
250020,30500
203280,50718
209880,50716
209880,63510
198792,63418
196302,62170
196302,63188
244731,1304
183390,60
153279,35732
224631,10652
236655,10652
210954,10652
75723,56696
75723,35732
75723,56696
239508,30500
164970,56696
215112,63510
128538,30500
161403,33886
161403,33886
252066,10652
207222,62944
210633,50716
210633,63510
242442,49888
234297,63538
208554,63538
208554,33886
208590,63538
208554,33886
209976,10652
205815,1304
205815,1304
248250,30500
248250,30500
203241,30500
225699,34092
225699,56714
242415,62170
212220,48298
220269,3382
220269,3382
154821,1304
248706,63188
206964,56714
206772,56714
206772,56714
249342,1370
25743,16358
25743,16358
158274,10652
203775,10652
183387,39186
183387,63418
200364,10652
154743,56696
162984,57414
238887,10652
219381,10652
203775,62170
248796,63418
248796,39186
247260,57804
204483,57414
204483,57414
182556,57414
153150,63510
217848,51974
207999,63538
213102,63218
209796,10808
206952,63218
206952,63220
186216,10652
199854,62944
199854,62860
199854,62860
199854,62860
212478,63510
139272,10652
139272,10652
167364,54096
166362,33886
206514,63188
206484,63188
162810,3382
155337,10652
155337,10652
252396,35732
181101,59396
181101,55798
181101,59396
226140,1304
203673,33534
216948,62074
222438,33886
209622,62860
209622,62944
244971,59396
206847,34092
206847,56714
183789,63188
183789,63188
234156,63510
234156,63510
180195,1304
203166,62170
225396,57414
167136,10652
233970,61280
216108,61280
183468,56714
183468,56714
186438,30500
186438,30500
248013,10652
245046,62074
186216,63510
186216,50716
197676,34092
197676,56714
206625,56696
238218,35732
207339,57804
128526,59396
128526,59396
128526,62274
128526,55798
210342,10652
206415,63188
198990,63188
206784,63188
206415,63188
207147,63188
227829,63188
207150,63188
206784,62170
250284,50274
228564,39186
64299,63510
64299,63510
64860,30500
64860,30500
183672,10652
212430,61280
212748,62074
212748,62074
186438,63510
186438,50716
203256,56714
208116,34092
203790,56696
166995,62074
208788,63188
61935,35732
205995,33886
60888,62944
60888,62944
250977,56714
250977,56714
188106,30500
248724,30500
248724,30500
248724,30500
184485,56714
243408,10652
213114,33886
213114,33886
213114,33886
241026,33886
204375,30500
204375,30500
204375,30500
154404,62170
154404,63188
203082,56714
203082,56714
242232,39186
242232,39186
242232,63418
186174,57804
208758,33886
249063,62074
205905,57414
205905,57414
203661,57414
250434,54096
182442,56696
165786,35732
154434,56714
198873,63418
198873,39186
153315,10652
153315,10652
211632,50718
194082,50718
194082,30500
208485,33886
251631,33886
208740,33886
251631,33886
208476,63538
222894,63510
154542,63510
250284,61280
203280,57414
96444,57414
241263,63188
220713,35846
176607,50716
232410,63510
183921,10652
208092,63510
248706,57414
155085,10652
210840,63538
206673,33886
195372,62378
183492,63360
183492,63360
249207,34092
244404,63360
225396,10652
157938,56714
247878,56714
157938,56714
157938,56714
224169,54096
224169,54096
66777,63538
66777,33886
176643,57414
176643,57414
154803,35732
154803,35732
154803,35732
209880,57414
75723,63510
211533,63540
222906,59396
210408,56714
205812,56714
205812,34092
154494,63510
207996,63188
223728,16358
223728,16358
203145,1304
203145,1304
205947,1304
203241,59822
248250,1304
205353,30500
247974,10652
174513,50716
174513,63510
129135,54096
194082,62074
194082,62074
181110,60
252480,35732
225699,30500
198855,50716
205740,30500
205740,30500
229620,35846
211533,57804
65640,35732
65640,35732
185067,62074
185067,62074
210978,35846
203073,35732
203073,35732
248013,30500
248013,50718
153024,30500
236226,63218
236226,63218
209976,63510
209829,63510
209976,63510
161526,10652
161526,10652
187395,63510
187263,10652
206847,62170
206847,63188
222759,56696
224931,56714
206952,62944
206952,62944
208893,63188
208806,63188
208500,62170
210615,10652
210615,10652
228024,56696
211527,32496
189009,30500
72117,30500
211047,30500
251967,62274
251967,59396
251967,59396
251967,55798
247974,63510
155085,63188
206367,33886
206367,33886
210897,33886
62337,54096
200502,33886
200502,33886
200502,33886
62817,16358
164457,57414
164457,57414
164457,57414
72045,59396
179853,50274
163377,62378
237840,59394
208488,39186
246150,39186
181101,50274
247962,10652
59700,35732
59700,35732
67314,63538
67314,63538
203073,33886
238611,33886
203073,33886
203073,33886
210933,60
205188,62170
210129,63188
72918,63510
157236,35732
249567,35732
231900,10652
187707,3382
242442,59396
242442,55798
242442,59396
208116,33886
203256,33886
203256,33886
203268,63538
208116,33886
225351,50716
225351,63510
225501,32496
207999,35732
198792,35846
191556,34092
209796,62944
208575,59396
227310,55798
227310,55798
208575,55798
227310,59396
208788,62274
208788,59396
208575,59396
227310,59396
223728,35732
219030,63510
156489,33886
211947,57414
187707,36720
61935,30500
227238,62378
153315,62074
249297,62378
204519,33886
154797,33886
154797,33886
154797,33886
212445,62378
207618,35732
207618,35732
207618,35732
198882,56696
61908,35732
198057,56696
165684,16358
208899,10652
201837,10652
206955,56714
242409,56696
188604,62378
207339,36720
244680,63538
243789,49888
231282,62944
191226,50718
225501,16358
225501,16358
2061063,56714
186990,30500
60888,36720
247134,57414
65313,30500
203454,10652
224280,10652
182292,63538
191451,30500
191451,50718
184950,56696
184950,35732
184950,56696
184950,35732
229536,39186
212448,62860
212448,62944
154098,50718
154098,50718
205353,35732
205353,35732
193323,63418
206448,39186
235299,30500
203151,50718
160029,35732
207330,63188
207330,62170
207330,63188
207330,63188
184104,57414
207993,50718
179790,30500
179790,30500
207087,62378
176607,10652
206439,10652
223776,63360
153303,124
203796,59394
206847,57414
229263,62170
248292,62170
229263,62170
128538,63510
128538,63510
183921,30500
183921,50718
187743,30500
69060,50718
190113,30500
238293,54290
232035,56696
203145,56714
203241,34092
248250,34092
205947,34092
203145,34092
203241,34092
203145,56714
250977,30500
199854,35846
227343,50274
206979,35732
207129,63510
207129,50716
203133,35732
203133,35732
217848,63360
182565,35846
186177,50272
216495,62376
216495,1370
204054,39186
206346,32496
158274,1304
203775,1304
212430,63360
227616,57414
61482,51974
203241,62170
186174,36720
247029,56714
191247,16358
191247,16358
191247,16358
154098,63188
204057,63510
188331,48298
188331,48298
153072,63188
203232,10652
209073,34092
209073,56714
209073,56714
209073,63510
68568,63188
68568,62170
237300,56696
210678,56696
210678,35732
210678,56696
237300,56696
237300,35732
237300,35732
237300,35732
205665,56696
205662,35732
250668,1304
239508,56714
194904,3382
155337,56696
248373,62944
248373,62860
161283,57414
250284,11262
72045,10652
72045,10652
196845,59394
197286,63188
197286,63188
197286,63188
203175,56696
188604,63188
188604,63188
218265,33886
153141,56714
207999,50716
207999,63510
165927,56696
227616,63188
227616,62170
227616,62170
212469,62074
208575,61280
192300,62074
179853,35732
165183,30500
192159,63188
208797,56696
212181,63188
200964,1370
153381,50716
206367,63510
206367,50716
61692,10808
216123,62170
69060,63188
62817,49888
206607,63188
153960,10652
252177,33886
154146,63510
194601,39186
129204,10652
237804,62074
237804,62074
217752,54096
250947,50274
225393,57414
225393,57414
180495,62378
161667,10652
203646,59822
203646,1304
157500,63220
210633,50718
210633,50718
207618,33886
211812,33886
244866,56714
244866,56714
244866,56714
203274,56714
196722,34092
196722,56714
188730,62074
187734,62074
154494,35732
207999,63188
185244,63510
203295,33886
203301,33886
203301,63538
203295,33886
198981,63538
72918,33886
72918,33886
64860,56714
212748,63510
206943,63188
155043,63510
186078,33886
200964,1304
200964,59822
207927,30500
186174,3382
211413,63538
211047,63510
211047,63510
195507,62074
212337,62074
203706,62074
212337,62074
184635,56714
198210,30500
248724,50716
248724,63510
174279,62378
174279,57414
204189,63186
249687,62944
248292,57414
210615,63510
62337,62944
62337,49888
62337,62944
62337,62944
183468,30500
183468,50718
183468,30500
165132,62170
61899,50274
208347,57414
208347,57414
172719,62170
222669,59396
206418,62376
206418,1370
206418,1370
72117,50716
72117,63510
231708,50718
231708,30500
203055,62170
210882,62378
210882,57414
203277,57414
203214,57414
195723,62944
195723,49888
177951,35732
63867,63188
180471,56714
128469,63510
128469,63510
203199,34092
206637,10652
157767,62074
207087,62376
207087,1370
211344,62944
244731,10808
183387,61280
183387,61280
210795,63188
244971,30500
244971,30500
241824,62944
181593,33886
159033,33886
159033,33886
181593,33886
159033,33886
238068,62074
238068,62074
165045,36720
242619,56696
208350,1304
208350,1304
232410,10652
175878,33886
188844,39186
183489,36720
25749,57804
154698,10808
154698,10808
216822,50274
216822,50274
221115,63538
154245,39186
157767,124
238032,63186
238032,63186
223776,63538
207240,62074
153381,33886
153381,33886
224211,62074
212586,34092
194082,50716
243789,63538
203151,59822
129081,63538
165312,63510
226662,35846
231459,50716
208872,63220
244158,30500
244158,30500
187386,57804
196722,33886
203274,63538
244866,63538
212112,33886
249342,39186
249342,63418
249342,39186
207600,33886
163101,62944
210981,62944
210981,62944
198981,62944
187962,57414
219522,1304
218265,1304
157854,63188
157854,63188
250977,63510
250977,63510
164457,56714
211965,124
224169,124
223389,33886
221751,63510
195378,62378
63876,57414
195378,57414
250947,39186
160029,39186
201798,50716
201798,63510
220269,62074
61908,33886
61908,63538
227988,33886
154743,50718
208554,10652
212433,63538
63876,33886
195378,63538
218121,35732
251829,56696
206460,35732
209793,63188
209793,62170
215985,39186
206496,33886
206496,33886
206646,10652
206367,56696
228948,63538
184104,50718
72561,50716
72561,63510
164064,10652
174195,63510
204222,30500
161283,63510
64353,57414
249342,63188
249342,63188
156486,39186
227295,39186
227295,63418
227295,39186
228729,63510
228729,63510
228729,63510
167082,63188
247878,57414
215112,62376
245631,1304
245631,1304
65052,63510
157398,63510
157398,63510
157398,50716
72483,54096
194229,61540
194229,61540
194229,61540
212637,49888
242232,62944
242232,62944
225672,63418
166995,62944
166995,49888
232410,1370
232410,1370
232410,62376
240912,63538
219381,30500
205662,10652
237300,10652
208566,10652
210678,10652
211047,10652
211047,10652
197286,16358
229536,62860
184635,30500
184635,30500
233091,35732
183492,59396
183492,59396
251142,35732
251142,35732
225396,50716
211140,30500
155388,33886
171702,57414
184485,16358
211767,62378
245868,63188
154803,56714
236520,39186
198882,59396
203178,30500
203502,10652
240990,10652
216648,10652
205728,10652
63582,10652
229521,10652
66378,10652
203052,10652
229521,10652
199860,10652
203127,10652
158016,10652
199860,10652
203058,10652
224145,10652
223782,63510
67740,63510
187797,63538
236115,63186
203790,57414
186384,39186
237300,62074
128604,30500
229527,54096
250653,59396
250653,62274
196845,51974
161667,34092
161667,56714
66465,62944
179853,63510
179853,63510
234864,10652
207243,61280
207243,61280
251442,35732
251442,35732
251442,35732
199242,63218
205191,63218
205191,63218
165045,62074
154887,50716
212448,54096
154881,39186
203820,62860
203820,49888
203820,62860
224874,57804
249981,36720
229539,35732
229539,56696
251829,16358
249573,57804
177921,30500
235335,3382
64734,30500
64734,30500
208806,62944
206958,63510
206856,63510
249795,1370
212550,1304
242388,16358
233559,35732
204768,57414
205740,57414
208476,62074
251631,62074
206673,63510
208092,56696
227310,62170
207330,35846
158658,63510
178458,50272
178458,50272
178458,59394
186933,50720
207330,16358
178068,63510
212301,56696
206799,56696
249486,63510
244404,56696
244404,56696
229527,39186
237252,63510
237252,63510
198801,39186
198801,39186
197286,51974
212445,63188
212445,62170
203820,59396
203820,62274
194409,56714
153756,63510
218673,57414
64734,10652
64734,10652
187224,10652
182442,50718
211140,49888
184635,63510
207222,59396
155337,62378
204222,57414
209154,62074
207996,62378
219021,50716
219021,63510
191238,63510
191238,63510
212232,33886
210615,56696
210615,35732
249981,1370
249981,1370
248550,56714
248550,56714
128538,62944
128538,62944
128538,49888
128538,62860
242556,56696
216498,63188
187806,11490
209970,62074
208473,63510
171372,33886
153309,62170
249981,63220
231663,56714
217752,50718
194601,62944
154077,57414
235335,50274
217872,56714
198210,61280
198210,61280
197673,63186
199242,32496
153048,57414
153048,62378
208761,62074
200502,62074
203214,10652
215112,30500
215112,30500
186177,63218
183789,33886
183789,33886
191223,33886
207219,35732
207219,56696
207219,35732
179853,57414
179853,57414
167364,57414
167364,62378
167364,57414
128526,62944
128526,62944
231102,63510
179436,57414
205659,33886
225480,63538
211476,59396
222750,63510
234093,59396
210393,59396
203106,62274
234093,62274
234093,59396
203106,59396
251169,1370
251169,1370
204144,50718
204144,30500
77484,62074
250653,39186
189045,56714
189045,56714
189045,56714
189045,34092
187386,1304
211524,35846
207105,1370
207822,63538
194883,10808
180495,34092
180495,56714
192549,50274
243390,30500
243390,50718
205353,62074
208821,10652
200502,10652
172161,16358
183813,10652
155097,63510
204657,16358
204657,16358
204657,16358
153423,63510
244446,63510
248724,1304
214968,33886
228315,35732
234021,63220
234021,63218
248724,33886
154779,57414
211236,33886
203151,63510
231663,63510
231663,50716
242151,62274
242151,62274
213114,63510
241026,63510
219048,39186
212256,10652
225276,10652
199854,62274
199854,59396
195723,63218
129264,50718
206823,35846
250275,35846
207267,35846
207267,35846
250275,35846
164871,62378
176472,39186
176472,39186
212442,63186
212442,63186
187386,57414
197286,57804
197286,57804
189012,50718
251643,63538
203829,62074
203829,62074
207105,59396
228564,33886
175266,63538
167676,33886
175266,33886
188787,50274
161787,63418
129135,49888
179853,61280
249795,50716
249795,63510
243390,59822
232068,63360
221331,53386
155085,30500
154890,59396
155085,63510
184113,50718
184113,30500
184113,50718
183213,60
243390,56714
65631,33886
204141,50718
233961,50718
204141,50718
183390,59822
183390,1304
242439,33886
129135,35846
204774,62074
212892,39186
77484,35846
232068,33886
232068,63538
184485,35846
203724,61280
203724,61280
68676,33886
68676,33886
154068,35732
208341,61280
188937,10652
188937,10652
159831,30500
159831,30500
226623,62074
242439,63510
249342,59396
208584,62074
211542,62074
208545,62074
72045,39186
72045,39186
204480,50718
63690,10652
203820,61280
226140,56696
249573,63188
249573,62170
172056,35846
156057,63136
173613,63538
213885,62376
174279,50718
204189,63510
210168,39186
210168,39186
212448,59396
215517,57414
251619,61348
225393,35732
72483,59396
208341,55798
157398,35732
244446,34092
215112,63538
129081,35732
129081,35732
184113,63418
219450,16358
227238,56714
180672,57414
198801,33886
206811,50716
192942,63510
206850,50716
195447,63510
206406,63510
61902,56714
251766,50716
229527,63218
229527,63220
203871,33886
203181,63538
203871,63538
188787,33886
212301,35846
228948,39186
244005,16358
226140,59396
154098,57414
227469,39186
187743,63510
62817,63218
211344,124
209799,63186
225669,35732
225669,35732
198210,54096
229737,30500
229737,50718
163377,1304
140277,62074
128526,32496
166002,32496
166002,32496
249207,62378
224526,10652
224526,10652
246915,62170
216822,11490
203784,63538
207105,35846
249981,57414
187707,63540
164064,35846
179853,57804
154797,54096
154797,54096
154797,54096
154119,50716
212433,10652
167451,10652
189045,35732
189045,35732
203301,63418
203301,39186
157398,33886
212748,63218
181203,1304
198855,35732
187839,57414
220302,35846
220302,35846
154890,11490
154713,57804
227343,63538
211413,39186
191256,63360
210954,50718
207087,61280
187806,61348
186933,33534
72930,53386
246099,124
71301,63510
204768,35732
204768,35732
248178,10652
248178,10652
153303,59396
153303,62274
209622,59396
209622,59396
153720,30500
128526,63360
128526,63360
216366,63510
162810,36720
162810,36720
153675,1304
244005,63186
209622,63220
248706,10652
61908,63188
61908,62170
61908,63188
61908,63188
186384,35732
249633,39186
64272,33886
66033,56714
66777,39186
250653,63220
250653,63218
155055,33886
154476,50716
251610,63510
154476,63510
206748,54290
206748,54290
192627,50716
192627,50716
206418,63510
206418,50716
206418,50716
210810,10652
186174,59394
188637,33886
198534,63510
140277,62378
204243,10652
209994,10652
203736,63538
203646,63188
245706,10652
154956,39186
179700,50718
235932,57414
196845,36720
65058,56714
69060,33886
203256,39186
203256,39186
161526,62074
208812,63510
203094,56714
244404,63186
159831,56714
204780,35732
72645,35732
230331,33886
232404,57414
249855,33886
249855,33886
238032,50272
66033,63188
203178,63538
206364,63510
206364,63510
165684,50716
234093,63218
203673,62944
203820,62074
219048,61280
77484,62944
154821,63360
232065,61348
204375,33886
204375,33886
210615,33886
210615,33886
210615,63538
253098,57414
253098,62378
165126,57414
208566,62074
62817,63136
157224,63510
211749,33886
235932,63188
240912,50716
192300,54096
192300,54096
198534,57414
192564,63540
192564,63136
232404,62170
206406,35732
206406,56696
206364,51316
228438,56714
228438,34092
247983,39186
206361,39186
206361,39186
128763,1304
206514,33886
206484,33886
244731,53386
244731,53386
457455,62170
457455,62170
208692,62944
64959,62074
244869,30500
194388,30500
165126,50718
251643,56696
251643,35732
251643,35732
163101,39186
163101,39186
163101,63418
206952,63418
206952,63418
60762,11262
212430,62074
212430,62074
211533,3382
165687,63186
228438,62378
225972,30500
212181,10652
188730,61280
154011,61280
198210,59396
194904,11490
203256,35732
203256,35732
153792,54096
209799,10808
65058,1304
65058,59822
242412,33886
238032,35846
215517,35846
215517,35846
182565,50274
182565,50274
234297,63218
234297,63220
72483,63186
67371,35732
250653,62944
250653,62944
250653,62860
250653,49888
236115,61280
248550,57414
205191,16358
199242,16358
222759,39186
208068,30500
208068,50718
203082,1304
183489,32496
242415,63510
237840,49888
237840,49888
218958,32496
128526,51974
230073,63220
234864,33886
234864,63538
224526,63510
216948,39186
232269,63360
167571,61280
210186,57414
210186,62378
210186,57414
206748,63360
232065,11490
219231,63418
210615,62944
154506,62074
206943,50274
183492,35732
183492,35732
183492,56696
211533,10808
243927,35846
191256,54096
186990,62074
183675,63538
242409,63538
242409,33886
233970,39186
216108,39186
233970,39186
155271,50716
162957,30500
203796,32496
61824,63220
153765,63510
212586,63510
212586,63510
206745,63510
139272,63510
139272,50716
139272,50716
154890,10808
66465,33886
251625,59396
457455,61280
174195,34092
174195,56714
198210,35732
252066,33886
234093,16358
188937,63510
155337,50716
155337,63510
186933,33886
186933,63538
186384,54096
198552,16358
243789,63188
154797,61280
179700,62074
154740,39186
238608,56714
242442,124
165045,63418
165045,39186
183213,3382
167136,63510
167136,63510
162984,34092
197529,63538
232029,30500
158742,63538
206697,36720
203142,1304
154770,10652
66378,35732
210846,35732
129153,35732
203052,56696
216648,35732
203574,35732
199860,56696
203112,35732
240990,56696
59703,35732
220170,56696
192756,35732
192756,35732
203058,35732
229521,35732
203112,56696
192771,35732
203502,35732
252375,35732
250629,56696
236775,63510
236775,50716
182565,63418
211047,56714
220728,32496
208584,62170
208584,62170
201837,62170
246627,56696
203673,63188
203673,63188
225669,33886
225669,33886
204057,62074
206364,59394
235932,33886
235932,33886
178230,10808
231057,59394
253308,34092
243927,62944
243927,62944
154077,30500
154077,30500
66879,30500
180495,50718
180495,50718
180495,30500
203829,62944
232455,16358
232455,16358
188265,30500
71301,50718
172161,59396
237195,56696
212748,57804
63867,35732
188265,1304
211236,35732
211236,35732
183576,56696
183576,35732
242232,63186
128538,39186
206772,63510
206964,63510
206772,50716
247260,10808
223530,32496
165744,56714
173796,30500
173796,30500
243408,57414
242388,63136
207828,63188
248682,62170
203142,56714
203142,56714
206427,35846
154275,33886
207105,56696
207105,35732
239577,50716
211947,63510
211947,50716
206361,36720
72645,33886
72645,33886
72645,33886
176319,56696
66465,35732
212721,63218
65577,56696
203151,63538
186384,62944
203460,63188
203460,62170
251085,63188
129153,62170
210846,62170
192756,63188
203052,63188
224145,63188
220170,63188
252774,62170
203502,63188
252375,62170
229521,63188
203733,63510
223089,50274
223089,50274
223089,50274
205815,56714
244878,33886
208536,33886
244878,63538
238689,63538
237765,33886
212430,50274
227988,62074
227988,62074
180495,10652
180495,10652
154032,35846
154032,35846
237195,35846
157938,63188
208758,39186
242130,11262
245631,33886
245631,33886
245631,33886
163482,49888
218265,35732
218265,35732
203214,1304
210882,1304
220011,63510
64353,63188
64353,62170
244092,35732
227343,16358
227988,63510
240939,50718
240939,50718
219132,10652
188343,61280
71766,49888
198873,54096
248682,33886
205107,33886
196311,33886
196311,33886
228024,33886
166005,63510
166029,39186
158499,39186
199854,62074
199854,62074
204228,63510
201564,49888
246627,62944
201564,49888
238218,63218
60888,3382
208092,63418
208092,39186
157224,62074
153867,56696
211533,60
211533,60
191451,63510
219456,62074
206952,54290
206952,54290
236775,10652
230604,16358
225390,11262
203790,16358
242130,50274
244971,63510
212181,63510
212181,63510
64218,33886
72045,35732
238878,50716
238878,63510
232404,35732
179853,59822
159831,63510
251643,39186
251643,39186
247962,33886
247962,33886
154119,39186
163554,60
