206952,11262
206952,11262
186174,11262
186174,11262
128502,11262
204189,11262
211527,11262
211527,11262
211527,11262
251619,11262
251619,11262
186933,11262
183213,11262
183213,11262
163131,11262
163131,11262
163131,11262
193965,11262
200964,11262
225393,11262
210186,11262
210186,11262
225393,11262
215112,11262
215112,11262
71271,1370
71271,1370
163101,11262
210981,11262
210981,11262
163101,11262
61344,11262
231057,11262
231057,11262
206346,11262
206346,11262
206346,11262
71271,11262
71271,11262
71271,63510
71271,63510
71271,35846
176403,11262
249342,11262
249342,11262
249342,11262
213885,11262
213885,11262
213885,11262
249486,11262
249486,11262
249486,11262
186174,1370
186174,1370
212301,11262
204189,1370
206376,11262
206376,11262
206376,11262
195063,11262
195063,11262
206940,11262
206748,11262
206940,11262
206748,11262
206748,11262
128502,63510
128502,63510
206952,35846
248796,11262
248796,11262
248796,11262
251967,11262
212442,11262
212442,11262
250434,11262
250434,11262
250434,11262
206427,11262
206427,11262
210234,11262
242388,11262
242388,11262
217848,11262
217848,11262
244380,11262
244380,11262
206361,11262
244380,11262
215985,11262
215985,11262
183213,63510
206439,11262
206439,11262
206439,11262
251643,11262
251643,11262
212448,11262
212448,11262
183450,11262
71271,34092
243546,11262
247983,11262
206418,11262
206418,11262
251442,11262
251442,11262
186174,63510
186174,63510
71271,57414
71271,57414
216366,11262
222669,11262
222669,11262
222669,11262
183105,63510
183105,63510
176403,63510
230028,11262
230028,11262
250221,11262
71271,1304
186657,11262
186657,11262
186657,11262
209073,11262
215112,63510
215112,63510
236115,11262
236115,11262
246963,11262
194229,11262
194229,11262
186174,30500
186174,50718
186174,30500
204189,35846
246858,11262
246858,11262
238032,11262
238032,11262
211524,11262
211524,11262
166002,11262
166002,11262
166995,11262
166995,11262
183492,11262
183492,11262
183492,11262
220713,11262
197286,11262
197286,11262
197286,11262
206952,63510
204189,63510
71271,16358
206958,11262
220302,11262
206958,11262
220302,11262
206979,11262
206979,11262
206979,11262
201030,11262
71271,54096
71271,54096
197286,63510
197286,63510
197286,63510
245046,11262
245046,11262
239247,11262
239247,11262
196845,11262
196845,11262
196845,11262
247962,11262
247962,11262
247962,11262
206667,11262
206667,11262
206664,11262
206988,11262
206670,11262
250749,11262
250749,11262
207366,11262
249216,11262
206823,11262
206988,11262
206670,11262
250275,11262
249216,11262
250275,11262
206823,11262
206823,11262
206928,11262
206670,11262
207366,11262
206928,11262
238572,11262
251493,11262
238572,11262
206838,11262
207102,11262
194883,63510
206646,11262
206646,11262
250653,11262
250653,11262
241026,11262
222759,11262
206772,11262
222759,11262
242232,11262
238827,11262
238827,11262
206772,11262
213114,11262
212637,11262
242232,11262
200964,63510
200964,63510
200964,63510
216108,11262
233970,11262
244278,11262
216108,11262
244278,11262
206349,11262
206433,11262
206349,11262
206349,11262
193323,11262
193323,11262
206433,11262
206433,11262
186174,56714
186174,56714
206637,11262
206355,11262
206625,11262
206625,11262
206355,11262
206358,11262
206358,11262
194208,11262
206625,11262
206637,11262
206496,11262
206496,11262
211815,11262
211815,11262
197676,11262
206952,1304
206952,1304
206955,11262
206955,11262
211407,11262
211407,11262
211407,11262
228060,11262
232404,11262
235932,11262
206460,11262
235932,11262
206460,11262
183213,1370
183213,1370
61977,11262
61977,11262
196302,11262
206787,11262
196302,11262
206856,11262
209622,11262
209622,11262
153303,11262
153303,11262
183573,11262
183573,11262
153303,11262
186174,1304
186174,1304
197802,11262
206673,11262
249855,11262
206673,11262
227616,11262
178830,63510
183489,63510
183489,63510
207339,11262
207339,11262
220728,11262
220728,11262
211638,11262
211638,11262
222843,11262
178458,11262
178458,11262
178458,11262
252396,11262
225501,11262
225501,11262
236226,11262
236226,11262
190152,11262
206868,11262
206868,11262
206868,11262
242442,11262
242442,11262
212748,11262
212748,11262
206364,11262
206364,11262
211533,11262
211533,11262
211533,11262
194229,1370
194229,1370
212445,11262
212445,11262
207087,11262
247002,11262
247002,11262
231144,11262
231144,11262
206952,54096
235335,63510
204189,34092
166128,11262
166128,11262
166128,11262
252405,11262
207105,11262
207105,11262
206406,11262
192942,11262
206784,11262
207150,11262
192942,11262
206406,11262
206784,11262
206406,11262
186174,35732
186174,35732
212220,63510
72930,63510
72930,63510
210615,63510
208758,11262
208758,11262
161208,11262
161208,11262
251625,11262
250653,63510
250653,63510
250653,63510
213102,11262
213102,11262
216498,11262
176403,34092
176403,56714
176403,56714
77484,11262
77484,11262
188331,63510
188331,63510
230331,11262
236775,11262
204189,1304
160770,11262
237195,11262
160770,11262
160770,11262
206367,11262
210897,11262
207078,11262
207084,11262
207078,11262
210897,11262
206367,11262
164337,11262
225699,11262
248202,11262
248202,11262
71271,63186
71271,10652
71271,10652
157500,11262
157500,11262
71274,1370
186933,63510
167316,11262
167316,11262
66465,11262
66465,11262
252081,11262
190776,11262
190776,11262
206415,11262
63690,11262
198990,11262
63690,11262
206415,11262
207999,11262
166005,11262
209793,11262
153315,11262
153315,11262
224169,11262
224169,11262
224169,11262
196845,1370
196845,1370
196845,1370
206448,11262
206448,11262
232065,63510
208788,63510
208788,63510
248796,63510
227295,11262
227295,11262
212430,11262
212430,11262
72117,11262
206481,11262
206481,11262
251619,63510
251619,63510
206481,11262
231876,11262
231876,11262
207222,63510
72045,11262
72045,11262
72045,11262
199242,11262
234156,11262
234021,11262
234021,11262
234021,11262
241824,11262
241824,11262
234156,11262
71271,35732
71271,35732
183105,56714
183105,56714
183489,11262
183489,11262
183489,11262
178830,11262
206952,35732
206484,11262
206484,11262
242556,11262
242556,11262
242556,11262
203133,11262
203133,11262
172056,63510
187707,63510
187707,63510
198882,63510
198882,63510
198882,63510
61344,1370
61344,1370
61344,62376
206952,1370
227988,11262
227988,11262
176403,1370
229620,11262
229620,11262
175878,11262
195723,11262
195723,11262
206952,57414
207222,11262
207222,11262
207222,11262
206514,11262
183213,56714
183213,56714
183213,56714
225669,11262
194229,63510
157224,11262
157224,11262
194229,1304
183492,63510
186174,57414
186174,57414
212721,11262
212721,11262
212721,11262
163482,11262
197673,11262
210171,11262
210171,11262
210171,11262
211533,1370
211533,1370
66843,11262
66843,11262
59700,11262
71271,63188
71271,1372
165927,11262
197286,57414
197286,62378
197286,57414
186882,11262
66777,11262
66777,11262
66777,11262
199854,11262
199854,11262
232029,11262
183105,1370
183105,1370
183105,1370
212220,56714
212220,56714
211527,63510
211527,63510
211527,63510
154797,11262
154797,11262
247002,63510
247002,63510
207828,11262
205107,11262
207828,11262
248682,11262
204189,16358
210615,56714
228729,11262
228729,11262
25749,63510
25749,63510
25749,63510
206811,11262
207144,11262
207144,11262
211125,11262
210615,11262
186933,56714
219231,11262
219231,11262
219231,11262
247986,11262
249081,11262
236766,11262
194388,11262
194388,11262
253098,11262
236766,11262
186174,10652
128901,11262
208788,11262
208788,11262
194904,63510
197529,11262
197529,11262
197529,11262
233559,11262
155556,11262
155556,11262
208341,11262
203796,11262
208341,11262
72483,11262
203796,11262
72483,11262
72483,11262
207156,11262
195378,11262
139272,11262
207096,11262
206745,11262
167136,11262
167136,11262
188730,11262
188730,11262
187734,11262
154011,11262
213885,63510
213885,63510
213885,63510
206952,33886
71274,63510
195447,11262
227829,11262
195447,11262
227829,11262
210834,11262
204762,11262
227670,11262
204762,11262
227670,11262
199854,63510
199854,63510
223530,11262
128502,30500
247989,11262
164661,11262
164661,11262
229473,11262
176472,11262
176472,11262
210141,11262
210141,11262
161403,11262
210342,11262
198522,11262
167316,1370
167316,1370
167316,1370
225351,11262
128502,56696
153312,11262
153312,11262
206346,63510
206346,63510
198882,11262
198882,11262
198882,11262
227310,63510
227310,63510
227310,63510
214194,11262
62817,63510
162984,11262
173940,11262
173940,11262
128502,1370
128502,1370
167571,11262
209697,11262
246858,63510
246858,63510
192159,11262
203232,11262
203232,11262
192159,11262
192159,11262
208575,11262
208575,11262
238608,11262
66879,11262
189009,11262
187263,11262
183387,11262
183387,11262
188637,11262
210633,11262
210633,11262
232068,63510
232068,63510
154707,11262
235299,11262
153204,11262
153204,11262
223776,11262
223776,11262
234297,11262
241389,11262
128469,11262
128469,11262
163131,63510
207216,11262
207216,11262
172587,11262
64365,11262
71274,34092
191247,11262
191247,11262
128502,10652
212232,11262
158274,11262
223518,11262
158274,11262
149634,11262
249567,11262
249567,11262
227292,11262
217002,11262
224211,63510
224211,63510
166362,11262
204144,11262
235335,11262
235335,11262
235335,11262
221115,11262
221115,11262
232269,63510
232269,63510
77484,63510
77484,63510
211527,1304
187806,63510
228741,11262
163131,50718
163131,30500
163131,30500
248064,11262
207387,11262
207387,11262
183468,11262
183468,11262
203178,11262
60888,63510
60888,63510
250653,57414
250653,57414
220011,11262
206850,11262
206850,11262
211641,11262
211641,11262
206412,11262
206412,11262
206412,11262
227310,11262
227310,11262
227310,11262
209622,1370
209622,1370
203724,63510
204795,63510
210627,11262
210627,11262
206346,56714
206346,56714
206346,56714
231057,56714
162603,11262
204375,11262
162957,11262
204375,11262
204375,11262
246711,11262
222159,11262
195723,63510
153084,11262
71271,30500
71271,30500
153888,11262
249687,11262
244158,11262
225393,63510
210186,63510
207222,1370
207222,1370
158658,11262
171939,11262
171939,11262
186438,11262
186438,11262
178458,63510
178458,63510
178458,63510
249633,1370
65631,11262
220728,63510
208488,11262
208488,11262
196845,56714
196845,56714
196845,56714
251619,1304
171702,11262
220269,63510
203295,11262
203295,11262
203295,11262
195507,11262
246627,11262
195507,11262
246627,11262
201564,11262
203532,11262
203532,11262
212337,11262
201564,11262
212337,11262
210186,34092
225393,56714
225393,56714
225393,56714
210186,56714
210186,56714
249486,1304
249486,1304
242619,11262
242619,11262
242619,11262
216495,11262
196845,62378
196845,57414
196845,57414
167514,11262
246054,11262
246054,11262
246054,11262
250434,1370
250434,1370
250434,1370
232827,63510
232827,63510
72108,11262
72108,11262
129264,11262
183492,56714
183492,56714
183492,56714
213513,11262
213513,11262
182565,11262
182565,11262
182565,11262
203790,11262
203790,11262
230010,11262
183492,1370
183492,1370
183492,1370
204057,11262
211533,63510
204189,54096
211533,1304
211533,1304
163131,1370
163131,1370
249981,11262
183813,11262
219381,11262
71274,35846
198882,57414
198882,57414
198882,57414
198882,62378
203673,11262
203673,11262
206847,11262
206847,11262
154113,11262
154113,11262
211812,11262
245154,11262
177672,11262
177672,11262
177672,11262
71271,124
128526,11262
128526,11262
175239,11262
227973,11262
181149,11262
208524,11262
208524,11262
208524,11262
232065,62376
203454,11262
96444,11262
204717,11262
204717,11262
203670,11262
250020,11262
210882,11262
186174,33886
186174,33886
186174,63538
178830,62376
183489,1370
183489,1370
178830,1370
67764,11262
67764,11262
88821,11262
88821,11262
123150,11262
249930,11262
249930,11262
203259,11262
203259,11262
203259,11262
172503,11262
172503,11262
172503,11262
236226,63510
216981,11262
195771,11262
195771,11262
204189,10652
205959,11262
167364,63510
165312,11262
208788,57414
208788,57414
242151,63510
220632,1370
220632,1370
60864,1370
225501,63510
225501,63510
249633,11262
249633,11262
211527,50274
239556,11262
239556,11262
208053,11262
208053,11262
224841,11262
224841,11262
251235,11262
194883,11262
202959,63510
71274,11262
167364,11262
167364,11262
167364,11262
227469,11262
205812,11262
210186,1304
225393,1304
231102,11262
247632,11262
172590,11262
212469,11262
183105,50274
183105,50274
249342,63510
249342,63510
174468,11262
174468,11262
174468,11262
153999,11262
153999,11262
204657,11262
204657,11262
207330,62376
207330,1370
234297,63510
186882,1370
66777,1370
66777,1370
66777,1370
211386,1370
211386,1370
211473,11262
211473,11262
183195,1370
183195,1370
183195,1370
206076,11262
196722,11262
203145,11262
203145,11262
203439,11262
208116,11262
212112,11262
203256,11262
203274,11262
203241,11262
203271,11262
203268,11262
212112,11262
203439,11262
203145,11262
128334,11262
128334,11262
183666,11262
183666,11262
68496,11262
68496,11262
216822,11262
216822,11262
204093,11262
204093,11262
178830,56714
178830,56714
183489,56714
181860,11262
181860,11262
176403,57414
176403,57414
210615,16358
183213,50718
183213,30500
217782,63510
66465,63510
66465,63510
67740,11262
163044,11262
241329,11262
248301,11262
186174,35846
209622,1304
209622,1304
153381,11262
159033,11262
197286,1304
197286,1304
197286,59822
187962,11262
187962,11262
186378,1370
186378,1370
186378,62376
156486,11262
240990,11262
203058,11262
205122,11262
203502,11262
192771,11262
192771,11262
238377,11262
238377,11262
192771,11262
203502,11262
240990,11262
205122,11262
203100,11262
203100,11262
148782,11262
192768,11262
252774,11262
203058,11262
203574,11262
192756,11262
129153,11262
220170,11262
203574,11262
129153,11262
216648,11262
63582,11262
216648,11262
210846,11262
199860,11262
199860,11262
59703,11262
210846,11262
229521,11262
229521,11262
59703,11262
199860,11262
203889,11262
203112,11262
252375,11262
216648,11262
252375,11262
203889,11262
224145,11262
66378,11262
223554,11262
250629,11262
203889,11262
159330,11262
194883,1370
194883,1370
194883,1370
153279,11262
153279,11262
203673,63510
203673,63510
153885,11262
153885,11262
211950,11262
211950,11262
207240,11262
249633,1304
187707,1370
187707,1370
233091,11262
186384,11262
186384,11262
219231,63510
219231,63510
175266,11262
175266,11262
175266,11262
228564,11262
178257,11262
178257,11262
61908,11262
208872,11262
208872,11262
176403,50274
187797,63510
194601,63510
204189,35732
214968,11262
214968,11262
59691,11262
59691,11262
204276,11262
204276,11262
207222,56714
207222,56714
207222,56714
215112,30500
237057,11262
237057,11262
187101,1370
187101,1370
187101,1370
243927,11262
210978,11262
210978,11262
249687,1370
164970,11262
248706,11262
248706,11262
231057,30500
206346,30500
206346,30500
187224,11262
187224,11262
194229,16358
194229,16358
203151,11262
246099,63510
246099,63510
244446,11262
244446,11262
183576,11262
155481,11262
217872,11262
223728,11262
223728,11262
208692,11262
248871,11262
176403,57804
176403,57804
232455,11262
232455,11262
229977,11262
210615,54096
198801,11262
232065,63360
183213,1304
183213,1304
184710,11262
194229,35732
232410,11262
232410,11262
232410,11262
155403,11262
155403,11262
206940,63510
206940,63510
206748,63510
206748,63510
206748,63510
163101,1370
163101,1370
163101,1370
192564,63510
204795,11262
204795,11262
203724,11262
238032,63510
238032,63510
198867,11262
223782,11262
204411,11262
204411,11262
204411,11262
212220,1370
212220,1370
208575,57414
242151,11262
237300,11262
237300,11262
237300,11262
205662,11262
25743,11262
249297,11262
65640,11262
65640,11262
71271,33886
71271,33886
251619,50274
157500,63510
157500,63510
172161,11262
172161,11262
172161,11262
247374,11262
216948,11262
60864,1304
60864,1304
186942,1304
186942,1304
153960,11262
195372,63510
251442,63510
251442,63510
251442,63510
164541,11262
211386,11262
61692,11262
61692,11262
61692,11262
231282,63510
231282,63510
183105,57804
183105,57804
222669,63510
222669,63510
183105,57414
183105,57414
221115,1370
221115,1370
187659,11262
72930,11262
72930,11262
72930,11262
251619,56714
212211,63510
175815,1370
175815,1370
157938,11262
157938,11262
203724,57414
204795,57414
203724,57414
204795,57414
204795,57414
219450,11262
219450,11262
72900,11262
72900,11262
72900,11262
250653,1304
215112,56714
215112,56714
186990,11262
186990,11262
249081,1370
215112,10652
191451,11262
236226,56714
236226,56714
198552,11262
188700,11262
188700,11262
165717,11262
183459,11262
203322,11262
203316,11262
203316,11262
205665,11262
203310,11262
203310,11262
205665,11262
203322,11262
222306,11262
222306,11262
203322,11262
183213,57414
183213,57414
186216,11262
186216,11262
183105,36720
183105,36720
231282,11262
231282,11262
188331,63360
188331,63360
210981,1370
210981,1370
228438,11262
228438,11262
176403,63360
176403,63360
183105,63360
183105,63360
158499,11262
212595,11262
211761,11262
166599,11262
212595,11262
166599,11262
154797,63510
154797,63510
221526,11262
208572,11262
251631,11262
210690,11262
210690,11262
208491,11262
208521,11262
251631,11262
153150,11262
207330,1304
207330,1304
232065,56714
232065,56714
212574,11262
232614,11262
128604,11262
128604,11262
161526,11262
161526,11262
223968,11262
223968,11262
202638,11262
203460,11262
183492,57414
183492,62378
183492,57414
183492,57414
208758,63510
208758,63510
208758,63510
186378,1304
186378,1304
25749,1370
25749,1370
25749,1370
68676,11262
68676,11262
68676,11262
211476,11262
61692,1370
61692,1370
61692,1370
197595,11262
157185,11262
71271,39186
71271,39186
188331,62376
188331,1370
188331,1370
246987,63510
194229,10652
227310,57414
227310,57414
61344,56714
25749,11262
25749,11262
25749,11262
186933,62378
253308,11262
77484,56714
77484,56714
77484,34092
209622,63510
204189,63188
197673,1370
218121,1370
197673,1370
192735,11262
60864,11262
220632,11262
203178,1370
203178,1370
61344,1304
187707,56714
187707,56714
196845,10652
196845,10652
197286,62376
197286,62376
197286,1370
197286,1370
216822,63510
71274,1304
186378,11262
186378,11262
154890,1370
154890,1370
237804,11262
237804,11262
204189,63186
251766,11262
253053,11262
202959,11262
230286,11262
191247,1304
191247,1304
213102,63510
213102,63510
198981,11262
178068,11262
242388,63510
210678,11262
210678,11262
226662,11262
226662,11262
216498,1370
216498,1370
183195,56714
183195,56714
183195,56714
236226,1370
206376,63510
230604,1370
191247,1370
191247,62376
191247,1370
206952,39186
178830,57414
178830,57414
183489,57414
178830,57414
183489,57414
183489,57414
154098,11262
232410,63510
165744,11262
252618,11262
154890,11262
154890,11262
211047,11262
247962,63510
247962,63510
210168,11262
220269,1370
220269,1370
220269,1370
238218,11262
234972,11262
234972,11262
234018,11262
234972,11262
234018,11262
208473,11262
172419,11262
172419,11262
71274,57414
71274,57414
208740,11262
208740,11262
200502,11262
208821,11262
200502,11262
200502,11262
208761,11262
208761,11262
208722,11262
208722,11262
167676,11262
166128,1370
166128,1370
166128,1370
207222,57414
207222,57414
207222,57414
246963,63510
183789,11262
183789,11262
210615,10652
66843,63510
66843,63510
251382,11262
227238,11262
212448,63510
212448,63510
232065,57414
232065,62378
232065,57414
246963,1370
251610,11262
154485,11262
184113,11262
194229,56714
194229,56714
164541,1304
224169,63510
224169,63510
224169,63510
203700,63510
203700,63510
242856,63510
242856,63510
197673,1304
175815,59822
176577,11262
207999,1370
207999,1370
198573,11262
198573,11262
197286,34092
197286,56714
197286,56714
197286,56714
206748,56714
206748,56714
206940,56714
206748,56714
206940,56714
186384,63510
186384,63510
186384,63510
194883,57414
194883,57414
183195,57414
183195,57414
72045,63510
72045,63510
166029,11262
231282,57414
210234,63510
210234,63510
244287,63510
164457,11262
61344,63510
61344,63510
250653,1370
250653,1370
187806,1370
187806,1370
178230,63510
247134,11262
247134,11262
187101,1304
187101,1304
187101,1304
187101,59822
72930,1370
72930,1370
207996,11262
128502,33886
176403,10652
176403,10652
153402,11262
153402,11262
242415,11262
246618,11262
246618,11262
242412,11262
212571,11262
242412,11262
193965,10652
251106,11262
251106,11262
164541,1370
128502,1304
128502,1304
172056,1370
172056,62376
172056,1370
210168,1370
222204,1370
222204,62376
222204,1370
251619,30500
251619,30500
186657,63510
186657,63510
207339,63510
207339,63510
251967,63510
128502,56714
210615,61280
224169,1370
224169,1370
224169,1370
183105,54096
183105,54096
163101,30500
163101,30500
210981,30500
210981,30500
163101,30500
221331,63510
207219,11262
222669,56714
222669,56714
212211,11262
212211,11262
208812,11262
208794,11262
208812,11262
181593,11262
72645,11262
232269,56714
232269,56714
220728,56714
220728,56714
184950,11262
184950,11262
194229,50274
199854,56714
199854,56714
203106,11262
210393,11262
210393,11262
234093,11262
203106,11262
252210,11262
208566,11262
252210,11262
208566,11262
241203,11262
212442,56714
212442,56714
71301,11262
199242,56714
199242,56714
207618,11262
207618,11262
211527,30500
211527,30500
198210,63510
230604,1304
230604,1304
204189,30500
128685,1370
228753,11262
228753,11262
203673,1370
203673,1370
246216,11262
246216,11262
203388,11262
155337,11262
155337,11262
72558,1370
181101,1370
181101,1370
206376,56714
206376,34092
206376,56714
208503,11262
153765,11262
165750,1370
88821,1370
88821,62376
88821,1370
165750,1370
163131,56714
163131,56714
208893,11262
208806,11262
208506,11262
251202,11262
183105,10652
183105,10652
232827,11262
232827,11262
232827,11262
72558,11262
72558,11262
198873,1370
194790,11262
194790,11262
210813,11262
208482,11262
208479,11262
208482,11262
208533,11262
206952,10652
187707,11262
187707,11262
208599,11262
208599,11262
208599,11262
164640,11262
191223,11262
25749,56714
25749,56714
25749,56714
185067,11262
209073,63510
211533,16358
211533,16358
183573,62376
153303,1370
153303,1370
153303,1370
183573,1370
183573,1370
183573,1370
201837,11262
208500,11262
201837,11262
208500,11262
186174,16358
224211,1370
156486,63510
156486,63510
154167,11262
154167,11262
154167,11262
188331,56714
188331,56714
243927,1370
210978,1370
210978,62376
210978,1370
243927,1370
194883,56714
194883,56714
218061,11262
218061,11262
209697,1370
209697,1370
154167,63510
154167,63510
211947,11262
250434,63510
250434,63510
250434,63510
204189,59394
210234,56714
242388,56714
242388,56714
242388,56714
215985,63510
72483,63510
72483,63510
203796,63510
178830,63360
211533,35732
186933,30500
251829,63510
251829,63510
253557,11262
253557,11262
154167,1370
154167,1370
188331,11262
188331,11262
210615,35732
165750,1304
88821,1304
88821,1304
165750,1304
225393,56696
225393,35732
249342,56714
249342,56714
249342,56714
171684,1370
171684,1370
171684,62376
208488,1304
250782,11262
250653,56714
250653,34092
250653,56714
188937,11262
187707,57414
187707,57414
206952,63188
223401,63510
166995,1370
166995,1370
154890,1304
154890,1304
181101,1304
181101,1304
181101,1304
174513,1370
192564,11262
203646,11262
72045,56714
72045,56714
72045,56714
247986,1370
128526,1370
217848,56714
217848,56714
217848,34092
251967,56714
203055,11262
67314,11262
203073,11262
203073,11262
212220,63360
212220,63360
197286,30500
197286,30500
197286,30500
248061,11262
178830,50274
225699,63510
209622,56696
209622,35732
210615,1304
210615,1304
191232,11262
191232,11262
167571,1370
167571,1370
167571,1370
251829,1304
251829,59822
251829,1304
251829,1304
218121,1304
230028,63510
203871,11262
204780,11262
233970,1370
216108,1370
216108,1370
244278,1370
244278,1370
244278,1370
249486,56714
249486,56714
249486,56714
226140,63510
187101,11262
187101,11262
203733,11262
203733,11262
61692,57414
61692,57414
204657,1370
204657,1370
204657,1370
71766,11262
71766,11262
183450,63510
187797,11262
205332,11262
172056,11262
172056,11262
203820,63510
203820,63510
203820,63510
251142,11262
186174,39186
186933,54096
163131,35732
163131,35732
183213,39186
183213,39186
206427,30500
206427,30500
212448,34092
212448,56714
249795,11262
249795,11262
187734,1370
187734,1370
188730,1370
154011,1370
154011,1370
188730,1370
187734,1370
71274,54096
71274,54096
220269,57414
220269,57414
220269,57414
157500,56714
157500,56714
225276,11262
188853,1370
64365,1370
224211,34092
224211,56714
224211,56714
220269,63360
227343,1370
227343,1370
61344,30500
227292,63510
227292,63510
183195,50274
204189,124
247956,1370
247956,1370
247956,1370
198279,11262
72561,11262
72561,11262
72045,1370
72045,1370
72045,1370
181101,11262
181101,11262
72918,11262
72918,11262
211989,11262
211989,11262
207222,50274
222204,1304
222204,1304
250434,56714
250434,56714
250434,56714
197673,63510
236115,1370
194229,57414
211533,10652
211533,10652
180495,11262
223104,11262
205728,11262
183573,63510
183573,63510
153303,63510
153303,63510
211527,54096
211527,54096
211527,54096
243546,56714
197286,10652
197286,10652
154707,1370
154707,1370
205905,63510
210408,11262
203151,63510
232068,1370
232068,1370
232068,1370
225351,1370
194229,54096
194229,54096
205995,63510
205995,63510
251619,63418
251619,39186
187806,34092
187806,56714
187806,34092
187806,56714
193965,56714
193965,56714
244731,63510
244731,63510
203151,1370
203151,1370
230010,1370
230010,1370
176403,63188
176403,63188
176403,61280
176403,61280
247632,63510
249342,30500
249342,30500
208788,1304
227664,62376
227664,1370
191238,62376
191238,1370
191238,1370
206427,56714
206427,56714
206427,56714
244380,34092
206361,56714
206361,56714
244380,56714
244380,56714
236226,57414
236226,57414
196845,30500
196845,30500
180495,1370
251619,59396
251619,59396
154494,11262
154494,11262
205191,56714
208524,57414
208524,57414
203517,11262
188637,1370
188637,1370
71271,62944
183786,11262
183786,11262
234021,63510
234021,63510
241824,63510
241824,63510
242556,63510
242556,63510
165684,11262
179838,11262
187974,11262
210876,11262
179838,11262
167316,63510
167316,63510
164064,1370
164064,62376
164064,1370
191232,1370
191232,1370
232068,11262
232068,11262
184485,1370
71274,61280
228729,1370
228729,1370
229536,62376
229536,1370
128901,1370
128901,1370
212301,30500
220011,1370
250221,34092
230028,56714
250221,56714
250653,30500
250653,30500
250653,30500
72117,63510
217848,30500
217848,30500
188331,57414
188331,57414
62817,1370
62817,1370
62817,1370
208599,1304
208599,1304
208599,1304
166128,63510
166128,63510
183666,1370
183666,1370
208488,57414
198882,1304
198882,59822
198882,1304
198882,59822
198882,1304
129264,1370
241305,11262
241305,11262
247989,63510
247989,63510
210051,1370
249513,57414
232035,57414
232035,57414
249513,62378
232035,57414
211815,1370
211815,1370
248796,56714
248796,56714
248796,56714
183789,62376
183789,1370
183789,1370
223530,1370
211527,55798
211527,59396
211527,59396
238293,11262
210168,57414
210168,57414
210168,62378
187224,1370
179853,63510
61482,1370
207243,11262
243408,11262
231225,1370
231225,1370
183105,61280
183105,61280
215112,39186
207339,56714
207339,56714
207339,56714
154797,1370
154797,1370
232029,1370
232029,1370
232029,1370
238032,56714
238032,56714
163101,63510
210981,63510
210981,63510
195771,1370
195771,1370
211767,11262
229341,11262
229341,11262
251619,54096
206979,56714
206979,56714
166995,63510
183789,1304
183789,1304
225972,1370
225972,1370
63873,11262
207387,1370
128502,57414
128502,57414
210114,1304
210114,1304
210114,1304
66465,1370
237195,1304
160770,1304
237195,1304
237195,1304
237195,59822
160770,1304
160770,1304
206940,30500
206748,30500
206748,30500
206748,30500
206940,30500
206418,63510
62817,63360
62817,63360
231708,11262
231708,11262
71274,30500
233970,63510
244278,63510
216108,63510
244278,63510
71274,63186
71274,10652
225501,56714
225501,56714
225501,56714
204189,33886
166002,63510
242442,56714
242442,56714
242442,34092
238536,1370
238536,1370
238536,1370
61482,56714
61482,56714
188196,11262
188196,11262
188196,11262
164064,11262
164064,11262
244092,1370
251643,63510
251643,63510
209994,1370
209994,1370
217782,1370
217782,1370
234156,63510
249342,56696
249342,35732
211815,63510
193965,35732
212220,57414
212220,57414
203700,11262
242856,11262
203700,11262
61899,63510
188700,1304
226848,1304
188700,59822
198552,1304
253146,1304
253146,1304
165717,1304
183459,1304
198552,59822
203178,57414
203178,57414
153675,11262
242439,11262
242439,11262
209622,16358
165045,63510
165045,63510
77484,57414
77484,57414
77484,62378
71766,1370
71766,1370
219021,11262
219021,11262
211413,11262
211413,11262
210627,1370
210627,1370
211047,1370
211047,1370
211047,1370
246915,1370
246915,1370
182292,11262
210876,1370
188700,1370
165744,1370
165744,1370
210876,1370
183459,1370
183459,62376
210876,1370
253146,62376
165717,1370
226848,1370
165684,62376
183459,1370
72558,57414
72558,57414
163101,56714
163101,56714
163101,56714
25749,57414
25749,57414
25749,57414
220713,62376
220713,1370
220713,62376
220713,1370
204144,1370
204144,1370
166362,1370
72930,56714
72930,56714
238536,11262
238536,11262
206439,30500
206439,30500
206481,34092
244680,1370
244680,1370
183213,35732
183213,56696
164064,63510
247962,56714
247962,56714
232035,11262
232035,11262
249513,11262
250653,10652
183105,59394
183105,59394
155337,1370
155337,1370
235299,1370
235299,1370
235299,1370
248202,56714
227664,57414
224211,62378
219030,11262
208524,1304
208524,1304
252177,11262
204771,11262
154032,1370
206439,63510
206439,63510
219132,11262
211527,1370
72645,63510
212220,1304
212220,1304
212892,1370
213987,11262
194601,1304
203166,63510
203166,63510
231144,63510
231144,63510
176472,1370
176472,1370
210141,1370
234555,11262
234555,11262
234555,11262
251442,1370
251442,1370
251442,1370
197835,63510
197835,63510
220269,56714
220269,56714
220269,56714
207618,1370
207618,1370
207618,1370
212745,1370
212256,1370
212256,62376
212745,1370
212256,1370
192618,1370
157500,1370
157500,1370
183105,63188
183105,62170
183105,63188
67764,1370
67764,1370
200259,11262
200259,11262
219048,1370
219048,62376
219048,1370
219048,1370
216822,1370
216822,1370
163131,10652
163131,10652
211527,39186
211527,39186
211527,39186
203178,56714
212526,1370
219021,1370
219021,1370
206376,30500
206376,30500
211524,56714
155337,1304
155337,1304
191232,63510
203133,1370
203133,1370
203829,63510
203829,63510
206952,62944
224169,57414
224169,57414
224169,57414
64893,11262
241263,62376
176403,1304
208488,63510
211527,36720
211527,36720
211527,36720
225393,30500
225393,30500
225393,50718
225393,50718
225393,30500
222438,1370
222438,1370
189045,1370
189045,1370
211527,57804
211527,57804
211527,57804
205353,11262
205353,11262
197835,1370
197835,1370
197835,1370
244680,11262
244680,11262
244041,1370
244041,1370
197802,63510
197802,63510
157416,11262
157416,11262
157416,11262
234120,11262
234120,11262
201030,63510
64272,11262
64272,11262
198882,56714
198882,56714
198882,56714
77484,1370
77484,1370
164337,1370
206346,50274
235191,11262
198792,63510
196845,59396
196845,59396
196845,62274
196845,59396
163131,1304
163131,1304
248064,1370
203871,63510
203871,63510
209073,1370
178257,1370
178257,1370
204759,11262
154890,63510
212301,56714
158658,1370
197286,62944
197286,62944
197286,62944
242442,63510
212748,63510
210051,1304
210051,1304
204483,11262
184488,11262
203259,1370
203259,1370
203259,1370
213102,1370
213102,1370
213102,1370
187101,63510
207618,63510
232827,57414
232827,57414
157398,1370
157398,1370
183213,54096
183213,54096
183213,54096
183213,33886
238875,11262
161058,11262
248796,30500
248796,30500
195063,1370
195063,1370
208347,11262
184488,1370
184488,1370
68496,1370
226623,11262
203733,63510
208788,56714
208788,56714
244680,63510
242409,1370
242409,1370
242409,1370
232455,1370
232455,1370
64272,1370
64272,1370
64272,1370
200964,30500
200964,50718
200964,30500
200964,50718
192564,1370
192564,1370
192564,1370
206361,63510
244380,63510
244380,63510
244380,63510
156486,56714
186951,1370
186951,1370
210981,56714
210981,56714
207240,1370
248301,62376
248301,1370
248301,1370
186384,1370
186384,1370
195507,1304
201564,1304
203532,59822
203301,1304
203532,1304
201564,1304
246627,59822
246627,1304
246627,1304
203295,1304
246720,1370
64272,1304
64272,1304
64272,1304
197529,1370
197529,1370
71271,54290
187806,57414
187806,57414
183105,39186
183105,39186
176403,39186
222906,1370
154077,11262
154077,11262
208524,63510
208524,63510
208524,63510
172056,56714
198801,1370
197673,56696
199854,1370
199854,1370
242439,1370
242439,1370
59700,1370
205659,63510
205659,63510
217782,56714
217782,56714
231162,11262
211950,1304
211950,1304
61935,11262
65328,1370
183105,1304
183105,1304
167316,57414
167316,57414
188685,1370
222906,63510
222906,63510
231900,11262
231900,11262
235335,62376
246915,1304
246915,1304
252066,11262
154560,11262
232656,11262
232656,11262
196845,1304
196845,1304
206979,1304
206979,1304
231057,62074
180495,1304
212469,1370
129081,1370
129081,1370
212469,1370
188685,11262
64299,11262
64299,11262
188685,11262
194229,39186
194229,63418
194229,39186
188685,1304
188685,1304
225501,1370
225501,1370
225501,1370
25749,1304
25749,59822
25749,1304
71274,35732
216123,1370
69060,1370
69060,62376
216123,62376
207588,63510
207600,63510
204222,1370
243477,1370
204222,1370
246963,10652
213102,56714
213102,56714
129135,1370
129135,1370
201564,57414
203532,57414
201564,57414
195507,57414
64734,1370
64734,1370
238293,1370
209796,63510
165132,11262
249063,1370
249063,1370
195372,56714
224841,1370
224841,1370
212220,10652
232035,63510
249513,63510
176403,30500
219021,1304
219021,1304
219021,1304
212526,1304
128526,57414
128526,57414
224211,11262
2061063,11262
203328,11262
192735,1370
192735,1370
208518,11262
247974,11262
229977,1370
229977,1370
229977,1370
251967,30500
208068,11262
203142,11262
183492,1304
183492,1304
183492,1304
176403,59394
129135,11262
129135,11262
192627,1370
210615,33886
198792,1370
198792,1370
227988,1370
227988,1370
199854,57414
199854,57414
250362,1370
250362,1370
186657,1370
186657,1370
186657,1370
197835,11262
197835,11262
222438,63510
222438,63510
163482,63510
212721,63510
203790,63510
64218,1370
64218,1370
129135,63510
129135,63510
129135,63510
208788,1370
61908,1370
61908,1370
61908,1370
203736,1370
245976,1370
245976,1370
203439,1370
203439,1370
219048,11262
77484,35732
154881,63510
62817,50274
203058,57414
203112,62378
251085,57414
240990,57414
240990,57414
251085,57414
192756,57414
203502,57414
203574,57414
220170,57414
203574,57414
203574,57414
192768,57414
203058,57414
203502,62378
238377,57414
59703,62378
216648,57414
63582,57414
224145,57414
59703,57414
148782,57414
192771,57414
205122,57414
59703,57414
224145,57414
210846,57414
224145,57414
203058,57414
63582,57414
229521,57414
129153,57414
229521,57414
199860,57414
66378,57414
66378,57414
192771,57414
203889,57414
203889,57414
199860,57414
158016,57414
199860,57414
59703,57414
203052,57414
216648,57414
216648,57414
223554,57414
223554,57414
250629,57414
250629,57414
63582,62378
186174,59396
186174,59396
155106,62376
155106,1370
155106,1370
66777,63510
203829,1370
212442,30500
212442,30500
206346,35732
206952,59394
240939,57414
240939,57414
240939,57414
248301,63510
249222,30500
206748,62074
206940,62074
206748,62074
206748,62074
206940,62074
164007,1370
164007,1370
164007,1370
177903,11262
177903,11262
229473,1370
229473,1370
66054,63510
157767,1370
157767,1370
61305,1370
212181,11262
248706,1370
248706,1370
204480,1370
219030,1370
204480,1370
252177,1370
252177,1370
252177,1370
64893,1370
235335,62378
222204,63510
194883,1304
194883,1304
194883,1304
205332,1370
205332,1370
205332,62376
231909,1370
203784,63510
157416,1370
60888,63360
60888,63360
251643,1370
251643,1370
209796,1370
250434,59822
250434,1304
250434,1304
250434,1304
246627,62378
246627,57414
246627,57414
203301,57414
203301,57414
203295,57414
66465,56714
66465,56714
212448,30500
212448,30500
213513,1370
213513,1370
128502,39186
128502,39186
246711,63510
211947,63510
249486,63510
192627,1304
197676,63510
66054,1370
66054,62376
251106,1370
251106,1370
183675,1304
210876,1304
183675,59822
165687,1304
210876,1304
165687,1304
165744,1304
210876,59822
186438,1370
186438,1370
186438,62376
186438,1370
210978,57414
243927,57414
243927,57414
243477,1304
204222,1304
154578,1370
154578,1370
154578,1370
77484,1304
64959,11262
61824,1370
61824,1370
203820,62376
203820,1370
203820,1370
212301,63510
166437,1370
188844,1370
188844,1370
208872,1304
198873,56714
198873,56714
198873,56714
61344,10652
61344,10652
207597,1370
198279,63510
198279,63510
164064,1304
164064,1304
205659,11262
225480,11262
163131,57414
154887,1370
154887,1370
246858,10652
184113,1370
154485,1370
184113,1370
251610,1370
154485,1370
154485,1370
192627,11262
154743,11262
183489,10652
183489,10652
208449,11262
244380,50718
206361,30500
244380,30500
244380,30500
194229,35846
194229,35846
250668,63510
96444,63510
203454,63510
96444,63510
203280,63510
204717,63510
204717,63510
250020,63510
203454,63510
250020,63510
64299,1370
64299,1370
204762,63510
210834,63510
210834,63510
227670,63510
227670,63510
60888,11262
60888,11262
154509,11262
154509,11262
248292,1370
248292,1370
212721,56714
251442,10652
251442,10652
208506,57414
208506,57414
208806,57414
208893,57414
208341,1370
203796,1370
72483,1370
203796,1370
208341,1370
203796,1370
229977,63510
243408,1370
243408,1370
243408,1370
198873,57414
197676,1370
211527,62074
129081,56714
212469,56714
212469,56714
129081,56714
212469,56714
213885,56714
213885,56714
64299,1304
64299,59822
64299,1304
167136,1370
167136,1370
190776,56714
190776,56714
207222,1372
207222,63188
77484,30500
77484,30500
203133,63510
203133,63510
166128,1304
166128,1304
166128,1304
154707,63510
154707,63510
166005,1370
166005,1370
208575,1304
208575,1304
208575,1304
207600,1370
207600,1370
219381,1370
219381,62376
238887,1370
219381,62376
210186,59396
225393,62274
225393,59396
225393,59396
210186,59396
229263,1370
184635,1370
178830,54096
183489,54096
183489,54096
216495,62376
216495,1370
194883,10652
211533,57414
211533,57414
247983,30500
243546,30500
209976,1370
209976,1370
208491,57414
208572,57414
183105,16358
183105,16358
183105,16358
176403,16358
203445,1370
203445,1370
244287,1370
244287,1370
153204,1370
153204,1370
231900,1370
231900,1370
251619,36720
218061,1370
203733,1370
218061,1370
203733,1370
248202,1370
163131,33886
163131,33886
163131,33886
176403,35732
176403,35732
176403,35732
208872,62378
208872,57414
208872,57414
206481,63510
206481,63510
246963,56714
154167,57414
245631,62376
224925,1370
224925,1370
231057,1304
206346,1304
206346,1304
206346,1304
231057,1304
61344,56696
154275,1370
182292,1370
182292,1370
211473,1370
211473,1370
156486,1370
156486,1370
203247,1370
203247,1370
210834,1370
210834,1370
204762,1370
204762,1370
227670,1370
227670,1370
227973,1370
62817,56714
62817,56714
62817,56714
197286,62274
197286,59396
197286,59396
197286,59396
219450,1370
219450,1370
227343,11262
227343,11262
211533,54096
186174,63188
186174,62170
212220,50274
194229,1372
194229,62170
194229,63188
194229,63188
72558,63510
164337,63510
164337,63510
161667,1370
161667,1370
182565,1370
182565,1370
182565,62376
182565,1370
156489,1370
227343,63510
183489,62944
178830,62944
178830,49888
183489,62944
183489,62944
237057,1370
237057,1370
196845,35732
196845,35732
251619,63538
61824,63510
183492,50274
206418,56714
206418,56714
219048,63510
225393,36720
225393,36720
210186,57804
225672,1370
235335,10652
197286,35732
197286,56696
197286,35732
251169,11262
251169,11262
203166,11262
203166,11262
203166,11262
248061,63510
248061,63510
72930,57414
72930,57414
188331,10652
188331,10652
227469,1370
231459,1370
231459,1370
231459,1370
64959,63510
64959,63510
245976,11262
209799,63510
203889,63510
238377,63510
203052,63510
223554,63510
148782,63510
203058,63510
129153,63510
129153,63510
203502,63510
240990,63510
199860,63510
251085,63510
203574,63510
220170,63510
199860,63510
224145,63510
203889,63510
240990,63510
203889,63510
203574,63510
203574,63510
224145,63510
148782,63510
203058,63510
59703,63510
205122,63510
192771,63510
192771,63510
250629,63510
250629,63510
66378,63510
192771,63510
210846,63510
158016,63510
59703,63510
229521,63510
158016,63510
229521,63510
63582,63510
199860,63510
192768,63510
63582,63510
252774,63510
252375,63510
252375,63510
210120,11262
154743,1370
209622,57414
209622,57414
231282,1304
206439,62074
206427,62074
183492,63188
183492,63188
183492,63188
204657,57414
165132,1370
165132,1370
239556,63510
206364,34092
206364,56714
206364,56714
225393,54096
225393,54096
225393,54096
200964,35732
164661,1370
164661,62376
164661,1370
60888,1370
60888,1370
207600,11262
207600,11262
207600,11262
61692,56714
61692,56714
61692,56714
192735,63510
223782,1370
223782,1370
223782,62376
166128,57414
166128,57414
166128,57414
203256,1370
203145,1370
250668,62376
96444,1370
208116,1370
203256,1370
203670,62376
244866,62376
203214,1370
244866,1370
203454,1370
203145,1370
203145,1370
203280,1370
203268,1370
203274,1370
203271,1370
203271,1370
203268,1370
203670,1370
203268,1370
205947,1370
203241,1370
208116,1370
196722,1370
196722,1370
96444,1370
206076,62376
203454,1370
96444,62376
250020,1370
205947,1370
250020,1370
205947,1370
210882,1370
248250,1370
248250,1370
250668,1370
223968,63510
223968,63510
153315,1370
206847,1370
206847,1370
217494,1370
61482,57414
204228,11262
249207,1370
249207,1370
183921,1370
183921,1370
203829,11262
203829,11262
234972,1304
234972,1304
234018,1304
234972,1304
234018,1304
234018,1304
204657,63510
186933,33886
210342,1370
234864,1370
183213,63188
237252,11262
60888,50274
60888,50274
203259,63510
201564,63510
203532,63510
203532,63510
195507,63510
72930,1304
72930,1304
72930,1304
194904,57414
165183,1370
165183,1370
249687,63510
200964,1304
210615,124
251619,10652
212211,1370
212211,1370
163101,1304
163101,1304
195894,1370
195894,1370
211533,56714
153885,1370
153885,1370
153885,1370
206439,1304
206427,1304
206427,1304
206427,1304
225276,63510
207216,1370
207216,1370
232827,1370
232827,1370
232827,62376
203256,63510
203256,63510
196722,63510
203268,63510
203268,63510
203145,63510
203145,63510
203145,63510
248250,63510
212112,63510
206076,63510
206076,63510
212112,63510
244866,63510
203445,63510
203241,63510
186177,62376
186177,62376
186177,1370
186177,1370
194790,1370
194790,1370
227223,1370
216498,1304
186174,62944
232065,63188
232065,63188
200964,10652
200964,10652
238263,57414
238263,57414
212430,62376
212430,1370
212430,1370
227295,1370
25749,10652
25749,10652
25749,10652
198210,11262
198210,11262
227664,56714
183105,56696
183105,35732
166005,63510
187659,63510
154494,1370
172719,1370
66033,1370
66879,1370
66879,1370
66879,1370
238608,1370
212256,1304
192618,1304
164007,11262
164007,11262
164007,11262
153084,1370
153084,1370
211950,57414
211950,57414
203673,62378
203673,57414
203673,57414
186177,50274
162957,1370
162957,1370
178830,63188
183489,63188
153960,1370
154473,1370
154473,1370
209829,1370
209829,1370
248013,63510
248013,63510
210633,63510
210633,63510
212721,1370
212721,1370
212721,1370
208872,63510
198981,63510
204771,1370
198210,1370
198210,1370
191223,63510
153303,1304
183573,1304
153303,1304
183573,1304
153303,1304
206346,33886
206346,63538
206346,33886
238293,57414
251631,57414
251631,62378
71766,57414
71766,57414
196845,50274
196845,50274
196845,50274
72117,1370
221115,63510
184509,1370
248205,1370
249795,63510
249795,63510
249930,62376
249930,1370
249930,1370
227973,63510
163044,1370
163044,1370
210615,63188
210615,63188
206361,62074
186078,1370
186078,1370
186177,63360
65313,11262
210186,62376
225393,1370
225393,1370
187806,11262
187806,11262
223518,63510
149634,63510
158274,63510
208806,1304
208506,1304
208806,1304
208893,1304
208506,1304
204189,39186
204189,63418
66777,57414
66777,57414
66777,62378
186882,57414
186882,57414
66777,57414
197286,50274
197286,50274
154821,1370
165045,1370
202638,1370
203460,1370
203460,1370
249081,57414
220269,50274
220269,50274
164007,1304
164007,1304
164007,1304
210051,63510
210051,63510
203151,57414
203151,62378
201852,63510
203106,57414
203106,57414
203106,62378
210393,57414
210393,57414
234093,57414
234093,57414
234093,62378
242619,63510
244878,11262
208899,11262
208536,11262
208536,11262
208536,11262
208584,11262
196845,62944
196845,62944
227469,63510
157224,1370
157224,1370
203820,11262
227310,1304
227310,1304
227310,1304
212892,57414
212892,57414
197529,63510
191250,1370
228315,1370
191250,1370
245046,59822
71274,63188
71274,62170
213885,10652
213885,10652
204228,1370
204228,1370
232068,56714
232068,56714
198882,1370
198882,1370
198882,62376
187839,1370
181860,1370
181860,1370
181860,1370
251610,63510
184113,63510
210690,1304
208491,1304
251631,1304
221526,1304
221526,1304
208572,59822
242856,1370
203700,1370
203700,1370
203784,1370
61908,63510
251625,1370
251625,1370
204780,62376
203871,1370
204780,1370
204780,1370
182295,1370
182295,1370
183195,11262
208500,1304
208500,1304
201837,1304
201837,1304
201837,1304
72558,1304
72558,1304
72558,1304
227238,1370
205905,1370
227238,1370
227238,62376
207588,11262
153756,1370
153756,1370
184488,1304
184488,1304
184488,1304
210234,30500
242388,30500
242388,30500
251625,56714
227292,56714
227292,56714
188844,63510
238032,30500
238032,50718
211524,30500
154881,1370
154881,1370
178458,56714
178458,56714
61344,57414
61344,57414
203439,63510
203439,63510
183213,16358
183213,16358
203460,63510
203820,57414
238293,56714
238293,56714
193965,30500
208500,57414
208500,57414
208500,57414
201837,62378
201837,57414
201837,57414
201837,57414
203775,1370
158274,1370
158274,1370
158274,62376
203775,1370
246858,30500
246858,30500
206439,1370
206439,1370
206439,1370
251643,30500
251643,30500
164064,57414
164064,57414
244446,1370
153423,1370
206304,1370
206304,1370
206304,1370
244446,1370
206667,1304
206667,1304
206667,1304
206664,1304
206664,1304
178230,1370
185067,1370
185067,1370
251619,62074
251619,62074
237804,1370
237804,1370
172719,63510
172719,63510
246150,1370
246150,1370
226662,1370
226662,1370
195771,63510
232410,1304
232410,1304
173796,1370
173796,1370
176319,1370
176319,1370
217782,57414
183105,62944
183105,62944
59691,63510
68568,1370
183921,11262
225012,1370
225012,1370
206943,56714
187263,1370
187263,62376
180471,62376
242439,1304
242439,1304
215985,30500
167451,1370
167451,1370
225480,1370
205659,1370
210633,1370
210633,1370
222204,11262
222204,11262
238611,11262
201798,11262
219522,11262
218265,11262
195582,11262
203082,11262
205332,1304
205332,1304
199854,56696
199854,35732
167652,1370
167652,1370
194229,30500
194229,30500
242412,57414
235299,63510
210933,62376
166128,56714
166128,56714
154740,11262
227343,56714
227343,56714
188106,1370
153138,1370
176403,63186
176403,63186
210978,63510
210978,63510
243927,63510
243927,63510
172161,1370
172161,1370
188844,11262
239247,56714
239247,56714
156225,1370
156225,1370
156225,62376
157398,11262
157398,11262
248373,57414
164640,1370
191223,1370
191223,1370
203073,1370
67314,1370
203073,1370
203055,1370
67314,1370
203073,1370
203055,1370
250434,30500
250434,30500
250434,30500
154146,1370
71766,63510
71766,63510
211527,59394
211527,59394
232452,1370
232452,1370
208521,63510
251631,63510
210690,63510
251631,63510
210690,63510
208491,63510
221526,63510
183105,35846
176403,35846
183105,35846
183195,1304
183195,1304
183195,1304
203646,1370
253335,1370
203646,1370
250221,1304
230028,1304
250221,1304
153303,57414
153303,62378
153303,57414
183573,57414
183573,57414
153303,57414
207927,1370
207927,1370
154881,11262
154881,11262
251619,1370
197799,11262
128502,49888
128502,62944
158742,1370
158742,1370
198873,1304
194082,1370
194082,1370
232065,10652
232065,10652
239577,1370
211407,56714
211407,56714
207222,10652
207222,10652
209994,1304
181662,1370
181662,1370
181662,1370
179496,63510
210168,56714
187650,1370
187650,1370
153867,62376
153867,1370
187650,62376
208599,57414
208599,57414
208599,57414
242151,1304
214998,62376
203301,63510
203295,63510
246627,63510
203295,63510
203301,63510
246627,63510
56871,1370
194883,30500
140277,1370
217002,1370
208575,34092
247983,62074
155556,63510
72045,62378
72045,57414
72045,57414
72045,57414
207999,63510
211125,62376
211950,63510
211950,63510
225393,57414
225393,57414
210186,57414
154665,1370
77484,10652
77484,10652
248724,11262
186438,63510
186438,63510
186438,63510
72108,1304
72108,1304
207822,1370
207822,1370
207822,62376
231459,1304
234021,56714
234156,56714
234021,56714
241824,56714
241824,56714
236490,1370
237252,1370
236490,1370
236490,62376
203322,1304
203310,1304
203322,1304
222306,1304
205665,1304
222306,1304
205665,1304
205662,1304
237300,1304
203316,1304
242619,1370
242619,1370
242619,1370
238875,1370
238875,1370
188331,50274
188331,50274
188331,50274
236226,1304
154119,1370
154119,1370
203790,1370
203790,1370
203790,62376
252375,1304
66378,1304
203889,1304
203889,1304
220170,1304
192756,1304
210846,1304
199860,1304
203058,1304
203052,1304
205122,1304
192768,1304
203052,1304
203889,1304
203502,59822
203058,1304
63582,1304
129153,1304
129153,1304
205122,59822
224145,1304
203502,1304
224145,1304
210846,1304
59703,1304
199860,1304
251085,1304
216648,1304
158016,1304
59703,59822
252375,1304
223554,1304
224145,59822
158016,1304
229521,1304
223554,1304
63582,1304
203574,1304
216648,1304
203502,1304
192771,1304
205122,1304
221151,1304
229521,1304
192768,59822
224145,1304
192771,1304
251085,1304
205122,59822
210846,1304
229521,1304
199860,1304
211683,1370
225393,35846
225393,35846
155097,1370
155097,1370
246150,63510
154485,63510
155100,1370
155085,1370
155085,1370
155100,62376
246711,1370
246711,1370
246711,62376
246711,1370
212442,62074
183387,62376
183387,1370
183387,1370
203166,1370
203166,1370
203166,1370
244731,56714
206433,63510
206433,63510
182565,63510
182565,63510
182565,63510
232455,56714
232455,56714
224169,56714
224169,56714
224169,56714
183195,63188
183195,63188
183195,1372
210171,63510
210171,63510
225393,63418
225393,39186
225393,39186
225393,39186
234156,1370
153072,1370
246054,1370
246054,1370
246054,1370
242409,1304
242409,1304
62817,1304
231663,1370
60888,56714
60888,56714
175293,11262
211527,10652
62817,57414
62817,57414
211527,63538
211527,33886
211527,33886
211527,33886
172008,57414
157416,1304
157416,1304
187707,63188
187707,1372
187707,63188
159831,1370
159831,1370
72930,10652
72930,10652
209622,56714
209622,56714
187743,1370
212283,11262
212283,11262
248550,1370
248550,1370
248550,1370
64734,1304
64734,1304
179853,1370
210627,57414
227310,1370
164970,1370
186216,1370
186216,1370
128604,1370
232614,1370
128604,1370
232614,1370
232614,1370
228564,62376
175266,1370
175266,1370
175266,1370
199854,10652
194883,35732
198867,1370
198867,1370
198867,1370
194883,61280
166356,63510
230331,63510
236775,63510
236775,63510
207219,1370
207219,1370
61824,57414
250275,1304
206670,1304
206838,1304
206670,1304
206670,1304
206823,1304
206670,59822
207129,1304
238572,1304
249216,1304
206928,1304
207129,1304
250275,59822
207102,1304
238572,1304
207102,1304
210114,1370
210114,1370
155085,63510
154890,57414
154890,57414
154890,62378
174468,62376
174468,1370
174468,1370
156024,1370
186987,62376
217848,62074
217848,62074
248061,1370
248061,1370
210234,59822
231876,56714
231876,56714
231876,56714
233040,1370
186177,56714
186177,56714
203829,57414
203829,57414
184950,62378
184950,57414
153381,62376
153381,1370
153381,1370
198573,1370
198573,62376
249342,1304
249342,1304
187797,1370
187797,1370
228060,63510
228060,63510
232404,63510
188331,57804
188331,57804
212445,56714
212445,56714
207087,56714
207087,56714
212430,63510
212430,63510
153141,1370
195582,1370
238611,1370
238611,1370
195582,1370
203133,57414
195249,1370
195249,1370
195249,1370
243927,1304
188331,61280
186384,57414
183492,10652
183492,10652
246963,30500
71271,10808
71271,10808
198882,30500
198882,30500
198882,30500
181149,1370
181149,1370
205995,1304
240912,1370
240912,1370
240912,62376
171702,1370
211125,63510
211125,63510
176607,1370
176607,1370
207105,56714
217782,63360
244005,1370
249513,1304
249513,1304
232035,1304
232035,1304
232035,1304
211533,63418
233559,1370
233559,1370
177672,1370
177672,1370
177672,1370
214506,11262
167364,57414
167364,57414
167364,57414
235335,50718
235335,30500
235335,30500
199854,30500
199854,50718
247986,63510
250947,57414
250947,57414
209622,50274
222438,1304
204276,62376
204276,1370
177921,1370
204276,1370
227292,1370
161526,1370
161526,1370
161526,1370
61899,62376
206427,1370
206427,1370
183573,56714
183573,56714
153303,56714
153303,56714
153303,56714
183573,56714
72645,57414
208797,62378
162603,1370
183213,62074
183213,62074
178458,1370
178458,1370
188331,62944
188331,62944
206376,1304
153765,1370
153765,62376
184950,63510
62337,34092
62337,56714
62337,56714
229527,1370
229527,62376
156063,1370
156063,1370
156063,1370
128469,1304
128469,1304
128469,1304
197286,61280
192159,63510
192159,63510
203232,63510
227115,1304
227115,1304
210678,1304
210678,1304
251442,30500
251442,30500
251442,30500
155043,62376
155043,1370
187395,1370
209880,1370
72930,56696
72930,35732
72930,35732
206664,56714
206667,56714
206667,56714
208740,57414
208722,57414
196455,57414
200502,62378
200502,57414
196455,57414
208476,57414
208476,57414
208722,57414
208485,57414
200502,57414
208740,57414
200502,57414
208788,30500
208788,30500
213885,56696
213885,35732
213885,35732
192564,57414
191232,1304
191232,1304
191232,1304
242412,1304
223776,1370
154797,57414
154797,57414
223968,56714
223968,56714
176403,124
238218,1370
238218,1370
67371,1370
154167,34092
154167,34092
155055,1370
207993,1370
195063,30500
195063,30500
232065,59822
232065,59822
220713,30500
220713,50718
154068,1370
154068,1370
72117,56714
72117,56714
198882,62944
163101,10652
163101,10652
155055,63510
221331,1370
221331,1370
221115,57414
158499,63510
189045,11262
189045,11262
154956,1370
253053,1370
212220,54096
206346,57414
206346,57414
231057,57414
71271,50274
71271,50274
172056,1304
178230,56714
178230,56714
203142,1370
208350,1370
203142,1370
203142,1370
210393,63510
234093,63510
210393,63510
203106,63510
203106,63510
203724,1370
247374,1370
128334,1370
128334,1370
245976,63510
172419,1370
172419,1370
172419,62376
224169,1304
224169,59822
242151,56714
208788,62944
208788,62944
197529,57414
197529,57414
188331,36720
188331,36720
247029,62376
247029,1370
208053,1370
208053,1370
208053,62376
154032,56714
193965,33886
230028,30500
250221,30500
230028,30500
183105,30500
183105,30500
183105,30500
210615,39186
252177,63510
164871,1370
164871,62376
251253,11262
196845,33886
196845,33886
183789,63510
164661,63510
236226,50274
232065,10808
194883,50274
233427,1370
233427,1370
217380,1370
217380,1370
251235,62376
251235,1370
251235,1370
240939,1304
240939,1304
240939,1304
249342,57414
227310,56714
227310,56714
227310,56714
71274,33886
203184,62376
203184,1370
194229,59396
194229,59396
206433,56714
193323,56714
206433,56714
206433,56714
206442,56714
206349,56714
206349,56714
193323,56714
206442,34092
206442,56714
206349,56714
248796,62376
192714,1370
218265,1370
201798,1370
201798,1370
203082,1370
218265,62376
218265,1370
192714,1370
192714,1370
186447,62376
208740,63510
208740,63510
208761,63510
208722,63510
200502,63510
208476,63510
208740,63510
200502,63510
208722,63510
196455,63510
208788,10652
246216,57414
246216,57414
203133,56714
203133,56714
171684,1304
209622,39186
209622,39186
178068,1370
211047,63510
217494,1304
217494,1304
69060,57414
234129,56714
215517,56714
181746,1370
191556,1370
191556,1370
186438,56714
186438,56714
186438,56714
154803,62376
154803,1370
154803,1370
71271,48980
71271,48980
178830,59394
65313,1370
181662,11262
244731,57414
251382,1304
205191,57414
194229,63186
231708,1370
231708,1370
64353,1370
233091,1370
248796,56696
207822,63510
208488,56714
208488,56714
160770,1370
160770,1370
197835,57414
197835,57414
197835,57414
248373,11262
248373,11262
248373,11262
165915,63510
250653,35732
250653,35732
204093,1370
203784,57414
71271,59396
71271,59396
61344,33886
228060,30500
232404,30500
228060,30500
206460,30500
232404,30500
198873,11262
204780,62378
204780,57414
204780,57414
210114,63510
210114,63510
163377,11262
163377,11262
184113,57414
184113,57414
251610,62378
153048,1370
153048,1370
206346,62074
179853,56714
179853,56714
165045,56714
242412,63510
242412,63510
242412,63510
165312,1370
188937,1370
65328,57414
182565,56714
182565,56714
182565,56714
252177,57414
252177,57414
72930,50274
72930,50274
213885,59822
213885,1304
191226,1370
181371,1370
181371,1370
183105,124
211533,35846
211533,35846
153960,63510
235458,63510
194883,63188
234030,62378
234030,57414
154275,11262
154275,11262
230178,1370
230178,1370
230178,62376
242505,1304
242505,1304
156057,1370
187743,63510
155556,1370
203232,1370
203232,62376
203232,1370
192159,1370
203232,1370
192159,1370
187101,57414
187101,57414
187101,57414
188331,39186
188331,39186
211965,57414
172161,63510
172161,63510
172161,63510
211407,30500
211407,30500
186174,54096
162984,1370
162984,1370
172161,1304
172161,1304
208209,1370
154476,1370
154476,1370
154707,57414
210342,63510
153138,63510
153999,1370
153999,62376
153999,1370
184698,1370
184698,1370
184698,1370
204189,3382
178458,10652
178458,10652
190152,56714
206868,56714
190152,34092
206868,56714
197802,34092
197802,56714
197802,56714
179496,1370
179496,1370
179496,1370
244380,62074
153024,1370
216822,57414
61305,62378
61305,57414
207588,57414
207600,57414
251619,59394
225276,1370
225276,1370
225276,62376
225276,1370
208821,1304
200502,1304
208821,1304
208761,1304
200502,1304
213102,57414
213102,57414
213102,57414
72108,1370
72108,1370
187806,50274
187806,50274
192300,11262
203199,1370
176577,1370
176577,1370
253557,34092
248724,1370
222906,56714
222906,56714
205659,57414
205659,62378
205659,57414
216822,56714
216822,56714
201852,1370
208575,30500
187806,1304
187806,1304
129204,57414
129204,57414
207366,56714
207366,56714
251493,34092
251493,56714
210843,56714
206928,56714
207129,56714
207129,56714
206823,56714
206928,56714
238572,56714
206988,56714
251493,56714
206823,56714
250275,56714
181101,56714
181101,56714
249342,33886
183213,62944
207927,63510
159831,63510
192300,63510
244005,63510
249567,1370
183213,57804
72900,59822
72900,1304
72900,1304
72900,1304
238878,1370
238878,1370
238878,1370
185244,1370
166002,1370
166002,1370
162792,1370
162792,1370
221409,1304
221409,1304
242409,63510
212721,30500
212721,30500
172503,1370
172503,1370
172503,1370
183489,39186
251442,39186
251442,39186
212220,39186
247989,1370
196845,61280
196845,61280
212220,63188
212220,63188
212220,63188
183450,1304
241389,1370
241389,1370
241389,1370
211533,63188
160029,57414
206979,1370
206979,1370
154890,56714
154890,56714
188196,63510
188196,63510
66843,56714
212220,35732
206346,39186
231057,39186
206346,39186
232827,56714
232827,56714
232827,34092
211947,57414
178230,57414
178230,57414
153315,63510
206475,56714
208341,57414
203796,57414
208341,57414
206418,1304
247962,30500
247962,30500
247962,30500
250653,49888
250653,62944
188331,62170
188331,1372
188331,63188
188331,63188
236115,56714
236115,56714
191226,63510
208566,1304
241203,1304
208566,1304
241203,1304
241203,1304
229527,56714
66879,63510
238608,63510
197286,33886
197286,33886
250653,59396
250653,55798
250653,59396
71766,59822
71766,1304
71766,1304
231282,56714
231282,56714
242409,11262
242409,11262
242409,11262
61824,11262
129204,1304
129204,1304
129135,57414
232269,1370
232269,1370
220011,63510
251202,63510
208506,63510
208806,63510
208893,63510
154740,1370
154740,1370
88920,1370
176319,11262
173796,11262
246915,11262
219048,1304
219048,1304
219048,1304
161208,1370
161208,1370
204057,62376
223071,1370
223071,1370
206376,50274
229527,57414
154275,1304
160770,63510
160770,63510
66465,10652
66465,10652
66465,10652
204243,1370
204243,1370
244680,1304
25749,30500
25749,30500
25749,30500
60888,61280
246804,11262
232410,1370
232410,1370
232410,1370
220728,30500
232269,30500
232269,30500
183489,57804
188196,1370
188196,1370
244287,57414
244287,57414
249486,62074
207366,1304
206988,1304
207366,1304
217752,63510
154476,63510
250434,10652
250434,10652
67371,63510
200964,62376
200964,1370
206940,1304
206748,1304
206748,1304
206748,59822
206748,1304
232410,56714
183489,61280
178830,61280
77484,33886
208068,1370
242442,1304
212748,1304
242442,1304
208899,1304
210129,1304
244878,1304
205188,1304
205188,1304
208584,59822
244878,1304
237765,1304
208584,1304
208584,1304
237765,59822
238689,1304
208536,1304
208899,1304
237765,1304
195723,1370
195723,1370
195723,1370
195723,62376
237195,1370
237195,1370
237195,62376
206637,56714
206358,56714
194208,56714
206358,56714
204411,1370
153312,63510
222438,11262
222438,11262
222204,56714
222204,56714
215298,57414
195372,1370
211965,11262
208515,11262
229977,56714
229977,56714
229977,56714
183468,1370
183468,1370
206667,63510
206664,63510
206667,63510
206667,63510
222843,56714
159330,1370
159330,1370
238536,57414
238536,57414
238536,57414
176319,63510
154245,11262
154827,11262
187962,1370
184710,1370
184710,1370
187962,1370
211407,62074
211407,62074
71274,124
206418,30500
238572,63510
206670,63510
187797,56714
187797,56714
238293,62860
238293,62944
238293,62944
189045,57414
189045,57414
245706,1370
245706,62376
219522,1370
203094,1370
219522,1370
242619,56714
242619,56714
242619,56714
154485,57414
154485,57414
212283,1370
212283,1370
212283,1370
153279,1370
208503,63510
208503,63510
128469,1370
128469,1370
128469,1370
195063,1304
183387,63510
183387,63510
172419,63510
197529,56714
197529,56714
206346,59396
206346,59396
231057,59396
231057,59396
184950,62376
184950,1370
184950,1370
129081,57414
212469,57414
212469,57414
129081,57414
212469,57414
183492,30500
183492,50718
183492,30500
183492,30500
238293,10652
227670,57414
203247,57414
210834,57414
204762,57414
176403,33886
211236,63510
205959,1370
205959,1370
205959,62376
249297,63510
216366,63510
216366,63510
239247,30500
248796,10652
210615,3382
242856,57414
242856,62378
247002,10652
155097,11262
155097,11262
236226,63188
236226,1372
71271,53386
198945,11262
198945,11262
191223,57414
231876,30500
231876,30500
194790,1304
194790,1304
223104,1370
223104,1370
235335,33886
208485,1304
196455,59822
208722,1304
208740,59822
203259,57414
203259,57414
212232,62376
194904,56714
225393,59394
225393,59394
204795,1304
204795,1304
204795,1304
203724,1304
203724,1304
156489,1304
166356,59822
166356,59822
166356,1304
166356,1304
166356,1304
183105,63136
176403,63136
183105,63136
194229,62944
194229,62944
194229,62860
128526,56714
128526,56714
75723,1370
75723,1370
247632,57414
252066,63510
192564,56714
155052,62376
208488,30500
208488,30500
154275,57414
204519,11262
252210,57414
252210,57414
252210,57414
206433,30500
206433,30500
206433,30500
193323,30500
206349,50718
183195,10808
222669,1304
222669,1304
222669,59822
249063,57414
249063,57414
249063,57414
195063,56714
195063,56714
188331,35732
186078,63510
211344,62378
203328,1304
2061063,1304
154113,1304
154113,1304
209073,1304
250434,57414
250434,57414
72483,57414
72483,62378
72483,56714
72483,56714
208341,56714
203796,56714
203796,56714
72483,56714
208341,56714
206418,56696
206418,35732
183450,56714
183450,56714
238263,63510
210186,63538
225393,33886
210186,33886
225393,33886
188100,1370
210393,1304
203106,1304
234093,1304
210393,1304
203106,1304
203106,59822
234093,1304
203106,1304
234093,1304
227223,1304
215985,35732
215985,56696
188730,56714
187734,56714
154011,56714
188730,56714
154011,56714
187734,56714
153792,63510
206868,62074
206868,62074
206868,62074
211527,62944
211527,62944
211527,62944
182565,1304
182565,1304
182565,1304
241329,1370
241329,1370
237252,1304
236490,1304
236490,1304
237252,1304
208788,50274
208788,50274
154551,1370
154551,1370
154551,1370
245976,57414
245976,57414
162795,1370
225501,1304
225501,1304
209622,35846
188331,30500
188331,30500
154707,56714
154707,56714
220269,11262
248550,11262
154434,1370
247002,62944
247002,62944
154506,1370
154506,1370
234021,57414
166995,57414
60888,57414
60888,62378
207339,30500
207339,30500
252210,1304
183195,10652
157854,1370
232065,59396
207999,1304
207999,1304
236655,11262
236655,11262
224631,11262
72483,10652
203796,10652
72483,10652
208341,10652
208341,10652
236115,57414
165915,1370
177903,1370
177903,1370
177903,1370
153888,62376
153888,1370
217494,63510
197286,39186
197286,39186
197286,39186
154245,1370
154245,1370
227310,30500
227310,30500
195507,56714
195507,56714
201564,56714
203295,56714
203301,56714
203301,56714
201564,56714
203295,56714
203295,56714
203301,34092
203532,56714
246627,56714
203532,34092
246627,56714
212337,56714
212337,56714
203532,56714
172590,1370
172590,1370
187659,56714
203439,57414
203439,57414
154578,1304
154578,1304
154578,1304
224211,63188
224211,63188
253308,1370
188331,59822
188331,59822
188331,1304
178068,63510
230178,63510
206868,1304
206868,1304
206868,1304
246804,1370
246804,1370
220218,1370
149634,57414
231102,1370
211767,1370
211767,1370
248301,56714
248301,56714
210342,56714
210342,56714
71766,34092
71766,56714
206406,56714
206406,56714
192942,56714
192942,56714
206406,56714
206784,56714
206406,34092
207150,56714
249633,63510
249633,63510
25743,1370
25743,1370
25743,1370
251643,1304
251643,1304
153765,63510
202959,1370
188331,10808
188331,10808
244731,63360
244731,63360
241026,34092
241026,56714
206772,56714
213114,56714
213114,56714
242232,56714
206772,56714
242232,56714
213114,56714
203727,57414
188343,1370
244644,11262
213978,62378
231096,62376
231096,1370
186177,57414
238878,11262
238878,11262
223530,1304
223530,1304
209796,57414
209796,57414
153792,11262
191226,11262
181371,11262
222669,62378
251619,57414
72558,56714
206484,1304
206484,1304
157767,11262
157767,11262
241824,1370
234021,1370
234021,1370
234021,1370
241824,1370
250947,1370
250947,1370
222204,57414
222204,57414
96138,11262
206697,56714
211524,62074
65640,1370
65640,1370
186174,50274
186174,50274
174468,1304
174468,1304
174468,1304
207996,1370
206364,30500
206364,30500
217848,1304
217848,1304
202818,56714
207222,39186
210051,11262
187806,10652
204189,62944
207222,1304
207222,1304
207129,63510
187806,63188
187806,63188
178830,57804
231225,56714
66879,56714
238608,56714
238608,56714
66879,56714
66879,56714
201282,62376
242619,57414
242619,57414
242439,63510
242439,63510
203517,1370
203517,1370
220728,57414
172056,10652
225012,57414
225012,57414
247956,11262
247956,11262
247956,11262
208566,57414
208566,57414
220269,1372
220269,63188
220269,63188
216108,57414
216108,57414
244278,57414
244278,57414
157224,63510
157224,63510
66054,59822
165045,1304
208479,1304
208482,1304
208533,1304
208479,1304
154035,1370
154035,1370
206868,50718
206868,30500
190152,30500
206868,30500
238032,62074
223776,63510
166437,57414
166437,62378
211527,63188
211527,1372
211527,63188
154494,63510
207222,62944
154098,1370
154098,1370
174513,63510
236775,1370
236775,1370
230331,1370
230331,1370
236775,1370
163101,35732
61692,10652
61692,10652
161283,11262
161283,11262
212301,56696
209622,63188
209622,63188
174513,56714
174513,56714
209697,56714
209697,56714
209073,30500
209073,30500
202959,1304
250275,62074
250275,62074
210843,62074
206988,62074
251106,63510
223968,1370
223968,1370
205662,57414
237300,57414
203316,57414
205662,62378
237300,57414
205662,62378
203310,57414
203322,57414
67335,1370
61902,1370
187707,39186
187707,39186
183921,63510
251235,63510
251235,63510
242430,1370
242430,1370
242430,62376
232068,1304
232068,1304
232068,1304
64734,11262
206625,1304
194208,59822
206355,1304
206625,1304
206358,1304
206358,1304
153792,1370
198882,50274
222759,30500
206772,30500
242232,50718
242232,30500
206772,30500
213114,30500
213114,30500
208533,57414
208533,57414
208482,62378
208590,57414
208482,57414
208482,57414
208533,57414
234018,63510
250653,33886
250653,33886
66843,1370
66843,1370
66843,1370
181101,57414
181101,57414
181101,62378
247986,1304
247986,1304
208488,1370
208488,1370
228687,1370
232404,56714
232404,56714
235932,34092
235932,56714
235932,56714
232404,56714
228060,56714
228060,56714
228060,56714
244680,62378
244680,57414
244680,57414
221331,57414
221331,57414
60888,1304
60888,1304
60888,1304
225501,50718
244278,56714
233970,56714
233970,56714
244278,56714
216108,56714
162603,63510
222843,30500
248013,1370
248013,1370
196845,39186
196845,39186
166995,56714
166995,56714
166995,56714
247986,10652
229341,1304
216981,1370
216981,62376
216981,1370
244158,62376
205812,62376
244158,1370
211407,1304
211407,1304
201837,63510
208500,63510
213987,56714
154041,1370
157680,63510
252210,63510
252210,63510
251442,1304
206955,56714
206955,56714
175293,1370
175293,62376
175293,1370
241305,63510
183105,59396
183105,59396
194082,56714
194082,56714
154068,63510
188847,62376
189045,63510
189045,63510
228564,63510
175266,63510
175266,63510
154956,11262
241389,63510
241389,63510
234156,57414
186177,61280
186177,61280
154797,1304
154797,1304
208518,63510
208518,63510
188637,34092
188637,56714
156057,56714
194883,39186
211812,1370
249567,63510
227310,62944
154032,1304
154032,1304
186990,1370
186990,1370
186990,1370
154032,57414
154032,57414
62817,35732
158499,1370
158499,1370
166599,1370
158274,57414
213978,56714
194601,61280
187395,11262
154551,11262
206952,11490
206514,1304
161667,11262
203133,30500
203133,30500
203133,50718
198882,10652
154953,11262
203241,57414
208116,57414
203268,57414
203268,57414
203445,57414
212112,57414
203145,57414
203280,62378
203454,57414
203145,57414
250020,57414
206076,57414
196722,57414
203256,57414
203145,57414
248250,57414
206076,57414
203256,57414
210882,57414
203145,62378
96444,57414
171684,63510
245631,57414
245631,57414
245631,57414
204522,1370
186177,59822
186177,1304
191256,1370
212442,1304
212442,1304
157500,57414
157500,57414
157500,57414
206496,56714
208503,1304
208503,1304
203733,57414
218061,57414
218061,62378
218061,57414
203733,57414
72900,57414
72900,57414
72900,57414
203388,63510
154245,1304
201564,30500
246627,30500
246627,30500
246627,50718
195507,30500
203532,30500
212337,50718
195507,30500
201564,30500
72561,1370
72561,1370
246054,63510
188787,63510
188787,63510
186438,1304
183492,39186
183492,63418
183492,39186
203673,10652
248373,63510
248373,63510
212430,56714
212430,56714
227295,56714
227295,34092
206637,62074
206637,62074
210840,62074
210840,62074
232452,59822
248796,57414
228741,1304
165045,57414
240912,59822
210141,63510
206646,56714
235191,57414
171939,1370
171939,1370
206451,63510
206448,63510
167316,56714
167316,56714
167316,56714
251643,10652
251643,10652
228729,63510
183786,1370
183786,1370
71409,1370
71409,1370
249297,1370
249297,1370
206955,30500
203388,1304
219456,1304
154494,62378
154494,57414
154494,57414
250653,62074
250653,62074
250653,62074
208524,56714
208524,56714
128526,50274
128901,56714
128901,56714
128901,56714
183450,50718
183450,30500
206442,1304
206433,1304
206433,1304
206349,1304
206349,1304
206349,1304
181101,35732
181101,56696
154509,1370
154509,1370
154509,62376
154518,1370
249486,57414
249486,57414
184950,1304
184950,1304
154578,57414
154578,57414
232269,57414
249930,63510
249930,63510
207222,57804
198801,57414
194904,63360
183195,59396
165045,11262
165045,11262
241305,1370
241305,1370
204795,56714
204795,56714
203724,56714
203724,56714
229527,63360
164457,1370
247956,57414
247956,57414
247956,57414
214968,1370
214968,1370
214968,1370
249795,1304
249795,1304
178830,16358
208449,1370
161667,1304
206364,1304
206364,1304
187707,30500
187707,30500
157767,57414
158658,63510
155097,63510
204375,63510
204375,63510
204375,63510
243477,63510
235335,39186
235335,39186
227115,57414
210678,57414
210678,57414
62817,59394
62817,59394
234864,56714
234864,56714
242151,62376
220269,1304
220269,1304
210981,63538
163101,33886
163101,33886
25749,35732
25749,35732
211140,56714
211140,56714
182292,59822
182292,1304
182292,1304
163101,57414
163101,57414
163101,57414
249633,35732
201282,59822
201282,1304
231876,63510
153438,11262
153438,11262
206940,50274
206748,50274
206940,50274
155106,63510
194601,10652
194601,10652
206940,57414
206940,57414
206748,57414
206748,57414
206748,57414
227295,1304
212430,1304
183105,63538
183105,33886
183105,33886
183105,33886
187743,56714
192942,63510
206406,63510
206406,63510
206406,63510
203790,57414
203790,57414
165786,1370
211473,63510
252396,50718
252396,30500
206940,39186
206748,39186
209799,57414
203811,56714
206646,50718
206646,30500
212574,1370
204480,1304
157500,59822
157500,1304
157500,1304
232035,56714
232035,56714
249513,56714
249513,56714
232035,56714
206667,62074
183489,59396
183489,59396
183489,59396
178830,59396
244680,56714
72918,63510
219132,63510
72918,63510
65577,63510
248202,10652
196845,59394
196845,59394
187734,1304
188730,1304
154011,1304
187734,1304
154011,1304
187734,1304
188730,1304
249063,1304
233091,63510
233091,63510
220269,61280
220269,61280
245631,63510
61824,34092
61824,56714
172719,11262
229977,57414
208788,59396
208788,59396
181746,63510
241026,62074
213114,62074
208554,63510
208479,63510
212448,1304
212448,59822
154698,56714
154698,56714
231708,63510
248292,57414
248292,57414
202638,57414
160029,1370
72918,57414
72918,57414
242232,63510
242232,63510
212637,63510
206772,63510
241026,63510
222759,63510
191232,56714
191232,56714
191232,56714
203151,56714
203151,56714
183195,30500
249216,63510
207102,63510
249216,63510
206823,63510
207267,63510
210843,63510
207102,63510
212775,1370
217848,50274
203724,30500
203724,30500
226662,1304
226662,1304
252405,1370
194601,30500
237300,63510
237300,63510
205662,63510
237300,63510
196845,16358
196845,16358
196845,16358
206484,56714
203166,57414
203166,57414
198981,56714
249981,56714
225393,63186
210186,63186
204189,51974
204189,51974
249063,56714
249063,56714
249063,56714
191238,57414
167571,63510
167571,63510
212232,56714
212232,56714
232455,63510
62817,59396
62817,59396
208881,57414
153885,63510
189012,11262
203670,62378
239556,62376
239556,1370
239556,1370
65631,1370
65631,62376
154869,1370
154869,1370
64860,1370
210000,1370
210000,1370
167364,10652
206439,57414
206439,57414
186447,57414
63690,56714
206415,56714
195447,56714
206415,56714
63690,56714
195447,56714
63690,56714
63690,34092
180495,62378
153315,1304
215985,33886
186882,56714
66777,56714
66777,56714
66777,34092
66777,56714
186882,56714
183450,62378
229263,1304
157767,56714
157767,56714
183492,62074
211761,62376
212595,1370
238068,1370
212595,1370
211761,1370
155403,1370
155403,1370
232068,10652
188853,1304
186174,63186
186174,63186
216948,63510
198945,63510
153720,1370
183492,35732
183492,35732
186987,63510
186987,63510
239247,1370
239247,1370
211950,30500
211950,30500
211950,50718
63876,56714
212433,56714
232065,30500
236226,10652
250947,63510
250947,63510
222669,35732
242232,62074
212637,62074
242232,62074
246216,1304
240939,56714
240939,56714
188331,59396
188331,59396
75723,63510
208515,63510
208515,63510
211965,63510
154881,1304
154881,1304
206940,54096
206940,54096
206748,54096
206748,54096
206748,54096
128502,62274
128502,59396
128502,59396
71271,57804
75723,11262
251829,54096
161787,1370
161787,1370
194388,63510
253098,63510
244869,63510
186933,39186
186933,63418
211413,57414
203673,56714
211815,57414
211815,62378
240939,63510
206673,62074
227616,62074
206673,62074
191232,57414
191232,57414
208872,30500
208872,30500
247002,57804
128901,57414
186438,57414
204189,54290
234951,56714
234951,56714
217848,33886
186447,63510
225501,57414
225501,62378
225501,57414
225501,57414
172695,1370
172695,1370
211533,124
154665,56714
249855,56714
249855,56714
227616,56714
154827,62376
154827,62376
182556,62376
224631,63510
224631,63510
154797,35732
183213,124
215112,59396
215112,59396
210168,10652
227670,56714
204762,56714
227670,56714
210834,56714
210834,56714
181746,34092
207996,1304
207996,1304
204057,63510
183921,1304
183921,1304
173667,11262
184635,1304
195063,10652
206856,50718
206856,30500
61977,50718
61977,30500
61977,30500
196302,50718
167571,56714
167571,56714
167571,56714
161058,1370
191247,35732
191247,35732
191247,56696
203700,56714
242856,56714
244287,56714
244287,56714
244287,56714
246099,62376
246099,1370
246099,1370
197529,30500
197529,50718
197529,30500
245046,1370
224631,1370
236655,1370
236655,1370
211950,1370
211950,1370
198981,1370
198981,1370
154743,63510
198801,56714
208758,56714
208758,56714
208758,56714
222906,11262
222906,11262
227469,62378
187806,61280
65058,11262
220728,1370
216822,10652
211965,1370
211965,1370
212469,1304
212469,1304
186378,63510
194790,57414
194790,57414
164337,56714
206304,1304
157398,1304
157398,1304
206514,56714
72930,63188
72930,62170
72930,63188
64959,1370
64959,1370
129135,56714
129135,56714
173667,1304
205959,63510
244878,57414
208899,62378
210129,57414
208584,57414
208899,57414
238689,57414
238689,57414
238689,57414
208536,57414
244878,57414
208536,57414
155388,1370
155388,62376
207222,59396
207222,59396
207222,59396
67371,1304
67371,1304
61977,56714
61977,56714
206667,57414
206664,57414
206667,57414
206667,62378
205728,63510
154578,11262
154542,1370
154542,1370
246150,57414
246150,57414
224526,11262
60888,35732
60888,35732
221331,56714
221331,34092
221331,56714
213102,1304
213102,1304
206979,57414
206979,57414
206364,63510
206364,63510
128526,63188
128526,63188
128526,62170
226623,57414
218673,57414
226662,63510
160029,1304
229473,56714
203175,1370
203175,1370
203175,1370
232455,57414
208566,63510
225351,63510
215298,56714
210408,1370
71274,39186
232269,1304
220728,1304
201564,1370
203301,1370
154869,11262
64860,11262
166437,56714
166437,56714
166437,56714
210171,56714
172719,1304
66033,1304
25749,50274
186657,1304
186657,1304
209994,57414
179853,57414
179853,57414
177873,1304
189012,1370
189012,1370
189012,1370
211476,34092
236115,30500
236115,50718
236115,50718
204759,1370
178458,30500
178458,30500
178458,30500
204141,1370
204141,1370
251169,1304
251169,1304
206673,30500
227616,30500
206955,62074
222306,63510
222306,63510
205665,63510
203310,63510
203322,63510
203316,63510
172161,57414
172161,57414
60888,10652
172590,63510
153999,63510
229473,63510
201030,30500
201030,30500
203460,57414
203460,62378
203460,57414
248796,33886
185244,63510
238878,63510
244644,62376
209622,50718
218121,56714
197673,34092
197673,56714
197673,56714
197673,34092
155556,1304
155556,1304
238572,62074
207267,62074
251493,62074
251493,62074
206838,62074
206670,62074
206928,62074
234297,62376
234297,1370
206637,1304
206637,1304
210840,59822
213513,63510
235458,11262
235458,11262
188637,1304
188637,1304
188853,56714
64365,56714
64365,56714
227616,63510
249159,1370
249159,1370
212211,56714
212211,56714
204762,30500
227670,30500
227670,30500
205353,1370
205353,1370
185244,1304
238878,1304
238878,1304
153204,57414
153138,56714
154476,57414
154476,57414
154476,62378
157224,56714
157224,56714
157224,56714
156057,63360
232656,1370
154560,62376
247974,1370
222894,63510
172503,63510
172503,63510
183387,34092
183387,56714
71271,36720
216495,1304
230286,63510
207339,57414
207339,57414
207339,57414
59700,56714
59700,56714
61977,62074
184509,57414
184509,57414
225501,63360
208524,1370
208524,1370
157500,63360
212301,57414
153204,1304
153204,1304
244380,1304
244380,1304
206361,1304
178257,63510
211989,1304
211989,1304
200508,1304
203727,1304
203727,1304
222516,1304
222516,1304
175878,56714
210186,62170
210186,63188
225393,63188
210186,63188
225393,63188
225393,1372
2061063,57414
2061063,57414
208524,30500
208524,30500
208524,30500
212211,1304
68496,63510
68496,63510
252177,56714
252177,56714
209073,56714
236226,30500
228729,56714
228729,56714
198945,1370
198945,1370
197286,54096
197802,10652
182565,57414
207084,62074
207084,62074
207084,62074
65640,63510
72930,30500
72930,30500
72930,50718
153312,1370
153312,1370
153312,1370
206427,57414
203184,62378
193323,62074
193323,62074
206433,62074
161283,63510
205959,1304
205959,1304
211047,57414
211047,62378
223530,63510
223530,63510
223782,63510
206412,56714
211641,56714
206412,56714
206850,56714
206412,56714
211641,56714
207927,57414
184635,63510
186657,10652
186657,10652
186078,1304
186078,1304
191256,63510
217782,57804
217782,57804
154998,11262
183912,1370
175293,59822
175293,1304
198867,56714
198867,56714
198573,56714
198573,56714
211767,63510
187839,63510
205905,57414
205905,62378
205905,57414
154542,63510
154035,63510
225393,62944
225393,62944
225393,62944
225393,49888
210186,62944
242151,62944
213978,50274
68568,56714
207822,34092
195063,57414
195063,57414
202959,34092
202959,56714
202959,56714
202959,34092
161283,1370
154797,10652
154797,10652
204057,56714
195723,1304
195723,59822
195723,59822
195723,1304
195723,1304
165927,1370
213102,30500
213102,30500
183195,62944
183195,62944
250947,1304
250947,1304
157767,63510
157767,63510
234030,62376
234030,1370
197802,30500
211476,1370
211476,1370
211476,62376
183387,1304
183387,59822
187806,57804
187806,57804
64299,63510
187101,35732
187101,35732
219048,56714
232035,1370
249513,1370
249513,1370
232035,1370
232035,1370
206637,63510
206358,63510
25749,33886
25749,63538
25749,33886
25749,33886
208518,62378
206823,50718
206838,30500
206928,30500
206838,50718
206988,50718
206988,30500
206670,30500
249216,30500
207102,30500
206670,50718
206928,50718
249216,50718
206823,30500
206823,30500
238572,50718
238572,50718
250749,30500
197835,34092
197835,56714
197835,56714
197835,56714
187224,63510
187224,63510
211386,63510
155055,1304
174513,1304
173940,1370
173940,1370
183468,63510
163578,11262
208599,56714
208599,56714
208599,56714
217782,11262
241026,1304
213114,1304
213114,1304
213114,1304
206376,35732
176403,10808
176403,10808
188100,1304
71301,1304
183489,63186
178830,63186
178830,63186
183489,63186
176472,1304
176472,1304
176472,59822
176472,1304
197673,57414
242442,50718
212748,30500
210141,1304
193323,59822
193323,1304
193323,1304
238263,1304
238263,1304
238263,1304
209880,63510
186933,3382
211950,56714
244731,11262
244731,11262
228729,1304
228729,1304
250653,39186
250653,39186
211236,1304
222438,56714
222438,56714
179088,1370
241824,1304
234156,1304
234021,1304
221751,63510
227343,57414
227343,57414
212430,57414
212430,57414
227295,57414
164640,56714
191223,56714
155403,63510
231102,63510
233559,56714
233559,56714
177873,56714
187707,62944
187707,62944
153024,63510
154068,34092
154068,34092
251625,57414
231057,62944
206346,62944
206346,62944
232065,56696
239247,62074
176403,54290
183105,54290
183105,54290
251643,35732
246858,33886
153885,57414
153885,57414
153885,57414
206952,51974
160770,57414
183489,30500
178830,30500
178830,30500
183489,30500
183489,30500
176472,63510
176472,63510
171372,1370
190113,1370
176643,62376
172587,1370
172587,1370
176643,1370
172587,62376
186987,62378
191247,63510
191247,63510
211815,56714
167571,1304
192159,57414
192159,57414
203232,57414
159831,57414
159831,57414
159831,62378
63876,30500
212433,30500
208872,34092
210051,57414
210051,57414
210051,57414
209697,1304
64845,1370
227292,57414
209976,63510
209976,63510
209976,63510
212445,63510
212445,63510
153438,1370
65058,1370
153438,1370
65058,1370
223728,1370
223728,1370
248871,1370
208692,1370
208692,1370
208788,56696
208788,35732
211524,1304
191238,63510
191238,63510
191238,63510
172503,1304
172503,1304
223776,56714
217848,39186
199242,63188
199242,63188
206667,30500
206376,33886
206376,33886
157398,57414
238263,1370
154113,56714
156057,57414
68676,1370
68676,1370
68676,62376
174468,56714
174468,56714
206670,57414
207129,57414
207129,57414
251493,57414
206670,57414
220713,56714
186216,56714
186216,56714
167316,10652
229473,1304
210678,63510
227115,63510
227115,63510
155034,1370
225390,11262
225390,11262
72930,39186
72930,63418
153960,57414
153960,57414
206481,30500
206481,30500
206481,30500
219021,62378
212526,57414
219021,57414
206868,63510
226662,57414
226662,57414
231282,30500
210627,56714
174468,63510
174468,63510
160029,63510
160029,63510
64218,57414
88920,63510
223518,56714
158274,56714
149634,34092
158274,56714
206748,33886
206748,33886
206940,63538
206748,63538
206748,33886
69249,1370
69249,1370
228060,62074
232404,62074
228060,62074
217782,36720
217782,36720
224526,62376
224526,1370
224526,1370
206406,1304
207150,1304
206784,59822
206784,1304
207150,59822
206406,1304
192942,1304
192942,1304
234555,62376
214998,56714
197673,35846
194229,63538
194229,33886
195249,1304
195249,1304
195249,1304
210342,57414
234864,57414
206625,30500
206637,30500
206637,30500
206637,50718
206625,50718
194208,50718
206625,30500
61482,62944
177921,1304
128604,56714
232614,56714
222540,63510
154011,63510
220713,35732
211413,63510
155271,1370
155271,1370
155271,62376
210615,62944
200964,63538
200964,33886
200964,33886
187221,56714
187221,34092
187221,56714
129081,1304
61482,61280
227616,59822
206673,1304
227616,1304
206673,1304
227616,1304
249855,1304
72918,1370
72918,1370
219132,1370
191250,1304
228315,1304
251442,33886
251442,33886
187806,36720
187806,36720
186657,56714
186657,56714
186657,56714
186657,34092
184950,30500
184950,50718
184950,30500
184950,50718
184950,50718
231900,1304
231900,1304
69249,63510
186657,62378
186657,57414
186657,57414
186657,57414
205107,56714
205107,56714
212469,30500
129081,30500
227988,63510
227988,63510
162603,56714
163131,39186
225351,34092
225351,56714
225747,1370
225747,1370
248373,1304
248373,1304
172056,1372
203889,30500
216648,30500
205122,50718
203889,30500
250629,30500
158016,50718
66378,30500
66378,30500
203058,30500
238377,30500
148782,50718
203058,30500
229521,30500
148782,30500
210846,30500
129153,30500
229521,30500
229521,30500
250629,30500
251085,30500
223554,50718
210846,30500
224145,50718
192756,50718
203889,30500
238377,30500
221151,30500
203502,50718
240990,30500
203574,30500
223554,30500
224145,30500
203502,30500
199860,30500
203574,30500
203502,30500
216648,50718
252375,30500
199860,30500
199860,30500
240990,50718
220170,30500
223554,30500
221151,30500
252375,30500
192771,50718
192771,50718
205122,30500
203100,30500
205122,30500
216648,30500
252774,50718
207996,56714
206811,56714
207147,56714
207144,56714
207144,56714
206811,56714
207147,56714
234120,1370
234120,1370
220302,62074
238218,56714
238218,56714
238218,34092
71274,3382
71274,3382
61935,1370
162624,11262
208575,59396
208575,59396
212448,57414
212448,57414
246963,50274
208491,56714
221526,56714
210690,56714
251631,56714
210690,56714
208572,56714
208491,56714
208521,56714
251631,56714
175878,1304
175878,1304
211413,1304
211533,62944
211533,49888
207222,30500
186216,1304
128604,1304
242442,50274
25749,63188
25749,1372
156063,59822
156063,1304
156063,1304
156063,1304
66879,57414
238608,57414
66879,57414
66879,57414
249081,56714
204483,1370
204483,1370
204483,62376
237252,63510
211638,1304
222843,1304
222843,59822
128469,63510
128469,63510
242439,57414
242439,57414
219021,63510
251235,56714
251235,56714
187650,1304
206952,59396
206952,59396
206952,55798
178830,1304
183489,1304
224169,63188
224169,63188
231057,54096
212448,39186
212448,63418
211749,56714
206451,30500
206448,30500
243546,1304
247983,1304
207243,1370
207243,1370
153600,62376
207243,62376
244404,62376
244404,1370
212586,57414
210141,56714
25749,39186
25749,62944
25749,62944
206460,1304
232404,1304
228060,59822
232404,1304
228060,1304
228060,1304
228060,1304
217848,57414
220011,57414
154797,30500
154797,30500
186216,63510
162603,1304
177672,63510
177672,63510
234030,1304
161403,1304
161403,59822
161403,1304
153885,1304
153885,1304
153885,1304
66465,30500
66465,50718
66465,30500
157224,1304
157224,59822
220269,10808
187806,39186
187806,39186
246054,56714
246858,35732
246858,35732
246804,1304
246804,1304
188331,54096
188331,54096
188961,1370
209994,11262
209994,11262
61305,56714
206412,1304
211641,59822
206412,1304
157500,10652
236520,56714
236520,56714
236520,56714
172587,1304
172587,1304
153072,1304
149634,30500
158274,30500
225699,1370
225699,1370
200964,56714
200964,34092
226662,56714
186327,1304
195372,35732
195372,35732
155097,1304
155097,1304
198882,59396
198882,59396
198882,62274
212220,61280
182295,1304
182295,1304
249159,56714
186174,124
64353,11262
64353,11262
216498,56714
216498,56714
208872,1370
181371,57414
154098,1304
154098,1304
252081,50718
192300,57414
233091,56714
233091,56714
206346,1370
206346,1370
231057,1370
206346,1370
247134,1370
247134,62376
247134,1370
247134,1370
242619,10652
153885,56714
153885,56714
222750,1370
222750,1370
158658,56714
158658,56714
204771,56714
204771,34092
244092,57414
164337,1304
164337,1304
153867,56714
153867,56714
153867,34092
253308,63510
195723,56714
195723,56714
247989,1304
247989,59822
247989,1304
247989,1304
204276,1304
159033,63510
250434,35732
234555,63510
208881,63510
187395,1304
186327,56714
191256,56714
191256,34092
206427,33886
206427,33886
206427,33886
71271,11490
71271,11490
229536,63188
155085,59822
155085,1304
155100,1304
203178,1304
203178,1304
211533,30500
211533,30500
154275,56714
195723,50718
195723,30500
195723,30500
195723,50718
153150,1370
153150,1370
209976,1304
209976,1304
212181,63510
209799,56714
237195,62378
237195,57414
237195,57414
234021,30500
234156,30500
241824,30500
62337,57414
62337,57414
191247,56714
191247,56714
191247,56714
223104,1304
187263,57414
195378,63510
206745,63510
139272,63510
195378,63510
197676,1304
176403,53386
249930,57414
250977,63510
250977,63510
207618,56714
249633,56714
249633,56714
64893,1304
183195,39186
183195,63418
183195,39186
207999,56714
207999,56714
154953,1304
206367,1304
207084,1304
207084,1304
207084,1304
210897,59822
206367,1304
156486,1304
156486,1304
206940,56696
206748,35732
206748,35732
71271,61348
216948,56714
216948,56714
247374,56714
66465,57414
66465,57414
25743,1304
25743,1304
25743,1304
183672,1304
206376,39186
206376,39186
217782,10652
210114,56714
210114,56714
238887,56714
238887,34092
153084,57414
206451,56714
206448,56714
206448,34092
214194,34092
214194,34092
60864,63510
212775,1304
166995,30500
172008,62944
64734,57414
64734,57414
181101,35846
153867,1304
153867,1304
203724,10652
208758,1304
220269,59394
220269,59394
212448,54096
244446,63510
206304,63510
206304,63510
198573,10652
186942,56696
60864,35732
206376,57414
206376,57414
206376,57414
234972,1370
234972,1370
234018,1370
234972,1370
234018,1370
234018,1370
188331,59394
188331,59394
217782,63188
217782,63188
212220,16358
212220,16358
198867,57414
212232,10652
212721,1304
212721,1304
163482,1304
248301,57414
248301,57414
25749,62074
25749,62074
197529,1304
197529,1304
251967,33886
251967,33886
203871,56714
204780,56714
203871,56714
204780,56714
61344,39186
61344,39186
212301,33886
212301,63538
220713,10652
220713,10652
207993,1304
225390,1370
225390,1370
208599,63510
249567,56714
237804,62378
165786,63510
238263,56714
227292,59822
184950,56714
184950,56714
205728,57414
188637,63510
65631,1304
65631,59822
172008,1304
206439,33886
206439,33886
206439,33886
68676,63510
187806,35732
187806,35732
166362,56714
166362,56714
204144,56714
251625,30500
203646,63510
203646,63510
203259,56714
203259,56714
203259,56714
248061,1304
248061,1304
187101,10652
187101,10652
214194,1304
204189,50274
238875,57414
253053,34092
203310,62376
222306,1370
222306,1370
203316,1370
205665,1370
203310,1370
154068,1304
154068,1304
206418,57414
173796,57414
173796,57414
176319,57414
176319,57414
199044,63510
166995,59822
224169,10652
213885,30500
208518,1304
242232,1304
242232,1304
206772,1304
206772,1304
238827,1304
212637,59822
242232,1304
212211,10652
154770,63510
154770,63510
166005,57414
186384,56714
186384,56714
206952,54290
72045,63188
72045,63188
72045,1372
207498,62376
220269,62944
186951,56714
186951,34092
157938,63510
167514,57414
229263,63510
212445,1304
212445,59822
194904,1304
198882,56696
198882,56696
246963,39186
217752,11262
72900,56714
63582,56714
223554,56714
205122,56714
66378,56714
63582,56714
252774,56714
59703,56714
72900,56714
216648,56714
216648,56714
203052,34092
72900,56714
192771,56714
203502,56714
238377,56714
252375,56714
238377,56714
192771,56714
240990,56714
199860,56714
203574,56714
224145,56714
205122,56714
59703,56714
129153,56714
238377,34092
203100,56714
220170,56714
210846,34092
192768,34092
240990,34092
221151,56714
203058,56714
203058,56714
220170,56714
63582,56714
203052,56714
210846,56714
210846,56714
203052,56714
129153,56714
224145,56714
229521,56714
229521,56714
158016,56714
224145,56714
66378,56714
206673,63510
206673,63510
231900,57414
231900,57414
246720,56714
251442,35732
251442,35732
205815,63510
233961,1370
198210,56714
212442,33886
233559,1304
194904,10652
211527,63218
246963,57414
207102,57414
250275,57414
207366,57414
206988,57414
207267,57414
207366,57414
250275,57414
206988,57414
158658,57414
154041,56714
217848,1370
217848,1370
153867,57414
153867,57414
163482,50274
212721,50274
203673,50718
203673,30500
203673,30500
208797,1304
229539,56714
229539,56714
229539,56714
208572,1370
221526,1370
210690,1370
208491,1370
251631,1370
208491,1370
221526,1370
154665,11262
249687,56714
161403,57414
161403,57414
187224,57414
153048,56714
210795,34092
153048,56714
207330,56696
62817,63188
174279,62376
174279,1370
174279,1370
203646,57414
248706,63510
203247,10652
203247,10652
210834,10652
227670,10652
210834,10652
227670,10652
206367,56714
210897,56714
207078,56714
207078,56714
206367,56714
206367,34092
206745,56714
139272,56714
207156,34092
206745,34092
207096,56714
207156,56714
206745,56714
195378,56714
207096,56714
154707,1304
154707,1304
205659,56714
176643,56714
176643,56714
176643,56714
252396,62074
183387,57414
183387,57414
157854,56714
157854,34092
157854,56714
188106,62378
210234,35732
210234,35732
235299,57414
242556,1370
242556,1370
250782,1370
250782,62376
232827,10652
232827,10652
232827,10652
153138,57414
165132,1304
206847,63510
183489,63136
183489,63540
153381,59822
159033,1304
63876,1304
212433,1304
212433,1304
207387,1304
245976,1304
245976,59822
242556,30500
242556,30500
242556,30500
247002,39186
225012,56714
225012,56714
183786,63510
213885,33886
230028,35732
230028,56696
209622,124
219030,63510
249633,10652
167364,33886
167364,33886
167364,33886
186378,56696
203133,10652
177873,63510
209976,56714
229536,10652
208347,57414
211413,1370
211413,62376
193323,1370
193323,1370
206433,1370
206433,1370
155481,34092
176577,56714
238293,63188
207465,62376
210393,30500
203106,50718
234093,30500
234093,30500
203106,30500
234093,50718
171939,1304
198855,56714
198855,56714
239217,59822
239217,1304
248202,59822
248202,1304
153048,1304
153048,1304
210795,1304
192159,30500
192159,30500
203232,50718
192159,50718
192159,30500
183813,57414
154770,1370
186951,1304
186951,1304
59691,1370
59691,1370
69060,56714
227973,56714
227973,56714
67740,56714
200964,62944
200964,62860
200964,62944
188604,62378
188604,62378
183105,53386
188685,57414
66843,10652
66843,10652
187743,1304
206346,57804
198867,63510
198867,63510
154506,63510
224211,30500
224211,30500
224211,50718
217782,62944
228753,1370
229536,30500
154665,57414
219381,59822
222894,1370
222894,1370
72561,63510
227310,62274
227310,59396
227310,59396
227310,59396
227310,55798
203829,56714
203829,56714
222669,63538
222669,33886
203700,10652
166128,1372
166128,63188
187221,1304
187221,1304
187221,1304
244446,62378
206304,57414
244446,57414
206304,57414
160770,56714
72045,10652
199242,10652
72045,10652
199242,10652
195894,1304
62337,50274
62337,50274
220302,1304
220302,1304
210234,39186
242388,39186
242388,33886
242388,33886
210234,33886
239217,57414
212721,10652
163554,56714
247962,63418
238032,33886
211524,63538
211524,33886
244092,34092
199479,56714
209073,10652
128604,57414
128604,57414
186216,57414
175266,57414
175266,57414
175266,57414
201282,50718
206427,56696
246720,1304
246720,1304
250947,56714
250947,56714
250947,34092
250947,56714
210615,51974
238293,50274
222438,57414
222438,57414
234093,56714
234093,56714
210393,56714
210393,56714
247986,57414
247986,57414
72117,30500
72117,50718
72117,30500
72117,50718
187806,50718
206367,30500
207078,30500
210876,63510
72045,30500
199242,30500
72045,50718
72045,30500
217002,56714
206361,33886
244380,63538
201852,59822
201852,1304
225672,11262
220269,59396
220269,59396
206415,59822
206415,1304
63690,1304
63690,1304
198990,1304
198990,1304
206478,59822
227829,1304
227829,1304
206415,1304
227829,59822
63690,1304
223401,57414
166002,30500
186987,11262
186987,11262
208812,1370
208794,1370
208812,1370
208812,1370
208812,62376
189045,1304
244278,30500
244278,30500
216108,30500
216108,30500
233970,30500
226623,1370
209154,1370
226623,1370
224526,63510
231144,34092
231144,56714
231144,56714
203790,30500
248061,57414
165312,1304
154032,30500
242505,1370
242505,1370
154041,1304
172419,56714
208599,1370
208599,1370
208599,1370
183390,62376
203142,57414
233091,1304
233091,59822
155556,57414
155556,57414
203310,50718
203310,50718
237300,30500
203322,30500
237300,50718
205662,30500
222306,30500
205662,30500
222306,30500
155052,1304
212550,11262
212550,11262
64893,57414
208572,30500
221526,30500
208521,30500
210690,30500
251631,30500
208491,30500
208572,50718
221526,30500
251631,30500
204189,55798
204189,59396
187962,56714
187962,56714
201852,57414
187707,54096
219048,57414
219048,57414
129204,62376
251967,63418
251967,39186
175266,1304
175266,1304
175266,1304
211815,30500
207144,63510
186174,59394
244869,59822
253098,1304
253098,1304
203322,56714
203322,56714
222306,56714
203310,56714
203316,56714
203316,56714
205662,56714
205665,56714
217002,57414
191556,57414
191556,57414
154167,63188
154167,63188
247962,63538
220713,57414
157938,1370
157938,1370
186987,1304
186987,1304
25749,61280
195894,56714
178257,56714
178257,56714
235335,50274
206415,63510
250221,57414
203259,30500
203259,30500
251967,57414
153279,1304
153279,1304
213102,10652
213102,10652
213102,10652
210000,11262
188844,56714
205815,1370
205815,1370
66915,62376
66915,1370
251643,56714
251643,56714
153999,1304
247632,1304
172056,30500
213978,36720
66918,1370
66918,1370
237057,10652
213978,57804
165750,56696
88821,56696
206748,36720
206940,36720
210114,57414
210633,10652
222750,59822
222750,1304
222750,1304
217620,1304
206940,57804
206748,57804
251235,59822
204519,59822
156024,57414
161403,56714
161403,34092
203175,11262
203175,11262
203175,11262
65640,56714
65640,56714
162603,57414
181110,56714
242151,62274
206940,1370
206940,1370
88821,34092
165750,56714
88821,56714
197673,63188
197673,63188
154098,56714
186933,62944
207150,30500
206406,30500
206406,30500
206784,50718
181662,63510
183213,59396
183213,55798
187797,57414
187797,57414
234297,30500
234156,62074
236226,39186
236226,39186
238878,57414
185244,62378
238878,57414
25749,54096
25749,54096
187224,56714
206448,1304
206448,1304
167136,56714
167136,56714
177474,56714
247002,30500
207243,63510
204144,1304
204144,1304
221115,56714
221115,56714
188787,11262
206514,63510
206856,62074
206787,62074
191247,10652
232065,54096
232065,54096
206418,33886
186378,56714
186378,56714
60888,59396
60888,59396
247989,57414
229527,62944
129264,57414
154035,34092
222750,63510
198210,10652
198210,10652
217848,10652
201852,56714
201852,34092
232068,35732
212211,57414
212211,57414
216948,59822
247374,1304
247986,34092
247986,56714
247986,56714
242619,50718
242619,30500
187962,1304
184710,1304
184710,1304
251829,35846
227310,35732
227310,35732
247989,56714
247989,56714
216981,1304
216981,1304
211965,1304
211965,59822
211965,1304
208515,1304
211965,1304
71274,62944
154167,1304
251619,62944
183213,63186
60864,56714
249567,1304
249567,1304
223530,57414
187707,1304
187707,1304
187707,59822
212442,56696
204189,48980
65052,1370
65052,1370
224169,35732
154998,1304
183489,124
183573,10652
153303,10652
211533,62074
211533,62074
61908,56714
217752,1370
211527,61280
205662,1370
237300,1370
237300,1370
205662,1370
225669,1304
225669,1304
214506,1370
203259,10652
203259,10652
186438,50718
186438,30500
186438,30500
186438,30500
61482,1304
207999,10652
207999,10652
249222,10652
65052,63510
65052,63510
211533,59396
175815,56714
249633,57414
249633,57414
227973,30500
197799,63510
197799,63510
179790,1304
227469,59822
206442,62376
176319,56714
176319,34092
212892,56714
247374,57414
216948,57414
247374,57414
128334,62378
184635,57414
161526,57414
161526,57414
183573,56696
244479,63510
244479,63510
215112,16358
181149,57414
181149,57414
207498,63510
181149,1304
181149,1304
153315,57414
215247,62378
245868,62378
181203,1304
154956,1304
208881,62376
128538,1370
251619,63188
246720,63510
198792,56714
198792,56714
189012,1304
189012,1304
164337,50718
164337,30500
164337,30500
224169,30500
224169,30500
198522,1304
203073,56714
203073,56714
203073,56714
178458,57414
178458,62378
178458,57414
159330,56714
128526,35732
248373,56714
62817,54096
63867,1370
63867,1370
227310,50274
227310,50274
205191,63188
207618,57414
207618,57414
248064,1304
248064,1304
164064,35732
203646,34092
203646,56714
203646,56714
172590,1304
172590,1304
172590,1304
198522,30500
195723,10652
64299,57414
64299,62378
188100,63510
241389,59822
241389,1304
241389,1304
241389,1304
234951,57414
234951,57414
234951,62378
181149,56714
181149,56714
251625,50274
244287,1372
244287,63188
244287,63188
198882,62074
211407,1370
211407,1370
203775,10652
158274,10652
208806,62376
208893,1370
208506,62376
218121,63188
251829,1372
154506,57414
203646,1304
203646,59822
187797,1304
187797,59822
195063,35732
195063,35732
220713,59822
220713,1304
227664,1304
223968,1304
223968,1304
224925,63510
210186,63218
225393,63218
210186,63218
178257,57414
178257,57414
203214,50718
210882,30500
209829,1304
209829,1304
185067,57414
123150,1304
244731,50274
244731,50274
244731,50274
191553,63510
243927,56714
210978,56714
243927,56714
210978,56714
194883,59394
246711,57414
246711,57414
246711,62378
191256,57414
249342,63418
249342,39186
249342,39186
249633,35846
249633,35846
223530,34092
186990,63510
197595,62376
157185,1370
197595,1370
208350,1304
211473,56714
204228,63510
223776,57414
188331,33886
154167,62074
154167,62074
197676,57414
154068,62378
233091,57414
233091,57414
71409,1304
231162,1370
234297,59822
234297,1304
234297,59822
227973,10652
162624,62376
162624,1370
246987,1372
203439,30500
203439,30500
153381,57414
153381,57414
206364,57414
206364,57414
206745,30500
195378,30500
206745,30500
207156,50718
139272,30500
208788,39186
208788,39186
210954,1304
248724,63510
210051,56714
210051,56714
166995,35732
166995,35732
166995,35732
242412,56714
246618,56714
246618,34092
212571,34092
246618,56714
242412,56714
166002,56714
161667,56714
161667,56714
161667,56714
212220,63186
212220,63186
171372,11262
171372,11262
153792,57414
153792,62378
153792,62378
161058,57414
178458,39186
178458,39186
223071,56714
194904,61280
211386,56714
211386,56714
206484,63510
206484,63510
244158,56714
244158,56714
66924,1370
247878,1370
66924,1370
248205,57414
153048,57414
157680,62376
157680,62376
157680,1370
157680,1370
252210,1370
154551,59822
154551,1304
154551,1304
183213,35846
182565,30500
182565,30500
182565,30500
186078,57414
186078,62378
186078,57414
235335,63360
235335,63360
234297,56714
207084,63510
208722,30500
208722,30500
208722,50718
200502,30500
200502,30500
229620,1304
229620,1304
229620,1304
243546,33886
211413,56714
62817,50718
250221,35732
72900,1370
72900,1370
211524,39186
154881,57414
154881,62378
154881,57414
162792,1304
211473,57414
211473,57414
187839,57414
72918,1304
72918,1304
183489,56696
183489,56696
245631,59822
245631,1304
245631,1304
192768,1370
203889,1370
203112,1370
59703,1370
252774,62376
229521,1370
203574,62376
229521,1370
129153,1370
59703,1370
129153,62376
203058,1370
224145,1370
224145,1370
224145,1370
240990,1370
229521,62376
240990,1370
203058,1370
66378,62376
203889,1370
240990,1370
211812,56714
211812,56714
245154,56714
204141,56714
201522,56714
164337,57414
164337,57414
195723,62378
195723,57414
155085,56714
155085,56714
171702,1304
171702,1304
252396,59822
72930,59394
242409,56714
242409,56714
208053,62378
194883,62944
194883,62944
166128,10652
186951,63510
230010,57414
230010,57414
228564,56714
212220,63136
222669,62376
181101,10652
163377,1370
163377,1370
164871,62378
244287,1304
244287,1304
244287,1304
154743,1304
217848,54096
227115,1370
210678,1370
227115,1370
210678,62376
154113,62378
244731,63188
244731,62170
187101,30500
247962,57414
60888,39186
60888,39186
211947,50718
207927,11262
153303,63188
153303,63188
206868,1370
206868,1370
154665,1304
154665,1304
208758,30500
208758,30500
226662,30500
219456,62376
203388,1370
200259,63510
199044,57414
162795,59822
162795,1304
188844,57414
210954,57414
210954,57414
208449,1304
245046,30500
245046,30500
154890,10652
205959,56714
205959,56714
203439,10652
192159,56714
192159,56714
203232,56714
192159,56714
203232,34092
183912,59822
248202,50718
248202,30500
242409,57414
242409,62378
219381,63510
238887,63510
211386,10652
213885,39186
72117,57414
72117,57414
205812,1304
205812,1304
244158,59822
212448,56696
212448,35732
156024,34092
206361,39186
158742,34092
158742,56714
216498,56696
238293,35732
164541,10652
197286,63220
197286,63218
239577,1304
248292,63510
248292,63510
72483,30500
72483,30500
72483,50718
203796,50718
203796,30500
246711,56714
246711,56714
246711,56714
238293,54096
238293,54096
209622,62274
209622,59396
230028,62378
230028,57414
181662,1304
181662,1304
167451,59822
198882,33886
198882,33886
198882,33886
198882,63538
224874,56714
231057,10652
206346,10652
223782,57414
223782,57414
208740,1370
208740,1370
208476,1370
208476,1370
208722,1370
206955,1304
174513,57414
174513,57414
225672,63188
225672,63188
225276,56714
225276,56714
188787,1370
188787,1370
165915,62378
165915,57414
212220,59394
212220,59394
171702,63510
207222,35732
154077,1304
154077,1304
191451,63510
211524,57414
172008,39186
231909,57414
61482,10808
61482,10808
228687,56714
228687,56714
68496,57414
68496,57414
153084,1304
220218,57414
205191,30500
66843,57414
66843,57414
252396,34092
204222,57414
197595,56714
197595,56714
77484,39186
232452,57414
233970,1304
233970,1304
244278,1304
216108,1304
216108,1304
195447,63510
207156,1304
207096,1304
195378,1304
198867,30500
198867,30500
153024,57414
155097,56714
155097,56714
155097,56714
172719,56714
212469,10652
206787,1304
196302,59822
196302,59822
196302,1304
206856,1304
251493,1370
238572,1370
206928,62376
207129,1370
208797,56714
211527,124
211527,124
65640,59822
65640,1304
207339,39186
64959,57414
232404,1370
228060,62376
228060,1370
228060,1370
235932,1370
228060,1370
235932,1370
232404,1370
204141,1304
236655,1304
236655,1304
224631,1304
203142,1304
154167,30500
154167,30500
154167,30500
162984,30500
162984,30500
210678,50718
227115,30500
210678,30500
64218,1304
64218,59822
246720,57414
232029,30500
208788,63538
208788,63538
208788,63538
232029,56714
232029,56714
232029,56714
206475,1370
229620,63510
229620,63510
251202,56714
198882,39186
198882,63418
198882,39186
206811,1304
207147,1304
206811,1304
207147,1304
222540,1370
222540,1370
194883,33886
194883,33886
194883,63538
208599,30500
208599,30500
183363,57414
203268,30500
203241,30500
206076,30500
203256,30500
212112,30500
203268,30500
206076,30500
203445,30500
206979,35732
207618,35732
207618,35732
207618,35732
230028,33886
67335,1304
64353,1304
203232,10652
213114,57414
211407,62378
165744,63510
165717,63510
188700,63510
165744,63510
188700,63510
246915,63510
177672,56714
154035,1304
238293,30500
238293,30500
251619,63186
231144,10652
207339,1304
207339,1304
207339,1304
203820,56714
203820,34092
203820,56714
206481,57414
194904,62170
194904,63188
249297,1304
62817,62944
62817,49888
179853,50274
179853,50274
241305,1304
215298,49888
204228,57414
203073,63510
203055,63510
154518,1304
154509,1304
154509,1304
128502,62074
72558,30500
72558,30500
183459,56696
253146,56696
226848,56696
25743,63510
25743,63510
153888,1304
153888,59822
163578,62376
163578,1370
163578,1370
163578,62376
187839,56714
198990,30500
236490,57414
236490,57414
56871,56714
232455,10652
244041,1304
123150,1370
216981,57414
212721,56696
212721,56696
187386,56714
187386,56714
164064,63188
164064,63188
61344,63188
192300,34092
192300,56714
249567,57414
249567,57414
242439,56714
242439,34092
242439,56714
153438,1304
65058,1304
65058,59822
218265,57414
201798,57414
201798,57414
203073,57414
203073,57414
203073,57414
198981,57414
194424,11262
201837,34092
201837,56714
201837,56714
201837,56714
208500,56714
196311,50718
220728,10652
203673,1304
211140,50274
211140,50274
249342,62944
249342,62944
243408,56714
154167,10652
179088,1304
179088,1304
198873,62074
178458,35732
178458,56696
241389,57414
241389,57414
206376,54096
174468,57414
174468,57414
183468,30500
183468,30500
457455,56714
208347,56714
237252,57414
187707,57804
187707,57804
167364,35732
206442,57414
206433,57414
206433,57414
251967,36720
187101,63188
187101,63188
187101,63188
212775,56714
212775,56714
154077,56714
154077,56714
212469,50274
212469,50274
207330,57414
208722,34092
200502,56714
200502,56714
208485,56714
208476,56714
208740,34092
208485,56714
200502,56714
208740,56714
208722,56714
208722,56714
205332,35732
205332,35732
217782,10808
217782,10808
251442,54096
251442,54096
156486,10652
203256,10652
206076,10652
203256,10652
196722,10652
203274,10652
238377,62074
220170,62074
203052,62074
192771,62074
192771,62074
203502,62074
66378,62074
63582,62074
238377,62074
203889,62074
66378,62074
210846,62074
158016,62074
192768,62074
163251,1304
210114,62074
210114,62074
246099,57414
246099,57414
228729,57414
228729,57414
187806,62944
239577,56714
239577,34092
249930,56714
249930,56714
66879,1304
66879,1304
153141,1304
153141,1304
204375,57414
204375,57414
204375,57414
212220,124
242232,57414
242232,57414
238827,57414
206376,1370
64845,1304
88920,57414
231876,1304
192549,56714
192549,56714
252210,30500
129204,30500
129204,30500
211047,56714
195582,56714
201798,56714
203082,56714
203082,56714
200364,56714
200364,34092
201798,56714
218265,56714
195582,56714
218265,56714
192714,56714
226140,63360
209880,57414
209880,57414
230178,62378
212211,30500
212211,30500
192942,1370
192942,1370
206406,1370
206406,1370
207150,1370
192942,1370
207150,1370
206784,62376
250977,1304
250977,1304
198279,62376
212430,30500
212430,30500
227295,50718
245046,35732
71271,63136
223071,57414
223071,57414
249579,10652
203328,56714
240939,62376
167571,57414
167571,57414
225351,57414
225351,57414
171939,56714
197835,59822
197835,1304
223782,56714
223782,56714
248550,57414
248550,57414
227616,57414
227616,57414
241203,56714
241203,56714
206868,57414
206868,57414
242442,57414
238689,56714
238689,56714
238689,56714
238689,34092
244878,56714
244878,56714
60888,54096
60888,54096
61692,1304
61692,1304
61692,1304
61692,59822
249795,50718
249795,30500
249795,30500
248013,57414
203280,10652
96444,10652
203214,10652
203454,10652
203670,10652
203280,10652
203214,10652
204717,10652
96444,10652
206439,35846
208503,50718
208503,30500
230178,11262
230178,11262
204522,11262
204522,11262
72561,1304
206346,63188
231057,63188
206346,1372
206952,50274
250434,35846
206637,62378
206637,57414
206355,62378
206625,57414
206358,57414
206358,57414
211683,57414
211683,62378
223389,57414
181662,57414
181662,57414
181662,57414
179496,62378
171702,30500
171702,30500
196845,57804
68496,1304
68496,1304
177474,57414
177474,62378
191232,30500
210408,1304
226140,56714
231225,63188
231225,63188
211047,1304
207999,35732
207999,56696
196722,56714
96444,34092
204717,56714
248250,56714
203454,34092
196722,56714
212112,34092
208116,34092
203280,34092
244866,56714
208116,34092
250020,34092
203145,56714
203145,56714
203145,56714
203256,34092
250668,34092
96444,56714
203256,56714
203454,56714
203241,34092
210882,56714
203274,56714
227292,30500
227292,30500
208758,1370
208758,1370
208758,1370
155055,57414
220269,54096
206406,57414
206406,57414
206406,57414
207150,57414
206784,57414
192942,57414
192942,57414
183213,59394
197676,10652
242130,1370
248796,63418
248796,63418
216108,10652
244278,10652
233970,10652
216108,10652
155556,34092
196845,124
179496,1304
179496,1304
179496,1304
179496,59822
230286,57414
210627,63188
210627,1372
210627,63188
208788,63188
208788,63188
197595,63510
175239,63510
178458,1304
178458,59822
203733,56714
212571,30500
242412,30500
212571,50718
246963,16358
188937,63510
227988,1304
227988,1304
216366,59822
154146,57414
154146,62378
232827,30500
232827,30500
232827,30500
247983,39186
208554,1370
60888,63188
60888,62170
155097,62378
155097,57414
155097,57414
222894,1304
222894,1304
209622,62944
172503,57414
172503,62378
172503,57414
244287,10652
244287,10652
183195,33886
186990,1304
186990,1304
186990,1304
184698,1304
184698,1304
193965,62944
197673,30500
197673,50718
240939,30500
234297,57414
209697,30500
192564,30500
192564,50718
204243,63510
186378,57414
186378,57414
208515,56714
211965,56714
211965,56714
211965,56714
211965,34092
172056,39186
172056,39186
172056,63418
187806,10808
211815,10652
211815,10652
208554,30500
208482,30500
208482,30500
187659,57414
187659,62378
187659,57414
251619,124
2061063,62376
2061063,62376
2061063,1370
2061063,1370
203142,56714
208068,56714
203142,56714
199854,39186
229341,62376
171939,62378
128685,34092
253308,57414
183789,34092
183789,56714
210114,50718
205959,57414
205959,57414
205959,57414
153303,30500
183573,30500
183573,30500
153303,30500
181101,30500
181101,50718
238263,30500
166029,63510
64218,56714
236520,50274
236520,50274
186384,63188
186384,63188
157416,56714
157416,56714
238032,62378
238032,57414
203178,39186
232404,57414
228060,57414
228060,57414
212571,1370
246618,1370
207216,63510
206364,50274
221751,57414
221751,57414
157224,30500
72930,59396
72930,59396
72930,59396
238611,57414
204795,62944
203724,62944
72483,56696
203796,35732
200508,1370
192549,62376
246987,10652
206475,30500
238032,35732
186177,62170
203460,56714
203460,56714
161667,57414
225501,35732
225501,56696
154578,56714
209637,56714
179790,57414
217848,36720
183492,54096
183492,54096
154011,30500
208488,35732
208488,35732
167676,59822
204054,1304
159330,62378
60864,57414
186942,62378
60864,57414
220632,62378
164661,56714
232269,33886
232269,33886
251643,57414
128526,62944
128526,62944
167676,34092
242442,39186
242442,39186
198873,50274
194904,35732
155403,1304
206943,57414
206427,35846
206427,35846
165750,10652
204657,56714
204657,56714
210393,1370
203106,62376
72558,63188
246150,1304
186378,35846
212442,63418
191316,1370
155403,56714
249342,1370
71301,57414
172161,35732
234129,59822
186987,56714
186987,34092
235191,63510
251721,63510
251721,63510
195894,57414
224841,10652
236775,56714
236775,56714
230331,56714
230331,34092
230331,56714
236775,56714
238536,63188
238536,1372
238536,63188
217782,54096
217782,54096
198882,63188
198882,63188
96444,30500
96444,30500
249633,16358
249633,16358
211527,51974
211527,51974
72045,59822
199242,1304
72045,1304
72045,1304
72045,59822
72045,1304
229527,63188
229527,63188
203460,10652
203133,1304
253098,62376
194388,1370
236766,1370
236766,1370
236766,62376
194388,1370
253098,1370
253098,1370
194388,1370
206637,1370
206637,1370
206625,1370
206625,1370
187659,59822
220269,35732
220269,56696
62817,35846
234297,10652
186378,10652
165750,62378
88821,57414
206811,30500
207144,30500
231102,57414
196845,63136
71766,30500
71766,30500
227238,10652
227238,10652
181593,63510
181593,63510
2061063,30500
247983,54096
212283,1304
212283,1304
212283,59822
212283,1304
249081,10652
249081,10652
72645,1304
72645,1304
244158,57414
25743,56714
25743,56714
212721,57414
163482,57414
240939,62074
194883,59396
194883,59396
214998,1304
214998,1304
61899,1304
248013,50718
248013,30500
248013,50718
208893,30500
251202,30500
183789,35732
183789,56696
66777,10652
153888,57414
246963,62074
201522,50274
191247,35846
191247,35846
251721,34092
251721,56714
251721,56714
206955,63510
164541,30500
56868,1370
56868,1370
210810,1370
251967,1370
71274,54290
249579,62378
249579,62378
249222,33886
198867,1304
198867,1304
210615,59396
128526,59396
128526,59396
228741,1370
228741,1370
128526,59394
231225,62074
231225,62074
183492,62944
210978,63188
222159,57414
244866,10652
252210,56714
157680,34092
252210,56714
157680,34092
251442,62378
251442,57414
177951,1304
177951,1304
245154,62378
217782,1304
217782,1304
183213,63360
183213,63360
72561,57414
72561,57414
61977,63510
233961,34092
233961,56714
216498,57414
235335,62944
235335,62944
210840,57414
210840,57414
186933,51974
250434,16358
250434,16358
172008,56696
222669,49888
201030,35732
183450,35732
188331,61540
248724,56714
172008,59396
206484,50718
206484,50718
206484,30500
206484,30500
177873,57414
207105,59822
207105,1304
179088,11262
212748,1370
242442,1370
242442,1370
212748,62376
204093,59822
128526,63418
128526,39186
128526,39186
167571,30500
167571,30500
194229,57804
235335,63188
235335,62170
206940,62170
206748,63188
206748,63188
250947,30500
250947,30500
208503,34092
129081,50274
224211,62944
224211,62944
160770,30500
237195,50718
201837,30500
201837,30500
206952,61348
238032,39186
238032,63418
210234,62376
211386,62378
211386,57414
211386,57414
164457,56714
204483,63510
208536,56714
208536,56714
220218,63510
241329,57414
241329,57414
194904,30500
198873,10652
204144,57414
204144,57414
204144,62378
191451,62376
194790,56714
194790,56714
194790,34092
187962,63510
187962,63510
197286,59394
197286,59394
219522,56714
219522,56714
206748,10652
206940,10652
206748,10652
206748,10652
187797,30500
187797,50718
244287,62944
244287,62944
247002,59396
247002,55798
247002,62274
200364,57414
200364,57414
211344,56714
211524,1370
211524,1370
211641,63510
206850,63510
61824,30500
250221,39186
220302,63510
206958,63510
206958,63510
229536,39186
229536,39186
207366,62376
207366,1370
249216,1370
249216,1370
210843,1370
206988,62376
206823,1370
206823,1370
206838,62376
207102,1370
250749,62376
207366,62376
206823,1370
216498,16358
216498,16358
216498,16358
191247,30500
191247,30500
230604,30500
232068,50718
232068,30500
247983,56696
198981,1304
198981,1304
238293,1304
194601,33886
223389,56714
223389,56714
157185,1304
197595,1304
199479,57414
251829,30500
207339,62376
247986,30500
238218,62378
72930,33886
72930,33886
195771,62170
212469,62074
129081,62074
212469,62074
155388,57414
155388,57414
211683,1304
211683,1304
153402,1304
67740,1304
197835,1372
197835,63188
238032,1370
197673,63186
166029,1304
166029,1304
166029,59822
212748,62074
154707,63188
154707,63188
227988,34092
227988,56714
128538,57414
128538,57414
212283,63510
200964,39186
200964,39186
235932,57414
178458,54096
178458,54096
201564,62074
201564,62074
246627,62074
212337,62074
212337,62074
246627,62074
225501,63418
225501,39186
194082,50718
206664,35732
206667,35732
208482,56714
208482,56714
208533,56714
208533,56714
208554,56714
158499,1304
158499,1304
195372,33886
61482,54096
72045,62074
128526,54096
178830,35846
207330,56714
207330,56714
65328,63188
65328,62170
186657,56696
59700,57414
163101,39186
154542,62378
154542,57414
154542,57414
202818,30500
183213,10808
160029,30500
160029,50718
65577,62378
238875,1304
66843,1304
66843,1304
77484,50274
156225,11262
188637,30500
188637,30500
206823,56696
250275,56696
206670,35732
207129,56696
206670,35732
249216,35732
207129,56696
207102,35732
190113,63510
182295,56714
207387,50718
161058,56714
200964,62378
244680,30500
244680,50718
139272,57414
207096,57414
195378,62378
195378,57414
206745,62378
206745,57414
157938,56714
157938,56714
208758,10652
212748,56696
242442,35732
161283,59822
198945,1304
198945,1304
161283,1304
164457,57414
164457,57414
187962,50718
212478,63510
212478,63510
164064,30500
164064,50718
167316,30500
72918,30500
237804,56714
237804,56714
237804,34092
166128,50718
166128,30500
166128,30500
166128,30500
166128,50718
196845,63188
196845,63188
196845,1372
223968,57414
223968,62378
186942,35846
186942,35846
187806,59394
164640,1304
164640,1304
191223,1304
63690,1370
195447,1370
63690,1370
206415,1370
206415,1370
63690,62376
176403,51974
176403,51974
182292,57414
182292,57414
206514,30500
186174,63218
191232,10652
191232,10652
198552,34092
250977,56714
186177,54096
228729,30500
228729,50718
210168,1304
210168,1304
216822,1304
242151,56696
222669,59396
222669,59396
156225,57414
156225,62378
204780,1304
203871,1304
191247,57414
191247,57414
180471,56714
180471,56714
64353,56714
176472,57414
176472,57414
65640,57414
154560,1304
232656,1304
154560,1304
232656,1304
206940,62944
206940,49888
206748,62944
206748,62944
206748,62944
187806,54096
187806,54096
187806,54096
230028,36720
187734,62378
187734,57414
187734,57414
188730,57414
216822,30500
216822,30500
154797,63188
154797,1372
207465,56714
207465,56714
161787,57414
161787,57414
247962,54096
213114,1370
213114,1370
246963,54096
200259,56714
206346,63218
231057,63218
206346,63220
158742,1304
158742,1304
72483,59396
208341,55798
72483,59396
72483,59396
203796,59396
194601,124
71274,51974
196845,36720
232410,35732
232410,35732
69249,11262
194208,62376
206358,1370
206355,1370
194208,1370
206355,1370
206358,1370
251721,1370
227310,33886
229539,62170
247974,63510
247974,63510
247974,63510
229539,50274
229539,50274
178230,11262
210897,57414
210897,57414
198573,30500
191232,35732
154035,62378
163131,62944
62337,1304
244278,35732
216108,35732
233970,35732
233970,35732
216108,35732
216108,56696
244278,35732
211047,63188
248301,10652
194904,39186
194904,63418
230028,39186
230028,39186
249930,1304
249930,1304
163251,57414
182292,56714
182292,56714
244380,57414
206361,57414
212478,1304
198945,57414
198945,57414
204483,1304
204483,1304
128538,11262
242442,57804
181371,56714
181371,56714
191226,34092
191226,56714
211413,30500
211413,30500
181101,63188
209637,1370
250974,62376
250974,1370
250974,1370
227238,50718
72558,10652
72558,10652
251829,63186
218121,63186
175878,30500
153312,57414
153312,57414
153312,57414
203796,1304
203796,1304
245976,30500
245976,50718
153381,56714
159033,56714
67827,1304
207330,35846
207330,35846
248373,30500
248373,50718
248373,30500
207243,56714
207243,56714
203388,30500
246216,30500
219456,30500
206979,63538
159330,1304
166362,30500
176403,61348
183105,61348
183105,61348
63867,63510
207822,30500
61482,63136
221331,63188
66465,62944
66465,62944
244380,54096
244380,54096
181860,57414
181860,57414
154698,50274
154698,50274
211476,1304
211476,59822
211476,1304
184509,56714
183195,54096
183195,54096
244731,10652
229527,10652
246150,56714
246150,56714
235335,62074
206673,57414
206673,57414
190152,62378
227664,10652
129135,63188
129135,63188
129135,63188
128901,30500
243927,63188
243927,1372
241305,62378
206772,1370
206772,1370
72930,62944
72930,62944
206376,10652
206376,10652
220728,49888
253557,63360
237765,56714
208899,56714
237765,56714
208899,34092
204093,57414
154551,62378
206943,62074
183468,62378
183468,57414
250362,1304
154245,56714
68676,1304
68676,1304
68676,1304
211641,30500
211641,30500
206412,30500
211524,10652
187707,50274
68676,56714
154770,56714
154770,34092
154770,56714
175815,35846
206451,57414
209697,10652
155403,57414
227616,1370
227616,1370
210120,1370
210120,1370
210120,62376
214968,57414
220269,36720
59700,50718
153645,11262
153645,11262
153645,11262
194409,56714
194409,34092
249486,33886
249486,33886
211140,62378
212574,62378
218121,124
72918,56714
219132,56714
72918,56714
75723,1304
75723,1304
75723,1304
203055,1304
221115,10652
77484,35846
218673,30500
226623,30500
226623,50718
231708,57414
207999,16358
248178,1304
248178,1304
212775,57414
212775,57414
206481,39186
206481,63418
206481,39186
253335,1304
231144,30500
231144,30500
153150,56714
153150,56714
203133,33886
216822,50274
207222,63538
207222,33886
72930,54096
72930,54096
249342,35846
72483,50274
203328,63510
2061063,63510
2061063,63510
163251,56714
163251,56714
207618,10652
207618,10652
191556,59822
191556,59822
212442,57414
212442,57414
203646,30500
203646,30500
188265,57414
219132,1304
183213,63218
183213,63218
155388,1304
186951,62378
197835,30500
197835,30500
211761,1304
72483,33886
208341,33886
72483,33886
72483,33886
208341,33886
154740,1304
154740,1304
154485,1372
251610,63188
184113,63188
184113,63188
65052,1304
247632,63188
176472,30500
176472,30500
210141,30500
210141,30500
232269,62944
183576,1304
183576,59822
154803,59822
154803,1304
154803,1304
247974,59822
204189,36720
204189,36720
69249,57414
204189,57804
207216,10652
210186,61280
249294,62376
231663,56714
248064,62378
162624,1304
208758,57414
216822,59396
225351,30500
207144,57414
211476,57414
211476,57414
211476,62378
211473,1304
167256,63188
181101,61280
181101,61280
66924,34092
206412,1370
206412,1370
206412,1370
206412,62376
240912,56714
71274,50274
156225,34092
188637,62378
188637,57414
248202,63188
248202,1372
227292,10652
206475,36720
153720,62378
204519,57414
72045,39186
72045,63418
244731,61280
232035,30500
249513,50718
232035,30500
232035,50718
232035,30500
249513,50718
197673,62274
206868,35732
207219,56714
176403,3382
176403,3382
158499,57414
158499,57414
234951,50274
234951,50274
234972,56714
248550,56714
248550,56714
187806,63360
235335,61280
215298,50274
209793,63510
189045,63188
189045,63188
189045,1372
203517,1304
209976,57414
225747,57414
154146,1304
154146,1304
251829,62944
251829,62944
65058,57414
244479,57414
244479,57414
188787,57414
217494,34092
203724,63188
204795,63188
223401,62944
177672,57414
177672,57414
205995,1372
226848,34092
165744,56714
253146,56714
183675,56714
165687,56714
183459,34092
165717,56714
165744,56714
210876,34092
212748,54096
224631,57414
236655,57414
154797,39186
154797,39186
249795,1370
249795,1370
209970,30500
242856,50718
60888,30500
60888,30500
61908,1304
61908,1304
224169,39186
188343,1304
204780,30500
206514,1370
157500,39186
157500,39186
187806,59396
227988,10652
227988,10652
154797,33886
154797,33886
217848,49888
217848,49888
217848,62944
217848,62944
60888,62944
186378,16358
206364,60
206364,60
212445,50274
207087,50274
207087,50274
212445,50274
203700,62274
246711,10652
176607,56714
229527,39186
229527,63418
234120,62378
211638,62074
222843,62074
211638,62074
250221,1370
211965,50718
208515,50718
208797,30500
211965,30500
211965,30500
167364,63188
210627,10652
249342,62074
167571,10652
167571,10652
204657,1372
204657,63188
186174,32496
186174,32496
173940,1304
173940,1304
192564,62944
192564,62944
232452,56714
249294,11262
249294,11262
249294,11262
232269,63418
232269,63418
238689,62376
210129,1370
205188,1370
205188,1370
238689,1370
205188,1370
218061,10652
218061,10652
244404,34092
245046,57414
183492,61280
247983,57414
247983,57414
247983,57414
250434,33886
250434,33886
167316,63188
167316,63188
206952,36720
206952,36720
205353,1304
253146,10652
183459,10652
253146,10652
226623,56714
218673,56714
226623,56714
206952,57804
206952,57804
208347,1304
246099,56714
246099,56714
230010,56714
248178,57414
248178,62378
238293,59396
182556,1304
182556,59822
182556,1304
200259,1370
200259,1370
175815,16358
175815,16358
212442,1370
212442,1370
212442,62376
183666,56714
164871,63510
217782,30500
217782,30500
220269,57804
220269,57804
220269,57804
153885,30500
153885,30500
153885,30500
183387,30500
183387,30500
206697,1304
209793,1304
209793,1304
154245,56696
199854,50274
210933,60
208518,50718
208518,50718
154956,57414
197835,10652
245976,10652
205191,39186
247548,34092
71271,63360
183666,1304
183666,1304
154077,57414
153138,1304
209154,1304
249294,63510
249294,63510
203673,33886
67827,62378
205659,30500
156486,50718
154032,10652
220269,63136
246987,62860
161283,57414
249855,1370
206673,1370
153720,1304
191256,1304
223089,60
223089,60
253557,57414
253557,62378
166437,63188
198279,1304
198279,1304
154881,56714
212550,1304
212550,1304
228729,10652
223776,30500
223776,30500
157224,10652
241389,30500
66843,30500
66843,50718
251643,39186
77484,63188
77484,63188
208209,56714
208209,56714
178458,50274
178458,50274
157398,63188
250782,1304
217380,34092
217380,56714
203094,56714
247548,1304
247548,1304
203073,30500
203073,30500
220713,33886
229620,57414
153792,34092
61692,39186
61692,63418
61692,39186
156063,56714
156063,56714
219231,62376
155100,62378
155100,57414
155085,62378
234093,62074
210393,62074
251235,30500
251235,30500
203724,63538
203724,63538
249081,30500
205191,59822
205191,1304
207087,60
207087,60
212445,60
212445,60
207387,10652
203460,1304
203460,59822
154779,57414
249342,10652
154011,10652
212721,33886
212721,63538
212721,33886
239247,33886
201522,36720
186933,59396
190113,56714
224874,57414
212448,63188
212448,63188
206988,35732
206988,56696
207339,50274
207330,10652
213978,56696
209829,30500
129081,35732
129081,35732
221409,56714
214968,56714
232827,63188
232827,63188
206475,60
206475,60
210810,1304
162984,57414
225669,35732
225669,35732
212220,10808
212220,10808
206361,1370
154881,56696
232410,62074
197799,1370
197799,1370
197799,1370
197799,62376
212595,56714
211761,56714
238068,34092
158499,56714
211761,56714
229473,30500
209970,1370
209970,62376
209970,62376
209970,1370
64365,50718
248205,56696
236775,30500
172695,50718
172695,30500
248202,35732
246099,1304
229977,10652
229977,10652
71766,35732
71766,35732
186174,61280
242442,33886
212748,33886
242442,33886
242388,62944
212448,10652
162603,30500
167316,59822
167316,1304
252405,10652
457455,50274
195723,61280
171939,30500
193323,33886
206433,33886
206433,33886
206442,33886
206433,33886
206349,33886
219021,56714
212526,56714
212526,56714
206646,56696
248301,30500
248301,30500
219381,50718
219381,30500
210627,30500
210627,30500
457455,63510
249567,50718
236226,62944
186933,50274
209829,62378
206376,62944
206376,62944
206376,62944
208899,63510
244878,63510
208584,63510
188604,10652
235299,10652
208599,62074
157500,63188
157500,63188
222894,56714
162984,56696
203670,59822
208488,35846
206481,54096
206481,54096
215298,39186
71766,10652
249633,63188
249633,62170
68676,57414
68676,62378
213114,35732
213114,35732
227988,57414
227988,57414
227988,62378
158658,1304
208473,1370
222438,10652
222438,10652
212220,53386
252696,11262
238068,62378
212595,57414
211761,57414
206811,62378
206811,57414
140277,59822
217380,1304
205332,33886
205332,33886
203142,63510
201564,63538
203532,33886
203532,33886
195507,33886
203295,33886
203295,33886
203301,33886
212337,33886
173940,62378
247986,124
232410,33886
72108,34092
223728,1304
223728,1304
248871,1304
248871,1304
248871,1304
187806,63538
187806,33886
60864,16358
220632,16358
220632,16358
60864,16358
183912,34092
183912,56714
215985,62376
215985,1370
206496,57414
203073,59822
212469,35732
212469,56696
163482,39186
163482,39186
212721,39186
245046,62074
244287,62274
244287,59396
244287,59396
244287,59396
66465,35732
247002,61280
209796,30500
213102,39186
213102,39186
183921,50718
188937,56714
188937,56714
191247,16358
204144,10652
203733,10652
212637,1370
238827,1370
238827,1370
242232,62376
208209,57414
177903,1304
177903,1304
177903,59822
177903,1304
234951,59822
203790,59822
203790,1304
128538,56714
128538,56714
128538,34092
232029,35732
209796,63188
209796,63188
190776,33886
190776,33886
88821,30500
88821,30500
165750,50718
165750,30500
88821,50718
235932,33886
228060,33886
235932,33886
206460,63538
228060,33886
203166,30500
203166,30500
249486,39186
67371,57414
225480,59822
225480,1304
205728,62376
205728,1370
205728,1370
251142,1370
251142,62376
251142,62376
206637,56696
206355,56696
194208,35732
59691,30500
59691,30500
203166,10652
155481,1304
155481,1304
188937,57414
180495,56714
180495,34092
173940,30500
172503,30500
172503,50718
129135,59822
129135,1304
154743,63188
154743,63188
230286,30500
67371,35732
67371,35732
224841,57414
224841,57414
229977,63188
212448,62944
181149,30500
181149,30500
197802,33886
194904,62944
194904,49888
167451,10652
25749,124
25749,124
188844,35732
247956,63188
210834,33886
212256,56714
212256,56714
192618,56714
156057,63188
204519,56714
204519,34092
237300,62074
205107,59822
207828,1304
210000,57414
155034,57414
198279,30500
198279,30500
207600,30500
247029,56714
247632,10652
207330,63188
207330,63188
207330,62170
66777,63188
186882,63188
66777,63188
236775,57414
236775,62378
232455,62074
197673,49888
205905,50718
183789,10652
183789,10652
183789,10652
176403,48298
154887,56714
154887,56714
183813,59822
184698,57414
188100,56714
71301,56714
188100,34092
154494,63188
193323,35732
223530,30500
223530,30500
206415,62378
206415,57414
244680,10652
244680,10652
228687,63510
228687,63510
206847,59822
165750,35846
88821,35846
166356,56696
71766,63188
224169,33886
224169,33886
224169,33886
154869,1304
210000,1304
225276,1304
225276,1304
154578,63188
154578,63188
219450,1304
166029,57414
166029,57414
242415,1304
189012,57414
189012,57414
189012,57414
192564,50274
213513,30500
224526,1304
224526,1304
190776,62376
252081,62376
190776,1370
163131,1372
163131,63188
163131,62170
249795,34092
208794,1304
208812,1304
208812,1304
72117,59822
72117,1304
215298,59822
215298,59822
220269,33886
242151,33886
242151,33886
239217,50718
239217,50718
239217,30500
224211,54096
224211,54096
210633,50718
161058,1304
161058,59822
230604,62074
128526,30500
128526,50718
252405,56714
64893,63188
227343,30500
227343,30500
238032,54096
188637,10652
206847,56714
206847,56714
179790,30500
222159,50718
64272,34092
173796,1304
176319,1304
244005,56714
252177,1304
206364,57804
153438,57414
153438,57414
153438,57414
166005,10652
198867,10652
198867,10652
210408,57414
157224,62378
157224,57414
157224,57414
241263,34092
207339,62944
207339,62944
187101,61280
129264,30500
129264,50718
199854,63188
186384,30500
187707,35732
201522,1304
212232,33886
153888,30500
236226,57804
236226,57804
225672,10652
239577,30500
226623,1304
226623,1304
218673,1304
235335,54096
235335,54096
244158,30500
206847,30500
205332,63188
205332,63188
205332,62170
225699,10652
225699,10652
235932,56696
235932,56696
232404,35732
203829,1304
241305,10652
241305,10652
154770,1304
154770,1304
154770,1304
162957,34092
204375,34092
162957,56714
231876,1370
231876,1370
238218,10652
246216,56714
219456,34092
246216,56714
246216,56714
222669,57804
153645,1370
153645,62376
153645,1370
242556,56714
242556,56714
225699,56714
242556,56714
128469,56714
128469,56714
204189,61348
157500,35732
157500,35732
242151,39186
210876,56696
179838,56696
183675,56696
179838,35732
165684,56696
187974,56696
210342,62074
211950,35732
211950,35732
207222,16358
225501,63188
216822,56696
186177,35846
186177,35846
154887,1372
154887,63188
153312,56714
153312,56714
153312,56714
198573,39186
181593,62378
202959,39186
153600,57414
207243,57414
153600,57414
207243,57414
243546,1370
243546,1370
244479,1304
244479,1304
206673,35732
227343,63188
228753,56714
234297,61280
195378,56696
206745,35732
139272,35732
203796,50274
208341,50274
203796,50274
208341,50274
203796,50274
203178,16358
203724,54096
178257,59822
178257,1304
178257,1304
238032,10652
62817,16358
225501,62944
225501,62944
199242,33886
199242,33886
199242,63538
206481,33886
206481,33886
206481,63538
249207,10652
218121,62944
218121,62860
219048,56696
219048,35732
207828,1370
225669,1370
205107,1370
205107,1370
207828,1370
207828,1370
207828,62376
225669,1370
248682,1370
207498,56714
176643,57414
176643,57414
208758,33886
208758,33886
173667,35732
173667,35732
154743,56714
154743,56714
247956,56714
247956,56714
212892,30500
208758,62944
211125,30500
176472,10652
210141,10652
128901,39186
128901,63418
244680,35732
207144,1370
207144,1370
207147,1370
184950,10652
184950,10652
129135,30500
129135,50718
248706,10652
204189,63218
204189,63220
203724,35732
25749,59396
25749,59396
25749,55798
25749,59396
25749,62274
195771,10652
232656,57414
232656,57414
238608,62074
238608,62074
251610,56714
184113,56714
198210,35732
230028,1370
218121,59396
234018,50718
234972,50718
234018,30500
250020,1304
203280,59822
250020,1304
154275,62074
155271,57414
153402,57414
155271,57414
153402,57414
247260,56714
177873,10652
64365,10652
212397,1372
245631,63188
245631,1372
245631,63188
183105,48298
183105,48298
201852,10652
218265,30500
218265,50718
218265,50718
203082,30500
238611,30500
195582,30500
195582,30500
203082,50718
183450,62074
203700,49888
62337,11262
250653,124
192564,1304
192564,59822
244731,30500
244731,50718
244731,30500
247002,59394
231162,1304
190113,30500
184635,63188
219048,10652
153960,63188
153960,63188
60864,63188
60864,63188
241305,30500
153765,56714
154821,10652
188685,34092
64299,56714
64299,56714
207600,1304
212526,35732
219021,35732
204657,10652
157854,50274
157854,50274
229539,11262
207339,1372
207339,1372
207339,63188
207339,63188
207087,1370
208524,35732
238263,62074
225393,124
225393,124
72900,62074
252066,57414
156489,63188
207219,57414
164661,30500
164661,30500
164661,30500
248373,10652
238536,62074
238536,62074
213102,62074
213102,62074
248796,54096
210813,1304
72108,62074
207588,30500
61305,50718
222540,59822
222540,59822
222540,1304
210168,39186
228024,1370
154890,35846
202959,62170
183786,34092
239556,30500
239556,30500
198210,63418
206376,1372
210171,10652
226662,35846
226662,35846
203142,30500
208068,50718
208068,30500
208347,30500
251721,30500
165045,63188
232827,39186
61305,10652
207588,10652
153312,50718
153312,30500
153312,50718
153312,30500
165915,50718
206367,1370
207078,62376
210897,1370
206367,1370
129264,56714
223089,50274
224169,54096
229539,61280
242610,62378
183912,57414
157185,30500
197595,30500
192735,56714
219450,56714
219450,34092
219450,56714
203820,1304
203820,1304
203820,1304
186990,56714
186990,56714
206364,56696
211527,33534
250221,62944
166437,30500
166437,30500
240939,50274
201522,63188
231144,35732
231144,56696
195063,39186
195063,39186
202959,33886
225276,30500
244971,56714
252177,10652
236226,54096
157938,1304
157938,59822
157938,1304
181203,56714
164007,56714
231459,56714
164007,56714
217782,35732
179838,57414
179838,57414
179838,57414
183675,57414
165687,62378
210876,57414
165684,57414
210876,57414
183675,57414
210876,57414
230010,59822
166005,30500
210627,62074
210627,62074
195771,1304
195771,1304
154890,30500
205815,1304
205815,1304
154041,50718
249981,57414
224841,30500
212220,48298
211815,1304
211815,1304
230028,62274
230028,59396
66918,1304
66918,1304
66918,1304
249063,10652
199854,61280
88821,62074
88821,62074
88821,62074
155271,34092
155271,34092
206406,35732
206406,35732
206784,56696
206406,35732
183576,56714
212445,35732
205995,30500
205995,30500
241263,63188
77484,62944
77484,62944
206979,63188
154404,57414
154404,57414
167082,1370
167082,1370
248178,1370
248178,1370
71271,48298
247989,10652
72045,49888
155043,63188
155043,1372
155043,63188
244287,54096
206784,62074
192942,62074
206406,62074
206406,62074
246963,62170
246963,63188
198210,30500
245154,30500
245154,30500
157767,1304
157767,1304
222438,1372
222438,1372
222438,63188
206943,39186
210342,63188
210342,63188
246150,63188
246150,63188
215457,57414
183789,63188
183789,63188
153204,63188
153204,63188
165132,1372
232827,1304
232827,59822
217782,61280
217782,61280
66054,30500
203829,30500
188844,10652
203775,33886
149634,63538
203775,33886
223518,63538
66465,59396
158685,1304
203829,10652
203829,10652
191232,63188
191232,63188
155337,10652
155337,10652
65640,30500
223389,1304
217494,10652
219231,33886
219231,33886
219231,33886
231663,10652
155034,1304
155034,1304
155034,59822
155034,59822
198792,1304
198792,59822
172695,34092
172695,56714
186447,1372
154434,62378
154434,57414
198552,57414
198552,57414
229527,59822
211473,30500
211473,30500
211473,50718
211767,56714
205332,62074
252066,10652
252066,10652
187839,59822
149634,1304
149634,1304
206481,1372
206481,63188
206481,63188
72900,63538
204375,30500
204375,30500
203784,1304
211815,35732
211815,35732
174279,62378
154803,63188
154803,63188
206376,59396
206376,59396
206376,59396
188331,16358
227469,10652
227469,10652
72117,54096
72117,54096
197529,35732
197529,56696
184950,33886
172056,33886
172056,33886
172056,33886
66879,63188
66879,1372
66879,63188
178458,62944
178458,62944
178458,62944
249081,1304
154167,39186
154167,63418
167451,56696
167451,35732
211950,35846
68496,50718
68496,50718
68496,30500
207600,10652
197286,16358
244287,63360
181371,59822
231096,34092
195771,62074
212892,10652
72930,63360
239217,56714
239217,56714
161667,10652
66777,30500
66777,30500
172161,62074
172161,62074
227223,10652
217002,30500
217002,30500
217002,50718
206868,35846
231414,62170
203646,10652
253335,10652
251442,63188
249579,1304
249579,1304
249579,1304
246099,63418
246099,39186
66843,33886
227469,63188
227469,63188
153150,1304
184509,63188
248205,10652
222894,62378
222894,57414
222894,57414
179853,57804
66843,50274
167256,56714
157500,33886
157500,63538
234297,62944
234297,49888
187797,39186
187797,39186
220728,63188
227664,50274
192564,56696
163131,59396
163131,59396
163131,59396
154881,63188
154881,63188
154578,62074
154578,62074
212211,35732
210168,33886
128469,62074
248706,56714
248706,56714
203073,10652
203073,10652
242388,62170
242388,62170
88920,56714
227343,10652
186657,39186
186657,39186
66879,50718
66879,30500
66879,30500
153303,63418
229473,10652
207588,1304
154821,30500
164337,56696
186378,63188
165684,10652
187974,10652
251253,1370
192159,1304
192159,1304
203232,1304
203232,1304
220302,33886
242619,63538
242619,33886
207156,1370
207096,62376
171702,57414
171702,57414
191553,57414
179088,57414
207216,56714
210954,56714
157398,56714
157398,56714
64299,35732
211524,62944
211524,62860
155556,10652
212430,10652
209994,56714
206364,33886
206364,33886
206364,63538
182292,10652
219048,30500
223782,59822
223782,1304
223782,1304
232455,35732
185067,63188
185067,63188
165045,62074
253557,10652
253557,10652
242388,10652
204768,1304
204768,1304
203502,33886
223554,33886
203889,63538
66378,33886
203058,33886
252774,33886
66378,33886
224145,63538
192771,33886
192771,33886
192768,33886
192756,33886
224145,63538
203100,63538
203052,33886
251085,63538
148782,33886
192771,33886
203889,33886
238377,63538
203502,33886
63582,33886
203058,33886
158016,33886
203112,63538
59703,33886
59703,33886
203889,33886
158016,33886
203052,33886
232065,63136
211407,33886
211407,33886
211407,33886
186438,10652
154881,10652
154881,10652
249063,50718
249063,30500
166002,33886
208515,10652
206484,57414
206484,57414
206484,62378
61935,56714
232452,63188
198210,1372
172161,63188
172161,63188
172161,62170
225747,1304
206484,35732
206484,35732
252396,33886
194883,16358
194883,16358
194883,16358
198981,30500
203733,1304
218061,1304
218061,1304
212748,63188
242442,63188
242442,63188
212748,63188
212748,1372
153303,35846
153303,35846
153303,35846
231708,30500
203259,59822
206076,1304
212112,1304
203145,59822
203259,1304
203439,1304
196722,1304
203439,1304
212112,1304
203259,1304
203256,1304
203145,1304
196722,1304
210882,1304
203274,1304
248250,1304
219231,62378
208872,35846
203820,50718
163101,63188
163101,63188
163101,1372
238293,10808
66924,1304
207087,33886
207087,33886
212445,33886
211047,10652
204657,30500
204657,30500
213885,62944
213885,62944
223104,56714
223104,56714
218265,1304
218265,1304
71274,59396
250782,62378
250782,62378
203184,50718
233961,62378
208758,50274
153315,10652
154707,50718
154707,30500
154707,50718
154707,30500
197835,62074
197835,62074
197835,62074
172590,30500
172590,30500
212220,59396
242151,62170
242151,63188
203184,10652
178230,39186
242130,57414
153084,63188
153084,63188
229341,57414
205353,57414
205353,62378
229620,50274
235299,56714
235299,56714
235299,34092
206958,35732
213513,1304
213513,1304
213513,1304
237057,39186
154506,34092
154506,56714
218061,30500
208500,62074
250434,62074
250434,62074
182565,10652
246711,30500
219381,57414
164541,1372
236226,61280
222540,57414
183573,33886
242856,50274
60762,62376
248178,56714
219021,63188
212526,63188
219021,63188
64218,35732
248205,62170
215112,59394
200364,63510
187386,1304
198552,30500
198522,54096
181662,63188
223089,62170
246627,56696
195507,35732
201564,56696
186078,63188
96138,1370
96138,1370
96138,62376
198867,62074
198867,62074
207339,35732
183492,59396
183492,59396
183492,59396
244731,63418
244731,39186
227292,62074
227292,62074
222204,30500
222204,30500
222204,50718
66033,10652
172719,10652
198573,63188
237252,56714
212445,36720
203106,33886
234093,33886
203106,33886
210393,33886
172695,62378
228741,30500
228741,30500
212445,57804
224169,35846
186327,30500
186327,30500
232410,63418
206484,62074
156486,39186
156486,63418
156486,39186
176319,63188
176319,63188
176319,63188
206475,57414
217494,35732
66843,39186
66843,39186
230028,62944
244380,62170
244380,63188
206361,63188
223071,50718
203232,33886
192159,33886
203232,63538
205191,33886
248178,63510
249159,30500
219381,10652
252057,59822
222750,57414
222750,57414
165045,36720
167451,62170
167451,63188
216495,63188
184488,35732
238263,10652
186657,63538
217380,63510
242619,1304
189012,56714
189012,56714
207927,63188
207927,63188
246099,63188
246099,62170
227664,33886
206955,62376
197799,30500
197799,30500
166599,30500
209637,1304
181593,56714
181593,56714
65058,56714
232068,54096
154167,63538
158658,30500
158658,30500
242439,10652
245868,60
182292,30500
182292,30500
88821,16358
195723,62944
56868,11262
223968,10652
211950,62074
154698,60
225972,56696
166128,39186
252396,62378
207105,33886
207105,33886
207618,1372
207618,63188
207618,63188
247989,30500
247989,30500
217782,62274
217782,62274
217782,55798
245706,50274
242556,57414
242556,57414
242556,57414
165045,30500
187224,30500
187224,30500
166029,56714
219048,62074
219048,62074
252057,50274
211989,34092
163377,56714
200964,59396
206514,35732
206514,56696
206514,56696
208473,1304
208473,59822
205659,10652
251967,62274
215517,1370
154119,63188
244005,62170
244005,63188
244005,62170
154167,35732
154167,35732
206856,1370
61977,62376
206787,62376
249687,63188
61482,16358
252480,57414
153138,63188
194904,54096
67764,10652
172161,10652
181101,63538
181101,33886
244731,62274
244731,59396
194229,51974
216822,62944
187797,63188
187797,63188
187797,1372
250221,59396
239556,56714
239556,34092
239556,56714
154476,62170
183576,30500
183576,30500
223401,57804
198573,49888
155085,10652
244380,10652
238218,30500
199854,49888
199854,62944
211140,60
154890,39186
189009,30500
207330,16358
206955,57414
211476,50718
192735,30500
191256,60
206784,63538
206784,33886
207150,33886
206406,33886
206406,33886
206406,33886
192942,33886
192942,33886
183813,63188
183813,63188
209622,59394
212430,35732
212430,56696
227295,35732
186078,10652
153024,1304
219522,1304
198279,10652
198279,10652
206418,62944
67827,56714
203133,35732
203133,35732
242556,10652
155055,63188
154551,34092
187263,62074
215517,50274
244092,1372
208524,10652
206868,33886
206868,33886
190152,33886
249216,33886
238572,33886
238572,33886
250749,33886
207129,33886
250275,33886
250275,33886
206838,63538
207102,33886
206928,63538
210843,63538
251493,33886
250275,63538
234297,56696
183390,60
251169,62376
251169,1370
251169,1370
154146,63188
206958,1370
206958,62376
220302,1370
211125,63188
211125,63188
247983,57804
244446,63188
244446,63188
206304,63188
206304,63188
61344,62860
220269,16358
220269,16358
220269,16358
205905,1304
203259,33886
203259,33886
210120,59822
210120,1304
210120,1304
56871,10652
223782,50718
223782,30500
248013,56714
212442,63188
212442,63188
231876,33886
231876,33886
231876,33886
217848,59396
217848,62274
234972,62074
234972,62074
157398,35732
196302,57414
196302,57414
206856,57414
187659,30500
154032,56696
154032,35732
157224,35732
157224,35732
157224,56696
244878,50718
208536,50718
208536,50718
246150,50718
246150,30500
243927,10652
243927,10652
64272,1372
64218,50718
64218,30500
248292,1372
204222,30500
204189,32496
210171,35732
181371,63188
191226,63188
206415,62074
206415,62074
252057,11262
228948,1304
210627,1304
210627,59822
216822,63538
192735,10652
248724,30500
153204,30500
153204,50718
153204,30500
182565,35732
182565,35732
192300,62170
192300,63188
192300,62170
203532,10652
201564,10652
203295,10652
198873,39186
203733,50718
206847,56696
165183,56714
165183,56714
72045,35732
72045,35732
154770,57414
154770,57414
197799,56714
185067,59822
185067,1304
185067,1304
198801,10652
165717,57414
165717,57414
183459,62378
165717,57414
252618,57414
165744,57414
165744,57414
226848,62378
226848,62378
225501,54096
186384,62074
186384,62074
186384,62074
213114,33886
238827,33886
241026,33886
213114,33886
213114,33886
222759,33886
222759,63538
242232,33886
228024,59822
208788,63220
208788,63218
69249,1304
229263,1372
246711,35732
188844,63188
203310,62074
203316,62074
203310,62074
234297,50274
153204,10652
71271,50720
71271,50720
64734,63188
64734,63188
61899,62944
215112,63186
194229,63218
242442,10652
206958,57414
220302,57414
199242,57804
199242,57804
187221,50718
236775,10652
236775,10652
166128,35846
206664,63538
206667,33886
188961,30500
247002,63186
62337,63188
62337,62170
247134,50718
153960,30500
153960,30500
153960,30500
201282,62074
201282,62074
233559,10652
61692,62944
61692,62944
61692,62944
238875,1372
238875,63188
235458,63188
235458,63188
61899,35732
61899,56696
205662,63538
207339,10652
161526,63188
242388,59396
242388,59396
208488,61280
154542,34092
207084,56696
192549,50274
192549,50274
191223,10652
154275,35732
155055,56714
155055,56714
155055,56714
216123,63538
157854,60
68496,10652
71274,63136
153645,56714
251625,61280
190776,49888
206355,63538
194208,33886
206358,33886
206358,33886
188604,63188
188604,1372
163377,57414
164007,35732
192618,57414
212256,57414
192618,57414
212256,57414
205332,39186
205332,63418
164064,39186
203796,62944
208341,49888
72483,62944
72483,62944
192564,33886
166128,33886
166128,33886
188700,30500
165717,30500
226848,30500
183459,50718
251106,56714
251106,56714
251106,56714
206940,63186
206748,63186
206748,63186
206748,63186
242439,35732
161526,1304
206664,35846
206664,35846
206667,35846
206667,35846
187707,36720
200259,1304
200259,1304
201282,33886
154827,1304
186438,35732
186438,35732
61899,39186
61899,39186
237804,63188
237804,1372
236766,62378
165126,57414
221115,63188
221115,62170
252696,1370
157938,57414
154665,63188
205728,62074
236775,59822
251142,1304
223104,63188
247983,63188
223518,62074
153960,10652
227988,35732
236490,56714
236490,56714
206346,61280
183387,62074
249342,59396
249342,59396
181110,63510
181110,63510
249981,1370
188331,63218
66918,57414
229341,56714
229341,56714
25743,57414
25743,57414
25743,57414
194883,124
208758,39186
246711,63188
246711,63188
246711,1372
219048,1372
219048,63188
96444,33886
210882,63538
250668,33886
204717,33886
96444,33886
204717,33886
203670,33886
250020,33886
201852,35732
198210,50274
250977,62378
250977,57414
204522,63188
178938,63188
204522,1372
163044,30500
163044,30500
206448,33886
206448,33886
206955,33886
212301,39186
234864,10652
153138,10652
210342,10652
204480,62170
219030,1372
219030,1372
128526,33886
154434,10652
236226,59396
236226,59396
223401,39186
62817,63186
247962,62944
247962,62944
246099,50274
72117,63188
72117,63188
173796,30500
66843,54096
66843,54096
184113,50718
248061,62170
244092,10652
244731,59394
162624,62378
65313,56714
244680,63188
244680,63188
244680,63188
71274,53386
203811,1304
203811,59822
209970,56714
153141,30500
253557,1304
253557,59822
204483,57414
204483,57414
208881,33886
61977,33886
232269,54096
175878,56696
213513,56714
213513,34092
186438,63188
186438,62170
186438,63188
227664,60
227664,60
227292,63188
207339,36720
207339,36720
128526,63360
206481,35732
154518,34092
154509,56714
172161,30500
172161,30500
172161,30500
166005,1304
207339,57804
207339,57804
183105,63218
183105,63218
25749,35846
153072,63188
239247,35846
203673,16358
208758,35732
227292,35732
244731,35732
226662,33886
208521,35732
215517,33886
227670,35732
207105,60
232068,62944
249513,62170
232035,63188
232035,1372
183213,3382
249633,30500
249633,50718
249633,30500
165927,10652
215298,33886
172056,49888
220728,35732
232269,35732
189045,56714
189045,34092
189045,56714
187797,50274
206748,59396
206748,59396
206748,59396
206940,59396
206748,62274
211236,50718
251610,10652
154098,50718
154098,50718
154098,30500
156024,1372
156024,63188
156024,63188
205959,30500
205959,30500
201522,59396
156024,10652
60762,63510
203232,62074
192159,62074
203232,62074
192159,62074
192159,62074
246720,30500
153303,62074
178257,10652
187263,10652
187263,10652
128604,63188
228564,63188
175266,63188
252081,62170
190776,63188
154698,57804
203460,33886
203460,33886
246618,62074
187659,50274
178068,63188
251625,1372
204093,30500
155097,10652
65313,1372
72483,39186
72483,39186
203796,39186
211140,1304
208584,30500
208584,30500
205188,50718
205188,50718
237765,30500
205188,30500
210129,30500
228729,56696
228729,35732
228729,35732
250362,30500
167082,56714
187707,16358
186657,62170
186657,63188
186657,1372
208788,124
213987,10652
154740,63188
206412,62074
206412,62074
223968,30500
223968,50718
223968,50718
223968,30500
217782,59394
163044,10652
77484,62074
77484,62074
161526,10652
161526,10652
248013,1304
208518,62376
155481,30500
186951,10652
211140,57804
183921,1372
183363,62170
183363,63188
211236,63188
153675,59822
153675,1304
188844,30500
187743,30500
207822,10652
207822,10652
68568,10652
206673,33886
227616,33886
249855,33886
227616,33886
206673,63538
249855,33886
236115,62074
154803,56714
234021,33886
241824,33886
241824,33886
241824,33886
234021,33886
234156,33886
238068,30500
212595,30500
212595,30500
222306,33886
205665,33886
222306,63538
61977,56696
206787,56696
206787,35732
196302,35732
231876,57804
165744,30500
188106,30500
247974,62378
25749,3382
25749,3382
25749,3382
221115,1304
251631,33886
208491,63538
251631,33886
221526,33886
210690,33886
164661,1304
164661,1304
159033,63188
234129,35732
210876,35846
210876,35846
165687,35846
63867,1304
63867,59822
233970,62074
25749,16358
25749,16358
25749,16358
156486,35732
157500,62944
157500,62944
178230,62274
181101,50274
248706,30500
232068,33886
225393,33534
225393,33534
225393,33534
247632,30500
247632,50718
75723,34092
72930,62074
198522,63188
198522,62170
188787,63360
217782,63540
217782,63136
222906,39186
211473,10652
234297,39186
234297,63418
201852,30500
204768,63510
250782,56714
156024,50718
205191,62860
66465,54096
183450,63188
187797,62074
207216,1304
187224,10652
62817,124
223530,62074
227292,39186
227292,39186
154740,56714
154740,56714
154740,56714
59691,56696
229527,10808
238293,63186
223776,10652
237300,10652
237300,10652
167364,62944
167364,62944
167364,62944
153138,30500
153138,30500
183450,39186
206418,1370
206418,1370
176472,35732
176472,35732
210141,35732
210141,35732
208572,10652
251631,10652
221526,10652
251631,10652
174279,1304
153072,62074
183468,10652
153312,10652
153312,10652
155556,35732
155556,56696
224145,10652
205122,10652
59703,10652
203058,10652
199860,10652
158016,10652
199860,10652
66378,10652
240990,10652
203502,10652
63582,10652
192768,10652
191247,63188
191247,62170
230604,1372
179496,10652
229536,54096
195723,39186
195723,63418
203178,63218
160770,35732
209976,35732
209976,56696
194082,63188
194082,63188
244971,62378
208350,62074
203142,62074
222906,30500
247878,57414
247878,62378
167082,63510
176319,10652
229527,50718
229527,30500
232827,63538
246054,30500
209793,63538
206697,33886
198873,56696
208599,35732
203259,62074
153138,62074
203724,61280
203724,61280
206415,33886
63690,33886
253098,56714
194388,56714
194388,56714
216498,63188
212220,3382
219450,57414
219450,57414
192564,39186
192564,39186
221331,56696
207240,35732
242439,63188
225672,39186
206838,35846
207267,35846
206670,35846
250275,35846
206670,35846
206670,35846
250275,35846
206823,35846
191451,59822
129264,56696
178458,124
203268,33886
208116,33886
203256,33886
203145,33886
203145,33886
203145,33886
212112,33886
196722,33886
203274,63538
204762,35732
211749,62944
246915,35732
246915,56696
56871,35732
172419,10652
212211,63188
212211,63188
212211,62170
212211,1372
234555,56714
187839,50718
61899,59396
198210,62944
206697,50274
252480,56714
188331,53386
188331,53386
155031,62378
155031,57414
197286,63188
197286,63188
155097,63188
155097,63188
249567,10652
242130,60
211140,36720
211140,36720
239556,10652
123150,30500
245631,30500
245631,30500
128334,62170
128334,63188
128334,63188
191316,11262
202818,50274
61902,1372
224526,57414
247962,36720
210933,50274
224841,34092
160770,63188
160770,63188
247962,57804
247962,57804
232455,33886
232455,33886
154434,30500
166356,62074
231900,63188
231900,63188
231900,63188
231900,1372
184635,56714
25749,59394
25749,59394
71274,57804
208899,62074
211476,50274
188331,54290
188331,54290
156057,39186
203184,59822
154707,35732
233427,30500
206943,62376
206943,1370
249687,30500
232068,55798
204276,62074
244005,30500
214194,62074
165045,10652
165045,10652
217752,63188
234120,56714
234120,56714
229536,49888
211533,57804
211533,57804
158274,59822
203775,59822
158274,1304
196311,62074
224931,63188
153765,10652
241305,34092
241305,56714
241305,56714
60888,33886
203166,59822
223401,59822
231096,10652
210813,56714
186933,63220
208476,35732
208722,35732
208761,35732
203673,35846
204057,30500
204057,50718
179838,16358
179838,16358
165687,16358
165687,16358
179838,16358
210876,16358
210876,16358
165744,16358
239556,1304
128901,1304
128901,1304
128901,1304
206811,62074
221751,62074
207147,62074
207147,62074
246963,59396
246963,55798
165183,10652
216123,62074
64299,63188
64299,63188
65328,1304
206481,10652
64218,63188
249294,30500
206427,63418
247002,63540
225672,50274
194409,10652
194229,33534
194229,33534
64299,10652
229620,35732
229620,35732
181371,50718
204771,62074
211047,30500
165183,62378
207216,62378
207216,57414
187962,57414
187962,57414
210954,63188
128502,50274
227115,33886
157500,61280
161667,1372
217872,57414
223728,57414
223728,57414
217872,62378
223728,57414
248871,62378
208692,57414
228024,34092
210615,11490
242415,34092
242415,34092
242415,56714
242415,56714
216822,61280
242505,30500
242505,50718
198867,33886
198867,33886
237804,62074
237804,62074
64959,63188
64959,63188
190776,50274
231414,35732
183387,10652
183387,10652
154476,34092
217848,63220
217848,63218
217848,63218
153867,30500
212220,61348
212220,61348
63867,50718
153048,63188
153048,63188
198867,56696
203310,10652
251610,1304
154485,59822
165312,63188
231909,62170
231909,1372
244731,57804
200502,33886
208722,33886
200502,33886
200502,33886
208485,63538
208476,33886
208761,33886
154506,63188
162957,1304
162957,1304
162957,59822
242409,30500
244446,62074
183213,32496
155097,50718
155097,30500
61899,30500
248796,63188
248796,1372
60888,63540
187734,35732
211767,30500
234972,56696
234972,56696
234972,56696
233970,33886
244278,63538
222906,57804
190113,57414
166002,1304
166002,1304
166002,1304
166002,59822
206811,56696
206811,35732
243408,62170
172419,30500
203199,10652
214998,50718
239115,1304
186933,36720
252480,59822
252480,1304
252480,59822
248871,10652
208692,10652
207597,1372
207597,63188
228564,10652
175266,10652
175266,10652
208116,62074
208116,62074
203439,62074
203268,62074
196722,62074
203439,62074
203445,62074
212232,59396
212745,16358
212745,16358
171939,63188
171939,63188
156024,62074
247989,35732
247989,35732
183195,63540
71274,36720
211815,33886
226140,39186
229473,35732
190113,1304
235458,30500
252066,56714
206745,62074
184950,35732
77484,55798
244479,63188
153072,30500
215457,1304
182565,1372
182565,1372
182565,63188
206697,1370
219450,50718
219450,30500
186177,63136
247029,30500
223401,35732
154890,33886
154890,63538
194904,59396
156486,63538
242856,61280
221331,62860
220269,63186
207927,30500
154473,56714
197835,56696
230028,10652
203199,1304
154827,62170
154827,1372
154827,63188
224925,56714
224925,56714
67371,62074
129081,59396
212721,1372
212721,63188
212721,63188
163482,63188
212721,1372
219231,61280
219231,61280
212181,56714
154245,63188
204762,1304
203247,1304
210834,1304
210834,1304
203247,1304
191250,63188
228315,62170
238293,35846
249573,57804
178230,59394
59691,10652
71271,52918
242556,1304
242556,1304
242556,1304
242556,59822
167256,62074
244644,1372
211527,54290
225672,62944
206439,1372
206439,1372
246618,56696
246618,35732
246618,35732
246618,56696
244404,39186
244404,39186
164661,56696
172719,50718
172719,30500
66033,30500
203673,35732
249342,63188
154956,35732
209697,35732
154803,35732
154803,35732
199479,10652
211236,10652
211236,10652
205740,34092
205740,56714
188787,63188
198210,61280
72918,10652
219132,10652
174468,63188
174468,63188
246711,39186
246711,39186
230028,35846
237195,1372
237195,63188
237195,63188
61908,33886
246987,50718
165312,62074
184950,62074
184950,62074
204228,56714
250977,30500
75723,10652
181860,34092
225699,33886
225699,33886
203796,61280
203796,61280
198279,63538
194229,10808
213987,50718
208518,56696
208518,35732
203178,61540
197676,63538
197676,33886
229341,30500
245706,56696
248064,35732
248064,56696
167082,1304
212283,63188
212283,62170
155100,35732
155085,35732
191451,30500
66033,63188
172719,62170
192300,30500
245976,35732
172008,16358
174468,50718
174468,30500
174468,30500
203247,62074
204762,62074
208758,61280
188331,48298
227829,35732
210981,35846
191256,63188
191256,62170
183921,35732
208722,62074
212469,59396
232827,62944
228948,63418
153048,50718
66843,61280
208761,10652
208740,10652
200502,10652
208722,10652
63867,56714
207219,30500
68568,63188
178458,63188
178458,63188
178458,63188
61824,1304
203700,33886
64959,30500
178230,30500
178230,30500
237252,10652
161058,10652
253053,10652
231102,30500
129204,10652
252210,10652
241203,10652
244287,10808
167652,35732
224211,35732
211749,35732
227973,59822
227973,1304
227973,1304
208488,59396
208488,59396
211524,59396
183387,35732
183387,35732
211749,10808
244404,62170
244404,63188
211749,55798
211749,59396
211749,62274
161283,56714
226662,62074
251253,1304
251253,1304
191238,10652
191238,10652
163482,62274
204795,50274
203724,50274
178830,63218
155085,30500
210678,10652
210678,10652
191232,62074
174513,35732
174513,56696
186987,10652
233091,10652
242415,57414
242415,62378
220713,62074
225672,35732
252405,33886
184950,63188
217752,1304
188637,35732
188637,35732
187101,39186
154890,50274
192564,16358
212586,35732
248178,30500
223776,35732
205659,62074
216498,30500
216498,50718
211344,63538
211344,33886
198873,62944
166005,35732
249573,36720
210633,56696
223530,39186
154245,10652
153756,56714
153756,56714
153885,63188
153885,63188
212448,59396
212448,59396
212448,55798
252081,10652
190776,10652
252081,10652
227973,62074
244287,30500
244287,50718
183786,10652
249633,39186
204519,10652
88821,63188
165750,63188
165750,63188
88821,63188
88821,63188
251829,63538
251829,63538
183195,63218
165045,35732
183489,51974
213978,63360
208488,63188
208488,63188
187221,35732
231102,62170
239577,10652
199854,62074
199854,62074
203106,10652
234093,10652
186327,63188
186327,63188
157680,63538
208566,63538
241203,63538
188937,1304
153867,10652
209796,39186
175239,1304
175239,1304
198873,54096
244731,54096
244731,54096
212586,50718
236226,32496
155097,35732
155097,35732
204411,10652
204411,10652
174468,10652
66465,63188
129135,39186
66777,1304
66777,59822
186882,1304
66777,1304
208347,62074
203673,63418
203673,39186
208518,33886
208518,63538
250434,63188
250434,63188
250434,1372
250434,62170
253557,63418
253557,63418
229539,39186
229539,63418
208575,35846
156024,59822
187101,55798
187101,59396
187101,59396
219021,10652
219021,10652
219021,10652
212526,10652
212526,10652
187101,62074
234297,54096
210876,62074
165684,62074
157185,57414
197595,62378
157185,62378
157938,30500
157938,30500
167364,54096
198801,30500
220269,124
220269,124
156063,30500
156063,30500
156063,30500
210000,63188
247632,35732
166362,35732
204144,35732
236520,57804
236520,57804
153792,10652
172503,10652
195372,63188
237804,30500
237804,50718
231900,34092
231900,34092
71274,63360
213513,56696
246720,10652
246720,10652
206427,1372
251142,34092
154113,56696
253098,30500
194388,50718
244869,30500
194388,30500
236766,50718
183813,10652
182292,63188
182292,63188
75723,56696
75723,56696
191247,39186
191247,63418
226140,59394
206376,63218
203811,33886
242412,33886
242412,63538
246618,33886
212571,33886
186327,10652
244404,59822
181101,59394
241329,1372
238293,124
211947,56696
171702,35732
238032,62274
236490,35732
237252,35732
212586,1372
153765,1372
212586,63188
238263,33886
186216,30500
128334,30500
128334,30500
72558,62074
72558,62074
196311,63538
205107,33886
225669,63538
196311,33886
225669,33886
206748,63218
206940,63218
206748,63218
232065,63186
232065,63186
248061,30500
210168,35732
203517,34092
203517,56714
187962,56696
187962,35732
187650,63188
205740,57414
210978,30500
243927,30500
243927,30500
210978,30500
225390,34092
211815,62074
210633,1372
181149,10652
206367,33886
207078,63538
210633,63538
208533,33886
154476,1304
154476,1304
207144,33886
207144,33886
206811,33886
232035,62274
232035,59396
211632,10652
161403,63188
189045,10652
199854,59396
199854,62274
250974,57414
250974,57414
191232,63538
250221,1372
250221,62170
204519,63188
250974,56714
208482,62074
208533,62074
237300,56696
237300,35732
237300,35732
205662,35732
237300,56696
237300,56696
183195,16358
231225,33886
173667,62170
66465,124
209799,39186
209799,39186
212220,63218
212220,63218
211947,63538
167256,59822
154035,10652
204222,63188
243477,63188
205959,56696
205959,35732
205959,35732
183675,50718
246711,63538
225699,1304
177903,62170
191451,57414
232065,63218
188847,1372
231144,62074
243546,62944
155043,56714
155043,34092
211344,35732
207999,39186
154476,50718
156486,62944
171939,10652
212301,63188
212301,62170
200964,61280
200964,61280
191256,30500
249513,61280
153048,35732
210795,35732
153048,35732
177672,1372
206697,36720
209880,10652
206412,35732
206412,35732
233040,63188
233040,62170
201837,35732
201837,35732
187806,16358
212574,30500
227238,63538
154779,36720
183390,63188
249342,50274
187659,63188
248301,35732
188937,50718
188937,30500
229527,63186
229527,63186
207618,33886
212775,10652
206496,33886
206496,33886
220011,59822
187386,11262
206481,62944
238032,63188
154707,63418
61692,63188
61692,63188
72117,62944
77484,63360
236520,36720
236520,36720
155403,30500
154476,10652
183468,33886
155556,30500
155556,50718
155556,30500
175293,34092
238887,35732
158274,62074
203775,62074
228564,35732
175266,35732
228564,56696
228564,35732
236520,60
221331,54096
63873,1304
63873,1304
222906,35732
153312,35732
153312,35732
176643,56696
176643,35732
226140,62944
61899,54096
208599,35846
241263,10652
246804,10652
187263,63188
203829,62074
203829,62074
207993,35732
204057,10652
250653,63188
128901,54096
60888,63186
183576,35732
183576,35732
129135,33886
229977,39186
229977,39186
242439,30500
208893,33886
203178,63188
203178,63188
154797,10808
194082,62074
72645,33886
72645,33886
229539,35732
64272,10652
64272,10652
248013,62074
248013,62074
154494,10652
246150,35732
246150,35732
194790,63188
194790,63188
209073,39186
248373,62074
205191,10808
206361,62944
206361,62944
244380,62944
206361,62944
244380,49888
209622,57804
193965,59396
56868,1372
234018,63538
206697,56696
209793,56696
241824,63188
234021,1372
241824,1372
208524,1372
208524,63188
128685,63188
230028,63188
230028,63188
246054,56696
207216,35732
207216,35732
207216,56696
233091,35732
233091,35732
163044,35732
156057,35732
249795,10652
232404,10652
252480,30500
178230,35732
195372,62944
165684,30500
164640,63538
191223,33886
189045,35732
189045,35732
230178,35732
230178,35732
154146,62074
154146,62074
249297,10652
249981,33886
249981,33886
194409,62378
194601,62944
224841,56696
253053,63188
244680,62074
222750,56714
206484,63538
206484,33886
206484,33886
159330,10652
182292,35732
182292,56696
172503,35732
198522,10652
164337,63538
248205,30500
203790,16358
203790,16358
230286,35732
153315,63188
153315,63188
248706,59822
248706,1304
213978,33886
227295,63188
227295,63188
212430,63188
212430,63188
227295,1372
239217,63538
227829,33886
227829,33886
195447,33886
249063,39186
217848,59394
217848,59394
251142,57414
188196,62074
188196,62074
188196,62074
196845,51974
183492,124
161787,63188
205191,57804
228564,30500
161526,56714
251235,35732
207600,62074
182565,33886
182565,33886
182565,33886
204228,62074
199242,32496
199242,32496
229521,35732
221151,35732
203058,35732
251085,35732
129153,35732
251085,35732
203058,35732
59703,35732
216648,35732
216648,56696
252375,35732
252774,35732
203052,35732
192771,35732
192771,35732
203058,56696
203502,35732
203100,56696
192756,35732
251085,56696
59703,56696
63582,56696
203517,10652
203517,10652
203316,35732
205665,35732
204276,56696
252405,59822
154770,30500
154770,30500
211473,35732
211473,35732
176403,32496
176403,32496
153867,63188
153867,63188
238218,1304
238218,1304
167514,30500
209094,63188
209094,1372
154041,10652
181662,34092
252177,33886
155403,10652
234951,1372
161403,35732
210114,63188
245976,33886
153141,1372
153141,63188
250434,50274
61482,124
158658,35732
228438,10652
204771,33886
204771,33886
204771,63538
167316,63418
206748,35846
61344,124
181371,62074
181371,62074
181371,62074
206361,55798
206361,55798
206361,59396
222750,63188
246627,63188
203532,63188
201564,63188
203295,62170
203532,63188
246627,62170
203295,1372
195507,63188
203532,62170
203295,1372
207096,33886
207096,63538
207156,33886
195378,63538
206745,33886
206745,63538
214998,56696
232269,59396
232269,62274
232269,59396
232269,59396
230331,33886
247956,35732
247956,35732
247956,56696
210933,51316
67740,56696
183576,57414
249081,35732
250977,35732
250977,35732
191556,63188
191556,63188
252081,35732
190776,56696
252081,56696
224631,10652
236655,10652
242388,59394
171372,63188
171372,63188
171372,1372
249795,63538
233970,63188
233970,1372
216108,63188
244278,63188
233970,62170
216108,63188
216108,62170
153792,62170
171702,33886
224526,10652
61692,16358
61692,16358
61692,16358
203142,10652
208350,10652
203796,54096
72483,54096
72483,54096
236655,35732
236655,35732
229527,63540
201852,63538
231162,50274
66054,33886
204093,10652
204093,10652
72918,33886
72918,33886
225276,63188
205995,33886
242151,63220
246054,62170
217782,124
177474,10652
249513,33886
155481,63538
212571,10652
64734,35732
64734,35732
88920,1372
60762,62378
165132,62074
64893,30500
183666,35732
238536,30500
252081,57804
123150,34092
194790,33886
194790,33886
238032,63220
211524,63220
128526,124
164970,1372
164970,63188
164970,63188
154146,56696
206514,33886
66915,30500
186216,62170
186216,63188
186216,62170
219231,56696
249930,10652
249930,10652
248292,56714
236490,1372
232614,50718
128604,50718
128604,30500
167676,10652
204054,10652
207927,35732
247632,39186
203073,33886
203073,33886
184485,62074
184485,62074
203811,63418
244680,33886
244680,63538
234156,1372
206433,10652
193323,10652
72900,56696
72900,35732
154956,63188
161208,33886
215112,32496
247374,30500
96444,35732
210882,56696
179496,56696
179496,35732
229539,49888
229539,62944
250434,61280
213978,16358
206667,1372
231102,10652
154146,56714
154146,56714
154146,34092
250977,62074
250977,62074
208554,35732
208554,56696
153024,10652
154119,10652
210234,63220
210234,63218
178458,59396
178458,59396
178458,59396
224931,56714
224931,56714
238878,10652
179496,63188
187659,39186
210795,63188
227664,51316
128502,54096
128502,54096
204411,30500
209622,33534
209622,33534
64218,33886
64218,63538
203388,33886
154404,30500
154404,30500
204759,1304
204759,1304
204759,59822
216948,35732
224925,35732
201522,61280
68676,50718
68676,30500
68676,50718
68676,30500
186174,11490
172056,35846
172056,35846
204657,33886
204657,33886
198981,56696
198981,35732
226140,50718
63867,10652
243546,55798
247983,59396
182295,35732
61935,63188
154821,33886
203073,35732
203073,35732
154518,63188
154518,62170
154509,1372
154518,1372
62817,57804
62817,57804
249342,54096
206748,59394
206940,59394
201798,10652
192714,10652
154404,63188
201522,59394
61935,1304
61935,1304
211407,63188
211407,62170
253308,30500
253308,30500
244731,33886
244731,33886
154542,62074
61305,62074
251829,59394
218121,59394
183492,63360
244644,35732
212595,10652
212595,10652
251442,49888
251442,62944
248373,63538
248373,63538
178230,35846
238878,50718
238878,30500
210678,56696
210678,35732
227115,56696
210678,56696
153792,35732
166356,35846
211749,54096
206418,10652
201030,39186
155403,63188
217002,62074
210615,61348
232029,33886
232029,33886
211413,10652
203790,39186
203790,63418
65577,50718
210171,33886
194904,35846
246099,30500
246099,30500
206772,39186
242232,63418
213114,39186
242232,39186
179790,56696
179790,56696
179790,35732
199479,56696
187221,63188
191250,56714
228315,56714
212748,55798
242442,59396
242442,59396
153279,10652
153279,10652
183492,35846
154542,10652
206346,16358
165183,30500
154041,35732
154275,39186
226623,63538
210978,35846
154275,35846
61902,59822
61902,59822
212220,32496
61902,30500
246804,35732
231459,1372
231459,1372
210168,63188
210168,63188
210168,62170
219021,30500
212526,30500
219021,50718
199854,63360
211815,1372
211815,63188
163482,49888
187806,124
223104,30500
223104,30500
247989,33886
203055,62074
67314,62074
210933,30500
240912,1372
247029,63188
208566,56696
208566,56696
216495,54096
206364,51316
206364,51316
178230,63186
156063,1372
192942,39186
206406,63418
206406,39186
192942,39186
232827,35732
232827,56696
237252,50718
163101,62944
210981,49888
61344,50274
203460,35846
208488,62944
246033,50274
232065,54290
228948,54096
223389,30500
188100,63188
154068,62170
154068,63188
244041,33886
191553,63188
231708,35732
204519,30500
204519,50718
174468,35846
174468,35846
177474,56696
197595,62074
249294,1304
249294,1304
227664,39186
227664,39186
203700,16358
242856,16358
206784,63188
206784,63188
221331,62274
221331,59396
161058,62074
200259,62378
72645,35732
213114,63188
213114,63188
213114,1372
212688,63188
62337,10808
62337,10808
227988,33886
211533,33534
211533,33534
248796,59396
248061,35732
203175,10652
208812,57414
208812,62378
229977,33886
229977,33886
229977,33886
229977,63538
210408,30500
211386,50718
211386,30500
211386,30500
211386,30500
69249,30500
244971,60
217848,35846
205815,30500
228948,62170
228948,63188
188937,10652
188937,10652
155556,63188
155556,1372
154404,10652
163251,63188
205728,33886
205728,33886
171684,62074
184698,63188
184698,1372
225390,63188
225390,1372
61935,10652
248301,62170
248301,63188
248301,1372
222204,63538
186447,56696
204189,48298
247002,63220
234030,33886
240939,33886
240939,33886
240939,33886
183387,63188
183387,1372
167316,63538
203166,33886
203166,33886
187395,50718
209880,30500
180471,50718
198855,63188
198855,63188
154881,39186
154881,39186
249930,62074
249930,62074
211638,39186
154146,10652
156489,33886
232035,39186
172587,35846
172587,35846
88821,39186
232614,56696
163131,50274
153084,35732
153084,35732
249294,10652
194883,63218
212430,62074
227295,62074
212430,62074
234129,39186
207087,51316
181662,10652
181662,10652
212574,10652
226140,55798
205659,33886
205659,33886
195249,30500
195249,30500
195249,50718
220218,56714
88920,35732
204054,30500
167676,30500
239115,62074
207600,33886
207600,33886
207129,63188
207129,63188
238572,1372
207129,1372
207129,1372
238827,63188
242232,63188
206772,63188
206772,63188
242232,63188
238827,1372
217752,63418
214968,10652
214968,10652
157224,63538
212181,10652
241305,56696
241305,35732
165717,63188
253146,62170
210876,63188
179838,1372
188700,63188
210876,63188
165744,62170
165717,63188
252618,62170
252618,63188
205353,10652
205353,10652
205353,10652
183195,63186
188343,1372
216822,54096
188331,51974
208872,62274
225972,63538
239247,62170
172695,35732
96138,57414
96138,62378
212181,56696
212181,35732
212181,56696
231900,56696
249930,63188
155337,33886
184113,62074
224874,1372
183213,48298
206304,10652
244005,62074
172161,61280
203175,1304
206412,33886
206412,33886
211641,33886
206850,33886
129081,16358
25743,62074
154740,35732
154740,10652
250434,54096
251169,50718
185244,30500
181203,62074
207618,39186
166599,62074
211965,33886
208797,33886
208797,63538
183105,32496
183105,32496
183105,32496
166005,33886
242388,63186
242388,63186
206418,50274
153885,56696
153885,35732
153885,56696
165045,39186
64353,56696
246150,39186
249297,63188
249297,63188
219030,50718
219522,10652
153279,35732
153279,56696
247983,63218
75723,63188
75723,1372
188685,30500
188685,30500
64299,30500
188685,30500
176577,63188
176577,1372
187395,1372
187395,63188
172161,63538
172161,33886
227469,39186
227469,39186
216366,35846
216366,35846
201564,49888
201564,49888
201564,49888
201564,62860
203532,62944
61344,62274
198981,63188
198981,63188
203259,35732
203259,56696
249486,49888
154797,54096
154797,54096
187797,54096
153675,34092
238878,63188
238878,62170
238878,63188
234555,33886
157938,10652
182292,63538
208524,62944
208524,62944
208524,62860
208524,62944
188196,63188
188196,1372
188196,63188
166029,63188
166029,62170
166029,63188
189012,35732
189012,35732
211527,62276
60888,51974
206418,59396
206418,59396
206664,63418
212211,61280
212211,61280
164457,10652
164457,10652
172161,39186
172161,39186
65640,35732
237057,1304
246915,10652
222750,62074
69249,1372
204222,33886
204222,33886
205815,62074
183195,51974
164007,50718
231459,50718
183666,33886
183666,33886
250749,63418
207129,39186
234972,63188
234018,63188
234972,63188
234972,63188
234018,1372
60888,57804
196311,56696
207828,35732
244404,56696
247983,63186
247983,63186
215247,50718
203175,30500
234120,63538
186327,35732
213102,62944
213102,62944
206868,63188
206868,1372
206868,63188
217752,56696
154035,56696
88821,63538
165750,63538
166005,63188
192564,63136
192564,63136
235299,63188
235299,63188
207144,56696
66843,62944
66843,62944
206988,63188
250275,63188
250275,62170
207102,63188
210843,63188
206823,63188
206988,1372
154827,10652
225501,59396
225501,59396
156486,55798
156486,62274
238875,56714
167676,35732
204054,56696
189012,10652
195063,54096
195063,54096
230178,10652
230178,10652
204522,10652
182295,30500
194409,33886
212220,51974
212220,51974
246720,35732
187707,59396
187707,59396
167082,62378
167082,57414
206364,63418
206364,39186
204522,56714
212181,63188
212181,63188
206868,39186
162984,33886
208599,63188
208599,1372
178458,59394
178458,59394
204228,10652
72108,35732
154743,50718
154578,50718
184509,50718
249222,62170
198945,35732
161283,35732
181593,62170
186177,57804
186177,57804
191232,63418
77484,59394
156057,54096
62817,36720
154509,62074
154509,62074
212301,49888
247548,62074
232455,16358
71766,39186
207087,39186
212445,39186
207087,63418
251610,63538
184113,33886
72483,35846
203796,35846
208341,35846
216981,63188
216981,62170
216981,63188
199242,16358
72045,16358
72045,16358
199242,16358
251106,1304
185067,62074
249486,59394
210615,57804
61305,63538
207588,63538
61305,33886
153600,10652
153600,10652
72483,62074
159330,62170
195249,56696
249930,56696
203517,30500
203517,50718
203517,30500
213885,59396
213885,59396
213885,59396
223968,63538
202818,62074
201030,35846
201030,35846
155031,1372
155031,63188
155031,63188
183450,35846
165927,56696
183789,33886
183789,33886
195771,33886
155271,50718
155271,30500
153960,63418
186942,30500
203082,62074
218265,62074
200364,62074
208500,10652
201837,10652
153402,1372
153150,1372
234021,56696
234021,56696
241824,35732
234021,35732
177672,30500
177672,30500
253557,56696
219450,56696
219450,56696
198981,39186
229539,59396
229539,59396
206433,39186
206433,39186
193323,63418
157500,62074
227616,63188
227616,63188
241026,35846
191256,10652
229527,63538
211533,51974
211533,51974
203727,63538
207390,33886
212745,30500
212256,50718
212256,30500
212256,50718
153600,50718
187743,63538
206496,39186
236520,63188
194883,57804
207102,39186
210843,39186
249216,63418
249216,39186
206355,1372
206637,1372
206637,63188
194208,63188
206358,1372
194208,62170
206646,1372
206646,1372
244041,63418
243927,33886
243927,33886
209796,10808
209796,10808
234297,1372
240912,63538
154434,1372
154434,63188
230286,62170
230286,63188
210846,49888
192771,62944
229521,62944
229521,62944
192771,62860
129153,49888
199860,62944
192771,62944
203574,62944
199860,62860
238377,62944
192771,62944
238377,62944
252375,49888
66378,62944
224145,62944
203502,62944
66378,62944
203574,62860
203058,62944
158016,62944
216648,62944
148782,62944
224145,62944
251085,62944
203574,49888
203052,62944
203058,62944
148782,62860
203502,49888
203502,62944
63582,62944
208488,39186
208488,39186
181149,56696
211125,62074
224169,50274
66843,1372
66843,63188
187659,33886
187659,33886
153138,35732
203106,35846
245976,39186
232452,50718
65052,35732
65052,35732
208692,56714
223728,34092
208692,56714
217872,56714
223728,56714
457455,57804
203733,33886
236655,63188
224631,63188
236655,62170
206940,124
206748,124
206748,124
206940,124
242130,11262
153138,33886
157767,33886
211761,62074
179853,39186
179853,39186
217002,63188
128526,57804
128526,57804
247134,57414
166128,16358
212232,39186
227973,35732
227973,35732
204780,35732
204780,35732
232029,63188
232029,63188
232029,1372
165915,63188
203829,63538
203829,33886
203829,33886
203829,63538
188100,10652
211815,39186
223089,50718
201522,63360
186882,35732
66777,35732
66777,56696
241329,35732
128538,63188
128538,63188
206076,35732
203268,56696
203241,35732
203274,35732
203271,56696
206076,35732
203145,35732
203271,35732
203256,35732
153438,35732
247989,63188
247989,1372
25743,30500
25743,50718
212469,35846
181101,59396
212745,1372
212745,63188
192618,62170
186657,54096
186657,54096
251391,50274
216495,36720
203178,63186
156024,63538
156024,63538
251643,62170
251643,63188
251643,63188
242442,35846
194601,51974
249297,62074
249297,62074
207387,63538
225501,59394
228060,39186
153600,1372
209697,63188
175239,35732
211236,62074
182556,10652
221409,63188
221409,63188
246963,63186
154998,35732
154665,33886
64218,39186
176577,35732
176577,35732
183468,35732
183468,56696
154167,10808
154167,10808
72108,63188
247974,10652
158499,63188
154542,30500
209799,33886
225501,62074
247632,33886
183213,33534
72930,63220
72930,63218
25749,63186
204759,34092
204411,56696
236520,51316
236520,51316
224925,30500
188100,35732
129135,35732
153960,63538
208806,63188
208506,1372
208506,1372
228729,33886
225501,124
72918,1372
219132,63188
72918,63188
72918,63188
212448,59394
196845,61348
155337,35846
153438,62074
203673,62944
210393,56696
234093,35732
203106,56696
208518,10652
183492,63186
211533,63218
211533,63220
211533,63218
237057,33886
192564,35846
203790,35846
203790,35846
64272,35846
251106,30500
251106,50718
251106,30500
251106,50718
156057,33886
227988,39186
231708,62170
231708,1372
66879,33886
128502,59394
206358,63418
239577,63188
239577,1372
223782,35732
198792,1372
198792,63188
249081,33886
194883,3382
203790,62074
208572,63188
251631,63188
208521,62170
208572,62170
211749,63360
211407,54096
245706,61280
248301,39186
208794,56714
208812,56714
208812,56714
208812,56714
63690,63418
235299,56696
222750,35732
222750,56696
205332,54096
222750,10652
175878,33886
71301,63188
77484,54096
77484,54096
77484,54096
177903,10652
187263,63538
207339,63186
207339,63186
207339,63186
249633,63538
249633,33886
249633,33886
153138,63418
198801,39186
207498,30500
207498,50718
167316,16358
238218,50274
207330,39186
178830,53386
207999,62074
166362,33886
246627,62860
246627,62944
228948,56696
181746,33886
211407,10652
195447,62170
206415,63188
227829,63188
227829,62170
227829,63188
72930,51974
153204,39186
222669,16358
223104,39186
234555,62074
208692,30500
223728,50718
208692,30500
248871,30500
184488,62170
184488,1372
203820,33886
203133,39186
171939,35732
65577,63188
162792,35732
162792,56696
162792,56696
195063,49888
195063,62944
195063,49888
154797,61280
238032,59394
216108,63418
223389,35732
193965,32496
193965,32496
25743,63188
25743,1372
25743,63188
251391,60
207498,1372
161526,39186
161526,39186
205353,63188
153720,63188
153720,63188
167256,63418
220713,63188
220713,1372
192300,39186
208812,30500
208812,30500
208794,50718
230010,39186
212892,33886
252066,33886
244041,1372
204093,63188
236775,56696
177903,62074
228741,10652
186990,35732
186990,35732
188787,39186
204093,35732
204093,56696
67335,63188
231663,62074
208053,1372
208053,62170
189012,63188
189012,63188
223530,62944
186384,35732
242388,61280
242232,35846
60888,36720
209154,62074
226623,62074
66777,39186
205995,50274
186174,3382
186174,3382
206364,63188
206364,62170
191226,63418
244005,35732
194388,56696
201522,35846
183786,63538
183786,33886
243477,35846
129264,63188
188106,33886
188106,63538
206943,54096
242505,33886
218673,1372
218673,63188
249222,16358
165744,39186
252618,63418
188700,39186
188700,39186
165717,63418
165717,63418
253146,39186
193323,63188
206433,63188
233961,10652
230010,63188
177921,35732
234297,59396
234297,59396
194229,63360
251619,62276
251619,61348
236520,10652
207222,3382
196845,53386
207996,35732
208872,62944
183576,10652
215298,57804
242442,59394
242442,59394
189012,50718
209799,10808
209799,10808
250362,56696
218061,62074
211767,33886
206979,54096
217494,33886
222204,63418
222204,39186
215985,54096
249159,10652
222669,35846
154827,50718
204768,10652
204768,10652
164541,63418
164541,39186
225351,63538
225351,33886
251106,63188
213885,50274
154560,62074
96444,62074
96444,62074
203454,62074
163131,54096
251253,33886
204657,35846
204657,35846
206484,63188
206484,63188
238068,63188
212595,1372
188730,63188
188730,1372
154011,1372
188730,63188
154011,63188
155388,63188
155388,63188
203700,63136
242856,63540
242151,124
250434,62944
250434,49888
211344,62074
163251,35732
166002,62074
154551,63188
231459,35846
186438,39186
155031,35732
212478,56696
212478,56696
195723,62274
153150,10652
248202,62074
248202,62074
206772,10652
215517,63188
243408,33886
181371,35732
186657,62944
186657,62944
246987,124
190152,1372
207216,63538
247956,10652
247956,10652
242388,63360
228438,35732
204483,62074
212445,63188
129081,35846
129081,35846
194904,63136
199854,54096
199854,54096
206748,61280
158742,35732
157398,30500
