[2025-12-07T03:03:30.945+0000] {processor.py:157} INFO - Started process (PID=257) to work on /opt/airflow/dags/utils/helpers.py
[2025-12-07T03:03:30.946+0000] {processor.py:829} INFO - Processing file /opt/airflow/dags/utils/helpers.py for tasks to queue
[2025-12-07T03:03:30.946+0000] {logging_mixin.py:154} INFO - [2025-12-07T03:03:30.946+0000] {dagbag.py:536} INFO - Filling up the DagBag from /opt/airflow/dags/utils/helpers.py
[2025-12-07T03:03:30.949+0000] {processor.py:841} WARNING - No viable dags retrieved from /opt/airflow/dags/utils/helpers.py
[2025-12-07T03:03:30.971+0000] {processor.py:179} INFO - Processing /opt/airflow/dags/utils/helpers.py took 0.031 seconds
[2025-12-07T03:03:42.827+0000] {processor.py:157} INFO - Started process (PID=188) to work on /opt/airflow/dags/utils/helpers.py
[2025-12-07T03:03:42.828+0000] {processor.py:829} INFO - Processing file /opt/airflow/dags/utils/helpers.py for tasks to queue
[2025-12-07T03:03:42.829+0000] {logging_mixin.py:154} INFO - [2025-12-07T03:03:42.828+0000] {dagbag.py:536} INFO - Filling up the DagBag from /opt/airflow/dags/utils/helpers.py
[2025-12-07T03:03:42.831+0000] {processor.py:841} WARNING - No viable dags retrieved from /opt/airflow/dags/utils/helpers.py
[2025-12-07T03:03:42.844+0000] {processor.py:179} INFO - Processing /opt/airflow/dags/utils/helpers.py took 0.021 seconds
[2025-12-07T03:04:13.123+0000] {processor.py:157} INFO - Started process (PID=229) to work on /opt/airflow/dags/utils/helpers.py
[2025-12-07T03:04:13.124+0000] {processor.py:829} INFO - Processing file /opt/airflow/dags/utils/helpers.py for tasks to queue
[2025-12-07T03:04:13.125+0000] {logging_mixin.py:154} INFO - [2025-12-07T03:04:13.124+0000] {dagbag.py:536} INFO - Filling up the DagBag from /opt/airflow/dags/utils/helpers.py
[2025-12-07T03:04:13.126+0000] {processor.py:841} WARNING - No viable dags retrieved from /opt/airflow/dags/utils/helpers.py
[2025-12-07T03:04:13.137+0000] {processor.py:179} INFO - Processing /opt/airflow/dags/utils/helpers.py took 0.017 seconds
[2025-12-07T03:04:43.518+0000] {processor.py:157} INFO - Started process (PID=333) to work on /opt/airflow/dags/utils/helpers.py
[2025-12-07T03:04:43.519+0000] {processor.py:829} INFO - Processing file /opt/airflow/dags/utils/helpers.py for tasks to queue
[2025-12-07T03:04:43.519+0000] {logging_mixin.py:154} INFO - [2025-12-07T03:04:43.519+0000] {dagbag.py:536} INFO - Filling up the DagBag from /opt/airflow/dags/utils/helpers.py
[2025-12-07T03:04:43.521+0000] {processor.py:841} WARNING - No viable dags retrieved from /opt/airflow/dags/utils/helpers.py
[2025-12-07T03:04:43.532+0000] {processor.py:179} INFO - Processing /opt/airflow/dags/utils/helpers.py took 0.017 seconds
[2025-12-07T03:05:13.746+0000] {processor.py:157} INFO - Started process (PID=392) to work on /opt/airflow/dags/utils/helpers.py
[2025-12-07T03:05:13.747+0000] {processor.py:829} INFO - Processing file /opt/airflow/dags/utils/helpers.py for tasks to queue
[2025-12-07T03:05:13.748+0000] {logging_mixin.py:154} INFO - [2025-12-07T03:05:13.747+0000] {dagbag.py:536} INFO - Filling up the DagBag from /opt/airflow/dags/utils/helpers.py
[2025-12-07T03:05:13.750+0000] {processor.py:841} WARNING - No viable dags retrieved from /opt/airflow/dags/utils/helpers.py
[2025-12-07T03:05:13.761+0000] {processor.py:179} INFO - Processing /opt/airflow/dags/utils/helpers.py took 0.018 seconds
[2025-12-07T03:05:44.152+0000] {processor.py:157} INFO - Started process (PID=457) to work on /opt/airflow/dags/utils/helpers.py
[2025-12-07T03:05:44.153+0000] {processor.py:829} INFO - Processing file /opt/airflow/dags/utils/helpers.py for tasks to queue
[2025-12-07T03:05:44.154+0000] {logging_mixin.py:154} INFO - [2025-12-07T03:05:44.154+0000] {dagbag.py:536} INFO - Filling up the DagBag from /opt/airflow/dags/utils/helpers.py
[2025-12-07T03:05:44.156+0000] {processor.py:841} WARNING - No viable dags retrieved from /opt/airflow/dags/utils/helpers.py
[2025-12-07T03:05:44.166+0000] {processor.py:179} INFO - Processing /opt/airflow/dags/utils/helpers.py took 0.016 seconds
[2025-12-07T03:06:14.519+0000] {processor.py:157} INFO - Started process (PID=516) to work on /opt/airflow/dags/utils/helpers.py
[2025-12-07T03:06:14.520+0000] {processor.py:829} INFO - Processing file /opt/airflow/dags/utils/helpers.py for tasks to queue
[2025-12-07T03:06:14.521+0000] {logging_mixin.py:154} INFO - [2025-12-07T03:06:14.520+0000] {dagbag.py:536} INFO - Filling up the DagBag from /opt/airflow/dags/utils/helpers.py
[2025-12-07T03:06:14.522+0000] {processor.py:841} WARNING - No viable dags retrieved from /opt/airflow/dags/utils/helpers.py
[2025-12-07T03:06:14.534+0000] {processor.py:179} INFO - Processing /opt/airflow/dags/utils/helpers.py took 0.018 seconds
[2025-12-07T03:06:44.874+0000] {processor.py:157} INFO - Started process (PID=568) to work on /opt/airflow/dags/utils/helpers.py
[2025-12-07T03:06:44.875+0000] {processor.py:829} INFO - Processing file /opt/airflow/dags/utils/helpers.py for tasks to queue
[2025-12-07T03:06:44.875+0000] {logging_mixin.py:154} INFO - [2025-12-07T03:06:44.875+0000] {dagbag.py:536} INFO - Filling up the DagBag from /opt/airflow/dags/utils/helpers.py
[2025-12-07T03:06:44.877+0000] {processor.py:841} WARNING - No viable dags retrieved from /opt/airflow/dags/utils/helpers.py
[2025-12-07T03:06:44.888+0000] {processor.py:179} INFO - Processing /opt/airflow/dags/utils/helpers.py took 0.017 seconds
[2025-12-07T03:07:15.238+0000] {processor.py:157} INFO - Started process (PID=627) to work on /opt/airflow/dags/utils/helpers.py
[2025-12-07T03:07:15.239+0000] {processor.py:829} INFO - Processing file /opt/airflow/dags/utils/helpers.py for tasks to queue
[2025-12-07T03:07:15.240+0000] {logging_mixin.py:154} INFO - [2025-12-07T03:07:15.240+0000] {dagbag.py:536} INFO - Filling up the DagBag from /opt/airflow/dags/utils/helpers.py
[2025-12-07T03:07:15.242+0000] {processor.py:841} WARNING - No viable dags retrieved from /opt/airflow/dags/utils/helpers.py
[2025-12-07T03:07:15.253+0000] {processor.py:179} INFO - Processing /opt/airflow/dags/utils/helpers.py took 0.017 seconds
[2025-12-07T03:07:45.621+0000] {processor.py:157} INFO - Started process (PID=693) to work on /opt/airflow/dags/utils/helpers.py
[2025-12-07T03:07:45.622+0000] {processor.py:829} INFO - Processing file /opt/airflow/dags/utils/helpers.py for tasks to queue
[2025-12-07T03:07:45.623+0000] {logging_mixin.py:154} INFO - [2025-12-07T03:07:45.623+0000] {dagbag.py:536} INFO - Filling up the DagBag from /opt/airflow/dags/utils/helpers.py
[2025-12-07T03:07:45.625+0000] {processor.py:841} WARNING - No viable dags retrieved from /opt/airflow/dags/utils/helpers.py
[2025-12-07T03:07:45.636+0000] {processor.py:179} INFO - Processing /opt/airflow/dags/utils/helpers.py took 0.018 seconds
[2025-12-07T03:08:15.659+0000] {processor.py:157} INFO - Started process (PID=749) to work on /opt/airflow/dags/utils/helpers.py
[2025-12-07T03:08:15.660+0000] {processor.py:829} INFO - Processing file /opt/airflow/dags/utils/helpers.py for tasks to queue
[2025-12-07T03:08:15.661+0000] {logging_mixin.py:154} INFO - [2025-12-07T03:08:15.661+0000] {dagbag.py:536} INFO - Filling up the DagBag from /opt/airflow/dags/utils/helpers.py
[2025-12-07T03:08:15.663+0000] {processor.py:841} WARNING - No viable dags retrieved from /opt/airflow/dags/utils/helpers.py
[2025-12-07T03:08:15.673+0000] {processor.py:179} INFO - Processing /opt/airflow/dags/utils/helpers.py took 0.017 seconds
[2025-12-07T03:08:46.093+0000] {processor.py:157} INFO - Started process (PID=801) to work on /opt/airflow/dags/utils/helpers.py
[2025-12-07T03:08:46.100+0000] {processor.py:829} INFO - Processing file /opt/airflow/dags/utils/helpers.py for tasks to queue
[2025-12-07T03:08:46.101+0000] {logging_mixin.py:154} INFO - [2025-12-07T03:08:46.100+0000] {dagbag.py:536} INFO - Filling up the DagBag from /opt/airflow/dags/utils/helpers.py
[2025-12-07T03:08:46.102+0000] {processor.py:841} WARNING - No viable dags retrieved from /opt/airflow/dags/utils/helpers.py
[2025-12-07T03:08:46.113+0000] {processor.py:179} INFO - Processing /opt/airflow/dags/utils/helpers.py took 0.022 seconds
[2025-12-07T03:09:16.627+0000] {processor.py:157} INFO - Started process (PID=860) to work on /opt/airflow/dags/utils/helpers.py
[2025-12-07T03:09:16.628+0000] {processor.py:829} INFO - Processing file /opt/airflow/dags/utils/helpers.py for tasks to queue
[2025-12-07T03:09:16.628+0000] {logging_mixin.py:154} INFO - [2025-12-07T03:09:16.628+0000] {dagbag.py:536} INFO - Filling up the DagBag from /opt/airflow/dags/utils/helpers.py
[2025-12-07T03:09:16.630+0000] {processor.py:841} WARNING - No viable dags retrieved from /opt/airflow/dags/utils/helpers.py
[2025-12-07T03:09:16.642+0000] {processor.py:179} INFO - Processing /opt/airflow/dags/utils/helpers.py took 0.019 seconds
[2025-12-07T03:09:47.205+0000] {processor.py:157} INFO - Started process (PID=1073) to work on /opt/airflow/dags/utils/helpers.py
[2025-12-07T03:09:47.206+0000] {processor.py:829} INFO - Processing file /opt/airflow/dags/utils/helpers.py for tasks to queue
[2025-12-07T03:09:47.207+0000] {logging_mixin.py:154} INFO - [2025-12-07T03:09:47.206+0000] {dagbag.py:536} INFO - Filling up the DagBag from /opt/airflow/dags/utils/helpers.py
[2025-12-07T03:09:47.208+0000] {processor.py:841} WARNING - No viable dags retrieved from /opt/airflow/dags/utils/helpers.py
[2025-12-07T03:09:47.219+0000] {processor.py:179} INFO - Processing /opt/airflow/dags/utils/helpers.py took 0.016 seconds
[2025-12-07T03:10:18.015+0000] {processor.py:157} INFO - Started process (PID=1133) to work on /opt/airflow/dags/utils/helpers.py
[2025-12-07T03:10:18.016+0000] {processor.py:829} INFO - Processing file /opt/airflow/dags/utils/helpers.py for tasks to queue
[2025-12-07T03:10:18.017+0000] {logging_mixin.py:154} INFO - [2025-12-07T03:10:18.016+0000] {dagbag.py:536} INFO - Filling up the DagBag from /opt/airflow/dags/utils/helpers.py
[2025-12-07T03:10:18.018+0000] {processor.py:841} WARNING - No viable dags retrieved from /opt/airflow/dags/utils/helpers.py
[2025-12-07T03:10:18.032+0000] {processor.py:179} INFO - Processing /opt/airflow/dags/utils/helpers.py took 0.020 seconds
[2025-12-07T03:10:48.398+0000] {processor.py:157} INFO - Started process (PID=1268) to work on /opt/airflow/dags/utils/helpers.py
[2025-12-07T03:10:48.399+0000] {processor.py:829} INFO - Processing file /opt/airflow/dags/utils/helpers.py for tasks to queue
[2025-12-07T03:10:48.400+0000] {logging_mixin.py:154} INFO - [2025-12-07T03:10:48.400+0000] {dagbag.py:536} INFO - Filling up the DagBag from /opt/airflow/dags/utils/helpers.py
[2025-12-07T03:10:48.403+0000] {processor.py:841} WARNING - No viable dags retrieved from /opt/airflow/dags/utils/helpers.py
[2025-12-07T03:10:48.417+0000] {processor.py:179} INFO - Processing /opt/airflow/dags/utils/helpers.py took 0.024 seconds
[2025-12-07T03:11:18.800+0000] {processor.py:157} INFO - Started process (PID=1348) to work on /opt/airflow/dags/utils/helpers.py
[2025-12-07T03:11:18.801+0000] {processor.py:829} INFO - Processing file /opt/airflow/dags/utils/helpers.py for tasks to queue
[2025-12-07T03:11:18.802+0000] {logging_mixin.py:154} INFO - [2025-12-07T03:11:18.802+0000] {dagbag.py:536} INFO - Filling up the DagBag from /opt/airflow/dags/utils/helpers.py
[2025-12-07T03:11:18.803+0000] {processor.py:841} WARNING - No viable dags retrieved from /opt/airflow/dags/utils/helpers.py
[2025-12-07T03:11:18.814+0000] {processor.py:179} INFO - Processing /opt/airflow/dags/utils/helpers.py took 0.017 seconds
[2025-12-07T03:11:48.914+0000] {processor.py:157} INFO - Started process (PID=1607) to work on /opt/airflow/dags/utils/helpers.py
[2025-12-07T03:11:48.916+0000] {processor.py:829} INFO - Processing file /opt/airflow/dags/utils/helpers.py for tasks to queue
[2025-12-07T03:11:48.916+0000] {logging_mixin.py:154} INFO - [2025-12-07T03:11:48.916+0000] {dagbag.py:536} INFO - Filling up the DagBag from /opt/airflow/dags/utils/helpers.py
[2025-12-07T03:11:48.918+0000] {processor.py:841} WARNING - No viable dags retrieved from /opt/airflow/dags/utils/helpers.py
[2025-12-07T03:11:48.931+0000] {processor.py:179} INFO - Processing /opt/airflow/dags/utils/helpers.py took 0.020 seconds
[2025-12-07T03:12:19.186+0000] {processor.py:157} INFO - Started process (PID=1666) to work on /opt/airflow/dags/utils/helpers.py
[2025-12-07T03:12:18.862+0000] {processor.py:829} INFO - Processing file /opt/airflow/dags/utils/helpers.py for tasks to queue
[2025-12-07T03:12:18.863+0000] {logging_mixin.py:154} INFO - [2025-12-07T03:12:18.863+0000] {dagbag.py:536} INFO - Filling up the DagBag from /opt/airflow/dags/utils/helpers.py
[2025-12-07T03:12:18.865+0000] {processor.py:841} WARNING - No viable dags retrieved from /opt/airflow/dags/utils/helpers.py
[2025-12-07T03:12:18.881+0000] {processor.py:179} INFO - Processing /opt/airflow/dags/utils/helpers.py took 0.029 seconds
[2025-12-07T03:12:49.082+0000] {processor.py:157} INFO - Started process (PID=1843) to work on /opt/airflow/dags/utils/helpers.py
[2025-12-07T03:12:49.083+0000] {processor.py:829} INFO - Processing file /opt/airflow/dags/utils/helpers.py for tasks to queue
[2025-12-07T03:12:49.084+0000] {logging_mixin.py:154} INFO - [2025-12-07T03:12:49.084+0000] {dagbag.py:536} INFO - Filling up the DagBag from /opt/airflow/dags/utils/helpers.py
[2025-12-07T03:12:49.086+0000] {processor.py:841} WARNING - No viable dags retrieved from /opt/airflow/dags/utils/helpers.py
[2025-12-07T03:12:49.099+0000] {processor.py:179} INFO - Processing /opt/airflow/dags/utils/helpers.py took 0.020 seconds
[2025-12-07T03:13:19.544+0000] {processor.py:157} INFO - Started process (PID=1902) to work on /opt/airflow/dags/utils/helpers.py
[2025-12-07T03:13:19.545+0000] {processor.py:829} INFO - Processing file /opt/airflow/dags/utils/helpers.py for tasks to queue
[2025-12-07T03:13:19.545+0000] {logging_mixin.py:154} INFO - [2025-12-07T03:13:19.545+0000] {dagbag.py:536} INFO - Filling up the DagBag from /opt/airflow/dags/utils/helpers.py
[2025-12-07T03:13:19.547+0000] {processor.py:841} WARNING - No viable dags retrieved from /opt/airflow/dags/utils/helpers.py
[2025-12-07T03:13:19.559+0000] {processor.py:179} INFO - Processing /opt/airflow/dags/utils/helpers.py took 0.019 seconds
[2025-12-07T03:13:49.977+0000] {processor.py:157} INFO - Started process (PID=1954) to work on /opt/airflow/dags/utils/helpers.py
[2025-12-07T03:13:49.978+0000] {processor.py:829} INFO - Processing file /opt/airflow/dags/utils/helpers.py for tasks to queue
[2025-12-07T03:13:49.979+0000] {logging_mixin.py:154} INFO - [2025-12-07T03:13:49.979+0000] {dagbag.py:536} INFO - Filling up the DagBag from /opt/airflow/dags/utils/helpers.py
[2025-12-07T03:13:49.981+0000] {processor.py:841} WARNING - No viable dags retrieved from /opt/airflow/dags/utils/helpers.py
[2025-12-07T03:13:49.994+0000] {processor.py:179} INFO - Processing /opt/airflow/dags/utils/helpers.py took 0.020 seconds
[2025-12-07T03:14:20.359+0000] {processor.py:157} INFO - Started process (PID=2019) to work on /opt/airflow/dags/utils/helpers.py
[2025-12-07T03:14:20.360+0000] {processor.py:829} INFO - Processing file /opt/airflow/dags/utils/helpers.py for tasks to queue
[2025-12-07T03:14:20.360+0000] {logging_mixin.py:154} INFO - [2025-12-07T03:14:20.360+0000] {dagbag.py:536} INFO - Filling up the DagBag from /opt/airflow/dags/utils/helpers.py
[2025-12-07T03:14:20.362+0000] {processor.py:841} WARNING - No viable dags retrieved from /opt/airflow/dags/utils/helpers.py
[2025-12-07T03:14:20.373+0000] {processor.py:179} INFO - Processing /opt/airflow/dags/utils/helpers.py took 0.017 seconds
[2025-12-07T03:14:50.478+0000] {processor.py:157} INFO - Started process (PID=2397) to work on /opt/airflow/dags/utils/helpers.py
[2025-12-07T03:14:50.479+0000] {processor.py:829} INFO - Processing file /opt/airflow/dags/utils/helpers.py for tasks to queue
[2025-12-07T03:14:50.480+0000] {logging_mixin.py:154} INFO - [2025-12-07T03:14:50.480+0000] {dagbag.py:536} INFO - Filling up the DagBag from /opt/airflow/dags/utils/helpers.py
[2025-12-07T03:14:50.482+0000] {processor.py:841} WARNING - No viable dags retrieved from /opt/airflow/dags/utils/helpers.py
[2025-12-07T03:14:50.494+0000] {processor.py:179} INFO - Processing /opt/airflow/dags/utils/helpers.py took 0.019 seconds
[2025-12-07T03:15:20.736+0000] {processor.py:157} INFO - Started process (PID=2441) to work on /opt/airflow/dags/utils/helpers.py
[2025-12-07T03:15:20.739+0000] {processor.py:829} INFO - Processing file /opt/airflow/dags/utils/helpers.py for tasks to queue
[2025-12-07T03:15:20.740+0000] {logging_mixin.py:154} INFO - [2025-12-07T03:15:20.739+0000] {dagbag.py:536} INFO - Filling up the DagBag from /opt/airflow/dags/utils/helpers.py
[2025-12-07T03:15:20.741+0000] {processor.py:841} WARNING - No viable dags retrieved from /opt/airflow/dags/utils/helpers.py
[2025-12-07T03:15:20.753+0000] {processor.py:179} INFO - Processing /opt/airflow/dags/utils/helpers.py took 0.020 seconds
[2025-12-07T03:15:51.171+0000] {processor.py:157} INFO - Started process (PID=2506) to work on /opt/airflow/dags/utils/helpers.py
[2025-12-07T03:15:51.172+0000] {processor.py:829} INFO - Processing file /opt/airflow/dags/utils/helpers.py for tasks to queue
[2025-12-07T03:15:51.173+0000] {logging_mixin.py:154} INFO - [2025-12-07T03:15:51.172+0000] {dagbag.py:536} INFO - Filling up the DagBag from /opt/airflow/dags/utils/helpers.py
[2025-12-07T03:15:51.174+0000] {processor.py:841} WARNING - No viable dags retrieved from /opt/airflow/dags/utils/helpers.py
[2025-12-07T03:15:51.186+0000] {processor.py:179} INFO - Processing /opt/airflow/dags/utils/helpers.py took 0.018 seconds
[2025-12-07T03:16:21.734+0000] {processor.py:157} INFO - Started process (PID=2713) to work on /opt/airflow/dags/utils/helpers.py
[2025-12-07T03:16:21.735+0000] {processor.py:829} INFO - Processing file /opt/airflow/dags/utils/helpers.py for tasks to queue
[2025-12-07T03:16:21.736+0000] {logging_mixin.py:154} INFO - [2025-12-07T03:16:21.736+0000] {dagbag.py:536} INFO - Filling up the DagBag from /opt/airflow/dags/utils/helpers.py
[2025-12-07T03:16:21.737+0000] {processor.py:841} WARNING - No viable dags retrieved from /opt/airflow/dags/utils/helpers.py
[2025-12-07T03:16:21.749+0000] {processor.py:179} INFO - Processing /opt/airflow/dags/utils/helpers.py took 0.019 seconds
[2025-12-07T03:16:52.204+0000] {processor.py:157} INFO - Started process (PID=2773) to work on /opt/airflow/dags/utils/helpers.py
[2025-12-07T03:16:52.205+0000] {processor.py:829} INFO - Processing file /opt/airflow/dags/utils/helpers.py for tasks to queue
[2025-12-07T03:16:52.206+0000] {logging_mixin.py:154} INFO - [2025-12-07T03:16:52.206+0000] {dagbag.py:536} INFO - Filling up the DagBag from /opt/airflow/dags/utils/helpers.py
[2025-12-07T03:16:52.208+0000] {processor.py:841} WARNING - No viable dags retrieved from /opt/airflow/dags/utils/helpers.py
[2025-12-07T03:16:52.219+0000] {processor.py:179} INFO - Processing /opt/airflow/dags/utils/helpers.py took 0.017 seconds
[2025-12-07T03:17:22.559+0000] {processor.py:157} INFO - Started process (PID=2832) to work on /opt/airflow/dags/utils/helpers.py
[2025-12-07T03:17:22.560+0000] {processor.py:829} INFO - Processing file /opt/airflow/dags/utils/helpers.py for tasks to queue
[2025-12-07T03:17:22.561+0000] {logging_mixin.py:154} INFO - [2025-12-07T03:17:22.561+0000] {dagbag.py:536} INFO - Filling up the DagBag from /opt/airflow/dags/utils/helpers.py
[2025-12-07T03:17:22.563+0000] {processor.py:841} WARNING - No viable dags retrieved from /opt/airflow/dags/utils/helpers.py
[2025-12-07T03:17:22.575+0000] {processor.py:179} INFO - Processing /opt/airflow/dags/utils/helpers.py took 0.019 seconds
[2025-12-07T03:17:52.980+0000] {processor.py:157} INFO - Started process (PID=2884) to work on /opt/airflow/dags/utils/helpers.py
[2025-12-07T03:17:52.981+0000] {processor.py:829} INFO - Processing file /opt/airflow/dags/utils/helpers.py for tasks to queue
[2025-12-07T03:17:52.981+0000] {logging_mixin.py:154} INFO - [2025-12-07T03:17:52.981+0000] {dagbag.py:536} INFO - Filling up the DagBag from /opt/airflow/dags/utils/helpers.py
[2025-12-07T03:17:52.983+0000] {processor.py:841} WARNING - No viable dags retrieved from /opt/airflow/dags/utils/helpers.py
[2025-12-07T03:17:52.995+0000] {processor.py:179} INFO - Processing /opt/airflow/dags/utils/helpers.py took 0.019 seconds
[2025-12-07T03:18:23.302+0000] {processor.py:157} INFO - Started process (PID=2943) to work on /opt/airflow/dags/utils/helpers.py
[2025-12-07T03:18:23.304+0000] {processor.py:829} INFO - Processing file /opt/airflow/dags/utils/helpers.py for tasks to queue
[2025-12-07T03:18:23.304+0000] {logging_mixin.py:154} INFO - [2025-12-07T03:18:23.304+0000] {dagbag.py:536} INFO - Filling up the DagBag from /opt/airflow/dags/utils/helpers.py
[2025-12-07T03:18:23.306+0000] {processor.py:841} WARNING - No viable dags retrieved from /opt/airflow/dags/utils/helpers.py
[2025-12-07T03:18:23.317+0000] {processor.py:179} INFO - Processing /opt/airflow/dags/utils/helpers.py took 0.017 seconds
[2025-12-07T03:18:53.716+0000] {processor.py:157} INFO - Started process (PID=3001) to work on /opt/airflow/dags/utils/helpers.py
[2025-12-07T03:18:53.718+0000] {processor.py:829} INFO - Processing file /opt/airflow/dags/utils/helpers.py for tasks to queue
[2025-12-07T03:18:53.718+0000] {logging_mixin.py:154} INFO - [2025-12-07T03:18:53.718+0000] {dagbag.py:536} INFO - Filling up the DagBag from /opt/airflow/dags/utils/helpers.py
[2025-12-07T03:18:53.720+0000] {processor.py:841} WARNING - No viable dags retrieved from /opt/airflow/dags/utils/helpers.py
[2025-12-07T03:18:53.731+0000] {processor.py:179} INFO - Processing /opt/airflow/dags/utils/helpers.py took 0.019 seconds
[2025-12-07T03:19:23.918+0000] {processor.py:157} INFO - Started process (PID=3060) to work on /opt/airflow/dags/utils/helpers.py
[2025-12-07T03:19:23.919+0000] {processor.py:829} INFO - Processing file /opt/airflow/dags/utils/helpers.py for tasks to queue
[2025-12-07T03:19:23.919+0000] {logging_mixin.py:154} INFO - [2025-12-07T03:19:23.919+0000] {dagbag.py:536} INFO - Filling up the DagBag from /opt/airflow/dags/utils/helpers.py
[2025-12-07T03:19:23.921+0000] {processor.py:841} WARNING - No viable dags retrieved from /opt/airflow/dags/utils/helpers.py
[2025-12-07T03:19:23.931+0000] {processor.py:179} INFO - Processing /opt/airflow/dags/utils/helpers.py took 0.016 seconds
[2025-12-07T03:19:54.001+0000] {processor.py:157} INFO - Started process (PID=3112) to work on /opt/airflow/dags/utils/helpers.py
[2025-12-07T03:19:54.002+0000] {processor.py:829} INFO - Processing file /opt/airflow/dags/utils/helpers.py for tasks to queue
[2025-12-07T03:19:54.003+0000] {logging_mixin.py:154} INFO - [2025-12-07T03:19:54.003+0000] {dagbag.py:536} INFO - Filling up the DagBag from /opt/airflow/dags/utils/helpers.py
[2025-12-07T03:19:54.005+0000] {processor.py:841} WARNING - No viable dags retrieved from /opt/airflow/dags/utils/helpers.py
[2025-12-07T03:19:54.016+0000] {processor.py:179} INFO - Processing /opt/airflow/dags/utils/helpers.py took 0.017 seconds
[2025-12-07T03:20:24.242+0000] {processor.py:157} INFO - Started process (PID=3171) to work on /opt/airflow/dags/utils/helpers.py
[2025-12-07T03:20:24.244+0000] {processor.py:829} INFO - Processing file /opt/airflow/dags/utils/helpers.py for tasks to queue
[2025-12-07T03:20:24.244+0000] {logging_mixin.py:154} INFO - [2025-12-07T03:20:24.244+0000] {dagbag.py:536} INFO - Filling up the DagBag from /opt/airflow/dags/utils/helpers.py
[2025-12-07T03:20:24.246+0000] {processor.py:841} WARNING - No viable dags retrieved from /opt/airflow/dags/utils/helpers.py
[2025-12-07T03:20:24.257+0000] {processor.py:179} INFO - Processing /opt/airflow/dags/utils/helpers.py took 0.018 seconds
[2025-12-07T03:20:54.654+0000] {processor.py:157} INFO - Started process (PID=3230) to work on /opt/airflow/dags/utils/helpers.py
[2025-12-07T03:20:54.655+0000] {processor.py:829} INFO - Processing file /opt/airflow/dags/utils/helpers.py for tasks to queue
[2025-12-07T03:20:54.656+0000] {logging_mixin.py:154} INFO - [2025-12-07T03:20:54.656+0000] {dagbag.py:536} INFO - Filling up the DagBag from /opt/airflow/dags/utils/helpers.py
[2025-12-07T03:20:54.657+0000] {processor.py:841} WARNING - No viable dags retrieved from /opt/airflow/dags/utils/helpers.py
[2025-12-07T03:20:54.668+0000] {processor.py:179} INFO - Processing /opt/airflow/dags/utils/helpers.py took 0.017 seconds
[2025-12-07T03:21:25.157+0000] {processor.py:157} INFO - Started process (PID=3282) to work on /opt/airflow/dags/utils/helpers.py
[2025-12-07T03:21:25.158+0000] {processor.py:829} INFO - Processing file /opt/airflow/dags/utils/helpers.py for tasks to queue
[2025-12-07T03:21:25.158+0000] {logging_mixin.py:154} INFO - [2025-12-07T03:21:25.158+0000] {dagbag.py:536} INFO - Filling up the DagBag from /opt/airflow/dags/utils/helpers.py
[2025-12-07T03:21:25.160+0000] {processor.py:841} WARNING - No viable dags retrieved from /opt/airflow/dags/utils/helpers.py
[2025-12-07T03:21:25.171+0000] {processor.py:179} INFO - Processing /opt/airflow/dags/utils/helpers.py took 0.018 seconds
[2025-12-07T03:21:55.506+0000] {processor.py:157} INFO - Started process (PID=3341) to work on /opt/airflow/dags/utils/helpers.py
[2025-12-07T03:21:55.507+0000] {processor.py:829} INFO - Processing file /opt/airflow/dags/utils/helpers.py for tasks to queue
[2025-12-07T03:21:55.507+0000] {logging_mixin.py:154} INFO - [2025-12-07T03:21:55.507+0000] {dagbag.py:536} INFO - Filling up the DagBag from /opt/airflow/dags/utils/helpers.py
[2025-12-07T03:21:55.509+0000] {processor.py:841} WARNING - No viable dags retrieved from /opt/airflow/dags/utils/helpers.py
[2025-12-07T03:21:55.519+0000] {processor.py:179} INFO - Processing /opt/airflow/dags/utils/helpers.py took 0.016 seconds
[2025-12-07T03:22:26.320+0000] {processor.py:157} INFO - Started process (PID=3400) to work on /opt/airflow/dags/utils/helpers.py
[2025-12-07T03:22:26.321+0000] {processor.py:829} INFO - Processing file /opt/airflow/dags/utils/helpers.py for tasks to queue
[2025-12-07T03:22:26.322+0000] {logging_mixin.py:154} INFO - [2025-12-07T03:22:26.321+0000] {dagbag.py:536} INFO - Filling up the DagBag from /opt/airflow/dags/utils/helpers.py
[2025-12-07T03:22:26.324+0000] {processor.py:841} WARNING - No viable dags retrieved from /opt/airflow/dags/utils/helpers.py
[2025-12-07T03:22:26.335+0000] {processor.py:179} INFO - Processing /opt/airflow/dags/utils/helpers.py took 0.019 seconds
[2025-12-07T03:22:56.359+0000] {processor.py:157} INFO - Started process (PID=3459) to work on /opt/airflow/dags/utils/helpers.py
[2025-12-07T03:22:56.360+0000] {processor.py:829} INFO - Processing file /opt/airflow/dags/utils/helpers.py for tasks to queue
[2025-12-07T03:22:56.361+0000] {logging_mixin.py:154} INFO - [2025-12-07T03:22:56.361+0000] {dagbag.py:536} INFO - Filling up the DagBag from /opt/airflow/dags/utils/helpers.py
[2025-12-07T03:22:56.363+0000] {processor.py:841} WARNING - No viable dags retrieved from /opt/airflow/dags/utils/helpers.py
[2025-12-07T03:22:56.375+0000] {processor.py:179} INFO - Processing /opt/airflow/dags/utils/helpers.py took 0.019 seconds
[2025-12-07T03:23:26.839+0000] {processor.py:157} INFO - Started process (PID=3519) to work on /opt/airflow/dags/utils/helpers.py
[2025-12-07T03:23:26.840+0000] {processor.py:829} INFO - Processing file /opt/airflow/dags/utils/helpers.py for tasks to queue
[2025-12-07T03:23:26.841+0000] {logging_mixin.py:154} INFO - [2025-12-07T03:23:26.840+0000] {dagbag.py:536} INFO - Filling up the DagBag from /opt/airflow/dags/utils/helpers.py
[2025-12-07T03:23:26.842+0000] {processor.py:841} WARNING - No viable dags retrieved from /opt/airflow/dags/utils/helpers.py
[2025-12-07T03:23:26.855+0000] {processor.py:179} INFO - Processing /opt/airflow/dags/utils/helpers.py took 0.020 seconds
[2025-12-07T03:23:57.010+0000] {processor.py:157} INFO - Started process (PID=3571) to work on /opt/airflow/dags/utils/helpers.py
[2025-12-07T03:23:57.011+0000] {processor.py:829} INFO - Processing file /opt/airflow/dags/utils/helpers.py for tasks to queue
[2025-12-07T03:23:57.011+0000] {logging_mixin.py:154} INFO - [2025-12-07T03:23:57.011+0000] {dagbag.py:536} INFO - Filling up the DagBag from /opt/airflow/dags/utils/helpers.py
[2025-12-07T03:23:57.013+0000] {processor.py:841} WARNING - No viable dags retrieved from /opt/airflow/dags/utils/helpers.py
[2025-12-07T03:23:57.023+0000] {processor.py:179} INFO - Processing /opt/airflow/dags/utils/helpers.py took 0.017 seconds
[2025-12-07T03:24:27.301+0000] {processor.py:157} INFO - Started process (PID=3630) to work on /opt/airflow/dags/utils/helpers.py
[2025-12-07T03:24:27.302+0000] {processor.py:829} INFO - Processing file /opt/airflow/dags/utils/helpers.py for tasks to queue
[2025-12-07T03:24:27.302+0000] {logging_mixin.py:154} INFO - [2025-12-07T03:24:27.302+0000] {dagbag.py:536} INFO - Filling up the DagBag from /opt/airflow/dags/utils/helpers.py
[2025-12-07T03:24:27.304+0000] {processor.py:841} WARNING - No viable dags retrieved from /opt/airflow/dags/utils/helpers.py
[2025-12-07T03:24:27.314+0000] {processor.py:179} INFO - Processing /opt/airflow/dags/utils/helpers.py took 0.017 seconds
[2025-12-07T03:24:57.623+0000] {processor.py:157} INFO - Started process (PID=3689) to work on /opt/airflow/dags/utils/helpers.py
[2025-12-07T03:24:57.624+0000] {processor.py:829} INFO - Processing file /opt/airflow/dags/utils/helpers.py for tasks to queue
[2025-12-07T03:24:57.624+0000] {logging_mixin.py:154} INFO - [2025-12-07T03:24:57.624+0000] {dagbag.py:536} INFO - Filling up the DagBag from /opt/airflow/dags/utils/helpers.py
[2025-12-07T03:24:57.626+0000] {processor.py:841} WARNING - No viable dags retrieved from /opt/airflow/dags/utils/helpers.py
[2025-12-07T03:24:57.636+0000] {processor.py:179} INFO - Processing /opt/airflow/dags/utils/helpers.py took 0.017 seconds
[2025-12-07T03:25:28.076+0000] {processor.py:157} INFO - Started process (PID=3748) to work on /opt/airflow/dags/utils/helpers.py
[2025-12-07T03:25:28.076+0000] {processor.py:829} INFO - Processing file /opt/airflow/dags/utils/helpers.py for tasks to queue
[2025-12-07T03:25:28.077+0000] {logging_mixin.py:154} INFO - [2025-12-07T03:25:28.077+0000] {dagbag.py:536} INFO - Filling up the DagBag from /opt/airflow/dags/utils/helpers.py
[2025-12-07T03:25:28.078+0000] {processor.py:841} WARNING - No viable dags retrieved from /opt/airflow/dags/utils/helpers.py
[2025-12-07T03:25:28.090+0000] {processor.py:179} INFO - Processing /opt/airflow/dags/utils/helpers.py took 0.017 seconds
[2025-12-07T03:25:58.400+0000] {processor.py:157} INFO - Started process (PID=3800) to work on /opt/airflow/dags/utils/helpers.py
[2025-12-07T03:25:58.401+0000] {processor.py:829} INFO - Processing file /opt/airflow/dags/utils/helpers.py for tasks to queue
[2025-12-07T03:25:58.401+0000] {logging_mixin.py:154} INFO - [2025-12-07T03:25:58.401+0000] {dagbag.py:536} INFO - Filling up the DagBag from /opt/airflow/dags/utils/helpers.py
[2025-12-07T03:25:58.403+0000] {processor.py:841} WARNING - No viable dags retrieved from /opt/airflow/dags/utils/helpers.py
[2025-12-07T03:25:58.414+0000] {processor.py:179} INFO - Processing /opt/airflow/dags/utils/helpers.py took 0.017 seconds
[2025-12-07T03:26:28.748+0000] {processor.py:157} INFO - Started process (PID=3861) to work on /opt/airflow/dags/utils/helpers.py
[2025-12-07T03:26:28.749+0000] {processor.py:829} INFO - Processing file /opt/airflow/dags/utils/helpers.py for tasks to queue
[2025-12-07T03:26:28.749+0000] {logging_mixin.py:154} INFO - [2025-12-07T03:26:28.749+0000] {dagbag.py:536} INFO - Filling up the DagBag from /opt/airflow/dags/utils/helpers.py
[2025-12-07T03:26:28.751+0000] {processor.py:841} WARNING - No viable dags retrieved from /opt/airflow/dags/utils/helpers.py
[2025-12-07T03:26:28.762+0000] {processor.py:179} INFO - Processing /opt/airflow/dags/utils/helpers.py took 0.017 seconds
[2025-12-07T03:26:59.098+0000] {processor.py:157} INFO - Started process (PID=3920) to work on /opt/airflow/dags/utils/helpers.py
[2025-12-07T03:26:59.099+0000] {processor.py:829} INFO - Processing file /opt/airflow/dags/utils/helpers.py for tasks to queue
[2025-12-07T03:26:59.099+0000] {logging_mixin.py:154} INFO - [2025-12-07T03:26:59.099+0000] {dagbag.py:536} INFO - Filling up the DagBag from /opt/airflow/dags/utils/helpers.py
[2025-12-07T03:26:59.101+0000] {processor.py:841} WARNING - No viable dags retrieved from /opt/airflow/dags/utils/helpers.py
[2025-12-07T03:26:59.112+0000] {processor.py:179} INFO - Processing /opt/airflow/dags/utils/helpers.py took 0.017 seconds
[2025-12-07T03:27:29.532+0000] {processor.py:157} INFO - Started process (PID=3979) to work on /opt/airflow/dags/utils/helpers.py
[2025-12-07T03:27:29.533+0000] {processor.py:829} INFO - Processing file /opt/airflow/dags/utils/helpers.py for tasks to queue
[2025-12-07T03:27:29.533+0000] {logging_mixin.py:154} INFO - [2025-12-07T03:27:29.533+0000] {dagbag.py:536} INFO - Filling up the DagBag from /opt/airflow/dags/utils/helpers.py
[2025-12-07T03:27:29.535+0000] {processor.py:841} WARNING - No viable dags retrieved from /opt/airflow/dags/utils/helpers.py
[2025-12-07T03:27:29.546+0000] {processor.py:179} INFO - Processing /opt/airflow/dags/utils/helpers.py took 0.017 seconds
[2025-12-07T03:27:59.669+0000] {processor.py:157} INFO - Started process (PID=4017) to work on /opt/airflow/dags/utils/helpers.py
[2025-12-07T03:27:59.670+0000] {processor.py:829} INFO - Processing file /opt/airflow/dags/utils/helpers.py for tasks to queue
[2025-12-07T03:27:59.670+0000] {logging_mixin.py:154} INFO - [2025-12-07T03:27:59.670+0000] {dagbag.py:536} INFO - Filling up the DagBag from /opt/airflow/dags/utils/helpers.py
[2025-12-07T03:27:59.672+0000] {processor.py:841} WARNING - No viable dags retrieved from /opt/airflow/dags/utils/helpers.py
[2025-12-07T03:27:59.684+0000] {processor.py:179} INFO - Processing /opt/airflow/dags/utils/helpers.py took 0.018 seconds
[2025-12-07T03:28:29.758+0000] {processor.py:157} INFO - Started process (PID=4073) to work on /opt/airflow/dags/utils/helpers.py
[2025-12-07T03:28:29.759+0000] {processor.py:829} INFO - Processing file /opt/airflow/dags/utils/helpers.py for tasks to queue
[2025-12-07T03:28:29.760+0000] {logging_mixin.py:154} INFO - [2025-12-07T03:28:29.760+0000] {dagbag.py:536} INFO - Filling up the DagBag from /opt/airflow/dags/utils/helpers.py
[2025-12-07T03:28:29.762+0000] {processor.py:841} WARNING - No viable dags retrieved from /opt/airflow/dags/utils/helpers.py
[2025-12-07T03:28:29.775+0000] {processor.py:179} INFO - Processing /opt/airflow/dags/utils/helpers.py took 0.019 seconds
[2025-12-07T03:29:00.333+0000] {processor.py:157} INFO - Started process (PID=4132) to work on /opt/airflow/dags/utils/helpers.py
[2025-12-07T03:29:00.334+0000] {processor.py:829} INFO - Processing file /opt/airflow/dags/utils/helpers.py for tasks to queue
[2025-12-07T03:29:00.335+0000] {logging_mixin.py:154} INFO - [2025-12-07T03:29:00.334+0000] {dagbag.py:536} INFO - Filling up the DagBag from /opt/airflow/dags/utils/helpers.py
[2025-12-07T03:29:00.336+0000] {processor.py:841} WARNING - No viable dags retrieved from /opt/airflow/dags/utils/helpers.py
[2025-12-07T03:29:00.347+0000] {processor.py:179} INFO - Processing /opt/airflow/dags/utils/helpers.py took 0.017 seconds
[2025-12-07T03:29:30.754+0000] {processor.py:157} INFO - Started process (PID=4191) to work on /opt/airflow/dags/utils/helpers.py
[2025-12-07T03:29:30.755+0000] {processor.py:829} INFO - Processing file /opt/airflow/dags/utils/helpers.py for tasks to queue
[2025-12-07T03:29:30.755+0000] {logging_mixin.py:154} INFO - [2025-12-07T03:29:30.755+0000] {dagbag.py:536} INFO - Filling up the DagBag from /opt/airflow/dags/utils/helpers.py
[2025-12-07T03:29:30.757+0000] {processor.py:841} WARNING - No viable dags retrieved from /opt/airflow/dags/utils/helpers.py
[2025-12-07T03:29:30.768+0000] {processor.py:179} INFO - Processing /opt/airflow/dags/utils/helpers.py took 0.018 seconds
[2025-12-07T03:30:01.126+0000] {processor.py:157} INFO - Started process (PID=4243) to work on /opt/airflow/dags/utils/helpers.py
[2025-12-07T03:30:01.127+0000] {processor.py:829} INFO - Processing file /opt/airflow/dags/utils/helpers.py for tasks to queue
[2025-12-07T03:30:01.128+0000] {logging_mixin.py:154} INFO - [2025-12-07T03:30:01.128+0000] {dagbag.py:536} INFO - Filling up the DagBag from /opt/airflow/dags/utils/helpers.py
[2025-12-07T03:30:01.130+0000] {processor.py:841} WARNING - No viable dags retrieved from /opt/airflow/dags/utils/helpers.py
[2025-12-07T03:30:01.143+0000] {processor.py:179} INFO - Processing /opt/airflow/dags/utils/helpers.py took 0.019 seconds
[2025-12-07T03:30:31.262+0000] {processor.py:157} INFO - Started process (PID=4302) to work on /opt/airflow/dags/utils/helpers.py
[2025-12-07T03:30:31.264+0000] {processor.py:829} INFO - Processing file /opt/airflow/dags/utils/helpers.py for tasks to queue
[2025-12-07T03:30:31.265+0000] {logging_mixin.py:154} INFO - [2025-12-07T03:30:31.264+0000] {dagbag.py:536} INFO - Filling up the DagBag from /opt/airflow/dags/utils/helpers.py
[2025-12-07T03:30:31.267+0000] {processor.py:841} WARNING - No viable dags retrieved from /opt/airflow/dags/utils/helpers.py
[2025-12-07T03:30:31.281+0000] {processor.py:179} INFO - Processing /opt/airflow/dags/utils/helpers.py took 0.022 seconds
[2025-12-07T03:31:01.595+0000] {processor.py:157} INFO - Started process (PID=4361) to work on /opt/airflow/dags/utils/helpers.py
[2025-12-07T03:31:01.595+0000] {processor.py:829} INFO - Processing file /opt/airflow/dags/utils/helpers.py for tasks to queue
[2025-12-07T03:31:01.596+0000] {logging_mixin.py:154} INFO - [2025-12-07T03:31:01.596+0000] {dagbag.py:536} INFO - Filling up the DagBag from /opt/airflow/dags/utils/helpers.py
[2025-12-07T03:31:01.597+0000] {processor.py:841} WARNING - No viable dags retrieved from /opt/airflow/dags/utils/helpers.py
[2025-12-07T03:31:01.608+0000] {processor.py:179} INFO - Processing /opt/airflow/dags/utils/helpers.py took 0.017 seconds
[2025-12-07T03:31:32.008+0000] {processor.py:157} INFO - Started process (PID=4420) to work on /opt/airflow/dags/utils/helpers.py
[2025-12-07T03:31:32.009+0000] {processor.py:829} INFO - Processing file /opt/airflow/dags/utils/helpers.py for tasks to queue
[2025-12-07T03:31:32.009+0000] {logging_mixin.py:154} INFO - [2025-12-07T03:31:32.009+0000] {dagbag.py:536} INFO - Filling up the DagBag from /opt/airflow/dags/utils/helpers.py
[2025-12-07T03:31:32.011+0000] {processor.py:841} WARNING - No viable dags retrieved from /opt/airflow/dags/utils/helpers.py
[2025-12-07T03:31:32.022+0000] {processor.py:179} INFO - Processing /opt/airflow/dags/utils/helpers.py took 0.017 seconds
[2025-12-07T03:32:02.545+0000] {processor.py:157} INFO - Started process (PID=4472) to work on /opt/airflow/dags/utils/helpers.py
[2025-12-07T03:32:02.546+0000] {processor.py:829} INFO - Processing file /opt/airflow/dags/utils/helpers.py for tasks to queue
[2025-12-07T03:32:02.546+0000] {logging_mixin.py:154} INFO - [2025-12-07T03:32:02.546+0000] {dagbag.py:536} INFO - Filling up the DagBag from /opt/airflow/dags/utils/helpers.py
[2025-12-07T03:32:02.548+0000] {processor.py:841} WARNING - No viable dags retrieved from /opt/airflow/dags/utils/helpers.py
[2025-12-07T03:32:02.558+0000] {processor.py:179} INFO - Processing /opt/airflow/dags/utils/helpers.py took 0.017 seconds
[2025-12-07T03:32:32.824+0000] {processor.py:157} INFO - Started process (PID=4531) to work on /opt/airflow/dags/utils/helpers.py
[2025-12-07T03:32:32.825+0000] {processor.py:829} INFO - Processing file /opt/airflow/dags/utils/helpers.py for tasks to queue
[2025-12-07T03:32:32.825+0000] {logging_mixin.py:154} INFO - [2025-12-07T03:32:32.825+0000] {dagbag.py:536} INFO - Filling up the DagBag from /opt/airflow/dags/utils/helpers.py
[2025-12-07T03:32:32.827+0000] {processor.py:841} WARNING - No viable dags retrieved from /opt/airflow/dags/utils/helpers.py
[2025-12-07T03:32:32.839+0000] {processor.py:179} INFO - Processing /opt/airflow/dags/utils/helpers.py took 0.019 seconds
[2025-12-07T03:33:03.391+0000] {processor.py:157} INFO - Started process (PID=4590) to work on /opt/airflow/dags/utils/helpers.py
[2025-12-07T03:33:03.391+0000] {processor.py:829} INFO - Processing file /opt/airflow/dags/utils/helpers.py for tasks to queue
[2025-12-07T03:33:03.392+0000] {logging_mixin.py:154} INFO - [2025-12-07T03:33:03.391+0000] {dagbag.py:536} INFO - Filling up the DagBag from /opt/airflow/dags/utils/helpers.py
[2025-12-07T03:33:03.393+0000] {processor.py:841} WARNING - No viable dags retrieved from /opt/airflow/dags/utils/helpers.py
[2025-12-07T03:33:03.404+0000] {processor.py:179} INFO - Processing /opt/airflow/dags/utils/helpers.py took 0.017 seconds
[2025-12-07T20:33:53.335+0000] {processor.py:157} INFO - Started process (PID=177) to work on /opt/airflow/dags/utils/helpers.py
[2025-12-07T20:33:53.337+0000] {processor.py:829} INFO - Processing file /opt/airflow/dags/utils/helpers.py for tasks to queue
[2025-12-07T20:33:53.338+0000] {logging_mixin.py:154} INFO - [2025-12-07T20:33:53.338+0000] {dagbag.py:536} INFO - Filling up the DagBag from /opt/airflow/dags/utils/helpers.py
[2025-12-07T20:33:53.345+0000] {processor.py:841} WARNING - No viable dags retrieved from /opt/airflow/dags/utils/helpers.py
[2025-12-07T20:33:53.366+0000] {processor.py:179} INFO - Processing /opt/airflow/dags/utils/helpers.py took 0.035 seconds
[2025-12-07T20:34:24.078+0000] {processor.py:157} INFO - Started process (PID=229) to work on /opt/airflow/dags/utils/helpers.py
[2025-12-07T20:34:24.079+0000] {processor.py:829} INFO - Processing file /opt/airflow/dags/utils/helpers.py for tasks to queue
[2025-12-07T20:34:24.080+0000] {logging_mixin.py:154} INFO - [2025-12-07T20:34:24.080+0000] {dagbag.py:536} INFO - Filling up the DagBag from /opt/airflow/dags/utils/helpers.py
[2025-12-07T20:34:24.082+0000] {processor.py:841} WARNING - No viable dags retrieved from /opt/airflow/dags/utils/helpers.py
[2025-12-07T20:34:24.094+0000] {processor.py:179} INFO - Processing /opt/airflow/dags/utils/helpers.py took 0.019 seconds
[2025-12-07T20:34:54.784+0000] {processor.py:157} INFO - Started process (PID=288) to work on /opt/airflow/dags/utils/helpers.py
[2025-12-07T20:34:54.785+0000] {processor.py:829} INFO - Processing file /opt/airflow/dags/utils/helpers.py for tasks to queue
[2025-12-07T20:34:54.786+0000] {logging_mixin.py:154} INFO - [2025-12-07T20:34:54.786+0000] {dagbag.py:536} INFO - Filling up the DagBag from /opt/airflow/dags/utils/helpers.py
[2025-12-07T20:34:54.788+0000] {processor.py:841} WARNING - No viable dags retrieved from /opt/airflow/dags/utils/helpers.py
[2025-12-07T20:34:54.801+0000] {processor.py:179} INFO - Processing /opt/airflow/dags/utils/helpers.py took 0.020 seconds
[2025-12-07T20:35:25.336+0000] {processor.py:157} INFO - Started process (PID=347) to work on /opt/airflow/dags/utils/helpers.py
[2025-12-07T20:35:25.337+0000] {processor.py:829} INFO - Processing file /opt/airflow/dags/utils/helpers.py for tasks to queue
[2025-12-07T20:35:25.338+0000] {logging_mixin.py:154} INFO - [2025-12-07T20:35:25.337+0000] {dagbag.py:536} INFO - Filling up the DagBag from /opt/airflow/dags/utils/helpers.py
[2025-12-07T20:35:25.339+0000] {processor.py:841} WARNING - No viable dags retrieved from /opt/airflow/dags/utils/helpers.py
[2025-12-07T20:35:25.349+0000] {processor.py:179} INFO - Processing /opt/airflow/dags/utils/helpers.py took 0.016 seconds
[2025-12-07T20:35:55.995+0000] {processor.py:157} INFO - Started process (PID=399) to work on /opt/airflow/dags/utils/helpers.py
[2025-12-07T20:35:55.996+0000] {processor.py:829} INFO - Processing file /opt/airflow/dags/utils/helpers.py for tasks to queue
[2025-12-07T20:35:55.996+0000] {logging_mixin.py:154} INFO - [2025-12-07T20:35:55.996+0000] {dagbag.py:536} INFO - Filling up the DagBag from /opt/airflow/dags/utils/helpers.py
[2025-12-07T20:35:55.999+0000] {processor.py:841} WARNING - No viable dags retrieved from /opt/airflow/dags/utils/helpers.py
[2025-12-07T20:35:56.012+0000] {processor.py:179} INFO - Processing /opt/airflow/dags/utils/helpers.py took 0.021 seconds
[2025-12-07T20:36:26.881+0000] {processor.py:157} INFO - Started process (PID=458) to work on /opt/airflow/dags/utils/helpers.py
[2025-12-07T20:36:26.882+0000] {processor.py:829} INFO - Processing file /opt/airflow/dags/utils/helpers.py for tasks to queue
[2025-12-07T20:36:26.882+0000] {logging_mixin.py:154} INFO - [2025-12-07T20:36:26.882+0000] {dagbag.py:536} INFO - Filling up the DagBag from /opt/airflow/dags/utils/helpers.py
[2025-12-07T20:36:26.884+0000] {processor.py:841} WARNING - No viable dags retrieved from /opt/airflow/dags/utils/helpers.py
[2025-12-07T20:36:26.894+0000] {processor.py:179} INFO - Processing /opt/airflow/dags/utils/helpers.py took 0.016 seconds
[2025-12-07T20:36:57.583+0000] {processor.py:157} INFO - Started process (PID=517) to work on /opt/airflow/dags/utils/helpers.py
[2025-12-07T20:36:57.584+0000] {processor.py:829} INFO - Processing file /opt/airflow/dags/utils/helpers.py for tasks to queue
[2025-12-07T20:36:57.584+0000] {logging_mixin.py:154} INFO - [2025-12-07T20:36:57.584+0000] {dagbag.py:536} INFO - Filling up the DagBag from /opt/airflow/dags/utils/helpers.py
[2025-12-07T20:36:57.586+0000] {processor.py:841} WARNING - No viable dags retrieved from /opt/airflow/dags/utils/helpers.py
[2025-12-07T20:36:57.597+0000] {processor.py:179} INFO - Processing /opt/airflow/dags/utils/helpers.py took 0.017 seconds
[2025-12-07T20:37:28.395+0000] {processor.py:157} INFO - Started process (PID=576) to work on /opt/airflow/dags/utils/helpers.py
[2025-12-07T20:37:28.396+0000] {processor.py:829} INFO - Processing file /opt/airflow/dags/utils/helpers.py for tasks to queue
[2025-12-07T20:37:28.397+0000] {logging_mixin.py:154} INFO - [2025-12-07T20:37:28.396+0000] {dagbag.py:536} INFO - Filling up the DagBag from /opt/airflow/dags/utils/helpers.py
[2025-12-07T20:37:28.398+0000] {processor.py:841} WARNING - No viable dags retrieved from /opt/airflow/dags/utils/helpers.py
[2025-12-07T20:37:28.410+0000] {processor.py:179} INFO - Processing /opt/airflow/dags/utils/helpers.py took 0.018 seconds
[2025-12-07T20:37:59.100+0000] {processor.py:157} INFO - Started process (PID=635) to work on /opt/airflow/dags/utils/helpers.py
[2025-12-07T20:37:59.101+0000] {processor.py:829} INFO - Processing file /opt/airflow/dags/utils/helpers.py for tasks to queue
[2025-12-07T20:37:59.102+0000] {logging_mixin.py:154} INFO - [2025-12-07T20:37:59.101+0000] {dagbag.py:536} INFO - Filling up the DagBag from /opt/airflow/dags/utils/helpers.py
[2025-12-07T20:37:59.103+0000] {processor.py:841} WARNING - No viable dags retrieved from /opt/airflow/dags/utils/helpers.py
[2025-12-07T20:37:59.114+0000] {processor.py:179} INFO - Processing /opt/airflow/dags/utils/helpers.py took 0.017 seconds
[2025-12-07T20:38:29.293+0000] {processor.py:157} INFO - Started process (PID=691) to work on /opt/airflow/dags/utils/helpers.py
[2025-12-07T20:38:29.293+0000] {processor.py:829} INFO - Processing file /opt/airflow/dags/utils/helpers.py for tasks to queue
[2025-12-07T20:38:29.294+0000] {logging_mixin.py:154} INFO - [2025-12-07T20:38:29.294+0000] {dagbag.py:536} INFO - Filling up the DagBag from /opt/airflow/dags/utils/helpers.py
[2025-12-07T20:38:29.295+0000] {processor.py:841} WARNING - No viable dags retrieved from /opt/airflow/dags/utils/helpers.py
[2025-12-07T20:38:29.305+0000] {processor.py:179} INFO - Processing /opt/airflow/dags/utils/helpers.py took 0.016 seconds
[2025-12-07T20:39:00.114+0000] {processor.py:157} INFO - Started process (PID=753) to work on /opt/airflow/dags/utils/helpers.py
[2025-12-07T20:39:00.116+0000] {processor.py:829} INFO - Processing file /opt/airflow/dags/utils/helpers.py for tasks to queue
[2025-12-07T20:39:00.117+0000] {logging_mixin.py:154} INFO - [2025-12-07T20:39:00.117+0000] {dagbag.py:536} INFO - Filling up the DagBag from /opt/airflow/dags/utils/helpers.py
[2025-12-07T20:39:00.119+0000] {processor.py:841} WARNING - No viable dags retrieved from /opt/airflow/dags/utils/helpers.py
[2025-12-07T20:39:00.133+0000] {processor.py:179} INFO - Processing /opt/airflow/dags/utils/helpers.py took 0.021 seconds
[2025-12-07T20:39:30.179+0000] {processor.py:157} INFO - Started process (PID=802) to work on /opt/airflow/dags/utils/helpers.py
[2025-12-07T20:39:30.180+0000] {processor.py:829} INFO - Processing file /opt/airflow/dags/utils/helpers.py for tasks to queue
[2025-12-07T20:39:30.181+0000] {logging_mixin.py:154} INFO - [2025-12-07T20:39:30.181+0000] {dagbag.py:536} INFO - Filling up the DagBag from /opt/airflow/dags/utils/helpers.py
[2025-12-07T20:39:30.182+0000] {processor.py:841} WARNING - No viable dags retrieved from /opt/airflow/dags/utils/helpers.py
[2025-12-07T20:39:30.192+0000] {processor.py:179} INFO - Processing /opt/airflow/dags/utils/helpers.py took 0.015 seconds
[2025-12-07T20:40:00.873+0000] {processor.py:157} INFO - Started process (PID=861) to work on /opt/airflow/dags/utils/helpers.py
[2025-12-07T20:40:00.874+0000] {processor.py:829} INFO - Processing file /opt/airflow/dags/utils/helpers.py for tasks to queue
[2025-12-07T20:40:00.874+0000] {logging_mixin.py:154} INFO - [2025-12-07T20:40:00.874+0000] {dagbag.py:536} INFO - Filling up the DagBag from /opt/airflow/dags/utils/helpers.py
[2025-12-07T20:40:00.876+0000] {processor.py:841} WARNING - No viable dags retrieved from /opt/airflow/dags/utils/helpers.py
[2025-12-07T20:40:00.887+0000] {processor.py:179} INFO - Processing /opt/airflow/dags/utils/helpers.py took 0.017 seconds
[2025-12-07T20:40:31.577+0000] {processor.py:157} INFO - Started process (PID=920) to work on /opt/airflow/dags/utils/helpers.py
[2025-12-07T20:40:31.578+0000] {processor.py:829} INFO - Processing file /opt/airflow/dags/utils/helpers.py for tasks to queue
[2025-12-07T20:40:31.579+0000] {logging_mixin.py:154} INFO - [2025-12-07T20:40:31.579+0000] {dagbag.py:536} INFO - Filling up the DagBag from /opt/airflow/dags/utils/helpers.py
[2025-12-07T20:40:31.581+0000] {processor.py:841} WARNING - No viable dags retrieved from /opt/airflow/dags/utils/helpers.py
[2025-12-07T20:40:31.591+0000] {processor.py:179} INFO - Processing /opt/airflow/dags/utils/helpers.py took 0.016 seconds
[2025-12-07T20:41:02.155+0000] {processor.py:157} INFO - Started process (PID=979) to work on /opt/airflow/dags/utils/helpers.py
[2025-12-07T20:41:02.156+0000] {processor.py:829} INFO - Processing file /opt/airflow/dags/utils/helpers.py for tasks to queue
[2025-12-07T20:41:02.156+0000] {logging_mixin.py:154} INFO - [2025-12-07T20:41:02.156+0000] {dagbag.py:536} INFO - Filling up the DagBag from /opt/airflow/dags/utils/helpers.py
[2025-12-07T20:41:02.158+0000] {processor.py:841} WARNING - No viable dags retrieved from /opt/airflow/dags/utils/helpers.py
[2025-12-07T20:41:02.168+0000] {processor.py:179} INFO - Processing /opt/airflow/dags/utils/helpers.py took 0.016 seconds
[2025-12-07T20:41:32.921+0000] {processor.py:157} INFO - Started process (PID=1038) to work on /opt/airflow/dags/utils/helpers.py
[2025-12-07T20:41:32.922+0000] {processor.py:829} INFO - Processing file /opt/airflow/dags/utils/helpers.py for tasks to queue
[2025-12-07T20:41:32.922+0000] {logging_mixin.py:154} INFO - [2025-12-07T20:41:32.922+0000] {dagbag.py:536} INFO - Filling up the DagBag from /opt/airflow/dags/utils/helpers.py
[2025-12-07T20:41:32.924+0000] {processor.py:841} WARNING - No viable dags retrieved from /opt/airflow/dags/utils/helpers.py
[2025-12-07T20:41:32.934+0000] {processor.py:179} INFO - Processing /opt/airflow/dags/utils/helpers.py took 0.016 seconds
[2025-12-07T20:42:03.557+0000] {processor.py:157} INFO - Started process (PID=1097) to work on /opt/airflow/dags/utils/helpers.py
[2025-12-07T20:42:03.568+0000] {processor.py:829} INFO - Processing file /opt/airflow/dags/utils/helpers.py for tasks to queue
[2025-12-07T20:42:03.569+0000] {logging_mixin.py:154} INFO - [2025-12-07T20:42:03.568+0000] {dagbag.py:536} INFO - Filling up the DagBag from /opt/airflow/dags/utils/helpers.py
[2025-12-07T20:42:03.570+0000] {processor.py:841} WARNING - No viable dags retrieved from /opt/airflow/dags/utils/helpers.py
[2025-12-07T20:42:03.581+0000] {processor.py:179} INFO - Processing /opt/airflow/dags/utils/helpers.py took 0.027 seconds
[2025-12-07T20:42:34.202+0000] {processor.py:157} INFO - Started process (PID=1149) to work on /opt/airflow/dags/utils/helpers.py
[2025-12-07T20:42:34.204+0000] {processor.py:829} INFO - Processing file /opt/airflow/dags/utils/helpers.py for tasks to queue
[2025-12-07T20:42:34.204+0000] {logging_mixin.py:154} INFO - [2025-12-07T20:42:34.204+0000] {dagbag.py:536} INFO - Filling up the DagBag from /opt/airflow/dags/utils/helpers.py
[2025-12-07T20:42:34.206+0000] {processor.py:841} WARNING - No viable dags retrieved from /opt/airflow/dags/utils/helpers.py
[2025-12-07T20:42:34.216+0000] {processor.py:179} INFO - Processing /opt/airflow/dags/utils/helpers.py took 0.017 seconds
[2025-12-07T20:43:04.835+0000] {processor.py:157} INFO - Started process (PID=1208) to work on /opt/airflow/dags/utils/helpers.py
[2025-12-07T20:43:04.836+0000] {processor.py:829} INFO - Processing file /opt/airflow/dags/utils/helpers.py for tasks to queue
[2025-12-07T20:43:04.836+0000] {logging_mixin.py:154} INFO - [2025-12-07T20:43:04.836+0000] {dagbag.py:536} INFO - Filling up the DagBag from /opt/airflow/dags/utils/helpers.py
[2025-12-07T20:43:04.838+0000] {processor.py:841} WARNING - No viable dags retrieved from /opt/airflow/dags/utils/helpers.py
[2025-12-07T20:43:04.848+0000] {processor.py:179} INFO - Processing /opt/airflow/dags/utils/helpers.py took 0.016 seconds
[2025-12-07T20:43:35.379+0000] {processor.py:157} INFO - Started process (PID=1267) to work on /opt/airflow/dags/utils/helpers.py
[2025-12-07T20:43:35.380+0000] {processor.py:829} INFO - Processing file /opt/airflow/dags/utils/helpers.py for tasks to queue
[2025-12-07T20:43:35.380+0000] {logging_mixin.py:154} INFO - [2025-12-07T20:43:35.380+0000] {dagbag.py:536} INFO - Filling up the DagBag from /opt/airflow/dags/utils/helpers.py
[2025-12-07T20:43:35.382+0000] {processor.py:841} WARNING - No viable dags retrieved from /opt/airflow/dags/utils/helpers.py
[2025-12-07T20:43:35.392+0000] {processor.py:179} INFO - Processing /opt/airflow/dags/utils/helpers.py took 0.016 seconds
[2025-12-07T20:44:05.820+0000] {processor.py:157} INFO - Started process (PID=1326) to work on /opt/airflow/dags/utils/helpers.py
[2025-12-07T20:44:05.820+0000] {processor.py:829} INFO - Processing file /opt/airflow/dags/utils/helpers.py for tasks to queue
[2025-12-07T20:44:05.821+0000] {logging_mixin.py:154} INFO - [2025-12-07T20:44:05.820+0000] {dagbag.py:536} INFO - Filling up the DagBag from /opt/airflow/dags/utils/helpers.py
[2025-12-07T20:44:05.822+0000] {processor.py:841} WARNING - No viable dags retrieved from /opt/airflow/dags/utils/helpers.py
[2025-12-07T20:44:05.831+0000] {processor.py:179} INFO - Processing /opt/airflow/dags/utils/helpers.py took 0.014 seconds
[2025-12-07T20:44:36.283+0000] {processor.py:157} INFO - Started process (PID=1385) to work on /opt/airflow/dags/utils/helpers.py
[2025-12-07T20:44:36.284+0000] {processor.py:829} INFO - Processing file /opt/airflow/dags/utils/helpers.py for tasks to queue
[2025-12-07T20:44:36.284+0000] {logging_mixin.py:154} INFO - [2025-12-07T20:44:36.284+0000] {dagbag.py:536} INFO - Filling up the DagBag from /opt/airflow/dags/utils/helpers.py
[2025-12-07T20:44:36.286+0000] {processor.py:841} WARNING - No viable dags retrieved from /opt/airflow/dags/utils/helpers.py
[2025-12-07T20:44:36.295+0000] {processor.py:179} INFO - Processing /opt/airflow/dags/utils/helpers.py took 0.015 seconds
[2025-12-07T20:45:06.739+0000] {processor.py:157} INFO - Started process (PID=1444) to work on /opt/airflow/dags/utils/helpers.py
[2025-12-07T20:45:06.740+0000] {processor.py:829} INFO - Processing file /opt/airflow/dags/utils/helpers.py for tasks to queue
[2025-12-07T20:45:06.740+0000] {logging_mixin.py:154} INFO - [2025-12-07T20:45:06.740+0000] {dagbag.py:536} INFO - Filling up the DagBag from /opt/airflow/dags/utils/helpers.py
[2025-12-07T20:45:06.742+0000] {processor.py:841} WARNING - No viable dags retrieved from /opt/airflow/dags/utils/helpers.py
[2025-12-07T20:45:06.752+0000] {processor.py:179} INFO - Processing /opt/airflow/dags/utils/helpers.py took 0.015 seconds
[2025-12-07T20:45:37.317+0000] {processor.py:157} INFO - Started process (PID=1503) to work on /opt/airflow/dags/utils/helpers.py
[2025-12-07T20:45:37.319+0000] {processor.py:829} INFO - Processing file /opt/airflow/dags/utils/helpers.py for tasks to queue
[2025-12-07T20:45:37.320+0000] {logging_mixin.py:154} INFO - [2025-12-07T20:45:37.320+0000] {dagbag.py:536} INFO - Filling up the DagBag from /opt/airflow/dags/utils/helpers.py
[2025-12-07T20:45:37.322+0000] {processor.py:841} WARNING - No viable dags retrieved from /opt/airflow/dags/utils/helpers.py
[2025-12-07T20:45:37.333+0000] {processor.py:179} INFO - Processing /opt/airflow/dags/utils/helpers.py took 0.019 seconds
[2025-12-07T20:46:07.422+0000] {processor.py:157} INFO - Started process (PID=1555) to work on /opt/airflow/dags/utils/helpers.py
[2025-12-07T20:46:07.423+0000] {processor.py:829} INFO - Processing file /opt/airflow/dags/utils/helpers.py for tasks to queue
[2025-12-07T20:46:07.424+0000] {logging_mixin.py:154} INFO - [2025-12-07T20:46:07.424+0000] {dagbag.py:536} INFO - Filling up the DagBag from /opt/airflow/dags/utils/helpers.py
[2025-12-07T20:46:07.426+0000] {processor.py:841} WARNING - No viable dags retrieved from /opt/airflow/dags/utils/helpers.py
[2025-12-07T20:46:07.440+0000] {processor.py:179} INFO - Processing /opt/airflow/dags/utils/helpers.py took 0.021 seconds
[2025-12-07T20:46:37.906+0000] {processor.py:157} INFO - Started process (PID=1614) to work on /opt/airflow/dags/utils/helpers.py
[2025-12-07T20:46:37.907+0000] {processor.py:829} INFO - Processing file /opt/airflow/dags/utils/helpers.py for tasks to queue
[2025-12-07T20:46:37.907+0000] {logging_mixin.py:154} INFO - [2025-12-07T20:46:37.907+0000] {dagbag.py:536} INFO - Filling up the DagBag from /opt/airflow/dags/utils/helpers.py
[2025-12-07T20:46:37.909+0000] {processor.py:841} WARNING - No viable dags retrieved from /opt/airflow/dags/utils/helpers.py
[2025-12-07T20:46:37.918+0000] {processor.py:179} INFO - Processing /opt/airflow/dags/utils/helpers.py took 0.015 seconds
[2025-12-07T20:47:08.529+0000] {processor.py:157} INFO - Started process (PID=1673) to work on /opt/airflow/dags/utils/helpers.py
[2025-12-07T20:47:08.530+0000] {processor.py:829} INFO - Processing file /opt/airflow/dags/utils/helpers.py for tasks to queue
[2025-12-07T20:47:08.531+0000] {logging_mixin.py:154} INFO - [2025-12-07T20:47:08.531+0000] {dagbag.py:536} INFO - Filling up the DagBag from /opt/airflow/dags/utils/helpers.py
[2025-12-07T20:47:08.533+0000] {processor.py:841} WARNING - No viable dags retrieved from /opt/airflow/dags/utils/helpers.py
[2025-12-07T20:47:08.548+0000] {processor.py:179} INFO - Processing /opt/airflow/dags/utils/helpers.py took 0.022 seconds
[2025-12-07T20:47:39.032+0000] {processor.py:157} INFO - Started process (PID=1732) to work on /opt/airflow/dags/utils/helpers.py
[2025-12-07T20:47:39.032+0000] {processor.py:829} INFO - Processing file /opt/airflow/dags/utils/helpers.py for tasks to queue
[2025-12-07T20:47:39.033+0000] {logging_mixin.py:154} INFO - [2025-12-07T20:47:39.033+0000] {dagbag.py:536} INFO - Filling up the DagBag from /opt/airflow/dags/utils/helpers.py
[2025-12-07T20:47:39.036+0000] {processor.py:841} WARNING - No viable dags retrieved from /opt/airflow/dags/utils/helpers.py
[2025-12-07T20:47:39.053+0000] {processor.py:179} INFO - Processing /opt/airflow/dags/utils/helpers.py took 0.025 seconds
[2025-12-07T20:48:09.427+0000] {processor.py:157} INFO - Started process (PID=1789) to work on /opt/airflow/dags/utils/helpers.py
[2025-12-07T20:48:09.429+0000] {processor.py:829} INFO - Processing file /opt/airflow/dags/utils/helpers.py for tasks to queue
[2025-12-07T20:48:09.430+0000] {logging_mixin.py:154} INFO - [2025-12-07T20:48:09.430+0000] {dagbag.py:536} INFO - Filling up the DagBag from /opt/airflow/dags/utils/helpers.py
[2025-12-07T20:48:09.432+0000] {processor.py:841} WARNING - No viable dags retrieved from /opt/airflow/dags/utils/helpers.py
[2025-12-07T20:48:09.444+0000] {processor.py:179} INFO - Processing /opt/airflow/dags/utils/helpers.py took 0.021 seconds
[2025-12-07T20:48:39.885+0000] {processor.py:157} INFO - Started process (PID=1826) to work on /opt/airflow/dags/utils/helpers.py
[2025-12-07T20:48:39.886+0000] {processor.py:829} INFO - Processing file /opt/airflow/dags/utils/helpers.py for tasks to queue
[2025-12-07T20:48:39.886+0000] {logging_mixin.py:154} INFO - [2025-12-07T20:48:39.886+0000] {dagbag.py:536} INFO - Filling up the DagBag from /opt/airflow/dags/utils/helpers.py
[2025-12-07T20:48:39.888+0000] {processor.py:841} WARNING - No viable dags retrieved from /opt/airflow/dags/utils/helpers.py
[2025-12-07T20:48:39.899+0000] {processor.py:179} INFO - Processing /opt/airflow/dags/utils/helpers.py took 0.018 seconds
[2025-12-07T20:49:10.301+0000] {processor.py:157} INFO - Started process (PID=1885) to work on /opt/airflow/dags/utils/helpers.py
[2025-12-07T20:49:10.302+0000] {processor.py:829} INFO - Processing file /opt/airflow/dags/utils/helpers.py for tasks to queue
[2025-12-07T20:49:10.303+0000] {logging_mixin.py:154} INFO - [2025-12-07T20:49:10.303+0000] {dagbag.py:536} INFO - Filling up the DagBag from /opt/airflow/dags/utils/helpers.py
[2025-12-07T20:49:10.305+0000] {processor.py:841} WARNING - No viable dags retrieved from /opt/airflow/dags/utils/helpers.py
[2025-12-07T20:49:10.315+0000] {processor.py:179} INFO - Processing /opt/airflow/dags/utils/helpers.py took 0.017 seconds
[2025-12-07T20:49:40.916+0000] {processor.py:157} INFO - Started process (PID=1944) to work on /opt/airflow/dags/utils/helpers.py
[2025-12-07T20:49:40.918+0000] {processor.py:829} INFO - Processing file /opt/airflow/dags/utils/helpers.py for tasks to queue
[2025-12-07T20:49:40.919+0000] {logging_mixin.py:154} INFO - [2025-12-07T20:49:40.919+0000] {dagbag.py:536} INFO - Filling up the DagBag from /opt/airflow/dags/utils/helpers.py
[2025-12-07T20:49:40.921+0000] {processor.py:841} WARNING - No viable dags retrieved from /opt/airflow/dags/utils/helpers.py
[2025-12-07T20:49:40.932+0000] {processor.py:179} INFO - Processing /opt/airflow/dags/utils/helpers.py took 0.019 seconds
[2025-12-07T20:50:11.553+0000] {processor.py:157} INFO - Started process (PID=2002) to work on /opt/airflow/dags/utils/helpers.py
[2025-12-07T20:50:11.554+0000] {processor.py:829} INFO - Processing file /opt/airflow/dags/utils/helpers.py for tasks to queue
[2025-12-07T20:50:11.554+0000] {logging_mixin.py:154} INFO - [2025-12-07T20:50:11.554+0000] {dagbag.py:536} INFO - Filling up the DagBag from /opt/airflow/dags/utils/helpers.py
[2025-12-07T20:50:11.556+0000] {processor.py:841} WARNING - No viable dags retrieved from /opt/airflow/dags/utils/helpers.py
[2025-12-07T20:50:11.567+0000] {processor.py:179} INFO - Processing /opt/airflow/dags/utils/helpers.py took 0.017 seconds
[2025-12-07T20:50:42.128+0000] {processor.py:157} INFO - Started process (PID=2061) to work on /opt/airflow/dags/utils/helpers.py
[2025-12-07T20:50:42.130+0000] {processor.py:829} INFO - Processing file /opt/airflow/dags/utils/helpers.py for tasks to queue
[2025-12-07T20:50:42.130+0000] {logging_mixin.py:154} INFO - [2025-12-07T20:50:42.130+0000] {dagbag.py:536} INFO - Filling up the DagBag from /opt/airflow/dags/utils/helpers.py
[2025-12-07T20:50:42.132+0000] {processor.py:841} WARNING - No viable dags retrieved from /opt/airflow/dags/utils/helpers.py
[2025-12-07T20:50:42.142+0000] {processor.py:179} INFO - Processing /opt/airflow/dags/utils/helpers.py took 0.016 seconds
[2025-12-07T20:51:12.195+0000] {processor.py:157} INFO - Started process (PID=2120) to work on /opt/airflow/dags/utils/helpers.py
[2025-12-07T20:51:12.196+0000] {processor.py:829} INFO - Processing file /opt/airflow/dags/utils/helpers.py for tasks to queue
[2025-12-07T20:51:12.196+0000] {logging_mixin.py:154} INFO - [2025-12-07T20:51:12.196+0000] {dagbag.py:536} INFO - Filling up the DagBag from /opt/airflow/dags/utils/helpers.py
[2025-12-07T20:51:12.199+0000] {processor.py:841} WARNING - No viable dags retrieved from /opt/airflow/dags/utils/helpers.py
[2025-12-07T20:51:12.212+0000] {processor.py:179} INFO - Processing /opt/airflow/dags/utils/helpers.py took 0.020 seconds
[2025-12-07T20:51:42.910+0000] {processor.py:157} INFO - Started process (PID=2180) to work on /opt/airflow/dags/utils/helpers.py
[2025-12-07T20:51:42.911+0000] {processor.py:829} INFO - Processing file /opt/airflow/dags/utils/helpers.py for tasks to queue
[2025-12-07T20:51:42.911+0000] {logging_mixin.py:154} INFO - [2025-12-07T20:51:42.911+0000] {dagbag.py:536} INFO - Filling up the DagBag from /opt/airflow/dags/utils/helpers.py
[2025-12-07T20:51:42.913+0000] {processor.py:841} WARNING - No viable dags retrieved from /opt/airflow/dags/utils/helpers.py
[2025-12-07T20:51:42.923+0000] {processor.py:179} INFO - Processing /opt/airflow/dags/utils/helpers.py took 0.016 seconds
[2025-12-07T20:52:13.067+0000] {processor.py:157} INFO - Started process (PID=2232) to work on /opt/airflow/dags/utils/helpers.py
[2025-12-07T20:52:13.067+0000] {processor.py:829} INFO - Processing file /opt/airflow/dags/utils/helpers.py for tasks to queue
[2025-12-07T20:52:13.068+0000] {logging_mixin.py:154} INFO - [2025-12-07T20:52:13.067+0000] {dagbag.py:536} INFO - Filling up the DagBag from /opt/airflow/dags/utils/helpers.py
[2025-12-07T20:52:13.069+0000] {processor.py:841} WARNING - No viable dags retrieved from /opt/airflow/dags/utils/helpers.py
[2025-12-07T20:52:13.078+0000] {processor.py:179} INFO - Processing /opt/airflow/dags/utils/helpers.py took 0.015 seconds
[2025-12-07T20:52:43.669+0000] {processor.py:157} INFO - Started process (PID=2291) to work on /opt/airflow/dags/utils/helpers.py
[2025-12-07T20:52:43.670+0000] {processor.py:829} INFO - Processing file /opt/airflow/dags/utils/helpers.py for tasks to queue
[2025-12-07T20:52:43.670+0000] {logging_mixin.py:154} INFO - [2025-12-07T20:52:43.670+0000] {dagbag.py:536} INFO - Filling up the DagBag from /opt/airflow/dags/utils/helpers.py
[2025-12-07T20:52:43.672+0000] {processor.py:841} WARNING - No viable dags retrieved from /opt/airflow/dags/utils/helpers.py
[2025-12-07T20:52:43.682+0000] {processor.py:179} INFO - Processing /opt/airflow/dags/utils/helpers.py took 0.016 seconds
[2025-12-07T20:53:13.736+0000] {processor.py:157} INFO - Started process (PID=2350) to work on /opt/airflow/dags/utils/helpers.py
[2025-12-07T20:53:13.737+0000] {processor.py:829} INFO - Processing file /opt/airflow/dags/utils/helpers.py for tasks to queue
[2025-12-07T20:53:13.738+0000] {logging_mixin.py:154} INFO - [2025-12-07T20:53:13.737+0000] {dagbag.py:536} INFO - Filling up the DagBag from /opt/airflow/dags/utils/helpers.py
[2025-12-07T20:53:13.739+0000] {processor.py:841} WARNING - No viable dags retrieved from /opt/airflow/dags/utils/helpers.py
[2025-12-07T20:53:13.753+0000] {processor.py:179} INFO - Processing /opt/airflow/dags/utils/helpers.py took 0.019 seconds
[2025-12-07T20:53:44.113+0000] {processor.py:157} INFO - Started process (PID=2409) to work on /opt/airflow/dags/utils/helpers.py
[2025-12-07T20:53:44.114+0000] {processor.py:829} INFO - Processing file /opt/airflow/dags/utils/helpers.py for tasks to queue
[2025-12-07T20:53:44.115+0000] {logging_mixin.py:154} INFO - [2025-12-07T20:53:44.115+0000] {dagbag.py:536} INFO - Filling up the DagBag from /opt/airflow/dags/utils/helpers.py
[2025-12-07T20:53:44.116+0000] {processor.py:841} WARNING - No viable dags retrieved from /opt/airflow/dags/utils/helpers.py
[2025-12-07T20:53:44.129+0000] {processor.py:179} INFO - Processing /opt/airflow/dags/utils/helpers.py took 0.020 seconds
[2025-12-07T20:54:14.673+0000] {processor.py:157} INFO - Started process (PID=2468) to work on /opt/airflow/dags/utils/helpers.py
[2025-12-07T20:54:14.674+0000] {processor.py:829} INFO - Processing file /opt/airflow/dags/utils/helpers.py for tasks to queue
[2025-12-07T20:54:14.675+0000] {logging_mixin.py:154} INFO - [2025-12-07T20:54:14.675+0000] {dagbag.py:536} INFO - Filling up the DagBag from /opt/airflow/dags/utils/helpers.py
[2025-12-07T20:54:14.677+0000] {processor.py:841} WARNING - No viable dags retrieved from /opt/airflow/dags/utils/helpers.py
[2025-12-07T20:54:14.687+0000] {processor.py:179} INFO - Processing /opt/airflow/dags/utils/helpers.py took 0.017 seconds
[2025-12-07T20:54:44.719+0000] {processor.py:157} INFO - Started process (PID=2520) to work on /opt/airflow/dags/utils/helpers.py
[2025-12-07T20:54:44.719+0000] {processor.py:829} INFO - Processing file /opt/airflow/dags/utils/helpers.py for tasks to queue
[2025-12-07T20:54:44.720+0000] {logging_mixin.py:154} INFO - [2025-12-07T20:54:44.720+0000] {dagbag.py:536} INFO - Filling up the DagBag from /opt/airflow/dags/utils/helpers.py
[2025-12-07T20:54:44.721+0000] {processor.py:841} WARNING - No viable dags retrieved from /opt/airflow/dags/utils/helpers.py
[2025-12-07T20:54:44.732+0000] {processor.py:179} INFO - Processing /opt/airflow/dags/utils/helpers.py took 0.016 seconds
[2025-12-07T20:55:15.453+0000] {processor.py:157} INFO - Started process (PID=2579) to work on /opt/airflow/dags/utils/helpers.py
[2025-12-07T20:55:15.454+0000] {processor.py:829} INFO - Processing file /opt/airflow/dags/utils/helpers.py for tasks to queue
[2025-12-07T20:55:15.454+0000] {logging_mixin.py:154} INFO - [2025-12-07T20:55:15.454+0000] {dagbag.py:536} INFO - Filling up the DagBag from /opt/airflow/dags/utils/helpers.py
[2025-12-07T20:55:15.456+0000] {processor.py:841} WARNING - No viable dags retrieved from /opt/airflow/dags/utils/helpers.py
[2025-12-07T20:55:15.466+0000] {processor.py:179} INFO - Processing /opt/airflow/dags/utils/helpers.py took 0.016 seconds
[2025-12-07T20:55:46.110+0000] {processor.py:157} INFO - Started process (PID=2639) to work on /opt/airflow/dags/utils/helpers.py
[2025-12-07T20:55:46.111+0000] {processor.py:829} INFO - Processing file /opt/airflow/dags/utils/helpers.py for tasks to queue
[2025-12-07T20:55:46.111+0000] {logging_mixin.py:154} INFO - [2025-12-07T20:55:46.111+0000] {dagbag.py:536} INFO - Filling up the DagBag from /opt/airflow/dags/utils/helpers.py
[2025-12-07T20:55:46.113+0000] {processor.py:841} WARNING - No viable dags retrieved from /opt/airflow/dags/utils/helpers.py
[2025-12-07T20:55:46.124+0000] {processor.py:179} INFO - Processing /opt/airflow/dags/utils/helpers.py took 0.017 seconds
[2025-12-07T20:56:16.701+0000] {processor.py:157} INFO - Started process (PID=2698) to work on /opt/airflow/dags/utils/helpers.py
[2025-12-07T20:56:16.702+0000] {processor.py:829} INFO - Processing file /opt/airflow/dags/utils/helpers.py for tasks to queue
[2025-12-07T20:56:16.703+0000] {logging_mixin.py:154} INFO - [2025-12-07T20:56:16.703+0000] {dagbag.py:536} INFO - Filling up the DagBag from /opt/airflow/dags/utils/helpers.py
[2025-12-07T20:56:16.704+0000] {processor.py:841} WARNING - No viable dags retrieved from /opt/airflow/dags/utils/helpers.py
[2025-12-07T20:56:16.714+0000] {processor.py:179} INFO - Processing /opt/airflow/dags/utils/helpers.py took 0.016 seconds
[2025-12-07T20:56:47.346+0000] {processor.py:157} INFO - Started process (PID=2757) to work on /opt/airflow/dags/utils/helpers.py
[2025-12-07T20:56:47.347+0000] {processor.py:829} INFO - Processing file /opt/airflow/dags/utils/helpers.py for tasks to queue
[2025-12-07T20:56:47.348+0000] {logging_mixin.py:154} INFO - [2025-12-07T20:56:47.347+0000] {dagbag.py:536} INFO - Filling up the DagBag from /opt/airflow/dags/utils/helpers.py
[2025-12-07T20:56:47.349+0000] {processor.py:841} WARNING - No viable dags retrieved from /opt/airflow/dags/utils/helpers.py
[2025-12-07T20:56:47.361+0000] {processor.py:179} INFO - Processing /opt/airflow/dags/utils/helpers.py took 0.018 seconds
[2025-12-07T20:57:18.004+0000] {processor.py:157} INFO - Started process (PID=2816) to work on /opt/airflow/dags/utils/helpers.py
[2025-12-07T20:57:18.005+0000] {processor.py:829} INFO - Processing file /opt/airflow/dags/utils/helpers.py for tasks to queue
[2025-12-07T20:57:18.006+0000] {logging_mixin.py:154} INFO - [2025-12-07T20:57:18.005+0000] {dagbag.py:536} INFO - Filling up the DagBag from /opt/airflow/dags/utils/helpers.py
[2025-12-07T20:57:18.007+0000] {processor.py:841} WARNING - No viable dags retrieved from /opt/airflow/dags/utils/helpers.py
[2025-12-07T20:57:18.018+0000] {processor.py:179} INFO - Processing /opt/airflow/dags/utils/helpers.py took 0.017 seconds
[2025-12-07T20:57:48.105+0000] {processor.py:157} INFO - Started process (PID=2869) to work on /opt/airflow/dags/utils/helpers.py
[2025-12-07T20:57:48.107+0000] {processor.py:829} INFO - Processing file /opt/airflow/dags/utils/helpers.py for tasks to queue
[2025-12-07T20:57:48.108+0000] {logging_mixin.py:154} INFO - [2025-12-07T20:57:48.108+0000] {dagbag.py:536} INFO - Filling up the DagBag from /opt/airflow/dags/utils/helpers.py
[2025-12-07T20:57:48.110+0000] {processor.py:841} WARNING - No viable dags retrieved from /opt/airflow/dags/utils/helpers.py
[2025-12-07T20:57:48.122+0000] {processor.py:179} INFO - Processing /opt/airflow/dags/utils/helpers.py took 0.020 seconds
[2025-12-07T20:58:18.527+0000] {processor.py:157} INFO - Started process (PID=2928) to work on /opt/airflow/dags/utils/helpers.py
[2025-12-07T20:58:18.528+0000] {processor.py:829} INFO - Processing file /opt/airflow/dags/utils/helpers.py for tasks to queue
[2025-12-07T20:58:18.529+0000] {logging_mixin.py:154} INFO - [2025-12-07T20:58:18.528+0000] {dagbag.py:536} INFO - Filling up the DagBag from /opt/airflow/dags/utils/helpers.py
[2025-12-07T20:58:18.531+0000] {processor.py:841} WARNING - No viable dags retrieved from /opt/airflow/dags/utils/helpers.py
[2025-12-07T20:58:18.542+0000] {processor.py:179} INFO - Processing /opt/airflow/dags/utils/helpers.py took 0.018 seconds
[2025-12-07T20:58:48.599+0000] {processor.py:157} INFO - Started process (PID=2988) to work on /opt/airflow/dags/utils/helpers.py
[2025-12-07T20:58:48.600+0000] {processor.py:829} INFO - Processing file /opt/airflow/dags/utils/helpers.py for tasks to queue
[2025-12-07T20:58:48.601+0000] {logging_mixin.py:154} INFO - [2025-12-07T20:58:48.601+0000] {dagbag.py:536} INFO - Filling up the DagBag from /opt/airflow/dags/utils/helpers.py
[2025-12-07T20:58:48.603+0000] {processor.py:841} WARNING - No viable dags retrieved from /opt/airflow/dags/utils/helpers.py
[2025-12-07T20:58:48.614+0000] {processor.py:179} INFO - Processing /opt/airflow/dags/utils/helpers.py took 0.018 seconds
[2025-12-07T20:59:19.095+0000] {processor.py:157} INFO - Started process (PID=3047) to work on /opt/airflow/dags/utils/helpers.py
[2025-12-07T20:59:19.096+0000] {processor.py:829} INFO - Processing file /opt/airflow/dags/utils/helpers.py for tasks to queue
[2025-12-07T20:59:19.097+0000] {logging_mixin.py:154} INFO - [2025-12-07T20:59:19.096+0000] {dagbag.py:536} INFO - Filling up the DagBag from /opt/airflow/dags/utils/helpers.py
[2025-12-07T20:59:19.098+0000] {processor.py:841} WARNING - No viable dags retrieved from /opt/airflow/dags/utils/helpers.py
[2025-12-07T20:59:19.110+0000] {processor.py:179} INFO - Processing /opt/airflow/dags/utils/helpers.py took 0.018 seconds
[2025-12-07T20:59:49.658+0000] {processor.py:157} INFO - Started process (PID=3106) to work on /opt/airflow/dags/utils/helpers.py
[2025-12-07T20:59:49.659+0000] {processor.py:829} INFO - Processing file /opt/airflow/dags/utils/helpers.py for tasks to queue
[2025-12-07T20:59:49.659+0000] {logging_mixin.py:154} INFO - [2025-12-07T20:59:49.659+0000] {dagbag.py:536} INFO - Filling up the DagBag from /opt/airflow/dags/utils/helpers.py
[2025-12-07T20:59:49.661+0000] {processor.py:841} WARNING - No viable dags retrieved from /opt/airflow/dags/utils/helpers.py
[2025-12-07T20:59:49.673+0000] {processor.py:179} INFO - Processing /opt/airflow/dags/utils/helpers.py took 0.018 seconds
[2025-12-07T21:00:20.321+0000] {processor.py:157} INFO - Started process (PID=3158) to work on /opt/airflow/dags/utils/helpers.py
[2025-12-07T21:00:20.321+0000] {processor.py:829} INFO - Processing file /opt/airflow/dags/utils/helpers.py for tasks to queue
[2025-12-07T21:00:20.322+0000] {logging_mixin.py:154} INFO - [2025-12-07T21:00:20.322+0000] {dagbag.py:536} INFO - Filling up the DagBag from /opt/airflow/dags/utils/helpers.py
[2025-12-07T21:00:20.324+0000] {processor.py:841} WARNING - No viable dags retrieved from /opt/airflow/dags/utils/helpers.py
[2025-12-07T21:00:20.334+0000] {processor.py:179} INFO - Processing /opt/airflow/dags/utils/helpers.py took 0.016 seconds
[2025-12-07T21:00:50.989+0000] {processor.py:157} INFO - Started process (PID=3217) to work on /opt/airflow/dags/utils/helpers.py
[2025-12-07T21:00:50.990+0000] {processor.py:829} INFO - Processing file /opt/airflow/dags/utils/helpers.py for tasks to queue
[2025-12-07T21:00:50.990+0000] {logging_mixin.py:154} INFO - [2025-12-07T21:00:50.990+0000] {dagbag.py:536} INFO - Filling up the DagBag from /opt/airflow/dags/utils/helpers.py
[2025-12-07T21:00:50.992+0000] {processor.py:841} WARNING - No viable dags retrieved from /opt/airflow/dags/utils/helpers.py
[2025-12-07T21:00:51.003+0000] {processor.py:179} INFO - Processing /opt/airflow/dags/utils/helpers.py took 0.017 seconds
[2025-12-07T21:01:21.451+0000] {processor.py:157} INFO - Started process (PID=3276) to work on /opt/airflow/dags/utils/helpers.py
[2025-12-07T21:01:21.452+0000] {processor.py:829} INFO - Processing file /opt/airflow/dags/utils/helpers.py for tasks to queue
[2025-12-07T21:01:21.452+0000] {logging_mixin.py:154} INFO - [2025-12-07T21:01:21.452+0000] {dagbag.py:536} INFO - Filling up the DagBag from /opt/airflow/dags/utils/helpers.py
[2025-12-07T21:01:21.454+0000] {processor.py:841} WARNING - No viable dags retrieved from /opt/airflow/dags/utils/helpers.py
[2025-12-07T21:01:21.466+0000] {processor.py:179} INFO - Processing /opt/airflow/dags/utils/helpers.py took 0.018 seconds
[2025-12-07T21:01:51.695+0000] {processor.py:157} INFO - Started process (PID=3333) to work on /opt/airflow/dags/utils/helpers.py
[2025-12-07T21:01:51.696+0000] {processor.py:829} INFO - Processing file /opt/airflow/dags/utils/helpers.py for tasks to queue
[2025-12-07T21:01:51.697+0000] {logging_mixin.py:154} INFO - [2025-12-07T21:01:51.696+0000] {dagbag.py:536} INFO - Filling up the DagBag from /opt/airflow/dags/utils/helpers.py
[2025-12-07T21:01:51.698+0000] {processor.py:841} WARNING - No viable dags retrieved from /opt/airflow/dags/utils/helpers.py
[2025-12-07T21:01:51.709+0000] {processor.py:179} INFO - Processing /opt/airflow/dags/utils/helpers.py took 0.017 seconds
[2025-12-07T21:02:21.997+0000] {processor.py:157} INFO - Started process (PID=3377) to work on /opt/airflow/dags/utils/helpers.py
[2025-12-07T21:02:21.998+0000] {processor.py:829} INFO - Processing file /opt/airflow/dags/utils/helpers.py for tasks to queue
[2025-12-07T21:02:21.999+0000] {logging_mixin.py:154} INFO - [2025-12-07T21:02:21.999+0000] {dagbag.py:536} INFO - Filling up the DagBag from /opt/airflow/dags/utils/helpers.py
[2025-12-07T21:02:22.001+0000] {processor.py:841} WARNING - No viable dags retrieved from /opt/airflow/dags/utils/helpers.py
[2025-12-07T21:02:22.013+0000] {processor.py:179} INFO - Processing /opt/airflow/dags/utils/helpers.py took 0.019 seconds
[2025-12-07T21:02:52.391+0000] {processor.py:157} INFO - Started process (PID=3429) to work on /opt/airflow/dags/utils/helpers.py
[2025-12-07T21:02:52.392+0000] {processor.py:829} INFO - Processing file /opt/airflow/dags/utils/helpers.py for tasks to queue
[2025-12-07T21:02:52.392+0000] {logging_mixin.py:154} INFO - [2025-12-07T21:02:52.392+0000] {dagbag.py:536} INFO - Filling up the DagBag from /opt/airflow/dags/utils/helpers.py
[2025-12-07T21:02:52.394+0000] {processor.py:841} WARNING - No viable dags retrieved from /opt/airflow/dags/utils/helpers.py
[2025-12-07T21:02:52.405+0000] {processor.py:179} INFO - Processing /opt/airflow/dags/utils/helpers.py took 0.017 seconds
[2025-12-07T21:03:23.179+0000] {processor.py:157} INFO - Started process (PID=3488) to work on /opt/airflow/dags/utils/helpers.py
[2025-12-07T21:03:23.180+0000] {processor.py:829} INFO - Processing file /opt/airflow/dags/utils/helpers.py for tasks to queue
[2025-12-07T21:03:23.180+0000] {logging_mixin.py:154} INFO - [2025-12-07T21:03:23.180+0000] {dagbag.py:536} INFO - Filling up the DagBag from /opt/airflow/dags/utils/helpers.py
[2025-12-07T21:03:23.182+0000] {processor.py:841} WARNING - No viable dags retrieved from /opt/airflow/dags/utils/helpers.py
[2025-12-07T21:03:23.195+0000] {processor.py:179} INFO - Processing /opt/airflow/dags/utils/helpers.py took 0.019 seconds
[2025-12-07T21:03:53.923+0000] {processor.py:157} INFO - Started process (PID=3547) to work on /opt/airflow/dags/utils/helpers.py
[2025-12-07T21:03:53.924+0000] {processor.py:829} INFO - Processing file /opt/airflow/dags/utils/helpers.py for tasks to queue
[2025-12-07T21:03:53.924+0000] {logging_mixin.py:154} INFO - [2025-12-07T21:03:53.924+0000] {dagbag.py:536} INFO - Filling up the DagBag from /opt/airflow/dags/utils/helpers.py
[2025-12-07T21:03:53.927+0000] {processor.py:841} WARNING - No viable dags retrieved from /opt/airflow/dags/utils/helpers.py
[2025-12-07T21:03:53.941+0000] {processor.py:179} INFO - Processing /opt/airflow/dags/utils/helpers.py took 0.021 seconds
[2025-12-07T21:04:24.437+0000] {processor.py:157} INFO - Started process (PID=3606) to work on /opt/airflow/dags/utils/helpers.py
[2025-12-07T21:04:24.438+0000] {processor.py:829} INFO - Processing file /opt/airflow/dags/utils/helpers.py for tasks to queue
[2025-12-07T21:04:24.439+0000] {logging_mixin.py:154} INFO - [2025-12-07T21:04:24.439+0000] {dagbag.py:536} INFO - Filling up the DagBag from /opt/airflow/dags/utils/helpers.py
[2025-12-07T21:04:24.440+0000] {processor.py:841} WARNING - No viable dags retrieved from /opt/airflow/dags/utils/helpers.py
[2025-12-07T21:04:24.451+0000] {processor.py:179} INFO - Processing /opt/airflow/dags/utils/helpers.py took 0.017 seconds
[2025-12-07T21:04:54.819+0000] {processor.py:157} INFO - Started process (PID=3665) to work on /opt/airflow/dags/utils/helpers.py
[2025-12-07T21:04:54.820+0000] {processor.py:829} INFO - Processing file /opt/airflow/dags/utils/helpers.py for tasks to queue
[2025-12-07T21:04:54.821+0000] {logging_mixin.py:154} INFO - [2025-12-07T21:04:54.820+0000] {dagbag.py:536} INFO - Filling up the DagBag from /opt/airflow/dags/utils/helpers.py
[2025-12-07T21:04:54.822+0000] {processor.py:841} WARNING - No viable dags retrieved from /opt/airflow/dags/utils/helpers.py
[2025-12-07T21:04:54.834+0000] {processor.py:179} INFO - Processing /opt/airflow/dags/utils/helpers.py took 0.018 seconds
[2025-12-07T21:05:25.437+0000] {processor.py:157} INFO - Started process (PID=3724) to work on /opt/airflow/dags/utils/helpers.py
[2025-12-07T21:05:25.438+0000] {processor.py:829} INFO - Processing file /opt/airflow/dags/utils/helpers.py for tasks to queue
[2025-12-07T21:05:25.439+0000] {logging_mixin.py:154} INFO - [2025-12-07T21:05:25.439+0000] {dagbag.py:536} INFO - Filling up the DagBag from /opt/airflow/dags/utils/helpers.py
[2025-12-07T21:05:25.441+0000] {processor.py:841} WARNING - No viable dags retrieved from /opt/airflow/dags/utils/helpers.py
[2025-12-07T21:05:25.452+0000] {processor.py:179} INFO - Processing /opt/airflow/dags/utils/helpers.py took 0.018 seconds
[2025-12-07T21:05:56.196+0000] {processor.py:157} INFO - Started process (PID=3783) to work on /opt/airflow/dags/utils/helpers.py
[2025-12-07T21:05:56.196+0000] {processor.py:829} INFO - Processing file /opt/airflow/dags/utils/helpers.py for tasks to queue
[2025-12-07T21:05:56.197+0000] {logging_mixin.py:154} INFO - [2025-12-07T21:05:56.197+0000] {dagbag.py:536} INFO - Filling up the DagBag from /opt/airflow/dags/utils/helpers.py
[2025-12-07T21:05:56.198+0000] {processor.py:841} WARNING - No viable dags retrieved from /opt/airflow/dags/utils/helpers.py
[2025-12-07T21:05:56.209+0000] {processor.py:179} INFO - Processing /opt/airflow/dags/utils/helpers.py took 0.016 seconds
[2025-12-07T21:06:27.224+0000] {processor.py:157} INFO - Started process (PID=3835) to work on /opt/airflow/dags/utils/helpers.py
[2025-12-07T21:06:27.226+0000] {processor.py:829} INFO - Processing file /opt/airflow/dags/utils/helpers.py for tasks to queue
[2025-12-07T21:06:27.227+0000] {logging_mixin.py:154} INFO - [2025-12-07T21:06:27.227+0000] {dagbag.py:536} INFO - Filling up the DagBag from /opt/airflow/dags/utils/helpers.py
[2025-12-07T21:06:27.229+0000] {processor.py:841} WARNING - No viable dags retrieved from /opt/airflow/dags/utils/helpers.py
[2025-12-07T21:06:27.241+0000] {processor.py:179} INFO - Processing /opt/airflow/dags/utils/helpers.py took 0.021 seconds
[2025-12-07T21:06:57.520+0000] {processor.py:157} INFO - Started process (PID=3894) to work on /opt/airflow/dags/utils/helpers.py
[2025-12-07T21:06:57.521+0000] {processor.py:829} INFO - Processing file /opt/airflow/dags/utils/helpers.py for tasks to queue
[2025-12-07T21:06:57.521+0000] {logging_mixin.py:154} INFO - [2025-12-07T21:06:57.521+0000] {dagbag.py:536} INFO - Filling up the DagBag from /opt/airflow/dags/utils/helpers.py
[2025-12-07T21:06:57.523+0000] {processor.py:841} WARNING - No viable dags retrieved from /opt/airflow/dags/utils/helpers.py
[2025-12-07T21:06:57.534+0000] {processor.py:179} INFO - Processing /opt/airflow/dags/utils/helpers.py took 0.017 seconds
[2025-12-07T21:07:28.315+0000] {processor.py:157} INFO - Started process (PID=3953) to work on /opt/airflow/dags/utils/helpers.py
[2025-12-07T21:07:28.317+0000] {processor.py:829} INFO - Processing file /opt/airflow/dags/utils/helpers.py for tasks to queue
[2025-12-07T21:07:28.317+0000] {logging_mixin.py:154} INFO - [2025-12-07T21:07:28.317+0000] {dagbag.py:536} INFO - Filling up the DagBag from /opt/airflow/dags/utils/helpers.py
[2025-12-07T21:07:28.319+0000] {processor.py:841} WARNING - No viable dags retrieved from /opt/airflow/dags/utils/helpers.py
[2025-12-07T21:07:28.330+0000] {processor.py:179} INFO - Processing /opt/airflow/dags/utils/helpers.py took 0.017 seconds
[2025-12-07T21:07:58.464+0000] {processor.py:157} INFO - Started process (PID=4012) to work on /opt/airflow/dags/utils/helpers.py
[2025-12-07T21:07:58.465+0000] {processor.py:829} INFO - Processing file /opt/airflow/dags/utils/helpers.py for tasks to queue
[2025-12-07T21:07:58.466+0000] {logging_mixin.py:154} INFO - [2025-12-07T21:07:58.465+0000] {dagbag.py:536} INFO - Filling up the DagBag from /opt/airflow/dags/utils/helpers.py
[2025-12-07T21:07:58.468+0000] {processor.py:841} WARNING - No viable dags retrieved from /opt/airflow/dags/utils/helpers.py
[2025-12-07T21:07:58.478+0000] {processor.py:179} INFO - Processing /opt/airflow/dags/utils/helpers.py took 0.017 seconds
[2025-12-07T21:08:29.237+0000] {processor.py:157} INFO - Started process (PID=4070) to work on /opt/airflow/dags/utils/helpers.py
[2025-12-07T21:08:29.238+0000] {processor.py:829} INFO - Processing file /opt/airflow/dags/utils/helpers.py for tasks to queue
[2025-12-07T21:08:29.239+0000] {logging_mixin.py:154} INFO - [2025-12-07T21:08:29.238+0000] {dagbag.py:536} INFO - Filling up the DagBag from /opt/airflow/dags/utils/helpers.py
[2025-12-07T21:08:29.240+0000] {processor.py:841} WARNING - No viable dags retrieved from /opt/airflow/dags/utils/helpers.py
[2025-12-07T21:08:29.252+0000] {processor.py:179} INFO - Processing /opt/airflow/dags/utils/helpers.py took 0.017 seconds
[2025-12-07T21:09:00.044+0000] {processor.py:157} INFO - Started process (PID=4122) to work on /opt/airflow/dags/utils/helpers.py
[2025-12-07T21:09:00.045+0000] {processor.py:829} INFO - Processing file /opt/airflow/dags/utils/helpers.py for tasks to queue
[2025-12-07T21:09:00.046+0000] {logging_mixin.py:154} INFO - [2025-12-07T21:09:00.045+0000] {dagbag.py:536} INFO - Filling up the DagBag from /opt/airflow/dags/utils/helpers.py
[2025-12-07T21:09:00.047+0000] {processor.py:841} WARNING - No viable dags retrieved from /opt/airflow/dags/utils/helpers.py
[2025-12-07T21:09:00.059+0000] {processor.py:179} INFO - Processing /opt/airflow/dags/utils/helpers.py took 0.017 seconds
[2025-12-07T21:09:30.940+0000] {processor.py:157} INFO - Started process (PID=4181) to work on /opt/airflow/dags/utils/helpers.py
[2025-12-07T21:09:30.941+0000] {processor.py:829} INFO - Processing file /opt/airflow/dags/utils/helpers.py for tasks to queue
[2025-12-07T21:09:30.941+0000] {logging_mixin.py:154} INFO - [2025-12-07T21:09:30.941+0000] {dagbag.py:536} INFO - Filling up the DagBag from /opt/airflow/dags/utils/helpers.py
[2025-12-07T21:09:30.943+0000] {processor.py:841} WARNING - No viable dags retrieved from /opt/airflow/dags/utils/helpers.py
[2025-12-07T21:09:30.952+0000] {processor.py:179} INFO - Processing /opt/airflow/dags/utils/helpers.py took 0.015 seconds
[2025-12-07T21:10:01.064+0000] {processor.py:157} INFO - Started process (PID=4240) to work on /opt/airflow/dags/utils/helpers.py
[2025-12-07T21:10:01.065+0000] {processor.py:829} INFO - Processing file /opt/airflow/dags/utils/helpers.py for tasks to queue
[2025-12-07T21:10:01.066+0000] {logging_mixin.py:154} INFO - [2025-12-07T21:10:01.066+0000] {dagbag.py:536} INFO - Filling up the DagBag from /opt/airflow/dags/utils/helpers.py
[2025-12-07T21:10:01.068+0000] {processor.py:841} WARNING - No viable dags retrieved from /opt/airflow/dags/utils/helpers.py
[2025-12-07T21:10:01.079+0000] {processor.py:179} INFO - Processing /opt/airflow/dags/utils/helpers.py took 0.017 seconds
[2025-12-07T21:10:31.818+0000] {processor.py:157} INFO - Started process (PID=4299) to work on /opt/airflow/dags/utils/helpers.py
[2025-12-07T21:10:31.819+0000] {processor.py:829} INFO - Processing file /opt/airflow/dags/utils/helpers.py for tasks to queue
[2025-12-07T21:10:31.819+0000] {logging_mixin.py:154} INFO - [2025-12-07T21:10:31.819+0000] {dagbag.py:536} INFO - Filling up the DagBag from /opt/airflow/dags/utils/helpers.py
[2025-12-07T21:10:31.821+0000] {processor.py:841} WARNING - No viable dags retrieved from /opt/airflow/dags/utils/helpers.py
[2025-12-07T21:10:31.831+0000] {processor.py:179} INFO - Processing /opt/airflow/dags/utils/helpers.py took 0.016 seconds
[2025-12-07T21:11:01.953+0000] {processor.py:157} INFO - Started process (PID=4358) to work on /opt/airflow/dags/utils/helpers.py
[2025-12-07T21:11:01.954+0000] {processor.py:829} INFO - Processing file /opt/airflow/dags/utils/helpers.py for tasks to queue
[2025-12-07T21:11:01.955+0000] {logging_mixin.py:154} INFO - [2025-12-07T21:11:01.955+0000] {dagbag.py:536} INFO - Filling up the DagBag from /opt/airflow/dags/utils/helpers.py
[2025-12-07T21:11:01.956+0000] {processor.py:841} WARNING - No viable dags retrieved from /opt/airflow/dags/utils/helpers.py
[2025-12-07T21:11:01.967+0000] {processor.py:179} INFO - Processing /opt/airflow/dags/utils/helpers.py took 0.016 seconds
[2025-12-07T21:11:31.990+0000] {processor.py:157} INFO - Started process (PID=4410) to work on /opt/airflow/dags/utils/helpers.py
[2025-12-07T21:11:31.999+0000] {processor.py:829} INFO - Processing file /opt/airflow/dags/utils/helpers.py for tasks to queue
[2025-12-07T21:11:31.999+0000] {logging_mixin.py:154} INFO - [2025-12-07T21:11:31.999+0000] {dagbag.py:536} INFO - Filling up the DagBag from /opt/airflow/dags/utils/helpers.py
[2025-12-07T21:11:32.001+0000] {processor.py:841} WARNING - No viable dags retrieved from /opt/airflow/dags/utils/helpers.py
[2025-12-07T21:11:32.011+0000] {processor.py:179} INFO - Processing /opt/airflow/dags/utils/helpers.py took 0.024 seconds
[2025-12-07T21:12:02.247+0000] {processor.py:157} INFO - Started process (PID=4469) to work on /opt/airflow/dags/utils/helpers.py
[2025-12-07T21:12:02.248+0000] {processor.py:829} INFO - Processing file /opt/airflow/dags/utils/helpers.py for tasks to queue
[2025-12-07T21:12:02.248+0000] {logging_mixin.py:154} INFO - [2025-12-07T21:12:02.248+0000] {dagbag.py:536} INFO - Filling up the DagBag from /opt/airflow/dags/utils/helpers.py
[2025-12-07T21:12:02.250+0000] {processor.py:841} WARNING - No viable dags retrieved from /opt/airflow/dags/utils/helpers.py
[2025-12-07T21:12:02.261+0000] {processor.py:179} INFO - Processing /opt/airflow/dags/utils/helpers.py took 0.017 seconds
[2025-12-07T21:12:32.475+0000] {processor.py:157} INFO - Started process (PID=4528) to work on /opt/airflow/dags/utils/helpers.py
[2025-12-07T21:12:32.476+0000] {processor.py:829} INFO - Processing file /opt/airflow/dags/utils/helpers.py for tasks to queue
[2025-12-07T21:12:32.477+0000] {logging_mixin.py:154} INFO - [2025-12-07T21:12:32.476+0000] {dagbag.py:536} INFO - Filling up the DagBag from /opt/airflow/dags/utils/helpers.py
[2025-12-07T21:12:32.479+0000] {processor.py:841} WARNING - No viable dags retrieved from /opt/airflow/dags/utils/helpers.py
[2025-12-07T21:12:32.493+0000] {processor.py:179} INFO - Processing /opt/airflow/dags/utils/helpers.py took 0.022 seconds
[2025-12-07T21:13:03.377+0000] {processor.py:157} INFO - Started process (PID=4587) to work on /opt/airflow/dags/utils/helpers.py
[2025-12-07T21:13:03.378+0000] {processor.py:829} INFO - Processing file /opt/airflow/dags/utils/helpers.py for tasks to queue
[2025-12-07T21:13:03.378+0000] {logging_mixin.py:154} INFO - [2025-12-07T21:13:03.378+0000] {dagbag.py:536} INFO - Filling up the DagBag from /opt/airflow/dags/utils/helpers.py
[2025-12-07T21:13:03.380+0000] {processor.py:841} WARNING - No viable dags retrieved from /opt/airflow/dags/utils/helpers.py
[2025-12-07T21:13:03.391+0000] {processor.py:179} INFO - Processing /opt/airflow/dags/utils/helpers.py took 0.017 seconds
[2025-12-07T21:13:33.960+0000] {processor.py:157} INFO - Started process (PID=4647) to work on /opt/airflow/dags/utils/helpers.py
[2025-12-07T21:13:33.961+0000] {processor.py:829} INFO - Processing file /opt/airflow/dags/utils/helpers.py for tasks to queue
[2025-12-07T21:13:33.962+0000] {logging_mixin.py:154} INFO - [2025-12-07T21:13:33.961+0000] {dagbag.py:536} INFO - Filling up the DagBag from /opt/airflow/dags/utils/helpers.py
[2025-12-07T21:13:33.963+0000] {processor.py:841} WARNING - No viable dags retrieved from /opt/airflow/dags/utils/helpers.py
[2025-12-07T21:13:33.974+0000] {processor.py:179} INFO - Processing /opt/airflow/dags/utils/helpers.py took 0.017 seconds
[2025-12-07T21:14:04.802+0000] {processor.py:157} INFO - Started process (PID=4706) to work on /opt/airflow/dags/utils/helpers.py
[2025-12-07T21:14:04.803+0000] {processor.py:829} INFO - Processing file /opt/airflow/dags/utils/helpers.py for tasks to queue
[2025-12-07T21:14:04.804+0000] {logging_mixin.py:154} INFO - [2025-12-07T21:14:04.803+0000] {dagbag.py:536} INFO - Filling up the DagBag from /opt/airflow/dags/utils/helpers.py
[2025-12-07T21:14:04.805+0000] {processor.py:841} WARNING - No viable dags retrieved from /opt/airflow/dags/utils/helpers.py
[2025-12-07T21:14:04.816+0000] {processor.py:179} INFO - Processing /opt/airflow/dags/utils/helpers.py took 0.017 seconds
[2025-12-07T21:14:34.843+0000] {processor.py:157} INFO - Started process (PID=4758) to work on /opt/airflow/dags/utils/helpers.py
[2025-12-07T21:14:34.844+0000] {processor.py:829} INFO - Processing file /opt/airflow/dags/utils/helpers.py for tasks to queue
[2025-12-07T21:14:34.845+0000] {logging_mixin.py:154} INFO - [2025-12-07T21:14:34.845+0000] {dagbag.py:536} INFO - Filling up the DagBag from /opt/airflow/dags/utils/helpers.py
[2025-12-07T21:14:34.847+0000] {processor.py:841} WARNING - No viable dags retrieved from /opt/airflow/dags/utils/helpers.py
[2025-12-07T21:14:34.860+0000] {processor.py:179} INFO - Processing /opt/airflow/dags/utils/helpers.py took 0.019 seconds
[2025-12-07T21:15:05.637+0000] {processor.py:157} INFO - Started process (PID=4817) to work on /opt/airflow/dags/utils/helpers.py
[2025-12-07T21:15:05.638+0000] {processor.py:829} INFO - Processing file /opt/airflow/dags/utils/helpers.py for tasks to queue
[2025-12-07T21:15:05.638+0000] {logging_mixin.py:154} INFO - [2025-12-07T21:15:05.638+0000] {dagbag.py:536} INFO - Filling up the DagBag from /opt/airflow/dags/utils/helpers.py
[2025-12-07T21:15:05.640+0000] {processor.py:841} WARNING - No viable dags retrieved from /opt/airflow/dags/utils/helpers.py
[2025-12-07T21:15:05.652+0000] {processor.py:179} INFO - Processing /opt/airflow/dags/utils/helpers.py took 0.018 seconds
[2025-12-07T21:15:36.057+0000] {processor.py:157} INFO - Started process (PID=4874) to work on /opt/airflow/dags/utils/helpers.py
[2025-12-07T21:15:36.058+0000] {processor.py:829} INFO - Processing file /opt/airflow/dags/utils/helpers.py for tasks to queue
[2025-12-07T21:15:36.058+0000] {logging_mixin.py:154} INFO - [2025-12-07T21:15:36.058+0000] {dagbag.py:536} INFO - Filling up the DagBag from /opt/airflow/dags/utils/helpers.py
[2025-12-07T21:15:36.060+0000] {processor.py:841} WARNING - No viable dags retrieved from /opt/airflow/dags/utils/helpers.py
[2025-12-07T21:15:36.071+0000] {processor.py:179} INFO - Processing /opt/airflow/dags/utils/helpers.py took 0.018 seconds
[2025-12-07T21:16:06.140+0000] {processor.py:157} INFO - Started process (PID=4918) to work on /opt/airflow/dags/utils/helpers.py
[2025-12-07T21:16:06.141+0000] {processor.py:829} INFO - Processing file /opt/airflow/dags/utils/helpers.py for tasks to queue
[2025-12-07T21:16:06.141+0000] {logging_mixin.py:154} INFO - [2025-12-07T21:16:06.141+0000] {dagbag.py:536} INFO - Filling up the DagBag from /opt/airflow/dags/utils/helpers.py
[2025-12-07T21:16:06.143+0000] {processor.py:841} WARNING - No viable dags retrieved from /opt/airflow/dags/utils/helpers.py
[2025-12-07T21:16:06.154+0000] {processor.py:179} INFO - Processing /opt/airflow/dags/utils/helpers.py took 0.018 seconds
[2025-12-07T21:16:36.442+0000] {processor.py:157} INFO - Started process (PID=4977) to work on /opt/airflow/dags/utils/helpers.py
[2025-12-07T21:16:36.443+0000] {processor.py:829} INFO - Processing file /opt/airflow/dags/utils/helpers.py for tasks to queue
[2025-12-07T21:16:36.444+0000] {logging_mixin.py:154} INFO - [2025-12-07T21:16:36.443+0000] {dagbag.py:536} INFO - Filling up the DagBag from /opt/airflow/dags/utils/helpers.py
[2025-12-07T21:16:36.445+0000] {processor.py:841} WARNING - No viable dags retrieved from /opt/airflow/dags/utils/helpers.py
[2025-12-07T21:16:36.456+0000] {processor.py:179} INFO - Processing /opt/airflow/dags/utils/helpers.py took 0.017 seconds
[2025-12-07T21:17:07.043+0000] {processor.py:157} INFO - Started process (PID=5036) to work on /opt/airflow/dags/utils/helpers.py
[2025-12-07T21:17:07.044+0000] {processor.py:829} INFO - Processing file /opt/airflow/dags/utils/helpers.py for tasks to queue
[2025-12-07T21:17:07.045+0000] {logging_mixin.py:154} INFO - [2025-12-07T21:17:07.045+0000] {dagbag.py:536} INFO - Filling up the DagBag from /opt/airflow/dags/utils/helpers.py
[2025-12-07T21:17:07.047+0000] {processor.py:841} WARNING - No viable dags retrieved from /opt/airflow/dags/utils/helpers.py
[2025-12-07T21:17:07.057+0000] {processor.py:179} INFO - Processing /opt/airflow/dags/utils/helpers.py took 0.016 seconds
[2025-12-07T21:17:37.695+0000] {processor.py:157} INFO - Started process (PID=5088) to work on /opt/airflow/dags/utils/helpers.py
[2025-12-07T21:17:37.696+0000] {processor.py:829} INFO - Processing file /opt/airflow/dags/utils/helpers.py for tasks to queue
[2025-12-07T21:17:37.696+0000] {logging_mixin.py:154} INFO - [2025-12-07T21:17:37.696+0000] {dagbag.py:536} INFO - Filling up the DagBag from /opt/airflow/dags/utils/helpers.py
[2025-12-07T21:17:37.698+0000] {processor.py:841} WARNING - No viable dags retrieved from /opt/airflow/dags/utils/helpers.py
[2025-12-07T21:17:37.709+0000] {processor.py:179} INFO - Processing /opt/airflow/dags/utils/helpers.py took 0.017 seconds
[2025-12-07T21:18:08.334+0000] {processor.py:157} INFO - Started process (PID=5147) to work on /opt/airflow/dags/utils/helpers.py
[2025-12-07T21:18:08.335+0000] {processor.py:829} INFO - Processing file /opt/airflow/dags/utils/helpers.py for tasks to queue
[2025-12-07T21:18:08.335+0000] {logging_mixin.py:154} INFO - [2025-12-07T21:18:08.335+0000] {dagbag.py:536} INFO - Filling up the DagBag from /opt/airflow/dags/utils/helpers.py
[2025-12-07T21:18:08.337+0000] {processor.py:841} WARNING - No viable dags retrieved from /opt/airflow/dags/utils/helpers.py
[2025-12-07T21:18:08.348+0000] {processor.py:179} INFO - Processing /opt/airflow/dags/utils/helpers.py took 0.017 seconds
[2025-12-07T21:18:38.847+0000] {processor.py:157} INFO - Started process (PID=5206) to work on /opt/airflow/dags/utils/helpers.py
[2025-12-07T21:18:38.847+0000] {processor.py:829} INFO - Processing file /opt/airflow/dags/utils/helpers.py for tasks to queue
[2025-12-07T21:18:38.848+0000] {logging_mixin.py:154} INFO - [2025-12-07T21:18:38.848+0000] {dagbag.py:536} INFO - Filling up the DagBag from /opt/airflow/dags/utils/helpers.py
[2025-12-07T21:18:38.849+0000] {processor.py:841} WARNING - No viable dags retrieved from /opt/airflow/dags/utils/helpers.py
[2025-12-07T21:18:38.862+0000] {processor.py:179} INFO - Processing /opt/airflow/dags/utils/helpers.py took 0.018 seconds
[2025-12-07T21:19:08.999+0000] {processor.py:157} INFO - Started process (PID=5265) to work on /opt/airflow/dags/utils/helpers.py
[2025-12-07T21:19:09.000+0000] {processor.py:829} INFO - Processing file /opt/airflow/dags/utils/helpers.py for tasks to queue
[2025-12-07T21:19:09.001+0000] {logging_mixin.py:154} INFO - [2025-12-07T21:19:09.000+0000] {dagbag.py:536} INFO - Filling up the DagBag from /opt/airflow/dags/utils/helpers.py
[2025-12-07T21:19:09.003+0000] {processor.py:841} WARNING - No viable dags retrieved from /opt/airflow/dags/utils/helpers.py
[2025-12-07T21:19:09.015+0000] {processor.py:179} INFO - Processing /opt/airflow/dags/utils/helpers.py took 0.019 seconds
[2025-12-07T21:19:39.206+0000] {processor.py:157} INFO - Started process (PID=5324) to work on /opt/airflow/dags/utils/helpers.py
[2025-12-07T21:19:39.206+0000] {processor.py:829} INFO - Processing file /opt/airflow/dags/utils/helpers.py for tasks to queue
[2025-12-07T21:19:39.207+0000] {logging_mixin.py:154} INFO - [2025-12-07T21:19:39.207+0000] {dagbag.py:536} INFO - Filling up the DagBag from /opt/airflow/dags/utils/helpers.py
[2025-12-07T21:19:39.208+0000] {processor.py:841} WARNING - No viable dags retrieved from /opt/airflow/dags/utils/helpers.py
[2025-12-07T21:19:39.220+0000] {processor.py:179} INFO - Processing /opt/airflow/dags/utils/helpers.py took 0.017 seconds
[2025-12-07T21:20:09.898+0000] {processor.py:157} INFO - Started process (PID=5376) to work on /opt/airflow/dags/utils/helpers.py
[2025-12-07T21:20:09.899+0000] {processor.py:829} INFO - Processing file /opt/airflow/dags/utils/helpers.py for tasks to queue
[2025-12-07T21:20:09.900+0000] {logging_mixin.py:154} INFO - [2025-12-07T21:20:09.899+0000] {dagbag.py:536} INFO - Filling up the DagBag from /opt/airflow/dags/utils/helpers.py
[2025-12-07T21:20:09.901+0000] {processor.py:841} WARNING - No viable dags retrieved from /opt/airflow/dags/utils/helpers.py
[2025-12-07T21:20:09.912+0000] {processor.py:179} INFO - Processing /opt/airflow/dags/utils/helpers.py took 0.018 seconds
[2025-12-07T22:18:26.516+0000] {processor.py:157} INFO - Started process (PID=5432) to work on /opt/airflow/dags/utils/helpers.py
[2025-12-07T22:18:26.517+0000] {processor.py:829} INFO - Processing file /opt/airflow/dags/utils/helpers.py for tasks to queue
[2025-12-07T22:18:26.518+0000] {logging_mixin.py:154} INFO - [2025-12-07T22:18:26.518+0000] {dagbag.py:536} INFO - Filling up the DagBag from /opt/airflow/dags/utils/helpers.py
[2025-12-07T22:18:26.586+0000] {processor.py:841} WARNING - No viable dags retrieved from /opt/airflow/dags/utils/helpers.py
[2025-12-07T22:18:26.633+0000] {processor.py:179} INFO - Processing /opt/airflow/dags/utils/helpers.py took 0.122 seconds
[2025-12-07T22:18:57.327+0000] {processor.py:157} INFO - Started process (PID=5489) to work on /opt/airflow/dags/utils/helpers.py
[2025-12-07T22:18:57.328+0000] {processor.py:829} INFO - Processing file /opt/airflow/dags/utils/helpers.py for tasks to queue
[2025-12-07T22:18:57.329+0000] {logging_mixin.py:154} INFO - [2025-12-07T22:18:57.328+0000] {dagbag.py:536} INFO - Filling up the DagBag from /opt/airflow/dags/utils/helpers.py
[2025-12-07T22:18:57.331+0000] {processor.py:841} WARNING - No viable dags retrieved from /opt/airflow/dags/utils/helpers.py
[2025-12-07T22:18:57.343+0000] {processor.py:179} INFO - Processing /opt/airflow/dags/utils/helpers.py took 0.019 seconds
[2025-12-07T22:19:27.400+0000] {processor.py:157} INFO - Started process (PID=5546) to work on /opt/airflow/dags/utils/helpers.py
[2025-12-07T22:19:27.401+0000] {processor.py:829} INFO - Processing file /opt/airflow/dags/utils/helpers.py for tasks to queue
[2025-12-07T22:19:27.402+0000] {logging_mixin.py:154} INFO - [2025-12-07T22:19:27.402+0000] {dagbag.py:536} INFO - Filling up the DagBag from /opt/airflow/dags/utils/helpers.py
[2025-12-07T22:19:27.406+0000] {processor.py:841} WARNING - No viable dags retrieved from /opt/airflow/dags/utils/helpers.py
[2025-12-07T22:19:27.434+0000] {processor.py:179} INFO - Processing /opt/airflow/dags/utils/helpers.py took 0.045 seconds
[2025-12-07T22:19:57.581+0000] {processor.py:157} INFO - Started process (PID=5594) to work on /opt/airflow/dags/utils/helpers.py
[2025-12-07T22:19:57.582+0000] {processor.py:829} INFO - Processing file /opt/airflow/dags/utils/helpers.py for tasks to queue
[2025-12-07T22:19:57.583+0000] {logging_mixin.py:154} INFO - [2025-12-07T22:19:57.582+0000] {dagbag.py:536} INFO - Filling up the DagBag from /opt/airflow/dags/utils/helpers.py
[2025-12-07T22:19:57.585+0000] {processor.py:841} WARNING - No viable dags retrieved from /opt/airflow/dags/utils/helpers.py
[2025-12-07T22:19:57.599+0000] {processor.py:179} INFO - Processing /opt/airflow/dags/utils/helpers.py took 0.022 seconds
[2025-12-07T22:20:27.977+0000] {processor.py:157} INFO - Started process (PID=5653) to work on /opt/airflow/dags/utils/helpers.py
[2025-12-07T22:20:27.978+0000] {processor.py:829} INFO - Processing file /opt/airflow/dags/utils/helpers.py for tasks to queue
[2025-12-07T22:20:27.978+0000] {logging_mixin.py:154} INFO - [2025-12-07T22:20:27.978+0000] {dagbag.py:536} INFO - Filling up the DagBag from /opt/airflow/dags/utils/helpers.py
[2025-12-07T22:20:27.980+0000] {processor.py:841} WARNING - No viable dags retrieved from /opt/airflow/dags/utils/helpers.py
[2025-12-07T22:20:27.991+0000] {processor.py:179} INFO - Processing /opt/airflow/dags/utils/helpers.py took 0.017 seconds
[2025-12-07T22:20:58.220+0000] {processor.py:157} INFO - Started process (PID=5712) to work on /opt/airflow/dags/utils/helpers.py
[2025-12-07T22:20:58.220+0000] {processor.py:829} INFO - Processing file /opt/airflow/dags/utils/helpers.py for tasks to queue
[2025-12-07T22:20:58.221+0000] {logging_mixin.py:154} INFO - [2025-12-07T22:20:58.221+0000] {dagbag.py:536} INFO - Filling up the DagBag from /opt/airflow/dags/utils/helpers.py
[2025-12-07T22:20:58.222+0000] {processor.py:841} WARNING - No viable dags retrieved from /opt/airflow/dags/utils/helpers.py
[2025-12-07T22:20:58.233+0000] {processor.py:179} INFO - Processing /opt/airflow/dags/utils/helpers.py took 0.016 seconds
[2025-12-07T22:21:28.572+0000] {processor.py:157} INFO - Started process (PID=5771) to work on /opt/airflow/dags/utils/helpers.py
[2025-12-07T22:21:28.574+0000] {processor.py:829} INFO - Processing file /opt/airflow/dags/utils/helpers.py for tasks to queue
[2025-12-07T22:21:28.574+0000] {logging_mixin.py:154} INFO - [2025-12-07T22:21:28.574+0000] {dagbag.py:536} INFO - Filling up the DagBag from /opt/airflow/dags/utils/helpers.py
[2025-12-07T22:21:28.576+0000] {processor.py:841} WARNING - No viable dags retrieved from /opt/airflow/dags/utils/helpers.py
[2025-12-07T22:21:28.589+0000] {processor.py:179} INFO - Processing /opt/airflow/dags/utils/helpers.py took 0.020 seconds
[2025-12-07T22:21:58.826+0000] {processor.py:157} INFO - Started process (PID=5823) to work on /opt/airflow/dags/utils/helpers.py
[2025-12-07T22:21:58.827+0000] {processor.py:829} INFO - Processing file /opt/airflow/dags/utils/helpers.py for tasks to queue
[2025-12-07T22:21:58.827+0000] {logging_mixin.py:154} INFO - [2025-12-07T22:21:58.827+0000] {dagbag.py:536} INFO - Filling up the DagBag from /opt/airflow/dags/utils/helpers.py
[2025-12-07T22:21:58.830+0000] {processor.py:841} WARNING - No viable dags retrieved from /opt/airflow/dags/utils/helpers.py
[2025-12-07T22:21:58.841+0000] {processor.py:179} INFO - Processing /opt/airflow/dags/utils/helpers.py took 0.017 seconds
[2025-12-07T22:22:29.194+0000] {processor.py:157} INFO - Started process (PID=5882) to work on /opt/airflow/dags/utils/helpers.py
[2025-12-07T22:22:29.195+0000] {processor.py:829} INFO - Processing file /opt/airflow/dags/utils/helpers.py for tasks to queue
[2025-12-07T22:22:29.196+0000] {logging_mixin.py:154} INFO - [2025-12-07T22:22:29.196+0000] {dagbag.py:536} INFO - Filling up the DagBag from /opt/airflow/dags/utils/helpers.py
[2025-12-07T22:22:29.197+0000] {processor.py:841} WARNING - No viable dags retrieved from /opt/airflow/dags/utils/helpers.py
[2025-12-07T22:22:29.210+0000] {processor.py:179} INFO - Processing /opt/airflow/dags/utils/helpers.py took 0.019 seconds
[2025-12-07T22:22:59.511+0000] {processor.py:157} INFO - Started process (PID=5941) to work on /opt/airflow/dags/utils/helpers.py
[2025-12-07T22:22:59.512+0000] {processor.py:829} INFO - Processing file /opt/airflow/dags/utils/helpers.py for tasks to queue
[2025-12-07T22:22:59.512+0000] {logging_mixin.py:154} INFO - [2025-12-07T22:22:59.512+0000] {dagbag.py:536} INFO - Filling up the DagBag from /opt/airflow/dags/utils/helpers.py
[2025-12-07T22:22:59.514+0000] {processor.py:841} WARNING - No viable dags retrieved from /opt/airflow/dags/utils/helpers.py
[2025-12-07T22:22:59.525+0000] {processor.py:179} INFO - Processing /opt/airflow/dags/utils/helpers.py took 0.018 seconds
[2025-12-07T22:23:29.693+0000] {processor.py:157} INFO - Started process (PID=6000) to work on /opt/airflow/dags/utils/helpers.py
[2025-12-07T22:23:29.694+0000] {processor.py:829} INFO - Processing file /opt/airflow/dags/utils/helpers.py for tasks to queue
[2025-12-07T22:23:29.695+0000] {logging_mixin.py:154} INFO - [2025-12-07T22:23:29.694+0000] {dagbag.py:536} INFO - Filling up the DagBag from /opt/airflow/dags/utils/helpers.py
[2025-12-07T22:23:29.696+0000] {processor.py:841} WARNING - No viable dags retrieved from /opt/airflow/dags/utils/helpers.py
[2025-12-07T22:23:29.708+0000] {processor.py:179} INFO - Processing /opt/airflow/dags/utils/helpers.py took 0.018 seconds
[2025-12-07T22:23:59.736+0000] {processor.py:157} INFO - Started process (PID=6060) to work on /opt/airflow/dags/utils/helpers.py
[2025-12-07T22:23:59.737+0000] {processor.py:829} INFO - Processing file /opt/airflow/dags/utils/helpers.py for tasks to queue
[2025-12-07T22:23:59.738+0000] {logging_mixin.py:154} INFO - [2025-12-07T22:23:59.738+0000] {dagbag.py:536} INFO - Filling up the DagBag from /opt/airflow/dags/utils/helpers.py
[2025-12-07T22:23:59.740+0000] {processor.py:841} WARNING - No viable dags retrieved from /opt/airflow/dags/utils/helpers.py
[2025-12-07T22:23:59.752+0000] {processor.py:179} INFO - Processing /opt/airflow/dags/utils/helpers.py took 0.018 seconds
[2025-12-07T22:24:30.061+0000] {processor.py:157} INFO - Started process (PID=6119) to work on /opt/airflow/dags/utils/helpers.py
[2025-12-07T22:24:30.062+0000] {processor.py:829} INFO - Processing file /opt/airflow/dags/utils/helpers.py for tasks to queue
[2025-12-07T22:24:30.062+0000] {logging_mixin.py:154} INFO - [2025-12-07T22:24:30.062+0000] {dagbag.py:536} INFO - Filling up the DagBag from /opt/airflow/dags/utils/helpers.py
[2025-12-07T22:24:30.064+0000] {processor.py:841} WARNING - No viable dags retrieved from /opt/airflow/dags/utils/helpers.py
[2025-12-07T22:24:30.075+0000] {processor.py:179} INFO - Processing /opt/airflow/dags/utils/helpers.py took 0.017 seconds
[2025-12-07T22:25:00.127+0000] {processor.py:157} INFO - Started process (PID=6178) to work on /opt/airflow/dags/utils/helpers.py
[2025-12-07T22:25:00.129+0000] {processor.py:829} INFO - Processing file /opt/airflow/dags/utils/helpers.py for tasks to queue
[2025-12-07T22:25:00.130+0000] {logging_mixin.py:154} INFO - [2025-12-07T22:25:00.129+0000] {dagbag.py:536} INFO - Filling up the DagBag from /opt/airflow/dags/utils/helpers.py
[2025-12-07T22:25:00.132+0000] {processor.py:841} WARNING - No viable dags retrieved from /opt/airflow/dags/utils/helpers.py
[2025-12-07T22:25:00.146+0000] {processor.py:179} INFO - Processing /opt/airflow/dags/utils/helpers.py took 0.023 seconds
[2025-12-07T22:25:30.510+0000] {processor.py:157} INFO - Started process (PID=6231) to work on /opt/airflow/dags/utils/helpers.py
[2025-12-07T22:25:30.510+0000] {processor.py:829} INFO - Processing file /opt/airflow/dags/utils/helpers.py for tasks to queue
[2025-12-07T22:25:30.511+0000] {logging_mixin.py:154} INFO - [2025-12-07T22:25:30.511+0000] {dagbag.py:536} INFO - Filling up the DagBag from /opt/airflow/dags/utils/helpers.py
[2025-12-07T22:25:30.512+0000] {processor.py:841} WARNING - No viable dags retrieved from /opt/airflow/dags/utils/helpers.py
[2025-12-07T22:25:30.523+0000] {processor.py:179} INFO - Processing /opt/airflow/dags/utils/helpers.py took 0.017 seconds
[2025-12-07T22:26:00.942+0000] {processor.py:157} INFO - Started process (PID=6290) to work on /opt/airflow/dags/utils/helpers.py
[2025-12-07T22:26:00.944+0000] {processor.py:829} INFO - Processing file /opt/airflow/dags/utils/helpers.py for tasks to queue
[2025-12-07T22:26:00.944+0000] {logging_mixin.py:154} INFO - [2025-12-07T22:26:00.944+0000] {dagbag.py:536} INFO - Filling up the DagBag from /opt/airflow/dags/utils/helpers.py
[2025-12-07T22:26:00.946+0000] {processor.py:841} WARNING - No viable dags retrieved from /opt/airflow/dags/utils/helpers.py
[2025-12-07T22:26:00.964+0000] {processor.py:179} INFO - Processing /opt/airflow/dags/utils/helpers.py took 0.027 seconds
[2025-12-07T22:26:31.343+0000] {processor.py:157} INFO - Started process (PID=6349) to work on /opt/airflow/dags/utils/helpers.py
[2025-12-07T22:26:31.344+0000] {processor.py:829} INFO - Processing file /opt/airflow/dags/utils/helpers.py for tasks to queue
[2025-12-07T22:26:31.344+0000] {logging_mixin.py:154} INFO - [2025-12-07T22:26:31.344+0000] {dagbag.py:536} INFO - Filling up the DagBag from /opt/airflow/dags/utils/helpers.py
[2025-12-07T22:26:31.346+0000] {processor.py:841} WARNING - No viable dags retrieved from /opt/airflow/dags/utils/helpers.py
[2025-12-07T22:26:31.357+0000] {processor.py:179} INFO - Processing /opt/airflow/dags/utils/helpers.py took 0.017 seconds
[2025-12-07T22:27:01.601+0000] {processor.py:157} INFO - Started process (PID=6408) to work on /opt/airflow/dags/utils/helpers.py
[2025-12-07T22:27:01.602+0000] {processor.py:829} INFO - Processing file /opt/airflow/dags/utils/helpers.py for tasks to queue
[2025-12-07T22:27:01.603+0000] {logging_mixin.py:154} INFO - [2025-12-07T22:27:01.602+0000] {dagbag.py:536} INFO - Filling up the DagBag from /opt/airflow/dags/utils/helpers.py
[2025-12-07T22:27:01.605+0000] {processor.py:841} WARNING - No viable dags retrieved from /opt/airflow/dags/utils/helpers.py
[2025-12-07T22:27:01.618+0000] {processor.py:179} INFO - Processing /opt/airflow/dags/utils/helpers.py took 0.020 seconds
[2025-12-07T22:27:32.128+0000] {processor.py:157} INFO - Started process (PID=6467) to work on /opt/airflow/dags/utils/helpers.py
[2025-12-07T22:27:32.129+0000] {processor.py:829} INFO - Processing file /opt/airflow/dags/utils/helpers.py for tasks to queue
[2025-12-07T22:27:32.130+0000] {logging_mixin.py:154} INFO - [2025-12-07T22:27:32.130+0000] {dagbag.py:536} INFO - Filling up the DagBag from /opt/airflow/dags/utils/helpers.py
[2025-12-07T22:27:32.131+0000] {processor.py:841} WARNING - No viable dags retrieved from /opt/airflow/dags/utils/helpers.py
[2025-12-07T22:27:32.142+0000] {processor.py:179} INFO - Processing /opt/airflow/dags/utils/helpers.py took 0.017 seconds
[2025-12-07T22:28:02.290+0000] {processor.py:157} INFO - Started process (PID=6519) to work on /opt/airflow/dags/utils/helpers.py
[2025-12-07T22:28:02.291+0000] {processor.py:829} INFO - Processing file /opt/airflow/dags/utils/helpers.py for tasks to queue
[2025-12-07T22:28:02.292+0000] {logging_mixin.py:154} INFO - [2025-12-07T22:28:02.291+0000] {dagbag.py:536} INFO - Filling up the DagBag from /opt/airflow/dags/utils/helpers.py
[2025-12-07T22:28:02.293+0000] {processor.py:841} WARNING - No viable dags retrieved from /opt/airflow/dags/utils/helpers.py
[2025-12-07T22:28:02.304+0000] {processor.py:179} INFO - Processing /opt/airflow/dags/utils/helpers.py took 0.017 seconds
[2025-12-07T22:28:32.594+0000] {processor.py:157} INFO - Started process (PID=6576) to work on /opt/airflow/dags/utils/helpers.py
[2025-12-07T22:28:32.596+0000] {processor.py:829} INFO - Processing file /opt/airflow/dags/utils/helpers.py for tasks to queue
[2025-12-07T22:28:32.597+0000] {logging_mixin.py:154} INFO - [2025-12-07T22:28:32.596+0000] {dagbag.py:536} INFO - Filling up the DagBag from /opt/airflow/dags/utils/helpers.py
[2025-12-07T22:28:32.598+0000] {processor.py:841} WARNING - No viable dags retrieved from /opt/airflow/dags/utils/helpers.py
[2025-12-07T22:28:32.618+0000] {processor.py:179} INFO - Processing /opt/airflow/dags/utils/helpers.py took 0.030 seconds
[2025-12-07T22:29:02.698+0000] {processor.py:157} INFO - Started process (PID=6634) to work on /opt/airflow/dags/utils/helpers.py
[2025-12-07T22:29:02.699+0000] {processor.py:829} INFO - Processing file /opt/airflow/dags/utils/helpers.py for tasks to queue
[2025-12-07T22:29:02.700+0000] {logging_mixin.py:154} INFO - [2025-12-07T22:29:02.700+0000] {dagbag.py:536} INFO - Filling up the DagBag from /opt/airflow/dags/utils/helpers.py
[2025-12-07T22:29:02.702+0000] {processor.py:841} WARNING - No viable dags retrieved from /opt/airflow/dags/utils/helpers.py
[2025-12-07T22:29:02.718+0000] {processor.py:179} INFO - Processing /opt/airflow/dags/utils/helpers.py took 0.024 seconds
[2025-12-07T22:29:32.766+0000] {processor.py:157} INFO - Started process (PID=6678) to work on /opt/airflow/dags/utils/helpers.py
[2025-12-07T22:29:32.768+0000] {processor.py:829} INFO - Processing file /opt/airflow/dags/utils/helpers.py for tasks to queue
[2025-12-07T22:29:32.769+0000] {logging_mixin.py:154} INFO - [2025-12-07T22:29:32.768+0000] {dagbag.py:536} INFO - Filling up the DagBag from /opt/airflow/dags/utils/helpers.py
[2025-12-07T22:29:32.771+0000] {processor.py:841} WARNING - No viable dags retrieved from /opt/airflow/dags/utils/helpers.py
[2025-12-07T22:29:32.785+0000] {processor.py:179} INFO - Processing /opt/airflow/dags/utils/helpers.py took 0.023 seconds
[2025-12-07T22:30:03.433+0000] {processor.py:157} INFO - Started process (PID=6737) to work on /opt/airflow/dags/utils/helpers.py
[2025-12-07T22:30:03.435+0000] {processor.py:829} INFO - Processing file /opt/airflow/dags/utils/helpers.py for tasks to queue
[2025-12-07T22:30:03.435+0000] {logging_mixin.py:154} INFO - [2025-12-07T22:30:03.435+0000] {dagbag.py:536} INFO - Filling up the DagBag from /opt/airflow/dags/utils/helpers.py
[2025-12-07T22:30:03.437+0000] {processor.py:841} WARNING - No viable dags retrieved from /opt/airflow/dags/utils/helpers.py
[2025-12-07T22:30:03.451+0000] {processor.py:179} INFO - Processing /opt/airflow/dags/utils/helpers.py took 0.020 seconds
[2025-12-07T22:30:33.879+0000] {processor.py:157} INFO - Started process (PID=6796) to work on /opt/airflow/dags/utils/helpers.py
[2025-12-07T22:30:33.881+0000] {processor.py:829} INFO - Processing file /opt/airflow/dags/utils/helpers.py for tasks to queue
[2025-12-07T22:30:33.881+0000] {logging_mixin.py:154} INFO - [2025-12-07T22:30:33.881+0000] {dagbag.py:536} INFO - Filling up the DagBag from /opt/airflow/dags/utils/helpers.py
[2025-12-07T22:30:33.883+0000] {processor.py:841} WARNING - No viable dags retrieved from /opt/airflow/dags/utils/helpers.py
[2025-12-07T22:30:33.894+0000] {processor.py:179} INFO - Processing /opt/airflow/dags/utils/helpers.py took 0.018 seconds
[2025-12-07T22:31:04.356+0000] {processor.py:157} INFO - Started process (PID=6855) to work on /opt/airflow/dags/utils/helpers.py
[2025-12-07T22:31:04.357+0000] {processor.py:829} INFO - Processing file /opt/airflow/dags/utils/helpers.py for tasks to queue
[2025-12-07T22:31:04.358+0000] {logging_mixin.py:154} INFO - [2025-12-07T22:31:04.357+0000] {dagbag.py:536} INFO - Filling up the DagBag from /opt/airflow/dags/utils/helpers.py
[2025-12-07T22:31:04.360+0000] {processor.py:841} WARNING - No viable dags retrieved from /opt/airflow/dags/utils/helpers.py
[2025-12-07T22:31:04.376+0000] {processor.py:179} INFO - Processing /opt/airflow/dags/utils/helpers.py took 0.027 seconds
[2025-12-07T22:31:34.884+0000] {processor.py:157} INFO - Started process (PID=6914) to work on /opt/airflow/dags/utils/helpers.py
[2025-12-07T22:31:34.895+0000] {processor.py:829} INFO - Processing file /opt/airflow/dags/utils/helpers.py for tasks to queue
[2025-12-07T22:31:34.896+0000] {logging_mixin.py:154} INFO - [2025-12-07T22:31:34.896+0000] {dagbag.py:536} INFO - Filling up the DagBag from /opt/airflow/dags/utils/helpers.py
[2025-12-07T22:31:34.898+0000] {processor.py:841} WARNING - No viable dags retrieved from /opt/airflow/dags/utils/helpers.py
[2025-12-07T22:31:34.910+0000] {processor.py:179} INFO - Processing /opt/airflow/dags/utils/helpers.py took 0.029 seconds
[2025-12-07T22:32:05.253+0000] {processor.py:157} INFO - Started process (PID=6966) to work on /opt/airflow/dags/utils/helpers.py
[2025-12-07T22:32:05.253+0000] {processor.py:829} INFO - Processing file /opt/airflow/dags/utils/helpers.py for tasks to queue
[2025-12-07T22:32:05.254+0000] {logging_mixin.py:154} INFO - [2025-12-07T22:32:05.254+0000] {dagbag.py:536} INFO - Filling up the DagBag from /opt/airflow/dags/utils/helpers.py
[2025-12-07T22:32:05.256+0000] {processor.py:841} WARNING - No viable dags retrieved from /opt/airflow/dags/utils/helpers.py
[2025-12-07T22:32:05.267+0000] {processor.py:179} INFO - Processing /opt/airflow/dags/utils/helpers.py took 0.017 seconds
[2025-12-07T22:32:35.595+0000] {processor.py:157} INFO - Started process (PID=7025) to work on /opt/airflow/dags/utils/helpers.py
[2025-12-07T22:32:35.599+0000] {processor.py:829} INFO - Processing file /opt/airflow/dags/utils/helpers.py for tasks to queue
[2025-12-07T22:32:35.600+0000] {logging_mixin.py:154} INFO - [2025-12-07T22:32:35.600+0000] {dagbag.py:536} INFO - Filling up the DagBag from /opt/airflow/dags/utils/helpers.py
[2025-12-07T22:32:35.601+0000] {processor.py:841} WARNING - No viable dags retrieved from /opt/airflow/dags/utils/helpers.py
[2025-12-07T22:32:35.613+0000] {processor.py:179} INFO - Processing /opt/airflow/dags/utils/helpers.py took 0.020 seconds
[2025-12-07T22:33:06.034+0000] {processor.py:157} INFO - Started process (PID=7084) to work on /opt/airflow/dags/utils/helpers.py
[2025-12-07T22:33:06.035+0000] {processor.py:829} INFO - Processing file /opt/airflow/dags/utils/helpers.py for tasks to queue
[2025-12-07T22:33:06.036+0000] {logging_mixin.py:154} INFO - [2025-12-07T22:33:06.035+0000] {dagbag.py:536} INFO - Filling up the DagBag from /opt/airflow/dags/utils/helpers.py
[2025-12-07T22:33:06.037+0000] {processor.py:841} WARNING - No viable dags retrieved from /opt/airflow/dags/utils/helpers.py
[2025-12-07T22:33:06.049+0000] {processor.py:179} INFO - Processing /opt/airflow/dags/utils/helpers.py took 0.019 seconds
[2025-12-07T22:33:36.343+0000] {processor.py:157} INFO - Started process (PID=7143) to work on /opt/airflow/dags/utils/helpers.py
[2025-12-07T22:33:36.344+0000] {processor.py:829} INFO - Processing file /opt/airflow/dags/utils/helpers.py for tasks to queue
[2025-12-07T22:33:36.345+0000] {logging_mixin.py:154} INFO - [2025-12-07T22:33:36.345+0000] {dagbag.py:536} INFO - Filling up the DagBag from /opt/airflow/dags/utils/helpers.py
[2025-12-07T22:33:36.347+0000] {processor.py:841} WARNING - No viable dags retrieved from /opt/airflow/dags/utils/helpers.py
[2025-12-07T22:33:36.361+0000] {processor.py:179} INFO - Processing /opt/airflow/dags/utils/helpers.py took 0.021 seconds
[2025-12-07T22:34:06.503+0000] {processor.py:157} INFO - Started process (PID=7202) to work on /opt/airflow/dags/utils/helpers.py
[2025-12-07T22:34:06.504+0000] {processor.py:829} INFO - Processing file /opt/airflow/dags/utils/helpers.py for tasks to queue
[2025-12-07T22:34:06.504+0000] {logging_mixin.py:154} INFO - [2025-12-07T22:34:06.504+0000] {dagbag.py:536} INFO - Filling up the DagBag from /opt/airflow/dags/utils/helpers.py
[2025-12-07T22:34:06.506+0000] {processor.py:841} WARNING - No viable dags retrieved from /opt/airflow/dags/utils/helpers.py
[2025-12-07T22:34:06.517+0000] {processor.py:179} INFO - Processing /opt/airflow/dags/utils/helpers.py took 0.017 seconds
[2025-12-07T22:34:36.822+0000] {processor.py:157} INFO - Started process (PID=7261) to work on /opt/airflow/dags/utils/helpers.py
[2025-12-07T22:34:36.823+0000] {processor.py:829} INFO - Processing file /opt/airflow/dags/utils/helpers.py for tasks to queue
[2025-12-07T22:34:36.824+0000] {logging_mixin.py:154} INFO - [2025-12-07T22:34:36.824+0000] {dagbag.py:536} INFO - Filling up the DagBag from /opt/airflow/dags/utils/helpers.py
[2025-12-07T22:34:36.826+0000] {processor.py:841} WARNING - No viable dags retrieved from /opt/airflow/dags/utils/helpers.py
[2025-12-07T22:34:36.847+0000] {processor.py:179} INFO - Processing /opt/airflow/dags/utils/helpers.py took 0.029 seconds
[2025-12-07T22:35:07.107+0000] {processor.py:157} INFO - Started process (PID=7313) to work on /opt/airflow/dags/utils/helpers.py
[2025-12-07T22:35:07.108+0000] {processor.py:829} INFO - Processing file /opt/airflow/dags/utils/helpers.py for tasks to queue
[2025-12-07T22:35:07.108+0000] {logging_mixin.py:154} INFO - [2025-12-07T22:35:07.108+0000] {dagbag.py:536} INFO - Filling up the DagBag from /opt/airflow/dags/utils/helpers.py
[2025-12-07T22:35:07.110+0000] {processor.py:841} WARNING - No viable dags retrieved from /opt/airflow/dags/utils/helpers.py
[2025-12-07T22:35:07.121+0000] {processor.py:179} INFO - Processing /opt/airflow/dags/utils/helpers.py took 0.016 seconds
[2025-12-07T22:35:37.386+0000] {processor.py:157} INFO - Started process (PID=7372) to work on /opt/airflow/dags/utils/helpers.py
[2025-12-07T22:35:37.388+0000] {processor.py:829} INFO - Processing file /opt/airflow/dags/utils/helpers.py for tasks to queue
[2025-12-07T22:35:37.388+0000] {logging_mixin.py:154} INFO - [2025-12-07T22:35:37.388+0000] {dagbag.py:536} INFO - Filling up the DagBag from /opt/airflow/dags/utils/helpers.py
[2025-12-07T22:35:37.390+0000] {processor.py:841} WARNING - No viable dags retrieved from /opt/airflow/dags/utils/helpers.py
[2025-12-07T22:35:37.402+0000] {processor.py:179} INFO - Processing /opt/airflow/dags/utils/helpers.py took 0.019 seconds
[2025-12-07T22:36:07.637+0000] {processor.py:157} INFO - Started process (PID=7431) to work on /opt/airflow/dags/utils/helpers.py
[2025-12-07T22:36:07.638+0000] {processor.py:829} INFO - Processing file /opt/airflow/dags/utils/helpers.py for tasks to queue
[2025-12-07T22:36:07.638+0000] {logging_mixin.py:154} INFO - [2025-12-07T22:36:07.638+0000] {dagbag.py:536} INFO - Filling up the DagBag from /opt/airflow/dags/utils/helpers.py
[2025-12-07T22:36:07.640+0000] {processor.py:841} WARNING - No viable dags retrieved from /opt/airflow/dags/utils/helpers.py
[2025-12-07T22:36:07.650+0000] {processor.py:179} INFO - Processing /opt/airflow/dags/utils/helpers.py took 0.016 seconds
[2025-12-07T22:36:37.911+0000] {processor.py:157} INFO - Started process (PID=7490) to work on /opt/airflow/dags/utils/helpers.py
[2025-12-07T22:36:37.911+0000] {processor.py:829} INFO - Processing file /opt/airflow/dags/utils/helpers.py for tasks to queue
[2025-12-07T22:36:37.912+0000] {logging_mixin.py:154} INFO - [2025-12-07T22:36:37.912+0000] {dagbag.py:536} INFO - Filling up the DagBag from /opt/airflow/dags/utils/helpers.py
[2025-12-07T22:36:37.913+0000] {processor.py:841} WARNING - No viable dags retrieved from /opt/airflow/dags/utils/helpers.py
[2025-12-07T22:36:37.925+0000] {processor.py:179} INFO - Processing /opt/airflow/dags/utils/helpers.py took 0.017 seconds
[2025-12-07T22:37:08.067+0000] {processor.py:157} INFO - Started process (PID=7549) to work on /opt/airflow/dags/utils/helpers.py
[2025-12-07T22:37:08.068+0000] {processor.py:829} INFO - Processing file /opt/airflow/dags/utils/helpers.py for tasks to queue
[2025-12-07T22:37:08.069+0000] {logging_mixin.py:154} INFO - [2025-12-07T22:37:08.068+0000] {dagbag.py:536} INFO - Filling up the DagBag from /opt/airflow/dags/utils/helpers.py
[2025-12-07T22:37:08.070+0000] {processor.py:841} WARNING - No viable dags retrieved from /opt/airflow/dags/utils/helpers.py
[2025-12-07T22:37:08.081+0000] {processor.py:179} INFO - Processing /opt/airflow/dags/utils/helpers.py took 0.017 seconds
[2025-12-07T22:37:38.209+0000] {processor.py:157} INFO - Started process (PID=7608) to work on /opt/airflow/dags/utils/helpers.py
[2025-12-07T22:37:38.210+0000] {processor.py:829} INFO - Processing file /opt/airflow/dags/utils/helpers.py for tasks to queue
[2025-12-07T22:37:38.210+0000] {logging_mixin.py:154} INFO - [2025-12-07T22:37:38.210+0000] {dagbag.py:536} INFO - Filling up the DagBag from /opt/airflow/dags/utils/helpers.py
[2025-12-07T22:37:38.212+0000] {processor.py:841} WARNING - No viable dags retrieved from /opt/airflow/dags/utils/helpers.py
[2025-12-07T22:37:38.223+0000] {processor.py:179} INFO - Processing /opt/airflow/dags/utils/helpers.py took 0.017 seconds
[2025-12-07T22:38:08.401+0000] {processor.py:157} INFO - Started process (PID=7660) to work on /opt/airflow/dags/utils/helpers.py
[2025-12-07T22:38:08.402+0000] {processor.py:829} INFO - Processing file /opt/airflow/dags/utils/helpers.py for tasks to queue
[2025-12-07T22:38:08.403+0000] {logging_mixin.py:154} INFO - [2025-12-07T22:38:08.402+0000] {dagbag.py:536} INFO - Filling up the DagBag from /opt/airflow/dags/utils/helpers.py
[2025-12-07T22:38:08.404+0000] {processor.py:841} WARNING - No viable dags retrieved from /opt/airflow/dags/utils/helpers.py
[2025-12-07T22:38:08.414+0000] {processor.py:179} INFO - Processing /opt/airflow/dags/utils/helpers.py took 0.015 seconds
[2025-12-07T22:38:39.375+0000] {processor.py:157} INFO - Started process (PID=7719) to work on /opt/airflow/dags/utils/helpers.py
[2025-12-07T22:38:39.377+0000] {processor.py:829} INFO - Processing file /opt/airflow/dags/utils/helpers.py for tasks to queue
[2025-12-07T22:38:39.377+0000] {logging_mixin.py:154} INFO - [2025-12-07T22:38:39.377+0000] {dagbag.py:536} INFO - Filling up the DagBag from /opt/airflow/dags/utils/helpers.py
[2025-12-07T22:38:39.379+0000] {processor.py:841} WARNING - No viable dags retrieved from /opt/airflow/dags/utils/helpers.py
[2025-12-07T22:38:39.389+0000] {processor.py:179} INFO - Processing /opt/airflow/dags/utils/helpers.py took 0.016 seconds
[2025-12-07T22:39:09.676+0000] {processor.py:157} INFO - Started process (PID=7776) to work on /opt/airflow/dags/utils/helpers.py
[2025-12-07T22:39:09.677+0000] {processor.py:829} INFO - Processing file /opt/airflow/dags/utils/helpers.py for tasks to queue
[2025-12-07T22:39:09.677+0000] {logging_mixin.py:154} INFO - [2025-12-07T22:39:09.677+0000] {dagbag.py:536} INFO - Filling up the DagBag from /opt/airflow/dags/utils/helpers.py
[2025-12-07T22:39:09.679+0000] {processor.py:841} WARNING - No viable dags retrieved from /opt/airflow/dags/utils/helpers.py
[2025-12-07T22:39:09.691+0000] {processor.py:179} INFO - Processing /opt/airflow/dags/utils/helpers.py took 0.019 seconds
[2025-12-07T22:39:40.370+0000] {processor.py:157} INFO - Started process (PID=7820) to work on /opt/airflow/dags/utils/helpers.py
[2025-12-07T22:39:40.371+0000] {processor.py:829} INFO - Processing file /opt/airflow/dags/utils/helpers.py for tasks to queue
[2025-12-07T22:39:40.372+0000] {logging_mixin.py:154} INFO - [2025-12-07T22:39:40.372+0000] {dagbag.py:536} INFO - Filling up the DagBag from /opt/airflow/dags/utils/helpers.py
[2025-12-07T22:39:40.374+0000] {processor.py:841} WARNING - No viable dags retrieved from /opt/airflow/dags/utils/helpers.py
[2025-12-07T22:39:40.388+0000] {processor.py:179} INFO - Processing /opt/airflow/dags/utils/helpers.py took 0.021 seconds
[2025-12-07T22:40:10.809+0000] {processor.py:157} INFO - Started process (PID=7879) to work on /opt/airflow/dags/utils/helpers.py
[2025-12-07T22:40:10.810+0000] {processor.py:829} INFO - Processing file /opt/airflow/dags/utils/helpers.py for tasks to queue
[2025-12-07T22:40:10.810+0000] {logging_mixin.py:154} INFO - [2025-12-07T22:40:10.810+0000] {dagbag.py:536} INFO - Filling up the DagBag from /opt/airflow/dags/utils/helpers.py
[2025-12-07T22:40:10.812+0000] {processor.py:841} WARNING - No viable dags retrieved from /opt/airflow/dags/utils/helpers.py
[2025-12-07T22:40:10.822+0000] {processor.py:179} INFO - Processing /opt/airflow/dags/utils/helpers.py took 0.016 seconds
[2025-12-07T22:40:41.045+0000] {processor.py:157} INFO - Started process (PID=7938) to work on /opt/airflow/dags/utils/helpers.py
[2025-12-07T22:40:41.046+0000] {processor.py:829} INFO - Processing file /opt/airflow/dags/utils/helpers.py for tasks to queue
[2025-12-07T22:40:41.047+0000] {logging_mixin.py:154} INFO - [2025-12-07T22:40:41.046+0000] {dagbag.py:536} INFO - Filling up the DagBag from /opt/airflow/dags/utils/helpers.py
[2025-12-07T22:40:41.048+0000] {processor.py:841} WARNING - No viable dags retrieved from /opt/airflow/dags/utils/helpers.py
[2025-12-07T22:40:41.059+0000] {processor.py:179} INFO - Processing /opt/airflow/dags/utils/helpers.py took 0.016 seconds
[2025-12-07T22:41:11.417+0000] {processor.py:157} INFO - Started process (PID=7997) to work on /opt/airflow/dags/utils/helpers.py
[2025-12-07T22:41:11.419+0000] {processor.py:829} INFO - Processing file /opt/airflow/dags/utils/helpers.py for tasks to queue
[2025-12-07T22:41:11.419+0000] {logging_mixin.py:154} INFO - [2025-12-07T22:41:11.419+0000] {dagbag.py:536} INFO - Filling up the DagBag from /opt/airflow/dags/utils/helpers.py
[2025-12-07T22:41:11.421+0000] {processor.py:841} WARNING - No viable dags retrieved from /opt/airflow/dags/utils/helpers.py
[2025-12-07T22:41:11.434+0000] {processor.py:179} INFO - Processing /opt/airflow/dags/utils/helpers.py took 0.021 seconds
[2025-12-07T22:41:41.782+0000] {processor.py:157} INFO - Started process (PID=8056) to work on /opt/airflow/dags/utils/helpers.py
[2025-12-07T22:41:41.783+0000] {processor.py:829} INFO - Processing file /opt/airflow/dags/utils/helpers.py for tasks to queue
[2025-12-07T22:41:41.783+0000] {logging_mixin.py:154} INFO - [2025-12-07T22:41:41.783+0000] {dagbag.py:536} INFO - Filling up the DagBag from /opt/airflow/dags/utils/helpers.py
[2025-12-07T22:41:41.785+0000] {processor.py:841} WARNING - No viable dags retrieved from /opt/airflow/dags/utils/helpers.py
[2025-12-07T22:41:41.797+0000] {processor.py:179} INFO - Processing /opt/airflow/dags/utils/helpers.py took 0.019 seconds
[2025-12-07T22:42:12.181+0000] {processor.py:157} INFO - Started process (PID=8108) to work on /opt/airflow/dags/utils/helpers.py
[2025-12-07T22:42:12.182+0000] {processor.py:829} INFO - Processing file /opt/airflow/dags/utils/helpers.py for tasks to queue
[2025-12-07T22:42:12.183+0000] {logging_mixin.py:154} INFO - [2025-12-07T22:42:12.182+0000] {dagbag.py:536} INFO - Filling up the DagBag from /opt/airflow/dags/utils/helpers.py
[2025-12-07T22:42:12.184+0000] {processor.py:841} WARNING - No viable dags retrieved from /opt/airflow/dags/utils/helpers.py
[2025-12-07T22:42:12.195+0000] {processor.py:179} INFO - Processing /opt/airflow/dags/utils/helpers.py took 0.016 seconds
[2025-12-07T22:42:43.078+0000] {processor.py:157} INFO - Started process (PID=8167) to work on /opt/airflow/dags/utils/helpers.py
[2025-12-07T22:42:43.079+0000] {processor.py:829} INFO - Processing file /opt/airflow/dags/utils/helpers.py for tasks to queue
[2025-12-07T22:42:43.079+0000] {logging_mixin.py:154} INFO - [2025-12-07T22:42:43.079+0000] {dagbag.py:536} INFO - Filling up the DagBag from /opt/airflow/dags/utils/helpers.py
[2025-12-07T22:42:43.081+0000] {processor.py:841} WARNING - No viable dags retrieved from /opt/airflow/dags/utils/helpers.py
[2025-12-07T22:42:43.091+0000] {processor.py:179} INFO - Processing /opt/airflow/dags/utils/helpers.py took 0.016 seconds
[2025-12-07T22:43:13.533+0000] {processor.py:157} INFO - Started process (PID=8226) to work on /opt/airflow/dags/utils/helpers.py
[2025-12-07T22:43:13.534+0000] {processor.py:829} INFO - Processing file /opt/airflow/dags/utils/helpers.py for tasks to queue
[2025-12-07T22:43:13.535+0000] {logging_mixin.py:154} INFO - [2025-12-07T22:43:13.535+0000] {dagbag.py:536} INFO - Filling up the DagBag from /opt/airflow/dags/utils/helpers.py
[2025-12-07T22:43:13.537+0000] {processor.py:841} WARNING - No viable dags retrieved from /opt/airflow/dags/utils/helpers.py
[2025-12-07T22:43:13.554+0000] {processor.py:179} INFO - Processing /opt/airflow/dags/utils/helpers.py took 0.025 seconds
[2025-12-07T22:43:44.035+0000] {processor.py:157} INFO - Started process (PID=8285) to work on /opt/airflow/dags/utils/helpers.py
[2025-12-07T22:43:44.036+0000] {processor.py:829} INFO - Processing file /opt/airflow/dags/utils/helpers.py for tasks to queue
[2025-12-07T22:43:44.037+0000] {logging_mixin.py:154} INFO - [2025-12-07T22:43:44.036+0000] {dagbag.py:536} INFO - Filling up the DagBag from /opt/airflow/dags/utils/helpers.py
[2025-12-07T22:43:44.038+0000] {processor.py:841} WARNING - No viable dags retrieved from /opt/airflow/dags/utils/helpers.py
[2025-12-07T22:43:44.049+0000] {processor.py:179} INFO - Processing /opt/airflow/dags/utils/helpers.py took 0.016 seconds
[2025-12-07T22:44:14.924+0000] {processor.py:157} INFO - Started process (PID=8344) to work on /opt/airflow/dags/utils/helpers.py
[2025-12-07T22:44:14.925+0000] {processor.py:829} INFO - Processing file /opt/airflow/dags/utils/helpers.py for tasks to queue
[2025-12-07T22:44:14.926+0000] {logging_mixin.py:154} INFO - [2025-12-07T22:44:14.926+0000] {dagbag.py:536} INFO - Filling up the DagBag from /opt/airflow/dags/utils/helpers.py
[2025-12-07T22:44:14.928+0000] {processor.py:841} WARNING - No viable dags retrieved from /opt/airflow/dags/utils/helpers.py
[2025-12-07T22:44:14.941+0000] {processor.py:179} INFO - Processing /opt/airflow/dags/utils/helpers.py took 0.020 seconds
[2025-12-07T22:44:45.087+0000] {processor.py:157} INFO - Started process (PID=8403) to work on /opt/airflow/dags/utils/helpers.py
[2025-12-07T22:44:45.088+0000] {processor.py:829} INFO - Processing file /opt/airflow/dags/utils/helpers.py for tasks to queue
[2025-12-07T22:44:45.089+0000] {logging_mixin.py:154} INFO - [2025-12-07T22:44:45.089+0000] {dagbag.py:536} INFO - Filling up the DagBag from /opt/airflow/dags/utils/helpers.py
[2025-12-07T22:44:45.091+0000] {processor.py:841} WARNING - No viable dags retrieved from /opt/airflow/dags/utils/helpers.py
[2025-12-07T22:44:45.103+0000] {processor.py:179} INFO - Processing /opt/airflow/dags/utils/helpers.py took 0.019 seconds
[2025-12-07T22:45:15.945+0000] {processor.py:157} INFO - Started process (PID=8462) to work on /opt/airflow/dags/utils/helpers.py
[2025-12-07T22:45:15.947+0000] {processor.py:829} INFO - Processing file /opt/airflow/dags/utils/helpers.py for tasks to queue
[2025-12-07T22:45:15.947+0000] {logging_mixin.py:154} INFO - [2025-12-07T22:45:15.947+0000] {dagbag.py:536} INFO - Filling up the DagBag from /opt/airflow/dags/utils/helpers.py
[2025-12-07T22:45:15.949+0000] {processor.py:841} WARNING - No viable dags retrieved from /opt/airflow/dags/utils/helpers.py
[2025-12-07T22:45:15.963+0000] {processor.py:179} INFO - Processing /opt/airflow/dags/utils/helpers.py took 0.021 seconds
[2025-12-07T22:45:46.484+0000] {processor.py:157} INFO - Started process (PID=8521) to work on /opt/airflow/dags/utils/helpers.py
[2025-12-07T22:45:46.485+0000] {processor.py:829} INFO - Processing file /opt/airflow/dags/utils/helpers.py for tasks to queue
[2025-12-07T22:45:46.486+0000] {logging_mixin.py:154} INFO - [2025-12-07T22:45:46.485+0000] {dagbag.py:536} INFO - Filling up the DagBag from /opt/airflow/dags/utils/helpers.py
[2025-12-07T22:45:46.487+0000] {processor.py:841} WARNING - No viable dags retrieved from /opt/airflow/dags/utils/helpers.py
[2025-12-07T22:45:46.499+0000] {processor.py:179} INFO - Processing /opt/airflow/dags/utils/helpers.py took 0.017 seconds
[2025-12-07T22:46:16.806+0000] {processor.py:157} INFO - Started process (PID=8573) to work on /opt/airflow/dags/utils/helpers.py
[2025-12-07T22:46:16.807+0000] {processor.py:829} INFO - Processing file /opt/airflow/dags/utils/helpers.py for tasks to queue
[2025-12-07T22:46:16.807+0000] {logging_mixin.py:154} INFO - [2025-12-07T22:46:16.807+0000] {dagbag.py:536} INFO - Filling up the DagBag from /opt/airflow/dags/utils/helpers.py
[2025-12-07T22:46:16.809+0000] {processor.py:841} WARNING - No viable dags retrieved from /opt/airflow/dags/utils/helpers.py
[2025-12-07T22:46:16.820+0000] {processor.py:179} INFO - Processing /opt/airflow/dags/utils/helpers.py took 0.017 seconds
[2025-12-07T22:46:46.902+0000] {processor.py:157} INFO - Started process (PID=8632) to work on /opt/airflow/dags/utils/helpers.py
[2025-12-07T22:46:46.903+0000] {processor.py:829} INFO - Processing file /opt/airflow/dags/utils/helpers.py for tasks to queue
[2025-12-07T22:46:46.904+0000] {logging_mixin.py:154} INFO - [2025-12-07T22:46:46.904+0000] {dagbag.py:536} INFO - Filling up the DagBag from /opt/airflow/dags/utils/helpers.py
[2025-12-07T22:46:46.905+0000] {processor.py:841} WARNING - No viable dags retrieved from /opt/airflow/dags/utils/helpers.py
[2025-12-07T22:46:46.919+0000] {processor.py:179} INFO - Processing /opt/airflow/dags/utils/helpers.py took 0.021 seconds
[2025-12-07T22:47:17.149+0000] {processor.py:157} INFO - Started process (PID=8691) to work on /opt/airflow/dags/utils/helpers.py
[2025-12-07T22:47:17.150+0000] {processor.py:829} INFO - Processing file /opt/airflow/dags/utils/helpers.py for tasks to queue
[2025-12-07T22:47:17.151+0000] {logging_mixin.py:154} INFO - [2025-12-07T22:47:17.151+0000] {dagbag.py:536} INFO - Filling up the DagBag from /opt/airflow/dags/utils/helpers.py
[2025-12-07T22:47:17.153+0000] {processor.py:841} WARNING - No viable dags retrieved from /opt/airflow/dags/utils/helpers.py
[2025-12-07T22:47:17.164+0000] {processor.py:179} INFO - Processing /opt/airflow/dags/utils/helpers.py took 0.018 seconds
[2025-12-07T22:47:47.354+0000] {processor.py:157} INFO - Started process (PID=8750) to work on /opt/airflow/dags/utils/helpers.py
[2025-12-07T22:47:47.354+0000] {processor.py:829} INFO - Processing file /opt/airflow/dags/utils/helpers.py for tasks to queue
[2025-12-07T22:47:47.355+0000] {logging_mixin.py:154} INFO - [2025-12-07T22:47:47.355+0000] {dagbag.py:536} INFO - Filling up the DagBag from /opt/airflow/dags/utils/helpers.py
[2025-12-07T22:47:47.356+0000] {processor.py:841} WARNING - No viable dags retrieved from /opt/airflow/dags/utils/helpers.py
[2025-12-07T22:47:47.367+0000] {processor.py:179} INFO - Processing /opt/airflow/dags/utils/helpers.py took 0.017 seconds
[2025-12-07T22:48:17.545+0000] {processor.py:157} INFO - Started process (PID=8807) to work on /opt/airflow/dags/utils/helpers.py
[2025-12-07T22:48:17.546+0000] {processor.py:829} INFO - Processing file /opt/airflow/dags/utils/helpers.py for tasks to queue
[2025-12-07T22:48:17.547+0000] {logging_mixin.py:154} INFO - [2025-12-07T22:48:17.546+0000] {dagbag.py:536} INFO - Filling up the DagBag from /opt/airflow/dags/utils/helpers.py
[2025-12-07T22:48:17.548+0000] {processor.py:841} WARNING - No viable dags retrieved from /opt/airflow/dags/utils/helpers.py
[2025-12-07T22:48:17.559+0000] {processor.py:179} INFO - Processing /opt/airflow/dags/utils/helpers.py took 0.017 seconds
[2025-12-07T22:48:47.811+0000] {processor.py:157} INFO - Started process (PID=8854) to work on /opt/airflow/dags/utils/helpers.py
[2025-12-07T22:48:47.812+0000] {processor.py:829} INFO - Processing file /opt/airflow/dags/utils/helpers.py for tasks to queue
[2025-12-07T22:48:47.812+0000] {logging_mixin.py:154} INFO - [2025-12-07T22:48:47.812+0000] {dagbag.py:536} INFO - Filling up the DagBag from /opt/airflow/dags/utils/helpers.py
[2025-12-07T22:48:47.814+0000] {processor.py:841} WARNING - No viable dags retrieved from /opt/airflow/dags/utils/helpers.py
[2025-12-07T22:48:47.825+0000] {processor.py:179} INFO - Processing /opt/airflow/dags/utils/helpers.py took 0.017 seconds
[2025-12-07T22:49:18.181+0000] {processor.py:157} INFO - Started process (PID=8903) to work on /opt/airflow/dags/utils/helpers.py
[2025-12-07T22:49:18.182+0000] {processor.py:829} INFO - Processing file /opt/airflow/dags/utils/helpers.py for tasks to queue
[2025-12-07T22:49:18.182+0000] {logging_mixin.py:154} INFO - [2025-12-07T22:49:18.182+0000] {dagbag.py:536} INFO - Filling up the DagBag from /opt/airflow/dags/utils/helpers.py
[2025-12-07T22:49:18.184+0000] {processor.py:841} WARNING - No viable dags retrieved from /opt/airflow/dags/utils/helpers.py
[2025-12-07T22:49:18.197+0000] {processor.py:179} INFO - Processing /opt/airflow/dags/utils/helpers.py took 0.019 seconds
[2025-12-07T22:49:48.591+0000] {processor.py:157} INFO - Started process (PID=8962) to work on /opt/airflow/dags/utils/helpers.py
[2025-12-07T22:49:48.593+0000] {processor.py:829} INFO - Processing file /opt/airflow/dags/utils/helpers.py for tasks to queue
[2025-12-07T22:49:48.594+0000] {logging_mixin.py:154} INFO - [2025-12-07T22:49:48.593+0000] {dagbag.py:536} INFO - Filling up the DagBag from /opt/airflow/dags/utils/helpers.py
[2025-12-07T22:49:48.596+0000] {processor.py:841} WARNING - No viable dags retrieved from /opt/airflow/dags/utils/helpers.py
[2025-12-07T22:49:48.611+0000] {processor.py:179} INFO - Processing /opt/airflow/dags/utils/helpers.py took 0.025 seconds
[2025-12-07T22:50:18.704+0000] {processor.py:157} INFO - Started process (PID=9021) to work on /opt/airflow/dags/utils/helpers.py
[2025-12-07T22:50:18.705+0000] {processor.py:829} INFO - Processing file /opt/airflow/dags/utils/helpers.py for tasks to queue
[2025-12-07T22:50:18.705+0000] {logging_mixin.py:154} INFO - [2025-12-07T22:50:18.705+0000] {dagbag.py:536} INFO - Filling up the DagBag from /opt/airflow/dags/utils/helpers.py
[2025-12-07T22:50:18.707+0000] {processor.py:841} WARNING - No viable dags retrieved from /opt/airflow/dags/utils/helpers.py
[2025-12-07T22:50:18.719+0000] {processor.py:179} INFO - Processing /opt/airflow/dags/utils/helpers.py took 0.018 seconds
[2025-12-07T22:50:49.003+0000] {processor.py:157} INFO - Started process (PID=9080) to work on /opt/airflow/dags/utils/helpers.py
[2025-12-07T22:50:49.004+0000] {processor.py:829} INFO - Processing file /opt/airflow/dags/utils/helpers.py for tasks to queue
[2025-12-07T22:50:49.004+0000] {logging_mixin.py:154} INFO - [2025-12-07T22:50:49.004+0000] {dagbag.py:536} INFO - Filling up the DagBag from /opt/airflow/dags/utils/helpers.py
[2025-12-07T22:50:49.006+0000] {processor.py:841} WARNING - No viable dags retrieved from /opt/airflow/dags/utils/helpers.py
[2025-12-07T22:50:49.016+0000] {processor.py:179} INFO - Processing /opt/airflow/dags/utils/helpers.py took 0.017 seconds
[2025-12-07T22:51:19.397+0000] {processor.py:157} INFO - Started process (PID=9139) to work on /opt/airflow/dags/utils/helpers.py
[2025-12-07T22:51:19.398+0000] {processor.py:829} INFO - Processing file /opt/airflow/dags/utils/helpers.py for tasks to queue
[2025-12-07T22:51:19.399+0000] {logging_mixin.py:154} INFO - [2025-12-07T22:51:19.399+0000] {dagbag.py:536} INFO - Filling up the DagBag from /opt/airflow/dags/utils/helpers.py
[2025-12-07T22:51:19.400+0000] {processor.py:841} WARNING - No viable dags retrieved from /opt/airflow/dags/utils/helpers.py
[2025-12-07T22:51:19.412+0000] {processor.py:179} INFO - Processing /opt/airflow/dags/utils/helpers.py took 0.018 seconds
[2025-12-07T22:51:49.781+0000] {processor.py:157} INFO - Started process (PID=9198) to work on /opt/airflow/dags/utils/helpers.py
[2025-12-07T22:51:49.782+0000] {processor.py:829} INFO - Processing file /opt/airflow/dags/utils/helpers.py for tasks to queue
[2025-12-07T22:51:49.782+0000] {logging_mixin.py:154} INFO - [2025-12-07T22:51:49.782+0000] {dagbag.py:536} INFO - Filling up the DagBag from /opt/airflow/dags/utils/helpers.py
[2025-12-07T22:51:49.784+0000] {processor.py:841} WARNING - No viable dags retrieved from /opt/airflow/dags/utils/helpers.py
[2025-12-07T22:51:49.797+0000] {processor.py:179} INFO - Processing /opt/airflow/dags/utils/helpers.py took 0.019 seconds
[2025-12-07T22:52:20.641+0000] {processor.py:157} INFO - Started process (PID=9257) to work on /opt/airflow/dags/utils/helpers.py
[2025-12-07T22:52:20.642+0000] {processor.py:829} INFO - Processing file /opt/airflow/dags/utils/helpers.py for tasks to queue
[2025-12-07T22:52:20.643+0000] {logging_mixin.py:154} INFO - [2025-12-07T22:52:20.643+0000] {dagbag.py:536} INFO - Filling up the DagBag from /opt/airflow/dags/utils/helpers.py
[2025-12-07T22:52:20.647+0000] {processor.py:841} WARNING - No viable dags retrieved from /opt/airflow/dags/utils/helpers.py
[2025-12-07T22:52:20.665+0000] {processor.py:179} INFO - Processing /opt/airflow/dags/utils/helpers.py took 0.028 seconds
[2025-12-07T22:52:50.962+0000] {processor.py:157} INFO - Started process (PID=9309) to work on /opt/airflow/dags/utils/helpers.py
[2025-12-07T22:52:50.963+0000] {processor.py:829} INFO - Processing file /opt/airflow/dags/utils/helpers.py for tasks to queue
[2025-12-07T22:52:50.964+0000] {logging_mixin.py:154} INFO - [2025-12-07T22:52:50.963+0000] {dagbag.py:536} INFO - Filling up the DagBag from /opt/airflow/dags/utils/helpers.py
[2025-12-07T22:52:50.965+0000] {processor.py:841} WARNING - No viable dags retrieved from /opt/airflow/dags/utils/helpers.py
[2025-12-07T22:52:50.976+0000] {processor.py:179} INFO - Processing /opt/airflow/dags/utils/helpers.py took 0.017 seconds
[2025-12-07T22:53:21.131+0000] {processor.py:157} INFO - Started process (PID=9368) to work on /opt/airflow/dags/utils/helpers.py
[2025-12-07T22:53:21.132+0000] {processor.py:829} INFO - Processing file /opt/airflow/dags/utils/helpers.py for tasks to queue
[2025-12-07T22:53:21.132+0000] {logging_mixin.py:154} INFO - [2025-12-07T22:53:21.132+0000] {dagbag.py:536} INFO - Filling up the DagBag from /opt/airflow/dags/utils/helpers.py
[2025-12-07T22:53:21.134+0000] {processor.py:841} WARNING - No viable dags retrieved from /opt/airflow/dags/utils/helpers.py
[2025-12-07T22:53:21.144+0000] {processor.py:179} INFO - Processing /opt/airflow/dags/utils/helpers.py took 0.016 seconds
[2025-12-07T22:53:51.358+0000] {processor.py:157} INFO - Started process (PID=9427) to work on /opt/airflow/dags/utils/helpers.py
[2025-12-07T22:53:51.359+0000] {processor.py:829} INFO - Processing file /opt/airflow/dags/utils/helpers.py for tasks to queue
[2025-12-07T22:53:51.360+0000] {logging_mixin.py:154} INFO - [2025-12-07T22:53:51.359+0000] {dagbag.py:536} INFO - Filling up the DagBag from /opt/airflow/dags/utils/helpers.py
[2025-12-07T22:53:51.361+0000] {processor.py:841} WARNING - No viable dags retrieved from /opt/airflow/dags/utils/helpers.py
[2025-12-07T22:53:51.372+0000] {processor.py:179} INFO - Processing /opt/airflow/dags/utils/helpers.py took 0.017 seconds
[2025-12-07T22:54:21.400+0000] {processor.py:157} INFO - Started process (PID=9486) to work on /opt/airflow/dags/utils/helpers.py
[2025-12-07T22:54:21.401+0000] {processor.py:829} INFO - Processing file /opt/airflow/dags/utils/helpers.py for tasks to queue
[2025-12-07T22:54:21.402+0000] {logging_mixin.py:154} INFO - [2025-12-07T22:54:21.402+0000] {dagbag.py:536} INFO - Filling up the DagBag from /opt/airflow/dags/utils/helpers.py
[2025-12-07T22:54:21.404+0000] {processor.py:841} WARNING - No viable dags retrieved from /opt/airflow/dags/utils/helpers.py
[2025-12-07T22:54:21.416+0000] {processor.py:179} INFO - Processing /opt/airflow/dags/utils/helpers.py took 0.020 seconds
[2025-12-07T22:54:51.831+0000] {processor.py:157} INFO - Started process (PID=9542) to work on /opt/airflow/dags/utils/helpers.py
[2025-12-07T22:54:51.832+0000] {processor.py:829} INFO - Processing file /opt/airflow/dags/utils/helpers.py for tasks to queue
[2025-12-07T22:54:51.833+0000] {logging_mixin.py:154} INFO - [2025-12-07T22:54:51.832+0000] {dagbag.py:536} INFO - Filling up the DagBag from /opt/airflow/dags/utils/helpers.py
[2025-12-07T22:54:51.835+0000] {processor.py:841} WARNING - No viable dags retrieved from /opt/airflow/dags/utils/helpers.py
[2025-12-07T22:54:51.849+0000] {processor.py:179} INFO - Processing /opt/airflow/dags/utils/helpers.py took 0.022 seconds
[2025-12-07T22:55:21.909+0000] {processor.py:157} INFO - Started process (PID=9598) to work on /opt/airflow/dags/utils/helpers.py
[2025-12-07T22:55:21.910+0000] {processor.py:829} INFO - Processing file /opt/airflow/dags/utils/helpers.py for tasks to queue
[2025-12-07T22:55:21.910+0000] {logging_mixin.py:154} INFO - [2025-12-07T22:55:21.910+0000] {dagbag.py:536} INFO - Filling up the DagBag from /opt/airflow/dags/utils/helpers.py
[2025-12-07T22:55:21.912+0000] {processor.py:841} WARNING - No viable dags retrieved from /opt/airflow/dags/utils/helpers.py
[2025-12-07T22:55:21.922+0000] {processor.py:179} INFO - Processing /opt/airflow/dags/utils/helpers.py took 0.016 seconds
[2025-12-07T22:55:52.020+0000] {processor.py:157} INFO - Started process (PID=9657) to work on /opt/airflow/dags/utils/helpers.py
[2025-12-07T22:55:52.021+0000] {processor.py:829} INFO - Processing file /opt/airflow/dags/utils/helpers.py for tasks to queue
[2025-12-07T22:55:52.021+0000] {logging_mixin.py:154} INFO - [2025-12-07T22:55:52.021+0000] {dagbag.py:536} INFO - Filling up the DagBag from /opt/airflow/dags/utils/helpers.py
[2025-12-07T22:55:52.023+0000] {processor.py:841} WARNING - No viable dags retrieved from /opt/airflow/dags/utils/helpers.py
[2025-12-07T22:55:52.038+0000] {processor.py:179} INFO - Processing /opt/airflow/dags/utils/helpers.py took 0.023 seconds
[2025-12-07T22:56:22.176+0000] {processor.py:157} INFO - Started process (PID=9716) to work on /opt/airflow/dags/utils/helpers.py
[2025-12-07T22:56:22.177+0000] {processor.py:829} INFO - Processing file /opt/airflow/dags/utils/helpers.py for tasks to queue
[2025-12-07T22:56:22.178+0000] {logging_mixin.py:154} INFO - [2025-12-07T22:56:22.178+0000] {dagbag.py:536} INFO - Filling up the DagBag from /opt/airflow/dags/utils/helpers.py
[2025-12-07T22:56:22.181+0000] {processor.py:841} WARNING - No viable dags retrieved from /opt/airflow/dags/utils/helpers.py
[2025-12-07T22:56:22.195+0000] {processor.py:179} INFO - Processing /opt/airflow/dags/utils/helpers.py took 0.023 seconds
[2025-12-07T22:56:52.292+0000] {processor.py:157} INFO - Started process (PID=9768) to work on /opt/airflow/dags/utils/helpers.py
[2025-12-07T22:56:52.293+0000] {processor.py:829} INFO - Processing file /opt/airflow/dags/utils/helpers.py for tasks to queue
[2025-12-07T22:56:52.294+0000] {logging_mixin.py:154} INFO - [2025-12-07T22:56:52.294+0000] {dagbag.py:536} INFO - Filling up the DagBag from /opt/airflow/dags/utils/helpers.py
[2025-12-07T22:56:52.296+0000] {processor.py:841} WARNING - No viable dags retrieved from /opt/airflow/dags/utils/helpers.py
[2025-12-07T22:56:52.307+0000] {processor.py:179} INFO - Processing /opt/airflow/dags/utils/helpers.py took 0.018 seconds
[2025-12-07T22:57:22.433+0000] {processor.py:157} INFO - Started process (PID=9827) to work on /opt/airflow/dags/utils/helpers.py
[2025-12-07T22:57:22.434+0000] {processor.py:829} INFO - Processing file /opt/airflow/dags/utils/helpers.py for tasks to queue
[2025-12-07T22:57:22.434+0000] {logging_mixin.py:154} INFO - [2025-12-07T22:57:22.434+0000] {dagbag.py:536} INFO - Filling up the DagBag from /opt/airflow/dags/utils/helpers.py
[2025-12-07T22:57:22.436+0000] {processor.py:841} WARNING - No viable dags retrieved from /opt/airflow/dags/utils/helpers.py
[2025-12-07T22:57:22.448+0000] {processor.py:179} INFO - Processing /opt/airflow/dags/utils/helpers.py took 0.018 seconds
[2025-12-07T22:57:52.580+0000] {processor.py:157} INFO - Started process (PID=9885) to work on /opt/airflow/dags/utils/helpers.py
[2025-12-07T22:57:52.581+0000] {processor.py:829} INFO - Processing file /opt/airflow/dags/utils/helpers.py for tasks to queue
[2025-12-07T22:57:52.582+0000] {logging_mixin.py:154} INFO - [2025-12-07T22:57:52.581+0000] {dagbag.py:536} INFO - Filling up the DagBag from /opt/airflow/dags/utils/helpers.py
[2025-12-07T22:57:52.584+0000] {processor.py:841} WARNING - No viable dags retrieved from /opt/airflow/dags/utils/helpers.py
[2025-12-07T22:57:52.596+0000] {processor.py:179} INFO - Processing /opt/airflow/dags/utils/helpers.py took 0.020 seconds
[2025-12-07T22:58:22.621+0000] {processor.py:157} INFO - Started process (PID=9929) to work on /opt/airflow/dags/utils/helpers.py
[2025-12-07T22:58:22.622+0000] {processor.py:829} INFO - Processing file /opt/airflow/dags/utils/helpers.py for tasks to queue
[2025-12-07T22:58:22.622+0000] {logging_mixin.py:154} INFO - [2025-12-07T22:58:22.622+0000] {dagbag.py:536} INFO - Filling up the DagBag from /opt/airflow/dags/utils/helpers.py
[2025-12-07T22:58:22.624+0000] {processor.py:841} WARNING - No viable dags retrieved from /opt/airflow/dags/utils/helpers.py
[2025-12-07T22:58:22.635+0000] {processor.py:179} INFO - Processing /opt/airflow/dags/utils/helpers.py took 0.017 seconds
[2025-12-07T22:58:53.020+0000] {processor.py:157} INFO - Started process (PID=9988) to work on /opt/airflow/dags/utils/helpers.py
[2025-12-07T22:58:53.022+0000] {processor.py:829} INFO - Processing file /opt/airflow/dags/utils/helpers.py for tasks to queue
[2025-12-07T22:58:53.022+0000] {logging_mixin.py:154} INFO - [2025-12-07T22:58:53.022+0000] {dagbag.py:536} INFO - Filling up the DagBag from /opt/airflow/dags/utils/helpers.py
[2025-12-07T22:58:53.024+0000] {processor.py:841} WARNING - No viable dags retrieved from /opt/airflow/dags/utils/helpers.py
[2025-12-07T22:58:53.036+0000] {processor.py:179} INFO - Processing /opt/airflow/dags/utils/helpers.py took 0.020 seconds
[2025-12-07T22:59:23.088+0000] {processor.py:157} INFO - Started process (PID=10047) to work on /opt/airflow/dags/utils/helpers.py
[2025-12-07T22:59:23.089+0000] {processor.py:829} INFO - Processing file /opt/airflow/dags/utils/helpers.py for tasks to queue
[2025-12-07T22:59:23.090+0000] {logging_mixin.py:154} INFO - [2025-12-07T22:59:23.090+0000] {dagbag.py:536} INFO - Filling up the DagBag from /opt/airflow/dags/utils/helpers.py
[2025-12-07T22:59:23.092+0000] {processor.py:841} WARNING - No viable dags retrieved from /opt/airflow/dags/utils/helpers.py
[2025-12-07T22:59:23.105+0000] {processor.py:179} INFO - Processing /opt/airflow/dags/utils/helpers.py took 0.021 seconds
[2025-12-07T22:59:53.247+0000] {processor.py:157} INFO - Started process (PID=10106) to work on /opt/airflow/dags/utils/helpers.py
[2025-12-07T22:59:53.248+0000] {processor.py:829} INFO - Processing file /opt/airflow/dags/utils/helpers.py for tasks to queue
[2025-12-07T22:59:53.249+0000] {logging_mixin.py:154} INFO - [2025-12-07T22:59:53.249+0000] {dagbag.py:536} INFO - Filling up the DagBag from /opt/airflow/dags/utils/helpers.py
[2025-12-07T22:59:53.251+0000] {processor.py:841} WARNING - No viable dags retrieved from /opt/airflow/dags/utils/helpers.py
[2025-12-07T22:59:53.262+0000] {processor.py:179} INFO - Processing /opt/airflow/dags/utils/helpers.py took 0.018 seconds
[2025-12-07T23:00:23.678+0000] {processor.py:157} INFO - Started process (PID=10165) to work on /opt/airflow/dags/utils/helpers.py
[2025-12-07T23:00:23.679+0000] {processor.py:829} INFO - Processing file /opt/airflow/dags/utils/helpers.py for tasks to queue
[2025-12-07T23:00:23.679+0000] {logging_mixin.py:154} INFO - [2025-12-07T23:00:23.679+0000] {dagbag.py:536} INFO - Filling up the DagBag from /opt/airflow/dags/utils/helpers.py
[2025-12-07T23:00:23.681+0000] {processor.py:841} WARNING - No viable dags retrieved from /opt/airflow/dags/utils/helpers.py
[2025-12-07T23:00:23.693+0000] {processor.py:179} INFO - Processing /opt/airflow/dags/utils/helpers.py took 0.018 seconds
[2025-12-07T23:00:53.919+0000] {processor.py:157} INFO - Started process (PID=10217) to work on /opt/airflow/dags/utils/helpers.py
[2025-12-07T23:00:53.920+0000] {processor.py:829} INFO - Processing file /opt/airflow/dags/utils/helpers.py for tasks to queue
[2025-12-07T23:00:53.921+0000] {logging_mixin.py:154} INFO - [2025-12-07T23:00:53.920+0000] {dagbag.py:536} INFO - Filling up the DagBag from /opt/airflow/dags/utils/helpers.py
[2025-12-07T23:00:53.922+0000] {processor.py:841} WARNING - No viable dags retrieved from /opt/airflow/dags/utils/helpers.py
[2025-12-07T23:00:53.933+0000] {processor.py:179} INFO - Processing /opt/airflow/dags/utils/helpers.py took 0.017 seconds
[2025-12-07T23:01:24.070+0000] {processor.py:157} INFO - Started process (PID=10276) to work on /opt/airflow/dags/utils/helpers.py
[2025-12-07T23:01:24.072+0000] {processor.py:829} INFO - Processing file /opt/airflow/dags/utils/helpers.py for tasks to queue
[2025-12-07T23:01:24.072+0000] {logging_mixin.py:154} INFO - [2025-12-07T23:01:24.072+0000] {dagbag.py:536} INFO - Filling up the DagBag from /opt/airflow/dags/utils/helpers.py
[2025-12-07T23:01:24.074+0000] {processor.py:841} WARNING - No viable dags retrieved from /opt/airflow/dags/utils/helpers.py
[2025-12-07T23:01:24.085+0000] {processor.py:179} INFO - Processing /opt/airflow/dags/utils/helpers.py took 0.018 seconds
[2025-12-07T23:01:54.224+0000] {processor.py:157} INFO - Started process (PID=10335) to work on /opt/airflow/dags/utils/helpers.py
[2025-12-07T23:01:54.225+0000] {processor.py:829} INFO - Processing file /opt/airflow/dags/utils/helpers.py for tasks to queue
[2025-12-07T23:01:54.226+0000] {logging_mixin.py:154} INFO - [2025-12-07T23:01:54.226+0000] {dagbag.py:536} INFO - Filling up the DagBag from /opt/airflow/dags/utils/helpers.py
[2025-12-07T23:01:54.228+0000] {processor.py:841} WARNING - No viable dags retrieved from /opt/airflow/dags/utils/helpers.py
[2025-12-07T23:01:54.239+0000] {processor.py:179} INFO - Processing /opt/airflow/dags/utils/helpers.py took 0.017 seconds
[2025-12-07T23:02:24.280+0000] {processor.py:157} INFO - Started process (PID=10394) to work on /opt/airflow/dags/utils/helpers.py
[2025-12-07T23:02:24.281+0000] {processor.py:829} INFO - Processing file /opt/airflow/dags/utils/helpers.py for tasks to queue
[2025-12-07T23:02:24.282+0000] {logging_mixin.py:154} INFO - [2025-12-07T23:02:24.281+0000] {dagbag.py:536} INFO - Filling up the DagBag from /opt/airflow/dags/utils/helpers.py
[2025-12-07T23:02:24.283+0000] {processor.py:841} WARNING - No viable dags retrieved from /opt/airflow/dags/utils/helpers.py
[2025-12-07T23:02:24.295+0000] {processor.py:179} INFO - Processing /opt/airflow/dags/utils/helpers.py took 0.018 seconds
[2025-12-07T23:02:54.517+0000] {processor.py:157} INFO - Started process (PID=10453) to work on /opt/airflow/dags/utils/helpers.py
[2025-12-07T23:02:54.518+0000] {processor.py:829} INFO - Processing file /opt/airflow/dags/utils/helpers.py for tasks to queue
[2025-12-07T23:02:54.519+0000] {logging_mixin.py:154} INFO - [2025-12-07T23:02:54.519+0000] {dagbag.py:536} INFO - Filling up the DagBag from /opt/airflow/dags/utils/helpers.py
[2025-12-07T23:02:54.521+0000] {processor.py:841} WARNING - No viable dags retrieved from /opt/airflow/dags/utils/helpers.py
[2025-12-07T23:02:54.532+0000] {processor.py:179} INFO - Processing /opt/airflow/dags/utils/helpers.py took 0.018 seconds
[2025-12-07T23:03:24.619+0000] {processor.py:157} INFO - Started process (PID=10512) to work on /opt/airflow/dags/utils/helpers.py
[2025-12-07T23:03:24.619+0000] {processor.py:829} INFO - Processing file /opt/airflow/dags/utils/helpers.py for tasks to queue
[2025-12-07T23:03:24.620+0000] {logging_mixin.py:154} INFO - [2025-12-07T23:03:24.620+0000] {dagbag.py:536} INFO - Filling up the DagBag from /opt/airflow/dags/utils/helpers.py
[2025-12-07T23:03:24.621+0000] {processor.py:841} WARNING - No viable dags retrieved from /opt/airflow/dags/utils/helpers.py
[2025-12-07T23:03:24.632+0000] {processor.py:179} INFO - Processing /opt/airflow/dags/utils/helpers.py took 0.016 seconds
[2025-12-07T23:03:54.784+0000] {processor.py:157} INFO - Started process (PID=10564) to work on /opt/airflow/dags/utils/helpers.py
[2025-12-07T23:03:54.785+0000] {processor.py:829} INFO - Processing file /opt/airflow/dags/utils/helpers.py for tasks to queue
[2025-12-07T23:03:54.786+0000] {logging_mixin.py:154} INFO - [2025-12-07T23:03:54.786+0000] {dagbag.py:536} INFO - Filling up the DagBag from /opt/airflow/dags/utils/helpers.py
[2025-12-07T23:03:54.788+0000] {processor.py:841} WARNING - No viable dags retrieved from /opt/airflow/dags/utils/helpers.py
[2025-12-07T23:03:54.801+0000] {processor.py:179} INFO - Processing /opt/airflow/dags/utils/helpers.py took 0.020 seconds
[2025-12-07T23:04:24.934+0000] {processor.py:157} INFO - Started process (PID=10623) to work on /opt/airflow/dags/utils/helpers.py
[2025-12-07T23:04:24.935+0000] {processor.py:829} INFO - Processing file /opt/airflow/dags/utils/helpers.py for tasks to queue
[2025-12-07T23:04:24.935+0000] {logging_mixin.py:154} INFO - [2025-12-07T23:04:24.935+0000] {dagbag.py:536} INFO - Filling up the DagBag from /opt/airflow/dags/utils/helpers.py
[2025-12-07T23:04:24.937+0000] {processor.py:841} WARNING - No viable dags retrieved from /opt/airflow/dags/utils/helpers.py
[2025-12-07T23:04:24.947+0000] {processor.py:179} INFO - Processing /opt/airflow/dags/utils/helpers.py took 0.016 seconds
[2025-12-07T23:04:54.992+0000] {processor.py:157} INFO - Started process (PID=10682) to work on /opt/airflow/dags/utils/helpers.py
[2025-12-07T23:04:54.993+0000] {processor.py:829} INFO - Processing file /opt/airflow/dags/utils/helpers.py for tasks to queue
[2025-12-07T23:04:54.994+0000] {logging_mixin.py:154} INFO - [2025-12-07T23:04:54.994+0000] {dagbag.py:536} INFO - Filling up the DagBag from /opt/airflow/dags/utils/helpers.py
[2025-12-07T23:04:54.995+0000] {processor.py:841} WARNING - No viable dags retrieved from /opt/airflow/dags/utils/helpers.py
[2025-12-07T23:04:55.006+0000] {processor.py:179} INFO - Processing /opt/airflow/dags/utils/helpers.py took 0.017 seconds
[2025-12-07T23:05:25.156+0000] {processor.py:157} INFO - Started process (PID=10741) to work on /opt/airflow/dags/utils/helpers.py
[2025-12-07T23:05:25.157+0000] {processor.py:829} INFO - Processing file /opt/airflow/dags/utils/helpers.py for tasks to queue
[2025-12-07T23:05:25.157+0000] {logging_mixin.py:154} INFO - [2025-12-07T23:05:25.157+0000] {dagbag.py:536} INFO - Filling up the DagBag from /opt/airflow/dags/utils/helpers.py
[2025-12-07T23:05:25.159+0000] {processor.py:841} WARNING - No viable dags retrieved from /opt/airflow/dags/utils/helpers.py
[2025-12-07T23:05:25.170+0000] {processor.py:179} INFO - Processing /opt/airflow/dags/utils/helpers.py took 0.017 seconds
[2025-12-07T23:05:55.866+0000] {processor.py:157} INFO - Started process (PID=10800) to work on /opt/airflow/dags/utils/helpers.py
[2025-12-07T23:05:55.867+0000] {processor.py:829} INFO - Processing file /opt/airflow/dags/utils/helpers.py for tasks to queue
[2025-12-07T23:05:55.867+0000] {logging_mixin.py:154} INFO - [2025-12-07T23:05:55.867+0000] {dagbag.py:536} INFO - Filling up the DagBag from /opt/airflow/dags/utils/helpers.py
[2025-12-07T23:05:55.869+0000] {processor.py:841} WARNING - No viable dags retrieved from /opt/airflow/dags/utils/helpers.py
[2025-12-07T23:05:55.880+0000] {processor.py:179} INFO - Processing /opt/airflow/dags/utils/helpers.py took 0.017 seconds
[2025-12-07T23:06:26.116+0000] {processor.py:157} INFO - Started process (PID=10859) to work on /opt/airflow/dags/utils/helpers.py
[2025-12-07T23:06:26.117+0000] {processor.py:829} INFO - Processing file /opt/airflow/dags/utils/helpers.py for tasks to queue
[2025-12-07T23:06:26.118+0000] {logging_mixin.py:154} INFO - [2025-12-07T23:06:26.117+0000] {dagbag.py:536} INFO - Filling up the DagBag from /opt/airflow/dags/utils/helpers.py
[2025-12-07T23:06:26.119+0000] {processor.py:841} WARNING - No viable dags retrieved from /opt/airflow/dags/utils/helpers.py
[2025-12-07T23:06:26.133+0000] {processor.py:179} INFO - Processing /opt/airflow/dags/utils/helpers.py took 0.021 seconds
[2025-12-07T23:06:56.313+0000] {processor.py:157} INFO - Started process (PID=10918) to work on /opt/airflow/dags/utils/helpers.py
[2025-12-07T23:06:56.314+0000] {processor.py:829} INFO - Processing file /opt/airflow/dags/utils/helpers.py for tasks to queue
[2025-12-07T23:06:56.315+0000] {logging_mixin.py:154} INFO - [2025-12-07T23:06:56.315+0000] {dagbag.py:536} INFO - Filling up the DagBag from /opt/airflow/dags/utils/helpers.py
[2025-12-07T23:06:56.316+0000] {processor.py:841} WARNING - No viable dags retrieved from /opt/airflow/dags/utils/helpers.py
[2025-12-07T23:06:56.328+0000] {processor.py:179} INFO - Processing /opt/airflow/dags/utils/helpers.py took 0.018 seconds
[2025-12-07T23:07:26.477+0000] {processor.py:157} INFO - Started process (PID=10977) to work on /opt/airflow/dags/utils/helpers.py
[2025-12-07T23:07:26.478+0000] {processor.py:829} INFO - Processing file /opt/airflow/dags/utils/helpers.py for tasks to queue
[2025-12-07T23:07:26.479+0000] {logging_mixin.py:154} INFO - [2025-12-07T23:07:26.479+0000] {dagbag.py:536} INFO - Filling up the DagBag from /opt/airflow/dags/utils/helpers.py
[2025-12-07T23:07:26.481+0000] {processor.py:841} WARNING - No viable dags retrieved from /opt/airflow/dags/utils/helpers.py
[2025-12-07T23:07:26.494+0000] {processor.py:179} INFO - Processing /opt/airflow/dags/utils/helpers.py took 0.020 seconds
[2025-12-07T23:07:56.630+0000] {processor.py:157} INFO - Started process (PID=11030) to work on /opt/airflow/dags/utils/helpers.py
[2025-12-07T23:07:56.631+0000] {processor.py:829} INFO - Processing file /opt/airflow/dags/utils/helpers.py for tasks to queue
[2025-12-07T23:07:56.632+0000] {logging_mixin.py:154} INFO - [2025-12-07T23:07:56.632+0000] {dagbag.py:536} INFO - Filling up the DagBag from /opt/airflow/dags/utils/helpers.py
[2025-12-07T23:07:56.634+0000] {processor.py:841} WARNING - No viable dags retrieved from /opt/airflow/dags/utils/helpers.py
[2025-12-07T23:07:56.645+0000] {processor.py:179} INFO - Processing /opt/airflow/dags/utils/helpers.py took 0.017 seconds
[2025-12-07T23:08:26.802+0000] {processor.py:157} INFO - Started process (PID=11087) to work on /opt/airflow/dags/utils/helpers.py
[2025-12-07T23:08:26.802+0000] {processor.py:829} INFO - Processing file /opt/airflow/dags/utils/helpers.py for tasks to queue
[2025-12-07T23:08:26.803+0000] {logging_mixin.py:154} INFO - [2025-12-07T23:08:26.803+0000] {dagbag.py:536} INFO - Filling up the DagBag from /opt/airflow/dags/utils/helpers.py
[2025-12-07T23:08:26.805+0000] {processor.py:841} WARNING - No viable dags retrieved from /opt/airflow/dags/utils/helpers.py
[2025-12-07T23:08:26.818+0000] {processor.py:179} INFO - Processing /opt/airflow/dags/utils/helpers.py took 0.019 seconds
[2025-12-07T23:08:57.053+0000] {processor.py:157} INFO - Started process (PID=11134) to work on /opt/airflow/dags/utils/helpers.py
[2025-12-07T23:08:57.065+0000] {processor.py:829} INFO - Processing file /opt/airflow/dags/utils/helpers.py for tasks to queue
[2025-12-07T23:08:57.066+0000] {logging_mixin.py:154} INFO - [2025-12-07T23:08:57.065+0000] {dagbag.py:536} INFO - Filling up the DagBag from /opt/airflow/dags/utils/helpers.py
[2025-12-07T23:08:57.067+0000] {processor.py:841} WARNING - No viable dags retrieved from /opt/airflow/dags/utils/helpers.py
[2025-12-07T23:08:57.079+0000] {processor.py:179} INFO - Processing /opt/airflow/dags/utils/helpers.py took 0.029 seconds
[2025-12-07T23:09:27.438+0000] {processor.py:157} INFO - Started process (PID=11190) to work on /opt/airflow/dags/utils/helpers.py
[2025-12-07T23:09:27.439+0000] {processor.py:829} INFO - Processing file /opt/airflow/dags/utils/helpers.py for tasks to queue
[2025-12-07T23:09:27.439+0000] {logging_mixin.py:154} INFO - [2025-12-07T23:09:27.439+0000] {dagbag.py:536} INFO - Filling up the DagBag from /opt/airflow/dags/utils/helpers.py
[2025-12-07T23:09:27.441+0000] {processor.py:841} WARNING - No viable dags retrieved from /opt/airflow/dags/utils/helpers.py
[2025-12-07T23:09:27.452+0000] {processor.py:179} INFO - Processing /opt/airflow/dags/utils/helpers.py took 0.017 seconds
[2025-12-07T23:09:57.575+0000] {processor.py:157} INFO - Started process (PID=11249) to work on /opt/airflow/dags/utils/helpers.py
[2025-12-07T23:09:57.579+0000] {processor.py:829} INFO - Processing file /opt/airflow/dags/utils/helpers.py for tasks to queue
[2025-12-07T23:09:57.580+0000] {logging_mixin.py:154} INFO - [2025-12-07T23:09:57.580+0000] {dagbag.py:536} INFO - Filling up the DagBag from /opt/airflow/dags/utils/helpers.py
[2025-12-07T23:09:57.582+0000] {processor.py:841} WARNING - No viable dags retrieved from /opt/airflow/dags/utils/helpers.py
[2025-12-07T23:09:57.593+0000] {processor.py:179} INFO - Processing /opt/airflow/dags/utils/helpers.py took 0.021 seconds
[2025-12-07T23:10:28.512+0000] {processor.py:157} INFO - Started process (PID=11301) to work on /opt/airflow/dags/utils/helpers.py
[2025-12-07T23:10:28.513+0000] {processor.py:829} INFO - Processing file /opt/airflow/dags/utils/helpers.py for tasks to queue
[2025-12-07T23:10:28.514+0000] {logging_mixin.py:154} INFO - [2025-12-07T23:10:28.514+0000] {dagbag.py:536} INFO - Filling up the DagBag from /opt/airflow/dags/utils/helpers.py
[2025-12-07T23:10:28.516+0000] {processor.py:841} WARNING - No viable dags retrieved from /opt/airflow/dags/utils/helpers.py
[2025-12-07T23:10:28.530+0000] {processor.py:179} INFO - Processing /opt/airflow/dags/utils/helpers.py took 0.022 seconds
[2025-12-07T23:10:58.953+0000] {processor.py:157} INFO - Started process (PID=11360) to work on /opt/airflow/dags/utils/helpers.py
[2025-12-07T23:10:58.954+0000] {processor.py:829} INFO - Processing file /opt/airflow/dags/utils/helpers.py for tasks to queue
[2025-12-07T23:10:58.955+0000] {logging_mixin.py:154} INFO - [2025-12-07T23:10:58.955+0000] {dagbag.py:536} INFO - Filling up the DagBag from /opt/airflow/dags/utils/helpers.py
[2025-12-07T23:10:58.957+0000] {processor.py:841} WARNING - No viable dags retrieved from /opt/airflow/dags/utils/helpers.py
[2025-12-07T23:10:58.969+0000] {processor.py:179} INFO - Processing /opt/airflow/dags/utils/helpers.py took 0.018 seconds
[2025-12-07T23:11:29.237+0000] {processor.py:157} INFO - Started process (PID=11419) to work on /opt/airflow/dags/utils/helpers.py
[2025-12-07T23:11:29.238+0000] {processor.py:829} INFO - Processing file /opt/airflow/dags/utils/helpers.py for tasks to queue
[2025-12-07T23:11:29.238+0000] {logging_mixin.py:154} INFO - [2025-12-07T23:11:29.238+0000] {dagbag.py:536} INFO - Filling up the DagBag from /opt/airflow/dags/utils/helpers.py
[2025-12-07T23:11:29.240+0000] {processor.py:841} WARNING - No viable dags retrieved from /opt/airflow/dags/utils/helpers.py
[2025-12-07T23:11:29.250+0000] {processor.py:179} INFO - Processing /opt/airflow/dags/utils/helpers.py took 0.017 seconds
[2025-12-07T23:11:59.344+0000] {processor.py:157} INFO - Started process (PID=11478) to work on /opt/airflow/dags/utils/helpers.py
[2025-12-07T23:11:59.345+0000] {processor.py:829} INFO - Processing file /opt/airflow/dags/utils/helpers.py for tasks to queue
[2025-12-07T23:11:59.345+0000] {logging_mixin.py:154} INFO - [2025-12-07T23:11:59.345+0000] {dagbag.py:536} INFO - Filling up the DagBag from /opt/airflow/dags/utils/helpers.py
[2025-12-07T23:11:59.347+0000] {processor.py:841} WARNING - No viable dags retrieved from /opt/airflow/dags/utils/helpers.py
[2025-12-07T23:11:59.359+0000] {processor.py:179} INFO - Processing /opt/airflow/dags/utils/helpers.py took 0.018 seconds
[2025-12-07T23:12:30.165+0000] {processor.py:157} INFO - Started process (PID=11537) to work on /opt/airflow/dags/utils/helpers.py
[2025-12-07T23:12:30.172+0000] {processor.py:829} INFO - Processing file /opt/airflow/dags/utils/helpers.py for tasks to queue
[2025-12-07T23:12:30.172+0000] {logging_mixin.py:154} INFO - [2025-12-07T23:12:30.172+0000] {dagbag.py:536} INFO - Filling up the DagBag from /opt/airflow/dags/utils/helpers.py
[2025-12-07T23:12:30.175+0000] {processor.py:841} WARNING - No viable dags retrieved from /opt/airflow/dags/utils/helpers.py
[2025-12-07T23:12:30.186+0000] {processor.py:179} INFO - Processing /opt/airflow/dags/utils/helpers.py took 0.024 seconds
[2025-12-07T23:13:00.354+0000] {processor.py:157} INFO - Started process (PID=11596) to work on /opt/airflow/dags/utils/helpers.py
[2025-12-07T23:13:00.354+0000] {processor.py:829} INFO - Processing file /opt/airflow/dags/utils/helpers.py for tasks to queue
[2025-12-07T23:13:00.355+0000] {logging_mixin.py:154} INFO - [2025-12-07T23:13:00.355+0000] {dagbag.py:536} INFO - Filling up the DagBag from /opt/airflow/dags/utils/helpers.py
[2025-12-07T23:13:00.356+0000] {processor.py:841} WARNING - No viable dags retrieved from /opt/airflow/dags/utils/helpers.py
[2025-12-07T23:13:00.368+0000] {processor.py:179} INFO - Processing /opt/airflow/dags/utils/helpers.py took 0.018 seconds
[2025-12-07T23:13:30.566+0000] {processor.py:157} INFO - Started process (PID=11655) to work on /opt/airflow/dags/utils/helpers.py
[2025-12-07T23:13:30.567+0000] {processor.py:829} INFO - Processing file /opt/airflow/dags/utils/helpers.py for tasks to queue
[2025-12-07T23:13:30.568+0000] {logging_mixin.py:154} INFO - [2025-12-07T23:13:30.568+0000] {dagbag.py:536} INFO - Filling up the DagBag from /opt/airflow/dags/utils/helpers.py
[2025-12-07T23:13:30.569+0000] {processor.py:841} WARNING - No viable dags retrieved from /opt/airflow/dags/utils/helpers.py
[2025-12-07T23:13:30.581+0000] {processor.py:179} INFO - Processing /opt/airflow/dags/utils/helpers.py took 0.017 seconds
[2025-12-07T23:14:01.381+0000] {processor.py:157} INFO - Started process (PID=11707) to work on /opt/airflow/dags/utils/helpers.py
[2025-12-07T23:14:01.381+0000] {processor.py:829} INFO - Processing file /opt/airflow/dags/utils/helpers.py for tasks to queue
[2025-12-07T23:14:01.382+0000] {logging_mixin.py:154} INFO - [2025-12-07T23:14:01.382+0000] {dagbag.py:536} INFO - Filling up the DagBag from /opt/airflow/dags/utils/helpers.py
[2025-12-07T23:14:01.384+0000] {processor.py:841} WARNING - No viable dags retrieved from /opt/airflow/dags/utils/helpers.py
[2025-12-07T23:14:01.397+0000] {processor.py:179} INFO - Processing /opt/airflow/dags/utils/helpers.py took 0.019 seconds
[2025-12-07T23:14:31.535+0000] {processor.py:157} INFO - Started process (PID=11766) to work on /opt/airflow/dags/utils/helpers.py
[2025-12-07T23:14:31.536+0000] {processor.py:829} INFO - Processing file /opt/airflow/dags/utils/helpers.py for tasks to queue
[2025-12-07T23:14:31.536+0000] {logging_mixin.py:154} INFO - [2025-12-07T23:14:31.536+0000] {dagbag.py:536} INFO - Filling up the DagBag from /opt/airflow/dags/utils/helpers.py
[2025-12-07T23:14:31.538+0000] {processor.py:841} WARNING - No viable dags retrieved from /opt/airflow/dags/utils/helpers.py
[2025-12-07T23:14:31.549+0000] {processor.py:179} INFO - Processing /opt/airflow/dags/utils/helpers.py took 0.017 seconds
[2025-12-07T23:15:01.676+0000] {processor.py:157} INFO - Started process (PID=11825) to work on /opt/airflow/dags/utils/helpers.py
[2025-12-07T23:15:01.677+0000] {processor.py:829} INFO - Processing file /opt/airflow/dags/utils/helpers.py for tasks to queue
[2025-12-07T23:15:01.677+0000] {logging_mixin.py:154} INFO - [2025-12-07T23:15:01.677+0000] {dagbag.py:536} INFO - Filling up the DagBag from /opt/airflow/dags/utils/helpers.py
[2025-12-07T23:15:01.679+0000] {processor.py:841} WARNING - No viable dags retrieved from /opt/airflow/dags/utils/helpers.py
[2025-12-07T23:15:01.689+0000] {processor.py:179} INFO - Processing /opt/airflow/dags/utils/helpers.py took 0.016 seconds
[2025-12-07T23:15:31.949+0000] {processor.py:157} INFO - Started process (PID=11884) to work on /opt/airflow/dags/utils/helpers.py
[2025-12-07T23:15:31.950+0000] {processor.py:829} INFO - Processing file /opt/airflow/dags/utils/helpers.py for tasks to queue
[2025-12-07T23:15:31.950+0000] {logging_mixin.py:154} INFO - [2025-12-07T23:15:31.950+0000] {dagbag.py:536} INFO - Filling up the DagBag from /opt/airflow/dags/utils/helpers.py
[2025-12-07T23:15:31.952+0000] {processor.py:841} WARNING - No viable dags retrieved from /opt/airflow/dags/utils/helpers.py
[2025-12-07T23:15:31.963+0000] {processor.py:179} INFO - Processing /opt/airflow/dags/utils/helpers.py took 0.018 seconds
[2025-12-07T23:16:02.376+0000] {processor.py:157} INFO - Started process (PID=11943) to work on /opt/airflow/dags/utils/helpers.py
[2025-12-07T23:16:02.377+0000] {processor.py:829} INFO - Processing file /opt/airflow/dags/utils/helpers.py for tasks to queue
[2025-12-07T23:16:02.377+0000] {logging_mixin.py:154} INFO - [2025-12-07T23:16:02.377+0000] {dagbag.py:536} INFO - Filling up the DagBag from /opt/airflow/dags/utils/helpers.py
[2025-12-07T23:16:02.379+0000] {processor.py:841} WARNING - No viable dags retrieved from /opt/airflow/dags/utils/helpers.py
[2025-12-07T23:16:02.391+0000] {processor.py:179} INFO - Processing /opt/airflow/dags/utils/helpers.py took 0.019 seconds
[2025-12-07T23:16:32.585+0000] {processor.py:157} INFO - Started process (PID=12002) to work on /opt/airflow/dags/utils/helpers.py
[2025-12-07T23:16:32.586+0000] {processor.py:829} INFO - Processing file /opt/airflow/dags/utils/helpers.py for tasks to queue
[2025-12-07T23:16:32.587+0000] {logging_mixin.py:154} INFO - [2025-12-07T23:16:32.587+0000] {dagbag.py:536} INFO - Filling up the DagBag from /opt/airflow/dags/utils/helpers.py
[2025-12-07T23:16:32.589+0000] {processor.py:841} WARNING - No viable dags retrieved from /opt/airflow/dags/utils/helpers.py
[2025-12-07T23:16:32.600+0000] {processor.py:179} INFO - Processing /opt/airflow/dags/utils/helpers.py took 0.018 seconds
[2025-12-07T23:17:02.856+0000] {processor.py:157} INFO - Started process (PID=12061) to work on /opt/airflow/dags/utils/helpers.py
[2025-12-07T23:17:02.857+0000] {processor.py:829} INFO - Processing file /opt/airflow/dags/utils/helpers.py for tasks to queue
[2025-12-07T23:17:02.857+0000] {logging_mixin.py:154} INFO - [2025-12-07T23:17:02.857+0000] {dagbag.py:536} INFO - Filling up the DagBag from /opt/airflow/dags/utils/helpers.py
[2025-12-07T23:17:02.859+0000] {processor.py:841} WARNING - No viable dags retrieved from /opt/airflow/dags/utils/helpers.py
[2025-12-07T23:17:02.871+0000] {processor.py:179} INFO - Processing /opt/airflow/dags/utils/helpers.py took 0.019 seconds
[2025-12-07T23:17:33.667+0000] {processor.py:157} INFO - Started process (PID=12120) to work on /opt/airflow/dags/utils/helpers.py
[2025-12-07T23:17:33.668+0000] {processor.py:829} INFO - Processing file /opt/airflow/dags/utils/helpers.py for tasks to queue
[2025-12-07T23:17:33.668+0000] {logging_mixin.py:154} INFO - [2025-12-07T23:17:33.668+0000] {dagbag.py:536} INFO - Filling up the DagBag from /opt/airflow/dags/utils/helpers.py
[2025-12-07T23:17:33.670+0000] {processor.py:841} WARNING - No viable dags retrieved from /opt/airflow/dags/utils/helpers.py
[2025-12-07T23:17:33.682+0000] {processor.py:179} INFO - Processing /opt/airflow/dags/utils/helpers.py took 0.018 seconds
[2025-12-07T23:18:03.794+0000] {processor.py:157} INFO - Started process (PID=12179) to work on /opt/airflow/dags/utils/helpers.py
[2025-12-07T23:18:03.795+0000] {processor.py:829} INFO - Processing file /opt/airflow/dags/utils/helpers.py for tasks to queue
[2025-12-07T23:18:03.795+0000] {logging_mixin.py:154} INFO - [2025-12-07T23:18:03.795+0000] {dagbag.py:536} INFO - Filling up the DagBag from /opt/airflow/dags/utils/helpers.py
[2025-12-07T23:18:03.797+0000] {processor.py:841} WARNING - No viable dags retrieved from /opt/airflow/dags/utils/helpers.py
[2025-12-07T23:18:03.808+0000] {processor.py:179} INFO - Processing /opt/airflow/dags/utils/helpers.py took 0.017 seconds
[2025-12-07T23:18:33.982+0000] {processor.py:157} INFO - Started process (PID=12229) to work on /opt/airflow/dags/utils/helpers.py
[2025-12-07T23:18:33.982+0000] {processor.py:829} INFO - Processing file /opt/airflow/dags/utils/helpers.py for tasks to queue
[2025-12-07T23:18:33.983+0000] {logging_mixin.py:154} INFO - [2025-12-07T23:18:33.983+0000] {dagbag.py:536} INFO - Filling up the DagBag from /opt/airflow/dags/utils/helpers.py
[2025-12-07T23:18:33.985+0000] {processor.py:841} WARNING - No viable dags retrieved from /opt/airflow/dags/utils/helpers.py
[2025-12-07T23:18:33.997+0000] {processor.py:179} INFO - Processing /opt/airflow/dags/utils/helpers.py took 0.018 seconds
[2025-12-07T23:19:04.895+0000] {processor.py:157} INFO - Started process (PID=12270) to work on /opt/airflow/dags/utils/helpers.py
[2025-12-07T23:19:04.896+0000] {processor.py:829} INFO - Processing file /opt/airflow/dags/utils/helpers.py for tasks to queue
[2025-12-07T23:19:04.896+0000] {logging_mixin.py:154} INFO - [2025-12-07T23:19:04.896+0000] {dagbag.py:536} INFO - Filling up the DagBag from /opt/airflow/dags/utils/helpers.py
[2025-12-07T23:19:04.898+0000] {processor.py:841} WARNING - No viable dags retrieved from /opt/airflow/dags/utils/helpers.py
[2025-12-07T23:19:04.910+0000] {processor.py:179} INFO - Processing /opt/airflow/dags/utils/helpers.py took 0.018 seconds
[2025-12-07T23:19:34.954+0000] {processor.py:157} INFO - Started process (PID=12326) to work on /opt/airflow/dags/utils/helpers.py
[2025-12-07T23:19:34.955+0000] {processor.py:829} INFO - Processing file /opt/airflow/dags/utils/helpers.py for tasks to queue
[2025-12-07T23:19:34.956+0000] {logging_mixin.py:154} INFO - [2025-12-07T23:19:34.955+0000] {dagbag.py:536} INFO - Filling up the DagBag from /opt/airflow/dags/utils/helpers.py
[2025-12-07T23:19:34.957+0000] {processor.py:841} WARNING - No viable dags retrieved from /opt/airflow/dags/utils/helpers.py
[2025-12-07T23:19:34.968+0000] {processor.py:179} INFO - Processing /opt/airflow/dags/utils/helpers.py took 0.016 seconds
[2025-12-07T23:20:05.144+0000] {processor.py:157} INFO - Started process (PID=12385) to work on /opt/airflow/dags/utils/helpers.py
[2025-12-07T23:20:05.145+0000] {processor.py:829} INFO - Processing file /opt/airflow/dags/utils/helpers.py for tasks to queue
[2025-12-07T23:20:05.146+0000] {logging_mixin.py:154} INFO - [2025-12-07T23:20:05.146+0000] {dagbag.py:536} INFO - Filling up the DagBag from /opt/airflow/dags/utils/helpers.py
[2025-12-07T23:20:05.148+0000] {processor.py:841} WARNING - No viable dags retrieved from /opt/airflow/dags/utils/helpers.py
[2025-12-07T23:20:05.159+0000] {processor.py:179} INFO - Processing /opt/airflow/dags/utils/helpers.py took 0.019 seconds
[2025-12-07T23:20:35.190+0000] {processor.py:157} INFO - Started process (PID=12444) to work on /opt/airflow/dags/utils/helpers.py
[2025-12-07T23:20:35.191+0000] {processor.py:829} INFO - Processing file /opt/airflow/dags/utils/helpers.py for tasks to queue
[2025-12-07T23:20:35.192+0000] {logging_mixin.py:154} INFO - [2025-12-07T23:20:35.191+0000] {dagbag.py:536} INFO - Filling up the DagBag from /opt/airflow/dags/utils/helpers.py
[2025-12-07T23:20:35.193+0000] {processor.py:841} WARNING - No viable dags retrieved from /opt/airflow/dags/utils/helpers.py
[2025-12-07T23:20:35.205+0000] {processor.py:179} INFO - Processing /opt/airflow/dags/utils/helpers.py took 0.018 seconds
[2025-12-07T23:21:05.895+0000] {processor.py:157} INFO - Started process (PID=12503) to work on /opt/airflow/dags/utils/helpers.py
[2025-12-07T23:21:05.896+0000] {processor.py:829} INFO - Processing file /opt/airflow/dags/utils/helpers.py for tasks to queue
[2025-12-07T23:21:05.896+0000] {logging_mixin.py:154} INFO - [2025-12-07T23:21:05.896+0000] {dagbag.py:536} INFO - Filling up the DagBag from /opt/airflow/dags/utils/helpers.py
[2025-12-07T23:21:05.898+0000] {processor.py:841} WARNING - No viable dags retrieved from /opt/airflow/dags/utils/helpers.py
[2025-12-07T23:21:05.909+0000] {processor.py:179} INFO - Processing /opt/airflow/dags/utils/helpers.py took 0.018 seconds
[2025-12-07T23:21:35.977+0000] {processor.py:157} INFO - Started process (PID=12562) to work on /opt/airflow/dags/utils/helpers.py
[2025-12-07T23:21:35.978+0000] {processor.py:829} INFO - Processing file /opt/airflow/dags/utils/helpers.py for tasks to queue
[2025-12-07T23:21:35.978+0000] {logging_mixin.py:154} INFO - [2025-12-07T23:21:35.978+0000] {dagbag.py:536} INFO - Filling up the DagBag from /opt/airflow/dags/utils/helpers.py
[2025-12-07T23:21:35.980+0000] {processor.py:841} WARNING - No viable dags retrieved from /opt/airflow/dags/utils/helpers.py
[2025-12-07T23:21:35.993+0000] {processor.py:179} INFO - Processing /opt/airflow/dags/utils/helpers.py took 0.020 seconds
[2025-12-07T23:22:06.072+0000] {processor.py:157} INFO - Started process (PID=12621) to work on /opt/airflow/dags/utils/helpers.py
[2025-12-07T23:22:06.073+0000] {processor.py:829} INFO - Processing file /opt/airflow/dags/utils/helpers.py for tasks to queue
[2025-12-07T23:22:06.074+0000] {logging_mixin.py:154} INFO - [2025-12-07T23:22:06.074+0000] {dagbag.py:536} INFO - Filling up the DagBag from /opt/airflow/dags/utils/helpers.py
[2025-12-07T23:22:06.075+0000] {processor.py:841} WARNING - No viable dags retrieved from /opt/airflow/dags/utils/helpers.py
[2025-12-07T23:22:06.085+0000] {processor.py:179} INFO - Processing /opt/airflow/dags/utils/helpers.py took 0.016 seconds
[2025-12-07T23:22:36.155+0000] {processor.py:157} INFO - Started process (PID=12680) to work on /opt/airflow/dags/utils/helpers.py
[2025-12-07T23:22:36.156+0000] {processor.py:829} INFO - Processing file /opt/airflow/dags/utils/helpers.py for tasks to queue
[2025-12-07T23:22:36.156+0000] {logging_mixin.py:154} INFO - [2025-12-07T23:22:36.156+0000] {dagbag.py:536} INFO - Filling up the DagBag from /opt/airflow/dags/utils/helpers.py
[2025-12-07T23:22:36.158+0000] {processor.py:841} WARNING - No viable dags retrieved from /opt/airflow/dags/utils/helpers.py
[2025-12-07T23:22:36.169+0000] {processor.py:179} INFO - Processing /opt/airflow/dags/utils/helpers.py took 0.017 seconds
[2025-12-07T23:23:06.306+0000] {processor.py:157} INFO - Started process (PID=12732) to work on /opt/airflow/dags/utils/helpers.py
[2025-12-07T23:23:06.307+0000] {processor.py:829} INFO - Processing file /opt/airflow/dags/utils/helpers.py for tasks to queue
[2025-12-07T23:23:06.307+0000] {logging_mixin.py:154} INFO - [2025-12-07T23:23:06.307+0000] {dagbag.py:536} INFO - Filling up the DagBag from /opt/airflow/dags/utils/helpers.py
[2025-12-07T23:23:06.309+0000] {processor.py:841} WARNING - No viable dags retrieved from /opt/airflow/dags/utils/helpers.py
[2025-12-07T23:23:06.321+0000] {processor.py:179} INFO - Processing /opt/airflow/dags/utils/helpers.py took 0.017 seconds
[2025-12-07T23:23:36.411+0000] {processor.py:157} INFO - Started process (PID=12791) to work on /opt/airflow/dags/utils/helpers.py
[2025-12-07T23:23:36.412+0000] {processor.py:829} INFO - Processing file /opt/airflow/dags/utils/helpers.py for tasks to queue
[2025-12-07T23:23:36.412+0000] {logging_mixin.py:154} INFO - [2025-12-07T23:23:36.412+0000] {dagbag.py:536} INFO - Filling up the DagBag from /opt/airflow/dags/utils/helpers.py
[2025-12-07T23:23:36.414+0000] {processor.py:841} WARNING - No viable dags retrieved from /opt/airflow/dags/utils/helpers.py
[2025-12-07T23:23:36.425+0000] {processor.py:179} INFO - Processing /opt/airflow/dags/utils/helpers.py took 0.017 seconds
[2025-12-07T23:24:06.474+0000] {processor.py:157} INFO - Started process (PID=12850) to work on /opt/airflow/dags/utils/helpers.py
[2025-12-07T23:24:06.475+0000] {processor.py:829} INFO - Processing file /opt/airflow/dags/utils/helpers.py for tasks to queue
[2025-12-07T23:24:06.475+0000] {logging_mixin.py:154} INFO - [2025-12-07T23:24:06.475+0000] {dagbag.py:536} INFO - Filling up the DagBag from /opt/airflow/dags/utils/helpers.py
[2025-12-07T23:24:06.477+0000] {processor.py:841} WARNING - No viable dags retrieved from /opt/airflow/dags/utils/helpers.py
[2025-12-07T23:24:06.489+0000] {processor.py:179} INFO - Processing /opt/airflow/dags/utils/helpers.py took 0.018 seconds
[2025-12-07T23:24:36.554+0000] {processor.py:157} INFO - Started process (PID=12909) to work on /opt/airflow/dags/utils/helpers.py
[2025-12-07T23:24:36.555+0000] {processor.py:829} INFO - Processing file /opt/airflow/dags/utils/helpers.py for tasks to queue
[2025-12-07T23:24:36.555+0000] {logging_mixin.py:154} INFO - [2025-12-07T23:24:36.555+0000] {dagbag.py:536} INFO - Filling up the DagBag from /opt/airflow/dags/utils/helpers.py
[2025-12-07T23:24:36.557+0000] {processor.py:841} WARNING - No viable dags retrieved from /opt/airflow/dags/utils/helpers.py
[2025-12-07T23:24:36.568+0000] {processor.py:179} INFO - Processing /opt/airflow/dags/utils/helpers.py took 0.017 seconds
[2025-12-07T23:25:06.632+0000] {processor.py:157} INFO - Started process (PID=12968) to work on /opt/airflow/dags/utils/helpers.py
[2025-12-07T23:25:06.632+0000] {processor.py:829} INFO - Processing file /opt/airflow/dags/utils/helpers.py for tasks to queue
[2025-12-07T23:25:06.633+0000] {logging_mixin.py:154} INFO - [2025-12-07T23:25:06.633+0000] {dagbag.py:536} INFO - Filling up the DagBag from /opt/airflow/dags/utils/helpers.py
[2025-12-07T23:25:06.634+0000] {processor.py:841} WARNING - No viable dags retrieved from /opt/airflow/dags/utils/helpers.py
[2025-12-07T23:25:06.645+0000] {processor.py:179} INFO - Processing /opt/airflow/dags/utils/helpers.py took 0.016 seconds
[2025-12-07T23:25:36.732+0000] {processor.py:157} INFO - Started process (PID=13027) to work on /opt/airflow/dags/utils/helpers.py
[2025-12-07T23:25:36.733+0000] {processor.py:829} INFO - Processing file /opt/airflow/dags/utils/helpers.py for tasks to queue
[2025-12-07T23:25:36.734+0000] {logging_mixin.py:154} INFO - [2025-12-07T23:25:36.734+0000] {dagbag.py:536} INFO - Filling up the DagBag from /opt/airflow/dags/utils/helpers.py
[2025-12-07T23:25:36.736+0000] {processor.py:841} WARNING - No viable dags retrieved from /opt/airflow/dags/utils/helpers.py
[2025-12-07T23:25:36.748+0000] {processor.py:179} INFO - Processing /opt/airflow/dags/utils/helpers.py took 0.019 seconds
[2025-12-07T23:26:06.817+0000] {processor.py:157} INFO - Started process (PID=13086) to work on /opt/airflow/dags/utils/helpers.py
[2025-12-07T23:26:06.818+0000] {processor.py:829} INFO - Processing file /opt/airflow/dags/utils/helpers.py for tasks to queue
[2025-12-07T23:26:06.818+0000] {logging_mixin.py:154} INFO - [2025-12-07T23:26:06.818+0000] {dagbag.py:536} INFO - Filling up the DagBag from /opt/airflow/dags/utils/helpers.py
[2025-12-07T23:26:06.820+0000] {processor.py:841} WARNING - No viable dags retrieved from /opt/airflow/dags/utils/helpers.py
[2025-12-07T23:26:06.832+0000] {processor.py:179} INFO - Processing /opt/airflow/dags/utils/helpers.py took 0.018 seconds
[2025-12-07T23:26:37.455+0000] {processor.py:157} INFO - Started process (PID=13145) to work on /opt/airflow/dags/utils/helpers.py
[2025-12-07T23:26:37.456+0000] {processor.py:829} INFO - Processing file /opt/airflow/dags/utils/helpers.py for tasks to queue
[2025-12-07T23:26:37.457+0000] {logging_mixin.py:154} INFO - [2025-12-07T23:26:37.457+0000] {dagbag.py:536} INFO - Filling up the DagBag from /opt/airflow/dags/utils/helpers.py
[2025-12-07T23:26:37.458+0000] {processor.py:841} WARNING - No viable dags retrieved from /opt/airflow/dags/utils/helpers.py
[2025-12-07T23:26:37.469+0000] {processor.py:179} INFO - Processing /opt/airflow/dags/utils/helpers.py took 0.016 seconds
[2025-12-07T23:27:07.609+0000] {processor.py:157} INFO - Started process (PID=13204) to work on /opt/airflow/dags/utils/helpers.py
[2025-12-07T23:27:07.610+0000] {processor.py:829} INFO - Processing file /opt/airflow/dags/utils/helpers.py for tasks to queue
[2025-12-07T23:27:07.611+0000] {logging_mixin.py:154} INFO - [2025-12-07T23:27:07.611+0000] {dagbag.py:536} INFO - Filling up the DagBag from /opt/airflow/dags/utils/helpers.py
[2025-12-07T23:27:07.613+0000] {processor.py:841} WARNING - No viable dags retrieved from /opt/airflow/dags/utils/helpers.py
[2025-12-07T23:27:07.623+0000] {processor.py:179} INFO - Processing /opt/airflow/dags/utils/helpers.py took 0.017 seconds
[2025-12-07T23:27:37.687+0000] {processor.py:157} INFO - Started process (PID=13256) to work on /opt/airflow/dags/utils/helpers.py
[2025-12-07T23:27:37.688+0000] {processor.py:829} INFO - Processing file /opt/airflow/dags/utils/helpers.py for tasks to queue
[2025-12-07T23:27:37.689+0000] {logging_mixin.py:154} INFO - [2025-12-07T23:27:37.689+0000] {dagbag.py:536} INFO - Filling up the DagBag from /opt/airflow/dags/utils/helpers.py
[2025-12-07T23:27:37.690+0000] {processor.py:841} WARNING - No viable dags retrieved from /opt/airflow/dags/utils/helpers.py
[2025-12-07T23:27:37.702+0000] {processor.py:179} INFO - Processing /opt/airflow/dags/utils/helpers.py took 0.018 seconds
[2025-12-07T23:28:07.727+0000] {processor.py:157} INFO - Started process (PID=13315) to work on /opt/airflow/dags/utils/helpers.py
[2025-12-07T23:28:07.728+0000] {processor.py:829} INFO - Processing file /opt/airflow/dags/utils/helpers.py for tasks to queue
[2025-12-07T23:28:07.729+0000] {logging_mixin.py:154} INFO - [2025-12-07T23:28:07.728+0000] {dagbag.py:536} INFO - Filling up the DagBag from /opt/airflow/dags/utils/helpers.py
[2025-12-07T23:28:07.730+0000] {processor.py:841} WARNING - No viable dags retrieved from /opt/airflow/dags/utils/helpers.py
[2025-12-07T23:28:07.743+0000] {processor.py:179} INFO - Processing /opt/airflow/dags/utils/helpers.py took 0.019 seconds
