customer_id,product_id,prediction,probability,prediction_week
172704,1370,1,0.9885712,2024-01-14T00:00:00
72930,1370,1,0.98754275,2024-01-14T00:00:00
194883,1370,1,0.98440546,2024-01-14T00:00:00
128526,1370,1,0.9812671,2024-01-14T00:00:00
25749,1370,1,0.98101187,2024-01-14T00:00:00
187797,1372,1,0.9783981,2024-01-14T00:00:00
187101,1370,1,0.97803473,2024-01-14T00:00:00
198573,1370,1,0.9775199,2024-01-14T00:00:00
236226,1370,1,0.9773881,2024-01-14T00:00:00
187806,1370,1,0.97647357,2024-01-14T00:00:00
232410,1370,1,0.9755387,2024-01-14T00:00:00
62817,1370,1,0.9753602,2024-01-14T00:00:00
217848,11262,1,0.97470593,2024-01-14T00:00:00
154890,1370,1,0.9739221,2024-01-14T00:00:00
60888,1370,1,0.9730873,2024-01-14T00:00:00
212211,1370,1,0.972829,2024-01-14T00:00:00
72930,11262,1,0.9726397,2024-01-14T00:00:00
227292,1370,1,0.9724424,2024-01-14T00:00:00
72930,1372,1,0.9723502,2024-01-14T00:00:00
217494,1370,1,0.9720234,2024-01-14T00:00:00
232827,1370,1,0.97145194,2024-01-14T00:00:00
212526,1370,1,0.97138387,2024-01-14T00:00:00
56868,1370,1,0.9704451,2024-01-14T00:00:00
72930,30500,1,0.97041917,2024-01-14T00:00:00
188787,1370,1,0.97021186,2024-01-14T00:00:00
219021,1370,1,0.9698434,2024-01-14T00:00:00
181101,1370,1,0.9697502,2024-01-14T00:00:00
186177,1370,1,0.9695556,2024-01-14T00:00:00
194790,1370,1,0.96939284,2024-01-14T00:00:00
187797,48574,1,0.96932465,2024-01-14T00:00:00
225672,1370,1,0.9687056,2024-01-14T00:00:00
198873,1370,1,0.96808696,2024-01-14T00:00:00
209622,1370,1,0.9677509,2024-01-14T00:00:00
204657,1370,1,0.96748424,2024-01-14T00:00:00
128901,1370,1,0.96657246,2024-01-14T00:00:00
25749,1372,1,0.9660916,2024-01-14T00:00:00
176403,56714,1,0.9659507,2024-01-14T00:00:00
204222,1370,1,0.9659016,2024-01-14T00:00:00
232068,1370,1,0.96584463,2024-01-14T00:00:00
212220,1370,1,0.9657633,2024-01-14T00:00:00
224925,1370,1,0.96572435,2024-01-14T00:00:00
226827,11262,1,0.9656979,2024-01-14T00:00:00
219030,1370,1,0.9653876,2024-01-14T00:00:00
236226,1372,1,0.9652865,2024-01-14T00:00:00
172704,11262,1,0.96464366,2024-01-14T00:00:00
64299,1370,1,0.96455294,2024-01-14T00:00:00
77484,1370,1,0.96448994,2024-01-14T00:00:00
213102,1370,1,0.964419,2024-01-14T00:00:00
203673,1370,1,0.96425635,2024-01-14T00:00:00
71766,1370,1,0.9642522,2024-01-14T00:00:00
188685,1370,1,0.96423954,2024-01-14T00:00:00
192564,1370,1,0.9638645,2024-01-14T00:00:00
187806,1372,1,0.9637552,2024-01-14T00:00:00
202818,1370,1,0.96356565,2024-01-14T00:00:00
231459,1370,1,0.9633136,2024-01-14T00:00:00
191232,1370,1,0.96290636,2024-01-14T00:00:00
203178,1370,1,0.9628795,2024-01-14T00:00:00
222204,1370,1,0.9628178,2024-01-14T00:00:00
164007,1370,1,0.962683,2024-01-14T00:00:00
179496,1370,1,0.96255386,2024-01-14T00:00:00
72918,1370,1,0.9620088,2024-01-14T00:00:00
227664,1370,1,0.96178544,2024-01-14T00:00:00
217293,1370,1,0.9614475,2024-01-14T00:00:00
172704,60978,1,0.961331,2024-01-14T00:00:00
72930,10652,1,0.9612362,2024-01-14T00:00:00
217752,1370,1,0.96097714,2024-01-14T00:00:00
25749,48574,1,0.9607873,2024-01-14T00:00:00
72930,48574,1,0.9607084,2024-01-14T00:00:00
183789,1370,1,0.96053624,2024-01-14T00:00:00
197673,1370,1,0.9605036,2024-01-14T00:00:00
157767,1370,1,0.9604608,2024-01-14T00:00:00
184950,1370,1,0.9603835,2024-01-14T00:00:00
203796,1370,1,0.9601845,2024-01-14T00:00:00
208341,1370,1,0.9601845,2024-01-14T00:00:00
203790,1370,1,0.9601845,2024-01-14T00:00:00
225747,1370,1,0.9596384,2024-01-14T00:00:00
172704,10652,1,0.95952016,2024-01-14T00:00:00
198573,1372,1,0.9595093,2024-01-14T00:00:00
206376,11262,1,0.9590271,2024-01-14T00:00:00
226827,30500,1,0.958931,2024-01-14T00:00:00
196845,1370,1,0.9584565,2024-01-14T00:00:00
209073,11262,1,0.95830345,2024-01-14T00:00:00
153756,1370,1,0.95808303,2024-01-14T00:00:00
153072,1370,1,0.95807797,2024-01-14T00:00:00
203700,1370,1,0.9579465,2024-01-14T00:00:00
174468,1370,1,0.9578486,2024-01-14T00:00:00
205815,1370,1,0.9578392,2024-01-14T00:00:00
187806,11262,1,0.9577998,2024-01-14T00:00:00
25749,11262,1,0.95779234,2024-01-14T00:00:00
60888,1372,1,0.9577902,2024-01-14T00:00:00
62817,1372,1,0.9576512,2024-01-14T00:00:00
72558,1370,1,0.95743555,2024-01-14T00:00:00
203199,1370,1,0.95718974,2024-01-14T00:00:00
219132,1370,1,0.956692,2024-01-14T00:00:00
186174,11262,1,0.95649725,2024-01-14T00:00:00
220011,1370,1,0.9563775,2024-01-14T00:00:00
212430,1370,1,0.95637524,2024-01-14T00:00:00
226827,1372,1,0.9562026,2024-01-14T00:00:00
226827,60978,1,0.95610356,2024-01-14T00:00:00
217848,30500,1,0.9558287,2024-01-14T00:00:00
215298,1372,1,0.95564055,2024-01-14T00:00:00
128502,11262,1,0.95553267,2024-01-14T00:00:00
233559,1370,1,0.95546246,2024-01-14T00:00:00
236226,48574,1,0.9552883,2024-01-14T00:00:00
198573,48574,1,0.9552182,2024-01-14T00:00:00
161403,1370,1,0.9551549,2024-01-14T00:00:00
227295,1370,1,0.9550865,2024-01-14T00:00:00
227343,1370,1,0.9550663,2024-01-14T00:00:00
61899,1372,1,0.95458657,2024-01-14T00:00:00
187101,11262,1,0.95429957,2024-01-14T00:00:00
204795,60978,1,0.95427036,2024-01-14T00:00:00
208347,1370,1,0.9542153,2024-01-14T00:00:00
153303,1370,1,0.95419306,2024-01-14T00:00:00
72930,60978,1,0.9541703,2024-01-14T00:00:00
203724,60978,1,0.954167,2024-01-14T00:00:00
128526,11262,1,0.95396847,2024-01-14T00:00:00
228687,1370,1,0.95392084,2024-01-14T00:00:00
205722,1370,1,0.95385313,2024-01-14T00:00:00
194229,1370,1,0.9537757,2024-01-14T00:00:00
61692,1370,1,0.95375466,2024-01-14T00:00:00
153381,1370,1,0.9536641,2024-01-14T00:00:00
232410,1304,1,0.95347863,2024-01-14T00:00:00
206748,11262,1,0.9534765,2024-01-14T00:00:00
210978,1370,1,0.9533134,2024-01-14T00:00:00
236226,30500,1,0.95324385,2024-01-14T00:00:00
212112,1370,1,0.9531993,2024-01-14T00:00:00
196722,1370,1,0.9531993,2024-01-14T00:00:00
187797,60978,1,0.9524859,2024-01-14T00:00:00
236226,11262,1,0.9523481,2024-01-14T00:00:00
183105,1370,1,0.9523445,2024-01-14T00:00:00
187806,48574,1,0.95212513,2024-01-14T00:00:00
227238,1370,1,0.95188516,2024-01-14T00:00:00
96138,1370,1,0.95186377,2024-01-14T00:00:00
165762,1370,1,0.95171463,2024-01-14T00:00:00
209154,1370,1,0.95165193,2024-01-14T00:00:00
236226,56714,1,0.9516341,2024-01-14T00:00:00
225390,1370,1,0.95143193,2024-01-14T00:00:00
187806,56714,1,0.95142937,2024-01-14T00:00:00
203829,1370,1,0.95133203,2024-01-14T00:00:00
184863,1370,1,0.9513307,2024-01-14T00:00:00
203256,1370,1,0.9513287,2024-01-14T00:00:00
203271,1370,1,0.9513287,2024-01-14T00:00:00
226623,1370,1,0.95127106,2024-01-14T00:00:00
225501,1370,1,0.95125115,2024-01-14T00:00:00
167316,1370,1,0.9512485,2024-01-14T00:00:00
186078,1370,1,0.95107317,2024-01-14T00:00:00
186174,1370,1,0.9509189,2024-01-14T00:00:00
203145,1370,1,0.9508092,2024-01-14T00:00:00
203274,1370,1,0.9508092,2024-01-14T00:00:00
203454,1370,1,0.9508092,2024-01-14T00:00:00
203451,1370,1,0.9508092,2024-01-14T00:00:00
198573,11262,1,0.95072144,2024-01-14T00:00:00
188787,1372,1,0.95058495,2024-01-14T00:00:00
226827,48574,1,0.9504391,2024-01-14T00:00:00
220269,1370,1,0.9500558,2024-01-14T00:00:00
65637,1370,1,0.95001376,2024-01-14T00:00:00
203724,48574,1,0.9498979,2024-01-14T00:00:00
204795,48574,1,0.94980043,2024-01-14T00:00:00
232269,11262,1,0.94974333,2024-01-14T00:00:00
220728,11262,1,0.9497095,2024-01-14T00:00:00
183573,1370,1,0.94964623,2024-01-14T00:00:00
96444,1370,1,0.9495793,2024-01-14T00:00:00
161208,1370,1,0.9495389,2024-01-14T00:00:00
183492,30500,1,0.94949585,2024-01-14T00:00:00
187707,1370,1,0.94941795,2024-01-14T00:00:00
61305,1370,1,0.94940495,2024-01-14T00:00:00
207345,11262,1,0.9493862,2024-01-14T00:00:00
209994,1370,1,0.9492084,2024-01-14T00:00:00
72045,1370,1,0.9491377,2024-01-14T00:00:00
219231,11262,1,0.9490956,2024-01-14T00:00:00
232410,48574,1,0.9489397,2024-01-14T00:00:00
66777,1370,1,0.948754,2024-01-14T00:00:00
194883,48574,1,0.94865906,2024-01-14T00:00:00
236655,1370,1,0.94855374,2024-01-14T00:00:00
206427,11262,1,0.9483514,2024-01-14T00:00:00
188844,1370,1,0.9481563,2024-01-14T00:00:00
226662,1370,1,0.9479543,2024-01-14T00:00:00
205191,1370,1,0.9479526,2024-01-14T00:00:00
210882,1370,1,0.94765353,2024-01-14T00:00:00
224280,1370,1,0.94765353,2024-01-14T00:00:00
72930,33886,1,0.9476292,2024-01-14T00:00:00
217494,11262,1,0.9475334,2024-01-14T00:00:00
198981,1370,1,0.9470195,2024-01-14T00:00:00
207600,1370,1,0.94695604,2024-01-14T00:00:00
231102,1370,1,0.9467178,2024-01-14T00:00:00
197835,1370,1,0.94654125,2024-01-14T00:00:00
225672,1372,1,0.9465182,2024-01-14T00:00:00
217848,56714,1,0.9464745,2024-01-14T00:00:00
212892,1370,1,0.9464085,2024-01-14T00:00:00
223104,1370,1,0.94639343,2024-01-14T00:00:00
183492,11262,1,0.9463534,2024-01-14T00:00:00
62817,48574,1,0.94609934,2024-01-14T00:00:00
223968,1370,1,0.9458482,2024-01-14T00:00:00
202959,60978,1,0.9457272,2024-01-14T00:00:00
174468,11262,1,0.94547737,2024-01-14T00:00:00
172704,44302,1,0.9454762,2024-01-14T00:00:00
228729,1370,1,0.9453637,2024-01-14T00:00:00
209976,1370,1,0.9451549,2024-01-14T00:00:00
183387,1370,1,0.94495857,2024-01-14T00:00:00
154167,1370,1,0.9449129,2024-01-14T00:00:00
198873,1372,1,0.9448263,2024-01-14T00:00:00
224631,1370,1,0.9448021,2024-01-14T00:00:00
209829,1370,1,0.9447618,2024-01-14T00:00:00
173940,1370,1,0.944754,2024-01-14T00:00:00
72930,44302,1,0.94462466,2024-01-14T00:00:00
195723,11262,1,0.94453275,2024-01-14T00:00:00
222906,1370,1,0.944343,2024-01-14T00:00:00
61353,1370,1,0.94424474,2024-01-14T00:00:00
226662,11262,1,0.94413304,2024-01-14T00:00:00
166005,1370,1,0.9441226,2024-01-14T00:00:00
66918,1370,1,0.94405836,2024-01-14T00:00:00
198279,1370,1,0.94403446,2024-01-14T00:00:00
66465,1370,1,0.9439701,2024-01-14T00:00:00
60882,1370,1,0.94394976,2024-01-14T00:00:00
209622,48574,1,0.9438643,2024-01-14T00:00:00
203166,1370,1,0.94355494,2024-01-14T00:00:00
161058,1370,1,0.9435422,2024-01-14T00:00:00
205905,1370,1,0.94339204,2024-01-14T00:00:00
183912,1370,1,0.94325095,2024-01-14T00:00:00
237252,1370,1,0.94324034,2024-01-14T00:00:00
164871,1370,1,0.94313896,2024-01-14T00:00:00
218061,1370,1,0.9430208,2024-01-14T00:00:00
181101,11262,1,0.94299275,2024-01-14T00:00:00
64218,1370,1,0.94287616,2024-01-14T00:00:00
25743,1370,1,0.94278336,2024-01-14T00:00:00
206439,11262,1,0.94275147,2024-01-14T00:00:00
154275,1370,1,0.9425217,2024-01-14T00:00:00
215298,48574,1,0.9424992,2024-01-14T00:00:00
198882,60978,1,0.94234866,2024-01-14T00:00:00
198210,1370,1,0.9423369,2024-01-14T00:00:00
88920,1370,1,0.9420465,2024-01-14T00:00:00
25749,60978,1,0.9418792,2024-01-14T00:00:00
225699,1370,1,0.9417956,2024-01-14T00:00:00
188961,1370,1,0.9414748,2024-01-14T00:00:00
232404,11262,1,0.9413193,2024-01-14T00:00:00
202959,48574,1,0.94131196,2024-01-14T00:00:00
191226,1370,1,0.9413013,2024-01-14T00:00:00
164661,1370,1,0.9412411,2024-01-14T00:00:00
176403,11262,1,0.94112116,2024-01-14T00:00:00
217848,33886,1,0.94100815,2024-01-14T00:00:00
69249,1370,1,0.9409151,2024-01-14T00:00:00
61908,1370,1,0.94050306,2024-01-14T00:00:00
166002,1370,1,0.9404913,2024-01-14T00:00:00
59700,1370,1,0.9404847,2024-01-14T00:00:00
227292,1372,1,0.9403075,2024-01-14T00:00:00
72117,1370,1,0.94016993,2024-01-14T00:00:00
204228,1370,1,0.9401121,2024-01-14T00:00:00
203511,1370,1,0.9399994,2024-01-14T00:00:00
225393,11262,1,0.93973947,2024-01-14T00:00:00
153315,1370,1,0.93968517,2024-01-14T00:00:00
232035,48574,1,0.9394529,2024-01-14T00:00:00
205812,1370,1,0.93941504,2024-01-14T00:00:00
198882,48574,1,0.93934697,2024-01-14T00:00:00
232035,60978,1,0.9392933,2024-01-14T00:00:00
153138,1370,1,0.93914264,2024-01-14T00:00:00
64734,1370,1,0.9387209,2024-01-14T00:00:00
210342,1370,1,0.938647,2024-01-14T00:00:00
226827,1304,1,0.9386245,2024-01-14T00:00:00
217620,1370,1,0.938535,2024-01-14T00:00:00
157224,1370,1,0.9384442,2024-01-14T00:00:00
197595,1370,1,0.93835515,2024-01-14T00:00:00
153402,1370,1,0.9383514,2024-01-14T00:00:00
212211,1372,1,0.9383052,2024-01-14T00:00:00
208758,11262,1,0.93819356,2024-01-14T00:00:00
205659,1370,1,0.9380357,2024-01-14T00:00:00
225480,1370,1,0.9380357,2024-01-14T00:00:00
208116,1370,1,0.9378352,2024-01-14T00:00:00
203445,1370,1,0.9378352,2024-01-14T00:00:00
72558,11262,1,0.93777525,2024-01-14T00:00:00
198573,60978,1,0.93768555,2024-01-14T00:00:00
153204,1370,1,0.9376653,2024-01-14T00:00:00
229527,56714,1,0.9376525,2024-01-14T00:00:00
208758,60978,1,0.937593,2024-01-14T00:00:00
154146,1370,1,0.9375024,2024-01-14T00:00:00
198867,1370,1,0.93749934,2024-01-14T00:00:00
211413,1370,1,0.9371498,2024-01-14T00:00:00
163101,11262,1,0.9370906,2024-01-14T00:00:00
184509,1370,1,0.9370683,2024-01-14T00:00:00
167451,1370,1,0.9369898,2024-01-14T00:00:00
219420,1370,1,0.9369517,2024-01-14T00:00:00
165927,1370,1,0.9367797,2024-01-14T00:00:00
198882,1370,1,0.9364583,2024-01-14T00:00:00
153645,1370,1,0.9363941,2024-01-14T00:00:00
156057,1370,1,0.93636423,2024-01-14T00:00:00
230028,11262,1,0.9361196,2024-01-14T00:00:00
128685,1370,1,0.9360838,2024-01-14T00:00:00
216498,1370,1,0.9358883,2024-01-14T00:00:00
220218,1370,1,0.9358475,2024-01-14T00:00:00
232410,1372,1,0.9357129,2024-01-14T00:00:00
232035,1370,1,0.93563825,2024-01-14T00:00:00
203439,1370,1,0.9356029,2024-01-14T00:00:00
198882,11262,1,0.9355055,2024-01-14T00:00:00
187734,1370,1,0.93542135,2024-01-14T00:00:00
153084,1370,1,0.9353735,2024-01-14T00:00:00
172161,1370,1,0.9350838,2024-01-14T00:00:00
217848,1304,1,0.93501264,2024-01-14T00:00:00
183672,1370,1,0.93498397,2024-01-14T00:00:00
184113,1370,1,0.93471134,2024-01-14T00:00:00
181149,1370,1,0.9347023,2024-01-14T00:00:00
195723,60978,1,0.93403316,2024-01-14T00:00:00
204243,1370,1,0.93395895,2024-01-14T00:00:00
165750,1370,1,0.9339273,2024-01-14T00:00:00
176403,1372,1,0.93371403,2024-01-14T00:00:00
128763,1370,1,0.93340313,2024-01-14T00:00:00
162603,1370,1,0.9332818,2024-01-14T00:00:00
154494,1370,1,0.9331246,2024-01-14T00:00:00
154485,1370,1,0.933079,2024-01-14T00:00:00
176643,1370,1,0.9330318,2024-01-14T00:00:00
172587,1370,1,0.9330318,2024-01-14T00:00:00
154881,1370,1,0.9328894,2024-01-14T00:00:00
192735,1370,1,0.9327491,2024-01-14T00:00:00
217752,1372,1,0.9326567,2024-01-14T00:00:00
178818,1370,1,0.9325075,2024-01-14T00:00:00
187101,1372,1,0.93237936,2024-01-14T00:00:00
228315,1370,1,0.9322904,2024-01-14T00:00:00
62817,11262,1,0.932277,2024-01-14T00:00:00
184674,1370,1,0.932144,2024-01-14T00:00:00
154890,11262,1,0.93203485,2024-01-14T00:00:00
187806,60978,1,0.9319724,2024-01-14T00:00:00
209622,1372,1,0.93197167,2024-01-14T00:00:00
238887,1370,1,0.93188095,2024-01-14T00:00:00
225672,48574,1,0.93165475,2024-01-14T00:00:00
204657,11262,1,0.93159056,2024-01-14T00:00:00
221115,1370,1,0.93145674,2024-01-14T00:00:00
25749,10652,1,0.9313769,2024-01-14T00:00:00
224931,1370,1,0.9313678,2024-01-14T00:00:00
61344,11262,1,0.9312761,2024-01-14T00:00:00
176472,1370,1,0.9312744,2024-01-14T00:00:00
154011,1370,1,0.9312554,2024-01-14T00:00:00
173796,1370,1,0.93123454,2024-01-14T00:00:00
198867,11262,1,0.9311239,2024-01-14T00:00:00
188604,1370,1,0.93088025,2024-01-14T00:00:00
184863,1372,1,0.9307314,2024-01-14T00:00:00
61824,1372,1,0.9306695,2024-01-14T00:00:00
176319,1370,1,0.93063223,2024-01-14T00:00:00
178458,1370,1,0.9304297,2024-01-14T00:00:00
222750,1370,1,0.93039376,2024-01-14T00:00:00
162795,1370,1,0.9302256,2024-01-14T00:00:00
182292,1370,1,0.929756,2024-01-14T00:00:00
208350,1370,1,0.9296236,2024-01-14T00:00:00
238032,30500,1,0.9296073,2024-01-14T00:00:00
210981,11262,1,0.9295375,2024-01-14T00:00:00
153288,1370,1,0.92938125,2024-01-14T00:00:00
184950,1304,1,0.9293736,2024-01-14T00:00:00
197529,11262,1,0.9293701,2024-01-14T00:00:00
72918,1304,1,0.9293453,2024-01-14T00:00:00
236226,60978,1,0.92926466,2024-01-14T00:00:00
177903,1370,1,0.9291873,2024-01-14T00:00:00
177474,1370,1,0.92916423,2024-01-14T00:00:00
61935,1370,1,0.9290387,2024-01-14T00:00:00
212283,1370,1,0.9288347,2024-01-14T00:00:00
165717,1370,1,0.9286242,2024-01-14T00:00:00
203259,1370,1,0.928409,2024-01-14T00:00:00
185067,1370,1,0.92836213,2024-01-14T00:00:00
154473,1370,1,0.92836213,2024-01-14T00:00:00
203517,1370,1,0.92821515,2024-01-14T00:00:00
195723,1370,1,0.92808545,2024-01-14T00:00:00
188730,1370,1,0.928068,2024-01-14T00:00:00
61824,48574,1,0.9279598,2024-01-14T00:00:00
172695,1370,1,0.9279159,2024-01-14T00:00:00
154041,1370,1,0.9277293,2024-01-14T00:00:00
206343,30500,1,0.92763704,2024-01-14T00:00:00
184863,56714,1,0.92759347,2024-01-14T00:00:00
231663,1370,1,0.9275583,2024-01-14T00:00:00
225699,11262,1,0.927555,2024-01-14T00:00:00
225393,1304,1,0.9274818,2024-01-14T00:00:00
198873,48574,1,0.9274475,2024-01-14T00:00:00
225501,11262,1,0.92735565,2024-01-14T00:00:00
232035,1304,1,0.92698723,2024-01-14T00:00:00
203142,1370,1,0.9269049,2024-01-14T00:00:00
206304,1370,1,0.9268576,2024-01-14T00:00:00
203724,59822,1,0.9267245,2024-01-14T00:00:00
203724,1304,1,0.9267245,2024-01-14T00:00:00
219132,1304,1,0.926609,2024-01-14T00:00:00
153279,1370,1,0.9265043,2024-01-14T00:00:00
209622,1304,1,0.9264788,2024-01-14T00:00:00
205332,1370,1,0.9262331,2024-01-14T00:00:00
209154,1304,1,0.9261562,2024-01-14T00:00:00
188637,1370,1,0.926042,2024-01-14T00:00:00
226623,1304,1,0.92602485,2024-01-14T00:00:00
212721,1370,1,0.92601156,2024-01-14T00:00:00
154803,1370,1,0.9259411,2024-01-14T00:00:00
186657,1370,1,0.9258295,2024-01-14T00:00:00
220269,1372,1,0.9257486,2024-01-14T00:00:00
176403,30500,1,0.9255533,2024-01-14T00:00:00
207993,1370,1,0.9255344,2024-01-14T00:00:00
183195,1370,1,0.9255108,2024-01-14T00:00:00
225276,1370,1,0.925393,2024-01-14T00:00:00
231096,1370,1,0.92509747,2024-01-14T00:00:00
176577,1370,1,0.92501605,2024-01-14T00:00:00
161787,1370,1,0.92489386,2024-01-14T00:00:00
213102,48574,1,0.92465687,2024-01-14T00:00:00
232035,11262,1,0.92450356,2024-01-14T00:00:00
204795,1304,1,0.92449135,2024-01-14T00:00:00
175899,1370,1,0.9244554,2024-01-14T00:00:00
154797,1370,1,0.92419434,2024-01-14T00:00:00
232827,1372,1,0.92417395,2024-01-14T00:00:00
216309,1370,1,0.92394584,2024-01-14T00:00:00
128526,60978,1,0.9238536,2024-01-14T00:00:00
204093,1370,1,0.92361444,2024-01-14T00:00:00
232269,56714,1,0.9235887,2024-01-14T00:00:00
232269,1370,1,0.92344725,2024-01-14T00:00:00
71766,11262,1,0.9233812,2024-01-14T00:00:00
198573,10652,1,0.92331535,2024-01-14T00:00:00
129081,1370,1,0.9232466,2024-01-14T00:00:00
212469,1370,1,0.9232466,2024-01-14T00:00:00
203790,48574,1,0.92318183,2024-01-14T00:00:00
203796,48574,1,0.92318183,2024-01-14T00:00:00
198882,1304,1,0.92317694,2024-01-14T00:00:00
194229,11262,1,0.92311925,2024-01-14T00:00:00
220728,56714,1,0.9231091,2024-01-14T00:00:00
191232,11262,1,0.9231022,2024-01-14T00:00:00
197802,11262,1,0.92293346,2024-01-14T00:00:00
206868,11262,1,0.92292213,2024-01-14T00:00:00
217380,1370,1,0.9228011,2024-01-14T00:00:00
206376,56714,1,0.9226514,2024-01-14T00:00:00
234297,1370,1,0.9226262,2024-01-14T00:00:00
212211,48574,1,0.9225493,2024-01-14T00:00:00
231708,1370,1,0.9222723,2024-01-14T00:00:00
154758,11262,1,0.9221598,2024-01-14T00:00:00
187101,1304,1,0.92213523,2024-01-14T00:00:00
157398,1370,1,0.9220868,2024-01-14T00:00:00
204795,44302,1,0.92194897,2024-01-14T00:00:00
206376,1304,1,0.921888,2024-01-14T00:00:00
206376,59822,1,0.921888,2024-01-14T00:00:00
203724,44302,1,0.9217787,2024-01-14T00:00:00
206760,11262,1,0.92174494,2024-01-14T00:00:00
183489,1370,1,0.921492,2024-01-14T00:00:00
183213,1370,1,0.92139566,2024-01-14T00:00:00
228753,1370,1,0.92122906,2024-01-14T00:00:00
208758,48574,1,0.92104644,2024-01-14T00:00:00
72117,48574,1,0.92102045,2024-01-14T00:00:00
219381,1370,1,0.92082894,2024-01-14T00:00:00
203724,11262,1,0.92075646,2024-01-14T00:00:00
187707,1372,1,0.9207483,2024-01-14T00:00:00
217494,1304,1,0.9205896,2024-01-14T00:00:00
189045,1370,1,0.9205691,2024-01-14T00:00:00
211527,11262,1,0.9205541,2024-01-14T00:00:00
25749,1304,1,0.92033863,2024-01-14T00:00:00
56871,1370,1,0.92032546,2024-01-14T00:00:00
220728,1370,1,0.92019916,2024-01-14T00:00:00
188937,1370,1,0.9201623,2024-01-14T00:00:00
191892,56714,1,0.92010474,2024-01-14T00:00:00
211413,1304,1,0.92008054,2024-01-14T00:00:00
154890,1372,1,0.919967,2024-01-14T00:00:00
191256,1370,1,0.91991025,2024-01-14T00:00:00
77484,11262,1,0.91987413,2024-01-14T00:00:00
211767,1370,1,0.91982824,2024-01-14T00:00:00
72930,39186,1,0.91973764,2024-01-14T00:00:00
187806,44302,1,0.91962934,2024-01-14T00:00:00
195894,11262,1,0.91944987,2024-01-14T00:00:00
234297,48574,1,0.9194347,2024-01-14T00:00:00
195249,1370,1,0.91935825,2024-01-14T00:00:00
232269,1304,1,0.9192984,2024-01-14T00:00:00
195063,1370,1,0.9192732,2024-01-14T00:00:00
232614,1370,1,0.91925097,2024-01-14T00:00:00
183492,60978,1,0.9192431,2024-01-14T00:00:00
72117,1372,1,0.91923946,2024-01-14T00:00:00
71766,1304,1,0.91904753,2024-01-14T00:00:00
202818,11262,1,0.9190463,2024-01-14T00:00:00
198945,1370,1,0.91891515,2024-01-14T00:00:00
216498,11262,1,0.9188398,2024-01-14T00:00:00
220728,1304,1,0.9186484,2024-01-14T00:00:00
225393,30500,1,0.9185849,2024-01-14T00:00:00
187806,10652,1,0.9185511,2024-01-14T00:00:00
65328,1370,1,0.9182211,2024-01-14T00:00:00
177672,1370,1,0.9179277,2024-01-14T00:00:00
175878,1370,1,0.91786855,2024-01-14T00:00:00
25734,11262,1,0.917845,2024-01-14T00:00:00
224208,11262,1,0.91780806,2024-01-14T00:00:00
194904,10652,1,0.9177791,2024-01-14T00:00:00
211524,56714,1,0.91762847,2024-01-14T00:00:00
207345,1304,1,0.91730064,2024-01-14T00:00:00
211527,1304,1,0.9171925,2024-01-14T00:00:00
175266,1370,1,0.91713476,2024-01-14T00:00:00
216108,11262,1,0.9170706,2024-01-14T00:00:00
233970,11262,1,0.9170706,2024-01-14T00:00:00
206760,1304,1,0.9167923,2024-01-14T00:00:00
167316,11262,1,0.916743,2024-01-14T00:00:00
187797,1304,1,0.91673243,2024-01-14T00:00:00
156225,1370,1,0.91648406,2024-01-14T00:00:00
193323,11262,1,0.9164827,2024-01-14T00:00:00
194229,1304,1,0.9163999,2024-01-14T00:00:00
222204,11262,1,0.9161796,2024-01-14T00:00:00
156057,56714,1,0.91612816,2024-01-14T00:00:00
212220,48574,1,0.91612023,2024-01-14T00:00:00
192564,48574,1,0.91607684,2024-01-14T00:00:00
153303,11262,1,0.9160368,2024-01-14T00:00:00
64218,11262,1,0.9160168,2024-01-14T00:00:00
231909,1370,1,0.9159285,2024-01-14T00:00:00
154869,1370,1,0.9159193,2024-01-14T00:00:00
206940,30500,1,0.91566813,2024-01-14T00:00:00
155085,1370,1,0.915665,2024-01-14T00:00:00
188100,1370,1,0.91564196,2024-01-14T00:00:00
209976,11262,1,0.91564035,2024-01-14T00:00:00
206748,60978,1,0.91562945,2024-01-14T00:00:00
187224,1370,1,0.91562426,2024-01-14T00:00:00
162843,1370,1,0.9155114,2024-01-14T00:00:00
88920,11262,1,0.91549563,2024-01-14T00:00:00
154119,1370,1,0.91539305,2024-01-14T00:00:00
204657,1372,1,0.9153735,2024-01-14T00:00:00
153312,1370,1,0.9153193,2024-01-14T00:00:00
153882,1370,1,0.91523224,2024-01-14T00:00:00
178830,56714,1,0.915133,2024-01-14T00:00:00
237057,1370,1,0.9150368,2024-01-14T00:00:00
208449,1370,1,0.91498876,2024-01-14T00:00:00
219231,48574,1,0.9149862,2024-01-14T00:00:00
174468,30500,1,0.914829,2024-01-14T00:00:00
186216,1370,1,0.91481096,2024-01-14T00:00:00
222906,1372,1,0.9146363,2024-01-14T00:00:00
232068,11262,1,0.91448057,2024-01-14T00:00:00
186990,1370,1,0.9144681,2024-01-14T00:00:00
128334,1370,1,0.91444665,2024-01-14T00:00:00
179853,11262,1,0.9143987,2024-01-14T00:00:00
187797,39186,1,0.91438776,2024-01-14T00:00:00
213987,1370,1,0.91413933,2024-01-14T00:00:00
194229,48574,1,0.9137088,2024-01-14T00:00:00
149634,11262,1,0.91370493,2024-01-14T00:00:00
223518,11262,1,0.91370493,2024-01-14T00:00:00
227988,1370,1,0.91367716,2024-01-14T00:00:00
154113,1370,1,0.9136431,2024-01-14T00:00:00
202959,1304,1,0.91362053,2024-01-14T00:00:00
203820,11262,1,0.9136031,2024-01-14T00:00:00
184863,48574,1,0.91352236,2024-01-14T00:00:00
200259,1372,1,0.9134497,2024-01-14T00:00:00
204222,11262,1,0.9132354,2024-01-14T00:00:00
224925,1372,1,0.91321504,2024-01-14T00:00:00
187101,48574,1,0.91309166,2024-01-14T00:00:00
155388,1372,1,0.9127743,2024-01-14T00:00:00
184710,1370,1,0.91264504,2024-01-14T00:00:00
206748,30500,1,0.9126265,2024-01-14T00:00:00
163578,1370,1,0.9124762,2024-01-14T00:00:00
61692,11262,1,0.9124724,2024-01-14T00:00:00
212721,48574,1,0.9122248,2024-01-14T00:00:00
206484,11262,1,0.91204643,2024-01-14T00:00:00
203133,11262,1,0.9120276,2024-01-14T00:00:00
195723,30500,1,0.9120118,2024-01-14T00:00:00
207996,1370,1,0.912003,2024-01-14T00:00:00
197529,1370,1,0.9117088,2024-01-14T00:00:00
60888,1304,1,0.91165155,2024-01-14T00:00:00
206433,11262,1,0.91148484,2024-01-14T00:00:00
212430,11262,1,0.91115594,2024-01-14T00:00:00
171702,1370,1,0.91114664,2024-01-14T00:00:00
219030,1372,1,0.9111317,2024-01-14T00:00:00
183105,1372,1,0.9111164,2024-01-14T00:00:00
205821,1370,1,0.9110978,2024-01-14T00:00:00
187806,1304,1,0.9110212,2024-01-14T00:00:00
140277,1370,1,0.91098535,2024-01-14T00:00:00
207600,11262,1,0.9109734,2024-01-14T00:00:00
209184,11262,1,0.9108166,2024-01-14T00:00:00
200964,11262,1,0.9108166,2024-01-14T00:00:00
225393,56714,1,0.9107517,2024-01-14T00:00:00
200259,48574,1,0.9107053,2024-01-14T00:00:00
186174,30500,1,0.91065156,2024-01-14T00:00:00
171939,1370,1,0.91035545,2024-01-14T00:00:00
165762,1304,1,0.9102724,2024-01-14T00:00:00
167571,1370,1,0.91023064,2024-01-14T00:00:00
184863,11262,1,0.91001606,2024-01-14T00:00:00
227292,1304,1,0.9100135,2024-01-14T00:00:00
203133,1370,1,0.909961,2024-01-14T00:00:00
72558,1304,1,0.90950286,2024-01-14T00:00:00
206376,60978,1,0.90940046,2024-01-14T00:00:00
233427,1370,1,0.90937877,2024-01-14T00:00:00
212586,1372,1,0.9093316,2024-01-14T00:00:00
163554,11262,1,0.90917146,2024-01-14T00:00:00
212721,1372,1,0.9089612,2024-01-14T00:00:00
220011,1304,1,0.9088946,2024-01-14T00:00:00
194904,30500,1,0.90878993,2024-01-14T00:00:00
217002,1370,1,0.9086148,2024-01-14T00:00:00
203256,11262,1,0.9084429,2024-01-14T00:00:00
203268,11262,1,0.9084429,2024-01-14T00:00:00
203271,11262,1,0.9084429,2024-01-14T00:00:00
207618,1370,1,0.9083779,2024-01-14T00:00:00
196845,1372,1,0.90833044,2024-01-14T00:00:00
233559,1304,1,0.90832925,2024-01-14T00:00:00
212220,46632,1,0.9081173,2024-01-14T00:00:00
202959,44302,1,0.9079503,2024-01-14T00:00:00
236226,10652,1,0.90793663,2024-01-14T00:00:00
234021,11262,1,0.90787363,2024-01-14T00:00:00
228729,11262,1,0.90757334,2024-01-14T00:00:00
197673,11262,1,0.9074167,2024-01-14T00:00:00
156057,1372,1,0.90733284,2024-01-14T00:00:00
72045,11262,1,0.9072836,2024-01-14T00:00:00
68496,1370,1,0.9070645,2024-01-14T00:00:00
225393,60978,1,0.9069842,2024-01-14T00:00:00
206442,11262,1,0.90693593,2024-01-14T00:00:00
206952,11262,1,0.90686446,2024-01-14T00:00:00
208206,1370,1,0.90686417,2024-01-14T00:00:00
222438,1370,1,0.9068124,2024-01-14T00:00:00
178257,1370,1,0.9067145,2024-01-14T00:00:00
191247,1304,1,0.90654695,2024-01-14T00:00:00
61899,30500,1,0.9064841,2024-01-14T00:00:00
194904,1304,1,0.9064195,2024-01-14T00:00:00
178230,1370,1,0.90637064,2024-01-14T00:00:00
25749,30500,1,0.906134,2024-01-14T00:00:00
216108,1370,1,0.9061247,2024-01-14T00:00:00
233970,1370,1,0.9061247,2024-01-14T00:00:00
225393,48574,1,0.90596664,2024-01-14T00:00:00
154890,1304,1,0.9058788,2024-01-14T00:00:00
175293,1370,1,0.90585583,2024-01-14T00:00:00
183573,11262,1,0.90552366,2024-01-14T00:00:00
166356,11262,1,0.9053046,2024-01-14T00:00:00
238032,33886,1,0.9050718,2024-01-14T00:00:00
204771,11262,1,0.9050711,2024-01-14T00:00:00
187707,48574,1,0.90504396,2024-01-14T00:00:00
205740,1370,1,0.90499866,2024-01-14T00:00:00
194790,11262,1,0.90496767,2024-01-14T00:00:00
223389,11262,1,0.9047914,2024-01-14T00:00:00
182565,1370,1,0.9047894,2024-01-14T00:00:00
196845,48574,1,0.90477484,2024-01-14T00:00:00
64299,1372,1,0.9045604,2024-01-14T00:00:00
203454,11262,1,0.9042729,2024-01-14T00:00:00
155097,1370,1,0.9042387,2024-01-14T00:00:00
186174,48574,1,0.9042072,2024-01-14T00:00:00
230178,1370,1,0.90412587,2024-01-14T00:00:00
167316,1304,1,0.90397054,2024-01-14T00:00:00
211524,1304,1,0.9038197,2024-01-14T00:00:00
216948,1370,1,0.9036222,2024-01-14T00:00:00
198882,44302,1,0.9033201,2024-01-14T00:00:00
217848,39186,1,0.90307474,2024-01-14T00:00:00
208599,1304,1,0.9029997,2024-01-14T00:00:00
227292,30500,1,0.9029473,2024-01-14T00:00:00
222894,1370,1,0.90273714,2024-01-14T00:00:00
232503,1372,1,0.90260977,2024-01-14T00:00:00
203178,1372,1,0.9025449,2024-01-14T00:00:00
72930,1304,1,0.9025421,2024-01-14T00:00:00
210633,48574,1,0.90248686,2024-01-14T00:00:00
198573,1304,1,0.90245664,2024-01-14T00:00:00
227295,11262,1,0.902408,2024-01-14T00:00:00
154707,1370,1,0.90228504,2024-01-14T00:00:00
232269,1372,1,0.9021843,2024-01-14T00:00:00
238032,59822,1,0.9020801,2024-01-14T00:00:00
205191,11262,1,0.9018958,2024-01-14T00:00:00
200508,1370,1,0.9018334,2024-01-14T00:00:00
72045,48574,1,0.9018158,2024-01-14T00:00:00
206940,1304,1,0.9017841,2024-01-14T00:00:00
203829,11262,1,0.9013244,2024-01-14T00:00:00
225393,1372,1,0.9012618,2024-01-14T00:00:00
129135,1370,1,0.90126026,2024-01-14T00:00:00
128901,1304,1,0.9011706,2024-01-14T00:00:00
231162,1370,1,0.90116566,2024-01-14T00:00:00
232455,1370,1,0.9011357,2024-01-14T00:00:00
207999,1370,1,0.9010589,2024-01-14T00:00:00
206376,33886,1,0.90103877,2024-01-14T00:00:00
203871,1370,1,0.90102774,2024-01-14T00:00:00
208758,44302,1,0.9009689,2024-01-14T00:00:00
208758,1304,1,0.9009122,2024-01-14T00:00:00
153888,1370,1,0.9008975,2024-01-14T00:00:00
156057,11262,1,0.90085214,2024-01-14T00:00:00
203178,48574,1,0.9007878,2024-01-14T00:00:00
188853,11262,1,0.90078247,2024-01-14T00:00:00
155043,1370,1,0.90053666,2024-01-14T00:00:00
212526,48574,1,0.9005183,2024-01-14T00:00:00
205722,11262,1,0.90040964,2024-01-14T00:00:00
182565,11262,1,0.9002455,2024-01-14T00:00:00
230286,1370,1,0.8999332,2024-01-14T00:00:00
188685,11262,1,0.8998325,2024-01-14T00:00:00
205191,48574,1,0.8996447,2024-01-14T00:00:00
236490,1304,1,0.89953643,2024-01-14T00:00:00
62817,1304,1,0.8994554,2024-01-14T00:00:00
188637,11262,1,0.8994423,2024-01-14T00:00:00
128334,11262,1,0.8993609,2024-01-14T00:00:00
157767,48574,1,0.899265,2024-01-14T00:00:00
165927,11262,1,0.8991063,2024-01-14T00:00:00
197286,60978,1,0.89908963,2024-01-14T00:00:00
238608,1370,1,0.89907473,2024-01-14T00:00:00
183789,1372,1,0.89901865,2024-01-14T00:00:00
153885,11262,1,0.8989672,2024-01-14T00:00:00
188937,11262,1,0.89890575,2024-01-14T00:00:00
166995,11262,1,0.89862686,2024-01-14T00:00:00
154098,1370,1,0.8985925,2024-01-14T00:00:00
206364,11262,1,0.89845854,2024-01-14T00:00:00
167571,11262,1,0.89843947,2024-01-14T00:00:00
232266,1370,1,0.89832515,2024-01-14T00:00:00
183576,1370,1,0.89825743,2024-01-14T00:00:00
224280,11262,1,0.8982502,2024-01-14T00:00:00
210882,11262,1,0.8982502,2024-01-14T00:00:00
96444,11262,1,0.8982502,2024-01-14T00:00:00
203277,11262,1,0.8982502,2024-01-14T00:00:00
220269,48574,1,0.8981428,2024-01-14T00:00:00
187395,1370,1,0.89809316,2024-01-14T00:00:00
224787,11262,1,0.8980803,2024-01-14T00:00:00
235842,1370,1,0.8980577,2024-01-14T00:00:00
157767,1372,1,0.8980514,2024-01-14T00:00:00
236520,30500,1,0.8980492,2024-01-14T00:00:00
222906,48574,1,0.8978834,2024-01-14T00:00:00
153756,1372,1,0.89778006,2024-01-14T00:00:00
194904,44302,1,0.89777535,2024-01-14T00:00:00
178830,1370,1,0.8976526,2024-01-14T00:00:00
163131,1370,1,0.8974436,2024-01-14T00:00:00
154707,11262,1,0.8974131,2024-01-14T00:00:00
166995,1370,1,0.8972802,2024-01-14T00:00:00
206760,30500,1,0.89727336,2024-01-14T00:00:00
162984,11262,1,0.8972546,2024-01-14T00:00:00
230028,1304,1,0.8971758,2024-01-14T00:00:00
221115,11262,1,0.89697886,2024-01-14T00:00:00
212430,1304,1,0.89697367,2024-01-14T00:00:00
183492,10652,1,0.8969592,2024-01-14T00:00:00
161667,11262,1,0.89695257,2024-01-14T00:00:00
188730,11262,1,0.8969047,2024-01-14T00:00:00
210981,1370,1,0.8968828,2024-01-14T00:00:00
203811,1370,1,0.8967858,2024-01-14T00:00:00
163101,1370,1,0.89666414,2024-01-14T00:00:00
183213,1304,1,0.89657706,2024-01-14T00:00:00
211749,56714,1,0.8965632,2024-01-14T00:00:00
227973,1370,1,0.8964681,2024-01-14T00:00:00
200259,11262,1,0.8962888,2024-01-14T00:00:00
236490,48574,1,0.896039,2024-01-14T00:00:00
154011,11262,1,0.89600456,2024-01-14T00:00:00
225747,11262,1,0.89597154,2024-01-14T00:00:00
154068,1370,1,0.8958231,2024-01-14T00:00:00
188331,56714,1,0.89580446,2024-01-14T00:00:00
211527,30500,1,0.89575225,2024-01-14T00:00:00
192714,1370,1,0.8956076,2024-01-14T00:00:00
66879,1370,1,0.89537233,2024-01-14T00:00:00
225501,56714,1,0.89521056,2024-01-14T00:00:00
183468,11262,1,0.8951646,2024-01-14T00:00:00
186174,60978,1,0.8951071,2024-01-14T00:00:00
128526,44302,1,0.8949685,2024-01-14T00:00:00
64299,11262,1,0.89496183,2024-01-14T00:00:00
172161,11262,1,0.8949279,2024-01-14T00:00:00
183387,11262,1,0.8949098,2024-01-14T00:00:00
208599,1370,1,0.894796,2024-01-14T00:00:00
212526,11262,1,0.89472485,2024-01-14T00:00:00
191247,11262,1,0.8946264,2024-01-14T00:00:00
128502,30500,1,0.8945357,2024-01-14T00:00:00
207345,60978,1,0.8945157,2024-01-14T00:00:00
153885,1370,1,0.894493,2024-01-14T00:00:00
204762,11262,1,0.8942896,2024-01-14T00:00:00
166362,1370,1,0.89422226,2024-01-14T00:00:00
66465,1372,1,0.8941737,2024-01-14T00:00:00
186177,11262,1,0.89416134,2024-01-14T00:00:00
227295,1304,1,0.8941244,2024-01-14T00:00:00
203082,11262,1,0.89411163,2024-01-14T00:00:00
210141,11262,1,0.89408314,2024-01-14T00:00:00
228753,11262,1,0.893995,2024-01-14T00:00:00
204762,1370,1,0.8938897,2024-01-14T00:00:00
227973,11262,1,0.8938765,2024-01-14T00:00:00
197286,11262,1,0.8937516,2024-01-14T00:00:00
204222,1372,1,0.89371604,2024-01-14T00:00:00
211476,48574,1,0.8931259,2024-01-14T00:00:00
72645,1370,1,0.8928632,2024-01-14T00:00:00
231459,1372,1,0.89283156,2024-01-14T00:00:00
61344,1304,1,0.89277846,2024-01-14T00:00:00
183195,1372,1,0.8927612,2024-01-14T00:00:00
177873,11262,1,0.8927055,2024-01-14T00:00:00
227469,1370,1,0.8926511,2024-01-14T00:00:00
203073,11262,1,0.8926409,2024-01-14T00:00:00
236520,48574,1,0.8925179,2024-01-14T00:00:00
208788,60978,1,0.8924906,2024-01-14T00:00:00
60888,11262,1,0.89245194,2024-01-14T00:00:00
66777,1372,1,0.89234614,2024-01-14T00:00:00
210834,1370,1,0.8923018,2024-01-14T00:00:00
203247,1370,1,0.8923018,2024-01-14T00:00:00
207219,1370,1,0.8921083,2024-01-14T00:00:00
203724,10652,1,0.8921032,2024-01-14T00:00:00
153756,11262,1,0.8920057,2024-01-14T00:00:00
128901,11262,1,0.8919265,2024-01-14T00:00:00
186378,1370,1,0.89191633,2024-01-14T00:00:00
172035,1370,1,0.8918797,2024-01-14T00:00:00
198981,1372,1,0.89181525,2024-01-14T00:00:00
154542,1370,1,0.8917038,2024-01-14T00:00:00
229539,48574,1,0.89158446,2024-01-14T00:00:00
231096,1304,1,0.8915767,2024-01-14T00:00:00
206748,1304,1,0.8915049,2024-01-14T00:00:00
128763,11262,1,0.8914507,2024-01-14T00:00:00
223071,1370,1,0.89137745,2024-01-14T00:00:00
206484,1304,1,0.8913377,2024-01-14T00:00:00
172503,1370,1,0.891271,2024-01-14T00:00:00
172590,1370,1,0.89121205,2024-01-14T00:00:00
206940,44302,1,0.8911529,2024-01-14T00:00:00
232827,1304,1,0.8910812,2024-01-14T00:00:00
176472,11262,1,0.89084953,2024-01-14T00:00:00
207345,30500,1,0.8907188,2024-01-14T00:00:00
66843,1370,1,0.89065826,2024-01-14T00:00:00
212211,11262,1,0.8905423,2024-01-14T00:00:00
208536,1304,1,0.8903396,2024-01-14T00:00:00
237765,1304,1,0.8903396,2024-01-14T00:00:00
167316,1372,1,0.8901735,2024-01-14T00:00:00
177873,59822,1,0.8901416,2024-01-14T00:00:00
177873,1304,1,0.8901416,2024-01-14T00:00:00
204795,1372,1,0.8900839,2024-01-14T00:00:00
204144,1370,1,0.8900631,2024-01-14T00:00:00
208812,11262,1,0.89003706,2024-01-14T00:00:00
154113,11262,1,0.88996744,2024-01-14T00:00:00
217848,1370,1,0.88995045,2024-01-14T00:00:00
204483,1370,1,0.8899315,2024-01-14T00:00:00
237057,1372,1,0.88981766,2024-01-14T00:00:00
206748,44302,1,0.889773,2024-01-14T00:00:00
154476,1370,1,0.889735,2024-01-14T00:00:00
197673,60978,1,0.889561,2024-01-14T00:00:00
204657,48574,1,0.88948107,2024-01-14T00:00:00
219420,11262,1,0.88947535,2024-01-14T00:00:00
156063,1370,1,0.88947195,2024-01-14T00:00:00
208758,30500,1,0.8894114,2024-01-14T00:00:00
230028,56714,1,0.88933635,2024-01-14T00:00:00
208758,1370,1,0.8893022,2024-01-14T00:00:00
89013,1370,1,0.8892474,2024-01-14T00:00:00
187734,11262,1,0.8891214,2024-01-14T00:00:00
228729,1304,1,0.88900304,2024-01-14T00:00:00
223776,1370,1,0.889002,2024-01-14T00:00:00
234120,1370,1,0.8889306,2024-01-14T00:00:00
230010,1370,1,0.8889276,2024-01-14T00:00:00
212211,60978,1,0.8889108,2024-01-14T00:00:00
154890,48574,1,0.88880676,2024-01-14T00:00:00
187839,1370,1,0.88870203,2024-01-14T00:00:00
238611,1370,1,0.88869435,2024-01-14T00:00:00
208899,1304,1,0.8886058,2024-01-14T00:00:00
208545,1304,1,0.8886058,2024-01-14T00:00:00
238218,1370,1,0.8884169,2024-01-14T00:00:00
163131,11262,1,0.8883045,2024-01-14T00:00:00
206670,11262,1,0.8881488,2024-01-14T00:00:00
206664,11262,1,0.8881488,2024-01-14T00:00:00
218265,1370,1,0.88812625,2024-01-14T00:00:00
225672,11262,1,0.8881108,2024-01-14T00:00:00
207240,1370,1,0.88803434,2024-01-14T00:00:00
228438,1370,1,0.8879623,2024-01-14T00:00:00
198573,30500,1,0.88787544,2024-01-14T00:00:00
219048,1370,1,0.88780683,2024-01-14T00:00:00
208506,1304,1,0.88775045,2024-01-14T00:00:00
208524,1304,1,0.88775045,2024-01-14T00:00:00
204411,11262,1,0.8877499,2024-01-14T00:00:00
203082,1370,1,0.8876888,2024-01-14T00:00:00
171702,11262,1,0.887592,2024-01-14T00:00:00
183105,48574,1,0.8875645,2024-01-14T00:00:00
206748,33886,1,0.88756156,2024-01-14T00:00:00
198981,48574,1,0.8875547,2024-01-14T00:00:00
191232,1304,1,0.8874772,2024-01-14T00:00:00
230073,30500,1,0.88730377,2024-01-14T00:00:00
210186,48574,1,0.8870864,2024-01-14T00:00:00
206760,48574,1,0.8870864,2024-01-14T00:00:00
203073,1370,1,0.88707906,2024-01-14T00:00:00
61353,11262,1,0.8870374,2024-01-14T00:00:00
210978,1372,1,0.88695836,2024-01-14T00:00:00
206748,56714,1,0.8869095,2024-01-14T00:00:00
206376,44302,1,0.8868763,2024-01-14T00:00:00
192549,56714,1,0.88686234,2024-01-14T00:00:00
206937,11262,1,0.8868416,2024-01-14T00:00:00
230073,10652,1,0.88678,2024-01-14T00:00:00
128526,33886,1,0.8867162,2024-01-14T00:00:00
197286,48574,1,0.8866635,2024-01-14T00:00:00
206427,1304,1,0.88662416,2024-01-14T00:00:00
25743,11262,1,0.8864937,2024-01-14T00:00:00
195723,10652,1,0.8863648,2024-01-14T00:00:00
208500,1304,1,0.88620096,2024-01-14T00:00:00
208806,1304,1,0.88620096,2024-01-14T00:00:00
165726,1370,1,0.8861515,2024-01-14T00:00:00
203700,11262,1,0.886148,2024-01-14T00:00:00
163044,1370,1,0.8860963,2024-01-14T00:00:00
234093,11262,1,0.8860522,2024-01-14T00:00:00
210045,1370,1,0.8860027,2024-01-14T00:00:00
174468,1372,1,0.88596535,2024-01-14T00:00:00
154890,30500,1,0.8859277,2024-01-14T00:00:00
61902,1370,1,0.8857591,2024-01-14T00:00:00
187962,11262,1,0.88572484,2024-01-14T00:00:00
129264,11262,1,0.88554096,2024-01-14T00:00:00
236226,1304,1,0.88552886,2024-01-14T00:00:00
207996,11262,1,0.88535726,2024-01-14T00:00:00
25749,44302,1,0.8853332,2024-01-14T00:00:00
184674,1304,1,0.8851002,2024-01-14T00:00:00
224841,11262,1,0.8849849,2024-01-14T00:00:00
72117,11262,1,0.8848066,2024-01-14T00:00:00
219030,48574,1,0.88472325,2024-01-14T00:00:00
212571,1304,1,0.88453126,2024-01-14T00:00:00
210627,1370,1,0.88447773,2024-01-14T00:00:00
203727,1304,1,0.8841642,2024-01-14T00:00:00
211989,1304,1,0.8841642,2024-01-14T00:00:00
200508,1304,1,0.8841642,2024-01-14T00:00:00
235299,1304,1,0.8838422,2024-01-14T00:00:00
210843,11262,1,0.8838145,2024-01-14T00:00:00
206823,11262,1,0.8838145,2024-01-14T00:00:00
194790,1372,1,0.8837963,2024-01-14T00:00:00
216108,30500,1,0.88370055,2024-01-14T00:00:00
198882,30500,1,0.88364404,2024-01-14T00:00:00
69249,11262,1,0.8835189,2024-01-14T00:00:00
219021,11262,1,0.8835084,2024-01-14T00:00:00
206673,11262,1,0.8834894,2024-01-14T00:00:00
210840,11262,1,0.8834894,2024-01-14T00:00:00
212211,10652,1,0.88336396,2024-01-14T00:00:00
162624,1370,1,0.883356,2024-01-14T00:00:00
207390,1304,1,0.88327384,2024-01-14T00:00:00
216981,1370,1,0.8832305,2024-01-14T00:00:00
211383,11262,1,0.88314384,2024-01-14T00:00:00
210120,1370,1,0.88304514,2024-01-14T00:00:00
61908,11262,1,0.8829716,2024-01-14T00:00:00
66915,1370,1,0.88271683,2024-01-14T00:00:00
209976,1304,1,0.8826949,2024-01-14T00:00:00
205815,11262,1,0.8825491,2024-01-14T00:00:00
203796,11262,1,0.88247925,2024-01-14T00:00:00
208341,11262,1,0.88247925,2024-01-14T00:00:00
211533,48574,1,0.88247454,2024-01-14T00:00:00
209697,1370,1,0.8824285,2024-01-14T00:00:00
211527,1372,1,0.88241696,2024-01-14T00:00:00
208491,1304,1,0.88238925,2024-01-14T00:00:00
196302,11262,1,0.8823889,2024-01-14T00:00:00
212586,48574,1,0.88236207,2024-01-14T00:00:00
212379,11262,1,0.8823321,2024-01-14T00:00:00
186327,1370,1,0.8823068,2024-01-14T00:00:00
61977,11262,1,0.8822429,2024-01-14T00:00:00
206856,11262,1,0.8822429,2024-01-14T00:00:00
216366,11262,1,0.8822429,2024-01-14T00:00:00
179496,1304,1,0.8822211,2024-01-14T00:00:00
238878,1370,1,0.88211995,2024-01-14T00:00:00
208788,48574,1,0.8820716,2024-01-14T00:00:00
232827,11262,1,0.8819748,2024-01-14T00:00:00
210186,60978,1,0.88194245,2024-01-14T00:00:00
206760,60978,1,0.88194245,2024-01-14T00:00:00
201564,1304,1,0.88169456,2024-01-14T00:00:00
212442,11262,1,0.8816881,2024-01-14T00:00:00
209829,1304,1,0.88151073,2024-01-14T00:00:00
206988,11262,1,0.8814995,2024-01-14T00:00:00
211527,60978,1,0.88137996,2024-01-14T00:00:00
187806,33886,1,0.881358,2024-01-14T00:00:00
181101,1304,1,0.8812695,2024-01-14T00:00:00
225393,33886,1,0.88125694,2024-01-14T00:00:00
206979,11262,1,0.88104117,2024-01-14T00:00:00
238827,11262,1,0.88100195,2024-01-14T00:00:00
206955,11262,1,0.88100195,2024-01-14T00:00:00
183213,60978,1,0.8808889,2024-01-14T00:00:00
228438,11262,1,0.8808346,2024-01-14T00:00:00
218265,11262,1,0.88078666,2024-01-14T00:00:00
206760,1372,1,0.880719,2024-01-14T00:00:00
210186,1372,1,0.880719,2024-01-14T00:00:00
153303,1372,1,0.88057524,2024-01-14T00:00:00
221247,1372,1,0.88057023,2024-01-14T00:00:00
211950,1370,1,0.8805101,2024-01-14T00:00:00
232827,60978,1,0.8804129,2024-01-14T00:00:00
203259,11262,1,0.880111,2024-01-14T00:00:00
158610,11262,1,0.88007635,2024-01-14T00:00:00
207366,11262,1,0.88007635,2024-01-14T00:00:00
203295,1304,1,0.8800243,2024-01-14T00:00:00
238689,1304,1,0.8800243,2024-01-14T00:00:00
203301,1304,1,0.8800243,2024-01-14T00:00:00
207999,11262,1,0.8800018,2024-01-14T00:00:00
183489,11262,1,0.8799729,2024-01-14T00:00:00
207087,1304,1,0.8799412,2024-01-14T00:00:00
187734,1304,1,0.87993133,2024-01-14T00:00:00
194229,10652,1,0.87984514,2024-01-14T00:00:00
194790,1304,1,0.8797276,2024-01-14T00:00:00
217494,48574,1,0.8795086,2024-01-14T00:00:00
61824,30500,1,0.8794896,2024-01-14T00:00:00
166005,1304,1,0.87924033,2024-01-14T00:00:00
206787,11262,1,0.8790634,2024-01-14T00:00:00
164970,11262,1,0.8789881,2024-01-14T00:00:00
217848,50270,1,0.8789836,2024-01-14T00:00:00
229539,30500,1,0.8788412,2024-01-14T00:00:00
226662,56714,1,0.8788022,2024-01-14T00:00:00
238032,60978,1,0.8786821,2024-01-14T00:00:00
206421,11262,1,0.87862194,2024-01-14T00:00:00
206418,11262,1,0.87862194,2024-01-14T00:00:00
212640,11262,1,0.87862194,2024-01-14T00:00:00
155055,1370,1,0.8784723,2024-01-14T00:00:00
206772,11262,1,0.8782055,2024-01-14T00:00:00
230073,33886,1,0.87803054,2024-01-14T00:00:00
203709,1304,1,0.8779546,2024-01-14T00:00:00
154068,11262,1,0.8778059,2024-01-14T00:00:00
194229,60978,1,0.87779796,2024-01-14T00:00:00
212745,1370,1,0.8776627,2024-01-14T00:00:00
221115,1304,1,0.8776392,2024-01-14T00:00:00
238263,48574,1,0.87760824,2024-01-14T00:00:00
65631,1370,1,0.87746304,2024-01-14T00:00:00
72900,1370,1,0.87732357,2024-01-14T00:00:00
189045,11262,1,0.877237,2024-01-14T00:00:00
203088,1370,1,0.8768789,2024-01-14T00:00:00
232269,60978,1,0.8768284,2024-01-14T00:00:00
163377,1370,1,0.87660825,2024-01-14T00:00:00
208524,1370,1,0.8764415,2024-01-14T00:00:00
212571,1370,1,0.8764415,2024-01-14T00:00:00
209976,30500,1,0.87644064,2024-01-14T00:00:00
210111,1370,1,0.8762545,2024-01-14T00:00:00
186174,33886,1,0.87613666,2024-01-14T00:00:00
174279,11262,1,0.87613225,2024-01-14T00:00:00
234018,1370,1,0.8760985,2024-01-14T00:00:00
223518,1370,1,0.87606406,2024-01-14T00:00:00
219231,33886,1,0.8759748,2024-01-14T00:00:00
206376,48574,1,0.8759585,2024-01-14T00:00:00
153072,1372,1,0.87578154,2024-01-14T00:00:00
62817,60978,1,0.87555224,2024-01-14T00:00:00
206496,1304,1,0.87551385,2024-01-14T00:00:00
211812,1304,1,0.8754707,2024-01-14T00:00:00
219522,1370,1,0.87528676,2024-01-14T00:00:00
165927,30500,1,0.87523973,2024-01-14T00:00:00
185244,1370,1,0.8751922,2024-01-14T00:00:00
184863,1304,1,0.8751076,2024-01-14T00:00:00
61824,1304,1,0.8751035,2024-01-14T00:00:00
201837,59822,1,0.8749935,2024-01-14T00:00:00
235191,1304,1,0.8749935,2024-01-14T00:00:00
201837,1304,1,0.8749935,2024-01-14T00:00:00
153813,1372,1,0.8748923,2024-01-14T00:00:00
155052,1370,1,0.87465364,2024-01-14T00:00:00
232068,1304,1,0.8744555,2024-01-14T00:00:00
208515,48574,1,0.87439007,2024-01-14T00:00:00
234030,48574,1,0.87439007,2024-01-14T00:00:00
164064,11262,1,0.8743403,2024-01-14T00:00:00
238263,11262,1,0.8742753,2024-01-14T00:00:00
235335,11262,1,0.87427443,2024-01-14T00:00:00
187806,39186,1,0.8742203,2024-01-14T00:00:00
208491,1370,1,0.87417066,2024-01-14T00:00:00
219450,1370,1,0.8740049,2024-01-14T00:00:00
162957,1370,1,0.8739763,2024-01-14T00:00:00
230331,1304,1,0.8739616,2024-01-14T00:00:00
173940,1304,1,0.87395406,2024-01-14T00:00:00
173940,59822,1,0.87395406,2024-01-14T00:00:00
154011,1304,1,0.87394905,2024-01-14T00:00:00
192564,1304,1,0.8738651,2024-01-14T00:00:00
62817,30500,1,0.8738623,2024-01-14T00:00:00
61344,30500,1,0.8738389,2024-01-14T00:00:00
96138,1372,1,0.87380934,2024-01-14T00:00:00
217293,11262,1,0.8737446,2024-01-14T00:00:00
197286,1370,1,0.8737366,2024-01-14T00:00:00
226662,33886,1,0.8736138,2024-01-14T00:00:00
213102,1304,1,0.8735891,2024-01-14T00:00:00
212256,1370,1,0.87357575,2024-01-14T00:00:00
72045,60978,1,0.87356657,2024-01-14T00:00:00
223968,11262,1,0.87351817,2024-01-14T00:00:00
167316,48574,1,0.8734924,2024-01-14T00:00:00
188853,1304,1,0.8734208,2024-01-14T00:00:00
225501,48574,1,0.873402,2024-01-14T00:00:00
65640,1370,1,0.87305677,2024-01-14T00:00:00
128502,1370,1,0.87293786,2024-01-14T00:00:00
75723,11262,1,0.872855,2024-01-14T00:00:00
209184,1370,1,0.87228703,2024-01-14T00:00:00
165717,1304,1,0.8722493,2024-01-14T00:00:00
194229,30500,1,0.8722165,2024-01-14T00:00:00
220632,1370,1,0.872165,2024-01-14T00:00:00
61353,1304,1,0.8720767,2024-01-14T00:00:00
183387,1304,1,0.8720505,2024-01-14T00:00:00
204522,1370,1,0.87202775,2024-01-14T00:00:00
128763,1304,1,0.87195,2024-01-14T00:00:00
154098,11262,1,0.8718968,2024-01-14T00:00:00
128538,56714,1,0.87180394,2024-01-14T00:00:00
238887,1304,1,0.87143314,2024-01-14T00:00:00
61824,44302,1,0.87134147,2024-01-14T00:00:00
212748,11262,1,0.87117803,2024-01-14T00:00:00
157767,11262,1,0.87091935,2024-01-14T00:00:00
72918,11262,1,0.8708838,2024-01-14T00:00:00
183213,48574,1,0.8704898,2024-01-14T00:00:00
188730,1304,1,0.87014407,2024-01-14T00:00:00
205191,60978,1,0.87012815,2024-01-14T00:00:00
62337,11262,1,0.870113,2024-01-14T00:00:00
60882,11262,1,0.87010074,2024-01-14T00:00:00
207216,1370,1,0.8700779,2024-01-14T00:00:00
183675,1370,1,0.8700007,2024-01-14T00:00:00
223968,48574,1,0.8699065,2024-01-14T00:00:00
209697,11262,1,0.86987704,2024-01-14T00:00:00
207993,1304,1,0.8694391,2024-01-14T00:00:00
60864,1370,1,0.8693567,2024-01-14T00:00:00
237252,11262,1,0.869284,2024-01-14T00:00:00
128526,39186,1,0.86926365,2024-01-14T00:00:00
162603,11262,1,0.869175,2024-01-14T00:00:00
224925,11262,1,0.8691608,2024-01-14T00:00:00
71766,30500,1,0.86911523,2024-01-14T00:00:00
231663,11262,1,0.86910594,2024-01-14T00:00:00
212526,1304,1,0.8689972,2024-01-14T00:00:00
203532,1304,1,0.8687662,2024-01-14T00:00:00
203706,59822,1,0.8687662,2024-01-14T00:00:00
203706,1304,1,0.8687662,2024-01-14T00:00:00
211473,11262,1,0.8687627,2024-01-14T00:00:00
229527,48574,1,0.86868924,2024-01-14T00:00:00
187101,60978,1,0.8685981,2024-01-14T00:00:00
186174,1304,1,0.86855894,2024-01-14T00:00:00
208599,11262,1,0.8685544,2024-01-14T00:00:00
207387,11262,1,0.868284,2024-01-14T00:00:00
178230,1372,1,0.8681989,2024-01-14T00:00:00
208575,60978,1,0.86818665,2024-01-14T00:00:00
220713,1370,1,0.8680644,2024-01-14T00:00:00
153756,48574,1,0.86793315,2024-01-14T00:00:00
223104,1372,1,0.86782014,2024-01-14T00:00:00
186438,1370,1,0.867803,2024-01-14T00:00:00
191247,48574,1,0.86765015,2024-01-14T00:00:00
203178,1304,1,0.8675224,2024-01-14T00:00:00
203178,59822,1,0.8675224,2024-01-14T00:00:00
211476,1304,1,0.8673634,2024-01-14T00:00:00
66777,1304,1,0.8673516,2024-01-14T00:00:00
188637,1304,1,0.8673357,2024-01-14T00:00:00
211533,1372,1,0.86729103,2024-01-14T00:00:00
166002,1304,1,0.8672282,2024-01-14T00:00:00
208758,1372,1,0.8669118,2024-01-14T00:00:00
219030,11262,1,0.86688584,2024-01-14T00:00:00
236226,39186,1,0.8668515,2024-01-14T00:00:00
154167,1372,1,0.8665783,2024-01-14T00:00:00
80925,11262,1,0.8665024,2024-01-14T00:00:00
236766,11262,1,0.8665024,2024-01-14T00:00:00
194388,11262,1,0.8665024,2024-01-14T00:00:00
172695,11262,1,0.8664872,2024-01-14T00:00:00
236655,1372,1,0.8664853,2024-01-14T00:00:00
209073,1370,1,0.8663298,2024-01-14T00:00:00
72900,11262,1,0.86628425,2024-01-14T00:00:00
219456,1304,1,0.86618793,2024-01-14T00:00:00
200259,1304,1,0.86590856,2024-01-14T00:00:00
165927,1372,1,0.86583424,2024-01-14T00:00:00
153381,1304,1,0.8657702,2024-01-14T00:00:00
208692,11262,1,0.8656643,2024-01-14T00:00:00
201798,11262,1,0.86535263,2024-01-14T00:00:00
128685,1304,1,0.86530995,2024-01-14T00:00:00
165183,1370,1,0.8652974,2024-01-14T00:00:00
206637,11262,1,0.86527944,2024-01-14T00:00:00
72930,16358,1,0.86489713,2024-01-14T00:00:00
202818,48574,1,0.8647567,2024-01-14T00:00:00
67764,11262,1,0.86462265,2024-01-14T00:00:00
88920,56714,1,0.8644059,2024-01-14T00:00:00
232404,1304,1,0.86433285,2024-01-14T00:00:00
206625,11262,1,0.8643228,2024-01-14T00:00:00
234018,1304,1,0.8643006,2024-01-14T00:00:00
188700,1370,1,0.8642536,2024-01-14T00:00:00
165744,1370,1,0.8642536,2024-01-14T00:00:00
203199,1304,1,0.86425275,2024-01-14T00:00:00
225393,44302,1,0.8641098,2024-01-14T00:00:00
128685,11262,1,0.8640346,2024-01-14T00:00:00
212775,1370,1,0.8640293,2024-01-14T00:00:00
128901,60978,1,0.8639743,2024-01-14T00:00:00
25749,56714,1,0.86376166,2024-01-14T00:00:00
183492,59822,1,0.86372226,2024-01-14T00:00:00
183492,1304,1,0.86372226,2024-01-14T00:00:00
208788,1370,1,0.8637131,2024-01-14T00:00:00
204222,48574,1,0.86368454,2024-01-14T00:00:00
210114,1370,1,0.86358845,2024-01-14T00:00:00
72918,48574,1,0.86357147,2024-01-14T00:00:00
206439,1304,1,0.8633715,2024-01-14T00:00:00
217848,46632,1,0.86336714,2024-01-14T00:00:00
164007,48574,1,0.8630612,2024-01-14T00:00:00
164457,1370,1,0.86297923,2024-01-14T00:00:00
212571,11262,1,0.8629267,2024-01-14T00:00:00
191232,30500,1,0.86292255,2024-01-14T00:00:00
184485,1370,1,0.8628856,2024-01-14T00:00:00
64353,1370,1,0.8628832,2024-01-14T00:00:00
194208,11262,1,0.8628819,2024-01-14T00:00:00
206358,11262,1,0.8628819,2024-01-14T00:00:00
206355,11262,1,0.8628819,2024-01-14T00:00:00
206868,1304,1,0.86266315,2024-01-14T00:00:00
181860,1304,1,0.86261773,2024-01-14T00:00:00
187101,30500,1,0.8625894,2024-01-14T00:00:00
207330,1370,1,0.86256194,2024-01-14T00:00:00
165762,48574,1,0.8622938,2024-01-14T00:00:00
186174,56714,1,0.86227256,2024-01-14T00:00:00
222906,11262,1,0.86225206,2024-01-14T00:00:00
223728,1370,1,0.8619523,2024-01-14T00:00:00
225393,10652,1,0.8619222,2024-01-14T00:00:00
62817,10652,1,0.8619213,2024-01-14T00:00:00
192159,1370,1,0.86173135,2024-01-14T00:00:00
208524,11262,1,0.8616478,2024-01-14T00:00:00
238689,1370,1,0.86156714,2024-01-14T00:00:00
179790,1304,1,0.8613993,2024-01-14T00:00:00
166437,1372,1,0.86120474,2024-01-14T00:00:00
187806,46632,1,0.86120087,2024-01-14T00:00:00
195507,59822,1,0.8611961,2024-01-14T00:00:00
195507,1304,1,0.8611961,2024-01-14T00:00:00
205821,1372,1,0.8611798,2024-01-14T00:00:00
227664,1304,1,0.8610948,2024-01-14T00:00:00
162795,1304,1,0.8610301,2024-01-14T00:00:00
154119,11262,1,0.86094236,2024-01-14T00:00:00
234093,60978,1,0.8609067,2024-01-14T00:00:00
203106,60978,1,0.8609067,2024-01-14T00:00:00
153072,1304,1,0.86090493,2024-01-14T00:00:00
128502,33886,1,0.8607864,2024-01-14T00:00:00
157224,1304,1,0.8607797,2024-01-14T00:00:00
222711,1370,1,0.8607665,2024-01-14T00:00:00
165717,11262,1,0.8605951,2024-01-14T00:00:00
181101,30500,1,0.8605805,2024-01-14T00:00:00
64218,1372,1,0.86048275,2024-01-14T00:00:00
184863,30500,1,0.8604765,2024-01-14T00:00:00
208491,11262,1,0.86044717,2024-01-14T00:00:00
225501,30500,1,0.86040455,2024-01-14T00:00:00
161208,1304,1,0.86035234,2024-01-14T00:00:00
186078,1372,1,0.86015993,2024-01-14T00:00:00
208821,11262,1,0.8600927,2024-01-14T00:00:00
232614,11262,1,0.8600211,2024-01-14T00:00:00
187974,1370,1,0.85992163,2024-01-14T00:00:00
223968,30500,1,0.859836,2024-01-14T00:00:00
163101,30500,1,0.8596059,2024-01-14T00:00:00
196845,1304,1,0.85934615,2024-01-14T00:00:00
206376,1370,1,0.8593257,2024-01-14T00:00:00
206940,48574,1,0.8592562,2024-01-14T00:00:00
72045,56714,1,0.8592516,2024-01-14T00:00:00
67740,11262,1,0.85923254,2024-01-14T00:00:00
232035,30500,1,0.8591526,2024-01-14T00:00:00
157500,1370,1,0.85899425,2024-01-14T00:00:00
197802,30500,1,0.8589253,2024-01-14T00:00:00
153315,1304,1,0.85891414,2024-01-14T00:00:00
209154,11262,1,0.85873425,2024-01-14T00:00:00
172590,11262,1,0.8586545,2024-01-14T00:00:00
154275,1372,1,0.85854393,2024-01-14T00:00:00
65640,11262,1,0.858511,2024-01-14T00:00:00
220179,11262,1,0.8584624,2024-01-14T00:00:00
211632,1370,1,0.85840917,2024-01-14T00:00:00
208761,11262,1,0.85838526,2024-01-14T00:00:00
200502,11262,1,0.85838526,2024-01-14T00:00:00
66465,1304,1,0.858317,2024-01-14T00:00:00
222204,1304,1,0.85821867,2024-01-14T00:00:00
206940,39186,1,0.8582075,2024-01-14T00:00:00
160770,1370,1,0.85797036,2024-01-14T00:00:00
227292,10652,1,0.8579488,2024-01-14T00:00:00
197835,1372,1,0.8578633,2024-01-14T00:00:00
224631,1372,1,0.8576474,2024-01-14T00:00:00
153204,1372,1,0.8575298,2024-01-14T00:00:00
207345,1370,1,0.85751665,2024-01-14T00:00:00
186951,1304,1,0.8574594,2024-01-14T00:00:00
238536,1372,1,0.8574214,2024-01-14T00:00:00
60882,30500,1,0.85736287,2024-01-14T00:00:00
210876,1370,1,0.85733,2024-01-14T00:00:00
183195,48574,1,0.8570542,2024-01-14T00:00:00
71766,48574,1,0.8570462,2024-01-14T00:00:00
88920,1372,1,0.85700595,2024-01-14T00:00:00
172719,11262,1,0.8569745,2024-01-14T00:00:00
64218,56714,1,0.85692734,2024-01-14T00:00:00
198573,39186,1,0.85687566,2024-01-14T00:00:00
186933,30500,1,0.85683024,2024-01-14T00:00:00
219132,11262,1,0.85677326,2024-01-14T00:00:00
203175,60978,1,0.856762,2024-01-14T00:00:00
206460,1304,1,0.8566933,2024-01-14T00:00:00
228060,1304,1,0.8566933,2024-01-14T00:00:00
234864,11262,1,0.85667175,2024-01-14T00:00:00
233427,11262,1,0.856332,2024-01-14T00:00:00
186987,11262,1,0.85626507,2024-01-14T00:00:00
211761,1370,1,0.85619664,2024-01-14T00:00:00
225747,48574,1,0.85618395,2024-01-14T00:00:00
229521,11262,1,0.8561443,2024-01-14T00:00:00
220170,11262,1,0.8561443,2024-01-14T00:00:00
199860,11262,1,0.8561443,2024-01-14T00:00:00
203502,11262,1,0.8561443,2024-01-14T00:00:00
203052,11262,1,0.8561443,2024-01-14T00:00:00
203574,11262,1,0.8561443,2024-01-14T00:00:00
203058,11262,1,0.8561443,2024-01-14T00:00:00
203889,11262,1,0.8561443,2024-01-14T00:00:00
129153,11262,1,0.8561443,2024-01-14T00:00:00
192771,11262,1,0.8561443,2024-01-14T00:00:00
221115,1372,1,0.8559944,2024-01-14T00:00:00
72558,48574,1,0.8559717,2024-01-14T00:00:00
198882,1372,1,0.8559357,2024-01-14T00:00:00
216498,56714,1,0.85589546,2024-01-14T00:00:00
238068,1370,1,0.85576725,2024-01-14T00:00:00
232035,33886,1,0.8556631,2024-01-14T00:00:00
212112,48574,1,0.8556221,2024-01-14T00:00:00
178458,1372,1,0.85554975,2024-01-14T00:00:00
188937,1304,1,0.85519433,2024-01-14T00:00:00
216498,30500,1,0.85519224,2024-01-14T00:00:00
204093,1304,1,0.85515046,2024-01-14T00:00:00
228729,30500,1,0.8549264,2024-01-14T00:00:00
205722,1304,1,0.8547267,2024-01-14T00:00:00
206748,10652,1,0.85466874,2024-01-14T00:00:00
153084,11262,1,0.85456085,2024-01-14T00:00:00
183789,11262,1,0.85445946,2024-01-14T00:00:00
187806,50268,1,0.854342,2024-01-14T00:00:00
187806,35732,1,0.854342,2024-01-14T00:00:00
161208,1372,1,0.85427684,2024-01-14T00:00:00
194904,33886,1,0.8542195,2024-01-14T00:00:00
203700,1304,1,0.854218,2024-01-14T00:00:00
158499,1370,1,0.85415477,2024-01-14T00:00:00
164661,1304,1,0.8541284,2024-01-14T00:00:00
205821,11262,1,0.8538063,2024-01-14T00:00:00
153204,11262,1,0.8537469,2024-01-14T00:00:00
232269,44302,1,0.8537277,2024-01-14T00:00:00
88821,11262,1,0.85359454,2024-01-14T00:00:00
231057,11262,1,0.8535134,2024-01-14T00:00:00
206346,11262,1,0.8535134,2024-01-14T00:00:00
183489,30500,1,0.8534659,2024-01-14T00:00:00
154245,11262,1,0.8534321,2024-01-14T00:00:00
236775,1370,1,0.8532685,2024-01-14T00:00:00
230331,1370,1,0.8532685,2024-01-14T00:00:00
238068,11262,1,0.8532467,2024-01-14T00:00:00
206427,30500,1,0.8531799,2024-01-14T00:00:00
228753,1304,1,0.8531698,2024-01-14T00:00:00
178458,48574,1,0.85313696,2024-01-14T00:00:00
222750,1304,1,0.85311705,2024-01-14T00:00:00
209154,48574,1,0.85303146,2024-01-14T00:00:00
212430,1372,1,0.85298866,2024-01-14T00:00:00
128334,30500,1,0.8529559,2024-01-14T00:00:00
227988,1304,1,0.85260516,2024-01-14T00:00:00
232788,1304,1,0.8525594,2024-01-14T00:00:00
154146,1372,1,0.852406,2024-01-14T00:00:00
160029,48574,1,0.8520046,2024-01-14T00:00:00
208599,48574,1,0.85194004,2024-01-14T00:00:00
230091,11262,1,0.8519036,2024-01-14T00:00:00
235932,1304,1,0.85182595,2024-01-14T00:00:00
208893,11262,1,0.85172355,2024-01-14T00:00:00
208806,11262,1,0.85172355,2024-01-14T00:00:00
208500,11262,1,0.85172355,2024-01-14T00:00:00
153084,1372,1,0.8516056,2024-01-14T00:00:00
203175,33886,1,0.8515678,2024-01-14T00:00:00
204189,1372,1,0.85155576,2024-01-14T00:00:00
206940,1372,1,0.85143477,2024-01-14T00:00:00
176403,60978,1,0.85136807,2024-01-14T00:00:00
72117,1304,1,0.85131156,2024-01-14T00:00:00
178458,11262,1,0.8512627,2024-01-14T00:00:00
217494,10652,1,0.8511785,2024-01-14T00:00:00
225699,1304,1,0.85110945,2024-01-14T00:00:00
223728,11262,1,0.8510528,2024-01-14T00:00:00
65637,1304,1,0.8509134,2024-01-14T00:00:00
184863,60978,1,0.85079455,2024-01-14T00:00:00
194229,33886,1,0.850766,2024-01-14T00:00:00
96138,11262,1,0.85073787,2024-01-14T00:00:00
183468,1372,1,0.85072666,2024-01-14T00:00:00
184710,1304,1,0.85071903,2024-01-14T00:00:00
155403,11262,1,0.85057986,2024-01-14T00:00:00
188787,60978,1,0.8504767,2024-01-14T00:00:00
203256,48574,1,0.8504631,2024-01-14T00:00:00
203268,48574,1,0.8504631,2024-01-14T00:00:00
165927,1304,1,0.85028017,2024-01-14T00:00:00
225393,39186,1,0.8502437,2024-01-14T00:00:00
197799,1370,1,0.85011065,2024-01-14T00:00:00
188196,1370,1,0.85005546,2024-01-14T00:00:00
156057,1304,1,0.849891,2024-01-14T00:00:00
225672,1304,1,0.8496569,2024-01-14T00:00:00
65631,11262,1,0.84962994,2024-01-14T00:00:00
160029,1370,1,0.8495105,2024-01-14T00:00:00
59700,59822,1,0.84949505,2024-01-14T00:00:00
59700,1304,1,0.84949505,2024-01-14T00:00:00
231102,1372,1,0.8492803,2024-01-14T00:00:00
227292,60978,1,0.8492708,2024-01-14T00:00:00
227343,30500,1,0.84926707,2024-01-14T00:00:00
207345,33886,1,0.84922415,2024-01-14T00:00:00
197673,44302,1,0.84907585,2024-01-14T00:00:00
203454,48574,1,0.8490377,2024-01-14T00:00:00
206748,48574,1,0.8489876,2024-01-14T00:00:00
200259,60978,1,0.84891486,2024-01-14T00:00:00
156057,30500,1,0.8488036,2024-01-14T00:00:00
166128,30500,1,0.8488012,2024-01-14T00:00:00
205815,1304,1,0.848557,2024-01-14T00:00:00
198867,33886,1,0.8481501,2024-01-14T00:00:00
206937,1304,1,0.8480803,2024-01-14T00:00:00
203322,1370,1,0.8479852,2024-01-14T00:00:00
224841,1370,1,0.84793645,2024-01-14T00:00:00
154953,11262,1,0.8478921,2024-01-14T00:00:00
222204,48574,1,0.84780765,2024-01-14T00:00:00
232029,1370,1,0.8477437,2024-01-14T00:00:00
208812,60978,1,0.8477348,2024-01-14T00:00:00
223728,1304,1,0.8476136,2024-01-14T00:00:00
234972,1370,1,0.8473128,2024-01-14T00:00:00
176472,1304,1,0.8471668,2024-01-14T00:00:00
153402,11262,1,0.847019,2024-01-14T00:00:00
211413,11262,1,0.84698844,2024-01-14T00:00:00
205812,1304,1,0.84697753,2024-01-14T00:00:00
186384,1370,1,0.8469033,2024-01-14T00:00:00
66777,11262,1,0.8468859,2024-01-14T00:00:00
198522,11262,1,0.8468838,2024-01-14T00:00:00
62817,56714,1,0.8468128,2024-01-14T00:00:00
188331,30500,1,0.8466546,2024-01-14T00:00:00
153381,1372,1,0.84650224,2024-01-14T00:00:00
204759,1370,1,0.8463686,2024-01-14T00:00:00
212220,1304,1,0.8463025,2024-01-14T00:00:00
186078,1304,1,0.8461176,2024-01-14T00:00:00
186078,59822,1,0.8461176,2024-01-14T00:00:00
214968,1370,1,0.8461158,2024-01-14T00:00:00
224208,1304,1,0.8460543,2024-01-14T00:00:00
210897,11262,1,0.8458534,2024-01-14T00:00:00
207078,11262,1,0.8458534,2024-01-14T00:00:00
206646,11262,1,0.8458534,2024-01-14T00:00:00
222306,1370,1,0.84583366,2024-01-14T00:00:00
207927,1370,1,0.8458005,2024-01-14T00:00:00
159831,1370,1,0.8458005,2024-01-14T00:00:00
172695,1372,1,0.8456861,2024-01-14T00:00:00
68676,11262,1,0.8456665,2024-01-14T00:00:00
207105,11262,1,0.84545845,2024-01-14T00:00:00
225699,60978,1,0.8453889,2024-01-14T00:00:00
191226,1372,1,0.8453518,2024-01-14T00:00:00
208575,48574,1,0.84510815,2024-01-14T00:00:00
72117,30500,1,0.8450707,2024-01-14T00:00:00
229473,1304,1,0.8450067,2024-01-14T00:00:00
167316,30500,1,0.84488857,2024-01-14T00:00:00
206847,1370,1,0.84473926,2024-01-14T00:00:00
213513,1370,1,0.84456813,2024-01-14T00:00:00
208599,60978,1,0.8444849,2024-01-14T00:00:00
211761,11262,1,0.8443795,2024-01-14T00:00:00
222516,59822,1,0.84432983,2024-01-14T00:00:00
222516,1304,1,0.84432983,2024-01-14T00:00:00
210981,30500,1,0.84429544,2024-01-14T00:00:00
208536,11262,1,0.84424794,2024-01-14T00:00:00
206376,10652,1,0.8441996,2024-01-14T00:00:00
200964,30500,1,0.8441772,2024-01-14T00:00:00
184698,1370,1,0.8441442,2024-01-14T00:00:00
96444,48574,1,0.8441428,2024-01-14T00:00:00
214968,11262,1,0.84367794,2024-01-14T00:00:00
72312,11262,1,0.84367794,2024-01-14T00:00:00
208758,33886,1,0.84365714,2024-01-14T00:00:00
235299,48574,1,0.84360397,2024-01-14T00:00:00
161667,1372,1,0.843541,2024-01-14T00:00:00
181149,1304,1,0.8432072,2024-01-14T00:00:00
207339,11262,1,0.84290093,2024-01-14T00:00:00
210678,1370,1,0.84271747,2024-01-14T00:00:00
184863,44302,1,0.84271616,2024-01-14T00:00:00
191247,1372,1,0.84260356,2024-01-14T00:00:00
211989,48574,1,0.8425874,2024-01-14T00:00:00
203727,48574,1,0.8425874,2024-01-14T00:00:00
197286,44302,1,0.84253204,2024-01-14T00:00:00
204228,59822,1,0.8422283,2024-01-14T00:00:00
192564,60978,1,0.8418948,2024-01-14T00:00:00
165132,1304,1,0.8418595,2024-01-14T00:00:00
178230,11262,1,0.8415859,2024-01-14T00:00:00
61482,1370,1,0.84156036,2024-01-14T00:00:00
206376,39186,1,0.84152657,2024-01-14T00:00:00
171702,1304,1,0.84124255,2024-01-14T00:00:00
208758,10652,1,0.8410947,2024-01-14T00:00:00
236655,1304,1,0.8409414,2024-01-14T00:00:00
198882,35732,1,0.8409377,2024-01-14T00:00:00
198882,50268,1,0.8409377,2024-01-14T00:00:00
222906,60978,1,0.84093624,2024-01-14T00:00:00
165927,48574,1,0.84085125,2024-01-14T00:00:00
165762,1372,1,0.84074885,2024-01-14T00:00:00
203517,11262,1,0.8407115,2024-01-14T00:00:00
206748,1372,1,0.84070146,2024-01-14T00:00:00
163101,60978,1,0.84069544,2024-01-14T00:00:00
210141,30500,1,0.8405734,2024-01-14T00:00:00
226662,48574,1,0.8405649,2024-01-14T00:00:00
210882,48574,1,0.8404487,2024-01-14T00:00:00
224280,48574,1,0.8404487,2024-01-14T00:00:00
201282,59822,1,0.8401939,2024-01-14T00:00:00
201282,1304,1,0.8401939,2024-01-14T00:00:00
183573,30500,1,0.8401504,2024-01-14T00:00:00
172161,1372,1,0.8399618,2024-01-14T00:00:00
234297,1304,1,0.83976626,2024-01-14T00:00:00
211965,60978,1,0.83962274,2024-01-14T00:00:00
207390,60978,1,0.8395632,2024-01-14T00:00:00
188604,1304,1,0.83950865,2024-01-14T00:00:00
195723,1304,1,0.8394143,2024-01-14T00:00:00
210141,1372,1,0.8391668,2024-01-14T00:00:00
62337,1304,1,0.839024,2024-01-14T00:00:00
61692,1304,1,0.83881986,2024-01-14T00:00:00
207087,56714,1,0.8387671,2024-01-14T00:00:00
154275,11262,1,0.8386131,2024-01-14T00:00:00
96138,1304,1,0.8384863,2024-01-14T00:00:00
234297,56714,1,0.83821386,2024-01-14T00:00:00
228438,30500,1,0.838171,2024-01-14T00:00:00
174468,1304,1,0.8381227,2024-01-14T00:00:00
129081,48574,1,0.83791673,2024-01-14T00:00:00
153888,11262,1,0.83783096,2024-01-14T00:00:00
183363,1372,1,0.837811,2024-01-14T00:00:00
212430,30500,1,0.83754253,2024-01-14T00:00:00
186078,11262,1,0.83751214,2024-01-14T00:00:00
197835,11262,1,0.83748704,2024-01-14T00:00:00
176472,30500,1,0.8374797,2024-01-14T00:00:00
183489,48574,1,0.83723146,2024-01-14T00:00:00
183492,46632,1,0.8371722,2024-01-14T00:00:00
179838,1304,1,0.83714354,2024-01-14T00:00:00
179838,59822,1,0.83714354,2024-01-14T00:00:00
221115,48574,1,0.83702236,2024-01-14T00:00:00
227343,59822,1,0.8369651,2024-01-14T00:00:00
227343,1304,1,0.8369651,2024-01-14T00:00:00
211413,48574,1,0.83679426,2024-01-14T00:00:00
211950,48574,1,0.8367716,2024-01-14T00:00:00
212256,1304,1,0.83669066,2024-01-14T00:00:00
194229,44302,1,0.8366612,2024-01-14T00:00:00
195723,56714,1,0.83664167,2024-01-14T00:00:00
194082,48574,1,0.8365294,2024-01-14T00:00:00
203058,1370,1,0.83639145,2024-01-14T00:00:00
192771,1370,1,0.83639145,2024-01-14T00:00:00
66378,1370,1,0.83639145,2024-01-14T00:00:00
210846,1370,1,0.83639145,2024-01-14T00:00:00
210933,1372,1,0.836254,2024-01-14T00:00:00
227343,1372,1,0.8359393,2024-01-14T00:00:00
176403,1304,1,0.8359035,2024-01-14T00:00:00
204657,60978,1,0.835585,2024-01-14T00:00:00
224787,60978,1,0.8355065,2024-01-14T00:00:00
208911,1304,1,0.835468,2024-01-14T00:00:00
232035,35732,1,0.83533627,2024-01-14T00:00:00
174468,48574,1,0.8353336,2024-01-14T00:00:00
211527,44302,1,0.8352679,2024-01-14T00:00:00
197673,30500,1,0.8351414,2024-01-14T00:00:00
207498,11262,1,0.8350623,2024-01-14T00:00:00
237252,1304,1,0.8349856,2024-01-14T00:00:00
216564,1372,1,0.8348742,2024-01-14T00:00:00
222438,11262,1,0.8348549,2024-01-14T00:00:00
219381,11262,1,0.834755,2024-01-14T00:00:00
216564,56714,1,0.83457893,2024-01-14T00:00:00
204228,1372,1,0.83440524,2024-01-14T00:00:00
232404,30500,1,0.83401847,2024-01-14T00:00:00
153303,1304,1,0.8339353,2024-01-14T00:00:00
208899,11262,1,0.8338997,2024-01-14T00:00:00
208539,11262,1,0.8338997,2024-01-14T00:00:00
208545,11262,1,0.8338997,2024-01-14T00:00:00
72918,60978,1,0.8333525,2024-01-14T00:00:00
129081,11262,1,0.83330655,2024-01-14T00:00:00
192564,44302,1,0.83314407,2024-01-14T00:00:00
238218,48574,1,0.8330704,2024-01-14T00:00:00
210186,44302,1,0.83301795,2024-01-14T00:00:00
213513,1304,1,0.83298004,2024-01-14T00:00:00
203724,50268,1,0.83285147,2024-01-14T00:00:00
203724,35732,1,0.83285147,2024-01-14T00:00:00
210051,48574,1,0.83270824,2024-01-14T00:00:00
67764,1304,1,0.8326898,2024-01-14T00:00:00
212469,56714,1,0.83265203,2024-01-14T00:00:00
129081,56714,1,0.83265203,2024-01-14T00:00:00
153303,48574,1,0.8326056,2024-01-14T00:00:00
157224,11262,1,0.83253634,2024-01-14T00:00:00
212448,60978,1,0.83242244,2024-01-14T00:00:00
158499,11262,1,0.8323704,2024-01-14T00:00:00
177873,30500,1,0.8321803,2024-01-14T00:00:00
60888,60978,1,0.8318024,2024-01-14T00:00:00
154167,11262,1,0.8317233,2024-01-14T00:00:00
191247,10652,1,0.83164394,2024-01-14T00:00:00
164007,1304,1,0.8314872,2024-01-14T00:00:00
230010,11262,1,0.83143437,2024-01-14T00:00:00
96138,48574,1,0.8313956,2024-01-14T00:00:00
203700,60978,1,0.8311179,2024-01-14T00:00:00
206376,50270,1,0.8310632,2024-01-14T00:00:00
174468,56714,1,0.8309867,2024-01-14T00:00:00
228741,1370,1,0.83097696,2024-01-14T00:00:00
128502,1304,1,0.83077717,2024-01-14T00:00:00
224631,1304,1,0.83074296,2024-01-14T00:00:00
154887,1372,1,0.8307196,2024-01-14T00:00:00
183789,1304,1,0.8306415,2024-01-14T00:00:00
198981,1304,1,0.83055466,2024-01-14T00:00:00
212211,1304,1,0.83041185,2024-01-14T00:00:00
212211,59822,1,0.83041185,2024-01-14T00:00:00
172704,35732,1,0.83037645,2024-01-14T00:00:00
181101,60978,1,0.83031636,2024-01-14T00:00:00
65637,11262,1,0.8302984,2024-01-14T00:00:00
161208,48574,1,0.8302817,2024-01-14T00:00:00
167451,1372,1,0.83025855,2024-01-14T00:00:00
203811,11262,1,0.83021307,2024-01-14T00:00:00
210633,1304,1,0.83013326,2024-01-14T00:00:00
188787,44302,1,0.8301104,2024-01-14T00:00:00
208515,60978,1,0.8300478,2024-01-14T00:00:00
204519,1372,1,0.82997525,2024-01-14T00:00:00
204276,11262,1,0.82992595,2024-01-14T00:00:00
140277,11262,1,0.8299103,2024-01-14T00:00:00
203796,1304,1,0.82989085,2024-01-14T00:00:00
203796,59822,1,0.82989085,2024-01-14T00:00:00
203790,1304,1,0.82989085,2024-01-14T00:00:00
203094,11262,1,0.829804,2024-01-14T00:00:00
166362,11262,1,0.82974064,2024-01-14T00:00:00
191232,10652,1,0.82962465,2024-01-14T00:00:00
181149,1372,1,0.82957715,2024-01-14T00:00:00
153315,1372,1,0.82956976,2024-01-14T00:00:00
186933,60978,1,0.8295658,2024-01-14T00:00:00
217002,11262,1,0.8295236,2024-01-14T00:00:00
156486,1370,1,0.8295086,2024-01-14T00:00:00
230028,60978,1,0.82946146,2024-01-14T00:00:00
183468,1304,1,0.8293086,2024-01-14T00:00:00
177474,59822,1,0.829235,2024-01-14T00:00:00
72900,48574,1,0.82922673,2024-01-14T00:00:00
208812,59822,1,0.8291814,2024-01-14T00:00:00
208812,1304,1,0.8291814,2024-01-14T00:00:00
238032,1370,1,0.8290567,2024-01-14T00:00:00
128469,1370,1,0.829045,2024-01-14T00:00:00
61692,1372,1,0.82891613,2024-01-14T00:00:00
72930,35732,1,0.8286929,2024-01-14T00:00:00
229527,30500,1,0.8286569,2024-01-14T00:00:00
201564,48574,1,0.82853657,2024-01-14T00:00:00
153882,1304,1,0.8284705,2024-01-14T00:00:00
220218,1372,1,0.828441,2024-01-14T00:00:00
236766,1304,1,0.8284323,2024-01-14T00:00:00
80925,1304,1,0.8284323,2024-01-14T00:00:00
203295,11262,1,0.82839084,2024-01-14T00:00:00
203301,11262,1,0.82839084,2024-01-14T00:00:00
205812,1372,1,0.82804984,2024-01-14T00:00:00
212220,16358,1,0.82802135,2024-01-14T00:00:00
207345,39186,1,0.82797754,2024-01-14T00:00:00
227295,30500,1,0.8279652,2024-01-14T00:00:00
219420,30500,1,0.82780415,2024-01-14T00:00:00
212571,48574,1,0.8277709,2024-01-14T00:00:00
211548,48574,1,0.8277709,2024-01-14T00:00:00
208524,48574,1,0.8277709,2024-01-14T00:00:00
183573,1304,1,0.8276484,2024-01-14T00:00:00
163131,1372,1,0.8276434,2024-01-14T00:00:00
171702,48574,1,0.8275546,2024-01-14T00:00:00
153381,11262,1,0.82740474,2024-01-14T00:00:00
154434,1370,1,0.82739735,2024-01-14T00:00:00
68496,1304,1,0.8273596,2024-01-14T00:00:00
181101,10652,1,0.82729715,2024-01-14T00:00:00
176319,1372,1,0.82724994,2024-01-14T00:00:00
197286,33886,1,0.8272272,2024-01-14T00:00:00
198873,1304,1,0.82716256,2024-01-14T00:00:00
177873,48574,1,0.8271319,2024-01-14T00:00:00
156057,60978,1,0.82712406,2024-01-14T00:00:00
229737,1304,1,0.82708395,2024-01-14T00:00:00
186657,1304,1,0.8269636,2024-01-14T00:00:00
208491,48574,1,0.82680744,2024-01-14T00:00:00
188847,11262,1,0.8268065,2024-01-14T00:00:00
201564,60978,1,0.8266254,2024-01-14T00:00:00
210981,60978,1,0.82655466,2024-01-14T00:00:00
212721,1304,1,0.826451,2024-01-14T00:00:00
208788,44302,1,0.82639396,2024-01-14T00:00:00
234018,11262,1,0.8262374,2024-01-14T00:00:00
186933,48574,1,0.82614756,2024-01-14T00:00:00
201564,11262,1,0.8260957,2024-01-14T00:00:00
195507,60978,1,0.82602614,2024-01-14T00:00:00
208812,1370,1,0.8260256,2024-01-14T00:00:00
208794,1370,1,0.8260256,2024-01-14T00:00:00
210186,10652,1,0.82591,2024-01-14T00:00:00
176643,1304,1,0.8257603,2024-01-14T00:00:00
172587,1304,1,0.8257603,2024-01-14T00:00:00
229473,11262,1,0.82573396,2024-01-14T00:00:00
211524,1370,1,0.82572275,2024-01-14T00:00:00
209094,1372,1,0.8256155,2024-01-14T00:00:00
211473,1304,1,0.82552564,2024-01-14T00:00:00
209625,1372,1,0.8254053,2024-01-14T00:00:00
208488,1370,1,0.8253282,2024-01-14T00:00:00
208515,11262,1,0.82529414,2024-01-14T00:00:00
205659,30500,1,0.82528925,2024-01-14T00:00:00
207345,1372,1,0.8252687,2024-01-14T00:00:00
212220,42132,1,0.82525516,2024-01-14T00:00:00
211527,10652,1,0.8251334,2024-01-14T00:00:00
205821,48574,1,0.82509977,2024-01-14T00:00:00
227664,48574,1,0.8250295,2024-01-14T00:00:00
222669,11262,1,0.8246751,2024-01-14T00:00:00
208488,11262,1,0.82457846,2024-01-14T00:00:00
198882,50270,1,0.8243754,2024-01-14T00:00:00
154956,11262,1,0.82396895,2024-01-14T00:00:00
186177,60978,1,0.8238547,2024-01-14T00:00:00
195507,48574,1,0.823849,2024-01-14T00:00:00
212337,60978,1,0.82380533,2024-01-14T00:00:00
208872,11262,1,0.82374936,2024-01-14T00:00:00
176319,1304,1,0.8236866,2024-01-14T00:00:00
188685,1304,1,0.8236434,2024-01-14T00:00:00
210981,1372,1,0.823636,2024-01-14T00:00:00
163131,48574,1,0.82359284,2024-01-14T00:00:00
212586,60978,1,0.82352173,2024-01-14T00:00:00
208509,1370,1,0.8235189,2024-01-14T00:00:00
203310,11262,1,0.8233123,2024-01-14T00:00:00
222306,11262,1,0.8233123,2024-01-14T00:00:00
163101,1372,1,0.82329273,2024-01-14T00:00:00
66465,11262,1,0.8230518,2024-01-14T00:00:00
192735,1372,1,0.82270914,2024-01-14T00:00:00
96444,1372,1,0.8226117,2024-01-14T00:00:00
61344,10652,1,0.82246554,2024-01-14T00:00:00
203178,10652,1,0.8224459,2024-01-14T00:00:00
217494,33886,1,0.822372,2024-01-14T00:00:00
66378,60978,1,0.8223673,2024-01-14T00:00:00
203889,60978,1,0.8223673,2024-01-14T00:00:00
210846,60978,1,0.8223673,2024-01-14T00:00:00
129153,60978,1,0.8223673,2024-01-14T00:00:00
229521,60978,1,0.8223673,2024-01-14T00:00:00
203574,60978,1,0.8223673,2024-01-14T00:00:00
63582,60978,1,0.8223673,2024-01-14T00:00:00
220170,60978,1,0.8223673,2024-01-14T00:00:00
203052,60978,1,0.8223673,2024-01-14T00:00:00
209073,60978,1,0.8223304,2024-01-14T00:00:00
187962,59822,1,0.8222855,2024-01-14T00:00:00
208575,1370,1,0.8221558,2024-01-14T00:00:00
205662,11262,1,0.82205826,2024-01-14T00:00:00
203316,11262,1,0.82205826,2024-01-14T00:00:00
161208,11262,1,0.82198876,2024-01-14T00:00:00
224169,11262,1,0.82197076,2024-01-14T00:00:00
196845,44302,1,0.8219375,2024-01-14T00:00:00
153312,1304,1,0.82185805,2024-01-14T00:00:00
183912,11262,1,0.82181156,2024-01-14T00:00:00
208500,48574,1,0.82171994,2024-01-14T00:00:00
207366,1304,1,0.82159305,2024-01-14T00:00:00
158610,1304,1,0.82159305,2024-01-14T00:00:00
231459,1304,1,0.8215413,2024-01-14T00:00:00
209697,1304,1,0.82152593,2024-01-14T00:00:00
72045,30500,1,0.82129556,2024-01-14T00:00:00
183675,1304,1,0.82127565,2024-01-14T00:00:00
61344,33886,1,0.8211521,2024-01-14T00:00:00
183387,1372,1,0.82114613,2024-01-14T00:00:00
201837,11262,1,0.82102245,2024-01-14T00:00:00
207339,1372,1,0.8210137,2024-01-14T00:00:00
197286,30500,1,0.8209541,2024-01-14T00:00:00
208545,48574,1,0.8209248,2024-01-14T00:00:00
208539,48574,1,0.8209248,2024-01-14T00:00:00
219420,1304,1,0.8208291,2024-01-14T00:00:00
203199,1372,1,0.8208061,2024-01-14T00:00:00
200964,60978,1,0.82079816,2024-01-14T00:00:00
209184,60978,1,0.82079816,2024-01-14T00:00:00
234972,1304,1,0.8207735,2024-01-14T00:00:00
208506,60978,1,0.8207316,2024-01-14T00:00:00
208524,60978,1,0.8207316,2024-01-14T00:00:00
207345,10652,1,0.8206649,2024-01-14T00:00:00
203724,33886,1,0.8204573,2024-01-14T00:00:00
212220,57804,1,0.82045007,2024-01-14T00:00:00
191256,11262,1,0.82011414,2024-01-14T00:00:00
212745,1304,1,0.81987816,2024-01-14T00:00:00
186987,1304,1,0.8197828,2024-01-14T00:00:00
212112,59822,1,0.8195879,2024-01-14T00:00:00
196722,1304,1,0.8195879,2024-01-14T00:00:00
72558,60978,1,0.8195648,2024-01-14T00:00:00
166029,11262,1,0.8195072,2024-01-14T00:00:00
25743,1304,1,0.81949216,2024-01-14T00:00:00
206484,60978,1,0.8194086,2024-01-14T00:00:00
206514,60978,1,0.8194086,2024-01-14T00:00:00
210981,48574,1,0.819342,2024-01-14T00:00:00
166029,1372,1,0.81931275,2024-01-14T00:00:00
221610,1304,1,0.8192745,2024-01-14T00:00:00
192564,50270,1,0.8192288,2024-01-14T00:00:00
176403,42132,1,0.81914634,2024-01-14T00:00:00
163101,48574,1,0.8189924,2024-01-14T00:00:00
232404,60978,1,0.81890273,2024-01-14T00:00:00
233559,48574,1,0.8188947,2024-01-14T00:00:00
212445,56714,1,0.8187854,2024-01-14T00:00:00
153303,56714,1,0.8184678,2024-01-14T00:00:00
186657,11262,1,0.81825405,2024-01-14T00:00:00
204144,11262,1,0.8182226,2024-01-14T00:00:00
153999,1372,1,0.8180058,2024-01-14T00:00:00
207219,1304,1,0.81791276,2024-01-14T00:00:00
206823,59822,1,0.8178205,2024-01-14T00:00:00
210843,1304,1,0.8178205,2024-01-14T00:00:00
61692,48574,1,0.8173782,2024-01-14T00:00:00
206304,1372,1,0.8173557,2024-01-14T00:00:00
157767,1304,1,0.8172682,2024-01-14T00:00:00
212211,44302,1,0.817163,2024-01-14T00:00:00
237765,60978,1,0.8169851,2024-01-14T00:00:00
186174,39186,1,0.81696755,2024-01-14T00:00:00
212256,11262,1,0.81688017,2024-01-14T00:00:00
153402,1304,1,0.8168692,2024-01-14T00:00:00
209994,11262,1,0.8168428,2024-01-14T00:00:00
203256,1304,1,0.8167214,2024-01-14T00:00:00
203268,1304,1,0.8167214,2024-01-14T00:00:00
72900,60978,1,0.8166793,2024-01-14T00:00:00
167652,1370,1,0.81664246,2024-01-14T00:00:00
205722,48574,1,0.816615,2024-01-14T00:00:00
188853,48574,1,0.8165094,2024-01-14T00:00:00
212892,59822,1,0.8164859,2024-01-14T00:00:00
206838,1304,1,0.81640303,2024-01-14T00:00:00
207129,1304,1,0.81640303,2024-01-14T00:00:00
163101,1304,1,0.816277,2024-01-14T00:00:00
227664,33886,1,0.8161215,2024-01-14T00:00:00
25749,35732,1,0.8160765,2024-01-14T00:00:00
224208,30500,1,0.816038,2024-01-14T00:00:00
231876,11262,1,0.8160359,2024-01-14T00:00:00
203673,1304,1,0.8160188,2024-01-14T00:00:00
166437,59822,1,0.81601065,2024-01-14T00:00:00
179088,1372,1,0.8159564,2024-01-14T00:00:00
175878,1304,1,0.815769,2024-01-14T00:00:00
208872,1370,1,0.81573427,2024-01-14T00:00:00
172419,1370,1,0.81559426,2024-01-14T00:00:00
207339,1304,1,0.81555,2024-01-14T00:00:00
206343,1370,1,0.8154903,2024-01-14T00:00:00
153138,1304,1,0.81543016,2024-01-14T00:00:00
184485,1304,1,0.8153379,2024-01-14T00:00:00
65328,1372,1,0.8151982,2024-01-14T00:00:00
188961,1372,1,0.8151912,2024-01-14T00:00:00
217620,1372,1,0.81517285,2024-01-14T00:00:00
203820,1304,1,0.8151714,2024-01-14T00:00:00
206670,1304,1,0.8148906,2024-01-14T00:00:00
206664,1304,1,0.8148906,2024-01-14T00:00:00
161667,1304,1,0.8148766,2024-01-14T00:00:00
203724,30500,1,0.81477696,2024-01-14T00:00:00
198522,1304,1,0.81461716,2024-01-14T00:00:00
205332,1372,1,0.8145906,2024-01-14T00:00:00
221115,30500,1,0.8145445,2024-01-14T00:00:00
226662,1372,1,0.8142859,2024-01-14T00:00:00
210840,1304,1,0.8141413,2024-01-14T00:00:00
206673,1304,1,0.8141413,2024-01-14T00:00:00
194229,56714,1,0.81408525,2024-01-14T00:00:00
176403,16358,1,0.8140604,2024-01-14T00:00:00
173796,11262,1,0.81402475,2024-01-14T00:00:00
208347,1304,1,0.81400263,2024-01-14T00:00:00
154167,48574,1,0.8139652,2024-01-14T00:00:00
197673,33886,1,0.81377965,2024-01-14T00:00:00
179088,1304,1,0.81374764,2024-01-14T00:00:00
128502,60978,1,0.8134763,2024-01-14T00:00:00
188331,60978,1,0.8133472,2024-01-14T00:00:00
212571,60978,1,0.8133428,2024-01-14T00:00:00
222906,1304,1,0.8131461,2024-01-14T00:00:00
207390,11262,1,0.8131265,2024-01-14T00:00:00
203301,48574,1,0.81304765,2024-01-14T00:00:00
203295,48574,1,0.81304765,2024-01-14T00:00:00
174468,60978,1,0.8130094,2024-01-14T00:00:00
186078,48574,1,0.812847,2024-01-14T00:00:00
217620,1304,1,0.8127735,2024-01-14T00:00:00
230010,1372,1,0.81276566,2024-01-14T00:00:00
162603,1372,1,0.8126918,2024-01-14T00:00:00
198279,1304,1,0.8126896,2024-01-14T00:00:00
226827,46632,1,0.8126192,2024-01-14T00:00:00
212748,60978,1,0.81246305,2024-01-14T00:00:00
187806,57804,1,0.81238455,2024-01-14T00:00:00
208491,60978,1,0.81231695,2024-01-14T00:00:00
210141,48574,1,0.81224906,2024-01-14T00:00:00
230028,1372,1,0.81221384,2024-01-14T00:00:00
187806,50270,1,0.81204396,2024-01-14T00:00:00
209073,1304,1,0.81204206,2024-01-14T00:00:00
209994,48574,1,0.8119404,2024-01-14T00:00:00
206760,39186,1,0.8118504,2024-01-14T00:00:00
206697,1304,1,0.8115285,2024-01-14T00:00:00
191226,11262,1,0.8113789,2024-01-14T00:00:00
193323,59822,1,0.8113261,2024-01-14T00:00:00
193323,1304,1,0.8113261,2024-01-14T00:00:00
237300,11262,1,0.81120896,2024-01-14T00:00:00
154473,1372,1,0.8111209,2024-01-14T00:00:00
205191,30500,1,0.81106794,2024-01-14T00:00:00
155097,1304,1,0.8110623,2024-01-14T00:00:00
211527,39186,1,0.8110255,2024-01-14T00:00:00
206748,50270,1,0.8109297,2024-01-14T00:00:00
153279,1304,1,0.81089616,2024-01-14T00:00:00
153279,59822,1,0.81089616,2024-01-14T00:00:00
72045,44302,1,0.8108738,2024-01-14T00:00:00
183387,30500,1,0.8108608,2024-01-14T00:00:00
206484,30500,1,0.8106963,2024-01-14T00:00:00
153204,1304,1,0.810544,2024-01-14T00:00:00
176403,57804,1,0.8103935,2024-01-14T00:00:00
72930,46632,1,0.81038415,2024-01-14T00:00:00
186177,30500,1,0.8103557,2024-01-14T00:00:00
212112,60978,1,0.8102875,2024-01-14T00:00:00
182556,1304,1,0.8102592,2024-01-14T00:00:00
187974,59822,1,0.8101762,2024-01-14T00:00:00
187974,1304,1,0.8101762,2024-01-14T00:00:00
164337,11262,1,0.810051,2024-01-14T00:00:00
195063,11262,1,0.80991167,2024-01-14T00:00:00
237057,1304,1,0.8095911,2024-01-14T00:00:00
206667,1304,1,0.8094552,2024-01-14T00:00:00
184863,10652,1,0.809347,2024-01-14T00:00:00
153999,1304,1,0.8092423,2024-01-14T00:00:00
162603,1304,1,0.80907863,2024-01-14T00:00:00
153960,11262,1,0.8089671,2024-01-14T00:00:00
208692,60978,1,0.808965,2024-01-14T00:00:00
206448,1304,1,0.8089471,2024-01-14T00:00:00
172161,30500,1,0.80884784,2024-01-14T00:00:00
204519,30500,1,0.8087906,2024-01-14T00:00:00
216498,10652,1,0.80862916,2024-01-14T00:00:00
208893,60978,1,0.8085246,2024-01-14T00:00:00
208806,60978,1,0.8085246,2024-01-14T00:00:00
183105,60978,1,0.8084668,2024-01-14T00:00:00
206418,1304,1,0.8084454,2024-01-14T00:00:00
206421,59822,1,0.8084454,2024-01-14T00:00:00
206418,59822,1,0.8084454,2024-01-14T00:00:00
206421,1304,1,0.8084454,2024-01-14T00:00:00
224208,48574,1,0.8084451,2024-01-14T00:00:00
225501,1304,1,0.80841416,2024-01-14T00:00:00
202959,35732,1,0.8083875,2024-01-14T00:00:00
212448,30500,1,0.8079414,2024-01-14T00:00:00
154803,1372,1,0.8077877,2024-01-14T00:00:00
206433,1304,1,0.80766124,2024-01-14T00:00:00
206349,1304,1,0.80766124,2024-01-14T00:00:00
225390,1304,1,0.80759525,2024-01-14T00:00:00
174468,10652,1,0.8074972,2024-01-14T00:00:00
173613,1372,1,0.80727744,2024-01-14T00:00:00
230010,48574,1,0.807216,2024-01-14T00:00:00
220269,1304,1,0.8069579,2024-01-14T00:00:00
210342,1304,1,0.8069415,2024-01-14T00:00:00
224631,48574,1,0.8067686,2024-01-14T00:00:00
197529,30500,1,0.8067401,2024-01-14T00:00:00
162984,30500,1,0.8066658,2024-01-14T00:00:00
210342,1372,1,0.80654746,2024-01-14T00:00:00
165717,48574,1,0.8063489,2024-01-14T00:00:00
186933,33886,1,0.80630255,2024-01-14T00:00:00
206847,11262,1,0.8062599,2024-01-14T00:00:00
198867,30500,1,0.80623335,2024-01-14T00:00:00
154887,1304,1,0.8061818,2024-01-14T00:00:00
197835,48574,1,0.80616367,2024-01-14T00:00:00
209793,1304,1,0.8060324,2024-01-14T00:00:00
59700,48574,1,0.80596554,2024-01-14T00:00:00
202818,60978,1,0.80595857,2024-01-14T00:00:00
212301,11262,1,0.80594695,2024-01-14T00:00:00
206952,1304,1,0.8058156,2024-01-14T00:00:00
187707,10652,1,0.80573136,2024-01-14T00:00:00
184113,11262,1,0.8056374,2024-01-14T00:00:00
163101,33886,1,0.80560213,2024-01-14T00:00:00
211473,30500,1,0.8054394,2024-01-14T00:00:00
208821,60978,1,0.8054368,2024-01-14T00:00:00
206412,11262,1,0.80536526,2024-01-14T00:00:00
61353,48574,1,0.80534583,2024-01-14T00:00:00
203532,11262,1,0.8052148,2024-01-14T00:00:00
212337,11262,1,0.8052148,2024-01-14T00:00:00
208053,11262,1,0.8050161,2024-01-14T00:00:00
154797,1372,1,0.8050066,2024-01-14T00:00:00
225501,60978,1,0.80499345,2024-01-14T00:00:00
208761,60978,1,0.8049107,2024-01-14T00:00:00
200502,60978,1,0.8049107,2024-01-14T00:00:00
203145,1304,1,0.8048415,2024-01-14T00:00:00
226623,1372,1,0.804633,2024-01-14T00:00:00
198945,1372,1,0.804625,2024-01-14T00:00:00
154485,11262,1,0.8045588,2024-01-14T00:00:00
156057,50270,1,0.80438346,2024-01-14T00:00:00
202959,33886,1,0.8043832,2024-01-14T00:00:00
210393,48574,1,0.80427825,2024-01-14T00:00:00
234093,48574,1,0.80427825,2024-01-14T00:00:00
204243,1304,1,0.8042714,2024-01-14T00:00:00
157938,11262,1,0.80395734,2024-01-14T00:00:00
175899,11262,1,0.8039467,2024-01-14T00:00:00
211950,60978,1,0.8039213,2024-01-14T00:00:00
206376,46632,1,0.8038789,2024-01-14T00:00:00
206346,60978,1,0.803859,2024-01-14T00:00:00
238032,48574,1,0.8038396,2024-01-14T00:00:00
172587,11262,1,0.8037857,2024-01-14T00:00:00
210876,1304,1,0.8037641,2024-01-14T00:00:00
154473,1304,1,0.8036078,2024-01-14T00:00:00
203145,60978,1,0.80345196,2024-01-14T00:00:00
238032,1372,1,0.80343926,2024-01-14T00:00:00
206868,60978,1,0.8028997,2024-01-14T00:00:00
186990,1304,1,0.80286074,2024-01-14T00:00:00
211989,11262,1,0.80280834,2024-01-14T00:00:00
200508,11262,1,0.80280834,2024-01-14T00:00:00
203727,11262,1,0.80280834,2024-01-14T00:00:00
187707,1304,1,0.8027774,2024-01-14T00:00:00
206484,1370,1,0.8027122,2024-01-14T00:00:00
217782,11262,1,0.8026401,2024-01-14T00:00:00
216108,1304,1,0.80251306,2024-01-14T00:00:00
233970,1304,1,0.80251306,2024-01-14T00:00:00
72117,56714,1,0.8024257,2024-01-14T00:00:00
211950,1304,1,0.8022593,2024-01-14T00:00:00
231162,1372,1,0.8022457,2024-01-14T00:00:00
182565,1304,1,0.80219066,2024-01-14T00:00:00
224787,30500,1,0.8021827,2024-01-14T00:00:00
209154,1372,1,0.8021699,2024-01-14T00:00:00
166599,11262,1,0.80204976,2024-01-14T00:00:00
188331,44302,1,0.8019226,2024-01-14T00:00:00
225393,35846,1,0.801881,2024-01-14T00:00:00
203106,1304,1,0.8018285,2024-01-14T00:00:00
234093,1304,1,0.8018285,2024-01-14T00:00:00
183213,39186,1,0.80173224,2024-01-14T00:00:00
206304,1304,1,0.80166364,2024-01-14T00:00:00
183645,1372,1,0.8016458,2024-01-14T00:00:00
212211,30500,1,0.80160624,2024-01-14T00:00:00
64218,48574,1,0.8016047,2024-01-14T00:00:00
227295,48574,1,0.8014563,2024-01-14T00:00:00
187224,30500,1,0.80098826,2024-01-14T00:00:00
61344,56714,1,0.8009359,2024-01-14T00:00:00
195507,11262,1,0.8008978,2024-01-14T00:00:00
80925,60978,1,0.8008023,2024-01-14T00:00:00
203661,48574,1,0.8007025,2024-01-14T00:00:00
166437,48574,1,0.80063635,2024-01-14T00:00:00
203256,60978,1,0.80059767,2024-01-14T00:00:00
203268,60978,1,0.80059767,2024-01-14T00:00:00
212721,56714,1,0.8004612,2024-01-14T00:00:00
212892,1372,1,0.8004169,2024-01-14T00:00:00
203517,59822,1,0.80023843,2024-01-14T00:00:00
203517,1304,1,0.80023843,2024-01-14T00:00:00
96444,1304,1,0.80010974,2024-01-14T00:00:00
206343,50270,1,0.8000716,2024-01-14T00:00:00
226662,1304,1,0.8000523,2024-01-14T00:00:00
226848,1304,1,0.8000324,2024-01-14T00:00:00
188700,1304,1,0.8000324,2024-01-14T00:00:00
172503,1304,1,0.8000027,2024-01-14T00:00:00
154494,11262,1,0.7999701,2024-01-14T00:00:00
215517,1304,1,0.7999234,2024-01-14T00:00:00
215517,59822,1,0.7999234,2024-01-14T00:00:00
238218,1304,1,0.7997231,2024-01-14T00:00:00
238032,39186,1,0.79968435,2024-01-14T00:00:00
191232,60978,1,0.7996117,2024-01-14T00:00:00
195894,59822,1,0.7993374,2024-01-14T00:00:00
186174,44302,1,0.7992219,2024-01-14T00:00:00
237252,1372,1,0.7986995,2024-01-14T00:00:00
209622,16358,1,0.79850805,2024-01-14T00:00:00
208116,48574,1,0.7981891,2024-01-14T00:00:00
154743,1372,1,0.79795885,2024-01-14T00:00:00
178257,1304,1,0.7979396,2024-01-14T00:00:00
60888,30500,1,0.7978329,2024-01-14T00:00:00
184113,1304,1,0.7978306,2024-01-14T00:00:00
210114,1304,1,0.7977223,2024-01-14T00:00:00
188937,48574,1,0.7976984,2024-01-14T00:00:00
211524,46632,1,0.7976522,2024-01-14T00:00:00
181149,48574,1,0.7975903,2024-01-14T00:00:00
154011,56714,1,0.7975711,2024-01-14T00:00:00
213102,60978,1,0.79735214,2024-01-14T00:00:00
178830,48574,1,0.79732597,2024-01-14T00:00:00
62817,50270,1,0.7972501,2024-01-14T00:00:00
209622,56714,1,0.7970581,2024-01-14T00:00:00
160029,11262,1,0.7968696,2024-01-14T00:00:00
66924,11262,1,0.7967026,2024-01-14T00:00:00
211140,48574,1,0.7966908,2024-01-14T00:00:00
206850,11262,1,0.79654455,2024-01-14T00:00:00
227829,11262,1,0.79654455,2024-01-14T00:00:00
218061,48574,1,0.79647094,2024-01-14T00:00:00
195249,1304,1,0.79643124,2024-01-14T00:00:00
96444,60978,1,0.7964118,2024-01-14T00:00:00
198522,48574,1,0.7962563,2024-01-14T00:00:00
211533,33886,1,0.79623175,2024-01-14T00:00:00
183489,50274,1,0.7962169,2024-01-14T00:00:00
192735,1304,1,0.79611856,2024-01-14T00:00:00
232455,33886,1,0.79581046,2024-01-14T00:00:00
238887,1372,1,0.79580003,2024-01-14T00:00:00
166362,1304,1,0.79577756,2024-01-14T00:00:00
238218,11262,1,0.79570407,2024-01-14T00:00:00
198882,56714,1,0.79521817,2024-01-14T00:00:00
203511,1304,1,0.79490674,2024-01-14T00:00:00
72483,60978,1,0.7948928,2024-01-14T00:00:00
154698,50274,1,0.7948898,2024-01-14T00:00:00
220218,1304,1,0.79480404,2024-01-14T00:00:00
238263,1304,1,0.7947877,2024-01-14T00:00:00
203700,10652,1,0.79474026,2024-01-14T00:00:00
191232,48574,1,0.7946648,2024-01-14T00:00:00
153204,48574,1,0.7946345,2024-01-14T00:00:00
187806,42132,1,0.7945649,2024-01-14T00:00:00
63690,11262,1,0.79455876,2024-01-14T00:00:00
212745,11262,1,0.79455256,2024-01-14T00:00:00
186177,56714,1,0.79453254,2024-01-14T00:00:00
226662,60978,1,0.79451495,2024-01-14T00:00:00
154758,33886,1,0.7944957,2024-01-14T00:00:00
166995,1304,1,0.79434454,2024-01-14T00:00:00
203133,33886,1,0.7942736,2024-01-14T00:00:00
211749,59822,1,0.79409266,2024-01-14T00:00:00
210882,60978,1,0.79366416,2024-01-14T00:00:00
224280,60978,1,0.79366416,2024-01-14T00:00:00
208575,44302,1,0.793608,2024-01-14T00:00:00
179496,10652,1,0.79351145,2024-01-14T00:00:00
206784,11262,1,0.7931038,2024-01-14T00:00:00
223968,59822,1,0.7929427,2024-01-14T00:00:00
223968,1304,1,0.7929427,2024-01-14T00:00:00
229527,46632,1,0.7928432,2024-01-14T00:00:00
206346,48574,1,0.79264665,2024-01-14T00:00:00
220728,46632,1,0.7925902,2024-01-14T00:00:00
212397,11262,1,0.79255813,2024-01-14T00:00:00
218061,1372,1,0.79229426,2024-01-14T00:00:00
232269,39186,1,0.7922183,2024-01-14T00:00:00
184509,59822,1,0.7919133,2024-01-14T00:00:00
72645,11262,1,0.7917676,2024-01-14T00:00:00
232455,30500,1,0.79158527,2024-01-14T00:00:00
205812,48574,1,0.79150045,2024-01-14T00:00:00
163101,10652,1,0.7914728,2024-01-14T00:00:00
222894,1304,1,0.7913357,2024-01-14T00:00:00
206406,11262,1,0.79130137,2024-01-14T00:00:00
222306,48574,1,0.7912098,2024-01-14T00:00:00
204093,1372,1,0.79109,2024-01-14T00:00:00
203439,48574,1,0.79074967,2024-01-14T00:00:00
207339,60978,1,0.79073966,2024-01-14T00:00:00
207600,33886,1,0.7905156,2024-01-14T00:00:00
216498,60978,1,0.79051393,2024-01-14T00:00:00
163131,1304,1,0.79033023,2024-01-14T00:00:00
225672,10652,1,0.7902088,2024-01-14T00:00:00
225501,33886,1,0.79011965,2024-01-14T00:00:00
202818,56714,1,0.79004663,2024-01-14T00:00:00
211524,50268,1,0.7900428,2024-01-14T00:00:00
157938,1372,1,0.7898431,2024-01-14T00:00:00
172704,42132,1,0.78972304,2024-01-14T00:00:00
178818,1304,1,0.78967154,2024-01-14T00:00:00
178818,59822,1,0.78967154,2024-01-14T00:00:00
213114,1304,1,0.7896643,2024-01-14T00:00:00
224787,1304,1,0.78964955,2024-01-14T00:00:00
154494,1304,1,0.78962207,2024-01-14T00:00:00
225393,50270,1,0.7896049,2024-01-14T00:00:00
225276,1304,1,0.7895784,2024-01-14T00:00:00
205659,59822,1,0.7895138,2024-01-14T00:00:00
205659,1304,1,0.7895138,2024-01-14T00:00:00
187974,11262,1,0.78934044,2024-01-14T00:00:00
212892,48574,1,0.7892761,2024-01-14T00:00:00
217002,1372,1,0.78921366,2024-01-14T00:00:00
157767,56714,1,0.78919584,2024-01-14T00:00:00
206343,46632,1,0.7891684,2024-01-14T00:00:00
225669,11262,1,0.7891444,2024-01-14T00:00:00
196311,11262,1,0.7891444,2024-01-14T00:00:00
224931,1304,1,0.78908783,2024-01-14T00:00:00
208572,1370,1,0.7889677,2024-01-14T00:00:00
221526,1370,1,0.7889677,2024-01-14T00:00:00
232269,50270,1,0.7887851,2024-01-14T00:00:00
206343,48574,1,0.7887818,2024-01-14T00:00:00
221526,11262,1,0.7886755,2024-01-14T00:00:00
61482,1372,1,0.7886178,2024-01-14T00:00:00
160770,1304,1,0.7884366,2024-01-14T00:00:00
204411,30500,1,0.7884084,2024-01-14T00:00:00
198279,1372,1,0.7884025,2024-01-14T00:00:00
188730,1372,1,0.7882782,2024-01-14T00:00:00
183363,11262,1,0.78818196,2024-01-14T00:00:00
161667,30500,1,0.7881796,2024-01-14T00:00:00
72900,1304,1,0.7880536,2024-01-14T00:00:00
208758,39186,1,0.7880324,2024-01-14T00:00:00
72045,59822,1,0.7879025,2024-01-14T00:00:00
72045,1304,1,0.7879025,2024-01-14T00:00:00
160770,48574,1,0.78788584,2024-01-14T00:00:00
153867,1304,1,0.78787977,2024-01-14T00:00:00
206943,1304,1,0.78785515,2024-01-14T00:00:00
66843,11262,1,0.7875381,2024-01-14T00:00:00
192564,50268,1,0.7874365,2024-01-14T00:00:00
178458,59822,1,0.78731495,2024-01-14T00:00:00
178458,1304,1,0.78731495,2024-01-14T00:00:00
204189,30500,1,0.7868754,2024-01-14T00:00:00
154770,48574,1,0.78667897,2024-01-14T00:00:00
203316,48574,1,0.78664523,2024-01-14T00:00:00
187839,1304,1,0.78660476,2024-01-14T00:00:00
176472,48574,1,0.78657275,2024-01-14T00:00:00
222204,30500,1,0.7862677,2024-01-14T00:00:00
206358,1304,1,0.7862613,2024-01-14T00:00:00
194208,1304,1,0.7862613,2024-01-14T00:00:00
173940,48574,1,0.7860946,2024-01-14T00:00:00
187734,56714,1,0.7859597,2024-01-14T00:00:00
187221,1304,1,0.7858363,2024-01-14T00:00:00
208116,59822,1,0.78581375,2024-01-14T00:00:00
66918,11262,1,0.7856228,2024-01-14T00:00:00
212586,10652,1,0.7856212,2024-01-14T00:00:00
186942,1304,1,0.78551865,2024-01-14T00:00:00
229527,60978,1,0.7853569,2024-01-14T00:00:00
187806,16358,1,0.7852559,2024-01-14T00:00:00
188730,30500,1,0.7852262,2024-01-14T00:00:00
60888,56714,1,0.7850377,2024-01-14T00:00:00
188637,56714,1,0.78492326,2024-01-14T00:00:00
162984,48574,1,0.78487176,2024-01-14T00:00:00
198990,11262,1,0.78456044,2024-01-14T00:00:00
207114,11262,1,0.78456044,2024-01-14T00:00:00
155100,11262,1,0.78432256,2024-01-14T00:00:00
162960,11262,1,0.78423166,2024-01-14T00:00:00
164064,30500,1,0.7840293,2024-01-14T00:00:00
67056,1372,1,0.78382564,2024-01-14T00:00:00
213978,1304,1,0.78375703,2024-01-14T00:00:00
72558,56714,1,0.7836573,2024-01-14T00:00:00
128763,48574,1,0.78363305,2024-01-14T00:00:00
154011,30500,1,0.7835863,2024-01-14T00:00:00
210678,48574,1,0.7835729,2024-01-14T00:00:00
198573,56714,1,0.78330696,2024-01-14T00:00:00
154119,1372,1,0.78319377,2024-01-14T00:00:00
235842,11262,1,0.782908,2024-01-14T00:00:00
187797,35732,1,0.78274846,2024-01-14T00:00:00
208488,60978,1,0.78247154,2024-01-14T00:00:00
223782,1304,1,0.78240407,2024-01-14T00:00:00
154275,48574,1,0.7823767,2024-01-14T00:00:00
179436,1304,1,0.78235227,2024-01-14T00:00:00
236973,11262,1,0.782338,2024-01-14T00:00:00
228741,1304,1,0.78225416,2024-01-14T00:00:00
228741,59822,1,0.78225416,2024-01-14T00:00:00
188730,56714,1,0.782214,2024-01-14T00:00:00
212442,30500,1,0.78202605,2024-01-14T00:00:00
162843,1372,1,0.7819569,2024-01-14T00:00:00
156057,10652,1,0.781878,2024-01-14T00:00:00
173940,11262,1,0.7817794,2024-01-14T00:00:00
237195,1304,1,0.7817721,2024-01-14T00:00:00
66843,1372,1,0.78170216,2024-01-14T00:00:00
188844,1304,1,0.7816715,2024-01-14T00:00:00
175266,59822,1,0.7816151,2024-01-14T00:00:00
175266,1304,1,0.7816151,2024-01-14T00:00:00
200502,48574,1,0.7816112,2024-01-14T00:00:00
211473,48574,1,0.7815806,2024-01-14T00:00:00
178458,60978,1,0.78151435,2024-01-14T00:00:00
208872,60978,1,0.78149617,2024-01-14T00:00:00
228438,1304,1,0.7813534,2024-01-14T00:00:00
206346,1372,1,0.7813491,2024-01-14T00:00:00
66843,48574,1,0.7811532,2024-01-14T00:00:00
128469,1304,1,0.78092283,2024-01-14T00:00:00
211524,35846,1,0.7808272,2024-01-14T00:00:00
208476,11262,1,0.78073543,2024-01-14T00:00:00
155043,1372,1,0.7806916,2024-01-14T00:00:00
211641,11262,1,0.78066486,2024-01-14T00:00:00
210876,11262,1,0.7806429,2024-01-14T00:00:00
184863,35732,1,0.7804251,2024-01-14T00:00:00
229812,11262,1,0.78039205,2024-01-14T00:00:00
194229,39186,1,0.78038704,2024-01-14T00:00:00
194904,56714,1,0.78038234,2024-01-14T00:00:00
197529,56714,1,0.78036946,2024-01-14T00:00:00
212448,1304,1,0.78036076,2024-01-14T00:00:00
208503,11262,1,0.7800871,2024-01-14T00:00:00
205740,59822,1,0.77992374,2024-01-14T00:00:00
205740,1304,1,0.77992374,2024-01-14T00:00:00
204768,1304,1,0.77992374,2024-01-14T00:00:00
203724,50270,1,0.7797641,2024-01-14T00:00:00
208788,1304,1,0.7794404,2024-01-14T00:00:00
208788,59822,1,0.7794404,2024-01-14T00:00:00
184113,48574,1,0.7789667,2024-01-14T00:00:00
128763,30500,1,0.77871156,2024-01-14T00:00:00
203328,1370,1,0.7786704,2024-01-14T00:00:00
208533,48574,1,0.7785448,2024-01-14T00:00:00
222204,60978,1,0.7783131,2024-01-14T00:00:00
223728,1372,1,0.7779306,2024-01-14T00:00:00
212448,44302,1,0.7778543,2024-01-14T00:00:00
184488,1304,1,0.77767634,2024-01-14T00:00:00
204243,48574,1,0.77746755,2024-01-14T00:00:00
232029,1372,1,0.77735895,2024-01-14T00:00:00
154707,1372,1,0.77727985,2024-01-14T00:00:00
184674,11262,1,0.7772597,2024-01-14T00:00:00
230331,1372,1,0.77698845,2024-01-14T00:00:00
205332,1304,1,0.77698755,2024-01-14T00:00:00
172161,48574,1,0.7769863,2024-01-14T00:00:00
184509,48574,1,0.7768784,2024-01-14T00:00:00
203700,35732,1,0.7766344,2024-01-14T00:00:00
203700,50268,1,0.7766344,2024-01-14T00:00:00
219450,1372,1,0.7765878,2024-01-14T00:00:00
207999,1304,1,0.77638125,2024-01-14T00:00:00
175878,1372,1,0.77632755,2024-01-14T00:00:00
153756,60978,1,0.77631724,2024-01-14T00:00:00
212442,1304,1,0.7762874,2024-01-14T00:00:00
187734,48574,1,0.7762483,2024-01-14T00:00:00
232029,48574,1,0.7761144,2024-01-14T00:00:00
167316,60978,1,0.7761143,2024-01-14T00:00:00
224631,11262,1,0.7760904,2024-01-14T00:00:00
194229,16358,1,0.7759864,2024-01-14T00:00:00
197286,1304,1,0.77596956,2024-01-14T00:00:00
72930,50270,1,0.7759671,2024-01-14T00:00:00
205740,48574,1,0.7758012,2024-01-14T00:00:00
157500,11262,1,0.775789,2024-01-14T00:00:00
192618,1304,1,0.7757641,2024-01-14T00:00:00
61935,1304,1,0.7755345,2024-01-14T00:00:00
206637,1304,1,0.77545124,2024-01-14T00:00:00
157398,1304,1,0.7753196,2024-01-14T00:00:00
186177,50270,1,0.7752524,2024-01-14T00:00:00
211527,35846,1,0.7752268,2024-01-14T00:00:00
191553,48574,1,0.7750909,2024-01-14T00:00:00
211533,44302,1,0.77508956,2024-01-14T00:00:00
25743,56714,1,0.7750697,2024-01-14T00:00:00
154146,1304,1,0.77498126,2024-01-14T00:00:00
154146,59822,1,0.77498126,2024-01-14T00:00:00
230178,1372,1,0.7749485,2024-01-14T00:00:00
154494,48574,1,0.7748844,2024-01-14T00:00:00
208488,48574,1,0.7747995,2024-01-14T00:00:00
208206,1304,1,0.7747777,2024-01-14T00:00:00
63690,1304,1,0.77463317,2024-01-14T00:00:00
238263,10652,1,0.7745646,2024-01-14T00:00:00
206484,1372,1,0.77440274,2024-01-14T00:00:00
208206,1372,1,0.7743575,2024-01-14T00:00:00
174279,1372,1,0.7743141,2024-01-14T00:00:00
182292,1372,1,0.7742915,2024-01-14T00:00:00
198990,1304,1,0.7741439,2024-01-14T00:00:00
206415,1304,1,0.7741439,2024-01-14T00:00:00
207114,1304,1,0.7741439,2024-01-14T00:00:00
210981,10652,1,0.7741367,2024-01-14T00:00:00
72558,10652,1,0.7738968,2024-01-14T00:00:00
205659,33886,1,0.77375734,2024-01-14T00:00:00
154698,60978,1,0.7735698,2024-01-14T00:00:00
206799,11262,1,0.773481,2024-01-14T00:00:00
222843,11262,1,0.7734291,2024-01-14T00:00:00
211638,11262,1,0.7734291,2024-01-14T00:00:00
72483,1304,1,0.7733645,2024-01-14T00:00:00
165183,1372,1,0.7733429,2024-01-14T00:00:00
204375,48574,1,0.7733125,2024-01-14T00:00:00
192768,59822,1,0.7732414,2024-01-14T00:00:00
203052,1304,1,0.7732414,2024-01-14T00:00:00
212505,1304,1,0.7732414,2024-01-14T00:00:00
203889,1304,1,0.7732414,2024-01-14T00:00:00
203058,1304,1,0.7732414,2024-01-14T00:00:00
129153,1304,1,0.7732414,2024-01-14T00:00:00
192756,1304,1,0.7732414,2024-01-14T00:00:00
59703,1304,1,0.7732414,2024-01-14T00:00:00
192768,1304,1,0.7732414,2024-01-14T00:00:00
192771,1304,1,0.7732414,2024-01-14T00:00:00
203574,1304,1,0.7732414,2024-01-14T00:00:00
66378,1304,1,0.7732414,2024-01-14T00:00:00
199860,1304,1,0.7732414,2024-01-14T00:00:00
229521,1304,1,0.7732414,2024-01-14T00:00:00
210846,1304,1,0.7732414,2024-01-14T00:00:00
192771,59822,1,0.7732414,2024-01-14T00:00:00
220170,1304,1,0.7732414,2024-01-14T00:00:00
203502,59822,1,0.7732414,2024-01-14T00:00:00
154887,48574,1,0.7730904,2024-01-14T00:00:00
188787,33886,1,0.77298695,2024-01-14T00:00:00
154956,30500,1,0.77291614,2024-01-14T00:00:00
225393,46632,1,0.77285355,2024-01-14T00:00:00
206367,1304,1,0.7727466,2024-01-14T00:00:00
207084,1304,1,0.7727466,2024-01-14T00:00:00
207105,1304,1,0.7726654,2024-01-14T00:00:00
60888,50270,1,0.7726261,2024-01-14T00:00:00
202818,10652,1,0.7725261,2024-01-14T00:00:00
212550,1372,1,0.7724395,2024-01-14T00:00:00
61899,50270,1,0.77243567,2024-01-14T00:00:00
223968,56714,1,0.7724173,2024-01-14T00:00:00
203790,33886,1,0.7723687,2024-01-14T00:00:00
211383,60978,1,0.7722819,2024-01-14T00:00:00
198867,1304,1,0.77225804,2024-01-14T00:00:00
222204,10652,1,0.77219564,2024-01-14T00:00:00
226848,11262,1,0.77212965,2024-01-14T00:00:00
212478,11262,1,0.77209234,2024-01-14T00:00:00
213987,1304,1,0.77198803,2024-01-14T00:00:00
213987,59822,1,0.77198803,2024-01-14T00:00:00
235335,30500,1,0.7719073,2024-01-14T00:00:00
177903,1304,1,0.7718879,2024-01-14T00:00:00
88920,30500,1,0.77186835,2024-01-14T00:00:00
224787,48574,1,0.7717973,2024-01-14T00:00:00
203199,35732,1,0.7717306,2024-01-14T00:00:00
231102,1304,1,0.77169645,2024-01-14T00:00:00
230091,60978,1,0.7716668,2024-01-14T00:00:00
154758,60978,1,0.77148247,2024-01-14T00:00:00
203259,48574,1,0.77132905,2024-01-14T00:00:00
153912,1304,1,0.77109754,2024-01-14T00:00:00
211767,11262,1,0.77099055,2024-01-14T00:00:00
207498,59822,1,0.7706754,2024-01-14T00:00:00
157680,1304,1,0.7705793,2024-01-14T00:00:00
222669,60978,1,0.7704125,2024-01-14T00:00:00
206979,60978,1,0.7703353,2024-01-14T00:00:00
212211,39186,1,0.7703013,2024-01-14T00:00:00
211140,50274,1,0.7702671,2024-01-14T00:00:00
72108,1370,1,0.7702092,2024-01-14T00:00:00
184863,57804,1,0.77020913,2024-01-14T00:00:00
198279,48574,1,0.769988,2024-01-14T00:00:00
187734,30500,1,0.7698842,2024-01-14T00:00:00
61908,60978,1,0.76976097,2024-01-14T00:00:00
192942,1304,1,0.7697119,2024-01-14T00:00:00
206784,1304,1,0.7697119,2024-01-14T00:00:00
208911,11262,1,0.76970494,2024-01-14T00:00:00
203322,1304,1,0.7696157,2024-01-14T00:00:00
129204,1304,1,0.7696157,2024-01-14T00:00:00
232404,56714,1,0.7691586,2024-01-14T00:00:00
236973,1370,1,0.7691101,2024-01-14T00:00:00
187101,44302,1,0.76905346,2024-01-14T00:00:00
155337,60978,1,0.76897913,2024-01-14T00:00:00
204189,59822,1,0.76888376,2024-01-14T00:00:00
204189,1304,1,0.76888376,2024-01-14T00:00:00
61482,11262,1,0.7686679,2024-01-14T00:00:00
154578,1304,1,0.76844966,2024-01-14T00:00:00
203259,59822,1,0.76837784,2024-01-14T00:00:00
203259,1304,1,0.76837784,2024-01-14T00:00:00
225699,33886,1,0.7683437,2024-01-14T00:00:00
208350,48574,1,0.7681334,2024-01-14T00:00:00
206850,1304,1,0.7679889,2024-01-14T00:00:00
227829,1304,1,0.7679889,2024-01-14T00:00:00
66924,1372,1,0.7679611,2024-01-14T00:00:00
154869,1372,1,0.76781,2024-01-14T00:00:00
154881,11262,1,0.76753557,2024-01-14T00:00:00
206952,60978,1,0.76747537,2024-01-14T00:00:00
227469,1372,1,0.76743305,2024-01-14T00:00:00
203175,44302,1,0.7673663,2024-01-14T00:00:00
177903,11262,1,0.7673409,2024-01-14T00:00:00
236226,57804,1,0.7671765,2024-01-14T00:00:00
183672,1304,1,0.76712966,2024-01-14T00:00:00
154041,1372,1,0.7671012,2024-01-14T00:00:00
193323,30500,1,0.76698244,2024-01-14T00:00:00
71766,60978,1,0.76692086,2024-01-14T00:00:00
65067,11262,1,0.7669089,2024-01-14T00:00:00
207240,1304,1,0.76686037,2024-01-14T00:00:00
230010,1304,1,0.76686037,2024-01-14T00:00:00
207828,11262,1,0.7668094,2024-01-14T00:00:00
205107,11262,1,0.7668094,2024-01-14T00:00:00
237057,11262,1,0.7667566,2024-01-14T00:00:00
189045,48574,1,0.76672393,2024-01-14T00:00:00
219450,48574,1,0.7667221,2024-01-14T00:00:00
197799,1304,1,0.76628435,2024-01-14T00:00:00
197799,59822,1,0.76628435,2024-01-14T00:00:00
212397,1372,1,0.7661956,2024-01-14T00:00:00
198867,60978,1,0.7660075,2024-01-14T00:00:00
211413,1372,1,0.76595503,2024-01-14T00:00:00
204189,60978,1,0.76565033,2024-01-14T00:00:00
195894,48574,1,0.7656264,2024-01-14T00:00:00
211965,44302,1,0.76556647,2024-01-14T00:00:00
64734,11262,1,0.7655471,2024-01-14T00:00:00
195894,60978,1,0.76552683,2024-01-14T00:00:00
153084,1304,1,0.76549304,2024-01-14T00:00:00
206412,1304,1,0.76545554,2024-01-14T00:00:00
179436,1372,1,0.7653925,2024-01-14T00:00:00
163131,60978,1,0.7653694,2024-01-14T00:00:00
219420,60978,1,0.76521707,2024-01-14T00:00:00
227664,60978,1,0.76516485,2024-01-14T00:00:00
215985,11262,1,0.7650088,2024-01-14T00:00:00
128469,48574,1,0.76498044,2024-01-14T00:00:00
206346,1304,1,0.76489484,2024-01-14T00:00:00
210897,1304,1,0.7648904,2024-01-14T00:00:00
206646,1304,1,0.7648904,2024-01-14T00:00:00
207078,1304,1,0.7648904,2024-01-14T00:00:00
227469,30500,1,0.7648457,2024-01-14T00:00:00
208821,1304,1,0.76472163,2024-01-14T00:00:00
154011,48574,1,0.7644121,2024-01-14T00:00:00
207216,60978,1,0.76431334,2024-01-14T00:00:00
166029,59822,1,0.76424533,2024-01-14T00:00:00
166029,1304,1,0.76424533,2024-01-14T00:00:00
236655,11262,1,0.76416296,2024-01-14T00:00:00
164337,1304,1,0.76407295,2024-01-14T00:00:00
218265,56714,1,0.76405764,2024-01-14T00:00:00
157398,11262,1,0.76403654,2024-01-14T00:00:00
227115,11262,1,0.7638251,2024-01-14T00:00:00
164640,1304,1,0.7637308,2024-01-14T00:00:00
208350,1304,1,0.7636045,2024-01-14T00:00:00
186216,1304,1,0.76358867,2024-01-14T00:00:00
225501,44302,1,0.76333404,2024-01-14T00:00:00
128901,30500,1,0.7632666,2024-01-14T00:00:00
206364,30500,1,0.76308423,2024-01-14T00:00:00
154707,56714,1,0.76305175,2024-01-14T00:00:00
63582,48574,1,0.7630276,2024-01-14T00:00:00
203058,48574,1,0.7630276,2024-01-14T00:00:00
229521,48574,1,0.7630276,2024-01-14T00:00:00
66378,48574,1,0.7630276,2024-01-14T00:00:00
192768,48574,1,0.7630276,2024-01-14T00:00:00
203574,48574,1,0.7630276,2024-01-14T00:00:00
192771,48574,1,0.7630276,2024-01-14T00:00:00
59703,48574,1,0.7630276,2024-01-14T00:00:00
185067,48574,1,0.76291156,2024-01-14T00:00:00
203820,30500,1,0.76281357,2024-01-14T00:00:00
210978,1304,1,0.7627412,2024-01-14T00:00:00
161403,11262,1,0.76273096,2024-01-14T00:00:00
202959,50270,1,0.7626464,2024-01-14T00:00:00
206514,35846,1,0.7625798,2024-01-14T00:00:00
176643,48574,1,0.76257724,2024-01-14T00:00:00
222306,1304,1,0.762516,2024-01-14T00:00:00
206406,1304,1,0.762403,2024-01-14T00:00:00
207150,59822,1,0.762403,2024-01-14T00:00:00
207150,1304,1,0.762403,2024-01-14T00:00:00
60864,1304,1,0.762167,2024-01-14T00:00:00
178257,48574,1,0.7621658,2024-01-14T00:00:00
211383,30500,1,0.7618503,2024-01-14T00:00:00
209880,1372,1,0.7614822,2024-01-14T00:00:00
171372,1372,1,0.7613556,2024-01-14T00:00:00
186942,1372,1,0.76131934,2024-01-14T00:00:00
209793,60978,1,0.7612196,2024-01-14T00:00:00
227310,1304,1,0.76106524,2024-01-14T00:00:00
224787,56714,1,0.7610311,2024-01-14T00:00:00
128526,16358,1,0.76102644,2024-01-14T00:00:00
217002,48574,1,0.7610032,2024-01-14T00:00:00
179853,33886,1,0.76082385,2024-01-14T00:00:00
208617,1304,1,0.76059055,2024-01-14T00:00:00
234018,60978,1,0.76055497,2024-01-14T00:00:00
88920,60978,1,0.7605085,2024-01-14T00:00:00
228315,1304,1,0.76044494,2024-01-14T00:00:00
203673,33886,1,0.7603792,2024-01-14T00:00:00
183195,11262,1,0.76003134,2024-01-14T00:00:00
206760,50270,1,0.7599951,2024-01-14T00:00:00
172161,1304,1,0.7599498,2024-01-14T00:00:00
223968,60978,1,0.759794,2024-01-14T00:00:00
208554,1304,1,0.7595775,2024-01-14T00:00:00
208482,1304,1,0.7595775,2024-01-14T00:00:00
208488,1304,1,0.7594943,2024-01-14T00:00:00
208488,59822,1,0.7594943,2024-01-14T00:00:00
183363,1304,1,0.75941133,2024-01-14T00:00:00
234972,11262,1,0.7593692,2024-01-14T00:00:00
215298,46632,1,0.75936073,2024-01-14T00:00:00
208473,11262,1,0.7592691,2024-01-14T00:00:00
210393,33886,1,0.75911885,2024-01-14T00:00:00
203106,33886,1,0.75911885,2024-01-14T00:00:00
207996,1304,1,0.7590076,2024-01-14T00:00:00
203133,30500,1,0.75842977,2024-01-14T00:00:00
183492,50268,1,0.7583168,2024-01-14T00:00:00
128502,56714,1,0.7582861,2024-01-14T00:00:00
203142,48574,1,0.75825727,2024-01-14T00:00:00
56871,30500,1,0.75819564,2024-01-14T00:00:00
129135,1372,1,0.75791603,2024-01-14T00:00:00
187395,1372,1,0.75788873,2024-01-14T00:00:00
218265,33886,1,0.75776386,2024-01-14T00:00:00
207600,60978,1,0.7577169,2024-01-14T00:00:00
184710,30500,1,0.75752395,2024-01-14T00:00:00
194082,11262,1,0.7572314,2024-01-14T00:00:00
72483,44302,1,0.75722367,2024-01-14T00:00:00
194904,35732,1,0.7571563,2024-01-14T00:00:00
204093,11262,1,0.7570396,2024-01-14T00:00:00
162603,48574,1,0.7567666,2024-01-14T00:00:00
162624,1304,1,0.75656545,2024-01-14T00:00:00
222750,11262,1,0.75645274,2024-01-14T00:00:00
192300,1372,1,0.7562696,2024-01-14T00:00:00
229539,33886,1,0.7562389,2024-01-14T00:00:00
204375,11262,1,0.7557869,2024-01-14T00:00:00
188730,48574,1,0.75551975,2024-01-14T00:00:00
200502,1304,1,0.755472,2024-01-14T00:00:00
200502,59822,1,0.755472,2024-01-14T00:00:00
222306,60978,1,0.7554503,2024-01-14T00:00:00
203310,60978,1,0.7554503,2024-01-14T00:00:00
237195,48574,1,0.75530165,2024-01-14T00:00:00
211641,1304,1,0.755294,2024-01-14T00:00:00
197286,10652,1,0.75528973,2024-01-14T00:00:00
223104,11262,1,0.75526625,2024-01-14T00:00:00
232035,56714,1,0.7551387,2024-01-14T00:00:00
64734,1304,1,0.755082,2024-01-14T00:00:00
203316,1304,1,0.75479335,2024-01-14T00:00:00
205662,1304,1,0.75479335,2024-01-14T00:00:00
205662,59822,1,0.75479335,2024-01-14T00:00:00
153867,1372,1,0.75470906,2024-01-14T00:00:00
228060,56714,1,0.75443757,2024-01-14T00:00:00
194229,35846,1,0.75441355,2024-01-14T00:00:00
177672,1372,1,0.75435996,2024-01-14T00:00:00
208206,11262,1,0.75411785,2024-01-14T00:00:00
205905,60978,1,0.75408363,2024-01-14T00:00:00
234030,1304,1,0.75396955,2024-01-14T00:00:00
208515,1304,1,0.75396955,2024-01-14T00:00:00
154797,1304,1,0.7539535,2024-01-14T00:00:00
72561,1304,1,0.75388944,2024-01-14T00:00:00
225699,56714,1,0.7538629,2024-01-14T00:00:00
205662,60978,1,0.7538586,2024-01-14T00:00:00
208485,1370,1,0.7537666,2024-01-14T00:00:00
197529,60978,1,0.75372297,2024-01-14T00:00:00
237300,1304,1,0.75369704,2024-01-14T00:00:00
206868,56714,1,0.7536218,2024-01-14T00:00:00
187395,59822,1,0.75357485,2024-01-14T00:00:00
187395,1304,1,0.75357485,2024-01-14T00:00:00
204375,1304,1,0.75318265,2024-01-14T00:00:00
162957,1304,1,0.75318265,2024-01-14T00:00:00
179853,60978,1,0.75313985,2024-01-14T00:00:00
206433,30500,1,0.75307447,2024-01-14T00:00:00
213102,10652,1,0.7529322,2024-01-14T00:00:00
216309,60978,1,0.7528997,2024-01-14T00:00:00
187806,10808,1,0.7528306,2024-01-14T00:00:00
238263,30500,1,0.7527601,2024-01-14T00:00:00
155085,1372,1,0.75239336,2024-01-14T00:00:00
61899,57804,1,0.7523568,2024-01-14T00:00:00
68496,48574,1,0.75230116,2024-01-14T00:00:00
219132,10652,1,0.75214833,2024-01-14T00:00:00
233970,48574,1,0.7521292,2024-01-14T00:00:00
216108,48574,1,0.7521292,2024-01-14T00:00:00
187839,1372,1,0.75205314,2024-01-14T00:00:00
219021,60978,1,0.75194824,2024-01-14T00:00:00
219450,11262,1,0.7518885,2024-01-14T00:00:00
206304,48574,1,0.7517931,2024-01-14T00:00:00
163101,56714,1,0.75175494,2024-01-14T00:00:00
223968,44302,1,0.75175124,2024-01-14T00:00:00
67335,1304,1,0.7517157,2024-01-14T00:00:00
206346,56714,1,0.75155336,2024-01-14T00:00:00
200964,33886,1,0.75151855,2024-01-14T00:00:00
209184,33886,1,0.75151855,2024-01-14T00:00:00
153303,60978,1,0.751348,2024-01-14T00:00:00
154803,1304,1,0.75089645,2024-01-14T00:00:00
184863,46632,1,0.7507564,2024-01-14T00:00:00
154068,1304,1,0.7500912,2024-01-14T00:00:00
154068,59822,1,0.7500912,2024-01-14T00:00:00
155403,1304,1,0.7499697,2024-01-14T00:00:00
217620,48574,1,0.74983984,2024-01-14T00:00:00
205332,48574,1,0.74951005,2024-01-14T00:00:00
183105,42132,1,0.74941957,2024-01-14T00:00:00
157500,1372,1,0.74892217,2024-01-14T00:00:00
25743,60978,1,0.74891305,2024-01-14T00:00:00
154578,48574,1,0.7488279,2024-01-14T00:00:00
183105,16358,1,0.7486143,2024-01-14T00:00:00
65067,48574,1,0.74827224,2024-01-14T00:00:00
200502,33886,1,0.74819386,2024-01-14T00:00:00
208533,1304,1,0.7479673,2024-01-14T00:00:00
207600,48574,1,0.7478597,2024-01-14T00:00:00
61908,1304,1,0.74770486,2024-01-14T00:00:00
203166,48574,1,0.74766,2024-01-14T00:00:00
237300,60978,1,0.74763286,2024-01-14T00:00:00
77484,10652,1,0.7474581,2024-01-14T00:00:00
200964,48574,1,0.7474261,2024-01-14T00:00:00
153885,1304,1,0.7474247,2024-01-14T00:00:00
153885,59822,1,0.7474247,2024-01-14T00:00:00
178458,10652,1,0.7473086,2024-01-14T00:00:00
204657,30500,1,0.7472129,2024-01-14T00:00:00
67056,1304,1,0.7471752,2024-01-14T00:00:00
182292,1304,1,0.74713075,2024-01-14T00:00:00
182292,59822,1,0.74713075,2024-01-14T00:00:00
166356,1304,1,0.7470842,2024-01-14T00:00:00
172035,1304,1,0.7468242,2024-01-14T00:00:00
149634,60978,1,0.74682176,2024-01-14T00:00:00
198945,48574,1,0.74671364,2024-01-14T00:00:00
231909,11262,1,0.74656975,2024-01-14T00:00:00
231876,1304,1,0.74653304,2024-01-14T00:00:00
191892,44302,1,0.7463774,2024-01-14T00:00:00
216564,50274,1,0.7462995,2024-01-14T00:00:00
208872,1304,1,0.74624634,2024-01-14T00:00:00
223389,1304,1,0.74591506,2024-01-14T00:00:00
154542,1372,1,0.74586695,2024-01-14T00:00:00
238068,30500,1,0.7458658,2024-01-14T00:00:00
153885,30500,1,0.74574023,2024-01-14T00:00:00
232827,30500,1,0.7454957,2024-01-14T00:00:00
60882,44302,1,0.7454098,2024-01-14T00:00:00
207618,1372,1,0.7452861,2024-01-14T00:00:00
166995,48574,1,0.7450232,2024-01-14T00:00:00
156057,57804,1,0.74426323,2024-01-14T00:00:00
72483,33886,1,0.7441283,2024-01-14T00:00:00
206427,1370,1,0.7441171,2024-01-14T00:00:00
222906,44302,1,0.74393946,2024-01-14T00:00:00
208524,33886,1,0.7438616,2024-01-14T00:00:00
200964,10652,1,0.7436033,2024-01-14T00:00:00
215517,60978,1,0.74359083,2024-01-14T00:00:00
158658,48574,1,0.74347216,2024-01-14T00:00:00
71766,56714,1,0.74336994,2024-01-14T00:00:00
217848,50272,1,0.743239,2024-01-14T00:00:00
238608,11262,1,0.7429972,2024-01-14T00:00:00
206427,10652,1,0.7429738,2024-01-14T00:00:00
61344,39186,1,0.74278057,2024-01-14T00:00:00
235842,1304,1,0.74274784,2024-01-14T00:00:00
186216,1372,1,0.7426736,2024-01-14T00:00:00
226662,10652,1,0.7426319,2024-01-14T00:00:00
201798,56714,1,0.74226743,2024-01-14T00:00:00
172704,50270,1,0.74225867,2024-01-14T00:00:00
208491,33886,1,0.741945,2024-01-14T00:00:00
163554,60978,1,0.7418675,2024-01-14T00:00:00
220728,35846,1,0.74172664,2024-01-14T00:00:00
206484,33886,1,0.7416318,2024-01-14T00:00:00
206514,33886,1,0.7416318,2024-01-14T00:00:00
225747,60978,1,0.74144244,2024-01-14T00:00:00
231057,44302,1,0.74125963,2024-01-14T00:00:00
183489,57804,1,0.7412065,2024-01-14T00:00:00
236775,60978,1,0.74108505,2024-01-14T00:00:00
212748,33886,1,0.7410775,2024-01-14T00:00:00
191247,30500,1,0.74107367,2024-01-14T00:00:00
211383,48574,1,0.7409746,2024-01-14T00:00:00
174279,1304,1,0.74039596,2024-01-14T00:00:00
231057,30500,1,0.7403421,2024-01-14T00:00:00
206346,30500,1,0.7403421,2024-01-14T00:00:00
231909,30500,1,0.74019974,2024-01-14T00:00:00
154275,1304,1,0.7399443,2024-01-14T00:00:00
157938,1304,1,0.7398889,2024-01-14T00:00:00
162960,59822,1,0.7398817,2024-01-14T00:00:00
206952,30500,1,0.73967564,2024-01-14T00:00:00
177474,48574,1,0.7396646,2024-01-14T00:00:00
154770,1304,1,0.7394039,2024-01-14T00:00:00
172719,59822,1,0.73926646,2024-01-14T00:00:00
192159,60978,1,0.7390626,2024-01-14T00:00:00
207219,48574,1,0.7389448,2024-01-14T00:00:00
68676,1304,1,0.7384995,2024-01-14T00:00:00
214968,30500,1,0.7383507,2024-01-14T00:00:00
72312,30500,1,0.7383507,2024-01-14T00:00:00
212469,1304,1,0.7382445,2024-01-14T00:00:00
212379,10652,1,0.7381737,2024-01-14T00:00:00
203073,30500,1,0.7380598,2024-01-14T00:00:00
186657,48574,1,0.7379346,2024-01-14T00:00:00
203790,30500,1,0.7378716,2024-01-14T00:00:00
208341,30500,1,0.7378716,2024-01-14T00:00:00
203322,60978,1,0.737184,2024-01-14T00:00:00
208788,1372,1,0.7369996,2024-01-14T00:00:00
194388,1370,1,0.7368858,2024-01-14T00:00:00
236766,1370,1,0.7368858,2024-01-14T00:00:00
209184,1304,1,0.73669785,2024-01-14T00:00:00
89013,1304,1,0.73638135,2024-01-14T00:00:00
203700,56714,1,0.73603845,2024-01-14T00:00:00
60864,1372,1,0.73598367,2024-01-14T00:00:00
204483,1304,1,0.7359349,2024-01-14T00:00:00
222669,1304,1,0.7355607,2024-01-14T00:00:00
238878,1372,1,0.7355131,2024-01-14T00:00:00
128901,56714,1,0.73538685,2024-01-14T00:00:00
206760,46632,1,0.73536426,2024-01-14T00:00:00
222204,33886,1,0.73511934,2024-01-14T00:00:00
67335,1372,1,0.73502487,2024-01-14T00:00:00
206427,50268,1,0.73433226,2024-01-14T00:00:00
224787,39186,1,0.7341321,2024-01-14T00:00:00
166362,1372,1,0.7341067,2024-01-14T00:00:00
203454,10652,1,0.73405784,2024-01-14T00:00:00
221247,33886,1,0.73389727,2024-01-14T00:00:00
128502,1372,1,0.7337613,2024-01-14T00:00:00
195894,10652,1,0.73350304,2024-01-14T00:00:00
163131,30500,1,0.7333989,2024-01-14T00:00:00
193965,10652,1,0.7332634,2024-01-14T00:00:00
203088,56714,1,0.73309016,2024-01-14T00:00:00
192300,11262,1,0.7326794,2024-01-14T00:00:00
181101,44302,1,0.7326654,2024-01-14T00:00:00
219381,48574,1,0.7324822,2024-01-14T00:00:00
184863,39186,1,0.7324798,2024-01-14T00:00:00
209637,11262,1,0.73222923,2024-01-14T00:00:00
230091,10652,1,0.7319099,2024-01-14T00:00:00
198522,56714,1,0.7318698,2024-01-14T00:00:00
154245,48574,1,0.731685,2024-01-14T00:00:00
225393,42132,1,0.7316363,2024-01-14T00:00:00
206811,1304,1,0.7316299,2024-01-14T00:00:00
197529,1304,1,0.7315851,2024-01-14T00:00:00
206496,1372,1,0.7314441,2024-01-14T00:00:00
217494,44302,1,0.73143923,2024-01-14T00:00:00
198867,10652,1,0.73140234,2024-01-14T00:00:00
230091,44302,1,0.73103094,2024-01-14T00:00:00
208485,60978,1,0.73079467,2024-01-14T00:00:00
196455,60978,1,0.73079467,2024-01-14T00:00:00
25743,30500,1,0.7307614,2024-01-14T00:00:00
211965,33886,1,0.7305183,2024-01-14T00:00:00
183492,57804,1,0.73043334,2024-01-14T00:00:00
177672,48574,1,0.7303951,2024-01-14T00:00:00
66924,1304,1,0.7302481,2024-01-14T00:00:00
227292,39186,1,0.730218,2024-01-14T00:00:00
189012,1372,1,0.7301761,2024-01-14T00:00:00
225501,46632,1,0.73005086,2024-01-14T00:00:00
232269,35732,1,0.7300456,2024-01-14T00:00:00
183489,50270,1,0.7300454,2024-01-14T00:00:00
163578,1304,1,0.7300332,2024-01-14T00:00:00
154113,1304,1,0.7297326,2024-01-14T00:00:00
197286,50270,1,0.7296036,2024-01-14T00:00:00
208116,60978,1,0.72959596,2024-01-14T00:00:00
153669,1304,1,0.72959244,2024-01-14T00:00:00
71766,10652,1,0.7293931,2024-01-14T00:00:00
210690,60978,1,0.72927916,2024-01-14T00:00:00
221526,60978,1,0.72927916,2024-01-14T00:00:00
66915,11262,1,0.7290207,2024-01-14T00:00:00
218061,1304,1,0.7289981,2024-01-14T00:00:00
229527,44302,1,0.7288889,2024-01-14T00:00:00
172590,59822,1,0.72876203,2024-01-14T00:00:00
172590,1304,1,0.72876203,2024-01-14T00:00:00
154578,11262,1,0.7287429,2024-01-14T00:00:00
229539,39186,1,0.72858214,2024-01-14T00:00:00
211476,44302,1,0.7284592,2024-01-14T00:00:00
211476,56714,1,0.72840214,2024-01-14T00:00:00
206748,35846,1,0.72803456,2024-01-14T00:00:00
181149,30500,1,0.7276892,2024-01-14T00:00:00
154476,1372,1,0.7275597,2024-01-14T00:00:00
207339,44302,1,0.72754407,2024-01-14T00:00:00
203166,60978,1,0.7275137,2024-01-14T00:00:00
234021,60978,1,0.7273192,2024-01-14T00:00:00
213102,44302,1,0.7273062,2024-01-14T00:00:00
203829,60978,1,0.7271727,2024-01-14T00:00:00
212445,60978,1,0.7271677,2024-01-14T00:00:00
208758,50270,1,0.727146,2024-01-14T00:00:00
154881,48574,1,0.7268469,2024-01-14T00:00:00
149634,30500,1,0.72683716,2024-01-14T00:00:00
223518,30500,1,0.72683716,2024-01-14T00:00:00
208524,30500,1,0.7264702,2024-01-14T00:00:00
207999,48574,1,0.7262364,2024-01-14T00:00:00
217380,56714,1,0.72622144,2024-01-14T00:00:00
223776,1304,1,0.72622097,2024-01-14T00:00:00
229527,10652,1,0.7261905,2024-01-14T00:00:00
236973,60978,1,0.7261593,2024-01-14T00:00:00
226827,10808,1,0.72615534,2024-01-14T00:00:00
227238,10652,1,0.7260127,2024-01-14T00:00:00
206787,60978,1,0.7260067,2024-01-14T00:00:00
65631,1304,1,0.7258053,2024-01-14T00:00:00
157398,48574,1,0.72514373,2024-01-14T00:00:00
206496,56714,1,0.72511125,2024-01-14T00:00:00
191892,10652,1,0.725001,2024-01-14T00:00:00
203142,56714,1,0.7249312,2024-01-14T00:00:00
183645,11262,1,0.7248005,2024-01-14T00:00:00
229527,33886,1,0.7246792,2024-01-14T00:00:00
207330,1372,1,0.7244509,2024-01-14T00:00:00
208722,60978,1,0.7242889,2024-01-14T00:00:00
203700,33886,1,0.7242481,2024-01-14T00:00:00
212379,44302,1,0.72424155,2024-01-14T00:00:00
221115,60978,1,0.7240189,2024-01-14T00:00:00
233970,60978,1,0.72389716,2024-01-14T00:00:00
208503,60978,1,0.7235328,2024-01-14T00:00:00
207087,33886,1,0.72314847,2024-01-14T00:00:00
164457,30500,1,0.7229475,2024-01-14T00:00:00
212220,10808,1,0.7227378,2024-01-14T00:00:00
185244,1372,1,0.72267836,2024-01-14T00:00:00
195894,33886,1,0.722652,2024-01-14T00:00:00
72483,10652,1,0.7226479,2024-01-14T00:00:00
208515,30500,1,0.722571,2024-01-14T00:00:00
62817,35732,1,0.7224272,2024-01-14T00:00:00
62817,50268,1,0.7224272,2024-01-14T00:00:00
201741,33886,1,0.7223196,2024-01-14T00:00:00
231096,48574,1,0.72228396,2024-01-14T00:00:00
153303,10652,1,0.7218582,2024-01-14T00:00:00
166437,56714,1,0.7217576,2024-01-14T00:00:00
60864,48574,1,0.72171354,2024-01-14T00:00:00
203256,33886,1,0.7216701,2024-01-14T00:00:00
210114,11262,1,0.7216133,2024-01-14T00:00:00
160029,1304,1,0.7215547,2024-01-14T00:00:00
192159,30500,1,0.721491,2024-01-14T00:00:00
196302,60978,1,0.7214607,2024-01-14T00:00:00
72117,39186,1,0.72141784,2024-01-14T00:00:00
229527,50274,1,0.7213604,2024-01-14T00:00:00
210045,1304,1,0.7213247,2024-01-14T00:00:00
206376,50274,1,0.7213129,2024-01-14T00:00:00
203133,60978,1,0.7211357,2024-01-14T00:00:00
193323,33886,1,0.72109467,2024-01-14T00:00:00
25734,33886,1,0.72097665,2024-01-14T00:00:00
197286,56714,1,0.7207407,2024-01-14T00:00:00
210627,1372,1,0.7206397,2024-01-14T00:00:00
210882,10652,1,0.7206346,2024-01-14T00:00:00
65640,59822,1,0.7206014,2024-01-14T00:00:00
183576,1304,1,0.72046554,2024-01-14T00:00:00
183576,59822,1,0.72046554,2024-01-14T00:00:00
207387,1372,1,0.7201919,2024-01-14T00:00:00
194883,50270,1,0.7201842,2024-01-14T00:00:00
186882,30500,1,0.7201266,2024-01-14T00:00:00
64299,10652,1,0.7200754,2024-01-14T00:00:00
61899,35846,1,0.72004724,2024-01-14T00:00:00
75723,59822,1,0.71988595,2024-01-14T00:00:00
203811,1304,1,0.71984744,2024-01-14T00:00:00
203811,59822,1,0.71984744,2024-01-14T00:00:00
183672,11262,1,0.7198024,2024-01-14T00:00:00
154098,1304,1,0.71979237,2024-01-14T00:00:00
166128,60978,1,0.7197786,2024-01-14T00:00:00
164970,1304,1,0.71965486,2024-01-14T00:00:00
212448,48574,1,0.7195621,2024-01-14T00:00:00
203829,10652,1,0.71945035,2024-01-14T00:00:00
72900,30500,1,0.71943444,2024-01-14T00:00:00
128538,48574,1,0.71925527,2024-01-14T00:00:00
203142,33886,1,0.7190666,2024-01-14T00:00:00
208515,33886,1,0.7187661,2024-01-14T00:00:00
234030,33886,1,0.7187661,2024-01-14T00:00:00
216366,1304,1,0.71873367,2024-01-14T00:00:00
61977,1304,1,0.71873367,2024-01-14T00:00:00
206856,1304,1,0.71873367,2024-01-14T00:00:00
171372,11262,1,0.7186329,2024-01-14T00:00:00
203133,1304,1,0.71856296,2024-01-14T00:00:00
212220,33534,1,0.7185337,2024-01-14T00:00:00
197529,48574,1,0.71842945,2024-01-14T00:00:00
208500,33886,1,0.71834797,2024-01-14T00:00:00
208806,33886,1,0.71834797,2024-01-14T00:00:00
208893,33886,1,0.71834797,2024-01-14T00:00:00
171702,10652,1,0.7183334,2024-01-14T00:00:00
187839,48574,1,0.71827334,2024-01-14T00:00:00
200502,30500,1,0.71818537,2024-01-14T00:00:00
233427,1304,1,0.7181657,2024-01-14T00:00:00
230178,59822,1,0.71806395,2024-01-14T00:00:00
205821,1304,1,0.7180553,2024-01-14T00:00:00
153084,56714,1,0.7177183,2024-01-14T00:00:00
188847,59822,1,0.71758604,2024-01-14T00:00:00
188847,1304,1,0.71758604,2024-01-14T00:00:00
176403,10808,1,0.7175229,2024-01-14T00:00:00
238827,1304,1,0.7175105,2024-01-14T00:00:00
206955,59822,1,0.7175105,2024-01-14T00:00:00
186327,1304,1,0.71737576,2024-01-14T00:00:00
204222,33886,1,0.71725357,2024-01-14T00:00:00
221247,50274,1,0.71723354,2024-01-14T00:00:00
158499,1304,1,0.71718174,2024-01-14T00:00:00
197286,35732,1,0.71679217,2024-01-14T00:00:00
228438,48574,1,0.7167618,2024-01-14T00:00:00
61344,44302,1,0.7165832,2024-01-14T00:00:00
128334,59822,1,0.7165564,2024-01-14T00:00:00
206937,60978,1,0.7165041,2024-01-14T00:00:00
219021,10652,1,0.7163469,2024-01-14T00:00:00
183489,60978,1,0.7159381,2024-01-14T00:00:00
234093,50268,1,0.71588707,2024-01-14T00:00:00
210393,35732,1,0.71588707,2024-01-14T00:00:00
166995,33886,1,0.7158443,2024-01-14T00:00:00
232455,59822,1,0.71571153,2024-01-14T00:00:00
183492,50270,1,0.71570736,2024-01-14T00:00:00
204768,30500,1,0.71560144,2024-01-14T00:00:00
232827,39186,1,0.71542937,2024-01-14T00:00:00
66777,30500,1,0.7150134,2024-01-14T00:00:00
153885,1372,1,0.71494496,2024-01-14T00:00:00
203820,33886,1,0.71489465,2024-01-14T00:00:00
196302,1304,1,0.7148125,2024-01-14T00:00:00
155097,1372,1,0.71476704,2024-01-14T00:00:00
206772,1304,1,0.7146522,2024-01-14T00:00:00
206772,59822,1,0.7146522,2024-01-14T00:00:00
206964,1304,1,0.7146522,2024-01-14T00:00:00
212748,39186,1,0.71456736,2024-01-14T00:00:00
154743,1304,1,0.71456605,2024-01-14T00:00:00
182565,1372,1,0.71427107,2024-01-14T00:00:00
203133,48574,1,0.7140558,2024-01-14T00:00:00
64299,33886,1,0.71367645,2024-01-14T00:00:00
211950,30500,1,0.7130788,2024-01-14T00:00:00
224169,30500,1,0.7129581,2024-01-14T00:00:00
203451,33886,1,0.7129077,2024-01-14T00:00:00
198882,39186,1,0.7126811,2024-01-14T00:00:00
219420,10652,1,0.71261686,2024-01-14T00:00:00
219048,1304,1,0.7123734,2024-01-14T00:00:00
60870,11262,1,0.71235985,2024-01-14T00:00:00
25749,46632,1,0.7122375,2024-01-14T00:00:00
188685,30500,1,0.7122158,2024-01-14T00:00:00
217848,57804,1,0.71182895,2024-01-14T00:00:00
238068,1304,1,0.7116939,2024-01-14T00:00:00
62337,50274,1,0.71132255,2024-01-14T00:00:00
230178,11262,1,0.7112826,2024-01-14T00:00:00
66879,1372,1,0.7111479,2024-01-14T00:00:00
204522,1372,1,0.71078527,2024-01-14T00:00:00
198873,39186,1,0.7106564,2024-01-14T00:00:00
227469,1304,1,0.710572,2024-01-14T00:00:00
227469,59822,1,0.710572,2024-01-14T00:00:00
236973,1304,1,0.71050376,2024-01-14T00:00:00
203106,44302,1,0.7104201,2024-01-14T00:00:00
208476,48574,1,0.71019995,2024-01-14T00:00:00
208722,48574,1,0.71019995,2024-01-14T00:00:00
155481,60978,1,0.7101708,2024-01-14T00:00:00
179790,48574,1,0.7099449,2024-01-14T00:00:00
77484,35732,1,0.7093249,2024-01-14T00:00:00
208575,59822,1,0.7092042,2024-01-14T00:00:00
208575,1304,1,0.7092042,2024-01-14T00:00:00
230010,60978,1,0.70882297,2024-01-14T00:00:00
183468,33886,1,0.7088158,2024-01-14T00:00:00
157500,48574,1,0.70875436,2024-01-14T00:00:00
210111,1372,1,0.70861113,2024-01-14T00:00:00
188331,50270,1,0.7085836,2024-01-14T00:00:00
183213,35846,1,0.7084547,2024-01-14T00:00:00
204780,1304,1,0.70814836,2024-01-14T00:00:00
60888,50268,1,0.70780516,2024-01-14T00:00:00
203517,60978,1,0.70778185,2024-01-14T00:00:00
128502,48574,1,0.70748544,2024-01-14T00:00:00
61692,33886,1,0.7072833,2024-01-14T00:00:00
154068,1372,1,0.7072131,2024-01-14T00:00:00
140277,1304,1,0.70698744,2024-01-14T00:00:00
61899,42132,1,0.70693326,2024-01-14T00:00:00
178458,30500,1,0.70687693,2024-01-14T00:00:00
209880,48574,1,0.7067252,2024-01-14T00:00:00
72312,59822,1,0.7064722,2024-01-14T00:00:00
214968,59822,1,0.7064722,2024-01-14T00:00:00
216981,1304,1,0.7064258,2024-01-14T00:00:00
183105,50274,1,0.7064076,2024-01-14T00:00:00
222669,30500,1,0.70608217,2024-01-14T00:00:00
197673,35846,1,0.7060727,2024-01-14T00:00:00
208509,1304,1,0.70604676,2024-01-14T00:00:00
154041,48574,1,0.70579,2024-01-14T00:00:00
182292,48574,1,0.70573646,2024-01-14T00:00:00
206433,33886,1,0.7054995,2024-01-14T00:00:00
191892,42132,1,0.70542586,2024-01-14T00:00:00
192768,33886,1,0.70528406,2024-01-14T00:00:00
192771,33886,1,0.70528406,2024-01-14T00:00:00
59703,33886,1,0.70528406,2024-01-14T00:00:00
212505,33886,1,0.70528406,2024-01-14T00:00:00
203052,33886,1,0.70528406,2024-01-14T00:00:00
66378,33886,1,0.70528406,2024-01-14T00:00:00
25749,50270,1,0.704926,2024-01-14T00:00:00
193323,60978,1,0.7047501,2024-01-14T00:00:00
204276,30500,1,0.704723,2024-01-14T00:00:00
208599,30500,1,0.7046912,2024-01-14T00:00:00
96444,33886,1,0.7045967,2024-01-14T00:00:00
206448,33886,1,0.7043123,2024-01-14T00:00:00
212448,1372,1,0.7042559,2024-01-14T00:00:00
216108,10652,1,0.70395005,2024-01-14T00:00:00
233970,10652,1,0.70395005,2024-01-14T00:00:00
72108,1304,1,0.7038803,2024-01-14T00:00:00
229812,1304,1,0.7038803,2024-01-14T00:00:00
229812,59822,1,0.7038803,2024-01-14T00:00:00
232827,50268,1,0.7037928,2024-01-14T00:00:00
232827,35732,1,0.7037928,2024-01-14T00:00:00
204483,48574,1,0.7035963,2024-01-14T00:00:00
183105,39186,1,0.70355636,2024-01-14T00:00:00
162624,48574,1,0.70336807,2024-01-14T00:00:00
156063,1304,1,0.7031354,2024-01-14T00:00:00
61899,16358,1,0.70293146,2024-01-14T00:00:00
72645,1304,1,0.7028271,2024-01-14T00:00:00
72645,59822,1,0.7028271,2024-01-14T00:00:00
203259,60978,1,0.7027601,2024-01-14T00:00:00
206673,60978,1,0.7027158,2024-01-14T00:00:00
194229,50270,1,0.7027096,2024-01-14T00:00:00
234021,30500,1,0.70270044,2024-01-14T00:00:00
197799,48574,1,0.7021611,2024-01-14T00:00:00
153867,48574,1,0.7013711,2024-01-14T00:00:00
149634,1304,1,0.7013335,2024-01-14T00:00:00
223518,1304,1,0.7013335,2024-01-14T00:00:00
196455,48574,1,0.7011247,2024-01-14T00:00:00
210882,33886,1,0.701075,2024-01-14T00:00:00
210051,60978,1,0.7000319,2024-01-14T00:00:00
195723,50268,1,0.6999981,2024-01-14T00:00:00
208806,30500,1,0.699923,2024-01-14T00:00:00
203673,30500,1,0.69978386,2024-01-14T00:00:00
165762,44302,1,0.6996324,2024-01-14T00:00:00
154956,1372,1,0.6995415,2024-01-14T00:00:00
212379,57804,1,0.69916964,2024-01-14T00:00:00
154707,48574,1,0.699123,2024-01-14T00:00:00
234093,30500,1,0.699054,2024-01-14T00:00:00
192159,59822,1,0.69836134,2024-01-14T00:00:00
206364,33886,1,0.6981237,2024-01-14T00:00:00
157224,56714,1,0.69803,2024-01-14T00:00:00
220269,44302,1,0.69792944,2024-01-14T00:00:00
211761,1304,1,0.6978055,2024-01-14T00:00:00
186174,16358,1,0.69768775,2024-01-14T00:00:00
213978,57804,1,0.6976698,2024-01-14T00:00:00
165762,35846,1,0.69755185,2024-01-14T00:00:00
71766,35732,1,0.69732547,2024-01-14T00:00:00
64353,1304,1,0.6972996,2024-01-14T00:00:00
165762,16358,1,0.69724655,2024-01-14T00:00:00
208722,1304,1,0.6971225,2024-01-14T00:00:00
161667,33886,1,0.6970287,2024-01-14T00:00:00
66843,1304,1,0.69693893,2024-01-14T00:00:00
182565,30500,1,0.6968628,2024-01-14T00:00:00
212445,33886,1,0.69678175,2024-01-14T00:00:00
189045,60978,1,0.6966606,2024-01-14T00:00:00
238878,1304,1,0.6964978,2024-01-14T00:00:00
212397,1304,1,0.6962639,2024-01-14T00:00:00
172161,60978,1,0.6961949,2024-01-14T00:00:00
212430,60978,1,0.6960528,2024-01-14T00:00:00
160029,1372,1,0.69597554,2024-01-14T00:00:00
155481,1304,1,0.695645,2024-01-14T00:00:00
206442,33886,1,0.6955947,2024-01-14T00:00:00
66843,60978,1,0.69550806,2024-01-14T00:00:00
211533,16358,1,0.69526154,2024-01-14T00:00:00
153315,11262,1,0.69522923,2024-01-14T00:00:00
210627,11262,1,0.6951308,2024-01-14T00:00:00
211533,39186,1,0.69507855,2024-01-14T00:00:00
186438,1304,1,0.6950625,2024-01-14T00:00:00
198522,44302,1,0.6949918,2024-01-14T00:00:00
209637,1304,1,0.6949007,2024-01-14T00:00:00
183489,50272,1,0.69466215,2024-01-14T00:00:00
154869,1304,1,0.69436,2024-01-14T00:00:00
128334,48574,1,0.69398236,2024-01-14T00:00:00
208788,35732,1,0.69361377,2024-01-14T00:00:00
208788,50268,1,0.69361377,2024-01-14T00:00:00
188331,57804,1,0.69350535,2024-01-14T00:00:00
69060,48574,1,0.6932167,2024-01-14T00:00:00
69060,59822,1,0.6929463,2024-01-14T00:00:00
210114,1372,1,0.6928666,2024-01-14T00:00:00
206514,10652,1,0.6927351,2024-01-14T00:00:00
206484,10652,1,0.6927351,2024-01-14T00:00:00
2061063,48574,1,0.69247043,2024-01-14T00:00:00
213114,60978,1,0.69241434,2024-01-14T00:00:00
208488,33886,1,0.6924117,2024-01-14T00:00:00
229737,60978,1,0.6923349,2024-01-14T00:00:00
228729,56714,1,0.6923198,2024-01-14T00:00:00
213978,50274,1,0.6921491,2024-01-14T00:00:00
188844,10652,1,0.69212437,2024-01-14T00:00:00
206346,39186,1,0.6917573,2024-01-14T00:00:00
231057,39186,1,0.6917573,2024-01-14T00:00:00
62337,30500,1,0.69174594,2024-01-14T00:00:00
153072,33886,1,0.69143105,2024-01-14T00:00:00
212586,39186,1,0.6911707,2024-01-14T00:00:00
149634,10652,1,0.6908062,2024-01-14T00:00:00
189012,1304,1,0.69056463,2024-01-14T00:00:00
217782,1304,1,0.6905188,2024-01-14T00:00:00
204762,1304,1,0.6904704,2024-01-14T00:00:00
206952,33886,1,0.69018865,2024-01-14T00:00:00
187221,30500,1,0.6901274,2024-01-14T00:00:00
166995,60978,1,0.6895681,2024-01-14T00:00:00
227115,1304,1,0.68950737,2024-01-14T00:00:00
208347,30500,1,0.68949467,2024-01-14T00:00:00
204771,35732,1,0.68939173,2024-01-14T00:00:00
153792,1304,1,0.6893325,2024-01-14T00:00:00
160770,11262,1,0.68911,2024-01-14T00:00:00
206868,48574,1,0.68910414,2024-01-14T00:00:00
154119,59822,1,0.689074,2024-01-14T00:00:00
77484,56714,1,0.6889396,2024-01-14T00:00:00
129264,30500,1,0.6887192,2024-01-14T00:00:00
128685,60978,1,0.6885483,2024-01-14T00:00:00
204762,48574,1,0.68841785,2024-01-14T00:00:00
183195,56714,1,0.6883649,2024-01-14T00:00:00
157500,59822,1,0.68819416,2024-01-14T00:00:00
216498,16358,1,0.6880232,2024-01-14T00:00:00
171702,33886,1,0.6880168,2024-01-14T00:00:00
161667,60978,1,0.6877613,2024-01-14T00:00:00
231162,59822,1,0.6876976,2024-01-14T00:00:00
231162,1304,1,0.6876976,2024-01-14T00:00:00
165750,30500,1,0.6876679,2024-01-14T00:00:00
165726,1372,1,0.68759,2024-01-14T00:00:00
191247,35846,1,0.68754774,2024-01-14T00:00:00
155403,48574,1,0.6875097,2024-01-14T00:00:00
209976,60978,1,0.68741935,2024-01-14T00:00:00
212586,33886,1,0.68736154,2024-01-14T00:00:00
165750,33886,1,0.6871293,2024-01-14T00:00:00
211761,1372,1,0.68693227,2024-01-14T00:00:00
207618,33886,1,0.68692386,2024-01-14T00:00:00
203310,33886,1,0.6867454,2024-01-14T00:00:00
203829,50268,1,0.6864333,2024-01-14T00:00:00
188100,48574,1,0.68635225,2024-01-14T00:00:00
186174,42132,1,0.68632615,2024-01-14T00:00:00
206670,30500,1,0.6861427,2024-01-14T00:00:00
153312,48574,1,0.6861081,2024-01-14T00:00:00
165762,39186,1,0.68586504,2024-01-14T00:00:00
205722,30500,1,0.6858379,2024-01-14T00:00:00
193323,56714,1,0.68561935,2024-01-14T00:00:00
129135,48574,1,0.6854438,2024-01-14T00:00:00
216309,50268,1,0.6853373,2024-01-14T00:00:00
194229,46632,1,0.6853201,2024-01-14T00:00:00
210633,30500,1,0.68509644,2024-01-14T00:00:00
65637,30500,1,0.6848384,2024-01-14T00:00:00
69060,60978,1,0.6847708,2024-01-14T00:00:00
206673,30500,1,0.6846257,2024-01-14T00:00:00
211383,33886,1,0.6843982,2024-01-14T00:00:00
216498,35732,1,0.68438905,2024-01-14T00:00:00
206988,30500,1,0.6843008,2024-01-14T00:00:00
211527,42132,1,0.6841892,2024-01-14T00:00:00
227469,48574,1,0.6840565,2024-01-14T00:00:00
206346,33886,1,0.6839207,2024-01-14T00:00:00
183213,16358,1,0.6838808,2024-01-14T00:00:00
191247,39186,1,0.6838407,2024-01-14T00:00:00
72930,35846,1,0.68329674,2024-01-14T00:00:00
238878,48574,1,0.6831791,2024-01-14T00:00:00
206937,33886,1,0.68315315,2024-01-14T00:00:00
211533,35846,1,0.683047,2024-01-14T00:00:00
160770,1372,1,0.68280005,2024-01-14T00:00:00
197673,35732,1,0.6826955,2024-01-14T00:00:00
197673,50268,1,0.6826955,2024-01-14T00:00:00
185244,59822,1,0.68258685,2024-01-14T00:00:00
185244,1304,1,0.68258685,2024-01-14T00:00:00
155100,1304,1,0.68242073,2024-01-14T00:00:00
182565,56714,1,0.68215996,2024-01-14T00:00:00
212550,11262,1,0.68208396,2024-01-14T00:00:00
192714,48574,1,0.6818961,2024-01-14T00:00:00
203328,1304,1,0.68157697,2024-01-14T00:00:00
201798,30500,1,0.68151754,2024-01-14T00:00:00
203133,1372,1,0.68143433,2024-01-14T00:00:00
232503,60978,1,0.68139416,2024-01-14T00:00:00
227115,60978,1,0.6812884,2024-01-14T00:00:00
206697,33886,1,0.68120056,2024-01-14T00:00:00
206823,30500,1,0.6811367,2024-01-14T00:00:00
232068,35732,1,0.6810121,2024-01-14T00:00:00
60864,11262,1,0.68100107,2024-01-14T00:00:00
187806,50272,1,0.6809901,2024-01-14T00:00:00
188331,46632,1,0.6808028,2024-01-14T00:00:00
226662,44302,1,0.68069494,2024-01-14T00:00:00
206760,42132,1,0.68066454,2024-01-14T00:00:00
166002,60978,1,0.68056,2024-01-14T00:00:00
207498,56714,1,0.68053734,2024-01-14T00:00:00
167571,56714,1,0.6804262,2024-01-14T00:00:00
178230,50274,1,0.68010795,2024-01-14T00:00:00
179088,30500,1,0.6800305,2024-01-14T00:00:00
212397,48574,1,0.67990226,2024-01-14T00:00:00
187395,11262,1,0.67963696,2024-01-14T00:00:00
235842,48574,1,0.6796002,2024-01-14T00:00:00
206868,1372,1,0.6794439,2024-01-14T00:00:00
163131,56714,1,0.6792498,2024-01-14T00:00:00
234972,60978,1,0.67869556,2024-01-14T00:00:00
206868,44302,1,0.67864376,2024-01-14T00:00:00
165717,30500,1,0.6785008,2024-01-14T00:00:00
183213,42132,1,0.6784271,2024-01-14T00:00:00
175293,48574,1,0.6783475,2024-01-14T00:00:00
206343,50274,1,0.6782653,2024-01-14T00:00:00
212256,48574,1,0.6774337,2024-01-14T00:00:00
223776,1372,1,0.6772462,2024-01-14T00:00:00
196311,1304,1,0.6769224,2024-01-14T00:00:00
225669,1304,1,0.6769224,2024-01-14T00:00:00
207156,1304,1,0.6767487,2024-01-14T00:00:00
206745,1304,1,0.6767487,2024-01-14T00:00:00
195378,1304,1,0.6767487,2024-01-14T00:00:00
211947,1304,1,0.67670494,2024-01-14T00:00:00
188787,56714,1,0.67670125,2024-01-14T00:00:00
208350,33886,1,0.6765107,2024-01-14T00:00:00
154167,60978,1,0.676505,2024-01-14T00:00:00
187797,50270,1,0.67628026,2024-01-14T00:00:00
212112,56714,1,0.6761895,2024-01-14T00:00:00
196722,56714,1,0.6761895,2024-01-14T00:00:00
232614,48574,1,0.67590237,2024-01-14T00:00:00
162624,11262,1,0.6756916,2024-01-14T00:00:00
186216,48574,1,0.67563343,2024-01-14T00:00:00
192159,10652,1,0.67527175,2024-01-14T00:00:00
204276,1304,1,0.6752333,2024-01-14T00:00:00
231663,33886,1,0.6751847,2024-01-14T00:00:00
203175,39186,1,0.6744225,2024-01-14T00:00:00
171939,11262,1,0.6740952,2024-01-14T00:00:00
202818,44302,1,0.6737159,2024-01-14T00:00:00
232404,1370,1,0.673648,2024-01-14T00:00:00
153645,60978,1,0.6736344,2024-01-14T00:00:00
178458,44302,1,0.6736017,2024-01-14T00:00:00
163377,1304,1,0.6734133,2024-01-14T00:00:00
154113,48574,1,0.67332125,2024-01-14T00:00:00
206667,56714,1,0.67296284,2024-01-14T00:00:00
154890,44302,1,0.6728801,2024-01-14T00:00:00
205659,50268,1,0.6727543,2024-01-14T00:00:00
208485,1304,1,0.672469,2024-01-14T00:00:00
210834,30500,1,0.6723083,2024-01-14T00:00:00
204780,33886,1,0.6722507,2024-01-14T00:00:00
154707,60978,1,0.6720523,2024-01-14T00:00:00
214968,1372,1,0.67204046,2024-01-14T00:00:00
203256,56714,1,0.6719566,2024-01-14T00:00:00
222438,48574,1,0.67192215,2024-01-14T00:00:00
238608,48574,1,0.67187417,2024-01-14T00:00:00
153792,48574,1,0.67144746,2024-01-14T00:00:00
219522,30500,1,0.67043,2024-01-14T00:00:00
208617,60978,1,0.67030126,2024-01-14T00:00:00
206418,30500,1,0.67026544,2024-01-14T00:00:00
206421,30500,1,0.67026544,2024-01-14T00:00:00
212640,30500,1,0.67026544,2024-01-14T00:00:00
204762,30500,1,0.66990507,2024-01-14T00:00:00
212220,3382,1,0.66971534,2024-01-14T00:00:00
172503,1372,1,0.6695287,2024-01-14T00:00:00
212379,59822,1,0.669425,2024-01-14T00:00:00
212526,30500,1,0.6688707,2024-01-14T00:00:00
66465,60978,1,0.66847616,2024-01-14T00:00:00
203724,56714,1,0.6684216,2024-01-14T00:00:00
207927,1372,1,0.66819876,2024-01-14T00:00:00
212721,39186,1,0.6681526,2024-01-14T00:00:00
211527,50274,1,0.6680921,2024-01-14T00:00:00
232503,44302,1,0.66808635,2024-01-14T00:00:00
232404,10652,1,0.6680313,2024-01-14T00:00:00
68568,59822,1,0.66787356,2024-01-14T00:00:00
232404,44302,1,0.6672734,2024-01-14T00:00:00
203310,30500,1,0.66726667,2024-01-14T00:00:00
222306,30500,1,0.66726667,2024-01-14T00:00:00
207387,48574,1,0.66688114,2024-01-14T00:00:00
192756,35732,1,0.66678137,2024-01-14T00:00:00
59703,50268,1,0.66678137,2024-01-14T00:00:00
212505,35732,1,0.66678137,2024-01-14T00:00:00
63582,35732,1,0.66678137,2024-01-14T00:00:00
203058,50268,1,0.66678137,2024-01-14T00:00:00
203502,50268,1,0.66678137,2024-01-14T00:00:00
203502,35732,1,0.66678137,2024-01-14T00:00:00
229527,39186,1,0.6667572,2024-01-14T00:00:00
208539,33886,1,0.666716,2024-01-14T00:00:00
208899,33886,1,0.666716,2024-01-14T00:00:00
206433,56714,1,0.66621715,2024-01-14T00:00:00
206406,1370,1,0.6661247,2024-01-14T00:00:00
238611,48574,1,0.66610646,2024-01-14T00:00:00
2061063,60978,1,0.66596484,2024-01-14T00:00:00
188844,60978,1,0.66586804,2024-01-14T00:00:00
188937,33886,1,0.6658406,2024-01-14T00:00:00
68496,60978,1,0.66577077,2024-01-14T00:00:00
172704,50724,1,0.66553223,2024-01-14T00:00:00
154797,30500,1,0.66526866,2024-01-14T00:00:00
220269,10652,1,0.6651197,2024-01-14T00:00:00
176643,56714,1,0.6650458,2024-01-14T00:00:00
56868,35732,1,0.6649533,2024-01-14T00:00:00
226848,48574,1,0.6649216,2024-01-14T00:00:00
218265,48574,1,0.6647822,2024-01-14T00:00:00
217782,60978,1,0.66425186,2024-01-14T00:00:00
206955,30500,1,0.6639304,2024-01-14T00:00:00
80925,30500,1,0.6639138,2024-01-14T00:00:00
222906,30500,1,0.6637588,2024-01-14T00:00:00
231876,60978,1,0.66360587,2024-01-14T00:00:00
154041,56714,1,0.6635665,2024-01-14T00:00:00
191232,35732,1,0.6635066,2024-01-14T00:00:00
185244,48574,1,0.6632074,2024-01-14T00:00:00
237300,33886,1,0.6631627,2024-01-14T00:00:00
192159,48574,1,0.6627748,2024-01-14T00:00:00
153888,30500,1,0.66274744,2024-01-14T00:00:00
227310,50270,1,0.66269004,2024-01-14T00:00:00
192159,56714,1,0.6626868,2024-01-14T00:00:00
203316,30500,1,0.6626288,2024-01-14T00:00:00
205662,30500,1,0.6626288,2024-01-14T00:00:00
205905,33886,1,0.6624409,2024-01-14T00:00:00
70890,30500,1,0.6622395,2024-01-14T00:00:00
196302,30500,1,0.6622395,2024-01-14T00:00:00
172035,48574,1,0.66196173,2024-01-14T00:00:00
61977,30500,1,0.66192496,2024-01-14T00:00:00
167364,60978,1,0.66181785,2024-01-14T00:00:00
183789,10652,1,0.66181517,2024-01-14T00:00:00
129135,1304,1,0.6617552,2024-01-14T00:00:00
213102,30500,1,0.6617335,2024-01-14T00:00:00
188853,56714,1,0.6617003,2024-01-14T00:00:00
214968,48574,1,0.66169757,2024-01-14T00:00:00
227292,35732,1,0.6610558,2024-01-14T00:00:00
208758,46632,1,0.66094977,2024-01-14T00:00:00
203247,10652,1,0.66090715,2024-01-14T00:00:00
231162,44302,1,0.6607578,2024-01-14T00:00:00
128334,10652,1,0.66054696,2024-01-14T00:00:00
153960,1304,1,0.66050065,2024-01-14T00:00:00
238608,1304,1,0.6599916,2024-01-14T00:00:00
178230,57804,1,0.65998596,2024-01-14T00:00:00
234021,33886,1,0.6599477,2024-01-14T00:00:00
199242,35732,1,0.65971595,2024-01-14T00:00:00
179838,10652,1,0.6591737,2024-01-14T00:00:00
203673,39186,1,0.6590488,2024-01-14T00:00:00
211950,1372,1,0.65878385,2024-01-14T00:00:00
187797,50720,1,0.658597,2024-01-14T00:00:00
129264,60978,1,0.65844226,2024-01-14T00:00:00
210141,60978,1,0.6584105,2024-01-14T00:00:00
232827,56714,1,0.65819836,2024-01-14T00:00:00
212505,30500,1,0.65749365,2024-01-14T00:00:00
192771,30500,1,0.65749365,2024-01-14T00:00:00
210846,30500,1,0.65749365,2024-01-14T00:00:00
203502,30500,1,0.65749365,2024-01-14T00:00:00
199860,30500,1,0.65749365,2024-01-14T00:00:00
203574,30500,1,0.65749365,2024-01-14T00:00:00
129153,30500,1,0.65749365,2024-01-14T00:00:00
229521,30500,1,0.65749365,2024-01-14T00:00:00
66378,30500,1,0.65749365,2024-01-14T00:00:00
206376,50272,1,0.65746844,2024-01-14T00:00:00
156486,30500,1,0.6573676,2024-01-14T00:00:00
204762,56714,1,0.65730494,2024-01-14T00:00:00
231162,56714,1,0.6567833,2024-01-14T00:00:00
230073,35732,1,0.6567548,2024-01-14T00:00:00
203700,39186,1,0.6566714,2024-01-14T00:00:00
208545,30500,1,0.6565209,2024-01-14T00:00:00
210978,30500,1,0.65651184,2024-01-14T00:00:00
191892,50270,1,0.6563058,2024-01-14T00:00:00
212256,1372,1,0.6563042,2024-01-14T00:00:00
207996,30500,1,0.6562957,2024-01-14T00:00:00
211632,1304,1,0.65615916,2024-01-14T00:00:00
186438,1372,1,0.65598077,2024-01-14T00:00:00
165762,56714,1,0.65597117,2024-01-14T00:00:00
236766,1372,1,0.65559524,2024-01-14T00:00:00
204657,44302,1,0.6555688,2024-01-14T00:00:00
212256,30500,1,0.65536535,2024-01-14T00:00:00
203055,1304,1,0.65514874,2024-01-14T00:00:00
226623,44302,1,0.65508157,2024-01-14T00:00:00
203145,44302,1,0.6549616,2024-01-14T00:00:00
211761,60978,1,0.6548104,2024-01-14T00:00:00
68676,56714,1,0.654616,2024-01-14T00:00:00
66879,1304,1,0.65450066,2024-01-14T00:00:00
154167,30500,1,0.6543513,2024-01-14T00:00:00
211749,42132,1,0.6543254,2024-01-14T00:00:00
223389,35732,1,0.6539843,2024-01-14T00:00:00
210981,44302,1,0.65345734,2024-01-14T00:00:00
206460,1370,1,0.65342855,2024-01-14T00:00:00
228060,1370,1,0.65342855,2024-01-14T00:00:00
66465,44302,1,0.65333426,2024-01-14T00:00:00
212571,50268,1,0.65320045,2024-01-14T00:00:00
218265,1304,1,0.65311086,2024-01-14T00:00:00
218265,59822,1,0.65311086,2024-01-14T00:00:00
217494,50268,1,0.6530777,2024-01-14T00:00:00
192942,1370,1,0.6529886,2024-01-14T00:00:00
206784,1370,1,0.6529886,2024-01-14T00:00:00
210627,48574,1,0.6526898,2024-01-14T00:00:00
72045,50268,1,0.65254796,2024-01-14T00:00:00
72045,35732,1,0.65254796,2024-01-14T00:00:00
210141,56714,1,0.65250033,2024-01-14T00:00:00
214968,60978,1,0.6523624,2024-01-14T00:00:00
198210,56714,1,0.65225047,2024-01-14T00:00:00
206667,60978,1,0.652116,2024-01-14T00:00:00
166002,30500,1,0.6519127,2024-01-14T00:00:00
155097,48574,1,0.6517755,2024-01-14T00:00:00
172704,124,1,0.6515382,2024-01-14T00:00:00
69249,30500,1,0.651506,2024-01-14T00:00:00
203517,10652,1,0.6512289,2024-01-14T00:00:00
230286,56714,1,0.6510035,2024-01-14T00:00:00
153888,48574,1,0.6509924,2024-01-14T00:00:00
174279,60978,1,0.65096647,2024-01-14T00:00:00
211950,44302,1,0.6505721,2024-01-14T00:00:00
153885,48574,1,0.6505174,2024-01-14T00:00:00
208533,33886,1,0.65050274,2024-01-14T00:00:00
212256,10652,1,0.65038335,2024-01-14T00:00:00
154881,30500,1,0.6503291,2024-01-14T00:00:00
192549,50274,1,0.650271,2024-01-14T00:00:00
225747,30500,1,0.65025824,2024-01-14T00:00:00
61692,56714,1,0.6502559,2024-01-14T00:00:00
198981,56714,1,0.6501854,2024-01-14T00:00:00
66843,10652,1,0.650132,2024-01-14T00:00:00
166437,60978,1,0.65008396,2024-01-14T00:00:00
206745,60978,1,0.6499954,2024-01-14T00:00:00
195378,60978,1,0.6499954,2024-01-14T00:00:00
129081,50270,1,0.6499704,2024-01-14T00:00:00
203256,30500,1,0.6499159,2024-01-14T00:00:00
203268,30500,1,0.6499159,2024-01-14T00:00:00
69060,1372,1,0.6498037,2024-01-14T00:00:00
210120,11262,1,0.64966965,2024-01-14T00:00:00
206406,48574,1,0.649504,2024-01-14T00:00:00
155052,1304,1,0.6493942,2024-01-14T00:00:00
212301,60978,1,0.64935833,2024-01-14T00:00:00
166599,48574,1,0.6493176,2024-01-14T00:00:00
210876,48574,1,0.64926624,2024-01-14T00:00:00
61692,44302,1,0.64925516,2024-01-14T00:00:00
206937,1372,1,0.6489108,2024-01-14T00:00:00
191553,33886,1,0.6486294,2024-01-14T00:00:00
219021,30500,1,0.64854187,2024-01-14T00:00:00
61899,50272,1,0.6485048,2024-01-14T00:00:00
128469,30500,1,0.64845395,2024-01-14T00:00:00
204519,60978,1,0.64834857,2024-01-14T00:00:00
204762,1372,1,0.6480475,2024-01-14T00:00:00
229737,10652,1,0.6478497,2024-01-14T00:00:00
72918,44302,1,0.64780915,2024-01-14T00:00:00
222669,39186,1,0.6475756,2024-01-14T00:00:00
233163,33886,1,0.64747196,2024-01-14T00:00:00
203454,30500,1,0.6474329,2024-01-14T00:00:00
203301,33886,1,0.6472149,2024-01-14T00:00:00
203295,33886,1,0.6472149,2024-01-14T00:00:00
206637,30500,1,0.6471459,2024-01-14T00:00:00
182565,48574,1,0.64664114,2024-01-14T00:00:00
72483,50270,1,0.64647233,2024-01-14T00:00:00
61902,1304,1,0.6462963,2024-01-14T00:00:00
153138,30500,1,0.64612144,2024-01-14T00:00:00
183576,48574,1,0.6459374,2024-01-14T00:00:00
222669,33886,1,0.64577824,2024-01-14T00:00:00
207996,10652,1,0.645603,2024-01-14T00:00:00
206412,1370,1,0.6455738,2024-01-14T00:00:00
209793,1372,1,0.6453758,2024-01-14T00:00:00
203073,1304,1,0.6452989,2024-01-14T00:00:00
172419,59822,1,0.6447927,2024-01-14T00:00:00
202959,56714,1,0.64463174,2024-01-14T00:00:00
201564,44302,1,0.6446297,2024-01-14T00:00:00
189045,10652,1,0.64443785,2024-01-14T00:00:00
209994,60978,1,0.64433193,2024-01-14T00:00:00
206415,1370,1,0.64421964,2024-01-14T00:00:00
207114,1370,1,0.64421964,2024-01-14T00:00:00
178230,10652,1,0.6442144,2024-01-14T00:00:00
96444,56714,1,0.64406174,2024-01-14T00:00:00
211533,35732,1,0.6439353,2024-01-14T00:00:00
233163,60978,1,0.643834,2024-01-14T00:00:00
222711,1372,1,0.6437046,2024-01-14T00:00:00
237195,1372,1,0.6434448,2024-01-14T00:00:00
201837,30500,1,0.6433307,2024-01-14T00:00:00
208485,33886,1,0.6430906,2024-01-14T00:00:00
211533,50270,1,0.64296997,2024-01-14T00:00:00
154167,10652,1,0.6427895,2024-01-14T00:00:00
229527,42132,1,0.64239776,2024-01-14T00:00:00
197835,60978,1,0.6422815,2024-01-14T00:00:00
201798,48574,1,0.6421191,2024-01-14T00:00:00
227310,56714,1,0.6420582,2024-01-14T00:00:00
154011,60978,1,0.6420003,2024-01-14T00:00:00
225672,50270,1,0.6419649,2024-01-14T00:00:00
206979,35846,1,0.6418492,2024-01-14T00:00:00
203259,10652,1,0.6410482,2024-01-14T00:00:00
188730,60978,1,0.64086163,2024-01-14T00:00:00
204795,56714,1,0.6408222,2024-01-14T00:00:00
164457,1372,1,0.64079404,2024-01-14T00:00:00
229812,60978,1,0.64070165,2024-01-14T00:00:00
188853,60978,1,0.64067906,2024-01-14T00:00:00
195507,1372,1,0.64049554,2024-01-14T00:00:00
216948,56714,1,0.6403672,2024-01-14T00:00:00
175899,56714,1,0.6403499,2024-01-14T00:00:00
208893,50268,1,0.64033794,2024-01-14T00:00:00
203532,1372,1,0.64022917,2024-01-14T00:00:00
211749,50270,1,0.6402207,2024-01-14T00:00:00
237300,30500,1,0.64016986,2024-01-14T00:00:00
183105,35846,1,0.6401417,2024-01-14T00:00:00
210690,33886,1,0.6399303,2024-01-14T00:00:00
224631,60978,1,0.63952,2024-01-14T00:00:00
213102,56714,1,0.6393648,2024-01-14T00:00:00
208341,39186,1,0.63929987,2024-01-14T00:00:00
230091,39186,1,0.6380276,2024-01-14T00:00:00
203673,50268,1,0.6380017,2024-01-14T00:00:00
203673,35732,1,0.6380017,2024-01-14T00:00:00
167316,44302,1,0.63775235,2024-01-14T00:00:00
225501,16358,1,0.63758695,2024-01-14T00:00:00
208524,44302,1,0.63755846,2024-01-14T00:00:00
208506,44302,1,0.63755846,2024-01-14T00:00:00
66879,48574,1,0.63749415,2024-01-14T00:00:00
157938,30500,1,0.6373848,2024-01-14T00:00:00
225393,50272,1,0.6373062,2024-01-14T00:00:00
206514,44302,1,0.6367497,2024-01-14T00:00:00
197799,10652,1,0.6367267,2024-01-14T00:00:00
160029,56714,1,0.6365081,2024-01-14T00:00:00
224280,44302,1,0.6365026,2024-01-14T00:00:00
210882,44302,1,0.6365026,2024-01-14T00:00:00
208872,30500,1,0.63631296,2024-01-14T00:00:00
225276,11262,1,0.63627,2024-01-14T00:00:00
192942,48574,1,0.6360713,2024-01-14T00:00:00
167316,56714,1,0.6359051,2024-01-14T00:00:00
153885,10652,1,0.63553154,2024-01-14T00:00:00
210978,39186,1,0.63551366,2024-01-14T00:00:00
195723,46632,1,0.6353486,2024-01-14T00:00:00
235335,10652,1,0.63532984,2024-01-14T00:00:00
232455,44302,1,0.6353246,2024-01-14T00:00:00
187707,35732,1,0.6350208,2024-01-14T00:00:00
206979,39186,1,0.63486576,2024-01-14T00:00:00
217782,46632,1,0.6346933,2024-01-14T00:00:00
201564,50268,1,0.63462573,2024-01-14T00:00:00
156486,1304,1,0.6344338,2024-01-14T00:00:00
156486,59822,1,0.6344338,2024-01-14T00:00:00
187101,50270,1,0.6344219,2024-01-14T00:00:00
183213,33534,1,0.6340434,2024-01-14T00:00:00
232404,48574,1,0.63403505,2024-01-14T00:00:00
206406,60978,1,0.6338816,2024-01-14T00:00:00
65631,1372,1,0.63337266,2024-01-14T00:00:00
178830,44302,1,0.63318604,2024-01-14T00:00:00
154119,10652,1,0.633096,2024-01-14T00:00:00
204375,60978,1,0.63302344,2024-01-14T00:00:00
208812,10652,1,0.6325169,2024-01-14T00:00:00
213987,10652,1,0.6324641,2024-01-14T00:00:00
65637,10652,1,0.63220984,2024-01-14T00:00:00
25734,1370,1,0.6320939,2024-01-14T00:00:00
176403,35732,1,0.6320218,2024-01-14T00:00:00
207105,30500,1,0.6319046,2024-01-14T00:00:00
204189,39186,1,0.6316682,2024-01-14T00:00:00
179790,56714,1,0.63132256,2024-01-14T00:00:00
206664,60978,1,0.6310431,2024-01-14T00:00:00
153303,35732,1,0.63079095,2024-01-14T00:00:00
207927,59822,1,0.63050365,2024-01-14T00:00:00
212526,39186,1,0.6303932,2024-01-14T00:00:00
209697,56714,1,0.6302189,2024-01-14T00:00:00
206868,50268,1,0.6299531,2024-01-14T00:00:00
59703,44302,1,0.6295347,2024-01-14T00:00:00
66378,44302,1,0.6295347,2024-01-14T00:00:00
192771,44302,1,0.6295347,2024-01-14T00:00:00
203058,44302,1,0.6295347,2024-01-14T00:00:00
229521,44302,1,0.6295347,2024-01-14T00:00:00
212775,59822,1,0.62948245,2024-01-14T00:00:00
212775,1304,1,0.62948245,2024-01-14T00:00:00
66915,1304,1,0.62921476,2024-01-14T00:00:00
212571,44302,1,0.6291088,2024-01-14T00:00:00
200502,44302,1,0.62897784,2024-01-14T00:00:00
178830,10652,1,0.6287474,2024-01-14T00:00:00
206514,35732,1,0.62867576,2024-01-14T00:00:00
206514,50268,1,0.62867576,2024-01-14T00:00:00
187839,60978,1,0.6286399,2024-01-14T00:00:00
211638,59822,1,0.6285925,2024-01-14T00:00:00
222843,1304,1,0.6285925,2024-01-14T00:00:00
222843,59822,1,0.6285925,2024-01-14T00:00:00
211638,1304,1,0.6285925,2024-01-14T00:00:00
153885,60978,1,0.6285326,2024-01-14T00:00:00
204243,11262,1,0.6284395,2024-01-14T00:00:00
184485,1372,1,0.6283533,2024-01-14T00:00:00
212211,16358,1,0.6283459,2024-01-14T00:00:00
206367,30500,1,0.62820816,2024-01-14T00:00:00
208503,33886,1,0.628147,2024-01-14T00:00:00
212586,44302,1,0.6281233,2024-01-14T00:00:00
198867,50270,1,0.6279802,2024-01-14T00:00:00
206478,60978,1,0.62792975,2024-01-14T00:00:00
227238,44302,1,0.62768215,2024-01-14T00:00:00
208692,44302,1,0.62758535,2024-01-14T00:00:00
206667,1370,1,0.62746006,2024-01-14T00:00:00
209154,35732,1,0.6271156,2024-01-14T00:00:00
173796,60978,1,0.6270867,2024-01-14T00:00:00
223071,30500,1,0.62693316,2024-01-14T00:00:00
155085,30500,1,0.62691784,2024-01-14T00:00:00
212112,50268,1,0.6268896,2024-01-14T00:00:00
72645,33886,1,0.6267647,2024-01-14T00:00:00
64299,56714,1,0.62674147,2024-01-14T00:00:00
220218,60978,1,0.62662786,2024-01-14T00:00:00
228729,10652,1,0.626599,2024-01-14T00:00:00
203445,56714,1,0.62634254,2024-01-14T00:00:00
208449,11262,1,0.6262508,2024-01-14T00:00:00
206415,48574,1,0.62624776,2024-01-14T00:00:00
192564,50274,1,0.62610376,2024-01-14T00:00:00
208524,1372,1,0.62605804,2024-01-14T00:00:00
128502,44302,1,0.626022,2024-01-14T00:00:00
230286,48574,1,0.62589276,2024-01-14T00:00:00
224841,10652,1,0.6256993,2024-01-14T00:00:00
208524,56714,1,0.6253536,2024-01-14T00:00:00
203310,56714,1,0.6252587,2024-01-14T00:00:00
222306,56714,1,0.6252587,2024-01-14T00:00:00
208491,56714,1,0.6252403,2024-01-14T00:00:00
231663,30500,1,0.62515485,2024-01-14T00:00:00
206343,50272,1,0.6250282,2024-01-14T00:00:00
88920,39186,1,0.6250264,2024-01-14T00:00:00
200259,35732,1,0.6248359,2024-01-14T00:00:00
223071,48574,1,0.6246849,2024-01-14T00:00:00
179853,39186,1,0.62441945,2024-01-14T00:00:00
223518,50268,1,0.6242345,2024-01-14T00:00:00
208509,11262,1,0.6241207,2024-01-14T00:00:00
160770,60978,1,0.6240994,2024-01-14T00:00:00
165750,35846,1,0.62404895,2024-01-14T00:00:00
236655,60978,1,0.6238434,2024-01-14T00:00:00
188700,60978,1,0.62361175,2024-01-14T00:00:00
201564,10652,1,0.6236021,2024-01-14T00:00:00
153204,33886,1,0.6234532,2024-01-14T00:00:00
186174,46632,1,0.62319005,2024-01-14T00:00:00
211413,30500,1,0.62309676,2024-01-14T00:00:00
235335,60978,1,0.62280494,2024-01-14T00:00:00
206664,33886,1,0.6227627,2024-01-14T00:00:00
228060,1372,1,0.622452,2024-01-14T00:00:00
192942,1372,1,0.62241954,2024-01-14T00:00:00
203256,35732,1,0.62237215,2024-01-14T00:00:00
230331,56714,1,0.6223254,2024-01-14T00:00:00
66465,10652,1,0.62193984,2024-01-14T00:00:00
210141,10652,1,0.62183595,2024-01-14T00:00:00
235335,33886,1,0.6217975,2024-01-14T00:00:00
186378,30500,1,0.6215926,2024-01-14T00:00:00
129081,60978,1,0.62143266,2024-01-14T00:00:00
171702,39186,1,0.62133247,2024-01-14T00:00:00
163131,39186,1,0.6212145,2024-01-14T00:00:00
158658,60978,1,0.62111306,2024-01-14T00:00:00
206697,39186,1,0.62066275,2024-01-14T00:00:00
186078,10652,1,0.6206458,2024-01-14T00:00:00
205662,56714,1,0.62057936,2024-01-14T00:00:00
182565,10652,1,0.62054163,2024-01-14T00:00:00
208554,56714,1,0.62021863,2024-01-14T00:00:00
208053,1304,1,0.6197225,2024-01-14T00:00:00
163578,10652,1,0.61950624,2024-01-14T00:00:00
67056,30500,1,0.6190739,2024-01-14T00:00:00
66843,30500,1,0.6189525,2024-01-14T00:00:00
154113,30500,1,0.61879164,2024-01-14T00:00:00
60888,42132,1,0.6186518,2024-01-14T00:00:00
207345,16358,1,0.61843765,2024-01-14T00:00:00
210876,1372,1,0.61816174,2024-01-14T00:00:00
203706,10652,1,0.61800945,2024-01-14T00:00:00
206952,39186,1,0.6179384,2024-01-14T00:00:00
206478,48574,1,0.61768407,2024-01-14T00:00:00
149634,1372,1,0.61762464,2024-01-14T00:00:00
203811,60978,1,0.6176121,2024-01-14T00:00:00
187974,10652,1,0.61741513,2024-01-14T00:00:00
176472,10652,1,0.6173041,2024-01-14T00:00:00
226662,35732,1,0.6168971,2024-01-14T00:00:00
219048,1372,1,0.61638564,2024-01-14T00:00:00
230010,30500,1,0.61635196,2024-01-14T00:00:00
206439,48574,1,0.61633825,2024-01-14T00:00:00
208500,1372,1,0.61620617,2024-01-14T00:00:00
209994,10652,1,0.6161786,2024-01-14T00:00:00
154707,35732,1,0.61601657,2024-01-14T00:00:00
223968,39186,1,0.61596334,2024-01-14T00:00:00
224925,30500,1,0.6157018,2024-01-14T00:00:00
187707,33886,1,0.61554027,2024-01-14T00:00:00
184863,42132,1,0.6153998,2024-01-14T00:00:00
186177,35846,1,0.615394,2024-01-14T00:00:00
208806,44302,1,0.61536485,2024-01-14T00:00:00
154275,60978,1,0.61532605,2024-01-14T00:00:00
72918,33886,1,0.61519164,2024-01-14T00:00:00
208899,1372,1,0.6149238,2024-01-14T00:00:00
207387,56714,1,0.61473703,2024-01-14T00:00:00
186174,50268,1,0.6146229,2024-01-14T00:00:00
186174,35732,1,0.6146229,2024-01-14T00:00:00
227115,33886,1,0.6144447,2024-01-14T00:00:00
213114,33886,1,0.614385,2024-01-14T00:00:00
172503,30500,1,0.61437297,2024-01-14T00:00:00
208449,1304,1,0.6139167,2024-01-14T00:00:00
184950,30500,1,0.6136926,2024-01-14T00:00:00
215517,1370,1,0.61338896,2024-01-14T00:00:00
203502,10652,1,0.61334014,2024-01-14T00:00:00
192771,10652,1,0.61334014,2024-01-14T00:00:00
229521,10652,1,0.61334014,2024-01-14T00:00:00
203301,30500,1,0.61293286,2024-01-14T00:00:00
210876,60978,1,0.61290044,2024-01-14T00:00:00
198882,46632,1,0.6128785,2024-01-14T00:00:00
215517,1372,1,0.6128737,2024-01-14T00:00:00
212448,50268,1,0.6128585,2024-01-14T00:00:00
219132,35732,1,0.612692,2024-01-14T00:00:00
219132,50268,1,0.612692,2024-01-14T00:00:00
206415,1372,1,0.6124519,2024-01-14T00:00:00
194904,46632,1,0.6124105,2024-01-14T00:00:00
204144,30500,1,0.61208946,2024-01-14T00:00:00
203724,35846,1,0.6120365,2024-01-14T00:00:00
155052,48574,1,0.6119734,2024-01-14T00:00:00
203871,48574,1,0.61197,2024-01-14T00:00:00
206991,60978,1,0.61187494,2024-01-14T00:00:00
222438,30500,1,0.61178756,2024-01-14T00:00:00
206838,60978,1,0.6116027,2024-01-14T00:00:00
207129,60978,1,0.6116027,2024-01-14T00:00:00
213987,44302,1,0.61156535,2024-01-14T00:00:00
207129,56714,1,0.6113655,2024-01-14T00:00:00
206838,56714,1,0.6113655,2024-01-14T00:00:00
221247,57804,1,0.61114144,2024-01-14T00:00:00
206412,1372,1,0.61095643,2024-01-14T00:00:00
204657,56714,1,0.61089325,2024-01-14T00:00:00
192159,1372,1,0.6108923,2024-01-14T00:00:00
208533,56714,1,0.6107672,2024-01-14T00:00:00
72930,50720,1,0.61050695,2024-01-14T00:00:00
224208,57804,1,0.6102853,2024-01-14T00:00:00
204780,48574,1,0.61009055,2024-01-14T00:00:00
208341,50268,1,0.6097966,2024-01-14T00:00:00
208341,35732,1,0.6097966,2024-01-14T00:00:00
215985,1372,1,0.60970676,2024-01-14T00:00:00
198882,35846,1,0.60947764,2024-01-14T00:00:00
208599,56714,1,0.609357,2024-01-14T00:00:00
230091,50270,1,0.6090237,2024-01-14T00:00:00
210876,30500,1,0.6089723,2024-01-14T00:00:00
191247,35732,1,0.60895693,2024-01-14T00:00:00
206343,16358,1,0.6087021,2024-01-14T00:00:00
207999,35732,1,0.6085378,2024-01-14T00:00:00
211473,60978,1,0.60849786,2024-01-14T00:00:00
154245,33886,1,0.60834897,2024-01-14T00:00:00
217752,35732,1,0.6079362,2024-01-14T00:00:00
157224,30500,1,0.60791105,2024-01-14T00:00:00
238827,33886,1,0.6076817,2024-01-14T00:00:00
208545,44302,1,0.6076499,2024-01-14T00:00:00
208899,44302,1,0.6076499,2024-01-14T00:00:00
154098,48574,1,0.6074806,2024-01-14T00:00:00
203106,1372,1,0.60740507,2024-01-14T00:00:00
208488,44302,1,0.60740495,2024-01-14T00:00:00
235191,50268,1,0.6070707,2024-01-14T00:00:00
227469,35732,1,0.60685325,2024-01-14T00:00:00
227469,10652,1,0.6065998,2024-01-14T00:00:00
196455,30500,1,0.60658693,2024-01-14T00:00:00
192735,60978,1,0.60653096,2024-01-14T00:00:00
213114,56714,1,0.6063691,2024-01-14T00:00:00
186378,60978,1,0.60634154,2024-01-14T00:00:00
238068,10652,1,0.60624725,2024-01-14T00:00:00
164640,11262,1,0.60624665,2024-01-14T00:00:00
227664,44302,1,0.6058786,2024-01-14T00:00:00
70890,33886,1,0.6058757,2024-01-14T00:00:00
163377,48574,1,0.6058146,2024-01-14T00:00:00
153204,10652,1,0.6058035,2024-01-14T00:00:00
61977,33886,1,0.60554,2024-01-14T00:00:00
212379,50272,1,0.6055011,2024-01-14T00:00:00
61344,35846,1,0.6054843,2024-01-14T00:00:00
188100,60978,1,0.6053242,2024-01-14T00:00:00
62817,10808,1,0.6053204,2024-01-14T00:00:00
61692,50270,1,0.6052312,2024-01-14T00:00:00
193323,35846,1,0.604984,2024-01-14T00:00:00
191553,60978,1,0.60432655,2024-01-14T00:00:00
72645,48574,1,0.6039813,2024-01-14T00:00:00
183573,35732,1,0.60396147,2024-01-14T00:00:00
203274,50268,1,0.603855,2024-01-14T00:00:00
203451,50268,1,0.603855,2024-01-14T00:00:00
201564,30500,1,0.60372293,2024-01-14T00:00:00
220728,50272,1,0.6034795,2024-01-14T00:00:00
211473,33886,1,0.60337216,2024-01-14T00:00:00
206952,35732,1,0.6026852,2024-01-14T00:00:00
203295,1372,1,0.6023742,2024-01-14T00:00:00
238689,1372,1,0.6023742,2024-01-14T00:00:00
230010,56714,1,0.6022047,2024-01-14T00:00:00
157767,50268,1,0.6021792,2024-01-14T00:00:00
157767,35732,1,0.6021792,2024-01-14T00:00:00
154956,48574,1,0.6020082,2024-01-14T00:00:00
226623,30500,1,0.6015564,2024-01-14T00:00:00
194388,56714,1,0.60122705,2024-01-14T00:00:00
236766,56714,1,0.60122705,2024-01-14T00:00:00
165717,35846,1,0.6005036,2024-01-14T00:00:00
184698,1304,1,0.6002558,2024-01-14T00:00:00
216498,44302,1,0.60010177,2024-01-14T00:00:00
206418,60978,1,0.6000288,2024-01-14T00:00:00
212640,60978,1,0.6000288,2024-01-14T00:00:00
203871,60978,1,0.5999598,2024-01-14T00:00:00
221115,56714,1,0.59963405,2024-01-14T00:00:00
211527,50272,1,0.5995673,2024-01-14T00:00:00
153141,1372,1,0.599318,2024-01-14T00:00:00
238887,10652,1,0.59917474,2024-01-14T00:00:00
238068,33886,1,0.5990621,2024-01-14T00:00:00
188604,35732,1,0.5990271,2024-01-14T00:00:00
203706,35732,1,0.5990248,2024-01-14T00:00:00
204795,35846,1,0.59902024,2024-01-14T00:00:00
234018,1372,1,0.5984708,2024-01-14T00:00:00
210627,1304,1,0.59824574,2024-01-14T00:00:00
189012,11262,1,0.59798366,2024-01-14T00:00:00
165717,39186,1,0.59797674,2024-01-14T00:00:00
156063,11262,1,0.5978558,2024-01-14T00:00:00
206988,60978,1,0.5977965,2024-01-14T00:00:00
204411,10652,1,0.59761506,2024-01-14T00:00:00
165726,30500,1,0.5975461,2024-01-14T00:00:00
158610,60978,1,0.597216,2024-01-14T00:00:00
234018,30500,1,0.5970749,2024-01-14T00:00:00
166029,30500,1,0.59682935,2024-01-14T00:00:00
238878,11262,1,0.59620154,2024-01-14T00:00:00
187839,10652,1,0.5961919,2024-01-14T00:00:00
211473,56714,1,0.5961509,2024-01-14T00:00:00
231663,60978,1,0.59588134,2024-01-14T00:00:00
72483,39186,1,0.59570736,2024-01-14T00:00:00
229527,16358,1,0.5954633,2024-01-14T00:00:00
207345,46632,1,0.5951665,2024-01-14T00:00:00
175899,30500,1,0.5950635,2024-01-14T00:00:00
195723,50270,1,0.59441763,2024-01-14T00:00:00
186933,50270,1,0.59368056,2024-01-14T00:00:00
208617,30500,1,0.5934459,2024-01-14T00:00:00
204780,60978,1,0.5931887,2024-01-14T00:00:00
227115,30500,1,0.5930705,2024-01-14T00:00:00
208506,10652,1,0.5929401,2024-01-14T00:00:00
207600,44302,1,0.5925232,2024-01-14T00:00:00
205107,1370,1,0.5922812,2024-01-14T00:00:00
172503,48574,1,0.5921015,2024-01-14T00:00:00
208476,30500,1,0.59200084,2024-01-14T00:00:00
222438,10652,1,0.59128904,2024-01-14T00:00:00
210876,33886,1,0.59113663,2024-01-14T00:00:00
156057,36722,1,0.5911311,2024-01-14T00:00:00
156057,36720,1,0.5911311,2024-01-14T00:00:00
163554,50274,1,0.5911139,2024-01-14T00:00:00
195378,48574,1,0.5911077,2024-01-14T00:00:00
207096,48574,1,0.5911077,2024-01-14T00:00:00
163044,30500,1,0.59055924,2024-01-14T00:00:00
207618,10652,1,0.590263,2024-01-14T00:00:00
192549,46632,1,0.5896852,2024-01-14T00:00:00
214968,33886,1,0.5895944,2024-01-14T00:00:00
72312,33886,1,0.5895944,2024-01-14T00:00:00
233559,35732,1,0.5895771,2024-01-14T00:00:00
183363,30500,1,0.5892187,2024-01-14T00:00:00
208761,35732,1,0.5890897,2024-01-14T00:00:00
200502,35732,1,0.5890897,2024-01-14T00:00:00
208761,50268,1,0.5890897,2024-01-14T00:00:00
203439,30500,1,0.58878016,2024-01-14T00:00:00
205812,10652,1,0.5887702,2024-01-14T00:00:00
186378,10652,1,0.5887478,2024-01-14T00:00:00
219021,56714,1,0.5885869,2024-01-14T00:00:00
226848,30500,1,0.5885781,2024-01-14T00:00:00
232029,56714,1,0.5885527,2024-01-14T00:00:00
178257,56714,1,0.58835775,2024-01-14T00:00:00
211767,60978,1,0.588287,2024-01-14T00:00:00
206412,30500,1,0.5882864,2024-01-14T00:00:00
213513,33886,1,0.58762366,2024-01-14T00:00:00
176643,60978,1,0.5875575,2024-01-14T00:00:00
213102,39186,1,0.5873597,2024-01-14T00:00:00
203082,10652,1,0.5873217,2024-01-14T00:00:00
203661,56714,1,0.5871765,2024-01-14T00:00:00
206952,44302,1,0.5871709,2024-01-14T00:00:00
153645,57804,1,0.58709484,2024-01-14T00:00:00
219021,44302,1,0.58657676,2024-01-14T00:00:00
65631,10652,1,0.58639157,2024-01-14T00:00:00
207087,50274,1,0.5861279,2024-01-14T00:00:00
233163,35732,1,0.58608127,2024-01-14T00:00:00
233163,50268,1,0.58608127,2024-01-14T00:00:00
220269,50274,1,0.58580816,2024-01-14T00:00:00
2061063,30500,1,0.58551264,2024-01-14T00:00:00
153141,1304,1,0.5854173,2024-01-14T00:00:00
222438,60978,1,0.58489954,2024-01-14T00:00:00
154758,44302,1,0.5844462,2024-01-14T00:00:00
199242,16358,1,0.5838426,2024-01-14T00:00:00
206988,35846,1,0.5838203,2024-01-14T00:00:00
67740,60978,1,0.5838148,2024-01-14T00:00:00
68676,60978,1,0.58351547,2024-01-14T00:00:00
193323,35732,1,0.58335626,2024-01-14T00:00:00
204189,44302,1,0.58283937,2024-01-14T00:00:00
159831,48574,1,0.58262646,2024-01-14T00:00:00
205722,56714,1,0.58249277,2024-01-14T00:00:00
238263,39186,1,0.581783,2024-01-14T00:00:00
228687,60978,1,0.58097655,2024-01-14T00:00:00
206349,35732,1,0.580572,2024-01-14T00:00:00
195378,1372,1,0.5798086,2024-01-14T00:00:00
88821,50268,1,0.57938296,2024-01-14T00:00:00
165744,33886,1,0.5792327,2024-01-14T00:00:00
231459,39186,1,0.5786009,2024-01-14T00:00:00
154146,30500,1,0.5782041,2024-01-14T00:00:00
69060,30500,1,0.5772201,2024-01-14T00:00:00
207105,33886,1,0.5769408,2024-01-14T00:00:00
203247,35732,1,0.57683724,2024-01-14T00:00:00
204762,35732,1,0.57679677,2024-01-14T00:00:00
204762,50268,1,0.57679677,2024-01-14T00:00:00
187224,60978,1,0.5764954,2024-01-14T00:00:00
155085,10652,1,0.57634676,2024-01-14T00:00:00
205107,48574,1,0.5763045,2024-01-14T00:00:00
212445,50274,1,0.5760732,2024-01-14T00:00:00
153885,56714,1,0.5760393,2024-01-14T00:00:00
65640,56714,1,0.5758635,2024-01-14T00:00:00
206637,33886,1,0.57582206,2024-01-14T00:00:00
203166,44302,1,0.57573485,2024-01-14T00:00:00
197286,39186,1,0.5755651,2024-01-14T00:00:00
203532,33886,1,0.5753272,2024-01-14T00:00:00
203706,33886,1,0.5753272,2024-01-14T00:00:00
187839,56714,1,0.5751161,2024-01-14T00:00:00
206952,10652,1,0.5748449,2024-01-14T00:00:00
206421,1370,1,0.57447714,2024-01-14T00:00:00
164457,48574,1,0.5743525,2024-01-14T00:00:00
128901,50268,1,0.57420325,2024-01-14T00:00:00
172419,30500,1,0.5740995,2024-01-14T00:00:00
211527,57804,1,0.5738054,2024-01-14T00:00:00
206451,50268,1,0.5737849,2024-01-14T00:00:00
153960,48574,1,0.5737038,2024-01-14T00:00:00
224169,60978,1,0.5735994,2024-01-14T00:00:00
194082,56714,1,0.57358587,2024-01-14T00:00:00
178830,35732,1,0.57291657,2024-01-14T00:00:00
206667,48574,1,0.57276046,2024-01-14T00:00:00
224208,50268,1,0.57269746,2024-01-14T00:00:00
206760,57804,1,0.5725187,2024-01-14T00:00:00
210186,57804,1,0.5725187,2024-01-14T00:00:00
185244,11262,1,0.5725006,2024-01-14T00:00:00
222306,1372,1,0.5723933,2024-01-14T00:00:00
203310,1372,1,0.5723933,2024-01-14T00:00:00
61692,39186,1,0.5722458,2024-01-14T00:00:00
206940,10808,1,0.57197696,2024-01-14T00:00:00
207498,60978,1,0.5715516,2024-01-14T00:00:00
206823,1370,1,0.57142115,2024-01-14T00:00:00
212469,10652,1,0.57133406,2024-01-14T00:00:00
186882,56714,1,0.5712308,2024-01-14T00:00:00
203301,10652,1,0.5712153,2024-01-14T00:00:00
209184,39186,1,0.5710209,2024-01-14T00:00:00
210843,35846,1,0.5709913,2024-01-14T00:00:00
211761,33886,1,0.5709336,2024-01-14T00:00:00
212430,35732,1,0.5699345,2024-01-14T00:00:00
212430,50268,1,0.5699345,2024-01-14T00:00:00
203094,30500,1,0.5697451,2024-01-14T00:00:00
220218,10652,1,0.56964207,2024-01-14T00:00:00
234093,50270,1,0.5693743,2024-01-14T00:00:00
186990,30500,1,0.5687653,2024-01-14T00:00:00
236226,33534,1,0.5686646,2024-01-14T00:00:00
206937,39186,1,0.56854594,2024-01-14T00:00:00
228753,33886,1,0.568478,2024-01-14T00:00:00
206355,33886,1,0.5684364,2024-01-14T00:00:00
194208,33886,1,0.5684364,2024-01-14T00:00:00
212220,54290,1,0.5684169,2024-01-14T00:00:00
233970,56714,1,0.5682663,2024-01-14T00:00:00
217620,60978,1,0.5682113,2024-01-14T00:00:00
66843,44302,1,0.56799346,2024-01-14T00:00:00
165927,44302,1,0.56787866,2024-01-14T00:00:00
206673,1370,1,0.5671842,2024-01-14T00:00:00
224169,10652,1,0.5670096,2024-01-14T00:00:00
224925,39186,1,0.56667846,2024-01-14T00:00:00
237300,1372,1,0.5665822,2024-01-14T00:00:00
224631,10652,1,0.5664179,2024-01-14T00:00:00
61977,56714,1,0.56627166,2024-01-14T00:00:00
206442,35732,1,0.5659856,2024-01-14T00:00:00
206850,30500,1,0.56594527,2024-01-14T00:00:00
161667,56714,1,0.5659224,2024-01-14T00:00:00
206847,56714,1,0.5657118,2024-01-14T00:00:00
174468,35846,1,0.5657101,2024-01-14T00:00:00
205662,1372,1,0.565671,2024-01-14T00:00:00
203820,39186,1,0.5656,2024-01-14T00:00:00
88920,44302,1,0.5655672,2024-01-14T00:00:00
179088,60978,1,0.5654418,2024-01-14T00:00:00
206952,48574,1,0.5651703,2024-01-14T00:00:00
188196,1372,1,0.5649184,2024-01-14T00:00:00
205107,1372,1,0.5648975,2024-01-14T00:00:00
219132,30500,1,0.5647523,2024-01-14T00:00:00
196845,35846,1,0.5646801,2024-01-14T00:00:00
194229,124,1,0.56435716,2024-01-14T00:00:00
179088,33886,1,0.564089,2024-01-14T00:00:00
183789,30500,1,0.56398714,2024-01-14T00:00:00
206748,50272,1,0.5634906,2024-01-14T00:00:00
238608,30500,1,0.5634905,2024-01-14T00:00:00
238218,33886,1,0.56345063,2024-01-14T00:00:00
207087,39186,1,0.5633768,2024-01-14T00:00:00
65640,48574,1,0.5632662,2024-01-14T00:00:00
229539,50270,1,0.56325316,2024-01-14T00:00:00
154803,10652,1,0.5632007,2024-01-14T00:00:00
191247,42132,1,0.56313115,2024-01-14T00:00:00
60888,10808,1,0.56312096,2024-01-14T00:00:00
66465,46632,1,0.5630148,2024-01-14T00:00:00
212445,44302,1,0.5628156,2024-01-14T00:00:00
212301,1370,1,0.56261593,2024-01-14T00:00:00
154698,10808,1,0.56248075,2024-01-14T00:00:00
61482,44302,1,0.562311,2024-01-14T00:00:00
207084,60978,1,0.5621685,2024-01-14T00:00:00
206664,48574,1,0.56195635,2024-01-14T00:00:00
62817,50272,1,0.5618982,2024-01-14T00:00:00
64218,44302,1,0.5617349,2024-01-14T00:00:00
164457,56714,1,0.5616438,2024-01-14T00:00:00
206952,1370,1,0.56099856,2024-01-14T00:00:00
186951,60978,1,0.56074065,2024-01-14T00:00:00
161208,10652,1,0.5598849,2024-01-14T00:00:00
179853,44302,1,0.55965966,2024-01-14T00:00:00
206625,60978,1,0.55935955,2024-01-14T00:00:00
186951,10652,1,0.5593378,2024-01-14T00:00:00
196302,39186,1,0.5593232,2024-01-14T00:00:00
60888,46632,1,0.5593034,2024-01-14T00:00:00
179838,35846,1,0.5590823,2024-01-14T00:00:00
212301,1372,1,0.55864525,2024-01-14T00:00:00
153885,33886,1,0.5585612,2024-01-14T00:00:00
72045,42132,1,0.5584227,2024-01-14T00:00:00
187101,35846,1,0.558212,2024-01-14T00:00:00
206514,42132,1,0.55805707,2024-01-14T00:00:00
211140,57804,1,0.5580396,2024-01-14T00:00:00
206697,10652,1,0.55796635,2024-01-14T00:00:00
234018,35732,1,0.5576431,2024-01-14T00:00:00
207078,56714,1,0.55736464,2024-01-14T00:00:00
210897,56714,1,0.55736464,2024-01-14T00:00:00
206784,30500,1,0.5570635,2024-01-14T00:00:00
68676,33886,1,0.556941,2024-01-14T00:00:00
184509,60978,1,0.55668956,2024-01-14T00:00:00
221247,10808,1,0.55664945,2024-01-14T00:00:00
203517,30500,1,0.55655336,2024-01-14T00:00:00
234018,44302,1,0.5561596,2024-01-14T00:00:00
165717,56714,1,0.5561395,2024-01-14T00:00:00
157500,60978,1,0.5561194,2024-01-14T00:00:00
203310,44302,1,0.55588883,2024-01-14T00:00:00
173940,10652,1,0.55587417,2024-01-14T00:00:00
206367,33886,1,0.5556847,2024-01-14T00:00:00
205821,50270,1,0.5555794,2024-01-14T00:00:00
208488,1372,1,0.5551378,2024-01-14T00:00:00
65631,60978,1,0.5549754,2024-01-14T00:00:00
203871,50268,1,0.5549358,2024-01-14T00:00:00
204276,48574,1,0.5546654,2024-01-14T00:00:00
59700,60978,1,0.5546261,2024-01-14T00:00:00
210882,39186,1,0.55454385,2024-01-14T00:00:00
227295,35732,1,0.5544218,2024-01-14T00:00:00
205659,56714,1,0.5541742,2024-01-14T00:00:00
192159,44302,1,0.5541676,2024-01-14T00:00:00
208473,60978,1,0.55376774,2024-01-14T00:00:00
206952,1372,1,0.55303794,2024-01-14T00:00:00
204189,16358,1,0.5529627,2024-01-14T00:00:00
220179,60978,1,0.5528133,2024-01-14T00:00:00
175266,33886,1,0.5527035,2024-01-14T00:00:00
206304,56714,1,0.5523513,2024-01-14T00:00:00
206670,1372,1,0.55225694,2024-01-14T00:00:00
186987,33886,1,0.55213094,2024-01-14T00:00:00
194790,16358,1,0.5519603,2024-01-14T00:00:00
25749,35846,1,0.5518194,2024-01-14T00:00:00
207087,35732,1,0.5518187,2024-01-14T00:00:00
203316,44302,1,0.5516544,2024-01-14T00:00:00
208488,56714,1,0.5516487,2024-01-14T00:00:00
72045,50270,1,0.55132747,2024-01-14T00:00:00
230331,33886,1,0.55118066,2024-01-14T00:00:00
211641,30500,1,0.55112386,2024-01-14T00:00:00
156225,60978,1,0.55108076,2024-01-14T00:00:00
128526,35846,1,0.55094093,2024-01-14T00:00:00
221610,60978,1,0.5506568,2024-01-14T00:00:00
230010,39186,1,0.55033565,2024-01-14T00:00:00
188196,59822,1,0.54983115,2024-01-14T00:00:00
236655,10652,1,0.54980016,2024-01-14T00:00:00
176319,30500,1,0.5496216,2024-01-14T00:00:00
231876,33886,1,0.54908395,2024-01-14T00:00:00
207240,44302,1,0.54903895,2024-01-14T00:00:00
198573,50720,1,0.54888815,2024-01-14T00:00:00
65631,48574,1,0.54881245,2024-01-14T00:00:00
238032,10808,1,0.54862577,2024-01-14T00:00:00
203199,39186,1,0.54846334,2024-01-14T00:00:00
206838,35846,1,0.54844,2024-01-14T00:00:00
236520,50274,1,0.5479176,2024-01-14T00:00:00
72918,39186,1,0.54789114,2024-01-14T00:00:00
203439,44302,1,0.54725987,2024-01-14T00:00:00
203727,50268,1,0.5466498,2024-01-14T00:00:00
167451,10652,1,0.5465585,2024-01-14T00:00:00
162603,33886,1,0.5460262,2024-01-14T00:00:00
68568,60978,1,0.5457581,2024-01-14T00:00:00
203709,30500,1,0.5454647,2024-01-14T00:00:00
208872,56714,1,0.545426,2024-01-14T00:00:00
207390,33886,1,0.5451569,2024-01-14T00:00:00
183105,36720,1,0.5451377,2024-01-14T00:00:00
231663,10652,1,0.5449227,2024-01-14T00:00:00
206943,48574,1,0.5448119,2024-01-14T00:00:00
211524,3382,1,0.5447887,2024-01-14T00:00:00
191553,35732,1,0.54438263,2024-01-14T00:00:00
128685,56714,1,0.5439435,2024-01-14T00:00:00
88920,35732,1,0.5434998,2024-01-14T00:00:00
187806,124,1,0.54255915,2024-01-14T00:00:00
217848,50724,1,0.5421747,2024-01-14T00:00:00
206418,35846,1,0.5411155,2024-01-14T00:00:00
25743,35732,1,0.5406394,2024-01-14T00:00:00
155085,60978,1,0.5406005,2024-01-14T00:00:00
140277,60978,1,0.54027164,2024-01-14T00:00:00
208488,50268,1,0.5395426,2024-01-14T00:00:00
153813,35732,1,0.5392605,2024-01-14T00:00:00
238032,3382,1,0.5391765,2024-01-14T00:00:00
155100,48574,1,0.5390428,2024-01-14T00:00:00
206673,50268,1,0.5389588,2024-01-14T00:00:00
204189,35732,1,0.5386827,2024-01-14T00:00:00
184698,1372,1,0.5383812,2024-01-14T00:00:00
184485,35846,1,0.5381952,2024-01-14T00:00:00
186384,48574,1,0.53792596,2024-01-14T00:00:00
206799,1372,1,0.5375249,2024-01-14T00:00:00
207129,1372,1,0.5374964,2024-01-14T00:00:00
206838,1372,1,0.5374964,2024-01-14T00:00:00
154797,60978,1,0.5373913,2024-01-14T00:00:00
209637,56714,1,0.53704524,2024-01-14T00:00:00
154881,10652,1,0.53676987,2024-01-14T00:00:00
228753,35732,1,0.5366613,2024-01-14T00:00:00
208545,56714,1,0.5364964,2024-01-14T00:00:00
220179,33886,1,0.5360902,2024-01-14T00:00:00
65328,30500,1,0.5360814,2024-01-14T00:00:00
216108,39186,1,0.53493404,2024-01-14T00:00:00
217782,33886,1,0.5348146,2024-01-14T00:00:00
183576,60978,1,0.5347967,2024-01-14T00:00:00
234021,35732,1,0.53469425,2024-01-14T00:00:00
153141,48574,1,0.53461057,2024-01-14T00:00:00
212337,30500,1,0.534041,2024-01-14T00:00:00
208899,56714,1,0.53375673,2024-01-14T00:00:00
208539,56714,1,0.53375673,2024-01-14T00:00:00
206748,57804,1,0.5329968,2024-01-14T00:00:00
186933,50272,1,0.5329539,2024-01-14T00:00:00
208554,44302,1,0.5327538,2024-01-14T00:00:00
203178,35846,1,0.53223604,2024-01-14T00:00:00
229521,1372,1,0.5320631,2024-01-14T00:00:00
59703,1372,1,0.5320631,2024-01-14T00:00:00
203574,1372,1,0.5320631,2024-01-14T00:00:00
224841,35732,1,0.53194976,2024-01-14T00:00:00
210045,48574,1,0.5317489,2024-01-14T00:00:00
210843,48574,1,0.5313266,2024-01-14T00:00:00
210834,44302,1,0.5310179,2024-01-14T00:00:00
188331,10808,1,0.5308962,2024-01-14T00:00:00
183213,10808,1,0.5308397,2024-01-14T00:00:00
220632,60978,1,0.5304858,2024-01-14T00:00:00
204144,60978,1,0.53044724,2024-01-14T00:00:00
207267,48574,1,0.52971846,2024-01-14T00:00:00
179496,56714,1,0.5296334,2024-01-14T00:00:00
60882,46632,1,0.52921385,2024-01-14T00:00:00
197802,44302,1,0.5287561,2024-01-14T00:00:00
212301,30500,1,0.5285357,2024-01-14T00:00:00
219450,30500,1,0.52836084,2024-01-14T00:00:00
154275,56714,1,0.5282851,2024-01-14T00:00:00
212775,30500,1,0.5280927,2024-01-14T00:00:00
232455,16358,1,0.5276164,2024-01-14T00:00:00
204189,42132,1,0.5273577,2024-01-14T00:00:00
195507,30500,1,0.5272424,2024-01-14T00:00:00
227310,39186,1,0.52698296,2024-01-14T00:00:00
187707,42132,1,0.5269773,2024-01-14T00:00:00
213114,50268,1,0.52680385,2024-01-14T00:00:00
198981,33886,1,0.52666646,2024-01-14T00:00:00
213114,48574,1,0.5266466,2024-01-14T00:00:00
208599,35846,1,0.5266191,2024-01-14T00:00:00
232503,50268,1,0.5265707,2024-01-14T00:00:00
212640,48574,1,0.5263554,2024-01-14T00:00:00
212721,42132,1,0.52633303,2024-01-14T00:00:00
197799,1372,1,0.52539283,2024-01-14T00:00:00
154881,60978,1,0.5251331,2024-01-14T00:00:00
153315,60978,1,0.5250989,2024-01-14T00:00:00
183672,10652,1,0.5249427,2024-01-14T00:00:00
222843,1372,1,0.5244019,2024-01-14T00:00:00
153288,33886,1,0.5242756,2024-01-14T00:00:00
206955,35846,1,0.52418095,2024-01-14T00:00:00
203310,50268,1,0.52372813,2024-01-14T00:00:00
191892,35732,1,0.5237266,2024-01-14T00:00:00
224208,50272,1,0.5231741,2024-01-14T00:00:00
156057,16358,1,0.522809,2024-01-14T00:00:00
235842,10652,1,0.52274734,2024-01-14T00:00:00
153867,60978,1,0.5224305,2024-01-14T00:00:00
183489,51974,1,0.5223324,2024-01-14T00:00:00
216564,57804,1,0.5223048,2024-01-14T00:00:00
193323,10652,1,0.52176297,2024-01-14T00:00:00
198522,50270,1,0.5215208,2024-01-14T00:00:00
188331,16358,1,0.52129626,2024-01-14T00:00:00
224208,10808,1,0.52127546,2024-01-14T00:00:00
212748,46632,1,0.5208741,2024-01-14T00:00:00
77484,35846,1,0.52038884,2024-01-14T00:00:00
237300,35732,1,0.52027917,2024-01-14T00:00:00
237300,50268,1,0.52027917,2024-01-14T00:00:00
216108,35732,1,0.52011794,2024-01-14T00:00:00
157398,33886,1,0.52005166,2024-01-14T00:00:00
166599,10652,1,0.5199571,2024-01-14T00:00:00
223104,33886,1,0.5199111,2024-01-14T00:00:00
216948,50268,1,0.5199013,2024-01-14T00:00:00
202818,50274,1,0.5196236,2024-01-14T00:00:00
229527,36722,1,0.5196152,2024-01-14T00:00:00
187974,35846,1,0.51959276,2024-01-14T00:00:00
154758,16358,1,0.5193894,2024-01-14T00:00:00
204375,30500,1,0.5192334,2024-01-14T00:00:00
201282,39186,1,0.51906204,2024-01-14T00:00:00
165183,10652,1,0.51904243,2024-01-14T00:00:00
219048,10652,1,0.5190073,2024-01-14T00:00:00
211527,33534,1,0.51890486,2024-01-14T00:00:00
219456,30500,1,0.51853764,2024-01-14T00:00:00
221115,39186,1,0.518328,2024-01-14T00:00:00
204144,56714,1,0.5183162,2024-01-14T00:00:00
210690,44302,1,0.51827973,2024-01-14T00:00:00
192618,60978,1,0.5181402,2024-01-14T00:00:00
167451,35732,1,0.51757276,2024-01-14T00:00:00
167451,50268,1,0.51757276,2024-01-14T00:00:00
212775,48574,1,0.51751673,2024-01-14T00:00:00
204093,60978,1,0.5172594,2024-01-14T00:00:00
229539,50274,1,0.5170857,2024-01-14T00:00:00
187221,60978,1,0.5168317,2024-01-14T00:00:00
225501,35732,1,0.5166086,2024-01-14T00:00:00
208476,44302,1,0.51648575,2024-01-14T00:00:00
207366,48574,1,0.5160317,2024-01-14T00:00:00
206433,39186,1,0.51591605,2024-01-14T00:00:00
172419,48574,1,0.5153838,2024-01-14T00:00:00
166362,56714,1,0.5152259,2024-01-14T00:00:00
181149,33886,1,0.51494753,2024-01-14T00:00:00
207267,1372,1,0.5148841,2024-01-14T00:00:00
206376,51974,1,0.51473016,2024-01-14T00:00:00
67764,10652,1,0.5144,2024-01-14T00:00:00
61899,51974,1,0.5140662,2024-01-14T00:00:00
77484,39186,1,0.51398224,2024-01-14T00:00:00
218061,50268,1,0.5139697,2024-01-14T00:00:00
212445,50270,1,0.51388675,2024-01-14T00:00:00
221247,50272,1,0.5137545,2024-01-14T00:00:00
196302,35732,1,0.51348567,2024-01-14T00:00:00
223104,10652,1,0.5134624,2024-01-14T00:00:00
208473,30500,1,0.51345336,2024-01-14T00:00:00
128502,35846,1,0.51341,2024-01-14T00:00:00
207345,50272,1,0.51325166,2024-01-14T00:00:00
206772,35846,1,0.5129711,2024-01-14T00:00:00
215985,30500,1,0.51296735,2024-01-14T00:00:00
217620,50268,1,0.5126307,2024-01-14T00:00:00
182565,50268,1,0.51237583,2024-01-14T00:00:00
194904,10808,1,0.51225716,2024-01-14T00:00:00
206406,56714,1,0.5117038,2024-01-14T00:00:00
225393,124,1,0.51152945,2024-01-14T00:00:00
175293,11262,1,0.51118124,2024-01-14T00:00:00
210843,1372,1,0.51106983,2024-01-14T00:00:00
234120,10652,1,0.51104176,2024-01-14T00:00:00
206856,50268,1,0.5110315,2024-01-14T00:00:00
216366,35732,1,0.5110315,2024-01-14T00:00:00
223782,10652,1,0.51085615,2024-01-14T00:00:00
203889,56714,1,0.51019746,2024-01-14T00:00:00
205122,56714,1,0.51019746,2024-01-14T00:00:00
199860,56714,1,0.51019746,2024-01-14T00:00:00
66378,56714,1,0.51019746,2024-01-14T00:00:00
229521,56714,1,0.51019746,2024-01-14T00:00:00
192771,56714,1,0.51019746,2024-01-14T00:00:00
206955,35732,1,0.5101634,2024-01-14T00:00:00
238827,35732,1,0.5101634,2024-01-14T00:00:00
229737,35732,1,0.51007366,2024-01-14T00:00:00
189045,39186,1,0.51003706,2024-01-14T00:00:00
232455,35732,1,0.50973356,2024-01-14T00:00:00
196311,56714,1,0.5094192,2024-01-14T00:00:00
193323,44302,1,0.5093774,2024-01-14T00:00:00
62337,39186,1,0.5092446,2024-01-14T00:00:00
161208,56714,1,0.50913453,2024-01-14T00:00:00
72558,35846,1,0.5088764,2024-01-14T00:00:00
205821,42132,1,0.5086801,2024-01-14T00:00:00
231459,16358,1,0.5075446,2024-01-14T00:00:00
194229,50272,1,0.50749093,2024-01-14T00:00:00
212211,50270,1,0.50730115,2024-01-14T00:00:00
207387,33886,1,0.50728697,2024-01-14T00:00:00
167571,35732,1,0.5070913,2024-01-14T00:00:00
238827,10652,1,0.5069145,2024-01-14T00:00:00
203700,16358,1,0.5069055,2024-01-14T00:00:00
204276,10652,1,0.50683033,2024-01-14T00:00:00
211476,50268,1,0.5066609,2024-01-14T00:00:00
155481,39186,1,0.5063181,2024-01-14T00:00:00
186378,35846,1,0.5059811,2024-01-14T00:00:00
206346,50270,1,0.5055948,2024-01-14T00:00:00
203811,33886,1,0.50553954,2024-01-14T00:00:00
56868,46632,1,0.505452,2024-01-14T00:00:00
206448,1372,1,0.50544226,2024-01-14T00:00:00
207339,50270,1,0.50527996,2024-01-14T00:00:00
181101,35846,1,0.5049861,2024-01-14T00:00:00
209994,56714,1,0.50453085,2024-01-14T00:00:00
188844,44302,1,0.504033,2024-01-14T00:00:00
183489,42132,1,0.50370604,2024-01-14T00:00:00
234972,30500,1,0.5036045,2024-01-14T00:00:00
229341,30500,1,0.5036045,2024-01-14T00:00:00
88920,50270,1,0.5034785,2024-01-14T00:00:00
210981,35732,1,0.5025176,2024-01-14T00:00:00
232029,39186,1,0.5024294,2024-01-14T00:00:00
129204,35732,1,0.5022098,2024-01-14T00:00:00
198522,35732,1,0.50210595,2024-01-14T00:00:00
167364,35732,1,0.5020631,2024-01-14T00:00:00
206451,44302,1,0.5014647,2024-01-14T00:00:00
208485,56714,1,0.5011234,2024-01-14T00:00:00
201741,35732,1,0.50084794,2024-01-14T00:00:00
219132,39186,1,0.50076336,2024-01-14T00:00:00
204771,39186,1,0.5004574,2024-01-14T00:00:00
