customer_id,product_id,prediction,probability,prediction_week
219450,11262,1,0.99690396,2024-01-14T00:00:00
128526,11262,1,0.9959437,2024-01-14T00:00:00
231663,11262,1,0.9957131,2024-01-14T00:00:00
226662,11262,1,0.9955909,2024-01-14T00:00:00
206418,11262,1,0.99534863,2024-01-14T00:00:00
234021,11262,1,0.9948224,2024-01-14T00:00:00
61344,11262,1,0.99441767,2024-01-14T00:00:00
208758,11262,1,0.99436647,2024-01-14T00:00:00
206979,11262,1,0.9940275,2024-01-14T00:00:00
206784,11262,1,0.9937784,2024-01-14T00:00:00
206421,11262,1,0.9935567,2024-01-14T00:00:00
212640,11262,1,0.9935567,2024-01-14T00:00:00
186933,57804,1,0.9935476,2024-01-14T00:00:00
206664,11262,1,0.99275416,2024-01-14T00:00:00
206670,11262,1,0.99275416,2024-01-14T00:00:00
211641,11262,1,0.99187416,2024-01-14T00:00:00
198522,11262,1,0.99131244,2024-01-14T00:00:00
96444,11262,1,0.9912914,2024-01-14T00:00:00
212721,56714,1,0.99119604,2024-01-14T00:00:00
64734,1370,1,0.990999,2024-01-14T00:00:00
208341,11262,1,0.99090695,2024-01-14T00:00:00
203796,11262,1,0.99090695,2024-01-14T00:00:00
153756,11262,1,0.9898851,2024-01-14T00:00:00
204375,11262,1,0.98986244,2024-01-14T00:00:00
230028,11262,1,0.98955804,2024-01-14T00:00:00
232455,1370,1,0.9894483,2024-01-14T00:00:00
194883,1370,1,0.9894406,2024-01-14T00:00:00
209697,11262,1,0.98930967,2024-01-14T00:00:00
224787,11262,1,0.9889875,2024-01-14T00:00:00
206418,1304,1,0.9889325,2024-01-14T00:00:00
206418,59822,1,0.9889325,2024-01-14T00:00:00
175878,1370,1,0.9887854,2024-01-14T00:00:00
206937,11262,1,0.98827875,2024-01-14T00:00:00
212469,1370,1,0.98820114,2024-01-14T00:00:00
207999,1370,1,0.98818344,2024-01-14T00:00:00
194229,56714,1,0.9876316,2024-01-14T00:00:00
216498,1370,1,0.98738235,2024-01-14T00:00:00
200964,11262,1,0.9873333,2024-01-14T00:00:00
232827,1370,1,0.9870581,2024-01-14T00:00:00
157500,11262,1,0.98697287,2024-01-14T00:00:00
224931,1370,1,0.98675376,2024-01-14T00:00:00
233970,1370,1,0.98656195,2024-01-14T00:00:00
171702,11262,1,0.98652935,2024-01-14T00:00:00
211383,11262,1,0.9863885,2024-01-14T00:00:00
206364,11262,1,0.9861188,2024-01-14T00:00:00
217494,11262,1,0.98579365,2024-01-14T00:00:00
184509,1370,1,0.9857248,2024-01-14T00:00:00
212571,11262,1,0.98569447,2024-01-14T00:00:00
129081,1370,1,0.98546994,2024-01-14T00:00:00
237057,1370,1,0.98544216,2024-01-14T00:00:00
231057,11262,1,0.98497516,2024-01-14T00:00:00
212442,11262,1,0.98497516,2024-01-14T00:00:00
206346,11262,1,0.98497516,2024-01-14T00:00:00
210111,1370,1,0.98478806,2024-01-14T00:00:00
60870,11262,1,0.98456776,2024-01-14T00:00:00
207600,11262,1,0.9844996,2024-01-14T00:00:00
203790,1370,1,0.9843977,2024-01-14T00:00:00
204522,1370,1,0.9837061,2024-01-14T00:00:00
223728,1370,1,0.9836609,2024-01-14T00:00:00
196302,11262,1,0.9834436,2024-01-14T00:00:00
128502,56714,1,0.9834387,2024-01-14T00:00:00
233427,1370,1,0.983264,2024-01-14T00:00:00
222669,11262,1,0.98310477,2024-01-14T00:00:00
63690,11262,1,0.98303,2024-01-14T00:00:00
198990,11262,1,0.98303,2024-01-14T00:00:00
207114,11262,1,0.98303,2024-01-14T00:00:00
227829,11262,1,0.98303,2024-01-14T00:00:00
206850,11262,1,0.98303,2024-01-14T00:00:00
219231,11262,1,0.9830239,2024-01-14T00:00:00
61305,1370,1,0.98294985,2024-01-14T00:00:00
207600,1370,1,0.98294985,2024-01-14T00:00:00
208488,56714,1,0.98291785,2024-01-14T00:00:00
72483,10652,1,0.98255986,2024-01-14T00:00:00
237057,11262,1,0.9824547,2024-01-14T00:00:00
226662,56714,1,0.9824203,2024-01-14T00:00:00
181101,1370,1,0.9820472,2024-01-14T00:00:00
66777,1370,1,0.9818734,2024-01-14T00:00:00
203700,11262,1,0.9817377,2024-01-14T00:00:00
191247,11262,1,0.9816399,2024-01-14T00:00:00
184950,1370,1,0.98147935,2024-01-14T00:00:00
153315,11262,1,0.9814062,2024-01-14T00:00:00
128901,1370,1,0.9813291,2024-01-14T00:00:00
212892,1370,1,0.9811932,2024-01-14T00:00:00
205722,11262,1,0.9810704,2024-01-14T00:00:00
183492,11262,1,0.9805909,2024-01-14T00:00:00
186177,1370,1,0.9805237,2024-01-14T00:00:00
153882,1370,1,0.9804897,2024-01-14T00:00:00
129081,56714,1,0.9803798,2024-01-14T00:00:00
72930,1370,1,0.98037535,2024-01-14T00:00:00
186378,1370,1,0.98027873,2024-01-14T00:00:00
158499,11262,1,0.98026544,2024-01-14T00:00:00
166599,11262,1,0.98026544,2024-01-14T00:00:00
72558,11262,1,0.9801641,2024-01-14T00:00:00
194229,1370,1,0.9801127,2024-01-14T00:00:00
186177,11262,1,0.9800426,2024-01-14T00:00:00
223728,11262,1,0.97992253,2024-01-14T00:00:00
208692,11262,1,0.97992253,2024-01-14T00:00:00
72558,1370,1,0.97990364,2024-01-14T00:00:00
191226,11262,1,0.9798895,2024-01-14T00:00:00
210897,11262,1,0.9795615,2024-01-14T00:00:00
206646,11262,1,0.9795615,2024-01-14T00:00:00
207078,11262,1,0.9795615,2024-01-14T00:00:00
232269,11262,1,0.97941154,2024-01-14T00:00:00
225393,11262,1,0.9793243,2024-01-14T00:00:00
164064,11262,1,0.978609,2024-01-14T00:00:00
188637,1370,1,0.9784681,2024-01-14T00:00:00
183789,1370,1,0.9782541,2024-01-14T00:00:00
209154,11262,1,0.9780539,2024-01-14T00:00:00
207105,11262,1,0.97788024,2024-01-14T00:00:00
215985,11262,1,0.97785896,2024-01-14T00:00:00
209697,1370,1,0.97776026,2024-01-14T00:00:00
206748,11262,1,0.97750866,2024-01-14T00:00:00
227115,11262,1,0.97737086,2024-01-14T00:00:00
206406,11262,1,0.9773548,2024-01-14T00:00:00
72483,60978,1,0.97717184,2024-01-14T00:00:00
204771,11262,1,0.97713304,2024-01-14T00:00:00
192714,1370,1,0.9767214,2024-01-14T00:00:00
160029,11262,1,0.976653,2024-01-14T00:00:00
206787,11262,1,0.976577,2024-01-14T00:00:00
206856,11262,1,0.976577,2024-01-14T00:00:00
231876,11262,1,0.97647256,2024-01-14T00:00:00
208488,1370,1,0.9763299,2024-01-14T00:00:00
203517,1370,1,0.97626513,2024-01-14T00:00:00
232068,11262,1,0.9762058,2024-01-14T00:00:00
185067,1370,1,0.9755942,2024-01-14T00:00:00
162960,11262,1,0.9755543,2024-01-14T00:00:00
212745,1370,1,0.975517,2024-01-14T00:00:00
204222,1370,1,0.97543406,2024-01-14T00:00:00
226827,11262,1,0.9754286,2024-01-14T00:00:00
196845,1370,1,0.97540456,2024-01-14T00:00:00
206955,11262,1,0.97535056,2024-01-14T00:00:00
208515,11262,1,0.9752749,2024-01-14T00:00:00
128502,11262,1,0.9751424,2024-01-14T00:00:00
183105,50274,1,0.9750533,2024-01-14T00:00:00
206439,11262,1,0.97497207,2024-01-14T00:00:00
207219,1370,1,0.97464526,2024-01-14T00:00:00
175293,1370,1,0.97451836,2024-01-14T00:00:00
186378,16358,1,0.9743912,2024-01-14T00:00:00
194229,35846,1,0.9743361,2024-01-14T00:00:00
216108,1370,1,0.97413164,2024-01-14T00:00:00
209976,1370,1,0.97382516,2024-01-14T00:00:00
193323,11262,1,0.97376776,2024-01-14T00:00:00
214968,11262,1,0.9737551,2024-01-14T00:00:00
72312,11262,1,0.9737551,2024-01-14T00:00:00
165750,1370,1,0.9737343,2024-01-14T00:00:00
186657,11262,1,0.9735875,2024-01-14T00:00:00
195063,11262,1,0.9735875,2024-01-14T00:00:00
72930,11262,1,0.9728368,2024-01-14T00:00:00
25734,11262,1,0.9727418,2024-01-14T00:00:00
206433,11262,1,0.9727418,2024-01-14T00:00:00
206442,11262,1,0.9727418,2024-01-14T00:00:00
172695,1370,1,0.97268766,2024-01-14T00:00:00
165927,1370,1,0.9725466,2024-01-14T00:00:00
178458,11262,1,0.9724619,2024-01-14T00:00:00
209622,56714,1,0.9724391,2024-01-14T00:00:00
203724,11262,1,0.9721726,2024-01-14T00:00:00
187734,1370,1,0.97185624,2024-01-14T00:00:00
154011,1370,1,0.97185624,2024-01-14T00:00:00
188730,1370,1,0.97185624,2024-01-14T00:00:00
192735,1370,1,0.97181994,2024-01-14T00:00:00
227664,1304,1,0.9718061,2024-01-14T00:00:00
217293,1370,1,0.9717434,2024-01-14T00:00:00
238827,11262,1,0.9715549,2024-01-14T00:00:00
238611,1370,1,0.97133744,2024-01-14T00:00:00
203082,1370,1,0.97133744,2024-01-14T00:00:00
228438,11262,1,0.97129345,2024-01-14T00:00:00
229812,1304,1,0.9712054,2024-01-14T00:00:00
229812,59822,1,0.9712054,2024-01-14T00:00:00
213102,1370,1,0.9711912,2024-01-14T00:00:00
206943,1304,1,0.9711109,2024-01-14T00:00:00
220728,11262,1,0.9708656,2024-01-14T00:00:00
183789,11262,1,0.9708613,2024-01-14T00:00:00
154890,1304,1,0.9708165,2024-01-14T00:00:00
208488,1304,1,0.97080976,2024-01-14T00:00:00
208488,59822,1,0.97080976,2024-01-14T00:00:00
155085,1370,1,0.97078943,2024-01-14T00:00:00
128469,1304,1,0.9707501,2024-01-14T00:00:00
204483,1370,1,0.97072595,2024-01-14T00:00:00
157500,1370,1,0.97063667,2024-01-14T00:00:00
217380,1370,1,0.9705752,2024-01-14T00:00:00
208350,1370,1,0.9705752,2024-01-14T00:00:00
203259,1370,1,0.9705752,2024-01-14T00:00:00
154890,11262,1,0.9705438,2024-01-14T00:00:00
60864,1370,1,0.9705335,2024-01-14T00:00:00
232035,11262,1,0.97045916,2024-01-14T00:00:00
208872,11262,1,0.9704161,2024-01-14T00:00:00
212283,1370,1,0.9702739,2024-01-14T00:00:00
181101,1304,1,0.97023624,2024-01-14T00:00:00
205722,1370,1,0.9701671,2024-01-14T00:00:00
140277,1370,1,0.97008204,2024-01-14T00:00:00
206823,11262,1,0.9700155,2024-01-14T00:00:00
206358,11262,1,0.9700155,2024-01-14T00:00:00
206355,11262,1,0.9700155,2024-01-14T00:00:00
206637,11262,1,0.9700155,2024-01-14T00:00:00
206988,11262,1,0.9700155,2024-01-14T00:00:00
210843,11262,1,0.9700155,2024-01-14T00:00:00
206625,11262,1,0.9700155,2024-01-14T00:00:00
158610,11262,1,0.9700155,2024-01-14T00:00:00
194208,11262,1,0.9700155,2024-01-14T00:00:00
207366,11262,1,0.9700155,2024-01-14T00:00:00
208341,1370,1,0.96992415,2024-01-14T00:00:00
203796,1370,1,0.96992415,2024-01-14T00:00:00
72117,11262,1,0.9696526,2024-01-14T00:00:00
212301,11262,1,0.969516,2024-01-14T00:00:00
163101,11262,1,0.96950734,2024-01-14T00:00:00
191226,1370,1,0.96936035,2024-01-14T00:00:00
220218,1370,1,0.9692895,2024-01-14T00:00:00
172503,1370,1,0.96928173,2024-01-14T00:00:00
206760,11262,1,0.96926033,2024-01-14T00:00:00
191232,11262,1,0.9692564,2024-01-14T00:00:00
223518,11262,1,0.96904033,2024-01-14T00:00:00
149634,11262,1,0.96904033,2024-01-14T00:00:00
197529,11262,1,0.96904033,2024-01-14T00:00:00
187707,1370,1,0.96903807,2024-01-14T00:00:00
128526,1370,1,0.9689818,2024-01-14T00:00:00
154494,1370,1,0.968922,2024-01-14T00:00:00
128901,11262,1,0.9688759,2024-01-14T00:00:00
203829,11262,1,0.96871513,2024-01-14T00:00:00
211413,11262,1,0.96870226,2024-01-14T00:00:00
188196,1370,1,0.96859187,2024-01-14T00:00:00
206346,1304,1,0.9685832,2024-01-14T00:00:00
212442,1304,1,0.9685832,2024-01-14T00:00:00
157398,11262,1,0.9684124,2024-01-14T00:00:00
226662,1370,1,0.968352,2024-01-14T00:00:00
183468,11262,1,0.96834654,2024-01-14T00:00:00
219030,1370,1,0.9683168,2024-01-14T00:00:00
206418,35846,1,0.9683148,2024-01-14T00:00:00
203295,11262,1,0.9682957,2024-01-14T00:00:00
201564,11262,1,0.9682957,2024-01-14T00:00:00
179496,1304,1,0.9682748,2024-01-14T00:00:00
234093,11262,1,0.9682596,2024-01-14T00:00:00
203673,33886,1,0.96795064,2024-01-14T00:00:00
210978,1370,1,0.96793795,2024-01-14T00:00:00
212469,56714,1,0.9679041,2024-01-14T00:00:00
234093,1304,1,0.96746117,2024-01-14T00:00:00
203106,1304,1,0.96746117,2024-01-14T00:00:00
233970,56714,1,0.9674453,2024-01-14T00:00:00
88821,11262,1,0.9673688,2024-01-14T00:00:00
61902,1370,1,0.96730584,2024-01-14T00:00:00
154476,1370,1,0.96730584,2024-01-14T00:00:00
228438,1370,1,0.9672841,2024-01-14T00:00:00
219021,11262,1,0.9671441,2024-01-14T00:00:00
194229,1304,1,0.9670765,2024-01-14T00:00:00
219381,1370,1,0.9670465,2024-01-14T00:00:00
238887,1370,1,0.9670465,2024-01-14T00:00:00
218265,1370,1,0.96666,2024-01-14T00:00:00
72483,33886,1,0.9666526,2024-01-14T00:00:00
212745,11262,1,0.9666518,2024-01-14T00:00:00
198873,1370,1,0.96660465,2024-01-14T00:00:00
204243,1304,1,0.96657,2024-01-14T00:00:00
154698,50274,1,0.9665645,2024-01-14T00:00:00
225501,11262,1,0.96643984,2024-01-14T00:00:00
154473,1370,1,0.9663871,2024-01-14T00:00:00
222711,1370,1,0.9663041,2024-01-14T00:00:00
171939,11262,1,0.9662955,2024-01-14T00:00:00
235842,11262,1,0.96617746,2024-01-14T00:00:00
208503,11262,1,0.96604395,2024-01-14T00:00:00
208872,56714,1,0.9656304,2024-01-14T00:00:00
236655,11262,1,0.9655155,2024-01-14T00:00:00
232266,10808,1,0.96529204,2024-01-14T00:00:00
186933,124,1,0.9652667,2024-01-14T00:00:00
208794,16358,1,0.96523976,2024-01-14T00:00:00
234021,33886,1,0.965203,2024-01-14T00:00:00
208491,11262,1,0.9651558,2024-01-14T00:00:00
221526,11262,1,0.9651558,2024-01-14T00:00:00
232827,11262,1,0.9650362,2024-01-14T00:00:00
206847,1370,1,0.96503377,2024-01-14T00:00:00
216366,11262,1,0.9647606,2024-01-14T00:00:00
203673,124,1,0.9646532,2024-01-14T00:00:00
222843,11262,1,0.9645868,2024-01-14T00:00:00
206799,11262,1,0.9645868,2024-01-14T00:00:00
153138,1370,1,0.96454084,2024-01-14T00:00:00
204093,11262,1,0.96423554,2024-01-14T00:00:00
206772,11262,1,0.9642264,2024-01-14T00:00:00
224925,1370,1,0.9641628,2024-01-14T00:00:00
219132,11262,1,0.9637792,2024-01-14T00:00:00
60888,1370,1,0.963733,2024-01-14T00:00:00
186933,60978,1,0.9633803,2024-01-14T00:00:00
25749,1370,1,0.96327454,2024-01-14T00:00:00
72045,11262,1,0.9631961,2024-01-14T00:00:00
205191,11262,1,0.9631961,2024-01-14T00:00:00
223968,11262,1,0.96315014,2024-01-14T00:00:00
204657,11262,1,0.963081,2024-01-14T00:00:00
154890,1370,1,0.96266216,2024-01-14T00:00:00
197529,1370,1,0.9625551,2024-01-14T00:00:00
223518,1370,1,0.9625551,2024-01-14T00:00:00
187224,1370,1,0.9625538,2024-01-14T00:00:00
191232,1370,1,0.96241474,2024-01-14T00:00:00
75723,59822,1,0.9624143,2024-01-14T00:00:00
75723,11262,1,0.9624069,2024-01-14T00:00:00
223728,1304,1,0.96238095,2024-01-14T00:00:00
72045,1370,1,0.96232474,2024-01-14T00:00:00
205191,1370,1,0.96232474,2024-01-14T00:00:00
181149,1370,1,0.96228355,2024-01-14T00:00:00
222750,1370,1,0.96223557,2024-01-14T00:00:00
207999,11262,1,0.9620444,2024-01-14T00:00:00
186174,11262,1,0.9619286,2024-01-14T00:00:00
153084,11262,1,0.96190256,2024-01-14T00:00:00
208812,1370,1,0.9618566,2024-01-14T00:00:00
208794,1370,1,0.9618566,2024-01-14T00:00:00
203532,11262,1,0.96180487,2024-01-14T00:00:00
212337,11262,1,0.96180487,2024-01-14T00:00:00
194229,11262,1,0.9616483,2024-01-14T00:00:00
222438,1370,1,0.96162665,2024-01-14T00:00:00
176403,56714,1,0.9615924,2024-01-14T00:00:00
207999,1304,1,0.9615102,2024-01-14T00:00:00
206376,11262,1,0.96146685,2024-01-14T00:00:00
184113,11262,1,0.96138567,2024-01-14T00:00:00
61977,11262,1,0.9613853,2024-01-14T00:00:00
72483,39186,1,0.96132606,2024-01-14T00:00:00
72918,1370,1,0.9611531,2024-01-14T00:00:00
217293,11262,1,0.9611194,2024-01-14T00:00:00
226662,1304,1,0.961067,2024-01-14T00:00:00
222750,1304,1,0.9610343,2024-01-14T00:00:00
72645,11262,1,0.960998,2024-01-14T00:00:00
219021,1370,1,0.9607709,2024-01-14T00:00:00
154494,11262,1,0.96072567,2024-01-14T00:00:00
201282,1304,1,0.9606563,2024-01-14T00:00:00
201282,59822,1,0.9606563,2024-01-14T00:00:00
178257,1370,1,0.9601607,2024-01-14T00:00:00
209976,11262,1,0.96004695,2024-01-14T00:00:00
186933,33886,1,0.9600141,2024-01-14T00:00:00
217848,11262,1,0.9598744,2024-01-14T00:00:00
209622,1370,1,0.959724,2024-01-14T00:00:00
203811,1370,1,0.95972323,2024-01-14T00:00:00
210627,1370,1,0.95963544,2024-01-14T00:00:00
195507,11262,1,0.95947355,2024-01-14T00:00:00
166995,1370,1,0.95941913,2024-01-14T00:00:00
66465,1370,1,0.9594179,2024-01-14T00:00:00
208206,1370,1,0.959376,2024-01-14T00:00:00
154245,11262,1,0.9593175,2024-01-14T00:00:00
172161,11262,1,0.9593175,2024-01-14T00:00:00
156225,1370,1,0.95920396,2024-01-14T00:00:00
222894,1370,1,0.959129,2024-01-14T00:00:00
203058,11262,1,0.9589145,2024-01-14T00:00:00
203052,11262,1,0.9589145,2024-01-14T00:00:00
129153,11262,1,0.9589145,2024-01-14T00:00:00
203502,11262,1,0.9589145,2024-01-14T00:00:00
199860,11262,1,0.9589145,2024-01-14T00:00:00
229521,11262,1,0.9589145,2024-01-14T00:00:00
203574,11262,1,0.9589145,2024-01-14T00:00:00
220170,11262,1,0.9589145,2024-01-14T00:00:00
203889,11262,1,0.9589145,2024-01-14T00:00:00
192771,11262,1,0.9589145,2024-01-14T00:00:00
203511,1370,1,0.95885223,2024-01-14T00:00:00
89013,1370,1,0.9588162,2024-01-14T00:00:00
164007,1370,1,0.9587257,2024-01-14T00:00:00
211533,35846,1,0.9584675,2024-01-14T00:00:00
219132,1370,1,0.95832974,2024-01-14T00:00:00
204657,1370,1,0.9582704,2024-01-14T00:00:00
154485,11262,1,0.95825475,2024-01-14T00:00:00
211638,11262,1,0.95821816,2024-01-14T00:00:00
208347,1370,1,0.9579678,2024-01-14T00:00:00
203295,56714,1,0.9579585,2024-01-14T00:00:00
201564,56714,1,0.9579585,2024-01-14T00:00:00
203673,30500,1,0.9578616,2024-01-14T00:00:00
195063,1370,1,0.9577657,2024-01-14T00:00:00
186657,1370,1,0.9577657,2024-01-14T00:00:00
184698,1370,1,0.95774764,2024-01-14T00:00:00
186987,11262,1,0.9576707,2024-01-14T00:00:00
188937,11262,1,0.95746267,2024-01-14T00:00:00
211527,11262,1,0.9572826,2024-01-14T00:00:00
154041,1370,1,0.9571493,2024-01-14T00:00:00
164871,1370,1,0.95710903,2024-01-14T00:00:00
212571,1304,1,0.95694166,2024-01-14T00:00:00
206673,11262,1,0.9569246,2024-01-14T00:00:00
210840,11262,1,0.9569246,2024-01-14T00:00:00
210342,1370,1,0.95689976,2024-01-14T00:00:00
206496,56714,1,0.9568387,2024-01-14T00:00:00
210834,1370,1,0.95682615,2024-01-14T00:00:00
197835,11262,1,0.95667917,2024-01-14T00:00:00
66465,11262,1,0.9565873,2024-01-14T00:00:00
166356,11262,1,0.95651317,2024-01-14T00:00:00
212571,1370,1,0.95633125,2024-01-14T00:00:00
224631,11262,1,0.9563087,2024-01-14T00:00:00
188637,11262,1,0.95621866,2024-01-14T00:00:00
154707,1370,1,0.9561516,2024-01-14T00:00:00
206868,11262,1,0.9561416,2024-01-14T00:00:00
192564,1370,1,0.95601475,2024-01-14T00:00:00
222204,1370,1,0.95599514,2024-01-14T00:00:00
61824,1304,1,0.95580673,2024-01-14T00:00:00
206952,11262,1,0.9555702,2024-01-14T00:00:00
129264,11262,1,0.95534575,2024-01-14T00:00:00
153402,11262,1,0.9552254,2024-01-14T00:00:00
200259,11262,1,0.9550979,2024-01-14T00:00:00
174468,11262,1,0.9550455,2024-01-14T00:00:00
235842,1304,1,0.9548265,2024-01-14T00:00:00
197286,11262,1,0.9547506,2024-01-14T00:00:00
213978,50274,1,0.95472467,2024-01-14T00:00:00
194229,16358,1,0.9545221,2024-01-14T00:00:00
227664,60978,1,0.954516,2024-01-14T00:00:00
232068,1370,1,0.9544596,2024-01-14T00:00:00
206418,60978,1,0.9542835,2024-01-14T00:00:00
222669,33886,1,0.9541748,2024-01-14T00:00:00
212721,1370,1,0.9541478,2024-01-14T00:00:00
162843,1370,1,0.9540293,2024-01-14T00:00:00
205821,11262,1,0.9539602,2024-01-14T00:00:00
183576,1370,1,0.9536874,2024-01-14T00:00:00
154275,11262,1,0.9535235,2024-01-14T00:00:00
212571,60978,1,0.9535102,2024-01-14T00:00:00
229527,56714,1,0.9534655,2024-01-14T00:00:00
155052,1370,1,0.9533911,2024-01-14T00:00:00
230178,1370,1,0.9533911,2024-01-14T00:00:00
184950,1304,1,0.95338935,2024-01-14T00:00:00
222750,11262,1,0.9533598,2024-01-14T00:00:00
129081,11262,1,0.9533535,2024-01-14T00:00:00
153315,1370,1,0.95334744,2024-01-14T00:00:00
178458,1370,1,0.95332676,2024-01-14T00:00:00
77484,11262,1,0.9532127,2024-01-14T00:00:00
209637,11262,1,0.95313835,2024-01-14T00:00:00
220011,1370,1,0.9530581,2024-01-14T00:00:00
203328,1304,1,0.95296407,2024-01-14T00:00:00
207129,1304,1,0.95294565,2024-01-14T00:00:00
206421,1304,1,0.95294565,2024-01-14T00:00:00
206838,1304,1,0.95294565,2024-01-14T00:00:00
206421,59822,1,0.95294565,2024-01-14T00:00:00
236655,1370,1,0.952907,2024-01-14T00:00:00
208488,11262,1,0.9528964,2024-01-14T00:00:00
205812,1370,1,0.9525415,2024-01-14T00:00:00
186438,1370,1,0.95253533,2024-01-14T00:00:00
198210,1370,1,0.9525153,2024-01-14T00:00:00
184113,1370,1,0.95244557,2024-01-14T00:00:00
210981,11262,1,0.95237106,2024-01-14T00:00:00
206784,1304,1,0.9522948,2024-01-14T00:00:00
192942,1304,1,0.9522948,2024-01-14T00:00:00
153288,1370,1,0.952237,2024-01-14T00:00:00
128901,1304,1,0.95214856,2024-01-14T00:00:00
155043,1370,1,0.95182866,2024-01-14T00:00:00
61692,1370,1,0.95181215,2024-01-14T00:00:00
198867,1370,1,0.9516501,2024-01-14T00:00:00
128502,1370,1,0.95149344,2024-01-14T00:00:00
187839,1370,1,0.95128757,2024-01-14T00:00:00
209829,1370,1,0.951271,2024-01-14T00:00:00
224169,11262,1,0.95126814,2024-01-14T00:00:00
68496,1370,1,0.9509936,2024-01-14T00:00:00
183489,11262,1,0.95087826,2024-01-14T00:00:00
206346,56714,1,0.9507864,2024-01-14T00:00:00
212448,33534,1,0.9507489,2024-01-14T00:00:00
186933,36722,1,0.95039636,2024-01-14T00:00:00
186933,36720,1,0.95039636,2024-01-14T00:00:00
181101,11262,1,0.9503879,2024-01-14T00:00:00
203700,1370,1,0.95038086,2024-01-14T00:00:00
207828,11262,1,0.95022565,2024-01-14T00:00:00
205107,11262,1,0.95022565,2024-01-14T00:00:00
196311,11262,1,0.95022565,2024-01-14T00:00:00
186174,1370,1,0.9500883,2024-01-14T00:00:00
60888,11262,1,0.9499765,2024-01-14T00:00:00
211812,1304,1,0.94985723,2024-01-14T00:00:00
210978,1304,1,0.9496996,2024-01-14T00:00:00
224631,1370,1,0.9496369,2024-01-14T00:00:00
167571,11262,1,0.94960624,2024-01-14T00:00:00
204243,1370,1,0.949353,2024-01-14T00:00:00
154485,1370,1,0.9492534,2024-01-14T00:00:00
61344,56714,1,0.9492261,2024-01-14T00:00:00
218061,1370,1,0.9491116,2024-01-14T00:00:00
62817,1370,1,0.94909847,2024-01-14T00:00:00
183576,1304,1,0.949087,2024-01-14T00:00:00
183576,59822,1,0.949087,2024-01-14T00:00:00
205332,1370,1,0.9489283,2024-01-14T00:00:00
201837,11262,1,0.94880414,2024-01-14T00:00:00
224787,1304,1,0.9487808,2024-01-14T00:00:00
153204,11262,1,0.9486933,2024-01-14T00:00:00
72918,11262,1,0.9486097,2024-01-14T00:00:00
235842,1370,1,0.9485272,2024-01-14T00:00:00
128469,1370,1,0.9484707,2024-01-14T00:00:00
194904,1304,1,0.94845617,2024-01-14T00:00:00
185244,11262,1,0.9478154,2024-01-14T00:00:00
238878,11262,1,0.9478154,2024-01-14T00:00:00
129081,48574,1,0.94764835,2024-01-14T00:00:00
162984,11262,1,0.9474545,2024-01-14T00:00:00
208053,11262,1,0.94724107,2024-01-14T00:00:00
208476,11262,1,0.947218,2024-01-14T00:00:00
217002,11262,1,0.9468903,2024-01-14T00:00:00
203199,1370,1,0.9468408,2024-01-14T00:00:00
164970,11262,1,0.94680136,2024-01-14T00:00:00
210120,1370,1,0.94679964,2024-01-14T00:00:00
232068,1304,1,0.94654816,2024-01-14T00:00:00
208599,48574,1,0.94651836,2024-01-14T00:00:00
206412,11262,1,0.9464671,2024-01-14T00:00:00
212379,11262,1,0.946445,2024-01-14T00:00:00
225501,1370,1,0.946352,2024-01-14T00:00:00
220728,1370,1,0.9462898,2024-01-14T00:00:00
191232,1304,1,0.9460454,2024-01-14T00:00:00
129135,1370,1,0.94572806,2024-01-14T00:00:00
203178,1370,1,0.94567657,2024-01-14T00:00:00
172161,1370,1,0.94564587,2024-01-14T00:00:00
206838,56714,1,0.94559205,2024-01-14T00:00:00
207129,56714,1,0.94559205,2024-01-14T00:00:00
198867,11262,1,0.94552445,2024-01-14T00:00:00
210120,11262,1,0.9454944,2024-01-14T00:00:00
206427,11262,1,0.94540226,2024-01-14T00:00:00
210876,1370,1,0.945385,2024-01-14T00:00:00
183675,1370,1,0.945385,2024-01-14T00:00:00
187974,1370,1,0.945385,2024-01-14T00:00:00
203829,1370,1,0.94527227,2024-01-14T00:00:00
237057,1304,1,0.94527024,2024-01-14T00:00:00
194790,1370,1,0.9451747,2024-01-14T00:00:00
183573,11262,1,0.94507784,2024-01-14T00:00:00
72558,56714,1,0.9450516,2024-01-14T00:00:00
187839,56714,1,0.94492334,2024-01-14T00:00:00
203673,1370,1,0.9448491,2024-01-14T00:00:00
96444,1370,1,0.9445952,2024-01-14T00:00:00
225669,11262,1,0.9444987,2024-01-14T00:00:00
204795,1304,1,0.9444248,2024-01-14T00:00:00
203724,1304,1,0.9444248,2024-01-14T00:00:00
203724,59822,1,0.9444248,2024-01-14T00:00:00
200964,10652,1,0.9443187,2024-01-14T00:00:00
172161,1304,1,0.9442545,2024-01-14T00:00:00
217293,56714,1,0.9442355,2024-01-14T00:00:00
187806,11262,1,0.94423336,2024-01-14T00:00:00
209073,11262,1,0.9441372,2024-01-14T00:00:00
238263,11262,1,0.94410235,2024-01-14T00:00:00
236226,56714,1,0.9440073,2024-01-14T00:00:00
203073,11262,1,0.94376916,2024-01-14T00:00:00
204093,1370,1,0.94365776,2024-01-14T00:00:00
212211,1370,1,0.9434989,2024-01-14T00:00:00
188937,1370,1,0.9434414,2024-01-14T00:00:00
173796,11262,1,0.94340783,2024-01-14T00:00:00
157767,11262,1,0.94332415,2024-01-14T00:00:00
211476,56714,1,0.9432425,2024-01-14T00:00:00
228315,1370,1,0.9431648,2024-01-14T00:00:00
198981,1304,1,0.94294673,2024-01-14T00:00:00
208599,11262,1,0.94293976,2024-01-14T00:00:00
212379,57804,1,0.94268036,2024-01-14T00:00:00
222669,30500,1,0.9425991,2024-01-14T00:00:00
172419,1370,1,0.94258314,2024-01-14T00:00:00
232035,1370,1,0.9424171,2024-01-14T00:00:00
224931,1304,1,0.94234794,2024-01-14T00:00:00
61908,1370,1,0.94226635,2024-01-14T00:00:00
224631,1372,1,0.9422163,2024-01-14T00:00:00
166362,1370,1,0.9421879,2024-01-14T00:00:00
206496,1304,1,0.94208854,2024-01-14T00:00:00
203166,1370,1,0.9419726,2024-01-14T00:00:00
208599,56714,1,0.9419244,2024-01-14T00:00:00
176403,11262,1,0.94185466,2024-01-14T00:00:00
238608,11262,1,0.94170094,2024-01-14T00:00:00
203271,1370,1,0.9414753,2024-01-14T00:00:00
196722,1370,1,0.9414753,2024-01-14T00:00:00
203256,1370,1,0.9414753,2024-01-14T00:00:00
203445,1370,1,0.9414753,2024-01-14T00:00:00
208116,1370,1,0.9414753,2024-01-14T00:00:00
212112,1370,1,0.9414753,2024-01-14T00:00:00
223968,1370,1,0.9412642,2024-01-14T00:00:00
206667,56714,1,0.94116473,2024-01-14T00:00:00
203517,11262,1,0.9409648,2024-01-14T00:00:00
230331,1370,1,0.9407272,2024-01-14T00:00:00
232404,11262,1,0.94069743,2024-01-14T00:00:00
207390,11262,1,0.9406532,2024-01-14T00:00:00
211950,35846,1,0.94059396,2024-01-14T00:00:00
207600,33886,1,0.94052285,2024-01-14T00:00:00
66777,11262,1,0.94048417,2024-01-14T00:00:00
221115,1370,1,0.9401618,2024-01-14T00:00:00
228741,1304,1,0.9399389,2024-01-14T00:00:00
228741,59822,1,0.9399389,2024-01-14T00:00:00
238608,1370,1,0.9399366,2024-01-14T00:00:00
163131,11262,1,0.9398254,2024-01-14T00:00:00
183387,11262,1,0.93961716,2024-01-14T00:00:00
238878,1370,1,0.93958515,2024-01-14T00:00:00
185244,1370,1,0.93958515,2024-01-14T00:00:00
154542,1370,1,0.93958515,2024-01-14T00:00:00
203706,1304,1,0.9394544,2024-01-14T00:00:00
203709,1304,1,0.9394544,2024-01-14T00:00:00
203532,1304,1,0.9394544,2024-01-14T00:00:00
203706,59822,1,0.9394544,2024-01-14T00:00:00
160770,11262,1,0.93941295,2024-01-14T00:00:00
219420,1370,1,0.9389978,2024-01-14T00:00:00
165927,11262,1,0.9389837,2024-01-14T00:00:00
203073,1370,1,0.9389405,2024-01-14T00:00:00
207387,11262,1,0.93873507,2024-01-14T00:00:00
198981,1370,1,0.9386894,2024-01-14T00:00:00
75723,35732,1,0.9385917,2024-01-14T00:00:00
128685,11262,1,0.9384721,2024-01-14T00:00:00
72483,44302,1,0.93838453,2024-01-14T00:00:00
226623,1304,1,0.9383242,2024-01-14T00:00:00
209154,1304,1,0.9383242,2024-01-14T00:00:00
204222,11262,1,0.9383151,2024-01-14T00:00:00
128763,1370,1,0.93810886,2024-01-14T00:00:00
210045,1304,1,0.9380773,2024-01-14T00:00:00
203511,1304,1,0.9380361,2024-01-14T00:00:00
177474,1370,1,0.93786615,2024-01-14T00:00:00
216498,11262,1,0.9378082,2024-01-14T00:00:00
232035,48574,1,0.9376806,2024-01-14T00:00:00
203142,1370,1,0.93761367,2024-01-14T00:00:00
206427,1370,1,0.93755955,2024-01-14T00:00:00
154167,1370,1,0.9371905,2024-01-14T00:00:00
163101,1370,1,0.9371058,2024-01-14T00:00:00
205740,1370,1,0.9370619,2024-01-14T00:00:00
153885,1370,1,0.93703866,2024-01-14T00:00:00
183387,1370,1,0.9369834,2024-01-14T00:00:00
194388,11262,1,0.9369527,2024-01-14T00:00:00
80925,11262,1,0.9369527,2024-01-14T00:00:00
236766,11262,1,0.9369527,2024-01-14T00:00:00
222669,1304,1,0.93690866,2024-01-14T00:00:00
208788,59822,1,0.9367312,2024-01-14T00:00:00
208788,1304,1,0.9367312,2024-01-14T00:00:00
167571,1370,1,0.93649423,2024-01-14T00:00:00
195894,11262,1,0.93645215,2024-01-14T00:00:00
192159,1370,1,0.9361946,2024-01-14T00:00:00
235335,11262,1,0.93586135,2024-01-14T00:00:00
183492,60978,1,0.93574065,2024-01-14T00:00:00
211965,35846,1,0.9356748,2024-01-14T00:00:00
208788,1370,1,0.9356606,2024-01-14T00:00:00
165927,1304,1,0.9355188,2024-01-14T00:00:00
72930,30500,1,0.9353667,2024-01-14T00:00:00
203871,16358,1,0.9352959,2024-01-14T00:00:00
164661,1370,1,0.9350655,2024-01-14T00:00:00
213978,60,1,0.93497086,2024-01-14T00:00:00
205821,1370,1,0.9348627,2024-01-14T00:00:00
230286,1370,1,0.9348476,2024-01-14T00:00:00
207390,1304,1,0.93471694,2024-01-14T00:00:00
212211,59822,1,0.9343678,2024-01-14T00:00:00
212211,1304,1,0.9343678,2024-01-14T00:00:00
208488,48574,1,0.9342458,2024-01-14T00:00:00
236655,1372,1,0.934223,2024-01-14T00:00:00
212745,16358,1,0.93408716,2024-01-14T00:00:00
209154,1370,1,0.93408644,2024-01-14T00:00:00
226623,1370,1,0.93408644,2024-01-14T00:00:00
236226,11262,1,0.9340393,2024-01-14T00:00:00
209073,1370,1,0.9340005,2024-01-14T00:00:00
181101,30500,1,0.93393064,2024-01-14T00:00:00
200502,11262,1,0.9339239,2024-01-14T00:00:00
208821,11262,1,0.9339239,2024-01-14T00:00:00
208761,11262,1,0.9339239,2024-01-14T00:00:00
208758,1370,1,0.9338928,2024-01-14T00:00:00
232269,56714,1,0.93382627,2024-01-14T00:00:00
232827,1304,1,0.9337258,2024-01-14T00:00:00
236775,1370,1,0.9337047,2024-01-14T00:00:00
222669,60978,1,0.9336557,2024-01-14T00:00:00
212892,16358,1,0.9334364,2024-01-14T00:00:00
153312,1370,1,0.93335384,2024-01-14T00:00:00
194904,56714,1,0.93326247,2024-01-14T00:00:00
211413,1304,1,0.9331881,2024-01-14T00:00:00
236520,50274,1,0.933133,2024-01-14T00:00:00
224925,11262,1,0.9330163,2024-01-14T00:00:00
207087,50274,1,0.9328019,2024-01-14T00:00:00
223389,11262,1,0.9324798,2024-01-14T00:00:00
234972,1370,1,0.93217444,2024-01-14T00:00:00
235299,1304,1,0.9321066,2024-01-14T00:00:00
183645,11262,1,0.9320826,2024-01-14T00:00:00
65067,11262,1,0.9320256,2024-01-14T00:00:00
186933,3382,1,0.9320229,2024-01-14T00:00:00
172161,1372,1,0.93196225,2024-01-14T00:00:00
204093,1304,1,0.9319235,2024-01-14T00:00:00
220632,1370,1,0.9318792,2024-01-14T00:00:00
219522,1370,1,0.9316986,2024-01-14T00:00:00
208599,1304,1,0.9314631,2024-01-14T00:00:00
153381,1304,1,0.9313505,2024-01-14T00:00:00
208206,11262,1,0.93134856,2024-01-14T00:00:00
154434,1370,1,0.9313435,2024-01-14T00:00:00
234120,1370,1,0.9311704,2024-01-14T00:00:00
220011,1304,1,0.9311487,2024-01-14T00:00:00
162957,1370,1,0.931107,2024-01-14T00:00:00
207339,11262,1,0.93104196,2024-01-14T00:00:00
153885,11262,1,0.9309611,2024-01-14T00:00:00
177873,11262,1,0.9308547,2024-01-14T00:00:00
191226,1372,1,0.93076086,2024-01-14T00:00:00
207600,60978,1,0.9306482,2024-01-14T00:00:00
174279,11262,1,0.9304849,2024-01-14T00:00:00
212211,11262,1,0.93011844,2024-01-14T00:00:00
128901,56714,1,0.92988586,2024-01-14T00:00:00
203790,1304,1,0.9298415,2024-01-14T00:00:00
25743,1304,1,0.929733,2024-01-14T00:00:00
217494,1370,1,0.9297187,2024-01-14T00:00:00
153756,1370,1,0.92967415,2024-01-14T00:00:00
153303,1370,1,0.9296313,2024-01-14T00:00:00
72930,1304,1,0.92948216,2024-01-14T00:00:00
230028,56714,1,0.92940664,2024-01-14T00:00:00
225672,1370,1,0.92925334,2024-01-14T00:00:00
209697,1304,1,0.9291989,2024-01-14T00:00:00
208872,1304,1,0.9289625,2024-01-14T00:00:00
202818,11262,1,0.92881227,2024-01-14T00:00:00
187806,56714,1,0.92876774,2024-01-14T00:00:00
206418,30500,1,0.92875826,2024-01-14T00:00:00
187101,1370,1,0.92872506,2024-01-14T00:00:00
208488,60978,1,0.928664,2024-01-14T00:00:00
153381,1370,1,0.9286573,2024-01-14T00:00:00
162795,1370,1,0.92864573,2024-01-14T00:00:00
162603,11262,1,0.9283942,2024-01-14T00:00:00
225276,1370,1,0.92829454,2024-01-14T00:00:00
191247,1304,1,0.9282204,2024-01-14T00:00:00
184863,1370,1,0.92820877,2024-01-14T00:00:00
209994,1370,1,0.92807835,2024-01-14T00:00:00
184674,1370,1,0.9278316,2024-01-14T00:00:00
223089,60,1,0.9276197,2024-01-14T00:00:00
209697,56714,1,0.92756474,2024-01-14T00:00:00
197835,1370,1,0.9275541,2024-01-14T00:00:00
208500,11262,1,0.92745787,2024-01-14T00:00:00
208806,11262,1,0.92745787,2024-01-14T00:00:00
208893,11262,1,0.92745787,2024-01-14T00:00:00
183492,59822,1,0.92740744,2024-01-14T00:00:00
183492,1304,1,0.92740744,2024-01-14T00:00:00
183492,30500,1,0.9273351,2024-01-14T00:00:00
186942,1304,1,0.927317,2024-01-14T00:00:00
172695,11262,1,0.92730623,2024-01-14T00:00:00
67764,11262,1,0.9271487,2024-01-14T00:00:00
224787,60978,1,0.9269598,2024-01-14T00:00:00
178458,59822,1,0.9269563,2024-01-14T00:00:00
178458,1304,1,0.9269563,2024-01-14T00:00:00
232035,56714,1,0.92691547,2024-01-14T00:00:00
175293,11262,1,0.9267013,2024-01-14T00:00:00
66924,11262,1,0.9264936,2024-01-14T00:00:00
183789,1304,1,0.9263705,2024-01-14T00:00:00
215298,48574,1,0.9262825,2024-01-14T00:00:00
203178,10652,1,0.92622685,2024-01-14T00:00:00
205905,1370,1,0.92593837,2024-01-14T00:00:00
219420,11262,1,0.92571294,2024-01-14T00:00:00
194229,48574,1,0.9257006,2024-01-14T00:00:00
192618,16358,1,0.9256251,2024-01-14T00:00:00
203256,11262,1,0.9256208,2024-01-14T00:00:00
203268,11262,1,0.9256208,2024-01-14T00:00:00
203271,11262,1,0.9256208,2024-01-14T00:00:00
197673,1370,1,0.9254667,2024-01-14T00:00:00
208491,56714,1,0.9254321,2024-01-14T00:00:00
230331,56714,1,0.92535913,2024-01-14T00:00:00
186933,30500,1,0.9252895,2024-01-14T00:00:00
206664,1304,1,0.9251666,2024-01-14T00:00:00
206667,1304,1,0.9251666,2024-01-14T00:00:00
206670,1304,1,0.9251666,2024-01-14T00:00:00
153279,1370,1,0.92515385,2024-01-14T00:00:00
172587,11262,1,0.9251521,2024-01-14T00:00:00
157398,1370,1,0.9249872,2024-01-14T00:00:00
153960,11262,1,0.92486775,2024-01-14T00:00:00
210690,56714,1,0.92476225,2024-01-14T00:00:00
220728,56714,1,0.9247146,2024-01-14T00:00:00
202959,1304,1,0.9244452,2024-01-14T00:00:00
160770,1370,1,0.9243981,2024-01-14T00:00:00
224787,56714,1,0.9241859,2024-01-14T00:00:00
212745,1304,1,0.9239427,2024-01-14T00:00:00
64218,11262,1,0.92389256,2024-01-14T00:00:00
204483,1304,1,0.9232134,2024-01-14T00:00:00
204780,1304,1,0.9230963,2024-01-14T00:00:00
213513,1370,1,0.9230947,2024-01-14T00:00:00
197802,11262,1,0.9230649,2024-01-14T00:00:00
198882,56714,1,0.92301667,2024-01-14T00:00:00
187806,57804,1,0.9228818,2024-01-14T00:00:00
208872,60978,1,0.9227397,2024-01-14T00:00:00
188730,1304,1,0.9226589,2024-01-14T00:00:00
154011,1304,1,0.9226589,2024-01-14T00:00:00
187734,1304,1,0.9226589,2024-01-14T00:00:00
203811,11262,1,0.92246866,2024-01-14T00:00:00
155097,1370,1,0.9222589,2024-01-14T00:00:00
25749,1304,1,0.92213684,2024-01-14T00:00:00
204759,1370,1,0.9218802,2024-01-14T00:00:00
232266,57804,1,0.921634,2024-01-14T00:00:00
194229,30500,1,0.9216214,2024-01-14T00:00:00
209184,11262,1,0.9216202,2024-01-14T00:00:00
179496,56714,1,0.9214109,2024-01-14T00:00:00
222906,11262,1,0.921342,2024-01-14T00:00:00
186990,1370,1,0.92116404,2024-01-14T00:00:00
64734,11262,1,0.9210353,2024-01-14T00:00:00
210633,48574,1,0.92102283,2024-01-14T00:00:00
56868,1370,1,0.92035866,2024-01-14T00:00:00
159831,1370,1,0.92028564,2024-01-14T00:00:00
207927,1370,1,0.92028564,2024-01-14T00:00:00
166995,11262,1,0.92018694,2024-01-14T00:00:00
128334,1370,1,0.9200398,2024-01-14T00:00:00
227115,1304,1,0.91977394,2024-01-14T00:00:00
183195,11262,1,0.91976297,2024-01-14T00:00:00
225501,56714,1,0.9197317,2024-01-14T00:00:00
161403,1370,1,0.91969764,2024-01-14T00:00:00
161208,1370,1,0.9192408,2024-01-14T00:00:00
157767,1370,1,0.91918087,2024-01-14T00:00:00
228438,1304,1,0.91915214,2024-01-14T00:00:00
231459,1370,1,0.91908467,2024-01-14T00:00:00
203820,11262,1,0.9187582,2024-01-14T00:00:00
198882,1304,1,0.9187009,2024-01-14T00:00:00
198522,56714,1,0.91869986,2024-01-14T00:00:00
224787,30500,1,0.918671,2024-01-14T00:00:00
188685,1370,1,0.9186059,2024-01-14T00:00:00
167652,1370,1,0.9184361,2024-01-14T00:00:00
186327,1370,1,0.91804534,2024-01-14T00:00:00
198210,56714,1,0.9180349,2024-01-14T00:00:00
213102,1304,1,0.91793114,2024-01-14T00:00:00
72561,1304,1,0.91786224,2024-01-14T00:00:00
128685,1370,1,0.9177647,2024-01-14T00:00:00
153315,1304,1,0.9177404,2024-01-14T00:00:00
220713,1370,1,0.9173945,2024-01-14T00:00:00
232269,1370,1,0.9172506,2024-01-14T00:00:00
208599,1370,1,0.917237,2024-01-14T00:00:00
72558,48574,1,0.9171533,2024-01-14T00:00:00
187101,1304,1,0.9170371,2024-01-14T00:00:00
231663,10652,1,0.91700125,2024-01-14T00:00:00
213513,1304,1,0.9168655,2024-01-14T00:00:00
208206,1304,1,0.916652,2024-01-14T00:00:00
225672,11262,1,0.91627586,2024-01-14T00:00:00
175878,1304,1,0.91616136,2024-01-14T00:00:00
236226,48574,1,0.9159802,2024-01-14T00:00:00
153084,1370,1,0.91588527,2024-01-14T00:00:00
65637,1370,1,0.91572493,2024-01-14T00:00:00
189045,1370,1,0.91572344,2024-01-14T00:00:00
212721,1304,1,0.9154437,2024-01-14T00:00:00
153303,11262,1,0.91506344,2024-01-14T00:00:00
72117,56714,1,0.9147236,2024-01-14T00:00:00
61977,1304,1,0.91470015,2024-01-14T00:00:00
213102,56714,1,0.91458195,2024-01-14T00:00:00
197286,1304,1,0.91444856,2024-01-14T00:00:00
203088,1370,1,0.91425115,2024-01-14T00:00:00
204762,1370,1,0.91425115,2024-01-14T00:00:00
203133,1370,1,0.91425115,2024-01-14T00:00:00
203247,1370,1,0.91425115,2024-01-14T00:00:00
227973,1370,1,0.91425115,2024-01-14T00:00:00
188961,1370,1,0.91422415,2024-01-14T00:00:00
203274,1370,1,0.9141228,2024-01-14T00:00:00
203145,1370,1,0.9141228,2024-01-14T00:00:00
205722,1304,1,0.9138675,2024-01-14T00:00:00
163131,1370,1,0.91354823,2024-01-14T00:00:00
210981,1370,1,0.91354823,2024-01-14T00:00:00
183213,1370,1,0.913516,2024-01-14T00:00:00
203088,56714,1,0.91346544,2024-01-14T00:00:00
204762,56714,1,0.91346544,2024-01-14T00:00:00
211950,1304,1,0.9134479,2024-01-14T00:00:00
66879,1370,1,0.913432,2024-01-14T00:00:00
206358,1304,1,0.91336894,2024-01-14T00:00:00
158610,1304,1,0.91336894,2024-01-14T00:00:00
210843,1304,1,0.91336894,2024-01-14T00:00:00
206823,59822,1,0.91336894,2024-01-14T00:00:00
207366,1304,1,0.91336894,2024-01-14T00:00:00
206637,1304,1,0.91336894,2024-01-14T00:00:00
194208,1304,1,0.91336894,2024-01-14T00:00:00
206484,11262,1,0.91311854,2024-01-14T00:00:00
224280,1370,1,0.9129625,2024-01-14T00:00:00
203454,1370,1,0.9129625,2024-01-14T00:00:00
203451,1370,1,0.9129625,2024-01-14T00:00:00
232410,1370,1,0.9129161,2024-01-14T00:00:00
220728,1304,1,0.9129018,2024-01-14T00:00:00
222843,59822,1,0.91284287,2024-01-14T00:00:00
222843,1304,1,0.91284287,2024-01-14T00:00:00
232788,1304,1,0.9127063,2024-01-14T00:00:00
72558,1304,1,0.91263276,2024-01-14T00:00:00
212220,57804,1,0.9126034,2024-01-14T00:00:00
176403,57804,1,0.9126034,2024-01-14T00:00:00
208794,35846,1,0.9124875,2024-01-14T00:00:00
194388,1370,1,0.9123292,2024-01-14T00:00:00
236766,1370,1,0.9123292,2024-01-14T00:00:00
231102,1370,1,0.9122848,2024-01-14T00:00:00
166002,1370,1,0.9120835,2024-01-14T00:00:00
238068,11262,1,0.9120254,2024-01-14T00:00:00
211761,11262,1,0.9120254,2024-01-14T00:00:00
62817,11262,1,0.9119569,2024-01-14T00:00:00
211533,16358,1,0.91188866,2024-01-14T00:00:00
186078,11262,1,0.91186893,2024-01-14T00:00:00
25743,1370,1,0.9118533,2024-01-14T00:00:00
236973,11262,1,0.9118411,2024-01-14T00:00:00
224841,11262,1,0.9117413,2024-01-14T00:00:00
189012,11262,1,0.9116682,2024-01-14T00:00:00
212640,60978,1,0.91153336,2024-01-14T00:00:00
206838,60978,1,0.91153336,2024-01-14T00:00:00
207129,60978,1,0.91153336,2024-01-14T00:00:00
231663,1370,1,0.911366,2024-01-14T00:00:00
209994,56714,1,0.91134477,2024-01-14T00:00:00
156486,1370,1,0.9111385,2024-01-14T00:00:00
65328,1370,1,0.91113573,2024-01-14T00:00:00
186078,1304,1,0.91106665,2024-01-14T00:00:00
186078,59822,1,0.91106665,2024-01-14T00:00:00
165132,1304,1,0.9110548,2024-01-14T00:00:00
197529,56714,1,0.9110448,2024-01-14T00:00:00
204144,1370,1,0.91100514,2024-01-14T00:00:00
187839,1304,1,0.91086257,2024-01-14T00:00:00
66843,11262,1,0.9107853,2024-01-14T00:00:00
186990,1304,1,0.91067487,2024-01-14T00:00:00
156057,56714,1,0.91064155,2024-01-14T00:00:00
72645,59822,1,0.91052544,2024-01-14T00:00:00
72645,1304,1,0.91052544,2024-01-14T00:00:00
175878,56714,1,0.9102564,2024-01-14T00:00:00
183363,11262,1,0.9102367,2024-01-14T00:00:00
212721,39186,1,0.9101227,2024-01-14T00:00:00
238218,11262,1,0.9100746,2024-01-14T00:00:00
208758,60978,1,0.90996075,2024-01-14T00:00:00
172704,11262,1,0.9099526,2024-01-14T00:00:00
61824,48574,1,0.90992594,2024-01-14T00:00:00
222306,11262,1,0.90956503,2024-01-14T00:00:00
203316,11262,1,0.90956503,2024-01-14T00:00:00
203310,11262,1,0.90956503,2024-01-14T00:00:00
237300,11262,1,0.90956503,2024-01-14T00:00:00
205662,11262,1,0.90956503,2024-01-14T00:00:00
183492,10652,1,0.9094939,2024-01-14T00:00:00
157224,11262,1,0.90937257,2024-01-14T00:00:00
181101,60978,1,0.9092708,2024-01-14T00:00:00
236226,1370,1,0.9092586,2024-01-14T00:00:00
227664,1370,1,0.90920615,2024-01-14T00:00:00
236490,1304,1,0.909157,2024-01-14T00:00:00
225393,1304,1,0.9091391,2024-01-14T00:00:00
219450,56714,1,0.9091123,2024-01-14T00:00:00
156063,1370,1,0.9090786,2024-01-14T00:00:00
234972,1304,1,0.9087776,2024-01-14T00:00:00
212256,11262,1,0.9087057,2024-01-14T00:00:00
182292,59822,1,0.9086393,2024-01-14T00:00:00
182292,1304,1,0.9086393,2024-01-14T00:00:00
186657,1304,1,0.90855604,2024-01-14T00:00:00
167316,56714,1,0.90854865,2024-01-14T00:00:00
234018,1304,1,0.9082897,2024-01-14T00:00:00
207330,1370,1,0.9081563,2024-01-14T00:00:00
172503,1304,1,0.90796363,2024-01-14T00:00:00
233427,11262,1,0.9075792,2024-01-14T00:00:00
66843,1370,1,0.90712845,2024-01-14T00:00:00
216498,56714,1,0.90648824,2024-01-14T00:00:00
198882,11262,1,0.90638083,2024-01-14T00:00:00
182292,1370,1,0.906351,2024-01-14T00:00:00
232614,11262,1,0.9063449,2024-01-14T00:00:00
179496,1370,1,0.9061058,2024-01-14T00:00:00
186174,56714,1,0.90578353,2024-01-14T00:00:00
221115,56714,1,0.90570647,2024-01-14T00:00:00
224841,1370,1,0.90564674,2024-01-14T00:00:00
72045,59822,1,0.9054106,2024-01-14T00:00:00
72045,1304,1,0.9054106,2024-01-14T00:00:00
195063,56714,1,0.9054059,2024-01-14T00:00:00
153882,1304,1,0.90536404,2024-01-14T00:00:00
206376,56714,1,0.90533173,2024-01-14T00:00:00
200259,1304,1,0.90530443,2024-01-14T00:00:00
198522,10808,1,0.90525705,2024-01-14T00:00:00
153312,1304,1,0.90517,2024-01-14T00:00:00
192942,1370,1,0.90510315,2024-01-14T00:00:00
206784,1370,1,0.90510315,2024-01-14T00:00:00
211533,48574,1,0.9048701,2024-01-14T00:00:00
188604,1304,1,0.90482295,2024-01-14T00:00:00
187395,1370,1,0.9047942,2024-01-14T00:00:00
216948,1370,1,0.90468544,2024-01-14T00:00:00
216498,60978,1,0.90451765,2024-01-14T00:00:00
60888,1304,1,0.9041971,2024-01-14T00:00:00
232035,60978,1,0.9041322,2024-01-14T00:00:00
176643,1304,1,0.90395576,2024-01-14T00:00:00
223089,57804,1,0.9039274,2024-01-14T00:00:00
211641,1304,1,0.9038373,2024-01-14T00:00:00
238218,1370,1,0.90383583,2024-01-14T00:00:00
178257,1304,1,0.90362203,2024-01-14T00:00:00
219048,1370,1,0.90345865,2024-01-14T00:00:00
181860,1304,1,0.903268,2024-01-14T00:00:00
166005,1370,1,0.9031846,2024-01-14T00:00:00
219420,1304,1,0.90314776,2024-01-14T00:00:00
154011,11262,1,0.90303487,2024-01-14T00:00:00
188730,11262,1,0.90303487,2024-01-14T00:00:00
187734,11262,1,0.90303487,2024-01-14T00:00:00
207600,48574,1,0.9029764,2024-01-14T00:00:00
191226,30500,1,0.9027658,2024-01-14T00:00:00
233970,11262,1,0.90262145,2024-01-14T00:00:00
61344,30500,1,0.90252334,2024-01-14T00:00:00
237195,1304,1,0.90245444,2024-01-14T00:00:00
203673,3382,1,0.9022815,2024-01-14T00:00:00
208473,11262,1,0.9021755,2024-01-14T00:00:00
186177,56714,1,0.90216994,2024-01-14T00:00:00
66777,1304,1,0.90216565,2024-01-14T00:00:00
222204,11262,1,0.90197,2024-01-14T00:00:00
215985,30500,1,0.9017519,2024-01-14T00:00:00
205740,1304,1,0.90161616,2024-01-14T00:00:00
205740,59822,1,0.90161616,2024-01-14T00:00:00
204768,1304,1,0.90161616,2024-01-14T00:00:00
206784,30500,1,0.9015403,2024-01-14T00:00:00
183489,1370,1,0.90137154,2024-01-14T00:00:00
233427,1304,1,0.9011357,2024-01-14T00:00:00
71766,1304,1,0.9011247,2024-01-14T00:00:00
209154,56714,1,0.901065,2024-01-14T00:00:00
67740,11262,1,0.9009273,2024-01-14T00:00:00
211533,1372,1,0.90078807,2024-01-14T00:00:00
232503,1372,1,0.9007349,2024-01-14T00:00:00
209637,1304,1,0.90052634,2024-01-14T00:00:00
230010,1370,1,0.9002656,2024-01-14T00:00:00
207240,1370,1,0.9002656,2024-01-14T00:00:00
210882,1370,1,0.9001918,2024-01-14T00:00:00
186078,1370,1,0.90018344,2024-01-14T00:00:00
164337,11262,1,0.8999457,2024-01-14T00:00:00
212775,1370,1,0.89982146,2024-01-14T00:00:00
60864,48574,1,0.89974403,2024-01-14T00:00:00
160770,1304,1,0.89969337,2024-01-14T00:00:00
154167,11262,1,0.8996824,2024-01-14T00:00:00
226827,30500,1,0.8995477,2024-01-14T00:00:00
194229,60978,1,0.89924735,2024-01-14T00:00:00
234093,60978,1,0.89924693,2024-01-14T00:00:00
203106,60978,1,0.89924693,2024-01-14T00:00:00
59703,1304,1,0.89908975,2024-01-14T00:00:00
220170,1304,1,0.89908975,2024-01-14T00:00:00
203889,1304,1,0.89908975,2024-01-14T00:00:00
203058,1304,1,0.89908975,2024-01-14T00:00:00
203052,1304,1,0.89908975,2024-01-14T00:00:00
192768,1304,1,0.89908975,2024-01-14T00:00:00
129153,1304,1,0.89908975,2024-01-14T00:00:00
192771,59822,1,0.89908975,2024-01-14T00:00:00
66378,1304,1,0.89908975,2024-01-14T00:00:00
203502,59822,1,0.89908975,2024-01-14T00:00:00
192768,59822,1,0.89908975,2024-01-14T00:00:00
199860,1304,1,0.89908975,2024-01-14T00:00:00
203574,1304,1,0.89908975,2024-01-14T00:00:00
192756,1304,1,0.89908975,2024-01-14T00:00:00
192771,1304,1,0.89908975,2024-01-14T00:00:00
229521,1304,1,0.89908975,2024-01-14T00:00:00
212505,1304,1,0.89908975,2024-01-14T00:00:00
210846,1304,1,0.89908975,2024-01-14T00:00:00
154578,11262,1,0.89893305,2024-01-14T00:00:00
205332,30500,1,0.8989205,2024-01-14T00:00:00
206448,33886,1,0.8985696,2024-01-14T00:00:00
193323,33886,1,0.8985696,2024-01-14T00:00:00
200964,33886,1,0.89838445,2024-01-14T00:00:00
198573,1370,1,0.89807224,2024-01-14T00:00:00
191247,1372,1,0.8979534,2024-01-14T00:00:00
234021,30500,1,0.89750415,2024-01-14T00:00:00
212526,1370,1,0.897421,2024-01-14T00:00:00
208506,1304,1,0.8973421,2024-01-14T00:00:00
208500,1304,1,0.8973421,2024-01-14T00:00:00
208806,1304,1,0.8973421,2024-01-14T00:00:00
221115,11262,1,0.8971849,2024-01-14T00:00:00
154245,48574,1,0.8971308,2024-01-14T00:00:00
172161,48574,1,0.8971308,2024-01-14T00:00:00
61692,11262,1,0.8967842,2024-01-14T00:00:00
217620,1370,1,0.89671487,2024-01-14T00:00:00
60882,1370,1,0.8963823,2024-01-14T00:00:00
197673,11262,1,0.8963594,2024-01-14T00:00:00
231663,33886,1,0.8962138,2024-01-14T00:00:00
128526,60978,1,0.89608794,2024-01-14T00:00:00
216108,11262,1,0.8958107,2024-01-14T00:00:00
89013,1304,1,0.89575124,2024-01-14T00:00:00
154707,11262,1,0.89560825,2024-01-14T00:00:00
203790,48574,1,0.8955571,2024-01-14T00:00:00
208872,1370,1,0.895449,2024-01-14T00:00:00
60864,11262,1,0.8952678,2024-01-14T00:00:00
154890,48574,1,0.89500415,2024-01-14T00:00:00
235191,1304,1,0.8949039,2024-01-14T00:00:00
201837,59822,1,0.8949039,2024-01-14T00:00:00
201837,1304,1,0.8949039,2024-01-14T00:00:00
233559,1370,1,0.89476794,2024-01-14T00:00:00
203106,33886,1,0.89436424,2024-01-14T00:00:00
210393,33886,1,0.89436424,2024-01-14T00:00:00
184863,56714,1,0.89430606,2024-01-14T00:00:00
203259,1304,1,0.8938703,2024-01-14T00:00:00
208350,1304,1,0.8938703,2024-01-14T00:00:00
203259,59822,1,0.8938703,2024-01-14T00:00:00
59700,1370,1,0.8936553,2024-01-14T00:00:00
206979,35846,1,0.89315385,2024-01-14T00:00:00
188637,56714,1,0.8929748,2024-01-14T00:00:00
232035,1304,1,0.8929422,2024-01-14T00:00:00
232827,1372,1,0.89283687,2024-01-14T00:00:00
210633,1304,1,0.8925788,2024-01-14T00:00:00
208491,33886,1,0.8921213,2024-01-14T00:00:00
234018,1370,1,0.8918481,2024-01-14T00:00:00
230073,30500,1,0.8917658,2024-01-14T00:00:00
198990,56714,1,0.8916877,2024-01-14T00:00:00
227829,56714,1,0.8916877,2024-01-14T00:00:00
192300,11262,1,0.89161444,2024-01-14T00:00:00
208539,11262,1,0.8916026,2024-01-14T00:00:00
208545,11262,1,0.8916026,2024-01-14T00:00:00
186933,53386,1,0.8915689,2024-01-14T00:00:00
212526,11262,1,0.8914485,2024-01-14T00:00:00
171939,1370,1,0.8914191,2024-01-14T00:00:00
206811,1304,1,0.89120597,2024-01-14T00:00:00
228315,1304,1,0.8911468,2024-01-14T00:00:00
206868,1304,1,0.8909241,2024-01-14T00:00:00
155052,48574,1,0.8908263,2024-01-14T00:00:00
204144,11262,1,0.8907085,2024-01-14T00:00:00
203724,30500,1,0.89050967,2024-01-14T00:00:00
234093,30500,1,0.8905068,2024-01-14T00:00:00
201798,56714,1,0.89037496,2024-01-14T00:00:00
207240,1304,1,0.8901482,2024-01-14T00:00:00
230010,1304,1,0.8901482,2024-01-14T00:00:00
228729,1370,1,0.8899424,2024-01-14T00:00:00
206667,1370,1,0.8898484,2024-01-14T00:00:00
164640,11262,1,0.88966525,2024-01-14T00:00:00
154119,1370,1,0.8894679,2024-01-14T00:00:00
194229,124,1,0.8894223,2024-01-14T00:00:00
188787,1370,1,0.88936526,2024-01-14T00:00:00
228753,1370,1,0.8893051,2024-01-14T00:00:00
225672,1304,1,0.88916653,2024-01-14T00:00:00
225501,1304,1,0.8890823,2024-01-14T00:00:00
220269,1370,1,0.889014,2024-01-14T00:00:00
88821,33534,1,0.88899314,2024-01-14T00:00:00
153138,1304,1,0.8888754,2024-01-14T00:00:00
216366,1304,1,0.8886901,2024-01-14T00:00:00
66465,1304,1,0.8886083,2024-01-14T00:00:00
188196,1372,1,0.88853806,2024-01-14T00:00:00
203673,39186,1,0.88852227,2024-01-14T00:00:00
200259,1372,1,0.8883011,2024-01-14T00:00:00
207216,1370,1,0.88821775,2024-01-14T00:00:00
206484,33886,1,0.88816047,2024-01-14T00:00:00
162795,1304,1,0.8881159,2024-01-14T00:00:00
204276,11262,1,0.8880355,2024-01-14T00:00:00
183573,1370,1,0.88795185,2024-01-14T00:00:00
225747,1370,1,0.8879115,2024-01-14T00:00:00
207996,1304,1,0.8875614,2024-01-14T00:00:00
177903,1370,1,0.8875498,2024-01-14T00:00:00
234018,11262,1,0.88753295,2024-01-14T00:00:00
238827,1372,1,0.88750625,2024-01-14T00:00:00
167316,11262,1,0.88744456,2024-01-14T00:00:00
208812,1304,1,0.88736254,2024-01-14T00:00:00
208812,59822,1,0.88736254,2024-01-14T00:00:00
223968,56714,1,0.88734823,2024-01-14T00:00:00
210342,1304,1,0.88729644,2024-01-14T00:00:00
154098,11262,1,0.8872915,2024-01-14T00:00:00
212397,11262,1,0.88698536,2024-01-14T00:00:00
72108,1370,1,0.88683325,2024-01-14T00:00:00
154113,11262,1,0.886728,2024-01-14T00:00:00
172587,1304,1,0.8863385,2024-01-14T00:00:00
65640,1370,1,0.886315,2024-01-14T00:00:00
204483,11262,1,0.8861167,2024-01-14T00:00:00
203301,11262,1,0.8859809,2024-01-14T00:00:00
212571,44302,1,0.88579273,2024-01-14T00:00:00
178830,1370,1,0.88571477,2024-01-14T00:00:00
206838,35846,1,0.8853901,2024-01-14T00:00:00
207618,1370,1,0.88509846,2024-01-14T00:00:00
184509,60978,1,0.8850916,2024-01-14T00:00:00
157500,59822,1,0.88470423,2024-01-14T00:00:00
227343,59822,1,0.8846978,2024-01-14T00:00:00
227343,1304,1,0.8846978,2024-01-14T00:00:00
178230,1370,1,0.8846895,2024-01-14T00:00:00
157224,1370,1,0.8845083,2024-01-14T00:00:00
203700,56714,1,0.88449776,2024-01-14T00:00:00
206346,50270,1,0.8842234,2024-01-14T00:00:00
206784,16358,1,0.8841068,2024-01-14T00:00:00
192942,16358,1,0.8841068,2024-01-14T00:00:00
211989,1304,1,0.8836247,2024-01-14T00:00:00
208758,33886,1,0.88351536,2024-01-14T00:00:00
231909,11262,1,0.8834806,2024-01-14T00:00:00
208899,11262,1,0.8833825,2024-01-14T00:00:00
187395,11262,1,0.88286185,2024-01-14T00:00:00
64353,1370,1,0.8828238,2024-01-14T00:00:00
156057,11262,1,0.882755,2024-01-14T00:00:00
25749,11262,1,0.88271034,2024-01-14T00:00:00
183912,1370,1,0.882628,2024-01-14T00:00:00
208806,35846,1,0.8825878,2024-01-14T00:00:00
227664,48574,1,0.8824719,2024-01-14T00:00:00
160029,56714,1,0.88238364,2024-01-14T00:00:00
156057,1370,1,0.88227546,2024-01-14T00:00:00
223389,1304,1,0.88220567,2024-01-14T00:00:00
65637,56714,1,0.8820568,2024-01-14T00:00:00
223071,1370,1,0.8819997,2024-01-14T00:00:00
194883,48574,1,0.8819942,2024-01-14T00:00:00
174279,1304,1,0.8819213,2024-01-14T00:00:00
65637,11262,1,0.881834,2024-01-14T00:00:00
210114,1370,1,0.8817693,2024-01-14T00:00:00
207996,1370,1,0.8817221,2024-01-14T00:00:00
225276,11262,1,0.88150346,2024-01-14T00:00:00
69249,1370,1,0.88089335,2024-01-14T00:00:00
183672,1304,1,0.8807615,2024-01-14T00:00:00
208449,1370,1,0.8806766,2024-01-14T00:00:00
70890,1370,1,0.88065916,2024-01-14T00:00:00
153645,57804,1,0.8803797,2024-01-14T00:00:00
184863,11262,1,0.88025385,2024-01-14T00:00:00
172035,1370,1,0.8800843,2024-01-14T00:00:00
161058,1370,1,0.87995267,2024-01-14T00:00:00
158499,1370,1,0.87989515,2024-01-14T00:00:00
226662,60978,1,0.87983805,2024-01-14T00:00:00
128685,56714,1,0.8798037,2024-01-14T00:00:00
204795,48574,1,0.8797832,2024-01-14T00:00:00
203724,48574,1,0.8797832,2024-01-14T00:00:00
210876,11262,1,0.87973124,2024-01-14T00:00:00
187974,11262,1,0.87973124,2024-01-14T00:00:00
198522,1304,1,0.87971115,2024-01-14T00:00:00
155055,1370,1,0.8797017,2024-01-14T00:00:00
153885,1304,1,0.87957954,2024-01-14T00:00:00
153885,59822,1,0.87957954,2024-01-14T00:00:00
234093,48574,1,0.8795547,2024-01-14T00:00:00
210393,48574,1,0.8795547,2024-01-14T00:00:00
212220,1370,1,0.87953657,2024-01-14T00:00:00
210627,11262,1,0.8794307,2024-01-14T00:00:00
204780,35846,1,0.8792076,2024-01-14T00:00:00
179853,11262,1,0.8789452,2024-01-14T00:00:00
205815,1370,1,0.87888396,2024-01-14T00:00:00
128502,60978,1,0.87878036,2024-01-14T00:00:00
194790,11262,1,0.87827325,2024-01-14T00:00:00
219030,11262,1,0.87793535,2024-01-14T00:00:00
164457,1370,1,0.87783444,2024-01-14T00:00:00
224787,39186,1,0.8777246,2024-01-14T00:00:00
191892,56714,1,0.87741363,2024-01-14T00:00:00
203727,11262,1,0.8768305,2024-01-14T00:00:00
200508,11262,1,0.8768305,2024-01-14T00:00:00
187734,56714,1,0.8766078,2024-01-14T00:00:00
188730,56714,1,0.8766078,2024-01-14T00:00:00
154011,56714,1,0.8766078,2024-01-14T00:00:00
206937,1304,1,0.8760765,2024-01-14T00:00:00
215517,59822,1,0.8760765,2024-01-14T00:00:00
215517,1304,1,0.8760765,2024-01-14T00:00:00
189012,1372,1,0.8757154,2024-01-14T00:00:00
196302,1304,1,0.8756498,2024-01-14T00:00:00
217002,1370,1,0.87563163,2024-01-14T00:00:00
64734,1304,1,0.8752863,2024-01-14T00:00:00
212640,30500,1,0.8752438,2024-01-14T00:00:00
206421,30500,1,0.8752438,2024-01-14T00:00:00
212469,1304,1,0.8750966,2024-01-14T00:00:00
210045,1370,1,0.87498707,2024-01-14T00:00:00
186987,1304,1,0.874964,2024-01-14T00:00:00
65631,1370,1,0.87489164,2024-01-14T00:00:00
176403,30500,1,0.87462866,2024-01-14T00:00:00
206772,59822,1,0.8741874,2024-01-14T00:00:00
206964,1304,1,0.8741874,2024-01-14T00:00:00
206772,1304,1,0.8741874,2024-01-14T00:00:00
213114,1304,1,0.8741874,2024-01-14T00:00:00
154953,11262,1,0.874031,2024-01-14T00:00:00
210342,1372,1,0.8739525,2024-01-14T00:00:00
186882,16358,1,0.8739359,2024-01-14T00:00:00
219381,11262,1,0.87382233,2024-01-14T00:00:00
207087,60,1,0.8731525,2024-01-14T00:00:00
208488,1372,1,0.8730084,2024-01-14T00:00:00
211767,11262,1,0.8728126,2024-01-14T00:00:00
210633,30500,1,0.872778,2024-01-14T00:00:00
211638,1304,1,0.87277675,2024-01-14T00:00:00
211638,59822,1,0.87277675,2024-01-14T00:00:00
227310,56714,1,0.8727701,2024-01-14T00:00:00
227238,1370,1,0.8727187,2024-01-14T00:00:00
189012,1304,1,0.87264663,2024-01-14T00:00:00
154707,56714,1,0.87264365,2024-01-14T00:00:00
160029,1304,1,0.87263715,2024-01-14T00:00:00
206979,60978,1,0.87198174,2024-01-14T00:00:00
217494,1304,1,0.8718782,2024-01-14T00:00:00
209976,1304,1,0.87176806,2024-01-14T00:00:00
203700,10652,1,0.8716444,2024-01-14T00:00:00
211749,50270,1,0.8715879,2024-01-14T00:00:00
61908,1304,1,0.8715394,2024-01-14T00:00:00
236973,60978,1,0.8715244,2024-01-14T00:00:00
206952,54290,1,0.8713543,2024-01-14T00:00:00
206664,60978,1,0.87135315,2024-01-14T00:00:00
206667,60978,1,0.87135315,2024-01-14T00:00:00
164970,1304,1,0.8709122,2024-01-14T00:00:00
194790,1304,1,0.87073725,2024-01-14T00:00:00
186933,50270,1,0.8706564,2024-01-14T00:00:00
200508,1304,1,0.87035,2024-01-14T00:00:00
203727,1304,1,0.87035,2024-01-14T00:00:00
212445,50274,1,0.87028956,2024-01-14T00:00:00
194229,57804,1,0.8701548,2024-01-14T00:00:00
231909,1370,1,0.87011194,2024-01-14T00:00:00
237252,1370,1,0.8699548,2024-01-14T00:00:00
186882,56714,1,0.86968136,2024-01-14T00:00:00
186384,1370,1,0.86955625,2024-01-14T00:00:00
203532,56714,1,0.86885524,2024-01-14T00:00:00
203709,56714,1,0.86885524,2024-01-14T00:00:00
217380,16358,1,0.8687847,2024-01-14T00:00:00
231663,60978,1,0.8687298,2024-01-14T00:00:00
206346,60978,1,0.86855704,2024-01-14T00:00:00
161403,11262,1,0.8685493,2024-01-14T00:00:00
163131,1304,1,0.8684833,2024-01-14T00:00:00
227664,33886,1,0.86844873,2024-01-14T00:00:00
222669,39186,1,0.86813104,2024-01-14T00:00:00
212256,1370,1,0.8680396,2024-01-14T00:00:00
184485,1370,1,0.8680396,2024-01-14T00:00:00
188331,57804,1,0.86787015,2024-01-14T00:00:00
165750,35846,1,0.8677031,2024-01-14T00:00:00
219450,1370,1,0.8675734,2024-01-14T00:00:00
140277,11262,1,0.86744756,2024-01-14T00:00:00
208899,1304,1,0.8674399,2024-01-14T00:00:00
231162,56714,1,0.86709213,2024-01-14T00:00:00
231057,44302,1,0.8669286,2024-01-14T00:00:00
206856,1304,1,0.86652344,2024-01-14T00:00:00
154275,1304,1,0.8662853,2024-01-14T00:00:00
210978,1372,1,0.86621106,2024-01-14T00:00:00
219132,1304,1,0.86593556,2024-01-14T00:00:00
203517,59822,1,0.86584,2024-01-14T00:00:00
203517,1304,1,0.86584,2024-01-14T00:00:00
232827,60978,1,0.86544126,2024-01-14T00:00:00
61692,56714,1,0.86478674,2024-01-14T00:00:00
208812,11262,1,0.8647669,2024-01-14T00:00:00
208758,1304,1,0.8647427,2024-01-14T00:00:00
161208,1304,1,0.8645666,2024-01-14T00:00:00
182565,1370,1,0.8645625,2024-01-14T00:00:00
220269,48574,1,0.8642203,2024-01-14T00:00:00
172590,11262,1,0.86412525,2024-01-14T00:00:00
238827,1370,1,0.86405146,2024-01-14T00:00:00
204243,11262,1,0.86404884,2024-01-14T00:00:00
206439,1304,1,0.86404175,2024-01-14T00:00:00
208536,11262,1,0.8639445,2024-01-14T00:00:00
208533,1304,1,0.8639138,2024-01-14T00:00:00
211383,30500,1,0.86353,2024-01-14T00:00:00
203724,56714,1,0.8630323,2024-01-14T00:00:00
204795,56714,1,0.8630323,2024-01-14T00:00:00
211989,11262,1,0.86295944,2024-01-14T00:00:00
226848,11262,1,0.8629258,2024-01-14T00:00:00
165717,11262,1,0.8629258,2024-01-14T00:00:00
216948,56714,1,0.86272967,2024-01-14T00:00:00
228060,1370,1,0.862419,2024-01-14T00:00:00
206460,1370,1,0.862419,2024-01-14T00:00:00
207993,1370,1,0.86237705,2024-01-14T00:00:00
213987,1370,1,0.8623116,2024-01-14T00:00:00
191247,30500,1,0.8621273,2024-01-14T00:00:00
222894,1304,1,0.8620725,2024-01-14T00:00:00
72930,1372,1,0.8619581,2024-01-14T00:00:00
173940,1370,1,0.8618802,2024-01-14T00:00:00
211965,16358,1,0.8615872,2024-01-14T00:00:00
184674,1304,1,0.86153,2024-01-14T00:00:00
230028,1304,1,0.8609933,2024-01-14T00:00:00
172719,11262,1,0.8609578,2024-01-14T00:00:00
175266,1370,1,0.8609144,2024-01-14T00:00:00
178230,11262,1,0.86069775,2024-01-14T00:00:00
231096,1304,1,0.86053914,2024-01-14T00:00:00
206367,1304,1,0.86047393,2024-01-14T00:00:00
207084,1304,1,0.86047393,2024-01-14T00:00:00
207078,1304,1,0.86047393,2024-01-14T00:00:00
210897,1304,1,0.86047393,2024-01-14T00:00:00
206646,1304,1,0.86047393,2024-01-14T00:00:00
222438,11262,1,0.86010706,2024-01-14T00:00:00
232269,60978,1,0.8600791,2024-01-14T00:00:00
206376,1370,1,0.8598944,2024-01-14T00:00:00
183213,1304,1,0.8598895,2024-01-14T00:00:00
208575,44302,1,0.85978365,2024-01-14T00:00:00
206670,30500,1,0.85966945,2024-01-14T00:00:00
223968,30500,1,0.85959333,2024-01-14T00:00:00
227292,1370,1,0.859331,2024-01-14T00:00:00
236973,1304,1,0.8592437,2024-01-14T00:00:00
181101,50274,1,0.85911864,2024-01-14T00:00:00
237057,1372,1,0.8590076,2024-01-14T00:00:00
207087,1304,1,0.8589925,2024-01-14T00:00:00
155052,1304,1,0.85862046,2024-01-14T00:00:00
230178,59822,1,0.85862046,2024-01-14T00:00:00
96138,11262,1,0.8585889,2024-01-14T00:00:00
206442,33886,1,0.8584989,2024-01-14T00:00:00
206433,33886,1,0.8584989,2024-01-14T00:00:00
25734,33886,1,0.8584989,2024-01-14T00:00:00
203277,11262,1,0.85839915,2024-01-14T00:00:00
224280,11262,1,0.85839915,2024-01-14T00:00:00
203454,11262,1,0.85839915,2024-01-14T00:00:00
201798,11262,1,0.85828817,2024-01-14T00:00:00
96444,33886,1,0.858276,2024-01-14T00:00:00
203142,56714,1,0.85825837,2024-01-14T00:00:00
153381,11262,1,0.8576346,2024-01-14T00:00:00
232035,30500,1,0.8573746,2024-01-14T00:00:00
172719,59822,1,0.8571572,2024-01-14T00:00:00
208533,56714,1,0.85709786,2024-01-14T00:00:00
238827,1304,1,0.85691094,2024-01-14T00:00:00
206418,44302,1,0.8566799,2024-01-14T00:00:00
164007,1304,1,0.85625666,2024-01-14T00:00:00
230073,33886,1,0.856217,2024-01-14T00:00:00
196311,1304,1,0.85600877,2024-01-14T00:00:00
178830,10652,1,0.8558856,2024-01-14T00:00:00
153999,1304,1,0.8558426,2024-01-14T00:00:00
203328,1370,1,0.855702,2024-01-14T00:00:00
206772,1370,1,0.85565114,2024-01-14T00:00:00
184485,1304,1,0.8553614,2024-01-14T00:00:00
212256,1304,1,0.8553614,2024-01-14T00:00:00
212640,48574,1,0.8552155,2024-01-14T00:00:00
72558,10652,1,0.8548655,2024-01-14T00:00:00
219450,1372,1,0.8546904,2024-01-14T00:00:00
208554,56714,1,0.8546859,2024-01-14T00:00:00
155388,1372,1,0.8543435,2024-01-14T00:00:00
184509,48574,1,0.8541235,2024-01-14T00:00:00
238263,1304,1,0.8541157,2024-01-14T00:00:00
181149,1304,1,0.8540245,2024-01-14T00:00:00
191256,1370,1,0.8539339,2024-01-14T00:00:00
195507,59822,1,0.8538087,2024-01-14T00:00:00
195507,1304,1,0.8538087,2024-01-14T00:00:00
198882,48574,1,0.85375905,2024-01-14T00:00:00
230010,11262,1,0.85357106,2024-01-14T00:00:00
219456,1304,1,0.8535595,2024-01-14T00:00:00
206748,56714,1,0.85355407,2024-01-14T00:00:00
229737,1304,1,0.8534604,2024-01-14T00:00:00
154119,11262,1,0.8534074,2024-01-14T00:00:00
226827,60978,1,0.8529419,2024-01-14T00:00:00
183213,60978,1,0.8527692,2024-01-14T00:00:00
172704,1370,1,0.85263866,2024-01-14T00:00:00
236520,57804,1,0.85257167,2024-01-14T00:00:00
212586,1372,1,0.8525281,2024-01-14T00:00:00
197286,56714,1,0.8523221,2024-01-14T00:00:00
184674,11262,1,0.85210353,2024-01-14T00:00:00
61824,30500,1,0.85209113,2024-01-14T00:00:00
226662,48574,1,0.8519211,2024-01-14T00:00:00
60882,11262,1,0.85188586,2024-01-14T00:00:00
153072,1370,1,0.8517755,2024-01-14T00:00:00
208347,1304,1,0.8517015,2024-01-14T00:00:00
208545,1304,1,0.8512967,2024-01-14T00:00:00
157500,48574,1,0.8512453,2024-01-14T00:00:00
216498,16358,1,0.85067207,2024-01-14T00:00:00
177474,59822,1,0.8505944,2024-01-14T00:00:00
61344,39186,1,0.8505465,2024-01-14T00:00:00
232503,60978,1,0.850529,2024-01-14T00:00:00
212571,48574,1,0.8504214,2024-01-14T00:00:00
208515,60978,1,0.8501317,2024-01-14T00:00:00
206346,33886,1,0.85006154,2024-01-14T00:00:00
236520,10808,1,0.84982955,2024-01-14T00:00:00
196845,1304,1,0.8497266,2024-01-14T00:00:00
186174,30500,1,0.84947217,2024-01-14T00:00:00
219450,35732,1,0.84942234,2024-01-14T00:00:00
166029,11262,1,0.84926087,2024-01-14T00:00:00
183576,60978,1,0.84922093,2024-01-14T00:00:00
197286,48574,1,0.8490787,2024-01-14T00:00:00
212445,60978,1,0.84907585,2024-01-14T00:00:00
204093,35732,1,0.84842306,2024-01-14T00:00:00
206346,48574,1,0.84842193,2024-01-14T00:00:00
206346,46632,1,0.8481082,2024-01-14T00:00:00
200964,50270,1,0.84807205,2024-01-14T00:00:00
154113,1304,1,0.8480092,2024-01-14T00:00:00
206937,33886,1,0.847961,2024-01-14T00:00:00
224631,48574,1,0.8479479,2024-01-14T00:00:00
128502,30500,1,0.84769094,2024-01-14T00:00:00
207996,11262,1,0.84741485,2024-01-14T00:00:00
198882,1370,1,0.8466913,2024-01-14T00:00:00
66918,1370,1,0.8466871,2024-01-14T00:00:00
204189,36720,1,0.8465399,2024-01-14T00:00:00
208524,11262,1,0.84629405,2024-01-14T00:00:00
206346,1372,1,0.8462915,2024-01-14T00:00:00
61902,1304,1,0.84617645,2024-01-14T00:00:00
156063,1304,1,0.8459889,2024-01-14T00:00:00
206673,1304,1,0.84575546,2024-01-14T00:00:00
210840,1304,1,0.84575546,2024-01-14T00:00:00
72645,1370,1,0.8451889,2024-01-14T00:00:00
188853,11262,1,0.8451494,2024-01-14T00:00:00
163101,1304,1,0.8448888,2024-01-14T00:00:00
189045,11262,1,0.8448882,2024-01-14T00:00:00
154146,1370,1,0.84448844,2024-01-14T00:00:00
61344,1304,1,0.84442073,2024-01-14T00:00:00
211524,1370,1,0.84418315,2024-01-14T00:00:00
217848,1370,1,0.84418315,2024-01-14T00:00:00
157767,35732,1,0.8441567,2024-01-14T00:00:00
157767,50268,1,0.8441567,2024-01-14T00:00:00
207105,1304,1,0.84406906,2024-01-14T00:00:00
203259,11262,1,0.84346664,2024-01-14T00:00:00
192735,1304,1,0.8434478,2024-01-14T00:00:00
203295,1304,1,0.8433603,2024-01-14T00:00:00
201564,1304,1,0.8433603,2024-01-14T00:00:00
204795,60978,1,0.8433418,2024-01-14T00:00:00
203724,60978,1,0.8433418,2024-01-14T00:00:00
187101,11262,1,0.843326,2024-01-14T00:00:00
61899,57804,1,0.84327716,2024-01-14T00:00:00
174468,48574,1,0.8426588,2024-01-14T00:00:00
232029,1370,1,0.84248376,2024-01-14T00:00:00
208515,33886,1,0.84248215,2024-01-14T00:00:00
234030,33886,1,0.84248215,2024-01-14T00:00:00
197835,30500,1,0.8424273,2024-01-14T00:00:00
208341,30500,1,0.84239626,2024-01-14T00:00:00
66915,1370,1,0.84225035,2024-01-14T00:00:00
208491,60978,1,0.8421962,2024-01-14T00:00:00
221526,60978,1,0.8421962,2024-01-14T00:00:00
212442,30500,1,0.8421372,2024-01-14T00:00:00
206346,30500,1,0.8421372,2024-01-14T00:00:00
231057,30500,1,0.8421372,2024-01-14T00:00:00
198867,30500,1,0.8420467,2024-01-14T00:00:00
162624,1370,1,0.8418934,2024-01-14T00:00:00
177474,48574,1,0.8418852,2024-01-14T00:00:00
162624,11262,1,0.84188056,2024-01-14T00:00:00
157500,60978,1,0.841753,2024-01-14T00:00:00
198279,1370,1,0.8412887,2024-01-14T00:00:00
186438,1372,1,0.8412324,2024-01-14T00:00:00
188730,48574,1,0.841088,2024-01-14T00:00:00
187734,48574,1,0.841088,2024-01-14T00:00:00
154011,48574,1,0.841088,2024-01-14T00:00:00
198981,56714,1,0.8410379,2024-01-14T00:00:00
203700,1304,1,0.84022224,2024-01-14T00:00:00
165750,30500,1,0.83986133,2024-01-14T00:00:00
226662,33886,1,0.8396726,2024-01-14T00:00:00
154068,11262,1,0.8396431,2024-01-14T00:00:00
187806,1370,1,0.8393981,2024-01-14T00:00:00
225747,11262,1,0.8391837,2024-01-14T00:00:00
224925,1372,1,0.83910084,2024-01-14T00:00:00
174468,56714,1,0.83874005,2024-01-14T00:00:00
206670,1372,1,0.8387246,2024-01-14T00:00:00
211413,1370,1,0.83862245,2024-01-14T00:00:00
154167,1372,1,0.8385069,2024-01-14T00:00:00
227115,60978,1,0.83847946,2024-01-14T00:00:00
154743,1304,1,0.8383691,2024-01-14T00:00:00
154887,1304,1,0.838141,2024-01-14T00:00:00
227664,50274,1,0.8379779,2024-01-14T00:00:00
64218,1372,1,0.8378182,2024-01-14T00:00:00
188637,1304,1,0.83772796,2024-01-14T00:00:00
208761,60978,1,0.83755153,2024-01-14T00:00:00
208821,60978,1,0.83755153,2024-01-14T00:00:00
200502,60978,1,0.83755153,2024-01-14T00:00:00
211950,60978,1,0.83750504,2024-01-14T00:00:00
212721,48574,1,0.83726156,2024-01-14T00:00:00
203175,60978,1,0.8371572,2024-01-14T00:00:00
163101,30500,1,0.83696455,2024-01-14T00:00:00
234972,11262,1,0.8369427,2024-01-14T00:00:00
167571,56714,1,0.8367922,2024-01-14T00:00:00
215517,50274,1,0.8367326,2024-01-14T00:00:00
219450,30500,1,0.8367015,2024-01-14T00:00:00
182556,1304,1,0.83660597,2024-01-14T00:00:00
222906,1370,1,0.83640796,2024-01-14T00:00:00
211632,1370,1,0.8363087,2024-01-14T00:00:00
61353,11262,1,0.8362753,2024-01-14T00:00:00
153813,10808,1,0.8359074,2024-01-14T00:00:00
88920,1372,1,0.8358884,2024-01-14T00:00:00
153288,56714,1,0.8355502,2024-01-14T00:00:00
208350,35846,1,0.83554775,2024-01-14T00:00:00
176319,1370,1,0.83554703,2024-01-14T00:00:00
173796,1370,1,0.83554703,2024-01-14T00:00:00
212301,1370,1,0.835528,2024-01-14T00:00:00
192771,56714,1,0.83528376,2024-01-14T00:00:00
66378,56714,1,0.83528376,2024-01-14T00:00:00
205122,56714,1,0.83528376,2024-01-14T00:00:00
229521,56714,1,0.83528376,2024-01-14T00:00:00
203889,56714,1,0.83528376,2024-01-14T00:00:00
199860,56714,1,0.83528376,2024-01-14T00:00:00
188787,60978,1,0.8339666,2024-01-14T00:00:00
236226,1304,1,0.8339006,2024-01-14T00:00:00
128685,16358,1,0.83368605,2024-01-14T00:00:00
61899,50270,1,0.83364874,2024-01-14T00:00:00
212721,1372,1,0.83337957,2024-01-14T00:00:00
232410,1304,1,0.8331871,2024-01-14T00:00:00
177672,1372,1,0.8331863,2024-01-14T00:00:00
218061,1304,1,0.8328063,2024-01-14T00:00:00
197286,33886,1,0.8327636,2024-01-14T00:00:00
206847,16358,1,0.83266693,2024-01-14T00:00:00
187797,1372,1,0.8318329,2024-01-14T00:00:00
225393,33886,1,0.83163357,2024-01-14T00:00:00
208575,60978,1,0.8315668,2024-01-14T00:00:00
223776,1370,1,0.83122337,2024-01-14T00:00:00
175899,1370,1,0.83097273,2024-01-14T00:00:00
205815,11262,1,0.8308851,2024-01-14T00:00:00
203829,60978,1,0.83084434,2024-01-14T00:00:00
202818,1370,1,0.83079064,2024-01-14T00:00:00
211947,1304,1,0.8307491,2024-01-14T00:00:00
176319,1372,1,0.8306791,2024-01-14T00:00:00
207087,33886,1,0.8305295,2024-01-14T00:00:00
208491,1304,1,0.8304912,2024-01-14T00:00:00
192735,1372,1,0.8304008,2024-01-14T00:00:00
70890,33886,1,0.830332,2024-01-14T00:00:00
206484,60978,1,0.83010215,2024-01-14T00:00:00
128685,1304,1,0.8299094,2024-01-14T00:00:00
128763,11262,1,0.82978374,2024-01-14T00:00:00
235299,48574,1,0.82922775,2024-01-14T00:00:00
188604,1370,1,0.82915086,2024-01-14T00:00:00
61899,1372,1,0.82912964,2024-01-14T00:00:00
206745,1304,1,0.82899106,2024-01-14T00:00:00
225669,1304,1,0.82899106,2024-01-14T00:00:00
195378,1304,1,0.82899106,2024-01-14T00:00:00
207156,1304,1,0.82899106,2024-01-14T00:00:00
160029,1370,1,0.8289603,2024-01-14T00:00:00
208545,56714,1,0.82892245,2024-01-14T00:00:00
208539,56714,1,0.82892245,2024-01-14T00:00:00
206646,35732,1,0.8285493,2024-01-14T00:00:00
207078,50268,1,0.8285493,2024-01-14T00:00:00
72930,35732,1,0.82824683,2024-01-14T00:00:00
203871,1370,1,0.8281816,2024-01-14T00:00:00
154098,1370,1,0.8280275,2024-01-14T00:00:00
220218,10652,1,0.82799846,2024-01-14T00:00:00
181101,44302,1,0.82781076,2024-01-14T00:00:00
128334,59822,1,0.8276641,2024-01-14T00:00:00
154245,50274,1,0.827538,2024-01-14T00:00:00
172161,50274,1,0.827538,2024-01-14T00:00:00
186987,33886,1,0.82738465,2024-01-14T00:00:00
172419,59822,1,0.82727623,2024-01-14T00:00:00
155403,11262,1,0.8272221,2024-01-14T00:00:00
68676,11262,1,0.8272221,2024-01-14T00:00:00
210882,11262,1,0.8267011,2024-01-14T00:00:00
232827,30500,1,0.8266007,2024-01-14T00:00:00
157500,1372,1,0.82629657,2024-01-14T00:00:00
206421,1370,1,0.8262372,2024-01-14T00:00:00
224787,48574,1,0.8260519,2024-01-14T00:00:00
206667,48574,1,0.8260473,2024-01-14T00:00:00
206664,48574,1,0.8260473,2024-01-14T00:00:00
236226,1372,1,0.82593226,2024-01-14T00:00:00
225393,60978,1,0.8257514,2024-01-14T00:00:00
209793,1304,1,0.82572913,2024-01-14T00:00:00
184698,1304,1,0.82555145,2024-01-14T00:00:00
206514,33886,1,0.82549036,2024-01-14T00:00:00
203829,10652,1,0.8252612,2024-01-14T00:00:00
231708,1370,1,0.82498837,2024-01-14T00:00:00
194229,10652,1,0.8249218,2024-01-14T00:00:00
204522,56714,1,0.8247364,2024-01-14T00:00:00
164661,1304,1,0.82465065,2024-01-14T00:00:00
197799,1370,1,0.8246044,2024-01-14T00:00:00
217848,33886,1,0.824583,2024-01-14T00:00:00
218265,56714,1,0.8239734,2024-01-14T00:00:00
157767,56714,1,0.8237219,2024-01-14T00:00:00
203259,48574,1,0.8236703,2024-01-14T00:00:00
208350,48574,1,0.8236703,2024-01-14T00:00:00
183789,30500,1,0.8236367,2024-01-14T00:00:00
209184,1370,1,0.8233395,2024-01-14T00:00:00
161667,11262,1,0.8229815,2024-01-14T00:00:00
184863,57804,1,0.8229142,2024-01-14T00:00:00
197286,60978,1,0.8228471,2024-01-14T00:00:00
192618,1304,1,0.8224201,2024-01-14T00:00:00
72900,11262,1,0.8222793,2024-01-14T00:00:00
172503,30500,1,0.8222738,2024-01-14T00:00:00
176403,60978,1,0.8221916,2024-01-14T00:00:00
154476,1372,1,0.8221156,2024-01-14T00:00:00
231096,1370,1,0.82203233,2024-01-14T00:00:00
207219,1304,1,0.8218108,2024-01-14T00:00:00
203661,56714,1,0.8214528,2024-01-14T00:00:00
236655,60978,1,0.82141596,2024-01-14T00:00:00
172590,1304,1,0.8206162,2024-01-14T00:00:00
172590,59822,1,0.8206162,2024-01-14T00:00:00
187797,48574,1,0.82034004,2024-01-14T00:00:00
61908,11262,1,0.82026154,2024-01-14T00:00:00
25743,11262,1,0.81997484,2024-01-14T00:00:00
179088,1304,1,0.81995755,2024-01-14T00:00:00
217620,1304,1,0.81995755,2024-01-14T00:00:00
211749,50272,1,0.8198826,2024-01-14T00:00:00
188331,56714,1,0.81954336,2024-01-14T00:00:00
207219,35732,1,0.818968,2024-01-14T00:00:00
205905,33886,1,0.8188884,2024-01-14T00:00:00
71766,11262,1,0.818841,2024-01-14T00:00:00
206784,33886,1,0.81872904,2024-01-14T00:00:00
165762,1304,1,0.81872004,2024-01-14T00:00:00
212748,11262,1,0.81861836,2024-01-14T00:00:00
198279,33886,1,0.8185522,2024-01-14T00:00:00
186933,48574,1,0.8183995,2024-01-14T00:00:00
225480,1370,1,0.818242,2024-01-14T00:00:00
225699,1370,1,0.8181403,2024-01-14T00:00:00
153885,48574,1,0.8179892,2024-01-14T00:00:00
211641,33886,1,0.81787795,2024-01-14T00:00:00
183387,1372,1,0.8178252,2024-01-14T00:00:00
210876,16358,1,0.8177751,2024-01-14T00:00:00
179838,16358,1,0.8177751,2024-01-14T00:00:00
210111,1372,1,0.817743,2024-01-14T00:00:00
188847,11262,1,0.8176931,2024-01-14T00:00:00
203574,60978,1,0.8172656,2024-01-14T00:00:00
203052,60978,1,0.8172656,2024-01-14T00:00:00
63582,60978,1,0.8172656,2024-01-14T00:00:00
229521,60978,1,0.8172656,2024-01-14T00:00:00
220170,60978,1,0.8172656,2024-01-14T00:00:00
210846,60978,1,0.8172656,2024-01-14T00:00:00
203889,60978,1,0.8172656,2024-01-14T00:00:00
66378,60978,1,0.8172656,2024-01-14T00:00:00
129153,60978,1,0.8172656,2024-01-14T00:00:00
128538,48574,1,0.8171947,2024-01-14T00:00:00
203796,59822,1,0.81717134,2024-01-14T00:00:00
203796,1304,1,0.81717134,2024-01-14T00:00:00
165183,1370,1,0.8171154,2024-01-14T00:00:00
184509,59822,1,0.81704503,2024-01-14T00:00:00
194082,11262,1,0.81689394,2024-01-14T00:00:00
157398,1304,1,0.8168518,2024-01-14T00:00:00
207129,1372,1,0.8168183,2024-01-14T00:00:00
206838,1372,1,0.8168183,2024-01-14T00:00:00
128901,60978,1,0.81675863,2024-01-14T00:00:00
187797,39186,1,0.8166133,2024-01-14T00:00:00
234864,11262,1,0.8157471,2024-01-14T00:00:00
186378,35846,1,0.81549263,2024-01-14T00:00:00
192159,56714,1,0.8154725,2024-01-14T00:00:00
191247,35846,1,0.8153915,2024-01-14T00:00:00
219450,48574,1,0.8151582,2024-01-14T00:00:00
211473,11262,1,0.8150791,2024-01-14T00:00:00
205191,50274,1,0.8150715,2024-01-14T00:00:00
167316,1370,1,0.81504196,2024-01-14T00:00:00
209637,56714,1,0.8149769,2024-01-14T00:00:00
154473,1304,1,0.814908,2024-01-14T00:00:00
183195,56714,1,0.8146266,2024-01-14T00:00:00
129081,16358,1,0.81459475,2024-01-14T00:00:00
128538,56714,1,0.8145197,2024-01-14T00:00:00
164064,56714,1,0.8144241,2024-01-14T00:00:00
191232,30500,1,0.81440395,2024-01-14T00:00:00
215517,1370,1,0.81426275,2024-01-14T00:00:00
153072,1372,1,0.8141131,2024-01-14T00:00:00
25743,56714,1,0.8136086,2024-01-14T00:00:00
179790,1304,1,0.8135945,2024-01-14T00:00:00
207993,1304,1,0.8135945,2024-01-14T00:00:00
211950,48574,1,0.8135047,2024-01-14T00:00:00
211476,1304,1,0.81346375,2024-01-14T00:00:00
164064,30500,1,0.81340665,2024-01-14T00:00:00
154956,11262,1,0.8133698,2024-01-14T00:00:00
65640,11262,1,0.8131035,2024-01-14T00:00:00
202818,56714,1,0.8130142,2024-01-14T00:00:00
212283,56714,1,0.8129408,2024-01-14T00:00:00
208575,48574,1,0.8127335,2024-01-14T00:00:00
181101,10652,1,0.8125063,2024-01-14T00:00:00
216309,1370,1,0.81232303,2024-01-14T00:00:00
211767,1370,1,0.8122976,2024-01-14T00:00:00
212586,60978,1,0.8118287,2024-01-14T00:00:00
203724,50274,1,0.8117546,2024-01-14T00:00:00
209697,16358,1,0.8117328,2024-01-14T00:00:00
174468,1370,1,0.8114275,2024-01-14T00:00:00
211533,39186,1,0.8113677,2024-01-14T00:00:00
192942,48574,1,0.8112171,2024-01-14T00:00:00
235335,30500,1,0.81108195,2024-01-14T00:00:00
216498,10652,1,0.81102526,2024-01-14T00:00:00
149634,10652,1,0.81066954,2024-01-14T00:00:00
206406,1304,1,0.81064636,2024-01-14T00:00:00
207150,59822,1,0.81064636,2024-01-14T00:00:00
207150,1304,1,0.81064636,2024-01-14T00:00:00
228729,11262,1,0.81046665,2024-01-14T00:00:00
198867,60978,1,0.810348,2024-01-14T00:00:00
2061063,30500,1,0.81009734,2024-01-14T00:00:00
183672,1370,1,0.8100292,2024-01-14T00:00:00
227988,1370,1,0.8097077,2024-01-14T00:00:00
128763,1304,1,0.80925125,2024-01-14T00:00:00
208533,33886,1,0.80922693,2024-01-14T00:00:00
212379,10652,1,0.8090766,2024-01-14T00:00:00
166002,1304,1,0.8089656,2024-01-14T00:00:00
205905,60978,1,0.80880845,2024-01-14T00:00:00
197835,1372,1,0.8086851,2024-01-14T00:00:00
206433,1304,1,0.80847424,2024-01-14T00:00:00
206349,1304,1,0.80847424,2024-01-14T00:00:00
232503,44302,1,0.8084702,2024-01-14T00:00:00
194229,33886,1,0.8084028,2024-01-14T00:00:00
172587,1370,1,0.8083749,2024-01-14T00:00:00
206760,50270,1,0.80835617,2024-01-14T00:00:00
235335,33886,1,0.8083282,2024-01-14T00:00:00
204222,48574,1,0.80802953,2024-01-14T00:00:00
203700,16358,1,0.8079178,2024-01-14T00:00:00
229527,50274,1,0.8075036,2024-01-14T00:00:00
208788,48574,1,0.80723923,2024-01-14T00:00:00
205812,1304,1,0.80711526,2024-01-14T00:00:00
191247,10652,1,0.8068211,2024-01-14T00:00:00
186384,56714,1,0.8066308,2024-01-14T00:00:00
213114,56714,1,0.80645794,2024-01-14T00:00:00
171702,39186,1,0.80621374,2024-01-14T00:00:00
228687,1370,1,0.8058422,2024-01-14T00:00:00
205821,1304,1,0.80577374,2024-01-14T00:00:00
223968,1304,1,0.8047372,2024-01-14T00:00:00
223968,59822,1,0.8047372,2024-01-14T00:00:00
68568,59822,1,0.80467916,2024-01-14T00:00:00
206979,39186,1,0.80453366,2024-01-14T00:00:00
64299,1370,1,0.8043902,2024-01-14T00:00:00
196845,48574,1,0.80433166,2024-01-14T00:00:00
210141,11262,1,0.8041816,2024-01-14T00:00:00
186933,10808,1,0.80406946,2024-01-14T00:00:00
184113,1304,1,0.80403405,2024-01-14T00:00:00
205332,39186,1,0.80384636,2024-01-14T00:00:00
72930,10652,1,0.8037145,2024-01-14T00:00:00
184698,1372,1,0.8035123,2024-01-14T00:00:00
203673,50268,1,0.8032044,2024-01-14T00:00:00
203673,35732,1,0.8032044,2024-01-14T00:00:00
61344,33886,1,0.8028749,2024-01-14T00:00:00
210690,33886,1,0.80206615,2024-01-14T00:00:00
202959,56714,1,0.8019675,2024-01-14T00:00:00
154707,60978,1,0.8019624,2024-01-14T00:00:00
207084,1372,1,0.8018478,2024-01-14T00:00:00
183195,1370,1,0.80183834,2024-01-14T00:00:00
198522,50270,1,0.8017454,2024-01-14T00:00:00
154434,1372,1,0.80147207,2024-01-14T00:00:00
153381,1372,1,0.8014629,2024-01-14T00:00:00
219048,1304,1,0.80086315,2024-01-14T00:00:00
197286,30500,1,0.80065995,2024-01-14T00:00:00
234021,60978,1,0.80027413,2024-01-14T00:00:00
177672,1370,1,0.8002352,2024-01-14T00:00:00
198867,1304,1,0.8002133,2024-01-14T00:00:00
187707,10652,1,0.8001109,2024-01-14T00:00:00
203811,56714,1,0.7996538,2024-01-14T00:00:00
231057,39186,1,0.79962045,2024-01-14T00:00:00
206346,39186,1,0.79962045,2024-01-14T00:00:00
206376,59822,1,0.79952663,2024-01-14T00:00:00
206376,1304,1,0.79952663,2024-01-14T00:00:00
208509,1304,1,0.7994934,2024-01-14T00:00:00
154707,1372,1,0.7993866,2024-01-14T00:00:00
157398,48574,1,0.7993275,2024-01-14T00:00:00
186933,50724,1,0.79925984,2024-01-14T00:00:00
163377,1304,1,0.7991665,2024-01-14T00:00:00
183489,60978,1,0.79908985,2024-01-14T00:00:00
236973,1370,1,0.7987756,2024-01-14T00:00:00
206952,1370,1,0.79856807,2024-01-14T00:00:00
128502,48574,1,0.79803044,2024-01-14T00:00:00
154881,11262,1,0.7975672,2024-01-14T00:00:00
153303,1372,1,0.7974941,2024-01-14T00:00:00
211749,56714,1,0.79745924,2024-01-14T00:00:00
175878,1372,1,0.7973595,2024-01-14T00:00:00
211527,1304,1,0.79719144,2024-01-14T00:00:00
72108,1304,1,0.79713106,2024-01-14T00:00:00
194229,50270,1,0.79704356,2024-01-14T00:00:00
206952,124,1,0.7970065,2024-01-14T00:00:00
211476,48574,1,0.79692143,2024-01-14T00:00:00
206760,30500,1,0.79678345,2024-01-14T00:00:00
72930,48574,1,0.7967574,2024-01-14T00:00:00
217752,1370,1,0.7963941,2024-01-14T00:00:00
207087,56714,1,0.7963543,2024-01-14T00:00:00
217782,11262,1,0.7961493,2024-01-14T00:00:00
178257,56714,1,0.7959564,2024-01-14T00:00:00
156057,30500,1,0.7955708,2024-01-14T00:00:00
72930,39186,1,0.79518884,2024-01-14T00:00:00
153084,1372,1,0.7951085,2024-01-14T00:00:00
162603,1304,1,0.79504687,2024-01-14T00:00:00
188787,56714,1,0.7948179,2024-01-14T00:00:00
184950,30500,1,0.79474926,2024-01-14T00:00:00
204411,11262,1,0.7947143,2024-01-14T00:00:00
234021,35732,1,0.79454905,2024-01-14T00:00:00
200964,60978,1,0.7944166,2024-01-14T00:00:00
183105,1370,1,0.7944163,2024-01-14T00:00:00
210627,56714,1,0.79372895,2024-01-14T00:00:00
206421,50268,1,0.79352736,2024-01-14T00:00:00
207129,50268,1,0.79352736,2024-01-14T00:00:00
208758,30500,1,0.7935256,2024-01-14T00:00:00
206943,48574,1,0.79342914,2024-01-14T00:00:00
212337,60978,1,0.7932111,2024-01-14T00:00:00
212397,1372,1,0.7931664,2024-01-14T00:00:00
232827,56714,1,0.7931605,2024-01-14T00:00:00
210186,124,1,0.7930953,2024-01-14T00:00:00
206760,124,1,0.7930953,2024-01-14T00:00:00
59703,48574,1,0.79296744,2024-01-14T00:00:00
229521,48574,1,0.79296744,2024-01-14T00:00:00
66378,48574,1,0.79296744,2024-01-14T00:00:00
203058,48574,1,0.79296744,2024-01-14T00:00:00
63582,48574,1,0.79296744,2024-01-14T00:00:00
192771,48574,1,0.79296744,2024-01-14T00:00:00
192768,48574,1,0.79296744,2024-01-14T00:00:00
203574,48574,1,0.79296744,2024-01-14T00:00:00
188100,1370,1,0.79285103,2024-01-14T00:00:00
219030,1372,1,0.7927689,2024-01-14T00:00:00
206868,1372,1,0.7926323,2024-01-14T00:00:00
228741,1370,1,0.79252666,2024-01-14T00:00:00
232455,30500,1,0.7925152,2024-01-14T00:00:00
210678,1370,1,0.7924084,2024-01-14T00:00:00
61482,1370,1,0.7922935,2024-01-14T00:00:00
222906,60978,1,0.7921116,2024-01-14T00:00:00
154698,10808,1,0.79201,2024-01-14T00:00:00
232035,33886,1,0.79176414,2024-01-14T00:00:00
229812,11262,1,0.7914616,2024-01-14T00:00:00
205107,48574,1,0.7914166,2024-01-14T00:00:00
207078,56714,1,0.79118234,2024-01-14T00:00:00
210897,56714,1,0.79118234,2024-01-14T00:00:00
72930,60978,1,0.7909289,2024-01-14T00:00:00
183468,1304,1,0.79065824,2024-01-14T00:00:00
192942,1372,1,0.7904146,2024-01-14T00:00:00
209622,1372,1,0.7902482,2024-01-14T00:00:00
195507,56714,1,0.7900324,2024-01-14T00:00:00
64218,1370,1,0.7897602,2024-01-14T00:00:00
186378,124,1,0.78970855,2024-01-14T00:00:00
183789,1372,1,0.7896885,2024-01-14T00:00:00
206940,30500,1,0.78955644,2024-01-14T00:00:00
206748,30500,1,0.78955644,2024-01-14T00:00:00
212448,30500,1,0.78955644,2024-01-14T00:00:00
171702,1370,1,0.7894621,2024-01-14T00:00:00
195063,30500,1,0.7893458,2024-01-14T00:00:00
183213,39186,1,0.78927284,2024-01-14T00:00:00
208911,1304,1,0.7892063,2024-01-14T00:00:00
197595,1370,1,0.7891919,2024-01-14T00:00:00
209184,1304,1,0.78914654,2024-01-14T00:00:00
187707,48574,1,0.7891399,2024-01-14T00:00:00
166029,59822,1,0.7888391,2024-01-14T00:00:00
166029,1304,1,0.7888391,2024-01-14T00:00:00
153756,56714,1,0.7885778,2024-01-14T00:00:00
232269,39186,1,0.7882585,2024-01-14T00:00:00
203796,48574,1,0.78823024,2024-01-14T00:00:00
212892,48574,1,0.7880716,2024-01-14T00:00:00
206799,30500,1,0.7879473,2024-01-14T00:00:00
197799,59822,1,0.7873389,2024-01-14T00:00:00
197799,1304,1,0.7873389,2024-01-14T00:00:00
226662,1372,1,0.7873183,2024-01-14T00:00:00
65631,1304,1,0.7870836,2024-01-14T00:00:00
192564,60978,1,0.786581,2024-01-14T00:00:00
165927,30500,1,0.78649,2024-01-14T00:00:00
194229,51974,1,0.7863709,2024-01-14T00:00:00
208788,1372,1,0.786286,2024-01-14T00:00:00
187395,59822,1,0.78621876,2024-01-14T00:00:00
187395,1304,1,0.78621876,2024-01-14T00:00:00
153084,1304,1,0.7861152,2024-01-14T00:00:00
193323,56714,1,0.7859512,2024-01-14T00:00:00
228060,56714,1,0.7859512,2024-01-14T00:00:00
212211,30500,1,0.78592294,2024-01-14T00:00:00
225393,30500,1,0.7856147,2024-01-14T00:00:00
25734,1370,1,0.7855861,2024-01-14T00:00:00
203178,1304,1,0.78481424,2024-01-14T00:00:00
203178,59822,1,0.78481424,2024-01-14T00:00:00
204795,1372,1,0.78476435,2024-01-14T00:00:00
203178,48574,1,0.7847271,2024-01-14T00:00:00
203295,33886,1,0.78438,2024-01-14T00:00:00
129204,1304,1,0.7842943,2024-01-14T00:00:00
225699,11262,1,0.7841026,2024-01-14T00:00:00
206304,1370,1,0.78385764,2024-01-14T00:00:00
153885,10652,1,0.78357846,2024-01-14T00:00:00
188331,44302,1,0.7835058,2024-01-14T00:00:00
194229,44302,1,0.78334475,2024-01-14T00:00:00
208053,1304,1,0.7831566,2024-01-14T00:00:00
211476,44302,1,0.78310424,2024-01-14T00:00:00
203673,1304,1,0.78273743,2024-01-14T00:00:00
203301,48574,1,0.7826649,2024-01-14T00:00:00
154473,1372,1,0.7824105,2024-01-14T00:00:00
128502,1304,1,0.78235644,2024-01-14T00:00:00
212892,59822,1,0.7822504,2024-01-14T00:00:00
227310,50270,1,0.78211504,2024-01-14T00:00:00
67335,1304,1,0.7818458,2024-01-14T00:00:00
203706,33886,1,0.78125805,2024-01-14T00:00:00
203532,33886,1,0.78125805,2024-01-14T00:00:00
206433,56714,1,0.78114265,2024-01-14T00:00:00
184488,1304,1,0.78100693,2024-01-14T00:00:00
212445,33886,1,0.7809844,2024-01-14T00:00:00
206952,44302,1,0.78093904,2024-01-14T00:00:00
232269,1304,1,0.7801972,2024-01-14T00:00:00
61353,1370,1,0.7801742,2024-01-14T00:00:00
203082,11262,1,0.7801319,2024-01-14T00:00:00
178230,57804,1,0.7801137,2024-01-14T00:00:00
204093,30500,1,0.7799703,2024-01-14T00:00:00
238263,30500,1,0.7799354,2024-01-14T00:00:00
225393,56714,1,0.7792591,2024-01-14T00:00:00
67764,10652,1,0.77915144,2024-01-14T00:00:00
220632,33886,1,0.77910274,2024-01-14T00:00:00
212505,30500,1,0.77841985,2024-01-14T00:00:00
203574,30500,1,0.77841985,2024-01-14T00:00:00
66378,30500,1,0.77841985,2024-01-14T00:00:00
199860,30500,1,0.77841985,2024-01-14T00:00:00
129153,30500,1,0.77841985,2024-01-14T00:00:00
229521,30500,1,0.77841985,2024-01-14T00:00:00
210846,30500,1,0.77841985,2024-01-14T00:00:00
203502,30500,1,0.77841985,2024-01-14T00:00:00
192771,30500,1,0.77841985,2024-01-14T00:00:00
181860,10652,1,0.7782681,2024-01-14T00:00:00
216498,30500,1,0.77809215,2024-01-14T00:00:00
174468,1372,1,0.77768695,2024-01-14T00:00:00
157767,1304,1,0.7775749,2024-01-14T00:00:00
206673,1370,1,0.7775289,2024-01-14T00:00:00
230028,60978,1,0.7773516,2024-01-14T00:00:00
175266,59822,1,0.7773392,2024-01-14T00:00:00
175266,1304,1,0.7773392,2024-01-14T00:00:00
217494,10652,1,0.777288,2024-01-14T00:00:00
227988,35732,1,0.77722687,2024-01-14T00:00:00
67056,1304,1,0.7771787,2024-01-14T00:00:00
183573,1304,1,0.7767683,2024-01-14T00:00:00
154890,30500,1,0.7767661,2024-01-14T00:00:00
203724,33886,1,0.77667993,2024-01-14T00:00:00
208500,48574,1,0.7764339,2024-01-14T00:00:00
223104,11262,1,0.7761407,2024-01-14T00:00:00
230091,11262,1,0.77584344,2024-01-14T00:00:00
238218,1304,1,0.7758346,2024-01-14T00:00:00
209622,16358,1,0.77578056,2024-01-14T00:00:00
63690,1304,1,0.7757356,2024-01-14T00:00:00
206850,1304,1,0.7757356,2024-01-14T00:00:00
207114,1304,1,0.7757356,2024-01-14T00:00:00
198990,1304,1,0.7757356,2024-01-14T00:00:00
206415,1304,1,0.7757356,2024-01-14T00:00:00
227829,1304,1,0.7757356,2024-01-14T00:00:00
206418,42132,1,0.7756932,2024-01-14T00:00:00
212337,30500,1,0.7753968,2024-01-14T00:00:00
203709,30500,1,0.7753968,2024-01-14T00:00:00
232404,1370,1,0.7753898,2024-01-14T00:00:00
163101,10652,1,0.7753473,2024-01-14T00:00:00
72918,48574,1,0.7750232,2024-01-14T00:00:00
197529,60978,1,0.7747671,2024-01-14T00:00:00
149634,60978,1,0.7747671,2024-01-14T00:00:00
219048,1372,1,0.77457595,2024-01-14T00:00:00
208575,1370,1,0.77446526,2024-01-14T00:00:00
208503,60978,1,0.77441835,2024-01-14T00:00:00
198945,1370,1,0.7742811,2024-01-14T00:00:00
61353,1304,1,0.7741414,2024-01-14T00:00:00
128526,39186,1,0.774085,2024-01-14T00:00:00
233970,48574,1,0.7739882,2024-01-14T00:00:00
156057,57804,1,0.77391964,2024-01-14T00:00:00
153072,1304,1,0.773876,2024-01-14T00:00:00
154041,56714,1,0.77368593,2024-01-14T00:00:00
166995,1304,1,0.7735561,2024-01-14T00:00:00
208524,1304,1,0.7734898,2024-01-14T00:00:00
206988,35846,1,0.7734774,2024-01-14T00:00:00
210843,35846,1,0.7734774,2024-01-14T00:00:00
60888,30500,1,0.77322054,2024-01-14T00:00:00
225393,39186,1,0.77301115,2024-01-14T00:00:00
153885,1372,1,0.7728897,2024-01-14T00:00:00
205821,1372,1,0.77282995,2024-01-14T00:00:00
60888,56714,1,0.77268595,2024-01-14T00:00:00
206367,33886,1,0.77232784,2024-01-14T00:00:00
238887,1304,1,0.7714092,2024-01-14T00:00:00
234297,1370,1,0.7711077,2024-01-14T00:00:00
195723,1370,1,0.7711077,2024-01-14T00:00:00
207087,35732,1,0.77018875,2024-01-14T00:00:00
208545,48574,1,0.7699321,2024-01-14T00:00:00
208539,48574,1,0.7699321,2024-01-14T00:00:00
212379,59822,1,0.7698738,2024-01-14T00:00:00
162843,1372,1,0.7697028,2024-01-14T00:00:00
195249,1370,1,0.7696803,2024-01-14T00:00:00
210690,60978,1,0.7694269,2024-01-14T00:00:00
223782,1304,1,0.7691623,2024-01-14T00:00:00
65328,1372,1,0.76911896,2024-01-14T00:00:00
200964,48574,1,0.7689013,2024-01-14T00:00:00
215298,1372,1,0.76859766,2024-01-14T00:00:00
208515,30500,1,0.7683847,2024-01-14T00:00:00
238827,33886,1,0.7682626,2024-01-14T00:00:00
206484,1304,1,0.767715,2024-01-14T00:00:00
212721,16358,1,0.7675355,2024-01-14T00:00:00
188853,56714,1,0.76752365,2024-01-14T00:00:00
165762,1370,1,0.76751435,2024-01-14T00:00:00
206799,33886,1,0.76712495,2024-01-14T00:00:00
203295,48574,1,0.76703775,2024-01-14T00:00:00
201564,48574,1,0.76703775,2024-01-14T00:00:00
211965,60978,1,0.76683444,2024-01-14T00:00:00
212571,50268,1,0.7667649,2024-01-14T00:00:00
186378,60978,1,0.76650333,2024-01-14T00:00:00
204228,1370,1,0.7660191,2024-01-14T00:00:00
154542,16358,1,0.7659319,2024-01-14T00:00:00
206748,33886,1,0.76576304,2024-01-14T00:00:00
176472,11262,1,0.76563704,2024-01-14T00:00:00
140277,1304,1,0.76542693,2024-01-14T00:00:00
183576,48574,1,0.76525235,2024-01-14T00:00:00
162984,50268,1,0.7650696,2024-01-14T00:00:00
154146,1304,1,0.7650549,2024-01-14T00:00:00
154146,59822,1,0.7650549,2024-01-14T00:00:00
214968,1370,1,0.7649772,2024-01-14T00:00:00
161208,11262,1,0.76492554,2024-01-14T00:00:00
226662,35846,1,0.7647066,2024-01-14T00:00:00
155097,1304,1,0.7645552,2024-01-14T00:00:00
207330,35846,1,0.76454526,2024-01-14T00:00:00
176403,1372,1,0.7640375,2024-01-14T00:00:00
186174,33886,1,0.7637672,2024-01-14T00:00:00
128334,11262,1,0.76366407,2024-01-14T00:00:00
154275,1370,1,0.76352406,2024-01-14T00:00:00
194229,39186,1,0.7634469,2024-01-14T00:00:00
128502,44302,1,0.76338583,2024-01-14T00:00:00
128469,30500,1,0.7630581,2024-01-14T00:00:00
206952,57804,1,0.7627981,2024-01-14T00:00:00
227115,30500,1,0.7626318,2024-01-14T00:00:00
129081,60978,1,0.7625532,2024-01-14T00:00:00
157224,1304,1,0.7623029,2024-01-14T00:00:00
194904,10652,1,0.76223963,2024-01-14T00:00:00
209622,1304,1,0.76222086,2024-01-14T00:00:00
238689,1304,1,0.7617427,2024-01-14T00:00:00
203301,1304,1,0.7617427,2024-01-14T00:00:00
205662,1304,1,0.76166594,2024-01-14T00:00:00
222306,1304,1,0.76166594,2024-01-14T00:00:00
203322,1304,1,0.76166594,2024-01-14T00:00:00
203316,1304,1,0.76166594,2024-01-14T00:00:00
237300,1304,1,0.76166594,2024-01-14T00:00:00
205662,59822,1,0.76166594,2024-01-14T00:00:00
212571,39186,1,0.76151174,2024-01-14T00:00:00
186657,48574,1,0.7614931,2024-01-14T00:00:00
211533,44302,1,0.7612784,2024-01-14T00:00:00
211533,33886,1,0.7611925,2024-01-14T00:00:00
203259,10652,1,0.7608442,2024-01-14T00:00:00
202818,60978,1,0.7604877,2024-01-14T00:00:00
222669,35732,1,0.7603075,2024-01-14T00:00:00
222669,50268,1,0.7603075,2024-01-14T00:00:00
211473,1304,1,0.76015824,2024-01-14T00:00:00
186438,1304,1,0.7594343,2024-01-14T00:00:00
205107,1370,1,0.75909144,2024-01-14T00:00:00
212586,10652,1,0.75861454,2024-01-14T00:00:00
206304,1372,1,0.7584216,2024-01-14T00:00:00
202959,48574,1,0.7584172,2024-01-14T00:00:00
183489,50274,1,0.75810724,2024-01-14T00:00:00
217848,1304,1,0.758084,2024-01-14T00:00:00
211524,1304,1,0.758084,2024-01-14T00:00:00
178830,56714,1,0.75798136,2024-01-14T00:00:00
154881,1370,1,0.75769,2024-01-14T00:00:00
176643,1370,1,0.7575642,2024-01-14T00:00:00
129264,30500,1,0.75750613,2024-01-14T00:00:00
66843,1304,1,0.7567475,2024-01-14T00:00:00
206760,1304,1,0.75655705,2024-01-14T00:00:00
207084,42132,1,0.7563847,2024-01-14T00:00:00
205332,1372,1,0.7561888,2024-01-14T00:00:00
154887,1372,1,0.75595415,2024-01-14T00:00:00
208617,1304,1,0.7559078,2024-01-14T00:00:00
224280,60978,1,0.755896,2024-01-14T00:00:00
172419,48574,1,0.7556648,2024-01-14T00:00:00
154113,1370,1,0.7556474,2024-01-14T00:00:00
229527,48574,1,0.7555188,2024-01-14T00:00:00
153792,1304,1,0.7554492,2024-01-14T00:00:00
227115,33886,1,0.7552971,2024-01-14T00:00:00
225276,1304,1,0.7552407,2024-01-14T00:00:00
153084,56714,1,0.7551942,2024-01-14T00:00:00
203175,44302,1,0.75489396,2024-01-14T00:00:00
203820,1304,1,0.75481975,2024-01-14T00:00:00
198210,57804,1,0.75470036,2024-01-14T00:00:00
208449,11262,1,0.7546909,2024-01-14T00:00:00
68568,60978,1,0.75441366,2024-01-14T00:00:00
156057,1372,1,0.7543746,2024-01-14T00:00:00
231876,60978,1,0.75406945,2024-01-14T00:00:00
72918,60978,1,0.7540278,2024-01-14T00:00:00
61692,48574,1,0.7539214,2024-01-14T00:00:00
166005,1304,1,0.7536752,2024-01-14T00:00:00
204222,1372,1,0.7533654,2024-01-14T00:00:00
77484,56714,1,0.7531593,2024-01-14T00:00:00
200964,30500,1,0.7530806,2024-01-14T00:00:00
201837,30500,1,0.75291896,2024-01-14T00:00:00
164457,56714,1,0.7527862,2024-01-14T00:00:00
235335,10652,1,0.75254416,2024-01-14T00:00:00
210114,11262,1,0.7521112,2024-01-14T00:00:00
154803,1370,1,0.75201833,2024-01-14T00:00:00
232404,56714,1,0.7518103,2024-01-14T00:00:00
206952,33886,1,0.751789,2024-01-14T00:00:00
212469,10652,1,0.75158805,2024-01-14T00:00:00
183105,1372,1,0.75155,2024-01-14T00:00:00
208599,60978,1,0.751535,2024-01-14T00:00:00
204483,48574,1,0.7515211,2024-01-14T00:00:00
186177,35846,1,0.7514517,2024-01-14T00:00:00
206760,39186,1,0.7513289,2024-01-14T00:00:00
154119,56714,1,0.7512597,2024-01-14T00:00:00
211632,1304,1,0.7511797,2024-01-14T00:00:00
197286,50270,1,0.7511516,2024-01-14T00:00:00
228687,60978,1,0.75108105,2024-01-14T00:00:00
203166,60978,1,0.75097,2024-01-14T00:00:00
182565,11262,1,0.7506029,2024-01-14T00:00:00
195723,11262,1,0.7503897,2024-01-14T00:00:00
234030,48574,1,0.74959606,2024-01-14T00:00:00
208515,48574,1,0.74959606,2024-01-14T00:00:00
204657,1372,1,0.7494749,2024-01-14T00:00:00
208758,10652,1,0.7493756,2024-01-14T00:00:00
196311,56714,1,0.7493748,2024-01-14T00:00:00
162603,1370,1,0.749183,2024-01-14T00:00:00
204144,30500,1,0.7490883,2024-01-14T00:00:00
216108,48574,1,0.748952,2024-01-14T00:00:00
208503,33886,1,0.7483101,2024-01-14T00:00:00
225501,30500,1,0.74821675,2024-01-14T00:00:00
65640,59822,1,0.7478536,2024-01-14T00:00:00
226662,10652,1,0.74764687,2024-01-14T00:00:00
207618,10652,1,0.74743366,2024-01-14T00:00:00
153885,60978,1,0.74733603,2024-01-14T00:00:00
153138,30500,1,0.74718696,2024-01-14T00:00:00
66924,1304,1,0.7470296,2024-01-14T00:00:00
230073,35732,1,0.746499,2024-01-14T00:00:00
210633,50268,1,0.74620897,2024-01-14T00:00:00
206346,50268,1,0.74604,2024-01-14T00:00:00
208599,30500,1,0.74602705,2024-01-14T00:00:00
200259,48574,1,0.7459937,2024-01-14T00:00:00
212571,57804,1,0.74587697,2024-01-14T00:00:00
210690,1372,1,0.7458354,2024-01-14T00:00:00
72918,1304,1,0.74546957,2024-01-14T00:00:00
207345,33886,1,0.74543864,2024-01-14T00:00:00
175899,11262,1,0.7454318,2024-01-14T00:00:00
208758,44302,1,0.744735,2024-01-14T00:00:00
200259,60978,1,0.7444596,2024-01-14T00:00:00
231162,1370,1,0.744447,2024-01-14T00:00:00
203295,1372,1,0.74443555,2024-01-14T00:00:00
72483,50270,1,0.7442564,2024-01-14T00:00:00
211950,1370,1,0.7439839,2024-01-14T00:00:00
184863,30500,1,0.74322313,2024-01-14T00:00:00
188100,60978,1,0.74317,2024-01-14T00:00:00
128901,30500,1,0.7430515,2024-01-14T00:00:00
205659,1370,1,0.7421457,2024-01-14T00:00:00
206418,16358,1,0.7420816,2024-01-14T00:00:00
232455,35732,1,0.7419188,2024-01-14T00:00:00
60888,60978,1,0.7418282,2024-01-14T00:00:00
192942,44302,1,0.7415997,2024-01-14T00:00:00
184710,1370,1,0.7415718,2024-01-14T00:00:00
155481,1304,1,0.7406329,2024-01-14T00:00:00
229539,50274,1,0.7405123,2024-01-14T00:00:00
192942,42132,1,0.7404614,2024-01-14T00:00:00
223968,50270,1,0.74025893,2024-01-14T00:00:00
215517,60978,1,0.7402551,2024-01-14T00:00:00
206937,60978,1,0.7402551,2024-01-14T00:00:00
195894,59822,1,0.7398174,2024-01-14T00:00:00
216108,1304,1,0.7398086,2024-01-14T00:00:00
153960,60978,1,0.7394283,2024-01-14T00:00:00
203055,1304,1,0.7391389,2024-01-14T00:00:00
224631,60978,1,0.73909104,2024-01-14T00:00:00
212211,1372,1,0.7390907,2024-01-14T00:00:00
128502,33886,1,0.73860705,2024-01-14T00:00:00
201564,60978,1,0.7385281,2024-01-14T00:00:00
220218,33886,1,0.73827624,2024-01-14T00:00:00
186174,1304,1,0.7382555,2024-01-14T00:00:00
66924,1372,1,0.7382075,2024-01-14T00:00:00
61305,50274,1,0.73780054,2024-01-14T00:00:00
206448,1304,1,0.73740983,2024-01-14T00:00:00
193323,59822,1,0.73740983,2024-01-14T00:00:00
193323,1304,1,0.73740983,2024-01-14T00:00:00
206460,1304,1,0.73740983,2024-01-14T00:00:00
228060,1304,1,0.73740983,2024-01-14T00:00:00
225501,124,1,0.73736376,2024-01-14T00:00:00
165717,1370,1,0.7370034,2024-01-14T00:00:00
165744,1370,1,0.7370034,2024-01-14T00:00:00
188700,1370,1,0.7370034,2024-01-14T00:00:00
188844,1370,1,0.7366988,2024-01-14T00:00:00
184485,35846,1,0.73658466,2024-01-14T00:00:00
183492,57804,1,0.736541,2024-01-14T00:00:00
183912,11262,1,0.73633873,2024-01-14T00:00:00
207387,56714,1,0.73597944,2024-01-14T00:00:00
225393,124,1,0.7359426,2024-01-14T00:00:00
182565,1304,1,0.7358436,2024-01-14T00:00:00
198882,30500,1,0.7358013,2024-01-14T00:00:00
230073,10652,1,0.73553544,2024-01-14T00:00:00
192159,10652,1,0.73524946,2024-01-14T00:00:00
161787,1370,1,0.7351288,2024-01-14T00:00:00
206955,59822,1,0.73503584,2024-01-14T00:00:00
154119,1372,1,0.7344821,2024-01-14T00:00:00
66915,11262,1,0.7337654,2024-01-14T00:00:00
164337,1304,1,0.73373646,2024-01-14T00:00:00
212550,11262,1,0.7334199,2024-01-14T00:00:00
227973,11262,1,0.73334044,2024-01-14T00:00:00
203094,11262,1,0.73334044,2024-01-14T00:00:00
204762,11262,1,0.73334044,2024-01-14T00:00:00
203133,11262,1,0.73334044,2024-01-14T00:00:00
166362,11262,1,0.73325664,2024-01-14T00:00:00
166002,30500,1,0.7330932,2024-01-14T00:00:00
205821,48574,1,0.7330337,2024-01-14T00:00:00
211383,33886,1,0.73190063,2024-01-14T00:00:00
217848,56714,1,0.7318072,2024-01-14T00:00:00
211524,56714,1,0.7318072,2024-01-14T00:00:00
220218,1372,1,0.73178476,2024-01-14T00:00:00
155403,1304,1,0.73153484,2024-01-14T00:00:00
68676,1304,1,0.73153484,2024-01-14T00:00:00
206697,1304,1,0.73151547,2024-01-14T00:00:00
196302,39186,1,0.7314832,2024-01-14T00:00:00
232455,59822,1,0.7309519,2024-01-14T00:00:00
171702,1304,1,0.73090076,2024-01-14T00:00:00
209622,48574,1,0.7306774,2024-01-14T00:00:00
208491,1370,1,0.73065126,2024-01-14T00:00:00
221526,1370,1,0.73065126,2024-01-14T00:00:00
208572,1370,1,0.73065126,2024-01-14T00:00:00
183489,30500,1,0.7303372,2024-01-14T00:00:00
178818,1370,1,0.7299785,2024-01-14T00:00:00
200502,30500,1,0.72994673,2024-01-14T00:00:00
67056,1372,1,0.72951984,2024-01-14T00:00:00
179790,56714,1,0.72946423,2024-01-14T00:00:00
183645,1372,1,0.7294283,2024-01-14T00:00:00
231102,1372,1,0.72926486,2024-01-14T00:00:00
219021,10652,1,0.72913533,2024-01-14T00:00:00
154098,1304,1,0.7287647,2024-01-14T00:00:00
71766,1370,1,0.72863775,2024-01-14T00:00:00
188937,1304,1,0.72857195,2024-01-14T00:00:00
212469,35732,1,0.7284035,2024-01-14T00:00:00
210876,56714,1,0.7283922,2024-01-14T00:00:00
230178,1372,1,0.728368,2024-01-14T00:00:00
238608,1304,1,0.72809094,2024-01-14T00:00:00
225393,1372,1,0.72781783,2024-01-14T00:00:00
183492,50268,1,0.7274585,2024-01-14T00:00:00
236655,1304,1,0.7273911,2024-01-14T00:00:00
154476,50268,1,0.7271239,2024-01-14T00:00:00
174468,1304,1,0.7269993,2024-01-14T00:00:00
59700,1304,1,0.7268566,2024-01-14T00:00:00
59700,59822,1,0.7268566,2024-01-14T00:00:00
200502,33886,1,0.72615445,2024-01-14T00:00:00
154707,48574,1,0.72605604,2024-01-14T00:00:00
224631,1304,1,0.7259084,2024-01-14T00:00:00
192714,16358,1,0.7254632,2024-01-14T00:00:00
72561,35732,1,0.7254238,2024-01-14T00:00:00
184863,1372,1,0.72531945,2024-01-14T00:00:00
155085,1372,1,0.7252486,2024-01-14T00:00:00
195507,60978,1,0.7247463,2024-01-14T00:00:00
209829,1304,1,0.7241141,2024-01-14T00:00:00
225501,48574,1,0.7235924,2024-01-14T00:00:00
187707,1372,1,0.72357655,2024-01-14T00:00:00
203700,33886,1,0.723427,2024-01-14T00:00:00
208476,56714,1,0.7233778,2024-01-14T00:00:00
208485,56714,1,0.7233778,2024-01-14T00:00:00
163377,1370,1,0.72336537,2024-01-14T00:00:00
188685,11262,1,0.7233617,2024-01-14T00:00:00
211548,48574,1,0.7233043,2024-01-14T00:00:00
208524,48574,1,0.7233043,2024-01-14T00:00:00
208482,1304,1,0.72318274,2024-01-14T00:00:00
208899,56714,1,0.7230697,2024-01-14T00:00:00
129081,50270,1,0.72212666,2024-01-14T00:00:00
153960,48574,1,0.7219635,2024-01-14T00:00:00
209976,30500,1,0.72174376,2024-01-14T00:00:00
203145,1304,1,0.72173053,2024-01-14T00:00:00
173940,59822,1,0.72143155,2024-01-14T00:00:00
173940,1304,1,0.72143155,2024-01-14T00:00:00
72558,60978,1,0.7213035,2024-01-14T00:00:00
193323,30500,1,0.7210191,2024-01-14T00:00:00
207084,60978,1,0.72089565,2024-01-14T00:00:00
197286,44302,1,0.7208062,2024-01-14T00:00:00
195507,30500,1,0.7203574,2024-01-14T00:00:00
206412,1304,1,0.72024465,2024-01-14T00:00:00
209994,48574,1,0.71961707,2024-01-14T00:00:00
177903,11262,1,0.71946216,2024-01-14T00:00:00
207498,11262,1,0.7193946,2024-01-14T00:00:00
206811,56714,1,0.71925795,2024-01-14T00:00:00
66465,10652,1,0.7190032,2024-01-14T00:00:00
62817,56714,1,0.7180891,2024-01-14T00:00:00
228438,35732,1,0.7179287,2024-01-14T00:00:00
198981,48574,1,0.71767265,2024-01-14T00:00:00
222906,30500,1,0.71757245,2024-01-14T00:00:00
208116,59822,1,0.7170026,2024-01-14T00:00:00
203256,1304,1,0.7170026,2024-01-14T00:00:00
212112,59822,1,0.7170026,2024-01-14T00:00:00
203268,1304,1,0.7170026,2024-01-14T00:00:00
196722,1304,1,0.7170026,2024-01-14T00:00:00
212586,35846,1,0.7164181,2024-01-14T00:00:00
25749,1372,1,0.71637756,2024-01-14T00:00:00
163101,56714,1,0.71581274,2024-01-14T00:00:00
206433,30500,1,0.71559936,2024-01-14T00:00:00
162603,48574,1,0.7154531,2024-01-14T00:00:00
188685,1304,1,0.7151199,2024-01-14T00:00:00
188937,50268,1,0.71503294,2024-01-14T00:00:00
64734,33886,1,0.7148862,2024-01-14T00:00:00
211749,51974,1,0.71484166,2024-01-14T00:00:00
186942,1372,1,0.71482766,2024-01-14T00:00:00
223728,1372,1,0.7147004,2024-01-14T00:00:00
184863,10652,1,0.71459585,2024-01-14T00:00:00
206412,42132,1,0.71457124,2024-01-14T00:00:00
154494,48574,1,0.71436435,2024-01-14T00:00:00
237252,11262,1,0.7143185,2024-01-14T00:00:00
154542,60978,1,0.7141293,2024-01-14T00:00:00
206784,39186,1,0.714121,2024-01-14T00:00:00
198573,11262,1,0.714067,2024-01-14T00:00:00
179838,35846,1,0.713893,2024-01-14T00:00:00
187974,35846,1,0.713893,2024-01-14T00:00:00
192564,48574,1,0.71379006,2024-01-14T00:00:00
204762,30500,1,0.7136516,2024-01-14T00:00:00
203094,30500,1,0.7136516,2024-01-14T00:00:00
203133,30500,1,0.7136516,2024-01-14T00:00:00
96444,1304,1,0.71329373,2024-01-14T00:00:00
222906,44302,1,0.7131967,2024-01-14T00:00:00
153204,1304,1,0.71251553,2024-01-14T00:00:00
174468,35846,1,0.712508,2024-01-14T00:00:00
187707,42132,1,0.7115222,2024-01-14T00:00:00
191247,33534,1,0.71128374,2024-01-14T00:00:00
176319,30500,1,0.71091205,2024-01-14T00:00:00
192549,50274,1,0.7107644,2024-01-14T00:00:00
210627,1372,1,0.710319,2024-01-14T00:00:00
153303,1304,1,0.71030074,2024-01-14T00:00:00
153888,1370,1,0.7102752,2024-01-14T00:00:00
164007,35732,1,0.7102462,2024-01-14T00:00:00
197286,10652,1,0.7101114,2024-01-14T00:00:00
227295,48574,1,0.70983726,2024-01-14T00:00:00
185067,50268,1,0.7097333,2024-01-14T00:00:00
163131,56714,1,0.70920306,2024-01-14T00:00:00
203052,33886,1,0.70889556,2024-01-14T00:00:00
59703,33886,1,0.70889556,2024-01-14T00:00:00
66378,33886,1,0.70889556,2024-01-14T00:00:00
212505,33886,1,0.70889556,2024-01-14T00:00:00
192771,33886,1,0.70889556,2024-01-14T00:00:00
192768,33886,1,0.70889556,2024-01-14T00:00:00
188787,1372,1,0.7088698,2024-01-14T00:00:00
206952,36722,1,0.7088213,2024-01-14T00:00:00
206952,36720,1,0.7088213,2024-01-14T00:00:00
210981,30500,1,0.70830745,2024-01-14T00:00:00
154146,1372,1,0.70803416,2024-01-14T00:00:00
197286,1370,1,0.7079614,2024-01-14T00:00:00
191247,39186,1,0.70715916,2024-01-14T00:00:00
210678,48574,1,0.7071253,2024-01-14T00:00:00
166002,60978,1,0.70686615,2024-01-14T00:00:00
203454,48574,1,0.70655376,2024-01-14T00:00:00
224280,48574,1,0.70655376,2024-01-14T00:00:00
161667,1372,1,0.7062592,2024-01-14T00:00:00
166356,1304,1,0.70548695,2024-01-14T00:00:00
207927,59822,1,0.7053448,2024-01-14T00:00:00
181149,48574,1,0.704713,2024-01-14T00:00:00
208206,1372,1,0.70468575,2024-01-14T00:00:00
179088,30500,1,0.7046469,2024-01-14T00:00:00
171372,11262,1,0.7045379,2024-01-14T00:00:00
212478,11262,1,0.7043718,2024-01-14T00:00:00
162984,30500,1,0.70432794,2024-01-14T00:00:00
234093,50268,1,0.70430917,2024-01-14T00:00:00
210393,35732,1,0.70430917,2024-01-14T00:00:00
204375,1304,1,0.7042854,2024-01-14T00:00:00
238032,1370,1,0.7041132,2024-01-14T00:00:00
206343,1370,1,0.7041132,2024-01-14T00:00:00
188937,33886,1,0.70409393,2024-01-14T00:00:00
205659,56714,1,0.7040219,2024-01-14T00:00:00
212586,39186,1,0.7037082,2024-01-14T00:00:00
153279,59822,1,0.7034922,2024-01-14T00:00:00
153279,1304,1,0.7034922,2024-01-14T00:00:00
225672,10652,1,0.7032014,2024-01-14T00:00:00
206406,56714,1,0.703115,2024-01-14T00:00:00
206376,33886,1,0.70311445,2024-01-14T00:00:00
72558,35846,1,0.7029849,2024-01-14T00:00:00
238878,1372,1,0.7029823,2024-01-14T00:00:00
154542,1372,1,0.7029823,2024-01-14T00:00:00
185244,1372,1,0.7029823,2024-01-14T00:00:00
212220,1304,1,0.7029198,2024-01-14T00:00:00
176403,1304,1,0.7029198,2024-01-14T00:00:00
211533,35732,1,0.70232177,2024-01-14T00:00:00
211950,30500,1,0.70229983,2024-01-14T00:00:00
230178,11262,1,0.7021361,2024-01-14T00:00:00
194082,56714,1,0.70208734,2024-01-14T00:00:00
194904,35732,1,0.7020489,2024-01-14T00:00:00
205191,48574,1,0.70193183,2024-01-14T00:00:00
72045,48574,1,0.70193183,2024-01-14T00:00:00
221115,1304,1,0.7017056,2024-01-14T00:00:00
222438,56714,1,0.7015817,2024-01-14T00:00:00
229527,39186,1,0.70152956,2024-01-14T00:00:00
206937,51316,1,0.7007158,2024-01-14T00:00:00
194904,30500,1,0.700694,2024-01-14T00:00:00
236226,57804,1,0.7005392,2024-01-14T00:00:00
206952,42132,1,0.7004627,2024-01-14T00:00:00
156057,10652,1,0.70015275,2024-01-14T00:00:00
210846,1370,1,0.699974,2024-01-14T00:00:00
192771,1370,1,0.699974,2024-01-14T00:00:00
66378,1370,1,0.699974,2024-01-14T00:00:00
203058,1370,1,0.699974,2024-01-14T00:00:00
233970,1304,1,0.69996566,2024-01-14T00:00:00
207096,48574,1,0.6999355,2024-01-14T00:00:00
195378,48574,1,0.6999355,2024-01-14T00:00:00
208788,44302,1,0.69956684,2024-01-14T00:00:00
224925,30500,1,0.6992838,2024-01-14T00:00:00
187806,60978,1,0.6992579,2024-01-14T00:00:00
186177,30500,1,0.6988446,2024-01-14T00:00:00
155043,1372,1,0.6987188,2024-01-14T00:00:00
153312,48574,1,0.69850963,2024-01-14T00:00:00
215985,1372,1,0.69813704,2024-01-14T00:00:00
227664,44302,1,0.69800806,2024-01-14T00:00:00
212445,50270,1,0.6977694,2024-01-14T00:00:00
206376,60978,1,0.69755006,2024-01-14T00:00:00
157680,1304,1,0.6974833,2024-01-14T00:00:00
206412,1372,1,0.6971496,2024-01-14T00:00:00
206772,35846,1,0.6971421,2024-01-14T00:00:00
183468,1372,1,0.69667166,2024-01-14T00:00:00
60888,50268,1,0.6961935,2024-01-14T00:00:00
183672,11262,1,0.6960412,2024-01-14T00:00:00
216108,30500,1,0.69572985,2024-01-14T00:00:00
153402,1370,1,0.6955841,2024-01-14T00:00:00
206952,39186,1,0.6949747,2024-01-14T00:00:00
64353,1304,1,0.6946091,2024-01-14T00:00:00
207087,39186,1,0.6945648,2024-01-14T00:00:00
154890,1372,1,0.6943077,2024-01-14T00:00:00
232455,16358,1,0.6942963,2024-01-14T00:00:00
227295,1370,1,0.6940775,2024-01-14T00:00:00
212430,1370,1,0.6940775,2024-01-14T00:00:00
232269,1372,1,0.693537,2024-01-14T00:00:00
156057,60978,1,0.69317746,2024-01-14T00:00:00
210981,35732,1,0.6929034,2024-01-14T00:00:00
195894,48574,1,0.6926666,2024-01-14T00:00:00
206364,33886,1,0.69220495,2024-01-14T00:00:00
203724,50270,1,0.6922026,2024-01-14T00:00:00
176319,1304,1,0.6921717,2024-01-14T00:00:00
197835,48574,1,0.6921161,2024-01-14T00:00:00
211950,1372,1,0.6920649,2024-01-14T00:00:00
222906,42132,1,0.691697,2024-01-14T00:00:00
208788,60978,1,0.6915726,2024-01-14T00:00:00
206847,11262,1,0.6914251,2024-01-14T00:00:00
172161,35846,1,0.69140047,2024-01-14T00:00:00
203199,1304,1,0.6911438,2024-01-14T00:00:00
219231,33886,1,0.6909402,2024-01-14T00:00:00
208488,44302,1,0.6907343,2024-01-14T00:00:00
175293,48574,1,0.6901899,2024-01-14T00:00:00
187839,60978,1,0.69013536,2024-01-14T00:00:00
208341,35732,1,0.6901137,2024-01-14T00:00:00
208341,50268,1,0.6901137,2024-01-14T00:00:00
212526,1304,1,0.6900892,2024-01-14T00:00:00
154167,10652,1,0.690003,2024-01-14T00:00:00
202959,60978,1,0.68967277,2024-01-14T00:00:00
217380,56714,1,0.689487,2024-01-14T00:00:00
189012,56714,1,0.6890169,2024-01-14T00:00:00
217494,50268,1,0.68897414,2024-01-14T00:00:00
223968,39186,1,0.68870515,2024-01-14T00:00:00
198945,1372,1,0.6882713,2024-01-14T00:00:00
228729,56714,1,0.68732953,2024-01-14T00:00:00
176472,1370,1,0.6871287,2024-01-14T00:00:00
188787,33886,1,0.686967,2024-01-14T00:00:00
210186,1372,1,0.6867378,2024-01-14T00:00:00
206760,1372,1,0.6867378,2024-01-14T00:00:00
194388,56714,1,0.6865669,2024-01-14T00:00:00
236766,56714,1,0.6865669,2024-01-14T00:00:00
154743,1372,1,0.6862987,2024-01-14T00:00:00
220269,50274,1,0.6859766,2024-01-14T00:00:00
66879,30500,1,0.6859256,2024-01-14T00:00:00
234030,1304,1,0.6858933,2024-01-14T00:00:00
208515,1304,1,0.6858933,2024-01-14T00:00:00
172704,60978,1,0.6858671,2024-01-14T00:00:00
206952,1304,1,0.68586,2024-01-14T00:00:00
154113,30500,1,0.68564,2024-01-14T00:00:00
77484,10652,1,0.68542355,2024-01-14T00:00:00
232035,35732,1,0.6853808,2024-01-14T00:00:00
153204,1370,1,0.6850435,2024-01-14T00:00:00
62817,48574,1,0.68485945,2024-01-14T00:00:00
203661,48574,1,0.68481034,2024-01-14T00:00:00
232269,35732,1,0.6847703,2024-01-14T00:00:00
160770,30500,1,0.68461365,2024-01-14T00:00:00
172503,48574,1,0.68445367,2024-01-14T00:00:00
223089,56714,1,0.6843869,2024-01-14T00:00:00
204375,16358,1,0.6839584,2024-01-14T00:00:00
204375,30500,1,0.68388176,2024-01-14T00:00:00
187806,39186,1,0.68327224,2024-01-14T00:00:00
210186,57804,1,0.6830064,2024-01-14T00:00:00
206760,57804,1,0.6830064,2024-01-14T00:00:00
231876,33886,1,0.6826574,2024-01-14T00:00:00
153885,30500,1,0.6820332,2024-01-14T00:00:00
158499,1304,1,0.6819206,2024-01-14T00:00:00
72045,56714,1,0.68155795,2024-01-14T00:00:00
188331,30500,1,0.6810649,2024-01-14T00:00:00
61935,1370,1,0.6806927,2024-01-14T00:00:00
183573,30500,1,0.6806742,2024-01-14T00:00:00
153138,35732,1,0.68051505,2024-01-14T00:00:00
66879,1372,1,0.6801305,2024-01-14T00:00:00
163131,30500,1,0.6801204,2024-01-14T00:00:00
232614,1370,1,0.6800171,2024-01-14T00:00:00
222438,60978,1,0.67943543,2024-01-14T00:00:00
205815,1304,1,0.67940557,2024-01-14T00:00:00
60864,1304,1,0.6787945,2024-01-14T00:00:00
208872,30500,1,0.6785769,2024-01-14T00:00:00
77484,1370,1,0.6783854,2024-01-14T00:00:00
223968,44302,1,0.67777914,2024-01-14T00:00:00
219522,30500,1,0.67777914,2024-01-14T00:00:00
210876,1304,1,0.67761093,2024-01-14T00:00:00
187974,59822,1,0.67761093,2024-01-14T00:00:00
179838,1304,1,0.67761093,2024-01-14T00:00:00
183675,1304,1,0.67761093,2024-01-14T00:00:00
179838,59822,1,0.67761093,2024-01-14T00:00:00
187974,1304,1,0.67761093,2024-01-14T00:00:00
206748,50270,1,0.6773236,2024-01-14T00:00:00
208821,1304,1,0.677102,2024-01-14T00:00:00
200502,59822,1,0.677102,2024-01-14T00:00:00
200502,1304,1,0.677102,2024-01-14T00:00:00
208554,1304,1,0.677102,2024-01-14T00:00:00
208536,1304,1,0.6769048,2024-01-14T00:00:00
237765,1304,1,0.6769048,2024-01-14T00:00:00
212301,1372,1,0.67650294,2024-01-14T00:00:00
72117,39186,1,0.6761621,2024-01-14T00:00:00
227343,1370,1,0.6757002,2024-01-14T00:00:00
129264,60978,1,0.6751373,2024-01-14T00:00:00
61344,35846,1,0.6748075,2024-01-14T00:00:00
203700,60978,1,0.67474484,2024-01-14T00:00:00
225393,44302,1,0.6746594,2024-01-14T00:00:00
231909,30500,1,0.6746007,2024-01-14T00:00:00
195723,10652,1,0.67449665,2024-01-14T00:00:00
164640,1304,1,0.6742912,2024-01-14T00:00:00
208788,35732,1,0.6740589,2024-01-14T00:00:00
208788,50268,1,0.6740589,2024-01-14T00:00:00
212586,33886,1,0.67383385,2024-01-14T00:00:00
72930,35846,1,0.6736207,2024-01-14T00:00:00
198873,39186,1,0.67357737,2024-01-14T00:00:00
178230,1372,1,0.67312145,2024-01-14T00:00:00
212775,59822,1,0.67301047,2024-01-14T00:00:00
212775,1304,1,0.67301047,2024-01-14T00:00:00
206427,1304,1,0.67293936,2024-01-14T00:00:00
238263,48574,1,0.6728531,2024-01-14T00:00:00
206784,35732,1,0.6725083,2024-01-14T00:00:00
215517,1372,1,0.67161185,2024-01-14T00:00:00
206937,1372,1,0.67161185,2024-01-14T00:00:00
153303,10652,1,0.6712626,2024-01-14T00:00:00
222204,1304,1,0.67121714,2024-01-14T00:00:00
61344,10652,1,0.6710243,2024-01-14T00:00:00
204276,1304,1,0.6705519,2024-01-14T00:00:00
220269,1372,1,0.67028135,2024-01-14T00:00:00
236766,1304,1,0.670044,2024-01-14T00:00:00
80925,1304,1,0.670044,2024-01-14T00:00:00
179088,1372,1,0.6685102,2024-01-14T00:00:00
217620,1372,1,0.6685102,2024-01-14T00:00:00
225393,48574,1,0.66815525,2024-01-14T00:00:00
206484,30500,1,0.6678284,2024-01-14T00:00:00
204375,48574,1,0.66743,2024-01-14T00:00:00
207345,11262,1,0.66741294,2024-01-14T00:00:00
154770,1304,1,0.6673443,2024-01-14T00:00:00
206856,50268,1,0.66723704,2024-01-14T00:00:00
206952,48574,1,0.66721493,2024-01-14T00:00:00
192564,1304,1,0.66650236,2024-01-14T00:00:00
213114,33886,1,0.66606766,2024-01-14T00:00:00
154041,48574,1,0.6658323,2024-01-14T00:00:00
212220,48574,1,0.66564864,2024-01-14T00:00:00
2061063,60978,1,0.6655912,2024-01-14T00:00:00
66465,35732,1,0.665466,2024-01-14T00:00:00
237057,35732,1,0.66540045,2024-01-14T00:00:00
206952,1372,1,0.6652046,2024-01-14T00:00:00
208806,60978,1,0.6649641,2024-01-14T00:00:00
208893,60978,1,0.6649641,2024-01-14T00:00:00
208506,60978,1,0.6649641,2024-01-14T00:00:00
187797,60978,1,0.6648381,2024-01-14T00:00:00
196302,60978,1,0.6648125,2024-01-14T00:00:00
191247,35732,1,0.6646256,2024-01-14T00:00:00
203259,60978,1,0.6645245,2024-01-14T00:00:00
208524,56714,1,0.6644287,2024-01-14T00:00:00
153669,1304,1,0.66429573,2024-01-14T00:00:00
204657,48574,1,0.6641103,2024-01-14T00:00:00
206940,1304,1,0.6639658,2024-01-14T00:00:00
206748,1304,1,0.6639658,2024-01-14T00:00:00
212448,1304,1,0.6639658,2024-01-14T00:00:00
206955,48574,1,0.6639462,2024-01-14T00:00:00
204522,1372,1,0.66375923,2024-01-14T00:00:00
210981,10652,1,0.66345394,2024-01-14T00:00:00
222438,48574,1,0.6632479,2024-01-14T00:00:00
208806,30500,1,0.66296893,2024-01-14T00:00:00
238068,1370,1,0.6629024,2024-01-14T00:00:00
211761,1370,1,0.6629024,2024-01-14T00:00:00
160029,48574,1,0.662344,2024-01-14T00:00:00
178230,10652,1,0.66190153,2024-01-14T00:00:00
194229,51316,1,0.6618252,2024-01-14T00:00:00
72117,1370,1,0.6618056,2024-01-14T00:00:00
206697,33886,1,0.6616468,2024-01-14T00:00:00
216564,1372,1,0.6611097,2024-01-14T00:00:00
212892,50274,1,0.6608499,2024-01-14T00:00:00
191247,48574,1,0.6608031,2024-01-14T00:00:00
186174,48574,1,0.66066796,2024-01-14T00:00:00
235842,48574,1,0.66064227,2024-01-14T00:00:00
211533,50270,1,0.6602995,2024-01-14T00:00:00
193323,60978,1,0.6602336,2024-01-14T00:00:00
198867,33886,1,0.6602218,2024-01-14T00:00:00
182292,1372,1,0.6600625,2024-01-14T00:00:00
206355,42132,1,0.65983814,2024-01-14T00:00:00
206991,42132,1,0.65983814,2024-01-14T00:00:00
72483,1304,1,0.6596308,2024-01-14T00:00:00
204759,30500,1,0.6596178,2024-01-14T00:00:00
208341,39186,1,0.65961283,2024-01-14T00:00:00
179436,1304,1,0.6596099,2024-01-14T00:00:00
206367,30500,1,0.659513,2024-01-14T00:00:00
222711,1372,1,0.6592583,2024-01-14T00:00:00
157398,60978,1,0.6583479,2024-01-14T00:00:00
61977,56714,1,0.6582816,2024-01-14T00:00:00
208692,60978,1,0.6581734,2024-01-14T00:00:00
207105,60,1,0.65806717,2024-01-14T00:00:00
206952,30500,1,0.65799797,2024-01-14T00:00:00
96444,56714,1,0.6577105,2024-01-14T00:00:00
206697,39186,1,0.65721107,2024-01-14T00:00:00
228729,1304,1,0.6570409,2024-01-14T00:00:00
159831,48574,1,0.6564926,2024-01-14T00:00:00
206952,51974,1,0.65622765,2024-01-14T00:00:00
201564,30500,1,0.65579873,2024-01-14T00:00:00
209184,33886,1,0.6555127,2024-01-14T00:00:00
72918,33886,1,0.6553,2024-01-14T00:00:00
223968,48574,1,0.6552043,2024-01-14T00:00:00
153792,48574,1,0.65487623,2024-01-14T00:00:00
212586,48574,1,0.6547008,2024-01-14T00:00:00
204780,60978,1,0.65440786,2024-01-14T00:00:00
203871,60978,1,0.65440786,2024-01-14T00:00:00
153756,60978,1,0.6540565,2024-01-14T00:00:00
96444,60978,1,0.65368557,2024-01-14T00:00:00
61692,16358,1,0.6536527,2024-01-14T00:00:00
216981,1370,1,0.6534723,2024-01-14T00:00:00
204144,56714,1,0.6534476,2024-01-14T00:00:00
153141,1304,1,0.65320635,2024-01-14T00:00:00
174468,60978,1,0.6531053,2024-01-14T00:00:00
212397,39186,1,0.65298957,2024-01-14T00:00:00
200502,48574,1,0.6526822,2024-01-14T00:00:00
206406,1370,1,0.6522388,2024-01-14T00:00:00
238032,59822,1,0.6518181,2024-01-14T00:00:00
196455,60978,1,0.6517344,2024-01-14T00:00:00
208722,60978,1,0.6517344,2024-01-14T00:00:00
208485,60978,1,0.6517344,2024-01-14T00:00:00
200964,50272,1,0.6511896,2024-01-14T00:00:00
206811,33886,1,0.6508356,2024-01-14T00:00:00
209793,60978,1,0.6505879,2024-01-14T00:00:00
206478,60978,1,0.650239,2024-01-14T00:00:00
220218,60978,1,0.64987296,2024-01-14T00:00:00
188331,10808,1,0.649854,2024-01-14T00:00:00
60888,1372,1,0.6497264,2024-01-14T00:00:00
176472,1304,1,0.649416,2024-01-14T00:00:00
187806,10652,1,0.6485856,2024-01-14T00:00:00
186378,10652,1,0.64844614,2024-01-14T00:00:00
61899,30500,1,0.64840096,2024-01-14T00:00:00
206448,1372,1,0.6483338,2024-01-14T00:00:00
228060,1372,1,0.6483338,2024-01-14T00:00:00
232404,30500,1,0.648227,2024-01-14T00:00:00
229527,30500,1,0.6480621,2024-01-14T00:00:00
236226,30500,1,0.6473257,2024-01-14T00:00:00
209976,60978,1,0.647243,2024-01-14T00:00:00
207330,1372,1,0.64685136,2024-01-14T00:00:00
157938,11262,1,0.64681906,2024-01-14T00:00:00
203790,30500,1,0.64676106,2024-01-14T00:00:00
166362,1304,1,0.646635,2024-01-14T00:00:00
222906,1372,1,0.6464706,2024-01-14T00:00:00
205332,48574,1,0.6462702,2024-01-14T00:00:00
211965,33534,1,0.646096,2024-01-14T00:00:00
211473,56714,1,0.6460779,2024-01-14T00:00:00
171702,10652,1,0.6459738,2024-01-14T00:00:00
222204,33886,1,0.6455471,2024-01-14T00:00:00
210876,1372,1,0.64514345,2024-01-14T00:00:00
56871,1370,1,0.64509654,2024-01-14T00:00:00
163578,1370,1,0.6450846,2024-01-14T00:00:00
166995,48574,1,0.6449661,2024-01-14T00:00:00
198882,57804,1,0.64494145,2024-01-14T00:00:00
212379,44302,1,0.64465946,2024-01-14T00:00:00
191232,10652,1,0.6446188,2024-01-14T00:00:00
212721,50270,1,0.6445661,2024-01-14T00:00:00
198867,10652,1,0.64439046,2024-01-14T00:00:00
203166,48574,1,0.6441867,2024-01-14T00:00:00
227292,1372,1,0.6441009,2024-01-14T00:00:00
219420,30500,1,0.64406246,2024-01-14T00:00:00
62817,1372,1,0.6438747,2024-01-14T00:00:00
220218,1304,1,0.64349467,2024-01-14T00:00:00
172590,1370,1,0.6427712,2024-01-14T00:00:00
216309,60978,1,0.6424984,2024-01-14T00:00:00
208806,33886,1,0.6423392,2024-01-14T00:00:00
208893,33886,1,0.6423392,2024-01-14T00:00:00
208500,33886,1,0.6423392,2024-01-14T00:00:00
69249,11262,1,0.6423325,2024-01-14T00:00:00
208758,57804,1,0.6422727,2024-01-14T00:00:00
229527,44302,1,0.64212596,2024-01-14T00:00:00
207219,48574,1,0.64194095,2024-01-14T00:00:00
204375,35732,1,0.6418557,2024-01-14T00:00:00
237300,60978,1,0.6418536,2024-01-14T00:00:00
205662,60978,1,0.6418536,2024-01-14T00:00:00
203322,60978,1,0.6418536,2024-01-14T00:00:00
203310,60978,1,0.6418536,2024-01-14T00:00:00
222306,60978,1,0.6418536,2024-01-14T00:00:00
208485,33886,1,0.6418286,2024-01-14T00:00:00
186882,30500,1,0.6417897,2024-01-14T00:00:00
66777,30500,1,0.6417897,2024-01-14T00:00:00
208911,11262,1,0.6411071,2024-01-14T00:00:00
153315,1372,1,0.6405005,2024-01-14T00:00:00
203811,60978,1,0.64029723,2024-01-14T00:00:00
70890,30500,1,0.6400351,2024-01-14T00:00:00
206955,30500,1,0.6400351,2024-01-14T00:00:00
153912,1304,1,0.6394763,2024-01-14T00:00:00
129135,56714,1,0.639269,2024-01-14T00:00:00
211749,59822,1,0.63897544,2024-01-14T00:00:00
212721,57804,1,0.6380544,2024-01-14T00:00:00
162957,1304,1,0.6379565,2024-01-14T00:00:00
157767,48574,1,0.63783187,2024-01-14T00:00:00
222204,30500,1,0.637646,2024-01-14T00:00:00
65637,30500,1,0.6375435,2024-01-14T00:00:00
62817,10652,1,0.6375041,2024-01-14T00:00:00
211524,50268,1,0.6368933,2024-01-14T00:00:00
61482,1372,1,0.6367057,2024-01-14T00:00:00
188853,1304,1,0.6364489,2024-01-14T00:00:00
96138,1370,1,0.6361557,2024-01-14T00:00:00
204189,1372,1,0.63586885,2024-01-14T00:00:00
219132,10652,1,0.63583034,2024-01-14T00:00:00
223968,60978,1,0.63570684,2024-01-14T00:00:00
220632,35846,1,0.6354266,2024-01-14T00:00:00
187962,11262,1,0.6352137,2024-01-14T00:00:00
161667,1304,1,0.63486046,2024-01-14T00:00:00
208488,50268,1,0.634376,2024-01-14T00:00:00
220269,1304,1,0.6342323,2024-01-14T00:00:00
208524,30500,1,0.63412565,2024-01-14T00:00:00
210114,1304,1,0.6339471,2024-01-14T00:00:00
220269,10652,1,0.6335303,2024-01-14T00:00:00
63690,33886,1,0.63330036,2024-01-14T00:00:00
153204,10652,1,0.63283545,2024-01-14T00:00:00
166029,1372,1,0.6327846,2024-01-14T00:00:00
233970,60978,1,0.63246346,2024-01-14T00:00:00
216564,57804,1,0.63185054,2024-01-14T00:00:00
225276,56714,1,0.63183457,2024-01-14T00:00:00
210111,50268,1,0.63166755,2024-01-14T00:00:00
206868,56714,1,0.63162386,2024-01-14T00:00:00
196845,42132,1,0.63149184,2024-01-14T00:00:00
196845,35846,1,0.6314915,2024-01-14T00:00:00
207087,50272,1,0.6312119,2024-01-14T00:00:00
225501,60978,1,0.6309544,2024-01-14T00:00:00
208599,35846,1,0.6308075,2024-01-14T00:00:00
65067,48574,1,0.63072485,2024-01-14T00:00:00
176577,1370,1,0.63071096,2024-01-14T00:00:00
205722,56714,1,0.6306926,2024-01-14T00:00:00
207105,30500,1,0.6306564,2024-01-14T00:00:00
61824,1372,1,0.6304914,2024-01-14T00:00:00
229527,60978,1,0.6300227,2024-01-14T00:00:00
206367,1370,1,0.6298962,2024-01-14T00:00:00
206646,1370,1,0.6298962,2024-01-14T00:00:00
153381,33886,1,0.6292466,2024-01-14T00:00:00
193965,10652,1,0.6289097,2024-01-14T00:00:00
206952,10652,1,0.62886447,2024-01-14T00:00:00
220269,44302,1,0.6287782,2024-01-14T00:00:00
217620,48574,1,0.6286603,2024-01-14T00:00:00
225699,33886,1,0.62833875,2024-01-14T00:00:00
205812,48574,1,0.6283104,2024-01-14T00:00:00
225669,33886,1,0.6281018,2024-01-14T00:00:00
183387,1304,1,0.6277033,2024-01-14T00:00:00
198873,1304,1,0.62755567,2024-01-14T00:00:00
197673,30500,1,0.6275149,2024-01-14T00:00:00
204276,30500,1,0.62748563,2024-01-14T00:00:00
209994,11262,1,0.6273958,2024-01-14T00:00:00
154167,39186,1,0.6272779,2024-01-14T00:00:00
223518,30500,1,0.62717366,2024-01-14T00:00:00
197529,30500,1,0.62717366,2024-01-14T00:00:00
149634,30500,1,0.62717366,2024-01-14T00:00:00
183195,48574,1,0.6269544,2024-01-14T00:00:00
229539,48574,1,0.6265503,2024-01-14T00:00:00
210186,60978,1,0.6262059,2024-01-14T00:00:00
206760,60978,1,0.6262059,2024-01-14T00:00:00
208524,1370,1,0.6259094,2024-01-14T00:00:00
223389,10808,1,0.62575233,2024-01-14T00:00:00
234297,48574,1,0.6257432,2024-01-14T00:00:00
197286,50274,1,0.62522376,2024-01-14T00:00:00
206868,48574,1,0.62520605,2024-01-14T00:00:00
206784,10808,1,0.62511116,2024-01-14T00:00:00
166128,30500,1,0.62502986,2024-01-14T00:00:00
96444,48574,1,0.62485725,2024-01-14T00:00:00
187839,1372,1,0.6244789,2024-01-14T00:00:00
208575,59822,1,0.62432647,2024-01-14T00:00:00
208575,1304,1,0.62432647,2024-01-14T00:00:00
227310,1304,1,0.62432647,2024-01-14T00:00:00
72930,46632,1,0.623846,2024-01-14T00:00:00
207600,44302,1,0.6236974,2024-01-14T00:00:00
209793,51316,1,0.6232489,2024-01-14T00:00:00
211413,30500,1,0.6231201,2024-01-14T00:00:00
167451,1370,1,0.6227844,2024-01-14T00:00:00
62817,1304,1,0.6226401,2024-01-14T00:00:00
204189,60978,1,0.62228477,2024-01-14T00:00:00
163131,1372,1,0.6216399,2024-01-14T00:00:00
206304,1304,1,0.62139016,2024-01-14T00:00:00
206664,33886,1,0.6210624,2024-01-14T00:00:00
232410,48574,1,0.62049514,2024-01-14T00:00:00
231057,57804,1,0.6198114,2024-01-14T00:00:00
206346,57804,1,0.6198114,2024-01-14T00:00:00
232827,50268,1,0.6194534,2024-01-14T00:00:00
232827,35732,1,0.6194534,2024-01-14T00:00:00
203454,10652,1,0.61931914,2024-01-14T00:00:00
154167,48574,1,0.6193152,2024-01-14T00:00:00
171702,48574,1,0.61901295,2024-01-14T00:00:00
226623,30500,1,0.61885774,2024-01-14T00:00:00
238611,48574,1,0.6186074,2024-01-14T00:00:00
208758,1372,1,0.6178629,2024-01-14T00:00:00
215985,33886,1,0.6174837,2024-01-14T00:00:00
225747,48574,1,0.6170337,2024-01-14T00:00:00
192159,59822,1,0.6167267,2024-01-14T00:00:00
163554,50274,1,0.61629015,2024-01-14T00:00:00
197799,48574,1,0.616195,2024-01-14T00:00:00
207339,60978,1,0.6161004,2024-01-14T00:00:00
212445,56714,1,0.61583954,2024-01-14T00:00:00
174468,30500,1,0.61581784,2024-01-14T00:00:00
164337,56714,1,0.61551195,2024-01-14T00:00:00
206748,60978,1,0.61516815,2024-01-14T00:00:00
212448,60978,1,0.61516815,2024-01-14T00:00:00
210186,44302,1,0.61513734,2024-01-14T00:00:00
196311,33886,1,0.6150488,2024-01-14T00:00:00
205107,33886,1,0.6150488,2024-01-14T00:00:00
207828,33886,1,0.6150488,2024-01-14T00:00:00
220632,56714,1,0.6149557,2024-01-14T00:00:00
221247,50274,1,0.6147896,2024-01-14T00:00:00
231162,1304,1,0.61460775,2024-01-14T00:00:00
231162,59822,1,0.61460775,2024-01-14T00:00:00
192714,48574,1,0.61416376,2024-01-14T00:00:00
162603,1372,1,0.61345416,2024-01-14T00:00:00
203178,1372,1,0.61318064,2024-01-14T00:00:00
211641,30500,1,0.61303896,2024-01-14T00:00:00
206868,60978,1,0.61247116,2024-01-14T00:00:00
218265,11262,1,0.61207956,2024-01-14T00:00:00
192159,60978,1,0.6120252,2024-01-14T00:00:00
155337,60978,1,0.61184937,2024-01-14T00:00:00
187806,48574,1,0.6116982,2024-01-14T00:00:00
165183,10652,1,0.61116105,2024-01-14T00:00:00
172161,30500,1,0.61108994,2024-01-14T00:00:00
184710,1304,1,0.6108629,2024-01-14T00:00:00
188847,59822,1,0.6103368,2024-01-14T00:00:00
188847,1304,1,0.6103368,2024-01-14T00:00:00
200964,124,1,0.6097477,2024-01-14T00:00:00
212301,30500,1,0.60922855,2024-01-14T00:00:00
96138,50274,1,0.6090453,2024-01-14T00:00:00
198867,3382,1,0.608896,2024-01-14T00:00:00
173940,11262,1,0.60864854,2024-01-14T00:00:00
65637,1304,1,0.6085131,2024-01-14T00:00:00
206760,42132,1,0.6082337,2024-01-14T00:00:00
128685,60978,1,0.60815597,2024-01-14T00:00:00
208758,50270,1,0.60813737,2024-01-14T00:00:00
178257,35732,1,0.6081022,2024-01-14T00:00:00
61692,1304,1,0.6078906,2024-01-14T00:00:00
212211,48574,1,0.6076603,2024-01-14T00:00:00
202818,48574,1,0.6076035,2024-01-14T00:00:00
163101,60978,1,0.60728955,2024-01-14T00:00:00
212445,44302,1,0.606559,2024-01-14T00:00:00
206850,30500,1,0.60617197,2024-01-14T00:00:00
230010,56714,1,0.60589564,2024-01-14T00:00:00
65640,56714,1,0.6056583,2024-01-14T00:00:00
155100,11262,1,0.60561496,2024-01-14T00:00:00
227310,39186,1,0.60555124,2024-01-14T00:00:00
187797,1304,1,0.6050893,2024-01-14T00:00:00
208488,33886,1,0.605008,2024-01-14T00:00:00
198522,44302,1,0.6048345,2024-01-14T00:00:00
203454,16358,1,0.6047999,2024-01-14T00:00:00
203451,16358,1,0.6047999,2024-01-14T00:00:00
219021,56714,1,0.6036586,2024-01-14T00:00:00
153960,1304,1,0.60320276,2024-01-14T00:00:00
232503,50268,1,0.60318846,2024-01-14T00:00:00
232503,48298,1,0.6030211,2024-01-14T00:00:00
222906,48574,1,0.6029875,2024-01-14T00:00:00
154494,1304,1,0.6029123,2024-01-14T00:00:00
217848,39186,1,0.60270137,2024-01-14T00:00:00
156057,50270,1,0.602555,2024-01-14T00:00:00
65631,11262,1,0.6025284,2024-01-14T00:00:00
187806,1372,1,0.60251445,2024-01-14T00:00:00
156486,10652,1,0.60243064,2024-01-14T00:00:00
184863,44302,1,0.6023968,2024-01-14T00:00:00
163377,48574,1,0.6023697,2024-01-14T00:00:00
162960,59822,1,0.60220134,2024-01-14T00:00:00
61899,50272,1,0.60197324,2024-01-14T00:00:00
154803,1372,1,0.6019488,2024-01-14T00:00:00
217848,30500,1,0.6016846,2024-01-14T00:00:00
238032,33886,1,0.60126,2024-01-14T00:00:00
218265,48574,1,0.6005415,2024-01-14T00:00:00
198990,39186,1,0.6005213,2024-01-14T00:00:00
157938,1304,1,0.60050476,2024-01-14T00:00:00
208491,48574,1,0.6004685,2024-01-14T00:00:00
60888,50270,1,0.6000343,2024-01-14T00:00:00
206427,30500,1,0.59999806,2024-01-14T00:00:00
191553,60978,1,0.5994696,2024-01-14T00:00:00
153204,1372,1,0.5994499,2024-01-14T00:00:00
128526,33886,1,0.5991842,2024-01-14T00:00:00
205821,50270,1,0.59916115,2024-01-14T00:00:00
209154,1372,1,0.599029,2024-01-14T00:00:00
226623,1372,1,0.599029,2024-01-14T00:00:00
187806,1304,1,0.5987003,2024-01-14T00:00:00
204657,56714,1,0.5986845,2024-01-14T00:00:00
188331,60978,1,0.5981073,2024-01-14T00:00:00
198873,48574,1,0.597918,2024-01-14T00:00:00
228438,48574,1,0.5971091,2024-01-14T00:00:00
203073,1304,1,0.59701025,2024-01-14T00:00:00
236655,10652,1,0.59672344,2024-01-14T00:00:00
219381,48574,1,0.59657574,2024-01-14T00:00:00
219021,60978,1,0.59651685,2024-01-14T00:00:00
96444,1372,1,0.5955932,2024-01-14T00:00:00
164457,1372,1,0.595317,2024-01-14T00:00:00
153867,1372,1,0.5951405,2024-01-14T00:00:00
208758,46632,1,0.59480774,2024-01-14T00:00:00
185067,48574,1,0.5947976,2024-01-14T00:00:00
167316,1304,1,0.59459317,2024-01-14T00:00:00
188787,44302,1,0.5945051,2024-01-14T00:00:00
212397,10808,1,0.5942841,2024-01-14T00:00:00
183468,16358,1,0.5936424,2024-01-14T00:00:00
68676,56714,1,0.59341013,2024-01-14T00:00:00
206955,1372,1,0.5932167,2024-01-14T00:00:00
188730,1372,1,0.5931886,2024-01-14T00:00:00
184863,60978,1,0.59221065,2024-01-14T00:00:00
25749,30500,1,0.591108,2024-01-14T00:00:00
222711,60978,1,0.59099585,2024-01-14T00:00:00
206484,1372,1,0.59035033,2024-01-14T00:00:00
216366,1372,1,0.59015524,2024-01-14T00:00:00
203106,44302,1,0.5895914,2024-01-14T00:00:00
210882,10652,1,0.589256,2024-01-14T00:00:00
212397,50274,1,0.58919245,2024-01-14T00:00:00
186216,1304,1,0.58903503,2024-01-14T00:00:00
186174,60978,1,0.5889738,2024-01-14T00:00:00
194208,33886,1,0.58896273,2024-01-14T00:00:00
206637,33886,1,0.58896273,2024-01-14T00:00:00
206355,33886,1,0.58896273,2024-01-14T00:00:00
72312,59822,1,0.58881265,2024-01-14T00:00:00
214968,59822,1,0.58881265,2024-01-14T00:00:00
69060,60978,1,0.5883979,2024-01-14T00:00:00
234030,35846,1,0.5883822,2024-01-14T00:00:00
186933,50272,1,0.5883299,2024-01-14T00:00:00
210981,1372,1,0.5880257,2024-01-14T00:00:00
235335,60978,1,0.58784837,2024-01-14T00:00:00
238878,1304,1,0.5877263,2024-01-14T00:00:00
185244,59822,1,0.5877263,2024-01-14T00:00:00
185244,1304,1,0.5877263,2024-01-14T00:00:00
178257,48574,1,0.58771133,2024-01-14T00:00:00
220179,11262,1,0.5871132,2024-01-14T00:00:00
203301,33886,1,0.58703065,2024-01-14T00:00:00
154119,59822,1,0.58691764,2024-01-14T00:00:00
203811,1304,1,0.58638674,2024-01-14T00:00:00
203811,59822,1,0.58638674,2024-01-14T00:00:00
154698,60978,1,0.5862887,2024-01-14T00:00:00
153867,1304,1,0.5859642,2024-01-14T00:00:00
172035,60978,1,0.58505297,2024-01-14T00:00:00
154275,60978,1,0.5843558,2024-01-14T00:00:00
197835,60978,1,0.5842967,2024-01-14T00:00:00
171702,33886,1,0.58414996,2024-01-14T00:00:00
204375,60978,1,0.58402026,2024-01-14T00:00:00
206952,60978,1,0.5838279,2024-01-14T00:00:00
187806,44302,1,0.58372897,2024-01-14T00:00:00
154068,1370,1,0.58271503,2024-01-14T00:00:00
211641,56714,1,0.5824897,2024-01-14T00:00:00
128763,48574,1,0.5824562,2024-01-14T00:00:00
188196,59822,1,0.5821307,2024-01-14T00:00:00
153303,124,1,0.58198947,2024-01-14T00:00:00
232029,16358,1,0.58192015,2024-01-14T00:00:00
172419,39186,1,0.5809542,2024-01-14T00:00:00
72645,48574,1,0.58058655,2024-01-14T00:00:00
154041,1372,1,0.58032507,2024-01-14T00:00:00
184488,35846,1,0.5794596,2024-01-14T00:00:00
179496,10652,1,0.57940763,2024-01-14T00:00:00
165744,16358,1,0.57932353,2024-01-14T00:00:00
188700,16358,1,0.57932353,2024-01-14T00:00:00
205740,48574,1,0.57915515,2024-01-14T00:00:00
206748,48574,1,0.5788456,2024-01-14T00:00:00
206940,48574,1,0.5788456,2024-01-14T00:00:00
212448,48574,1,0.5788456,2024-01-14T00:00:00
186177,124,1,0.578788,2024-01-14T00:00:00
178830,35732,1,0.5786613,2024-01-14T00:00:00
225393,10652,1,0.5781738,2024-01-14T00:00:00
207219,44302,1,0.5773458,2024-01-14T00:00:00
203439,1370,1,0.57659423,2024-01-14T00:00:00
191256,56714,1,0.5757265,2024-01-14T00:00:00
60882,30500,1,0.5754138,2024-01-14T00:00:00
183789,10652,1,0.57466966,2024-01-14T00:00:00
206937,33534,1,0.5741136,2024-01-14T00:00:00
198873,1372,1,0.5740591,2024-01-14T00:00:00
204771,35732,1,0.5740529,2024-01-14T00:00:00
215298,50268,1,0.5738047,2024-01-14T00:00:00
128334,48574,1,0.57356036,2024-01-14T00:00:00
183105,48574,1,0.5731074,2024-01-14T00:00:00
68496,1304,1,0.5726735,2024-01-14T00:00:00
236490,48574,1,0.5726538,2024-01-14T00:00:00
225501,16358,1,0.5723005,2024-01-14T00:00:00
236520,50272,1,0.5722909,2024-01-14T00:00:00
203724,10652,1,0.57188815,2024-01-14T00:00:00
154887,35732,1,0.571312,2024-01-14T00:00:00
223104,33886,1,0.5711952,2024-01-14T00:00:00
236766,16358,1,0.5710306,2024-01-14T00:00:00
184863,39186,1,0.57101244,2024-01-14T00:00:00
208554,44302,1,0.5709523,2024-01-14T00:00:00
200502,44302,1,0.5709523,2024-01-14T00:00:00
206673,60978,1,0.57094,2024-01-14T00:00:00
192564,44302,1,0.5708315,2024-01-14T00:00:00
224931,56714,1,0.5707363,2024-01-14T00:00:00
183105,60978,1,0.57033265,2024-01-14T00:00:00
211413,1372,1,0.57026917,2024-01-14T00:00:00
129264,35732,1,0.57024777,2024-01-14T00:00:00
72117,1304,1,0.57008386,2024-01-14T00:00:00
198981,35732,1,0.5699169,2024-01-14T00:00:00
204519,60978,1,0.5694261,2024-01-14T00:00:00
129135,1304,1,0.5694053,2024-01-14T00:00:00
154758,11262,1,0.56922626,2024-01-14T00:00:00
234297,1304,1,0.5689141,2024-01-14T00:00:00
195723,1304,1,0.5689141,2024-01-14T00:00:00
206406,60978,1,0.5685211,2024-01-14T00:00:00
177873,1304,1,0.5682409,2024-01-14T00:00:00
177873,59822,1,0.5682409,2024-01-14T00:00:00
61344,44302,1,0.5682375,2024-01-14T00:00:00
207078,39186,1,0.56772727,2024-01-14T00:00:00
198981,1372,1,0.5676887,2024-01-14T00:00:00
154797,1372,1,0.5673572,2024-01-14T00:00:00
203727,48574,1,0.56712216,2024-01-14T00:00:00
212586,44302,1,0.5666653,2024-01-14T00:00:00
128526,44302,1,0.5659863,2024-01-14T00:00:00
203301,30500,1,0.5658567,2024-01-14T00:00:00
204411,30500,1,0.5657016,2024-01-14T00:00:00
65067,39186,1,0.5656775,2024-01-14T00:00:00
153315,10652,1,0.56564116,2024-01-14T00:00:00
60882,44302,1,0.5652388,2024-01-14T00:00:00
206823,1370,1,0.56512946,2024-01-14T00:00:00
172035,48574,1,0.5650023,2024-01-14T00:00:00
61482,11262,1,0.56492525,2024-01-14T00:00:00
203175,33886,1,0.5648711,2024-01-14T00:00:00
212397,48574,1,0.56482893,2024-01-14T00:00:00
211476,50268,1,0.5645422,2024-01-14T00:00:00
234297,56714,1,0.5643004,2024-01-14T00:00:00
195723,56714,1,0.5643004,2024-01-14T00:00:00
155100,1304,1,0.5640154,2024-01-14T00:00:00
207345,60978,1,0.56384635,2024-01-14T00:00:00
207390,33886,1,0.5638146,2024-01-14T00:00:00
210627,48574,1,0.5636735,2024-01-14T00:00:00
205659,59822,1,0.56297004,2024-01-14T00:00:00
205659,1304,1,0.56297004,2024-01-14T00:00:00
163377,10652,1,0.5626982,2024-01-14T00:00:00
209073,60978,1,0.5624962,2024-01-14T00:00:00
196302,30500,1,0.5624664,2024-01-14T00:00:00
219420,60978,1,0.5622067,2024-01-14T00:00:00
207387,35732,1,0.5621368,2024-01-14T00:00:00
67764,1304,1,0.56200767,2024-01-14T00:00:00
232269,44302,1,0.5616127,2024-01-14T00:00:00
61899,51974,1,0.56088114,2024-01-14T00:00:00
223389,44302,1,0.5606132,2024-01-14T00:00:00
208692,44302,1,0.56056875,2024-01-14T00:00:00
163131,48574,1,0.56040055,2024-01-14T00:00:00
186378,30500,1,0.5603258,2024-01-14T00:00:00
222516,1304,1,0.5602036,2024-01-14T00:00:00
222516,59822,1,0.5602036,2024-01-14T00:00:00
163101,33886,1,0.55990905,2024-01-14T00:00:00
203175,39186,1,0.5596092,2024-01-14T00:00:00
206418,48298,1,0.55941856,2024-01-14T00:00:00
187224,30500,1,0.559165,2024-01-14T00:00:00
203502,10652,1,0.5589036,2024-01-14T00:00:00
192771,10652,1,0.5589036,2024-01-14T00:00:00
229521,10652,1,0.5589036,2024-01-14T00:00:00
188700,1304,1,0.5584306,2024-01-14T00:00:00
226848,1304,1,0.5584306,2024-01-14T00:00:00
165717,1304,1,0.5584306,2024-01-14T00:00:00
223776,1304,1,0.5583349,2024-01-14T00:00:00
206415,48574,1,0.55820495,2024-01-14T00:00:00
206478,48574,1,0.55820495,2024-01-14T00:00:00
72930,16358,1,0.5580855,2024-01-14T00:00:00
153303,48574,1,0.5580748,2024-01-14T00:00:00
156486,59822,1,0.5577733,2024-01-14T00:00:00
156486,1304,1,0.5577733,2024-01-14T00:00:00
181101,16358,1,0.5573903,2024-01-14T00:00:00
206979,42132,1,0.5571833,2024-01-14T00:00:00
165726,35732,1,0.55685276,2024-01-14T00:00:00
172419,35732,1,0.55645484,2024-01-14T00:00:00
153381,50274,1,0.55640084,2024-01-14T00:00:00
172419,30500,1,0.55617005,2024-01-14T00:00:00
200964,50268,1,0.5561127,2024-01-14T00:00:00
154869,1370,1,0.5558659,2024-01-14T00:00:00
226827,1304,1,0.55537534,2024-01-14T00:00:00
204228,59822,1,0.55517155,2024-01-14T00:00:00
203871,50268,1,0.55499554,2024-01-14T00:00:00
177873,48574,1,0.5543316,2024-01-14T00:00:00
166362,56714,1,0.55401987,2024-01-14T00:00:00
212220,16358,1,0.5534853,2024-01-14T00:00:00
176403,16358,1,0.5534853,2024-01-14T00:00:00
177672,48574,1,0.5534039,2024-01-14T00:00:00
210978,30500,1,0.55338734,2024-01-14T00:00:00
217620,60978,1,0.553226,2024-01-14T00:00:00
179088,60978,1,0.553226,2024-01-14T00:00:00
187395,10652,1,0.5529145,2024-01-14T00:00:00
225699,56714,1,0.5527857,2024-01-14T00:00:00
202959,33886,1,0.55267096,2024-01-14T00:00:00
201798,48574,1,0.5521147,2024-01-14T00:00:00
220269,35846,1,0.55182517,2024-01-14T00:00:00
205659,30500,1,0.55172074,2024-01-14T00:00:00
212112,56714,1,0.55119216,2024-01-14T00:00:00
196722,56714,1,0.55119216,2024-01-14T00:00:00
203256,56714,1,0.55119216,2024-01-14T00:00:00
203445,56714,1,0.55119216,2024-01-14T00:00:00
66879,48574,1,0.55105233,2024-01-14T00:00:00
226662,35732,1,0.5509516,2024-01-14T00:00:00
223968,16358,1,0.5504215,2024-01-14T00:00:00
210981,60978,1,0.55038893,2024-01-14T00:00:00
72117,30500,1,0.54990554,2024-01-14T00:00:00
206376,44302,1,0.54974324,2024-01-14T00:00:00
203082,10652,1,0.54953074,2024-01-14T00:00:00
171372,1372,1,0.54946953,2024-01-14T00:00:00
227292,60978,1,0.549358,2024-01-14T00:00:00
181101,35846,1,0.5489713,2024-01-14T00:00:00
208758,48574,1,0.54832816,2024-01-14T00:00:00
206484,10652,1,0.5473457,2024-01-14T00:00:00
231876,1304,1,0.5470805,2024-01-14T00:00:00
172035,1304,1,0.5470169,2024-01-14T00:00:00
210141,56714,1,0.5469235,2024-01-14T00:00:00
176403,10808,1,0.54654056,2024-01-14T00:00:00
212220,10808,1,0.54654056,2024-01-14T00:00:00
195507,48574,1,0.54650956,2024-01-14T00:00:00
227988,1304,1,0.5462543,2024-01-14T00:00:00
184509,35732,1,0.54570323,2024-01-14T00:00:00
203142,48574,1,0.54520786,2024-01-14T00:00:00
69060,48574,1,0.54520786,2024-01-14T00:00:00
224841,10652,1,0.5450723,2024-01-14T00:00:00
184863,48574,1,0.544763,2024-01-14T00:00:00
198882,60978,1,0.54470587,2024-01-14T00:00:00
229539,39186,1,0.54448754,2024-01-14T00:00:00
204243,48574,1,0.54448175,2024-01-14T00:00:00
207618,1372,1,0.54412687,2024-01-14T00:00:00
25743,30500,1,0.54367644,2024-01-14T00:00:00
220632,35732,1,0.54356575,2024-01-14T00:00:00
203106,35846,1,0.54354745,2024-01-14T00:00:00
212442,50272,1,0.5433925,2024-01-14T00:00:00
206937,50272,1,0.543169,2024-01-14T00:00:00
217002,1372,1,0.5429265,2024-01-14T00:00:00
220632,60978,1,0.5427914,2024-01-14T00:00:00
219420,10652,1,0.54251075,2024-01-14T00:00:00
209073,1304,1,0.5423871,2024-01-14T00:00:00
181860,33886,1,0.542372,2024-01-14T00:00:00
203106,1372,1,0.54217285,2024-01-14T00:00:00
187224,60978,1,0.5421285,2024-01-14T00:00:00
204189,44302,1,0.54211026,2024-01-14T00:00:00
230331,1372,1,0.541733,2024-01-14T00:00:00
224841,35732,1,0.54154503,2024-01-14T00:00:00
192735,35732,1,0.54144055,2024-01-14T00:00:00
212748,33886,1,0.54128575,2024-01-14T00:00:00
208533,48574,1,0.54127294,2024-01-14T00:00:00
167571,35732,1,0.5411327,2024-01-14T00:00:00
205659,33886,1,0.5410188,2024-01-14T00:00:00
62337,10808,1,0.5408971,2024-01-14T00:00:00
227238,10652,1,0.5408105,2024-01-14T00:00:00
211965,33886,1,0.5405411,2024-01-14T00:00:00
216564,50274,1,0.5405317,2024-01-14T00:00:00
166002,56714,1,0.54004043,2024-01-14T00:00:00
210114,1372,1,0.53974783,2024-01-14T00:00:00
203268,60978,1,0.53881943,2024-01-14T00:00:00
203256,60978,1,0.53881943,2024-01-14T00:00:00
212112,60978,1,0.53881943,2024-01-14T00:00:00
208116,60978,1,0.53881943,2024-01-14T00:00:00
206772,48574,1,0.5387215,2024-01-14T00:00:00
213114,48574,1,0.5387215,2024-01-14T00:00:00
140277,60978,1,0.5386455,2024-01-14T00:00:00
206952,35732,1,0.53798836,2024-01-14T00:00:00
165927,35732,1,0.53745365,2024-01-14T00:00:00
186174,16358,1,0.5371377,2024-01-14T00:00:00
236226,60978,1,0.5365488,2024-01-14T00:00:00
215298,51974,1,0.5364318,2024-01-14T00:00:00
65328,35732,1,0.5364109,2024-01-14T00:00:00
207267,33534,1,0.5362992,2024-01-14T00:00:00
158610,33534,1,0.5362992,2024-01-14T00:00:00
236655,44302,1,0.5355514,2024-01-14T00:00:00
232404,1304,1,0.535329,2024-01-14T00:00:00
153960,33886,1,0.53504753,2024-01-14T00:00:00
218061,48574,1,0.5350023,2024-01-14T00:00:00
183468,33886,1,0.5346523,2024-01-14T00:00:00
161403,35732,1,0.53416866,2024-01-14T00:00:00
207927,1372,1,0.53393507,2024-01-14T00:00:00
211413,48574,1,0.5339103,2024-01-14T00:00:00
167652,16358,1,0.5336761,2024-01-14T00:00:00
186177,60978,1,0.53361875,2024-01-14T00:00:00
203133,60978,1,0.5335583,2024-01-14T00:00:00
210186,51974,1,0.53329283,2024-01-14T00:00:00
206673,30500,1,0.53276616,2024-01-14T00:00:00
206943,10808,1,0.5324478,2024-01-14T00:00:00
237300,33886,1,0.5324113,2024-01-14T00:00:00
203310,33886,1,0.5324113,2024-01-14T00:00:00
188196,50268,1,0.53237665,2024-01-14T00:00:00
188196,35732,1,0.53237665,2024-01-14T00:00:00
206664,39186,1,0.5322731,2024-01-14T00:00:00
206787,60978,1,0.531769,2024-01-14T00:00:00
154797,1370,1,0.53172255,2024-01-14T00:00:00
153885,56714,1,0.5317095,2024-01-14T00:00:00
157938,1372,1,0.5315029,2024-01-14T00:00:00
72561,33886,1,0.53137463,2024-01-14T00:00:00
179088,33886,1,0.5313274,2024-01-14T00:00:00
232269,50270,1,0.53108275,2024-01-14T00:00:00
203145,60978,1,0.5306631,2024-01-14T00:00:00
217494,48574,1,0.53052646,2024-01-14T00:00:00
158610,60978,1,0.53042,2024-01-14T00:00:00
206988,60978,1,0.53042,2024-01-14T00:00:00
206625,60978,1,0.53042,2024-01-14T00:00:00
206991,60978,1,0.53042,2024-01-14T00:00:00
209622,50274,1,0.53015685,2024-01-14T00:00:00
212397,1304,1,0.52989644,2024-01-14T00:00:00
165762,1372,1,0.52954,2024-01-14T00:00:00
231102,1304,1,0.52952033,2024-01-14T00:00:00
234093,50270,1,0.52934545,2024-01-14T00:00:00
215985,10808,1,0.52921915,2024-01-14T00:00:00
194883,50270,1,0.52904564,2024-01-14T00:00:00
187839,48574,1,0.5280816,2024-01-14T00:00:00
192549,56714,1,0.5276624,2024-01-14T00:00:00
154113,48574,1,0.52751505,2024-01-14T00:00:00
172035,33886,1,0.5271539,2024-01-14T00:00:00
197529,1304,1,0.52620435,2024-01-14T00:00:00
149634,1304,1,0.52620435,2024-01-14T00:00:00
223518,1304,1,0.52620435,2024-01-14T00:00:00
221247,10808,1,0.52588654,2024-01-14T00:00:00
210981,48574,1,0.5254985,2024-01-14T00:00:00
154707,44302,1,0.5251161,2024-01-14T00:00:00
195507,1372,1,0.5249478,2024-01-14T00:00:00
208509,11262,1,0.52494127,2024-01-14T00:00:00
206355,1372,1,0.5245015,2024-01-14T00:00:00
210843,1372,1,0.5245015,2024-01-14T00:00:00
207267,1372,1,0.5245015,2024-01-14T00:00:00
206988,1372,1,0.5245015,2024-01-14T00:00:00
206637,1372,1,0.5245015,2024-01-14T00:00:00
208509,1370,1,0.5237508,2024-01-14T00:00:00
153999,1372,1,0.5229128,2024-01-14T00:00:00
166128,60978,1,0.5227014,2024-01-14T00:00:00
157398,33886,1,0.5222199,2024-01-14T00:00:00
233427,124,1,0.5220285,2024-01-14T00:00:00
154887,48574,1,0.52187103,2024-01-14T00:00:00
176403,42132,1,0.5218629,2024-01-14T00:00:00
212220,42132,1,0.5218629,2024-01-14T00:00:00
205812,1372,1,0.5217761,2024-01-14T00:00:00
66879,1304,1,0.5215643,2024-01-14T00:00:00
161667,30500,1,0.5215501,2024-01-14T00:00:00
191553,48574,1,0.5212288,2024-01-14T00:00:00
186378,50268,1,0.52093506,2024-01-14T00:00:00
206376,48574,1,0.5207539,2024-01-14T00:00:00
213978,57804,1,0.5206568,2024-01-14T00:00:00
164457,30500,1,0.5204482,2024-01-14T00:00:00
68496,48574,1,0.5199718,2024-01-14T00:00:00
186951,1304,1,0.51988053,2024-01-14T00:00:00
207618,35732,1,0.51973087,2024-01-14T00:00:00
210978,56714,1,0.5194483,2024-01-14T00:00:00
227295,11262,1,0.5193472,2024-01-14T00:00:00
212430,11262,1,0.5193472,2024-01-14T00:00:00
198945,48574,1,0.51900965,2024-01-14T00:00:00
173940,56714,1,0.51866525,2024-01-14T00:00:00
197799,10652,1,0.5184198,2024-01-14T00:00:00
167316,16358,1,0.51822215,2024-01-14T00:00:00
154485,35732,1,0.5181965,2024-01-14T00:00:00
204093,10652,1,0.518095,2024-01-14T00:00:00
154245,33886,1,0.5180222,2024-01-14T00:00:00
165927,16358,1,0.517673,2024-01-14T00:00:00
238608,30500,1,0.51756454,2024-01-14T00:00:00
184113,48574,1,0.5169529,2024-01-14T00:00:00
217782,60978,1,0.51686114,2024-01-14T00:00:00
210114,30500,1,0.51677984,2024-01-14T00:00:00
203178,35846,1,0.515998,2024-01-14T00:00:00
204093,1372,1,0.5158587,2024-01-14T00:00:00
183492,50270,1,0.51559967,2024-01-14T00:00:00
153141,1372,1,0.5154294,2024-01-14T00:00:00
62817,35732,1,0.515409,2024-01-14T00:00:00
62817,50268,1,0.515409,2024-01-14T00:00:00
232404,60978,1,0.51491797,2024-01-14T00:00:00
206304,48574,1,0.5147441,2024-01-14T00:00:00
235191,50268,1,0.5145356,2024-01-14T00:00:00
128901,50268,1,0.51418996,2024-01-14T00:00:00
210627,1304,1,0.5138587,2024-01-14T00:00:00
228753,11262,1,0.5137729,2024-01-14T00:00:00
178830,48574,1,0.51377285,2024-01-14T00:00:00
207999,48574,1,0.513741,2024-01-14T00:00:00
128502,1372,1,0.51354706,2024-01-14T00:00:00
198990,50268,1,0.5132395,2024-01-14T00:00:00
237252,1304,1,0.51319087,2024-01-14T00:00:00
165762,16358,1,0.5131426,2024-01-14T00:00:00
225699,60978,1,0.5125458,2024-01-14T00:00:00
226827,48574,1,0.5122099,2024-01-14T00:00:00
186078,48574,1,0.51220936,2024-01-14T00:00:00
208053,33886,1,0.51203626,2024-01-14T00:00:00
66843,33886,1,0.5119834,2024-01-14T00:00:00
67056,30500,1,0.5119394,2024-01-14T00:00:00
157767,1372,1,0.5113088,2024-01-14T00:00:00
222843,1372,1,0.5111772,2024-01-14T00:00:00
206799,1372,1,0.5111772,2024-01-14T00:00:00
232503,36722,1,0.51094234,2024-01-14T00:00:00
203271,16358,1,0.5107105,2024-01-14T00:00:00
196722,16358,1,0.5107105,2024-01-14T00:00:00
203256,16358,1,0.5107105,2024-01-14T00:00:00
186987,39186,1,0.510462,2024-01-14T00:00:00
187839,10652,1,0.5100918,2024-01-14T00:00:00
183213,35846,1,0.5097318,2024-01-14T00:00:00
194790,1372,1,0.50955135,2024-01-14T00:00:00
197529,48574,1,0.50908506,2024-01-14T00:00:00
176403,35732,1,0.5090165,2024-01-14T00:00:00
154869,60978,1,0.50828654,2024-01-14T00:00:00
195894,10652,1,0.5081931,2024-01-14T00:00:00
154146,35846,1,0.5074754,2024-01-14T00:00:00
211140,50274,1,0.5072679,2024-01-14T00:00:00
203277,42132,1,0.50713474,2024-01-14T00:00:00
207114,1370,1,0.50705165,2024-01-14T00:00:00
206415,1370,1,0.50705165,2024-01-14T00:00:00
231876,50270,1,0.50682807,2024-01-14T00:00:00
72930,33886,1,0.5066797,2024-01-14T00:00:00
231459,1304,1,0.5065846,2024-01-14T00:00:00
208524,60978,1,0.5060476,2024-01-14T00:00:00
206748,35846,1,0.5058385,2024-01-14T00:00:00
163131,60978,1,0.5056021,2024-01-14T00:00:00
195378,1372,1,0.5056013,2024-01-14T00:00:00
225393,50270,1,0.50535816,2024-01-14T00:00:00
206955,35846,1,0.5047218,2024-01-14T00:00:00
192159,30500,1,0.5040276,2024-01-14T00:00:00
219048,60978,1,0.50375384,2024-01-14T00:00:00
72045,60978,1,0.50312716,2024-01-14T00:00:00
205191,60978,1,0.50312716,2024-01-14T00:00:00
153756,1372,1,0.50302124,2024-01-14T00:00:00
154812,33886,1,0.5024411,2024-01-14T00:00:00
209625,1372,1,0.50237155,2024-01-14T00:00:00
154890,44302,1,0.5020552,2024-01-14T00:00:00
210834,30500,1,0.5017054,2024-01-14T00:00:00
174279,1372,1,0.50168425,2024-01-14T00:00:00
62817,30500,1,0.5006507,2024-01-14T00:00:00
