[2025-12-05T00:02:24.728+0000] {processor.py:157} INFO - Started process (PID=16548) to work on /opt/airflow/dags/tasks/recsys_data_sync.py
[2025-12-05T00:02:24.733+0000] {processor.py:829} INFO - Processing file /opt/airflow/dags/tasks/recsys_data_sync.py for tasks to queue
[2025-12-05T00:02:24.735+0000] {logging_mixin.py:154} INFO - [2025-12-05T00:02:24.734+0000] {dagbag.py:536} INFO - Filling up the DagBag from /opt/airflow/dags/tasks/recsys_data_sync.py
[2025-12-05T00:02:25.500+0000] {processor.py:841} WARNING - No viable dags retrieved from /opt/airflow/dags/tasks/recsys_data_sync.py
[2025-12-05T00:02:25.522+0000] {processor.py:179} INFO - Processing /opt/airflow/dags/tasks/recsys_data_sync.py took 0.804 seconds
[2025-12-05T00:02:56.446+0000] {processor.py:157} INFO - Started process (PID=16596) to work on /opt/airflow/dags/tasks/recsys_data_sync.py
[2025-12-05T00:02:56.447+0000] {processor.py:829} INFO - Processing file /opt/airflow/dags/tasks/recsys_data_sync.py for tasks to queue
[2025-12-05T00:02:56.448+0000] {logging_mixin.py:154} INFO - [2025-12-05T00:02:56.448+0000] {dagbag.py:536} INFO - Filling up the DagBag from /opt/airflow/dags/tasks/recsys_data_sync.py
[2025-12-05T00:02:56.795+0000] {processor.py:841} WARNING - No viable dags retrieved from /opt/airflow/dags/tasks/recsys_data_sync.py
[2025-12-05T00:02:56.805+0000] {processor.py:179} INFO - Processing /opt/airflow/dags/tasks/recsys_data_sync.py took 0.362 seconds
[2025-12-05T00:03:27.580+0000] {processor.py:157} INFO - Started process (PID=16655) to work on /opt/airflow/dags/tasks/recsys_data_sync.py
[2025-12-05T00:03:27.582+0000] {processor.py:829} INFO - Processing file /opt/airflow/dags/tasks/recsys_data_sync.py for tasks to queue
[2025-12-05T00:03:27.582+0000] {logging_mixin.py:154} INFO - [2025-12-05T00:03:27.582+0000] {dagbag.py:536} INFO - Filling up the DagBag from /opt/airflow/dags/tasks/recsys_data_sync.py
[2025-12-05T00:03:27.908+0000] {processor.py:841} WARNING - No viable dags retrieved from /opt/airflow/dags/tasks/recsys_data_sync.py
[2025-12-05T00:03:27.917+0000] {processor.py:179} INFO - Processing /opt/airflow/dags/tasks/recsys_data_sync.py took 0.340 seconds
[2025-12-05T00:03:58.673+0000] {processor.py:157} INFO - Started process (PID=16715) to work on /opt/airflow/dags/tasks/recsys_data_sync.py
[2025-12-05T00:03:58.674+0000] {processor.py:829} INFO - Processing file /opt/airflow/dags/tasks/recsys_data_sync.py for tasks to queue
[2025-12-05T00:03:58.675+0000] {logging_mixin.py:154} INFO - [2025-12-05T00:03:58.675+0000] {dagbag.py:536} INFO - Filling up the DagBag from /opt/airflow/dags/tasks/recsys_data_sync.py
[2025-12-05T00:03:58.975+0000] {processor.py:841} WARNING - No viable dags retrieved from /opt/airflow/dags/tasks/recsys_data_sync.py
[2025-12-05T00:03:58.984+0000] {processor.py:179} INFO - Processing /opt/airflow/dags/tasks/recsys_data_sync.py took 0.313 seconds
[2025-12-05T00:04:29.881+0000] {processor.py:157} INFO - Started process (PID=16774) to work on /opt/airflow/dags/tasks/recsys_data_sync.py
[2025-12-05T00:04:29.882+0000] {processor.py:829} INFO - Processing file /opt/airflow/dags/tasks/recsys_data_sync.py for tasks to queue
[2025-12-05T00:04:29.883+0000] {logging_mixin.py:154} INFO - [2025-12-05T00:04:29.883+0000] {dagbag.py:536} INFO - Filling up the DagBag from /opt/airflow/dags/tasks/recsys_data_sync.py
[2025-12-05T00:04:30.164+0000] {processor.py:841} WARNING - No viable dags retrieved from /opt/airflow/dags/tasks/recsys_data_sync.py
[2025-12-05T00:04:30.174+0000] {processor.py:179} INFO - Processing /opt/airflow/dags/tasks/recsys_data_sync.py took 0.295 seconds
[2025-12-05T00:05:00.943+0000] {processor.py:157} INFO - Started process (PID=16833) to work on /opt/airflow/dags/tasks/recsys_data_sync.py
[2025-12-05T00:05:00.944+0000] {processor.py:829} INFO - Processing file /opt/airflow/dags/tasks/recsys_data_sync.py for tasks to queue
[2025-12-05T00:05:00.945+0000] {logging_mixin.py:154} INFO - [2025-12-05T00:05:00.944+0000] {dagbag.py:536} INFO - Filling up the DagBag from /opt/airflow/dags/tasks/recsys_data_sync.py
[2025-12-05T00:05:01.116+0000] {processor.py:841} WARNING - No viable dags retrieved from /opt/airflow/dags/tasks/recsys_data_sync.py
[2025-12-05T00:05:01.127+0000] {processor.py:179} INFO - Processing /opt/airflow/dags/tasks/recsys_data_sync.py took 0.187 seconds
[2025-12-05T00:05:31.257+0000] {processor.py:157} INFO - Started process (PID=16892) to work on /opt/airflow/dags/tasks/recsys_data_sync.py
[2025-12-05T00:05:31.258+0000] {processor.py:829} INFO - Processing file /opt/airflow/dags/tasks/recsys_data_sync.py for tasks to queue
[2025-12-05T00:05:31.258+0000] {logging_mixin.py:154} INFO - [2025-12-05T00:05:31.258+0000] {dagbag.py:536} INFO - Filling up the DagBag from /opt/airflow/dags/tasks/recsys_data_sync.py
[2025-12-05T00:05:31.431+0000] {processor.py:841} WARNING - No viable dags retrieved from /opt/airflow/dags/tasks/recsys_data_sync.py
[2025-12-05T00:05:31.443+0000] {processor.py:179} INFO - Processing /opt/airflow/dags/tasks/recsys_data_sync.py took 0.189 seconds
[2025-12-05T00:06:02.467+0000] {processor.py:157} INFO - Started process (PID=16951) to work on /opt/airflow/dags/tasks/recsys_data_sync.py
[2025-12-05T00:06:02.468+0000] {processor.py:829} INFO - Processing file /opt/airflow/dags/tasks/recsys_data_sync.py for tasks to queue
[2025-12-05T00:06:02.469+0000] {logging_mixin.py:154} INFO - [2025-12-05T00:06:02.468+0000] {dagbag.py:536} INFO - Filling up the DagBag from /opt/airflow/dags/tasks/recsys_data_sync.py
[2025-12-05T00:06:02.637+0000] {processor.py:841} WARNING - No viable dags retrieved from /opt/airflow/dags/tasks/recsys_data_sync.py
[2025-12-05T00:06:02.647+0000] {processor.py:179} INFO - Processing /opt/airflow/dags/tasks/recsys_data_sync.py took 0.182 seconds
[2025-12-05T00:06:33.183+0000] {processor.py:157} INFO - Started process (PID=17010) to work on /opt/airflow/dags/tasks/recsys_data_sync.py
[2025-12-05T00:06:33.185+0000] {processor.py:829} INFO - Processing file /opt/airflow/dags/tasks/recsys_data_sync.py for tasks to queue
[2025-12-05T00:06:33.185+0000] {logging_mixin.py:154} INFO - [2025-12-05T00:06:33.185+0000] {dagbag.py:536} INFO - Filling up the DagBag from /opt/airflow/dags/tasks/recsys_data_sync.py
[2025-12-05T00:06:33.365+0000] {processor.py:841} WARNING - No viable dags retrieved from /opt/airflow/dags/tasks/recsys_data_sync.py
[2025-12-05T00:06:33.376+0000] {processor.py:179} INFO - Processing /opt/airflow/dags/tasks/recsys_data_sync.py took 0.195 seconds
[2025-12-05T00:07:03.760+0000] {processor.py:157} INFO - Started process (PID=17069) to work on /opt/airflow/dags/tasks/recsys_data_sync.py
[2025-12-05T00:07:03.761+0000] {processor.py:829} INFO - Processing file /opt/airflow/dags/tasks/recsys_data_sync.py for tasks to queue
[2025-12-05T00:07:03.762+0000] {logging_mixin.py:154} INFO - [2025-12-05T00:07:03.762+0000] {dagbag.py:536} INFO - Filling up the DagBag from /opt/airflow/dags/tasks/recsys_data_sync.py
[2025-12-05T00:07:03.941+0000] {processor.py:841} WARNING - No viable dags retrieved from /opt/airflow/dags/tasks/recsys_data_sync.py
[2025-12-05T00:07:03.953+0000] {processor.py:179} INFO - Processing /opt/airflow/dags/tasks/recsys_data_sync.py took 0.195 seconds
[2025-12-05T00:07:34.194+0000] {processor.py:157} INFO - Started process (PID=17128) to work on /opt/airflow/dags/tasks/recsys_data_sync.py
[2025-12-05T00:07:34.195+0000] {processor.py:829} INFO - Processing file /opt/airflow/dags/tasks/recsys_data_sync.py for tasks to queue
[2025-12-05T00:07:34.196+0000] {logging_mixin.py:154} INFO - [2025-12-05T00:07:34.196+0000] {dagbag.py:536} INFO - Filling up the DagBag from /opt/airflow/dags/tasks/recsys_data_sync.py
[2025-12-05T00:07:34.374+0000] {processor.py:841} WARNING - No viable dags retrieved from /opt/airflow/dags/tasks/recsys_data_sync.py
[2025-12-05T00:07:34.386+0000] {processor.py:179} INFO - Processing /opt/airflow/dags/tasks/recsys_data_sync.py took 0.195 seconds
[2025-12-05T00:08:05.152+0000] {processor.py:157} INFO - Started process (PID=17180) to work on /opt/airflow/dags/tasks/recsys_data_sync.py
[2025-12-05T00:08:05.153+0000] {processor.py:829} INFO - Processing file /opt/airflow/dags/tasks/recsys_data_sync.py for tasks to queue
[2025-12-05T00:08:05.153+0000] {logging_mixin.py:154} INFO - [2025-12-05T00:08:05.153+0000] {dagbag.py:536} INFO - Filling up the DagBag from /opt/airflow/dags/tasks/recsys_data_sync.py
[2025-12-05T00:08:05.336+0000] {processor.py:841} WARNING - No viable dags retrieved from /opt/airflow/dags/tasks/recsys_data_sync.py
[2025-12-05T00:08:05.346+0000] {processor.py:179} INFO - Processing /opt/airflow/dags/tasks/recsys_data_sync.py took 0.197 seconds
[2025-12-05T00:08:35.406+0000] {processor.py:157} INFO - Started process (PID=17239) to work on /opt/airflow/dags/tasks/recsys_data_sync.py
[2025-12-05T00:08:35.406+0000] {processor.py:829} INFO - Processing file /opt/airflow/dags/tasks/recsys_data_sync.py for tasks to queue
[2025-12-05T00:08:35.407+0000] {logging_mixin.py:154} INFO - [2025-12-05T00:08:35.407+0000] {dagbag.py:536} INFO - Filling up the DagBag from /opt/airflow/dags/tasks/recsys_data_sync.py
[2025-12-05T00:08:35.586+0000] {processor.py:841} WARNING - No viable dags retrieved from /opt/airflow/dags/tasks/recsys_data_sync.py
[2025-12-05T00:08:35.598+0000] {processor.py:179} INFO - Processing /opt/airflow/dags/tasks/recsys_data_sync.py took 0.195 seconds
[2025-12-05T00:09:06.589+0000] {processor.py:157} INFO - Started process (PID=17298) to work on /opt/airflow/dags/tasks/recsys_data_sync.py
[2025-12-05T00:09:06.590+0000] {processor.py:829} INFO - Processing file /opt/airflow/dags/tasks/recsys_data_sync.py for tasks to queue
[2025-12-05T00:09:06.591+0000] {logging_mixin.py:154} INFO - [2025-12-05T00:09:06.591+0000] {dagbag.py:536} INFO - Filling up the DagBag from /opt/airflow/dags/tasks/recsys_data_sync.py
[2025-12-05T00:09:06.760+0000] {processor.py:841} WARNING - No viable dags retrieved from /opt/airflow/dags/tasks/recsys_data_sync.py
[2025-12-05T00:09:06.772+0000] {processor.py:179} INFO - Processing /opt/airflow/dags/tasks/recsys_data_sync.py took 0.185 seconds
[2025-12-05T00:09:37.734+0000] {processor.py:157} INFO - Started process (PID=17357) to work on /opt/airflow/dags/tasks/recsys_data_sync.py
[2025-12-05T00:09:37.735+0000] {processor.py:829} INFO - Processing file /opt/airflow/dags/tasks/recsys_data_sync.py for tasks to queue
[2025-12-05T00:09:37.736+0000] {logging_mixin.py:154} INFO - [2025-12-05T00:09:37.735+0000] {dagbag.py:536} INFO - Filling up the DagBag from /opt/airflow/dags/tasks/recsys_data_sync.py
[2025-12-05T00:09:37.929+0000] {processor.py:841} WARNING - No viable dags retrieved from /opt/airflow/dags/tasks/recsys_data_sync.py
[2025-12-05T00:09:37.940+0000] {processor.py:179} INFO - Processing /opt/airflow/dags/tasks/recsys_data_sync.py took 0.208 seconds
[2025-12-05T00:10:08.060+0000] {processor.py:157} INFO - Started process (PID=17416) to work on /opt/airflow/dags/tasks/recsys_data_sync.py
[2025-12-05T00:10:08.061+0000] {processor.py:829} INFO - Processing file /opt/airflow/dags/tasks/recsys_data_sync.py for tasks to queue
[2025-12-05T00:10:08.062+0000] {logging_mixin.py:154} INFO - [2025-12-05T00:10:08.061+0000] {dagbag.py:536} INFO - Filling up the DagBag from /opt/airflow/dags/tasks/recsys_data_sync.py
[2025-12-05T00:10:08.241+0000] {processor.py:841} WARNING - No viable dags retrieved from /opt/airflow/dags/tasks/recsys_data_sync.py
[2025-12-05T00:10:08.252+0000] {processor.py:179} INFO - Processing /opt/airflow/dags/tasks/recsys_data_sync.py took 0.195 seconds
[2025-12-05T00:10:39.234+0000] {processor.py:157} INFO - Started process (PID=17475) to work on /opt/airflow/dags/tasks/recsys_data_sync.py
[2025-12-05T00:10:39.235+0000] {processor.py:829} INFO - Processing file /opt/airflow/dags/tasks/recsys_data_sync.py for tasks to queue
[2025-12-05T00:10:39.235+0000] {logging_mixin.py:154} INFO - [2025-12-05T00:10:39.235+0000] {dagbag.py:536} INFO - Filling up the DagBag from /opt/airflow/dags/tasks/recsys_data_sync.py
[2025-12-05T00:10:39.399+0000] {processor.py:841} WARNING - No viable dags retrieved from /opt/airflow/dags/tasks/recsys_data_sync.py
[2025-12-05T00:10:39.410+0000] {processor.py:179} INFO - Processing /opt/airflow/dags/tasks/recsys_data_sync.py took 0.179 seconds
[2025-12-05T00:11:10.021+0000] {processor.py:157} INFO - Started process (PID=17534) to work on /opt/airflow/dags/tasks/recsys_data_sync.py
[2025-12-05T00:11:10.023+0000] {processor.py:829} INFO - Processing file /opt/airflow/dags/tasks/recsys_data_sync.py for tasks to queue
[2025-12-05T00:11:10.023+0000] {logging_mixin.py:154} INFO - [2025-12-05T00:11:10.023+0000] {dagbag.py:536} INFO - Filling up the DagBag from /opt/airflow/dags/tasks/recsys_data_sync.py
[2025-12-05T00:11:10.228+0000] {processor.py:841} WARNING - No viable dags retrieved from /opt/airflow/dags/tasks/recsys_data_sync.py
[2025-12-05T00:11:10.242+0000] {processor.py:179} INFO - Processing /opt/airflow/dags/tasks/recsys_data_sync.py took 0.224 seconds
[2025-12-05T00:11:40.331+0000] {processor.py:157} INFO - Started process (PID=17594) to work on /opt/airflow/dags/tasks/recsys_data_sync.py
[2025-12-05T00:11:40.333+0000] {processor.py:829} INFO - Processing file /opt/airflow/dags/tasks/recsys_data_sync.py for tasks to queue
[2025-12-05T00:11:40.333+0000] {logging_mixin.py:154} INFO - [2025-12-05T00:11:40.333+0000] {dagbag.py:536} INFO - Filling up the DagBag from /opt/airflow/dags/tasks/recsys_data_sync.py
[2025-12-05T00:11:40.530+0000] {processor.py:841} WARNING - No viable dags retrieved from /opt/airflow/dags/tasks/recsys_data_sync.py
[2025-12-05T00:11:40.543+0000] {processor.py:179} INFO - Processing /opt/airflow/dags/tasks/recsys_data_sync.py took 0.215 seconds
[2025-12-05T00:12:10.624+0000] {processor.py:157} INFO - Started process (PID=17653) to work on /opt/airflow/dags/tasks/recsys_data_sync.py
[2025-12-05T00:12:10.625+0000] {processor.py:829} INFO - Processing file /opt/airflow/dags/tasks/recsys_data_sync.py for tasks to queue
[2025-12-05T00:12:10.626+0000] {logging_mixin.py:154} INFO - [2025-12-05T00:12:10.626+0000] {dagbag.py:536} INFO - Filling up the DagBag from /opt/airflow/dags/tasks/recsys_data_sync.py
[2025-12-05T00:12:10.816+0000] {processor.py:841} WARNING - No viable dags retrieved from /opt/airflow/dags/tasks/recsys_data_sync.py
[2025-12-05T00:12:10.830+0000] {processor.py:179} INFO - Processing /opt/airflow/dags/tasks/recsys_data_sync.py took 0.209 seconds
[2025-12-05T00:12:41.358+0000] {processor.py:157} INFO - Started process (PID=17712) to work on /opt/airflow/dags/tasks/recsys_data_sync.py
[2025-12-05T00:12:41.359+0000] {processor.py:829} INFO - Processing file /opt/airflow/dags/tasks/recsys_data_sync.py for tasks to queue
[2025-12-05T00:12:41.359+0000] {logging_mixin.py:154} INFO - [2025-12-05T00:12:41.359+0000] {dagbag.py:536} INFO - Filling up the DagBag from /opt/airflow/dags/tasks/recsys_data_sync.py
[2025-12-05T00:12:41.535+0000] {processor.py:841} WARNING - No viable dags retrieved from /opt/airflow/dags/tasks/recsys_data_sync.py
[2025-12-05T00:12:41.547+0000] {processor.py:179} INFO - Processing /opt/airflow/dags/tasks/recsys_data_sync.py took 0.192 seconds
[2025-12-05T00:13:12.163+0000] {processor.py:157} INFO - Started process (PID=17771) to work on /opt/airflow/dags/tasks/recsys_data_sync.py
[2025-12-05T00:13:12.164+0000] {processor.py:829} INFO - Processing file /opt/airflow/dags/tasks/recsys_data_sync.py for tasks to queue
[2025-12-05T00:13:12.164+0000] {logging_mixin.py:154} INFO - [2025-12-05T00:13:12.164+0000] {dagbag.py:536} INFO - Filling up the DagBag from /opt/airflow/dags/tasks/recsys_data_sync.py
[2025-12-05T00:13:12.346+0000] {processor.py:841} WARNING - No viable dags retrieved from /opt/airflow/dags/tasks/recsys_data_sync.py
[2025-12-05T00:13:12.358+0000] {processor.py:179} INFO - Processing /opt/airflow/dags/tasks/recsys_data_sync.py took 0.199 seconds
[2025-12-05T00:13:42.460+0000] {processor.py:157} INFO - Started process (PID=17830) to work on /opt/airflow/dags/tasks/recsys_data_sync.py
[2025-12-05T00:13:42.461+0000] {processor.py:829} INFO - Processing file /opt/airflow/dags/tasks/recsys_data_sync.py for tasks to queue
[2025-12-05T00:13:42.462+0000] {logging_mixin.py:154} INFO - [2025-12-05T00:13:42.461+0000] {dagbag.py:536} INFO - Filling up the DagBag from /opt/airflow/dags/tasks/recsys_data_sync.py
[2025-12-05T00:13:42.644+0000] {processor.py:841} WARNING - No viable dags retrieved from /opt/airflow/dags/tasks/recsys_data_sync.py
[2025-12-05T00:13:42.656+0000] {processor.py:179} INFO - Processing /opt/airflow/dags/tasks/recsys_data_sync.py took 0.199 seconds
[2025-12-05T00:14:13.180+0000] {processor.py:157} INFO - Started process (PID=17882) to work on /opt/airflow/dags/tasks/recsys_data_sync.py
[2025-12-05T00:14:13.181+0000] {processor.py:829} INFO - Processing file /opt/airflow/dags/tasks/recsys_data_sync.py for tasks to queue
[2025-12-05T00:14:13.182+0000] {logging_mixin.py:154} INFO - [2025-12-05T00:14:13.182+0000] {dagbag.py:536} INFO - Filling up the DagBag from /opt/airflow/dags/tasks/recsys_data_sync.py
[2025-12-05T00:14:13.342+0000] {processor.py:841} WARNING - No viable dags retrieved from /opt/airflow/dags/tasks/recsys_data_sync.py
[2025-12-05T00:14:13.353+0000] {processor.py:179} INFO - Processing /opt/airflow/dags/tasks/recsys_data_sync.py took 0.176 seconds
[2025-12-05T00:14:43.944+0000] {processor.py:157} INFO - Started process (PID=17941) to work on /opt/airflow/dags/tasks/recsys_data_sync.py
[2025-12-05T00:14:43.945+0000] {processor.py:829} INFO - Processing file /opt/airflow/dags/tasks/recsys_data_sync.py for tasks to queue
[2025-12-05T00:14:43.946+0000] {logging_mixin.py:154} INFO - [2025-12-05T00:14:43.945+0000] {dagbag.py:536} INFO - Filling up the DagBag from /opt/airflow/dags/tasks/recsys_data_sync.py
[2025-12-05T00:14:44.114+0000] {processor.py:841} WARNING - No viable dags retrieved from /opt/airflow/dags/tasks/recsys_data_sync.py
[2025-12-05T00:14:44.125+0000] {processor.py:179} INFO - Processing /opt/airflow/dags/tasks/recsys_data_sync.py took 0.184 seconds
[2025-12-05T00:15:14.695+0000] {processor.py:157} INFO - Started process (PID=17998) to work on /opt/airflow/dags/tasks/recsys_data_sync.py
[2025-12-05T00:15:14.696+0000] {processor.py:829} INFO - Processing file /opt/airflow/dags/tasks/recsys_data_sync.py for tasks to queue
[2025-12-05T00:15:14.697+0000] {logging_mixin.py:154} INFO - [2025-12-05T00:15:14.697+0000] {dagbag.py:536} INFO - Filling up the DagBag from /opt/airflow/dags/tasks/recsys_data_sync.py
[2025-12-05T00:15:14.884+0000] {processor.py:841} WARNING - No viable dags retrieved from /opt/airflow/dags/tasks/recsys_data_sync.py
[2025-12-05T00:15:14.895+0000] {processor.py:179} INFO - Processing /opt/airflow/dags/tasks/recsys_data_sync.py took 0.203 seconds
[2025-12-05T00:15:45.321+0000] {processor.py:157} INFO - Started process (PID=18045) to work on /opt/airflow/dags/tasks/recsys_data_sync.py
[2025-12-05T00:15:45.321+0000] {processor.py:829} INFO - Processing file /opt/airflow/dags/tasks/recsys_data_sync.py for tasks to queue
[2025-12-05T00:15:45.322+0000] {logging_mixin.py:154} INFO - [2025-12-05T00:15:45.322+0000] {dagbag.py:536} INFO - Filling up the DagBag from /opt/airflow/dags/tasks/recsys_data_sync.py
[2025-12-05T00:15:45.505+0000] {processor.py:841} WARNING - No viable dags retrieved from /opt/airflow/dags/tasks/recsys_data_sync.py
[2025-12-05T00:15:45.518+0000] {processor.py:179} INFO - Processing /opt/airflow/dags/tasks/recsys_data_sync.py took 0.200 seconds
[2025-12-05T00:16:16.322+0000] {processor.py:157} INFO - Started process (PID=18101) to work on /opt/airflow/dags/tasks/recsys_data_sync.py
[2025-12-05T00:16:16.322+0000] {processor.py:829} INFO - Processing file /opt/airflow/dags/tasks/recsys_data_sync.py for tasks to queue
[2025-12-05T00:16:16.323+0000] {logging_mixin.py:154} INFO - [2025-12-05T00:16:16.323+0000] {dagbag.py:536} INFO - Filling up the DagBag from /opt/airflow/dags/tasks/recsys_data_sync.py
[2025-12-05T00:16:16.494+0000] {processor.py:841} WARNING - No viable dags retrieved from /opt/airflow/dags/tasks/recsys_data_sync.py
[2025-12-05T00:16:16.506+0000] {processor.py:179} INFO - Processing /opt/airflow/dags/tasks/recsys_data_sync.py took 0.186 seconds
[2025-12-05T00:16:46.564+0000] {processor.py:157} INFO - Started process (PID=18160) to work on /opt/airflow/dags/tasks/recsys_data_sync.py
[2025-12-05T00:16:46.566+0000] {processor.py:829} INFO - Processing file /opt/airflow/dags/tasks/recsys_data_sync.py for tasks to queue
[2025-12-05T00:16:46.566+0000] {logging_mixin.py:154} INFO - [2025-12-05T00:16:46.566+0000] {dagbag.py:536} INFO - Filling up the DagBag from /opt/airflow/dags/tasks/recsys_data_sync.py
[2025-12-05T00:16:46.733+0000] {processor.py:841} WARNING - No viable dags retrieved from /opt/airflow/dags/tasks/recsys_data_sync.py
[2025-12-05T00:16:46.744+0000] {processor.py:179} INFO - Processing /opt/airflow/dags/tasks/recsys_data_sync.py took 0.182 seconds
[2025-12-05T00:17:17.621+0000] {processor.py:157} INFO - Started process (PID=18219) to work on /opt/airflow/dags/tasks/recsys_data_sync.py
[2025-12-05T00:17:17.621+0000] {processor.py:829} INFO - Processing file /opt/airflow/dags/tasks/recsys_data_sync.py for tasks to queue
[2025-12-05T00:17:17.622+0000] {logging_mixin.py:154} INFO - [2025-12-05T00:17:17.622+0000] {dagbag.py:536} INFO - Filling up the DagBag from /opt/airflow/dags/tasks/recsys_data_sync.py
[2025-12-05T00:17:17.809+0000] {processor.py:841} WARNING - No viable dags retrieved from /opt/airflow/dags/tasks/recsys_data_sync.py
[2025-12-05T00:17:17.820+0000] {processor.py:179} INFO - Processing /opt/airflow/dags/tasks/recsys_data_sync.py took 0.202 seconds
[2025-12-05T00:17:48.620+0000] {processor.py:157} INFO - Started process (PID=18278) to work on /opt/airflow/dags/tasks/recsys_data_sync.py
[2025-12-05T00:17:48.621+0000] {processor.py:829} INFO - Processing file /opt/airflow/dags/tasks/recsys_data_sync.py for tasks to queue
[2025-12-05T00:17:48.622+0000] {logging_mixin.py:154} INFO - [2025-12-05T00:17:48.621+0000] {dagbag.py:536} INFO - Filling up the DagBag from /opt/airflow/dags/tasks/recsys_data_sync.py
[2025-12-05T00:17:48.814+0000] {processor.py:841} WARNING - No viable dags retrieved from /opt/airflow/dags/tasks/recsys_data_sync.py
[2025-12-05T00:17:48.826+0000] {processor.py:179} INFO - Processing /opt/airflow/dags/tasks/recsys_data_sync.py took 0.208 seconds
[2025-12-05T00:18:19.829+0000] {processor.py:157} INFO - Started process (PID=18337) to work on /opt/airflow/dags/tasks/recsys_data_sync.py
[2025-12-05T00:18:19.830+0000] {processor.py:829} INFO - Processing file /opt/airflow/dags/tasks/recsys_data_sync.py for tasks to queue
[2025-12-05T00:18:19.830+0000] {logging_mixin.py:154} INFO - [2025-12-05T00:18:19.830+0000] {dagbag.py:536} INFO - Filling up the DagBag from /opt/airflow/dags/tasks/recsys_data_sync.py
[2025-12-05T00:18:20.019+0000] {processor.py:841} WARNING - No viable dags retrieved from /opt/airflow/dags/tasks/recsys_data_sync.py
[2025-12-05T00:18:20.030+0000] {processor.py:179} INFO - Processing /opt/airflow/dags/tasks/recsys_data_sync.py took 0.204 seconds
[2025-12-05T00:18:50.181+0000] {processor.py:157} INFO - Started process (PID=18396) to work on /opt/airflow/dags/tasks/recsys_data_sync.py
[2025-12-05T00:18:50.182+0000] {processor.py:829} INFO - Processing file /opt/airflow/dags/tasks/recsys_data_sync.py for tasks to queue
[2025-12-05T00:18:50.183+0000] {logging_mixin.py:154} INFO - [2025-12-05T00:18:50.182+0000] {dagbag.py:536} INFO - Filling up the DagBag from /opt/airflow/dags/tasks/recsys_data_sync.py
[2025-12-05T00:18:50.340+0000] {processor.py:841} WARNING - No viable dags retrieved from /opt/airflow/dags/tasks/recsys_data_sync.py
[2025-12-05T00:18:50.350+0000] {processor.py:179} INFO - Processing /opt/airflow/dags/tasks/recsys_data_sync.py took 0.172 seconds
[2025-12-05T00:19:20.489+0000] {processor.py:157} INFO - Started process (PID=18455) to work on /opt/airflow/dags/tasks/recsys_data_sync.py
[2025-12-05T00:19:20.489+0000] {processor.py:829} INFO - Processing file /opt/airflow/dags/tasks/recsys_data_sync.py for tasks to queue
[2025-12-05T00:19:20.490+0000] {logging_mixin.py:154} INFO - [2025-12-05T00:19:20.490+0000] {dagbag.py:536} INFO - Filling up the DagBag from /opt/airflow/dags/tasks/recsys_data_sync.py
[2025-12-05T00:19:20.697+0000] {processor.py:841} WARNING - No viable dags retrieved from /opt/airflow/dags/tasks/recsys_data_sync.py
[2025-12-05T00:19:20.710+0000] {processor.py:179} INFO - Processing /opt/airflow/dags/tasks/recsys_data_sync.py took 0.227 seconds
[2025-12-05T00:19:51.283+0000] {processor.py:157} INFO - Started process (PID=18514) to work on /opt/airflow/dags/tasks/recsys_data_sync.py
[2025-12-05T00:19:51.284+0000] {processor.py:829} INFO - Processing file /opt/airflow/dags/tasks/recsys_data_sync.py for tasks to queue
[2025-12-05T00:19:51.285+0000] {logging_mixin.py:154} INFO - [2025-12-05T00:19:51.284+0000] {dagbag.py:536} INFO - Filling up the DagBag from /opt/airflow/dags/tasks/recsys_data_sync.py
[2025-12-05T00:19:51.486+0000] {processor.py:841} WARNING - No viable dags retrieved from /opt/airflow/dags/tasks/recsys_data_sync.py
[2025-12-05T00:19:51.499+0000] {processor.py:179} INFO - Processing /opt/airflow/dags/tasks/recsys_data_sync.py took 0.219 seconds
[2025-12-05T00:20:27.509+0000] {processor.py:157} INFO - Started process (PID=186) to work on /opt/airflow/dags/tasks/recsys_data_sync.py
[2025-12-05T00:20:27.510+0000] {processor.py:829} INFO - Processing file /opt/airflow/dags/tasks/recsys_data_sync.py for tasks to queue
[2025-12-05T00:20:27.511+0000] {logging_mixin.py:154} INFO - [2025-12-05T00:20:27.511+0000] {dagbag.py:536} INFO - Filling up the DagBag from /opt/airflow/dags/tasks/recsys_data_sync.py
[2025-12-05T00:20:27.731+0000] {processor.py:841} WARNING - No viable dags retrieved from /opt/airflow/dags/tasks/recsys_data_sync.py
[2025-12-05T00:20:27.744+0000] {processor.py:179} INFO - Processing /opt/airflow/dags/tasks/recsys_data_sync.py took 0.238 seconds
[2025-12-05T00:20:58.545+0000] {processor.py:157} INFO - Started process (PID=241) to work on /opt/airflow/dags/tasks/recsys_data_sync.py
[2025-12-05T00:20:58.547+0000] {processor.py:829} INFO - Processing file /opt/airflow/dags/tasks/recsys_data_sync.py for tasks to queue
[2025-12-05T00:20:58.547+0000] {logging_mixin.py:154} INFO - [2025-12-05T00:20:58.547+0000] {dagbag.py:536} INFO - Filling up the DagBag from /opt/airflow/dags/tasks/recsys_data_sync.py
[2025-12-05T00:20:58.745+0000] {processor.py:841} WARNING - No viable dags retrieved from /opt/airflow/dags/tasks/recsys_data_sync.py
[2025-12-05T00:20:58.758+0000] {processor.py:179} INFO - Processing /opt/airflow/dags/tasks/recsys_data_sync.py took 0.216 seconds
[2025-12-05T00:21:29.644+0000] {processor.py:157} INFO - Started process (PID=300) to work on /opt/airflow/dags/tasks/recsys_data_sync.py
[2025-12-05T00:21:29.645+0000] {processor.py:829} INFO - Processing file /opt/airflow/dags/tasks/recsys_data_sync.py for tasks to queue
[2025-12-05T00:21:29.645+0000] {logging_mixin.py:154} INFO - [2025-12-05T00:21:29.645+0000] {dagbag.py:536} INFO - Filling up the DagBag from /opt/airflow/dags/tasks/recsys_data_sync.py
[2025-12-05T00:21:29.823+0000] {processor.py:841} WARNING - No viable dags retrieved from /opt/airflow/dags/tasks/recsys_data_sync.py
[2025-12-05T00:21:29.834+0000] {processor.py:179} INFO - Processing /opt/airflow/dags/tasks/recsys_data_sync.py took 0.193 seconds
[2025-12-05T00:22:00.733+0000] {processor.py:157} INFO - Started process (PID=359) to work on /opt/airflow/dags/tasks/recsys_data_sync.py
[2025-12-05T00:22:00.734+0000] {processor.py:829} INFO - Processing file /opt/airflow/dags/tasks/recsys_data_sync.py for tasks to queue
[2025-12-05T00:22:00.735+0000] {logging_mixin.py:154} INFO - [2025-12-05T00:22:00.734+0000] {dagbag.py:536} INFO - Filling up the DagBag from /opt/airflow/dags/tasks/recsys_data_sync.py
[2025-12-05T00:22:00.909+0000] {processor.py:841} WARNING - No viable dags retrieved from /opt/airflow/dags/tasks/recsys_data_sync.py
[2025-12-05T00:22:00.920+0000] {processor.py:179} INFO - Processing /opt/airflow/dags/tasks/recsys_data_sync.py took 0.190 seconds
[2025-12-05T00:22:31.854+0000] {processor.py:157} INFO - Started process (PID=418) to work on /opt/airflow/dags/tasks/recsys_data_sync.py
[2025-12-05T00:22:31.855+0000] {processor.py:829} INFO - Processing file /opt/airflow/dags/tasks/recsys_data_sync.py for tasks to queue
[2025-12-05T00:22:31.855+0000] {logging_mixin.py:154} INFO - [2025-12-05T00:22:31.855+0000] {dagbag.py:536} INFO - Filling up the DagBag from /opt/airflow/dags/tasks/recsys_data_sync.py
[2025-12-05T00:22:32.029+0000] {processor.py:841} WARNING - No viable dags retrieved from /opt/airflow/dags/tasks/recsys_data_sync.py
[2025-12-05T00:22:32.040+0000] {processor.py:179} INFO - Processing /opt/airflow/dags/tasks/recsys_data_sync.py took 0.189 seconds
[2025-12-05T00:23:02.948+0000] {processor.py:157} INFO - Started process (PID=477) to work on /opt/airflow/dags/tasks/recsys_data_sync.py
[2025-12-05T00:23:02.949+0000] {processor.py:829} INFO - Processing file /opt/airflow/dags/tasks/recsys_data_sync.py for tasks to queue
[2025-12-05T00:23:02.950+0000] {logging_mixin.py:154} INFO - [2025-12-05T00:23:02.950+0000] {dagbag.py:536} INFO - Filling up the DagBag from /opt/airflow/dags/tasks/recsys_data_sync.py
[2025-12-05T00:23:03.135+0000] {processor.py:841} WARNING - No viable dags retrieved from /opt/airflow/dags/tasks/recsys_data_sync.py
[2025-12-05T00:23:03.146+0000] {processor.py:179} INFO - Processing /opt/airflow/dags/tasks/recsys_data_sync.py took 0.200 seconds
[2025-12-05T00:23:33.636+0000] {processor.py:157} INFO - Started process (PID=717) to work on /opt/airflow/dags/tasks/recsys_data_sync.py
[2025-12-05T00:23:33.637+0000] {processor.py:829} INFO - Processing file /opt/airflow/dags/tasks/recsys_data_sync.py for tasks to queue
[2025-12-05T00:23:33.638+0000] {logging_mixin.py:154} INFO - [2025-12-05T00:23:33.637+0000] {dagbag.py:536} INFO - Filling up the DagBag from /opt/airflow/dags/tasks/recsys_data_sync.py
[2025-12-05T00:23:33.856+0000] {processor.py:841} WARNING - No viable dags retrieved from /opt/airflow/dags/tasks/recsys_data_sync.py
[2025-12-05T00:23:33.868+0000] {processor.py:179} INFO - Processing /opt/airflow/dags/tasks/recsys_data_sync.py took 0.236 seconds
[2025-12-05T00:24:04.122+0000] {processor.py:157} INFO - Started process (PID=1139) to work on /opt/airflow/dags/tasks/recsys_data_sync.py
[2025-12-05T00:24:04.123+0000] {processor.py:829} INFO - Processing file /opt/airflow/dags/tasks/recsys_data_sync.py for tasks to queue
[2025-12-05T00:24:04.123+0000] {logging_mixin.py:154} INFO - [2025-12-05T00:24:04.123+0000] {dagbag.py:536} INFO - Filling up the DagBag from /opt/airflow/dags/tasks/recsys_data_sync.py
[2025-12-05T00:24:04.443+0000] {processor.py:841} WARNING - No viable dags retrieved from /opt/airflow/dags/tasks/recsys_data_sync.py
[2025-12-05T00:24:04.459+0000] {processor.py:179} INFO - Processing /opt/airflow/dags/tasks/recsys_data_sync.py took 0.342 seconds
[2025-12-05T00:24:35.179+0000] {processor.py:157} INFO - Started process (PID=1191) to work on /opt/airflow/dags/tasks/recsys_data_sync.py
[2025-12-05T00:24:35.186+0000] {processor.py:829} INFO - Processing file /opt/airflow/dags/tasks/recsys_data_sync.py for tasks to queue
[2025-12-05T00:24:35.187+0000] {logging_mixin.py:154} INFO - [2025-12-05T00:24:35.187+0000] {dagbag.py:536} INFO - Filling up the DagBag from /opt/airflow/dags/tasks/recsys_data_sync.py
[2025-12-05T00:24:35.436+0000] {processor.py:841} WARNING - No viable dags retrieved from /opt/airflow/dags/tasks/recsys_data_sync.py
[2025-12-05T00:24:35.454+0000] {processor.py:179} INFO - Processing /opt/airflow/dags/tasks/recsys_data_sync.py took 0.278 seconds
[2025-12-05T00:25:06.485+0000] {processor.py:157} INFO - Started process (PID=1249) to work on /opt/airflow/dags/tasks/recsys_data_sync.py
[2025-12-05T00:25:06.486+0000] {processor.py:829} INFO - Processing file /opt/airflow/dags/tasks/recsys_data_sync.py for tasks to queue
[2025-12-05T00:25:06.487+0000] {logging_mixin.py:154} INFO - [2025-12-05T00:25:06.487+0000] {dagbag.py:536} INFO - Filling up the DagBag from /opt/airflow/dags/tasks/recsys_data_sync.py
[2025-12-05T00:25:06.790+0000] {processor.py:841} WARNING - No viable dags retrieved from /opt/airflow/dags/tasks/recsys_data_sync.py
[2025-12-05T00:25:06.808+0000] {processor.py:179} INFO - Processing /opt/airflow/dags/tasks/recsys_data_sync.py took 0.326 seconds
[2025-12-05T00:25:36.892+0000] {processor.py:157} INFO - Started process (PID=1306) to work on /opt/airflow/dags/tasks/recsys_data_sync.py
[2025-12-05T00:25:36.894+0000] {processor.py:829} INFO - Processing file /opt/airflow/dags/tasks/recsys_data_sync.py for tasks to queue
[2025-12-05T00:25:36.895+0000] {logging_mixin.py:154} INFO - [2025-12-05T00:25:36.894+0000] {dagbag.py:536} INFO - Filling up the DagBag from /opt/airflow/dags/tasks/recsys_data_sync.py
[2025-12-05T00:25:37.145+0000] {processor.py:841} WARNING - No viable dags retrieved from /opt/airflow/dags/tasks/recsys_data_sync.py
[2025-12-05T00:25:37.160+0000] {processor.py:179} INFO - Processing /opt/airflow/dags/tasks/recsys_data_sync.py took 0.272 seconds
[2025-12-05T00:26:08.022+0000] {processor.py:157} INFO - Started process (PID=1358) to work on /opt/airflow/dags/tasks/recsys_data_sync.py
[2025-12-05T00:26:08.023+0000] {processor.py:829} INFO - Processing file /opt/airflow/dags/tasks/recsys_data_sync.py for tasks to queue
[2025-12-05T00:26:08.024+0000] {logging_mixin.py:154} INFO - [2025-12-05T00:26:08.024+0000] {dagbag.py:536} INFO - Filling up the DagBag from /opt/airflow/dags/tasks/recsys_data_sync.py
[2025-12-05T00:26:08.294+0000] {processor.py:841} WARNING - No viable dags retrieved from /opt/airflow/dags/tasks/recsys_data_sync.py
[2025-12-05T00:26:08.326+0000] {processor.py:179} INFO - Processing /opt/airflow/dags/tasks/recsys_data_sync.py took 0.313 seconds
[2025-12-05T00:26:38.418+0000] {processor.py:157} INFO - Started process (PID=1418) to work on /opt/airflow/dags/tasks/recsys_data_sync.py
[2025-12-05T00:26:38.423+0000] {processor.py:829} INFO - Processing file /opt/airflow/dags/tasks/recsys_data_sync.py for tasks to queue
[2025-12-05T00:26:38.423+0000] {logging_mixin.py:154} INFO - [2025-12-05T00:26:38.423+0000] {dagbag.py:536} INFO - Filling up the DagBag from /opt/airflow/dags/tasks/recsys_data_sync.py
[2025-12-05T00:26:38.771+0000] {processor.py:841} WARNING - No viable dags retrieved from /opt/airflow/dags/tasks/recsys_data_sync.py
[2025-12-05T00:26:38.784+0000] {processor.py:179} INFO - Processing /opt/airflow/dags/tasks/recsys_data_sync.py took 0.370 seconds
[2025-12-05T00:27:09.862+0000] {processor.py:157} INFO - Started process (PID=1477) to work on /opt/airflow/dags/tasks/recsys_data_sync.py
[2025-12-05T00:27:09.863+0000] {processor.py:829} INFO - Processing file /opt/airflow/dags/tasks/recsys_data_sync.py for tasks to queue
[2025-12-05T00:27:09.864+0000] {logging_mixin.py:154} INFO - [2025-12-05T00:27:09.864+0000] {dagbag.py:536} INFO - Filling up the DagBag from /opt/airflow/dags/tasks/recsys_data_sync.py
[2025-12-05T00:27:10.212+0000] {processor.py:841} WARNING - No viable dags retrieved from /opt/airflow/dags/tasks/recsys_data_sync.py
[2025-12-05T00:27:10.231+0000] {processor.py:179} INFO - Processing /opt/airflow/dags/tasks/recsys_data_sync.py took 0.382 seconds
[2025-12-05T00:27:59.182+0000] {processor.py:157} INFO - Started process (PID=186) to work on /opt/airflow/dags/tasks/recsys_data_sync.py
[2025-12-05T00:27:59.183+0000] {processor.py:829} INFO - Processing file /opt/airflow/dags/tasks/recsys_data_sync.py for tasks to queue
[2025-12-05T00:27:59.183+0000] {logging_mixin.py:154} INFO - [2025-12-05T00:27:59.183+0000] {dagbag.py:536} INFO - Filling up the DagBag from /opt/airflow/dags/tasks/recsys_data_sync.py
[2025-12-05T00:27:59.592+0000] {processor.py:841} WARNING - No viable dags retrieved from /opt/airflow/dags/tasks/recsys_data_sync.py
[2025-12-05T00:27:59.602+0000] {processor.py:179} INFO - Processing /opt/airflow/dags/tasks/recsys_data_sync.py took 0.424 seconds
[2025-12-05T00:28:30.151+0000] {processor.py:157} INFO - Started process (PID=241) to work on /opt/airflow/dags/tasks/recsys_data_sync.py
[2025-12-05T00:28:30.152+0000] {processor.py:829} INFO - Processing file /opt/airflow/dags/tasks/recsys_data_sync.py for tasks to queue
[2025-12-05T00:28:30.153+0000] {logging_mixin.py:154} INFO - [2025-12-05T00:28:30.152+0000] {dagbag.py:536} INFO - Filling up the DagBag from /opt/airflow/dags/tasks/recsys_data_sync.py
[2025-12-05T00:28:30.466+0000] {processor.py:841} WARNING - No viable dags retrieved from /opt/airflow/dags/tasks/recsys_data_sync.py
[2025-12-05T00:28:30.475+0000] {processor.py:179} INFO - Processing /opt/airflow/dags/tasks/recsys_data_sync.py took 0.328 seconds
[2025-12-05T00:29:01.235+0000] {processor.py:157} INFO - Started process (PID=302) to work on /opt/airflow/dags/tasks/recsys_data_sync.py
[2025-12-05T00:29:01.235+0000] {processor.py:829} INFO - Processing file /opt/airflow/dags/tasks/recsys_data_sync.py for tasks to queue
[2025-12-05T00:29:01.236+0000] {logging_mixin.py:154} INFO - [2025-12-05T00:29:01.236+0000] {dagbag.py:536} INFO - Filling up the DagBag from /opt/airflow/dags/tasks/recsys_data_sync.py
[2025-12-05T00:29:01.534+0000] {processor.py:841} WARNING - No viable dags retrieved from /opt/airflow/dags/tasks/recsys_data_sync.py
[2025-12-05T00:29:01.543+0000] {processor.py:179} INFO - Processing /opt/airflow/dags/tasks/recsys_data_sync.py took 0.311 seconds
[2025-12-05T00:29:31.864+0000] {processor.py:157} INFO - Started process (PID=361) to work on /opt/airflow/dags/tasks/recsys_data_sync.py
[2025-12-05T00:29:31.865+0000] {processor.py:829} INFO - Processing file /opt/airflow/dags/tasks/recsys_data_sync.py for tasks to queue
[2025-12-05T00:29:31.865+0000] {logging_mixin.py:154} INFO - [2025-12-05T00:29:31.865+0000] {dagbag.py:536} INFO - Filling up the DagBag from /opt/airflow/dags/tasks/recsys_data_sync.py
[2025-12-05T00:29:32.226+0000] {processor.py:841} WARNING - No viable dags retrieved from /opt/airflow/dags/tasks/recsys_data_sync.py
[2025-12-05T00:29:32.237+0000] {processor.py:179} INFO - Processing /opt/airflow/dags/tasks/recsys_data_sync.py took 0.376 seconds
[2025-12-05T00:30:02.429+0000] {processor.py:157} INFO - Started process (PID=420) to work on /opt/airflow/dags/tasks/recsys_data_sync.py
[2025-12-05T00:30:02.430+0000] {processor.py:829} INFO - Processing file /opt/airflow/dags/tasks/recsys_data_sync.py for tasks to queue
[2025-12-05T00:30:02.430+0000] {logging_mixin.py:154} INFO - [2025-12-05T00:30:02.430+0000] {dagbag.py:536} INFO - Filling up the DagBag from /opt/airflow/dags/tasks/recsys_data_sync.py
[2025-12-05T00:30:02.708+0000] {processor.py:841} WARNING - No viable dags retrieved from /opt/airflow/dags/tasks/recsys_data_sync.py
[2025-12-05T00:30:02.717+0000] {processor.py:179} INFO - Processing /opt/airflow/dags/tasks/recsys_data_sync.py took 0.290 seconds
[2025-12-05T00:30:33.193+0000] {processor.py:157} INFO - Started process (PID=727) to work on /opt/airflow/dags/tasks/recsys_data_sync.py
[2025-12-05T00:30:33.194+0000] {processor.py:829} INFO - Processing file /opt/airflow/dags/tasks/recsys_data_sync.py for tasks to queue
[2025-12-05T00:30:33.195+0000] {logging_mixin.py:154} INFO - [2025-12-05T00:30:33.195+0000] {dagbag.py:536} INFO - Filling up the DagBag from /opt/airflow/dags/tasks/recsys_data_sync.py
[2025-12-05T00:30:33.627+0000] {processor.py:841} WARNING - No viable dags retrieved from /opt/airflow/dags/tasks/recsys_data_sync.py
[2025-12-05T00:30:33.638+0000] {processor.py:179} INFO - Processing /opt/airflow/dags/tasks/recsys_data_sync.py took 0.448 seconds
[2025-12-05T00:31:04.538+0000] {processor.py:157} INFO - Started process (PID=796) to work on /opt/airflow/dags/tasks/recsys_data_sync.py
[2025-12-05T00:31:04.539+0000] {processor.py:829} INFO - Processing file /opt/airflow/dags/tasks/recsys_data_sync.py for tasks to queue
[2025-12-05T00:31:04.539+0000] {logging_mixin.py:154} INFO - [2025-12-05T00:31:04.539+0000] {dagbag.py:536} INFO - Filling up the DagBag from /opt/airflow/dags/tasks/recsys_data_sync.py
[2025-12-05T00:31:04.905+0000] {processor.py:841} WARNING - No viable dags retrieved from /opt/airflow/dags/tasks/recsys_data_sync.py
[2025-12-05T00:31:04.916+0000] {processor.py:179} INFO - Processing /opt/airflow/dags/tasks/recsys_data_sync.py took 0.380 seconds
[2025-12-05T00:31:35.738+0000] {processor.py:157} INFO - Started process (PID=955) to work on /opt/airflow/dags/tasks/recsys_data_sync.py
[2025-12-05T00:31:35.739+0000] {processor.py:829} INFO - Processing file /opt/airflow/dags/tasks/recsys_data_sync.py for tasks to queue
[2025-12-05T00:31:35.739+0000] {logging_mixin.py:154} INFO - [2025-12-05T00:31:35.739+0000] {dagbag.py:536} INFO - Filling up the DagBag from /opt/airflow/dags/tasks/recsys_data_sync.py
[2025-12-05T00:31:36.030+0000] {processor.py:841} WARNING - No viable dags retrieved from /opt/airflow/dags/tasks/recsys_data_sync.py
[2025-12-05T00:31:36.039+0000] {processor.py:179} INFO - Processing /opt/airflow/dags/tasks/recsys_data_sync.py took 0.304 seconds
[2025-12-05T00:32:06.790+0000] {processor.py:157} INFO - Started process (PID=1013) to work on /opt/airflow/dags/tasks/recsys_data_sync.py
[2025-12-05T00:32:06.791+0000] {processor.py:829} INFO - Processing file /opt/airflow/dags/tasks/recsys_data_sync.py for tasks to queue
[2025-12-05T00:32:06.791+0000] {logging_mixin.py:154} INFO - [2025-12-05T00:32:06.791+0000] {dagbag.py:536} INFO - Filling up the DagBag from /opt/airflow/dags/tasks/recsys_data_sync.py
[2025-12-05T00:32:07.119+0000] {processor.py:841} WARNING - No viable dags retrieved from /opt/airflow/dags/tasks/recsys_data_sync.py
[2025-12-05T00:32:07.128+0000] {processor.py:179} INFO - Processing /opt/airflow/dags/tasks/recsys_data_sync.py took 0.341 seconds
[2025-12-05T00:32:38.065+0000] {processor.py:157} INFO - Started process (PID=1252) to work on /opt/airflow/dags/tasks/recsys_data_sync.py
[2025-12-05T00:32:38.067+0000] {processor.py:829} INFO - Processing file /opt/airflow/dags/tasks/recsys_data_sync.py for tasks to queue
[2025-12-05T00:32:38.068+0000] {logging_mixin.py:154} INFO - [2025-12-05T00:32:38.068+0000] {dagbag.py:536} INFO - Filling up the DagBag from /opt/airflow/dags/tasks/recsys_data_sync.py
[2025-12-05T00:32:38.496+0000] {processor.py:841} WARNING - No viable dags retrieved from /opt/airflow/dags/tasks/recsys_data_sync.py
[2025-12-05T00:32:38.507+0000] {processor.py:179} INFO - Processing /opt/airflow/dags/tasks/recsys_data_sync.py took 0.446 seconds
[2025-12-05T00:33:09.380+0000] {processor.py:157} INFO - Started process (PID=1422) to work on /opt/airflow/dags/tasks/recsys_data_sync.py
[2025-12-05T00:33:09.381+0000] {processor.py:829} INFO - Processing file /opt/airflow/dags/tasks/recsys_data_sync.py for tasks to queue
[2025-12-05T00:33:09.383+0000] {logging_mixin.py:154} INFO - [2025-12-05T00:33:09.382+0000] {dagbag.py:536} INFO - Filling up the DagBag from /opt/airflow/dags/tasks/recsys_data_sync.py
[2025-12-05T00:33:08.910+0000] {processor.py:841} WARNING - No viable dags retrieved from /opt/airflow/dags/tasks/recsys_data_sync.py
[2025-12-05T00:33:08.920+0000] {processor.py:179} INFO - Processing /opt/airflow/dags/tasks/recsys_data_sync.py took 0.463 seconds
[2025-12-05T00:33:39.706+0000] {processor.py:157} INFO - Started process (PID=1488) to work on /opt/airflow/dags/tasks/recsys_data_sync.py
[2025-12-05T00:33:39.707+0000] {processor.py:829} INFO - Processing file /opt/airflow/dags/tasks/recsys_data_sync.py for tasks to queue
[2025-12-05T00:33:39.708+0000] {logging_mixin.py:154} INFO - [2025-12-05T00:33:39.707+0000] {dagbag.py:536} INFO - Filling up the DagBag from /opt/airflow/dags/tasks/recsys_data_sync.py
[2025-12-05T00:33:40.074+0000] {processor.py:841} WARNING - No viable dags retrieved from /opt/airflow/dags/tasks/recsys_data_sync.py
[2025-12-05T00:33:40.084+0000] {processor.py:179} INFO - Processing /opt/airflow/dags/tasks/recsys_data_sync.py took 0.381 seconds
[2025-12-05T00:34:10.857+0000] {processor.py:157} INFO - Started process (PID=1667) to work on /opt/airflow/dags/tasks/recsys_data_sync.py
[2025-12-05T00:34:10.858+0000] {processor.py:829} INFO - Processing file /opt/airflow/dags/tasks/recsys_data_sync.py for tasks to queue
[2025-12-05T00:34:10.859+0000] {logging_mixin.py:154} INFO - [2025-12-05T00:34:10.859+0000] {dagbag.py:536} INFO - Filling up the DagBag from /opt/airflow/dags/tasks/recsys_data_sync.py
[2025-12-05T00:34:11.197+0000] {processor.py:841} WARNING - No viable dags retrieved from /opt/airflow/dags/tasks/recsys_data_sync.py
[2025-12-05T00:34:11.207+0000] {processor.py:179} INFO - Processing /opt/airflow/dags/tasks/recsys_data_sync.py took 0.353 seconds
[2025-12-05T00:34:42.058+0000] {processor.py:157} INFO - Started process (PID=1884) to work on /opt/airflow/dags/tasks/recsys_data_sync.py
[2025-12-05T00:34:42.059+0000] {processor.py:829} INFO - Processing file /opt/airflow/dags/tasks/recsys_data_sync.py for tasks to queue
[2025-12-05T00:34:42.059+0000] {logging_mixin.py:154} INFO - [2025-12-05T00:34:42.059+0000] {dagbag.py:536} INFO - Filling up the DagBag from /opt/airflow/dags/tasks/recsys_data_sync.py
[2025-12-05T00:34:42.406+0000] {processor.py:841} WARNING - No viable dags retrieved from /opt/airflow/dags/tasks/recsys_data_sync.py
[2025-12-05T00:34:42.417+0000] {processor.py:179} INFO - Processing /opt/airflow/dags/tasks/recsys_data_sync.py took 0.363 seconds
[2025-12-05T00:35:12.847+0000] {processor.py:157} INFO - Started process (PID=1944) to work on /opt/airflow/dags/tasks/recsys_data_sync.py
[2025-12-05T00:35:12.848+0000] {processor.py:829} INFO - Processing file /opt/airflow/dags/tasks/recsys_data_sync.py for tasks to queue
[2025-12-05T00:35:12.848+0000] {logging_mixin.py:154} INFO - [2025-12-05T00:35:12.848+0000] {dagbag.py:536} INFO - Filling up the DagBag from /opt/airflow/dags/tasks/recsys_data_sync.py
[2025-12-05T00:35:13.265+0000] {processor.py:841} WARNING - No viable dags retrieved from /opt/airflow/dags/tasks/recsys_data_sync.py
[2025-12-05T00:35:13.275+0000] {processor.py:179} INFO - Processing /opt/airflow/dags/tasks/recsys_data_sync.py took 0.431 seconds
[2025-12-05T00:35:44.054+0000] {processor.py:157} INFO - Started process (PID=2003) to work on /opt/airflow/dags/tasks/recsys_data_sync.py
[2025-12-05T00:35:44.055+0000] {processor.py:829} INFO - Processing file /opt/airflow/dags/tasks/recsys_data_sync.py for tasks to queue
[2025-12-05T00:35:44.056+0000] {logging_mixin.py:154} INFO - [2025-12-05T00:35:44.056+0000] {dagbag.py:536} INFO - Filling up the DagBag from /opt/airflow/dags/tasks/recsys_data_sync.py
[2025-12-05T00:35:44.384+0000] {processor.py:841} WARNING - No viable dags retrieved from /opt/airflow/dags/tasks/recsys_data_sync.py
[2025-12-05T00:35:44.393+0000] {processor.py:179} INFO - Processing /opt/airflow/dags/tasks/recsys_data_sync.py took 0.343 seconds
[2025-12-05T00:36:15.292+0000] {processor.py:157} INFO - Started process (PID=2241) to work on /opt/airflow/dags/tasks/recsys_data_sync.py
[2025-12-05T00:36:15.298+0000] {processor.py:829} INFO - Processing file /opt/airflow/dags/tasks/recsys_data_sync.py for tasks to queue
[2025-12-05T00:36:15.299+0000] {logging_mixin.py:154} INFO - [2025-12-05T00:36:15.299+0000] {dagbag.py:536} INFO - Filling up the DagBag from /opt/airflow/dags/tasks/recsys_data_sync.py
[2025-12-05T00:36:15.832+0000] {processor.py:841} WARNING - No viable dags retrieved from /opt/airflow/dags/tasks/recsys_data_sync.py
[2025-12-05T00:36:15.873+0000] {processor.py:179} INFO - Processing /opt/airflow/dags/tasks/recsys_data_sync.py took 0.585 seconds
[2025-12-05T00:36:46.516+0000] {processor.py:157} INFO - Started process (PID=2419) to work on /opt/airflow/dags/tasks/recsys_data_sync.py
[2025-12-05T00:36:46.517+0000] {processor.py:829} INFO - Processing file /opt/airflow/dags/tasks/recsys_data_sync.py for tasks to queue
[2025-12-05T00:36:46.518+0000] {logging_mixin.py:154} INFO - [2025-12-05T00:36:46.517+0000] {dagbag.py:536} INFO - Filling up the DagBag from /opt/airflow/dags/tasks/recsys_data_sync.py
[2025-12-05T00:36:46.832+0000] {processor.py:841} WARNING - No viable dags retrieved from /opt/airflow/dags/tasks/recsys_data_sync.py
[2025-12-05T00:36:46.841+0000] {processor.py:179} INFO - Processing /opt/airflow/dags/tasks/recsys_data_sync.py took 0.328 seconds
[2025-12-05T00:37:17.671+0000] {processor.py:157} INFO - Started process (PID=2659) to work on /opt/airflow/dags/tasks/recsys_data_sync.py
[2025-12-05T00:37:17.673+0000] {processor.py:829} INFO - Processing file /opt/airflow/dags/tasks/recsys_data_sync.py for tasks to queue
[2025-12-05T00:37:17.673+0000] {logging_mixin.py:154} INFO - [2025-12-05T00:37:17.673+0000] {dagbag.py:536} INFO - Filling up the DagBag from /opt/airflow/dags/tasks/recsys_data_sync.py
[2025-12-05T00:37:15.615+0000] {processor.py:841} WARNING - No viable dags retrieved from /opt/airflow/dags/tasks/recsys_data_sync.py
[2025-12-05T00:37:15.629+0000] {processor.py:179} INFO - Processing /opt/airflow/dags/tasks/recsys_data_sync.py took 0.447 seconds
[2025-12-05T00:37:46.111+0000] {processor.py:157} INFO - Started process (PID=2718) to work on /opt/airflow/dags/tasks/recsys_data_sync.py
[2025-12-05T00:37:46.119+0000] {processor.py:829} INFO - Processing file /opt/airflow/dags/tasks/recsys_data_sync.py for tasks to queue
[2025-12-05T00:37:46.120+0000] {logging_mixin.py:154} INFO - [2025-12-05T00:37:46.120+0000] {dagbag.py:536} INFO - Filling up the DagBag from /opt/airflow/dags/tasks/recsys_data_sync.py
[2025-12-05T00:37:46.605+0000] {processor.py:841} WARNING - No viable dags retrieved from /opt/airflow/dags/tasks/recsys_data_sync.py
[2025-12-05T00:37:46.623+0000] {processor.py:179} INFO - Processing /opt/airflow/dags/tasks/recsys_data_sync.py took 0.517 seconds
[2025-12-05T00:38:16.898+0000] {processor.py:157} INFO - Started process (PID=2888) to work on /opt/airflow/dags/tasks/recsys_data_sync.py
[2025-12-05T00:38:16.906+0000] {processor.py:829} INFO - Processing file /opt/airflow/dags/tasks/recsys_data_sync.py for tasks to queue
[2025-12-05T00:38:16.907+0000] {logging_mixin.py:154} INFO - [2025-12-05T00:38:16.907+0000] {dagbag.py:536} INFO - Filling up the DagBag from /opt/airflow/dags/tasks/recsys_data_sync.py
[2025-12-05T00:38:17.219+0000] {processor.py:841} WARNING - No viable dags retrieved from /opt/airflow/dags/tasks/recsys_data_sync.py
[2025-12-05T00:38:17.228+0000] {processor.py:179} INFO - Processing /opt/airflow/dags/tasks/recsys_data_sync.py took 0.333 seconds
[2025-12-05T00:38:48.090+0000] {processor.py:157} INFO - Started process (PID=2948) to work on /opt/airflow/dags/tasks/recsys_data_sync.py
[2025-12-05T00:38:48.091+0000] {processor.py:829} INFO - Processing file /opt/airflow/dags/tasks/recsys_data_sync.py for tasks to queue
[2025-12-05T00:38:48.092+0000] {logging_mixin.py:154} INFO - [2025-12-05T00:38:48.092+0000] {dagbag.py:536} INFO - Filling up the DagBag from /opt/airflow/dags/tasks/recsys_data_sync.py
[2025-12-05T00:38:48.407+0000] {processor.py:841} WARNING - No viable dags retrieved from /opt/airflow/dags/tasks/recsys_data_sync.py
[2025-12-05T00:38:48.416+0000] {processor.py:179} INFO - Processing /opt/airflow/dags/tasks/recsys_data_sync.py took 0.329 seconds
[2025-12-05T00:39:19.228+0000] {processor.py:157} INFO - Started process (PID=3007) to work on /opt/airflow/dags/tasks/recsys_data_sync.py
[2025-12-05T00:39:19.230+0000] {processor.py:829} INFO - Processing file /opt/airflow/dags/tasks/recsys_data_sync.py for tasks to queue
[2025-12-05T00:39:19.231+0000] {logging_mixin.py:154} INFO - [2025-12-05T00:39:19.230+0000] {dagbag.py:536} INFO - Filling up the DagBag from /opt/airflow/dags/tasks/recsys_data_sync.py
[2025-12-05T00:39:19.561+0000] {processor.py:841} WARNING - No viable dags retrieved from /opt/airflow/dags/tasks/recsys_data_sync.py
[2025-12-05T00:39:19.571+0000] {processor.py:179} INFO - Processing /opt/airflow/dags/tasks/recsys_data_sync.py took 0.346 seconds
[2025-12-05T00:39:50.374+0000] {processor.py:157} INFO - Started process (PID=3066) to work on /opt/airflow/dags/tasks/recsys_data_sync.py
[2025-12-05T00:39:50.375+0000] {processor.py:829} INFO - Processing file /opt/airflow/dags/tasks/recsys_data_sync.py for tasks to queue
[2025-12-05T00:39:50.376+0000] {logging_mixin.py:154} INFO - [2025-12-05T00:39:50.376+0000] {dagbag.py:536} INFO - Filling up the DagBag from /opt/airflow/dags/tasks/recsys_data_sync.py
[2025-12-05T00:39:50.694+0000] {processor.py:841} WARNING - No viable dags retrieved from /opt/airflow/dags/tasks/recsys_data_sync.py
[2025-12-05T00:39:50.703+0000] {processor.py:179} INFO - Processing /opt/airflow/dags/tasks/recsys_data_sync.py took 0.332 seconds
[2025-12-05T00:40:21.651+0000] {processor.py:157} INFO - Started process (PID=3125) to work on /opt/airflow/dags/tasks/recsys_data_sync.py
[2025-12-05T00:40:21.659+0000] {processor.py:829} INFO - Processing file /opt/airflow/dags/tasks/recsys_data_sync.py for tasks to queue
[2025-12-05T00:40:21.660+0000] {logging_mixin.py:154} INFO - [2025-12-05T00:40:21.660+0000] {dagbag.py:536} INFO - Filling up the DagBag from /opt/airflow/dags/tasks/recsys_data_sync.py
[2025-12-05T00:40:21.950+0000] {processor.py:841} WARNING - No viable dags retrieved from /opt/airflow/dags/tasks/recsys_data_sync.py
[2025-12-05T00:40:21.959+0000] {processor.py:179} INFO - Processing /opt/airflow/dags/tasks/recsys_data_sync.py took 0.311 seconds
[2025-12-05T00:40:52.803+0000] {processor.py:157} INFO - Started process (PID=3184) to work on /opt/airflow/dags/tasks/recsys_data_sync.py
[2025-12-05T00:40:52.804+0000] {processor.py:829} INFO - Processing file /opt/airflow/dags/tasks/recsys_data_sync.py for tasks to queue
[2025-12-05T00:40:52.804+0000] {logging_mixin.py:154} INFO - [2025-12-05T00:40:52.804+0000] {dagbag.py:536} INFO - Filling up the DagBag from /opt/airflow/dags/tasks/recsys_data_sync.py
[2025-12-05T00:40:53.128+0000] {processor.py:841} WARNING - No viable dags retrieved from /opt/airflow/dags/tasks/recsys_data_sync.py
[2025-12-05T00:40:53.138+0000] {processor.py:179} INFO - Processing /opt/airflow/dags/tasks/recsys_data_sync.py took 0.338 seconds
[2025-12-05T00:41:23.178+0000] {processor.py:157} INFO - Started process (PID=3243) to work on /opt/airflow/dags/tasks/recsys_data_sync.py
[2025-12-05T00:41:23.179+0000] {processor.py:829} INFO - Processing file /opt/airflow/dags/tasks/recsys_data_sync.py for tasks to queue
[2025-12-05T00:41:23.179+0000] {logging_mixin.py:154} INFO - [2025-12-05T00:41:23.179+0000] {dagbag.py:536} INFO - Filling up the DagBag from /opt/airflow/dags/tasks/recsys_data_sync.py
[2025-12-05T00:41:23.477+0000] {processor.py:841} WARNING - No viable dags retrieved from /opt/airflow/dags/tasks/recsys_data_sync.py
[2025-12-05T00:41:23.487+0000] {processor.py:179} INFO - Processing /opt/airflow/dags/tasks/recsys_data_sync.py took 0.313 seconds
[2025-12-05T00:41:53.557+0000] {processor.py:157} INFO - Started process (PID=3302) to work on /opt/airflow/dags/tasks/recsys_data_sync.py
[2025-12-05T00:41:53.559+0000] {processor.py:829} INFO - Processing file /opt/airflow/dags/tasks/recsys_data_sync.py for tasks to queue
[2025-12-05T00:41:53.560+0000] {logging_mixin.py:154} INFO - [2025-12-05T00:41:53.559+0000] {dagbag.py:536} INFO - Filling up the DagBag from /opt/airflow/dags/tasks/recsys_data_sync.py
[2025-12-05T00:41:53.836+0000] {processor.py:841} WARNING - No viable dags retrieved from /opt/airflow/dags/tasks/recsys_data_sync.py
[2025-12-05T00:41:53.845+0000] {processor.py:179} INFO - Processing /opt/airflow/dags/tasks/recsys_data_sync.py took 0.290 seconds
[2025-12-05T00:42:23.999+0000] {processor.py:157} INFO - Started process (PID=3361) to work on /opt/airflow/dags/tasks/recsys_data_sync.py
[2025-12-05T00:42:24.000+0000] {processor.py:829} INFO - Processing file /opt/airflow/dags/tasks/recsys_data_sync.py for tasks to queue
[2025-12-05T00:42:24.001+0000] {logging_mixin.py:154} INFO - [2025-12-05T00:42:24.000+0000] {dagbag.py:536} INFO - Filling up the DagBag from /opt/airflow/dags/tasks/recsys_data_sync.py
[2025-12-05T00:42:24.308+0000] {processor.py:841} WARNING - No viable dags retrieved from /opt/airflow/dags/tasks/recsys_data_sync.py
[2025-12-05T00:42:24.318+0000] {processor.py:179} INFO - Processing /opt/airflow/dags/tasks/recsys_data_sync.py took 0.322 seconds
[2025-12-05T00:42:54.736+0000] {processor.py:157} INFO - Started process (PID=3420) to work on /opt/airflow/dags/tasks/recsys_data_sync.py
[2025-12-05T00:42:54.738+0000] {processor.py:829} INFO - Processing file /opt/airflow/dags/tasks/recsys_data_sync.py for tasks to queue
[2025-12-05T00:42:54.739+0000] {logging_mixin.py:154} INFO - [2025-12-05T00:42:54.739+0000] {dagbag.py:536} INFO - Filling up the DagBag from /opt/airflow/dags/tasks/recsys_data_sync.py
[2025-12-05T00:42:55.048+0000] {processor.py:841} WARNING - No viable dags retrieved from /opt/airflow/dags/tasks/recsys_data_sync.py
[2025-12-05T00:42:55.057+0000] {processor.py:179} INFO - Processing /opt/airflow/dags/tasks/recsys_data_sync.py took 0.324 seconds
[2025-12-05T00:43:25.289+0000] {processor.py:157} INFO - Started process (PID=3479) to work on /opt/airflow/dags/tasks/recsys_data_sync.py
[2025-12-05T00:43:25.290+0000] {processor.py:829} INFO - Processing file /opt/airflow/dags/tasks/recsys_data_sync.py for tasks to queue
[2025-12-05T00:43:25.291+0000] {logging_mixin.py:154} INFO - [2025-12-05T00:43:25.290+0000] {dagbag.py:536} INFO - Filling up the DagBag from /opt/airflow/dags/tasks/recsys_data_sync.py
[2025-12-05T00:43:25.589+0000] {processor.py:841} WARNING - No viable dags retrieved from /opt/airflow/dags/tasks/recsys_data_sync.py
[2025-12-05T00:43:25.599+0000] {processor.py:179} INFO - Processing /opt/airflow/dags/tasks/recsys_data_sync.py took 0.314 seconds
[2025-12-05T00:43:56.024+0000] {processor.py:157} INFO - Started process (PID=3538) to work on /opt/airflow/dags/tasks/recsys_data_sync.py
[2025-12-05T00:43:56.026+0000] {processor.py:829} INFO - Processing file /opt/airflow/dags/tasks/recsys_data_sync.py for tasks to queue
[2025-12-05T00:43:56.027+0000] {logging_mixin.py:154} INFO - [2025-12-05T00:43:56.026+0000] {dagbag.py:536} INFO - Filling up the DagBag from /opt/airflow/dags/tasks/recsys_data_sync.py
[2025-12-05T00:43:56.355+0000] {processor.py:841} WARNING - No viable dags retrieved from /opt/airflow/dags/tasks/recsys_data_sync.py
[2025-12-05T00:43:56.365+0000] {processor.py:179} INFO - Processing /opt/airflow/dags/tasks/recsys_data_sync.py took 0.343 seconds
[2025-12-05T00:44:26.886+0000] {processor.py:157} INFO - Started process (PID=3591) to work on /opt/airflow/dags/tasks/recsys_data_sync.py
[2025-12-05T00:44:26.887+0000] {processor.py:829} INFO - Processing file /opt/airflow/dags/tasks/recsys_data_sync.py for tasks to queue
[2025-12-05T00:44:26.887+0000] {logging_mixin.py:154} INFO - [2025-12-05T00:44:26.887+0000] {dagbag.py:536} INFO - Filling up the DagBag from /opt/airflow/dags/tasks/recsys_data_sync.py
[2025-12-05T00:44:27.194+0000] {processor.py:841} WARNING - No viable dags retrieved from /opt/airflow/dags/tasks/recsys_data_sync.py
[2025-12-05T00:44:27.204+0000] {processor.py:179} INFO - Processing /opt/airflow/dags/tasks/recsys_data_sync.py took 0.321 seconds
[2025-12-05T00:44:57.488+0000] {processor.py:157} INFO - Started process (PID=3651) to work on /opt/airflow/dags/tasks/recsys_data_sync.py
[2025-12-05T00:44:57.489+0000] {processor.py:829} INFO - Processing file /opt/airflow/dags/tasks/recsys_data_sync.py for tasks to queue
[2025-12-05T00:44:57.489+0000] {logging_mixin.py:154} INFO - [2025-12-05T00:44:57.489+0000] {dagbag.py:536} INFO - Filling up the DagBag from /opt/airflow/dags/tasks/recsys_data_sync.py
[2025-12-05T00:44:57.865+0000] {processor.py:841} WARNING - No viable dags retrieved from /opt/airflow/dags/tasks/recsys_data_sync.py
[2025-12-05T00:44:57.874+0000] {processor.py:179} INFO - Processing /opt/airflow/dags/tasks/recsys_data_sync.py took 0.390 seconds
[2025-12-05T00:45:28.506+0000] {processor.py:157} INFO - Started process (PID=3708) to work on /opt/airflow/dags/tasks/recsys_data_sync.py
[2025-12-05T00:45:28.508+0000] {processor.py:829} INFO - Processing file /opt/airflow/dags/tasks/recsys_data_sync.py for tasks to queue
[2025-12-05T00:45:28.509+0000] {logging_mixin.py:154} INFO - [2025-12-05T00:45:28.508+0000] {dagbag.py:536} INFO - Filling up the DagBag from /opt/airflow/dags/tasks/recsys_data_sync.py
[2025-12-05T00:45:28.861+0000] {processor.py:841} WARNING - No viable dags retrieved from /opt/airflow/dags/tasks/recsys_data_sync.py
[2025-12-05T00:45:28.871+0000] {processor.py:179} INFO - Processing /opt/airflow/dags/tasks/recsys_data_sync.py took 0.369 seconds
[2025-12-05T00:45:59.660+0000] {processor.py:157} INFO - Started process (PID=3755) to work on /opt/airflow/dags/tasks/recsys_data_sync.py
[2025-12-05T00:45:59.661+0000] {processor.py:829} INFO - Processing file /opt/airflow/dags/tasks/recsys_data_sync.py for tasks to queue
[2025-12-05T00:45:59.662+0000] {logging_mixin.py:154} INFO - [2025-12-05T00:45:59.661+0000] {dagbag.py:536} INFO - Filling up the DagBag from /opt/airflow/dags/tasks/recsys_data_sync.py
[2025-12-05T00:45:59.974+0000] {processor.py:841} WARNING - No viable dags retrieved from /opt/airflow/dags/tasks/recsys_data_sync.py
[2025-12-05T00:45:59.985+0000] {processor.py:179} INFO - Processing /opt/airflow/dags/tasks/recsys_data_sync.py took 0.327 seconds
[2025-12-05T00:46:30.340+0000] {processor.py:157} INFO - Started process (PID=3811) to work on /opt/airflow/dags/tasks/recsys_data_sync.py
[2025-12-05T00:46:30.341+0000] {processor.py:829} INFO - Processing file /opt/airflow/dags/tasks/recsys_data_sync.py for tasks to queue
[2025-12-05T00:46:30.342+0000] {logging_mixin.py:154} INFO - [2025-12-05T00:46:30.341+0000] {dagbag.py:536} INFO - Filling up the DagBag from /opt/airflow/dags/tasks/recsys_data_sync.py
[2025-12-05T00:46:30.684+0000] {processor.py:841} WARNING - No viable dags retrieved from /opt/airflow/dags/tasks/recsys_data_sync.py
[2025-12-05T00:46:30.693+0000] {processor.py:179} INFO - Processing /opt/airflow/dags/tasks/recsys_data_sync.py took 0.356 seconds
[2025-12-05T00:47:01.436+0000] {processor.py:157} INFO - Started process (PID=3870) to work on /opt/airflow/dags/tasks/recsys_data_sync.py
[2025-12-05T00:47:01.438+0000] {processor.py:829} INFO - Processing file /opt/airflow/dags/tasks/recsys_data_sync.py for tasks to queue
[2025-12-05T00:47:01.438+0000] {logging_mixin.py:154} INFO - [2025-12-05T00:47:01.438+0000] {dagbag.py:536} INFO - Filling up the DagBag from /opt/airflow/dags/tasks/recsys_data_sync.py
[2025-12-05T00:47:01.715+0000] {processor.py:841} WARNING - No viable dags retrieved from /opt/airflow/dags/tasks/recsys_data_sync.py
[2025-12-05T00:47:01.724+0000] {processor.py:179} INFO - Processing /opt/airflow/dags/tasks/recsys_data_sync.py took 0.290 seconds
[2025-12-05T00:47:32.610+0000] {processor.py:157} INFO - Started process (PID=3929) to work on /opt/airflow/dags/tasks/recsys_data_sync.py
[2025-12-05T00:47:32.611+0000] {processor.py:829} INFO - Processing file /opt/airflow/dags/tasks/recsys_data_sync.py for tasks to queue
[2025-12-05T00:47:32.611+0000] {logging_mixin.py:154} INFO - [2025-12-05T00:47:32.611+0000] {dagbag.py:536} INFO - Filling up the DagBag from /opt/airflow/dags/tasks/recsys_data_sync.py
[2025-12-05T00:47:32.875+0000] {processor.py:841} WARNING - No viable dags retrieved from /opt/airflow/dags/tasks/recsys_data_sync.py
[2025-12-05T00:47:32.884+0000] {processor.py:179} INFO - Processing /opt/airflow/dags/tasks/recsys_data_sync.py took 0.277 seconds
[2025-12-05T00:48:03.676+0000] {processor.py:157} INFO - Started process (PID=3988) to work on /opt/airflow/dags/tasks/recsys_data_sync.py
[2025-12-05T00:48:03.676+0000] {processor.py:829} INFO - Processing file /opt/airflow/dags/tasks/recsys_data_sync.py for tasks to queue
[2025-12-05T00:48:03.677+0000] {logging_mixin.py:154} INFO - [2025-12-05T00:48:03.677+0000] {dagbag.py:536} INFO - Filling up the DagBag from /opt/airflow/dags/tasks/recsys_data_sync.py
[2025-12-05T00:48:03.951+0000] {processor.py:841} WARNING - No viable dags retrieved from /opt/airflow/dags/tasks/recsys_data_sync.py
[2025-12-05T00:48:03.959+0000] {processor.py:179} INFO - Processing /opt/airflow/dags/tasks/recsys_data_sync.py took 0.287 seconds
[2025-12-05T00:48:34.814+0000] {processor.py:157} INFO - Started process (PID=4047) to work on /opt/airflow/dags/tasks/recsys_data_sync.py
[2025-12-05T00:48:34.815+0000] {processor.py:829} INFO - Processing file /opt/airflow/dags/tasks/recsys_data_sync.py for tasks to queue
[2025-12-05T00:48:34.815+0000] {logging_mixin.py:154} INFO - [2025-12-05T00:48:34.815+0000] {dagbag.py:536} INFO - Filling up the DagBag from /opt/airflow/dags/tasks/recsys_data_sync.py
[2025-12-05T00:48:35.099+0000] {processor.py:841} WARNING - No viable dags retrieved from /opt/airflow/dags/tasks/recsys_data_sync.py
[2025-12-05T00:48:35.107+0000] {processor.py:179} INFO - Processing /opt/airflow/dags/tasks/recsys_data_sync.py took 0.296 seconds
[2025-12-05T00:49:05.893+0000] {processor.py:157} INFO - Started process (PID=4106) to work on /opt/airflow/dags/tasks/recsys_data_sync.py
[2025-12-05T00:49:05.894+0000] {processor.py:829} INFO - Processing file /opt/airflow/dags/tasks/recsys_data_sync.py for tasks to queue
[2025-12-05T00:49:05.895+0000] {logging_mixin.py:154} INFO - [2025-12-05T00:49:05.895+0000] {dagbag.py:536} INFO - Filling up the DagBag from /opt/airflow/dags/tasks/recsys_data_sync.py
[2025-12-05T00:49:06.186+0000] {processor.py:841} WARNING - No viable dags retrieved from /opt/airflow/dags/tasks/recsys_data_sync.py
[2025-12-05T00:49:06.194+0000] {processor.py:179} INFO - Processing /opt/airflow/dags/tasks/recsys_data_sync.py took 0.303 seconds
[2025-12-05T00:49:36.930+0000] {processor.py:157} INFO - Started process (PID=4165) to work on /opt/airflow/dags/tasks/recsys_data_sync.py
[2025-12-05T00:49:36.931+0000] {processor.py:829} INFO - Processing file /opt/airflow/dags/tasks/recsys_data_sync.py for tasks to queue
[2025-12-05T00:49:36.932+0000] {logging_mixin.py:154} INFO - [2025-12-05T00:49:36.931+0000] {dagbag.py:536} INFO - Filling up the DagBag from /opt/airflow/dags/tasks/recsys_data_sync.py
[2025-12-05T00:49:37.195+0000] {processor.py:841} WARNING - No viable dags retrieved from /opt/airflow/dags/tasks/recsys_data_sync.py
[2025-12-05T00:49:37.204+0000] {processor.py:179} INFO - Processing /opt/airflow/dags/tasks/recsys_data_sync.py took 0.276 seconds
[2025-12-05T00:50:07.706+0000] {processor.py:157} INFO - Started process (PID=4224) to work on /opt/airflow/dags/tasks/recsys_data_sync.py
[2025-12-05T00:50:07.707+0000] {processor.py:829} INFO - Processing file /opt/airflow/dags/tasks/recsys_data_sync.py for tasks to queue
[2025-12-05T00:50:07.707+0000] {logging_mixin.py:154} INFO - [2025-12-05T00:50:07.707+0000] {dagbag.py:536} INFO - Filling up the DagBag from /opt/airflow/dags/tasks/recsys_data_sync.py
[2025-12-05T00:50:07.987+0000] {processor.py:841} WARNING - No viable dags retrieved from /opt/airflow/dags/tasks/recsys_data_sync.py
[2025-12-05T00:50:07.996+0000] {processor.py:179} INFO - Processing /opt/airflow/dags/tasks/recsys_data_sync.py took 0.292 seconds
[2025-12-05T00:50:38.408+0000] {processor.py:157} INFO - Started process (PID=4283) to work on /opt/airflow/dags/tasks/recsys_data_sync.py
[2025-12-05T00:50:38.409+0000] {processor.py:829} INFO - Processing file /opt/airflow/dags/tasks/recsys_data_sync.py for tasks to queue
[2025-12-05T00:50:38.409+0000] {logging_mixin.py:154} INFO - [2025-12-05T00:50:38.409+0000] {dagbag.py:536} INFO - Filling up the DagBag from /opt/airflow/dags/tasks/recsys_data_sync.py
[2025-12-05T00:50:38.788+0000] {processor.py:841} WARNING - No viable dags retrieved from /opt/airflow/dags/tasks/recsys_data_sync.py
[2025-12-05T00:50:38.799+0000] {processor.py:179} INFO - Processing /opt/airflow/dags/tasks/recsys_data_sync.py took 0.394 seconds
[2025-12-05T00:51:09.709+0000] {processor.py:157} INFO - Started process (PID=4353) to work on /opt/airflow/dags/tasks/recsys_data_sync.py
[2025-12-05T00:51:09.710+0000] {processor.py:829} INFO - Processing file /opt/airflow/dags/tasks/recsys_data_sync.py for tasks to queue
[2025-12-05T00:51:09.710+0000] {logging_mixin.py:154} INFO - [2025-12-05T00:51:09.710+0000] {dagbag.py:536} INFO - Filling up the DagBag from /opt/airflow/dags/tasks/recsys_data_sync.py
[2025-12-05T00:51:10.010+0000] {processor.py:841} WARNING - No viable dags retrieved from /opt/airflow/dags/tasks/recsys_data_sync.py
[2025-12-05T00:51:10.019+0000] {processor.py:179} INFO - Processing /opt/airflow/dags/tasks/recsys_data_sync.py took 0.313 seconds
[2025-12-05T00:51:40.746+0000] {processor.py:157} INFO - Started process (PID=4412) to work on /opt/airflow/dags/tasks/recsys_data_sync.py
[2025-12-05T00:51:40.747+0000] {processor.py:829} INFO - Processing file /opt/airflow/dags/tasks/recsys_data_sync.py for tasks to queue
[2025-12-05T00:51:40.748+0000] {logging_mixin.py:154} INFO - [2025-12-05T00:51:40.748+0000] {dagbag.py:536} INFO - Filling up the DagBag from /opt/airflow/dags/tasks/recsys_data_sync.py
[2025-12-05T00:51:41.031+0000] {processor.py:841} WARNING - No viable dags retrieved from /opt/airflow/dags/tasks/recsys_data_sync.py
[2025-12-05T00:51:41.040+0000] {processor.py:179} INFO - Processing /opt/airflow/dags/tasks/recsys_data_sync.py took 0.296 seconds
[2025-12-05T00:52:11.115+0000] {processor.py:157} INFO - Started process (PID=4471) to work on /opt/airflow/dags/tasks/recsys_data_sync.py
[2025-12-05T00:52:11.116+0000] {processor.py:829} INFO - Processing file /opt/airflow/dags/tasks/recsys_data_sync.py for tasks to queue
[2025-12-05T00:52:11.116+0000] {logging_mixin.py:154} INFO - [2025-12-05T00:52:11.116+0000] {dagbag.py:536} INFO - Filling up the DagBag from /opt/airflow/dags/tasks/recsys_data_sync.py
[2025-12-05T00:52:11.394+0000] {processor.py:841} WARNING - No viable dags retrieved from /opt/airflow/dags/tasks/recsys_data_sync.py
[2025-12-05T00:52:11.404+0000] {processor.py:179} INFO - Processing /opt/airflow/dags/tasks/recsys_data_sync.py took 0.291 seconds
[2025-12-05T00:52:42.223+0000] {processor.py:157} INFO - Started process (PID=4530) to work on /opt/airflow/dags/tasks/recsys_data_sync.py
[2025-12-05T00:52:42.224+0000] {processor.py:829} INFO - Processing file /opt/airflow/dags/tasks/recsys_data_sync.py for tasks to queue
[2025-12-05T00:52:42.224+0000] {logging_mixin.py:154} INFO - [2025-12-05T00:52:42.224+0000] {dagbag.py:536} INFO - Filling up the DagBag from /opt/airflow/dags/tasks/recsys_data_sync.py
[2025-12-05T00:52:42.521+0000] {processor.py:841} WARNING - No viable dags retrieved from /opt/airflow/dags/tasks/recsys_data_sync.py
[2025-12-05T00:52:42.530+0000] {processor.py:179} INFO - Processing /opt/airflow/dags/tasks/recsys_data_sync.py took 0.310 seconds
[2025-12-05T00:53:13.466+0000] {processor.py:157} INFO - Started process (PID=4590) to work on /opt/airflow/dags/tasks/recsys_data_sync.py
[2025-12-05T00:53:13.468+0000] {processor.py:829} INFO - Processing file /opt/airflow/dags/tasks/recsys_data_sync.py for tasks to queue
[2025-12-05T00:53:13.468+0000] {logging_mixin.py:154} INFO - [2025-12-05T00:53:13.468+0000] {dagbag.py:536} INFO - Filling up the DagBag from /opt/airflow/dags/tasks/recsys_data_sync.py
[2025-12-05T00:53:13.748+0000] {processor.py:841} WARNING - No viable dags retrieved from /opt/airflow/dags/tasks/recsys_data_sync.py
[2025-12-05T00:53:13.757+0000] {processor.py:179} INFO - Processing /opt/airflow/dags/tasks/recsys_data_sync.py took 0.293 seconds
[2025-12-05T00:53:44.653+0000] {processor.py:157} INFO - Started process (PID=4649) to work on /opt/airflow/dags/tasks/recsys_data_sync.py
[2025-12-05T00:53:44.654+0000] {processor.py:829} INFO - Processing file /opt/airflow/dags/tasks/recsys_data_sync.py for tasks to queue
[2025-12-05T00:53:44.655+0000] {logging_mixin.py:154} INFO - [2025-12-05T00:53:44.654+0000] {dagbag.py:536} INFO - Filling up the DagBag from /opt/airflow/dags/tasks/recsys_data_sync.py
[2025-12-05T00:53:44.931+0000] {processor.py:841} WARNING - No viable dags retrieved from /opt/airflow/dags/tasks/recsys_data_sync.py
[2025-12-05T00:53:44.940+0000] {processor.py:179} INFO - Processing /opt/airflow/dags/tasks/recsys_data_sync.py took 0.290 seconds
[2025-12-05T00:54:15.907+0000] {processor.py:157} INFO - Started process (PID=4708) to work on /opt/airflow/dags/tasks/recsys_data_sync.py
[2025-12-05T00:54:15.908+0000] {processor.py:829} INFO - Processing file /opt/airflow/dags/tasks/recsys_data_sync.py for tasks to queue
[2025-12-05T00:54:15.909+0000] {logging_mixin.py:154} INFO - [2025-12-05T00:54:15.908+0000] {dagbag.py:536} INFO - Filling up the DagBag from /opt/airflow/dags/tasks/recsys_data_sync.py
[2025-12-05T00:54:16.203+0000] {processor.py:841} WARNING - No viable dags retrieved from /opt/airflow/dags/tasks/recsys_data_sync.py
[2025-12-05T00:54:16.213+0000] {processor.py:179} INFO - Processing /opt/airflow/dags/tasks/recsys_data_sync.py took 0.308 seconds
[2025-12-05T00:54:46.705+0000] {processor.py:157} INFO - Started process (PID=4767) to work on /opt/airflow/dags/tasks/recsys_data_sync.py
[2025-12-05T00:54:46.706+0000] {processor.py:829} INFO - Processing file /opt/airflow/dags/tasks/recsys_data_sync.py for tasks to queue
[2025-12-05T00:54:46.707+0000] {logging_mixin.py:154} INFO - [2025-12-05T00:54:46.707+0000] {dagbag.py:536} INFO - Filling up the DagBag from /opt/airflow/dags/tasks/recsys_data_sync.py
[2025-12-05T00:54:47.014+0000] {processor.py:841} WARNING - No viable dags retrieved from /opt/airflow/dags/tasks/recsys_data_sync.py
[2025-12-05T00:54:47.023+0000] {processor.py:179} INFO - Processing /opt/airflow/dags/tasks/recsys_data_sync.py took 0.320 seconds
[2025-12-05T00:55:17.852+0000] {processor.py:157} INFO - Started process (PID=4829) to work on /opt/airflow/dags/tasks/recsys_data_sync.py
[2025-12-05T00:55:17.853+0000] {processor.py:829} INFO - Processing file /opt/airflow/dags/tasks/recsys_data_sync.py for tasks to queue
[2025-12-05T00:55:17.853+0000] {logging_mixin.py:154} INFO - [2025-12-05T00:55:17.853+0000] {dagbag.py:536} INFO - Filling up the DagBag from /opt/airflow/dags/tasks/recsys_data_sync.py
[2025-12-05T00:55:18.139+0000] {processor.py:841} WARNING - No viable dags retrieved from /opt/airflow/dags/tasks/recsys_data_sync.py
[2025-12-05T00:55:18.149+0000] {processor.py:179} INFO - Processing /opt/airflow/dags/tasks/recsys_data_sync.py took 0.299 seconds
[2025-12-05T00:55:48.937+0000] {processor.py:157} INFO - Started process (PID=4890) to work on /opt/airflow/dags/tasks/recsys_data_sync.py
[2025-12-05T00:55:48.938+0000] {processor.py:829} INFO - Processing file /opt/airflow/dags/tasks/recsys_data_sync.py for tasks to queue
[2025-12-05T00:55:48.938+0000] {logging_mixin.py:154} INFO - [2025-12-05T00:55:48.938+0000] {dagbag.py:536} INFO - Filling up the DagBag from /opt/airflow/dags/tasks/recsys_data_sync.py
[2025-12-05T00:55:49.241+0000] {processor.py:841} WARNING - No viable dags retrieved from /opt/airflow/dags/tasks/recsys_data_sync.py
[2025-12-05T00:55:49.250+0000] {processor.py:179} INFO - Processing /opt/airflow/dags/tasks/recsys_data_sync.py took 0.317 seconds
[2025-12-05T00:56:20.065+0000] {processor.py:157} INFO - Started process (PID=4949) to work on /opt/airflow/dags/tasks/recsys_data_sync.py
[2025-12-05T00:56:20.067+0000] {processor.py:829} INFO - Processing file /opt/airflow/dags/tasks/recsys_data_sync.py for tasks to queue
[2025-12-05T00:56:20.067+0000] {logging_mixin.py:154} INFO - [2025-12-05T00:56:20.067+0000] {dagbag.py:536} INFO - Filling up the DagBag from /opt/airflow/dags/tasks/recsys_data_sync.py
[2025-12-05T00:56:20.351+0000] {processor.py:841} WARNING - No viable dags retrieved from /opt/airflow/dags/tasks/recsys_data_sync.py
[2025-12-05T00:56:20.360+0000] {processor.py:179} INFO - Processing /opt/airflow/dags/tasks/recsys_data_sync.py took 0.298 seconds
[2025-12-05T00:57:26.184+0000] {processor.py:157} INFO - Started process (PID=4984) to work on /opt/airflow/dags/tasks/recsys_data_sync.py
[2025-12-05T00:57:26.192+0000] {processor.py:829} INFO - Processing file /opt/airflow/dags/tasks/recsys_data_sync.py for tasks to queue
[2025-12-05T00:57:26.193+0000] {logging_mixin.py:154} INFO - [2025-12-05T00:57:26.193+0000] {dagbag.py:536} INFO - Filling up the DagBag from /opt/airflow/dags/tasks/recsys_data_sync.py
[2025-12-05T00:57:27.209+0000] {processor.py:841} WARNING - No viable dags retrieved from /opt/airflow/dags/tasks/recsys_data_sync.py
[2025-12-05T00:57:27.229+0000] {processor.py:179} INFO - Processing /opt/airflow/dags/tasks/recsys_data_sync.py took 1.049 seconds
[2025-12-05T00:57:57.565+0000] {processor.py:157} INFO - Started process (PID=5032) to work on /opt/airflow/dags/tasks/recsys_data_sync.py
[2025-12-05T00:57:57.566+0000] {processor.py:829} INFO - Processing file /opt/airflow/dags/tasks/recsys_data_sync.py for tasks to queue
[2025-12-05T00:57:57.567+0000] {logging_mixin.py:154} INFO - [2025-12-05T00:57:57.567+0000] {dagbag.py:536} INFO - Filling up the DagBag from /opt/airflow/dags/tasks/recsys_data_sync.py
[2025-12-05T00:57:57.849+0000] {processor.py:841} WARNING - No viable dags retrieved from /opt/airflow/dags/tasks/recsys_data_sync.py
[2025-12-05T00:57:57.858+0000] {processor.py:179} INFO - Processing /opt/airflow/dags/tasks/recsys_data_sync.py took 0.295 seconds
[2025-12-05T00:58:28.512+0000] {processor.py:157} INFO - Started process (PID=5091) to work on /opt/airflow/dags/tasks/recsys_data_sync.py
[2025-12-05T00:58:28.513+0000] {processor.py:829} INFO - Processing file /opt/airflow/dags/tasks/recsys_data_sync.py for tasks to queue
[2025-12-05T00:58:28.514+0000] {logging_mixin.py:154} INFO - [2025-12-05T00:58:28.514+0000] {dagbag.py:536} INFO - Filling up the DagBag from /opt/airflow/dags/tasks/recsys_data_sync.py
[2025-12-05T00:58:28.788+0000] {processor.py:841} WARNING - No viable dags retrieved from /opt/airflow/dags/tasks/recsys_data_sync.py
[2025-12-05T00:58:28.797+0000] {processor.py:179} INFO - Processing /opt/airflow/dags/tasks/recsys_data_sync.py took 0.287 seconds
[2025-12-05T00:58:59.785+0000] {processor.py:157} INFO - Started process (PID=5150) to work on /opt/airflow/dags/tasks/recsys_data_sync.py
[2025-12-05T00:58:59.786+0000] {processor.py:829} INFO - Processing file /opt/airflow/dags/tasks/recsys_data_sync.py for tasks to queue
[2025-12-05T00:58:59.786+0000] {logging_mixin.py:154} INFO - [2025-12-05T00:58:59.786+0000] {dagbag.py:536} INFO - Filling up the DagBag from /opt/airflow/dags/tasks/recsys_data_sync.py
[2025-12-05T00:59:00.069+0000] {processor.py:841} WARNING - No viable dags retrieved from /opt/airflow/dags/tasks/recsys_data_sync.py
[2025-12-05T00:59:00.078+0000] {processor.py:179} INFO - Processing /opt/airflow/dags/tasks/recsys_data_sync.py took 0.296 seconds
[2025-12-05T00:59:30.878+0000] {processor.py:157} INFO - Started process (PID=5209) to work on /opt/airflow/dags/tasks/recsys_data_sync.py
[2025-12-05T00:59:30.879+0000] {processor.py:829} INFO - Processing file /opt/airflow/dags/tasks/recsys_data_sync.py for tasks to queue
[2025-12-05T00:59:30.879+0000] {logging_mixin.py:154} INFO - [2025-12-05T00:59:30.879+0000] {dagbag.py:536} INFO - Filling up the DagBag from /opt/airflow/dags/tasks/recsys_data_sync.py
[2025-12-05T00:59:31.181+0000] {processor.py:841} WARNING - No viable dags retrieved from /opt/airflow/dags/tasks/recsys_data_sync.py
[2025-12-05T00:59:31.191+0000] {processor.py:179} INFO - Processing /opt/airflow/dags/tasks/recsys_data_sync.py took 0.316 seconds
[2025-12-05T01:00:02.025+0000] {processor.py:157} INFO - Started process (PID=5268) to work on /opt/airflow/dags/tasks/recsys_data_sync.py
[2025-12-05T01:00:02.027+0000] {processor.py:829} INFO - Processing file /opt/airflow/dags/tasks/recsys_data_sync.py for tasks to queue
[2025-12-05T01:00:02.027+0000] {logging_mixin.py:154} INFO - [2025-12-05T01:00:02.027+0000] {dagbag.py:536} INFO - Filling up the DagBag from /opt/airflow/dags/tasks/recsys_data_sync.py
[2025-12-05T01:00:02.346+0000] {processor.py:841} WARNING - No viable dags retrieved from /opt/airflow/dags/tasks/recsys_data_sync.py
[2025-12-05T01:00:02.355+0000] {processor.py:179} INFO - Processing /opt/airflow/dags/tasks/recsys_data_sync.py took 0.333 seconds
[2025-12-05T01:00:33.343+0000] {processor.py:157} INFO - Started process (PID=5327) to work on /opt/airflow/dags/tasks/recsys_data_sync.py
[2025-12-05T01:00:33.344+0000] {processor.py:829} INFO - Processing file /opt/airflow/dags/tasks/recsys_data_sync.py for tasks to queue
[2025-12-05T01:00:33.344+0000] {logging_mixin.py:154} INFO - [2025-12-05T01:00:33.344+0000] {dagbag.py:536} INFO - Filling up the DagBag from /opt/airflow/dags/tasks/recsys_data_sync.py
[2025-12-05T01:00:33.672+0000] {processor.py:841} WARNING - No viable dags retrieved from /opt/airflow/dags/tasks/recsys_data_sync.py
[2025-12-05T01:00:33.684+0000] {processor.py:179} INFO - Processing /opt/airflow/dags/tasks/recsys_data_sync.py took 0.344 seconds
[2025-12-05T01:01:04.137+0000] {processor.py:157} INFO - Started process (PID=5386) to work on /opt/airflow/dags/tasks/recsys_data_sync.py
[2025-12-05T01:01:04.138+0000] {processor.py:829} INFO - Processing file /opt/airflow/dags/tasks/recsys_data_sync.py for tasks to queue
[2025-12-05T01:01:04.139+0000] {logging_mixin.py:154} INFO - [2025-12-05T01:01:04.138+0000] {dagbag.py:536} INFO - Filling up the DagBag from /opt/airflow/dags/tasks/recsys_data_sync.py
[2025-12-05T01:01:04.434+0000] {processor.py:841} WARNING - No viable dags retrieved from /opt/airflow/dags/tasks/recsys_data_sync.py
[2025-12-05T01:01:04.444+0000] {processor.py:179} INFO - Processing /opt/airflow/dags/tasks/recsys_data_sync.py took 0.310 seconds
[2025-12-05T01:01:35.448+0000] {processor.py:157} INFO - Started process (PID=5445) to work on /opt/airflow/dags/tasks/recsys_data_sync.py
[2025-12-05T01:01:35.450+0000] {processor.py:829} INFO - Processing file /opt/airflow/dags/tasks/recsys_data_sync.py for tasks to queue
[2025-12-05T01:01:35.450+0000] {logging_mixin.py:154} INFO - [2025-12-05T01:01:35.450+0000] {dagbag.py:536} INFO - Filling up the DagBag from /opt/airflow/dags/tasks/recsys_data_sync.py
[2025-12-05T01:01:35.774+0000] {processor.py:841} WARNING - No viable dags retrieved from /opt/airflow/dags/tasks/recsys_data_sync.py
[2025-12-05T01:01:35.783+0000] {processor.py:179} INFO - Processing /opt/airflow/dags/tasks/recsys_data_sync.py took 0.338 seconds
[2025-12-05T01:02:06.660+0000] {processor.py:157} INFO - Started process (PID=5504) to work on /opt/airflow/dags/tasks/recsys_data_sync.py
[2025-12-05T01:02:06.661+0000] {processor.py:829} INFO - Processing file /opt/airflow/dags/tasks/recsys_data_sync.py for tasks to queue
[2025-12-05T01:02:06.661+0000] {logging_mixin.py:154} INFO - [2025-12-05T01:02:06.661+0000] {dagbag.py:536} INFO - Filling up the DagBag from /opt/airflow/dags/tasks/recsys_data_sync.py
[2025-12-05T01:02:06.938+0000] {processor.py:841} WARNING - No viable dags retrieved from /opt/airflow/dags/tasks/recsys_data_sync.py
[2025-12-05T01:02:06.947+0000] {processor.py:179} INFO - Processing /opt/airflow/dags/tasks/recsys_data_sync.py took 0.289 seconds
[2025-12-05T01:02:37.556+0000] {processor.py:157} INFO - Started process (PID=5563) to work on /opt/airflow/dags/tasks/recsys_data_sync.py
[2025-12-05T01:02:37.557+0000] {processor.py:829} INFO - Processing file /opt/airflow/dags/tasks/recsys_data_sync.py for tasks to queue
[2025-12-05T01:02:37.557+0000] {logging_mixin.py:154} INFO - [2025-12-05T01:02:37.557+0000] {dagbag.py:536} INFO - Filling up the DagBag from /opt/airflow/dags/tasks/recsys_data_sync.py
[2025-12-05T01:02:37.849+0000] {processor.py:841} WARNING - No viable dags retrieved from /opt/airflow/dags/tasks/recsys_data_sync.py
[2025-12-05T01:02:37.858+0000] {processor.py:179} INFO - Processing /opt/airflow/dags/tasks/recsys_data_sync.py took 0.306 seconds
[2025-12-05T01:03:08.733+0000] {processor.py:157} INFO - Started process (PID=5622) to work on /opt/airflow/dags/tasks/recsys_data_sync.py
[2025-12-05T01:03:08.734+0000] {processor.py:829} INFO - Processing file /opt/airflow/dags/tasks/recsys_data_sync.py for tasks to queue
[2025-12-05T01:03:08.734+0000] {logging_mixin.py:154} INFO - [2025-12-05T01:03:08.734+0000] {dagbag.py:536} INFO - Filling up the DagBag from /opt/airflow/dags/tasks/recsys_data_sync.py
[2025-12-05T01:03:09.011+0000] {processor.py:841} WARNING - No viable dags retrieved from /opt/airflow/dags/tasks/recsys_data_sync.py
[2025-12-05T01:03:09.021+0000] {processor.py:179} INFO - Processing /opt/airflow/dags/tasks/recsys_data_sync.py took 0.291 seconds
[2025-12-05T01:03:39.946+0000] {processor.py:157} INFO - Started process (PID=5681) to work on /opt/airflow/dags/tasks/recsys_data_sync.py
[2025-12-05T01:03:39.947+0000] {processor.py:829} INFO - Processing file /opt/airflow/dags/tasks/recsys_data_sync.py for tasks to queue
[2025-12-05T01:03:39.947+0000] {logging_mixin.py:154} INFO - [2025-12-05T01:03:39.947+0000] {dagbag.py:536} INFO - Filling up the DagBag from /opt/airflow/dags/tasks/recsys_data_sync.py
[2025-12-05T01:03:40.246+0000] {processor.py:841} WARNING - No viable dags retrieved from /opt/airflow/dags/tasks/recsys_data_sync.py
[2025-12-05T01:03:40.255+0000] {processor.py:179} INFO - Processing /opt/airflow/dags/tasks/recsys_data_sync.py took 0.312 seconds
[2025-12-05T01:04:11.116+0000] {processor.py:157} INFO - Started process (PID=5740) to work on /opt/airflow/dags/tasks/recsys_data_sync.py
[2025-12-05T01:04:11.117+0000] {processor.py:829} INFO - Processing file /opt/airflow/dags/tasks/recsys_data_sync.py for tasks to queue
[2025-12-05T01:04:11.117+0000] {logging_mixin.py:154} INFO - [2025-12-05T01:04:11.117+0000] {dagbag.py:536} INFO - Filling up the DagBag from /opt/airflow/dags/tasks/recsys_data_sync.py
[2025-12-05T01:04:11.412+0000] {processor.py:841} WARNING - No viable dags retrieved from /opt/airflow/dags/tasks/recsys_data_sync.py
[2025-12-05T01:04:11.423+0000] {processor.py:179} INFO - Processing /opt/airflow/dags/tasks/recsys_data_sync.py took 0.310 seconds
[2025-12-05T01:04:42.371+0000] {processor.py:157} INFO - Started process (PID=5798) to work on /opt/airflow/dags/tasks/recsys_data_sync.py
[2025-12-05T01:04:42.372+0000] {processor.py:829} INFO - Processing file /opt/airflow/dags/tasks/recsys_data_sync.py for tasks to queue
[2025-12-05T01:04:42.372+0000] {logging_mixin.py:154} INFO - [2025-12-05T01:04:42.372+0000] {dagbag.py:536} INFO - Filling up the DagBag from /opt/airflow/dags/tasks/recsys_data_sync.py
[2025-12-05T01:04:42.700+0000] {processor.py:841} WARNING - No viable dags retrieved from /opt/airflow/dags/tasks/recsys_data_sync.py
[2025-12-05T01:04:42.711+0000] {processor.py:179} INFO - Processing /opt/airflow/dags/tasks/recsys_data_sync.py took 0.343 seconds
[2025-12-05T01:05:13.602+0000] {processor.py:157} INFO - Started process (PID=5857) to work on /opt/airflow/dags/tasks/recsys_data_sync.py
[2025-12-05T01:05:13.603+0000] {processor.py:829} INFO - Processing file /opt/airflow/dags/tasks/recsys_data_sync.py for tasks to queue
[2025-12-05T01:05:13.604+0000] {logging_mixin.py:154} INFO - [2025-12-05T01:05:13.603+0000] {dagbag.py:536} INFO - Filling up the DagBag from /opt/airflow/dags/tasks/recsys_data_sync.py
[2025-12-05T01:05:13.897+0000] {processor.py:841} WARNING - No viable dags retrieved from /opt/airflow/dags/tasks/recsys_data_sync.py
[2025-12-05T01:05:13.907+0000] {processor.py:179} INFO - Processing /opt/airflow/dags/tasks/recsys_data_sync.py took 0.307 seconds
[2025-12-05T01:05:44.858+0000] {processor.py:157} INFO - Started process (PID=5917) to work on /opt/airflow/dags/tasks/recsys_data_sync.py
[2025-12-05T01:05:44.859+0000] {processor.py:829} INFO - Processing file /opt/airflow/dags/tasks/recsys_data_sync.py for tasks to queue
[2025-12-05T01:05:44.859+0000] {logging_mixin.py:154} INFO - [2025-12-05T01:05:44.859+0000] {dagbag.py:536} INFO - Filling up the DagBag from /opt/airflow/dags/tasks/recsys_data_sync.py
[2025-12-05T01:05:45.205+0000] {processor.py:841} WARNING - No viable dags retrieved from /opt/airflow/dags/tasks/recsys_data_sync.py
[2025-12-05T01:05:45.216+0000] {processor.py:179} INFO - Processing /opt/airflow/dags/tasks/recsys_data_sync.py took 0.361 seconds
[2025-12-05T01:06:16.119+0000] {processor.py:157} INFO - Started process (PID=5970) to work on /opt/airflow/dags/tasks/recsys_data_sync.py
[2025-12-05T01:06:16.120+0000] {processor.py:829} INFO - Processing file /opt/airflow/dags/tasks/recsys_data_sync.py for tasks to queue
[2025-12-05T01:06:16.121+0000] {logging_mixin.py:154} INFO - [2025-12-05T01:06:16.121+0000] {dagbag.py:536} INFO - Filling up the DagBag from /opt/airflow/dags/tasks/recsys_data_sync.py
[2025-12-05T01:06:16.461+0000] {processor.py:841} WARNING - No viable dags retrieved from /opt/airflow/dags/tasks/recsys_data_sync.py
[2025-12-05T01:06:16.474+0000] {processor.py:179} INFO - Processing /opt/airflow/dags/tasks/recsys_data_sync.py took 0.358 seconds
[2025-12-05T01:06:47.073+0000] {processor.py:157} INFO - Started process (PID=6036) to work on /opt/airflow/dags/tasks/recsys_data_sync.py
[2025-12-05T01:06:47.074+0000] {processor.py:829} INFO - Processing file /opt/airflow/dags/tasks/recsys_data_sync.py for tasks to queue
[2025-12-05T01:06:47.074+0000] {logging_mixin.py:154} INFO - [2025-12-05T01:06:47.074+0000] {dagbag.py:536} INFO - Filling up the DagBag from /opt/airflow/dags/tasks/recsys_data_sync.py
[2025-12-05T01:06:47.474+0000] {processor.py:841} WARNING - No viable dags retrieved from /opt/airflow/dags/tasks/recsys_data_sync.py
[2025-12-05T01:06:47.488+0000] {processor.py:179} INFO - Processing /opt/airflow/dags/tasks/recsys_data_sync.py took 0.417 seconds
[2025-12-05T01:07:18.117+0000] {processor.py:157} INFO - Started process (PID=6088) to work on /opt/airflow/dags/tasks/recsys_data_sync.py
[2025-12-05T01:07:18.118+0000] {processor.py:829} INFO - Processing file /opt/airflow/dags/tasks/recsys_data_sync.py for tasks to queue
[2025-12-05T01:07:18.118+0000] {logging_mixin.py:154} INFO - [2025-12-05T01:07:18.118+0000] {dagbag.py:536} INFO - Filling up the DagBag from /opt/airflow/dags/tasks/recsys_data_sync.py
[2025-12-05T01:07:18.420+0000] {processor.py:841} WARNING - No viable dags retrieved from /opt/airflow/dags/tasks/recsys_data_sync.py
[2025-12-05T01:07:18.429+0000] {processor.py:179} INFO - Processing /opt/airflow/dags/tasks/recsys_data_sync.py took 0.315 seconds
[2025-12-05T01:07:49.326+0000] {processor.py:157} INFO - Started process (PID=6147) to work on /opt/airflow/dags/tasks/recsys_data_sync.py
[2025-12-05T01:07:49.327+0000] {processor.py:829} INFO - Processing file /opt/airflow/dags/tasks/recsys_data_sync.py for tasks to queue
[2025-12-05T01:07:49.328+0000] {logging_mixin.py:154} INFO - [2025-12-05T01:07:49.328+0000] {dagbag.py:536} INFO - Filling up the DagBag from /opt/airflow/dags/tasks/recsys_data_sync.py
[2025-12-05T01:07:49.645+0000] {processor.py:841} WARNING - No viable dags retrieved from /opt/airflow/dags/tasks/recsys_data_sync.py
[2025-12-05T01:07:49.657+0000] {processor.py:179} INFO - Processing /opt/airflow/dags/tasks/recsys_data_sync.py took 0.334 seconds
[2025-12-05T01:08:20.566+0000] {processor.py:157} INFO - Started process (PID=6206) to work on /opt/airflow/dags/tasks/recsys_data_sync.py
[2025-12-05T01:08:20.567+0000] {processor.py:829} INFO - Processing file /opt/airflow/dags/tasks/recsys_data_sync.py for tasks to queue
[2025-12-05T01:08:20.567+0000] {logging_mixin.py:154} INFO - [2025-12-05T01:08:20.567+0000] {dagbag.py:536} INFO - Filling up the DagBag from /opt/airflow/dags/tasks/recsys_data_sync.py
[2025-12-05T01:08:20.925+0000] {processor.py:841} WARNING - No viable dags retrieved from /opt/airflow/dags/tasks/recsys_data_sync.py
[2025-12-05T01:08:20.936+0000] {processor.py:179} INFO - Processing /opt/airflow/dags/tasks/recsys_data_sync.py took 0.373 seconds
[2025-12-05T01:08:51.880+0000] {processor.py:157} INFO - Started process (PID=6265) to work on /opt/airflow/dags/tasks/recsys_data_sync.py
[2025-12-05T01:08:51.881+0000] {processor.py:829} INFO - Processing file /opt/airflow/dags/tasks/recsys_data_sync.py for tasks to queue
[2025-12-05T01:08:51.882+0000] {logging_mixin.py:154} INFO - [2025-12-05T01:08:51.882+0000] {dagbag.py:536} INFO - Filling up the DagBag from /opt/airflow/dags/tasks/recsys_data_sync.py
[2025-12-05T01:08:52.223+0000] {processor.py:841} WARNING - No viable dags retrieved from /opt/airflow/dags/tasks/recsys_data_sync.py
[2025-12-05T01:08:52.233+0000] {processor.py:179} INFO - Processing /opt/airflow/dags/tasks/recsys_data_sync.py took 0.356 seconds
[2025-12-05T01:09:23.196+0000] {processor.py:157} INFO - Started process (PID=6324) to work on /opt/airflow/dags/tasks/recsys_data_sync.py
[2025-12-05T01:09:23.196+0000] {processor.py:829} INFO - Processing file /opt/airflow/dags/tasks/recsys_data_sync.py for tasks to queue
[2025-12-05T01:09:23.197+0000] {logging_mixin.py:154} INFO - [2025-12-05T01:09:23.197+0000] {dagbag.py:536} INFO - Filling up the DagBag from /opt/airflow/dags/tasks/recsys_data_sync.py
[2025-12-05T01:09:23.552+0000] {processor.py:841} WARNING - No viable dags retrieved from /opt/airflow/dags/tasks/recsys_data_sync.py
[2025-12-05T01:09:23.562+0000] {processor.py:179} INFO - Processing /opt/airflow/dags/tasks/recsys_data_sync.py took 0.369 seconds
[2025-12-05T01:09:54.080+0000] {processor.py:157} INFO - Started process (PID=6384) to work on /opt/airflow/dags/tasks/recsys_data_sync.py
[2025-12-05T01:09:54.081+0000] {processor.py:829} INFO - Processing file /opt/airflow/dags/tasks/recsys_data_sync.py for tasks to queue
[2025-12-05T01:09:54.082+0000] {logging_mixin.py:154} INFO - [2025-12-05T01:09:54.082+0000] {dagbag.py:536} INFO - Filling up the DagBag from /opt/airflow/dags/tasks/recsys_data_sync.py
[2025-12-05T01:09:54.390+0000] {processor.py:841} WARNING - No viable dags retrieved from /opt/airflow/dags/tasks/recsys_data_sync.py
[2025-12-05T01:09:54.400+0000] {processor.py:179} INFO - Processing /opt/airflow/dags/tasks/recsys_data_sync.py took 0.323 seconds
[2025-12-05T01:10:24.598+0000] {processor.py:157} INFO - Started process (PID=6443) to work on /opt/airflow/dags/tasks/recsys_data_sync.py
[2025-12-05T01:10:24.599+0000] {processor.py:829} INFO - Processing file /opt/airflow/dags/tasks/recsys_data_sync.py for tasks to queue
[2025-12-05T01:10:24.599+0000] {logging_mixin.py:154} INFO - [2025-12-05T01:10:24.599+0000] {dagbag.py:536} INFO - Filling up the DagBag from /opt/airflow/dags/tasks/recsys_data_sync.py
[2025-12-05T01:10:24.913+0000] {processor.py:841} WARNING - No viable dags retrieved from /opt/airflow/dags/tasks/recsys_data_sync.py
[2025-12-05T01:10:24.922+0000] {processor.py:179} INFO - Processing /opt/airflow/dags/tasks/recsys_data_sync.py took 0.327 seconds
[2025-12-05T01:10:55.201+0000] {processor.py:157} INFO - Started process (PID=6502) to work on /opt/airflow/dags/tasks/recsys_data_sync.py
[2025-12-05T01:10:55.202+0000] {processor.py:829} INFO - Processing file /opt/airflow/dags/tasks/recsys_data_sync.py for tasks to queue
[2025-12-05T01:10:55.203+0000] {logging_mixin.py:154} INFO - [2025-12-05T01:10:55.203+0000] {dagbag.py:536} INFO - Filling up the DagBag from /opt/airflow/dags/tasks/recsys_data_sync.py
[2025-12-05T01:10:55.553+0000] {processor.py:841} WARNING - No viable dags retrieved from /opt/airflow/dags/tasks/recsys_data_sync.py
[2025-12-05T01:10:55.564+0000] {processor.py:179} INFO - Processing /opt/airflow/dags/tasks/recsys_data_sync.py took 0.365 seconds
[2025-12-05T01:11:25.990+0000] {processor.py:157} INFO - Started process (PID=6561) to work on /opt/airflow/dags/tasks/recsys_data_sync.py
[2025-12-05T01:11:25.991+0000] {processor.py:829} INFO - Processing file /opt/airflow/dags/tasks/recsys_data_sync.py for tasks to queue
[2025-12-05T01:11:25.992+0000] {logging_mixin.py:154} INFO - [2025-12-05T01:11:25.992+0000] {dagbag.py:536} INFO - Filling up the DagBag from /opt/airflow/dags/tasks/recsys_data_sync.py
[2025-12-05T01:11:26.349+0000] {processor.py:841} WARNING - No viable dags retrieved from /opt/airflow/dags/tasks/recsys_data_sync.py
[2025-12-05T01:11:26.359+0000] {processor.py:179} INFO - Processing /opt/airflow/dags/tasks/recsys_data_sync.py took 0.373 seconds
[2025-12-05T01:11:56.545+0000] {processor.py:157} INFO - Started process (PID=6620) to work on /opt/airflow/dags/tasks/recsys_data_sync.py
[2025-12-05T01:11:56.546+0000] {processor.py:829} INFO - Processing file /opt/airflow/dags/tasks/recsys_data_sync.py for tasks to queue
[2025-12-05T01:11:56.547+0000] {logging_mixin.py:154} INFO - [2025-12-05T01:11:56.547+0000] {dagbag.py:536} INFO - Filling up the DagBag from /opt/airflow/dags/tasks/recsys_data_sync.py
[2025-12-05T01:11:56.843+0000] {processor.py:841} WARNING - No viable dags retrieved from /opt/airflow/dags/tasks/recsys_data_sync.py
[2025-12-05T01:11:56.853+0000] {processor.py:179} INFO - Processing /opt/airflow/dags/tasks/recsys_data_sync.py took 0.311 seconds
[2025-12-05T01:12:27.156+0000] {processor.py:157} INFO - Started process (PID=6679) to work on /opt/airflow/dags/tasks/recsys_data_sync.py
[2025-12-05T01:12:27.157+0000] {processor.py:829} INFO - Processing file /opt/airflow/dags/tasks/recsys_data_sync.py for tasks to queue
[2025-12-05T01:12:27.157+0000] {logging_mixin.py:154} INFO - [2025-12-05T01:12:27.157+0000] {dagbag.py:536} INFO - Filling up the DagBag from /opt/airflow/dags/tasks/recsys_data_sync.py
[2025-12-05T01:12:27.515+0000] {processor.py:841} WARNING - No viable dags retrieved from /opt/airflow/dags/tasks/recsys_data_sync.py
[2025-12-05T01:12:27.530+0000] {processor.py:179} INFO - Processing /opt/airflow/dags/tasks/recsys_data_sync.py took 0.378 seconds
[2025-12-05T01:12:57.928+0000] {processor.py:157} INFO - Started process (PID=6731) to work on /opt/airflow/dags/tasks/recsys_data_sync.py
[2025-12-05T01:12:57.928+0000] {processor.py:829} INFO - Processing file /opt/airflow/dags/tasks/recsys_data_sync.py for tasks to queue
[2025-12-05T01:12:57.929+0000] {logging_mixin.py:154} INFO - [2025-12-05T01:12:57.929+0000] {dagbag.py:536} INFO - Filling up the DagBag from /opt/airflow/dags/tasks/recsys_data_sync.py
[2025-12-05T01:12:58.246+0000] {processor.py:841} WARNING - No viable dags retrieved from /opt/airflow/dags/tasks/recsys_data_sync.py
[2025-12-05T01:12:58.256+0000] {processor.py:179} INFO - Processing /opt/airflow/dags/tasks/recsys_data_sync.py took 0.332 seconds
[2025-12-05T01:13:28.415+0000] {processor.py:157} INFO - Started process (PID=6790) to work on /opt/airflow/dags/tasks/recsys_data_sync.py
[2025-12-05T01:13:28.416+0000] {processor.py:829} INFO - Processing file /opt/airflow/dags/tasks/recsys_data_sync.py for tasks to queue
[2025-12-05T01:13:28.417+0000] {logging_mixin.py:154} INFO - [2025-12-05T01:13:28.417+0000] {dagbag.py:536} INFO - Filling up the DagBag from /opt/airflow/dags/tasks/recsys_data_sync.py
[2025-12-05T01:13:28.753+0000] {processor.py:841} WARNING - No viable dags retrieved from /opt/airflow/dags/tasks/recsys_data_sync.py
[2025-12-05T01:13:28.764+0000] {processor.py:179} INFO - Processing /opt/airflow/dags/tasks/recsys_data_sync.py took 0.352 seconds
[2025-12-05T01:13:58.965+0000] {processor.py:157} INFO - Started process (PID=6850) to work on /opt/airflow/dags/tasks/recsys_data_sync.py
[2025-12-05T01:13:58.966+0000] {processor.py:829} INFO - Processing file /opt/airflow/dags/tasks/recsys_data_sync.py for tasks to queue
[2025-12-05T01:13:58.966+0000] {logging_mixin.py:154} INFO - [2025-12-05T01:13:58.966+0000] {dagbag.py:536} INFO - Filling up the DagBag from /opt/airflow/dags/tasks/recsys_data_sync.py
[2025-12-05T01:13:59.308+0000] {processor.py:841} WARNING - No viable dags retrieved from /opt/airflow/dags/tasks/recsys_data_sync.py
[2025-12-05T01:13:59.318+0000] {processor.py:179} INFO - Processing /opt/airflow/dags/tasks/recsys_data_sync.py took 0.357 seconds
[2025-12-05T01:14:29.424+0000] {processor.py:157} INFO - Started process (PID=6909) to work on /opt/airflow/dags/tasks/recsys_data_sync.py
[2025-12-05T01:14:29.425+0000] {processor.py:829} INFO - Processing file /opt/airflow/dags/tasks/recsys_data_sync.py for tasks to queue
[2025-12-05T01:14:29.425+0000] {logging_mixin.py:154} INFO - [2025-12-05T01:14:29.425+0000] {dagbag.py:536} INFO - Filling up the DagBag from /opt/airflow/dags/tasks/recsys_data_sync.py
[2025-12-05T01:14:29.720+0000] {processor.py:841} WARNING - No viable dags retrieved from /opt/airflow/dags/tasks/recsys_data_sync.py
[2025-12-05T01:14:29.729+0000] {processor.py:179} INFO - Processing /opt/airflow/dags/tasks/recsys_data_sync.py took 0.309 seconds
[2025-12-05T01:15:00.003+0000] {processor.py:157} INFO - Started process (PID=6969) to work on /opt/airflow/dags/tasks/recsys_data_sync.py
[2025-12-05T01:15:00.004+0000] {processor.py:829} INFO - Processing file /opt/airflow/dags/tasks/recsys_data_sync.py for tasks to queue
[2025-12-05T01:15:00.004+0000] {logging_mixin.py:154} INFO - [2025-12-05T01:15:00.004+0000] {dagbag.py:536} INFO - Filling up the DagBag from /opt/airflow/dags/tasks/recsys_data_sync.py
[2025-12-05T01:15:00.325+0000] {processor.py:841} WARNING - No viable dags retrieved from /opt/airflow/dags/tasks/recsys_data_sync.py
[2025-12-05T01:15:00.335+0000] {processor.py:179} INFO - Processing /opt/airflow/dags/tasks/recsys_data_sync.py took 0.335 seconds
[2025-12-05T01:15:30.889+0000] {processor.py:157} INFO - Started process (PID=7015) to work on /opt/airflow/dags/tasks/recsys_data_sync.py
[2025-12-05T01:15:30.890+0000] {processor.py:829} INFO - Processing file /opt/airflow/dags/tasks/recsys_data_sync.py for tasks to queue
[2025-12-05T01:15:30.890+0000] {logging_mixin.py:154} INFO - [2025-12-05T01:15:30.890+0000] {dagbag.py:536} INFO - Filling up the DagBag from /opt/airflow/dags/tasks/recsys_data_sync.py
[2025-12-05T01:15:31.237+0000] {processor.py:841} WARNING - No viable dags retrieved from /opt/airflow/dags/tasks/recsys_data_sync.py
[2025-12-05T01:15:31.249+0000] {processor.py:179} INFO - Processing /opt/airflow/dags/tasks/recsys_data_sync.py took 0.362 seconds
[2025-12-05T01:16:01.870+0000] {processor.py:157} INFO - Started process (PID=7086) to work on /opt/airflow/dags/tasks/recsys_data_sync.py
[2025-12-05T01:16:01.871+0000] {processor.py:829} INFO - Processing file /opt/airflow/dags/tasks/recsys_data_sync.py for tasks to queue
[2025-12-05T01:16:01.872+0000] {logging_mixin.py:154} INFO - [2025-12-05T01:16:01.871+0000] {dagbag.py:536} INFO - Filling up the DagBag from /opt/airflow/dags/tasks/recsys_data_sync.py
[2025-12-05T01:16:02.197+0000] {processor.py:841} WARNING - No viable dags retrieved from /opt/airflow/dags/tasks/recsys_data_sync.py
[2025-12-05T01:16:02.207+0000] {processor.py:179} INFO - Processing /opt/airflow/dags/tasks/recsys_data_sync.py took 0.340 seconds
[2025-12-05T01:16:33.160+0000] {processor.py:157} INFO - Started process (PID=7134) to work on /opt/airflow/dags/tasks/recsys_data_sync.py
[2025-12-05T01:16:33.161+0000] {processor.py:829} INFO - Processing file /opt/airflow/dags/tasks/recsys_data_sync.py for tasks to queue
[2025-12-05T01:16:33.162+0000] {logging_mixin.py:154} INFO - [2025-12-05T01:16:33.161+0000] {dagbag.py:536} INFO - Filling up the DagBag from /opt/airflow/dags/tasks/recsys_data_sync.py
[2025-12-05T01:16:33.483+0000] {processor.py:841} WARNING - No viable dags retrieved from /opt/airflow/dags/tasks/recsys_data_sync.py
[2025-12-05T01:16:33.494+0000] {processor.py:179} INFO - Processing /opt/airflow/dags/tasks/recsys_data_sync.py took 0.337 seconds
[2025-12-05T01:17:04.447+0000] {processor.py:157} INFO - Started process (PID=7191) to work on /opt/airflow/dags/tasks/recsys_data_sync.py
[2025-12-05T01:17:04.448+0000] {processor.py:829} INFO - Processing file /opt/airflow/dags/tasks/recsys_data_sync.py for tasks to queue
[2025-12-05T01:17:04.449+0000] {logging_mixin.py:154} INFO - [2025-12-05T01:17:04.449+0000] {dagbag.py:536} INFO - Filling up the DagBag from /opt/airflow/dags/tasks/recsys_data_sync.py
[2025-12-05T01:17:04.783+0000] {processor.py:841} WARNING - No viable dags retrieved from /opt/airflow/dags/tasks/recsys_data_sync.py
[2025-12-05T01:17:04.791+0000] {processor.py:179} INFO - Processing /opt/airflow/dags/tasks/recsys_data_sync.py took 0.347 seconds
[2025-12-05T01:17:35.325+0000] {processor.py:157} INFO - Started process (PID=7243) to work on /opt/airflow/dags/tasks/recsys_data_sync.py
[2025-12-05T01:17:35.326+0000] {processor.py:829} INFO - Processing file /opt/airflow/dags/tasks/recsys_data_sync.py for tasks to queue
[2025-12-05T01:17:35.326+0000] {logging_mixin.py:154} INFO - [2025-12-05T01:17:35.326+0000] {dagbag.py:536} INFO - Filling up the DagBag from /opt/airflow/dags/tasks/recsys_data_sync.py
[2025-12-05T01:17:35.677+0000] {processor.py:841} WARNING - No viable dags retrieved from /opt/airflow/dags/tasks/recsys_data_sync.py
[2025-12-05T01:17:35.687+0000] {processor.py:179} INFO - Processing /opt/airflow/dags/tasks/recsys_data_sync.py took 0.366 seconds
[2025-12-05T01:18:06.724+0000] {processor.py:157} INFO - Started process (PID=7302) to work on /opt/airflow/dags/tasks/recsys_data_sync.py
[2025-12-05T01:18:06.725+0000] {processor.py:829} INFO - Processing file /opt/airflow/dags/tasks/recsys_data_sync.py for tasks to queue
[2025-12-05T01:18:06.726+0000] {logging_mixin.py:154} INFO - [2025-12-05T01:18:06.726+0000] {dagbag.py:536} INFO - Filling up the DagBag from /opt/airflow/dags/tasks/recsys_data_sync.py
[2025-12-05T01:18:07.204+0000] {processor.py:841} WARNING - No viable dags retrieved from /opt/airflow/dags/tasks/recsys_data_sync.py
[2025-12-05T01:18:07.218+0000] {processor.py:179} INFO - Processing /opt/airflow/dags/tasks/recsys_data_sync.py took 0.497 seconds
[2025-12-05T01:18:38.158+0000] {processor.py:157} INFO - Started process (PID=7361) to work on /opt/airflow/dags/tasks/recsys_data_sync.py
[2025-12-05T01:18:38.159+0000] {processor.py:829} INFO - Processing file /opt/airflow/dags/tasks/recsys_data_sync.py for tasks to queue
[2025-12-05T01:18:38.159+0000] {logging_mixin.py:154} INFO - [2025-12-05T01:18:38.159+0000] {dagbag.py:536} INFO - Filling up the DagBag from /opt/airflow/dags/tasks/recsys_data_sync.py
[2025-12-05T01:18:38.489+0000] {processor.py:841} WARNING - No viable dags retrieved from /opt/airflow/dags/tasks/recsys_data_sync.py
[2025-12-05T01:18:38.501+0000] {processor.py:179} INFO - Processing /opt/airflow/dags/tasks/recsys_data_sync.py took 0.345 seconds
[2025-12-05T01:19:08.566+0000] {processor.py:157} INFO - Started process (PID=7420) to work on /opt/airflow/dags/tasks/recsys_data_sync.py
[2025-12-05T01:19:08.567+0000] {processor.py:829} INFO - Processing file /opt/airflow/dags/tasks/recsys_data_sync.py for tasks to queue
[2025-12-05T01:19:08.568+0000] {logging_mixin.py:154} INFO - [2025-12-05T01:19:08.568+0000] {dagbag.py:536} INFO - Filling up the DagBag from /opt/airflow/dags/tasks/recsys_data_sync.py
[2025-12-05T01:19:08.911+0000] {processor.py:841} WARNING - No viable dags retrieved from /opt/airflow/dags/tasks/recsys_data_sync.py
[2025-12-05T01:19:08.921+0000] {processor.py:179} INFO - Processing /opt/airflow/dags/tasks/recsys_data_sync.py took 0.359 seconds
[2025-12-05T01:19:39.136+0000] {processor.py:157} INFO - Started process (PID=7479) to work on /opt/airflow/dags/tasks/recsys_data_sync.py
[2025-12-05T01:19:39.137+0000] {processor.py:829} INFO - Processing file /opt/airflow/dags/tasks/recsys_data_sync.py for tasks to queue
[2025-12-05T01:19:39.137+0000] {logging_mixin.py:154} INFO - [2025-12-05T01:19:39.137+0000] {dagbag.py:536} INFO - Filling up the DagBag from /opt/airflow/dags/tasks/recsys_data_sync.py
[2025-12-05T01:19:39.537+0000] {processor.py:841} WARNING - No viable dags retrieved from /opt/airflow/dags/tasks/recsys_data_sync.py
[2025-12-05T01:19:39.549+0000] {processor.py:179} INFO - Processing /opt/airflow/dags/tasks/recsys_data_sync.py took 0.417 seconds
[2025-12-05T01:20:09.774+0000] {processor.py:157} INFO - Started process (PID=7538) to work on /opt/airflow/dags/tasks/recsys_data_sync.py
[2025-12-05T01:20:09.775+0000] {processor.py:829} INFO - Processing file /opt/airflow/dags/tasks/recsys_data_sync.py for tasks to queue
[2025-12-05T01:20:09.776+0000] {logging_mixin.py:154} INFO - [2025-12-05T01:20:09.776+0000] {dagbag.py:536} INFO - Filling up the DagBag from /opt/airflow/dags/tasks/recsys_data_sync.py
[2025-12-05T01:20:10.090+0000] {processor.py:841} WARNING - No viable dags retrieved from /opt/airflow/dags/tasks/recsys_data_sync.py
[2025-12-05T01:20:10.099+0000] {processor.py:179} INFO - Processing /opt/airflow/dags/tasks/recsys_data_sync.py took 0.328 seconds
[2025-12-05T01:20:40.674+0000] {processor.py:157} INFO - Started process (PID=7597) to work on /opt/airflow/dags/tasks/recsys_data_sync.py
[2025-12-05T01:20:40.674+0000] {processor.py:829} INFO - Processing file /opt/airflow/dags/tasks/recsys_data_sync.py for tasks to queue
[2025-12-05T01:20:40.675+0000] {logging_mixin.py:154} INFO - [2025-12-05T01:20:40.675+0000] {dagbag.py:536} INFO - Filling up the DagBag from /opt/airflow/dags/tasks/recsys_data_sync.py
[2025-12-05T01:20:40.991+0000] {processor.py:841} WARNING - No viable dags retrieved from /opt/airflow/dags/tasks/recsys_data_sync.py
[2025-12-05T01:20:41.000+0000] {processor.py:179} INFO - Processing /opt/airflow/dags/tasks/recsys_data_sync.py took 0.329 seconds
[2025-12-05T01:21:11.497+0000] {processor.py:157} INFO - Started process (PID=7656) to work on /opt/airflow/dags/tasks/recsys_data_sync.py
[2025-12-05T01:21:11.507+0000] {processor.py:829} INFO - Processing file /opt/airflow/dags/tasks/recsys_data_sync.py for tasks to queue
[2025-12-05T01:21:11.508+0000] {logging_mixin.py:154} INFO - [2025-12-05T01:21:11.507+0000] {dagbag.py:536} INFO - Filling up the DagBag from /opt/airflow/dags/tasks/recsys_data_sync.py
[2025-12-05T01:21:11.868+0000] {processor.py:841} WARNING - No viable dags retrieved from /opt/airflow/dags/tasks/recsys_data_sync.py
[2025-12-05T01:21:11.878+0000] {processor.py:179} INFO - Processing /opt/airflow/dags/tasks/recsys_data_sync.py took 0.385 seconds
[2025-12-05T01:21:42.011+0000] {processor.py:157} INFO - Started process (PID=7715) to work on /opt/airflow/dags/tasks/recsys_data_sync.py
[2025-12-05T01:21:42.012+0000] {processor.py:829} INFO - Processing file /opt/airflow/dags/tasks/recsys_data_sync.py for tasks to queue
[2025-12-05T01:21:42.013+0000] {logging_mixin.py:154} INFO - [2025-12-05T01:21:42.012+0000] {dagbag.py:536} INFO - Filling up the DagBag from /opt/airflow/dags/tasks/recsys_data_sync.py
[2025-12-05T01:21:42.329+0000] {processor.py:841} WARNING - No viable dags retrieved from /opt/airflow/dags/tasks/recsys_data_sync.py
[2025-12-05T01:21:42.340+0000] {processor.py:179} INFO - Processing /opt/airflow/dags/tasks/recsys_data_sync.py took 0.332 seconds
[2025-12-05T01:22:12.471+0000] {processor.py:157} INFO - Started process (PID=7767) to work on /opt/airflow/dags/tasks/recsys_data_sync.py
[2025-12-05T01:22:12.472+0000] {processor.py:829} INFO - Processing file /opt/airflow/dags/tasks/recsys_data_sync.py for tasks to queue
[2025-12-05T01:22:12.473+0000] {logging_mixin.py:154} INFO - [2025-12-05T01:22:12.473+0000] {dagbag.py:536} INFO - Filling up the DagBag from /opt/airflow/dags/tasks/recsys_data_sync.py
[2025-12-05T01:22:12.815+0000] {processor.py:841} WARNING - No viable dags retrieved from /opt/airflow/dags/tasks/recsys_data_sync.py
[2025-12-05T01:22:12.825+0000] {processor.py:179} INFO - Processing /opt/airflow/dags/tasks/recsys_data_sync.py took 0.357 seconds
[2025-12-05T01:22:42.918+0000] {processor.py:157} INFO - Started process (PID=7826) to work on /opt/airflow/dags/tasks/recsys_data_sync.py
[2025-12-05T01:22:42.919+0000] {processor.py:829} INFO - Processing file /opt/airflow/dags/tasks/recsys_data_sync.py for tasks to queue
[2025-12-05T01:22:42.920+0000] {logging_mixin.py:154} INFO - [2025-12-05T01:22:42.919+0000] {dagbag.py:536} INFO - Filling up the DagBag from /opt/airflow/dags/tasks/recsys_data_sync.py
[2025-12-05T01:22:43.204+0000] {processor.py:841} WARNING - No viable dags retrieved from /opt/airflow/dags/tasks/recsys_data_sync.py
[2025-12-05T01:22:43.213+0000] {processor.py:179} INFO - Processing /opt/airflow/dags/tasks/recsys_data_sync.py took 0.299 seconds
[2025-12-05T01:23:13.261+0000] {processor.py:157} INFO - Started process (PID=7885) to work on /opt/airflow/dags/tasks/recsys_data_sync.py
[2025-12-05T01:23:13.262+0000] {processor.py:829} INFO - Processing file /opt/airflow/dags/tasks/recsys_data_sync.py for tasks to queue
[2025-12-05T01:23:13.262+0000] {logging_mixin.py:154} INFO - [2025-12-05T01:23:13.262+0000] {dagbag.py:536} INFO - Filling up the DagBag from /opt/airflow/dags/tasks/recsys_data_sync.py
[2025-12-05T01:23:13.577+0000] {processor.py:841} WARNING - No viable dags retrieved from /opt/airflow/dags/tasks/recsys_data_sync.py
[2025-12-05T01:23:13.587+0000] {processor.py:179} INFO - Processing /opt/airflow/dags/tasks/recsys_data_sync.py took 0.329 seconds
[2025-12-05T01:23:43.721+0000] {processor.py:157} INFO - Started process (PID=7944) to work on /opt/airflow/dags/tasks/recsys_data_sync.py
[2025-12-05T01:23:43.722+0000] {processor.py:829} INFO - Processing file /opt/airflow/dags/tasks/recsys_data_sync.py for tasks to queue
[2025-12-05T01:23:43.723+0000] {logging_mixin.py:154} INFO - [2025-12-05T01:23:43.722+0000] {dagbag.py:536} INFO - Filling up the DagBag from /opt/airflow/dags/tasks/recsys_data_sync.py
[2025-12-05T01:23:44.048+0000] {processor.py:841} WARNING - No viable dags retrieved from /opt/airflow/dags/tasks/recsys_data_sync.py
[2025-12-05T01:23:44.060+0000] {processor.py:179} INFO - Processing /opt/airflow/dags/tasks/recsys_data_sync.py took 0.343 seconds
[2025-12-05T01:24:14.135+0000] {processor.py:157} INFO - Started process (PID=8003) to work on /opt/airflow/dags/tasks/recsys_data_sync.py
[2025-12-05T01:24:14.136+0000] {processor.py:829} INFO - Processing file /opt/airflow/dags/tasks/recsys_data_sync.py for tasks to queue
[2025-12-05T01:24:14.136+0000] {logging_mixin.py:154} INFO - [2025-12-05T01:24:14.136+0000] {dagbag.py:536} INFO - Filling up the DagBag from /opt/airflow/dags/tasks/recsys_data_sync.py
[2025-12-05T01:24:14.447+0000] {processor.py:841} WARNING - No viable dags retrieved from /opt/airflow/dags/tasks/recsys_data_sync.py
[2025-12-05T01:24:14.458+0000] {processor.py:179} INFO - Processing /opt/airflow/dags/tasks/recsys_data_sync.py took 0.326 seconds
[2025-12-05T01:24:44.535+0000] {processor.py:157} INFO - Started process (PID=8062) to work on /opt/airflow/dags/tasks/recsys_data_sync.py
[2025-12-05T01:24:44.536+0000] {processor.py:829} INFO - Processing file /opt/airflow/dags/tasks/recsys_data_sync.py for tasks to queue
[2025-12-05T01:24:44.537+0000] {logging_mixin.py:154} INFO - [2025-12-05T01:24:44.537+0000] {dagbag.py:536} INFO - Filling up the DagBag from /opt/airflow/dags/tasks/recsys_data_sync.py
[2025-12-05T01:24:44.823+0000] {processor.py:841} WARNING - No viable dags retrieved from /opt/airflow/dags/tasks/recsys_data_sync.py
[2025-12-05T01:24:44.833+0000] {processor.py:179} INFO - Processing /opt/airflow/dags/tasks/recsys_data_sync.py took 0.301 seconds
[2025-12-05T01:25:15.167+0000] {processor.py:157} INFO - Started process (PID=8121) to work on /opt/airflow/dags/tasks/recsys_data_sync.py
[2025-12-05T01:25:15.169+0000] {processor.py:829} INFO - Processing file /opt/airflow/dags/tasks/recsys_data_sync.py for tasks to queue
[2025-12-05T01:25:15.169+0000] {logging_mixin.py:154} INFO - [2025-12-05T01:25:15.169+0000] {dagbag.py:536} INFO - Filling up the DagBag from /opt/airflow/dags/tasks/recsys_data_sync.py
[2025-12-05T01:25:15.478+0000] {processor.py:841} WARNING - No viable dags retrieved from /opt/airflow/dags/tasks/recsys_data_sync.py
[2025-12-05T01:25:15.488+0000] {processor.py:179} INFO - Processing /opt/airflow/dags/tasks/recsys_data_sync.py took 0.324 seconds
[2025-12-05T01:25:45.966+0000] {processor.py:157} INFO - Started process (PID=8180) to work on /opt/airflow/dags/tasks/recsys_data_sync.py
[2025-12-05T01:25:45.968+0000] {processor.py:829} INFO - Processing file /opt/airflow/dags/tasks/recsys_data_sync.py for tasks to queue
[2025-12-05T01:25:45.968+0000] {logging_mixin.py:154} INFO - [2025-12-05T01:25:45.968+0000] {dagbag.py:536} INFO - Filling up the DagBag from /opt/airflow/dags/tasks/recsys_data_sync.py
[2025-12-05T01:25:46.278+0000] {processor.py:841} WARNING - No viable dags retrieved from /opt/airflow/dags/tasks/recsys_data_sync.py
[2025-12-05T01:25:46.288+0000] {processor.py:179} INFO - Processing /opt/airflow/dags/tasks/recsys_data_sync.py took 0.325 seconds
[2025-12-05T01:26:16.492+0000] {processor.py:157} INFO - Started process (PID=8232) to work on /opt/airflow/dags/tasks/recsys_data_sync.py
[2025-12-05T01:26:16.493+0000] {processor.py:829} INFO - Processing file /opt/airflow/dags/tasks/recsys_data_sync.py for tasks to queue
[2025-12-05T01:26:16.493+0000] {logging_mixin.py:154} INFO - [2025-12-05T01:26:16.493+0000] {dagbag.py:536} INFO - Filling up the DagBag from /opt/airflow/dags/tasks/recsys_data_sync.py
[2025-12-05T01:26:16.861+0000] {processor.py:841} WARNING - No viable dags retrieved from /opt/airflow/dags/tasks/recsys_data_sync.py
[2025-12-05T01:26:16.871+0000] {processor.py:179} INFO - Processing /opt/airflow/dags/tasks/recsys_data_sync.py took 0.382 seconds
[2025-12-05T01:26:47.383+0000] {processor.py:157} INFO - Started process (PID=8291) to work on /opt/airflow/dags/tasks/recsys_data_sync.py
[2025-12-05T01:26:47.384+0000] {processor.py:829} INFO - Processing file /opt/airflow/dags/tasks/recsys_data_sync.py for tasks to queue
[2025-12-05T01:26:47.385+0000] {logging_mixin.py:154} INFO - [2025-12-05T01:26:47.385+0000] {dagbag.py:536} INFO - Filling up the DagBag from /opt/airflow/dags/tasks/recsys_data_sync.py
[2025-12-05T01:26:47.687+0000] {processor.py:841} WARNING - No viable dags retrieved from /opt/airflow/dags/tasks/recsys_data_sync.py
[2025-12-05T01:26:47.697+0000] {processor.py:179} INFO - Processing /opt/airflow/dags/tasks/recsys_data_sync.py took 0.317 seconds
[2025-12-05T01:27:18.331+0000] {processor.py:157} INFO - Started process (PID=8365) to work on /opt/airflow/dags/tasks/recsys_data_sync.py
[2025-12-05T01:27:18.332+0000] {processor.py:829} INFO - Processing file /opt/airflow/dags/tasks/recsys_data_sync.py for tasks to queue
[2025-12-05T01:27:18.333+0000] {logging_mixin.py:154} INFO - [2025-12-05T01:27:18.333+0000] {dagbag.py:536} INFO - Filling up the DagBag from /opt/airflow/dags/tasks/recsys_data_sync.py
[2025-12-05T01:27:18.634+0000] {processor.py:841} WARNING - No viable dags retrieved from /opt/airflow/dags/tasks/recsys_data_sync.py
[2025-12-05T01:27:18.643+0000] {processor.py:179} INFO - Processing /opt/airflow/dags/tasks/recsys_data_sync.py took 0.315 seconds
[2025-12-05T01:27:49.586+0000] {processor.py:157} INFO - Started process (PID=8422) to work on /opt/airflow/dags/tasks/recsys_data_sync.py
[2025-12-05T01:27:49.588+0000] {processor.py:829} INFO - Processing file /opt/airflow/dags/tasks/recsys_data_sync.py for tasks to queue
[2025-12-05T01:27:49.589+0000] {logging_mixin.py:154} INFO - [2025-12-05T01:27:49.589+0000] {dagbag.py:536} INFO - Filling up the DagBag from /opt/airflow/dags/tasks/recsys_data_sync.py
[2025-12-05T01:27:49.934+0000] {processor.py:841} WARNING - No viable dags retrieved from /opt/airflow/dags/tasks/recsys_data_sync.py
[2025-12-05T01:27:49.944+0000] {processor.py:179} INFO - Processing /opt/airflow/dags/tasks/recsys_data_sync.py took 0.362 seconds
[2025-12-05T01:28:20.856+0000] {processor.py:157} INFO - Started process (PID=8469) to work on /opt/airflow/dags/tasks/recsys_data_sync.py
[2025-12-05T01:28:20.857+0000] {processor.py:829} INFO - Processing file /opt/airflow/dags/tasks/recsys_data_sync.py for tasks to queue
[2025-12-05T01:28:20.858+0000] {logging_mixin.py:154} INFO - [2025-12-05T01:28:20.857+0000] {dagbag.py:536} INFO - Filling up the DagBag from /opt/airflow/dags/tasks/recsys_data_sync.py
[2025-12-05T01:28:21.176+0000] {processor.py:841} WARNING - No viable dags retrieved from /opt/airflow/dags/tasks/recsys_data_sync.py
[2025-12-05T01:28:21.187+0000] {processor.py:179} INFO - Processing /opt/airflow/dags/tasks/recsys_data_sync.py took 0.334 seconds
[2025-12-05T01:28:52.107+0000] {processor.py:157} INFO - Started process (PID=8525) to work on /opt/airflow/dags/tasks/recsys_data_sync.py
[2025-12-05T01:28:52.107+0000] {processor.py:829} INFO - Processing file /opt/airflow/dags/tasks/recsys_data_sync.py for tasks to queue
[2025-12-05T01:28:52.108+0000] {logging_mixin.py:154} INFO - [2025-12-05T01:28:52.108+0000] {dagbag.py:536} INFO - Filling up the DagBag from /opt/airflow/dags/tasks/recsys_data_sync.py
[2025-12-05T01:28:52.410+0000] {processor.py:841} WARNING - No viable dags retrieved from /opt/airflow/dags/tasks/recsys_data_sync.py
[2025-12-05T01:28:52.419+0000] {processor.py:179} INFO - Processing /opt/airflow/dags/tasks/recsys_data_sync.py took 0.316 seconds
[2025-12-05T01:29:23.035+0000] {processor.py:157} INFO - Started process (PID=8584) to work on /opt/airflow/dags/tasks/recsys_data_sync.py
[2025-12-05T01:29:23.036+0000] {processor.py:829} INFO - Processing file /opt/airflow/dags/tasks/recsys_data_sync.py for tasks to queue
[2025-12-05T01:29:23.037+0000] {logging_mixin.py:154} INFO - [2025-12-05T01:29:23.037+0000] {dagbag.py:536} INFO - Filling up the DagBag from /opt/airflow/dags/tasks/recsys_data_sync.py
[2025-12-05T01:29:23.320+0000] {processor.py:841} WARNING - No viable dags retrieved from /opt/airflow/dags/tasks/recsys_data_sync.py
[2025-12-05T01:29:23.330+0000] {processor.py:179} INFO - Processing /opt/airflow/dags/tasks/recsys_data_sync.py took 0.298 seconds
[2025-12-05T01:29:54.320+0000] {processor.py:157} INFO - Started process (PID=8643) to work on /opt/airflow/dags/tasks/recsys_data_sync.py
[2025-12-05T01:29:54.321+0000] {processor.py:829} INFO - Processing file /opt/airflow/dags/tasks/recsys_data_sync.py for tasks to queue
[2025-12-05T01:29:54.321+0000] {logging_mixin.py:154} INFO - [2025-12-05T01:29:54.321+0000] {dagbag.py:536} INFO - Filling up the DagBag from /opt/airflow/dags/tasks/recsys_data_sync.py
[2025-12-05T01:29:54.602+0000] {processor.py:841} WARNING - No viable dags retrieved from /opt/airflow/dags/tasks/recsys_data_sync.py
[2025-12-05T01:29:54.611+0000] {processor.py:179} INFO - Processing /opt/airflow/dags/tasks/recsys_data_sync.py took 0.293 seconds
[2025-12-05T01:30:25.144+0000] {processor.py:157} INFO - Started process (PID=8702) to work on /opt/airflow/dags/tasks/recsys_data_sync.py
[2025-12-05T01:30:25.145+0000] {processor.py:829} INFO - Processing file /opt/airflow/dags/tasks/recsys_data_sync.py for tasks to queue
[2025-12-05T01:30:25.147+0000] {logging_mixin.py:154} INFO - [2025-12-05T01:30:25.146+0000] {dagbag.py:536} INFO - Filling up the DagBag from /opt/airflow/dags/tasks/recsys_data_sync.py
[2025-12-05T01:30:25.512+0000] {processor.py:841} WARNING - No viable dags retrieved from /opt/airflow/dags/tasks/recsys_data_sync.py
[2025-12-05T01:30:25.522+0000] {processor.py:179} INFO - Processing /opt/airflow/dags/tasks/recsys_data_sync.py took 0.383 seconds
[2025-12-05T01:30:56.052+0000] {processor.py:157} INFO - Started process (PID=8761) to work on /opt/airflow/dags/tasks/recsys_data_sync.py
[2025-12-05T01:30:56.053+0000] {processor.py:829} INFO - Processing file /opt/airflow/dags/tasks/recsys_data_sync.py for tasks to queue
[2025-12-05T01:30:56.053+0000] {logging_mixin.py:154} INFO - [2025-12-05T01:30:56.053+0000] {dagbag.py:536} INFO - Filling up the DagBag from /opt/airflow/dags/tasks/recsys_data_sync.py
[2025-12-05T01:30:56.389+0000] {processor.py:841} WARNING - No viable dags retrieved from /opt/airflow/dags/tasks/recsys_data_sync.py
[2025-12-05T01:30:56.401+0000] {processor.py:179} INFO - Processing /opt/airflow/dags/tasks/recsys_data_sync.py took 0.353 seconds
[2025-12-05T01:31:27.365+0000] {processor.py:157} INFO - Started process (PID=8820) to work on /opt/airflow/dags/tasks/recsys_data_sync.py
[2025-12-05T01:31:27.366+0000] {processor.py:829} INFO - Processing file /opt/airflow/dags/tasks/recsys_data_sync.py for tasks to queue
[2025-12-05T01:31:27.367+0000] {logging_mixin.py:154} INFO - [2025-12-05T01:31:27.367+0000] {dagbag.py:536} INFO - Filling up the DagBag from /opt/airflow/dags/tasks/recsys_data_sync.py
[2025-12-05T01:31:27.693+0000] {processor.py:841} WARNING - No viable dags retrieved from /opt/airflow/dags/tasks/recsys_data_sync.py
[2025-12-05T01:31:27.703+0000] {processor.py:179} INFO - Processing /opt/airflow/dags/tasks/recsys_data_sync.py took 0.340 seconds
[2025-12-05T01:31:58.654+0000] {processor.py:157} INFO - Started process (PID=8879) to work on /opt/airflow/dags/tasks/recsys_data_sync.py
[2025-12-05T01:31:58.655+0000] {processor.py:829} INFO - Processing file /opt/airflow/dags/tasks/recsys_data_sync.py for tasks to queue
[2025-12-05T01:31:58.656+0000] {logging_mixin.py:154} INFO - [2025-12-05T01:31:58.655+0000] {dagbag.py:536} INFO - Filling up the DagBag from /opt/airflow/dags/tasks/recsys_data_sync.py
[2025-12-05T01:31:58.973+0000] {processor.py:841} WARNING - No viable dags retrieved from /opt/airflow/dags/tasks/recsys_data_sync.py
[2025-12-05T01:31:58.983+0000] {processor.py:179} INFO - Processing /opt/airflow/dags/tasks/recsys_data_sync.py took 0.332 seconds
[2025-12-05T01:32:29.919+0000] {processor.py:157} INFO - Started process (PID=8938) to work on /opt/airflow/dags/tasks/recsys_data_sync.py
[2025-12-05T01:32:29.920+0000] {processor.py:829} INFO - Processing file /opt/airflow/dags/tasks/recsys_data_sync.py for tasks to queue
[2025-12-05T01:32:29.921+0000] {logging_mixin.py:154} INFO - [2025-12-05T01:32:29.920+0000] {dagbag.py:536} INFO - Filling up the DagBag from /opt/airflow/dags/tasks/recsys_data_sync.py
[2025-12-05T01:32:30.219+0000] {processor.py:841} WARNING - No viable dags retrieved from /opt/airflow/dags/tasks/recsys_data_sync.py
[2025-12-05T01:32:30.229+0000] {processor.py:179} INFO - Processing /opt/airflow/dags/tasks/recsys_data_sync.py took 0.313 seconds
[2025-12-05T01:33:01.169+0000] {processor.py:157} INFO - Started process (PID=8997) to work on /opt/airflow/dags/tasks/recsys_data_sync.py
[2025-12-05T01:33:01.170+0000] {processor.py:829} INFO - Processing file /opt/airflow/dags/tasks/recsys_data_sync.py for tasks to queue
[2025-12-05T01:33:01.170+0000] {logging_mixin.py:154} INFO - [2025-12-05T01:33:01.170+0000] {dagbag.py:536} INFO - Filling up the DagBag from /opt/airflow/dags/tasks/recsys_data_sync.py
[2025-12-05T01:33:01.512+0000] {processor.py:841} WARNING - No viable dags retrieved from /opt/airflow/dags/tasks/recsys_data_sync.py
[2025-12-05T01:33:01.521+0000] {processor.py:179} INFO - Processing /opt/airflow/dags/tasks/recsys_data_sync.py took 0.355 seconds
[2025-12-05T01:33:32.416+0000] {processor.py:157} INFO - Started process (PID=9056) to work on /opt/airflow/dags/tasks/recsys_data_sync.py
[2025-12-05T01:33:32.418+0000] {processor.py:829} INFO - Processing file /opt/airflow/dags/tasks/recsys_data_sync.py for tasks to queue
[2025-12-05T01:33:32.418+0000] {logging_mixin.py:154} INFO - [2025-12-05T01:33:32.418+0000] {dagbag.py:536} INFO - Filling up the DagBag from /opt/airflow/dags/tasks/recsys_data_sync.py
[2025-12-05T01:33:30.482+0000] {processor.py:841} WARNING - No viable dags retrieved from /opt/airflow/dags/tasks/recsys_data_sync.py
[2025-12-05T01:33:30.491+0000] {processor.py:179} INFO - Processing /opt/airflow/dags/tasks/recsys_data_sync.py took 0.353 seconds
[2025-12-05T01:34:01.407+0000] {processor.py:157} INFO - Started process (PID=9108) to work on /opt/airflow/dags/tasks/recsys_data_sync.py
[2025-12-05T01:34:01.408+0000] {processor.py:829} INFO - Processing file /opt/airflow/dags/tasks/recsys_data_sync.py for tasks to queue
[2025-12-05T01:34:01.409+0000] {logging_mixin.py:154} INFO - [2025-12-05T01:34:01.408+0000] {dagbag.py:536} INFO - Filling up the DagBag from /opt/airflow/dags/tasks/recsys_data_sync.py
[2025-12-05T01:34:01.710+0000] {processor.py:841} WARNING - No viable dags retrieved from /opt/airflow/dags/tasks/recsys_data_sync.py
[2025-12-05T01:34:01.719+0000] {processor.py:179} INFO - Processing /opt/airflow/dags/tasks/recsys_data_sync.py took 0.315 seconds
[2025-12-05T01:34:32.702+0000] {processor.py:157} INFO - Started process (PID=9167) to work on /opt/airflow/dags/tasks/recsys_data_sync.py
[2025-12-05T01:34:32.703+0000] {processor.py:829} INFO - Processing file /opt/airflow/dags/tasks/recsys_data_sync.py for tasks to queue
[2025-12-05T01:34:32.703+0000] {logging_mixin.py:154} INFO - [2025-12-05T01:34:32.703+0000] {dagbag.py:536} INFO - Filling up the DagBag from /opt/airflow/dags/tasks/recsys_data_sync.py
[2025-12-05T01:34:33.019+0000] {processor.py:841} WARNING - No viable dags retrieved from /opt/airflow/dags/tasks/recsys_data_sync.py
[2025-12-05T01:34:33.029+0000] {processor.py:179} INFO - Processing /opt/airflow/dags/tasks/recsys_data_sync.py took 0.330 seconds
[2025-12-05T01:35:03.936+0000] {processor.py:157} INFO - Started process (PID=9226) to work on /opt/airflow/dags/tasks/recsys_data_sync.py
[2025-12-05T01:35:03.937+0000] {processor.py:829} INFO - Processing file /opt/airflow/dags/tasks/recsys_data_sync.py for tasks to queue
[2025-12-05T01:35:03.937+0000] {logging_mixin.py:154} INFO - [2025-12-05T01:35:03.937+0000] {dagbag.py:536} INFO - Filling up the DagBag from /opt/airflow/dags/tasks/recsys_data_sync.py
[2025-12-05T01:35:04.238+0000] {processor.py:841} WARNING - No viable dags retrieved from /opt/airflow/dags/tasks/recsys_data_sync.py
[2025-12-05T01:35:04.248+0000] {processor.py:179} INFO - Processing /opt/airflow/dags/tasks/recsys_data_sync.py took 0.315 seconds
[2025-12-05T01:35:34.552+0000] {processor.py:157} INFO - Started process (PID=9285) to work on /opt/airflow/dags/tasks/recsys_data_sync.py
[2025-12-05T01:35:34.553+0000] {processor.py:829} INFO - Processing file /opt/airflow/dags/tasks/recsys_data_sync.py for tasks to queue
[2025-12-05T01:35:34.554+0000] {logging_mixin.py:154} INFO - [2025-12-05T01:35:34.554+0000] {dagbag.py:536} INFO - Filling up the DagBag from /opt/airflow/dags/tasks/recsys_data_sync.py
[2025-12-05T01:35:34.975+0000] {processor.py:841} WARNING - No viable dags retrieved from /opt/airflow/dags/tasks/recsys_data_sync.py
[2025-12-05T01:35:34.985+0000] {processor.py:179} INFO - Processing /opt/airflow/dags/tasks/recsys_data_sync.py took 0.437 seconds
[2025-12-05T01:35:53.198+0000] {processor.py:157} INFO - Started process (PID=186) to work on /opt/airflow/dags/tasks/recsys_data_sync.py
[2025-12-05T01:35:53.199+0000] {processor.py:829} INFO - Processing file /opt/airflow/dags/tasks/recsys_data_sync.py for tasks to queue
[2025-12-05T01:35:53.200+0000] {logging_mixin.py:154} INFO - [2025-12-05T01:35:53.200+0000] {dagbag.py:536} INFO - Filling up the DagBag from /opt/airflow/dags/tasks/recsys_data_sync.py
[2025-12-05T01:35:53.450+0000] {processor.py:841} WARNING - No viable dags retrieved from /opt/airflow/dags/tasks/recsys_data_sync.py
[2025-12-05T01:35:53.472+0000] {processor.py:179} INFO - Processing /opt/airflow/dags/tasks/recsys_data_sync.py took 0.277 seconds
[2025-12-05T01:36:24.372+0000] {processor.py:157} INFO - Started process (PID=241) to work on /opt/airflow/dags/tasks/recsys_data_sync.py
[2025-12-05T01:36:24.373+0000] {processor.py:829} INFO - Processing file /opt/airflow/dags/tasks/recsys_data_sync.py for tasks to queue
[2025-12-05T01:36:24.373+0000] {logging_mixin.py:154} INFO - [2025-12-05T01:36:24.373+0000] {dagbag.py:536} INFO - Filling up the DagBag from /opt/airflow/dags/tasks/recsys_data_sync.py
[2025-12-05T01:36:24.568+0000] {processor.py:841} WARNING - No viable dags retrieved from /opt/airflow/dags/tasks/recsys_data_sync.py
[2025-12-05T01:36:24.580+0000] {processor.py:179} INFO - Processing /opt/airflow/dags/tasks/recsys_data_sync.py took 0.211 seconds
[2025-12-05T01:36:55.578+0000] {processor.py:157} INFO - Started process (PID=489) to work on /opt/airflow/dags/tasks/recsys_data_sync.py
[2025-12-05T01:36:55.578+0000] {processor.py:829} INFO - Processing file /opt/airflow/dags/tasks/recsys_data_sync.py for tasks to queue
[2025-12-05T01:36:55.579+0000] {logging_mixin.py:154} INFO - [2025-12-05T01:36:55.579+0000] {dagbag.py:536} INFO - Filling up the DagBag from /opt/airflow/dags/tasks/recsys_data_sync.py
[2025-12-05T01:36:55.841+0000] {processor.py:841} WARNING - No viable dags retrieved from /opt/airflow/dags/tasks/recsys_data_sync.py
[2025-12-05T01:36:55.862+0000] {processor.py:179} INFO - Processing /opt/airflow/dags/tasks/recsys_data_sync.py took 0.288 seconds
[2025-12-05T01:37:26.783+0000] {processor.py:157} INFO - Started process (PID=548) to work on /opt/airflow/dags/tasks/recsys_data_sync.py
[2025-12-05T01:37:26.784+0000] {processor.py:829} INFO - Processing file /opt/airflow/dags/tasks/recsys_data_sync.py for tasks to queue
[2025-12-05T01:37:26.786+0000] {logging_mixin.py:154} INFO - [2025-12-05T01:37:26.785+0000] {dagbag.py:536} INFO - Filling up the DagBag from /opt/airflow/dags/tasks/recsys_data_sync.py
[2025-12-05T01:37:27.090+0000] {processor.py:841} WARNING - No viable dags retrieved from /opt/airflow/dags/tasks/recsys_data_sync.py
[2025-12-05T01:37:27.114+0000] {processor.py:179} INFO - Processing /opt/airflow/dags/tasks/recsys_data_sync.py took 0.338 seconds
[2025-12-05T01:37:58.107+0000] {processor.py:157} INFO - Started process (PID=649) to work on /opt/airflow/dags/tasks/recsys_data_sync.py
[2025-12-05T01:37:58.108+0000] {processor.py:829} INFO - Processing file /opt/airflow/dags/tasks/recsys_data_sync.py for tasks to queue
[2025-12-05T01:37:58.109+0000] {logging_mixin.py:154} INFO - [2025-12-05T01:37:58.109+0000] {dagbag.py:536} INFO - Filling up the DagBag from /opt/airflow/dags/tasks/recsys_data_sync.py
[2025-12-05T01:37:58.306+0000] {processor.py:841} WARNING - No viable dags retrieved from /opt/airflow/dags/tasks/recsys_data_sync.py
[2025-12-05T01:37:58.317+0000] {processor.py:179} INFO - Processing /opt/airflow/dags/tasks/recsys_data_sync.py took 0.213 seconds
[2025-12-05T01:38:29.193+0000] {processor.py:157} INFO - Started process (PID=770) to work on /opt/airflow/dags/tasks/recsys_data_sync.py
[2025-12-05T01:38:29.194+0000] {processor.py:829} INFO - Processing file /opt/airflow/dags/tasks/recsys_data_sync.py for tasks to queue
[2025-12-05T01:38:29.194+0000] {logging_mixin.py:154} INFO - [2025-12-05T01:38:29.194+0000] {dagbag.py:536} INFO - Filling up the DagBag from /opt/airflow/dags/tasks/recsys_data_sync.py
[2025-12-05T01:38:29.446+0000] {processor.py:841} WARNING - No viable dags retrieved from /opt/airflow/dags/tasks/recsys_data_sync.py
[2025-12-05T01:38:29.457+0000] {processor.py:179} INFO - Processing /opt/airflow/dags/tasks/recsys_data_sync.py took 0.268 seconds
[2025-12-05T01:38:59.530+0000] {processor.py:157} INFO - Started process (PID=1011) to work on /opt/airflow/dags/tasks/recsys_data_sync.py
[2025-12-05T01:38:59.538+0000] {processor.py:829} INFO - Processing file /opt/airflow/dags/tasks/recsys_data_sync.py for tasks to queue
[2025-12-05T01:38:59.538+0000] {logging_mixin.py:154} INFO - [2025-12-05T01:38:59.538+0000] {dagbag.py:536} INFO - Filling up the DagBag from /opt/airflow/dags/tasks/recsys_data_sync.py
[2025-12-05T01:38:59.798+0000] {processor.py:841} WARNING - No viable dags retrieved from /opt/airflow/dags/tasks/recsys_data_sync.py
[2025-12-05T01:38:59.822+0000] {processor.py:179} INFO - Processing /opt/airflow/dags/tasks/recsys_data_sync.py took 0.296 seconds
[2025-12-05T01:39:30.608+0000] {processor.py:157} INFO - Started process (PID=1187) to work on /opt/airflow/dags/tasks/recsys_data_sync.py
[2025-12-05T01:39:30.610+0000] {processor.py:829} INFO - Processing file /opt/airflow/dags/tasks/recsys_data_sync.py for tasks to queue
[2025-12-05T01:39:30.611+0000] {logging_mixin.py:154} INFO - [2025-12-05T01:39:30.611+0000] {dagbag.py:536} INFO - Filling up the DagBag from /opt/airflow/dags/tasks/recsys_data_sync.py
[2025-12-05T01:39:30.781+0000] {processor.py:841} WARNING - No viable dags retrieved from /opt/airflow/dags/tasks/recsys_data_sync.py
[2025-12-05T01:39:30.792+0000] {processor.py:179} INFO - Processing /opt/airflow/dags/tasks/recsys_data_sync.py took 0.186 seconds
[2025-12-05T01:40:01.489+0000] {processor.py:157} INFO - Started process (PID=1246) to work on /opt/airflow/dags/tasks/recsys_data_sync.py
[2025-12-05T01:40:01.491+0000] {processor.py:829} INFO - Processing file /opt/airflow/dags/tasks/recsys_data_sync.py for tasks to queue
[2025-12-05T01:40:01.492+0000] {logging_mixin.py:154} INFO - [2025-12-05T01:40:01.492+0000] {dagbag.py:536} INFO - Filling up the DagBag from /opt/airflow/dags/tasks/recsys_data_sync.py
[2025-12-05T01:40:01.685+0000] {processor.py:841} WARNING - No viable dags retrieved from /opt/airflow/dags/tasks/recsys_data_sync.py
[2025-12-05T01:40:01.695+0000] {processor.py:179} INFO - Processing /opt/airflow/dags/tasks/recsys_data_sync.py took 0.209 seconds
[2025-12-05T01:40:32.641+0000] {processor.py:157} INFO - Started process (PID=1305) to work on /opt/airflow/dags/tasks/recsys_data_sync.py
[2025-12-05T01:40:32.642+0000] {processor.py:829} INFO - Processing file /opt/airflow/dags/tasks/recsys_data_sync.py for tasks to queue
[2025-12-05T01:40:32.643+0000] {logging_mixin.py:154} INFO - [2025-12-05T01:40:32.642+0000] {dagbag.py:536} INFO - Filling up the DagBag from /opt/airflow/dags/tasks/recsys_data_sync.py
[2025-12-05T01:40:32.841+0000] {processor.py:841} WARNING - No viable dags retrieved from /opt/airflow/dags/tasks/recsys_data_sync.py
[2025-12-05T01:40:32.852+0000] {processor.py:179} INFO - Processing /opt/airflow/dags/tasks/recsys_data_sync.py took 0.214 seconds
[2025-12-05T01:41:03.768+0000] {processor.py:157} INFO - Started process (PID=1364) to work on /opt/airflow/dags/tasks/recsys_data_sync.py
[2025-12-05T01:41:03.769+0000] {processor.py:829} INFO - Processing file /opt/airflow/dags/tasks/recsys_data_sync.py for tasks to queue
[2025-12-05T01:41:03.770+0000] {logging_mixin.py:154} INFO - [2025-12-05T01:41:03.770+0000] {dagbag.py:536} INFO - Filling up the DagBag from /opt/airflow/dags/tasks/recsys_data_sync.py
[2025-12-05T01:41:03.972+0000] {processor.py:841} WARNING - No viable dags retrieved from /opt/airflow/dags/tasks/recsys_data_sync.py
[2025-12-05T01:41:03.983+0000] {processor.py:179} INFO - Processing /opt/airflow/dags/tasks/recsys_data_sync.py took 0.219 seconds
[2025-12-05T01:41:34.138+0000] {processor.py:157} INFO - Started process (PID=1422) to work on /opt/airflow/dags/tasks/recsys_data_sync.py
[2025-12-05T01:41:34.139+0000] {processor.py:829} INFO - Processing file /opt/airflow/dags/tasks/recsys_data_sync.py for tasks to queue
[2025-12-05T01:41:34.140+0000] {logging_mixin.py:154} INFO - [2025-12-05T01:41:34.140+0000] {dagbag.py:536} INFO - Filling up the DagBag from /opt/airflow/dags/tasks/recsys_data_sync.py
[2025-12-05T01:41:34.363+0000] {processor.py:841} WARNING - No viable dags retrieved from /opt/airflow/dags/tasks/recsys_data_sync.py
[2025-12-05T01:41:34.375+0000] {processor.py:179} INFO - Processing /opt/airflow/dags/tasks/recsys_data_sync.py took 0.240 seconds
[2025-12-05T01:44:36.747+0000] {processor.py:157} INFO - Started process (PID=186) to work on /opt/airflow/dags/tasks/recsys_data_sync.py
[2025-12-05T01:44:36.749+0000] {processor.py:829} INFO - Processing file /opt/airflow/dags/tasks/recsys_data_sync.py for tasks to queue
[2025-12-05T01:44:36.749+0000] {logging_mixin.py:154} INFO - [2025-12-05T01:44:36.749+0000] {dagbag.py:536} INFO - Filling up the DagBag from /opt/airflow/dags/tasks/recsys_data_sync.py
[2025-12-05T01:44:35.796+0000] {processor.py:841} WARNING - No viable dags retrieved from /opt/airflow/dags/tasks/recsys_data_sync.py
[2025-12-05T01:44:35.809+0000] {processor.py:179} INFO - Processing /opt/airflow/dags/tasks/recsys_data_sync.py took 0.469 seconds
[2025-12-05T01:45:06.187+0000] {processor.py:157} INFO - Started process (PID=228) to work on /opt/airflow/dags/tasks/recsys_data_sync.py
[2025-12-05T01:45:06.220+0000] {processor.py:829} INFO - Processing file /opt/airflow/dags/tasks/recsys_data_sync.py for tasks to queue
[2025-12-05T01:45:06.221+0000] {logging_mixin.py:154} INFO - [2025-12-05T01:45:06.221+0000] {dagbag.py:536} INFO - Filling up the DagBag from /opt/airflow/dags/tasks/recsys_data_sync.py
[2025-12-05T01:45:06.568+0000] {processor.py:841} WARNING - No viable dags retrieved from /opt/airflow/dags/tasks/recsys_data_sync.py
[2025-12-05T01:45:06.578+0000] {processor.py:179} INFO - Processing /opt/airflow/dags/tasks/recsys_data_sync.py took 0.394 seconds
[2025-12-05T01:45:37.173+0000] {processor.py:157} INFO - Started process (PID=287) to work on /opt/airflow/dags/tasks/recsys_data_sync.py
[2025-12-05T01:45:37.175+0000] {processor.py:829} INFO - Processing file /opt/airflow/dags/tasks/recsys_data_sync.py for tasks to queue
[2025-12-05T01:45:37.175+0000] {logging_mixin.py:154} INFO - [2025-12-05T01:45:37.175+0000] {dagbag.py:536} INFO - Filling up the DagBag from /opt/airflow/dags/tasks/recsys_data_sync.py
[2025-12-05T01:45:37.487+0000] {processor.py:841} WARNING - No viable dags retrieved from /opt/airflow/dags/tasks/recsys_data_sync.py
[2025-12-05T01:45:37.496+0000] {processor.py:179} INFO - Processing /opt/airflow/dags/tasks/recsys_data_sync.py took 0.326 seconds
[2025-12-05T01:46:07.741+0000] {processor.py:157} INFO - Started process (PID=346) to work on /opt/airflow/dags/tasks/recsys_data_sync.py
[2025-12-05T01:46:07.742+0000] {processor.py:829} INFO - Processing file /opt/airflow/dags/tasks/recsys_data_sync.py for tasks to queue
[2025-12-05T01:46:07.743+0000] {logging_mixin.py:154} INFO - [2025-12-05T01:46:07.742+0000] {dagbag.py:536} INFO - Filling up the DagBag from /opt/airflow/dags/tasks/recsys_data_sync.py
[2025-12-05T01:46:08.045+0000] {processor.py:841} WARNING - No viable dags retrieved from /opt/airflow/dags/tasks/recsys_data_sync.py
[2025-12-05T01:46:08.054+0000] {processor.py:179} INFO - Processing /opt/airflow/dags/tasks/recsys_data_sync.py took 0.317 seconds
[2025-12-05T01:46:38.234+0000] {processor.py:157} INFO - Started process (PID=405) to work on /opt/airflow/dags/tasks/recsys_data_sync.py
[2025-12-05T01:46:38.235+0000] {processor.py:829} INFO - Processing file /opt/airflow/dags/tasks/recsys_data_sync.py for tasks to queue
[2025-12-05T01:46:38.236+0000] {logging_mixin.py:154} INFO - [2025-12-05T01:46:38.236+0000] {dagbag.py:536} INFO - Filling up the DagBag from /opt/airflow/dags/tasks/recsys_data_sync.py
[2025-12-05T01:46:38.565+0000] {processor.py:841} WARNING - No viable dags retrieved from /opt/airflow/dags/tasks/recsys_data_sync.py
[2025-12-05T01:46:38.575+0000] {processor.py:179} INFO - Processing /opt/airflow/dags/tasks/recsys_data_sync.py took 0.344 seconds
[2025-12-05T01:47:08.931+0000] {processor.py:157} INFO - Started process (PID=464) to work on /opt/airflow/dags/tasks/recsys_data_sync.py
[2025-12-05T01:47:08.932+0000] {processor.py:829} INFO - Processing file /opt/airflow/dags/tasks/recsys_data_sync.py for tasks to queue
[2025-12-05T01:47:08.933+0000] {logging_mixin.py:154} INFO - [2025-12-05T01:47:08.933+0000] {dagbag.py:536} INFO - Filling up the DagBag from /opt/airflow/dags/tasks/recsys_data_sync.py
[2025-12-05T01:47:09.296+0000] {processor.py:841} WARNING - No viable dags retrieved from /opt/airflow/dags/tasks/recsys_data_sync.py
[2025-12-05T01:47:09.307+0000] {processor.py:179} INFO - Processing /opt/airflow/dags/tasks/recsys_data_sync.py took 0.381 seconds
[2025-12-05T01:47:39.834+0000] {processor.py:157} INFO - Started process (PID=531) to work on /opt/airflow/dags/tasks/recsys_data_sync.py
[2025-12-05T01:47:39.835+0000] {processor.py:829} INFO - Processing file /opt/airflow/dags/tasks/recsys_data_sync.py for tasks to queue
[2025-12-05T01:47:39.836+0000] {logging_mixin.py:154} INFO - [2025-12-05T01:47:39.835+0000] {dagbag.py:536} INFO - Filling up the DagBag from /opt/airflow/dags/tasks/recsys_data_sync.py
[2025-12-05T01:47:40.160+0000] {processor.py:841} WARNING - No viable dags retrieved from /opt/airflow/dags/tasks/recsys_data_sync.py
[2025-12-05T01:47:40.170+0000] {processor.py:179} INFO - Processing /opt/airflow/dags/tasks/recsys_data_sync.py took 0.339 seconds
[2025-12-05T01:48:11.160+0000] {processor.py:157} INFO - Started process (PID=590) to work on /opt/airflow/dags/tasks/recsys_data_sync.py
[2025-12-05T01:48:11.162+0000] {processor.py:829} INFO - Processing file /opt/airflow/dags/tasks/recsys_data_sync.py for tasks to queue
[2025-12-05T01:48:11.163+0000] {logging_mixin.py:154} INFO - [2025-12-05T01:48:11.162+0000] {dagbag.py:536} INFO - Filling up the DagBag from /opt/airflow/dags/tasks/recsys_data_sync.py
[2025-12-05T01:48:11.522+0000] {processor.py:841} WARNING - No viable dags retrieved from /opt/airflow/dags/tasks/recsys_data_sync.py
[2025-12-05T01:48:11.532+0000] {processor.py:179} INFO - Processing /opt/airflow/dags/tasks/recsys_data_sync.py took 0.375 seconds
[2025-12-05T01:48:42.464+0000] {processor.py:157} INFO - Started process (PID=649) to work on /opt/airflow/dags/tasks/recsys_data_sync.py
[2025-12-05T01:48:42.465+0000] {processor.py:829} INFO - Processing file /opt/airflow/dags/tasks/recsys_data_sync.py for tasks to queue
[2025-12-05T01:48:42.466+0000] {logging_mixin.py:154} INFO - [2025-12-05T01:48:42.465+0000] {dagbag.py:536} INFO - Filling up the DagBag from /opt/airflow/dags/tasks/recsys_data_sync.py
[2025-12-05T01:48:42.780+0000] {processor.py:841} WARNING - No viable dags retrieved from /opt/airflow/dags/tasks/recsys_data_sync.py
[2025-12-05T01:48:42.791+0000] {processor.py:179} INFO - Processing /opt/airflow/dags/tasks/recsys_data_sync.py took 0.330 seconds
[2025-12-05T01:49:12.831+0000] {processor.py:157} INFO - Started process (PID=708) to work on /opt/airflow/dags/tasks/recsys_data_sync.py
[2025-12-05T01:49:12.832+0000] {processor.py:829} INFO - Processing file /opt/airflow/dags/tasks/recsys_data_sync.py for tasks to queue
[2025-12-05T01:49:12.833+0000] {logging_mixin.py:154} INFO - [2025-12-05T01:49:12.833+0000] {dagbag.py:536} INFO - Filling up the DagBag from /opt/airflow/dags/tasks/recsys_data_sync.py
[2025-12-05T01:49:13.161+0000] {processor.py:841} WARNING - No viable dags retrieved from /opt/airflow/dags/tasks/recsys_data_sync.py
[2025-12-05T01:49:13.171+0000] {processor.py:179} INFO - Processing /opt/airflow/dags/tasks/recsys_data_sync.py took 0.343 seconds
[2025-12-05T01:49:43.807+0000] {processor.py:157} INFO - Started process (PID=767) to work on /opt/airflow/dags/tasks/recsys_data_sync.py
[2025-12-05T01:49:43.807+0000] {processor.py:829} INFO - Processing file /opt/airflow/dags/tasks/recsys_data_sync.py for tasks to queue
[2025-12-05T01:49:43.808+0000] {logging_mixin.py:154} INFO - [2025-12-05T01:49:43.808+0000] {dagbag.py:536} INFO - Filling up the DagBag from /opt/airflow/dags/tasks/recsys_data_sync.py
[2025-12-05T01:49:44.127+0000] {processor.py:841} WARNING - No viable dags retrieved from /opt/airflow/dags/tasks/recsys_data_sync.py
[2025-12-05T01:49:44.137+0000] {processor.py:179} INFO - Processing /opt/airflow/dags/tasks/recsys_data_sync.py took 0.333 seconds
[2025-12-05T01:58:48.444+0000] {processor.py:157} INFO - Started process (PID=186) to work on /opt/airflow/dags/tasks/recsys_data_sync.py
[2025-12-05T01:58:48.445+0000] {processor.py:829} INFO - Processing file /opt/airflow/dags/tasks/recsys_data_sync.py for tasks to queue
[2025-12-05T01:58:48.445+0000] {logging_mixin.py:154} INFO - [2025-12-05T01:58:48.445+0000] {dagbag.py:536} INFO - Filling up the DagBag from /opt/airflow/dags/tasks/recsys_data_sync.py
[2025-12-05T01:58:48.855+0000] {processor.py:841} WARNING - No viable dags retrieved from /opt/airflow/dags/tasks/recsys_data_sync.py
[2025-12-05T01:58:48.865+0000] {processor.py:179} INFO - Processing /opt/airflow/dags/tasks/recsys_data_sync.py took 0.424 seconds
[2025-12-05T01:59:19.745+0000] {processor.py:157} INFO - Started process (PID=295) to work on /opt/airflow/dags/tasks/recsys_data_sync.py
[2025-12-05T01:59:19.746+0000] {processor.py:829} INFO - Processing file /opt/airflow/dags/tasks/recsys_data_sync.py for tasks to queue
[2025-12-05T01:59:19.747+0000] {logging_mixin.py:154} INFO - [2025-12-05T01:59:19.747+0000] {dagbag.py:536} INFO - Filling up the DagBag from /opt/airflow/dags/tasks/recsys_data_sync.py
[2025-12-05T01:59:20.111+0000] {processor.py:841} WARNING - No viable dags retrieved from /opt/airflow/dags/tasks/recsys_data_sync.py
[2025-12-05T01:59:20.121+0000] {processor.py:179} INFO - Processing /opt/airflow/dags/tasks/recsys_data_sync.py took 0.379 seconds
[2025-12-05T01:59:50.180+0000] {processor.py:157} INFO - Started process (PID=511) to work on /opt/airflow/dags/tasks/recsys_data_sync.py
[2025-12-05T01:59:50.181+0000] {processor.py:829} INFO - Processing file /opt/airflow/dags/tasks/recsys_data_sync.py for tasks to queue
[2025-12-05T01:59:50.182+0000] {logging_mixin.py:154} INFO - [2025-12-05T01:59:50.182+0000] {dagbag.py:536} INFO - Filling up the DagBag from /opt/airflow/dags/tasks/recsys_data_sync.py
[2025-12-05T01:59:50.663+0000] {processor.py:841} WARNING - No viable dags retrieved from /opt/airflow/dags/tasks/recsys_data_sync.py
[2025-12-05T01:59:50.681+0000] {processor.py:179} INFO - Processing /opt/airflow/dags/tasks/recsys_data_sync.py took 0.505 seconds
[2025-12-05T02:00:21.047+0000] {processor.py:157} INFO - Started process (PID=625) to work on /opt/airflow/dags/tasks/recsys_data_sync.py
[2025-12-05T02:00:21.052+0000] {processor.py:829} INFO - Processing file /opt/airflow/dags/tasks/recsys_data_sync.py for tasks to queue
[2025-12-05T02:00:21.053+0000] {logging_mixin.py:154} INFO - [2025-12-05T02:00:21.052+0000] {dagbag.py:536} INFO - Filling up the DagBag from /opt/airflow/dags/tasks/recsys_data_sync.py
[2025-12-05T02:00:21.422+0000] {processor.py:841} WARNING - No viable dags retrieved from /opt/airflow/dags/tasks/recsys_data_sync.py
[2025-12-05T02:00:21.432+0000] {processor.py:179} INFO - Processing /opt/airflow/dags/tasks/recsys_data_sync.py took 0.388 seconds
[2025-12-05T02:00:51.714+0000] {processor.py:157} INFO - Started process (PID=745) to work on /opt/airflow/dags/tasks/recsys_data_sync.py
[2025-12-05T02:00:51.716+0000] {processor.py:829} INFO - Processing file /opt/airflow/dags/tasks/recsys_data_sync.py for tasks to queue
[2025-12-05T02:00:51.717+0000] {logging_mixin.py:154} INFO - [2025-12-05T02:00:51.716+0000] {dagbag.py:536} INFO - Filling up the DagBag from /opt/airflow/dags/tasks/recsys_data_sync.py
[2025-12-05T02:00:52.072+0000] {processor.py:841} WARNING - No viable dags retrieved from /opt/airflow/dags/tasks/recsys_data_sync.py
[2025-12-05T02:00:52.081+0000] {processor.py:179} INFO - Processing /opt/airflow/dags/tasks/recsys_data_sync.py took 0.371 seconds
[2025-12-05T02:01:22.162+0000] {processor.py:157} INFO - Started process (PID=989) to work on /opt/airflow/dags/tasks/recsys_data_sync.py
[2025-12-05T02:01:22.163+0000] {processor.py:829} INFO - Processing file /opt/airflow/dags/tasks/recsys_data_sync.py for tasks to queue
[2025-12-05T02:01:22.164+0000] {logging_mixin.py:154} INFO - [2025-12-05T02:01:22.163+0000] {dagbag.py:536} INFO - Filling up the DagBag from /opt/airflow/dags/tasks/recsys_data_sync.py
[2025-12-05T02:01:22.636+0000] {processor.py:841} WARNING - No viable dags retrieved from /opt/airflow/dags/tasks/recsys_data_sync.py
[2025-12-05T02:01:22.650+0000] {processor.py:179} INFO - Processing /opt/airflow/dags/tasks/recsys_data_sync.py took 0.494 seconds
[2025-12-05T02:01:53.615+0000] {processor.py:157} INFO - Started process (PID=1158) to work on /opt/airflow/dags/tasks/recsys_data_sync.py
[2025-12-05T02:01:53.617+0000] {processor.py:829} INFO - Processing file /opt/airflow/dags/tasks/recsys_data_sync.py for tasks to queue
[2025-12-05T02:01:53.618+0000] {logging_mixin.py:154} INFO - [2025-12-05T02:01:53.618+0000] {dagbag.py:536} INFO - Filling up the DagBag from /opt/airflow/dags/tasks/recsys_data_sync.py
[2025-12-05T02:01:53.950+0000] {processor.py:841} WARNING - No viable dags retrieved from /opt/airflow/dags/tasks/recsys_data_sync.py
[2025-12-05T02:01:53.959+0000] {processor.py:179} INFO - Processing /opt/airflow/dags/tasks/recsys_data_sync.py took 0.347 seconds
[2025-12-05T02:02:24.921+0000] {processor.py:157} INFO - Started process (PID=1217) to work on /opt/airflow/dags/tasks/recsys_data_sync.py
[2025-12-05T02:02:24.922+0000] {processor.py:829} INFO - Processing file /opt/airflow/dags/tasks/recsys_data_sync.py for tasks to queue
[2025-12-05T02:02:24.922+0000] {logging_mixin.py:154} INFO - [2025-12-05T02:02:24.922+0000] {dagbag.py:536} INFO - Filling up the DagBag from /opt/airflow/dags/tasks/recsys_data_sync.py
[2025-12-05T02:02:25.243+0000] {processor.py:841} WARNING - No viable dags retrieved from /opt/airflow/dags/tasks/recsys_data_sync.py
[2025-12-05T02:02:25.252+0000] {processor.py:179} INFO - Processing /opt/airflow/dags/tasks/recsys_data_sync.py took 0.334 seconds
[2025-12-05T02:02:56.210+0000] {processor.py:157} INFO - Started process (PID=1276) to work on /opt/airflow/dags/tasks/recsys_data_sync.py
[2025-12-05T02:02:56.211+0000] {processor.py:829} INFO - Processing file /opt/airflow/dags/tasks/recsys_data_sync.py for tasks to queue
[2025-12-05T02:02:56.212+0000] {logging_mixin.py:154} INFO - [2025-12-05T02:02:56.212+0000] {dagbag.py:536} INFO - Filling up the DagBag from /opt/airflow/dags/tasks/recsys_data_sync.py
[2025-12-05T02:02:56.559+0000] {processor.py:841} WARNING - No viable dags retrieved from /opt/airflow/dags/tasks/recsys_data_sync.py
[2025-12-05T02:02:56.568+0000] {processor.py:179} INFO - Processing /opt/airflow/dags/tasks/recsys_data_sync.py took 0.362 seconds
[2025-12-05T02:03:27.458+0000] {processor.py:157} INFO - Started process (PID=1335) to work on /opt/airflow/dags/tasks/recsys_data_sync.py
[2025-12-05T02:03:27.459+0000] {processor.py:829} INFO - Processing file /opt/airflow/dags/tasks/recsys_data_sync.py for tasks to queue
[2025-12-05T02:03:27.459+0000] {logging_mixin.py:154} INFO - [2025-12-05T02:03:27.459+0000] {dagbag.py:536} INFO - Filling up the DagBag from /opt/airflow/dags/tasks/recsys_data_sync.py
[2025-12-05T02:03:27.783+0000] {processor.py:841} WARNING - No viable dags retrieved from /opt/airflow/dags/tasks/recsys_data_sync.py
[2025-12-05T02:03:27.792+0000] {processor.py:179} INFO - Processing /opt/airflow/dags/tasks/recsys_data_sync.py took 0.337 seconds
[2025-12-05T02:03:58.735+0000] {processor.py:157} INFO - Started process (PID=1400) to work on /opt/airflow/dags/tasks/recsys_data_sync.py
[2025-12-05T02:03:58.736+0000] {processor.py:829} INFO - Processing file /opt/airflow/dags/tasks/recsys_data_sync.py for tasks to queue
[2025-12-05T02:03:58.737+0000] {logging_mixin.py:154} INFO - [2025-12-05T02:03:58.736+0000] {dagbag.py:536} INFO - Filling up the DagBag from /opt/airflow/dags/tasks/recsys_data_sync.py
[2025-12-05T02:03:59.040+0000] {processor.py:841} WARNING - No viable dags retrieved from /opt/airflow/dags/tasks/recsys_data_sync.py
[2025-12-05T02:03:59.049+0000] {processor.py:179} INFO - Processing /opt/airflow/dags/tasks/recsys_data_sync.py took 0.317 seconds
[2025-12-05T02:04:29.667+0000] {processor.py:157} INFO - Started process (PID=1459) to work on /opt/airflow/dags/tasks/recsys_data_sync.py
[2025-12-05T02:04:29.668+0000] {processor.py:829} INFO - Processing file /opt/airflow/dags/tasks/recsys_data_sync.py for tasks to queue
[2025-12-05T02:04:29.669+0000] {logging_mixin.py:154} INFO - [2025-12-05T02:04:29.669+0000] {dagbag.py:536} INFO - Filling up the DagBag from /opt/airflow/dags/tasks/recsys_data_sync.py
[2025-12-05T02:04:29.978+0000] {processor.py:841} WARNING - No viable dags retrieved from /opt/airflow/dags/tasks/recsys_data_sync.py
[2025-12-05T02:04:29.988+0000] {processor.py:179} INFO - Processing /opt/airflow/dags/tasks/recsys_data_sync.py took 0.324 seconds
[2025-12-05T02:05:00.884+0000] {processor.py:157} INFO - Started process (PID=1518) to work on /opt/airflow/dags/tasks/recsys_data_sync.py
[2025-12-05T02:05:00.885+0000] {processor.py:829} INFO - Processing file /opt/airflow/dags/tasks/recsys_data_sync.py for tasks to queue
[2025-12-05T02:05:00.886+0000] {logging_mixin.py:154} INFO - [2025-12-05T02:05:00.885+0000] {dagbag.py:536} INFO - Filling up the DagBag from /opt/airflow/dags/tasks/recsys_data_sync.py
[2025-12-05T02:05:01.240+0000] {processor.py:841} WARNING - No viable dags retrieved from /opt/airflow/dags/tasks/recsys_data_sync.py
[2025-12-05T02:05:01.250+0000] {processor.py:179} INFO - Processing /opt/airflow/dags/tasks/recsys_data_sync.py took 0.369 seconds
[2025-12-05T02:05:32.223+0000] {processor.py:157} INFO - Started process (PID=1577) to work on /opt/airflow/dags/tasks/recsys_data_sync.py
[2025-12-05T02:05:32.224+0000] {processor.py:829} INFO - Processing file /opt/airflow/dags/tasks/recsys_data_sync.py for tasks to queue
[2025-12-05T02:05:32.225+0000] {logging_mixin.py:154} INFO - [2025-12-05T02:05:32.224+0000] {dagbag.py:536} INFO - Filling up the DagBag from /opt/airflow/dags/tasks/recsys_data_sync.py
[2025-12-05T02:05:32.532+0000] {processor.py:841} WARNING - No viable dags retrieved from /opt/airflow/dags/tasks/recsys_data_sync.py
[2025-12-05T02:05:32.541+0000] {processor.py:179} INFO - Processing /opt/airflow/dags/tasks/recsys_data_sync.py took 0.321 seconds
[2025-12-05T02:06:03.497+0000] {processor.py:157} INFO - Started process (PID=1648) to work on /opt/airflow/dags/tasks/recsys_data_sync.py
[2025-12-05T02:06:03.498+0000] {processor.py:829} INFO - Processing file /opt/airflow/dags/tasks/recsys_data_sync.py for tasks to queue
[2025-12-05T02:06:03.499+0000] {logging_mixin.py:154} INFO - [2025-12-05T02:06:03.499+0000] {dagbag.py:536} INFO - Filling up the DagBag from /opt/airflow/dags/tasks/recsys_data_sync.py
[2025-12-05T02:06:03.844+0000] {processor.py:841} WARNING - No viable dags retrieved from /opt/airflow/dags/tasks/recsys_data_sync.py
[2025-12-05T02:06:03.854+0000] {processor.py:179} INFO - Processing /opt/airflow/dags/tasks/recsys_data_sync.py took 0.360 seconds
[2025-12-05T02:06:34.784+0000] {processor.py:157} INFO - Started process (PID=1719) to work on /opt/airflow/dags/tasks/recsys_data_sync.py
[2025-12-05T02:06:34.785+0000] {processor.py:829} INFO - Processing file /opt/airflow/dags/tasks/recsys_data_sync.py for tasks to queue
[2025-12-05T02:06:34.786+0000] {logging_mixin.py:154} INFO - [2025-12-05T02:06:34.786+0000] {dagbag.py:536} INFO - Filling up the DagBag from /opt/airflow/dags/tasks/recsys_data_sync.py
[2025-12-05T02:06:35.084+0000] {processor.py:841} WARNING - No viable dags retrieved from /opt/airflow/dags/tasks/recsys_data_sync.py
[2025-12-05T02:06:35.093+0000] {processor.py:179} INFO - Processing /opt/airflow/dags/tasks/recsys_data_sync.py took 0.311 seconds
[2025-12-05T02:07:06.034+0000] {processor.py:157} INFO - Started process (PID=1778) to work on /opt/airflow/dags/tasks/recsys_data_sync.py
[2025-12-05T02:07:06.035+0000] {processor.py:829} INFO - Processing file /opt/airflow/dags/tasks/recsys_data_sync.py for tasks to queue
[2025-12-05T02:07:06.036+0000] {logging_mixin.py:154} INFO - [2025-12-05T02:07:06.036+0000] {dagbag.py:536} INFO - Filling up the DagBag from /opt/airflow/dags/tasks/recsys_data_sync.py
[2025-12-05T02:07:06.396+0000] {processor.py:841} WARNING - No viable dags retrieved from /opt/airflow/dags/tasks/recsys_data_sync.py
[2025-12-05T02:07:06.405+0000] {processor.py:179} INFO - Processing /opt/airflow/dags/tasks/recsys_data_sync.py took 0.373 seconds
[2025-12-05T02:07:37.340+0000] {processor.py:157} INFO - Started process (PID=1837) to work on /opt/airflow/dags/tasks/recsys_data_sync.py
[2025-12-05T02:07:37.341+0000] {processor.py:829} INFO - Processing file /opt/airflow/dags/tasks/recsys_data_sync.py for tasks to queue
[2025-12-05T02:07:37.341+0000] {logging_mixin.py:154} INFO - [2025-12-05T02:07:37.341+0000] {dagbag.py:536} INFO - Filling up the DagBag from /opt/airflow/dags/tasks/recsys_data_sync.py
[2025-12-05T02:07:37.689+0000] {processor.py:841} WARNING - No viable dags retrieved from /opt/airflow/dags/tasks/recsys_data_sync.py
[2025-12-05T02:07:37.701+0000] {processor.py:179} INFO - Processing /opt/airflow/dags/tasks/recsys_data_sync.py took 0.365 seconds
[2025-12-05T02:08:08.253+0000] {processor.py:157} INFO - Started process (PID=1896) to work on /opt/airflow/dags/tasks/recsys_data_sync.py
[2025-12-05T02:08:08.254+0000] {processor.py:829} INFO - Processing file /opt/airflow/dags/tasks/recsys_data_sync.py for tasks to queue
[2025-12-05T02:08:08.255+0000] {logging_mixin.py:154} INFO - [2025-12-05T02:08:08.254+0000] {dagbag.py:536} INFO - Filling up the DagBag from /opt/airflow/dags/tasks/recsys_data_sync.py
[2025-12-05T02:08:08.760+0000] {processor.py:841} WARNING - No viable dags retrieved from /opt/airflow/dags/tasks/recsys_data_sync.py
[2025-12-05T02:08:08.771+0000] {processor.py:179} INFO - Processing /opt/airflow/dags/tasks/recsys_data_sync.py took 0.521 seconds
[2025-12-05T02:13:39.693+0000] {processor.py:157} INFO - Started process (PID=186) to work on /opt/airflow/dags/tasks/recsys_data_sync.py
[2025-12-05T02:13:39.694+0000] {processor.py:829} INFO - Processing file /opt/airflow/dags/tasks/recsys_data_sync.py for tasks to queue
[2025-12-05T02:13:39.694+0000] {logging_mixin.py:154} INFO - [2025-12-05T02:13:39.694+0000] {dagbag.py:536} INFO - Filling up the DagBag from /opt/airflow/dags/tasks/recsys_data_sync.py
[2025-12-05T02:13:40.095+0000] {processor.py:841} WARNING - No viable dags retrieved from /opt/airflow/dags/tasks/recsys_data_sync.py
[2025-12-05T02:13:40.106+0000] {processor.py:179} INFO - Processing /opt/airflow/dags/tasks/recsys_data_sync.py took 0.417 seconds
[2025-12-05T02:14:10.508+0000] {processor.py:157} INFO - Started process (PID=386) to work on /opt/airflow/dags/tasks/recsys_data_sync.py
[2025-12-05T02:14:10.524+0000] {processor.py:829} INFO - Processing file /opt/airflow/dags/tasks/recsys_data_sync.py for tasks to queue
[2025-12-05T02:14:10.526+0000] {logging_mixin.py:154} INFO - [2025-12-05T02:14:10.525+0000] {dagbag.py:536} INFO - Filling up the DagBag from /opt/airflow/dags/tasks/recsys_data_sync.py
[2025-12-05T02:14:10.911+0000] {processor.py:841} WARNING - No viable dags retrieved from /opt/airflow/dags/tasks/recsys_data_sync.py
[2025-12-05T02:14:10.922+0000] {processor.py:179} INFO - Processing /opt/airflow/dags/tasks/recsys_data_sync.py took 0.418 seconds
[2025-12-05T02:14:41.009+0000] {processor.py:157} INFO - Started process (PID=686) to work on /opt/airflow/dags/tasks/recsys_data_sync.py
[2025-12-05T02:14:41.017+0000] {processor.py:829} INFO - Processing file /opt/airflow/dags/tasks/recsys_data_sync.py for tasks to queue
[2025-12-05T02:14:41.020+0000] {logging_mixin.py:154} INFO - [2025-12-05T02:14:41.019+0000] {dagbag.py:536} INFO - Filling up the DagBag from /opt/airflow/dags/tasks/recsys_data_sync.py
[2025-12-05T02:14:41.688+0000] {processor.py:841} WARNING - No viable dags retrieved from /opt/airflow/dags/tasks/recsys_data_sync.py
[2025-12-05T02:14:41.701+0000] {processor.py:179} INFO - Processing /opt/airflow/dags/tasks/recsys_data_sync.py took 0.696 seconds
[2025-12-05T02:15:11.837+0000] {processor.py:157} INFO - Started process (PID=745) to work on /opt/airflow/dags/tasks/recsys_data_sync.py
[2025-12-05T02:15:11.840+0000] {processor.py:829} INFO - Processing file /opt/airflow/dags/tasks/recsys_data_sync.py for tasks to queue
[2025-12-05T02:15:11.841+0000] {logging_mixin.py:154} INFO - [2025-12-05T02:15:11.840+0000] {dagbag.py:536} INFO - Filling up the DagBag from /opt/airflow/dags/tasks/recsys_data_sync.py
[2025-12-05T02:15:12.329+0000] {processor.py:841} WARNING - No viable dags retrieved from /opt/airflow/dags/tasks/recsys_data_sync.py
[2025-12-05T02:15:12.341+0000] {processor.py:179} INFO - Processing /opt/airflow/dags/tasks/recsys_data_sync.py took 0.510 seconds
[2025-12-05T02:15:42.940+0000] {processor.py:157} INFO - Started process (PID=796) to work on /opt/airflow/dags/tasks/recsys_data_sync.py
[2025-12-05T02:15:42.942+0000] {processor.py:829} INFO - Processing file /opt/airflow/dags/tasks/recsys_data_sync.py for tasks to queue
[2025-12-05T02:15:42.946+0000] {logging_mixin.py:154} INFO - [2025-12-05T02:15:42.945+0000] {dagbag.py:536} INFO - Filling up the DagBag from /opt/airflow/dags/tasks/recsys_data_sync.py
[2025-12-05T02:15:43.558+0000] {processor.py:841} WARNING - No viable dags retrieved from /opt/airflow/dags/tasks/recsys_data_sync.py
[2025-12-05T02:15:43.571+0000] {processor.py:179} INFO - Processing /opt/airflow/dags/tasks/recsys_data_sync.py took 0.644 seconds
[2025-12-05T02:16:14.200+0000] {processor.py:157} INFO - Started process (PID=862) to work on /opt/airflow/dags/tasks/recsys_data_sync.py
[2025-12-05T02:16:14.210+0000] {processor.py:829} INFO - Processing file /opt/airflow/dags/tasks/recsys_data_sync.py for tasks to queue
[2025-12-05T02:16:14.211+0000] {logging_mixin.py:154} INFO - [2025-12-05T02:16:14.211+0000] {dagbag.py:536} INFO - Filling up the DagBag from /opt/airflow/dags/tasks/recsys_data_sync.py
[2025-12-05T02:16:14.859+0000] {processor.py:841} WARNING - No viable dags retrieved from /opt/airflow/dags/tasks/recsys_data_sync.py
[2025-12-05T02:16:14.873+0000] {processor.py:179} INFO - Processing /opt/airflow/dags/tasks/recsys_data_sync.py took 0.676 seconds
[2025-12-05T02:16:44.984+0000] {processor.py:157} INFO - Started process (PID=921) to work on /opt/airflow/dags/tasks/recsys_data_sync.py
[2025-12-05T02:16:44.989+0000] {processor.py:829} INFO - Processing file /opt/airflow/dags/tasks/recsys_data_sync.py for tasks to queue
[2025-12-05T02:16:44.990+0000] {logging_mixin.py:154} INFO - [2025-12-05T02:16:44.990+0000] {dagbag.py:536} INFO - Filling up the DagBag from /opt/airflow/dags/tasks/recsys_data_sync.py
[2025-12-05T02:16:45.382+0000] {processor.py:841} WARNING - No viable dags retrieved from /opt/airflow/dags/tasks/recsys_data_sync.py
[2025-12-05T02:16:45.407+0000] {processor.py:179} INFO - Processing /opt/airflow/dags/tasks/recsys_data_sync.py took 0.426 seconds
[2025-12-05T02:17:16.084+0000] {processor.py:157} INFO - Started process (PID=986) to work on /opt/airflow/dags/tasks/recsys_data_sync.py
[2025-12-05T02:17:16.087+0000] {processor.py:829} INFO - Processing file /opt/airflow/dags/tasks/recsys_data_sync.py for tasks to queue
[2025-12-05T02:17:16.088+0000] {logging_mixin.py:154} INFO - [2025-12-05T02:17:16.088+0000] {dagbag.py:536} INFO - Filling up the DagBag from /opt/airflow/dags/tasks/recsys_data_sync.py
[2025-12-05T02:17:16.598+0000] {processor.py:841} WARNING - No viable dags retrieved from /opt/airflow/dags/tasks/recsys_data_sync.py
[2025-12-05T02:17:16.608+0000] {processor.py:179} INFO - Processing /opt/airflow/dags/tasks/recsys_data_sync.py took 0.536 seconds
[2025-12-05T02:17:47.344+0000] {processor.py:157} INFO - Started process (PID=1037) to work on /opt/airflow/dags/tasks/recsys_data_sync.py
[2025-12-05T02:17:47.346+0000] {processor.py:829} INFO - Processing file /opt/airflow/dags/tasks/recsys_data_sync.py for tasks to queue
[2025-12-05T02:17:47.347+0000] {logging_mixin.py:154} INFO - [2025-12-05T02:17:47.346+0000] {dagbag.py:536} INFO - Filling up the DagBag from /opt/airflow/dags/tasks/recsys_data_sync.py
[2025-12-05T02:17:47.782+0000] {processor.py:841} WARNING - No viable dags retrieved from /opt/airflow/dags/tasks/recsys_data_sync.py
[2025-12-05T02:17:47.797+0000] {processor.py:179} INFO - Processing /opt/airflow/dags/tasks/recsys_data_sync.py took 0.456 seconds
[2025-12-05T02:18:18.568+0000] {processor.py:157} INFO - Started process (PID=1102) to work on /opt/airflow/dags/tasks/recsys_data_sync.py
[2025-12-05T02:18:18.572+0000] {processor.py:829} INFO - Processing file /opt/airflow/dags/tasks/recsys_data_sync.py for tasks to queue
[2025-12-05T02:18:18.573+0000] {logging_mixin.py:154} INFO - [2025-12-05T02:18:18.572+0000] {dagbag.py:536} INFO - Filling up the DagBag from /opt/airflow/dags/tasks/recsys_data_sync.py
[2025-12-05T02:18:19.032+0000] {processor.py:841} WARNING - No viable dags retrieved from /opt/airflow/dags/tasks/recsys_data_sync.py
[2025-12-05T02:18:19.043+0000] {processor.py:179} INFO - Processing /opt/airflow/dags/tasks/recsys_data_sync.py took 0.482 seconds
[2025-12-05T02:18:49.920+0000] {processor.py:157} INFO - Started process (PID=1161) to work on /opt/airflow/dags/tasks/recsys_data_sync.py
[2025-12-05T02:18:49.938+0000] {processor.py:829} INFO - Processing file /opt/airflow/dags/tasks/recsys_data_sync.py for tasks to queue
[2025-12-05T02:18:49.939+0000] {logging_mixin.py:154} INFO - [2025-12-05T02:18:49.938+0000] {dagbag.py:536} INFO - Filling up the DagBag from /opt/airflow/dags/tasks/recsys_data_sync.py
[2025-12-05T02:18:50.430+0000] {processor.py:841} WARNING - No viable dags retrieved from /opt/airflow/dags/tasks/recsys_data_sync.py
[2025-12-05T02:18:50.461+0000] {processor.py:179} INFO - Processing /opt/airflow/dags/tasks/recsys_data_sync.py took 0.545 seconds
[2025-12-05T02:19:21.008+0000] {processor.py:157} INFO - Started process (PID=1226) to work on /opt/airflow/dags/tasks/recsys_data_sync.py
[2025-12-05T02:19:21.012+0000] {processor.py:829} INFO - Processing file /opt/airflow/dags/tasks/recsys_data_sync.py for tasks to queue
[2025-12-05T02:19:21.013+0000] {logging_mixin.py:154} INFO - [2025-12-05T02:19:21.013+0000] {dagbag.py:536} INFO - Filling up the DagBag from /opt/airflow/dags/tasks/recsys_data_sync.py
[2025-12-05T02:19:21.616+0000] {processor.py:841} WARNING - No viable dags retrieved from /opt/airflow/dags/tasks/recsys_data_sync.py
[2025-12-05T02:19:21.633+0000] {processor.py:179} INFO - Processing /opt/airflow/dags/tasks/recsys_data_sync.py took 0.628 seconds
[2025-12-05T02:19:52.460+0000] {processor.py:157} INFO - Started process (PID=1278) to work on /opt/airflow/dags/tasks/recsys_data_sync.py
[2025-12-05T02:19:52.465+0000] {processor.py:829} INFO - Processing file /opt/airflow/dags/tasks/recsys_data_sync.py for tasks to queue
[2025-12-05T02:19:52.466+0000] {logging_mixin.py:154} INFO - [2025-12-05T02:19:52.466+0000] {dagbag.py:536} INFO - Filling up the DagBag from /opt/airflow/dags/tasks/recsys_data_sync.py
[2025-12-05T02:19:52.972+0000] {processor.py:841} WARNING - No viable dags retrieved from /opt/airflow/dags/tasks/recsys_data_sync.py
[2025-12-05T02:19:52.983+0000] {processor.py:179} INFO - Processing /opt/airflow/dags/tasks/recsys_data_sync.py took 0.526 seconds
[2025-12-05T02:20:23.847+0000] {processor.py:157} INFO - Started process (PID=1337) to work on /opt/airflow/dags/tasks/recsys_data_sync.py
[2025-12-05T02:20:23.860+0000] {processor.py:829} INFO - Processing file /opt/airflow/dags/tasks/recsys_data_sync.py for tasks to queue
[2025-12-05T02:20:23.861+0000] {logging_mixin.py:154} INFO - [2025-12-05T02:20:23.860+0000] {dagbag.py:536} INFO - Filling up the DagBag from /opt/airflow/dags/tasks/recsys_data_sync.py
[2025-12-05T02:20:24.357+0000] {processor.py:841} WARNING - No viable dags retrieved from /opt/airflow/dags/tasks/recsys_data_sync.py
[2025-12-05T02:20:24.371+0000] {processor.py:179} INFO - Processing /opt/airflow/dags/tasks/recsys_data_sync.py took 0.527 seconds
[2025-12-05T02:20:54.445+0000] {processor.py:157} INFO - Started process (PID=1404) to work on /opt/airflow/dags/tasks/recsys_data_sync.py
[2025-12-05T02:20:54.460+0000] {processor.py:829} INFO - Processing file /opt/airflow/dags/tasks/recsys_data_sync.py for tasks to queue
[2025-12-05T02:20:54.461+0000] {logging_mixin.py:154} INFO - [2025-12-05T02:20:54.461+0000] {dagbag.py:536} INFO - Filling up the DagBag from /opt/airflow/dags/tasks/recsys_data_sync.py
[2025-12-05T02:20:55.618+0000] {processor.py:841} WARNING - No viable dags retrieved from /opt/airflow/dags/tasks/recsys_data_sync.py
[2025-12-05T02:20:55.629+0000] {processor.py:179} INFO - Processing /opt/airflow/dags/tasks/recsys_data_sync.py took 1.188 seconds
[2025-12-05T02:21:25.866+0000] {processor.py:157} INFO - Started process (PID=1455) to work on /opt/airflow/dags/tasks/recsys_data_sync.py
[2025-12-05T02:21:25.872+0000] {processor.py:829} INFO - Processing file /opt/airflow/dags/tasks/recsys_data_sync.py for tasks to queue
[2025-12-05T02:21:25.873+0000] {logging_mixin.py:154} INFO - [2025-12-05T02:21:25.873+0000] {dagbag.py:536} INFO - Filling up the DagBag from /opt/airflow/dags/tasks/recsys_data_sync.py
[2025-12-05T02:21:26.411+0000] {processor.py:841} WARNING - No viable dags retrieved from /opt/airflow/dags/tasks/recsys_data_sync.py
[2025-12-05T02:21:26.423+0000] {processor.py:179} INFO - Processing /opt/airflow/dags/tasks/recsys_data_sync.py took 0.562 seconds
[2025-12-05T02:21:56.760+0000] {processor.py:157} INFO - Started process (PID=1514) to work on /opt/airflow/dags/tasks/recsys_data_sync.py
[2025-12-05T02:21:56.762+0000] {processor.py:829} INFO - Processing file /opt/airflow/dags/tasks/recsys_data_sync.py for tasks to queue
[2025-12-05T02:21:56.763+0000] {logging_mixin.py:154} INFO - [2025-12-05T02:21:56.763+0000] {dagbag.py:536} INFO - Filling up the DagBag from /opt/airflow/dags/tasks/recsys_data_sync.py
[2025-12-05T02:21:57.254+0000] {processor.py:841} WARNING - No viable dags retrieved from /opt/airflow/dags/tasks/recsys_data_sync.py
[2025-12-05T02:21:57.267+0000] {processor.py:179} INFO - Processing /opt/airflow/dags/tasks/recsys_data_sync.py took 0.511 seconds
[2025-12-05T02:22:27.412+0000] {processor.py:157} INFO - Started process (PID=1579) to work on /opt/airflow/dags/tasks/recsys_data_sync.py
[2025-12-05T02:22:27.418+0000] {processor.py:829} INFO - Processing file /opt/airflow/dags/tasks/recsys_data_sync.py for tasks to queue
[2025-12-05T02:22:27.419+0000] {logging_mixin.py:154} INFO - [2025-12-05T02:22:27.419+0000] {dagbag.py:536} INFO - Filling up the DagBag from /opt/airflow/dags/tasks/recsys_data_sync.py
[2025-12-05T02:22:27.926+0000] {processor.py:841} WARNING - No viable dags retrieved from /opt/airflow/dags/tasks/recsys_data_sync.py
[2025-12-05T02:22:27.939+0000] {processor.py:179} INFO - Processing /opt/airflow/dags/tasks/recsys_data_sync.py took 0.530 seconds
[2025-12-05T02:22:58.345+0000] {processor.py:157} INFO - Started process (PID=1645) to work on /opt/airflow/dags/tasks/recsys_data_sync.py
[2025-12-05T02:22:58.351+0000] {processor.py:829} INFO - Processing file /opt/airflow/dags/tasks/recsys_data_sync.py for tasks to queue
[2025-12-05T02:22:58.352+0000] {logging_mixin.py:154} INFO - [2025-12-05T02:22:58.352+0000] {dagbag.py:536} INFO - Filling up the DagBag from /opt/airflow/dags/tasks/recsys_data_sync.py
[2025-12-05T02:22:59.177+0000] {processor.py:841} WARNING - No viable dags retrieved from /opt/airflow/dags/tasks/recsys_data_sync.py
[2025-12-05T02:22:59.192+0000] {processor.py:179} INFO - Processing /opt/airflow/dags/tasks/recsys_data_sync.py took 0.855 seconds
[2025-12-05T02:23:29.465+0000] {processor.py:157} INFO - Started process (PID=1697) to work on /opt/airflow/dags/tasks/recsys_data_sync.py
[2025-12-05T02:23:29.470+0000] {processor.py:829} INFO - Processing file /opt/airflow/dags/tasks/recsys_data_sync.py for tasks to queue
[2025-12-05T02:23:29.470+0000] {logging_mixin.py:154} INFO - [2025-12-05T02:23:29.470+0000] {dagbag.py:536} INFO - Filling up the DagBag from /opt/airflow/dags/tasks/recsys_data_sync.py
[2025-12-05T02:23:29.952+0000] {processor.py:841} WARNING - No viable dags retrieved from /opt/airflow/dags/tasks/recsys_data_sync.py
[2025-12-05T02:23:29.962+0000] {processor.py:179} INFO - Processing /opt/airflow/dags/tasks/recsys_data_sync.py took 0.505 seconds
[2025-12-05T02:24:00.367+0000] {processor.py:157} INFO - Started process (PID=1822) to work on /opt/airflow/dags/tasks/recsys_data_sync.py
[2025-12-05T02:24:00.367+0000] {processor.py:829} INFO - Processing file /opt/airflow/dags/tasks/recsys_data_sync.py for tasks to queue
[2025-12-05T02:24:00.368+0000] {logging_mixin.py:154} INFO - [2025-12-05T02:24:00.368+0000] {dagbag.py:536} INFO - Filling up the DagBag from /opt/airflow/dags/tasks/recsys_data_sync.py
[2025-12-05T02:24:00.699+0000] {processor.py:841} WARNING - No viable dags retrieved from /opt/airflow/dags/tasks/recsys_data_sync.py
[2025-12-05T02:24:00.708+0000] {processor.py:179} INFO - Processing /opt/airflow/dags/tasks/recsys_data_sync.py took 0.345 seconds
[2025-12-05T02:24:31.087+0000] {processor.py:157} INFO - Started process (PID=1948) to work on /opt/airflow/dags/tasks/recsys_data_sync.py
[2025-12-05T02:24:31.088+0000] {processor.py:829} INFO - Processing file /opt/airflow/dags/tasks/recsys_data_sync.py for tasks to queue
[2025-12-05T02:24:31.089+0000] {logging_mixin.py:154} INFO - [2025-12-05T02:24:31.089+0000] {dagbag.py:536} INFO - Filling up the DagBag from /opt/airflow/dags/tasks/recsys_data_sync.py
[2025-12-05T02:24:31.432+0000] {processor.py:841} WARNING - No viable dags retrieved from /opt/airflow/dags/tasks/recsys_data_sync.py
[2025-12-05T02:24:31.442+0000] {processor.py:179} INFO - Processing /opt/airflow/dags/tasks/recsys_data_sync.py took 0.358 seconds
[2025-12-05T02:25:01.572+0000] {processor.py:157} INFO - Started process (PID=2013) to work on /opt/airflow/dags/tasks/recsys_data_sync.py
[2025-12-05T02:25:01.573+0000] {processor.py:829} INFO - Processing file /opt/airflow/dags/tasks/recsys_data_sync.py for tasks to queue
[2025-12-05T02:25:01.574+0000] {logging_mixin.py:154} INFO - [2025-12-05T02:25:01.573+0000] {dagbag.py:536} INFO - Filling up the DagBag from /opt/airflow/dags/tasks/recsys_data_sync.py
[2025-12-05T02:25:01.892+0000] {processor.py:841} WARNING - No viable dags retrieved from /opt/airflow/dags/tasks/recsys_data_sync.py
[2025-12-05T02:25:01.902+0000] {processor.py:179} INFO - Processing /opt/airflow/dags/tasks/recsys_data_sync.py took 0.333 seconds
[2025-12-05T02:25:32.464+0000] {processor.py:157} INFO - Started process (PID=2070) to work on /opt/airflow/dags/tasks/recsys_data_sync.py
[2025-12-05T02:25:32.466+0000] {processor.py:829} INFO - Processing file /opt/airflow/dags/tasks/recsys_data_sync.py for tasks to queue
[2025-12-05T02:25:32.466+0000] {logging_mixin.py:154} INFO - [2025-12-05T02:25:32.466+0000] {dagbag.py:536} INFO - Filling up the DagBag from /opt/airflow/dags/tasks/recsys_data_sync.py
[2025-12-05T02:25:32.797+0000] {processor.py:841} WARNING - No viable dags retrieved from /opt/airflow/dags/tasks/recsys_data_sync.py
[2025-12-05T02:25:32.808+0000] {processor.py:179} INFO - Processing /opt/airflow/dags/tasks/recsys_data_sync.py took 0.346 seconds
[2025-12-05T02:26:03.762+0000] {processor.py:157} INFO - Started process (PID=2124) to work on /opt/airflow/dags/tasks/recsys_data_sync.py
[2025-12-05T02:26:03.762+0000] {processor.py:829} INFO - Processing file /opt/airflow/dags/tasks/recsys_data_sync.py for tasks to queue
[2025-12-05T02:26:03.763+0000] {logging_mixin.py:154} INFO - [2025-12-05T02:26:03.763+0000] {dagbag.py:536} INFO - Filling up the DagBag from /opt/airflow/dags/tasks/recsys_data_sync.py
[2025-12-05T02:26:04.096+0000] {processor.py:841} WARNING - No viable dags retrieved from /opt/airflow/dags/tasks/recsys_data_sync.py
[2025-12-05T02:26:04.106+0000] {processor.py:179} INFO - Processing /opt/airflow/dags/tasks/recsys_data_sync.py took 0.347 seconds
[2025-12-05T02:28:44.613+0000] {processor.py:157} INFO - Started process (PID=185) to work on /opt/airflow/dags/tasks/recsys_data_sync.py
[2025-12-05T02:28:44.614+0000] {processor.py:829} INFO - Processing file /opt/airflow/dags/tasks/recsys_data_sync.py for tasks to queue
[2025-12-05T02:28:44.615+0000] {logging_mixin.py:154} INFO - [2025-12-05T02:28:44.615+0000] {dagbag.py:536} INFO - Filling up the DagBag from /opt/airflow/dags/tasks/recsys_data_sync.py
[2025-12-05T02:28:44.987+0000] {processor.py:841} WARNING - No viable dags retrieved from /opt/airflow/dags/tasks/recsys_data_sync.py
[2025-12-05T02:28:45.003+0000] {processor.py:179} INFO - Processing /opt/airflow/dags/tasks/recsys_data_sync.py took 0.394 seconds
[2025-12-05T02:29:15.637+0000] {processor.py:157} INFO - Started process (PID=242) to work on /opt/airflow/dags/tasks/recsys_data_sync.py
[2025-12-05T02:29:15.638+0000] {processor.py:829} INFO - Processing file /opt/airflow/dags/tasks/recsys_data_sync.py for tasks to queue
[2025-12-05T02:29:15.639+0000] {logging_mixin.py:154} INFO - [2025-12-05T02:29:15.639+0000] {dagbag.py:536} INFO - Filling up the DagBag from /opt/airflow/dags/tasks/recsys_data_sync.py
[2025-12-05T02:29:15.999+0000] {processor.py:841} WARNING - No viable dags retrieved from /opt/airflow/dags/tasks/recsys_data_sync.py
[2025-12-05T02:29:16.010+0000] {processor.py:179} INFO - Processing /opt/airflow/dags/tasks/recsys_data_sync.py took 0.375 seconds
[2025-12-05T02:29:46.975+0000] {processor.py:157} INFO - Started process (PID=308) to work on /opt/airflow/dags/tasks/recsys_data_sync.py
[2025-12-05T02:29:46.985+0000] {processor.py:829} INFO - Processing file /opt/airflow/dags/tasks/recsys_data_sync.py for tasks to queue
[2025-12-05T02:29:46.986+0000] {logging_mixin.py:154} INFO - [2025-12-05T02:29:46.985+0000] {dagbag.py:536} INFO - Filling up the DagBag from /opt/airflow/dags/tasks/recsys_data_sync.py
[2025-12-05T02:29:47.409+0000] {processor.py:841} WARNING - No viable dags retrieved from /opt/airflow/dags/tasks/recsys_data_sync.py
[2025-12-05T02:29:47.419+0000] {processor.py:179} INFO - Processing /opt/airflow/dags/tasks/recsys_data_sync.py took 0.447 seconds
[2025-12-05T02:30:18.029+0000] {processor.py:157} INFO - Started process (PID=367) to work on /opt/airflow/dags/tasks/recsys_data_sync.py
[2025-12-05T02:30:18.030+0000] {processor.py:829} INFO - Processing file /opt/airflow/dags/tasks/recsys_data_sync.py for tasks to queue
[2025-12-05T02:30:18.031+0000] {logging_mixin.py:154} INFO - [2025-12-05T02:30:18.031+0000] {dagbag.py:536} INFO - Filling up the DagBag from /opt/airflow/dags/tasks/recsys_data_sync.py
[2025-12-05T02:30:18.364+0000] {processor.py:841} WARNING - No viable dags retrieved from /opt/airflow/dags/tasks/recsys_data_sync.py
[2025-12-05T02:30:18.375+0000] {processor.py:179} INFO - Processing /opt/airflow/dags/tasks/recsys_data_sync.py took 0.349 seconds
[2025-12-05T02:30:48.963+0000] {processor.py:157} INFO - Started process (PID=426) to work on /opt/airflow/dags/tasks/recsys_data_sync.py
[2025-12-05T02:30:48.964+0000] {processor.py:829} INFO - Processing file /opt/airflow/dags/tasks/recsys_data_sync.py for tasks to queue
[2025-12-05T02:30:48.965+0000] {logging_mixin.py:154} INFO - [2025-12-05T02:30:48.965+0000] {dagbag.py:536} INFO - Filling up the DagBag from /opt/airflow/dags/tasks/recsys_data_sync.py
[2025-12-05T02:30:49.387+0000] {processor.py:841} WARNING - No viable dags retrieved from /opt/airflow/dags/tasks/recsys_data_sync.py
[2025-12-05T02:30:49.397+0000] {processor.py:179} INFO - Processing /opt/airflow/dags/tasks/recsys_data_sync.py took 0.436 seconds
[2025-12-05T02:31:20.265+0000] {processor.py:157} INFO - Started process (PID=485) to work on /opt/airflow/dags/tasks/recsys_data_sync.py
[2025-12-05T02:31:20.266+0000] {processor.py:829} INFO - Processing file /opt/airflow/dags/tasks/recsys_data_sync.py for tasks to queue
[2025-12-05T02:31:20.266+0000] {logging_mixin.py:154} INFO - [2025-12-05T02:31:20.266+0000] {dagbag.py:536} INFO - Filling up the DagBag from /opt/airflow/dags/tasks/recsys_data_sync.py
[2025-12-05T02:31:20.625+0000] {processor.py:841} WARNING - No viable dags retrieved from /opt/airflow/dags/tasks/recsys_data_sync.py
[2025-12-05T02:31:20.635+0000] {processor.py:179} INFO - Processing /opt/airflow/dags/tasks/recsys_data_sync.py took 0.374 seconds
[2025-12-05T02:31:51.071+0000] {processor.py:157} INFO - Started process (PID=544) to work on /opt/airflow/dags/tasks/recsys_data_sync.py
[2025-12-05T02:31:51.073+0000] {processor.py:829} INFO - Processing file /opt/airflow/dags/tasks/recsys_data_sync.py for tasks to queue
[2025-12-05T02:31:51.074+0000] {logging_mixin.py:154} INFO - [2025-12-05T02:31:51.073+0000] {dagbag.py:536} INFO - Filling up the DagBag from /opt/airflow/dags/tasks/recsys_data_sync.py
[2025-12-05T02:31:51.506+0000] {processor.py:841} WARNING - No viable dags retrieved from /opt/airflow/dags/tasks/recsys_data_sync.py
[2025-12-05T02:31:51.519+0000] {processor.py:179} INFO - Processing /opt/airflow/dags/tasks/recsys_data_sync.py took 0.452 seconds
[2025-12-05T02:32:22.478+0000] {processor.py:157} INFO - Started process (PID=603) to work on /opt/airflow/dags/tasks/recsys_data_sync.py
[2025-12-05T02:32:22.480+0000] {processor.py:829} INFO - Processing file /opt/airflow/dags/tasks/recsys_data_sync.py for tasks to queue
[2025-12-05T02:32:22.480+0000] {logging_mixin.py:154} INFO - [2025-12-05T02:32:22.480+0000] {dagbag.py:536} INFO - Filling up the DagBag from /opt/airflow/dags/tasks/recsys_data_sync.py
[2025-12-05T02:32:22.823+0000] {processor.py:841} WARNING - No viable dags retrieved from /opt/airflow/dags/tasks/recsys_data_sync.py
[2025-12-05T02:32:22.833+0000] {processor.py:179} INFO - Processing /opt/airflow/dags/tasks/recsys_data_sync.py took 0.358 seconds
[2025-12-05T02:32:53.726+0000] {processor.py:157} INFO - Started process (PID=662) to work on /opt/airflow/dags/tasks/recsys_data_sync.py
[2025-12-05T02:32:53.734+0000] {processor.py:829} INFO - Processing file /opt/airflow/dags/tasks/recsys_data_sync.py for tasks to queue
[2025-12-05T02:32:53.735+0000] {logging_mixin.py:154} INFO - [2025-12-05T02:32:53.734+0000] {dagbag.py:536} INFO - Filling up the DagBag from /opt/airflow/dags/tasks/recsys_data_sync.py
[2025-12-05T02:32:54.029+0000] {processor.py:841} WARNING - No viable dags retrieved from /opt/airflow/dags/tasks/recsys_data_sync.py
[2025-12-05T02:32:54.039+0000] {processor.py:179} INFO - Processing /opt/airflow/dags/tasks/recsys_data_sync.py took 0.315 seconds
[2025-12-05T02:33:25.043+0000] {processor.py:157} INFO - Started process (PID=720) to work on /opt/airflow/dags/tasks/recsys_data_sync.py
[2025-12-05T02:33:25.044+0000] {processor.py:829} INFO - Processing file /opt/airflow/dags/tasks/recsys_data_sync.py for tasks to queue
[2025-12-05T02:33:25.045+0000] {logging_mixin.py:154} INFO - [2025-12-05T02:33:25.045+0000] {dagbag.py:536} INFO - Filling up the DagBag from /opt/airflow/dags/tasks/recsys_data_sync.py
[2025-12-05T02:33:25.397+0000] {processor.py:841} WARNING - No viable dags retrieved from /opt/airflow/dags/tasks/recsys_data_sync.py
[2025-12-05T02:33:25.409+0000] {processor.py:179} INFO - Processing /opt/airflow/dags/tasks/recsys_data_sync.py took 0.368 seconds
[2025-12-05T02:33:56.322+0000] {processor.py:157} INFO - Started process (PID=856) to work on /opt/airflow/dags/tasks/recsys_data_sync.py
[2025-12-05T02:33:56.324+0000] {processor.py:829} INFO - Processing file /opt/airflow/dags/tasks/recsys_data_sync.py for tasks to queue
[2025-12-05T02:33:56.325+0000] {logging_mixin.py:154} INFO - [2025-12-05T02:33:56.324+0000] {dagbag.py:536} INFO - Filling up the DagBag from /opt/airflow/dags/tasks/recsys_data_sync.py
[2025-12-05T02:33:56.698+0000] {processor.py:841} WARNING - No viable dags retrieved from /opt/airflow/dags/tasks/recsys_data_sync.py
[2025-12-05T02:33:56.708+0000] {processor.py:179} INFO - Processing /opt/airflow/dags/tasks/recsys_data_sync.py took 0.389 seconds
[2025-12-05T02:34:26.750+0000] {processor.py:157} INFO - Started process (PID=1181) to work on /opt/airflow/dags/tasks/recsys_data_sync.py
[2025-12-05T02:34:26.751+0000] {processor.py:829} INFO - Processing file /opt/airflow/dags/tasks/recsys_data_sync.py for tasks to queue
[2025-12-05T02:34:26.752+0000] {logging_mixin.py:154} INFO - [2025-12-05T02:34:26.752+0000] {dagbag.py:536} INFO - Filling up the DagBag from /opt/airflow/dags/tasks/recsys_data_sync.py
[2025-12-05T02:34:27.131+0000] {processor.py:841} WARNING - No viable dags retrieved from /opt/airflow/dags/tasks/recsys_data_sync.py
[2025-12-05T02:34:27.142+0000] {processor.py:179} INFO - Processing /opt/airflow/dags/tasks/recsys_data_sync.py took 0.396 seconds
[2025-12-05T02:34:57.228+0000] {processor.py:157} INFO - Started process (PID=1308) to work on /opt/airflow/dags/tasks/recsys_data_sync.py
[2025-12-05T02:34:57.232+0000] {processor.py:829} INFO - Processing file /opt/airflow/dags/tasks/recsys_data_sync.py for tasks to queue
[2025-12-05T02:34:57.237+0000] {logging_mixin.py:154} INFO - [2025-12-05T02:34:57.237+0000] {dagbag.py:536} INFO - Filling up the DagBag from /opt/airflow/dags/tasks/recsys_data_sync.py
[2025-12-05T02:34:55.440+0000] {processor.py:841} WARNING - No viable dags retrieved from /opt/airflow/dags/tasks/recsys_data_sync.py
[2025-12-05T02:34:55.454+0000] {processor.py:179} INFO - Processing /opt/airflow/dags/tasks/recsys_data_sync.py took 0.561 seconds
[2025-12-05T02:35:25.514+0000] {processor.py:157} INFO - Started process (PID=1378) to work on /opt/airflow/dags/tasks/recsys_data_sync.py
[2025-12-05T02:35:25.516+0000] {processor.py:829} INFO - Processing file /opt/airflow/dags/tasks/recsys_data_sync.py for tasks to queue
[2025-12-05T02:35:25.517+0000] {logging_mixin.py:154} INFO - [2025-12-05T02:35:25.516+0000] {dagbag.py:536} INFO - Filling up the DagBag from /opt/airflow/dags/tasks/recsys_data_sync.py
[2025-12-05T02:35:25.895+0000] {processor.py:841} WARNING - No viable dags retrieved from /opt/airflow/dags/tasks/recsys_data_sync.py
[2025-12-05T02:35:25.906+0000] {processor.py:179} INFO - Processing /opt/airflow/dags/tasks/recsys_data_sync.py took 0.395 seconds
[2025-12-05T02:35:55.988+0000] {processor.py:157} INFO - Started process (PID=1435) to work on /opt/airflow/dags/tasks/recsys_data_sync.py
[2025-12-05T02:35:55.995+0000] {processor.py:829} INFO - Processing file /opt/airflow/dags/tasks/recsys_data_sync.py for tasks to queue
[2025-12-05T02:35:55.999+0000] {logging_mixin.py:154} INFO - [2025-12-05T02:35:55.999+0000] {dagbag.py:536} INFO - Filling up the DagBag from /opt/airflow/dags/tasks/recsys_data_sync.py
[2025-12-05T02:35:56.614+0000] {processor.py:841} WARNING - No viable dags retrieved from /opt/airflow/dags/tasks/recsys_data_sync.py
[2025-12-05T02:35:56.625+0000] {processor.py:179} INFO - Processing /opt/airflow/dags/tasks/recsys_data_sync.py took 0.644 seconds
[2025-12-05T02:36:27.155+0000] {processor.py:157} INFO - Started process (PID=1728) to work on /opt/airflow/dags/tasks/recsys_data_sync.py
[2025-12-05T02:36:27.157+0000] {processor.py:829} INFO - Processing file /opt/airflow/dags/tasks/recsys_data_sync.py for tasks to queue
[2025-12-05T02:36:27.157+0000] {logging_mixin.py:154} INFO - [2025-12-05T02:36:27.157+0000] {dagbag.py:536} INFO - Filling up the DagBag from /opt/airflow/dags/tasks/recsys_data_sync.py
[2025-12-05T02:36:27.474+0000] {processor.py:841} WARNING - No viable dags retrieved from /opt/airflow/dags/tasks/recsys_data_sync.py
[2025-12-05T02:36:27.484+0000] {processor.py:179} INFO - Processing /opt/airflow/dags/tasks/recsys_data_sync.py took 0.331 seconds
[2025-12-05T02:36:57.775+0000] {processor.py:157} INFO - Started process (PID=1787) to work on /opt/airflow/dags/tasks/recsys_data_sync.py
[2025-12-05T02:36:57.776+0000] {processor.py:829} INFO - Processing file /opt/airflow/dags/tasks/recsys_data_sync.py for tasks to queue
[2025-12-05T02:36:57.777+0000] {logging_mixin.py:154} INFO - [2025-12-05T02:36:57.777+0000] {dagbag.py:536} INFO - Filling up the DagBag from /opt/airflow/dags/tasks/recsys_data_sync.py
[2025-12-05T02:36:58.088+0000] {processor.py:841} WARNING - No viable dags retrieved from /opt/airflow/dags/tasks/recsys_data_sync.py
[2025-12-05T02:36:58.097+0000] {processor.py:179} INFO - Processing /opt/airflow/dags/tasks/recsys_data_sync.py took 0.325 seconds
[2025-12-05T02:37:29.076+0000] {processor.py:157} INFO - Started process (PID=1846) to work on /opt/airflow/dags/tasks/recsys_data_sync.py
[2025-12-05T02:37:29.076+0000] {processor.py:829} INFO - Processing file /opt/airflow/dags/tasks/recsys_data_sync.py for tasks to queue
[2025-12-05T02:37:29.077+0000] {logging_mixin.py:154} INFO - [2025-12-05T02:37:29.077+0000] {dagbag.py:536} INFO - Filling up the DagBag from /opt/airflow/dags/tasks/recsys_data_sync.py
[2025-12-05T02:37:29.387+0000] {processor.py:841} WARNING - No viable dags retrieved from /opt/airflow/dags/tasks/recsys_data_sync.py
[2025-12-05T02:37:29.397+0000] {processor.py:179} INFO - Processing /opt/airflow/dags/tasks/recsys_data_sync.py took 0.324 seconds
[2025-12-05T02:37:59.916+0000] {processor.py:157} INFO - Started process (PID=1905) to work on /opt/airflow/dags/tasks/recsys_data_sync.py
[2025-12-05T02:37:59.917+0000] {processor.py:829} INFO - Processing file /opt/airflow/dags/tasks/recsys_data_sync.py for tasks to queue
[2025-12-05T02:37:59.918+0000] {logging_mixin.py:154} INFO - [2025-12-05T02:37:59.918+0000] {dagbag.py:536} INFO - Filling up the DagBag from /opt/airflow/dags/tasks/recsys_data_sync.py
[2025-12-05T02:38:00.232+0000] {processor.py:841} WARNING - No viable dags retrieved from /opt/airflow/dags/tasks/recsys_data_sync.py
[2025-12-05T02:38:00.242+0000] {processor.py:179} INFO - Processing /opt/airflow/dags/tasks/recsys_data_sync.py took 0.330 seconds
[2025-12-05T02:38:30.305+0000] {processor.py:157} INFO - Started process (PID=1964) to work on /opt/airflow/dags/tasks/recsys_data_sync.py
[2025-12-05T02:38:30.306+0000] {processor.py:829} INFO - Processing file /opt/airflow/dags/tasks/recsys_data_sync.py for tasks to queue
[2025-12-05T02:38:30.307+0000] {logging_mixin.py:154} INFO - [2025-12-05T02:38:30.306+0000] {dagbag.py:536} INFO - Filling up the DagBag from /opt/airflow/dags/tasks/recsys_data_sync.py
[2025-12-05T02:38:30.590+0000] {processor.py:841} WARNING - No viable dags retrieved from /opt/airflow/dags/tasks/recsys_data_sync.py
[2025-12-05T02:38:30.599+0000] {processor.py:179} INFO - Processing /opt/airflow/dags/tasks/recsys_data_sync.py took 0.297 seconds
[2025-12-05T02:39:01.225+0000] {processor.py:157} INFO - Started process (PID=2023) to work on /opt/airflow/dags/tasks/recsys_data_sync.py
[2025-12-05T02:39:01.227+0000] {processor.py:829} INFO - Processing file /opt/airflow/dags/tasks/recsys_data_sync.py for tasks to queue
[2025-12-05T02:39:01.227+0000] {logging_mixin.py:154} INFO - [2025-12-05T02:39:01.227+0000] {dagbag.py:536} INFO - Filling up the DagBag from /opt/airflow/dags/tasks/recsys_data_sync.py
[2025-12-05T02:39:01.554+0000] {processor.py:841} WARNING - No viable dags retrieved from /opt/airflow/dags/tasks/recsys_data_sync.py
[2025-12-05T02:39:01.563+0000] {processor.py:179} INFO - Processing /opt/airflow/dags/tasks/recsys_data_sync.py took 0.341 seconds
[2025-12-05T02:39:31.706+0000] {processor.py:157} INFO - Started process (PID=2088) to work on /opt/airflow/dags/tasks/recsys_data_sync.py
[2025-12-05T02:39:31.707+0000] {processor.py:829} INFO - Processing file /opt/airflow/dags/tasks/recsys_data_sync.py for tasks to queue
[2025-12-05T02:39:31.707+0000] {logging_mixin.py:154} INFO - [2025-12-05T02:39:31.707+0000] {dagbag.py:536} INFO - Filling up the DagBag from /opt/airflow/dags/tasks/recsys_data_sync.py
[2025-12-05T02:39:32.100+0000] {processor.py:841} WARNING - No viable dags retrieved from /opt/airflow/dags/tasks/recsys_data_sync.py
[2025-12-05T02:39:32.110+0000] {processor.py:179} INFO - Processing /opt/airflow/dags/tasks/recsys_data_sync.py took 0.408 seconds
[2025-12-05T02:40:02.300+0000] {processor.py:157} INFO - Started process (PID=2147) to work on /opt/airflow/dags/tasks/recsys_data_sync.py
[2025-12-05T02:40:02.302+0000] {processor.py:829} INFO - Processing file /opt/airflow/dags/tasks/recsys_data_sync.py for tasks to queue
[2025-12-05T02:40:02.303+0000] {logging_mixin.py:154} INFO - [2025-12-05T02:40:02.302+0000] {dagbag.py:536} INFO - Filling up the DagBag from /opt/airflow/dags/tasks/recsys_data_sync.py
[2025-12-05T02:40:02.638+0000] {processor.py:841} WARNING - No viable dags retrieved from /opt/airflow/dags/tasks/recsys_data_sync.py
[2025-12-05T02:40:02.649+0000] {processor.py:179} INFO - Processing /opt/airflow/dags/tasks/recsys_data_sync.py took 0.352 seconds
[2025-12-05T02:40:33.138+0000] {processor.py:157} INFO - Started process (PID=2199) to work on /opt/airflow/dags/tasks/recsys_data_sync.py
[2025-12-05T02:40:33.139+0000] {processor.py:829} INFO - Processing file /opt/airflow/dags/tasks/recsys_data_sync.py for tasks to queue
[2025-12-05T02:40:33.140+0000] {logging_mixin.py:154} INFO - [2025-12-05T02:40:33.140+0000] {dagbag.py:536} INFO - Filling up the DagBag from /opt/airflow/dags/tasks/recsys_data_sync.py
[2025-12-05T02:40:33.466+0000] {processor.py:841} WARNING - No viable dags retrieved from /opt/airflow/dags/tasks/recsys_data_sync.py
[2025-12-05T02:40:33.475+0000] {processor.py:179} INFO - Processing /opt/airflow/dags/tasks/recsys_data_sync.py took 0.340 seconds
[2025-12-05T02:41:04.001+0000] {processor.py:157} INFO - Started process (PID=2256) to work on /opt/airflow/dags/tasks/recsys_data_sync.py
[2025-12-05T02:41:04.002+0000] {processor.py:829} INFO - Processing file /opt/airflow/dags/tasks/recsys_data_sync.py for tasks to queue
[2025-12-05T02:41:04.003+0000] {logging_mixin.py:154} INFO - [2025-12-05T02:41:04.003+0000] {dagbag.py:536} INFO - Filling up the DagBag from /opt/airflow/dags/tasks/recsys_data_sync.py
[2025-12-05T02:41:04.386+0000] {processor.py:841} WARNING - No viable dags retrieved from /opt/airflow/dags/tasks/recsys_data_sync.py
[2025-12-05T02:41:04.396+0000] {processor.py:179} INFO - Processing /opt/airflow/dags/tasks/recsys_data_sync.py took 0.398 seconds
[2025-12-05T02:41:35.372+0000] {processor.py:157} INFO - Started process (PID=2303) to work on /opt/airflow/dags/tasks/recsys_data_sync.py
[2025-12-05T02:41:35.373+0000] {processor.py:829} INFO - Processing file /opt/airflow/dags/tasks/recsys_data_sync.py for tasks to queue
[2025-12-05T02:41:35.373+0000] {logging_mixin.py:154} INFO - [2025-12-05T02:41:35.373+0000] {dagbag.py:536} INFO - Filling up the DagBag from /opt/airflow/dags/tasks/recsys_data_sync.py
[2025-12-05T02:41:35.718+0000] {processor.py:841} WARNING - No viable dags retrieved from /opt/airflow/dags/tasks/recsys_data_sync.py
[2025-12-05T02:41:35.733+0000] {processor.py:179} INFO - Processing /opt/airflow/dags/tasks/recsys_data_sync.py took 0.364 seconds
[2025-12-05T02:42:06.658+0000] {processor.py:157} INFO - Started process (PID=2359) to work on /opt/airflow/dags/tasks/recsys_data_sync.py
[2025-12-05T02:42:06.659+0000] {processor.py:829} INFO - Processing file /opt/airflow/dags/tasks/recsys_data_sync.py for tasks to queue
[2025-12-05T02:42:06.660+0000] {logging_mixin.py:154} INFO - [2025-12-05T02:42:06.660+0000] {dagbag.py:536} INFO - Filling up the DagBag from /opt/airflow/dags/tasks/recsys_data_sync.py
[2025-12-05T02:42:06.977+0000] {processor.py:841} WARNING - No viable dags retrieved from /opt/airflow/dags/tasks/recsys_data_sync.py
[2025-12-05T02:42:06.986+0000] {processor.py:179} INFO - Processing /opt/airflow/dags/tasks/recsys_data_sync.py took 0.331 seconds
[2025-12-05T02:42:37.632+0000] {processor.py:157} INFO - Started process (PID=2418) to work on /opt/airflow/dags/tasks/recsys_data_sync.py
[2025-12-05T02:42:37.633+0000] {processor.py:829} INFO - Processing file /opt/airflow/dags/tasks/recsys_data_sync.py for tasks to queue
[2025-12-05T02:42:37.633+0000] {logging_mixin.py:154} INFO - [2025-12-05T02:42:37.633+0000] {dagbag.py:536} INFO - Filling up the DagBag from /opt/airflow/dags/tasks/recsys_data_sync.py
[2025-12-05T02:42:37.945+0000] {processor.py:841} WARNING - No viable dags retrieved from /opt/airflow/dags/tasks/recsys_data_sync.py
[2025-12-05T02:42:37.955+0000] {processor.py:179} INFO - Processing /opt/airflow/dags/tasks/recsys_data_sync.py took 0.327 seconds
[2025-12-05T02:43:08.875+0000] {processor.py:157} INFO - Started process (PID=2477) to work on /opt/airflow/dags/tasks/recsys_data_sync.py
[2025-12-05T02:43:08.876+0000] {processor.py:829} INFO - Processing file /opt/airflow/dags/tasks/recsys_data_sync.py for tasks to queue
[2025-12-05T02:43:08.876+0000] {logging_mixin.py:154} INFO - [2025-12-05T02:43:08.876+0000] {dagbag.py:536} INFO - Filling up the DagBag from /opt/airflow/dags/tasks/recsys_data_sync.py
[2025-12-05T02:43:09.182+0000] {processor.py:841} WARNING - No viable dags retrieved from /opt/airflow/dags/tasks/recsys_data_sync.py
[2025-12-05T02:43:09.191+0000] {processor.py:179} INFO - Processing /opt/airflow/dags/tasks/recsys_data_sync.py took 0.320 seconds
[2025-12-05T02:43:40.067+0000] {processor.py:157} INFO - Started process (PID=2536) to work on /opt/airflow/dags/tasks/recsys_data_sync.py
[2025-12-05T02:43:40.068+0000] {processor.py:829} INFO - Processing file /opt/airflow/dags/tasks/recsys_data_sync.py for tasks to queue
[2025-12-05T02:43:40.069+0000] {logging_mixin.py:154} INFO - [2025-12-05T02:43:40.069+0000] {dagbag.py:536} INFO - Filling up the DagBag from /opt/airflow/dags/tasks/recsys_data_sync.py
[2025-12-05T02:43:40.381+0000] {processor.py:841} WARNING - No viable dags retrieved from /opt/airflow/dags/tasks/recsys_data_sync.py
[2025-12-05T02:43:40.390+0000] {processor.py:179} INFO - Processing /opt/airflow/dags/tasks/recsys_data_sync.py took 0.326 seconds
[2025-12-05T02:44:10.427+0000] {processor.py:157} INFO - Started process (PID=2595) to work on /opt/airflow/dags/tasks/recsys_data_sync.py
[2025-12-05T02:44:10.428+0000] {processor.py:829} INFO - Processing file /opt/airflow/dags/tasks/recsys_data_sync.py for tasks to queue
[2025-12-05T02:44:10.428+0000] {logging_mixin.py:154} INFO - [2025-12-05T02:44:10.428+0000] {dagbag.py:536} INFO - Filling up the DagBag from /opt/airflow/dags/tasks/recsys_data_sync.py
[2025-12-05T02:44:09.296+0000] {processor.py:841} WARNING - No viable dags retrieved from /opt/airflow/dags/tasks/recsys_data_sync.py
[2025-12-05T02:44:09.306+0000] {processor.py:179} INFO - Processing /opt/airflow/dags/tasks/recsys_data_sync.py took 0.309 seconds
[2025-12-05T02:44:40.249+0000] {processor.py:157} INFO - Started process (PID=2654) to work on /opt/airflow/dags/tasks/recsys_data_sync.py
[2025-12-05T02:44:40.250+0000] {processor.py:829} INFO - Processing file /opt/airflow/dags/tasks/recsys_data_sync.py for tasks to queue
[2025-12-05T02:44:40.251+0000] {logging_mixin.py:154} INFO - [2025-12-05T02:44:40.250+0000] {dagbag.py:536} INFO - Filling up the DagBag from /opt/airflow/dags/tasks/recsys_data_sync.py
[2025-12-05T02:44:40.578+0000] {processor.py:841} WARNING - No viable dags retrieved from /opt/airflow/dags/tasks/recsys_data_sync.py
[2025-12-05T02:44:40.587+0000] {processor.py:179} INFO - Processing /opt/airflow/dags/tasks/recsys_data_sync.py took 0.340 seconds
[2025-12-05T02:45:11.497+0000] {processor.py:157} INFO - Started process (PID=2713) to work on /opt/airflow/dags/tasks/recsys_data_sync.py
[2025-12-05T02:45:11.499+0000] {processor.py:829} INFO - Processing file /opt/airflow/dags/tasks/recsys_data_sync.py for tasks to queue
[2025-12-05T02:45:11.499+0000] {logging_mixin.py:154} INFO - [2025-12-05T02:45:11.499+0000] {dagbag.py:536} INFO - Filling up the DagBag from /opt/airflow/dags/tasks/recsys_data_sync.py
[2025-12-05T02:45:11.845+0000] {processor.py:841} WARNING - No viable dags retrieved from /opt/airflow/dags/tasks/recsys_data_sync.py
[2025-12-05T02:45:11.857+0000] {processor.py:179} INFO - Processing /opt/airflow/dags/tasks/recsys_data_sync.py took 0.362 seconds
[2025-12-05T02:45:42.815+0000] {processor.py:157} INFO - Started process (PID=2772) to work on /opt/airflow/dags/tasks/recsys_data_sync.py
[2025-12-05T02:45:42.816+0000] {processor.py:829} INFO - Processing file /opt/airflow/dags/tasks/recsys_data_sync.py for tasks to queue
[2025-12-05T02:45:42.817+0000] {logging_mixin.py:154} INFO - [2025-12-05T02:45:42.817+0000] {dagbag.py:536} INFO - Filling up the DagBag from /opt/airflow/dags/tasks/recsys_data_sync.py
[2025-12-05T02:45:43.186+0000] {processor.py:841} WARNING - No viable dags retrieved from /opt/airflow/dags/tasks/recsys_data_sync.py
[2025-12-05T02:45:43.197+0000] {processor.py:179} INFO - Processing /opt/airflow/dags/tasks/recsys_data_sync.py took 0.385 seconds
[2025-12-05T02:46:14.108+0000] {processor.py:157} INFO - Started process (PID=2831) to work on /opt/airflow/dags/tasks/recsys_data_sync.py
[2025-12-05T02:46:14.109+0000] {processor.py:829} INFO - Processing file /opt/airflow/dags/tasks/recsys_data_sync.py for tasks to queue
[2025-12-05T02:46:14.109+0000] {logging_mixin.py:154} INFO - [2025-12-05T02:46:14.109+0000] {dagbag.py:536} INFO - Filling up the DagBag from /opt/airflow/dags/tasks/recsys_data_sync.py
[2025-12-05T02:46:14.446+0000] {processor.py:841} WARNING - No viable dags retrieved from /opt/airflow/dags/tasks/recsys_data_sync.py
[2025-12-05T02:46:14.456+0000] {processor.py:179} INFO - Processing /opt/airflow/dags/tasks/recsys_data_sync.py took 0.351 seconds
[2025-12-05T02:46:45.397+0000] {processor.py:157} INFO - Started process (PID=2896) to work on /opt/airflow/dags/tasks/recsys_data_sync.py
[2025-12-05T02:46:45.398+0000] {processor.py:829} INFO - Processing file /opt/airflow/dags/tasks/recsys_data_sync.py for tasks to queue
[2025-12-05T02:46:45.399+0000] {logging_mixin.py:154} INFO - [2025-12-05T02:46:45.398+0000] {dagbag.py:536} INFO - Filling up the DagBag from /opt/airflow/dags/tasks/recsys_data_sync.py
[2025-12-05T02:46:45.725+0000] {processor.py:841} WARNING - No viable dags retrieved from /opt/airflow/dags/tasks/recsys_data_sync.py
[2025-12-05T02:46:45.734+0000] {processor.py:179} INFO - Processing /opt/airflow/dags/tasks/recsys_data_sync.py took 0.340 seconds
[2025-12-05T02:47:16.675+0000] {processor.py:157} INFO - Started process (PID=3153) to work on /opt/airflow/dags/tasks/recsys_data_sync.py
[2025-12-05T02:47:16.677+0000] {processor.py:829} INFO - Processing file /opt/airflow/dags/tasks/recsys_data_sync.py for tasks to queue
[2025-12-05T02:47:16.677+0000] {logging_mixin.py:154} INFO - [2025-12-05T02:47:16.677+0000] {dagbag.py:536} INFO - Filling up the DagBag from /opt/airflow/dags/tasks/recsys_data_sync.py
[2025-12-05T02:47:17.054+0000] {processor.py:841} WARNING - No viable dags retrieved from /opt/airflow/dags/tasks/recsys_data_sync.py
[2025-12-05T02:47:17.064+0000] {processor.py:179} INFO - Processing /opt/airflow/dags/tasks/recsys_data_sync.py took 0.392 seconds
[2025-12-05T02:47:47.587+0000] {processor.py:157} INFO - Started process (PID=3341) to work on /opt/airflow/dags/tasks/recsys_data_sync.py
[2025-12-05T02:47:47.588+0000] {processor.py:829} INFO - Processing file /opt/airflow/dags/tasks/recsys_data_sync.py for tasks to queue
[2025-12-05T02:47:47.589+0000] {logging_mixin.py:154} INFO - [2025-12-05T02:47:47.588+0000] {dagbag.py:536} INFO - Filling up the DagBag from /opt/airflow/dags/tasks/recsys_data_sync.py
[2025-12-05T02:47:47.924+0000] {processor.py:841} WARNING - No viable dags retrieved from /opt/airflow/dags/tasks/recsys_data_sync.py
[2025-12-05T02:47:47.934+0000] {processor.py:179} INFO - Processing /opt/airflow/dags/tasks/recsys_data_sync.py took 0.350 seconds
[2025-12-05T02:48:45.694+0000] {processor.py:157} INFO - Started process (PID=186) to work on /opt/airflow/dags/tasks/recsys_data_sync.py
[2025-12-05T02:48:45.696+0000] {processor.py:829} INFO - Processing file /opt/airflow/dags/tasks/recsys_data_sync.py for tasks to queue
[2025-12-05T02:48:45.696+0000] {logging_mixin.py:154} INFO - [2025-12-05T02:48:45.696+0000] {dagbag.py:536} INFO - Filling up the DagBag from /opt/airflow/dags/tasks/recsys_data_sync.py
[2025-12-05T02:48:46.056+0000] {processor.py:841} WARNING - No viable dags retrieved from /opt/airflow/dags/tasks/recsys_data_sync.py
[2025-12-05T02:48:46.066+0000] {processor.py:179} INFO - Processing /opt/airflow/dags/tasks/recsys_data_sync.py took 0.375 seconds
[2025-12-05T02:49:16.288+0000] {processor.py:157} INFO - Started process (PID=243) to work on /opt/airflow/dags/tasks/recsys_data_sync.py
[2025-12-05T02:49:16.290+0000] {processor.py:829} INFO - Processing file /opt/airflow/dags/tasks/recsys_data_sync.py for tasks to queue
[2025-12-05T02:49:16.290+0000] {logging_mixin.py:154} INFO - [2025-12-05T02:49:16.290+0000] {dagbag.py:536} INFO - Filling up the DagBag from /opt/airflow/dags/tasks/recsys_data_sync.py
[2025-12-05T02:49:16.605+0000] {processor.py:841} WARNING - No viable dags retrieved from /opt/airflow/dags/tasks/recsys_data_sync.py
[2025-12-05T02:49:16.616+0000] {processor.py:179} INFO - Processing /opt/airflow/dags/tasks/recsys_data_sync.py took 0.331 seconds
[2025-12-05T02:49:47.557+0000] {processor.py:157} INFO - Started process (PID=308) to work on /opt/airflow/dags/tasks/recsys_data_sync.py
[2025-12-05T02:49:47.558+0000] {processor.py:829} INFO - Processing file /opt/airflow/dags/tasks/recsys_data_sync.py for tasks to queue
[2025-12-05T02:49:47.558+0000] {logging_mixin.py:154} INFO - [2025-12-05T02:49:47.558+0000] {dagbag.py:536} INFO - Filling up the DagBag from /opt/airflow/dags/tasks/recsys_data_sync.py
[2025-12-05T02:49:47.877+0000] {processor.py:841} WARNING - No viable dags retrieved from /opt/airflow/dags/tasks/recsys_data_sync.py
[2025-12-05T02:49:47.886+0000] {processor.py:179} INFO - Processing /opt/airflow/dags/tasks/recsys_data_sync.py took 0.333 seconds
[2025-12-05T02:50:46.743+0000] {processor.py:157} INFO - Started process (PID=186) to work on /opt/airflow/dags/tasks/recsys_data_sync.py
[2025-12-05T02:50:46.744+0000] {processor.py:829} INFO - Processing file /opt/airflow/dags/tasks/recsys_data_sync.py for tasks to queue
[2025-12-05T02:50:46.745+0000] {logging_mixin.py:154} INFO - [2025-12-05T02:50:46.745+0000] {dagbag.py:536} INFO - Filling up the DagBag from /opt/airflow/dags/tasks/recsys_data_sync.py
[2025-12-05T02:50:47.107+0000] {processor.py:841} WARNING - No viable dags retrieved from /opt/airflow/dags/tasks/recsys_data_sync.py
[2025-12-05T02:50:47.117+0000] {processor.py:179} INFO - Processing /opt/airflow/dags/tasks/recsys_data_sync.py took 0.377 seconds
[2025-12-05T02:51:17.661+0000] {processor.py:157} INFO - Started process (PID=243) to work on /opt/airflow/dags/tasks/recsys_data_sync.py
[2025-12-05T02:51:17.662+0000] {processor.py:829} INFO - Processing file /opt/airflow/dags/tasks/recsys_data_sync.py for tasks to queue
[2025-12-05T02:51:17.663+0000] {logging_mixin.py:154} INFO - [2025-12-05T02:51:17.662+0000] {dagbag.py:536} INFO - Filling up the DagBag from /opt/airflow/dags/tasks/recsys_data_sync.py
[2025-12-05T02:51:17.966+0000] {processor.py:841} WARNING - No viable dags retrieved from /opt/airflow/dags/tasks/recsys_data_sync.py
[2025-12-05T02:51:17.977+0000] {processor.py:179} INFO - Processing /opt/airflow/dags/tasks/recsys_data_sync.py took 0.318 seconds
[2025-12-05T02:51:48.856+0000] {processor.py:157} INFO - Started process (PID=326) to work on /opt/airflow/dags/tasks/recsys_data_sync.py
[2025-12-05T02:51:48.857+0000] {processor.py:829} INFO - Processing file /opt/airflow/dags/tasks/recsys_data_sync.py for tasks to queue
[2025-12-05T02:51:48.858+0000] {logging_mixin.py:154} INFO - [2025-12-05T02:51:48.857+0000] {dagbag.py:536} INFO - Filling up the DagBag from /opt/airflow/dags/tasks/recsys_data_sync.py
[2025-12-05T02:51:49.175+0000] {processor.py:841} WARNING - No viable dags retrieved from /opt/airflow/dags/tasks/recsys_data_sync.py
[2025-12-05T02:51:49.186+0000] {processor.py:179} INFO - Processing /opt/airflow/dags/tasks/recsys_data_sync.py took 0.332 seconds
[2025-12-05T02:52:20.069+0000] {processor.py:157} INFO - Started process (PID=391) to work on /opt/airflow/dags/tasks/recsys_data_sync.py
[2025-12-05T02:52:20.087+0000] {processor.py:829} INFO - Processing file /opt/airflow/dags/tasks/recsys_data_sync.py for tasks to queue
[2025-12-05T02:52:20.088+0000] {logging_mixin.py:154} INFO - [2025-12-05T02:52:20.088+0000] {dagbag.py:536} INFO - Filling up the DagBag from /opt/airflow/dags/tasks/recsys_data_sync.py
[2025-12-05T02:52:20.390+0000] {processor.py:841} WARNING - No viable dags retrieved from /opt/airflow/dags/tasks/recsys_data_sync.py
[2025-12-05T02:52:20.399+0000] {processor.py:179} INFO - Processing /opt/airflow/dags/tasks/recsys_data_sync.py took 0.333 seconds
[2025-12-05T02:52:51.391+0000] {processor.py:157} INFO - Started process (PID=823) to work on /opt/airflow/dags/tasks/recsys_data_sync.py
[2025-12-05T02:52:51.397+0000] {processor.py:829} INFO - Processing file /opt/airflow/dags/tasks/recsys_data_sync.py for tasks to queue
[2025-12-05T02:52:51.398+0000] {logging_mixin.py:154} INFO - [2025-12-05T02:52:51.398+0000] {dagbag.py:536} INFO - Filling up the DagBag from /opt/airflow/dags/tasks/recsys_data_sync.py
[2025-12-05T02:52:51.905+0000] {processor.py:841} WARNING - No viable dags retrieved from /opt/airflow/dags/tasks/recsys_data_sync.py
[2025-12-05T02:52:51.921+0000] {processor.py:179} INFO - Processing /opt/airflow/dags/tasks/recsys_data_sync.py took 0.539 seconds
[2025-12-05T02:53:22.039+0000] {processor.py:157} INFO - Started process (PID=899) to work on /opt/airflow/dags/tasks/recsys_data_sync.py
[2025-12-05T02:53:22.044+0000] {processor.py:829} INFO - Processing file /opt/airflow/dags/tasks/recsys_data_sync.py for tasks to queue
[2025-12-05T02:53:22.045+0000] {logging_mixin.py:154} INFO - [2025-12-05T02:53:22.044+0000] {dagbag.py:536} INFO - Filling up the DagBag from /opt/airflow/dags/tasks/recsys_data_sync.py
[2025-12-05T02:53:22.718+0000] {processor.py:841} WARNING - No viable dags retrieved from /opt/airflow/dags/tasks/recsys_data_sync.py
[2025-12-05T02:53:22.734+0000] {processor.py:179} INFO - Processing /opt/airflow/dags/tasks/recsys_data_sync.py took 0.699 seconds
[2025-12-05T02:53:53.636+0000] {processor.py:157} INFO - Started process (PID=969) to work on /opt/airflow/dags/tasks/recsys_data_sync.py
[2025-12-05T02:53:53.639+0000] {processor.py:829} INFO - Processing file /opt/airflow/dags/tasks/recsys_data_sync.py for tasks to queue
[2025-12-05T02:53:53.640+0000] {logging_mixin.py:154} INFO - [2025-12-05T02:53:53.640+0000] {dagbag.py:536} INFO - Filling up the DagBag from /opt/airflow/dags/tasks/recsys_data_sync.py
[2025-12-05T02:53:54.043+0000] {processor.py:841} WARNING - No viable dags retrieved from /opt/airflow/dags/tasks/recsys_data_sync.py
[2025-12-05T02:53:54.060+0000] {processor.py:179} INFO - Processing /opt/airflow/dags/tasks/recsys_data_sync.py took 0.428 seconds
[2025-12-05T02:54:24.149+0000] {processor.py:157} INFO - Started process (PID=1032) to work on /opt/airflow/dags/tasks/recsys_data_sync.py
[2025-12-05T02:54:24.151+0000] {processor.py:829} INFO - Processing file /opt/airflow/dags/tasks/recsys_data_sync.py for tasks to queue
[2025-12-05T02:54:24.152+0000] {logging_mixin.py:154} INFO - [2025-12-05T02:54:24.152+0000] {dagbag.py:536} INFO - Filling up the DagBag from /opt/airflow/dags/tasks/recsys_data_sync.py
[2025-12-05T02:54:24.669+0000] {processor.py:841} WARNING - No viable dags retrieved from /opt/airflow/dags/tasks/recsys_data_sync.py
[2025-12-05T02:54:24.683+0000] {processor.py:179} INFO - Processing /opt/airflow/dags/tasks/recsys_data_sync.py took 0.538 seconds
[2025-12-05T02:54:55.499+0000] {processor.py:157} INFO - Started process (PID=1115) to work on /opt/airflow/dags/tasks/recsys_data_sync.py
[2025-12-05T02:54:55.501+0000] {processor.py:829} INFO - Processing file /opt/airflow/dags/tasks/recsys_data_sync.py for tasks to queue
[2025-12-05T02:54:55.501+0000] {logging_mixin.py:154} INFO - [2025-12-05T02:54:55.501+0000] {dagbag.py:536} INFO - Filling up the DagBag from /opt/airflow/dags/tasks/recsys_data_sync.py
[2025-12-05T02:54:55.851+0000] {processor.py:841} WARNING - No viable dags retrieved from /opt/airflow/dags/tasks/recsys_data_sync.py
[2025-12-05T02:54:55.862+0000] {processor.py:179} INFO - Processing /opt/airflow/dags/tasks/recsys_data_sync.py took 0.365 seconds
[2025-12-05T02:55:26.823+0000] {processor.py:157} INFO - Started process (PID=1180) to work on /opt/airflow/dags/tasks/recsys_data_sync.py
[2025-12-05T02:55:26.823+0000] {processor.py:829} INFO - Processing file /opt/airflow/dags/tasks/recsys_data_sync.py for tasks to queue
[2025-12-05T02:55:26.824+0000] {logging_mixin.py:154} INFO - [2025-12-05T02:55:26.824+0000] {dagbag.py:536} INFO - Filling up the DagBag from /opt/airflow/dags/tasks/recsys_data_sync.py
[2025-12-05T02:55:27.168+0000] {processor.py:841} WARNING - No viable dags retrieved from /opt/airflow/dags/tasks/recsys_data_sync.py
[2025-12-05T02:55:27.178+0000] {processor.py:179} INFO - Processing /opt/airflow/dags/tasks/recsys_data_sync.py took 0.359 seconds
[2025-12-05T02:55:58.066+0000] {processor.py:157} INFO - Started process (PID=1251) to work on /opt/airflow/dags/tasks/recsys_data_sync.py
[2025-12-05T02:55:58.068+0000] {processor.py:829} INFO - Processing file /opt/airflow/dags/tasks/recsys_data_sync.py for tasks to queue
[2025-12-05T02:55:58.068+0000] {logging_mixin.py:154} INFO - [2025-12-05T02:55:58.068+0000] {dagbag.py:536} INFO - Filling up the DagBag from /opt/airflow/dags/tasks/recsys_data_sync.py
[2025-12-05T02:55:58.365+0000] {processor.py:841} WARNING - No viable dags retrieved from /opt/airflow/dags/tasks/recsys_data_sync.py
[2025-12-05T02:55:58.374+0000] {processor.py:179} INFO - Processing /opt/airflow/dags/tasks/recsys_data_sync.py took 0.311 seconds
[2025-12-05T02:56:29.299+0000] {processor.py:157} INFO - Started process (PID=1310) to work on /opt/airflow/dags/tasks/recsys_data_sync.py
[2025-12-05T02:56:29.301+0000] {processor.py:829} INFO - Processing file /opt/airflow/dags/tasks/recsys_data_sync.py for tasks to queue
[2025-12-05T02:56:29.301+0000] {logging_mixin.py:154} INFO - [2025-12-05T02:56:29.301+0000] {dagbag.py:536} INFO - Filling up the DagBag from /opt/airflow/dags/tasks/recsys_data_sync.py
[2025-12-05T02:56:29.617+0000] {processor.py:841} WARNING - No viable dags retrieved from /opt/airflow/dags/tasks/recsys_data_sync.py
[2025-12-05T02:56:29.628+0000] {processor.py:179} INFO - Processing /opt/airflow/dags/tasks/recsys_data_sync.py took 0.332 seconds
[2025-12-05T02:57:25.879+0000] {processor.py:157} INFO - Started process (PID=193) to work on /opt/airflow/dags/tasks/recsys_data_sync.py
[2025-12-05T02:57:25.880+0000] {processor.py:829} INFO - Processing file /opt/airflow/dags/tasks/recsys_data_sync.py for tasks to queue
[2025-12-05T02:57:25.881+0000] {logging_mixin.py:154} INFO - [2025-12-05T02:57:25.881+0000] {dagbag.py:536} INFO - Filling up the DagBag from /opt/airflow/dags/tasks/recsys_data_sync.py
[2025-12-05T02:57:26.489+0000] {processor.py:841} WARNING - No viable dags retrieved from /opt/airflow/dags/tasks/recsys_data_sync.py
[2025-12-05T02:57:26.526+0000] {processor.py:179} INFO - Processing /opt/airflow/dags/tasks/recsys_data_sync.py took 0.652 seconds
[2025-12-05T02:57:56.762+0000] {processor.py:157} INFO - Started process (PID=250) to work on /opt/airflow/dags/tasks/recsys_data_sync.py
[2025-12-05T02:57:56.763+0000] {processor.py:829} INFO - Processing file /opt/airflow/dags/tasks/recsys_data_sync.py for tasks to queue
[2025-12-05T02:57:56.763+0000] {logging_mixin.py:154} INFO - [2025-12-05T02:57:56.763+0000] {dagbag.py:536} INFO - Filling up the DagBag from /opt/airflow/dags/tasks/recsys_data_sync.py
[2025-12-05T02:57:57.151+0000] {processor.py:841} WARNING - No viable dags retrieved from /opt/airflow/dags/tasks/recsys_data_sync.py
[2025-12-05T02:57:57.162+0000] {processor.py:179} INFO - Processing /opt/airflow/dags/tasks/recsys_data_sync.py took 0.403 seconds
[2025-12-05T02:58:27.784+0000] {processor.py:157} INFO - Started process (PID=655) to work on /opt/airflow/dags/tasks/recsys_data_sync.py
[2025-12-05T02:58:27.785+0000] {processor.py:829} INFO - Processing file /opt/airflow/dags/tasks/recsys_data_sync.py for tasks to queue
[2025-12-05T02:58:27.786+0000] {logging_mixin.py:154} INFO - [2025-12-05T02:58:27.786+0000] {dagbag.py:536} INFO - Filling up the DagBag from /opt/airflow/dags/tasks/recsys_data_sync.py
[2025-12-05T02:58:28.210+0000] {processor.py:841} WARNING - No viable dags retrieved from /opt/airflow/dags/tasks/recsys_data_sync.py
[2025-12-05T02:58:28.221+0000] {processor.py:179} INFO - Processing /opt/airflow/dags/tasks/recsys_data_sync.py took 0.440 seconds
[2025-12-05T02:58:58.505+0000] {processor.py:157} INFO - Started process (PID=745) to work on /opt/airflow/dags/tasks/recsys_data_sync.py
[2025-12-05T02:58:58.506+0000] {processor.py:829} INFO - Processing file /opt/airflow/dags/tasks/recsys_data_sync.py for tasks to queue
[2025-12-05T02:58:58.506+0000] {logging_mixin.py:154} INFO - [2025-12-05T02:58:58.506+0000] {dagbag.py:536} INFO - Filling up the DagBag from /opt/airflow/dags/tasks/recsys_data_sync.py
[2025-12-05T02:58:58.861+0000] {processor.py:841} WARNING - No viable dags retrieved from /opt/airflow/dags/tasks/recsys_data_sync.py
[2025-12-05T02:58:58.873+0000] {processor.py:179} INFO - Processing /opt/airflow/dags/tasks/recsys_data_sync.py took 0.371 seconds
[2025-12-05T02:59:29.791+0000] {processor.py:157} INFO - Started process (PID=890) to work on /opt/airflow/dags/tasks/recsys_data_sync.py
[2025-12-05T02:59:29.791+0000] {processor.py:829} INFO - Processing file /opt/airflow/dags/tasks/recsys_data_sync.py for tasks to queue
[2025-12-05T02:59:29.792+0000] {logging_mixin.py:154} INFO - [2025-12-05T02:59:29.792+0000] {dagbag.py:536} INFO - Filling up the DagBag from /opt/airflow/dags/tasks/recsys_data_sync.py
[2025-12-05T02:59:30.144+0000] {processor.py:841} WARNING - No viable dags retrieved from /opt/airflow/dags/tasks/recsys_data_sync.py
[2025-12-05T02:59:30.155+0000] {processor.py:179} INFO - Processing /opt/airflow/dags/tasks/recsys_data_sync.py took 0.367 seconds
[2025-12-05T03:00:01.053+0000] {processor.py:157} INFO - Started process (PID=951) to work on /opt/airflow/dags/tasks/recsys_data_sync.py
[2025-12-05T03:00:01.055+0000] {processor.py:829} INFO - Processing file /opt/airflow/dags/tasks/recsys_data_sync.py for tasks to queue
[2025-12-05T03:00:01.055+0000] {logging_mixin.py:154} INFO - [2025-12-05T03:00:01.055+0000] {dagbag.py:536} INFO - Filling up the DagBag from /opt/airflow/dags/tasks/recsys_data_sync.py
[2025-12-05T03:00:01.364+0000] {processor.py:841} WARNING - No viable dags retrieved from /opt/airflow/dags/tasks/recsys_data_sync.py
[2025-12-05T03:00:01.374+0000] {processor.py:179} INFO - Processing /opt/airflow/dags/tasks/recsys_data_sync.py took 0.323 seconds
[2025-12-05T03:00:32.306+0000] {processor.py:157} INFO - Started process (PID=1010) to work on /opt/airflow/dags/tasks/recsys_data_sync.py
[2025-12-05T03:00:32.307+0000] {processor.py:829} INFO - Processing file /opt/airflow/dags/tasks/recsys_data_sync.py for tasks to queue
[2025-12-05T03:00:32.308+0000] {logging_mixin.py:154} INFO - [2025-12-05T03:00:32.307+0000] {dagbag.py:536} INFO - Filling up the DagBag from /opt/airflow/dags/tasks/recsys_data_sync.py
[2025-12-05T03:00:32.653+0000] {processor.py:841} WARNING - No viable dags retrieved from /opt/airflow/dags/tasks/recsys_data_sync.py
[2025-12-05T03:00:32.663+0000] {processor.py:179} INFO - Processing /opt/airflow/dags/tasks/recsys_data_sync.py took 0.360 seconds
[2025-12-05T03:01:03.571+0000] {processor.py:157} INFO - Started process (PID=1069) to work on /opt/airflow/dags/tasks/recsys_data_sync.py
[2025-12-05T03:01:03.572+0000] {processor.py:829} INFO - Processing file /opt/airflow/dags/tasks/recsys_data_sync.py for tasks to queue
[2025-12-05T03:01:03.573+0000] {logging_mixin.py:154} INFO - [2025-12-05T03:01:03.573+0000] {dagbag.py:536} INFO - Filling up the DagBag from /opt/airflow/dags/tasks/recsys_data_sync.py
[2025-12-05T03:01:03.872+0000] {processor.py:841} WARNING - No viable dags retrieved from /opt/airflow/dags/tasks/recsys_data_sync.py
[2025-12-05T03:01:03.882+0000] {processor.py:179} INFO - Processing /opt/airflow/dags/tasks/recsys_data_sync.py took 0.315 seconds
[2025-12-05T03:01:34.834+0000] {processor.py:157} INFO - Started process (PID=1134) to work on /opt/airflow/dags/tasks/recsys_data_sync.py
[2025-12-05T03:01:34.835+0000] {processor.py:829} INFO - Processing file /opt/airflow/dags/tasks/recsys_data_sync.py for tasks to queue
[2025-12-05T03:01:34.835+0000] {logging_mixin.py:154} INFO - [2025-12-05T03:01:34.835+0000] {dagbag.py:536} INFO - Filling up the DagBag from /opt/airflow/dags/tasks/recsys_data_sync.py
[2025-12-05T03:01:35.195+0000] {processor.py:841} WARNING - No viable dags retrieved from /opt/airflow/dags/tasks/recsys_data_sync.py
[2025-12-05T03:01:35.205+0000] {processor.py:179} INFO - Processing /opt/airflow/dags/tasks/recsys_data_sync.py took 0.375 seconds
[2025-12-05T03:02:06.065+0000] {processor.py:157} INFO - Started process (PID=1194) to work on /opt/airflow/dags/tasks/recsys_data_sync.py
[2025-12-05T03:02:06.066+0000] {processor.py:829} INFO - Processing file /opt/airflow/dags/tasks/recsys_data_sync.py for tasks to queue
[2025-12-05T03:02:06.067+0000] {logging_mixin.py:154} INFO - [2025-12-05T03:02:06.067+0000] {dagbag.py:536} INFO - Filling up the DagBag from /opt/airflow/dags/tasks/recsys_data_sync.py
[2025-12-05T03:02:06.423+0000] {processor.py:841} WARNING - No viable dags retrieved from /opt/airflow/dags/tasks/recsys_data_sync.py
[2025-12-05T03:02:06.433+0000] {processor.py:179} INFO - Processing /opt/airflow/dags/tasks/recsys_data_sync.py took 0.371 seconds
[2025-12-05T03:02:37.001+0000] {processor.py:157} INFO - Started process (PID=1259) to work on /opt/airflow/dags/tasks/recsys_data_sync.py
[2025-12-05T03:02:37.002+0000] {processor.py:829} INFO - Processing file /opt/airflow/dags/tasks/recsys_data_sync.py for tasks to queue
[2025-12-05T03:02:37.002+0000] {logging_mixin.py:154} INFO - [2025-12-05T03:02:37.002+0000] {dagbag.py:536} INFO - Filling up the DagBag from /opt/airflow/dags/tasks/recsys_data_sync.py
[2025-12-05T03:02:37.307+0000] {processor.py:841} WARNING - No viable dags retrieved from /opt/airflow/dags/tasks/recsys_data_sync.py
[2025-12-05T03:02:37.317+0000] {processor.py:179} INFO - Processing /opt/airflow/dags/tasks/recsys_data_sync.py took 0.319 seconds
[2025-12-05T03:03:07.956+0000] {processor.py:157} INFO - Started process (PID=1317) to work on /opt/airflow/dags/tasks/recsys_data_sync.py
[2025-12-05T03:03:07.959+0000] {processor.py:829} INFO - Processing file /opt/airflow/dags/tasks/recsys_data_sync.py for tasks to queue
[2025-12-05T03:03:07.959+0000] {logging_mixin.py:154} INFO - [2025-12-05T03:03:07.959+0000] {dagbag.py:536} INFO - Filling up the DagBag from /opt/airflow/dags/tasks/recsys_data_sync.py
[2025-12-05T03:03:08.287+0000] {processor.py:841} WARNING - No viable dags retrieved from /opt/airflow/dags/tasks/recsys_data_sync.py
[2025-12-05T03:03:08.297+0000] {processor.py:179} INFO - Processing /opt/airflow/dags/tasks/recsys_data_sync.py took 0.344 seconds
[2025-12-05T03:03:39.310+0000] {processor.py:157} INFO - Started process (PID=1447) to work on /opt/airflow/dags/tasks/recsys_data_sync.py
[2025-12-05T03:03:39.316+0000] {processor.py:829} INFO - Processing file /opt/airflow/dags/tasks/recsys_data_sync.py for tasks to queue
[2025-12-05T03:03:39.317+0000] {logging_mixin.py:154} INFO - [2025-12-05T03:03:39.317+0000] {dagbag.py:536} INFO - Filling up the DagBag from /opt/airflow/dags/tasks/recsys_data_sync.py
[2025-12-05T03:03:39.753+0000] {processor.py:841} WARNING - No viable dags retrieved from /opt/airflow/dags/tasks/recsys_data_sync.py
[2025-12-05T03:03:39.769+0000] {processor.py:179} INFO - Processing /opt/airflow/dags/tasks/recsys_data_sync.py took 0.467 seconds
[2025-12-05T03:04:10.585+0000] {processor.py:157} INFO - Started process (PID=1623) to work on /opt/airflow/dags/tasks/recsys_data_sync.py
[2025-12-05T03:04:10.586+0000] {processor.py:829} INFO - Processing file /opt/airflow/dags/tasks/recsys_data_sync.py for tasks to queue
[2025-12-05T03:04:10.587+0000] {logging_mixin.py:154} INFO - [2025-12-05T03:04:10.587+0000] {dagbag.py:536} INFO - Filling up the DagBag from /opt/airflow/dags/tasks/recsys_data_sync.py
[2025-12-05T03:04:10.966+0000] {processor.py:841} WARNING - No viable dags retrieved from /opt/airflow/dags/tasks/recsys_data_sync.py
[2025-12-05T03:04:10.980+0000] {processor.py:179} INFO - Processing /opt/airflow/dags/tasks/recsys_data_sync.py took 0.399 seconds
[2025-12-05T03:04:41.452+0000] {processor.py:157} INFO - Started process (PID=1681) to work on /opt/airflow/dags/tasks/recsys_data_sync.py
[2025-12-05T03:04:41.453+0000] {processor.py:829} INFO - Processing file /opt/airflow/dags/tasks/recsys_data_sync.py for tasks to queue
[2025-12-05T03:04:41.454+0000] {logging_mixin.py:154} INFO - [2025-12-05T03:04:41.453+0000] {dagbag.py:536} INFO - Filling up the DagBag from /opt/airflow/dags/tasks/recsys_data_sync.py
[2025-12-05T03:04:41.771+0000] {processor.py:841} WARNING - No viable dags retrieved from /opt/airflow/dags/tasks/recsys_data_sync.py
[2025-12-05T03:04:41.781+0000] {processor.py:179} INFO - Processing /opt/airflow/dags/tasks/recsys_data_sync.py took 0.332 seconds
[2025-12-05T03:05:12.647+0000] {processor.py:157} INFO - Started process (PID=1740) to work on /opt/airflow/dags/tasks/recsys_data_sync.py
[2025-12-05T03:05:12.648+0000] {processor.py:829} INFO - Processing file /opt/airflow/dags/tasks/recsys_data_sync.py for tasks to queue
[2025-12-05T03:05:12.648+0000] {logging_mixin.py:154} INFO - [2025-12-05T03:05:12.648+0000] {dagbag.py:536} INFO - Filling up the DagBag from /opt/airflow/dags/tasks/recsys_data_sync.py
[2025-12-05T03:05:12.925+0000] {processor.py:841} WARNING - No viable dags retrieved from /opt/airflow/dags/tasks/recsys_data_sync.py
[2025-12-05T03:05:12.934+0000] {processor.py:179} INFO - Processing /opt/airflow/dags/tasks/recsys_data_sync.py took 0.290 seconds
[2025-12-05T03:07:04.401+0000] {processor.py:157} INFO - Started process (PID=186) to work on /opt/airflow/dags/tasks/recsys_data_sync.py
[2025-12-05T03:07:04.402+0000] {processor.py:829} INFO - Processing file /opt/airflow/dags/tasks/recsys_data_sync.py for tasks to queue
[2025-12-05T03:07:04.403+0000] {logging_mixin.py:154} INFO - [2025-12-05T03:07:04.403+0000] {dagbag.py:536} INFO - Filling up the DagBag from /opt/airflow/dags/tasks/recsys_data_sync.py
[2025-12-05T03:07:04.896+0000] {processor.py:841} WARNING - No viable dags retrieved from /opt/airflow/dags/tasks/recsys_data_sync.py
[2025-12-05T03:07:04.906+0000] {processor.py:179} INFO - Processing /opt/airflow/dags/tasks/recsys_data_sync.py took 0.510 seconds
[2025-12-05T03:07:35.402+0000] {processor.py:157} INFO - Started process (PID=243) to work on /opt/airflow/dags/tasks/recsys_data_sync.py
[2025-12-05T03:07:35.403+0000] {processor.py:829} INFO - Processing file /opt/airflow/dags/tasks/recsys_data_sync.py for tasks to queue
[2025-12-05T03:07:35.404+0000] {logging_mixin.py:154} INFO - [2025-12-05T03:07:35.404+0000] {dagbag.py:536} INFO - Filling up the DagBag from /opt/airflow/dags/tasks/recsys_data_sync.py
[2025-12-05T03:07:35.713+0000] {processor.py:841} WARNING - No viable dags retrieved from /opt/airflow/dags/tasks/recsys_data_sync.py
[2025-12-05T03:07:35.722+0000] {processor.py:179} INFO - Processing /opt/airflow/dags/tasks/recsys_data_sync.py took 0.323 seconds
[2025-12-05T03:08:06.623+0000] {processor.py:157} INFO - Started process (PID=337) to work on /opt/airflow/dags/tasks/recsys_data_sync.py
[2025-12-05T03:08:06.624+0000] {processor.py:829} INFO - Processing file /opt/airflow/dags/tasks/recsys_data_sync.py for tasks to queue
[2025-12-05T03:08:06.625+0000] {logging_mixin.py:154} INFO - [2025-12-05T03:08:06.625+0000] {dagbag.py:536} INFO - Filling up the DagBag from /opt/airflow/dags/tasks/recsys_data_sync.py
[2025-12-05T03:08:06.940+0000] {processor.py:841} WARNING - No viable dags retrieved from /opt/airflow/dags/tasks/recsys_data_sync.py
[2025-12-05T03:08:06.949+0000] {processor.py:179} INFO - Processing /opt/airflow/dags/tasks/recsys_data_sync.py took 0.329 seconds
[2025-12-05T03:08:37.843+0000] {processor.py:157} INFO - Started process (PID=671) to work on /opt/airflow/dags/tasks/recsys_data_sync.py
[2025-12-05T03:08:37.845+0000] {processor.py:829} INFO - Processing file /opt/airflow/dags/tasks/recsys_data_sync.py for tasks to queue
[2025-12-05T03:08:37.845+0000] {logging_mixin.py:154} INFO - [2025-12-05T03:08:37.845+0000] {dagbag.py:536} INFO - Filling up the DagBag from /opt/airflow/dags/tasks/recsys_data_sync.py
[2025-12-05T03:08:38.213+0000] {processor.py:841} WARNING - No viable dags retrieved from /opt/airflow/dags/tasks/recsys_data_sync.py
[2025-12-05T03:08:38.229+0000] {processor.py:179} INFO - Processing /opt/airflow/dags/tasks/recsys_data_sync.py took 0.389 seconds
[2025-12-05T03:09:08.985+0000] {processor.py:157} INFO - Started process (PID=849) to work on /opt/airflow/dags/tasks/recsys_data_sync.py
[2025-12-05T03:09:08.986+0000] {processor.py:829} INFO - Processing file /opt/airflow/dags/tasks/recsys_data_sync.py for tasks to queue
[2025-12-05T03:09:08.987+0000] {logging_mixin.py:154} INFO - [2025-12-05T03:09:08.987+0000] {dagbag.py:536} INFO - Filling up the DagBag from /opt/airflow/dags/tasks/recsys_data_sync.py
[2025-12-05T03:09:09.915+0000] {processor.py:841} WARNING - No viable dags retrieved from /opt/airflow/dags/tasks/recsys_data_sync.py
[2025-12-05T03:09:09.934+0000] {processor.py:179} INFO - Processing /opt/airflow/dags/tasks/recsys_data_sync.py took 0.955 seconds
[2025-12-05T03:09:40.032+0000] {processor.py:157} INFO - Started process (PID=925) to work on /opt/airflow/dags/tasks/recsys_data_sync.py
[2025-12-05T03:09:40.035+0000] {processor.py:829} INFO - Processing file /opt/airflow/dags/tasks/recsys_data_sync.py for tasks to queue
[2025-12-05T03:09:40.038+0000] {logging_mixin.py:154} INFO - [2025-12-05T03:09:40.037+0000] {dagbag.py:536} INFO - Filling up the DagBag from /opt/airflow/dags/tasks/recsys_data_sync.py
[2025-12-05T03:10:17.075+0000] {processor.py:157} INFO - Started process (PID=186) to work on /opt/airflow/dags/tasks/recsys_data_sync.py
[2025-12-05T03:10:17.076+0000] {processor.py:829} INFO - Processing file /opt/airflow/dags/tasks/recsys_data_sync.py for tasks to queue
[2025-12-05T03:10:17.077+0000] {logging_mixin.py:154} INFO - [2025-12-05T03:10:17.077+0000] {dagbag.py:536} INFO - Filling up the DagBag from /opt/airflow/dags/tasks/recsys_data_sync.py
[2025-12-05T03:10:17.437+0000] {processor.py:841} WARNING - No viable dags retrieved from /opt/airflow/dags/tasks/recsys_data_sync.py
[2025-12-05T03:10:17.448+0000] {processor.py:179} INFO - Processing /opt/airflow/dags/tasks/recsys_data_sync.py took 0.376 seconds
[2025-12-05T03:10:47.987+0000] {processor.py:157} INFO - Started process (PID=243) to work on /opt/airflow/dags/tasks/recsys_data_sync.py
[2025-12-05T03:10:47.988+0000] {processor.py:829} INFO - Processing file /opt/airflow/dags/tasks/recsys_data_sync.py for tasks to queue
[2025-12-05T03:10:47.989+0000] {logging_mixin.py:154} INFO - [2025-12-05T03:10:47.988+0000] {dagbag.py:536} INFO - Filling up the DagBag from /opt/airflow/dags/tasks/recsys_data_sync.py
[2025-12-05T03:10:48.345+0000] {processor.py:841} WARNING - No viable dags retrieved from /opt/airflow/dags/tasks/recsys_data_sync.py
[2025-12-05T03:10:48.356+0000] {processor.py:179} INFO - Processing /opt/airflow/dags/tasks/recsys_data_sync.py took 0.372 seconds
[2025-12-05T03:11:19.273+0000] {processor.py:157} INFO - Started process (PID=302) to work on /opt/airflow/dags/tasks/recsys_data_sync.py
[2025-12-05T03:11:19.274+0000] {processor.py:829} INFO - Processing file /opt/airflow/dags/tasks/recsys_data_sync.py for tasks to queue
[2025-12-05T03:11:19.274+0000] {logging_mixin.py:154} INFO - [2025-12-05T03:11:19.274+0000] {dagbag.py:536} INFO - Filling up the DagBag from /opt/airflow/dags/tasks/recsys_data_sync.py
[2025-12-05T03:11:19.552+0000] {processor.py:841} WARNING - No viable dags retrieved from /opt/airflow/dags/tasks/recsys_data_sync.py
[2025-12-05T03:11:19.561+0000] {processor.py:179} INFO - Processing /opt/airflow/dags/tasks/recsys_data_sync.py took 0.291 seconds
[2025-12-05T03:11:50.538+0000] {processor.py:157} INFO - Started process (PID=390) to work on /opt/airflow/dags/tasks/recsys_data_sync.py
[2025-12-05T03:11:50.540+0000] {processor.py:829} INFO - Processing file /opt/airflow/dags/tasks/recsys_data_sync.py for tasks to queue
[2025-12-05T03:11:50.541+0000] {logging_mixin.py:154} INFO - [2025-12-05T03:11:50.540+0000] {dagbag.py:536} INFO - Filling up the DagBag from /opt/airflow/dags/tasks/recsys_data_sync.py
[2025-12-05T03:11:50.927+0000] {processor.py:841} WARNING - No viable dags retrieved from /opt/airflow/dags/tasks/recsys_data_sync.py
[2025-12-05T03:11:50.937+0000] {processor.py:179} INFO - Processing /opt/airflow/dags/tasks/recsys_data_sync.py took 0.402 seconds
[2025-12-05T03:12:21.538+0000] {processor.py:157} INFO - Started process (PID=461) to work on /opt/airflow/dags/tasks/recsys_data_sync.py
[2025-12-05T03:12:21.539+0000] {processor.py:829} INFO - Processing file /opt/airflow/dags/tasks/recsys_data_sync.py for tasks to queue
[2025-12-05T03:12:21.540+0000] {logging_mixin.py:154} INFO - [2025-12-05T03:12:21.540+0000] {dagbag.py:536} INFO - Filling up the DagBag from /opt/airflow/dags/tasks/recsys_data_sync.py
[2025-12-05T03:12:21.851+0000] {processor.py:841} WARNING - No viable dags retrieved from /opt/airflow/dags/tasks/recsys_data_sync.py
[2025-12-05T03:12:21.861+0000] {processor.py:179} INFO - Processing /opt/airflow/dags/tasks/recsys_data_sync.py took 0.326 seconds
[2025-12-05T03:12:52.190+0000] {processor.py:157} INFO - Started process (PID=555) to work on /opt/airflow/dags/tasks/recsys_data_sync.py
[2025-12-05T03:12:52.191+0000] {processor.py:829} INFO - Processing file /opt/airflow/dags/tasks/recsys_data_sync.py for tasks to queue
[2025-12-05T03:12:52.192+0000] {logging_mixin.py:154} INFO - [2025-12-05T03:12:52.191+0000] {dagbag.py:536} INFO - Filling up the DagBag from /opt/airflow/dags/tasks/recsys_data_sync.py
[2025-12-05T03:12:52.558+0000] {processor.py:841} WARNING - No viable dags retrieved from /opt/airflow/dags/tasks/recsys_data_sync.py
[2025-12-05T03:12:52.571+0000] {processor.py:179} INFO - Processing /opt/airflow/dags/tasks/recsys_data_sync.py took 0.385 seconds
[2025-12-05T03:13:23.476+0000] {processor.py:157} INFO - Started process (PID=637) to work on /opt/airflow/dags/tasks/recsys_data_sync.py
[2025-12-05T03:13:23.477+0000] {processor.py:829} INFO - Processing file /opt/airflow/dags/tasks/recsys_data_sync.py for tasks to queue
[2025-12-05T03:13:23.478+0000] {logging_mixin.py:154} INFO - [2025-12-05T03:13:23.478+0000] {dagbag.py:536} INFO - Filling up the DagBag from /opt/airflow/dags/tasks/recsys_data_sync.py
[2025-12-05T03:13:23.770+0000] {processor.py:841} WARNING - No viable dags retrieved from /opt/airflow/dags/tasks/recsys_data_sync.py
[2025-12-05T03:13:23.780+0000] {processor.py:179} INFO - Processing /opt/airflow/dags/tasks/recsys_data_sync.py took 0.306 seconds
[2025-12-05T03:13:54.674+0000] {processor.py:157} INFO - Started process (PID=725) to work on /opt/airflow/dags/tasks/recsys_data_sync.py
[2025-12-05T03:13:54.676+0000] {processor.py:829} INFO - Processing file /opt/airflow/dags/tasks/recsys_data_sync.py for tasks to queue
[2025-12-05T03:13:54.677+0000] {logging_mixin.py:154} INFO - [2025-12-05T03:13:54.676+0000] {dagbag.py:536} INFO - Filling up the DagBag from /opt/airflow/dags/tasks/recsys_data_sync.py
[2025-12-05T03:13:55.023+0000] {processor.py:841} WARNING - No viable dags retrieved from /opt/airflow/dags/tasks/recsys_data_sync.py
[2025-12-05T03:13:55.032+0000] {processor.py:179} INFO - Processing /opt/airflow/dags/tasks/recsys_data_sync.py took 0.361 seconds
[2025-12-05T03:14:25.497+0000] {processor.py:157} INFO - Started process (PID=881) to work on /opt/airflow/dags/tasks/recsys_data_sync.py
[2025-12-05T03:14:25.498+0000] {processor.py:829} INFO - Processing file /opt/airflow/dags/tasks/recsys_data_sync.py for tasks to queue
[2025-12-05T03:14:25.499+0000] {logging_mixin.py:154} INFO - [2025-12-05T03:14:25.499+0000] {dagbag.py:536} INFO - Filling up the DagBag from /opt/airflow/dags/tasks/recsys_data_sync.py
[2025-12-05T03:14:25.866+0000] {processor.py:841} WARNING - No viable dags retrieved from /opt/airflow/dags/tasks/recsys_data_sync.py
[2025-12-05T03:14:25.878+0000] {processor.py:179} INFO - Processing /opt/airflow/dags/tasks/recsys_data_sync.py took 0.385 seconds
[2025-12-05T03:15:05.964+0000] {processor.py:157} INFO - Started process (PID=186) to work on /opt/airflow/dags/tasks/recsys_data_sync.py
[2025-12-05T03:15:05.965+0000] {processor.py:829} INFO - Processing file /opt/airflow/dags/tasks/recsys_data_sync.py for tasks to queue
[2025-12-05T03:15:05.966+0000] {logging_mixin.py:154} INFO - [2025-12-05T03:15:05.966+0000] {dagbag.py:536} INFO - Filling up the DagBag from /opt/airflow/dags/tasks/recsys_data_sync.py
[2025-12-05T03:15:06.360+0000] {processor.py:841} WARNING - No viable dags retrieved from /opt/airflow/dags/tasks/recsys_data_sync.py
[2025-12-05T03:15:06.372+0000] {processor.py:179} INFO - Processing /opt/airflow/dags/tasks/recsys_data_sync.py took 0.413 seconds
[2025-12-05T03:15:37.076+0000] {processor.py:157} INFO - Started process (PID=243) to work on /opt/airflow/dags/tasks/recsys_data_sync.py
[2025-12-05T03:15:37.078+0000] {processor.py:829} INFO - Processing file /opt/airflow/dags/tasks/recsys_data_sync.py for tasks to queue
[2025-12-05T03:15:37.079+0000] {logging_mixin.py:154} INFO - [2025-12-05T03:15:37.078+0000] {dagbag.py:536} INFO - Filling up the DagBag from /opt/airflow/dags/tasks/recsys_data_sync.py
[2025-12-05T03:15:37.419+0000] {processor.py:841} WARNING - No viable dags retrieved from /opt/airflow/dags/tasks/recsys_data_sync.py
[2025-12-05T03:15:37.428+0000] {processor.py:179} INFO - Processing /opt/airflow/dags/tasks/recsys_data_sync.py took 0.355 seconds
[2025-12-05T03:16:08.326+0000] {processor.py:157} INFO - Started process (PID=325) to work on /opt/airflow/dags/tasks/recsys_data_sync.py
[2025-12-05T03:16:08.327+0000] {processor.py:829} INFO - Processing file /opt/airflow/dags/tasks/recsys_data_sync.py for tasks to queue
[2025-12-05T03:16:08.328+0000] {logging_mixin.py:154} INFO - [2025-12-05T03:16:08.328+0000] {dagbag.py:536} INFO - Filling up the DagBag from /opt/airflow/dags/tasks/recsys_data_sync.py
[2025-12-05T03:16:08.628+0000] {processor.py:841} WARNING - No viable dags retrieved from /opt/airflow/dags/tasks/recsys_data_sync.py
[2025-12-05T03:16:08.637+0000] {processor.py:179} INFO - Processing /opt/airflow/dags/tasks/recsys_data_sync.py took 0.314 seconds
[2025-12-05T03:16:39.570+0000] {processor.py:157} INFO - Started process (PID=767) to work on /opt/airflow/dags/tasks/recsys_data_sync.py
[2025-12-05T03:16:39.576+0000] {processor.py:829} INFO - Processing file /opt/airflow/dags/tasks/recsys_data_sync.py for tasks to queue
[2025-12-05T03:16:39.577+0000] {logging_mixin.py:154} INFO - [2025-12-05T03:16:39.577+0000] {dagbag.py:536} INFO - Filling up the DagBag from /opt/airflow/dags/tasks/recsys_data_sync.py
[2025-12-05T03:16:40.119+0000] {processor.py:841} WARNING - No viable dags retrieved from /opt/airflow/dags/tasks/recsys_data_sync.py
[2025-12-05T03:16:40.133+0000] {processor.py:179} INFO - Processing /opt/airflow/dags/tasks/recsys_data_sync.py took 0.567 seconds
[2025-12-05T03:17:10.337+0000] {processor.py:157} INFO - Started process (PID=842) to work on /opt/airflow/dags/tasks/recsys_data_sync.py
[2025-12-05T03:17:10.338+0000] {processor.py:829} INFO - Processing file /opt/airflow/dags/tasks/recsys_data_sync.py for tasks to queue
[2025-12-05T03:17:10.339+0000] {logging_mixin.py:154} INFO - [2025-12-05T03:17:10.339+0000] {dagbag.py:536} INFO - Filling up the DagBag from /opt/airflow/dags/tasks/recsys_data_sync.py
[2025-12-05T03:17:10.876+0000] {processor.py:841} WARNING - No viable dags retrieved from /opt/airflow/dags/tasks/recsys_data_sync.py
[2025-12-05T03:17:10.893+0000] {processor.py:179} INFO - Processing /opt/airflow/dags/tasks/recsys_data_sync.py took 0.564 seconds
[2025-12-05T03:17:41.223+0000] {processor.py:157} INFO - Started process (PID=901) to work on /opt/airflow/dags/tasks/recsys_data_sync.py
[2025-12-05T03:17:41.227+0000] {processor.py:829} INFO - Processing file /opt/airflow/dags/tasks/recsys_data_sync.py for tasks to queue
[2025-12-05T03:17:41.228+0000] {logging_mixin.py:154} INFO - [2025-12-05T03:17:41.228+0000] {dagbag.py:536} INFO - Filling up the DagBag from /opt/airflow/dags/tasks/recsys_data_sync.py
[2025-12-05T03:17:41.918+0000] {processor.py:841} WARNING - No viable dags retrieved from /opt/airflow/dags/tasks/recsys_data_sync.py
[2025-12-05T03:17:41.941+0000] {processor.py:179} INFO - Processing /opt/airflow/dags/tasks/recsys_data_sync.py took 0.722 seconds
[2025-12-05T03:18:16.442+0000] {processor.py:157} INFO - Started process (PID=187) to work on /opt/airflow/dags/tasks/recsys_data_sync.py
[2025-12-05T03:18:16.443+0000] {processor.py:829} INFO - Processing file /opt/airflow/dags/tasks/recsys_data_sync.py for tasks to queue
[2025-12-05T03:18:16.444+0000] {logging_mixin.py:154} INFO - [2025-12-05T03:18:16.444+0000] {dagbag.py:536} INFO - Filling up the DagBag from /opt/airflow/dags/tasks/recsys_data_sync.py
[2025-12-05T03:18:16.807+0000] {processor.py:841} WARNING - No viable dags retrieved from /opt/airflow/dags/tasks/recsys_data_sync.py
[2025-12-05T03:18:16.817+0000] {processor.py:179} INFO - Processing /opt/airflow/dags/tasks/recsys_data_sync.py took 0.377 seconds
[2025-12-05T03:18:47.470+0000] {processor.py:157} INFO - Started process (PID=244) to work on /opt/airflow/dags/tasks/recsys_data_sync.py
[2025-12-05T03:18:47.471+0000] {processor.py:829} INFO - Processing file /opt/airflow/dags/tasks/recsys_data_sync.py for tasks to queue
[2025-12-05T03:18:47.472+0000] {logging_mixin.py:154} INFO - [2025-12-05T03:18:47.472+0000] {dagbag.py:536} INFO - Filling up the DagBag from /opt/airflow/dags/tasks/recsys_data_sync.py
[2025-12-05T03:18:47.793+0000] {processor.py:841} WARNING - No viable dags retrieved from /opt/airflow/dags/tasks/recsys_data_sync.py
[2025-12-05T03:18:47.803+0000] {processor.py:179} INFO - Processing /opt/airflow/dags/tasks/recsys_data_sync.py took 0.335 seconds
[2025-12-05T03:19:18.403+0000] {processor.py:157} INFO - Started process (PID=386) to work on /opt/airflow/dags/tasks/recsys_data_sync.py
[2025-12-05T03:19:18.405+0000] {processor.py:829} INFO - Processing file /opt/airflow/dags/tasks/recsys_data_sync.py for tasks to queue
[2025-12-05T03:19:18.405+0000] {logging_mixin.py:154} INFO - [2025-12-05T03:19:18.405+0000] {dagbag.py:536} INFO - Filling up the DagBag from /opt/airflow/dags/tasks/recsys_data_sync.py
[2025-12-05T03:19:18.760+0000] {processor.py:841} WARNING - No viable dags retrieved from /opt/airflow/dags/tasks/recsys_data_sync.py
[2025-12-05T03:19:18.769+0000] {processor.py:179} INFO - Processing /opt/airflow/dags/tasks/recsys_data_sync.py took 0.369 seconds
[2025-12-05T03:19:49.544+0000] {processor.py:157} INFO - Started process (PID=569) to work on /opt/airflow/dags/tasks/recsys_data_sync.py
[2025-12-05T03:19:49.545+0000] {processor.py:829} INFO - Processing file /opt/airflow/dags/tasks/recsys_data_sync.py for tasks to queue
[2025-12-05T03:19:49.546+0000] {logging_mixin.py:154} INFO - [2025-12-05T03:19:49.546+0000] {dagbag.py:536} INFO - Filling up the DagBag from /opt/airflow/dags/tasks/recsys_data_sync.py
[2025-12-05T03:19:50.008+0000] {processor.py:841} WARNING - No viable dags retrieved from /opt/airflow/dags/tasks/recsys_data_sync.py
[2025-12-05T03:19:50.019+0000] {processor.py:179} INFO - Processing /opt/airflow/dags/tasks/recsys_data_sync.py took 0.479 seconds
[2025-12-05T03:20:20.790+0000] {processor.py:157} INFO - Started process (PID=628) to work on /opt/airflow/dags/tasks/recsys_data_sync.py
[2025-12-05T03:20:20.797+0000] {processor.py:829} INFO - Processing file /opt/airflow/dags/tasks/recsys_data_sync.py for tasks to queue
[2025-12-05T03:20:20.798+0000] {logging_mixin.py:154} INFO - [2025-12-05T03:20:20.798+0000] {dagbag.py:536} INFO - Filling up the DagBag from /opt/airflow/dags/tasks/recsys_data_sync.py
[2025-12-05T03:20:21.180+0000] {processor.py:841} WARNING - No viable dags retrieved from /opt/airflow/dags/tasks/recsys_data_sync.py
[2025-12-05T03:20:21.197+0000] {processor.py:179} INFO - Processing /opt/airflow/dags/tasks/recsys_data_sync.py took 0.411 seconds
[2025-12-05T03:20:52.026+0000] {processor.py:157} INFO - Started process (PID=798) to work on /opt/airflow/dags/tasks/recsys_data_sync.py
[2025-12-05T03:20:52.027+0000] {processor.py:829} INFO - Processing file /opt/airflow/dags/tasks/recsys_data_sync.py for tasks to queue
[2025-12-05T03:20:52.027+0000] {logging_mixin.py:154} INFO - [2025-12-05T03:20:52.027+0000] {dagbag.py:536} INFO - Filling up the DagBag from /opt/airflow/dags/tasks/recsys_data_sync.py
[2025-12-05T03:20:52.324+0000] {processor.py:841} WARNING - No viable dags retrieved from /opt/airflow/dags/tasks/recsys_data_sync.py
[2025-12-05T03:20:52.333+0000] {processor.py:179} INFO - Processing /opt/airflow/dags/tasks/recsys_data_sync.py took 0.310 seconds
[2025-12-05T03:21:23.237+0000] {processor.py:157} INFO - Started process (PID=857) to work on /opt/airflow/dags/tasks/recsys_data_sync.py
[2025-12-05T03:21:23.239+0000] {processor.py:829} INFO - Processing file /opt/airflow/dags/tasks/recsys_data_sync.py for tasks to queue
[2025-12-05T03:21:23.239+0000] {logging_mixin.py:154} INFO - [2025-12-05T03:21:23.239+0000] {dagbag.py:536} INFO - Filling up the DagBag from /opt/airflow/dags/tasks/recsys_data_sync.py
[2025-12-05T03:21:23.589+0000] {processor.py:841} WARNING - No viable dags retrieved from /opt/airflow/dags/tasks/recsys_data_sync.py
[2025-12-05T03:21:23.599+0000] {processor.py:179} INFO - Processing /opt/airflow/dags/tasks/recsys_data_sync.py took 0.364 seconds
[2025-12-05T03:21:54.456+0000] {processor.py:157} INFO - Started process (PID=915) to work on /opt/airflow/dags/tasks/recsys_data_sync.py
[2025-12-05T03:21:54.457+0000] {processor.py:829} INFO - Processing file /opt/airflow/dags/tasks/recsys_data_sync.py for tasks to queue
[2025-12-05T03:21:54.458+0000] {logging_mixin.py:154} INFO - [2025-12-05T03:21:54.458+0000] {dagbag.py:536} INFO - Filling up the DagBag from /opt/airflow/dags/tasks/recsys_data_sync.py
[2025-12-05T03:21:54.755+0000] {processor.py:841} WARNING - No viable dags retrieved from /opt/airflow/dags/tasks/recsys_data_sync.py
[2025-12-05T03:21:54.764+0000] {processor.py:179} INFO - Processing /opt/airflow/dags/tasks/recsys_data_sync.py took 0.311 seconds
[2025-12-05T03:22:25.680+0000] {processor.py:157} INFO - Started process (PID=975) to work on /opt/airflow/dags/tasks/recsys_data_sync.py
[2025-12-05T03:22:25.681+0000] {processor.py:829} INFO - Processing file /opt/airflow/dags/tasks/recsys_data_sync.py for tasks to queue
[2025-12-05T03:22:25.682+0000] {logging_mixin.py:154} INFO - [2025-12-05T03:22:25.682+0000] {dagbag.py:536} INFO - Filling up the DagBag from /opt/airflow/dags/tasks/recsys_data_sync.py
[2025-12-05T03:22:25.998+0000] {processor.py:841} WARNING - No viable dags retrieved from /opt/airflow/dags/tasks/recsys_data_sync.py
[2025-12-05T03:22:26.009+0000] {processor.py:179} INFO - Processing /opt/airflow/dags/tasks/recsys_data_sync.py took 0.332 seconds
[2025-12-05T03:22:56.860+0000] {processor.py:157} INFO - Started process (PID=1093) to work on /opt/airflow/dags/tasks/recsys_data_sync.py
[2025-12-05T03:22:56.861+0000] {processor.py:829} INFO - Processing file /opt/airflow/dags/tasks/recsys_data_sync.py for tasks to queue
[2025-12-05T03:22:56.861+0000] {logging_mixin.py:154} INFO - [2025-12-05T03:22:56.861+0000] {dagbag.py:536} INFO - Filling up the DagBag from /opt/airflow/dags/tasks/recsys_data_sync.py
[2025-12-05T03:22:56.302+0000] {processor.py:841} WARNING - No viable dags retrieved from /opt/airflow/dags/tasks/recsys_data_sync.py
[2025-12-05T03:22:56.311+0000] {processor.py:179} INFO - Processing /opt/airflow/dags/tasks/recsys_data_sync.py took 0.326 seconds
[2025-12-05T03:23:26.826+0000] {processor.py:157} INFO - Started process (PID=1303) to work on /opt/airflow/dags/tasks/recsys_data_sync.py
[2025-12-05T03:23:26.830+0000] {processor.py:829} INFO - Processing file /opt/airflow/dags/tasks/recsys_data_sync.py for tasks to queue
[2025-12-05T03:23:26.831+0000] {logging_mixin.py:154} INFO - [2025-12-05T03:23:26.831+0000] {dagbag.py:536} INFO - Filling up the DagBag from /opt/airflow/dags/tasks/recsys_data_sync.py
[2025-12-05T03:23:27.236+0000] {processor.py:841} WARNING - No viable dags retrieved from /opt/airflow/dags/tasks/recsys_data_sync.py
[2025-12-05T03:23:27.255+0000] {processor.py:179} INFO - Processing /opt/airflow/dags/tasks/recsys_data_sync.py took 0.432 seconds
[2025-12-05T03:23:58.234+0000] {processor.py:157} INFO - Started process (PID=1476) to work on /opt/airflow/dags/tasks/recsys_data_sync.py
[2025-12-05T03:23:58.236+0000] {processor.py:829} INFO - Processing file /opt/airflow/dags/tasks/recsys_data_sync.py for tasks to queue
[2025-12-05T03:23:58.236+0000] {logging_mixin.py:154} INFO - [2025-12-05T03:23:58.236+0000] {dagbag.py:536} INFO - Filling up the DagBag from /opt/airflow/dags/tasks/recsys_data_sync.py
[2025-12-05T03:23:58.537+0000] {processor.py:841} WARNING - No viable dags retrieved from /opt/airflow/dags/tasks/recsys_data_sync.py
[2025-12-05T03:23:58.545+0000] {processor.py:179} INFO - Processing /opt/airflow/dags/tasks/recsys_data_sync.py took 0.314 seconds
[2025-12-05T03:24:29.457+0000] {processor.py:157} INFO - Started process (PID=1535) to work on /opt/airflow/dags/tasks/recsys_data_sync.py
[2025-12-05T03:24:29.459+0000] {processor.py:829} INFO - Processing file /opt/airflow/dags/tasks/recsys_data_sync.py for tasks to queue
[2025-12-05T03:24:29.460+0000] {logging_mixin.py:154} INFO - [2025-12-05T03:24:29.460+0000] {dagbag.py:536} INFO - Filling up the DagBag from /opt/airflow/dags/tasks/recsys_data_sync.py
[2025-12-05T03:24:29.779+0000] {processor.py:841} WARNING - No viable dags retrieved from /opt/airflow/dags/tasks/recsys_data_sync.py
[2025-12-05T03:24:29.794+0000] {processor.py:179} INFO - Processing /opt/airflow/dags/tasks/recsys_data_sync.py took 0.340 seconds
[2025-12-05T03:25:00.723+0000] {processor.py:157} INFO - Started process (PID=1600) to work on /opt/airflow/dags/tasks/recsys_data_sync.py
[2025-12-05T03:25:00.724+0000] {processor.py:829} INFO - Processing file /opt/airflow/dags/tasks/recsys_data_sync.py for tasks to queue
[2025-12-05T03:25:00.725+0000] {logging_mixin.py:154} INFO - [2025-12-05T03:25:00.725+0000] {dagbag.py:536} INFO - Filling up the DagBag from /opt/airflow/dags/tasks/recsys_data_sync.py
[2025-12-05T03:25:01.057+0000] {processor.py:841} WARNING - No viable dags retrieved from /opt/airflow/dags/tasks/recsys_data_sync.py
[2025-12-05T03:25:01.067+0000] {processor.py:179} INFO - Processing /opt/airflow/dags/tasks/recsys_data_sync.py took 0.347 seconds
[2025-12-05T03:25:31.966+0000] {processor.py:157} INFO - Started process (PID=1777) to work on /opt/airflow/dags/tasks/recsys_data_sync.py
[2025-12-05T03:25:31.967+0000] {processor.py:829} INFO - Processing file /opt/airflow/dags/tasks/recsys_data_sync.py for tasks to queue
[2025-12-05T03:25:31.968+0000] {logging_mixin.py:154} INFO - [2025-12-05T03:25:31.967+0000] {dagbag.py:536} INFO - Filling up the DagBag from /opt/airflow/dags/tasks/recsys_data_sync.py
[2025-12-05T03:25:32.267+0000] {processor.py:841} WARNING - No viable dags retrieved from /opt/airflow/dags/tasks/recsys_data_sync.py
[2025-12-05T03:25:32.286+0000] {processor.py:179} INFO - Processing /opt/airflow/dags/tasks/recsys_data_sync.py took 0.322 seconds
[2025-12-05T03:26:02.947+0000] {processor.py:157} INFO - Started process (PID=1990) to work on /opt/airflow/dags/tasks/recsys_data_sync.py
[2025-12-05T03:26:02.949+0000] {processor.py:829} INFO - Processing file /opt/airflow/dags/tasks/recsys_data_sync.py for tasks to queue
[2025-12-05T03:26:02.949+0000] {logging_mixin.py:154} INFO - [2025-12-05T03:26:02.949+0000] {dagbag.py:536} INFO - Filling up the DagBag from /opt/airflow/dags/tasks/recsys_data_sync.py
[2025-12-05T03:26:03.297+0000] {processor.py:841} WARNING - No viable dags retrieved from /opt/airflow/dags/tasks/recsys_data_sync.py
[2025-12-05T03:26:03.308+0000] {processor.py:179} INFO - Processing /opt/airflow/dags/tasks/recsys_data_sync.py took 0.364 seconds
[2025-12-05T03:26:34.211+0000] {processor.py:157} INFO - Started process (PID=2084) to work on /opt/airflow/dags/tasks/recsys_data_sync.py
[2025-12-05T03:26:34.212+0000] {processor.py:829} INFO - Processing file /opt/airflow/dags/tasks/recsys_data_sync.py for tasks to queue
[2025-12-05T03:26:34.212+0000] {logging_mixin.py:154} INFO - [2025-12-05T03:26:34.212+0000] {dagbag.py:536} INFO - Filling up the DagBag from /opt/airflow/dags/tasks/recsys_data_sync.py
[2025-12-05T03:26:34.547+0000] {processor.py:841} WARNING - No viable dags retrieved from /opt/airflow/dags/tasks/recsys_data_sync.py
[2025-12-05T03:26:34.557+0000] {processor.py:179} INFO - Processing /opt/airflow/dags/tasks/recsys_data_sync.py took 0.350 seconds
[2025-12-05T03:27:05.441+0000] {processor.py:157} INFO - Started process (PID=2144) to work on /opt/airflow/dags/tasks/recsys_data_sync.py
[2025-12-05T03:27:05.442+0000] {processor.py:829} INFO - Processing file /opt/airflow/dags/tasks/recsys_data_sync.py for tasks to queue
[2025-12-05T03:27:05.443+0000] {logging_mixin.py:154} INFO - [2025-12-05T03:27:05.442+0000] {dagbag.py:536} INFO - Filling up the DagBag from /opt/airflow/dags/tasks/recsys_data_sync.py
[2025-12-05T03:27:05.727+0000] {processor.py:841} WARNING - No viable dags retrieved from /opt/airflow/dags/tasks/recsys_data_sync.py
[2025-12-05T03:27:05.736+0000] {processor.py:179} INFO - Processing /opt/airflow/dags/tasks/recsys_data_sync.py took 0.297 seconds
[2025-12-05T03:27:36.340+0000] {processor.py:157} INFO - Started process (PID=2400) to work on /opt/airflow/dags/tasks/recsys_data_sync.py
[2025-12-05T03:27:36.348+0000] {processor.py:829} INFO - Processing file /opt/airflow/dags/tasks/recsys_data_sync.py for tasks to queue
[2025-12-05T03:27:36.348+0000] {logging_mixin.py:154} INFO - [2025-12-05T03:27:36.348+0000] {dagbag.py:536} INFO - Filling up the DagBag from /opt/airflow/dags/tasks/recsys_data_sync.py
[2025-12-05T03:27:36.728+0000] {processor.py:841} WARNING - No viable dags retrieved from /opt/airflow/dags/tasks/recsys_data_sync.py
[2025-12-05T03:27:36.738+0000] {processor.py:179} INFO - Processing /opt/airflow/dags/tasks/recsys_data_sync.py took 0.401 seconds
[2025-12-05T03:28:07.708+0000] {processor.py:157} INFO - Started process (PID=2576) to work on /opt/airflow/dags/tasks/recsys_data_sync.py
[2025-12-05T03:28:07.709+0000] {processor.py:829} INFO - Processing file /opt/airflow/dags/tasks/recsys_data_sync.py for tasks to queue
[2025-12-05T03:28:07.710+0000] {logging_mixin.py:154} INFO - [2025-12-05T03:28:07.710+0000] {dagbag.py:536} INFO - Filling up the DagBag from /opt/airflow/dags/tasks/recsys_data_sync.py
[2025-12-05T03:28:08.026+0000] {processor.py:841} WARNING - No viable dags retrieved from /opt/airflow/dags/tasks/recsys_data_sync.py
[2025-12-05T03:28:08.038+0000] {processor.py:179} INFO - Processing /opt/airflow/dags/tasks/recsys_data_sync.py took 0.333 seconds
[2025-12-05T03:28:38.960+0000] {processor.py:157} INFO - Started process (PID=2635) to work on /opt/airflow/dags/tasks/recsys_data_sync.py
[2025-12-05T03:28:38.961+0000] {processor.py:829} INFO - Processing file /opt/airflow/dags/tasks/recsys_data_sync.py for tasks to queue
[2025-12-05T03:28:38.962+0000] {logging_mixin.py:154} INFO - [2025-12-05T03:28:38.961+0000] {dagbag.py:536} INFO - Filling up the DagBag from /opt/airflow/dags/tasks/recsys_data_sync.py
[2025-12-05T03:28:39.261+0000] {processor.py:841} WARNING - No viable dags retrieved from /opt/airflow/dags/tasks/recsys_data_sync.py
[2025-12-05T03:28:39.271+0000] {processor.py:179} INFO - Processing /opt/airflow/dags/tasks/recsys_data_sync.py took 0.313 seconds
[2025-12-05T03:29:10.237+0000] {processor.py:157} INFO - Started process (PID=2700) to work on /opt/airflow/dags/tasks/recsys_data_sync.py
[2025-12-05T03:29:10.239+0000] {processor.py:829} INFO - Processing file /opt/airflow/dags/tasks/recsys_data_sync.py for tasks to queue
[2025-12-05T03:29:10.241+0000] {logging_mixin.py:154} INFO - [2025-12-05T03:29:10.240+0000] {dagbag.py:536} INFO - Filling up the DagBag from /opt/airflow/dags/tasks/recsys_data_sync.py
[2025-12-05T03:29:10.567+0000] {processor.py:841} WARNING - No viable dags retrieved from /opt/airflow/dags/tasks/recsys_data_sync.py
[2025-12-05T03:29:10.577+0000] {processor.py:179} INFO - Processing /opt/airflow/dags/tasks/recsys_data_sync.py took 0.345 seconds
[2025-12-05T03:29:40.844+0000] {processor.py:157} INFO - Started process (PID=2758) to work on /opt/airflow/dags/tasks/recsys_data_sync.py
[2025-12-05T03:29:40.846+0000] {processor.py:829} INFO - Processing file /opt/airflow/dags/tasks/recsys_data_sync.py for tasks to queue
[2025-12-05T03:29:40.846+0000] {logging_mixin.py:154} INFO - [2025-12-05T03:29:40.846+0000] {dagbag.py:536} INFO - Filling up the DagBag from /opt/airflow/dags/tasks/recsys_data_sync.py
[2025-12-05T03:29:41.152+0000] {processor.py:841} WARNING - No viable dags retrieved from /opt/airflow/dags/tasks/recsys_data_sync.py
[2025-12-05T03:29:41.163+0000] {processor.py:179} INFO - Processing /opt/airflow/dags/tasks/recsys_data_sync.py took 0.321 seconds
[2025-12-05T03:30:11.394+0000] {processor.py:157} INFO - Started process (PID=2906) to work on /opt/airflow/dags/tasks/recsys_data_sync.py
[2025-12-05T03:30:11.395+0000] {processor.py:829} INFO - Processing file /opt/airflow/dags/tasks/recsys_data_sync.py for tasks to queue
[2025-12-05T03:30:11.396+0000] {logging_mixin.py:154} INFO - [2025-12-05T03:30:11.396+0000] {dagbag.py:536} INFO - Filling up the DagBag from /opt/airflow/dags/tasks/recsys_data_sync.py
[2025-12-05T03:30:11.740+0000] {processor.py:841} WARNING - No viable dags retrieved from /opt/airflow/dags/tasks/recsys_data_sync.py
[2025-12-05T03:30:11.750+0000] {processor.py:179} INFO - Processing /opt/airflow/dags/tasks/recsys_data_sync.py took 0.359 seconds
[2025-12-05T03:30:42.321+0000] {processor.py:157} INFO - Started process (PID=3065) to work on /opt/airflow/dags/tasks/recsys_data_sync.py
[2025-12-05T03:30:42.326+0000] {processor.py:829} INFO - Processing file /opt/airflow/dags/tasks/recsys_data_sync.py for tasks to queue
[2025-12-05T03:30:42.327+0000] {logging_mixin.py:154} INFO - [2025-12-05T03:30:42.326+0000] {dagbag.py:536} INFO - Filling up the DagBag from /opt/airflow/dags/tasks/recsys_data_sync.py
[2025-12-05T03:30:42.724+0000] {processor.py:841} WARNING - No viable dags retrieved from /opt/airflow/dags/tasks/recsys_data_sync.py
[2025-12-05T03:30:42.734+0000] {processor.py:179} INFO - Processing /opt/airflow/dags/tasks/recsys_data_sync.py took 0.417 seconds
[2025-12-05T03:31:12.909+0000] {processor.py:157} INFO - Started process (PID=3241) to work on /opt/airflow/dags/tasks/recsys_data_sync.py
[2025-12-05T03:31:12.911+0000] {processor.py:829} INFO - Processing file /opt/airflow/dags/tasks/recsys_data_sync.py for tasks to queue
[2025-12-05T03:31:12.911+0000] {logging_mixin.py:154} INFO - [2025-12-05T03:31:12.911+0000] {dagbag.py:536} INFO - Filling up the DagBag from /opt/airflow/dags/tasks/recsys_data_sync.py
[2025-12-05T03:31:13.237+0000] {processor.py:841} WARNING - No viable dags retrieved from /opt/airflow/dags/tasks/recsys_data_sync.py
[2025-12-05T03:31:13.247+0000] {processor.py:179} INFO - Processing /opt/airflow/dags/tasks/recsys_data_sync.py took 0.341 seconds
[2025-12-05T03:31:43.508+0000] {processor.py:157} INFO - Started process (PID=3306) to work on /opt/airflow/dags/tasks/recsys_data_sync.py
[2025-12-05T03:31:43.509+0000] {processor.py:829} INFO - Processing file /opt/airflow/dags/tasks/recsys_data_sync.py for tasks to queue
[2025-12-05T03:31:43.509+0000] {logging_mixin.py:154} INFO - [2025-12-05T03:31:43.509+0000] {dagbag.py:536} INFO - Filling up the DagBag from /opt/airflow/dags/tasks/recsys_data_sync.py
[2025-12-05T03:31:43.833+0000] {processor.py:841} WARNING - No viable dags retrieved from /opt/airflow/dags/tasks/recsys_data_sync.py
[2025-12-05T03:31:43.843+0000] {processor.py:179} INFO - Processing /opt/airflow/dags/tasks/recsys_data_sync.py took 0.338 seconds
[2025-12-05T03:32:14.303+0000] {processor.py:157} INFO - Started process (PID=3365) to work on /opt/airflow/dags/tasks/recsys_data_sync.py
[2025-12-05T03:32:14.304+0000] {processor.py:829} INFO - Processing file /opt/airflow/dags/tasks/recsys_data_sync.py for tasks to queue
[2025-12-05T03:32:14.305+0000] {logging_mixin.py:154} INFO - [2025-12-05T03:32:14.305+0000] {dagbag.py:536} INFO - Filling up the DagBag from /opt/airflow/dags/tasks/recsys_data_sync.py
[2025-12-05T03:32:14.629+0000] {processor.py:841} WARNING - No viable dags retrieved from /opt/airflow/dags/tasks/recsys_data_sync.py
[2025-12-05T03:32:14.639+0000] {processor.py:179} INFO - Processing /opt/airflow/dags/tasks/recsys_data_sync.py took 0.340 seconds
[2025-12-05T03:32:44.688+0000] {processor.py:157} INFO - Started process (PID=3424) to work on /opt/airflow/dags/tasks/recsys_data_sync.py
[2025-12-05T03:32:44.689+0000] {processor.py:829} INFO - Processing file /opt/airflow/dags/tasks/recsys_data_sync.py for tasks to queue
[2025-12-05T03:32:44.690+0000] {logging_mixin.py:154} INFO - [2025-12-05T03:32:44.690+0000] {dagbag.py:536} INFO - Filling up the DagBag from /opt/airflow/dags/tasks/recsys_data_sync.py
[2025-12-05T03:32:44.970+0000] {processor.py:841} WARNING - No viable dags retrieved from /opt/airflow/dags/tasks/recsys_data_sync.py
[2025-12-05T03:32:44.979+0000] {processor.py:179} INFO - Processing /opt/airflow/dags/tasks/recsys_data_sync.py took 0.293 seconds
[2025-12-05T03:33:15.544+0000] {processor.py:157} INFO - Started process (PID=3483) to work on /opt/airflow/dags/tasks/recsys_data_sync.py
[2025-12-05T03:33:15.545+0000] {processor.py:829} INFO - Processing file /opt/airflow/dags/tasks/recsys_data_sync.py for tasks to queue
[2025-12-05T03:33:15.545+0000] {logging_mixin.py:154} INFO - [2025-12-05T03:33:15.545+0000] {dagbag.py:536} INFO - Filling up the DagBag from /opt/airflow/dags/tasks/recsys_data_sync.py
[2025-12-05T03:33:15.829+0000] {processor.py:841} WARNING - No viable dags retrieved from /opt/airflow/dags/tasks/recsys_data_sync.py
[2025-12-05T03:33:15.838+0000] {processor.py:179} INFO - Processing /opt/airflow/dags/tasks/recsys_data_sync.py took 0.297 seconds
[2025-12-05T03:33:46.207+0000] {processor.py:157} INFO - Started process (PID=3542) to work on /opt/airflow/dags/tasks/recsys_data_sync.py
[2025-12-05T03:33:46.208+0000] {processor.py:829} INFO - Processing file /opt/airflow/dags/tasks/recsys_data_sync.py for tasks to queue
[2025-12-05T03:33:46.208+0000] {logging_mixin.py:154} INFO - [2025-12-05T03:33:46.208+0000] {dagbag.py:536} INFO - Filling up the DagBag from /opt/airflow/dags/tasks/recsys_data_sync.py
[2025-12-05T03:33:46.480+0000] {processor.py:841} WARNING - No viable dags retrieved from /opt/airflow/dags/tasks/recsys_data_sync.py
[2025-12-05T03:33:46.490+0000] {processor.py:179} INFO - Processing /opt/airflow/dags/tasks/recsys_data_sync.py took 0.286 seconds
