[2025-10-28T21:24:41.794+0000] {processor.py:157} INFO - Started process (PID=175) to work on /opt/airflow/dags/utils/helpers.py
[2025-10-28T21:24:41.811+0000] {processor.py:829} INFO - Processing file /opt/airflow/dags/utils/helpers.py for tasks to queue
[2025-10-28T21:24:41.814+0000] {logging_mixin.py:154} INFO - [2025-10-28T21:24:41.814+0000] {dagbag.py:536} INFO - Filling up the DagBag from /opt/airflow/dags/utils/helpers.py
[2025-10-28T21:24:41.834+0000] {processor.py:841} WARNING - No viable dags retrieved from /opt/airflow/dags/utils/helpers.py
[2025-10-28T21:24:41.927+0000] {processor.py:179} INFO - Processing /opt/airflow/dags/utils/helpers.py took 0.178 seconds
[2025-10-28T21:25:12.243+0000] {processor.py:157} INFO - Started process (PID=222) to work on /opt/airflow/dags/utils/helpers.py
[2025-10-28T21:25:12.245+0000] {processor.py:829} INFO - Processing file /opt/airflow/dags/utils/helpers.py for tasks to queue
[2025-10-28T21:25:12.247+0000] {logging_mixin.py:154} INFO - [2025-10-28T21:25:12.247+0000] {dagbag.py:536} INFO - Filling up the DagBag from /opt/airflow/dags/utils/helpers.py
[2025-10-28T21:25:12.260+0000] {processor.py:841} WARNING - No viable dags retrieved from /opt/airflow/dags/utils/helpers.py
[2025-10-28T21:25:12.300+0000] {processor.py:179} INFO - Processing /opt/airflow/dags/utils/helpers.py took 0.065 seconds
[2025-10-28T21:25:42.971+0000] {processor.py:157} INFO - Started process (PID=270) to work on /opt/airflow/dags/utils/helpers.py
[2025-10-28T21:25:42.973+0000] {processor.py:829} INFO - Processing file /opt/airflow/dags/utils/helpers.py for tasks to queue
[2025-10-28T21:25:42.974+0000] {logging_mixin.py:154} INFO - [2025-10-28T21:25:42.974+0000] {dagbag.py:536} INFO - Filling up the DagBag from /opt/airflow/dags/utils/helpers.py
[2025-10-28T21:25:42.988+0000] {processor.py:841} WARNING - No viable dags retrieved from /opt/airflow/dags/utils/helpers.py
[2025-10-28T21:25:43.007+0000] {processor.py:179} INFO - Processing /opt/airflow/dags/utils/helpers.py took 0.042 seconds
[2025-10-28T21:26:13.695+0000] {processor.py:157} INFO - Started process (PID=345) to work on /opt/airflow/dags/utils/helpers.py
[2025-10-28T21:26:13.722+0000] {processor.py:829} INFO - Processing file /opt/airflow/dags/utils/helpers.py for tasks to queue
[2025-10-28T21:26:13.742+0000] {logging_mixin.py:154} INFO - [2025-10-28T21:26:13.741+0000] {dagbag.py:536} INFO - Filling up the DagBag from /opt/airflow/dags/utils/helpers.py
[2025-10-28T21:26:13.787+0000] {processor.py:841} WARNING - No viable dags retrieved from /opt/airflow/dags/utils/helpers.py
[2025-10-28T21:26:13.897+0000] {processor.py:179} INFO - Processing /opt/airflow/dags/utils/helpers.py took 0.238 seconds
[2025-10-28T21:26:44.935+0000] {processor.py:157} INFO - Started process (PID=573) to work on /opt/airflow/dags/utils/helpers.py
[2025-10-28T21:26:44.943+0000] {processor.py:829} INFO - Processing file /opt/airflow/dags/utils/helpers.py for tasks to queue
[2025-10-28T21:26:44.949+0000] {logging_mixin.py:154} INFO - [2025-10-28T21:26:44.946+0000] {dagbag.py:536} INFO - Filling up the DagBag from /opt/airflow/dags/utils/helpers.py
[2025-10-28T21:26:44.962+0000] {processor.py:841} WARNING - No viable dags retrieved from /opt/airflow/dags/utils/helpers.py
[2025-10-28T21:26:45.047+0000] {processor.py:179} INFO - Processing /opt/airflow/dags/utils/helpers.py took 0.137 seconds
[2025-10-28T21:27:15.605+0000] {processor.py:157} INFO - Started process (PID=653) to work on /opt/airflow/dags/utils/helpers.py
[2025-10-28T21:27:15.607+0000] {processor.py:829} INFO - Processing file /opt/airflow/dags/utils/helpers.py for tasks to queue
[2025-10-28T21:27:15.609+0000] {logging_mixin.py:154} INFO - [2025-10-28T21:27:15.608+0000] {dagbag.py:536} INFO - Filling up the DagBag from /opt/airflow/dags/utils/helpers.py
[2025-10-28T21:27:15.613+0000] {processor.py:841} WARNING - No viable dags retrieved from /opt/airflow/dags/utils/helpers.py
[2025-10-28T21:27:15.640+0000] {processor.py:179} INFO - Processing /opt/airflow/dags/utils/helpers.py took 0.044 seconds
[2025-10-28T21:27:45.910+0000] {processor.py:157} INFO - Started process (PID=701) to work on /opt/airflow/dags/utils/helpers.py
[2025-10-28T21:27:45.917+0000] {processor.py:829} INFO - Processing file /opt/airflow/dags/utils/helpers.py for tasks to queue
[2025-10-28T21:27:45.918+0000] {logging_mixin.py:154} INFO - [2025-10-28T21:27:45.918+0000] {dagbag.py:536} INFO - Filling up the DagBag from /opt/airflow/dags/utils/helpers.py
[2025-10-28T21:27:45.929+0000] {processor.py:841} WARNING - No viable dags retrieved from /opt/airflow/dags/utils/helpers.py
[2025-10-28T21:27:45.968+0000] {processor.py:179} INFO - Processing /opt/airflow/dags/utils/helpers.py took 0.071 seconds
[2025-10-28T21:28:16.189+0000] {processor.py:157} INFO - Started process (PID=756) to work on /opt/airflow/dags/utils/helpers.py
[2025-10-28T21:28:16.191+0000] {processor.py:829} INFO - Processing file /opt/airflow/dags/utils/helpers.py for tasks to queue
[2025-10-28T21:28:16.192+0000] {logging_mixin.py:154} INFO - [2025-10-28T21:28:16.191+0000] {dagbag.py:536} INFO - Filling up the DagBag from /opt/airflow/dags/utils/helpers.py
[2025-10-28T21:28:16.196+0000] {processor.py:841} WARNING - No viable dags retrieved from /opt/airflow/dags/utils/helpers.py
[2025-10-28T21:28:16.214+0000] {processor.py:179} INFO - Processing /opt/airflow/dags/utils/helpers.py took 0.030 seconds
[2025-10-28T21:28:46.601+0000] {processor.py:157} INFO - Started process (PID=811) to work on /opt/airflow/dags/utils/helpers.py
[2025-10-28T21:28:46.607+0000] {processor.py:829} INFO - Processing file /opt/airflow/dags/utils/helpers.py for tasks to queue
[2025-10-28T21:28:46.618+0000] {logging_mixin.py:154} INFO - [2025-10-28T21:28:46.617+0000] {dagbag.py:536} INFO - Filling up the DagBag from /opt/airflow/dags/utils/helpers.py
[2025-10-28T21:28:46.648+0000] {processor.py:841} WARNING - No viable dags retrieved from /opt/airflow/dags/utils/helpers.py
[2025-10-28T21:28:46.687+0000] {processor.py:179} INFO - Processing /opt/airflow/dags/utils/helpers.py took 0.099 seconds
[2025-10-28T21:29:17.016+0000] {processor.py:157} INFO - Started process (PID=857) to work on /opt/airflow/dags/utils/helpers.py
[2025-10-28T21:29:17.018+0000] {processor.py:829} INFO - Processing file /opt/airflow/dags/utils/helpers.py for tasks to queue
[2025-10-28T21:29:17.022+0000] {logging_mixin.py:154} INFO - [2025-10-28T21:29:17.021+0000] {dagbag.py:536} INFO - Filling up the DagBag from /opt/airflow/dags/utils/helpers.py
[2025-10-28T21:29:17.035+0000] {processor.py:841} WARNING - No viable dags retrieved from /opt/airflow/dags/utils/helpers.py
[2025-10-28T21:29:17.085+0000] {processor.py:179} INFO - Processing /opt/airflow/dags/utils/helpers.py took 0.079 seconds
[2025-10-28T21:29:47.463+0000] {processor.py:157} INFO - Started process (PID=900) to work on /opt/airflow/dags/utils/helpers.py
[2025-10-28T21:29:47.464+0000] {processor.py:829} INFO - Processing file /opt/airflow/dags/utils/helpers.py for tasks to queue
[2025-10-28T21:29:47.466+0000] {logging_mixin.py:154} INFO - [2025-10-28T21:29:47.465+0000] {dagbag.py:536} INFO - Filling up the DagBag from /opt/airflow/dags/utils/helpers.py
[2025-10-28T21:29:47.474+0000] {processor.py:841} WARNING - No viable dags retrieved from /opt/airflow/dags/utils/helpers.py
[2025-10-28T21:29:47.488+0000] {processor.py:179} INFO - Processing /opt/airflow/dags/utils/helpers.py took 0.031 seconds
[2025-10-28T21:30:18.149+0000] {processor.py:157} INFO - Started process (PID=948) to work on /opt/airflow/dags/utils/helpers.py
[2025-10-28T21:30:18.151+0000] {processor.py:829} INFO - Processing file /opt/airflow/dags/utils/helpers.py for tasks to queue
[2025-10-28T21:30:18.153+0000] {logging_mixin.py:154} INFO - [2025-10-28T21:30:18.152+0000] {dagbag.py:536} INFO - Filling up the DagBag from /opt/airflow/dags/utils/helpers.py
[2025-10-28T21:30:18.160+0000] {processor.py:841} WARNING - No viable dags retrieved from /opt/airflow/dags/utils/helpers.py
[2025-10-28T21:30:18.216+0000] {processor.py:179} INFO - Processing /opt/airflow/dags/utils/helpers.py took 0.077 seconds
[2025-10-28T21:30:48.685+0000] {processor.py:157} INFO - Started process (PID=1002) to work on /opt/airflow/dags/utils/helpers.py
[2025-10-28T21:30:48.695+0000] {processor.py:829} INFO - Processing file /opt/airflow/dags/utils/helpers.py for tasks to queue
[2025-10-28T21:30:48.698+0000] {logging_mixin.py:154} INFO - [2025-10-28T21:30:48.697+0000] {dagbag.py:536} INFO - Filling up the DagBag from /opt/airflow/dags/utils/helpers.py
[2025-10-28T21:30:48.704+0000] {processor.py:841} WARNING - No viable dags retrieved from /opt/airflow/dags/utils/helpers.py
[2025-10-28T21:30:48.724+0000] {processor.py:179} INFO - Processing /opt/airflow/dags/utils/helpers.py took 0.045 seconds
[2025-10-28T21:31:19.134+0000] {processor.py:157} INFO - Started process (PID=1058) to work on /opt/airflow/dags/utils/helpers.py
[2025-10-28T21:31:19.136+0000] {processor.py:829} INFO - Processing file /opt/airflow/dags/utils/helpers.py for tasks to queue
[2025-10-28T21:31:19.137+0000] {logging_mixin.py:154} INFO - [2025-10-28T21:31:19.137+0000] {dagbag.py:536} INFO - Filling up the DagBag from /opt/airflow/dags/utils/helpers.py
[2025-10-28T21:31:19.143+0000] {processor.py:841} WARNING - No viable dags retrieved from /opt/airflow/dags/utils/helpers.py
[2025-10-28T21:31:19.168+0000] {processor.py:179} INFO - Processing /opt/airflow/dags/utils/helpers.py took 0.040 seconds
[2025-10-28T21:31:49.676+0000] {processor.py:157} INFO - Started process (PID=1106) to work on /opt/airflow/dags/utils/helpers.py
[2025-10-28T21:31:49.677+0000] {processor.py:829} INFO - Processing file /opt/airflow/dags/utils/helpers.py for tasks to queue
[2025-10-28T21:31:49.679+0000] {logging_mixin.py:154} INFO - [2025-10-28T21:31:49.678+0000] {dagbag.py:536} INFO - Filling up the DagBag from /opt/airflow/dags/utils/helpers.py
[2025-10-28T21:31:49.688+0000] {processor.py:841} WARNING - No viable dags retrieved from /opt/airflow/dags/utils/helpers.py
[2025-10-28T21:31:49.712+0000] {processor.py:179} INFO - Processing /opt/airflow/dags/utils/helpers.py took 0.050 seconds
[2025-10-28T21:32:19.865+0000] {processor.py:157} INFO - Started process (PID=1211) to work on /opt/airflow/dags/utils/helpers.py
[2025-10-28T21:32:19.866+0000] {processor.py:829} INFO - Processing file /opt/airflow/dags/utils/helpers.py for tasks to queue
[2025-10-28T21:32:19.868+0000] {logging_mixin.py:154} INFO - [2025-10-28T21:32:19.867+0000] {dagbag.py:536} INFO - Filling up the DagBag from /opt/airflow/dags/utils/helpers.py
[2025-10-28T21:32:19.874+0000] {processor.py:841} WARNING - No viable dags retrieved from /opt/airflow/dags/utils/helpers.py
[2025-10-28T21:32:19.891+0000] {processor.py:179} INFO - Processing /opt/airflow/dags/utils/helpers.py took 0.033 seconds
[2025-10-28T21:32:50.344+0000] {processor.py:157} INFO - Started process (PID=1258) to work on /opt/airflow/dags/utils/helpers.py
[2025-10-28T21:32:50.345+0000] {processor.py:829} INFO - Processing file /opt/airflow/dags/utils/helpers.py for tasks to queue
[2025-10-28T21:32:50.347+0000] {logging_mixin.py:154} INFO - [2025-10-28T21:32:50.346+0000] {dagbag.py:536} INFO - Filling up the DagBag from /opt/airflow/dags/utils/helpers.py
[2025-10-28T21:32:50.354+0000] {processor.py:841} WARNING - No viable dags retrieved from /opt/airflow/dags/utils/helpers.py
[2025-10-28T21:32:50.378+0000] {processor.py:179} INFO - Processing /opt/airflow/dags/utils/helpers.py took 0.044 seconds
[2025-10-28T21:33:20.631+0000] {processor.py:157} INFO - Started process (PID=1312) to work on /opt/airflow/dags/utils/helpers.py
[2025-10-28T21:33:20.635+0000] {processor.py:829} INFO - Processing file /opt/airflow/dags/utils/helpers.py for tasks to queue
[2025-10-28T21:33:20.636+0000] {logging_mixin.py:154} INFO - [2025-10-28T21:33:20.636+0000] {dagbag.py:536} INFO - Filling up the DagBag from /opt/airflow/dags/utils/helpers.py
[2025-10-28T21:33:20.649+0000] {processor.py:841} WARNING - No viable dags retrieved from /opt/airflow/dags/utils/helpers.py
[2025-10-28T21:33:20.675+0000] {processor.py:179} INFO - Processing /opt/airflow/dags/utils/helpers.py took 0.062 seconds
[2025-10-28T21:33:50.891+0000] {processor.py:157} INFO - Started process (PID=1367) to work on /opt/airflow/dags/utils/helpers.py
[2025-10-28T21:33:50.893+0000] {processor.py:829} INFO - Processing file /opt/airflow/dags/utils/helpers.py for tasks to queue
[2025-10-28T21:33:50.895+0000] {logging_mixin.py:154} INFO - [2025-10-28T21:33:50.894+0000] {dagbag.py:536} INFO - Filling up the DagBag from /opt/airflow/dags/utils/helpers.py
[2025-10-28T21:33:50.905+0000] {processor.py:841} WARNING - No viable dags retrieved from /opt/airflow/dags/utils/helpers.py
[2025-10-28T21:33:50.939+0000] {processor.py:179} INFO - Processing /opt/airflow/dags/utils/helpers.py took 0.057 seconds
[2025-10-28T21:34:21.644+0000] {processor.py:157} INFO - Started process (PID=1415) to work on /opt/airflow/dags/utils/helpers.py
[2025-10-28T21:34:21.646+0000] {processor.py:829} INFO - Processing file /opt/airflow/dags/utils/helpers.py for tasks to queue
[2025-10-28T21:34:21.647+0000] {logging_mixin.py:154} INFO - [2025-10-28T21:34:21.647+0000] {dagbag.py:536} INFO - Filling up the DagBag from /opt/airflow/dags/utils/helpers.py
[2025-10-28T21:34:21.658+0000] {processor.py:841} WARNING - No viable dags retrieved from /opt/airflow/dags/utils/helpers.py
[2025-10-28T21:34:21.678+0000] {processor.py:179} INFO - Processing /opt/airflow/dags/utils/helpers.py took 0.045 seconds
[2025-10-28T21:34:51.872+0000] {processor.py:157} INFO - Started process (PID=1470) to work on /opt/airflow/dags/utils/helpers.py
[2025-10-28T21:34:51.875+0000] {processor.py:829} INFO - Processing file /opt/airflow/dags/utils/helpers.py for tasks to queue
[2025-10-28T21:34:51.880+0000] {logging_mixin.py:154} INFO - [2025-10-28T21:34:51.879+0000] {dagbag.py:536} INFO - Filling up the DagBag from /opt/airflow/dags/utils/helpers.py
[2025-10-28T21:34:51.885+0000] {processor.py:841} WARNING - No viable dags retrieved from /opt/airflow/dags/utils/helpers.py
[2025-10-28T21:34:51.911+0000] {processor.py:179} INFO - Processing /opt/airflow/dags/utils/helpers.py took 0.045 seconds
[2025-10-28T21:35:22.414+0000] {processor.py:157} INFO - Started process (PID=1518) to work on /opt/airflow/dags/utils/helpers.py
[2025-10-28T21:35:22.416+0000] {processor.py:829} INFO - Processing file /opt/airflow/dags/utils/helpers.py for tasks to queue
[2025-10-28T21:35:22.418+0000] {logging_mixin.py:154} INFO - [2025-10-28T21:35:22.417+0000] {dagbag.py:536} INFO - Filling up the DagBag from /opt/airflow/dags/utils/helpers.py
[2025-10-28T21:35:22.422+0000] {processor.py:841} WARNING - No viable dags retrieved from /opt/airflow/dags/utils/helpers.py
[2025-10-28T21:35:22.443+0000] {processor.py:179} INFO - Processing /opt/airflow/dags/utils/helpers.py took 0.033 seconds
[2025-10-28T21:35:52.930+0000] {processor.py:157} INFO - Started process (PID=1573) to work on /opt/airflow/dags/utils/helpers.py
[2025-10-28T21:35:52.932+0000] {processor.py:829} INFO - Processing file /opt/airflow/dags/utils/helpers.py for tasks to queue
[2025-10-28T21:35:52.934+0000] {logging_mixin.py:154} INFO - [2025-10-28T21:35:52.934+0000] {dagbag.py:536} INFO - Filling up the DagBag from /opt/airflow/dags/utils/helpers.py
[2025-10-28T21:35:52.942+0000] {processor.py:841} WARNING - No viable dags retrieved from /opt/airflow/dags/utils/helpers.py
[2025-10-28T21:35:52.960+0000] {processor.py:179} INFO - Processing /opt/airflow/dags/utils/helpers.py took 0.037 seconds
[2025-10-28T21:36:23.453+0000] {processor.py:157} INFO - Started process (PID=1621) to work on /opt/airflow/dags/utils/helpers.py
[2025-10-28T21:36:23.454+0000] {processor.py:829} INFO - Processing file /opt/airflow/dags/utils/helpers.py for tasks to queue
[2025-10-28T21:36:23.456+0000] {logging_mixin.py:154} INFO - [2025-10-28T21:36:23.455+0000] {dagbag.py:536} INFO - Filling up the DagBag from /opt/airflow/dags/utils/helpers.py
[2025-10-28T21:36:23.465+0000] {processor.py:841} WARNING - No viable dags retrieved from /opt/airflow/dags/utils/helpers.py
[2025-10-28T21:36:23.506+0000] {processor.py:179} INFO - Processing /opt/airflow/dags/utils/helpers.py took 0.068 seconds
[2025-10-28T21:36:53.964+0000] {processor.py:157} INFO - Started process (PID=1676) to work on /opt/airflow/dags/utils/helpers.py
[2025-10-28T21:36:53.969+0000] {processor.py:829} INFO - Processing file /opt/airflow/dags/utils/helpers.py for tasks to queue
[2025-10-28T21:36:53.973+0000] {logging_mixin.py:154} INFO - [2025-10-28T21:36:53.973+0000] {dagbag.py:536} INFO - Filling up the DagBag from /opt/airflow/dags/utils/helpers.py
[2025-10-28T21:36:53.981+0000] {processor.py:841} WARNING - No viable dags retrieved from /opt/airflow/dags/utils/helpers.py
[2025-10-28T21:36:54.011+0000] {processor.py:179} INFO - Processing /opt/airflow/dags/utils/helpers.py took 0.062 seconds
[2025-10-28T21:37:24.418+0000] {processor.py:157} INFO - Started process (PID=1729) to work on /opt/airflow/dags/utils/helpers.py
[2025-10-28T21:37:24.437+0000] {processor.py:829} INFO - Processing file /opt/airflow/dags/utils/helpers.py for tasks to queue
[2025-10-28T21:37:24.454+0000] {logging_mixin.py:154} INFO - [2025-10-28T21:37:24.451+0000] {dagbag.py:536} INFO - Filling up the DagBag from /opt/airflow/dags/utils/helpers.py
[2025-10-28T21:37:24.494+0000] {processor.py:841} WARNING - No viable dags retrieved from /opt/airflow/dags/utils/helpers.py
[2025-10-28T21:37:24.627+0000] {processor.py:179} INFO - Processing /opt/airflow/dags/utils/helpers.py took 0.252 seconds
[2025-10-28T21:37:55.123+0000] {processor.py:157} INFO - Started process (PID=1766) to work on /opt/airflow/dags/utils/helpers.py
[2025-10-28T21:37:55.125+0000] {processor.py:829} INFO - Processing file /opt/airflow/dags/utils/helpers.py for tasks to queue
[2025-10-28T21:37:55.126+0000] {logging_mixin.py:154} INFO - [2025-10-28T21:37:55.125+0000] {dagbag.py:536} INFO - Filling up the DagBag from /opt/airflow/dags/utils/helpers.py
[2025-10-28T21:37:55.129+0000] {processor.py:841} WARNING - No viable dags retrieved from /opt/airflow/dags/utils/helpers.py
[2025-10-28T21:37:55.147+0000] {processor.py:179} INFO - Processing /opt/airflow/dags/utils/helpers.py took 0.029 seconds
[2025-10-28T21:38:25.615+0000] {processor.py:157} INFO - Started process (PID=1821) to work on /opt/airflow/dags/utils/helpers.py
[2025-10-28T21:38:25.616+0000] {processor.py:829} INFO - Processing file /opt/airflow/dags/utils/helpers.py for tasks to queue
[2025-10-28T21:38:25.617+0000] {logging_mixin.py:154} INFO - [2025-10-28T21:38:25.617+0000] {dagbag.py:536} INFO - Filling up the DagBag from /opt/airflow/dags/utils/helpers.py
[2025-10-28T21:38:25.620+0000] {processor.py:841} WARNING - No viable dags retrieved from /opt/airflow/dags/utils/helpers.py
[2025-10-28T21:38:25.638+0000] {processor.py:179} INFO - Processing /opt/airflow/dags/utils/helpers.py took 0.028 seconds
[2025-10-28T21:38:55.740+0000] {processor.py:157} INFO - Started process (PID=1866) to work on /opt/airflow/dags/utils/helpers.py
[2025-10-28T21:38:55.746+0000] {processor.py:829} INFO - Processing file /opt/airflow/dags/utils/helpers.py for tasks to queue
[2025-10-28T21:38:55.748+0000] {logging_mixin.py:154} INFO - [2025-10-28T21:38:55.748+0000] {dagbag.py:536} INFO - Filling up the DagBag from /opt/airflow/dags/utils/helpers.py
[2025-10-28T21:38:55.755+0000] {processor.py:841} WARNING - No viable dags retrieved from /opt/airflow/dags/utils/helpers.py
[2025-10-28T21:38:55.781+0000] {processor.py:179} INFO - Processing /opt/airflow/dags/utils/helpers.py took 0.047 seconds
[2025-10-28T21:39:26.345+0000] {processor.py:157} INFO - Started process (PID=1918) to work on /opt/airflow/dags/utils/helpers.py
[2025-10-28T21:39:26.347+0000] {processor.py:829} INFO - Processing file /opt/airflow/dags/utils/helpers.py for tasks to queue
[2025-10-28T21:39:26.349+0000] {logging_mixin.py:154} INFO - [2025-10-28T21:39:26.348+0000] {dagbag.py:536} INFO - Filling up the DagBag from /opt/airflow/dags/utils/helpers.py
[2025-10-28T21:39:26.360+0000] {processor.py:841} WARNING - No viable dags retrieved from /opt/airflow/dags/utils/helpers.py
[2025-10-28T21:39:26.392+0000] {processor.py:179} INFO - Processing /opt/airflow/dags/utils/helpers.py took 0.059 seconds
[2025-10-28T21:39:56.801+0000] {processor.py:157} INFO - Started process (PID=1973) to work on /opt/airflow/dags/utils/helpers.py
[2025-10-28T21:39:56.804+0000] {processor.py:829} INFO - Processing file /opt/airflow/dags/utils/helpers.py for tasks to queue
[2025-10-28T21:39:56.805+0000] {logging_mixin.py:154} INFO - [2025-10-28T21:39:56.804+0000] {dagbag.py:536} INFO - Filling up the DagBag from /opt/airflow/dags/utils/helpers.py
[2025-10-28T21:39:56.813+0000] {processor.py:841} WARNING - No viable dags retrieved from /opt/airflow/dags/utils/helpers.py
[2025-10-28T21:39:56.838+0000] {processor.py:179} INFO - Processing /opt/airflow/dags/utils/helpers.py took 0.047 seconds
[2025-10-28T21:40:26.945+0000] {processor.py:157} INFO - Started process (PID=2021) to work on /opt/airflow/dags/utils/helpers.py
[2025-10-28T21:40:26.947+0000] {processor.py:829} INFO - Processing file /opt/airflow/dags/utils/helpers.py for tasks to queue
[2025-10-28T21:40:26.949+0000] {logging_mixin.py:154} INFO - [2025-10-28T21:40:26.949+0000] {dagbag.py:536} INFO - Filling up the DagBag from /opt/airflow/dags/utils/helpers.py
[2025-10-28T21:40:26.956+0000] {processor.py:841} WARNING - No viable dags retrieved from /opt/airflow/dags/utils/helpers.py
[2025-10-28T21:40:26.992+0000] {processor.py:179} INFO - Processing /opt/airflow/dags/utils/helpers.py took 0.063 seconds
[2025-10-28T21:40:57.531+0000] {processor.py:157} INFO - Started process (PID=2076) to work on /opt/airflow/dags/utils/helpers.py
[2025-10-28T21:40:57.533+0000] {processor.py:829} INFO - Processing file /opt/airflow/dags/utils/helpers.py for tasks to queue
[2025-10-28T21:40:57.534+0000] {logging_mixin.py:154} INFO - [2025-10-28T21:40:57.534+0000] {dagbag.py:536} INFO - Filling up the DagBag from /opt/airflow/dags/utils/helpers.py
[2025-10-28T21:40:57.542+0000] {processor.py:841} WARNING - No viable dags retrieved from /opt/airflow/dags/utils/helpers.py
[2025-10-28T21:40:57.561+0000] {processor.py:179} INFO - Processing /opt/airflow/dags/utils/helpers.py took 0.039 seconds
[2025-10-28T21:41:28.020+0000] {processor.py:157} INFO - Started process (PID=2131) to work on /opt/airflow/dags/utils/helpers.py
[2025-10-28T21:41:28.021+0000] {processor.py:829} INFO - Processing file /opt/airflow/dags/utils/helpers.py for tasks to queue
[2025-10-28T21:41:28.024+0000] {logging_mixin.py:154} INFO - [2025-10-28T21:41:28.023+0000] {dagbag.py:536} INFO - Filling up the DagBag from /opt/airflow/dags/utils/helpers.py
[2025-10-28T21:41:28.030+0000] {processor.py:841} WARNING - No viable dags retrieved from /opt/airflow/dags/utils/helpers.py
[2025-10-28T21:41:28.071+0000] {processor.py:179} INFO - Processing /opt/airflow/dags/utils/helpers.py took 0.063 seconds
[2025-10-28T21:41:58.375+0000] {processor.py:157} INFO - Started process (PID=2179) to work on /opt/airflow/dags/utils/helpers.py
[2025-10-28T21:41:58.380+0000] {processor.py:829} INFO - Processing file /opt/airflow/dags/utils/helpers.py for tasks to queue
[2025-10-28T21:41:58.382+0000] {logging_mixin.py:154} INFO - [2025-10-28T21:41:58.381+0000] {dagbag.py:536} INFO - Filling up the DagBag from /opt/airflow/dags/utils/helpers.py
[2025-10-28T21:41:58.393+0000] {processor.py:841} WARNING - No viable dags retrieved from /opt/airflow/dags/utils/helpers.py
[2025-10-28T21:41:58.429+0000] {processor.py:179} INFO - Processing /opt/airflow/dags/utils/helpers.py took 0.071 seconds
[2025-10-28T21:42:28.869+0000] {processor.py:157} INFO - Started process (PID=2234) to work on /opt/airflow/dags/utils/helpers.py
[2025-10-28T21:42:28.870+0000] {processor.py:829} INFO - Processing file /opt/airflow/dags/utils/helpers.py for tasks to queue
[2025-10-28T21:42:28.871+0000] {logging_mixin.py:154} INFO - [2025-10-28T21:42:28.871+0000] {dagbag.py:536} INFO - Filling up the DagBag from /opt/airflow/dags/utils/helpers.py
[2025-10-28T21:42:28.877+0000] {processor.py:841} WARNING - No viable dags retrieved from /opt/airflow/dags/utils/helpers.py
[2025-10-28T21:42:28.902+0000] {processor.py:179} INFO - Processing /opt/airflow/dags/utils/helpers.py took 0.039 seconds
[2025-10-28T21:42:55.463+0000] {processor.py:157} INFO - Started process (PID=166) to work on /opt/airflow/dags/utils/helpers.py
[2025-10-28T21:42:55.466+0000] {processor.py:829} INFO - Processing file /opt/airflow/dags/utils/helpers.py for tasks to queue
[2025-10-28T21:42:55.467+0000] {logging_mixin.py:154} INFO - [2025-10-28T21:42:55.467+0000] {dagbag.py:536} INFO - Filling up the DagBag from /opt/airflow/dags/utils/helpers.py
[2025-10-28T21:42:55.473+0000] {processor.py:841} WARNING - No viable dags retrieved from /opt/airflow/dags/utils/helpers.py
[2025-10-28T21:42:55.508+0000] {processor.py:179} INFO - Processing /opt/airflow/dags/utils/helpers.py took 0.048 seconds
[2025-10-28T21:43:26.397+0000] {processor.py:157} INFO - Started process (PID=219) to work on /opt/airflow/dags/utils/helpers.py
[2025-10-28T21:43:26.400+0000] {processor.py:829} INFO - Processing file /opt/airflow/dags/utils/helpers.py for tasks to queue
[2025-10-28T21:43:26.402+0000] {logging_mixin.py:154} INFO - [2025-10-28T21:43:26.401+0000] {dagbag.py:536} INFO - Filling up the DagBag from /opt/airflow/dags/utils/helpers.py
[2025-10-28T21:43:26.410+0000] {processor.py:841} WARNING - No viable dags retrieved from /opt/airflow/dags/utils/helpers.py
[2025-10-28T21:43:26.450+0000] {processor.py:179} INFO - Processing /opt/airflow/dags/utils/helpers.py took 0.067 seconds
[2025-10-28T21:43:56.713+0000] {processor.py:157} INFO - Started process (PID=267) to work on /opt/airflow/dags/utils/helpers.py
[2025-10-28T21:43:56.715+0000] {processor.py:829} INFO - Processing file /opt/airflow/dags/utils/helpers.py for tasks to queue
[2025-10-28T21:43:56.716+0000] {logging_mixin.py:154} INFO - [2025-10-28T21:43:56.715+0000] {dagbag.py:536} INFO - Filling up the DagBag from /opt/airflow/dags/utils/helpers.py
[2025-10-28T21:43:56.724+0000] {processor.py:841} WARNING - No viable dags retrieved from /opt/airflow/dags/utils/helpers.py
[2025-10-28T21:43:56.748+0000] {processor.py:179} INFO - Processing /opt/airflow/dags/utils/helpers.py took 0.044 seconds
[2025-10-28T21:44:27.327+0000] {processor.py:157} INFO - Started process (PID=322) to work on /opt/airflow/dags/utils/helpers.py
[2025-10-28T21:44:27.329+0000] {processor.py:829} INFO - Processing file /opt/airflow/dags/utils/helpers.py for tasks to queue
[2025-10-28T21:44:27.331+0000] {logging_mixin.py:154} INFO - [2025-10-28T21:44:27.330+0000] {dagbag.py:536} INFO - Filling up the DagBag from /opt/airflow/dags/utils/helpers.py
[2025-10-28T21:44:27.340+0000] {processor.py:841} WARNING - No viable dags retrieved from /opt/airflow/dags/utils/helpers.py
[2025-10-28T21:44:27.362+0000] {processor.py:179} INFO - Processing /opt/airflow/dags/utils/helpers.py took 0.047 seconds
[2025-10-28T21:44:58.378+0000] {processor.py:157} INFO - Started process (PID=545) to work on /opt/airflow/dags/utils/helpers.py
[2025-10-28T21:44:58.390+0000] {processor.py:829} INFO - Processing file /opt/airflow/dags/utils/helpers.py for tasks to queue
[2025-10-28T21:44:58.397+0000] {logging_mixin.py:154} INFO - [2025-10-28T21:44:58.396+0000] {dagbag.py:536} INFO - Filling up the DagBag from /opt/airflow/dags/utils/helpers.py
[2025-10-28T21:44:58.412+0000] {processor.py:841} WARNING - No viable dags retrieved from /opt/airflow/dags/utils/helpers.py
[2025-10-28T21:44:58.524+0000] {processor.py:179} INFO - Processing /opt/airflow/dags/utils/helpers.py took 0.218 seconds
[2025-10-28T21:45:28.792+0000] {processor.py:157} INFO - Started process (PID=652) to work on /opt/airflow/dags/utils/helpers.py
[2025-10-28T21:45:28.793+0000] {processor.py:829} INFO - Processing file /opt/airflow/dags/utils/helpers.py for tasks to queue
[2025-10-28T21:45:28.794+0000] {logging_mixin.py:154} INFO - [2025-10-28T21:45:28.794+0000] {dagbag.py:536} INFO - Filling up the DagBag from /opt/airflow/dags/utils/helpers.py
[2025-10-28T21:45:28.801+0000] {processor.py:841} WARNING - No viable dags retrieved from /opt/airflow/dags/utils/helpers.py
[2025-10-28T21:45:28.814+0000] {processor.py:179} INFO - Processing /opt/airflow/dags/utils/helpers.py took 0.032 seconds
[2025-10-28T21:45:59.537+0000] {processor.py:157} INFO - Started process (PID=700) to work on /opt/airflow/dags/utils/helpers.py
[2025-10-28T21:45:59.546+0000] {processor.py:829} INFO - Processing file /opt/airflow/dags/utils/helpers.py for tasks to queue
[2025-10-28T21:45:59.555+0000] {logging_mixin.py:154} INFO - [2025-10-28T21:45:59.555+0000] {dagbag.py:536} INFO - Filling up the DagBag from /opt/airflow/dags/utils/helpers.py
[2025-10-28T21:45:59.567+0000] {processor.py:841} WARNING - No viable dags retrieved from /opt/airflow/dags/utils/helpers.py
[2025-10-28T21:45:59.590+0000] {processor.py:179} INFO - Processing /opt/airflow/dags/utils/helpers.py took 0.058 seconds
[2025-10-28T21:46:30.012+0000] {processor.py:157} INFO - Started process (PID=755) to work on /opt/airflow/dags/utils/helpers.py
[2025-10-28T21:46:30.014+0000] {processor.py:829} INFO - Processing file /opt/airflow/dags/utils/helpers.py for tasks to queue
[2025-10-28T21:46:30.015+0000] {logging_mixin.py:154} INFO - [2025-10-28T21:46:30.014+0000] {dagbag.py:536} INFO - Filling up the DagBag from /opt/airflow/dags/utils/helpers.py
[2025-10-28T21:46:30.024+0000] {processor.py:841} WARNING - No viable dags retrieved from /opt/airflow/dags/utils/helpers.py
[2025-10-28T21:46:30.062+0000] {processor.py:179} INFO - Processing /opt/airflow/dags/utils/helpers.py took 0.062 seconds
[2025-10-28T21:47:00.933+0000] {processor.py:157} INFO - Started process (PID=810) to work on /opt/airflow/dags/utils/helpers.py
[2025-10-28T21:47:00.935+0000] {processor.py:829} INFO - Processing file /opt/airflow/dags/utils/helpers.py for tasks to queue
[2025-10-28T21:47:00.936+0000] {logging_mixin.py:154} INFO - [2025-10-28T21:47:00.936+0000] {dagbag.py:536} INFO - Filling up the DagBag from /opt/airflow/dags/utils/helpers.py
[2025-10-28T21:47:00.945+0000] {processor.py:841} WARNING - No viable dags retrieved from /opt/airflow/dags/utils/helpers.py
[2025-10-28T21:47:00.986+0000] {processor.py:179} INFO - Processing /opt/airflow/dags/utils/helpers.py took 0.064 seconds
[2025-10-28T21:47:31.684+0000] {processor.py:157} INFO - Started process (PID=858) to work on /opt/airflow/dags/utils/helpers.py
[2025-10-28T21:47:31.686+0000] {processor.py:829} INFO - Processing file /opt/airflow/dags/utils/helpers.py for tasks to queue
[2025-10-28T21:47:31.688+0000] {logging_mixin.py:154} INFO - [2025-10-28T21:47:31.688+0000] {dagbag.py:536} INFO - Filling up the DagBag from /opt/airflow/dags/utils/helpers.py
[2025-10-28T21:47:31.692+0000] {processor.py:841} WARNING - No viable dags retrieved from /opt/airflow/dags/utils/helpers.py
[2025-10-28T21:47:31.710+0000] {processor.py:179} INFO - Processing /opt/airflow/dags/utils/helpers.py took 0.039 seconds
[2025-10-28T21:48:02.408+0000] {processor.py:157} INFO - Started process (PID=913) to work on /opt/airflow/dags/utils/helpers.py
[2025-10-28T21:48:02.409+0000] {processor.py:829} INFO - Processing file /opt/airflow/dags/utils/helpers.py for tasks to queue
[2025-10-28T21:48:02.410+0000] {logging_mixin.py:154} INFO - [2025-10-28T21:48:02.410+0000] {dagbag.py:536} INFO - Filling up the DagBag from /opt/airflow/dags/utils/helpers.py
[2025-10-28T21:48:02.414+0000] {processor.py:841} WARNING - No viable dags retrieved from /opt/airflow/dags/utils/helpers.py
[2025-10-28T21:48:02.427+0000] {processor.py:179} INFO - Processing /opt/airflow/dags/utils/helpers.py took 0.022 seconds
[2025-10-28T21:48:32.500+0000] {processor.py:157} INFO - Started process (PID=968) to work on /opt/airflow/dags/utils/helpers.py
[2025-10-28T21:48:32.501+0000] {processor.py:829} INFO - Processing file /opt/airflow/dags/utils/helpers.py for tasks to queue
[2025-10-28T21:48:32.502+0000] {logging_mixin.py:154} INFO - [2025-10-28T21:48:32.502+0000] {dagbag.py:536} INFO - Filling up the DagBag from /opt/airflow/dags/utils/helpers.py
[2025-10-28T21:48:32.506+0000] {processor.py:841} WARNING - No viable dags retrieved from /opt/airflow/dags/utils/helpers.py
[2025-10-28T21:48:32.534+0000] {processor.py:179} INFO - Processing /opt/airflow/dags/utils/helpers.py took 0.044 seconds
[2025-10-28T21:49:03.210+0000] {processor.py:157} INFO - Started process (PID=1016) to work on /opt/airflow/dags/utils/helpers.py
[2025-10-28T21:49:03.214+0000] {processor.py:829} INFO - Processing file /opt/airflow/dags/utils/helpers.py for tasks to queue
[2025-10-28T21:49:03.216+0000] {logging_mixin.py:154} INFO - [2025-10-28T21:49:03.215+0000] {dagbag.py:536} INFO - Filling up the DagBag from /opt/airflow/dags/utils/helpers.py
[2025-10-28T21:49:03.220+0000] {processor.py:841} WARNING - No viable dags retrieved from /opt/airflow/dags/utils/helpers.py
[2025-10-28T21:49:03.238+0000] {processor.py:179} INFO - Processing /opt/airflow/dags/utils/helpers.py took 0.039 seconds
[2025-10-28T21:49:33.803+0000] {processor.py:157} INFO - Started process (PID=1071) to work on /opt/airflow/dags/utils/helpers.py
[2025-10-28T21:49:33.804+0000] {processor.py:829} INFO - Processing file /opt/airflow/dags/utils/helpers.py for tasks to queue
[2025-10-28T21:49:33.805+0000] {logging_mixin.py:154} INFO - [2025-10-28T21:49:33.805+0000] {dagbag.py:536} INFO - Filling up the DagBag from /opt/airflow/dags/utils/helpers.py
[2025-10-28T21:49:33.811+0000] {processor.py:841} WARNING - No viable dags retrieved from /opt/airflow/dags/utils/helpers.py
[2025-10-28T21:49:33.825+0000] {processor.py:179} INFO - Processing /opt/airflow/dags/utils/helpers.py took 0.028 seconds
[2025-10-28T21:50:04.333+0000] {processor.py:157} INFO - Started process (PID=1142) to work on /opt/airflow/dags/utils/helpers.py
[2025-10-28T21:50:04.336+0000] {processor.py:829} INFO - Processing file /opt/airflow/dags/utils/helpers.py for tasks to queue
[2025-10-28T21:50:04.341+0000] {logging_mixin.py:154} INFO - [2025-10-28T21:50:04.340+0000] {dagbag.py:536} INFO - Filling up the DagBag from /opt/airflow/dags/utils/helpers.py
[2025-10-28T21:50:04.346+0000] {processor.py:841} WARNING - No viable dags retrieved from /opt/airflow/dags/utils/helpers.py
[2025-10-28T21:50:04.369+0000] {processor.py:179} INFO - Processing /opt/airflow/dags/utils/helpers.py took 0.044 seconds
[2025-10-28T21:50:34.811+0000] {processor.py:157} INFO - Started process (PID=1243) to work on /opt/airflow/dags/utils/helpers.py
[2025-10-28T21:50:34.817+0000] {processor.py:829} INFO - Processing file /opt/airflow/dags/utils/helpers.py for tasks to queue
[2025-10-28T21:50:34.819+0000] {logging_mixin.py:154} INFO - [2025-10-28T21:50:34.818+0000] {dagbag.py:536} INFO - Filling up the DagBag from /opt/airflow/dags/utils/helpers.py
[2025-10-28T21:50:34.827+0000] {processor.py:841} WARNING - No viable dags retrieved from /opt/airflow/dags/utils/helpers.py
[2025-10-28T21:50:34.859+0000] {processor.py:179} INFO - Processing /opt/airflow/dags/utils/helpers.py took 0.059 seconds
[2025-10-28T21:51:05.601+0000] {processor.py:157} INFO - Started process (PID=1298) to work on /opt/airflow/dags/utils/helpers.py
[2025-10-28T21:51:05.603+0000] {processor.py:829} INFO - Processing file /opt/airflow/dags/utils/helpers.py for tasks to queue
[2025-10-28T21:51:05.605+0000] {logging_mixin.py:154} INFO - [2025-10-28T21:51:05.605+0000] {dagbag.py:536} INFO - Filling up the DagBag from /opt/airflow/dags/utils/helpers.py
[2025-10-28T21:51:05.614+0000] {processor.py:841} WARNING - No viable dags retrieved from /opt/airflow/dags/utils/helpers.py
[2025-10-28T21:51:05.640+0000] {processor.py:179} INFO - Processing /opt/airflow/dags/utils/helpers.py took 0.050 seconds
[2025-10-28T21:51:35.844+0000] {processor.py:157} INFO - Started process (PID=1346) to work on /opt/airflow/dags/utils/helpers.py
[2025-10-28T21:51:35.845+0000] {processor.py:829} INFO - Processing file /opt/airflow/dags/utils/helpers.py for tasks to queue
[2025-10-28T21:51:35.847+0000] {logging_mixin.py:154} INFO - [2025-10-28T21:51:35.846+0000] {dagbag.py:536} INFO - Filling up the DagBag from /opt/airflow/dags/utils/helpers.py
[2025-10-28T21:51:35.853+0000] {processor.py:841} WARNING - No viable dags retrieved from /opt/airflow/dags/utils/helpers.py
[2025-10-28T21:51:35.869+0000] {processor.py:179} INFO - Processing /opt/airflow/dags/utils/helpers.py took 0.033 seconds
[2025-10-28T21:52:06.257+0000] {processor.py:157} INFO - Started process (PID=1399) to work on /opt/airflow/dags/utils/helpers.py
[2025-10-28T21:52:06.259+0000] {processor.py:829} INFO - Processing file /opt/airflow/dags/utils/helpers.py for tasks to queue
[2025-10-28T21:52:06.260+0000] {logging_mixin.py:154} INFO - [2025-10-28T21:52:06.260+0000] {dagbag.py:536} INFO - Filling up the DagBag from /opt/airflow/dags/utils/helpers.py
[2025-10-28T21:52:06.265+0000] {processor.py:841} WARNING - No viable dags retrieved from /opt/airflow/dags/utils/helpers.py
[2025-10-28T21:52:06.288+0000] {processor.py:179} INFO - Processing /opt/airflow/dags/utils/helpers.py took 0.036 seconds
[2025-10-28T21:52:37.077+0000] {processor.py:157} INFO - Started process (PID=1446) to work on /opt/airflow/dags/utils/helpers.py
[2025-10-28T21:52:37.079+0000] {processor.py:829} INFO - Processing file /opt/airflow/dags/utils/helpers.py for tasks to queue
[2025-10-28T21:52:37.079+0000] {logging_mixin.py:154} INFO - [2025-10-28T21:52:37.079+0000] {dagbag.py:536} INFO - Filling up the DagBag from /opt/airflow/dags/utils/helpers.py
[2025-10-28T21:52:37.085+0000] {processor.py:841} WARNING - No viable dags retrieved from /opt/airflow/dags/utils/helpers.py
[2025-10-28T21:52:37.126+0000] {processor.py:179} INFO - Processing /opt/airflow/dags/utils/helpers.py took 0.063 seconds
[2025-10-28T21:53:07.972+0000] {processor.py:157} INFO - Started process (PID=1491) to work on /opt/airflow/dags/utils/helpers.py
[2025-10-28T21:53:07.975+0000] {processor.py:829} INFO - Processing file /opt/airflow/dags/utils/helpers.py for tasks to queue
[2025-10-28T21:53:07.976+0000] {logging_mixin.py:154} INFO - [2025-10-28T21:53:07.975+0000] {dagbag.py:536} INFO - Filling up the DagBag from /opt/airflow/dags/utils/helpers.py
[2025-10-28T21:53:07.980+0000] {processor.py:841} WARNING - No viable dags retrieved from /opt/airflow/dags/utils/helpers.py
[2025-10-28T21:53:07.997+0000] {processor.py:179} INFO - Processing /opt/airflow/dags/utils/helpers.py took 0.035 seconds
[2025-10-28T21:53:38.725+0000] {processor.py:157} INFO - Started process (PID=1546) to work on /opt/airflow/dags/utils/helpers.py
[2025-10-28T21:53:38.727+0000] {processor.py:829} INFO - Processing file /opt/airflow/dags/utils/helpers.py for tasks to queue
[2025-10-28T21:53:38.728+0000] {logging_mixin.py:154} INFO - [2025-10-28T21:53:38.727+0000] {dagbag.py:536} INFO - Filling up the DagBag from /opt/airflow/dags/utils/helpers.py
[2025-10-28T21:53:38.732+0000] {processor.py:841} WARNING - No viable dags retrieved from /opt/airflow/dags/utils/helpers.py
[2025-10-28T21:53:38.750+0000] {processor.py:179} INFO - Processing /opt/airflow/dags/utils/helpers.py took 0.036 seconds
[2025-10-28T21:54:08.896+0000] {processor.py:157} INFO - Started process (PID=1601) to work on /opt/airflow/dags/utils/helpers.py
[2025-10-28T21:54:08.899+0000] {processor.py:829} INFO - Processing file /opt/airflow/dags/utils/helpers.py for tasks to queue
[2025-10-28T21:54:08.902+0000] {logging_mixin.py:154} INFO - [2025-10-28T21:54:08.901+0000] {dagbag.py:536} INFO - Filling up the DagBag from /opt/airflow/dags/utils/helpers.py
[2025-10-28T21:54:08.907+0000] {processor.py:841} WARNING - No viable dags retrieved from /opt/airflow/dags/utils/helpers.py
[2025-10-28T21:54:08.934+0000] {processor.py:179} INFO - Processing /opt/airflow/dags/utils/helpers.py took 0.047 seconds
[2025-10-28T21:54:39.462+0000] {processor.py:157} INFO - Started process (PID=1649) to work on /opt/airflow/dags/utils/helpers.py
[2025-10-28T21:54:39.464+0000] {processor.py:829} INFO - Processing file /opt/airflow/dags/utils/helpers.py for tasks to queue
[2025-10-28T21:54:39.465+0000] {logging_mixin.py:154} INFO - [2025-10-28T21:54:39.464+0000] {dagbag.py:536} INFO - Filling up the DagBag from /opt/airflow/dags/utils/helpers.py
[2025-10-28T21:54:39.476+0000] {processor.py:841} WARNING - No viable dags retrieved from /opt/airflow/dags/utils/helpers.py
[2025-10-28T21:54:39.496+0000] {processor.py:179} INFO - Processing /opt/airflow/dags/utils/helpers.py took 0.043 seconds
[2025-10-28T21:55:10.323+0000] {processor.py:157} INFO - Started process (PID=1704) to work on /opt/airflow/dags/utils/helpers.py
[2025-10-28T21:55:10.325+0000] {processor.py:829} INFO - Processing file /opt/airflow/dags/utils/helpers.py for tasks to queue
[2025-10-28T21:55:10.327+0000] {logging_mixin.py:154} INFO - [2025-10-28T21:55:10.326+0000] {dagbag.py:536} INFO - Filling up the DagBag from /opt/airflow/dags/utils/helpers.py
[2025-10-28T21:55:10.335+0000] {processor.py:841} WARNING - No viable dags retrieved from /opt/airflow/dags/utils/helpers.py
[2025-10-28T21:55:10.360+0000] {processor.py:179} INFO - Processing /opt/airflow/dags/utils/helpers.py took 0.046 seconds
[2025-10-28T21:55:40.519+0000] {processor.py:157} INFO - Started process (PID=1752) to work on /opt/airflow/dags/utils/helpers.py
[2025-10-28T21:55:40.526+0000] {processor.py:829} INFO - Processing file /opt/airflow/dags/utils/helpers.py for tasks to queue
[2025-10-28T21:55:40.528+0000] {logging_mixin.py:154} INFO - [2025-10-28T21:55:40.528+0000] {dagbag.py:536} INFO - Filling up the DagBag from /opt/airflow/dags/utils/helpers.py
[2025-10-28T21:55:40.536+0000] {processor.py:841} WARNING - No viable dags retrieved from /opt/airflow/dags/utils/helpers.py
[2025-10-28T21:55:40.579+0000] {processor.py:179} INFO - Processing /opt/airflow/dags/utils/helpers.py took 0.070 seconds
[2025-10-28T21:56:11.622+0000] {processor.py:157} INFO - Started process (PID=1807) to work on /opt/airflow/dags/utils/helpers.py
[2025-10-28T21:56:11.625+0000] {processor.py:829} INFO - Processing file /opt/airflow/dags/utils/helpers.py for tasks to queue
[2025-10-28T21:56:11.627+0000] {logging_mixin.py:154} INFO - [2025-10-28T21:56:11.626+0000] {dagbag.py:536} INFO - Filling up the DagBag from /opt/airflow/dags/utils/helpers.py
[2025-10-28T21:56:11.632+0000] {processor.py:841} WARNING - No viable dags retrieved from /opt/airflow/dags/utils/helpers.py
[2025-10-28T21:56:11.660+0000] {processor.py:179} INFO - Processing /opt/airflow/dags/utils/helpers.py took 0.050 seconds
[2025-10-28T21:56:41.899+0000] {processor.py:157} INFO - Started process (PID=1862) to work on /opt/airflow/dags/utils/helpers.py
[2025-10-28T21:56:41.900+0000] {processor.py:829} INFO - Processing file /opt/airflow/dags/utils/helpers.py for tasks to queue
[2025-10-28T21:56:41.901+0000] {logging_mixin.py:154} INFO - [2025-10-28T21:56:41.901+0000] {dagbag.py:536} INFO - Filling up the DagBag from /opt/airflow/dags/utils/helpers.py
[2025-10-28T21:56:41.906+0000] {processor.py:841} WARNING - No viable dags retrieved from /opt/airflow/dags/utils/helpers.py
[2025-10-28T21:56:41.927+0000] {processor.py:179} INFO - Processing /opt/airflow/dags/utils/helpers.py took 0.035 seconds
[2025-10-28T21:57:12.380+0000] {processor.py:157} INFO - Started process (PID=1910) to work on /opt/airflow/dags/utils/helpers.py
[2025-10-28T21:57:12.384+0000] {processor.py:829} INFO - Processing file /opt/airflow/dags/utils/helpers.py for tasks to queue
[2025-10-28T21:57:12.386+0000] {logging_mixin.py:154} INFO - [2025-10-28T21:57:12.385+0000] {dagbag.py:536} INFO - Filling up the DagBag from /opt/airflow/dags/utils/helpers.py
[2025-10-28T21:57:12.396+0000] {processor.py:841} WARNING - No viable dags retrieved from /opt/airflow/dags/utils/helpers.py
[2025-10-28T21:57:12.450+0000] {processor.py:179} INFO - Processing /opt/airflow/dags/utils/helpers.py took 0.083 seconds
[2025-10-28T21:57:42.832+0000] {processor.py:157} INFO - Started process (PID=1958) to work on /opt/airflow/dags/utils/helpers.py
[2025-10-28T21:57:42.833+0000] {processor.py:829} INFO - Processing file /opt/airflow/dags/utils/helpers.py for tasks to queue
[2025-10-28T21:57:42.835+0000] {logging_mixin.py:154} INFO - [2025-10-28T21:57:42.834+0000] {dagbag.py:536} INFO - Filling up the DagBag from /opt/airflow/dags/utils/helpers.py
[2025-10-28T21:57:42.840+0000] {processor.py:841} WARNING - No viable dags retrieved from /opt/airflow/dags/utils/helpers.py
[2025-10-28T21:57:42.876+0000] {processor.py:179} INFO - Processing /opt/airflow/dags/utils/helpers.py took 0.052 seconds
[2025-10-28T21:58:13.486+0000] {processor.py:157} INFO - Started process (PID=2005) to work on /opt/airflow/dags/utils/helpers.py
[2025-10-28T21:58:13.489+0000] {processor.py:829} INFO - Processing file /opt/airflow/dags/utils/helpers.py for tasks to queue
[2025-10-28T21:58:13.490+0000] {logging_mixin.py:154} INFO - [2025-10-28T21:58:13.490+0000] {dagbag.py:536} INFO - Filling up the DagBag from /opt/airflow/dags/utils/helpers.py
[2025-10-28T21:58:13.500+0000] {processor.py:841} WARNING - No viable dags retrieved from /opt/airflow/dags/utils/helpers.py
[2025-10-28T21:58:13.535+0000] {processor.py:179} INFO - Processing /opt/airflow/dags/utils/helpers.py took 0.061 seconds
[2025-10-28T21:58:43.747+0000] {processor.py:157} INFO - Started process (PID=2060) to work on /opt/airflow/dags/utils/helpers.py
[2025-10-28T21:58:43.749+0000] {processor.py:829} INFO - Processing file /opt/airflow/dags/utils/helpers.py for tasks to queue
[2025-10-28T21:58:43.751+0000] {logging_mixin.py:154} INFO - [2025-10-28T21:58:43.751+0000] {dagbag.py:536} INFO - Filling up the DagBag from /opt/airflow/dags/utils/helpers.py
[2025-10-28T21:58:43.764+0000] {processor.py:841} WARNING - No viable dags retrieved from /opt/airflow/dags/utils/helpers.py
[2025-10-28T21:58:43.787+0000] {processor.py:179} INFO - Processing /opt/airflow/dags/utils/helpers.py took 0.051 seconds
[2025-10-28T21:59:14.198+0000] {processor.py:157} INFO - Started process (PID=2108) to work on /opt/airflow/dags/utils/helpers.py
[2025-10-28T21:59:14.200+0000] {processor.py:829} INFO - Processing file /opt/airflow/dags/utils/helpers.py for tasks to queue
[2025-10-28T21:59:14.202+0000] {logging_mixin.py:154} INFO - [2025-10-28T21:59:14.201+0000] {dagbag.py:536} INFO - Filling up the DagBag from /opt/airflow/dags/utils/helpers.py
[2025-10-28T21:59:14.211+0000] {processor.py:841} WARNING - No viable dags retrieved from /opt/airflow/dags/utils/helpers.py
[2025-10-28T21:59:14.251+0000] {processor.py:179} INFO - Processing /opt/airflow/dags/utils/helpers.py took 0.072 seconds
[2025-10-28T21:59:27.303+0000] {processor.py:157} INFO - Started process (PID=167) to work on /opt/airflow/dags/utils/helpers.py
[2025-10-28T21:59:27.320+0000] {processor.py:829} INFO - Processing file /opt/airflow/dags/utils/helpers.py for tasks to queue
[2025-10-28T21:59:27.324+0000] {logging_mixin.py:154} INFO - [2025-10-28T21:59:27.323+0000] {dagbag.py:536} INFO - Filling up the DagBag from /opt/airflow/dags/utils/helpers.py
[2025-10-28T21:59:27.384+0000] {processor.py:841} WARNING - No viable dags retrieved from /opt/airflow/dags/utils/helpers.py
[2025-10-28T21:59:27.512+0000] {processor.py:179} INFO - Processing /opt/airflow/dags/utils/helpers.py took 0.256 seconds
[2025-10-28T21:59:58.015+0000] {processor.py:157} INFO - Started process (PID=219) to work on /opt/airflow/dags/utils/helpers.py
[2025-10-28T21:59:58.017+0000] {processor.py:829} INFO - Processing file /opt/airflow/dags/utils/helpers.py for tasks to queue
[2025-10-28T21:59:58.020+0000] {logging_mixin.py:154} INFO - [2025-10-28T21:59:58.019+0000] {dagbag.py:536} INFO - Filling up the DagBag from /opt/airflow/dags/utils/helpers.py
[2025-10-28T21:59:58.032+0000] {processor.py:841} WARNING - No viable dags retrieved from /opt/airflow/dags/utils/helpers.py
[2025-10-28T21:59:58.061+0000] {processor.py:179} INFO - Processing /opt/airflow/dags/utils/helpers.py took 0.059 seconds
[2025-10-28T22:00:28.733+0000] {processor.py:157} INFO - Started process (PID=267) to work on /opt/airflow/dags/utils/helpers.py
[2025-10-28T22:00:28.735+0000] {processor.py:829} INFO - Processing file /opt/airflow/dags/utils/helpers.py for tasks to queue
[2025-10-28T22:00:28.736+0000] {logging_mixin.py:154} INFO - [2025-10-28T22:00:28.736+0000] {dagbag.py:536} INFO - Filling up the DagBag from /opt/airflow/dags/utils/helpers.py
[2025-10-28T22:00:28.750+0000] {processor.py:841} WARNING - No viable dags retrieved from /opt/airflow/dags/utils/helpers.py
[2025-10-28T22:00:28.775+0000] {processor.py:179} INFO - Processing /opt/airflow/dags/utils/helpers.py took 0.053 seconds
[2025-10-28T22:00:59.306+0000] {processor.py:157} INFO - Started process (PID=322) to work on /opt/airflow/dags/utils/helpers.py
[2025-10-28T22:00:59.309+0000] {processor.py:829} INFO - Processing file /opt/airflow/dags/utils/helpers.py for tasks to queue
[2025-10-28T22:00:59.310+0000] {logging_mixin.py:154} INFO - [2025-10-28T22:00:59.310+0000] {dagbag.py:536} INFO - Filling up the DagBag from /opt/airflow/dags/utils/helpers.py
[2025-10-28T22:00:59.315+0000] {processor.py:841} WARNING - No viable dags retrieved from /opt/airflow/dags/utils/helpers.py
[2025-10-28T22:00:59.344+0000] {processor.py:179} INFO - Processing /opt/airflow/dags/utils/helpers.py took 0.047 seconds
[2025-10-28T22:01:30.159+0000] {processor.py:157} INFO - Started process (PID=377) to work on /opt/airflow/dags/utils/helpers.py
[2025-10-28T22:01:30.162+0000] {processor.py:829} INFO - Processing file /opt/airflow/dags/utils/helpers.py for tasks to queue
[2025-10-28T22:01:30.163+0000] {logging_mixin.py:154} INFO - [2025-10-28T22:01:30.162+0000] {dagbag.py:536} INFO - Filling up the DagBag from /opt/airflow/dags/utils/helpers.py
[2025-10-28T22:01:30.169+0000] {processor.py:841} WARNING - No viable dags retrieved from /opt/airflow/dags/utils/helpers.py
[2025-10-28T22:01:30.193+0000] {processor.py:179} INFO - Processing /opt/airflow/dags/utils/helpers.py took 0.043 seconds
[2025-10-28T22:02:00.837+0000] {processor.py:157} INFO - Started process (PID=425) to work on /opt/airflow/dags/utils/helpers.py
[2025-10-28T22:02:00.840+0000] {processor.py:829} INFO - Processing file /opt/airflow/dags/utils/helpers.py for tasks to queue
[2025-10-28T22:02:00.841+0000] {logging_mixin.py:154} INFO - [2025-10-28T22:02:00.841+0000] {dagbag.py:536} INFO - Filling up the DagBag from /opt/airflow/dags/utils/helpers.py
[2025-10-28T22:02:00.853+0000] {processor.py:841} WARNING - No viable dags retrieved from /opt/airflow/dags/utils/helpers.py
[2025-10-28T22:02:00.880+0000] {processor.py:179} INFO - Processing /opt/airflow/dags/utils/helpers.py took 0.053 seconds
[2025-10-28T22:02:31.857+0000] {processor.py:157} INFO - Started process (PID=479) to work on /opt/airflow/dags/utils/helpers.py
[2025-10-28T22:02:31.858+0000] {processor.py:829} INFO - Processing file /opt/airflow/dags/utils/helpers.py for tasks to queue
[2025-10-28T22:02:31.860+0000] {logging_mixin.py:154} INFO - [2025-10-28T22:02:31.860+0000] {dagbag.py:536} INFO - Filling up the DagBag from /opt/airflow/dags/utils/helpers.py
[2025-10-28T22:02:31.867+0000] {processor.py:841} WARNING - No viable dags retrieved from /opt/airflow/dags/utils/helpers.py
[2025-10-28T22:02:31.892+0000] {processor.py:179} INFO - Processing /opt/airflow/dags/utils/helpers.py took 0.046 seconds
[2025-10-28T22:03:02.610+0000] {processor.py:157} INFO - Started process (PID=527) to work on /opt/airflow/dags/utils/helpers.py
[2025-10-28T22:03:02.616+0000] {processor.py:829} INFO - Processing file /opt/airflow/dags/utils/helpers.py for tasks to queue
[2025-10-28T22:03:02.621+0000] {logging_mixin.py:154} INFO - [2025-10-28T22:03:02.621+0000] {dagbag.py:536} INFO - Filling up the DagBag from /opt/airflow/dags/utils/helpers.py
[2025-10-28T22:03:02.632+0000] {processor.py:841} WARNING - No viable dags retrieved from /opt/airflow/dags/utils/helpers.py
[2025-10-28T22:03:02.670+0000] {processor.py:179} INFO - Processing /opt/airflow/dags/utils/helpers.py took 0.069 seconds
[2025-10-28T22:03:32.962+0000] {processor.py:157} INFO - Started process (PID=582) to work on /opt/airflow/dags/utils/helpers.py
[2025-10-28T22:03:32.964+0000] {processor.py:829} INFO - Processing file /opt/airflow/dags/utils/helpers.py for tasks to queue
[2025-10-28T22:03:32.966+0000] {logging_mixin.py:154} INFO - [2025-10-28T22:03:32.966+0000] {dagbag.py:536} INFO - Filling up the DagBag from /opt/airflow/dags/utils/helpers.py
[2025-10-28T22:03:32.973+0000] {processor.py:841} WARNING - No viable dags retrieved from /opt/airflow/dags/utils/helpers.py
[2025-10-28T22:03:32.992+0000] {processor.py:179} INFO - Processing /opt/airflow/dags/utils/helpers.py took 0.049 seconds
[2025-10-28T22:04:03.622+0000] {processor.py:157} INFO - Started process (PID=637) to work on /opt/airflow/dags/utils/helpers.py
[2025-10-28T22:04:03.625+0000] {processor.py:829} INFO - Processing file /opt/airflow/dags/utils/helpers.py for tasks to queue
[2025-10-28T22:04:03.626+0000] {logging_mixin.py:154} INFO - [2025-10-28T22:04:03.626+0000] {dagbag.py:536} INFO - Filling up the DagBag from /opt/airflow/dags/utils/helpers.py
[2025-10-28T22:04:03.634+0000] {processor.py:841} WARNING - No viable dags retrieved from /opt/airflow/dags/utils/helpers.py
[2025-10-28T22:04:03.672+0000] {processor.py:179} INFO - Processing /opt/airflow/dags/utils/helpers.py took 0.057 seconds
[2025-10-28T22:04:33.847+0000] {processor.py:157} INFO - Started process (PID=685) to work on /opt/airflow/dags/utils/helpers.py
[2025-10-28T22:04:33.849+0000] {processor.py:829} INFO - Processing file /opt/airflow/dags/utils/helpers.py for tasks to queue
[2025-10-28T22:04:33.850+0000] {logging_mixin.py:154} INFO - [2025-10-28T22:04:33.849+0000] {dagbag.py:536} INFO - Filling up the DagBag from /opt/airflow/dags/utils/helpers.py
[2025-10-28T22:04:33.854+0000] {processor.py:841} WARNING - No viable dags retrieved from /opt/airflow/dags/utils/helpers.py
[2025-10-28T22:04:33.880+0000] {processor.py:179} INFO - Processing /opt/airflow/dags/utils/helpers.py took 0.039 seconds
[2025-10-28T22:05:04.239+0000] {processor.py:157} INFO - Started process (PID=740) to work on /opt/airflow/dags/utils/helpers.py
[2025-10-28T22:05:04.242+0000] {processor.py:829} INFO - Processing file /opt/airflow/dags/utils/helpers.py for tasks to queue
[2025-10-28T22:05:04.246+0000] {logging_mixin.py:154} INFO - [2025-10-28T22:05:04.245+0000] {dagbag.py:536} INFO - Filling up the DagBag from /opt/airflow/dags/utils/helpers.py
[2025-10-28T22:05:04.252+0000] {processor.py:841} WARNING - No viable dags retrieved from /opt/airflow/dags/utils/helpers.py
[2025-10-28T22:05:04.276+0000] {processor.py:179} INFO - Processing /opt/airflow/dags/utils/helpers.py took 0.044 seconds
[2025-10-28T22:05:34.891+0000] {processor.py:157} INFO - Started process (PID=788) to work on /opt/airflow/dags/utils/helpers.py
[2025-10-28T22:05:34.893+0000] {processor.py:829} INFO - Processing file /opt/airflow/dags/utils/helpers.py for tasks to queue
[2025-10-28T22:05:34.895+0000] {logging_mixin.py:154} INFO - [2025-10-28T22:05:34.894+0000] {dagbag.py:536} INFO - Filling up the DagBag from /opt/airflow/dags/utils/helpers.py
[2025-10-28T22:05:34.902+0000] {processor.py:841} WARNING - No viable dags retrieved from /opt/airflow/dags/utils/helpers.py
[2025-10-28T22:05:34.930+0000] {processor.py:179} INFO - Processing /opt/airflow/dags/utils/helpers.py took 0.048 seconds
[2025-10-28T22:06:05.222+0000] {processor.py:157} INFO - Started process (PID=843) to work on /opt/airflow/dags/utils/helpers.py
[2025-10-28T22:06:05.225+0000] {processor.py:829} INFO - Processing file /opt/airflow/dags/utils/helpers.py for tasks to queue
[2025-10-28T22:06:05.228+0000] {logging_mixin.py:154} INFO - [2025-10-28T22:06:05.227+0000] {dagbag.py:536} INFO - Filling up the DagBag from /opt/airflow/dags/utils/helpers.py
[2025-10-28T22:06:05.234+0000] {processor.py:841} WARNING - No viable dags retrieved from /opt/airflow/dags/utils/helpers.py
[2025-10-28T22:06:05.265+0000] {processor.py:179} INFO - Processing /opt/airflow/dags/utils/helpers.py took 0.052 seconds
[2025-10-28T22:06:35.647+0000] {processor.py:157} INFO - Started process (PID=993) to work on /opt/airflow/dags/utils/helpers.py
[2025-10-28T22:06:35.649+0000] {processor.py:829} INFO - Processing file /opt/airflow/dags/utils/helpers.py for tasks to queue
[2025-10-28T22:06:35.651+0000] {logging_mixin.py:154} INFO - [2025-10-28T22:06:35.650+0000] {dagbag.py:536} INFO - Filling up the DagBag from /opt/airflow/dags/utils/helpers.py
[2025-10-28T22:06:35.670+0000] {processor.py:841} WARNING - No viable dags retrieved from /opt/airflow/dags/utils/helpers.py
[2025-10-28T22:06:35.717+0000] {processor.py:179} INFO - Processing /opt/airflow/dags/utils/helpers.py took 0.085 seconds
[2025-10-28T22:07:06.123+0000] {processor.py:157} INFO - Started process (PID=1067) to work on /opt/airflow/dags/utils/helpers.py
[2025-10-28T22:07:06.131+0000] {processor.py:829} INFO - Processing file /opt/airflow/dags/utils/helpers.py for tasks to queue
[2025-10-28T22:07:06.137+0000] {logging_mixin.py:154} INFO - [2025-10-28T22:07:06.135+0000] {dagbag.py:536} INFO - Filling up the DagBag from /opt/airflow/dags/utils/helpers.py
[2025-10-28T22:07:06.159+0000] {processor.py:841} WARNING - No viable dags retrieved from /opt/airflow/dags/utils/helpers.py
[2025-10-28T22:07:06.232+0000] {processor.py:179} INFO - Processing /opt/airflow/dags/utils/helpers.py took 0.120 seconds
[2025-10-28T22:07:37.184+0000] {processor.py:157} INFO - Started process (PID=1131) to work on /opt/airflow/dags/utils/helpers.py
[2025-10-28T22:07:37.188+0000] {processor.py:829} INFO - Processing file /opt/airflow/dags/utils/helpers.py for tasks to queue
[2025-10-28T22:07:37.189+0000] {logging_mixin.py:154} INFO - [2025-10-28T22:07:37.189+0000] {dagbag.py:536} INFO - Filling up the DagBag from /opt/airflow/dags/utils/helpers.py
[2025-10-28T22:07:37.195+0000] {processor.py:841} WARNING - No viable dags retrieved from /opt/airflow/dags/utils/helpers.py
[2025-10-28T22:07:37.211+0000] {processor.py:179} INFO - Processing /opt/airflow/dags/utils/helpers.py took 0.033 seconds
[2025-10-28T22:08:07.785+0000] {processor.py:157} INFO - Started process (PID=1179) to work on /opt/airflow/dags/utils/helpers.py
[2025-10-28T22:08:07.788+0000] {processor.py:829} INFO - Processing file /opt/airflow/dags/utils/helpers.py for tasks to queue
[2025-10-28T22:08:07.789+0000] {logging_mixin.py:154} INFO - [2025-10-28T22:08:07.788+0000] {dagbag.py:536} INFO - Filling up the DagBag from /opt/airflow/dags/utils/helpers.py
[2025-10-28T22:08:07.800+0000] {processor.py:841} WARNING - No viable dags retrieved from /opt/airflow/dags/utils/helpers.py
[2025-10-28T22:08:07.830+0000] {processor.py:179} INFO - Processing /opt/airflow/dags/utils/helpers.py took 0.055 seconds
[2025-10-28T22:08:38.157+0000] {processor.py:157} INFO - Started process (PID=1234) to work on /opt/airflow/dags/utils/helpers.py
[2025-10-28T22:08:38.160+0000] {processor.py:829} INFO - Processing file /opt/airflow/dags/utils/helpers.py for tasks to queue
[2025-10-28T22:08:38.161+0000] {logging_mixin.py:154} INFO - [2025-10-28T22:08:38.160+0000] {dagbag.py:536} INFO - Filling up the DagBag from /opt/airflow/dags/utils/helpers.py
[2025-10-28T22:08:38.167+0000] {processor.py:841} WARNING - No viable dags retrieved from /opt/airflow/dags/utils/helpers.py
[2025-10-28T22:08:38.206+0000] {processor.py:179} INFO - Processing /opt/airflow/dags/utils/helpers.py took 0.062 seconds
[2025-10-28T22:09:08.789+0000] {processor.py:157} INFO - Started process (PID=1289) to work on /opt/airflow/dags/utils/helpers.py
[2025-10-28T22:09:08.794+0000] {processor.py:829} INFO - Processing file /opt/airflow/dags/utils/helpers.py for tasks to queue
[2025-10-28T22:09:08.798+0000] {logging_mixin.py:154} INFO - [2025-10-28T22:09:08.797+0000] {dagbag.py:536} INFO - Filling up the DagBag from /opt/airflow/dags/utils/helpers.py
[2025-10-28T22:09:08.805+0000] {processor.py:841} WARNING - No viable dags retrieved from /opt/airflow/dags/utils/helpers.py
[2025-10-28T22:09:08.822+0000] {processor.py:179} INFO - Processing /opt/airflow/dags/utils/helpers.py took 0.041 seconds
[2025-10-28T22:09:39.626+0000] {processor.py:157} INFO - Started process (PID=1337) to work on /opt/airflow/dags/utils/helpers.py
[2025-10-28T22:09:39.628+0000] {processor.py:829} INFO - Processing file /opt/airflow/dags/utils/helpers.py for tasks to queue
[2025-10-28T22:09:39.630+0000] {logging_mixin.py:154} INFO - [2025-10-28T22:09:39.629+0000] {dagbag.py:536} INFO - Filling up the DagBag from /opt/airflow/dags/utils/helpers.py
[2025-10-28T22:09:39.641+0000] {processor.py:841} WARNING - No viable dags retrieved from /opt/airflow/dags/utils/helpers.py
[2025-10-28T22:09:39.664+0000] {processor.py:179} INFO - Processing /opt/airflow/dags/utils/helpers.py took 0.046 seconds
[2025-10-28T22:10:10.537+0000] {processor.py:157} INFO - Started process (PID=1392) to work on /opt/airflow/dags/utils/helpers.py
[2025-10-28T22:10:10.542+0000] {processor.py:829} INFO - Processing file /opt/airflow/dags/utils/helpers.py for tasks to queue
[2025-10-28T22:10:10.544+0000] {logging_mixin.py:154} INFO - [2025-10-28T22:10:10.543+0000] {dagbag.py:536} INFO - Filling up the DagBag from /opt/airflow/dags/utils/helpers.py
[2025-10-28T22:10:10.559+0000] {processor.py:841} WARNING - No viable dags retrieved from /opt/airflow/dags/utils/helpers.py
[2025-10-28T22:10:10.592+0000] {processor.py:179} INFO - Processing /opt/airflow/dags/utils/helpers.py took 0.068 seconds
[2025-10-28T22:10:40.708+0000] {processor.py:157} INFO - Started process (PID=1447) to work on /opt/airflow/dags/utils/helpers.py
[2025-10-28T22:10:40.710+0000] {processor.py:829} INFO - Processing file /opt/airflow/dags/utils/helpers.py for tasks to queue
[2025-10-28T22:10:40.711+0000] {logging_mixin.py:154} INFO - [2025-10-28T22:10:40.711+0000] {dagbag.py:536} INFO - Filling up the DagBag from /opt/airflow/dags/utils/helpers.py
[2025-10-28T22:10:40.717+0000] {processor.py:841} WARNING - No viable dags retrieved from /opt/airflow/dags/utils/helpers.py
[2025-10-28T22:10:40.736+0000] {processor.py:179} INFO - Processing /opt/airflow/dags/utils/helpers.py took 0.039 seconds
[2025-10-28T22:11:11.507+0000] {processor.py:157} INFO - Started process (PID=1496) to work on /opt/airflow/dags/utils/helpers.py
[2025-10-28T22:11:11.509+0000] {processor.py:829} INFO - Processing file /opt/airflow/dags/utils/helpers.py for tasks to queue
[2025-10-28T22:11:11.511+0000] {logging_mixin.py:154} INFO - [2025-10-28T22:11:11.510+0000] {dagbag.py:536} INFO - Filling up the DagBag from /opt/airflow/dags/utils/helpers.py
[2025-10-28T22:11:11.519+0000] {processor.py:841} WARNING - No viable dags retrieved from /opt/airflow/dags/utils/helpers.py
[2025-10-28T22:11:11.541+0000] {processor.py:179} INFO - Processing /opt/airflow/dags/utils/helpers.py took 0.050 seconds
[2025-10-28T22:11:41.777+0000] {processor.py:157} INFO - Started process (PID=1551) to work on /opt/airflow/dags/utils/helpers.py
[2025-10-28T22:11:41.780+0000] {processor.py:829} INFO - Processing file /opt/airflow/dags/utils/helpers.py for tasks to queue
[2025-10-28T22:11:41.781+0000] {logging_mixin.py:154} INFO - [2025-10-28T22:11:41.781+0000] {dagbag.py:536} INFO - Filling up the DagBag from /opt/airflow/dags/utils/helpers.py
[2025-10-28T22:11:41.792+0000] {processor.py:841} WARNING - No viable dags retrieved from /opt/airflow/dags/utils/helpers.py
[2025-10-28T22:11:41.830+0000] {processor.py:179} INFO - Processing /opt/airflow/dags/utils/helpers.py took 0.064 seconds
[2025-10-28T22:12:12.912+0000] {processor.py:157} INFO - Started process (PID=1652) to work on /opt/airflow/dags/utils/helpers.py
[2025-10-28T22:12:12.920+0000] {processor.py:829} INFO - Processing file /opt/airflow/dags/utils/helpers.py for tasks to queue
[2025-10-28T22:12:12.926+0000] {logging_mixin.py:154} INFO - [2025-10-28T22:12:12.923+0000] {dagbag.py:536} INFO - Filling up the DagBag from /opt/airflow/dags/utils/helpers.py
[2025-10-28T22:12:12.950+0000] {processor.py:841} WARNING - No viable dags retrieved from /opt/airflow/dags/utils/helpers.py
[2025-10-28T22:12:13.064+0000] {processor.py:179} INFO - Processing /opt/airflow/dags/utils/helpers.py took 0.180 seconds
[2025-10-28T22:12:43.192+0000] {processor.py:157} INFO - Started process (PID=1723) to work on /opt/airflow/dags/utils/helpers.py
[2025-10-28T22:12:43.201+0000] {processor.py:829} INFO - Processing file /opt/airflow/dags/utils/helpers.py for tasks to queue
[2025-10-28T22:12:43.203+0000] {logging_mixin.py:154} INFO - [2025-10-28T22:12:43.203+0000] {dagbag.py:536} INFO - Filling up the DagBag from /opt/airflow/dags/utils/helpers.py
[2025-10-28T22:12:43.212+0000] {processor.py:841} WARNING - No viable dags retrieved from /opt/airflow/dags/utils/helpers.py
[2025-10-28T22:12:43.261+0000] {processor.py:179} INFO - Processing /opt/airflow/dags/utils/helpers.py took 0.085 seconds
[2025-10-28T22:13:13.836+0000] {processor.py:157} INFO - Started process (PID=1771) to work on /opt/airflow/dags/utils/helpers.py
[2025-10-28T22:13:13.841+0000] {processor.py:829} INFO - Processing file /opt/airflow/dags/utils/helpers.py for tasks to queue
[2025-10-28T22:13:13.843+0000] {logging_mixin.py:154} INFO - [2025-10-28T22:13:13.842+0000] {dagbag.py:536} INFO - Filling up the DagBag from /opt/airflow/dags/utils/helpers.py
[2025-10-28T22:13:13.874+0000] {processor.py:841} WARNING - No viable dags retrieved from /opt/airflow/dags/utils/helpers.py
[2025-10-28T22:13:13.925+0000] {processor.py:179} INFO - Processing /opt/airflow/dags/utils/helpers.py took 0.110 seconds
[2025-10-28T22:13:44.485+0000] {processor.py:157} INFO - Started process (PID=1825) to work on /opt/airflow/dags/utils/helpers.py
[2025-10-28T22:13:44.487+0000] {processor.py:829} INFO - Processing file /opt/airflow/dags/utils/helpers.py for tasks to queue
[2025-10-28T22:13:44.489+0000] {logging_mixin.py:154} INFO - [2025-10-28T22:13:44.489+0000] {dagbag.py:536} INFO - Filling up the DagBag from /opt/airflow/dags/utils/helpers.py
[2025-10-28T22:13:44.493+0000] {processor.py:841} WARNING - No viable dags retrieved from /opt/airflow/dags/utils/helpers.py
[2025-10-28T22:13:44.536+0000] {processor.py:179} INFO - Processing /opt/airflow/dags/utils/helpers.py took 0.060 seconds
[2025-10-28T22:14:15.014+0000] {processor.py:157} INFO - Started process (PID=1873) to work on /opt/airflow/dags/utils/helpers.py
[2025-10-28T22:14:15.017+0000] {processor.py:829} INFO - Processing file /opt/airflow/dags/utils/helpers.py for tasks to queue
[2025-10-28T22:14:15.019+0000] {logging_mixin.py:154} INFO - [2025-10-28T22:14:15.019+0000] {dagbag.py:536} INFO - Filling up the DagBag from /opt/airflow/dags/utils/helpers.py
[2025-10-28T22:14:15.034+0000] {processor.py:841} WARNING - No viable dags retrieved from /opt/airflow/dags/utils/helpers.py
[2025-10-28T22:14:15.056+0000] {processor.py:179} INFO - Processing /opt/airflow/dags/utils/helpers.py took 0.053 seconds
[2025-10-28T22:14:46.021+0000] {processor.py:157} INFO - Started process (PID=1928) to work on /opt/airflow/dags/utils/helpers.py
[2025-10-28T22:14:46.023+0000] {processor.py:829} INFO - Processing file /opt/airflow/dags/utils/helpers.py for tasks to queue
[2025-10-28T22:14:46.027+0000] {logging_mixin.py:154} INFO - [2025-10-28T22:14:46.025+0000] {dagbag.py:536} INFO - Filling up the DagBag from /opt/airflow/dags/utils/helpers.py
[2025-10-28T22:14:46.034+0000] {processor.py:841} WARNING - No viable dags retrieved from /opt/airflow/dags/utils/helpers.py
[2025-10-28T22:14:46.052+0000] {processor.py:179} INFO - Processing /opt/airflow/dags/utils/helpers.py took 0.037 seconds
[2025-10-28T22:15:16.464+0000] {processor.py:157} INFO - Started process (PID=1976) to work on /opt/airflow/dags/utils/helpers.py
[2025-10-28T22:15:16.466+0000] {processor.py:829} INFO - Processing file /opt/airflow/dags/utils/helpers.py for tasks to queue
[2025-10-28T22:15:16.467+0000] {logging_mixin.py:154} INFO - [2025-10-28T22:15:16.466+0000] {dagbag.py:536} INFO - Filling up the DagBag from /opt/airflow/dags/utils/helpers.py
[2025-10-28T22:15:16.472+0000] {processor.py:841} WARNING - No viable dags retrieved from /opt/airflow/dags/utils/helpers.py
[2025-10-28T22:15:16.494+0000] {processor.py:179} INFO - Processing /opt/airflow/dags/utils/helpers.py took 0.037 seconds
[2025-10-28T22:15:47.153+0000] {processor.py:157} INFO - Started process (PID=2031) to work on /opt/airflow/dags/utils/helpers.py
[2025-10-28T22:15:47.156+0000] {processor.py:829} INFO - Processing file /opt/airflow/dags/utils/helpers.py for tasks to queue
[2025-10-28T22:15:47.159+0000] {logging_mixin.py:154} INFO - [2025-10-28T22:15:47.158+0000] {dagbag.py:536} INFO - Filling up the DagBag from /opt/airflow/dags/utils/helpers.py
[2025-10-28T22:15:47.172+0000] {processor.py:841} WARNING - No viable dags retrieved from /opt/airflow/dags/utils/helpers.py
[2025-10-28T22:15:47.204+0000] {processor.py:179} INFO - Processing /opt/airflow/dags/utils/helpers.py took 0.067 seconds
[2025-10-28T22:16:17.650+0000] {processor.py:157} INFO - Started process (PID=2086) to work on /opt/airflow/dags/utils/helpers.py
[2025-10-28T22:16:17.655+0000] {processor.py:829} INFO - Processing file /opt/airflow/dags/utils/helpers.py for tasks to queue
[2025-10-28T22:16:17.657+0000] {logging_mixin.py:154} INFO - [2025-10-28T22:16:17.656+0000] {dagbag.py:536} INFO - Filling up the DagBag from /opt/airflow/dags/utils/helpers.py
[2025-10-28T22:16:17.663+0000] {processor.py:841} WARNING - No viable dags retrieved from /opt/airflow/dags/utils/helpers.py
[2025-10-28T22:16:17.702+0000] {processor.py:179} INFO - Processing /opt/airflow/dags/utils/helpers.py took 0.060 seconds
[2025-10-28T22:16:47.794+0000] {processor.py:157} INFO - Started process (PID=2134) to work on /opt/airflow/dags/utils/helpers.py
[2025-10-28T22:16:47.798+0000] {processor.py:829} INFO - Processing file /opt/airflow/dags/utils/helpers.py for tasks to queue
[2025-10-28T22:16:47.800+0000] {logging_mixin.py:154} INFO - [2025-10-28T22:16:47.799+0000] {dagbag.py:536} INFO - Filling up the DagBag from /opt/airflow/dags/utils/helpers.py
[2025-10-28T22:16:47.812+0000] {processor.py:841} WARNING - No viable dags retrieved from /opt/airflow/dags/utils/helpers.py
[2025-10-28T22:16:47.859+0000] {processor.py:179} INFO - Processing /opt/airflow/dags/utils/helpers.py took 0.079 seconds
[2025-10-28T22:17:17.967+0000] {processor.py:157} INFO - Started process (PID=2189) to work on /opt/airflow/dags/utils/helpers.py
[2025-10-28T22:17:17.969+0000] {processor.py:829} INFO - Processing file /opt/airflow/dags/utils/helpers.py for tasks to queue
[2025-10-28T22:17:17.971+0000] {logging_mixin.py:154} INFO - [2025-10-28T22:17:17.970+0000] {dagbag.py:536} INFO - Filling up the DagBag from /opt/airflow/dags/utils/helpers.py
[2025-10-28T22:17:17.977+0000] {processor.py:841} WARNING - No viable dags retrieved from /opt/airflow/dags/utils/helpers.py
[2025-10-28T22:17:18.009+0000] {processor.py:179} INFO - Processing /opt/airflow/dags/utils/helpers.py took 0.051 seconds
[2025-10-28T22:17:48.236+0000] {processor.py:157} INFO - Started process (PID=2237) to work on /opt/airflow/dags/utils/helpers.py
[2025-10-28T22:17:48.239+0000] {processor.py:829} INFO - Processing file /opt/airflow/dags/utils/helpers.py for tasks to queue
[2025-10-28T22:17:48.240+0000] {logging_mixin.py:154} INFO - [2025-10-28T22:17:48.239+0000] {dagbag.py:536} INFO - Filling up the DagBag from /opt/airflow/dags/utils/helpers.py
[2025-10-28T22:17:48.246+0000] {processor.py:841} WARNING - No viable dags retrieved from /opt/airflow/dags/utils/helpers.py
[2025-10-28T22:17:48.290+0000] {processor.py:179} INFO - Processing /opt/airflow/dags/utils/helpers.py took 0.065 seconds
[2025-10-28T22:18:18.930+0000] {processor.py:157} INFO - Started process (PID=2285) to work on /opt/airflow/dags/utils/helpers.py
[2025-10-28T22:18:18.934+0000] {processor.py:829} INFO - Processing file /opt/airflow/dags/utils/helpers.py for tasks to queue
[2025-10-28T22:18:18.936+0000] {logging_mixin.py:154} INFO - [2025-10-28T22:18:18.936+0000] {dagbag.py:536} INFO - Filling up the DagBag from /opt/airflow/dags/utils/helpers.py
[2025-10-28T22:18:18.947+0000] {processor.py:841} WARNING - No viable dags retrieved from /opt/airflow/dags/utils/helpers.py
[2025-10-28T22:18:18.981+0000] {processor.py:179} INFO - Processing /opt/airflow/dags/utils/helpers.py took 0.069 seconds
[2025-10-28T22:18:49.490+0000] {processor.py:157} INFO - Started process (PID=2340) to work on /opt/airflow/dags/utils/helpers.py
[2025-10-28T22:18:49.492+0000] {processor.py:829} INFO - Processing file /opt/airflow/dags/utils/helpers.py for tasks to queue
[2025-10-28T22:18:49.493+0000] {logging_mixin.py:154} INFO - [2025-10-28T22:18:49.493+0000] {dagbag.py:536} INFO - Filling up the DagBag from /opt/airflow/dags/utils/helpers.py
[2025-10-28T22:18:49.499+0000] {processor.py:841} WARNING - No viable dags retrieved from /opt/airflow/dags/utils/helpers.py
[2025-10-28T22:18:49.522+0000] {processor.py:179} INFO - Processing /opt/airflow/dags/utils/helpers.py took 0.040 seconds
[2025-10-28T22:19:20.550+0000] {processor.py:157} INFO - Started process (PID=2395) to work on /opt/airflow/dags/utils/helpers.py
[2025-10-28T22:19:20.553+0000] {processor.py:829} INFO - Processing file /opt/airflow/dags/utils/helpers.py for tasks to queue
[2025-10-28T22:19:20.556+0000] {logging_mixin.py:154} INFO - [2025-10-28T22:19:20.555+0000] {dagbag.py:536} INFO - Filling up the DagBag from /opt/airflow/dags/utils/helpers.py
[2025-10-28T22:19:20.563+0000] {processor.py:841} WARNING - No viable dags retrieved from /opt/airflow/dags/utils/helpers.py
[2025-10-28T22:19:20.628+0000] {processor.py:179} INFO - Processing /opt/airflow/dags/utils/helpers.py took 0.088 seconds
[2025-10-28T22:19:50.867+0000] {processor.py:157} INFO - Started process (PID=2442) to work on /opt/airflow/dags/utils/helpers.py
[2025-10-28T22:19:50.872+0000] {processor.py:829} INFO - Processing file /opt/airflow/dags/utils/helpers.py for tasks to queue
[2025-10-28T22:19:50.877+0000] {logging_mixin.py:154} INFO - [2025-10-28T22:19:50.876+0000] {dagbag.py:536} INFO - Filling up the DagBag from /opt/airflow/dags/utils/helpers.py
[2025-10-28T22:19:50.888+0000] {processor.py:841} WARNING - No viable dags retrieved from /opt/airflow/dags/utils/helpers.py
[2025-10-28T22:19:50.922+0000] {processor.py:179} INFO - Processing /opt/airflow/dags/utils/helpers.py took 0.062 seconds
[2025-10-28T22:20:21.126+0000] {processor.py:157} INFO - Started process (PID=2487) to work on /opt/airflow/dags/utils/helpers.py
[2025-10-28T22:20:21.131+0000] {processor.py:829} INFO - Processing file /opt/airflow/dags/utils/helpers.py for tasks to queue
[2025-10-28T22:20:21.145+0000] {logging_mixin.py:154} INFO - [2025-10-28T22:20:21.144+0000] {dagbag.py:536} INFO - Filling up the DagBag from /opt/airflow/dags/utils/helpers.py
[2025-10-28T22:20:21.157+0000] {processor.py:841} WARNING - No viable dags retrieved from /opt/airflow/dags/utils/helpers.py
[2025-10-28T22:20:21.180+0000] {processor.py:179} INFO - Processing /opt/airflow/dags/utils/helpers.py took 0.062 seconds
[2025-10-28T22:20:51.494+0000] {processor.py:157} INFO - Started process (PID=2527) to work on /opt/airflow/dags/utils/helpers.py
[2025-10-28T22:20:51.508+0000] {processor.py:829} INFO - Processing file /opt/airflow/dags/utils/helpers.py for tasks to queue
[2025-10-28T22:20:51.511+0000] {logging_mixin.py:154} INFO - [2025-10-28T22:20:51.510+0000] {dagbag.py:536} INFO - Filling up the DagBag from /opt/airflow/dags/utils/helpers.py
[2025-10-28T22:20:51.593+0000] {processor.py:841} WARNING - No viable dags retrieved from /opt/airflow/dags/utils/helpers.py
[2025-10-28T22:20:51.683+0000] {processor.py:179} INFO - Processing /opt/airflow/dags/utils/helpers.py took 0.202 seconds
[2025-10-28T22:21:22.036+0000] {processor.py:157} INFO - Started process (PID=2578) to work on /opt/airflow/dags/utils/helpers.py
[2025-10-28T22:21:22.040+0000] {processor.py:829} INFO - Processing file /opt/airflow/dags/utils/helpers.py for tasks to queue
[2025-10-28T22:21:22.042+0000] {logging_mixin.py:154} INFO - [2025-10-28T22:21:22.041+0000] {dagbag.py:536} INFO - Filling up the DagBag from /opt/airflow/dags/utils/helpers.py
[2025-10-28T22:21:22.049+0000] {processor.py:841} WARNING - No viable dags retrieved from /opt/airflow/dags/utils/helpers.py
[2025-10-28T22:21:22.079+0000] {processor.py:179} INFO - Processing /opt/airflow/dags/utils/helpers.py took 0.064 seconds
[2025-10-28T22:21:52.438+0000] {processor.py:157} INFO - Started process (PID=2633) to work on /opt/airflow/dags/utils/helpers.py
[2025-10-28T22:21:52.440+0000] {processor.py:829} INFO - Processing file /opt/airflow/dags/utils/helpers.py for tasks to queue
[2025-10-28T22:21:52.441+0000] {logging_mixin.py:154} INFO - [2025-10-28T22:21:52.441+0000] {dagbag.py:536} INFO - Filling up the DagBag from /opt/airflow/dags/utils/helpers.py
[2025-10-28T22:21:52.448+0000] {processor.py:841} WARNING - No viable dags retrieved from /opt/airflow/dags/utils/helpers.py
[2025-10-28T22:21:52.472+0000] {processor.py:179} INFO - Processing /opt/airflow/dags/utils/helpers.py took 0.040 seconds
[2025-10-28T22:22:22.884+0000] {processor.py:157} INFO - Started process (PID=2681) to work on /opt/airflow/dags/utils/helpers.py
[2025-10-28T22:22:22.885+0000] {processor.py:829} INFO - Processing file /opt/airflow/dags/utils/helpers.py for tasks to queue
[2025-10-28T22:22:22.887+0000] {logging_mixin.py:154} INFO - [2025-10-28T22:22:22.886+0000] {dagbag.py:536} INFO - Filling up the DagBag from /opt/airflow/dags/utils/helpers.py
[2025-10-28T22:22:22.892+0000] {processor.py:841} WARNING - No viable dags retrieved from /opt/airflow/dags/utils/helpers.py
[2025-10-28T22:22:22.921+0000] {processor.py:179} INFO - Processing /opt/airflow/dags/utils/helpers.py took 0.043 seconds
[2025-10-28T22:22:53.746+0000] {processor.py:157} INFO - Started process (PID=2736) to work on /opt/airflow/dags/utils/helpers.py
[2025-10-28T22:22:53.748+0000] {processor.py:829} INFO - Processing file /opt/airflow/dags/utils/helpers.py for tasks to queue
[2025-10-28T22:22:53.749+0000] {logging_mixin.py:154} INFO - [2025-10-28T22:22:53.749+0000] {dagbag.py:536} INFO - Filling up the DagBag from /opt/airflow/dags/utils/helpers.py
[2025-10-28T22:22:53.756+0000] {processor.py:841} WARNING - No viable dags retrieved from /opt/airflow/dags/utils/helpers.py
[2025-10-28T22:22:53.786+0000] {processor.py:179} INFO - Processing /opt/airflow/dags/utils/helpers.py took 0.050 seconds
[2025-10-28T22:23:24.128+0000] {processor.py:157} INFO - Started process (PID=2791) to work on /opt/airflow/dags/utils/helpers.py
[2025-10-28T22:23:24.130+0000] {processor.py:829} INFO - Processing file /opt/airflow/dags/utils/helpers.py for tasks to queue
[2025-10-28T22:23:24.132+0000] {logging_mixin.py:154} INFO - [2025-10-28T22:23:24.130+0000] {dagbag.py:536} INFO - Filling up the DagBag from /opt/airflow/dags/utils/helpers.py
[2025-10-28T22:23:24.140+0000] {processor.py:841} WARNING - No viable dags retrieved from /opt/airflow/dags/utils/helpers.py
[2025-10-28T22:23:24.163+0000] {processor.py:179} INFO - Processing /opt/airflow/dags/utils/helpers.py took 0.042 seconds
[2025-10-28T22:23:54.303+0000] {processor.py:157} INFO - Started process (PID=2839) to work on /opt/airflow/dags/utils/helpers.py
[2025-10-28T22:23:54.307+0000] {processor.py:829} INFO - Processing file /opt/airflow/dags/utils/helpers.py for tasks to queue
[2025-10-28T22:23:54.309+0000] {logging_mixin.py:154} INFO - [2025-10-28T22:23:54.308+0000] {dagbag.py:536} INFO - Filling up the DagBag from /opt/airflow/dags/utils/helpers.py
[2025-10-28T22:23:54.322+0000] {processor.py:841} WARNING - No viable dags retrieved from /opt/airflow/dags/utils/helpers.py
[2025-10-28T22:23:54.354+0000] {processor.py:179} INFO - Processing /opt/airflow/dags/utils/helpers.py took 0.059 seconds
[2025-10-28T22:24:25.029+0000] {processor.py:157} INFO - Started process (PID=2894) to work on /opt/airflow/dags/utils/helpers.py
[2025-10-28T22:24:25.033+0000] {processor.py:829} INFO - Processing file /opt/airflow/dags/utils/helpers.py for tasks to queue
[2025-10-28T22:24:25.034+0000] {logging_mixin.py:154} INFO - [2025-10-28T22:24:25.034+0000] {dagbag.py:536} INFO - Filling up the DagBag from /opt/airflow/dags/utils/helpers.py
[2025-10-28T22:24:25.045+0000] {processor.py:841} WARNING - No viable dags retrieved from /opt/airflow/dags/utils/helpers.py
[2025-10-28T22:24:25.104+0000] {processor.py:179} INFO - Processing /opt/airflow/dags/utils/helpers.py took 0.085 seconds
[2025-10-28T22:24:55.705+0000] {processor.py:157} INFO - Started process (PID=2948) to work on /opt/airflow/dags/utils/helpers.py
[2025-10-28T22:24:55.712+0000] {processor.py:829} INFO - Processing file /opt/airflow/dags/utils/helpers.py for tasks to queue
[2025-10-28T22:24:55.718+0000] {logging_mixin.py:154} INFO - [2025-10-28T22:24:55.717+0000] {dagbag.py:536} INFO - Filling up the DagBag from /opt/airflow/dags/utils/helpers.py
[2025-10-28T22:24:55.724+0000] {processor.py:841} WARNING - No viable dags retrieved from /opt/airflow/dags/utils/helpers.py
[2025-10-28T22:24:55.766+0000] {processor.py:179} INFO - Processing /opt/airflow/dags/utils/helpers.py took 0.070 seconds
[2025-10-28T22:25:26.329+0000] {processor.py:157} INFO - Started process (PID=2997) to work on /opt/airflow/dags/utils/helpers.py
[2025-10-28T22:25:26.340+0000] {processor.py:829} INFO - Processing file /opt/airflow/dags/utils/helpers.py for tasks to queue
[2025-10-28T22:25:26.343+0000] {logging_mixin.py:154} INFO - [2025-10-28T22:25:26.343+0000] {dagbag.py:536} INFO - Filling up the DagBag from /opt/airflow/dags/utils/helpers.py
[2025-10-28T22:25:26.348+0000] {processor.py:841} WARNING - No viable dags retrieved from /opt/airflow/dags/utils/helpers.py
[2025-10-28T22:25:26.375+0000] {processor.py:179} INFO - Processing /opt/airflow/dags/utils/helpers.py took 0.070 seconds
[2025-10-28T22:25:57.164+0000] {processor.py:157} INFO - Started process (PID=3144) to work on /opt/airflow/dags/utils/helpers.py
[2025-10-28T22:25:57.183+0000] {processor.py:829} INFO - Processing file /opt/airflow/dags/utils/helpers.py for tasks to queue
[2025-10-28T22:25:57.470+0000] {logging_mixin.py:154} INFO - [2025-10-28T22:25:57.191+0000] {dagbag.py:536} INFO - Filling up the DagBag from /opt/airflow/dags/utils/helpers.py
[2025-10-28T22:25:57.740+0000] {processor.py:841} WARNING - No viable dags retrieved from /opt/airflow/dags/utils/helpers.py
[2025-10-28T22:25:57.869+0000] {processor.py:179} INFO - Processing /opt/airflow/dags/utils/helpers.py took 0.724 seconds
[2025-10-28T22:26:28.020+0000] {processor.py:157} INFO - Started process (PID=3191) to work on /opt/airflow/dags/utils/helpers.py
[2025-10-28T22:26:28.023+0000] {processor.py:829} INFO - Processing file /opt/airflow/dags/utils/helpers.py for tasks to queue
[2025-10-28T22:26:28.024+0000] {logging_mixin.py:154} INFO - [2025-10-28T22:26:28.023+0000] {dagbag.py:536} INFO - Filling up the DagBag from /opt/airflow/dags/utils/helpers.py
[2025-10-28T22:26:28.032+0000] {processor.py:841} WARNING - No viable dags retrieved from /opt/airflow/dags/utils/helpers.py
[2025-10-28T22:26:28.064+0000] {processor.py:179} INFO - Processing /opt/airflow/dags/utils/helpers.py took 0.058 seconds
[2025-10-28T22:26:58.528+0000] {processor.py:157} INFO - Started process (PID=3239) to work on /opt/airflow/dags/utils/helpers.py
[2025-10-28T22:26:58.530+0000] {processor.py:829} INFO - Processing file /opt/airflow/dags/utils/helpers.py for tasks to queue
[2025-10-28T22:26:58.532+0000] {logging_mixin.py:154} INFO - [2025-10-28T22:26:58.532+0000] {dagbag.py:536} INFO - Filling up the DagBag from /opt/airflow/dags/utils/helpers.py
[2025-10-28T22:26:58.537+0000] {processor.py:841} WARNING - No viable dags retrieved from /opt/airflow/dags/utils/helpers.py
[2025-10-28T22:26:58.563+0000] {processor.py:179} INFO - Processing /opt/airflow/dags/utils/helpers.py took 0.049 seconds
[2025-10-28T22:27:28.649+0000] {processor.py:157} INFO - Started process (PID=3295) to work on /opt/airflow/dags/utils/helpers.py
[2025-10-28T22:27:28.658+0000] {processor.py:829} INFO - Processing file /opt/airflow/dags/utils/helpers.py for tasks to queue
[2025-10-28T22:27:28.662+0000] {logging_mixin.py:154} INFO - [2025-10-28T22:27:28.660+0000] {dagbag.py:536} INFO - Filling up the DagBag from /opt/airflow/dags/utils/helpers.py
[2025-10-28T22:27:28.670+0000] {processor.py:841} WARNING - No viable dags retrieved from /opt/airflow/dags/utils/helpers.py
[2025-10-28T22:27:28.697+0000] {processor.py:179} INFO - Processing /opt/airflow/dags/utils/helpers.py took 0.059 seconds
[2025-10-28T22:27:59.455+0000] {processor.py:157} INFO - Started process (PID=3350) to work on /opt/airflow/dags/utils/helpers.py
[2025-10-28T22:27:59.457+0000] {processor.py:829} INFO - Processing file /opt/airflow/dags/utils/helpers.py for tasks to queue
[2025-10-28T22:27:59.458+0000] {logging_mixin.py:154} INFO - [2025-10-28T22:27:59.458+0000] {dagbag.py:536} INFO - Filling up the DagBag from /opt/airflow/dags/utils/helpers.py
[2025-10-28T22:27:59.463+0000] {processor.py:841} WARNING - No viable dags retrieved from /opt/airflow/dags/utils/helpers.py
[2025-10-28T22:27:59.483+0000] {processor.py:179} INFO - Processing /opt/airflow/dags/utils/helpers.py took 0.036 seconds
[2025-10-28T22:28:29.544+0000] {processor.py:157} INFO - Started process (PID=3398) to work on /opt/airflow/dags/utils/helpers.py
[2025-10-28T22:28:29.546+0000] {processor.py:829} INFO - Processing file /opt/airflow/dags/utils/helpers.py for tasks to queue
[2025-10-28T22:28:29.547+0000] {logging_mixin.py:154} INFO - [2025-10-28T22:28:29.546+0000] {dagbag.py:536} INFO - Filling up the DagBag from /opt/airflow/dags/utils/helpers.py
[2025-10-28T22:28:29.551+0000] {processor.py:841} WARNING - No viable dags retrieved from /opt/airflow/dags/utils/helpers.py
[2025-10-28T22:28:29.574+0000] {processor.py:179} INFO - Processing /opt/airflow/dags/utils/helpers.py took 0.038 seconds
[2025-10-28T22:29:00.070+0000] {processor.py:157} INFO - Started process (PID=3453) to work on /opt/airflow/dags/utils/helpers.py
[2025-10-28T22:29:00.072+0000] {processor.py:829} INFO - Processing file /opt/airflow/dags/utils/helpers.py for tasks to queue
[2025-10-28T22:29:00.074+0000] {logging_mixin.py:154} INFO - [2025-10-28T22:29:00.073+0000] {dagbag.py:536} INFO - Filling up the DagBag from /opt/airflow/dags/utils/helpers.py
[2025-10-28T22:29:00.088+0000] {processor.py:841} WARNING - No viable dags retrieved from /opt/airflow/dags/utils/helpers.py
[2025-10-28T22:29:00.137+0000] {processor.py:179} INFO - Processing /opt/airflow/dags/utils/helpers.py took 0.073 seconds
[2025-10-28T22:29:30.231+0000] {processor.py:157} INFO - Started process (PID=3508) to work on /opt/airflow/dags/utils/helpers.py
[2025-10-28T22:29:30.233+0000] {processor.py:829} INFO - Processing file /opt/airflow/dags/utils/helpers.py for tasks to queue
[2025-10-28T22:29:30.234+0000] {logging_mixin.py:154} INFO - [2025-10-28T22:29:30.234+0000] {dagbag.py:536} INFO - Filling up the DagBag from /opt/airflow/dags/utils/helpers.py
[2025-10-28T22:29:30.240+0000] {processor.py:841} WARNING - No viable dags retrieved from /opt/airflow/dags/utils/helpers.py
[2025-10-28T22:29:30.269+0000] {processor.py:179} INFO - Processing /opt/airflow/dags/utils/helpers.py took 0.045 seconds
[2025-10-28T22:30:00.310+0000] {processor.py:157} INFO - Started process (PID=3556) to work on /opt/airflow/dags/utils/helpers.py
[2025-10-28T22:30:00.311+0000] {processor.py:829} INFO - Processing file /opt/airflow/dags/utils/helpers.py for tasks to queue
[2025-10-28T22:30:00.312+0000] {logging_mixin.py:154} INFO - [2025-10-28T22:30:00.312+0000] {dagbag.py:536} INFO - Filling up the DagBag from /opt/airflow/dags/utils/helpers.py
[2025-10-28T22:30:00.315+0000] {processor.py:841} WARNING - No viable dags retrieved from /opt/airflow/dags/utils/helpers.py
[2025-10-28T22:30:00.326+0000] {processor.py:179} INFO - Processing /opt/airflow/dags/utils/helpers.py took 0.019 seconds
[2025-10-28T22:30:30.719+0000] {processor.py:157} INFO - Started process (PID=3605) to work on /opt/airflow/dags/utils/helpers.py
[2025-10-28T22:30:30.722+0000] {processor.py:829} INFO - Processing file /opt/airflow/dags/utils/helpers.py for tasks to queue
[2025-10-28T22:30:30.724+0000] {logging_mixin.py:154} INFO - [2025-10-28T22:30:30.723+0000] {dagbag.py:536} INFO - Filling up the DagBag from /opt/airflow/dags/utils/helpers.py
[2025-10-28T22:30:30.731+0000] {processor.py:841} WARNING - No viable dags retrieved from /opt/airflow/dags/utils/helpers.py
[2025-10-28T22:30:30.764+0000] {processor.py:179} INFO - Processing /opt/airflow/dags/utils/helpers.py took 0.054 seconds
[2025-10-28T22:31:01.292+0000] {processor.py:157} INFO - Started process (PID=3651) to work on /opt/airflow/dags/utils/helpers.py
[2025-10-28T22:31:01.294+0000] {processor.py:829} INFO - Processing file /opt/airflow/dags/utils/helpers.py for tasks to queue
[2025-10-28T22:31:01.295+0000] {logging_mixin.py:154} INFO - [2025-10-28T22:31:01.294+0000] {dagbag.py:536} INFO - Filling up the DagBag from /opt/airflow/dags/utils/helpers.py
[2025-10-28T22:31:01.301+0000] {processor.py:841} WARNING - No viable dags retrieved from /opt/airflow/dags/utils/helpers.py
[2025-10-28T22:31:01.324+0000] {processor.py:179} INFO - Processing /opt/airflow/dags/utils/helpers.py took 0.038 seconds
[2025-10-28T22:31:31.599+0000] {processor.py:157} INFO - Started process (PID=3741) to work on /opt/airflow/dags/utils/helpers.py
[2025-10-28T22:31:31.603+0000] {processor.py:829} INFO - Processing file /opt/airflow/dags/utils/helpers.py for tasks to queue
[2025-10-28T22:31:31.608+0000] {logging_mixin.py:154} INFO - [2025-10-28T22:31:31.607+0000] {dagbag.py:536} INFO - Filling up the DagBag from /opt/airflow/dags/utils/helpers.py
[2025-10-28T22:31:31.619+0000] {processor.py:841} WARNING - No viable dags retrieved from /opt/airflow/dags/utils/helpers.py
[2025-10-28T22:31:31.659+0000] {processor.py:179} INFO - Processing /opt/airflow/dags/utils/helpers.py took 0.081 seconds
[2025-10-28T22:32:02.214+0000] {processor.py:157} INFO - Started process (PID=3789) to work on /opt/airflow/dags/utils/helpers.py
[2025-10-28T22:32:02.218+0000] {processor.py:829} INFO - Processing file /opt/airflow/dags/utils/helpers.py for tasks to queue
[2025-10-28T22:32:02.222+0000] {logging_mixin.py:154} INFO - [2025-10-28T22:32:02.221+0000] {dagbag.py:536} INFO - Filling up the DagBag from /opt/airflow/dags/utils/helpers.py
[2025-10-28T22:32:02.230+0000] {processor.py:841} WARNING - No viable dags retrieved from /opt/airflow/dags/utils/helpers.py
[2025-10-28T22:32:02.266+0000] {processor.py:179} INFO - Processing /opt/airflow/dags/utils/helpers.py took 0.059 seconds
[2025-10-28T22:32:32.468+0000] {processor.py:157} INFO - Started process (PID=3844) to work on /opt/airflow/dags/utils/helpers.py
[2025-10-28T22:32:32.474+0000] {processor.py:829} INFO - Processing file /opt/airflow/dags/utils/helpers.py for tasks to queue
[2025-10-28T22:32:32.476+0000] {logging_mixin.py:154} INFO - [2025-10-28T22:32:32.476+0000] {dagbag.py:536} INFO - Filling up the DagBag from /opt/airflow/dags/utils/helpers.py
[2025-10-28T22:32:32.484+0000] {processor.py:841} WARNING - No viable dags retrieved from /opt/airflow/dags/utils/helpers.py
[2025-10-28T22:32:32.512+0000] {processor.py:179} INFO - Processing /opt/airflow/dags/utils/helpers.py took 0.057 seconds
[2025-10-28T22:33:02.739+0000] {processor.py:157} INFO - Started process (PID=3892) to work on /opt/airflow/dags/utils/helpers.py
[2025-10-28T22:33:02.741+0000] {processor.py:829} INFO - Processing file /opt/airflow/dags/utils/helpers.py for tasks to queue
[2025-10-28T22:33:02.747+0000] {logging_mixin.py:154} INFO - [2025-10-28T22:33:02.742+0000] {dagbag.py:536} INFO - Filling up the DagBag from /opt/airflow/dags/utils/helpers.py
[2025-10-28T22:33:02.765+0000] {processor.py:841} WARNING - No viable dags retrieved from /opt/airflow/dags/utils/helpers.py
[2025-10-28T22:33:02.809+0000] {processor.py:179} INFO - Processing /opt/airflow/dags/utils/helpers.py took 0.083 seconds
[2025-10-28T22:33:33.425+0000] {processor.py:157} INFO - Started process (PID=3947) to work on /opt/airflow/dags/utils/helpers.py
[2025-10-28T22:33:33.429+0000] {processor.py:829} INFO - Processing file /opt/airflow/dags/utils/helpers.py for tasks to queue
[2025-10-28T22:33:33.431+0000] {logging_mixin.py:154} INFO - [2025-10-28T22:33:33.430+0000] {dagbag.py:536} INFO - Filling up the DagBag from /opt/airflow/dags/utils/helpers.py
[2025-10-28T22:33:33.437+0000] {processor.py:841} WARNING - No viable dags retrieved from /opt/airflow/dags/utils/helpers.py
[2025-10-28T22:33:33.471+0000] {processor.py:179} INFO - Processing /opt/airflow/dags/utils/helpers.py took 0.059 seconds
[2025-10-28T22:34:03.858+0000] {processor.py:157} INFO - Started process (PID=4002) to work on /opt/airflow/dags/utils/helpers.py
[2025-10-28T22:34:03.860+0000] {processor.py:829} INFO - Processing file /opt/airflow/dags/utils/helpers.py for tasks to queue
[2025-10-28T22:34:03.861+0000] {logging_mixin.py:154} INFO - [2025-10-28T22:34:03.861+0000] {dagbag.py:536} INFO - Filling up the DagBag from /opt/airflow/dags/utils/helpers.py
[2025-10-28T22:34:03.871+0000] {processor.py:841} WARNING - No viable dags retrieved from /opt/airflow/dags/utils/helpers.py
[2025-10-28T22:34:03.886+0000] {processor.py:179} INFO - Processing /opt/airflow/dags/utils/helpers.py took 0.033 seconds
[2025-10-28T22:34:34.121+0000] {processor.py:157} INFO - Started process (PID=4050) to work on /opt/airflow/dags/utils/helpers.py
[2025-10-28T22:34:34.123+0000] {processor.py:829} INFO - Processing file /opt/airflow/dags/utils/helpers.py for tasks to queue
[2025-10-28T22:34:34.125+0000] {logging_mixin.py:154} INFO - [2025-10-28T22:34:34.125+0000] {dagbag.py:536} INFO - Filling up the DagBag from /opt/airflow/dags/utils/helpers.py
[2025-10-28T22:34:34.135+0000] {processor.py:841} WARNING - No viable dags retrieved from /opt/airflow/dags/utils/helpers.py
[2025-10-28T22:34:34.168+0000] {processor.py:179} INFO - Processing /opt/airflow/dags/utils/helpers.py took 0.053 seconds
[2025-10-28T22:35:04.897+0000] {processor.py:157} INFO - Started process (PID=4105) to work on /opt/airflow/dags/utils/helpers.py
[2025-10-28T22:35:04.899+0000] {processor.py:829} INFO - Processing file /opt/airflow/dags/utils/helpers.py for tasks to queue
[2025-10-28T22:35:04.901+0000] {logging_mixin.py:154} INFO - [2025-10-28T22:35:04.900+0000] {dagbag.py:536} INFO - Filling up the DagBag from /opt/airflow/dags/utils/helpers.py
[2025-10-28T22:35:04.908+0000] {processor.py:841} WARNING - No viable dags retrieved from /opt/airflow/dags/utils/helpers.py
[2025-10-28T22:35:04.934+0000] {processor.py:179} INFO - Processing /opt/airflow/dags/utils/helpers.py took 0.048 seconds
[2025-10-28T22:35:29.658+0000] {processor.py:157} INFO - Started process (PID=166) to work on /opt/airflow/dags/utils/helpers.py
[2025-10-28T22:35:29.660+0000] {processor.py:829} INFO - Processing file /opt/airflow/dags/utils/helpers.py for tasks to queue
[2025-10-28T22:35:29.665+0000] {logging_mixin.py:154} INFO - [2025-10-28T22:35:29.663+0000] {dagbag.py:536} INFO - Filling up the DagBag from /opt/airflow/dags/utils/helpers.py
[2025-10-28T22:35:29.682+0000] {processor.py:841} WARNING - No viable dags retrieved from /opt/airflow/dags/utils/helpers.py
[2025-10-28T22:35:29.732+0000] {processor.py:179} INFO - Processing /opt/airflow/dags/utils/helpers.py took 0.085 seconds
[2025-10-28T22:36:00.290+0000] {processor.py:157} INFO - Started process (PID=301) to work on /opt/airflow/dags/utils/helpers.py
[2025-10-28T22:36:00.291+0000] {processor.py:829} INFO - Processing file /opt/airflow/dags/utils/helpers.py for tasks to queue
[2025-10-28T22:36:00.301+0000] {logging_mixin.py:154} INFO - [2025-10-28T22:36:00.293+0000] {dagbag.py:536} INFO - Filling up the DagBag from /opt/airflow/dags/utils/helpers.py
[2025-10-28T22:36:00.315+0000] {processor.py:841} WARNING - No viable dags retrieved from /opt/airflow/dags/utils/helpers.py
[2025-10-28T22:36:00.358+0000] {processor.py:179} INFO - Processing /opt/airflow/dags/utils/helpers.py took 0.080 seconds
[2025-10-28T22:36:30.988+0000] {processor.py:157} INFO - Started process (PID=432) to work on /opt/airflow/dags/utils/helpers.py
[2025-10-28T22:36:30.989+0000] {processor.py:829} INFO - Processing file /opt/airflow/dags/utils/helpers.py for tasks to queue
[2025-10-28T22:36:30.990+0000] {logging_mixin.py:154} INFO - [2025-10-28T22:36:30.990+0000] {dagbag.py:536} INFO - Filling up the DagBag from /opt/airflow/dags/utils/helpers.py
[2025-10-28T22:36:30.997+0000] {processor.py:841} WARNING - No viable dags retrieved from /opt/airflow/dags/utils/helpers.py
[2025-10-28T22:36:31.023+0000] {processor.py:179} INFO - Processing /opt/airflow/dags/utils/helpers.py took 0.042 seconds
[2025-10-28T22:37:01.730+0000] {processor.py:157} INFO - Started process (PID=480) to work on /opt/airflow/dags/utils/helpers.py
[2025-10-28T22:37:01.732+0000] {processor.py:829} INFO - Processing file /opt/airflow/dags/utils/helpers.py for tasks to queue
[2025-10-28T22:37:01.734+0000] {logging_mixin.py:154} INFO - [2025-10-28T22:37:01.733+0000] {dagbag.py:536} INFO - Filling up the DagBag from /opt/airflow/dags/utils/helpers.py
[2025-10-28T22:37:01.739+0000] {processor.py:841} WARNING - No viable dags retrieved from /opt/airflow/dags/utils/helpers.py
[2025-10-28T22:37:01.768+0000] {processor.py:179} INFO - Processing /opt/airflow/dags/utils/helpers.py took 0.049 seconds
[2025-10-28T22:37:32.049+0000] {processor.py:157} INFO - Started process (PID=535) to work on /opt/airflow/dags/utils/helpers.py
[2025-10-28T22:37:32.051+0000] {processor.py:829} INFO - Processing file /opt/airflow/dags/utils/helpers.py for tasks to queue
[2025-10-28T22:37:32.053+0000] {logging_mixin.py:154} INFO - [2025-10-28T22:37:32.052+0000] {dagbag.py:536} INFO - Filling up the DagBag from /opt/airflow/dags/utils/helpers.py
[2025-10-28T22:37:32.066+0000] {processor.py:841} WARNING - No viable dags retrieved from /opt/airflow/dags/utils/helpers.py
[2025-10-28T22:37:32.095+0000] {processor.py:179} INFO - Processing /opt/airflow/dags/utils/helpers.py took 0.053 seconds
[2025-10-28T22:38:02.270+0000] {processor.py:157} INFO - Started process (PID=583) to work on /opt/airflow/dags/utils/helpers.py
[2025-10-28T22:38:02.272+0000] {processor.py:829} INFO - Processing file /opt/airflow/dags/utils/helpers.py for tasks to queue
[2025-10-28T22:38:02.273+0000] {logging_mixin.py:154} INFO - [2025-10-28T22:38:02.273+0000] {dagbag.py:536} INFO - Filling up the DagBag from /opt/airflow/dags/utils/helpers.py
[2025-10-28T22:38:02.278+0000] {processor.py:841} WARNING - No viable dags retrieved from /opt/airflow/dags/utils/helpers.py
[2025-10-28T22:38:02.298+0000] {processor.py:179} INFO - Processing /opt/airflow/dags/utils/helpers.py took 0.035 seconds
[2025-10-28T22:38:32.581+0000] {processor.py:157} INFO - Started process (PID=638) to work on /opt/airflow/dags/utils/helpers.py
[2025-10-28T22:38:32.588+0000] {processor.py:829} INFO - Processing file /opt/airflow/dags/utils/helpers.py for tasks to queue
[2025-10-28T22:38:32.590+0000] {logging_mixin.py:154} INFO - [2025-10-28T22:38:32.589+0000] {dagbag.py:536} INFO - Filling up the DagBag from /opt/airflow/dags/utils/helpers.py
[2025-10-28T22:38:32.595+0000] {processor.py:841} WARNING - No viable dags retrieved from /opt/airflow/dags/utils/helpers.py
[2025-10-28T22:38:32.618+0000] {processor.py:179} INFO - Processing /opt/airflow/dags/utils/helpers.py took 0.047 seconds
[2025-10-28T22:39:03.321+0000] {processor.py:157} INFO - Started process (PID=693) to work on /opt/airflow/dags/utils/helpers.py
[2025-10-28T22:39:03.323+0000] {processor.py:829} INFO - Processing file /opt/airflow/dags/utils/helpers.py for tasks to queue
[2025-10-28T22:39:03.324+0000] {logging_mixin.py:154} INFO - [2025-10-28T22:39:03.324+0000] {dagbag.py:536} INFO - Filling up the DagBag from /opt/airflow/dags/utils/helpers.py
[2025-10-28T22:39:03.329+0000] {processor.py:841} WARNING - No viable dags retrieved from /opt/airflow/dags/utils/helpers.py
[2025-10-28T22:39:03.350+0000] {processor.py:179} INFO - Processing /opt/airflow/dags/utils/helpers.py took 0.036 seconds
[2025-10-28T22:39:33.669+0000] {processor.py:157} INFO - Started process (PID=741) to work on /opt/airflow/dags/utils/helpers.py
[2025-10-28T22:39:33.670+0000] {processor.py:829} INFO - Processing file /opt/airflow/dags/utils/helpers.py for tasks to queue
[2025-10-28T22:39:33.672+0000] {logging_mixin.py:154} INFO - [2025-10-28T22:39:33.671+0000] {dagbag.py:536} INFO - Filling up the DagBag from /opt/airflow/dags/utils/helpers.py
[2025-10-28T22:39:33.679+0000] {processor.py:841} WARNING - No viable dags retrieved from /opt/airflow/dags/utils/helpers.py
[2025-10-28T22:39:33.702+0000] {processor.py:179} INFO - Processing /opt/airflow/dags/utils/helpers.py took 0.039 seconds
[2025-10-28T22:40:04.383+0000] {processor.py:157} INFO - Started process (PID=796) to work on /opt/airflow/dags/utils/helpers.py
[2025-10-28T22:40:04.385+0000] {processor.py:829} INFO - Processing file /opt/airflow/dags/utils/helpers.py for tasks to queue
[2025-10-28T22:40:04.387+0000] {logging_mixin.py:154} INFO - [2025-10-28T22:40:04.386+0000] {dagbag.py:536} INFO - Filling up the DagBag from /opt/airflow/dags/utils/helpers.py
[2025-10-28T22:40:04.392+0000] {processor.py:841} WARNING - No viable dags retrieved from /opt/airflow/dags/utils/helpers.py
[2025-10-28T22:40:04.406+0000] {processor.py:179} INFO - Processing /opt/airflow/dags/utils/helpers.py took 0.028 seconds
[2025-10-28T22:40:35.117+0000] {processor.py:157} INFO - Started process (PID=851) to work on /opt/airflow/dags/utils/helpers.py
[2025-10-28T22:40:35.120+0000] {processor.py:829} INFO - Processing file /opt/airflow/dags/utils/helpers.py for tasks to queue
[2025-10-28T22:40:35.121+0000] {logging_mixin.py:154} INFO - [2025-10-28T22:40:35.120+0000] {dagbag.py:536} INFO - Filling up the DagBag from /opt/airflow/dags/utils/helpers.py
[2025-10-28T22:40:35.124+0000] {processor.py:841} WARNING - No viable dags retrieved from /opt/airflow/dags/utils/helpers.py
[2025-10-28T22:40:35.139+0000] {processor.py:179} INFO - Processing /opt/airflow/dags/utils/helpers.py took 0.031 seconds
[2025-10-28T22:41:05.967+0000] {processor.py:157} INFO - Started process (PID=899) to work on /opt/airflow/dags/utils/helpers.py
[2025-10-28T22:41:05.970+0000] {processor.py:829} INFO - Processing file /opt/airflow/dags/utils/helpers.py for tasks to queue
[2025-10-28T22:41:05.972+0000] {logging_mixin.py:154} INFO - [2025-10-28T22:41:05.971+0000] {dagbag.py:536} INFO - Filling up the DagBag from /opt/airflow/dags/utils/helpers.py
[2025-10-28T22:41:05.980+0000] {processor.py:841} WARNING - No viable dags retrieved from /opt/airflow/dags/utils/helpers.py
[2025-10-28T22:41:06.006+0000] {processor.py:179} INFO - Processing /opt/airflow/dags/utils/helpers.py took 0.047 seconds
[2025-10-28T22:41:36.768+0000] {processor.py:157} INFO - Started process (PID=1041) to work on /opt/airflow/dags/utils/helpers.py
[2025-10-28T22:41:36.769+0000] {processor.py:829} INFO - Processing file /opt/airflow/dags/utils/helpers.py for tasks to queue
[2025-10-28T22:41:36.770+0000] {logging_mixin.py:154} INFO - [2025-10-28T22:41:36.769+0000] {dagbag.py:536} INFO - Filling up the DagBag from /opt/airflow/dags/utils/helpers.py
[2025-10-28T22:41:36.772+0000] {processor.py:841} WARNING - No viable dags retrieved from /opt/airflow/dags/utils/helpers.py
[2025-10-28T22:41:36.782+0000] {processor.py:179} INFO - Processing /opt/airflow/dags/utils/helpers.py took 0.018 seconds
[2025-10-28T22:42:07.356+0000] {processor.py:157} INFO - Started process (PID=1117) to work on /opt/airflow/dags/utils/helpers.py
[2025-10-28T22:42:07.357+0000] {processor.py:829} INFO - Processing file /opt/airflow/dags/utils/helpers.py for tasks to queue
[2025-10-28T22:42:07.357+0000] {logging_mixin.py:154} INFO - [2025-10-28T22:42:07.357+0000] {dagbag.py:536} INFO - Filling up the DagBag from /opt/airflow/dags/utils/helpers.py
[2025-10-28T22:42:07.361+0000] {processor.py:841} WARNING - No viable dags retrieved from /opt/airflow/dags/utils/helpers.py
[2025-10-28T22:42:07.381+0000] {processor.py:179} INFO - Processing /opt/airflow/dags/utils/helpers.py took 0.030 seconds
[2025-10-28T22:42:37.982+0000] {processor.py:157} INFO - Started process (PID=1165) to work on /opt/airflow/dags/utils/helpers.py
[2025-10-28T22:42:37.983+0000] {processor.py:829} INFO - Processing file /opt/airflow/dags/utils/helpers.py for tasks to queue
[2025-10-28T22:42:37.985+0000] {logging_mixin.py:154} INFO - [2025-10-28T22:42:37.984+0000] {dagbag.py:536} INFO - Filling up the DagBag from /opt/airflow/dags/utils/helpers.py
[2025-10-28T22:42:37.991+0000] {processor.py:841} WARNING - No viable dags retrieved from /opt/airflow/dags/utils/helpers.py
[2025-10-28T22:42:38.004+0000] {processor.py:179} INFO - Processing /opt/airflow/dags/utils/helpers.py took 0.028 seconds
[2025-10-28T22:43:08.560+0000] {processor.py:157} INFO - Started process (PID=1218) to work on /opt/airflow/dags/utils/helpers.py
[2025-10-28T22:43:08.561+0000] {processor.py:829} INFO - Processing file /opt/airflow/dags/utils/helpers.py for tasks to queue
[2025-10-28T22:43:08.563+0000] {logging_mixin.py:154} INFO - [2025-10-28T22:43:08.562+0000] {dagbag.py:536} INFO - Filling up the DagBag from /opt/airflow/dags/utils/helpers.py
[2025-10-28T22:43:08.567+0000] {processor.py:841} WARNING - No viable dags retrieved from /opt/airflow/dags/utils/helpers.py
[2025-10-28T22:43:08.591+0000] {processor.py:179} INFO - Processing /opt/airflow/dags/utils/helpers.py took 0.036 seconds
[2025-10-28T22:43:38.867+0000] {processor.py:157} INFO - Started process (PID=1261) to work on /opt/airflow/dags/utils/helpers.py
[2025-10-28T22:43:38.868+0000] {processor.py:829} INFO - Processing file /opt/airflow/dags/utils/helpers.py for tasks to queue
[2025-10-28T22:43:38.869+0000] {logging_mixin.py:154} INFO - [2025-10-28T22:43:38.869+0000] {dagbag.py:536} INFO - Filling up the DagBag from /opt/airflow/dags/utils/helpers.py
[2025-10-28T22:43:38.875+0000] {processor.py:841} WARNING - No viable dags retrieved from /opt/airflow/dags/utils/helpers.py
[2025-10-28T22:43:38.902+0000] {processor.py:179} INFO - Processing /opt/airflow/dags/utils/helpers.py took 0.042 seconds
[2025-10-28T22:44:08.999+0000] {processor.py:157} INFO - Started process (PID=1309) to work on /opt/airflow/dags/utils/helpers.py
[2025-10-28T22:44:09.001+0000] {processor.py:829} INFO - Processing file /opt/airflow/dags/utils/helpers.py for tasks to queue
[2025-10-28T22:44:09.003+0000] {logging_mixin.py:154} INFO - [2025-10-28T22:44:09.002+0000] {dagbag.py:536} INFO - Filling up the DagBag from /opt/airflow/dags/utils/helpers.py
[2025-10-28T22:44:09.010+0000] {processor.py:841} WARNING - No viable dags retrieved from /opt/airflow/dags/utils/helpers.py
[2025-10-28T22:44:09.044+0000] {processor.py:179} INFO - Processing /opt/airflow/dags/utils/helpers.py took 0.055 seconds
[2025-10-28T22:44:39.572+0000] {processor.py:157} INFO - Started process (PID=1364) to work on /opt/airflow/dags/utils/helpers.py
[2025-10-28T22:44:39.574+0000] {processor.py:829} INFO - Processing file /opt/airflow/dags/utils/helpers.py for tasks to queue
[2025-10-28T22:44:39.575+0000] {logging_mixin.py:154} INFO - [2025-10-28T22:44:39.574+0000] {dagbag.py:536} INFO - Filling up the DagBag from /opt/airflow/dags/utils/helpers.py
[2025-10-28T22:44:39.579+0000] {processor.py:841} WARNING - No viable dags retrieved from /opt/airflow/dags/utils/helpers.py
[2025-10-28T22:44:39.594+0000] {processor.py:179} INFO - Processing /opt/airflow/dags/utils/helpers.py took 0.031 seconds
[2025-10-28T22:45:10.132+0000] {processor.py:157} INFO - Started process (PID=1412) to work on /opt/airflow/dags/utils/helpers.py
[2025-10-28T22:45:10.133+0000] {processor.py:829} INFO - Processing file /opt/airflow/dags/utils/helpers.py for tasks to queue
[2025-10-28T22:45:10.134+0000] {logging_mixin.py:154} INFO - [2025-10-28T22:45:10.134+0000] {dagbag.py:536} INFO - Filling up the DagBag from /opt/airflow/dags/utils/helpers.py
[2025-10-28T22:45:10.137+0000] {processor.py:841} WARNING - No viable dags retrieved from /opt/airflow/dags/utils/helpers.py
[2025-10-28T22:45:10.150+0000] {processor.py:179} INFO - Processing /opt/airflow/dags/utils/helpers.py took 0.021 seconds
[2025-10-28T22:45:40.900+0000] {processor.py:157} INFO - Started process (PID=1467) to work on /opt/airflow/dags/utils/helpers.py
[2025-10-28T22:45:40.901+0000] {processor.py:829} INFO - Processing file /opt/airflow/dags/utils/helpers.py for tasks to queue
[2025-10-28T22:45:40.902+0000] {logging_mixin.py:154} INFO - [2025-10-28T22:45:40.902+0000] {dagbag.py:536} INFO - Filling up the DagBag from /opt/airflow/dags/utils/helpers.py
[2025-10-28T22:45:40.910+0000] {processor.py:841} WARNING - No viable dags retrieved from /opt/airflow/dags/utils/helpers.py
[2025-10-28T22:45:40.930+0000] {processor.py:179} INFO - Processing /opt/airflow/dags/utils/helpers.py took 0.036 seconds
[2025-10-28T22:46:11.556+0000] {processor.py:157} INFO - Started process (PID=1522) to work on /opt/airflow/dags/utils/helpers.py
[2025-10-28T22:46:11.557+0000] {processor.py:829} INFO - Processing file /opt/airflow/dags/utils/helpers.py for tasks to queue
[2025-10-28T22:46:11.559+0000] {logging_mixin.py:154} INFO - [2025-10-28T22:46:11.558+0000] {dagbag.py:536} INFO - Filling up the DagBag from /opt/airflow/dags/utils/helpers.py
[2025-10-28T22:46:11.562+0000] {processor.py:841} WARNING - No viable dags retrieved from /opt/airflow/dags/utils/helpers.py
[2025-10-28T22:46:11.582+0000] {processor.py:179} INFO - Processing /opt/airflow/dags/utils/helpers.py took 0.032 seconds
[2025-10-28T22:46:41.719+0000] {processor.py:157} INFO - Started process (PID=1593) to work on /opt/airflow/dags/utils/helpers.py
[2025-10-28T22:46:41.720+0000] {processor.py:829} INFO - Processing file /opt/airflow/dags/utils/helpers.py for tasks to queue
[2025-10-28T22:46:41.723+0000] {logging_mixin.py:154} INFO - [2025-10-28T22:46:41.721+0000] {dagbag.py:536} INFO - Filling up the DagBag from /opt/airflow/dags/utils/helpers.py
[2025-10-28T22:46:41.729+0000] {processor.py:841} WARNING - No viable dags retrieved from /opt/airflow/dags/utils/helpers.py
[2025-10-28T22:46:41.742+0000] {processor.py:179} INFO - Processing /opt/airflow/dags/utils/helpers.py took 0.027 seconds
[2025-10-28T22:47:12.357+0000] {processor.py:157} INFO - Started process (PID=1648) to work on /opt/airflow/dags/utils/helpers.py
[2025-10-28T22:47:12.359+0000] {processor.py:829} INFO - Processing file /opt/airflow/dags/utils/helpers.py for tasks to queue
[2025-10-28T22:47:12.360+0000] {logging_mixin.py:154} INFO - [2025-10-28T22:47:12.359+0000] {dagbag.py:536} INFO - Filling up the DagBag from /opt/airflow/dags/utils/helpers.py
[2025-10-28T22:47:12.363+0000] {processor.py:841} WARNING - No viable dags retrieved from /opt/airflow/dags/utils/helpers.py
[2025-10-28T22:47:12.380+0000] {processor.py:179} INFO - Processing /opt/airflow/dags/utils/helpers.py took 0.031 seconds
[2025-10-28T22:47:42.950+0000] {processor.py:157} INFO - Started process (PID=1703) to work on /opt/airflow/dags/utils/helpers.py
[2025-10-28T22:47:42.952+0000] {processor.py:829} INFO - Processing file /opt/airflow/dags/utils/helpers.py for tasks to queue
[2025-10-28T22:47:42.953+0000] {logging_mixin.py:154} INFO - [2025-10-28T22:47:42.952+0000] {dagbag.py:536} INFO - Filling up the DagBag from /opt/airflow/dags/utils/helpers.py
[2025-10-28T22:47:42.957+0000] {processor.py:841} WARNING - No viable dags retrieved from /opt/airflow/dags/utils/helpers.py
[2025-10-28T22:47:42.972+0000] {processor.py:179} INFO - Processing /opt/airflow/dags/utils/helpers.py took 0.027 seconds
[2025-10-28T22:48:13.752+0000] {processor.py:157} INFO - Started process (PID=1758) to work on /opt/airflow/dags/utils/helpers.py
[2025-10-28T22:48:13.753+0000] {processor.py:829} INFO - Processing file /opt/airflow/dags/utils/helpers.py for tasks to queue
[2025-10-28T22:48:13.754+0000] {logging_mixin.py:154} INFO - [2025-10-28T22:48:13.753+0000] {dagbag.py:536} INFO - Filling up the DagBag from /opt/airflow/dags/utils/helpers.py
[2025-10-28T22:48:13.757+0000] {processor.py:841} WARNING - No viable dags retrieved from /opt/airflow/dags/utils/helpers.py
[2025-10-28T22:48:13.776+0000] {processor.py:179} INFO - Processing /opt/airflow/dags/utils/helpers.py took 0.028 seconds
[2025-10-28T22:48:44.048+0000] {processor.py:157} INFO - Started process (PID=1806) to work on /opt/airflow/dags/utils/helpers.py
[2025-10-28T22:48:44.050+0000] {processor.py:829} INFO - Processing file /opt/airflow/dags/utils/helpers.py for tasks to queue
[2025-10-28T22:48:44.051+0000] {logging_mixin.py:154} INFO - [2025-10-28T22:48:44.051+0000] {dagbag.py:536} INFO - Filling up the DagBag from /opt/airflow/dags/utils/helpers.py
[2025-10-28T22:48:44.056+0000] {processor.py:841} WARNING - No viable dags retrieved from /opt/airflow/dags/utils/helpers.py
[2025-10-28T22:48:44.076+0000] {processor.py:179} INFO - Processing /opt/airflow/dags/utils/helpers.py took 0.035 seconds
[2025-10-28T22:49:14.767+0000] {processor.py:157} INFO - Started process (PID=1861) to work on /opt/airflow/dags/utils/helpers.py
[2025-10-28T22:49:14.769+0000] {processor.py:829} INFO - Processing file /opt/airflow/dags/utils/helpers.py for tasks to queue
[2025-10-28T22:49:14.771+0000] {logging_mixin.py:154} INFO - [2025-10-28T22:49:14.770+0000] {dagbag.py:536} INFO - Filling up the DagBag from /opt/airflow/dags/utils/helpers.py
[2025-10-28T22:49:14.782+0000] {processor.py:841} WARNING - No viable dags retrieved from /opt/airflow/dags/utils/helpers.py
[2025-10-28T22:49:14.837+0000] {processor.py:179} INFO - Processing /opt/airflow/dags/utils/helpers.py took 0.083 seconds
[2025-10-28T22:49:45.348+0000] {processor.py:157} INFO - Started process (PID=1916) to work on /opt/airflow/dags/utils/helpers.py
[2025-10-28T22:49:45.349+0000] {processor.py:829} INFO - Processing file /opt/airflow/dags/utils/helpers.py for tasks to queue
[2025-10-28T22:49:45.350+0000] {logging_mixin.py:154} INFO - [2025-10-28T22:49:45.350+0000] {dagbag.py:536} INFO - Filling up the DagBag from /opt/airflow/dags/utils/helpers.py
[2025-10-28T22:49:45.354+0000] {processor.py:841} WARNING - No viable dags retrieved from /opt/airflow/dags/utils/helpers.py
[2025-10-28T22:49:45.380+0000] {processor.py:179} INFO - Processing /opt/airflow/dags/utils/helpers.py took 0.039 seconds
[2025-10-28T22:50:16.393+0000] {processor.py:157} INFO - Started process (PID=1964) to work on /opt/airflow/dags/utils/helpers.py
[2025-10-28T22:50:16.395+0000] {processor.py:829} INFO - Processing file /opt/airflow/dags/utils/helpers.py for tasks to queue
[2025-10-28T22:50:16.397+0000] {logging_mixin.py:154} INFO - [2025-10-28T22:50:16.396+0000] {dagbag.py:536} INFO - Filling up the DagBag from /opt/airflow/dags/utils/helpers.py
[2025-10-28T22:50:16.406+0000] {processor.py:841} WARNING - No viable dags retrieved from /opt/airflow/dags/utils/helpers.py
[2025-10-28T22:50:16.451+0000] {processor.py:179} INFO - Processing /opt/airflow/dags/utils/helpers.py took 0.065 seconds
[2025-10-28T22:50:46.612+0000] {processor.py:157} INFO - Started process (PID=2012) to work on /opt/airflow/dags/utils/helpers.py
[2025-10-28T22:50:46.614+0000] {processor.py:829} INFO - Processing file /opt/airflow/dags/utils/helpers.py for tasks to queue
[2025-10-28T22:50:46.615+0000] {logging_mixin.py:154} INFO - [2025-10-28T22:50:46.615+0000] {dagbag.py:536} INFO - Filling up the DagBag from /opt/airflow/dags/utils/helpers.py
[2025-10-28T22:50:46.620+0000] {processor.py:841} WARNING - No viable dags retrieved from /opt/airflow/dags/utils/helpers.py
[2025-10-28T22:50:46.653+0000] {processor.py:179} INFO - Processing /opt/airflow/dags/utils/helpers.py took 0.055 seconds
[2025-10-28T22:51:16.802+0000] {processor.py:157} INFO - Started process (PID=2067) to work on /opt/airflow/dags/utils/helpers.py
[2025-10-28T22:51:16.804+0000] {processor.py:829} INFO - Processing file /opt/airflow/dags/utils/helpers.py for tasks to queue
[2025-10-28T22:51:16.806+0000] {logging_mixin.py:154} INFO - [2025-10-28T22:51:16.805+0000] {dagbag.py:536} INFO - Filling up the DagBag from /opt/airflow/dags/utils/helpers.py
[2025-10-28T22:51:16.816+0000] {processor.py:841} WARNING - No viable dags retrieved from /opt/airflow/dags/utils/helpers.py
[2025-10-28T22:51:16.849+0000] {processor.py:179} INFO - Processing /opt/airflow/dags/utils/helpers.py took 0.067 seconds
[2025-10-28T22:51:47.503+0000] {processor.py:157} INFO - Started process (PID=2115) to work on /opt/airflow/dags/utils/helpers.py
[2025-10-28T22:51:47.505+0000] {processor.py:829} INFO - Processing file /opt/airflow/dags/utils/helpers.py for tasks to queue
[2025-10-28T22:51:47.506+0000] {logging_mixin.py:154} INFO - [2025-10-28T22:51:47.505+0000] {dagbag.py:536} INFO - Filling up the DagBag from /opt/airflow/dags/utils/helpers.py
[2025-10-28T22:51:47.510+0000] {processor.py:841} WARNING - No viable dags retrieved from /opt/airflow/dags/utils/helpers.py
[2025-10-28T22:51:47.538+0000] {processor.py:179} INFO - Processing /opt/airflow/dags/utils/helpers.py took 0.046 seconds
[2025-10-28T22:52:02.113+0000] {processor.py:157} INFO - Started process (PID=166) to work on /opt/airflow/dags/utils/helpers.py
[2025-10-28T22:52:02.115+0000] {processor.py:829} INFO - Processing file /opt/airflow/dags/utils/helpers.py for tasks to queue
[2025-10-28T22:52:02.116+0000] {logging_mixin.py:154} INFO - [2025-10-28T22:52:02.116+0000] {dagbag.py:536} INFO - Filling up the DagBag from /opt/airflow/dags/utils/helpers.py
[2025-10-28T22:52:02.123+0000] {processor.py:841} WARNING - No viable dags retrieved from /opt/airflow/dags/utils/helpers.py
[2025-10-28T22:52:02.141+0000] {processor.py:179} INFO - Processing /opt/airflow/dags/utils/helpers.py took 0.030 seconds
[2025-10-28T22:52:33.361+0000] {processor.py:157} INFO - Started process (PID=237) to work on /opt/airflow/dags/utils/helpers.py
[2025-10-28T22:52:33.372+0000] {processor.py:829} INFO - Processing file /opt/airflow/dags/utils/helpers.py for tasks to queue
[2025-10-28T22:52:33.377+0000] {logging_mixin.py:154} INFO - [2025-10-28T22:52:33.376+0000] {dagbag.py:536} INFO - Filling up the DagBag from /opt/airflow/dags/utils/helpers.py
[2025-10-28T22:52:33.424+0000] {processor.py:841} WARNING - No viable dags retrieved from /opt/airflow/dags/utils/helpers.py
[2025-10-28T22:52:33.545+0000] {processor.py:179} INFO - Processing /opt/airflow/dags/utils/helpers.py took 0.214 seconds
[2025-10-28T22:53:04.148+0000] {processor.py:157} INFO - Started process (PID=359) to work on /opt/airflow/dags/utils/helpers.py
[2025-10-28T22:53:04.151+0000] {processor.py:829} INFO - Processing file /opt/airflow/dags/utils/helpers.py for tasks to queue
[2025-10-28T22:53:04.154+0000] {logging_mixin.py:154} INFO - [2025-10-28T22:53:04.153+0000] {dagbag.py:536} INFO - Filling up the DagBag from /opt/airflow/dags/utils/helpers.py
[2025-10-28T22:53:04.166+0000] {processor.py:841} WARNING - No viable dags retrieved from /opt/airflow/dags/utils/helpers.py
[2025-10-28T22:53:04.215+0000] {processor.py:179} INFO - Processing /opt/airflow/dags/utils/helpers.py took 0.079 seconds
[2025-10-28T22:53:34.536+0000] {processor.py:157} INFO - Started process (PID=483) to work on /opt/airflow/dags/utils/helpers.py
[2025-10-28T22:53:34.539+0000] {processor.py:829} INFO - Processing file /opt/airflow/dags/utils/helpers.py for tasks to queue
[2025-10-28T22:53:34.543+0000] {logging_mixin.py:154} INFO - [2025-10-28T22:53:34.542+0000] {dagbag.py:536} INFO - Filling up the DagBag from /opt/airflow/dags/utils/helpers.py
[2025-10-28T22:53:34.552+0000] {processor.py:841} WARNING - No viable dags retrieved from /opt/airflow/dags/utils/helpers.py
[2025-10-28T22:53:34.580+0000] {processor.py:179} INFO - Processing /opt/airflow/dags/utils/helpers.py took 0.058 seconds
[2025-10-28T22:54:05.317+0000] {processor.py:157} INFO - Started process (PID=538) to work on /opt/airflow/dags/utils/helpers.py
[2025-10-28T22:54:05.319+0000] {processor.py:829} INFO - Processing file /opt/airflow/dags/utils/helpers.py for tasks to queue
[2025-10-28T22:54:05.319+0000] {logging_mixin.py:154} INFO - [2025-10-28T22:54:05.319+0000] {dagbag.py:536} INFO - Filling up the DagBag from /opt/airflow/dags/utils/helpers.py
[2025-10-28T22:54:05.325+0000] {processor.py:841} WARNING - No viable dags retrieved from /opt/airflow/dags/utils/helpers.py
[2025-10-28T22:54:05.342+0000] {processor.py:179} INFO - Processing /opt/airflow/dags/utils/helpers.py took 0.031 seconds
[2025-10-28T22:54:35.721+0000] {processor.py:157} INFO - Started process (PID=586) to work on /opt/airflow/dags/utils/helpers.py
[2025-10-28T22:54:35.723+0000] {processor.py:829} INFO - Processing file /opt/airflow/dags/utils/helpers.py for tasks to queue
[2025-10-28T22:54:35.724+0000] {logging_mixin.py:154} INFO - [2025-10-28T22:54:35.724+0000] {dagbag.py:536} INFO - Filling up the DagBag from /opt/airflow/dags/utils/helpers.py
[2025-10-28T22:54:35.733+0000] {processor.py:841} WARNING - No viable dags retrieved from /opt/airflow/dags/utils/helpers.py
[2025-10-28T22:54:35.770+0000] {processor.py:179} INFO - Processing /opt/airflow/dags/utils/helpers.py took 0.061 seconds
[2025-10-28T22:55:06.445+0000] {processor.py:157} INFO - Started process (PID=641) to work on /opt/airflow/dags/utils/helpers.py
[2025-10-28T22:55:06.447+0000] {processor.py:829} INFO - Processing file /opt/airflow/dags/utils/helpers.py for tasks to queue
[2025-10-28T22:55:06.448+0000] {logging_mixin.py:154} INFO - [2025-10-28T22:55:06.448+0000] {dagbag.py:536} INFO - Filling up the DagBag from /opt/airflow/dags/utils/helpers.py
[2025-10-28T22:55:06.454+0000] {processor.py:841} WARNING - No viable dags retrieved from /opt/airflow/dags/utils/helpers.py
[2025-10-28T22:55:06.472+0000] {processor.py:179} INFO - Processing /opt/airflow/dags/utils/helpers.py took 0.043 seconds
[2025-10-28T22:55:36.791+0000] {processor.py:157} INFO - Started process (PID=696) to work on /opt/airflow/dags/utils/helpers.py
[2025-10-28T22:55:36.792+0000] {processor.py:829} INFO - Processing file /opt/airflow/dags/utils/helpers.py for tasks to queue
[2025-10-28T22:55:36.794+0000] {logging_mixin.py:154} INFO - [2025-10-28T22:55:36.793+0000] {dagbag.py:536} INFO - Filling up the DagBag from /opt/airflow/dags/utils/helpers.py
[2025-10-28T22:55:36.802+0000] {processor.py:841} WARNING - No viable dags retrieved from /opt/airflow/dags/utils/helpers.py
[2025-10-28T22:55:36.858+0000] {processor.py:179} INFO - Processing /opt/airflow/dags/utils/helpers.py took 0.081 seconds
[2025-10-28T22:56:07.212+0000] {processor.py:157} INFO - Started process (PID=744) to work on /opt/airflow/dags/utils/helpers.py
[2025-10-28T22:56:07.213+0000] {processor.py:829} INFO - Processing file /opt/airflow/dags/utils/helpers.py for tasks to queue
[2025-10-28T22:56:07.214+0000] {logging_mixin.py:154} INFO - [2025-10-28T22:56:07.214+0000] {dagbag.py:536} INFO - Filling up the DagBag from /opt/airflow/dags/utils/helpers.py
[2025-10-28T22:56:07.217+0000] {processor.py:841} WARNING - No viable dags retrieved from /opt/airflow/dags/utils/helpers.py
[2025-10-28T22:56:07.234+0000] {processor.py:179} INFO - Processing /opt/airflow/dags/utils/helpers.py took 0.026 seconds
[2025-10-28T22:56:37.719+0000] {processor.py:157} INFO - Started process (PID=805) to work on /opt/airflow/dags/utils/helpers.py
[2025-10-28T22:56:37.730+0000] {processor.py:829} INFO - Processing file /opt/airflow/dags/utils/helpers.py for tasks to queue
[2025-10-28T22:56:37.734+0000] {logging_mixin.py:154} INFO - [2025-10-28T22:56:37.733+0000] {dagbag.py:536} INFO - Filling up the DagBag from /opt/airflow/dags/utils/helpers.py
[2025-10-28T22:56:37.754+0000] {processor.py:841} WARNING - No viable dags retrieved from /opt/airflow/dags/utils/helpers.py
[2025-10-28T22:56:37.779+0000] {processor.py:179} INFO - Processing /opt/airflow/dags/utils/helpers.py took 0.074 seconds
[2025-10-28T22:57:08.176+0000] {processor.py:157} INFO - Started process (PID=860) to work on /opt/airflow/dags/utils/helpers.py
[2025-10-28T22:57:08.180+0000] {processor.py:829} INFO - Processing file /opt/airflow/dags/utils/helpers.py for tasks to queue
[2025-10-28T22:57:08.182+0000] {logging_mixin.py:154} INFO - [2025-10-28T22:57:08.182+0000] {dagbag.py:536} INFO - Filling up the DagBag from /opt/airflow/dags/utils/helpers.py
[2025-10-28T22:57:08.190+0000] {processor.py:841} WARNING - No viable dags retrieved from /opt/airflow/dags/utils/helpers.py
[2025-10-28T22:57:08.216+0000] {processor.py:179} INFO - Processing /opt/airflow/dags/utils/helpers.py took 0.051 seconds
[2025-10-28T22:57:38.910+0000] {processor.py:157} INFO - Started process (PID=906) to work on /opt/airflow/dags/utils/helpers.py
[2025-10-28T22:57:38.912+0000] {processor.py:829} INFO - Processing file /opt/airflow/dags/utils/helpers.py for tasks to queue
[2025-10-28T22:57:38.913+0000] {logging_mixin.py:154} INFO - [2025-10-28T22:57:38.913+0000] {dagbag.py:536} INFO - Filling up the DagBag from /opt/airflow/dags/utils/helpers.py
[2025-10-28T22:57:38.917+0000] {processor.py:841} WARNING - No viable dags retrieved from /opt/airflow/dags/utils/helpers.py
[2025-10-28T22:57:38.965+0000] {processor.py:179} INFO - Processing /opt/airflow/dags/utils/helpers.py took 0.068 seconds
[2025-10-28T22:58:06.491+0000] {processor.py:157} INFO - Started process (PID=166) to work on /opt/airflow/dags/utils/helpers.py
[2025-10-28T22:58:06.492+0000] {processor.py:829} INFO - Processing file /opt/airflow/dags/utils/helpers.py for tasks to queue
[2025-10-28T22:58:06.494+0000] {logging_mixin.py:154} INFO - [2025-10-28T22:58:06.494+0000] {dagbag.py:536} INFO - Filling up the DagBag from /opt/airflow/dags/utils/helpers.py
[2025-10-28T22:58:06.499+0000] {processor.py:841} WARNING - No viable dags retrieved from /opt/airflow/dags/utils/helpers.py
[2025-10-28T22:58:06.530+0000] {processor.py:179} INFO - Processing /opt/airflow/dags/utils/helpers.py took 0.042 seconds
[2025-10-28T22:58:37.088+0000] {processor.py:157} INFO - Started process (PID=241) to work on /opt/airflow/dags/utils/helpers.py
[2025-10-28T22:58:37.091+0000] {processor.py:829} INFO - Processing file /opt/airflow/dags/utils/helpers.py for tasks to queue
[2025-10-28T22:58:37.092+0000] {logging_mixin.py:154} INFO - [2025-10-28T22:58:37.091+0000] {dagbag.py:536} INFO - Filling up the DagBag from /opt/airflow/dags/utils/helpers.py
[2025-10-28T22:58:37.097+0000] {processor.py:841} WARNING - No viable dags retrieved from /opt/airflow/dags/utils/helpers.py
[2025-10-28T22:58:37.123+0000] {processor.py:179} INFO - Processing /opt/airflow/dags/utils/helpers.py took 0.045 seconds
[2025-10-28T22:59:07.794+0000] {processor.py:157} INFO - Started process (PID=289) to work on /opt/airflow/dags/utils/helpers.py
[2025-10-28T22:59:07.798+0000] {processor.py:829} INFO - Processing file /opt/airflow/dags/utils/helpers.py for tasks to queue
[2025-10-28T22:59:07.799+0000] {logging_mixin.py:154} INFO - [2025-10-28T22:59:07.798+0000] {dagbag.py:536} INFO - Filling up the DagBag from /opt/airflow/dags/utils/helpers.py
[2025-10-28T22:59:07.814+0000] {processor.py:841} WARNING - No viable dags retrieved from /opt/airflow/dags/utils/helpers.py
[2025-10-28T22:59:07.851+0000] {processor.py:179} INFO - Processing /opt/airflow/dags/utils/helpers.py took 0.071 seconds
[2025-10-28T22:59:37.985+0000] {processor.py:157} INFO - Started process (PID=344) to work on /opt/airflow/dags/utils/helpers.py
[2025-10-28T22:59:37.987+0000] {processor.py:829} INFO - Processing file /opt/airflow/dags/utils/helpers.py for tasks to queue
[2025-10-28T22:59:37.988+0000] {logging_mixin.py:154} INFO - [2025-10-28T22:59:37.987+0000] {dagbag.py:536} INFO - Filling up the DagBag from /opt/airflow/dags/utils/helpers.py
[2025-10-28T22:59:37.992+0000] {processor.py:841} WARNING - No viable dags retrieved from /opt/airflow/dags/utils/helpers.py
[2025-10-28T22:59:38.023+0000] {processor.py:179} INFO - Processing /opt/airflow/dags/utils/helpers.py took 0.046 seconds
[2025-10-28T23:00:08.339+0000] {processor.py:157} INFO - Started process (PID=399) to work on /opt/airflow/dags/utils/helpers.py
[2025-10-28T23:00:08.341+0000] {processor.py:829} INFO - Processing file /opt/airflow/dags/utils/helpers.py for tasks to queue
[2025-10-28T23:00:08.342+0000] {logging_mixin.py:154} INFO - [2025-10-28T23:00:08.342+0000] {dagbag.py:536} INFO - Filling up the DagBag from /opt/airflow/dags/utils/helpers.py
[2025-10-28T23:00:08.347+0000] {processor.py:841} WARNING - No viable dags retrieved from /opt/airflow/dags/utils/helpers.py
[2025-10-28T23:00:08.373+0000] {processor.py:179} INFO - Processing /opt/airflow/dags/utils/helpers.py took 0.044 seconds
[2025-10-28T23:00:38.973+0000] {processor.py:157} INFO - Started process (PID=447) to work on /opt/airflow/dags/utils/helpers.py
[2025-10-28T23:00:38.975+0000] {processor.py:829} INFO - Processing file /opt/airflow/dags/utils/helpers.py for tasks to queue
[2025-10-28T23:00:38.976+0000] {logging_mixin.py:154} INFO - [2025-10-28T23:00:38.975+0000] {dagbag.py:536} INFO - Filling up the DagBag from /opt/airflow/dags/utils/helpers.py
[2025-10-28T23:00:38.980+0000] {processor.py:841} WARNING - No viable dags retrieved from /opt/airflow/dags/utils/helpers.py
[2025-10-28T23:00:39.017+0000] {processor.py:179} INFO - Processing /opt/airflow/dags/utils/helpers.py took 0.054 seconds
[2025-10-28T23:01:09.779+0000] {processor.py:157} INFO - Started process (PID=502) to work on /opt/airflow/dags/utils/helpers.py
[2025-10-28T23:01:09.780+0000] {processor.py:829} INFO - Processing file /opt/airflow/dags/utils/helpers.py for tasks to queue
[2025-10-28T23:01:09.781+0000] {logging_mixin.py:154} INFO - [2025-10-28T23:01:09.781+0000] {dagbag.py:536} INFO - Filling up the DagBag from /opt/airflow/dags/utils/helpers.py
[2025-10-28T23:01:09.787+0000] {processor.py:841} WARNING - No viable dags retrieved from /opt/airflow/dags/utils/helpers.py
[2025-10-28T23:01:09.815+0000] {processor.py:179} INFO - Processing /opt/airflow/dags/utils/helpers.py took 0.050 seconds
[2025-10-28T23:01:40.572+0000] {processor.py:157} INFO - Started process (PID=557) to work on /opt/airflow/dags/utils/helpers.py
[2025-10-28T23:01:40.574+0000] {processor.py:829} INFO - Processing file /opt/airflow/dags/utils/helpers.py for tasks to queue
[2025-10-28T23:01:40.576+0000] {logging_mixin.py:154} INFO - [2025-10-28T23:01:40.576+0000] {dagbag.py:536} INFO - Filling up the DagBag from /opt/airflow/dags/utils/helpers.py
[2025-10-28T23:01:40.597+0000] {processor.py:841} WARNING - No viable dags retrieved from /opt/airflow/dags/utils/helpers.py
[2025-10-28T23:01:40.643+0000] {processor.py:179} INFO - Processing /opt/airflow/dags/utils/helpers.py took 0.092 seconds
[2025-10-28T23:02:11.333+0000] {processor.py:157} INFO - Started process (PID=651) to work on /opt/airflow/dags/utils/helpers.py
[2025-10-28T23:02:11.343+0000] {processor.py:829} INFO - Processing file /opt/airflow/dags/utils/helpers.py for tasks to queue
[2025-10-28T23:02:11.347+0000] {logging_mixin.py:154} INFO - [2025-10-28T23:02:11.346+0000] {dagbag.py:536} INFO - Filling up the DagBag from /opt/airflow/dags/utils/helpers.py
[2025-10-28T23:02:11.363+0000] {processor.py:841} WARNING - No viable dags retrieved from /opt/airflow/dags/utils/helpers.py
[2025-10-28T23:02:11.432+0000] {processor.py:179} INFO - Processing /opt/airflow/dags/utils/helpers.py took 0.128 seconds
[2025-10-28T23:02:42.241+0000] {processor.py:157} INFO - Started process (PID=815) to work on /opt/airflow/dags/utils/helpers.py
[2025-10-28T23:02:42.258+0000] {processor.py:829} INFO - Processing file /opt/airflow/dags/utils/helpers.py for tasks to queue
[2025-10-28T23:02:42.260+0000] {logging_mixin.py:154} INFO - [2025-10-28T23:02:42.260+0000] {dagbag.py:536} INFO - Filling up the DagBag from /opt/airflow/dags/utils/helpers.py
[2025-10-28T23:02:42.291+0000] {processor.py:841} WARNING - No viable dags retrieved from /opt/airflow/dags/utils/helpers.py
[2025-10-28T23:02:42.406+0000] {processor.py:179} INFO - Processing /opt/airflow/dags/utils/helpers.py took 0.238 seconds
[2025-10-28T23:03:12.604+0000] {processor.py:157} INFO - Started process (PID=911) to work on /opt/airflow/dags/utils/helpers.py
[2025-10-28T23:03:12.605+0000] {processor.py:829} INFO - Processing file /opt/airflow/dags/utils/helpers.py for tasks to queue
[2025-10-28T23:03:12.606+0000] {logging_mixin.py:154} INFO - [2025-10-28T23:03:12.606+0000] {dagbag.py:536} INFO - Filling up the DagBag from /opt/airflow/dags/utils/helpers.py
[2025-10-28T23:03:12.612+0000] {processor.py:841} WARNING - No viable dags retrieved from /opt/airflow/dags/utils/helpers.py
[2025-10-28T23:03:12.638+0000] {processor.py:179} INFO - Processing /opt/airflow/dags/utils/helpers.py took 0.038 seconds
[2025-10-28T23:03:43.102+0000] {processor.py:157} INFO - Started process (PID=973) to work on /opt/airflow/dags/utils/helpers.py
[2025-10-28T23:03:43.106+0000] {processor.py:829} INFO - Processing file /opt/airflow/dags/utils/helpers.py for tasks to queue
[2025-10-28T23:03:43.107+0000] {logging_mixin.py:154} INFO - [2025-10-28T23:03:43.107+0000] {dagbag.py:536} INFO - Filling up the DagBag from /opt/airflow/dags/utils/helpers.py
[2025-10-28T23:03:43.114+0000] {processor.py:841} WARNING - No viable dags retrieved from /opt/airflow/dags/utils/helpers.py
[2025-10-28T23:03:43.144+0000] {processor.py:179} INFO - Processing /opt/airflow/dags/utils/helpers.py took 0.049 seconds
[2025-10-28T23:04:13.775+0000] {processor.py:157} INFO - Started process (PID=1028) to work on /opt/airflow/dags/utils/helpers.py
[2025-10-28T23:04:13.781+0000] {processor.py:829} INFO - Processing file /opt/airflow/dags/utils/helpers.py for tasks to queue
[2025-10-28T23:04:13.782+0000] {logging_mixin.py:154} INFO - [2025-10-28T23:04:13.782+0000] {dagbag.py:536} INFO - Filling up the DagBag from /opt/airflow/dags/utils/helpers.py
[2025-10-28T23:04:13.793+0000] {processor.py:841} WARNING - No viable dags retrieved from /opt/airflow/dags/utils/helpers.py
[2025-10-28T23:04:13.826+0000] {processor.py:179} INFO - Processing /opt/airflow/dags/utils/helpers.py took 0.067 seconds
[2025-10-28T23:04:44.030+0000] {processor.py:157} INFO - Started process (PID=1083) to work on /opt/airflow/dags/utils/helpers.py
[2025-10-28T23:04:44.033+0000] {processor.py:829} INFO - Processing file /opt/airflow/dags/utils/helpers.py for tasks to queue
[2025-10-28T23:04:44.034+0000] {logging_mixin.py:154} INFO - [2025-10-28T23:04:44.034+0000] {dagbag.py:536} INFO - Filling up the DagBag from /opt/airflow/dags/utils/helpers.py
[2025-10-28T23:04:44.040+0000] {processor.py:841} WARNING - No viable dags retrieved from /opt/airflow/dags/utils/helpers.py
[2025-10-28T23:04:44.061+0000] {processor.py:179} INFO - Processing /opt/airflow/dags/utils/helpers.py took 0.039 seconds
[2025-10-28T23:05:14.774+0000] {processor.py:157} INFO - Started process (PID=1131) to work on /opt/airflow/dags/utils/helpers.py
[2025-10-28T23:05:14.777+0000] {processor.py:829} INFO - Processing file /opt/airflow/dags/utils/helpers.py for tasks to queue
[2025-10-28T23:05:14.778+0000] {logging_mixin.py:154} INFO - [2025-10-28T23:05:14.777+0000] {dagbag.py:536} INFO - Filling up the DagBag from /opt/airflow/dags/utils/helpers.py
[2025-10-28T23:05:14.791+0000] {processor.py:841} WARNING - No viable dags retrieved from /opt/airflow/dags/utils/helpers.py
[2025-10-28T23:05:14.831+0000] {processor.py:179} INFO - Processing /opt/airflow/dags/utils/helpers.py took 0.080 seconds
[2025-10-28T23:05:45.698+0000] {processor.py:157} INFO - Started process (PID=1186) to work on /opt/airflow/dags/utils/helpers.py
[2025-10-28T23:05:45.701+0000] {processor.py:829} INFO - Processing file /opt/airflow/dags/utils/helpers.py for tasks to queue
[2025-10-28T23:05:45.704+0000] {logging_mixin.py:154} INFO - [2025-10-28T23:05:45.702+0000] {dagbag.py:536} INFO - Filling up the DagBag from /opt/airflow/dags/utils/helpers.py
[2025-10-28T23:05:45.712+0000] {processor.py:841} WARNING - No viable dags retrieved from /opt/airflow/dags/utils/helpers.py
[2025-10-28T23:05:45.744+0000] {processor.py:179} INFO - Processing /opt/airflow/dags/utils/helpers.py took 0.059 seconds
[2025-10-28T23:06:16.387+0000] {processor.py:157} INFO - Started process (PID=1241) to work on /opt/airflow/dags/utils/helpers.py
[2025-10-28T23:06:16.392+0000] {processor.py:829} INFO - Processing file /opt/airflow/dags/utils/helpers.py for tasks to queue
[2025-10-28T23:06:16.393+0000] {logging_mixin.py:154} INFO - [2025-10-28T23:06:16.392+0000] {dagbag.py:536} INFO - Filling up the DagBag from /opt/airflow/dags/utils/helpers.py
[2025-10-28T23:06:16.399+0000] {processor.py:841} WARNING - No viable dags retrieved from /opt/airflow/dags/utils/helpers.py
[2025-10-28T23:06:16.421+0000] {processor.py:179} INFO - Processing /opt/airflow/dags/utils/helpers.py took 0.042 seconds
[2025-10-28T23:06:46.548+0000] {processor.py:157} INFO - Started process (PID=1289) to work on /opt/airflow/dags/utils/helpers.py
[2025-10-28T23:06:46.551+0000] {processor.py:829} INFO - Processing file /opt/airflow/dags/utils/helpers.py for tasks to queue
[2025-10-28T23:06:46.554+0000] {logging_mixin.py:154} INFO - [2025-10-28T23:06:46.552+0000] {dagbag.py:536} INFO - Filling up the DagBag from /opt/airflow/dags/utils/helpers.py
[2025-10-28T23:06:46.560+0000] {processor.py:841} WARNING - No viable dags retrieved from /opt/airflow/dags/utils/helpers.py
[2025-10-28T23:06:46.591+0000] {processor.py:179} INFO - Processing /opt/airflow/dags/utils/helpers.py took 0.049 seconds
[2025-10-28T23:07:17.719+0000] {processor.py:157} INFO - Started process (PID=1342) to work on /opt/airflow/dags/utils/helpers.py
[2025-10-28T23:07:17.723+0000] {processor.py:829} INFO - Processing file /opt/airflow/dags/utils/helpers.py for tasks to queue
[2025-10-28T23:07:17.724+0000] {logging_mixin.py:154} INFO - [2025-10-28T23:07:17.724+0000] {dagbag.py:536} INFO - Filling up the DagBag from /opt/airflow/dags/utils/helpers.py
[2025-10-28T23:07:17.736+0000] {processor.py:841} WARNING - No viable dags retrieved from /opt/airflow/dags/utils/helpers.py
[2025-10-28T23:07:17.785+0000] {processor.py:179} INFO - Processing /opt/airflow/dags/utils/helpers.py took 0.116 seconds
[2025-10-28T23:07:47.915+0000] {processor.py:157} INFO - Started process (PID=1409) to work on /opt/airflow/dags/utils/helpers.py
[2025-10-28T23:07:47.917+0000] {processor.py:829} INFO - Processing file /opt/airflow/dags/utils/helpers.py for tasks to queue
[2025-10-28T23:07:47.918+0000] {logging_mixin.py:154} INFO - [2025-10-28T23:07:47.918+0000] {dagbag.py:536} INFO - Filling up the DagBag from /opt/airflow/dags/utils/helpers.py
[2025-10-28T23:07:47.925+0000] {processor.py:841} WARNING - No viable dags retrieved from /opt/airflow/dags/utils/helpers.py
[2025-10-28T23:07:47.956+0000] {processor.py:179} INFO - Processing /opt/airflow/dags/utils/helpers.py took 0.052 seconds
[2025-10-28T23:08:18.538+0000] {processor.py:157} INFO - Started process (PID=1480) to work on /opt/airflow/dags/utils/helpers.py
[2025-10-28T23:08:18.540+0000] {processor.py:829} INFO - Processing file /opt/airflow/dags/utils/helpers.py for tasks to queue
[2025-10-28T23:08:18.542+0000] {logging_mixin.py:154} INFO - [2025-10-28T23:08:18.542+0000] {dagbag.py:536} INFO - Filling up the DagBag from /opt/airflow/dags/utils/helpers.py
[2025-10-28T23:08:18.548+0000] {processor.py:841} WARNING - No viable dags retrieved from /opt/airflow/dags/utils/helpers.py
[2025-10-28T23:08:18.578+0000] {processor.py:179} INFO - Processing /opt/airflow/dags/utils/helpers.py took 0.050 seconds
[2025-10-28T23:08:49.074+0000] {processor.py:157} INFO - Started process (PID=1535) to work on /opt/airflow/dags/utils/helpers.py
[2025-10-28T23:08:49.075+0000] {processor.py:829} INFO - Processing file /opt/airflow/dags/utils/helpers.py for tasks to queue
[2025-10-28T23:08:49.077+0000] {logging_mixin.py:154} INFO - [2025-10-28T23:08:49.076+0000] {dagbag.py:536} INFO - Filling up the DagBag from /opt/airflow/dags/utils/helpers.py
[2025-10-28T23:08:49.081+0000] {processor.py:841} WARNING - No viable dags retrieved from /opt/airflow/dags/utils/helpers.py
[2025-10-28T23:08:49.098+0000] {processor.py:179} INFO - Processing /opt/airflow/dags/utils/helpers.py took 0.030 seconds
[2025-10-28T23:09:20.037+0000] {processor.py:157} INFO - Started process (PID=1590) to work on /opt/airflow/dags/utils/helpers.py
[2025-10-28T23:09:20.039+0000] {processor.py:829} INFO - Processing file /opt/airflow/dags/utils/helpers.py for tasks to queue
[2025-10-28T23:09:20.040+0000] {logging_mixin.py:154} INFO - [2025-10-28T23:09:20.039+0000] {dagbag.py:536} INFO - Filling up the DagBag from /opt/airflow/dags/utils/helpers.py
[2025-10-28T23:09:20.046+0000] {processor.py:841} WARNING - No viable dags retrieved from /opt/airflow/dags/utils/helpers.py
[2025-10-28T23:09:20.069+0000] {processor.py:179} INFO - Processing /opt/airflow/dags/utils/helpers.py took 0.041 seconds
[2025-10-28T23:09:50.563+0000] {processor.py:157} INFO - Started process (PID=1638) to work on /opt/airflow/dags/utils/helpers.py
[2025-10-28T23:09:50.567+0000] {processor.py:829} INFO - Processing file /opt/airflow/dags/utils/helpers.py for tasks to queue
[2025-10-28T23:09:50.569+0000] {logging_mixin.py:154} INFO - [2025-10-28T23:09:50.568+0000] {dagbag.py:536} INFO - Filling up the DagBag from /opt/airflow/dags/utils/helpers.py
[2025-10-28T23:09:50.579+0000] {processor.py:841} WARNING - No viable dags retrieved from /opt/airflow/dags/utils/helpers.py
[2025-10-28T23:09:50.624+0000] {processor.py:179} INFO - Processing /opt/airflow/dags/utils/helpers.py took 0.091 seconds
[2025-10-28T23:10:20.717+0000] {processor.py:157} INFO - Started process (PID=1693) to work on /opt/airflow/dags/utils/helpers.py
[2025-10-28T23:10:20.720+0000] {processor.py:829} INFO - Processing file /opt/airflow/dags/utils/helpers.py for tasks to queue
[2025-10-28T23:10:20.722+0000] {logging_mixin.py:154} INFO - [2025-10-28T23:10:20.721+0000] {dagbag.py:536} INFO - Filling up the DagBag from /opt/airflow/dags/utils/helpers.py
[2025-10-28T23:10:20.729+0000] {processor.py:841} WARNING - No viable dags retrieved from /opt/airflow/dags/utils/helpers.py
[2025-10-28T23:10:20.747+0000] {processor.py:179} INFO - Processing /opt/airflow/dags/utils/helpers.py took 0.038 seconds
[2025-10-28T23:10:51.227+0000] {processor.py:157} INFO - Started process (PID=1748) to work on /opt/airflow/dags/utils/helpers.py
[2025-10-28T23:10:51.230+0000] {processor.py:829} INFO - Processing file /opt/airflow/dags/utils/helpers.py for tasks to queue
[2025-10-28T23:10:51.232+0000] {logging_mixin.py:154} INFO - [2025-10-28T23:10:51.232+0000] {dagbag.py:536} INFO - Filling up the DagBag from /opt/airflow/dags/utils/helpers.py
[2025-10-28T23:10:51.243+0000] {processor.py:841} WARNING - No viable dags retrieved from /opt/airflow/dags/utils/helpers.py
[2025-10-28T23:10:51.278+0000] {processor.py:179} INFO - Processing /opt/airflow/dags/utils/helpers.py took 0.061 seconds
[2025-10-28T23:11:21.583+0000] {processor.py:157} INFO - Started process (PID=1796) to work on /opt/airflow/dags/utils/helpers.py
[2025-10-28T23:11:21.586+0000] {processor.py:829} INFO - Processing file /opt/airflow/dags/utils/helpers.py for tasks to queue
[2025-10-28T23:11:21.588+0000] {logging_mixin.py:154} INFO - [2025-10-28T23:11:21.588+0000] {dagbag.py:536} INFO - Filling up the DagBag from /opt/airflow/dags/utils/helpers.py
[2025-10-28T23:11:21.602+0000] {processor.py:841} WARNING - No viable dags retrieved from /opt/airflow/dags/utils/helpers.py
[2025-10-28T23:11:21.630+0000] {processor.py:179} INFO - Processing /opt/airflow/dags/utils/helpers.py took 0.056 seconds
[2025-10-28T23:11:52.296+0000] {processor.py:157} INFO - Started process (PID=1851) to work on /opt/airflow/dags/utils/helpers.py
[2025-10-28T23:11:52.304+0000] {processor.py:829} INFO - Processing file /opt/airflow/dags/utils/helpers.py for tasks to queue
[2025-10-28T23:11:52.306+0000] {logging_mixin.py:154} INFO - [2025-10-28T23:11:52.305+0000] {dagbag.py:536} INFO - Filling up the DagBag from /opt/airflow/dags/utils/helpers.py
[2025-10-28T23:11:52.312+0000] {processor.py:841} WARNING - No viable dags retrieved from /opt/airflow/dags/utils/helpers.py
[2025-10-28T23:11:52.346+0000] {processor.py:179} INFO - Processing /opt/airflow/dags/utils/helpers.py took 0.062 seconds
[2025-10-28T23:12:22.961+0000] {processor.py:157} INFO - Started process (PID=1899) to work on /opt/airflow/dags/utils/helpers.py
[2025-10-28T23:12:22.965+0000] {processor.py:829} INFO - Processing file /opt/airflow/dags/utils/helpers.py for tasks to queue
[2025-10-28T23:12:22.971+0000] {logging_mixin.py:154} INFO - [2025-10-28T23:12:22.967+0000] {dagbag.py:536} INFO - Filling up the DagBag from /opt/airflow/dags/utils/helpers.py
[2025-10-28T23:12:22.985+0000] {processor.py:841} WARNING - No viable dags retrieved from /opt/airflow/dags/utils/helpers.py
[2025-10-28T23:12:23.085+0000] {processor.py:179} INFO - Processing /opt/airflow/dags/utils/helpers.py took 0.139 seconds
[2025-10-28T23:12:53.359+0000] {processor.py:157} INFO - Started process (PID=1954) to work on /opt/airflow/dags/utils/helpers.py
[2025-10-28T23:12:53.360+0000] {processor.py:829} INFO - Processing file /opt/airflow/dags/utils/helpers.py for tasks to queue
[2025-10-28T23:12:53.362+0000] {logging_mixin.py:154} INFO - [2025-10-28T23:12:53.361+0000] {dagbag.py:536} INFO - Filling up the DagBag from /opt/airflow/dags/utils/helpers.py
[2025-10-28T23:12:53.367+0000] {processor.py:841} WARNING - No viable dags retrieved from /opt/airflow/dags/utils/helpers.py
[2025-10-28T23:12:53.386+0000] {processor.py:179} INFO - Processing /opt/airflow/dags/utils/helpers.py took 0.034 seconds
[2025-10-28T23:13:23.858+0000] {processor.py:157} INFO - Started process (PID=2009) to work on /opt/airflow/dags/utils/helpers.py
[2025-10-28T23:13:23.861+0000] {processor.py:829} INFO - Processing file /opt/airflow/dags/utils/helpers.py for tasks to queue
[2025-10-28T23:13:23.864+0000] {logging_mixin.py:154} INFO - [2025-10-28T23:13:23.864+0000] {dagbag.py:536} INFO - Filling up the DagBag from /opt/airflow/dags/utils/helpers.py
[2025-10-28T23:13:23.874+0000] {processor.py:841} WARNING - No viable dags retrieved from /opt/airflow/dags/utils/helpers.py
[2025-10-28T23:13:23.890+0000] {processor.py:179} INFO - Processing /opt/airflow/dags/utils/helpers.py took 0.038 seconds
[2025-10-28T23:13:54.128+0000] {processor.py:157} INFO - Started process (PID=2057) to work on /opt/airflow/dags/utils/helpers.py
[2025-10-28T23:13:54.132+0000] {processor.py:829} INFO - Processing file /opt/airflow/dags/utils/helpers.py for tasks to queue
[2025-10-28T23:13:54.134+0000] {logging_mixin.py:154} INFO - [2025-10-28T23:13:54.133+0000] {dagbag.py:536} INFO - Filling up the DagBag from /opt/airflow/dags/utils/helpers.py
[2025-10-28T23:13:54.145+0000] {processor.py:841} WARNING - No viable dags retrieved from /opt/airflow/dags/utils/helpers.py
[2025-10-28T23:13:54.171+0000] {processor.py:179} INFO - Processing /opt/airflow/dags/utils/helpers.py took 0.052 seconds
[2025-10-28T23:14:24.974+0000] {processor.py:157} INFO - Started process (PID=2112) to work on /opt/airflow/dags/utils/helpers.py
[2025-10-28T23:14:24.976+0000] {processor.py:829} INFO - Processing file /opt/airflow/dags/utils/helpers.py for tasks to queue
[2025-10-28T23:14:24.978+0000] {logging_mixin.py:154} INFO - [2025-10-28T23:14:24.977+0000] {dagbag.py:536} INFO - Filling up the DagBag from /opt/airflow/dags/utils/helpers.py
[2025-10-28T23:14:24.982+0000] {processor.py:841} WARNING - No viable dags retrieved from /opt/airflow/dags/utils/helpers.py
[2025-10-28T23:14:25.008+0000] {processor.py:179} INFO - Processing /opt/airflow/dags/utils/helpers.py took 0.049 seconds
[2025-10-28T23:14:55.951+0000] {processor.py:157} INFO - Started process (PID=2167) to work on /opt/airflow/dags/utils/helpers.py
[2025-10-28T23:14:55.968+0000] {processor.py:829} INFO - Processing file /opt/airflow/dags/utils/helpers.py for tasks to queue
[2025-10-28T23:14:55.979+0000] {logging_mixin.py:154} INFO - [2025-10-28T23:14:55.978+0000] {dagbag.py:536} INFO - Filling up the DagBag from /opt/airflow/dags/utils/helpers.py
[2025-10-28T23:14:55.995+0000] {processor.py:841} WARNING - No viable dags retrieved from /opt/airflow/dags/utils/helpers.py
[2025-10-28T23:14:56.041+0000] {processor.py:179} INFO - Processing /opt/airflow/dags/utils/helpers.py took 0.128 seconds
[2025-10-28T23:15:26.712+0000] {processor.py:157} INFO - Started process (PID=2215) to work on /opt/airflow/dags/utils/helpers.py
[2025-10-28T23:15:26.714+0000] {processor.py:829} INFO - Processing file /opt/airflow/dags/utils/helpers.py for tasks to queue
[2025-10-28T23:15:26.716+0000] {logging_mixin.py:154} INFO - [2025-10-28T23:15:26.715+0000] {dagbag.py:536} INFO - Filling up the DagBag from /opt/airflow/dags/utils/helpers.py
[2025-10-28T23:15:26.727+0000] {processor.py:841} WARNING - No viable dags retrieved from /opt/airflow/dags/utils/helpers.py
[2025-10-28T23:15:26.747+0000] {processor.py:179} INFO - Processing /opt/airflow/dags/utils/helpers.py took 0.047 seconds
[2025-10-28T23:16:03.603+0000] {processor.py:157} INFO - Started process (PID=165) to work on /opt/airflow/dags/utils/helpers.py
[2025-10-28T23:16:03.613+0000] {processor.py:829} INFO - Processing file /opt/airflow/dags/utils/helpers.py for tasks to queue
[2025-10-28T23:16:03.616+0000] {logging_mixin.py:154} INFO - [2025-10-28T23:16:03.615+0000] {dagbag.py:536} INFO - Filling up the DagBag from /opt/airflow/dags/utils/helpers.py
[2025-10-28T23:16:03.657+0000] {processor.py:841} WARNING - No viable dags retrieved from /opt/airflow/dags/utils/helpers.py
[2025-10-28T23:16:03.918+0000] {processor.py:179} INFO - Processing /opt/airflow/dags/utils/helpers.py took 0.345 seconds
[2025-10-28T23:16:34.430+0000] {processor.py:157} INFO - Started process (PID=309) to work on /opt/airflow/dags/utils/helpers.py
[2025-10-28T23:16:34.433+0000] {processor.py:829} INFO - Processing file /opt/airflow/dags/utils/helpers.py for tasks to queue
[2025-10-28T23:16:34.434+0000] {logging_mixin.py:154} INFO - [2025-10-28T23:16:34.434+0000] {dagbag.py:536} INFO - Filling up the DagBag from /opt/airflow/dags/utils/helpers.py
[2025-10-28T23:16:34.444+0000] {processor.py:841} WARNING - No viable dags retrieved from /opt/airflow/dags/utils/helpers.py
[2025-10-28T23:16:34.509+0000] {processor.py:179} INFO - Processing /opt/airflow/dags/utils/helpers.py took 0.097 seconds
[2025-10-28T23:17:04.820+0000] {processor.py:157} INFO - Started process (PID=399) to work on /opt/airflow/dags/utils/helpers.py
[2025-10-28T23:17:04.825+0000] {processor.py:829} INFO - Processing file /opt/airflow/dags/utils/helpers.py for tasks to queue
[2025-10-28T23:17:04.827+0000] {logging_mixin.py:154} INFO - [2025-10-28T23:17:04.826+0000] {dagbag.py:536} INFO - Filling up the DagBag from /opt/airflow/dags/utils/helpers.py
[2025-10-28T23:17:04.834+0000] {processor.py:841} WARNING - No viable dags retrieved from /opt/airflow/dags/utils/helpers.py
[2025-10-28T23:17:04.860+0000] {processor.py:179} INFO - Processing /opt/airflow/dags/utils/helpers.py took 0.049 seconds
[2025-10-28T23:17:35.616+0000] {processor.py:157} INFO - Started process (PID=462) to work on /opt/airflow/dags/utils/helpers.py
[2025-10-28T23:17:35.618+0000] {processor.py:829} INFO - Processing file /opt/airflow/dags/utils/helpers.py for tasks to queue
[2025-10-28T23:17:35.620+0000] {logging_mixin.py:154} INFO - [2025-10-28T23:17:35.619+0000] {dagbag.py:536} INFO - Filling up the DagBag from /opt/airflow/dags/utils/helpers.py
[2025-10-28T23:17:35.628+0000] {processor.py:841} WARNING - No viable dags retrieved from /opt/airflow/dags/utils/helpers.py
[2025-10-28T23:17:35.679+0000] {processor.py:179} INFO - Processing /opt/airflow/dags/utils/helpers.py took 0.081 seconds
[2025-10-28T23:18:06.297+0000] {processor.py:157} INFO - Started process (PID=510) to work on /opt/airflow/dags/utils/helpers.py
[2025-10-28T23:18:06.311+0000] {processor.py:829} INFO - Processing file /opt/airflow/dags/utils/helpers.py for tasks to queue
[2025-10-28T23:18:06.317+0000] {logging_mixin.py:154} INFO - [2025-10-28T23:18:06.313+0000] {dagbag.py:536} INFO - Filling up the DagBag from /opt/airflow/dags/utils/helpers.py
[2025-10-28T23:18:06.333+0000] {processor.py:841} WARNING - No viable dags retrieved from /opt/airflow/dags/utils/helpers.py
[2025-10-28T23:18:06.398+0000] {processor.py:179} INFO - Processing /opt/airflow/dags/utils/helpers.py took 0.117 seconds
[2025-10-28T23:18:36.478+0000] {processor.py:157} INFO - Started process (PID=564) to work on /opt/airflow/dags/utils/helpers.py
[2025-10-28T23:18:36.480+0000] {processor.py:829} INFO - Processing file /opt/airflow/dags/utils/helpers.py for tasks to queue
[2025-10-28T23:18:36.483+0000] {logging_mixin.py:154} INFO - [2025-10-28T23:18:36.483+0000] {dagbag.py:536} INFO - Filling up the DagBag from /opt/airflow/dags/utils/helpers.py
[2025-10-28T23:18:36.498+0000] {processor.py:841} WARNING - No viable dags retrieved from /opt/airflow/dags/utils/helpers.py
[2025-10-28T23:18:36.523+0000] {processor.py:179} INFO - Processing /opt/airflow/dags/utils/helpers.py took 0.061 seconds
[2025-10-28T23:19:06.875+0000] {processor.py:157} INFO - Started process (PID=619) to work on /opt/airflow/dags/utils/helpers.py
[2025-10-28T23:19:06.876+0000] {processor.py:829} INFO - Processing file /opt/airflow/dags/utils/helpers.py for tasks to queue
[2025-10-28T23:19:06.877+0000] {logging_mixin.py:154} INFO - [2025-10-28T23:19:06.877+0000] {dagbag.py:536} INFO - Filling up the DagBag from /opt/airflow/dags/utils/helpers.py
[2025-10-28T23:19:06.889+0000] {processor.py:841} WARNING - No viable dags retrieved from /opt/airflow/dags/utils/helpers.py
[2025-10-28T23:19:06.923+0000] {processor.py:179} INFO - Processing /opt/airflow/dags/utils/helpers.py took 0.060 seconds
[2025-10-28T23:19:37.023+0000] {processor.py:157} INFO - Started process (PID=667) to work on /opt/airflow/dags/utils/helpers.py
[2025-10-28T23:19:37.026+0000] {processor.py:829} INFO - Processing file /opt/airflow/dags/utils/helpers.py for tasks to queue
[2025-10-28T23:19:37.027+0000] {logging_mixin.py:154} INFO - [2025-10-28T23:19:37.027+0000] {dagbag.py:536} INFO - Filling up the DagBag from /opt/airflow/dags/utils/helpers.py
[2025-10-28T23:19:37.043+0000] {processor.py:841} WARNING - No viable dags retrieved from /opt/airflow/dags/utils/helpers.py
[2025-10-28T23:19:37.077+0000] {processor.py:179} INFO - Processing /opt/airflow/dags/utils/helpers.py took 0.070 seconds
[2025-10-28T23:20:07.227+0000] {processor.py:157} INFO - Started process (PID=722) to work on /opt/airflow/dags/utils/helpers.py
[2025-10-28T23:20:07.229+0000] {processor.py:829} INFO - Processing file /opt/airflow/dags/utils/helpers.py for tasks to queue
[2025-10-28T23:20:07.230+0000] {logging_mixin.py:154} INFO - [2025-10-28T23:20:07.229+0000] {dagbag.py:536} INFO - Filling up the DagBag from /opt/airflow/dags/utils/helpers.py
[2025-10-28T23:20:07.238+0000] {processor.py:841} WARNING - No viable dags retrieved from /opt/airflow/dags/utils/helpers.py
[2025-10-28T23:20:07.256+0000] {processor.py:179} INFO - Processing /opt/airflow/dags/utils/helpers.py took 0.035 seconds
[2025-10-28T23:20:37.586+0000] {processor.py:157} INFO - Started process (PID=770) to work on /opt/airflow/dags/utils/helpers.py
[2025-10-28T23:20:37.594+0000] {processor.py:829} INFO - Processing file /opt/airflow/dags/utils/helpers.py for tasks to queue
[2025-10-28T23:20:37.598+0000] {logging_mixin.py:154} INFO - [2025-10-28T23:20:37.596+0000] {dagbag.py:536} INFO - Filling up the DagBag from /opt/airflow/dags/utils/helpers.py
[2025-10-28T23:20:37.635+0000] {processor.py:841} WARNING - No viable dags retrieved from /opt/airflow/dags/utils/helpers.py
[2025-10-28T23:20:37.713+0000] {processor.py:179} INFO - Processing /opt/airflow/dags/utils/helpers.py took 0.146 seconds
[2025-10-28T23:21:04.449+0000] {processor.py:157} INFO - Started process (PID=166) to work on /opt/airflow/dags/utils/helpers.py
[2025-10-28T23:21:04.451+0000] {processor.py:829} INFO - Processing file /opt/airflow/dags/utils/helpers.py for tasks to queue
[2025-10-28T23:21:04.453+0000] {logging_mixin.py:154} INFO - [2025-10-28T23:21:04.453+0000] {dagbag.py:536} INFO - Filling up the DagBag from /opt/airflow/dags/utils/helpers.py
[2025-10-28T23:21:04.458+0000] {processor.py:841} WARNING - No viable dags retrieved from /opt/airflow/dags/utils/helpers.py
[2025-10-28T23:21:04.483+0000] {processor.py:179} INFO - Processing /opt/airflow/dags/utils/helpers.py took 0.039 seconds
[2025-10-28T23:21:35.536+0000] {processor.py:157} INFO - Started process (PID=218) to work on /opt/airflow/dags/utils/helpers.py
[2025-10-28T23:21:35.537+0000] {processor.py:829} INFO - Processing file /opt/airflow/dags/utils/helpers.py for tasks to queue
[2025-10-28T23:21:35.539+0000] {logging_mixin.py:154} INFO - [2025-10-28T23:21:35.538+0000] {dagbag.py:536} INFO - Filling up the DagBag from /opt/airflow/dags/utils/helpers.py
[2025-10-28T23:21:35.544+0000] {processor.py:841} WARNING - No viable dags retrieved from /opt/airflow/dags/utils/helpers.py
[2025-10-28T23:21:35.564+0000] {processor.py:179} INFO - Processing /opt/airflow/dags/utils/helpers.py took 0.035 seconds
[2025-10-28T23:22:06.305+0000] {processor.py:157} INFO - Started process (PID=266) to work on /opt/airflow/dags/utils/helpers.py
[2025-10-28T23:22:06.310+0000] {processor.py:829} INFO - Processing file /opt/airflow/dags/utils/helpers.py for tasks to queue
[2025-10-28T23:22:06.312+0000] {logging_mixin.py:154} INFO - [2025-10-28T23:22:06.311+0000] {dagbag.py:536} INFO - Filling up the DagBag from /opt/airflow/dags/utils/helpers.py
[2025-10-28T23:22:06.336+0000] {processor.py:841} WARNING - No viable dags retrieved from /opt/airflow/dags/utils/helpers.py
[2025-10-28T23:22:06.378+0000] {processor.py:179} INFO - Processing /opt/airflow/dags/utils/helpers.py took 0.089 seconds
[2025-10-28T23:22:36.792+0000] {processor.py:157} INFO - Started process (PID=321) to work on /opt/airflow/dags/utils/helpers.py
[2025-10-28T23:22:36.794+0000] {processor.py:829} INFO - Processing file /opt/airflow/dags/utils/helpers.py for tasks to queue
[2025-10-28T23:22:36.796+0000] {logging_mixin.py:154} INFO - [2025-10-28T23:22:36.796+0000] {dagbag.py:536} INFO - Filling up the DagBag from /opt/airflow/dags/utils/helpers.py
[2025-10-28T23:22:36.800+0000] {processor.py:841} WARNING - No viable dags retrieved from /opt/airflow/dags/utils/helpers.py
[2025-10-28T23:22:36.823+0000] {processor.py:179} INFO - Processing /opt/airflow/dags/utils/helpers.py took 0.038 seconds
[2025-10-28T23:23:07.060+0000] {processor.py:157} INFO - Started process (PID=369) to work on /opt/airflow/dags/utils/helpers.py
[2025-10-28T23:23:07.061+0000] {processor.py:829} INFO - Processing file /opt/airflow/dags/utils/helpers.py for tasks to queue
[2025-10-28T23:23:07.063+0000] {logging_mixin.py:154} INFO - [2025-10-28T23:23:07.063+0000] {dagbag.py:536} INFO - Filling up the DagBag from /opt/airflow/dags/utils/helpers.py
[2025-10-28T23:23:07.068+0000] {processor.py:841} WARNING - No viable dags retrieved from /opt/airflow/dags/utils/helpers.py
[2025-10-28T23:23:07.091+0000] {processor.py:179} INFO - Processing /opt/airflow/dags/utils/helpers.py took 0.037 seconds
[2025-10-28T23:23:37.937+0000] {processor.py:157} INFO - Started process (PID=470) to work on /opt/airflow/dags/utils/helpers.py
[2025-10-28T23:23:37.939+0000] {processor.py:829} INFO - Processing file /opt/airflow/dags/utils/helpers.py for tasks to queue
[2025-10-28T23:23:37.942+0000] {logging_mixin.py:154} INFO - [2025-10-28T23:23:37.940+0000] {dagbag.py:536} INFO - Filling up the DagBag from /opt/airflow/dags/utils/helpers.py
[2025-10-28T23:23:37.951+0000] {processor.py:841} WARNING - No viable dags retrieved from /opt/airflow/dags/utils/helpers.py
[2025-10-28T23:23:38.010+0000] {processor.py:179} INFO - Processing /opt/airflow/dags/utils/helpers.py took 0.085 seconds
[2025-10-28T23:24:08.619+0000] {processor.py:157} INFO - Started process (PID=574) to work on /opt/airflow/dags/utils/helpers.py
[2025-10-28T23:24:08.621+0000] {processor.py:829} INFO - Processing file /opt/airflow/dags/utils/helpers.py for tasks to queue
[2025-10-28T23:24:08.624+0000] {logging_mixin.py:154} INFO - [2025-10-28T23:24:08.624+0000] {dagbag.py:536} INFO - Filling up the DagBag from /opt/airflow/dags/utils/helpers.py
[2025-10-28T23:24:08.631+0000] {processor.py:841} WARNING - No viable dags retrieved from /opt/airflow/dags/utils/helpers.py
[2025-10-28T23:24:08.659+0000] {processor.py:179} INFO - Processing /opt/airflow/dags/utils/helpers.py took 0.051 seconds
[2025-10-28T23:24:38.897+0000] {processor.py:157} INFO - Started process (PID=622) to work on /opt/airflow/dags/utils/helpers.py
[2025-10-28T23:24:38.903+0000] {processor.py:829} INFO - Processing file /opt/airflow/dags/utils/helpers.py for tasks to queue
[2025-10-28T23:24:38.909+0000] {logging_mixin.py:154} INFO - [2025-10-28T23:24:38.906+0000] {dagbag.py:536} INFO - Filling up the DagBag from /opt/airflow/dags/utils/helpers.py
[2025-10-28T23:24:38.921+0000] {processor.py:841} WARNING - No viable dags retrieved from /opt/airflow/dags/utils/helpers.py
[2025-10-28T23:24:38.962+0000] {processor.py:179} INFO - Processing /opt/airflow/dags/utils/helpers.py took 0.085 seconds
[2025-10-28T23:25:09.039+0000] {processor.py:157} INFO - Started process (PID=677) to work on /opt/airflow/dags/utils/helpers.py
[2025-10-28T23:25:09.041+0000] {processor.py:829} INFO - Processing file /opt/airflow/dags/utils/helpers.py for tasks to queue
[2025-10-28T23:25:09.042+0000] {logging_mixin.py:154} INFO - [2025-10-28T23:25:09.041+0000] {dagbag.py:536} INFO - Filling up the DagBag from /opt/airflow/dags/utils/helpers.py
[2025-10-28T23:25:09.048+0000] {processor.py:841} WARNING - No viable dags retrieved from /opt/airflow/dags/utils/helpers.py
[2025-10-28T23:25:09.065+0000] {processor.py:179} INFO - Processing /opt/airflow/dags/utils/helpers.py took 0.031 seconds
[2025-10-28T23:25:39.381+0000] {processor.py:157} INFO - Started process (PID=725) to work on /opt/airflow/dags/utils/helpers.py
[2025-10-28T23:25:39.385+0000] {processor.py:829} INFO - Processing file /opt/airflow/dags/utils/helpers.py for tasks to queue
[2025-10-28T23:25:39.387+0000] {logging_mixin.py:154} INFO - [2025-10-28T23:25:39.386+0000] {dagbag.py:536} INFO - Filling up the DagBag from /opt/airflow/dags/utils/helpers.py
[2025-10-28T23:25:39.395+0000] {processor.py:841} WARNING - No viable dags retrieved from /opt/airflow/dags/utils/helpers.py
[2025-10-28T23:25:39.427+0000] {processor.py:179} INFO - Processing /opt/airflow/dags/utils/helpers.py took 0.058 seconds
[2025-10-28T23:26:09.525+0000] {processor.py:157} INFO - Started process (PID=779) to work on /opt/airflow/dags/utils/helpers.py
[2025-10-28T23:26:09.527+0000] {processor.py:829} INFO - Processing file /opt/airflow/dags/utils/helpers.py for tasks to queue
[2025-10-28T23:26:09.528+0000] {logging_mixin.py:154} INFO - [2025-10-28T23:26:09.527+0000] {dagbag.py:536} INFO - Filling up the DagBag from /opt/airflow/dags/utils/helpers.py
[2025-10-28T23:26:09.535+0000] {processor.py:841} WARNING - No viable dags retrieved from /opt/airflow/dags/utils/helpers.py
[2025-10-28T23:26:09.564+0000] {processor.py:179} INFO - Processing /opt/airflow/dags/utils/helpers.py took 0.050 seconds
[2025-10-28T23:26:39.985+0000] {processor.py:157} INFO - Started process (PID=834) to work on /opt/airflow/dags/utils/helpers.py
[2025-10-28T23:26:39.987+0000] {processor.py:829} INFO - Processing file /opt/airflow/dags/utils/helpers.py for tasks to queue
[2025-10-28T23:26:39.988+0000] {logging_mixin.py:154} INFO - [2025-10-28T23:26:39.988+0000] {dagbag.py:536} INFO - Filling up the DagBag from /opt/airflow/dags/utils/helpers.py
[2025-10-28T23:26:39.992+0000] {processor.py:841} WARNING - No viable dags retrieved from /opt/airflow/dags/utils/helpers.py
[2025-10-28T23:26:40.026+0000] {processor.py:179} INFO - Processing /opt/airflow/dags/utils/helpers.py took 0.046 seconds
[2025-10-28T23:27:10.539+0000] {processor.py:157} INFO - Started process (PID=882) to work on /opt/airflow/dags/utils/helpers.py
[2025-10-28T23:27:10.544+0000] {processor.py:829} INFO - Processing file /opt/airflow/dags/utils/helpers.py for tasks to queue
[2025-10-28T23:27:10.546+0000] {logging_mixin.py:154} INFO - [2025-10-28T23:27:10.545+0000] {dagbag.py:536} INFO - Filling up the DagBag from /opt/airflow/dags/utils/helpers.py
[2025-10-28T23:27:10.552+0000] {processor.py:841} WARNING - No viable dags retrieved from /opt/airflow/dags/utils/helpers.py
[2025-10-28T23:27:10.598+0000] {processor.py:179} INFO - Processing /opt/airflow/dags/utils/helpers.py took 0.069 seconds
[2025-10-28T23:27:40.965+0000] {processor.py:157} INFO - Started process (PID=937) to work on /opt/airflow/dags/utils/helpers.py
[2025-10-28T23:27:40.966+0000] {processor.py:829} INFO - Processing file /opt/airflow/dags/utils/helpers.py for tasks to queue
[2025-10-28T23:27:40.967+0000] {logging_mixin.py:154} INFO - [2025-10-28T23:27:40.967+0000] {dagbag.py:536} INFO - Filling up the DagBag from /opt/airflow/dags/utils/helpers.py
[2025-10-28T23:27:40.973+0000] {processor.py:841} WARNING - No viable dags retrieved from /opt/airflow/dags/utils/helpers.py
[2025-10-28T23:27:40.997+0000] {processor.py:179} INFO - Processing /opt/airflow/dags/utils/helpers.py took 0.041 seconds
[2025-10-28T23:28:11.362+0000] {processor.py:157} INFO - Started process (PID=975) to work on /opt/airflow/dags/utils/helpers.py
[2025-10-28T23:28:11.364+0000] {processor.py:829} INFO - Processing file /opt/airflow/dags/utils/helpers.py for tasks to queue
[2025-10-28T23:28:11.365+0000] {logging_mixin.py:154} INFO - [2025-10-28T23:28:11.364+0000] {dagbag.py:536} INFO - Filling up the DagBag from /opt/airflow/dags/utils/helpers.py
[2025-10-28T23:28:11.370+0000] {processor.py:841} WARNING - No viable dags retrieved from /opt/airflow/dags/utils/helpers.py
[2025-10-28T23:28:11.387+0000] {processor.py:179} INFO - Processing /opt/airflow/dags/utils/helpers.py took 0.029 seconds
[2025-10-28T23:28:42.205+0000] {processor.py:157} INFO - Started process (PID=1027) to work on /opt/airflow/dags/utils/helpers.py
[2025-10-28T23:28:42.207+0000] {processor.py:829} INFO - Processing file /opt/airflow/dags/utils/helpers.py for tasks to queue
[2025-10-28T23:28:42.208+0000] {logging_mixin.py:154} INFO - [2025-10-28T23:28:42.208+0000] {dagbag.py:536} INFO - Filling up the DagBag from /opt/airflow/dags/utils/helpers.py
[2025-10-28T23:28:42.214+0000] {processor.py:841} WARNING - No viable dags retrieved from /opt/airflow/dags/utils/helpers.py
[2025-10-28T23:28:42.238+0000] {processor.py:179} INFO - Processing /opt/airflow/dags/utils/helpers.py took 0.048 seconds
[2025-10-28T23:29:12.698+0000] {processor.py:157} INFO - Started process (PID=1092) to work on /opt/airflow/dags/utils/helpers.py
[2025-10-28T23:29:12.700+0000] {processor.py:829} INFO - Processing file /opt/airflow/dags/utils/helpers.py for tasks to queue
[2025-10-28T23:29:12.701+0000] {logging_mixin.py:154} INFO - [2025-10-28T23:29:12.701+0000] {dagbag.py:536} INFO - Filling up the DagBag from /opt/airflow/dags/utils/helpers.py
[2025-10-28T23:29:12.706+0000] {processor.py:841} WARNING - No viable dags retrieved from /opt/airflow/dags/utils/helpers.py
[2025-10-28T23:29:12.721+0000] {processor.py:179} INFO - Processing /opt/airflow/dags/utils/helpers.py took 0.031 seconds
[2025-10-28T23:29:47.985+0000] {processor.py:157} INFO - Started process (PID=167) to work on /opt/airflow/dags/utils/helpers.py
[2025-10-28T23:29:47.987+0000] {processor.py:829} INFO - Processing file /opt/airflow/dags/utils/helpers.py for tasks to queue
[2025-10-28T23:29:47.988+0000] {logging_mixin.py:154} INFO - [2025-10-28T23:29:47.988+0000] {dagbag.py:536} INFO - Filling up the DagBag from /opt/airflow/dags/utils/helpers.py
[2025-10-28T23:29:47.996+0000] {processor.py:841} WARNING - No viable dags retrieved from /opt/airflow/dags/utils/helpers.py
[2025-10-28T23:29:48.021+0000] {processor.py:179} INFO - Processing /opt/airflow/dags/utils/helpers.py took 0.041 seconds
[2025-10-28T23:30:18.139+0000] {processor.py:157} INFO - Started process (PID=219) to work on /opt/airflow/dags/utils/helpers.py
[2025-10-28T23:30:18.142+0000] {processor.py:829} INFO - Processing file /opt/airflow/dags/utils/helpers.py for tasks to queue
[2025-10-28T23:30:18.143+0000] {logging_mixin.py:154} INFO - [2025-10-28T23:30:18.143+0000] {dagbag.py:536} INFO - Filling up the DagBag from /opt/airflow/dags/utils/helpers.py
[2025-10-28T23:30:18.156+0000] {processor.py:841} WARNING - No viable dags retrieved from /opt/airflow/dags/utils/helpers.py
[2025-10-28T23:30:18.194+0000] {processor.py:179} INFO - Processing /opt/airflow/dags/utils/helpers.py took 0.065 seconds
[2025-10-28T23:30:49.131+0000] {processor.py:157} INFO - Started process (PID=267) to work on /opt/airflow/dags/utils/helpers.py
[2025-10-28T23:30:49.134+0000] {processor.py:829} INFO - Processing file /opt/airflow/dags/utils/helpers.py for tasks to queue
[2025-10-28T23:30:49.135+0000] {logging_mixin.py:154} INFO - [2025-10-28T23:30:49.135+0000] {dagbag.py:536} INFO - Filling up the DagBag from /opt/airflow/dags/utils/helpers.py
[2025-10-28T23:30:49.162+0000] {processor.py:841} WARNING - No viable dags retrieved from /opt/airflow/dags/utils/helpers.py
[2025-10-28T23:30:49.195+0000] {processor.py:179} INFO - Processing /opt/airflow/dags/utils/helpers.py took 0.076 seconds
[2025-10-28T23:31:19.964+0000] {processor.py:157} INFO - Started process (PID=321) to work on /opt/airflow/dags/utils/helpers.py
[2025-10-28T23:31:19.966+0000] {processor.py:829} INFO - Processing file /opt/airflow/dags/utils/helpers.py for tasks to queue
[2025-10-28T23:31:19.968+0000] {logging_mixin.py:154} INFO - [2025-10-28T23:31:19.968+0000] {dagbag.py:536} INFO - Filling up the DagBag from /opt/airflow/dags/utils/helpers.py
[2025-10-28T23:31:19.974+0000] {processor.py:841} WARNING - No viable dags retrieved from /opt/airflow/dags/utils/helpers.py
[2025-10-28T23:31:19.995+0000] {processor.py:179} INFO - Processing /opt/airflow/dags/utils/helpers.py took 0.041 seconds
[2025-10-28T23:31:50.136+0000] {processor.py:157} INFO - Started process (PID=422) to work on /opt/airflow/dags/utils/helpers.py
[2025-10-28T23:31:50.141+0000] {processor.py:829} INFO - Processing file /opt/airflow/dags/utils/helpers.py for tasks to queue
[2025-10-28T23:31:50.150+0000] {logging_mixin.py:154} INFO - [2025-10-28T23:31:50.147+0000] {dagbag.py:536} INFO - Filling up the DagBag from /opt/airflow/dags/utils/helpers.py
[2025-10-28T23:31:50.164+0000] {processor.py:841} WARNING - No viable dags retrieved from /opt/airflow/dags/utils/helpers.py
[2025-10-28T23:31:50.242+0000] {processor.py:179} INFO - Processing /opt/airflow/dags/utils/helpers.py took 0.132 seconds
[2025-10-28T23:32:20.417+0000] {processor.py:157} INFO - Started process (PID=519) to work on /opt/airflow/dags/utils/helpers.py
[2025-10-28T23:32:20.419+0000] {processor.py:829} INFO - Processing file /opt/airflow/dags/utils/helpers.py for tasks to queue
[2025-10-28T23:32:20.420+0000] {logging_mixin.py:154} INFO - [2025-10-28T23:32:20.420+0000] {dagbag.py:536} INFO - Filling up the DagBag from /opt/airflow/dags/utils/helpers.py
[2025-10-28T23:32:20.426+0000] {processor.py:841} WARNING - No viable dags retrieved from /opt/airflow/dags/utils/helpers.py
[2025-10-28T23:32:20.456+0000] {processor.py:179} INFO - Processing /opt/airflow/dags/utils/helpers.py took 0.047 seconds
[2025-10-28T23:32:50.653+0000] {processor.py:157} INFO - Started process (PID=567) to work on /opt/airflow/dags/utils/helpers.py
[2025-10-28T23:32:50.655+0000] {processor.py:829} INFO - Processing file /opt/airflow/dags/utils/helpers.py for tasks to queue
[2025-10-28T23:32:50.657+0000] {logging_mixin.py:154} INFO - [2025-10-28T23:32:50.656+0000] {dagbag.py:536} INFO - Filling up the DagBag from /opt/airflow/dags/utils/helpers.py
[2025-10-28T23:32:50.666+0000] {processor.py:841} WARNING - No viable dags retrieved from /opt/airflow/dags/utils/helpers.py
[2025-10-28T23:32:50.691+0000] {processor.py:179} INFO - Processing /opt/airflow/dags/utils/helpers.py took 0.050 seconds
[2025-10-28T23:33:21.386+0000] {processor.py:157} INFO - Started process (PID=622) to work on /opt/airflow/dags/utils/helpers.py
[2025-10-28T23:33:21.387+0000] {processor.py:829} INFO - Processing file /opt/airflow/dags/utils/helpers.py for tasks to queue
[2025-10-28T23:33:21.388+0000] {logging_mixin.py:154} INFO - [2025-10-28T23:33:21.388+0000] {dagbag.py:536} INFO - Filling up the DagBag from /opt/airflow/dags/utils/helpers.py
[2025-10-28T23:33:21.395+0000] {processor.py:841} WARNING - No viable dags retrieved from /opt/airflow/dags/utils/helpers.py
[2025-10-28T23:33:21.422+0000] {processor.py:179} INFO - Processing /opt/airflow/dags/utils/helpers.py took 0.044 seconds
[2025-10-28T23:33:52.066+0000] {processor.py:157} INFO - Started process (PID=677) to work on /opt/airflow/dags/utils/helpers.py
[2025-10-28T23:33:52.068+0000] {processor.py:829} INFO - Processing file /opt/airflow/dags/utils/helpers.py for tasks to queue
[2025-10-28T23:33:52.069+0000] {logging_mixin.py:154} INFO - [2025-10-28T23:33:52.068+0000] {dagbag.py:536} INFO - Filling up the DagBag from /opt/airflow/dags/utils/helpers.py
[2025-10-28T23:33:52.076+0000] {processor.py:841} WARNING - No viable dags retrieved from /opt/airflow/dags/utils/helpers.py
[2025-10-28T23:33:52.128+0000] {processor.py:179} INFO - Processing /opt/airflow/dags/utils/helpers.py took 0.070 seconds
[2025-10-28T23:34:22.329+0000] {processor.py:157} INFO - Started process (PID=725) to work on /opt/airflow/dags/utils/helpers.py
[2025-10-28T23:34:22.331+0000] {processor.py:829} INFO - Processing file /opt/airflow/dags/utils/helpers.py for tasks to queue
[2025-10-28T23:34:22.333+0000] {logging_mixin.py:154} INFO - [2025-10-28T23:34:22.332+0000] {dagbag.py:536} INFO - Filling up the DagBag from /opt/airflow/dags/utils/helpers.py
[2025-10-28T23:34:22.342+0000] {processor.py:841} WARNING - No viable dags retrieved from /opt/airflow/dags/utils/helpers.py
[2025-10-28T23:34:22.374+0000] {processor.py:179} INFO - Processing /opt/airflow/dags/utils/helpers.py took 0.057 seconds
[2025-10-28T23:34:53.013+0000] {processor.py:157} INFO - Started process (PID=780) to work on /opt/airflow/dags/utils/helpers.py
[2025-10-28T23:34:53.014+0000] {processor.py:829} INFO - Processing file /opt/airflow/dags/utils/helpers.py for tasks to queue
[2025-10-28T23:34:53.016+0000] {logging_mixin.py:154} INFO - [2025-10-28T23:34:53.015+0000] {dagbag.py:536} INFO - Filling up the DagBag from /opt/airflow/dags/utils/helpers.py
[2025-10-28T23:34:53.020+0000] {processor.py:841} WARNING - No viable dags retrieved from /opt/airflow/dags/utils/helpers.py
[2025-10-28T23:34:53.044+0000] {processor.py:179} INFO - Processing /opt/airflow/dags/utils/helpers.py took 0.039 seconds
[2025-10-28T23:35:23.518+0000] {processor.py:157} INFO - Started process (PID=828) to work on /opt/airflow/dags/utils/helpers.py
[2025-10-28T23:35:23.520+0000] {processor.py:829} INFO - Processing file /opt/airflow/dags/utils/helpers.py for tasks to queue
[2025-10-28T23:35:23.521+0000] {logging_mixin.py:154} INFO - [2025-10-28T23:35:23.521+0000] {dagbag.py:536} INFO - Filling up the DagBag from /opt/airflow/dags/utils/helpers.py
[2025-10-28T23:35:23.529+0000] {processor.py:841} WARNING - No viable dags retrieved from /opt/airflow/dags/utils/helpers.py
[2025-10-28T23:35:23.562+0000] {processor.py:179} INFO - Processing /opt/airflow/dags/utils/helpers.py took 0.051 seconds
[2025-10-28T23:35:54.226+0000] {processor.py:157} INFO - Started process (PID=883) to work on /opt/airflow/dags/utils/helpers.py
[2025-10-28T23:35:54.228+0000] {processor.py:829} INFO - Processing file /opt/airflow/dags/utils/helpers.py for tasks to queue
[2025-10-28T23:35:54.230+0000] {logging_mixin.py:154} INFO - [2025-10-28T23:35:54.228+0000] {dagbag.py:536} INFO - Filling up the DagBag from /opt/airflow/dags/utils/helpers.py
[2025-10-28T23:35:54.245+0000] {processor.py:841} WARNING - No viable dags retrieved from /opt/airflow/dags/utils/helpers.py
[2025-10-28T23:35:54.270+0000] {processor.py:179} INFO - Processing /opt/airflow/dags/utils/helpers.py took 0.058 seconds
[2025-10-28T23:36:24.499+0000] {processor.py:157} INFO - Started process (PID=938) to work on /opt/airflow/dags/utils/helpers.py
[2025-10-28T23:36:24.501+0000] {processor.py:829} INFO - Processing file /opt/airflow/dags/utils/helpers.py for tasks to queue
[2025-10-28T23:36:24.503+0000] {logging_mixin.py:154} INFO - [2025-10-28T23:36:24.502+0000] {dagbag.py:536} INFO - Filling up the DagBag from /opt/airflow/dags/utils/helpers.py
[2025-10-28T23:36:24.511+0000] {processor.py:841} WARNING - No viable dags retrieved from /opt/airflow/dags/utils/helpers.py
[2025-10-28T23:36:24.537+0000] {processor.py:179} INFO - Processing /opt/airflow/dags/utils/helpers.py took 0.049 seconds
[2025-10-28T23:36:54.646+0000] {processor.py:157} INFO - Started process (PID=992) to work on /opt/airflow/dags/utils/helpers.py
[2025-10-28T23:36:54.648+0000] {processor.py:829} INFO - Processing file /opt/airflow/dags/utils/helpers.py for tasks to queue
[2025-10-28T23:36:54.649+0000] {logging_mixin.py:154} INFO - [2025-10-28T23:36:54.648+0000] {dagbag.py:536} INFO - Filling up the DagBag from /opt/airflow/dags/utils/helpers.py
[2025-10-28T23:36:54.651+0000] {processor.py:841} WARNING - No viable dags retrieved from /opt/airflow/dags/utils/helpers.py
[2025-10-28T23:36:54.659+0000] {processor.py:179} INFO - Processing /opt/airflow/dags/utils/helpers.py took 0.016 seconds
[2025-10-28T23:37:25.204+0000] {processor.py:157} INFO - Started process (PID=1043) to work on /opt/airflow/dags/utils/helpers.py
[2025-10-28T23:37:25.207+0000] {processor.py:829} INFO - Processing file /opt/airflow/dags/utils/helpers.py for tasks to queue
[2025-10-28T23:37:25.212+0000] {logging_mixin.py:154} INFO - [2025-10-28T23:37:25.209+0000] {dagbag.py:536} INFO - Filling up the DagBag from /opt/airflow/dags/utils/helpers.py
[2025-10-28T23:37:25.225+0000] {processor.py:841} WARNING - No viable dags retrieved from /opt/airflow/dags/utils/helpers.py
[2025-10-28T23:37:25.270+0000] {processor.py:179} INFO - Processing /opt/airflow/dags/utils/helpers.py took 0.075 seconds
[2025-10-28T23:37:56.173+0000] {processor.py:157} INFO - Started process (PID=1094) to work on /opt/airflow/dags/utils/helpers.py
[2025-10-28T23:37:56.174+0000] {processor.py:829} INFO - Processing file /opt/airflow/dags/utils/helpers.py for tasks to queue
[2025-10-28T23:37:56.176+0000] {logging_mixin.py:154} INFO - [2025-10-28T23:37:56.175+0000] {dagbag.py:536} INFO - Filling up the DagBag from /opt/airflow/dags/utils/helpers.py
[2025-10-28T23:37:56.181+0000] {processor.py:841} WARNING - No viable dags retrieved from /opt/airflow/dags/utils/helpers.py
[2025-10-28T23:37:56.198+0000] {processor.py:179} INFO - Processing /opt/airflow/dags/utils/helpers.py took 0.032 seconds
[2025-10-28T23:38:26.709+0000] {processor.py:157} INFO - Started process (PID=1142) to work on /opt/airflow/dags/utils/helpers.py
[2025-10-28T23:38:26.711+0000] {processor.py:829} INFO - Processing file /opt/airflow/dags/utils/helpers.py for tasks to queue
[2025-10-28T23:38:26.713+0000] {logging_mixin.py:154} INFO - [2025-10-28T23:38:26.712+0000] {dagbag.py:536} INFO - Filling up the DagBag from /opt/airflow/dags/utils/helpers.py
[2025-10-28T23:38:26.722+0000] {processor.py:841} WARNING - No viable dags retrieved from /opt/airflow/dags/utils/helpers.py
[2025-10-28T23:38:26.755+0000] {processor.py:179} INFO - Processing /opt/airflow/dags/utils/helpers.py took 0.058 seconds
[2025-10-28T23:38:57.179+0000] {processor.py:157} INFO - Started process (PID=1197) to work on /opt/airflow/dags/utils/helpers.py
[2025-10-28T23:38:57.182+0000] {processor.py:829} INFO - Processing file /opt/airflow/dags/utils/helpers.py for tasks to queue
[2025-10-28T23:38:57.184+0000] {logging_mixin.py:154} INFO - [2025-10-28T23:38:57.183+0000] {dagbag.py:536} INFO - Filling up the DagBag from /opt/airflow/dags/utils/helpers.py
[2025-10-28T23:38:57.197+0000] {processor.py:841} WARNING - No viable dags retrieved from /opt/airflow/dags/utils/helpers.py
[2025-10-28T23:38:57.220+0000] {processor.py:179} INFO - Processing /opt/airflow/dags/utils/helpers.py took 0.051 seconds
[2025-10-28T23:39:27.442+0000] {processor.py:157} INFO - Started process (PID=1252) to work on /opt/airflow/dags/utils/helpers.py
[2025-10-28T23:39:27.444+0000] {processor.py:829} INFO - Processing file /opt/airflow/dags/utils/helpers.py for tasks to queue
[2025-10-28T23:39:27.446+0000] {logging_mixin.py:154} INFO - [2025-10-28T23:39:27.445+0000] {dagbag.py:536} INFO - Filling up the DagBag from /opt/airflow/dags/utils/helpers.py
[2025-10-28T23:39:27.458+0000] {processor.py:841} WARNING - No viable dags retrieved from /opt/airflow/dags/utils/helpers.py
[2025-10-28T23:39:27.484+0000] {processor.py:179} INFO - Processing /opt/airflow/dags/utils/helpers.py took 0.049 seconds
[2025-10-28T23:39:58.114+0000] {processor.py:157} INFO - Started process (PID=1300) to work on /opt/airflow/dags/utils/helpers.py
[2025-10-28T23:39:58.116+0000] {processor.py:829} INFO - Processing file /opt/airflow/dags/utils/helpers.py for tasks to queue
[2025-10-28T23:39:58.118+0000] {logging_mixin.py:154} INFO - [2025-10-28T23:39:58.118+0000] {dagbag.py:536} INFO - Filling up the DagBag from /opt/airflow/dags/utils/helpers.py
[2025-10-28T23:39:58.125+0000] {processor.py:841} WARNING - No viable dags retrieved from /opt/airflow/dags/utils/helpers.py
[2025-10-28T23:39:58.153+0000] {processor.py:179} INFO - Processing /opt/airflow/dags/utils/helpers.py took 0.050 seconds
[2025-10-28T23:40:28.569+0000] {processor.py:157} INFO - Started process (PID=1355) to work on /opt/airflow/dags/utils/helpers.py
[2025-10-28T23:40:28.571+0000] {processor.py:829} INFO - Processing file /opt/airflow/dags/utils/helpers.py for tasks to queue
[2025-10-28T23:40:28.573+0000] {logging_mixin.py:154} INFO - [2025-10-28T23:40:28.573+0000] {dagbag.py:536} INFO - Filling up the DagBag from /opt/airflow/dags/utils/helpers.py
[2025-10-28T23:40:28.579+0000] {processor.py:841} WARNING - No viable dags retrieved from /opt/airflow/dags/utils/helpers.py
[2025-10-28T23:40:28.596+0000] {processor.py:179} INFO - Processing /opt/airflow/dags/utils/helpers.py took 0.034 seconds
[2025-10-28T23:40:58.934+0000] {processor.py:157} INFO - Started process (PID=1416) to work on /opt/airflow/dags/utils/helpers.py
[2025-10-28T23:40:58.940+0000] {processor.py:829} INFO - Processing file /opt/airflow/dags/utils/helpers.py for tasks to queue
[2025-10-28T23:40:58.943+0000] {logging_mixin.py:154} INFO - [2025-10-28T23:40:58.942+0000] {dagbag.py:536} INFO - Filling up the DagBag from /opt/airflow/dags/utils/helpers.py
[2025-10-28T23:40:58.949+0000] {processor.py:841} WARNING - No viable dags retrieved from /opt/airflow/dags/utils/helpers.py
[2025-10-28T23:40:58.977+0000] {processor.py:179} INFO - Processing /opt/airflow/dags/utils/helpers.py took 0.058 seconds
[2025-10-28T23:41:29.235+0000] {processor.py:157} INFO - Started process (PID=1471) to work on /opt/airflow/dags/utils/helpers.py
[2025-10-28T23:41:29.237+0000] {processor.py:829} INFO - Processing file /opt/airflow/dags/utils/helpers.py for tasks to queue
[2025-10-28T23:41:29.239+0000] {logging_mixin.py:154} INFO - [2025-10-28T23:41:29.238+0000] {dagbag.py:536} INFO - Filling up the DagBag from /opt/airflow/dags/utils/helpers.py
[2025-10-28T23:41:29.249+0000] {processor.py:841} WARNING - No viable dags retrieved from /opt/airflow/dags/utils/helpers.py
[2025-10-28T23:41:29.270+0000] {processor.py:179} INFO - Processing /opt/airflow/dags/utils/helpers.py took 0.041 seconds
[2025-10-28T23:41:59.966+0000] {processor.py:157} INFO - Started process (PID=1526) to work on /opt/airflow/dags/utils/helpers.py
[2025-10-28T23:41:59.970+0000] {processor.py:829} INFO - Processing file /opt/airflow/dags/utils/helpers.py for tasks to queue
[2025-10-28T23:41:59.971+0000] {logging_mixin.py:154} INFO - [2025-10-28T23:41:59.970+0000] {dagbag.py:536} INFO - Filling up the DagBag from /opt/airflow/dags/utils/helpers.py
[2025-10-28T23:41:59.984+0000] {processor.py:841} WARNING - No viable dags retrieved from /opt/airflow/dags/utils/helpers.py
[2025-10-28T23:42:00.002+0000] {processor.py:179} INFO - Processing /opt/airflow/dags/utils/helpers.py took 0.042 seconds
[2025-10-28T23:42:30.665+0000] {processor.py:157} INFO - Started process (PID=1574) to work on /opt/airflow/dags/utils/helpers.py
[2025-10-28T23:42:30.667+0000] {processor.py:829} INFO - Processing file /opt/airflow/dags/utils/helpers.py for tasks to queue
[2025-10-28T23:42:30.670+0000] {logging_mixin.py:154} INFO - [2025-10-28T23:42:30.669+0000] {dagbag.py:536} INFO - Filling up the DagBag from /opt/airflow/dags/utils/helpers.py
[2025-10-28T23:42:30.677+0000] {processor.py:841} WARNING - No viable dags retrieved from /opt/airflow/dags/utils/helpers.py
[2025-10-28T23:42:30.717+0000] {processor.py:179} INFO - Processing /opt/airflow/dags/utils/helpers.py took 0.071 seconds
[2025-10-28T23:42:58.174+0000] {processor.py:157} INFO - Started process (PID=167) to work on /opt/airflow/dags/utils/helpers.py
[2025-10-28T23:42:58.177+0000] {processor.py:829} INFO - Processing file /opt/airflow/dags/utils/helpers.py for tasks to queue
[2025-10-28T23:42:58.180+0000] {logging_mixin.py:154} INFO - [2025-10-28T23:42:58.180+0000] {dagbag.py:536} INFO - Filling up the DagBag from /opt/airflow/dags/utils/helpers.py
[2025-10-28T23:42:58.186+0000] {processor.py:841} WARNING - No viable dags retrieved from /opt/airflow/dags/utils/helpers.py
[2025-10-28T23:42:58.215+0000] {processor.py:179} INFO - Processing /opt/airflow/dags/utils/helpers.py took 0.045 seconds
[2025-10-28T23:43:28.415+0000] {processor.py:157} INFO - Started process (PID=219) to work on /opt/airflow/dags/utils/helpers.py
[2025-10-28T23:43:28.416+0000] {processor.py:829} INFO - Processing file /opt/airflow/dags/utils/helpers.py for tasks to queue
[2025-10-28T23:43:28.417+0000] {logging_mixin.py:154} INFO - [2025-10-28T23:43:28.417+0000] {dagbag.py:536} INFO - Filling up the DagBag from /opt/airflow/dags/utils/helpers.py
[2025-10-28T23:43:28.420+0000] {processor.py:841} WARNING - No viable dags retrieved from /opt/airflow/dags/utils/helpers.py
[2025-10-28T23:43:28.448+0000] {processor.py:179} INFO - Processing /opt/airflow/dags/utils/helpers.py took 0.041 seconds
[2025-10-28T23:43:58.873+0000] {processor.py:157} INFO - Started process (PID=267) to work on /opt/airflow/dags/utils/helpers.py
[2025-10-28T23:43:58.874+0000] {processor.py:829} INFO - Processing file /opt/airflow/dags/utils/helpers.py for tasks to queue
[2025-10-28T23:43:58.875+0000] {logging_mixin.py:154} INFO - [2025-10-28T23:43:58.875+0000] {dagbag.py:536} INFO - Filling up the DagBag from /opt/airflow/dags/utils/helpers.py
[2025-10-28T23:43:58.879+0000] {processor.py:841} WARNING - No viable dags retrieved from /opt/airflow/dags/utils/helpers.py
[2025-10-28T23:43:58.912+0000] {processor.py:179} INFO - Processing /opt/airflow/dags/utils/helpers.py took 0.045 seconds
[2025-10-28T23:44:29.696+0000] {processor.py:157} INFO - Started process (PID=368) to work on /opt/airflow/dags/utils/helpers.py
[2025-10-28T23:44:29.697+0000] {processor.py:829} INFO - Processing file /opt/airflow/dags/utils/helpers.py for tasks to queue
[2025-10-28T23:44:29.698+0000] {logging_mixin.py:154} INFO - [2025-10-28T23:44:29.697+0000] {dagbag.py:536} INFO - Filling up the DagBag from /opt/airflow/dags/utils/helpers.py
[2025-10-28T23:44:29.701+0000] {processor.py:841} WARNING - No viable dags retrieved from /opt/airflow/dags/utils/helpers.py
[2025-10-28T23:44:29.717+0000] {processor.py:179} INFO - Processing /opt/airflow/dags/utils/helpers.py took 0.026 seconds
[2025-10-28T23:45:00.640+0000] {processor.py:157} INFO - Started process (PID=527) to work on /opt/airflow/dags/utils/helpers.py
[2025-10-28T23:45:00.646+0000] {processor.py:829} INFO - Processing file /opt/airflow/dags/utils/helpers.py for tasks to queue
[2025-10-28T23:45:00.651+0000] {logging_mixin.py:154} INFO - [2025-10-28T23:45:00.649+0000] {dagbag.py:536} INFO - Filling up the DagBag from /opt/airflow/dags/utils/helpers.py
[2025-10-28T23:45:00.671+0000] {processor.py:841} WARNING - No viable dags retrieved from /opt/airflow/dags/utils/helpers.py
[2025-10-28T23:45:00.729+0000] {processor.py:179} INFO - Processing /opt/airflow/dags/utils/helpers.py took 0.103 seconds
[2025-10-28T23:45:31.311+0000] {processor.py:157} INFO - Started process (PID=640) to work on /opt/airflow/dags/utils/helpers.py
[2025-10-28T23:45:31.312+0000] {processor.py:829} INFO - Processing file /opt/airflow/dags/utils/helpers.py for tasks to queue
[2025-10-28T23:45:31.314+0000] {logging_mixin.py:154} INFO - [2025-10-28T23:45:31.313+0000] {dagbag.py:536} INFO - Filling up the DagBag from /opt/airflow/dags/utils/helpers.py
[2025-10-28T23:45:31.320+0000] {processor.py:841} WARNING - No viable dags retrieved from /opt/airflow/dags/utils/helpers.py
[2025-10-28T23:45:31.365+0000] {processor.py:179} INFO - Processing /opt/airflow/dags/utils/helpers.py took 0.062 seconds
[2025-10-28T23:46:02.208+0000] {processor.py:157} INFO - Started process (PID=695) to work on /opt/airflow/dags/utils/helpers.py
[2025-10-28T23:46:02.210+0000] {processor.py:829} INFO - Processing file /opt/airflow/dags/utils/helpers.py for tasks to queue
[2025-10-28T23:46:02.211+0000] {logging_mixin.py:154} INFO - [2025-10-28T23:46:02.210+0000] {dagbag.py:536} INFO - Filling up the DagBag from /opt/airflow/dags/utils/helpers.py
[2025-10-28T23:46:02.222+0000] {processor.py:841} WARNING - No viable dags retrieved from /opt/airflow/dags/utils/helpers.py
[2025-10-28T23:46:02.257+0000] {processor.py:179} INFO - Processing /opt/airflow/dags/utils/helpers.py took 0.054 seconds
[2025-10-28T23:46:32.932+0000] {processor.py:157} INFO - Started process (PID=750) to work on /opt/airflow/dags/utils/helpers.py
[2025-10-28T23:46:32.934+0000] {processor.py:829} INFO - Processing file /opt/airflow/dags/utils/helpers.py for tasks to queue
[2025-10-28T23:46:32.937+0000] {logging_mixin.py:154} INFO - [2025-10-28T23:46:32.936+0000] {dagbag.py:536} INFO - Filling up the DagBag from /opt/airflow/dags/utils/helpers.py
[2025-10-28T23:46:32.941+0000] {processor.py:841} WARNING - No viable dags retrieved from /opt/airflow/dags/utils/helpers.py
[2025-10-28T23:46:32.966+0000] {processor.py:179} INFO - Processing /opt/airflow/dags/utils/helpers.py took 0.039 seconds
[2025-10-28T23:47:03.935+0000] {processor.py:157} INFO - Started process (PID=799) to work on /opt/airflow/dags/utils/helpers.py
[2025-10-28T23:47:03.937+0000] {processor.py:829} INFO - Processing file /opt/airflow/dags/utils/helpers.py for tasks to queue
[2025-10-28T23:47:03.939+0000] {logging_mixin.py:154} INFO - [2025-10-28T23:47:03.938+0000] {dagbag.py:536} INFO - Filling up the DagBag from /opt/airflow/dags/utils/helpers.py
[2025-10-28T23:47:03.944+0000] {processor.py:841} WARNING - No viable dags retrieved from /opt/airflow/dags/utils/helpers.py
[2025-10-28T23:47:03.972+0000] {processor.py:179} INFO - Processing /opt/airflow/dags/utils/helpers.py took 0.052 seconds
[2025-10-28T23:47:34.662+0000] {processor.py:157} INFO - Started process (PID=854) to work on /opt/airflow/dags/utils/helpers.py
[2025-10-28T23:47:34.664+0000] {processor.py:829} INFO - Processing file /opt/airflow/dags/utils/helpers.py for tasks to queue
[2025-10-28T23:47:34.665+0000] {logging_mixin.py:154} INFO - [2025-10-28T23:47:34.664+0000] {dagbag.py:536} INFO - Filling up the DagBag from /opt/airflow/dags/utils/helpers.py
[2025-10-28T23:47:34.669+0000] {processor.py:841} WARNING - No viable dags retrieved from /opt/airflow/dags/utils/helpers.py
[2025-10-28T23:47:34.696+0000] {processor.py:179} INFO - Processing /opt/airflow/dags/utils/helpers.py took 0.044 seconds
[2025-10-28T23:48:05.407+0000] {processor.py:157} INFO - Started process (PID=908) to work on /opt/airflow/dags/utils/helpers.py
[2025-10-28T23:48:05.409+0000] {processor.py:829} INFO - Processing file /opt/airflow/dags/utils/helpers.py for tasks to queue
[2025-10-28T23:48:05.414+0000] {logging_mixin.py:154} INFO - [2025-10-28T23:48:05.410+0000] {dagbag.py:536} INFO - Filling up the DagBag from /opt/airflow/dags/utils/helpers.py
[2025-10-28T23:48:05.425+0000] {processor.py:841} WARNING - No viable dags retrieved from /opt/airflow/dags/utils/helpers.py
[2025-10-28T23:48:05.438+0000] {processor.py:179} INFO - Processing /opt/airflow/dags/utils/helpers.py took 0.036 seconds
[2025-10-28T23:48:35.534+0000] {processor.py:157} INFO - Started process (PID=956) to work on /opt/airflow/dags/utils/helpers.py
[2025-10-28T23:48:35.542+0000] {processor.py:829} INFO - Processing file /opt/airflow/dags/utils/helpers.py for tasks to queue
[2025-10-28T23:48:35.543+0000] {logging_mixin.py:154} INFO - [2025-10-28T23:48:35.543+0000] {dagbag.py:536} INFO - Filling up the DagBag from /opt/airflow/dags/utils/helpers.py
[2025-10-28T23:48:35.548+0000] {processor.py:841} WARNING - No viable dags retrieved from /opt/airflow/dags/utils/helpers.py
[2025-10-28T23:48:35.571+0000] {processor.py:179} INFO - Processing /opt/airflow/dags/utils/helpers.py took 0.044 seconds
[2025-10-28T23:49:05.699+0000] {processor.py:157} INFO - Started process (PID=1011) to work on /opt/airflow/dags/utils/helpers.py
[2025-10-28T23:49:05.701+0000] {processor.py:829} INFO - Processing file /opt/airflow/dags/utils/helpers.py for tasks to queue
[2025-10-28T23:49:05.702+0000] {logging_mixin.py:154} INFO - [2025-10-28T23:49:05.702+0000] {dagbag.py:536} INFO - Filling up the DagBag from /opt/airflow/dags/utils/helpers.py
[2025-10-28T23:49:05.707+0000] {processor.py:841} WARNING - No viable dags retrieved from /opt/airflow/dags/utils/helpers.py
[2025-10-28T23:49:05.725+0000] {processor.py:179} INFO - Processing /opt/airflow/dags/utils/helpers.py took 0.033 seconds
[2025-10-28T23:49:36.092+0000] {processor.py:157} INFO - Started process (PID=1066) to work on /opt/airflow/dags/utils/helpers.py
[2025-10-28T23:49:36.093+0000] {processor.py:829} INFO - Processing file /opt/airflow/dags/utils/helpers.py for tasks to queue
[2025-10-28T23:49:36.094+0000] {logging_mixin.py:154} INFO - [2025-10-28T23:49:36.094+0000] {dagbag.py:536} INFO - Filling up the DagBag from /opt/airflow/dags/utils/helpers.py
[2025-10-28T23:49:36.100+0000] {processor.py:841} WARNING - No viable dags retrieved from /opt/airflow/dags/utils/helpers.py
[2025-10-28T23:49:36.125+0000] {processor.py:179} INFO - Processing /opt/airflow/dags/utils/helpers.py took 0.037 seconds
[2025-10-28T23:50:06.502+0000] {processor.py:157} INFO - Started process (PID=1114) to work on /opt/airflow/dags/utils/helpers.py
[2025-10-28T23:50:06.504+0000] {processor.py:829} INFO - Processing file /opt/airflow/dags/utils/helpers.py for tasks to queue
[2025-10-28T23:50:06.505+0000] {logging_mixin.py:154} INFO - [2025-10-28T23:50:06.505+0000] {dagbag.py:536} INFO - Filling up the DagBag from /opt/airflow/dags/utils/helpers.py
[2025-10-28T23:50:06.511+0000] {processor.py:841} WARNING - No viable dags retrieved from /opt/airflow/dags/utils/helpers.py
[2025-10-28T23:50:06.532+0000] {processor.py:179} INFO - Processing /opt/airflow/dags/utils/helpers.py took 0.036 seconds
[2025-10-28T23:50:36.762+0000] {processor.py:157} INFO - Started process (PID=1194) to work on /opt/airflow/dags/utils/helpers.py
[2025-10-28T23:50:36.764+0000] {processor.py:829} INFO - Processing file /opt/airflow/dags/utils/helpers.py for tasks to queue
[2025-10-28T23:50:36.765+0000] {logging_mixin.py:154} INFO - [2025-10-28T23:50:36.765+0000] {dagbag.py:536} INFO - Filling up the DagBag from /opt/airflow/dags/utils/helpers.py
[2025-10-28T23:50:36.770+0000] {processor.py:841} WARNING - No viable dags retrieved from /opt/airflow/dags/utils/helpers.py
[2025-10-28T23:50:36.785+0000] {processor.py:179} INFO - Processing /opt/airflow/dags/utils/helpers.py took 0.033 seconds
[2025-10-28T23:51:06.975+0000] {processor.py:157} INFO - Started process (PID=1280) to work on /opt/airflow/dags/utils/helpers.py
[2025-10-28T23:51:06.977+0000] {processor.py:829} INFO - Processing file /opt/airflow/dags/utils/helpers.py for tasks to queue
[2025-10-28T23:51:06.978+0000] {logging_mixin.py:154} INFO - [2025-10-28T23:51:06.978+0000] {dagbag.py:536} INFO - Filling up the DagBag from /opt/airflow/dags/utils/helpers.py
[2025-10-28T23:51:06.983+0000] {processor.py:841} WARNING - No viable dags retrieved from /opt/airflow/dags/utils/helpers.py
[2025-10-28T23:51:07.005+0000] {processor.py:179} INFO - Processing /opt/airflow/dags/utils/helpers.py took 0.037 seconds
[2025-10-28T23:51:37.724+0000] {processor.py:157} INFO - Started process (PID=1335) to work on /opt/airflow/dags/utils/helpers.py
[2025-10-28T23:51:37.725+0000] {processor.py:829} INFO - Processing file /opt/airflow/dags/utils/helpers.py for tasks to queue
[2025-10-28T23:51:37.726+0000] {logging_mixin.py:154} INFO - [2025-10-28T23:51:37.726+0000] {dagbag.py:536} INFO - Filling up the DagBag from /opt/airflow/dags/utils/helpers.py
[2025-10-28T23:51:37.731+0000] {processor.py:841} WARNING - No viable dags retrieved from /opt/airflow/dags/utils/helpers.py
[2025-10-28T23:51:37.753+0000] {processor.py:179} INFO - Processing /opt/airflow/dags/utils/helpers.py took 0.034 seconds
[2025-10-28T23:52:08.096+0000] {processor.py:157} INFO - Started process (PID=1383) to work on /opt/airflow/dags/utils/helpers.py
[2025-10-28T23:52:08.098+0000] {processor.py:829} INFO - Processing file /opt/airflow/dags/utils/helpers.py for tasks to queue
[2025-10-28T23:52:08.100+0000] {logging_mixin.py:154} INFO - [2025-10-28T23:52:08.099+0000] {dagbag.py:536} INFO - Filling up the DagBag from /opt/airflow/dags/utils/helpers.py
[2025-10-28T23:52:08.110+0000] {processor.py:841} WARNING - No viable dags retrieved from /opt/airflow/dags/utils/helpers.py
[2025-10-28T23:52:08.145+0000] {processor.py:179} INFO - Processing /opt/airflow/dags/utils/helpers.py took 0.055 seconds
[2025-10-28T23:52:38.844+0000] {processor.py:157} INFO - Started process (PID=1438) to work on /opt/airflow/dags/utils/helpers.py
[2025-10-28T23:52:38.846+0000] {processor.py:829} INFO - Processing file /opt/airflow/dags/utils/helpers.py for tasks to queue
[2025-10-28T23:52:38.847+0000] {logging_mixin.py:154} INFO - [2025-10-28T23:52:38.847+0000] {dagbag.py:536} INFO - Filling up the DagBag from /opt/airflow/dags/utils/helpers.py
[2025-10-28T23:52:38.852+0000] {processor.py:841} WARNING - No viable dags retrieved from /opt/airflow/dags/utils/helpers.py
[2025-10-28T23:52:38.879+0000] {processor.py:179} INFO - Processing /opt/airflow/dags/utils/helpers.py took 0.046 seconds
[2025-10-28T23:53:09.137+0000] {processor.py:157} INFO - Started process (PID=1493) to work on /opt/airflow/dags/utils/helpers.py
[2025-10-28T23:53:09.140+0000] {processor.py:829} INFO - Processing file /opt/airflow/dags/utils/helpers.py for tasks to queue
[2025-10-28T23:53:09.141+0000] {logging_mixin.py:154} INFO - [2025-10-28T23:53:09.140+0000] {dagbag.py:536} INFO - Filling up the DagBag from /opt/airflow/dags/utils/helpers.py
[2025-10-28T23:53:09.146+0000] {processor.py:841} WARNING - No viable dags retrieved from /opt/airflow/dags/utils/helpers.py
[2025-10-28T23:53:09.166+0000] {processor.py:179} INFO - Processing /opt/airflow/dags/utils/helpers.py took 0.037 seconds
[2025-10-28T23:53:39.270+0000] {processor.py:157} INFO - Started process (PID=1541) to work on /opt/airflow/dags/utils/helpers.py
[2025-10-28T23:53:39.272+0000] {processor.py:829} INFO - Processing file /opt/airflow/dags/utils/helpers.py for tasks to queue
[2025-10-28T23:53:39.274+0000] {logging_mixin.py:154} INFO - [2025-10-28T23:53:39.273+0000] {dagbag.py:536} INFO - Filling up the DagBag from /opt/airflow/dags/utils/helpers.py
[2025-10-28T23:53:39.279+0000] {processor.py:841} WARNING - No viable dags retrieved from /opt/airflow/dags/utils/helpers.py
[2025-10-28T23:53:39.304+0000] {processor.py:179} INFO - Processing /opt/airflow/dags/utils/helpers.py took 0.048 seconds
[2025-10-28T23:54:10.135+0000] {processor.py:157} INFO - Started process (PID=1596) to work on /opt/airflow/dags/utils/helpers.py
[2025-10-28T23:54:10.139+0000] {processor.py:829} INFO - Processing file /opt/airflow/dags/utils/helpers.py for tasks to queue
[2025-10-28T23:54:10.140+0000] {logging_mixin.py:154} INFO - [2025-10-28T23:54:10.139+0000] {dagbag.py:536} INFO - Filling up the DagBag from /opt/airflow/dags/utils/helpers.py
[2025-10-28T23:54:10.146+0000] {processor.py:841} WARNING - No viable dags retrieved from /opt/airflow/dags/utils/helpers.py
[2025-10-28T23:54:10.182+0000] {processor.py:179} INFO - Processing /opt/airflow/dags/utils/helpers.py took 0.064 seconds
[2025-10-28T23:54:40.920+0000] {processor.py:157} INFO - Started process (PID=1651) to work on /opt/airflow/dags/utils/helpers.py
[2025-10-28T23:54:40.926+0000] {processor.py:829} INFO - Processing file /opt/airflow/dags/utils/helpers.py for tasks to queue
[2025-10-28T23:54:40.929+0000] {logging_mixin.py:154} INFO - [2025-10-28T23:54:40.928+0000] {dagbag.py:536} INFO - Filling up the DagBag from /opt/airflow/dags/utils/helpers.py
[2025-10-28T23:54:40.939+0000] {processor.py:841} WARNING - No viable dags retrieved from /opt/airflow/dags/utils/helpers.py
[2025-10-28T23:54:40.970+0000] {processor.py:179} INFO - Processing /opt/airflow/dags/utils/helpers.py took 0.075 seconds
[2025-10-28T23:55:11.364+0000] {processor.py:157} INFO - Started process (PID=1699) to work on /opt/airflow/dags/utils/helpers.py
[2025-10-28T23:55:11.366+0000] {processor.py:829} INFO - Processing file /opt/airflow/dags/utils/helpers.py for tasks to queue
[2025-10-28T23:55:11.367+0000] {logging_mixin.py:154} INFO - [2025-10-28T23:55:11.366+0000] {dagbag.py:536} INFO - Filling up the DagBag from /opt/airflow/dags/utils/helpers.py
[2025-10-28T23:55:11.369+0000] {processor.py:841} WARNING - No viable dags retrieved from /opt/airflow/dags/utils/helpers.py
[2025-10-28T23:55:11.384+0000] {processor.py:179} INFO - Processing /opt/airflow/dags/utils/helpers.py took 0.023 seconds
[2025-10-28T23:55:41.910+0000] {processor.py:157} INFO - Started process (PID=1745) to work on /opt/airflow/dags/utils/helpers.py
[2025-10-28T23:55:41.912+0000] {processor.py:829} INFO - Processing file /opt/airflow/dags/utils/helpers.py for tasks to queue
[2025-10-28T23:55:41.913+0000] {logging_mixin.py:154} INFO - [2025-10-28T23:55:41.913+0000] {dagbag.py:536} INFO - Filling up the DagBag from /opt/airflow/dags/utils/helpers.py
[2025-10-28T23:55:41.918+0000] {processor.py:841} WARNING - No viable dags retrieved from /opt/airflow/dags/utils/helpers.py
[2025-10-28T23:55:41.948+0000] {processor.py:179} INFO - Processing /opt/airflow/dags/utils/helpers.py took 0.051 seconds
[2025-10-28T23:56:12.531+0000] {processor.py:157} INFO - Started process (PID=1796) to work on /opt/airflow/dags/utils/helpers.py
[2025-10-28T23:56:12.533+0000] {processor.py:829} INFO - Processing file /opt/airflow/dags/utils/helpers.py for tasks to queue
[2025-10-28T23:56:12.534+0000] {logging_mixin.py:154} INFO - [2025-10-28T23:56:12.533+0000] {dagbag.py:536} INFO - Filling up the DagBag from /opt/airflow/dags/utils/helpers.py
[2025-10-28T23:56:12.537+0000] {processor.py:841} WARNING - No viable dags retrieved from /opt/airflow/dags/utils/helpers.py
[2025-10-28T23:56:12.565+0000] {processor.py:179} INFO - Processing /opt/airflow/dags/utils/helpers.py took 0.039 seconds
[2025-10-28T23:56:43.119+0000] {processor.py:157} INFO - Started process (PID=1851) to work on /opt/airflow/dags/utils/helpers.py
[2025-10-28T23:56:43.121+0000] {processor.py:829} INFO - Processing file /opt/airflow/dags/utils/helpers.py for tasks to queue
[2025-10-28T23:56:43.123+0000] {logging_mixin.py:154} INFO - [2025-10-28T23:56:43.122+0000] {dagbag.py:536} INFO - Filling up the DagBag from /opt/airflow/dags/utils/helpers.py
[2025-10-28T23:56:43.127+0000] {processor.py:841} WARNING - No viable dags retrieved from /opt/airflow/dags/utils/helpers.py
[2025-10-28T23:56:43.154+0000] {processor.py:179} INFO - Processing /opt/airflow/dags/utils/helpers.py took 0.048 seconds
[2025-10-28T23:57:13.715+0000] {processor.py:157} INFO - Started process (PID=1899) to work on /opt/airflow/dags/utils/helpers.py
[2025-10-28T23:57:13.717+0000] {processor.py:829} INFO - Processing file /opt/airflow/dags/utils/helpers.py for tasks to queue
[2025-10-28T23:57:13.718+0000] {logging_mixin.py:154} INFO - [2025-10-28T23:57:13.717+0000] {dagbag.py:536} INFO - Filling up the DagBag from /opt/airflow/dags/utils/helpers.py
[2025-10-28T23:57:13.722+0000] {processor.py:841} WARNING - No viable dags retrieved from /opt/airflow/dags/utils/helpers.py
[2025-10-28T23:57:13.744+0000] {processor.py:179} INFO - Processing /opt/airflow/dags/utils/helpers.py took 0.045 seconds
[2025-10-28T23:57:44.226+0000] {processor.py:157} INFO - Started process (PID=1954) to work on /opt/airflow/dags/utils/helpers.py
[2025-10-28T23:57:44.230+0000] {processor.py:829} INFO - Processing file /opt/airflow/dags/utils/helpers.py for tasks to queue
[2025-10-28T23:57:44.231+0000] {logging_mixin.py:154} INFO - [2025-10-28T23:57:44.230+0000] {dagbag.py:536} INFO - Filling up the DagBag from /opt/airflow/dags/utils/helpers.py
[2025-10-28T23:57:44.234+0000] {processor.py:841} WARNING - No viable dags retrieved from /opt/airflow/dags/utils/helpers.py
[2025-10-28T23:57:44.251+0000] {processor.py:179} INFO - Processing /opt/airflow/dags/utils/helpers.py took 0.033 seconds
[2025-10-28T23:58:14.734+0000] {processor.py:157} INFO - Started process (PID=2009) to work on /opt/airflow/dags/utils/helpers.py
[2025-10-28T23:58:14.736+0000] {processor.py:829} INFO - Processing file /opt/airflow/dags/utils/helpers.py for tasks to queue
[2025-10-28T23:58:14.737+0000] {logging_mixin.py:154} INFO - [2025-10-28T23:58:14.736+0000] {dagbag.py:536} INFO - Filling up the DagBag from /opt/airflow/dags/utils/helpers.py
[2025-10-28T23:58:14.741+0000] {processor.py:841} WARNING - No viable dags retrieved from /opt/airflow/dags/utils/helpers.py
[2025-10-28T23:58:14.771+0000] {processor.py:179} INFO - Processing /opt/airflow/dags/utils/helpers.py took 0.047 seconds
[2025-10-28T23:58:45.261+0000] {processor.py:157} INFO - Started process (PID=2057) to work on /opt/airflow/dags/utils/helpers.py
[2025-10-28T23:58:45.265+0000] {processor.py:829} INFO - Processing file /opt/airflow/dags/utils/helpers.py for tasks to queue
[2025-10-28T23:58:45.271+0000] {logging_mixin.py:154} INFO - [2025-10-28T23:58:45.269+0000] {dagbag.py:536} INFO - Filling up the DagBag from /opt/airflow/dags/utils/helpers.py
[2025-10-28T23:58:45.279+0000] {processor.py:841} WARNING - No viable dags retrieved from /opt/airflow/dags/utils/helpers.py
[2025-10-28T23:58:45.304+0000] {processor.py:179} INFO - Processing /opt/airflow/dags/utils/helpers.py took 0.054 seconds
[2025-10-28T23:59:15.795+0000] {processor.py:157} INFO - Started process (PID=2112) to work on /opt/airflow/dags/utils/helpers.py
[2025-10-28T23:59:15.797+0000] {processor.py:829} INFO - Processing file /opt/airflow/dags/utils/helpers.py for tasks to queue
[2025-10-28T23:59:15.800+0000] {logging_mixin.py:154} INFO - [2025-10-28T23:59:15.798+0000] {dagbag.py:536} INFO - Filling up the DagBag from /opt/airflow/dags/utils/helpers.py
[2025-10-28T23:59:15.807+0000] {processor.py:841} WARNING - No viable dags retrieved from /opt/airflow/dags/utils/helpers.py
[2025-10-28T23:59:15.832+0000] {processor.py:179} INFO - Processing /opt/airflow/dags/utils/helpers.py took 0.046 seconds
[2025-10-28T23:59:46.624+0000] {processor.py:157} INFO - Started process (PID=2167) to work on /opt/airflow/dags/utils/helpers.py
[2025-10-28T23:59:46.627+0000] {processor.py:829} INFO - Processing file /opt/airflow/dags/utils/helpers.py for tasks to queue
[2025-10-28T23:59:46.629+0000] {logging_mixin.py:154} INFO - [2025-10-28T23:59:46.629+0000] {dagbag.py:536} INFO - Filling up the DagBag from /opt/airflow/dags/utils/helpers.py
[2025-10-28T23:59:46.636+0000] {processor.py:841} WARNING - No viable dags retrieved from /opt/airflow/dags/utils/helpers.py
[2025-10-28T23:59:46.660+0000] {processor.py:179} INFO - Processing /opt/airflow/dags/utils/helpers.py took 0.046 seconds
