[2025-11-18T00:02:55.812+0000] {processor.py:157} INFO - Started process (PID=179) to work on /opt/airflow/dags/tasks/recsys_data_sync.py
[2025-11-18T00:02:55.813+0000] {processor.py:829} INFO - Processing file /opt/airflow/dags/tasks/recsys_data_sync.py for tasks to queue
[2025-11-18T00:02:55.813+0000] {logging_mixin.py:154} INFO - [2025-11-18T00:02:55.813+0000] {dagbag.py:536} INFO - Filling up the DagBag from /opt/airflow/dags/tasks/recsys_data_sync.py
[2025-11-18T00:02:56.197+0000] {processor.py:841} WARNING - No viable dags retrieved from /opt/airflow/dags/tasks/recsys_data_sync.py
[2025-11-18T00:02:56.208+0000] {processor.py:179} INFO - Processing /opt/airflow/dags/tasks/recsys_data_sync.py took 0.398 seconds
[2025-11-18T00:03:26.403+0000] {processor.py:157} INFO - Started process (PID=253) to work on /opt/airflow/dags/tasks/recsys_data_sync.py
[2025-11-18T00:03:26.404+0000] {processor.py:829} INFO - Processing file /opt/airflow/dags/tasks/recsys_data_sync.py for tasks to queue
[2025-11-18T00:03:26.404+0000] {logging_mixin.py:154} INFO - [2025-11-18T00:03:26.404+0000] {dagbag.py:536} INFO - Filling up the DagBag from /opt/airflow/dags/tasks/recsys_data_sync.py
[2025-11-18T00:03:26.727+0000] {processor.py:841} WARNING - No viable dags retrieved from /opt/airflow/dags/tasks/recsys_data_sync.py
[2025-11-18T00:03:26.736+0000] {processor.py:179} INFO - Processing /opt/airflow/dags/tasks/recsys_data_sync.py took 0.336 seconds
[2025-11-18T00:11:56.990+0000] {processor.py:157} INFO - Started process (PID=179) to work on /opt/airflow/dags/tasks/recsys_data_sync.py
[2025-11-18T00:11:56.991+0000] {processor.py:829} INFO - Processing file /opt/airflow/dags/tasks/recsys_data_sync.py for tasks to queue
[2025-11-18T00:11:56.992+0000] {logging_mixin.py:154} INFO - [2025-11-18T00:11:56.991+0000] {dagbag.py:536} INFO - Filling up the DagBag from /opt/airflow/dags/tasks/recsys_data_sync.py
[2025-11-18T00:11:57.339+0000] {processor.py:841} WARNING - No viable dags retrieved from /opt/airflow/dags/tasks/recsys_data_sync.py
[2025-11-18T00:11:57.348+0000] {processor.py:179} INFO - Processing /opt/airflow/dags/tasks/recsys_data_sync.py took 0.361 seconds
[2025-11-18T00:12:27.480+0000] {processor.py:157} INFO - Started process (PID=239) to work on /opt/airflow/dags/tasks/recsys_data_sync.py
[2025-11-18T00:12:27.481+0000] {processor.py:829} INFO - Processing file /opt/airflow/dags/tasks/recsys_data_sync.py for tasks to queue
[2025-11-18T00:12:27.481+0000] {logging_mixin.py:154} INFO - [2025-11-18T00:12:27.481+0000] {dagbag.py:536} INFO - Filling up the DagBag from /opt/airflow/dags/tasks/recsys_data_sync.py
[2025-11-18T00:12:27.864+0000] {processor.py:841} WARNING - No viable dags retrieved from /opt/airflow/dags/tasks/recsys_data_sync.py
[2025-11-18T00:12:27.873+0000] {processor.py:179} INFO - Processing /opt/airflow/dags/tasks/recsys_data_sync.py took 0.395 seconds
[2025-11-18T00:12:57.939+0000] {processor.py:157} INFO - Started process (PID=304) to work on /opt/airflow/dags/tasks/recsys_data_sync.py
[2025-11-18T00:12:57.940+0000] {processor.py:829} INFO - Processing file /opt/airflow/dags/tasks/recsys_data_sync.py for tasks to queue
[2025-11-18T00:12:57.941+0000] {logging_mixin.py:154} INFO - [2025-11-18T00:12:57.940+0000] {dagbag.py:536} INFO - Filling up the DagBag from /opt/airflow/dags/tasks/recsys_data_sync.py
[2025-11-18T00:12:58.260+0000] {processor.py:841} WARNING - No viable dags retrieved from /opt/airflow/dags/tasks/recsys_data_sync.py
[2025-11-18T00:12:58.268+0000] {processor.py:179} INFO - Processing /opt/airflow/dags/tasks/recsys_data_sync.py took 0.333 seconds
[2025-11-18T00:13:28.317+0000] {processor.py:157} INFO - Started process (PID=369) to work on /opt/airflow/dags/tasks/recsys_data_sync.py
[2025-11-18T00:13:28.319+0000] {processor.py:829} INFO - Processing file /opt/airflow/dags/tasks/recsys_data_sync.py for tasks to queue
[2025-11-18T00:13:28.320+0000] {logging_mixin.py:154} INFO - [2025-11-18T00:13:28.320+0000] {dagbag.py:536} INFO - Filling up the DagBag from /opt/airflow/dags/tasks/recsys_data_sync.py
[2025-11-18T00:13:28.698+0000] {processor.py:841} WARNING - No viable dags retrieved from /opt/airflow/dags/tasks/recsys_data_sync.py
[2025-11-18T00:13:28.707+0000] {processor.py:179} INFO - Processing /opt/airflow/dags/tasks/recsys_data_sync.py took 0.395 seconds
[2025-11-18T00:13:59.062+0000] {processor.py:157} INFO - Started process (PID=489) to work on /opt/airflow/dags/tasks/recsys_data_sync.py
[2025-11-18T00:13:59.062+0000] {processor.py:829} INFO - Processing file /opt/airflow/dags/tasks/recsys_data_sync.py for tasks to queue
[2025-11-18T00:13:59.063+0000] {logging_mixin.py:154} INFO - [2025-11-18T00:13:59.063+0000] {dagbag.py:536} INFO - Filling up the DagBag from /opt/airflow/dags/tasks/recsys_data_sync.py
[2025-11-18T00:13:59.387+0000] {processor.py:841} WARNING - No viable dags retrieved from /opt/airflow/dags/tasks/recsys_data_sync.py
[2025-11-18T00:13:59.397+0000] {processor.py:179} INFO - Processing /opt/airflow/dags/tasks/recsys_data_sync.py took 0.338 seconds
[2025-11-18T00:14:29.441+0000] {processor.py:157} INFO - Started process (PID=649) to work on /opt/airflow/dags/tasks/recsys_data_sync.py
[2025-11-18T00:14:29.442+0000] {processor.py:829} INFO - Processing file /opt/airflow/dags/tasks/recsys_data_sync.py for tasks to queue
[2025-11-18T00:14:29.443+0000] {logging_mixin.py:154} INFO - [2025-11-18T00:14:29.443+0000] {dagbag.py:536} INFO - Filling up the DagBag from /opt/airflow/dags/tasks/recsys_data_sync.py
[2025-11-18T00:14:29.860+0000] {processor.py:841} WARNING - No viable dags retrieved from /opt/airflow/dags/tasks/recsys_data_sync.py
[2025-11-18T00:14:29.873+0000] {processor.py:179} INFO - Processing /opt/airflow/dags/tasks/recsys_data_sync.py took 0.435 seconds
[2025-11-18T00:14:59.949+0000] {processor.py:157} INFO - Started process (PID=826) to work on /opt/airflow/dags/tasks/recsys_data_sync.py
[2025-11-18T00:14:59.950+0000] {processor.py:829} INFO - Processing file /opt/airflow/dags/tasks/recsys_data_sync.py for tasks to queue
[2025-11-18T00:14:59.950+0000] {logging_mixin.py:154} INFO - [2025-11-18T00:14:59.950+0000] {dagbag.py:536} INFO - Filling up the DagBag from /opt/airflow/dags/tasks/recsys_data_sync.py
[2025-11-18T00:15:00.274+0000] {processor.py:841} WARNING - No viable dags retrieved from /opt/airflow/dags/tasks/recsys_data_sync.py
[2025-11-18T00:15:00.283+0000] {processor.py:179} INFO - Processing /opt/airflow/dags/tasks/recsys_data_sync.py took 0.337 seconds
[2025-11-18T00:15:30.477+0000] {processor.py:157} INFO - Started process (PID=891) to work on /opt/airflow/dags/tasks/recsys_data_sync.py
[2025-11-18T00:15:30.477+0000] {processor.py:829} INFO - Processing file /opt/airflow/dags/tasks/recsys_data_sync.py for tasks to queue
[2025-11-18T00:15:30.478+0000] {logging_mixin.py:154} INFO - [2025-11-18T00:15:30.478+0000] {dagbag.py:536} INFO - Filling up the DagBag from /opt/airflow/dags/tasks/recsys_data_sync.py
[2025-11-18T00:15:30.771+0000] {processor.py:841} WARNING - No viable dags retrieved from /opt/airflow/dags/tasks/recsys_data_sync.py
[2025-11-18T00:15:30.779+0000] {processor.py:179} INFO - Processing /opt/airflow/dags/tasks/recsys_data_sync.py took 0.306 seconds
[2025-11-18T00:16:00.884+0000] {processor.py:157} INFO - Started process (PID=949) to work on /opt/airflow/dags/tasks/recsys_data_sync.py
[2025-11-18T00:16:00.885+0000] {processor.py:829} INFO - Processing file /opt/airflow/dags/tasks/recsys_data_sync.py for tasks to queue
[2025-11-18T00:16:00.885+0000] {logging_mixin.py:154} INFO - [2025-11-18T00:16:00.885+0000] {dagbag.py:536} INFO - Filling up the DagBag from /opt/airflow/dags/tasks/recsys_data_sync.py
[2025-11-18T00:16:01.196+0000] {processor.py:841} WARNING - No viable dags retrieved from /opt/airflow/dags/tasks/recsys_data_sync.py
[2025-11-18T00:16:01.205+0000] {processor.py:179} INFO - Processing /opt/airflow/dags/tasks/recsys_data_sync.py took 0.324 seconds
[2025-11-18T00:16:31.243+0000] {processor.py:157} INFO - Started process (PID=1029) to work on /opt/airflow/dags/tasks/recsys_data_sync.py
[2025-11-18T00:16:31.243+0000] {processor.py:829} INFO - Processing file /opt/airflow/dags/tasks/recsys_data_sync.py for tasks to queue
[2025-11-18T00:16:31.244+0000] {logging_mixin.py:154} INFO - [2025-11-18T00:16:31.244+0000] {dagbag.py:536} INFO - Filling up the DagBag from /opt/airflow/dags/tasks/recsys_data_sync.py
[2025-11-18T00:16:31.541+0000] {processor.py:841} WARNING - No viable dags retrieved from /opt/airflow/dags/tasks/recsys_data_sync.py
[2025-11-18T00:16:31.550+0000] {processor.py:179} INFO - Processing /opt/airflow/dags/tasks/recsys_data_sync.py took 0.310 seconds
[2025-11-18T00:17:01.865+0000] {processor.py:157} INFO - Started process (PID=1079) to work on /opt/airflow/dags/tasks/recsys_data_sync.py
[2025-11-18T00:17:01.865+0000] {processor.py:829} INFO - Processing file /opt/airflow/dags/tasks/recsys_data_sync.py for tasks to queue
[2025-11-18T00:17:01.866+0000] {logging_mixin.py:154} INFO - [2025-11-18T00:17:01.866+0000] {dagbag.py:536} INFO - Filling up the DagBag from /opt/airflow/dags/tasks/recsys_data_sync.py
[2025-11-18T00:17:02.164+0000] {processor.py:841} WARNING - No viable dags retrieved from /opt/airflow/dags/tasks/recsys_data_sync.py
[2025-11-18T00:17:02.173+0000] {processor.py:179} INFO - Processing /opt/airflow/dags/tasks/recsys_data_sync.py took 0.310 seconds
[2025-11-18T00:17:32.229+0000] {processor.py:157} INFO - Started process (PID=1150) to work on /opt/airflow/dags/tasks/recsys_data_sync.py
[2025-11-18T00:17:32.229+0000] {processor.py:829} INFO - Processing file /opt/airflow/dags/tasks/recsys_data_sync.py for tasks to queue
[2025-11-18T00:17:32.230+0000] {logging_mixin.py:154} INFO - [2025-11-18T00:17:32.230+0000] {dagbag.py:536} INFO - Filling up the DagBag from /opt/airflow/dags/tasks/recsys_data_sync.py
[2025-11-18T00:17:32.566+0000] {processor.py:841} WARNING - No viable dags retrieved from /opt/airflow/dags/tasks/recsys_data_sync.py
[2025-11-18T00:17:32.576+0000] {processor.py:179} INFO - Processing /opt/airflow/dags/tasks/recsys_data_sync.py took 0.350 seconds
[2025-11-18T00:18:02.632+0000] {processor.py:157} INFO - Started process (PID=1215) to work on /opt/airflow/dags/tasks/recsys_data_sync.py
[2025-11-18T00:18:02.636+0000] {processor.py:829} INFO - Processing file /opt/airflow/dags/tasks/recsys_data_sync.py for tasks to queue
[2025-11-18T00:18:02.637+0000] {logging_mixin.py:154} INFO - [2025-11-18T00:18:02.636+0000] {dagbag.py:536} INFO - Filling up the DagBag from /opt/airflow/dags/tasks/recsys_data_sync.py
[2025-11-18T00:18:02.933+0000] {processor.py:841} WARNING - No viable dags retrieved from /opt/airflow/dags/tasks/recsys_data_sync.py
[2025-11-18T00:18:02.942+0000] {processor.py:179} INFO - Processing /opt/airflow/dags/tasks/recsys_data_sync.py took 0.313 seconds
[2025-11-18T00:18:33.005+0000] {processor.py:157} INFO - Started process (PID=1273) to work on /opt/airflow/dags/tasks/recsys_data_sync.py
[2025-11-18T00:18:33.005+0000] {processor.py:829} INFO - Processing file /opt/airflow/dags/tasks/recsys_data_sync.py for tasks to queue
[2025-11-18T00:18:33.006+0000] {logging_mixin.py:154} INFO - [2025-11-18T00:18:33.006+0000] {dagbag.py:536} INFO - Filling up the DagBag from /opt/airflow/dags/tasks/recsys_data_sync.py
[2025-11-18T00:18:33.310+0000] {processor.py:841} WARNING - No viable dags retrieved from /opt/airflow/dags/tasks/recsys_data_sync.py
[2025-11-18T00:18:33.320+0000] {processor.py:179} INFO - Processing /opt/airflow/dags/tasks/recsys_data_sync.py took 0.318 seconds
[2025-11-18T00:43:15.666+0000] {processor.py:157} INFO - Started process (PID=178) to work on /opt/airflow/dags/tasks/recsys_data_sync.py
[2025-11-18T00:43:15.667+0000] {processor.py:829} INFO - Processing file /opt/airflow/dags/tasks/recsys_data_sync.py for tasks to queue
[2025-11-18T00:43:15.668+0000] {logging_mixin.py:154} INFO - [2025-11-18T00:43:15.667+0000] {dagbag.py:536} INFO - Filling up the DagBag from /opt/airflow/dags/tasks/recsys_data_sync.py
[2025-11-18T00:43:16.040+0000] {processor.py:841} WARNING - No viable dags retrieved from /opt/airflow/dags/tasks/recsys_data_sync.py
[2025-11-18T00:43:16.052+0000] {processor.py:179} INFO - Processing /opt/airflow/dags/tasks/recsys_data_sync.py took 0.388 seconds
[2025-11-18T00:43:45.741+0000] {processor.py:157} INFO - Started process (PID=250) to work on /opt/airflow/dags/tasks/recsys_data_sync.py
[2025-11-18T00:43:45.742+0000] {processor.py:829} INFO - Processing file /opt/airflow/dags/tasks/recsys_data_sync.py for tasks to queue
[2025-11-18T00:43:45.742+0000] {logging_mixin.py:154} INFO - [2025-11-18T00:43:45.742+0000] {dagbag.py:536} INFO - Filling up the DagBag from /opt/airflow/dags/tasks/recsys_data_sync.py
[2025-11-18T00:43:46.150+0000] {processor.py:841} WARNING - No viable dags retrieved from /opt/airflow/dags/tasks/recsys_data_sync.py
[2025-11-18T00:43:46.163+0000] {processor.py:179} INFO - Processing /opt/airflow/dags/tasks/recsys_data_sync.py took 0.425 seconds
[2025-11-18T00:44:16.723+0000] {processor.py:157} INFO - Started process (PID=352) to work on /opt/airflow/dags/tasks/recsys_data_sync.py
[2025-11-18T00:44:16.724+0000] {processor.py:829} INFO - Processing file /opt/airflow/dags/tasks/recsys_data_sync.py for tasks to queue
[2025-11-18T00:44:16.725+0000] {logging_mixin.py:154} INFO - [2025-11-18T00:44:16.725+0000] {dagbag.py:536} INFO - Filling up the DagBag from /opt/airflow/dags/tasks/recsys_data_sync.py
[2025-11-18T00:44:17.160+0000] {processor.py:841} WARNING - No viable dags retrieved from /opt/airflow/dags/tasks/recsys_data_sync.py
[2025-11-18T00:44:17.169+0000] {processor.py:179} INFO - Processing /opt/airflow/dags/tasks/recsys_data_sync.py took 0.451 seconds
[2025-11-18T00:44:47.577+0000] {processor.py:157} INFO - Started process (PID=593) to work on /opt/airflow/dags/tasks/recsys_data_sync.py
[2025-11-18T00:44:47.581+0000] {processor.py:829} INFO - Processing file /opt/airflow/dags/tasks/recsys_data_sync.py for tasks to queue
[2025-11-18T00:44:47.582+0000] {logging_mixin.py:154} INFO - [2025-11-18T00:44:47.582+0000] {dagbag.py:536} INFO - Filling up the DagBag from /opt/airflow/dags/tasks/recsys_data_sync.py
[2025-11-18T00:44:48.073+0000] {processor.py:841} WARNING - No viable dags retrieved from /opt/airflow/dags/tasks/recsys_data_sync.py
[2025-11-18T00:44:48.084+0000] {processor.py:179} INFO - Processing /opt/airflow/dags/tasks/recsys_data_sync.py took 0.510 seconds
[2025-11-18T00:45:18.904+0000] {processor.py:157} INFO - Started process (PID=700) to work on /opt/airflow/dags/tasks/recsys_data_sync.py
[2025-11-18T00:45:18.904+0000] {processor.py:829} INFO - Processing file /opt/airflow/dags/tasks/recsys_data_sync.py for tasks to queue
[2025-11-18T00:45:18.905+0000] {logging_mixin.py:154} INFO - [2025-11-18T00:45:18.905+0000] {dagbag.py:536} INFO - Filling up the DagBag from /opt/airflow/dags/tasks/recsys_data_sync.py
[2025-11-18T00:45:19.272+0000] {processor.py:841} WARNING - No viable dags retrieved from /opt/airflow/dags/tasks/recsys_data_sync.py
[2025-11-18T00:45:19.282+0000] {processor.py:179} INFO - Processing /opt/airflow/dags/tasks/recsys_data_sync.py took 0.381 seconds
[2025-11-18T00:45:49.476+0000] {processor.py:157} INFO - Started process (PID=848) to work on /opt/airflow/dags/tasks/recsys_data_sync.py
[2025-11-18T00:45:49.476+0000] {processor.py:829} INFO - Processing file /opt/airflow/dags/tasks/recsys_data_sync.py for tasks to queue
[2025-11-18T00:45:49.477+0000] {logging_mixin.py:154} INFO - [2025-11-18T00:45:49.477+0000] {dagbag.py:536} INFO - Filling up the DagBag from /opt/airflow/dags/tasks/recsys_data_sync.py
[2025-11-18T00:45:49.812+0000] {processor.py:841} WARNING - No viable dags retrieved from /opt/airflow/dags/tasks/recsys_data_sync.py
[2025-11-18T00:45:49.821+0000] {processor.py:179} INFO - Processing /opt/airflow/dags/tasks/recsys_data_sync.py took 0.349 seconds
[2025-11-18T00:46:20.107+0000] {processor.py:157} INFO - Started process (PID=930) to work on /opt/airflow/dags/tasks/recsys_data_sync.py
[2025-11-18T00:46:20.108+0000] {processor.py:829} INFO - Processing file /opt/airflow/dags/tasks/recsys_data_sync.py for tasks to queue
[2025-11-18T00:46:20.108+0000] {logging_mixin.py:154} INFO - [2025-11-18T00:46:20.108+0000] {dagbag.py:536} INFO - Filling up the DagBag from /opt/airflow/dags/tasks/recsys_data_sync.py
[2025-11-18T00:46:20.432+0000] {processor.py:841} WARNING - No viable dags retrieved from /opt/airflow/dags/tasks/recsys_data_sync.py
[2025-11-18T00:46:20.441+0000] {processor.py:179} INFO - Processing /opt/airflow/dags/tasks/recsys_data_sync.py took 0.336 seconds
[2025-11-18T00:46:50.710+0000] {processor.py:157} INFO - Started process (PID=995) to work on /opt/airflow/dags/tasks/recsys_data_sync.py
[2025-11-18T00:46:50.710+0000] {processor.py:829} INFO - Processing file /opt/airflow/dags/tasks/recsys_data_sync.py for tasks to queue
[2025-11-18T00:46:50.711+0000] {logging_mixin.py:154} INFO - [2025-11-18T00:46:50.710+0000] {dagbag.py:536} INFO - Filling up the DagBag from /opt/airflow/dags/tasks/recsys_data_sync.py
[2025-11-18T00:46:51.028+0000] {processor.py:841} WARNING - No viable dags retrieved from /opt/airflow/dags/tasks/recsys_data_sync.py
[2025-11-18T00:46:51.036+0000] {processor.py:179} INFO - Processing /opt/airflow/dags/tasks/recsys_data_sync.py took 0.329 seconds
[2025-11-18T00:47:21.329+0000] {processor.py:157} INFO - Started process (PID=1061) to work on /opt/airflow/dags/tasks/recsys_data_sync.py
[2025-11-18T00:47:21.330+0000] {processor.py:829} INFO - Processing file /opt/airflow/dags/tasks/recsys_data_sync.py for tasks to queue
[2025-11-18T00:47:21.330+0000] {logging_mixin.py:154} INFO - [2025-11-18T00:47:21.330+0000] {dagbag.py:536} INFO - Filling up the DagBag from /opt/airflow/dags/tasks/recsys_data_sync.py
[2025-11-18T00:47:21.683+0000] {processor.py:841} WARNING - No viable dags retrieved from /opt/airflow/dags/tasks/recsys_data_sync.py
[2025-11-18T00:47:21.692+0000] {processor.py:179} INFO - Processing /opt/airflow/dags/tasks/recsys_data_sync.py took 0.365 seconds
[2025-11-18T00:47:52.057+0000] {processor.py:157} INFO - Started process (PID=1119) to work on /opt/airflow/dags/tasks/recsys_data_sync.py
[2025-11-18T00:47:52.058+0000] {processor.py:829} INFO - Processing file /opt/airflow/dags/tasks/recsys_data_sync.py for tasks to queue
[2025-11-18T00:47:52.058+0000] {logging_mixin.py:154} INFO - [2025-11-18T00:47:52.058+0000] {dagbag.py:536} INFO - Filling up the DagBag from /opt/airflow/dags/tasks/recsys_data_sync.py
[2025-11-18T00:47:52.412+0000] {processor.py:841} WARNING - No viable dags retrieved from /opt/airflow/dags/tasks/recsys_data_sync.py
[2025-11-18T00:47:52.421+0000] {processor.py:179} INFO - Processing /opt/airflow/dags/tasks/recsys_data_sync.py took 0.367 seconds
[2025-11-18T00:48:22.648+0000] {processor.py:157} INFO - Started process (PID=1184) to work on /opt/airflow/dags/tasks/recsys_data_sync.py
[2025-11-18T00:48:22.648+0000] {processor.py:829} INFO - Processing file /opt/airflow/dags/tasks/recsys_data_sync.py for tasks to queue
[2025-11-18T00:48:22.649+0000] {logging_mixin.py:154} INFO - [2025-11-18T00:48:22.649+0000] {dagbag.py:536} INFO - Filling up the DagBag from /opt/airflow/dags/tasks/recsys_data_sync.py
[2025-11-18T00:48:22.977+0000] {processor.py:841} WARNING - No viable dags retrieved from /opt/airflow/dags/tasks/recsys_data_sync.py
[2025-11-18T00:48:22.986+0000] {processor.py:179} INFO - Processing /opt/airflow/dags/tasks/recsys_data_sync.py took 0.341 seconds
[2025-11-18T00:48:53.218+0000] {processor.py:157} INFO - Started process (PID=1249) to work on /opt/airflow/dags/tasks/recsys_data_sync.py
[2025-11-18T00:48:53.219+0000] {processor.py:829} INFO - Processing file /opt/airflow/dags/tasks/recsys_data_sync.py for tasks to queue
[2025-11-18T00:48:53.219+0000] {logging_mixin.py:154} INFO - [2025-11-18T00:48:53.219+0000] {dagbag.py:536} INFO - Filling up the DagBag from /opt/airflow/dags/tasks/recsys_data_sync.py
[2025-11-18T00:48:53.510+0000] {processor.py:841} WARNING - No viable dags retrieved from /opt/airflow/dags/tasks/recsys_data_sync.py
[2025-11-18T00:48:53.519+0000] {processor.py:179} INFO - Processing /opt/airflow/dags/tasks/recsys_data_sync.py took 0.303 seconds
[2025-11-18T00:49:23.833+0000] {processor.py:157} INFO - Started process (PID=1314) to work on /opt/airflow/dags/tasks/recsys_data_sync.py
[2025-11-18T00:49:23.833+0000] {processor.py:829} INFO - Processing file /opt/airflow/dags/tasks/recsys_data_sync.py for tasks to queue
[2025-11-18T00:49:23.834+0000] {logging_mixin.py:154} INFO - [2025-11-18T00:49:23.834+0000] {dagbag.py:536} INFO - Filling up the DagBag from /opt/airflow/dags/tasks/recsys_data_sync.py
[2025-11-18T00:49:24.134+0000] {processor.py:841} WARNING - No viable dags retrieved from /opt/airflow/dags/tasks/recsys_data_sync.py
[2025-11-18T00:49:24.143+0000] {processor.py:179} INFO - Processing /opt/airflow/dags/tasks/recsys_data_sync.py took 0.312 seconds
[2025-11-18T00:49:54.521+0000] {processor.py:157} INFO - Started process (PID=1379) to work on /opt/airflow/dags/tasks/recsys_data_sync.py
[2025-11-18T00:49:54.522+0000] {processor.py:829} INFO - Processing file /opt/airflow/dags/tasks/recsys_data_sync.py for tasks to queue
[2025-11-18T00:49:54.523+0000] {logging_mixin.py:154} INFO - [2025-11-18T00:49:54.522+0000] {dagbag.py:536} INFO - Filling up the DagBag from /opt/airflow/dags/tasks/recsys_data_sync.py
[2025-11-18T00:49:54.852+0000] {processor.py:841} WARNING - No viable dags retrieved from /opt/airflow/dags/tasks/recsys_data_sync.py
[2025-11-18T00:49:54.861+0000] {processor.py:179} INFO - Processing /opt/airflow/dags/tasks/recsys_data_sync.py took 0.343 seconds
[2025-11-18T00:50:25.079+0000] {processor.py:157} INFO - Started process (PID=1437) to work on /opt/airflow/dags/tasks/recsys_data_sync.py
[2025-11-18T00:50:25.079+0000] {processor.py:829} INFO - Processing file /opt/airflow/dags/tasks/recsys_data_sync.py for tasks to queue
[2025-11-18T00:50:25.080+0000] {logging_mixin.py:154} INFO - [2025-11-18T00:50:25.079+0000] {dagbag.py:536} INFO - Filling up the DagBag from /opt/airflow/dags/tasks/recsys_data_sync.py
[2025-11-18T00:50:25.376+0000] {processor.py:841} WARNING - No viable dags retrieved from /opt/airflow/dags/tasks/recsys_data_sync.py
[2025-11-18T00:50:25.386+0000] {processor.py:179} INFO - Processing /opt/airflow/dags/tasks/recsys_data_sync.py took 0.310 seconds
[2025-11-18T00:50:55.993+0000] {processor.py:157} INFO - Started process (PID=1502) to work on /opt/airflow/dags/tasks/recsys_data_sync.py
[2025-11-18T00:50:55.994+0000] {processor.py:829} INFO - Processing file /opt/airflow/dags/tasks/recsys_data_sync.py for tasks to queue
[2025-11-18T00:50:55.995+0000] {logging_mixin.py:154} INFO - [2025-11-18T00:50:55.994+0000] {dagbag.py:536} INFO - Filling up the DagBag from /opt/airflow/dags/tasks/recsys_data_sync.py
[2025-11-18T00:50:56.281+0000] {processor.py:841} WARNING - No viable dags retrieved from /opt/airflow/dags/tasks/recsys_data_sync.py
[2025-11-18T00:50:56.291+0000] {processor.py:179} INFO - Processing /opt/airflow/dags/tasks/recsys_data_sync.py took 0.300 seconds
[2025-11-18T00:51:26.444+0000] {processor.py:157} INFO - Started process (PID=1567) to work on /opt/airflow/dags/tasks/recsys_data_sync.py
[2025-11-18T00:51:26.445+0000] {processor.py:829} INFO - Processing file /opt/airflow/dags/tasks/recsys_data_sync.py for tasks to queue
[2025-11-18T00:51:26.445+0000] {logging_mixin.py:154} INFO - [2025-11-18T00:51:26.445+0000] {dagbag.py:536} INFO - Filling up the DagBag from /opt/airflow/dags/tasks/recsys_data_sync.py
[2025-11-18T00:51:26.781+0000] {processor.py:841} WARNING - No viable dags retrieved from /opt/airflow/dags/tasks/recsys_data_sync.py
[2025-11-18T00:51:26.792+0000] {processor.py:179} INFO - Processing /opt/airflow/dags/tasks/recsys_data_sync.py took 0.351 seconds
[2025-11-18T00:51:57.114+0000] {processor.py:157} INFO - Started process (PID=1632) to work on /opt/airflow/dags/tasks/recsys_data_sync.py
[2025-11-18T00:51:57.114+0000] {processor.py:829} INFO - Processing file /opt/airflow/dags/tasks/recsys_data_sync.py for tasks to queue
[2025-11-18T00:51:57.115+0000] {logging_mixin.py:154} INFO - [2025-11-18T00:51:57.115+0000] {dagbag.py:536} INFO - Filling up the DagBag from /opt/airflow/dags/tasks/recsys_data_sync.py
[2025-11-18T00:51:57.427+0000] {processor.py:841} WARNING - No viable dags retrieved from /opt/airflow/dags/tasks/recsys_data_sync.py
[2025-11-18T00:51:57.435+0000] {processor.py:179} INFO - Processing /opt/airflow/dags/tasks/recsys_data_sync.py took 0.324 seconds
[2025-11-18T00:52:27.753+0000] {processor.py:157} INFO - Started process (PID=1697) to work on /opt/airflow/dags/tasks/recsys_data_sync.py
[2025-11-18T00:52:27.754+0000] {processor.py:829} INFO - Processing file /opt/airflow/dags/tasks/recsys_data_sync.py for tasks to queue
[2025-11-18T00:52:27.754+0000] {logging_mixin.py:154} INFO - [2025-11-18T00:52:27.754+0000] {dagbag.py:536} INFO - Filling up the DagBag from /opt/airflow/dags/tasks/recsys_data_sync.py
[2025-11-18T00:52:28.079+0000] {processor.py:841} WARNING - No viable dags retrieved from /opt/airflow/dags/tasks/recsys_data_sync.py
[2025-11-18T00:52:28.088+0000] {processor.py:179} INFO - Processing /opt/airflow/dags/tasks/recsys_data_sync.py took 0.337 seconds
[2025-11-18T00:52:58.370+0000] {processor.py:157} INFO - Started process (PID=1762) to work on /opt/airflow/dags/tasks/recsys_data_sync.py
[2025-11-18T00:52:58.371+0000] {processor.py:829} INFO - Processing file /opt/airflow/dags/tasks/recsys_data_sync.py for tasks to queue
[2025-11-18T00:52:58.371+0000] {logging_mixin.py:154} INFO - [2025-11-18T00:52:58.371+0000] {dagbag.py:536} INFO - Filling up the DagBag from /opt/airflow/dags/tasks/recsys_data_sync.py
[2025-11-18T00:52:58.681+0000] {processor.py:841} WARNING - No viable dags retrieved from /opt/airflow/dags/tasks/recsys_data_sync.py
[2025-11-18T00:52:58.690+0000] {processor.py:179} INFO - Processing /opt/airflow/dags/tasks/recsys_data_sync.py took 0.322 seconds
[2025-11-18T00:53:29.121+0000] {processor.py:157} INFO - Started process (PID=1820) to work on /opt/airflow/dags/tasks/recsys_data_sync.py
[2025-11-18T00:53:29.121+0000] {processor.py:829} INFO - Processing file /opt/airflow/dags/tasks/recsys_data_sync.py for tasks to queue
[2025-11-18T00:53:29.122+0000] {logging_mixin.py:154} INFO - [2025-11-18T00:53:29.122+0000] {dagbag.py:536} INFO - Filling up the DagBag from /opt/airflow/dags/tasks/recsys_data_sync.py
[2025-11-18T00:53:29.429+0000] {processor.py:841} WARNING - No viable dags retrieved from /opt/airflow/dags/tasks/recsys_data_sync.py
[2025-11-18T00:53:29.437+0000] {processor.py:179} INFO - Processing /opt/airflow/dags/tasks/recsys_data_sync.py took 0.319 seconds
[2025-11-18T00:53:59.806+0000] {processor.py:157} INFO - Started process (PID=1885) to work on /opt/airflow/dags/tasks/recsys_data_sync.py
[2025-11-18T00:53:59.806+0000] {processor.py:829} INFO - Processing file /opt/airflow/dags/tasks/recsys_data_sync.py for tasks to queue
[2025-11-18T00:53:59.807+0000] {logging_mixin.py:154} INFO - [2025-11-18T00:53:59.806+0000] {dagbag.py:536} INFO - Filling up the DagBag from /opt/airflow/dags/tasks/recsys_data_sync.py
[2025-11-18T00:54:00.115+0000] {processor.py:841} WARNING - No viable dags retrieved from /opt/airflow/dags/tasks/recsys_data_sync.py
[2025-11-18T00:54:00.125+0000] {processor.py:179} INFO - Processing /opt/airflow/dags/tasks/recsys_data_sync.py took 0.322 seconds
[2025-11-18T00:54:30.303+0000] {processor.py:157} INFO - Started process (PID=1950) to work on /opt/airflow/dags/tasks/recsys_data_sync.py
[2025-11-18T00:54:30.303+0000] {processor.py:829} INFO - Processing file /opt/airflow/dags/tasks/recsys_data_sync.py for tasks to queue
[2025-11-18T00:54:30.304+0000] {logging_mixin.py:154} INFO - [2025-11-18T00:54:30.303+0000] {dagbag.py:536} INFO - Filling up the DagBag from /opt/airflow/dags/tasks/recsys_data_sync.py
[2025-11-18T00:54:30.592+0000] {processor.py:841} WARNING - No viable dags retrieved from /opt/airflow/dags/tasks/recsys_data_sync.py
[2025-11-18T00:54:30.600+0000] {processor.py:179} INFO - Processing /opt/airflow/dags/tasks/recsys_data_sync.py took 0.300 seconds
[2025-11-18T00:55:00.993+0000] {processor.py:157} INFO - Started process (PID=2015) to work on /opt/airflow/dags/tasks/recsys_data_sync.py
[2025-11-18T00:55:00.994+0000] {processor.py:829} INFO - Processing file /opt/airflow/dags/tasks/recsys_data_sync.py for tasks to queue
[2025-11-18T00:55:00.995+0000] {logging_mixin.py:154} INFO - [2025-11-18T00:55:00.994+0000] {dagbag.py:536} INFO - Filling up the DagBag from /opt/airflow/dags/tasks/recsys_data_sync.py
[2025-11-18T00:55:01.330+0000] {processor.py:841} WARNING - No viable dags retrieved from /opt/airflow/dags/tasks/recsys_data_sync.py
[2025-11-18T00:55:01.341+0000] {processor.py:179} INFO - Processing /opt/airflow/dags/tasks/recsys_data_sync.py took 0.351 seconds
[2025-11-18T00:55:31.640+0000] {processor.py:157} INFO - Started process (PID=2080) to work on /opt/airflow/dags/tasks/recsys_data_sync.py
[2025-11-18T00:55:31.641+0000] {processor.py:829} INFO - Processing file /opt/airflow/dags/tasks/recsys_data_sync.py for tasks to queue
[2025-11-18T00:55:31.642+0000] {logging_mixin.py:154} INFO - [2025-11-18T00:55:31.641+0000] {dagbag.py:536} INFO - Filling up the DagBag from /opt/airflow/dags/tasks/recsys_data_sync.py
[2025-11-18T00:55:31.975+0000] {processor.py:841} WARNING - No viable dags retrieved from /opt/airflow/dags/tasks/recsys_data_sync.py
[2025-11-18T00:55:31.984+0000] {processor.py:179} INFO - Processing /opt/airflow/dags/tasks/recsys_data_sync.py took 0.346 seconds
[2025-11-18T00:56:02.433+0000] {processor.py:157} INFO - Started process (PID=2138) to work on /opt/airflow/dags/tasks/recsys_data_sync.py
[2025-11-18T00:56:02.433+0000] {processor.py:829} INFO - Processing file /opt/airflow/dags/tasks/recsys_data_sync.py for tasks to queue
[2025-11-18T00:56:02.434+0000] {logging_mixin.py:154} INFO - [2025-11-18T00:56:02.434+0000] {dagbag.py:536} INFO - Filling up the DagBag from /opt/airflow/dags/tasks/recsys_data_sync.py
[2025-11-18T00:56:02.836+0000] {processor.py:841} WARNING - No viable dags retrieved from /opt/airflow/dags/tasks/recsys_data_sync.py
[2025-11-18T00:56:02.852+0000] {processor.py:179} INFO - Processing /opt/airflow/dags/tasks/recsys_data_sync.py took 0.423 seconds
[2025-11-18T00:56:33.363+0000] {processor.py:157} INFO - Started process (PID=2203) to work on /opt/airflow/dags/tasks/recsys_data_sync.py
[2025-11-18T00:56:33.364+0000] {processor.py:829} INFO - Processing file /opt/airflow/dags/tasks/recsys_data_sync.py for tasks to queue
[2025-11-18T00:56:33.365+0000] {logging_mixin.py:154} INFO - [2025-11-18T00:56:33.364+0000] {dagbag.py:536} INFO - Filling up the DagBag from /opt/airflow/dags/tasks/recsys_data_sync.py
[2025-11-18T00:56:33.672+0000] {processor.py:841} WARNING - No viable dags retrieved from /opt/airflow/dags/tasks/recsys_data_sync.py
[2025-11-18T00:56:33.683+0000] {processor.py:179} INFO - Processing /opt/airflow/dags/tasks/recsys_data_sync.py took 0.322 seconds
[2025-11-18T00:57:04.196+0000] {processor.py:157} INFO - Started process (PID=2268) to work on /opt/airflow/dags/tasks/recsys_data_sync.py
[2025-11-18T00:57:04.196+0000] {processor.py:829} INFO - Processing file /opt/airflow/dags/tasks/recsys_data_sync.py for tasks to queue
[2025-11-18T00:57:04.197+0000] {logging_mixin.py:154} INFO - [2025-11-18T00:57:04.197+0000] {dagbag.py:536} INFO - Filling up the DagBag from /opt/airflow/dags/tasks/recsys_data_sync.py
[2025-11-18T00:57:04.611+0000] {processor.py:841} WARNING - No viable dags retrieved from /opt/airflow/dags/tasks/recsys_data_sync.py
[2025-11-18T00:57:04.622+0000] {processor.py:179} INFO - Processing /opt/airflow/dags/tasks/recsys_data_sync.py took 0.430 seconds
[2025-11-18T00:57:35.135+0000] {processor.py:157} INFO - Started process (PID=2334) to work on /opt/airflow/dags/tasks/recsys_data_sync.py
[2025-11-18T00:57:35.136+0000] {processor.py:829} INFO - Processing file /opt/airflow/dags/tasks/recsys_data_sync.py for tasks to queue
[2025-11-18T00:57:35.136+0000] {logging_mixin.py:154} INFO - [2025-11-18T00:57:35.136+0000] {dagbag.py:536} INFO - Filling up the DagBag from /opt/airflow/dags/tasks/recsys_data_sync.py
[2025-11-18T00:57:35.454+0000] {processor.py:841} WARNING - No viable dags retrieved from /opt/airflow/dags/tasks/recsys_data_sync.py
[2025-11-18T00:57:35.464+0000] {processor.py:179} INFO - Processing /opt/airflow/dags/tasks/recsys_data_sync.py took 0.331 seconds
[2025-11-18T00:58:06.378+0000] {processor.py:157} INFO - Started process (PID=2400) to work on /opt/airflow/dags/tasks/recsys_data_sync.py
[2025-11-18T00:58:06.378+0000] {processor.py:829} INFO - Processing file /opt/airflow/dags/tasks/recsys_data_sync.py for tasks to queue
[2025-11-18T00:58:06.379+0000] {logging_mixin.py:154} INFO - [2025-11-18T00:58:06.379+0000] {dagbag.py:536} INFO - Filling up the DagBag from /opt/airflow/dags/tasks/recsys_data_sync.py
[2025-11-18T00:58:06.704+0000] {processor.py:841} WARNING - No viable dags retrieved from /opt/airflow/dags/tasks/recsys_data_sync.py
[2025-11-18T00:58:06.714+0000] {processor.py:179} INFO - Processing /opt/airflow/dags/tasks/recsys_data_sync.py took 0.340 seconds
[2025-11-18T00:58:37.009+0000] {processor.py:157} INFO - Started process (PID=2450) to work on /opt/airflow/dags/tasks/recsys_data_sync.py
[2025-11-18T00:58:37.009+0000] {processor.py:829} INFO - Processing file /opt/airflow/dags/tasks/recsys_data_sync.py for tasks to queue
[2025-11-18T00:58:37.010+0000] {logging_mixin.py:154} INFO - [2025-11-18T00:58:37.010+0000] {dagbag.py:536} INFO - Filling up the DagBag from /opt/airflow/dags/tasks/recsys_data_sync.py
[2025-11-18T00:58:37.303+0000] {processor.py:841} WARNING - No viable dags retrieved from /opt/airflow/dags/tasks/recsys_data_sync.py
[2025-11-18T00:58:37.312+0000] {processor.py:179} INFO - Processing /opt/airflow/dags/tasks/recsys_data_sync.py took 0.306 seconds
[2025-11-18T00:59:07.450+0000] {processor.py:157} INFO - Started process (PID=2523) to work on /opt/airflow/dags/tasks/recsys_data_sync.py
[2025-11-18T00:59:07.450+0000] {processor.py:829} INFO - Processing file /opt/airflow/dags/tasks/recsys_data_sync.py for tasks to queue
[2025-11-18T00:59:07.451+0000] {logging_mixin.py:154} INFO - [2025-11-18T00:59:07.450+0000] {dagbag.py:536} INFO - Filling up the DagBag from /opt/airflow/dags/tasks/recsys_data_sync.py
[2025-11-18T00:59:07.764+0000] {processor.py:841} WARNING - No viable dags retrieved from /opt/airflow/dags/tasks/recsys_data_sync.py
[2025-11-18T00:59:07.776+0000] {processor.py:179} INFO - Processing /opt/airflow/dags/tasks/recsys_data_sync.py took 0.329 seconds
[2025-11-18T00:59:37.963+0000] {processor.py:157} INFO - Started process (PID=2588) to work on /opt/airflow/dags/tasks/recsys_data_sync.py
[2025-11-18T00:59:37.963+0000] {processor.py:829} INFO - Processing file /opt/airflow/dags/tasks/recsys_data_sync.py for tasks to queue
[2025-11-18T00:59:37.964+0000] {logging_mixin.py:154} INFO - [2025-11-18T00:59:37.964+0000] {dagbag.py:536} INFO - Filling up the DagBag from /opt/airflow/dags/tasks/recsys_data_sync.py
[2025-11-18T00:59:38.250+0000] {processor.py:841} WARNING - No viable dags retrieved from /opt/airflow/dags/tasks/recsys_data_sync.py
[2025-11-18T00:59:38.259+0000] {processor.py:179} INFO - Processing /opt/airflow/dags/tasks/recsys_data_sync.py took 0.301 seconds
[2025-11-18T01:00:08.814+0000] {processor.py:157} INFO - Started process (PID=2650) to work on /opt/airflow/dags/tasks/recsys_data_sync.py
[2025-11-18T01:00:08.815+0000] {processor.py:829} INFO - Processing file /opt/airflow/dags/tasks/recsys_data_sync.py for tasks to queue
[2025-11-18T01:00:08.815+0000] {logging_mixin.py:154} INFO - [2025-11-18T01:00:08.815+0000] {dagbag.py:536} INFO - Filling up the DagBag from /opt/airflow/dags/tasks/recsys_data_sync.py
[2025-11-18T01:00:09.143+0000] {processor.py:841} WARNING - No viable dags retrieved from /opt/airflow/dags/tasks/recsys_data_sync.py
[2025-11-18T01:00:09.151+0000] {processor.py:179} INFO - Processing /opt/airflow/dags/tasks/recsys_data_sync.py took 0.339 seconds
[2025-11-18T01:00:40.039+0000] {processor.py:157} INFO - Started process (PID=2715) to work on /opt/airflow/dags/tasks/recsys_data_sync.py
[2025-11-18T01:00:40.040+0000] {processor.py:829} INFO - Processing file /opt/airflow/dags/tasks/recsys_data_sync.py for tasks to queue
[2025-11-18T01:00:40.040+0000] {logging_mixin.py:154} INFO - [2025-11-18T01:00:40.040+0000] {dagbag.py:536} INFO - Filling up the DagBag from /opt/airflow/dags/tasks/recsys_data_sync.py
[2025-11-18T01:00:40.424+0000] {processor.py:841} WARNING - No viable dags retrieved from /opt/airflow/dags/tasks/recsys_data_sync.py
[2025-11-18T01:00:40.433+0000] {processor.py:179} INFO - Processing /opt/airflow/dags/tasks/recsys_data_sync.py took 0.397 seconds
[2025-11-18T01:01:11.273+0000] {processor.py:157} INFO - Started process (PID=2780) to work on /opt/airflow/dags/tasks/recsys_data_sync.py
[2025-11-18T01:01:11.274+0000] {processor.py:829} INFO - Processing file /opt/airflow/dags/tasks/recsys_data_sync.py for tasks to queue
[2025-11-18T01:01:11.275+0000] {logging_mixin.py:154} INFO - [2025-11-18T01:01:11.274+0000] {dagbag.py:536} INFO - Filling up the DagBag from /opt/airflow/dags/tasks/recsys_data_sync.py
[2025-11-18T01:01:11.589+0000] {processor.py:841} WARNING - No viable dags retrieved from /opt/airflow/dags/tasks/recsys_data_sync.py
[2025-11-18T01:01:11.598+0000] {processor.py:179} INFO - Processing /opt/airflow/dags/tasks/recsys_data_sync.py took 0.327 seconds
[2025-11-18T01:01:42.473+0000] {processor.py:157} INFO - Started process (PID=2845) to work on /opt/airflow/dags/tasks/recsys_data_sync.py
[2025-11-18T01:01:42.473+0000] {processor.py:829} INFO - Processing file /opt/airflow/dags/tasks/recsys_data_sync.py for tasks to queue
[2025-11-18T01:01:42.474+0000] {logging_mixin.py:154} INFO - [2025-11-18T01:01:42.474+0000] {dagbag.py:536} INFO - Filling up the DagBag from /opt/airflow/dags/tasks/recsys_data_sync.py
[2025-11-18T01:01:42.792+0000] {processor.py:841} WARNING - No viable dags retrieved from /opt/airflow/dags/tasks/recsys_data_sync.py
[2025-11-18T01:01:42.801+0000] {processor.py:179} INFO - Processing /opt/airflow/dags/tasks/recsys_data_sync.py took 0.331 seconds
[2025-11-18T01:02:13.631+0000] {processor.py:157} INFO - Started process (PID=2903) to work on /opt/airflow/dags/tasks/recsys_data_sync.py
[2025-11-18T01:02:13.632+0000] {processor.py:829} INFO - Processing file /opt/airflow/dags/tasks/recsys_data_sync.py for tasks to queue
[2025-11-18T01:02:13.632+0000] {logging_mixin.py:154} INFO - [2025-11-18T01:02:13.632+0000] {dagbag.py:536} INFO - Filling up the DagBag from /opt/airflow/dags/tasks/recsys_data_sync.py
[2025-11-18T01:02:13.929+0000] {processor.py:841} WARNING - No viable dags retrieved from /opt/airflow/dags/tasks/recsys_data_sync.py
[2025-11-18T01:02:13.936+0000] {processor.py:179} INFO - Processing /opt/airflow/dags/tasks/recsys_data_sync.py took 0.308 seconds
[2025-11-18T01:02:44.805+0000] {processor.py:157} INFO - Started process (PID=2968) to work on /opt/airflow/dags/tasks/recsys_data_sync.py
[2025-11-18T01:02:44.805+0000] {processor.py:829} INFO - Processing file /opt/airflow/dags/tasks/recsys_data_sync.py for tasks to queue
[2025-11-18T01:02:44.806+0000] {logging_mixin.py:154} INFO - [2025-11-18T01:02:44.805+0000] {dagbag.py:536} INFO - Filling up the DagBag from /opt/airflow/dags/tasks/recsys_data_sync.py
[2025-11-18T01:02:45.132+0000] {processor.py:841} WARNING - No viable dags retrieved from /opt/airflow/dags/tasks/recsys_data_sync.py
[2025-11-18T01:02:45.140+0000] {processor.py:179} INFO - Processing /opt/airflow/dags/tasks/recsys_data_sync.py took 0.338 seconds
[2025-11-18T01:03:16.002+0000] {processor.py:157} INFO - Started process (PID=3033) to work on /opt/airflow/dags/tasks/recsys_data_sync.py
[2025-11-18T01:03:16.002+0000] {processor.py:829} INFO - Processing file /opt/airflow/dags/tasks/recsys_data_sync.py for tasks to queue
[2025-11-18T01:03:16.003+0000] {logging_mixin.py:154} INFO - [2025-11-18T01:03:16.003+0000] {dagbag.py:536} INFO - Filling up the DagBag from /opt/airflow/dags/tasks/recsys_data_sync.py
[2025-11-18T01:03:16.350+0000] {processor.py:841} WARNING - No viable dags retrieved from /opt/airflow/dags/tasks/recsys_data_sync.py
[2025-11-18T01:03:16.359+0000] {processor.py:179} INFO - Processing /opt/airflow/dags/tasks/recsys_data_sync.py took 0.359 seconds
[2025-11-18T01:03:47.232+0000] {processor.py:157} INFO - Started process (PID=3098) to work on /opt/airflow/dags/tasks/recsys_data_sync.py
[2025-11-18T01:03:47.232+0000] {processor.py:829} INFO - Processing file /opt/airflow/dags/tasks/recsys_data_sync.py for tasks to queue
[2025-11-18T01:03:47.233+0000] {logging_mixin.py:154} INFO - [2025-11-18T01:03:47.232+0000] {dagbag.py:536} INFO - Filling up the DagBag from /opt/airflow/dags/tasks/recsys_data_sync.py
[2025-11-18T01:03:47.531+0000] {processor.py:841} WARNING - No viable dags retrieved from /opt/airflow/dags/tasks/recsys_data_sync.py
[2025-11-18T01:03:47.541+0000] {processor.py:179} INFO - Processing /opt/airflow/dags/tasks/recsys_data_sync.py took 0.312 seconds
[2025-11-18T01:04:18.024+0000] {processor.py:157} INFO - Started process (PID=3163) to work on /opt/airflow/dags/tasks/recsys_data_sync.py
[2025-11-18T01:04:18.024+0000] {processor.py:829} INFO - Processing file /opt/airflow/dags/tasks/recsys_data_sync.py for tasks to queue
[2025-11-18T01:04:18.025+0000] {logging_mixin.py:154} INFO - [2025-11-18T01:04:18.025+0000] {dagbag.py:536} INFO - Filling up the DagBag from /opt/airflow/dags/tasks/recsys_data_sync.py
[2025-11-18T01:04:18.349+0000] {processor.py:841} WARNING - No viable dags retrieved from /opt/airflow/dags/tasks/recsys_data_sync.py
[2025-11-18T01:04:18.359+0000] {processor.py:179} INFO - Processing /opt/airflow/dags/tasks/recsys_data_sync.py took 0.337 seconds
[2025-11-18T01:04:49.239+0000] {processor.py:157} INFO - Started process (PID=3228) to work on /opt/airflow/dags/tasks/recsys_data_sync.py
[2025-11-18T01:04:49.240+0000] {processor.py:829} INFO - Processing file /opt/airflow/dags/tasks/recsys_data_sync.py for tasks to queue
[2025-11-18T01:04:49.240+0000] {logging_mixin.py:154} INFO - [2025-11-18T01:04:49.240+0000] {dagbag.py:536} INFO - Filling up the DagBag from /opt/airflow/dags/tasks/recsys_data_sync.py
[2025-11-18T01:04:49.559+0000] {processor.py:841} WARNING - No viable dags retrieved from /opt/airflow/dags/tasks/recsys_data_sync.py
[2025-11-18T01:04:49.567+0000] {processor.py:179} INFO - Processing /opt/airflow/dags/tasks/recsys_data_sync.py took 0.331 seconds
[2025-11-18T01:05:20.385+0000] {processor.py:157} INFO - Started process (PID=3293) to work on /opt/airflow/dags/tasks/recsys_data_sync.py
[2025-11-18T01:05:20.386+0000] {processor.py:829} INFO - Processing file /opt/airflow/dags/tasks/recsys_data_sync.py for tasks to queue
[2025-11-18T01:05:20.386+0000] {logging_mixin.py:154} INFO - [2025-11-18T01:05:20.386+0000] {dagbag.py:536} INFO - Filling up the DagBag from /opt/airflow/dags/tasks/recsys_data_sync.py
[2025-11-18T01:05:20.686+0000] {processor.py:841} WARNING - No viable dags retrieved from /opt/airflow/dags/tasks/recsys_data_sync.py
[2025-11-18T01:05:20.694+0000] {processor.py:179} INFO - Processing /opt/airflow/dags/tasks/recsys_data_sync.py took 0.311 seconds
[2025-11-18T01:05:51.542+0000] {processor.py:157} INFO - Started process (PID=3358) to work on /opt/airflow/dags/tasks/recsys_data_sync.py
[2025-11-18T01:05:51.543+0000] {processor.py:829} INFO - Processing file /opt/airflow/dags/tasks/recsys_data_sync.py for tasks to queue
[2025-11-18T01:05:51.543+0000] {logging_mixin.py:154} INFO - [2025-11-18T01:05:51.543+0000] {dagbag.py:536} INFO - Filling up the DagBag from /opt/airflow/dags/tasks/recsys_data_sync.py
[2025-11-18T01:05:51.854+0000] {processor.py:841} WARNING - No viable dags retrieved from /opt/airflow/dags/tasks/recsys_data_sync.py
[2025-11-18T01:05:51.863+0000] {processor.py:179} INFO - Processing /opt/airflow/dags/tasks/recsys_data_sync.py took 0.322 seconds
[2025-11-18T01:06:22.733+0000] {processor.py:157} INFO - Started process (PID=3416) to work on /opt/airflow/dags/tasks/recsys_data_sync.py
[2025-11-18T01:06:22.733+0000] {processor.py:829} INFO - Processing file /opt/airflow/dags/tasks/recsys_data_sync.py for tasks to queue
[2025-11-18T01:06:22.734+0000] {logging_mixin.py:154} INFO - [2025-11-18T01:06:22.734+0000] {dagbag.py:536} INFO - Filling up the DagBag from /opt/airflow/dags/tasks/recsys_data_sync.py
[2025-11-18T01:06:23.044+0000] {processor.py:841} WARNING - No viable dags retrieved from /opt/airflow/dags/tasks/recsys_data_sync.py
[2025-11-18T01:06:23.052+0000] {processor.py:179} INFO - Processing /opt/airflow/dags/tasks/recsys_data_sync.py took 0.322 seconds
[2025-11-18T01:06:53.904+0000] {processor.py:157} INFO - Started process (PID=3482) to work on /opt/airflow/dags/tasks/recsys_data_sync.py
[2025-11-18T01:06:53.904+0000] {processor.py:829} INFO - Processing file /opt/airflow/dags/tasks/recsys_data_sync.py for tasks to queue
[2025-11-18T01:06:53.905+0000] {logging_mixin.py:154} INFO - [2025-11-18T01:06:53.905+0000] {dagbag.py:536} INFO - Filling up the DagBag from /opt/airflow/dags/tasks/recsys_data_sync.py
[2025-11-18T01:06:54.283+0000] {processor.py:841} WARNING - No viable dags retrieved from /opt/airflow/dags/tasks/recsys_data_sync.py
[2025-11-18T01:06:54.291+0000] {processor.py:179} INFO - Processing /opt/airflow/dags/tasks/recsys_data_sync.py took 0.390 seconds
[2025-11-18T01:07:24.719+0000] {processor.py:157} INFO - Started process (PID=3547) to work on /opt/airflow/dags/tasks/recsys_data_sync.py
[2025-11-18T01:07:24.719+0000] {processor.py:829} INFO - Processing file /opt/airflow/dags/tasks/recsys_data_sync.py for tasks to queue
[2025-11-18T01:07:24.720+0000] {logging_mixin.py:154} INFO - [2025-11-18T01:07:24.720+0000] {dagbag.py:536} INFO - Filling up the DagBag from /opt/airflow/dags/tasks/recsys_data_sync.py
[2025-11-18T01:07:25.018+0000] {processor.py:841} WARNING - No viable dags retrieved from /opt/airflow/dags/tasks/recsys_data_sync.py
[2025-11-18T01:07:25.026+0000] {processor.py:179} INFO - Processing /opt/airflow/dags/tasks/recsys_data_sync.py took 0.309 seconds
[2025-11-18T01:07:55.839+0000] {processor.py:157} INFO - Started process (PID=3612) to work on /opt/airflow/dags/tasks/recsys_data_sync.py
[2025-11-18T01:07:55.839+0000] {processor.py:829} INFO - Processing file /opt/airflow/dags/tasks/recsys_data_sync.py for tasks to queue
[2025-11-18T01:07:55.840+0000] {logging_mixin.py:154} INFO - [2025-11-18T01:07:55.840+0000] {dagbag.py:536} INFO - Filling up the DagBag from /opt/airflow/dags/tasks/recsys_data_sync.py
[2025-11-18T01:07:56.132+0000] {processor.py:841} WARNING - No viable dags retrieved from /opt/airflow/dags/tasks/recsys_data_sync.py
[2025-11-18T01:07:56.140+0000] {processor.py:179} INFO - Processing /opt/airflow/dags/tasks/recsys_data_sync.py took 0.304 seconds
[2025-11-18T01:08:26.356+0000] {processor.py:157} INFO - Started process (PID=3677) to work on /opt/airflow/dags/tasks/recsys_data_sync.py
[2025-11-18T01:08:26.356+0000] {processor.py:829} INFO - Processing file /opt/airflow/dags/tasks/recsys_data_sync.py for tasks to queue
[2025-11-18T01:08:26.357+0000] {logging_mixin.py:154} INFO - [2025-11-18T01:08:26.356+0000] {dagbag.py:536} INFO - Filling up the DagBag from /opt/airflow/dags/tasks/recsys_data_sync.py
[2025-11-18T01:08:26.671+0000] {processor.py:841} WARNING - No viable dags retrieved from /opt/airflow/dags/tasks/recsys_data_sync.py
[2025-11-18T01:08:26.680+0000] {processor.py:179} INFO - Processing /opt/airflow/dags/tasks/recsys_data_sync.py took 0.327 seconds
[2025-11-18T01:08:56.897+0000] {processor.py:157} INFO - Started process (PID=3735) to work on /opt/airflow/dags/tasks/recsys_data_sync.py
[2025-11-18T01:08:56.898+0000] {processor.py:829} INFO - Processing file /opt/airflow/dags/tasks/recsys_data_sync.py for tasks to queue
[2025-11-18T01:08:56.898+0000] {logging_mixin.py:154} INFO - [2025-11-18T01:08:56.898+0000] {dagbag.py:536} INFO - Filling up the DagBag from /opt/airflow/dags/tasks/recsys_data_sync.py
[2025-11-18T01:08:57.190+0000] {processor.py:841} WARNING - No viable dags retrieved from /opt/airflow/dags/tasks/recsys_data_sync.py
[2025-11-18T01:08:57.199+0000] {processor.py:179} INFO - Processing /opt/airflow/dags/tasks/recsys_data_sync.py took 0.305 seconds
[2025-11-18T01:09:27.258+0000] {processor.py:157} INFO - Started process (PID=3800) to work on /opt/airflow/dags/tasks/recsys_data_sync.py
[2025-11-18T01:09:27.258+0000] {processor.py:829} INFO - Processing file /opt/airflow/dags/tasks/recsys_data_sync.py for tasks to queue
[2025-11-18T01:09:27.259+0000] {logging_mixin.py:154} INFO - [2025-11-18T01:09:27.258+0000] {dagbag.py:536} INFO - Filling up the DagBag from /opt/airflow/dags/tasks/recsys_data_sync.py
[2025-11-18T01:09:27.672+0000] {processor.py:841} WARNING - No viable dags retrieved from /opt/airflow/dags/tasks/recsys_data_sync.py
[2025-11-18T01:09:27.684+0000] {processor.py:179} INFO - Processing /opt/airflow/dags/tasks/recsys_data_sync.py took 0.429 seconds
[2025-11-18T01:09:57.904+0000] {processor.py:157} INFO - Started process (PID=3865) to work on /opt/airflow/dags/tasks/recsys_data_sync.py
[2025-11-18T01:09:57.905+0000] {processor.py:829} INFO - Processing file /opt/airflow/dags/tasks/recsys_data_sync.py for tasks to queue
[2025-11-18T01:09:57.905+0000] {logging_mixin.py:154} INFO - [2025-11-18T01:09:57.905+0000] {dagbag.py:536} INFO - Filling up the DagBag from /opt/airflow/dags/tasks/recsys_data_sync.py
[2025-11-18T01:09:58.246+0000] {processor.py:841} WARNING - No viable dags retrieved from /opt/airflow/dags/tasks/recsys_data_sync.py
[2025-11-18T01:09:58.255+0000] {processor.py:179} INFO - Processing /opt/airflow/dags/tasks/recsys_data_sync.py took 0.354 seconds
[2025-11-18T01:10:28.465+0000] {processor.py:157} INFO - Started process (PID=3930) to work on /opt/airflow/dags/tasks/recsys_data_sync.py
[2025-11-18T01:10:28.466+0000] {processor.py:829} INFO - Processing file /opt/airflow/dags/tasks/recsys_data_sync.py for tasks to queue
[2025-11-18T01:10:28.466+0000] {logging_mixin.py:154} INFO - [2025-11-18T01:10:28.466+0000] {dagbag.py:536} INFO - Filling up the DagBag from /opt/airflow/dags/tasks/recsys_data_sync.py
[2025-11-18T01:10:28.770+0000] {processor.py:841} WARNING - No viable dags retrieved from /opt/airflow/dags/tasks/recsys_data_sync.py
[2025-11-18T01:10:28.778+0000] {processor.py:179} INFO - Processing /opt/airflow/dags/tasks/recsys_data_sync.py took 0.315 seconds
[2025-11-18T01:10:58.911+0000] {processor.py:157} INFO - Started process (PID=3996) to work on /opt/airflow/dags/tasks/recsys_data_sync.py
[2025-11-18T01:10:58.911+0000] {processor.py:829} INFO - Processing file /opt/airflow/dags/tasks/recsys_data_sync.py for tasks to queue
[2025-11-18T01:10:58.912+0000] {logging_mixin.py:154} INFO - [2025-11-18T01:10:58.911+0000] {dagbag.py:536} INFO - Filling up the DagBag from /opt/airflow/dags/tasks/recsys_data_sync.py
[2025-11-18T01:10:59.222+0000] {processor.py:841} WARNING - No viable dags retrieved from /opt/airflow/dags/tasks/recsys_data_sync.py
[2025-11-18T01:10:59.231+0000] {processor.py:179} INFO - Processing /opt/airflow/dags/tasks/recsys_data_sync.py took 0.323 seconds
[2025-11-18T01:11:29.461+0000] {processor.py:157} INFO - Started process (PID=4054) to work on /opt/airflow/dags/tasks/recsys_data_sync.py
[2025-11-18T01:11:29.461+0000] {processor.py:829} INFO - Processing file /opt/airflow/dags/tasks/recsys_data_sync.py for tasks to queue
[2025-11-18T01:11:29.462+0000] {logging_mixin.py:154} INFO - [2025-11-18T01:11:29.462+0000] {dagbag.py:536} INFO - Filling up the DagBag from /opt/airflow/dags/tasks/recsys_data_sync.py
[2025-11-18T01:11:29.780+0000] {processor.py:841} WARNING - No viable dags retrieved from /opt/airflow/dags/tasks/recsys_data_sync.py
[2025-11-18T01:11:29.789+0000] {processor.py:179} INFO - Processing /opt/airflow/dags/tasks/recsys_data_sync.py took 0.331 seconds
[2025-11-18T01:11:59.866+0000] {processor.py:157} INFO - Started process (PID=4119) to work on /opt/airflow/dags/tasks/recsys_data_sync.py
[2025-11-18T01:11:59.867+0000] {processor.py:829} INFO - Processing file /opt/airflow/dags/tasks/recsys_data_sync.py for tasks to queue
[2025-11-18T01:11:59.867+0000] {logging_mixin.py:154} INFO - [2025-11-18T01:11:59.867+0000] {dagbag.py:536} INFO - Filling up the DagBag from /opt/airflow/dags/tasks/recsys_data_sync.py
[2025-11-18T01:12:00.175+0000] {processor.py:841} WARNING - No viable dags retrieved from /opt/airflow/dags/tasks/recsys_data_sync.py
[2025-11-18T01:12:00.185+0000] {processor.py:179} INFO - Processing /opt/airflow/dags/tasks/recsys_data_sync.py took 0.322 seconds
[2025-11-18T01:12:30.502+0000] {processor.py:157} INFO - Started process (PID=4184) to work on /opt/airflow/dags/tasks/recsys_data_sync.py
[2025-11-18T01:12:30.502+0000] {processor.py:829} INFO - Processing file /opt/airflow/dags/tasks/recsys_data_sync.py for tasks to queue
[2025-11-18T01:12:30.503+0000] {logging_mixin.py:154} INFO - [2025-11-18T01:12:30.503+0000] {dagbag.py:536} INFO - Filling up the DagBag from /opt/airflow/dags/tasks/recsys_data_sync.py
[2025-11-18T01:12:30.817+0000] {processor.py:841} WARNING - No viable dags retrieved from /opt/airflow/dags/tasks/recsys_data_sync.py
[2025-11-18T01:12:30.827+0000] {processor.py:179} INFO - Processing /opt/airflow/dags/tasks/recsys_data_sync.py took 0.328 seconds
[2025-11-18T01:13:01.201+0000] {processor.py:157} INFO - Started process (PID=4249) to work on /opt/airflow/dags/tasks/recsys_data_sync.py
[2025-11-18T01:13:01.201+0000] {processor.py:829} INFO - Processing file /opt/airflow/dags/tasks/recsys_data_sync.py for tasks to queue
[2025-11-18T01:13:01.202+0000] {logging_mixin.py:154} INFO - [2025-11-18T01:13:01.201+0000] {dagbag.py:536} INFO - Filling up the DagBag from /opt/airflow/dags/tasks/recsys_data_sync.py
[2025-11-18T01:13:01.516+0000] {processor.py:841} WARNING - No viable dags retrieved from /opt/airflow/dags/tasks/recsys_data_sync.py
[2025-11-18T01:13:01.525+0000] {processor.py:179} INFO - Processing /opt/airflow/dags/tasks/recsys_data_sync.py took 0.327 seconds
[2025-11-18T01:13:31.824+0000] {processor.py:157} INFO - Started process (PID=4314) to work on /opt/airflow/dags/tasks/recsys_data_sync.py
[2025-11-18T01:13:31.825+0000] {processor.py:829} INFO - Processing file /opt/airflow/dags/tasks/recsys_data_sync.py for tasks to queue
[2025-11-18T01:13:31.826+0000] {logging_mixin.py:154} INFO - [2025-11-18T01:13:31.825+0000] {dagbag.py:536} INFO - Filling up the DagBag from /opt/airflow/dags/tasks/recsys_data_sync.py
[2025-11-18T01:13:32.226+0000] {processor.py:841} WARNING - No viable dags retrieved from /opt/airflow/dags/tasks/recsys_data_sync.py
[2025-11-18T01:13:32.234+0000] {processor.py:179} INFO - Processing /opt/airflow/dags/tasks/recsys_data_sync.py took 0.414 seconds
[2025-11-18T01:14:03.452+0000] {processor.py:157} INFO - Started process (PID=4373) to work on /opt/airflow/dags/tasks/recsys_data_sync.py
[2025-11-18T01:14:03.453+0000] {processor.py:829} INFO - Processing file /opt/airflow/dags/tasks/recsys_data_sync.py for tasks to queue
[2025-11-18T01:14:03.453+0000] {logging_mixin.py:154} INFO - [2025-11-18T01:14:03.453+0000] {dagbag.py:536} INFO - Filling up the DagBag from /opt/airflow/dags/tasks/recsys_data_sync.py
[2025-11-18T01:14:03.827+0000] {processor.py:841} WARNING - No viable dags retrieved from /opt/airflow/dags/tasks/recsys_data_sync.py
[2025-11-18T01:14:03.836+0000] {processor.py:179} INFO - Processing /opt/airflow/dags/tasks/recsys_data_sync.py took 0.387 seconds
[2025-11-18T01:14:33.985+0000] {processor.py:157} INFO - Started process (PID=4426) to work on /opt/airflow/dags/tasks/recsys_data_sync.py
[2025-11-18T01:14:33.985+0000] {processor.py:829} INFO - Processing file /opt/airflow/dags/tasks/recsys_data_sync.py for tasks to queue
[2025-11-18T01:14:33.986+0000] {logging_mixin.py:154} INFO - [2025-11-18T01:14:33.985+0000] {dagbag.py:536} INFO - Filling up the DagBag from /opt/airflow/dags/tasks/recsys_data_sync.py
[2025-11-18T01:14:34.303+0000] {processor.py:841} WARNING - No viable dags retrieved from /opt/airflow/dags/tasks/recsys_data_sync.py
[2025-11-18T01:14:34.312+0000] {processor.py:179} INFO - Processing /opt/airflow/dags/tasks/recsys_data_sync.py took 0.331 seconds
[2025-11-18T01:15:04.577+0000] {processor.py:157} INFO - Started process (PID=4488) to work on /opt/airflow/dags/tasks/recsys_data_sync.py
[2025-11-18T01:15:04.578+0000] {processor.py:829} INFO - Processing file /opt/airflow/dags/tasks/recsys_data_sync.py for tasks to queue
[2025-11-18T01:15:04.578+0000] {logging_mixin.py:154} INFO - [2025-11-18T01:15:04.578+0000] {dagbag.py:536} INFO - Filling up the DagBag from /opt/airflow/dags/tasks/recsys_data_sync.py
[2025-11-18T01:15:04.884+0000] {processor.py:841} WARNING - No viable dags retrieved from /opt/airflow/dags/tasks/recsys_data_sync.py
[2025-11-18T01:15:04.893+0000] {processor.py:179} INFO - Processing /opt/airflow/dags/tasks/recsys_data_sync.py took 0.319 seconds
[2025-11-18T01:15:35.361+0000] {processor.py:157} INFO - Started process (PID=4550) to work on /opt/airflow/dags/tasks/recsys_data_sync.py
[2025-11-18T01:15:35.362+0000] {processor.py:829} INFO - Processing file /opt/airflow/dags/tasks/recsys_data_sync.py for tasks to queue
[2025-11-18T01:15:35.362+0000] {logging_mixin.py:154} INFO - [2025-11-18T01:15:35.362+0000] {dagbag.py:536} INFO - Filling up the DagBag from /opt/airflow/dags/tasks/recsys_data_sync.py
[2025-11-18T01:15:35.689+0000] {processor.py:841} WARNING - No viable dags retrieved from /opt/airflow/dags/tasks/recsys_data_sync.py
[2025-11-18T01:15:35.698+0000] {processor.py:179} INFO - Processing /opt/airflow/dags/tasks/recsys_data_sync.py took 0.339 seconds
[2025-11-18T01:16:06.552+0000] {processor.py:157} INFO - Started process (PID=4616) to work on /opt/airflow/dags/tasks/recsys_data_sync.py
[2025-11-18T01:16:06.553+0000] {processor.py:829} INFO - Processing file /opt/airflow/dags/tasks/recsys_data_sync.py for tasks to queue
[2025-11-18T01:16:06.553+0000] {logging_mixin.py:154} INFO - [2025-11-18T01:16:06.553+0000] {dagbag.py:536} INFO - Filling up the DagBag from /opt/airflow/dags/tasks/recsys_data_sync.py
[2025-11-18T01:16:06.872+0000] {processor.py:841} WARNING - No viable dags retrieved from /opt/airflow/dags/tasks/recsys_data_sync.py
[2025-11-18T01:16:06.882+0000] {processor.py:179} INFO - Processing /opt/airflow/dags/tasks/recsys_data_sync.py took 0.333 seconds
[2025-11-18T01:16:37.712+0000] {processor.py:157} INFO - Started process (PID=4674) to work on /opt/airflow/dags/tasks/recsys_data_sync.py
[2025-11-18T01:16:37.712+0000] {processor.py:829} INFO - Processing file /opt/airflow/dags/tasks/recsys_data_sync.py for tasks to queue
[2025-11-18T01:16:37.713+0000] {logging_mixin.py:154} INFO - [2025-11-18T01:16:37.712+0000] {dagbag.py:536} INFO - Filling up the DagBag from /opt/airflow/dags/tasks/recsys_data_sync.py
[2025-11-18T01:16:38.025+0000] {processor.py:841} WARNING - No viable dags retrieved from /opt/airflow/dags/tasks/recsys_data_sync.py
[2025-11-18T01:16:38.033+0000] {processor.py:179} INFO - Processing /opt/airflow/dags/tasks/recsys_data_sync.py took 0.323 seconds
[2025-11-18T01:17:08.771+0000] {processor.py:157} INFO - Started process (PID=4739) to work on /opt/airflow/dags/tasks/recsys_data_sync.py
[2025-11-18T01:17:08.772+0000] {processor.py:829} INFO - Processing file /opt/airflow/dags/tasks/recsys_data_sync.py for tasks to queue
[2025-11-18T01:17:08.773+0000] {logging_mixin.py:154} INFO - [2025-11-18T01:17:08.773+0000] {dagbag.py:536} INFO - Filling up the DagBag from /opt/airflow/dags/tasks/recsys_data_sync.py
[2025-11-18T01:17:09.075+0000] {processor.py:841} WARNING - No viable dags retrieved from /opt/airflow/dags/tasks/recsys_data_sync.py
[2025-11-18T01:17:09.084+0000] {processor.py:179} INFO - Processing /opt/airflow/dags/tasks/recsys_data_sync.py took 0.315 seconds
[2025-11-18T01:17:38.967+0000] {processor.py:157} INFO - Started process (PID=4804) to work on /opt/airflow/dags/tasks/recsys_data_sync.py
[2025-11-18T01:17:38.968+0000] {processor.py:829} INFO - Processing file /opt/airflow/dags/tasks/recsys_data_sync.py for tasks to queue
[2025-11-18T01:17:38.968+0000] {logging_mixin.py:154} INFO - [2025-11-18T01:17:38.968+0000] {dagbag.py:536} INFO - Filling up the DagBag from /opt/airflow/dags/tasks/recsys_data_sync.py
[2025-11-18T01:17:38.595+0000] {processor.py:841} WARNING - No viable dags retrieved from /opt/airflow/dags/tasks/recsys_data_sync.py
[2025-11-18T01:17:38.605+0000] {processor.py:179} INFO - Processing /opt/airflow/dags/tasks/recsys_data_sync.py took 0.408 seconds
[2025-11-18T01:18:09.349+0000] {processor.py:157} INFO - Started process (PID=4869) to work on /opt/airflow/dags/tasks/recsys_data_sync.py
[2025-11-18T01:18:09.350+0000] {processor.py:829} INFO - Processing file /opt/airflow/dags/tasks/recsys_data_sync.py for tasks to queue
[2025-11-18T01:18:09.351+0000] {logging_mixin.py:154} INFO - [2025-11-18T01:18:09.351+0000] {dagbag.py:536} INFO - Filling up the DagBag from /opt/airflow/dags/tasks/recsys_data_sync.py
[2025-11-18T01:18:09.988+0000] {processor.py:841} WARNING - No viable dags retrieved from /opt/airflow/dags/tasks/recsys_data_sync.py
[2025-11-18T01:18:10.000+0000] {processor.py:179} INFO - Processing /opt/airflow/dags/tasks/recsys_data_sync.py took 0.655 seconds
[2025-11-18T01:18:40.456+0000] {processor.py:157} INFO - Started process (PID=4927) to work on /opt/airflow/dags/tasks/recsys_data_sync.py
[2025-11-18T01:18:40.456+0000] {processor.py:829} INFO - Processing file /opt/airflow/dags/tasks/recsys_data_sync.py for tasks to queue
[2025-11-18T01:18:40.457+0000] {logging_mixin.py:154} INFO - [2025-11-18T01:18:40.457+0000] {dagbag.py:536} INFO - Filling up the DagBag from /opt/airflow/dags/tasks/recsys_data_sync.py
[2025-11-18T01:18:40.824+0000] {processor.py:841} WARNING - No viable dags retrieved from /opt/airflow/dags/tasks/recsys_data_sync.py
[2025-11-18T01:18:40.834+0000] {processor.py:179} INFO - Processing /opt/airflow/dags/tasks/recsys_data_sync.py took 0.382 seconds
[2025-11-18T01:19:11.291+0000] {processor.py:157} INFO - Started process (PID=4993) to work on /opt/airflow/dags/tasks/recsys_data_sync.py
[2025-11-18T01:19:11.291+0000] {processor.py:829} INFO - Processing file /opt/airflow/dags/tasks/recsys_data_sync.py for tasks to queue
[2025-11-18T01:19:11.292+0000] {logging_mixin.py:154} INFO - [2025-11-18T01:19:11.292+0000] {dagbag.py:536} INFO - Filling up the DagBag from /opt/airflow/dags/tasks/recsys_data_sync.py
[2025-11-18T01:19:11.659+0000] {processor.py:841} WARNING - No viable dags retrieved from /opt/airflow/dags/tasks/recsys_data_sync.py
[2025-11-18T01:19:11.670+0000] {processor.py:179} INFO - Processing /opt/airflow/dags/tasks/recsys_data_sync.py took 0.383 seconds
[2025-11-18T01:19:42.004+0000] {processor.py:157} INFO - Started process (PID=5057) to work on /opt/airflow/dags/tasks/recsys_data_sync.py
[2025-11-18T01:19:42.005+0000] {processor.py:829} INFO - Processing file /opt/airflow/dags/tasks/recsys_data_sync.py for tasks to queue
[2025-11-18T01:19:42.006+0000] {logging_mixin.py:154} INFO - [2025-11-18T01:19:42.005+0000] {dagbag.py:536} INFO - Filling up the DagBag from /opt/airflow/dags/tasks/recsys_data_sync.py
[2025-11-18T01:19:42.459+0000] {processor.py:841} WARNING - No viable dags retrieved from /opt/airflow/dags/tasks/recsys_data_sync.py
[2025-11-18T01:19:42.471+0000] {processor.py:179} INFO - Processing /opt/airflow/dags/tasks/recsys_data_sync.py took 0.471 seconds
[2025-11-18T01:20:12.585+0000] {processor.py:157} INFO - Started process (PID=5116) to work on /opt/airflow/dags/tasks/recsys_data_sync.py
[2025-11-18T01:20:12.586+0000] {processor.py:829} INFO - Processing file /opt/airflow/dags/tasks/recsys_data_sync.py for tasks to queue
[2025-11-18T01:20:12.587+0000] {logging_mixin.py:154} INFO - [2025-11-18T01:20:12.587+0000] {dagbag.py:536} INFO - Filling up the DagBag from /opt/airflow/dags/tasks/recsys_data_sync.py
[2025-11-18T01:20:13.012+0000] {processor.py:841} WARNING - No viable dags retrieved from /opt/airflow/dags/tasks/recsys_data_sync.py
[2025-11-18T01:20:13.022+0000] {processor.py:179} INFO - Processing /opt/airflow/dags/tasks/recsys_data_sync.py took 0.441 seconds
[2025-11-18T01:20:43.414+0000] {processor.py:157} INFO - Started process (PID=5181) to work on /opt/airflow/dags/tasks/recsys_data_sync.py
[2025-11-18T01:20:43.414+0000] {processor.py:829} INFO - Processing file /opt/airflow/dags/tasks/recsys_data_sync.py for tasks to queue
[2025-11-18T01:20:43.415+0000] {logging_mixin.py:154} INFO - [2025-11-18T01:20:43.415+0000] {dagbag.py:536} INFO - Filling up the DagBag from /opt/airflow/dags/tasks/recsys_data_sync.py
[2025-11-18T01:20:43.766+0000] {processor.py:841} WARNING - No viable dags retrieved from /opt/airflow/dags/tasks/recsys_data_sync.py
[2025-11-18T01:20:43.777+0000] {processor.py:179} INFO - Processing /opt/airflow/dags/tasks/recsys_data_sync.py took 0.366 seconds
[2025-11-18T01:21:14.502+0000] {processor.py:157} INFO - Started process (PID=5246) to work on /opt/airflow/dags/tasks/recsys_data_sync.py
[2025-11-18T01:21:14.503+0000] {processor.py:829} INFO - Processing file /opt/airflow/dags/tasks/recsys_data_sync.py for tasks to queue
[2025-11-18T01:21:14.504+0000] {logging_mixin.py:154} INFO - [2025-11-18T01:21:14.504+0000] {dagbag.py:536} INFO - Filling up the DagBag from /opt/airflow/dags/tasks/recsys_data_sync.py
[2025-11-18T01:21:14.919+0000] {processor.py:841} WARNING - No viable dags retrieved from /opt/airflow/dags/tasks/recsys_data_sync.py
[2025-11-18T01:21:14.938+0000] {processor.py:179} INFO - Processing /opt/airflow/dags/tasks/recsys_data_sync.py took 0.439 seconds
[2025-11-18T01:21:45.574+0000] {processor.py:157} INFO - Started process (PID=5311) to work on /opt/airflow/dags/tasks/recsys_data_sync.py
[2025-11-18T01:21:45.575+0000] {processor.py:829} INFO - Processing file /opt/airflow/dags/tasks/recsys_data_sync.py for tasks to queue
[2025-11-18T01:21:45.576+0000] {logging_mixin.py:154} INFO - [2025-11-18T01:21:45.575+0000] {dagbag.py:536} INFO - Filling up the DagBag from /opt/airflow/dags/tasks/recsys_data_sync.py
[2025-11-18T01:21:45.960+0000] {processor.py:841} WARNING - No viable dags retrieved from /opt/airflow/dags/tasks/recsys_data_sync.py
[2025-11-18T01:21:45.970+0000] {processor.py:179} INFO - Processing /opt/airflow/dags/tasks/recsys_data_sync.py took 0.399 seconds
[2025-11-18T01:22:16.640+0000] {processor.py:157} INFO - Started process (PID=5369) to work on /opt/airflow/dags/tasks/recsys_data_sync.py
[2025-11-18T01:22:16.640+0000] {processor.py:829} INFO - Processing file /opt/airflow/dags/tasks/recsys_data_sync.py for tasks to queue
[2025-11-18T01:22:16.641+0000] {logging_mixin.py:154} INFO - [2025-11-18T01:22:16.641+0000] {dagbag.py:536} INFO - Filling up the DagBag from /opt/airflow/dags/tasks/recsys_data_sync.py
[2025-11-18T01:22:17.099+0000] {processor.py:841} WARNING - No viable dags retrieved from /opt/airflow/dags/tasks/recsys_data_sync.py
[2025-11-18T01:22:17.110+0000] {processor.py:179} INFO - Processing /opt/airflow/dags/tasks/recsys_data_sync.py took 0.475 seconds
[2025-11-18T01:22:47.871+0000] {processor.py:157} INFO - Started process (PID=5434) to work on /opt/airflow/dags/tasks/recsys_data_sync.py
[2025-11-18T01:22:47.873+0000] {processor.py:829} INFO - Processing file /opt/airflow/dags/tasks/recsys_data_sync.py for tasks to queue
[2025-11-18T01:22:47.876+0000] {logging_mixin.py:154} INFO - [2025-11-18T01:22:47.876+0000] {dagbag.py:536} INFO - Filling up the DagBag from /opt/airflow/dags/tasks/recsys_data_sync.py
[2025-11-18T01:22:48.716+0000] {processor.py:841} WARNING - No viable dags retrieved from /opt/airflow/dags/tasks/recsys_data_sync.py
[2025-11-18T01:22:48.734+0000] {processor.py:179} INFO - Processing /opt/airflow/dags/tasks/recsys_data_sync.py took 0.887 seconds
[2025-11-18T01:23:18.982+0000] {processor.py:157} INFO - Started process (PID=5499) to work on /opt/airflow/dags/tasks/recsys_data_sync.py
[2025-11-18T01:23:18.982+0000] {processor.py:829} INFO - Processing file /opt/airflow/dags/tasks/recsys_data_sync.py for tasks to queue
[2025-11-18T01:23:18.983+0000] {logging_mixin.py:154} INFO - [2025-11-18T01:23:18.983+0000] {dagbag.py:536} INFO - Filling up the DagBag from /opt/airflow/dags/tasks/recsys_data_sync.py
[2025-11-18T01:23:19.359+0000] {processor.py:841} WARNING - No viable dags retrieved from /opt/airflow/dags/tasks/recsys_data_sync.py
[2025-11-18T01:23:19.370+0000] {processor.py:179} INFO - Processing /opt/airflow/dags/tasks/recsys_data_sync.py took 0.390 seconds
[2025-11-18T01:23:49.792+0000] {processor.py:157} INFO - Started process (PID=5564) to work on /opt/airflow/dags/tasks/recsys_data_sync.py
[2025-11-18T01:23:49.792+0000] {processor.py:829} INFO - Processing file /opt/airflow/dags/tasks/recsys_data_sync.py for tasks to queue
[2025-11-18T01:23:49.793+0000] {logging_mixin.py:154} INFO - [2025-11-18T01:23:49.792+0000] {dagbag.py:536} INFO - Filling up the DagBag from /opt/airflow/dags/tasks/recsys_data_sync.py
[2025-11-18T01:23:50.241+0000] {processor.py:841} WARNING - No viable dags retrieved from /opt/airflow/dags/tasks/recsys_data_sync.py
[2025-11-18T01:23:50.250+0000] {processor.py:179} INFO - Processing /opt/airflow/dags/tasks/recsys_data_sync.py took 0.462 seconds
[2025-11-18T01:24:20.675+0000] {processor.py:157} INFO - Started process (PID=5622) to work on /opt/airflow/dags/tasks/recsys_data_sync.py
[2025-11-18T01:24:20.676+0000] {processor.py:829} INFO - Processing file /opt/airflow/dags/tasks/recsys_data_sync.py for tasks to queue
[2025-11-18T01:24:20.676+0000] {logging_mixin.py:154} INFO - [2025-11-18T01:24:20.676+0000] {dagbag.py:536} INFO - Filling up the DagBag from /opt/airflow/dags/tasks/recsys_data_sync.py
[2025-11-18T01:24:21.100+0000] {processor.py:841} WARNING - No viable dags retrieved from /opt/airflow/dags/tasks/recsys_data_sync.py
[2025-11-18T01:24:21.115+0000] {processor.py:179} INFO - Processing /opt/airflow/dags/tasks/recsys_data_sync.py took 0.443 seconds
[2025-11-18T01:24:51.871+0000] {processor.py:157} INFO - Started process (PID=5687) to work on /opt/airflow/dags/tasks/recsys_data_sync.py
[2025-11-18T01:24:51.872+0000] {processor.py:829} INFO - Processing file /opt/airflow/dags/tasks/recsys_data_sync.py for tasks to queue
[2025-11-18T01:24:51.872+0000] {logging_mixin.py:154} INFO - [2025-11-18T01:24:51.872+0000] {dagbag.py:536} INFO - Filling up the DagBag from /opt/airflow/dags/tasks/recsys_data_sync.py
[2025-11-18T01:24:52.225+0000] {processor.py:841} WARNING - No viable dags retrieved from /opt/airflow/dags/tasks/recsys_data_sync.py
[2025-11-18T01:24:52.235+0000] {processor.py:179} INFO - Processing /opt/airflow/dags/tasks/recsys_data_sync.py took 0.367 seconds
[2025-11-18T01:25:22.763+0000] {processor.py:157} INFO - Started process (PID=5752) to work on /opt/airflow/dags/tasks/recsys_data_sync.py
[2025-11-18T01:25:22.763+0000] {processor.py:829} INFO - Processing file /opt/airflow/dags/tasks/recsys_data_sync.py for tasks to queue
[2025-11-18T01:25:22.764+0000] {logging_mixin.py:154} INFO - [2025-11-18T01:25:22.764+0000] {dagbag.py:536} INFO - Filling up the DagBag from /opt/airflow/dags/tasks/recsys_data_sync.py
[2025-11-18T01:25:23.144+0000] {processor.py:841} WARNING - No viable dags retrieved from /opt/airflow/dags/tasks/recsys_data_sync.py
[2025-11-18T01:25:23.152+0000] {processor.py:179} INFO - Processing /opt/airflow/dags/tasks/recsys_data_sync.py took 0.392 seconds
[2025-11-18T01:25:53.611+0000] {processor.py:157} INFO - Started process (PID=5817) to work on /opt/airflow/dags/tasks/recsys_data_sync.py
[2025-11-18T01:25:53.611+0000] {processor.py:829} INFO - Processing file /opt/airflow/dags/tasks/recsys_data_sync.py for tasks to queue
[2025-11-18T01:25:53.612+0000] {logging_mixin.py:154} INFO - [2025-11-18T01:25:53.612+0000] {dagbag.py:536} INFO - Filling up the DagBag from /opt/airflow/dags/tasks/recsys_data_sync.py
[2025-11-18T01:25:53.922+0000] {processor.py:841} WARNING - No viable dags retrieved from /opt/airflow/dags/tasks/recsys_data_sync.py
[2025-11-18T01:25:53.931+0000] {processor.py:179} INFO - Processing /opt/airflow/dags/tasks/recsys_data_sync.py took 0.324 seconds
[2025-11-18T01:26:24.249+0000] {processor.py:157} INFO - Started process (PID=5882) to work on /opt/airflow/dags/tasks/recsys_data_sync.py
[2025-11-18T01:26:24.249+0000] {processor.py:829} INFO - Processing file /opt/airflow/dags/tasks/recsys_data_sync.py for tasks to queue
[2025-11-18T01:26:24.250+0000] {logging_mixin.py:154} INFO - [2025-11-18T01:26:24.249+0000] {dagbag.py:536} INFO - Filling up the DagBag from /opt/airflow/dags/tasks/recsys_data_sync.py
[2025-11-18T01:26:24.549+0000] {processor.py:841} WARNING - No viable dags retrieved from /opt/airflow/dags/tasks/recsys_data_sync.py
[2025-11-18T01:26:24.559+0000] {processor.py:179} INFO - Processing /opt/airflow/dags/tasks/recsys_data_sync.py took 0.314 seconds
[2025-11-18T01:26:55.430+0000] {processor.py:157} INFO - Started process (PID=5941) to work on /opt/airflow/dags/tasks/recsys_data_sync.py
[2025-11-18T01:26:55.431+0000] {processor.py:829} INFO - Processing file /opt/airflow/dags/tasks/recsys_data_sync.py for tasks to queue
[2025-11-18T01:26:55.432+0000] {logging_mixin.py:154} INFO - [2025-11-18T01:26:55.432+0000] {dagbag.py:536} INFO - Filling up the DagBag from /opt/airflow/dags/tasks/recsys_data_sync.py
[2025-11-18T01:26:55.754+0000] {processor.py:841} WARNING - No viable dags retrieved from /opt/airflow/dags/tasks/recsys_data_sync.py
[2025-11-18T01:26:55.766+0000] {processor.py:179} INFO - Processing /opt/airflow/dags/tasks/recsys_data_sync.py took 0.339 seconds
[2025-11-18T01:27:26.060+0000] {processor.py:157} INFO - Started process (PID=5991) to work on /opt/airflow/dags/tasks/recsys_data_sync.py
[2025-11-18T01:27:26.061+0000] {processor.py:829} INFO - Processing file /opt/airflow/dags/tasks/recsys_data_sync.py for tasks to queue
[2025-11-18T01:27:26.061+0000] {logging_mixin.py:154} INFO - [2025-11-18T01:27:26.061+0000] {dagbag.py:536} INFO - Filling up the DagBag from /opt/airflow/dags/tasks/recsys_data_sync.py
[2025-11-18T01:27:26.412+0000] {processor.py:841} WARNING - No viable dags retrieved from /opt/airflow/dags/tasks/recsys_data_sync.py
[2025-11-18T01:27:26.421+0000] {processor.py:179} INFO - Processing /opt/airflow/dags/tasks/recsys_data_sync.py took 0.363 seconds
[2025-11-18T01:27:56.524+0000] {processor.py:157} INFO - Started process (PID=6071) to work on /opt/airflow/dags/tasks/recsys_data_sync.py
[2025-11-18T01:27:56.525+0000] {processor.py:829} INFO - Processing file /opt/airflow/dags/tasks/recsys_data_sync.py for tasks to queue
[2025-11-18T01:27:56.525+0000] {logging_mixin.py:154} INFO - [2025-11-18T01:27:56.525+0000] {dagbag.py:536} INFO - Filling up the DagBag from /opt/airflow/dags/tasks/recsys_data_sync.py
[2025-11-18T01:27:56.815+0000] {processor.py:841} WARNING - No viable dags retrieved from /opt/airflow/dags/tasks/recsys_data_sync.py
[2025-11-18T01:27:56.823+0000] {processor.py:179} INFO - Processing /opt/airflow/dags/tasks/recsys_data_sync.py took 0.301 seconds
[2025-11-18T01:28:26.934+0000] {processor.py:157} INFO - Started process (PID=6136) to work on /opt/airflow/dags/tasks/recsys_data_sync.py
[2025-11-18T01:28:26.934+0000] {processor.py:829} INFO - Processing file /opt/airflow/dags/tasks/recsys_data_sync.py for tasks to queue
[2025-11-18T01:28:26.935+0000] {logging_mixin.py:154} INFO - [2025-11-18T01:28:26.934+0000] {dagbag.py:536} INFO - Filling up the DagBag from /opt/airflow/dags/tasks/recsys_data_sync.py
[2025-11-18T01:28:27.234+0000] {processor.py:841} WARNING - No viable dags retrieved from /opt/airflow/dags/tasks/recsys_data_sync.py
[2025-11-18T01:28:27.243+0000] {processor.py:179} INFO - Processing /opt/airflow/dags/tasks/recsys_data_sync.py took 0.312 seconds
[2025-11-18T01:28:57.385+0000] {processor.py:157} INFO - Started process (PID=6201) to work on /opt/airflow/dags/tasks/recsys_data_sync.py
[2025-11-18T01:28:57.386+0000] {processor.py:829} INFO - Processing file /opt/airflow/dags/tasks/recsys_data_sync.py for tasks to queue
[2025-11-18T01:28:57.386+0000] {logging_mixin.py:154} INFO - [2025-11-18T01:28:57.386+0000] {dagbag.py:536} INFO - Filling up the DagBag from /opt/airflow/dags/tasks/recsys_data_sync.py
[2025-11-18T01:28:57.701+0000] {processor.py:841} WARNING - No viable dags retrieved from /opt/airflow/dags/tasks/recsys_data_sync.py
[2025-11-18T01:28:57.712+0000] {processor.py:179} INFO - Processing /opt/airflow/dags/tasks/recsys_data_sync.py took 0.329 seconds
[2025-11-18T01:29:27.909+0000] {processor.py:157} INFO - Started process (PID=6259) to work on /opt/airflow/dags/tasks/recsys_data_sync.py
[2025-11-18T01:29:27.910+0000] {processor.py:829} INFO - Processing file /opt/airflow/dags/tasks/recsys_data_sync.py for tasks to queue
[2025-11-18T01:29:27.910+0000] {logging_mixin.py:154} INFO - [2025-11-18T01:29:27.910+0000] {dagbag.py:536} INFO - Filling up the DagBag from /opt/airflow/dags/tasks/recsys_data_sync.py
[2025-11-18T01:29:28.237+0000] {processor.py:841} WARNING - No viable dags retrieved from /opt/airflow/dags/tasks/recsys_data_sync.py
[2025-11-18T01:29:28.247+0000] {processor.py:179} INFO - Processing /opt/airflow/dags/tasks/recsys_data_sync.py took 0.340 seconds
[2025-11-18T01:29:58.330+0000] {processor.py:157} INFO - Started process (PID=6324) to work on /opt/airflow/dags/tasks/recsys_data_sync.py
[2025-11-18T01:29:58.330+0000] {processor.py:829} INFO - Processing file /opt/airflow/dags/tasks/recsys_data_sync.py for tasks to queue
[2025-11-18T01:29:58.331+0000] {logging_mixin.py:154} INFO - [2025-11-18T01:29:58.331+0000] {dagbag.py:536} INFO - Filling up the DagBag from /opt/airflow/dags/tasks/recsys_data_sync.py
[2025-11-18T01:29:58.619+0000] {processor.py:841} WARNING - No viable dags retrieved from /opt/airflow/dags/tasks/recsys_data_sync.py
[2025-11-18T01:29:58.628+0000] {processor.py:179} INFO - Processing /opt/airflow/dags/tasks/recsys_data_sync.py took 0.301 seconds
[2025-11-18T01:30:28.732+0000] {processor.py:157} INFO - Started process (PID=6390) to work on /opt/airflow/dags/tasks/recsys_data_sync.py
[2025-11-18T01:30:28.732+0000] {processor.py:829} INFO - Processing file /opt/airflow/dags/tasks/recsys_data_sync.py for tasks to queue
[2025-11-18T01:30:28.733+0000] {logging_mixin.py:154} INFO - [2025-11-18T01:30:28.733+0000] {dagbag.py:536} INFO - Filling up the DagBag from /opt/airflow/dags/tasks/recsys_data_sync.py
[2025-11-18T01:30:29.014+0000] {processor.py:841} WARNING - No viable dags retrieved from /opt/airflow/dags/tasks/recsys_data_sync.py
[2025-11-18T01:30:29.022+0000] {processor.py:179} INFO - Processing /opt/airflow/dags/tasks/recsys_data_sync.py took 0.294 seconds
[2025-11-18T01:30:59.101+0000] {processor.py:157} INFO - Started process (PID=6455) to work on /opt/airflow/dags/tasks/recsys_data_sync.py
[2025-11-18T01:30:59.102+0000] {processor.py:829} INFO - Processing file /opt/airflow/dags/tasks/recsys_data_sync.py for tasks to queue
[2025-11-18T01:30:59.102+0000] {logging_mixin.py:154} INFO - [2025-11-18T01:30:59.102+0000] {dagbag.py:536} INFO - Filling up the DagBag from /opt/airflow/dags/tasks/recsys_data_sync.py
[2025-11-18T01:30:59.383+0000] {processor.py:841} WARNING - No viable dags retrieved from /opt/airflow/dags/tasks/recsys_data_sync.py
[2025-11-18T01:30:59.392+0000] {processor.py:179} INFO - Processing /opt/airflow/dags/tasks/recsys_data_sync.py took 0.293 seconds
[2025-11-18T01:31:29.881+0000] {processor.py:157} INFO - Started process (PID=6526) to work on /opt/airflow/dags/tasks/recsys_data_sync.py
[2025-11-18T01:31:29.881+0000] {processor.py:829} INFO - Processing file /opt/airflow/dags/tasks/recsys_data_sync.py for tasks to queue
[2025-11-18T01:31:29.882+0000] {logging_mixin.py:154} INFO - [2025-11-18T01:31:29.881+0000] {dagbag.py:536} INFO - Filling up the DagBag from /opt/airflow/dags/tasks/recsys_data_sync.py
[2025-11-18T01:31:30.163+0000] {processor.py:841} WARNING - No viable dags retrieved from /opt/airflow/dags/tasks/recsys_data_sync.py
[2025-11-18T01:31:30.172+0000] {processor.py:179} INFO - Processing /opt/airflow/dags/tasks/recsys_data_sync.py took 0.294 seconds
[2025-11-18T01:32:00.309+0000] {processor.py:157} INFO - Started process (PID=6614) to work on /opt/airflow/dags/tasks/recsys_data_sync.py
[2025-11-18T01:32:00.321+0000] {processor.py:829} INFO - Processing file /opt/airflow/dags/tasks/recsys_data_sync.py for tasks to queue
[2025-11-18T01:32:00.322+0000] {logging_mixin.py:154} INFO - [2025-11-18T01:32:00.321+0000] {dagbag.py:536} INFO - Filling up the DagBag from /opt/airflow/dags/tasks/recsys_data_sync.py
[2025-11-18T01:32:00.612+0000] {processor.py:841} WARNING - No viable dags retrieved from /opt/airflow/dags/tasks/recsys_data_sync.py
[2025-11-18T01:32:00.621+0000] {processor.py:179} INFO - Processing /opt/airflow/dags/tasks/recsys_data_sync.py took 0.314 seconds
[2025-11-18T01:32:31.326+0000] {processor.py:157} INFO - Started process (PID=6869) to work on /opt/airflow/dags/tasks/recsys_data_sync.py
[2025-11-18T01:32:31.328+0000] {processor.py:829} INFO - Processing file /opt/airflow/dags/tasks/recsys_data_sync.py for tasks to queue
[2025-11-18T01:32:31.329+0000] {logging_mixin.py:154} INFO - [2025-11-18T01:32:31.328+0000] {dagbag.py:536} INFO - Filling up the DagBag from /opt/airflow/dags/tasks/recsys_data_sync.py
[2025-11-18T01:32:31.774+0000] {processor.py:841} WARNING - No viable dags retrieved from /opt/airflow/dags/tasks/recsys_data_sync.py
[2025-11-18T01:32:31.783+0000] {processor.py:179} INFO - Processing /opt/airflow/dags/tasks/recsys_data_sync.py took 0.463 seconds
[2025-11-18T01:33:01.971+0000] {processor.py:157} INFO - Started process (PID=7054) to work on /opt/airflow/dags/tasks/recsys_data_sync.py
[2025-11-18T01:33:01.972+0000] {processor.py:829} INFO - Processing file /opt/airflow/dags/tasks/recsys_data_sync.py for tasks to queue
[2025-11-18T01:33:01.972+0000] {logging_mixin.py:154} INFO - [2025-11-18T01:33:01.972+0000] {dagbag.py:536} INFO - Filling up the DagBag from /opt/airflow/dags/tasks/recsys_data_sync.py
[2025-11-18T01:33:02.271+0000] {processor.py:841} WARNING - No viable dags retrieved from /opt/airflow/dags/tasks/recsys_data_sync.py
[2025-11-18T01:33:02.280+0000] {processor.py:179} INFO - Processing /opt/airflow/dags/tasks/recsys_data_sync.py took 0.312 seconds
[2025-11-18T01:33:32.464+0000] {processor.py:157} INFO - Started process (PID=7119) to work on /opt/airflow/dags/tasks/recsys_data_sync.py
[2025-11-18T01:33:32.465+0000] {processor.py:829} INFO - Processing file /opt/airflow/dags/tasks/recsys_data_sync.py for tasks to queue
[2025-11-18T01:33:32.465+0000] {logging_mixin.py:154} INFO - [2025-11-18T01:33:32.465+0000] {dagbag.py:536} INFO - Filling up the DagBag from /opt/airflow/dags/tasks/recsys_data_sync.py
[2025-11-18T01:33:32.761+0000] {processor.py:841} WARNING - No viable dags retrieved from /opt/airflow/dags/tasks/recsys_data_sync.py
[2025-11-18T01:33:32.770+0000] {processor.py:179} INFO - Processing /opt/airflow/dags/tasks/recsys_data_sync.py took 0.309 seconds
[2025-11-18T01:34:02.890+0000] {processor.py:157} INFO - Started process (PID=7183) to work on /opt/airflow/dags/tasks/recsys_data_sync.py
[2025-11-18T01:34:02.891+0000] {processor.py:829} INFO - Processing file /opt/airflow/dags/tasks/recsys_data_sync.py for tasks to queue
[2025-11-18T01:34:02.891+0000] {logging_mixin.py:154} INFO - [2025-11-18T01:34:02.891+0000] {dagbag.py:536} INFO - Filling up the DagBag from /opt/airflow/dags/tasks/recsys_data_sync.py
[2025-11-18T01:34:03.198+0000] {processor.py:841} WARNING - No viable dags retrieved from /opt/airflow/dags/tasks/recsys_data_sync.py
[2025-11-18T01:34:03.208+0000] {processor.py:179} INFO - Processing /opt/airflow/dags/tasks/recsys_data_sync.py took 0.320 seconds
[2025-11-18T01:34:33.328+0000] {processor.py:157} INFO - Started process (PID=7248) to work on /opt/airflow/dags/tasks/recsys_data_sync.py
[2025-11-18T01:34:33.328+0000] {processor.py:829} INFO - Processing file /opt/airflow/dags/tasks/recsys_data_sync.py for tasks to queue
[2025-11-18T01:34:33.329+0000] {logging_mixin.py:154} INFO - [2025-11-18T01:34:33.329+0000] {dagbag.py:536} INFO - Filling up the DagBag from /opt/airflow/dags/tasks/recsys_data_sync.py
[2025-11-18T01:34:33.632+0000] {processor.py:841} WARNING - No viable dags retrieved from /opt/airflow/dags/tasks/recsys_data_sync.py
[2025-11-18T01:34:33.642+0000] {processor.py:179} INFO - Processing /opt/airflow/dags/tasks/recsys_data_sync.py took 0.317 seconds
[2025-11-18T01:35:03.724+0000] {processor.py:157} INFO - Started process (PID=7314) to work on /opt/airflow/dags/tasks/recsys_data_sync.py
[2025-11-18T01:35:03.725+0000] {processor.py:829} INFO - Processing file /opt/airflow/dags/tasks/recsys_data_sync.py for tasks to queue
[2025-11-18T01:35:03.725+0000] {logging_mixin.py:154} INFO - [2025-11-18T01:35:03.725+0000] {dagbag.py:536} INFO - Filling up the DagBag from /opt/airflow/dags/tasks/recsys_data_sync.py
[2025-11-18T01:35:04.030+0000] {processor.py:841} WARNING - No viable dags retrieved from /opt/airflow/dags/tasks/recsys_data_sync.py
[2025-11-18T01:35:04.039+0000] {processor.py:179} INFO - Processing /opt/airflow/dags/tasks/recsys_data_sync.py took 0.318 seconds
[2025-11-18T01:35:34.136+0000] {processor.py:157} INFO - Started process (PID=7379) to work on /opt/airflow/dags/tasks/recsys_data_sync.py
[2025-11-18T01:35:34.137+0000] {processor.py:829} INFO - Processing file /opt/airflow/dags/tasks/recsys_data_sync.py for tasks to queue
[2025-11-18T01:35:34.138+0000] {logging_mixin.py:154} INFO - [2025-11-18T01:35:34.137+0000] {dagbag.py:536} INFO - Filling up the DagBag from /opt/airflow/dags/tasks/recsys_data_sync.py
[2025-11-18T01:35:34.447+0000] {processor.py:841} WARNING - No viable dags retrieved from /opt/airflow/dags/tasks/recsys_data_sync.py
[2025-11-18T01:35:34.456+0000] {processor.py:179} INFO - Processing /opt/airflow/dags/tasks/recsys_data_sync.py took 0.322 seconds
[2025-11-18T01:36:04.612+0000] {processor.py:157} INFO - Started process (PID=7444) to work on /opt/airflow/dags/tasks/recsys_data_sync.py
[2025-11-18T01:36:04.613+0000] {processor.py:829} INFO - Processing file /opt/airflow/dags/tasks/recsys_data_sync.py for tasks to queue
[2025-11-18T01:36:04.613+0000] {logging_mixin.py:154} INFO - [2025-11-18T01:36:04.613+0000] {dagbag.py:536} INFO - Filling up the DagBag from /opt/airflow/dags/tasks/recsys_data_sync.py
[2025-11-18T01:36:04.909+0000] {processor.py:841} WARNING - No viable dags retrieved from /opt/airflow/dags/tasks/recsys_data_sync.py
[2025-11-18T01:36:04.918+0000] {processor.py:179} INFO - Processing /opt/airflow/dags/tasks/recsys_data_sync.py took 0.309 seconds
[2025-11-18T01:36:35.001+0000] {processor.py:157} INFO - Started process (PID=7502) to work on /opt/airflow/dags/tasks/recsys_data_sync.py
[2025-11-18T01:36:35.002+0000] {processor.py:829} INFO - Processing file /opt/airflow/dags/tasks/recsys_data_sync.py for tasks to queue
[2025-11-18T01:36:35.003+0000] {logging_mixin.py:154} INFO - [2025-11-18T01:36:35.003+0000] {dagbag.py:536} INFO - Filling up the DagBag from /opt/airflow/dags/tasks/recsys_data_sync.py
[2025-11-18T01:36:35.292+0000] {processor.py:841} WARNING - No viable dags retrieved from /opt/airflow/dags/tasks/recsys_data_sync.py
[2025-11-18T01:36:35.301+0000] {processor.py:179} INFO - Processing /opt/airflow/dags/tasks/recsys_data_sync.py took 0.302 seconds
[2025-11-18T01:37:05.401+0000] {processor.py:157} INFO - Started process (PID=7566) to work on /opt/airflow/dags/tasks/recsys_data_sync.py
[2025-11-18T01:37:05.402+0000] {processor.py:829} INFO - Processing file /opt/airflow/dags/tasks/recsys_data_sync.py for tasks to queue
[2025-11-18T01:37:05.402+0000] {logging_mixin.py:154} INFO - [2025-11-18T01:37:05.402+0000] {dagbag.py:536} INFO - Filling up the DagBag from /opt/airflow/dags/tasks/recsys_data_sync.py
[2025-11-18T01:37:05.689+0000] {processor.py:841} WARNING - No viable dags retrieved from /opt/airflow/dags/tasks/recsys_data_sync.py
[2025-11-18T01:37:05.698+0000] {processor.py:179} INFO - Processing /opt/airflow/dags/tasks/recsys_data_sync.py took 0.299 seconds
[2025-11-18T01:37:35.793+0000] {processor.py:157} INFO - Started process (PID=7631) to work on /opt/airflow/dags/tasks/recsys_data_sync.py
[2025-11-18T01:37:35.794+0000] {processor.py:829} INFO - Processing file /opt/airflow/dags/tasks/recsys_data_sync.py for tasks to queue
[2025-11-18T01:37:35.794+0000] {logging_mixin.py:154} INFO - [2025-11-18T01:37:35.794+0000] {dagbag.py:536} INFO - Filling up the DagBag from /opt/airflow/dags/tasks/recsys_data_sync.py
[2025-11-18T01:37:36.101+0000] {processor.py:841} WARNING - No viable dags retrieved from /opt/airflow/dags/tasks/recsys_data_sync.py
[2025-11-18T01:37:36.110+0000] {processor.py:179} INFO - Processing /opt/airflow/dags/tasks/recsys_data_sync.py took 0.320 seconds
[2025-11-18T01:38:06.605+0000] {processor.py:157} INFO - Started process (PID=7696) to work on /opt/airflow/dags/tasks/recsys_data_sync.py
[2025-11-18T01:38:06.606+0000] {processor.py:829} INFO - Processing file /opt/airflow/dags/tasks/recsys_data_sync.py for tasks to queue
[2025-11-18T01:38:06.607+0000] {logging_mixin.py:154} INFO - [2025-11-18T01:38:06.607+0000] {dagbag.py:536} INFO - Filling up the DagBag from /opt/airflow/dags/tasks/recsys_data_sync.py
[2025-11-18T01:38:06.890+0000] {processor.py:841} WARNING - No viable dags retrieved from /opt/airflow/dags/tasks/recsys_data_sync.py
[2025-11-18T01:38:06.900+0000] {processor.py:179} INFO - Processing /opt/airflow/dags/tasks/recsys_data_sync.py took 0.298 seconds
[2025-11-18T01:38:37.128+0000] {processor.py:157} INFO - Started process (PID=7761) to work on /opt/airflow/dags/tasks/recsys_data_sync.py
[2025-11-18T01:38:37.128+0000] {processor.py:829} INFO - Processing file /opt/airflow/dags/tasks/recsys_data_sync.py for tasks to queue
[2025-11-18T01:38:37.129+0000] {logging_mixin.py:154} INFO - [2025-11-18T01:38:37.129+0000] {dagbag.py:536} INFO - Filling up the DagBag from /opt/airflow/dags/tasks/recsys_data_sync.py
[2025-11-18T01:38:37.484+0000] {processor.py:841} WARNING - No viable dags retrieved from /opt/airflow/dags/tasks/recsys_data_sync.py
[2025-11-18T01:38:37.493+0000] {processor.py:179} INFO - Processing /opt/airflow/dags/tasks/recsys_data_sync.py took 0.368 seconds
[2025-11-18T01:39:07.737+0000] {processor.py:157} INFO - Started process (PID=7826) to work on /opt/airflow/dags/tasks/recsys_data_sync.py
[2025-11-18T01:39:07.738+0000] {processor.py:829} INFO - Processing file /opt/airflow/dags/tasks/recsys_data_sync.py for tasks to queue
[2025-11-18T01:39:07.739+0000] {logging_mixin.py:154} INFO - [2025-11-18T01:39:07.738+0000] {dagbag.py:536} INFO - Filling up the DagBag from /opt/airflow/dags/tasks/recsys_data_sync.py
[2025-11-18T01:39:08.064+0000] {processor.py:841} WARNING - No viable dags retrieved from /opt/airflow/dags/tasks/recsys_data_sync.py
[2025-11-18T01:39:08.073+0000] {processor.py:179} INFO - Processing /opt/airflow/dags/tasks/recsys_data_sync.py took 0.338 seconds
[2025-11-18T01:39:38.507+0000] {processor.py:157} INFO - Started process (PID=7882) to work on /opt/airflow/dags/tasks/recsys_data_sync.py
[2025-11-18T01:39:38.508+0000] {processor.py:829} INFO - Processing file /opt/airflow/dags/tasks/recsys_data_sync.py for tasks to queue
[2025-11-18T01:39:38.508+0000] {logging_mixin.py:154} INFO - [2025-11-18T01:39:38.508+0000] {dagbag.py:536} INFO - Filling up the DagBag from /opt/airflow/dags/tasks/recsys_data_sync.py
[2025-11-18T01:39:38.829+0000] {processor.py:841} WARNING - No viable dags retrieved from /opt/airflow/dags/tasks/recsys_data_sync.py
[2025-11-18T01:39:38.838+0000] {processor.py:179} INFO - Processing /opt/airflow/dags/tasks/recsys_data_sync.py took 0.333 seconds
[2025-11-18T01:40:08.967+0000] {processor.py:157} INFO - Started process (PID=7935) to work on /opt/airflow/dags/tasks/recsys_data_sync.py
[2025-11-18T01:40:08.968+0000] {processor.py:829} INFO - Processing file /opt/airflow/dags/tasks/recsys_data_sync.py for tasks to queue
[2025-11-18T01:40:08.969+0000] {logging_mixin.py:154} INFO - [2025-11-18T01:40:08.968+0000] {dagbag.py:536} INFO - Filling up the DagBag from /opt/airflow/dags/tasks/recsys_data_sync.py
[2025-11-18T01:40:09.282+0000] {processor.py:841} WARNING - No viable dags retrieved from /opt/airflow/dags/tasks/recsys_data_sync.py
[2025-11-18T01:40:09.292+0000] {processor.py:179} INFO - Processing /opt/airflow/dags/tasks/recsys_data_sync.py took 0.327 seconds
[2025-11-18T01:40:39.474+0000] {processor.py:157} INFO - Started process (PID=7997) to work on /opt/airflow/dags/tasks/recsys_data_sync.py
[2025-11-18T01:40:39.474+0000] {processor.py:829} INFO - Processing file /opt/airflow/dags/tasks/recsys_data_sync.py for tasks to queue
[2025-11-18T01:40:39.475+0000] {logging_mixin.py:154} INFO - [2025-11-18T01:40:39.475+0000] {dagbag.py:536} INFO - Filling up the DagBag from /opt/airflow/dags/tasks/recsys_data_sync.py
[2025-11-18T01:40:39.754+0000] {processor.py:841} WARNING - No viable dags retrieved from /opt/airflow/dags/tasks/recsys_data_sync.py
[2025-11-18T01:40:39.763+0000] {processor.py:179} INFO - Processing /opt/airflow/dags/tasks/recsys_data_sync.py took 0.292 seconds
[2025-11-18T01:41:10.234+0000] {processor.py:157} INFO - Started process (PID=8059) to work on /opt/airflow/dags/tasks/recsys_data_sync.py
[2025-11-18T01:41:10.235+0000] {processor.py:829} INFO - Processing file /opt/airflow/dags/tasks/recsys_data_sync.py for tasks to queue
[2025-11-18T01:41:10.236+0000] {logging_mixin.py:154} INFO - [2025-11-18T01:41:10.236+0000] {dagbag.py:536} INFO - Filling up the DagBag from /opt/airflow/dags/tasks/recsys_data_sync.py
[2025-11-18T01:41:10.643+0000] {processor.py:841} WARNING - No viable dags retrieved from /opt/airflow/dags/tasks/recsys_data_sync.py
[2025-11-18T01:41:10.653+0000] {processor.py:179} INFO - Processing /opt/airflow/dags/tasks/recsys_data_sync.py took 0.421 seconds
[2025-11-18T01:41:41.013+0000] {processor.py:157} INFO - Started process (PID=8124) to work on /opt/airflow/dags/tasks/recsys_data_sync.py
[2025-11-18T01:41:41.013+0000] {processor.py:829} INFO - Processing file /opt/airflow/dags/tasks/recsys_data_sync.py for tasks to queue
[2025-11-18T01:41:41.014+0000] {logging_mixin.py:154} INFO - [2025-11-18T01:41:41.014+0000] {dagbag.py:536} INFO - Filling up the DagBag from /opt/airflow/dags/tasks/recsys_data_sync.py
[2025-11-18T01:41:41.400+0000] {processor.py:841} WARNING - No viable dags retrieved from /opt/airflow/dags/tasks/recsys_data_sync.py
[2025-11-18T01:41:41.411+0000] {processor.py:179} INFO - Processing /opt/airflow/dags/tasks/recsys_data_sync.py took 0.402 seconds
[2025-11-18T01:42:12.219+0000] {processor.py:157} INFO - Started process (PID=8182) to work on /opt/airflow/dags/tasks/recsys_data_sync.py
[2025-11-18T01:42:12.219+0000] {processor.py:829} INFO - Processing file /opt/airflow/dags/tasks/recsys_data_sync.py for tasks to queue
[2025-11-18T01:42:12.220+0000] {logging_mixin.py:154} INFO - [2025-11-18T01:42:12.220+0000] {dagbag.py:536} INFO - Filling up the DagBag from /opt/airflow/dags/tasks/recsys_data_sync.py
[2025-11-18T01:42:12.514+0000] {processor.py:841} WARNING - No viable dags retrieved from /opt/airflow/dags/tasks/recsys_data_sync.py
[2025-11-18T01:42:12.522+0000] {processor.py:179} INFO - Processing /opt/airflow/dags/tasks/recsys_data_sync.py took 0.307 seconds
[2025-11-18T01:42:43.336+0000] {processor.py:157} INFO - Started process (PID=8247) to work on /opt/airflow/dags/tasks/recsys_data_sync.py
[2025-11-18T01:42:43.336+0000] {processor.py:829} INFO - Processing file /opt/airflow/dags/tasks/recsys_data_sync.py for tasks to queue
[2025-11-18T01:42:43.336+0000] {logging_mixin.py:154} INFO - [2025-11-18T01:42:43.336+0000] {dagbag.py:536} INFO - Filling up the DagBag from /opt/airflow/dags/tasks/recsys_data_sync.py
[2025-11-18T01:42:43.645+0000] {processor.py:841} WARNING - No viable dags retrieved from /opt/airflow/dags/tasks/recsys_data_sync.py
[2025-11-18T01:42:43.655+0000] {processor.py:179} INFO - Processing /opt/airflow/dags/tasks/recsys_data_sync.py took 0.323 seconds
[2025-11-18T01:43:14.434+0000] {processor.py:157} INFO - Started process (PID=8312) to work on /opt/airflow/dags/tasks/recsys_data_sync.py
[2025-11-18T01:43:14.435+0000] {processor.py:829} INFO - Processing file /opt/airflow/dags/tasks/recsys_data_sync.py for tasks to queue
[2025-11-18T01:43:14.437+0000] {logging_mixin.py:154} INFO - [2025-11-18T01:43:14.436+0000] {dagbag.py:536} INFO - Filling up the DagBag from /opt/airflow/dags/tasks/recsys_data_sync.py
[2025-11-18T01:43:14.745+0000] {processor.py:841} WARNING - No viable dags retrieved from /opt/airflow/dags/tasks/recsys_data_sync.py
[2025-11-18T01:43:14.754+0000] {processor.py:179} INFO - Processing /opt/airflow/dags/tasks/recsys_data_sync.py took 0.322 seconds
[2025-11-18T01:43:45.579+0000] {processor.py:157} INFO - Started process (PID=8377) to work on /opt/airflow/dags/tasks/recsys_data_sync.py
[2025-11-18T01:43:45.579+0000] {processor.py:829} INFO - Processing file /opt/airflow/dags/tasks/recsys_data_sync.py for tasks to queue
[2025-11-18T01:43:45.580+0000] {logging_mixin.py:154} INFO - [2025-11-18T01:43:45.579+0000] {dagbag.py:536} INFO - Filling up the DagBag from /opt/airflow/dags/tasks/recsys_data_sync.py
[2025-11-18T01:43:45.909+0000] {processor.py:841} WARNING - No viable dags retrieved from /opt/airflow/dags/tasks/recsys_data_sync.py
[2025-11-18T01:43:45.917+0000] {processor.py:179} INFO - Processing /opt/airflow/dags/tasks/recsys_data_sync.py took 0.341 seconds
[2025-11-18T01:44:16.713+0000] {processor.py:157} INFO - Started process (PID=8442) to work on /opt/airflow/dags/tasks/recsys_data_sync.py
[2025-11-18T01:44:16.714+0000] {processor.py:829} INFO - Processing file /opt/airflow/dags/tasks/recsys_data_sync.py for tasks to queue
[2025-11-18T01:44:16.715+0000] {logging_mixin.py:154} INFO - [2025-11-18T01:44:16.714+0000] {dagbag.py:536} INFO - Filling up the DagBag from /opt/airflow/dags/tasks/recsys_data_sync.py
[2025-11-18T01:44:17.209+0000] {processor.py:841} WARNING - No viable dags retrieved from /opt/airflow/dags/tasks/recsys_data_sync.py
[2025-11-18T01:44:17.222+0000] {processor.py:179} INFO - Processing /opt/airflow/dags/tasks/recsys_data_sync.py took 0.513 seconds
[2025-11-18T01:44:47.792+0000] {processor.py:157} INFO - Started process (PID=8507) to work on /opt/airflow/dags/tasks/recsys_data_sync.py
[2025-11-18T01:44:47.793+0000] {processor.py:829} INFO - Processing file /opt/airflow/dags/tasks/recsys_data_sync.py for tasks to queue
[2025-11-18T01:44:47.793+0000] {logging_mixin.py:154} INFO - [2025-11-18T01:44:47.793+0000] {dagbag.py:536} INFO - Filling up the DagBag from /opt/airflow/dags/tasks/recsys_data_sync.py
[2025-11-18T01:44:48.133+0000] {processor.py:841} WARNING - No viable dags retrieved from /opt/airflow/dags/tasks/recsys_data_sync.py
[2025-11-18T01:44:48.141+0000] {processor.py:179} INFO - Processing /opt/airflow/dags/tasks/recsys_data_sync.py took 0.353 seconds
[2025-11-18T01:45:18.316+0000] {processor.py:157} INFO - Started process (PID=8565) to work on /opt/airflow/dags/tasks/recsys_data_sync.py
[2025-11-18T01:45:18.316+0000] {processor.py:829} INFO - Processing file /opt/airflow/dags/tasks/recsys_data_sync.py for tasks to queue
[2025-11-18T01:45:18.317+0000] {logging_mixin.py:154} INFO - [2025-11-18T01:45:18.317+0000] {dagbag.py:536} INFO - Filling up the DagBag from /opt/airflow/dags/tasks/recsys_data_sync.py
[2025-11-18T01:45:17.875+0000] {processor.py:841} WARNING - No viable dags retrieved from /opt/airflow/dags/tasks/recsys_data_sync.py
[2025-11-18T01:45:17.883+0000] {processor.py:179} INFO - Processing /opt/airflow/dags/tasks/recsys_data_sync.py took 0.354 seconds
[2025-11-18T01:45:48.697+0000] {processor.py:157} INFO - Started process (PID=8630) to work on /opt/airflow/dags/tasks/recsys_data_sync.py
[2025-11-18T01:45:48.698+0000] {processor.py:829} INFO - Processing file /opt/airflow/dags/tasks/recsys_data_sync.py for tasks to queue
[2025-11-18T01:45:48.698+0000] {logging_mixin.py:154} INFO - [2025-11-18T01:45:48.698+0000] {dagbag.py:536} INFO - Filling up the DagBag from /opt/airflow/dags/tasks/recsys_data_sync.py
[2025-11-18T01:45:48.992+0000] {processor.py:841} WARNING - No viable dags retrieved from /opt/airflow/dags/tasks/recsys_data_sync.py
[2025-11-18T01:45:49.002+0000] {processor.py:179} INFO - Processing /opt/airflow/dags/tasks/recsys_data_sync.py took 0.307 seconds
[2025-11-18T01:46:19.795+0000] {processor.py:157} INFO - Started process (PID=8696) to work on /opt/airflow/dags/tasks/recsys_data_sync.py
[2025-11-18T01:46:19.795+0000] {processor.py:829} INFO - Processing file /opt/airflow/dags/tasks/recsys_data_sync.py for tasks to queue
[2025-11-18T01:46:19.795+0000] {logging_mixin.py:154} INFO - [2025-11-18T01:46:19.795+0000] {dagbag.py:536} INFO - Filling up the DagBag from /opt/airflow/dags/tasks/recsys_data_sync.py
[2025-11-18T01:46:20.114+0000] {processor.py:841} WARNING - No viable dags retrieved from /opt/airflow/dags/tasks/recsys_data_sync.py
[2025-11-18T01:46:20.123+0000] {processor.py:179} INFO - Processing /opt/airflow/dags/tasks/recsys_data_sync.py took 0.331 seconds
[2025-11-18T02:27:34.325+0000] {processor.py:157} INFO - Started process (PID=183) to work on /opt/airflow/dags/tasks/recsys_data_sync.py
[2025-11-18T02:27:34.326+0000] {processor.py:829} INFO - Processing file /opt/airflow/dags/tasks/recsys_data_sync.py for tasks to queue
[2025-11-18T02:27:34.326+0000] {logging_mixin.py:154} INFO - [2025-11-18T02:27:34.326+0000] {dagbag.py:536} INFO - Filling up the DagBag from /opt/airflow/dags/tasks/recsys_data_sync.py
[2025-11-18T02:27:34.689+0000] {processor.py:841} WARNING - No viable dags retrieved from /opt/airflow/dags/tasks/recsys_data_sync.py
[2025-11-18T02:27:34.699+0000] {processor.py:179} INFO - Processing /opt/airflow/dags/tasks/recsys_data_sync.py took 0.377 seconds
[2025-11-18T02:28:05.428+0000] {processor.py:157} INFO - Started process (PID=312) to work on /opt/airflow/dags/tasks/recsys_data_sync.py
[2025-11-18T02:28:05.429+0000] {processor.py:829} INFO - Processing file /opt/airflow/dags/tasks/recsys_data_sync.py for tasks to queue
[2025-11-18T02:28:05.430+0000] {logging_mixin.py:154} INFO - [2025-11-18T02:28:05.429+0000] {dagbag.py:536} INFO - Filling up the DagBag from /opt/airflow/dags/tasks/recsys_data_sync.py
[2025-11-18T02:28:06.013+0000] {processor.py:841} WARNING - No viable dags retrieved from /opt/airflow/dags/tasks/recsys_data_sync.py
[2025-11-18T02:28:06.025+0000] {processor.py:179} INFO - Processing /opt/airflow/dags/tasks/recsys_data_sync.py took 0.599 seconds
[2025-11-18T02:28:36.592+0000] {processor.py:157} INFO - Started process (PID=497) to work on /opt/airflow/dags/tasks/recsys_data_sync.py
[2025-11-18T02:28:36.600+0000] {processor.py:829} INFO - Processing file /opt/airflow/dags/tasks/recsys_data_sync.py for tasks to queue
[2025-11-18T02:28:36.602+0000] {logging_mixin.py:154} INFO - [2025-11-18T02:28:36.601+0000] {dagbag.py:536} INFO - Filling up the DagBag from /opt/airflow/dags/tasks/recsys_data_sync.py
[2025-11-18T02:28:36.963+0000] {processor.py:841} WARNING - No viable dags retrieved from /opt/airflow/dags/tasks/recsys_data_sync.py
[2025-11-18T02:28:36.976+0000] {processor.py:179} INFO - Processing /opt/airflow/dags/tasks/recsys_data_sync.py took 0.386 seconds
[2025-11-18T02:29:07.446+0000] {processor.py:157} INFO - Started process (PID=574) to work on /opt/airflow/dags/tasks/recsys_data_sync.py
[2025-11-18T02:29:07.452+0000] {processor.py:829} INFO - Processing file /opt/airflow/dags/tasks/recsys_data_sync.py for tasks to queue
[2025-11-18T02:29:07.453+0000] {logging_mixin.py:154} INFO - [2025-11-18T02:29:07.453+0000] {dagbag.py:536} INFO - Filling up the DagBag from /opt/airflow/dags/tasks/recsys_data_sync.py
[2025-11-18T02:29:06.634+0000] {processor.py:841} WARNING - No viable dags retrieved from /opt/airflow/dags/tasks/recsys_data_sync.py
[2025-11-18T02:29:06.645+0000] {processor.py:179} INFO - Processing /opt/airflow/dags/tasks/recsys_data_sync.py took 0.656 seconds
[2025-11-18T02:29:37.302+0000] {processor.py:157} INFO - Started process (PID=630) to work on /opt/airflow/dags/tasks/recsys_data_sync.py
[2025-11-18T02:29:37.319+0000] {processor.py:829} INFO - Processing file /opt/airflow/dags/tasks/recsys_data_sync.py for tasks to queue
[2025-11-18T02:29:37.319+0000] {logging_mixin.py:154} INFO - [2025-11-18T02:29:37.319+0000] {dagbag.py:536} INFO - Filling up the DagBag from /opt/airflow/dags/tasks/recsys_data_sync.py
[2025-11-18T02:29:37.745+0000] {processor.py:841} WARNING - No viable dags retrieved from /opt/airflow/dags/tasks/recsys_data_sync.py
[2025-11-18T02:29:37.758+0000] {processor.py:179} INFO - Processing /opt/airflow/dags/tasks/recsys_data_sync.py took 0.461 seconds
[2025-11-18T02:30:08.209+0000] {processor.py:157} INFO - Started process (PID=695) to work on /opt/airflow/dags/tasks/recsys_data_sync.py
[2025-11-18T02:30:08.213+0000] {processor.py:829} INFO - Processing file /opt/airflow/dags/tasks/recsys_data_sync.py for tasks to queue
[2025-11-18T02:30:08.214+0000] {logging_mixin.py:154} INFO - [2025-11-18T02:30:08.214+0000] {dagbag.py:536} INFO - Filling up the DagBag from /opt/airflow/dags/tasks/recsys_data_sync.py
[2025-11-18T02:30:08.618+0000] {processor.py:841} WARNING - No viable dags retrieved from /opt/airflow/dags/tasks/recsys_data_sync.py
[2025-11-18T02:30:08.628+0000] {processor.py:179} INFO - Processing /opt/airflow/dags/tasks/recsys_data_sync.py took 0.423 seconds
[2025-11-18T02:30:39.499+0000] {processor.py:157} INFO - Started process (PID=758) to work on /opt/airflow/dags/tasks/recsys_data_sync.py
[2025-11-18T02:30:39.504+0000] {processor.py:829} INFO - Processing file /opt/airflow/dags/tasks/recsys_data_sync.py for tasks to queue
[2025-11-18T02:30:39.504+0000] {logging_mixin.py:154} INFO - [2025-11-18T02:30:39.504+0000] {dagbag.py:536} INFO - Filling up the DagBag from /opt/airflow/dags/tasks/recsys_data_sync.py
[2025-11-18T02:30:39.914+0000] {processor.py:841} WARNING - No viable dags retrieved from /opt/airflow/dags/tasks/recsys_data_sync.py
[2025-11-18T02:30:39.924+0000] {processor.py:179} INFO - Processing /opt/airflow/dags/tasks/recsys_data_sync.py took 0.428 seconds
[2025-11-18T02:31:10.613+0000] {processor.py:157} INFO - Started process (PID=816) to work on /opt/airflow/dags/tasks/recsys_data_sync.py
[2025-11-18T02:31:10.614+0000] {processor.py:829} INFO - Processing file /opt/airflow/dags/tasks/recsys_data_sync.py for tasks to queue
[2025-11-18T02:31:10.615+0000] {logging_mixin.py:154} INFO - [2025-11-18T02:31:10.615+0000] {dagbag.py:536} INFO - Filling up the DagBag from /opt/airflow/dags/tasks/recsys_data_sync.py
[2025-11-18T02:31:10.958+0000] {processor.py:841} WARNING - No viable dags retrieved from /opt/airflow/dags/tasks/recsys_data_sync.py
[2025-11-18T02:31:10.968+0000] {processor.py:179} INFO - Processing /opt/airflow/dags/tasks/recsys_data_sync.py took 0.357 seconds
[2025-11-18T02:31:41.748+0000] {processor.py:157} INFO - Started process (PID=994) to work on /opt/airflow/dags/tasks/recsys_data_sync.py
[2025-11-18T02:31:41.749+0000] {processor.py:829} INFO - Processing file /opt/airflow/dags/tasks/recsys_data_sync.py for tasks to queue
[2025-11-18T02:31:41.750+0000] {logging_mixin.py:154} INFO - [2025-11-18T02:31:41.750+0000] {dagbag.py:536} INFO - Filling up the DagBag from /opt/airflow/dags/tasks/recsys_data_sync.py
[2025-11-18T02:31:42.088+0000] {processor.py:841} WARNING - No viable dags retrieved from /opt/airflow/dags/tasks/recsys_data_sync.py
[2025-11-18T02:31:42.096+0000] {processor.py:179} INFO - Processing /opt/airflow/dags/tasks/recsys_data_sync.py took 0.350 seconds
[2025-11-18T02:32:12.824+0000] {processor.py:157} INFO - Started process (PID=1059) to work on /opt/airflow/dags/tasks/recsys_data_sync.py
[2025-11-18T02:32:12.825+0000] {processor.py:829} INFO - Processing file /opt/airflow/dags/tasks/recsys_data_sync.py for tasks to queue
[2025-11-18T02:32:12.825+0000] {logging_mixin.py:154} INFO - [2025-11-18T02:32:12.825+0000] {dagbag.py:536} INFO - Filling up the DagBag from /opt/airflow/dags/tasks/recsys_data_sync.py
[2025-11-18T02:32:13.174+0000] {processor.py:841} WARNING - No viable dags retrieved from /opt/airflow/dags/tasks/recsys_data_sync.py
[2025-11-18T02:32:13.183+0000] {processor.py:179} INFO - Processing /opt/airflow/dags/tasks/recsys_data_sync.py took 0.361 seconds
[2025-11-18T02:32:43.956+0000] {processor.py:157} INFO - Started process (PID=1124) to work on /opt/airflow/dags/tasks/recsys_data_sync.py
[2025-11-18T02:32:43.957+0000] {processor.py:829} INFO - Processing file /opt/airflow/dags/tasks/recsys_data_sync.py for tasks to queue
[2025-11-18T02:32:43.957+0000] {logging_mixin.py:154} INFO - [2025-11-18T02:32:43.957+0000] {dagbag.py:536} INFO - Filling up the DagBag from /opt/airflow/dags/tasks/recsys_data_sync.py
[2025-11-18T02:32:44.283+0000] {processor.py:841} WARNING - No viable dags retrieved from /opt/airflow/dags/tasks/recsys_data_sync.py
[2025-11-18T02:32:44.293+0000] {processor.py:179} INFO - Processing /opt/airflow/dags/tasks/recsys_data_sync.py took 0.340 seconds
[2025-11-18T02:33:15.049+0000] {processor.py:157} INFO - Started process (PID=1189) to work on /opt/airflow/dags/tasks/recsys_data_sync.py
[2025-11-18T02:33:15.050+0000] {processor.py:829} INFO - Processing file /opt/airflow/dags/tasks/recsys_data_sync.py for tasks to queue
[2025-11-18T02:33:15.051+0000] {logging_mixin.py:154} INFO - [2025-11-18T02:33:15.050+0000] {dagbag.py:536} INFO - Filling up the DagBag from /opt/airflow/dags/tasks/recsys_data_sync.py
[2025-11-18T02:33:15.349+0000] {processor.py:841} WARNING - No viable dags retrieved from /opt/airflow/dags/tasks/recsys_data_sync.py
[2025-11-18T02:33:15.359+0000] {processor.py:179} INFO - Processing /opt/airflow/dags/tasks/recsys_data_sync.py took 0.312 seconds
[2025-11-18T02:33:46.254+0000] {processor.py:157} INFO - Started process (PID=1254) to work on /opt/airflow/dags/tasks/recsys_data_sync.py
[2025-11-18T02:33:46.255+0000] {processor.py:829} INFO - Processing file /opt/airflow/dags/tasks/recsys_data_sync.py for tasks to queue
[2025-11-18T02:33:46.255+0000] {logging_mixin.py:154} INFO - [2025-11-18T02:33:46.255+0000] {dagbag.py:536} INFO - Filling up the DagBag from /opt/airflow/dags/tasks/recsys_data_sync.py
[2025-11-18T02:33:46.637+0000] {processor.py:841} WARNING - No viable dags retrieved from /opt/airflow/dags/tasks/recsys_data_sync.py
[2025-11-18T02:33:46.646+0000] {processor.py:179} INFO - Processing /opt/airflow/dags/tasks/recsys_data_sync.py took 0.395 seconds
[2025-11-18T02:34:17.415+0000] {processor.py:157} INFO - Started process (PID=1319) to work on /opt/airflow/dags/tasks/recsys_data_sync.py
[2025-11-18T02:34:17.416+0000] {processor.py:829} INFO - Processing file /opt/airflow/dags/tasks/recsys_data_sync.py for tasks to queue
[2025-11-18T02:34:17.417+0000] {logging_mixin.py:154} INFO - [2025-11-18T02:34:17.416+0000] {dagbag.py:536} INFO - Filling up the DagBag from /opt/airflow/dags/tasks/recsys_data_sync.py
[2025-11-18T02:34:17.801+0000] {processor.py:841} WARNING - No viable dags retrieved from /opt/airflow/dags/tasks/recsys_data_sync.py
[2025-11-18T02:34:17.811+0000] {processor.py:179} INFO - Processing /opt/airflow/dags/tasks/recsys_data_sync.py took 0.398 seconds
[2025-11-18T02:34:48.573+0000] {processor.py:157} INFO - Started process (PID=1377) to work on /opt/airflow/dags/tasks/recsys_data_sync.py
[2025-11-18T02:34:48.573+0000] {processor.py:829} INFO - Processing file /opt/airflow/dags/tasks/recsys_data_sync.py for tasks to queue
[2025-11-18T02:34:48.574+0000] {logging_mixin.py:154} INFO - [2025-11-18T02:34:48.574+0000] {dagbag.py:536} INFO - Filling up the DagBag from /opt/airflow/dags/tasks/recsys_data_sync.py
[2025-11-18T02:34:48.888+0000] {processor.py:841} WARNING - No viable dags retrieved from /opt/airflow/dags/tasks/recsys_data_sync.py
[2025-11-18T02:34:48.897+0000] {processor.py:179} INFO - Processing /opt/airflow/dags/tasks/recsys_data_sync.py took 0.327 seconds
[2025-11-18T02:35:19.190+0000] {processor.py:157} INFO - Started process (PID=1443) to work on /opt/airflow/dags/tasks/recsys_data_sync.py
[2025-11-18T02:35:19.191+0000] {processor.py:829} INFO - Processing file /opt/airflow/dags/tasks/recsys_data_sync.py for tasks to queue
[2025-11-18T02:35:19.192+0000] {logging_mixin.py:154} INFO - [2025-11-18T02:35:19.191+0000] {dagbag.py:536} INFO - Filling up the DagBag from /opt/airflow/dags/tasks/recsys_data_sync.py
[2025-11-18T02:35:19.510+0000] {processor.py:841} WARNING - No viable dags retrieved from /opt/airflow/dags/tasks/recsys_data_sync.py
[2025-11-18T02:35:19.518+0000] {processor.py:179} INFO - Processing /opt/airflow/dags/tasks/recsys_data_sync.py took 0.330 seconds
[2025-11-18T02:35:50.290+0000] {processor.py:157} INFO - Started process (PID=1508) to work on /opt/airflow/dags/tasks/recsys_data_sync.py
[2025-11-18T02:35:50.291+0000] {processor.py:829} INFO - Processing file /opt/airflow/dags/tasks/recsys_data_sync.py for tasks to queue
[2025-11-18T02:35:50.291+0000] {logging_mixin.py:154} INFO - [2025-11-18T02:35:50.291+0000] {dagbag.py:536} INFO - Filling up the DagBag from /opt/airflow/dags/tasks/recsys_data_sync.py
[2025-11-18T02:35:50.584+0000] {processor.py:841} WARNING - No viable dags retrieved from /opt/airflow/dags/tasks/recsys_data_sync.py
[2025-11-18T02:35:50.593+0000] {processor.py:179} INFO - Processing /opt/airflow/dags/tasks/recsys_data_sync.py took 0.306 seconds
[2025-11-18T02:36:20.915+0000] {processor.py:157} INFO - Started process (PID=1573) to work on /opt/airflow/dags/tasks/recsys_data_sync.py
[2025-11-18T02:36:20.915+0000] {processor.py:829} INFO - Processing file /opt/airflow/dags/tasks/recsys_data_sync.py for tasks to queue
[2025-11-18T02:36:20.916+0000] {logging_mixin.py:154} INFO - [2025-11-18T02:36:20.916+0000] {dagbag.py:536} INFO - Filling up the DagBag from /opt/airflow/dags/tasks/recsys_data_sync.py
[2025-11-18T02:36:21.226+0000] {processor.py:841} WARNING - No viable dags retrieved from /opt/airflow/dags/tasks/recsys_data_sync.py
[2025-11-18T02:36:21.236+0000] {processor.py:179} INFO - Processing /opt/airflow/dags/tasks/recsys_data_sync.py took 0.324 seconds
[2025-11-18T02:36:51.649+0000] {processor.py:157} INFO - Started process (PID=1639) to work on /opt/airflow/dags/tasks/recsys_data_sync.py
[2025-11-18T02:36:51.651+0000] {processor.py:829} INFO - Processing file /opt/airflow/dags/tasks/recsys_data_sync.py for tasks to queue
[2025-11-18T02:36:51.651+0000] {logging_mixin.py:154} INFO - [2025-11-18T02:36:51.651+0000] {dagbag.py:536} INFO - Filling up the DagBag from /opt/airflow/dags/tasks/recsys_data_sync.py
[2025-11-18T02:36:51.964+0000] {processor.py:841} WARNING - No viable dags retrieved from /opt/airflow/dags/tasks/recsys_data_sync.py
[2025-11-18T02:36:51.974+0000] {processor.py:179} INFO - Processing /opt/airflow/dags/tasks/recsys_data_sync.py took 0.327 seconds
[2025-11-18T02:37:22.158+0000] {processor.py:157} INFO - Started process (PID=1704) to work on /opt/airflow/dags/tasks/recsys_data_sync.py
[2025-11-18T02:37:22.158+0000] {processor.py:829} INFO - Processing file /opt/airflow/dags/tasks/recsys_data_sync.py for tasks to queue
[2025-11-18T02:37:22.159+0000] {logging_mixin.py:154} INFO - [2025-11-18T02:37:22.159+0000] {dagbag.py:536} INFO - Filling up the DagBag from /opt/airflow/dags/tasks/recsys_data_sync.py
[2025-11-18T02:37:22.496+0000] {processor.py:841} WARNING - No viable dags retrieved from /opt/airflow/dags/tasks/recsys_data_sync.py
[2025-11-18T02:37:22.506+0000] {processor.py:179} INFO - Processing /opt/airflow/dags/tasks/recsys_data_sync.py took 0.351 seconds
[2025-11-18T02:37:52.927+0000] {processor.py:157} INFO - Started process (PID=1762) to work on /opt/airflow/dags/tasks/recsys_data_sync.py
[2025-11-18T02:37:52.928+0000] {processor.py:829} INFO - Processing file /opt/airflow/dags/tasks/recsys_data_sync.py for tasks to queue
[2025-11-18T02:37:52.928+0000] {logging_mixin.py:154} INFO - [2025-11-18T02:37:52.928+0000] {dagbag.py:536} INFO - Filling up the DagBag from /opt/airflow/dags/tasks/recsys_data_sync.py
[2025-11-18T02:37:53.247+0000] {processor.py:841} WARNING - No viable dags retrieved from /opt/airflow/dags/tasks/recsys_data_sync.py
[2025-11-18T02:37:53.257+0000] {processor.py:179} INFO - Processing /opt/airflow/dags/tasks/recsys_data_sync.py took 0.333 seconds
[2025-11-18T02:38:23.466+0000] {processor.py:157} INFO - Started process (PID=1827) to work on /opt/airflow/dags/tasks/recsys_data_sync.py
[2025-11-18T02:38:23.466+0000] {processor.py:829} INFO - Processing file /opt/airflow/dags/tasks/recsys_data_sync.py for tasks to queue
[2025-11-18T02:38:23.467+0000] {logging_mixin.py:154} INFO - [2025-11-18T02:38:23.467+0000] {dagbag.py:536} INFO - Filling up the DagBag from /opt/airflow/dags/tasks/recsys_data_sync.py
[2025-11-18T02:38:23.955+0000] {processor.py:841} WARNING - No viable dags retrieved from /opt/airflow/dags/tasks/recsys_data_sync.py
[2025-11-18T02:38:23.971+0000] {processor.py:179} INFO - Processing /opt/airflow/dags/tasks/recsys_data_sync.py took 0.510 seconds
[2025-11-18T02:38:54.540+0000] {processor.py:157} INFO - Started process (PID=1892) to work on /opt/airflow/dags/tasks/recsys_data_sync.py
[2025-11-18T02:38:54.540+0000] {processor.py:829} INFO - Processing file /opt/airflow/dags/tasks/recsys_data_sync.py for tasks to queue
[2025-11-18T02:38:54.541+0000] {logging_mixin.py:154} INFO - [2025-11-18T02:38:54.541+0000] {dagbag.py:536} INFO - Filling up the DagBag from /opt/airflow/dags/tasks/recsys_data_sync.py
[2025-11-18T02:38:54.906+0000] {processor.py:841} WARNING - No viable dags retrieved from /opt/airflow/dags/tasks/recsys_data_sync.py
[2025-11-18T02:38:54.916+0000] {processor.py:179} INFO - Processing /opt/airflow/dags/tasks/recsys_data_sync.py took 0.378 seconds
[2025-11-18T02:39:25.728+0000] {processor.py:157} INFO - Started process (PID=1957) to work on /opt/airflow/dags/tasks/recsys_data_sync.py
[2025-11-18T02:39:25.728+0000] {processor.py:829} INFO - Processing file /opt/airflow/dags/tasks/recsys_data_sync.py for tasks to queue
[2025-11-18T02:39:25.729+0000] {logging_mixin.py:154} INFO - [2025-11-18T02:39:25.729+0000] {dagbag.py:536} INFO - Filling up the DagBag from /opt/airflow/dags/tasks/recsys_data_sync.py
[2025-11-18T02:39:26.303+0000] {processor.py:841} WARNING - No viable dags retrieved from /opt/airflow/dags/tasks/recsys_data_sync.py
[2025-11-18T02:39:26.311+0000] {processor.py:179} INFO - Processing /opt/airflow/dags/tasks/recsys_data_sync.py took 0.588 seconds
[2025-11-18T02:39:56.866+0000] {processor.py:157} INFO - Started process (PID=2022) to work on /opt/airflow/dags/tasks/recsys_data_sync.py
[2025-11-18T02:39:56.867+0000] {processor.py:829} INFO - Processing file /opt/airflow/dags/tasks/recsys_data_sync.py for tasks to queue
[2025-11-18T02:39:56.868+0000] {logging_mixin.py:154} INFO - [2025-11-18T02:39:56.867+0000] {dagbag.py:536} INFO - Filling up the DagBag from /opt/airflow/dags/tasks/recsys_data_sync.py
[2025-11-18T02:39:57.288+0000] {processor.py:841} WARNING - No viable dags retrieved from /opt/airflow/dags/tasks/recsys_data_sync.py
[2025-11-18T02:39:57.299+0000] {processor.py:179} INFO - Processing /opt/airflow/dags/tasks/recsys_data_sync.py took 0.436 seconds
[2025-11-18T02:40:27.362+0000] {processor.py:157} INFO - Started process (PID=2080) to work on /opt/airflow/dags/tasks/recsys_data_sync.py
[2025-11-18T02:40:27.362+0000] {processor.py:829} INFO - Processing file /opt/airflow/dags/tasks/recsys_data_sync.py for tasks to queue
[2025-11-18T02:40:27.363+0000] {logging_mixin.py:154} INFO - [2025-11-18T02:40:27.363+0000] {dagbag.py:536} INFO - Filling up the DagBag from /opt/airflow/dags/tasks/recsys_data_sync.py
[2025-11-18T02:40:27.674+0000] {processor.py:841} WARNING - No viable dags retrieved from /opt/airflow/dags/tasks/recsys_data_sync.py
[2025-11-18T02:40:27.683+0000] {processor.py:179} INFO - Processing /opt/airflow/dags/tasks/recsys_data_sync.py took 0.324 seconds
[2025-11-18T02:40:57.906+0000] {processor.py:157} INFO - Started process (PID=2145) to work on /opt/airflow/dags/tasks/recsys_data_sync.py
[2025-11-18T02:40:57.906+0000] {processor.py:829} INFO - Processing file /opt/airflow/dags/tasks/recsys_data_sync.py for tasks to queue
[2025-11-18T02:40:57.907+0000] {logging_mixin.py:154} INFO - [2025-11-18T02:40:57.907+0000] {dagbag.py:536} INFO - Filling up the DagBag from /opt/airflow/dags/tasks/recsys_data_sync.py
[2025-11-18T02:40:58.294+0000] {processor.py:841} WARNING - No viable dags retrieved from /opt/airflow/dags/tasks/recsys_data_sync.py
[2025-11-18T02:40:58.304+0000] {processor.py:179} INFO - Processing /opt/airflow/dags/tasks/recsys_data_sync.py took 0.401 seconds
[2025-11-18T02:41:29.066+0000] {processor.py:157} INFO - Started process (PID=2208) to work on /opt/airflow/dags/tasks/recsys_data_sync.py
[2025-11-18T02:41:29.078+0000] {processor.py:829} INFO - Processing file /opt/airflow/dags/tasks/recsys_data_sync.py for tasks to queue
[2025-11-18T02:41:29.079+0000] {logging_mixin.py:154} INFO - [2025-11-18T02:41:29.079+0000] {dagbag.py:536} INFO - Filling up the DagBag from /opt/airflow/dags/tasks/recsys_data_sync.py
[2025-11-18T02:41:29.436+0000] {processor.py:841} WARNING - No viable dags retrieved from /opt/airflow/dags/tasks/recsys_data_sync.py
[2025-11-18T02:41:29.446+0000] {processor.py:179} INFO - Processing /opt/airflow/dags/tasks/recsys_data_sync.py took 0.383 seconds
[2025-11-18T02:42:00.006+0000] {processor.py:157} INFO - Started process (PID=2258) to work on /opt/airflow/dags/tasks/recsys_data_sync.py
[2025-11-18T02:42:00.006+0000] {processor.py:829} INFO - Processing file /opt/airflow/dags/tasks/recsys_data_sync.py for tasks to queue
[2025-11-18T02:42:00.007+0000] {logging_mixin.py:154} INFO - [2025-11-18T02:42:00.007+0000] {dagbag.py:536} INFO - Filling up the DagBag from /opt/airflow/dags/tasks/recsys_data_sync.py
[2025-11-18T02:42:00.340+0000] {processor.py:841} WARNING - No viable dags retrieved from /opt/airflow/dags/tasks/recsys_data_sync.py
[2025-11-18T02:42:00.349+0000] {processor.py:179} INFO - Processing /opt/airflow/dags/tasks/recsys_data_sync.py took 0.346 seconds
[2025-11-18T02:42:31.114+0000] {processor.py:157} INFO - Started process (PID=2323) to work on /opt/airflow/dags/tasks/recsys_data_sync.py
[2025-11-18T02:42:31.119+0000] {processor.py:829} INFO - Processing file /opt/airflow/dags/tasks/recsys_data_sync.py for tasks to queue
[2025-11-18T02:42:31.120+0000] {logging_mixin.py:154} INFO - [2025-11-18T02:42:31.120+0000] {dagbag.py:536} INFO - Filling up the DagBag from /opt/airflow/dags/tasks/recsys_data_sync.py
[2025-11-18T02:42:31.479+0000] {processor.py:841} WARNING - No viable dags retrieved from /opt/airflow/dags/tasks/recsys_data_sync.py
[2025-11-18T02:42:31.493+0000] {processor.py:179} INFO - Processing /opt/airflow/dags/tasks/recsys_data_sync.py took 0.381 seconds
[2025-11-18T02:43:02.259+0000] {processor.py:157} INFO - Started process (PID=2389) to work on /opt/airflow/dags/tasks/recsys_data_sync.py
[2025-11-18T02:43:02.260+0000] {processor.py:829} INFO - Processing file /opt/airflow/dags/tasks/recsys_data_sync.py for tasks to queue
[2025-11-18T02:43:02.260+0000] {logging_mixin.py:154} INFO - [2025-11-18T02:43:02.260+0000] {dagbag.py:536} INFO - Filling up the DagBag from /opt/airflow/dags/tasks/recsys_data_sync.py
[2025-11-18T02:43:02.589+0000] {processor.py:841} WARNING - No viable dags retrieved from /opt/airflow/dags/tasks/recsys_data_sync.py
[2025-11-18T02:43:02.598+0000] {processor.py:179} INFO - Processing /opt/airflow/dags/tasks/recsys_data_sync.py took 0.342 seconds
[2025-11-18T02:43:33.367+0000] {processor.py:157} INFO - Started process (PID=2454) to work on /opt/airflow/dags/tasks/recsys_data_sync.py
[2025-11-18T02:43:33.368+0000] {processor.py:829} INFO - Processing file /opt/airflow/dags/tasks/recsys_data_sync.py for tasks to queue
[2025-11-18T02:43:33.368+0000] {logging_mixin.py:154} INFO - [2025-11-18T02:43:33.368+0000] {dagbag.py:536} INFO - Filling up the DagBag from /opt/airflow/dags/tasks/recsys_data_sync.py
[2025-11-18T02:43:33.728+0000] {processor.py:841} WARNING - No viable dags retrieved from /opt/airflow/dags/tasks/recsys_data_sync.py
[2025-11-18T02:43:33.738+0000] {processor.py:179} INFO - Processing /opt/airflow/dags/tasks/recsys_data_sync.py took 0.374 seconds
[2025-11-18T02:44:04.484+0000] {processor.py:157} INFO - Started process (PID=2512) to work on /opt/airflow/dags/tasks/recsys_data_sync.py
[2025-11-18T02:44:04.484+0000] {processor.py:829} INFO - Processing file /opt/airflow/dags/tasks/recsys_data_sync.py for tasks to queue
[2025-11-18T02:44:04.485+0000] {logging_mixin.py:154} INFO - [2025-11-18T02:44:04.485+0000] {dagbag.py:536} INFO - Filling up the DagBag from /opt/airflow/dags/tasks/recsys_data_sync.py
[2025-11-18T02:44:04.833+0000] {processor.py:841} WARNING - No viable dags retrieved from /opt/airflow/dags/tasks/recsys_data_sync.py
[2025-11-18T02:44:04.844+0000] {processor.py:179} INFO - Processing /opt/airflow/dags/tasks/recsys_data_sync.py took 0.364 seconds
[2025-11-18T02:44:35.624+0000] {processor.py:157} INFO - Started process (PID=2577) to work on /opt/airflow/dags/tasks/recsys_data_sync.py
[2025-11-18T02:44:35.624+0000] {processor.py:829} INFO - Processing file /opt/airflow/dags/tasks/recsys_data_sync.py for tasks to queue
[2025-11-18T02:44:35.625+0000] {logging_mixin.py:154} INFO - [2025-11-18T02:44:35.625+0000] {dagbag.py:536} INFO - Filling up the DagBag from /opt/airflow/dags/tasks/recsys_data_sync.py
[2025-11-18T02:44:35.979+0000] {processor.py:841} WARNING - No viable dags retrieved from /opt/airflow/dags/tasks/recsys_data_sync.py
[2025-11-18T02:44:35.989+0000] {processor.py:179} INFO - Processing /opt/airflow/dags/tasks/recsys_data_sync.py took 0.368 seconds
[2025-11-18T02:45:06.703+0000] {processor.py:157} INFO - Started process (PID=2642) to work on /opt/airflow/dags/tasks/recsys_data_sync.py
[2025-11-18T02:45:06.703+0000] {processor.py:829} INFO - Processing file /opt/airflow/dags/tasks/recsys_data_sync.py for tasks to queue
[2025-11-18T02:45:06.704+0000] {logging_mixin.py:154} INFO - [2025-11-18T02:45:06.703+0000] {dagbag.py:536} INFO - Filling up the DagBag from /opt/airflow/dags/tasks/recsys_data_sync.py
[2025-11-18T02:45:07.036+0000] {processor.py:841} WARNING - No viable dags retrieved from /opt/airflow/dags/tasks/recsys_data_sync.py
[2025-11-18T02:45:07.046+0000] {processor.py:179} INFO - Processing /opt/airflow/dags/tasks/recsys_data_sync.py took 0.346 seconds
[2025-11-18T02:45:37.833+0000] {processor.py:157} INFO - Started process (PID=2707) to work on /opt/airflow/dags/tasks/recsys_data_sync.py
[2025-11-18T02:45:37.834+0000] {processor.py:829} INFO - Processing file /opt/airflow/dags/tasks/recsys_data_sync.py for tasks to queue
[2025-11-18T02:45:37.834+0000] {logging_mixin.py:154} INFO - [2025-11-18T02:45:37.834+0000] {dagbag.py:536} INFO - Filling up the DagBag from /opt/airflow/dags/tasks/recsys_data_sync.py
[2025-11-18T02:45:38.191+0000] {processor.py:841} WARNING - No viable dags retrieved from /opt/airflow/dags/tasks/recsys_data_sync.py
[2025-11-18T02:45:38.199+0000] {processor.py:179} INFO - Processing /opt/airflow/dags/tasks/recsys_data_sync.py took 0.369 seconds
[2025-11-18T02:46:08.527+0000] {processor.py:157} INFO - Started process (PID=2772) to work on /opt/airflow/dags/tasks/recsys_data_sync.py
[2025-11-18T02:46:08.528+0000] {processor.py:829} INFO - Processing file /opt/airflow/dags/tasks/recsys_data_sync.py for tasks to queue
[2025-11-18T02:46:08.528+0000] {logging_mixin.py:154} INFO - [2025-11-18T02:46:08.528+0000] {dagbag.py:536} INFO - Filling up the DagBag from /opt/airflow/dags/tasks/recsys_data_sync.py
[2025-11-18T02:46:08.882+0000] {processor.py:841} WARNING - No viable dags retrieved from /opt/airflow/dags/tasks/recsys_data_sync.py
[2025-11-18T02:46:08.894+0000] {processor.py:179} INFO - Processing /opt/airflow/dags/tasks/recsys_data_sync.py took 0.369 seconds
[2025-11-18T02:46:39.202+0000] {processor.py:157} INFO - Started process (PID=2837) to work on /opt/airflow/dags/tasks/recsys_data_sync.py
[2025-11-18T02:46:39.204+0000] {processor.py:829} INFO - Processing file /opt/airflow/dags/tasks/recsys_data_sync.py for tasks to queue
[2025-11-18T02:46:39.204+0000] {logging_mixin.py:154} INFO - [2025-11-18T02:46:39.204+0000] {dagbag.py:536} INFO - Filling up the DagBag from /opt/airflow/dags/tasks/recsys_data_sync.py
[2025-11-18T02:46:39.595+0000] {processor.py:841} WARNING - No viable dags retrieved from /opt/airflow/dags/tasks/recsys_data_sync.py
[2025-11-18T02:46:39.605+0000] {processor.py:179} INFO - Processing /opt/airflow/dags/tasks/recsys_data_sync.py took 0.407 seconds
[2025-11-18T02:47:09.906+0000] {processor.py:157} INFO - Started process (PID=2895) to work on /opt/airflow/dags/tasks/recsys_data_sync.py
[2025-11-18T02:47:09.907+0000] {processor.py:829} INFO - Processing file /opt/airflow/dags/tasks/recsys_data_sync.py for tasks to queue
[2025-11-18T02:47:09.907+0000] {logging_mixin.py:154} INFO - [2025-11-18T02:47:09.907+0000] {dagbag.py:536} INFO - Filling up the DagBag from /opt/airflow/dags/tasks/recsys_data_sync.py
[2025-11-18T02:47:10.253+0000] {processor.py:841} WARNING - No viable dags retrieved from /opt/airflow/dags/tasks/recsys_data_sync.py
[2025-11-18T02:47:10.263+0000] {processor.py:179} INFO - Processing /opt/airflow/dags/tasks/recsys_data_sync.py took 0.360 seconds
[2025-11-18T02:47:40.660+0000] {processor.py:157} INFO - Started process (PID=2960) to work on /opt/airflow/dags/tasks/recsys_data_sync.py
[2025-11-18T02:47:40.661+0000] {processor.py:829} INFO - Processing file /opt/airflow/dags/tasks/recsys_data_sync.py for tasks to queue
[2025-11-18T02:47:40.662+0000] {logging_mixin.py:154} INFO - [2025-11-18T02:47:40.661+0000] {dagbag.py:536} INFO - Filling up the DagBag from /opt/airflow/dags/tasks/recsys_data_sync.py
[2025-11-18T02:47:39.533+0000] {processor.py:841} WARNING - No viable dags retrieved from /opt/airflow/dags/tasks/recsys_data_sync.py
[2025-11-18T02:47:39.543+0000] {processor.py:179} INFO - Processing /opt/airflow/dags/tasks/recsys_data_sync.py took 0.347 seconds
[2025-11-18T02:48:09.719+0000] {processor.py:157} INFO - Started process (PID=3025) to work on /opt/airflow/dags/tasks/recsys_data_sync.py
[2025-11-18T02:48:09.720+0000] {processor.py:829} INFO - Processing file /opt/airflow/dags/tasks/recsys_data_sync.py for tasks to queue
[2025-11-18T02:48:09.720+0000] {logging_mixin.py:154} INFO - [2025-11-18T02:48:09.720+0000] {dagbag.py:536} INFO - Filling up the DagBag from /opt/airflow/dags/tasks/recsys_data_sync.py
[2025-11-18T02:48:10.057+0000] {processor.py:841} WARNING - No viable dags retrieved from /opt/airflow/dags/tasks/recsys_data_sync.py
[2025-11-18T02:48:10.068+0000] {processor.py:179} INFO - Processing /opt/airflow/dags/tasks/recsys_data_sync.py took 0.351 seconds
[2025-11-18T02:48:40.475+0000] {processor.py:157} INFO - Started process (PID=3089) to work on /opt/airflow/dags/tasks/recsys_data_sync.py
[2025-11-18T02:48:40.476+0000] {processor.py:829} INFO - Processing file /opt/airflow/dags/tasks/recsys_data_sync.py for tasks to queue
[2025-11-18T02:48:40.476+0000] {logging_mixin.py:154} INFO - [2025-11-18T02:48:40.476+0000] {dagbag.py:536} INFO - Filling up the DagBag from /opt/airflow/dags/tasks/recsys_data_sync.py
[2025-11-18T02:48:40.783+0000] {processor.py:841} WARNING - No viable dags retrieved from /opt/airflow/dags/tasks/recsys_data_sync.py
[2025-11-18T02:48:40.793+0000] {processor.py:179} INFO - Processing /opt/airflow/dags/tasks/recsys_data_sync.py took 0.321 seconds
[2025-11-18T02:49:11.120+0000] {processor.py:157} INFO - Started process (PID=3154) to work on /opt/airflow/dags/tasks/recsys_data_sync.py
[2025-11-18T02:49:11.120+0000] {processor.py:829} INFO - Processing file /opt/airflow/dags/tasks/recsys_data_sync.py for tasks to queue
[2025-11-18T02:49:11.121+0000] {logging_mixin.py:154} INFO - [2025-11-18T02:49:11.121+0000] {dagbag.py:536} INFO - Filling up the DagBag from /opt/airflow/dags/tasks/recsys_data_sync.py
[2025-11-18T02:49:11.440+0000] {processor.py:841} WARNING - No viable dags retrieved from /opt/airflow/dags/tasks/recsys_data_sync.py
[2025-11-18T02:49:11.450+0000] {processor.py:179} INFO - Processing /opt/airflow/dags/tasks/recsys_data_sync.py took 0.333 seconds
[2025-11-18T02:49:41.732+0000] {processor.py:157} INFO - Started process (PID=3212) to work on /opt/airflow/dags/tasks/recsys_data_sync.py
[2025-11-18T02:49:41.732+0000] {processor.py:829} INFO - Processing file /opt/airflow/dags/tasks/recsys_data_sync.py for tasks to queue
[2025-11-18T02:49:41.733+0000] {logging_mixin.py:154} INFO - [2025-11-18T02:49:41.733+0000] {dagbag.py:536} INFO - Filling up the DagBag from /opt/airflow/dags/tasks/recsys_data_sync.py
[2025-11-18T02:49:42.098+0000] {processor.py:841} WARNING - No viable dags retrieved from /opt/airflow/dags/tasks/recsys_data_sync.py
[2025-11-18T02:49:42.107+0000] {processor.py:179} INFO - Processing /opt/airflow/dags/tasks/recsys_data_sync.py took 0.379 seconds
[2025-11-18T02:50:12.340+0000] {processor.py:157} INFO - Started process (PID=3277) to work on /opt/airflow/dags/tasks/recsys_data_sync.py
[2025-11-18T02:50:12.341+0000] {processor.py:829} INFO - Processing file /opt/airflow/dags/tasks/recsys_data_sync.py for tasks to queue
[2025-11-18T02:50:12.341+0000] {logging_mixin.py:154} INFO - [2025-11-18T02:50:12.341+0000] {dagbag.py:536} INFO - Filling up the DagBag from /opt/airflow/dags/tasks/recsys_data_sync.py
[2025-11-18T02:50:12.645+0000] {processor.py:841} WARNING - No viable dags retrieved from /opt/airflow/dags/tasks/recsys_data_sync.py
[2025-11-18T02:50:12.654+0000] {processor.py:179} INFO - Processing /opt/airflow/dags/tasks/recsys_data_sync.py took 0.316 seconds
[2025-11-18T02:50:43.087+0000] {processor.py:157} INFO - Started process (PID=3342) to work on /opt/airflow/dags/tasks/recsys_data_sync.py
[2025-11-18T02:50:43.088+0000] {processor.py:829} INFO - Processing file /opt/airflow/dags/tasks/recsys_data_sync.py for tasks to queue
[2025-11-18T02:50:43.088+0000] {logging_mixin.py:154} INFO - [2025-11-18T02:50:43.088+0000] {dagbag.py:536} INFO - Filling up the DagBag from /opt/airflow/dags/tasks/recsys_data_sync.py
[2025-11-18T02:50:43.417+0000] {processor.py:841} WARNING - No viable dags retrieved from /opt/airflow/dags/tasks/recsys_data_sync.py
[2025-11-18T02:50:43.426+0000] {processor.py:179} INFO - Processing /opt/airflow/dags/tasks/recsys_data_sync.py took 0.341 seconds
[2025-11-18T02:51:13.591+0000] {processor.py:157} INFO - Started process (PID=3407) to work on /opt/airflow/dags/tasks/recsys_data_sync.py
[2025-11-18T02:51:13.592+0000] {processor.py:829} INFO - Processing file /opt/airflow/dags/tasks/recsys_data_sync.py for tasks to queue
[2025-11-18T02:51:13.592+0000] {logging_mixin.py:154} INFO - [2025-11-18T02:51:13.592+0000] {dagbag.py:536} INFO - Filling up the DagBag from /opt/airflow/dags/tasks/recsys_data_sync.py
[2025-11-18T02:51:13.949+0000] {processor.py:841} WARNING - No viable dags retrieved from /opt/airflow/dags/tasks/recsys_data_sync.py
[2025-11-18T02:51:13.959+0000] {processor.py:179} INFO - Processing /opt/airflow/dags/tasks/recsys_data_sync.py took 0.372 seconds
[2025-11-18T02:51:44.336+0000] {processor.py:157} INFO - Started process (PID=3472) to work on /opt/airflow/dags/tasks/recsys_data_sync.py
[2025-11-18T02:51:44.337+0000] {processor.py:829} INFO - Processing file /opt/airflow/dags/tasks/recsys_data_sync.py for tasks to queue
[2025-11-18T02:51:44.337+0000] {logging_mixin.py:154} INFO - [2025-11-18T02:51:44.337+0000] {dagbag.py:536} INFO - Filling up the DagBag from /opt/airflow/dags/tasks/recsys_data_sync.py
[2025-11-18T02:51:44.672+0000] {processor.py:841} WARNING - No viable dags retrieved from /opt/airflow/dags/tasks/recsys_data_sync.py
[2025-11-18T02:51:44.681+0000] {processor.py:179} INFO - Processing /opt/airflow/dags/tasks/recsys_data_sync.py took 0.349 seconds
[2025-11-18T02:52:15.074+0000] {processor.py:157} INFO - Started process (PID=3530) to work on /opt/airflow/dags/tasks/recsys_data_sync.py
[2025-11-18T02:52:15.074+0000] {processor.py:829} INFO - Processing file /opt/airflow/dags/tasks/recsys_data_sync.py for tasks to queue
[2025-11-18T02:52:15.075+0000] {logging_mixin.py:154} INFO - [2025-11-18T02:52:15.075+0000] {dagbag.py:536} INFO - Filling up the DagBag from /opt/airflow/dags/tasks/recsys_data_sync.py
[2025-11-18T02:52:15.411+0000] {processor.py:841} WARNING - No viable dags retrieved from /opt/airflow/dags/tasks/recsys_data_sync.py
[2025-11-18T02:52:15.422+0000] {processor.py:179} INFO - Processing /opt/airflow/dags/tasks/recsys_data_sync.py took 0.350 seconds
[2025-11-18T02:52:45.687+0000] {processor.py:157} INFO - Started process (PID=3595) to work on /opt/airflow/dags/tasks/recsys_data_sync.py
[2025-11-18T02:52:45.688+0000] {processor.py:829} INFO - Processing file /opt/airflow/dags/tasks/recsys_data_sync.py for tasks to queue
[2025-11-18T02:52:45.689+0000] {logging_mixin.py:154} INFO - [2025-11-18T02:52:45.688+0000] {dagbag.py:536} INFO - Filling up the DagBag from /opt/airflow/dags/tasks/recsys_data_sync.py
[2025-11-18T02:52:45.996+0000] {processor.py:841} WARNING - No viable dags retrieved from /opt/airflow/dags/tasks/recsys_data_sync.py
[2025-11-18T02:52:46.006+0000] {processor.py:179} INFO - Processing /opt/airflow/dags/tasks/recsys_data_sync.py took 0.321 seconds
[2025-11-18T02:53:16.441+0000] {processor.py:157} INFO - Started process (PID=3660) to work on /opt/airflow/dags/tasks/recsys_data_sync.py
[2025-11-18T02:53:16.442+0000] {processor.py:829} INFO - Processing file /opt/airflow/dags/tasks/recsys_data_sync.py for tasks to queue
[2025-11-18T02:53:16.442+0000] {logging_mixin.py:154} INFO - [2025-11-18T02:53:16.442+0000] {dagbag.py:536} INFO - Filling up the DagBag from /opt/airflow/dags/tasks/recsys_data_sync.py
[2025-11-18T02:53:16.807+0000] {processor.py:841} WARNING - No viable dags retrieved from /opt/airflow/dags/tasks/recsys_data_sync.py
[2025-11-18T02:53:16.818+0000] {processor.py:179} INFO - Processing /opt/airflow/dags/tasks/recsys_data_sync.py took 0.380 seconds
[2025-11-18T02:53:47.003+0000] {processor.py:157} INFO - Started process (PID=3725) to work on /opt/airflow/dags/tasks/recsys_data_sync.py
[2025-11-18T02:53:47.003+0000] {processor.py:829} INFO - Processing file /opt/airflow/dags/tasks/recsys_data_sync.py for tasks to queue
[2025-11-18T02:53:47.004+0000] {logging_mixin.py:154} INFO - [2025-11-18T02:53:47.004+0000] {dagbag.py:536} INFO - Filling up the DagBag from /opt/airflow/dags/tasks/recsys_data_sync.py
[2025-11-18T02:53:47.304+0000] {processor.py:841} WARNING - No viable dags retrieved from /opt/airflow/dags/tasks/recsys_data_sync.py
[2025-11-18T02:53:47.313+0000] {processor.py:179} INFO - Processing /opt/airflow/dags/tasks/recsys_data_sync.py took 0.313 seconds
[2025-11-18T02:54:17.751+0000] {processor.py:157} INFO - Started process (PID=3787) to work on /opt/airflow/dags/tasks/recsys_data_sync.py
[2025-11-18T02:54:17.751+0000] {processor.py:829} INFO - Processing file /opt/airflow/dags/tasks/recsys_data_sync.py for tasks to queue
[2025-11-18T02:54:17.752+0000] {logging_mixin.py:154} INFO - [2025-11-18T02:54:17.752+0000] {dagbag.py:536} INFO - Filling up the DagBag from /opt/airflow/dags/tasks/recsys_data_sync.py
[2025-11-18T02:54:18.076+0000] {processor.py:841} WARNING - No viable dags retrieved from /opt/airflow/dags/tasks/recsys_data_sync.py
[2025-11-18T02:54:18.089+0000] {processor.py:179} INFO - Processing /opt/airflow/dags/tasks/recsys_data_sync.py took 0.340 seconds
[2025-11-18T02:54:48.557+0000] {processor.py:157} INFO - Started process (PID=3847) to work on /opt/airflow/dags/tasks/recsys_data_sync.py
[2025-11-18T02:54:48.558+0000] {processor.py:829} INFO - Processing file /opt/airflow/dags/tasks/recsys_data_sync.py for tasks to queue
[2025-11-18T02:54:48.558+0000] {logging_mixin.py:154} INFO - [2025-11-18T02:54:48.558+0000] {dagbag.py:536} INFO - Filling up the DagBag from /opt/airflow/dags/tasks/recsys_data_sync.py
[2025-11-18T02:54:48.905+0000] {processor.py:841} WARNING - No viable dags retrieved from /opt/airflow/dags/tasks/recsys_data_sync.py
[2025-11-18T02:54:48.915+0000] {processor.py:179} INFO - Processing /opt/airflow/dags/tasks/recsys_data_sync.py took 0.360 seconds
[2025-11-18T02:55:19.718+0000] {processor.py:157} INFO - Started process (PID=3906) to work on /opt/airflow/dags/tasks/recsys_data_sync.py
[2025-11-18T02:55:19.725+0000] {processor.py:829} INFO - Processing file /opt/airflow/dags/tasks/recsys_data_sync.py for tasks to queue
[2025-11-18T02:55:19.726+0000] {logging_mixin.py:154} INFO - [2025-11-18T02:55:19.725+0000] {dagbag.py:536} INFO - Filling up the DagBag from /opt/airflow/dags/tasks/recsys_data_sync.py
[2025-11-18T02:55:20.087+0000] {processor.py:841} WARNING - No viable dags retrieved from /opt/airflow/dags/tasks/recsys_data_sync.py
[2025-11-18T02:55:20.098+0000] {processor.py:179} INFO - Processing /opt/airflow/dags/tasks/recsys_data_sync.py took 0.387 seconds
[2025-11-18T02:55:50.881+0000] {processor.py:157} INFO - Started process (PID=3974) to work on /opt/airflow/dags/tasks/recsys_data_sync.py
[2025-11-18T02:55:50.882+0000] {processor.py:829} INFO - Processing file /opt/airflow/dags/tasks/recsys_data_sync.py for tasks to queue
[2025-11-18T02:55:50.882+0000] {logging_mixin.py:154} INFO - [2025-11-18T02:55:50.882+0000] {dagbag.py:536} INFO - Filling up the DagBag from /opt/airflow/dags/tasks/recsys_data_sync.py
[2025-11-18T02:55:51.203+0000] {processor.py:841} WARNING - No viable dags retrieved from /opt/airflow/dags/tasks/recsys_data_sync.py
[2025-11-18T02:55:51.212+0000] {processor.py:179} INFO - Processing /opt/airflow/dags/tasks/recsys_data_sync.py took 0.333 seconds
[2025-11-18T02:56:21.966+0000] {processor.py:157} INFO - Started process (PID=4041) to work on /opt/airflow/dags/tasks/recsys_data_sync.py
[2025-11-18T02:56:21.972+0000] {processor.py:829} INFO - Processing file /opt/airflow/dags/tasks/recsys_data_sync.py for tasks to queue
[2025-11-18T02:56:21.973+0000] {logging_mixin.py:154} INFO - [2025-11-18T02:56:21.973+0000] {dagbag.py:536} INFO - Filling up the DagBag from /opt/airflow/dags/tasks/recsys_data_sync.py
[2025-11-18T02:56:22.342+0000] {processor.py:841} WARNING - No viable dags retrieved from /opt/airflow/dags/tasks/recsys_data_sync.py
[2025-11-18T02:56:22.353+0000] {processor.py:179} INFO - Processing /opt/airflow/dags/tasks/recsys_data_sync.py took 0.390 seconds
[2025-11-18T02:56:53.067+0000] {processor.py:157} INFO - Started process (PID=4106) to work on /opt/airflow/dags/tasks/recsys_data_sync.py
[2025-11-18T02:56:53.068+0000] {processor.py:829} INFO - Processing file /opt/airflow/dags/tasks/recsys_data_sync.py for tasks to queue
[2025-11-18T02:56:53.068+0000] {logging_mixin.py:154} INFO - [2025-11-18T02:56:53.068+0000] {dagbag.py:536} INFO - Filling up the DagBag from /opt/airflow/dags/tasks/recsys_data_sync.py
[2025-11-18T02:56:53.388+0000] {processor.py:841} WARNING - No viable dags retrieved from /opt/airflow/dags/tasks/recsys_data_sync.py
[2025-11-18T02:56:53.397+0000] {processor.py:179} INFO - Processing /opt/airflow/dags/tasks/recsys_data_sync.py took 0.332 seconds
[2025-11-18T02:57:24.174+0000] {processor.py:157} INFO - Started process (PID=4171) to work on /opt/airflow/dags/tasks/recsys_data_sync.py
[2025-11-18T02:57:24.175+0000] {processor.py:829} INFO - Processing file /opt/airflow/dags/tasks/recsys_data_sync.py for tasks to queue
[2025-11-18T02:57:24.176+0000] {logging_mixin.py:154} INFO - [2025-11-18T02:57:24.176+0000] {dagbag.py:536} INFO - Filling up the DagBag from /opt/airflow/dags/tasks/recsys_data_sync.py
[2025-11-18T02:57:24.506+0000] {processor.py:841} WARNING - No viable dags retrieved from /opt/airflow/dags/tasks/recsys_data_sync.py
[2025-11-18T02:57:24.515+0000] {processor.py:179} INFO - Processing /opt/airflow/dags/tasks/recsys_data_sync.py took 0.344 seconds
[2025-11-18T02:57:55.237+0000] {processor.py:157} INFO - Started process (PID=4236) to work on /opt/airflow/dags/tasks/recsys_data_sync.py
[2025-11-18T02:57:55.237+0000] {processor.py:829} INFO - Processing file /opt/airflow/dags/tasks/recsys_data_sync.py for tasks to queue
[2025-11-18T02:57:55.238+0000] {logging_mixin.py:154} INFO - [2025-11-18T02:57:55.237+0000] {dagbag.py:536} INFO - Filling up the DagBag from /opt/airflow/dags/tasks/recsys_data_sync.py
[2025-11-18T02:57:55.561+0000] {processor.py:841} WARNING - No viable dags retrieved from /opt/airflow/dags/tasks/recsys_data_sync.py
[2025-11-18T02:57:55.571+0000] {processor.py:179} INFO - Processing /opt/airflow/dags/tasks/recsys_data_sync.py took 0.337 seconds
[2025-11-18T02:58:26.312+0000] {processor.py:157} INFO - Started process (PID=4294) to work on /opt/airflow/dags/tasks/recsys_data_sync.py
[2025-11-18T02:58:26.313+0000] {processor.py:829} INFO - Processing file /opt/airflow/dags/tasks/recsys_data_sync.py for tasks to queue
[2025-11-18T02:58:26.314+0000] {logging_mixin.py:154} INFO - [2025-11-18T02:58:26.313+0000] {dagbag.py:536} INFO - Filling up the DagBag from /opt/airflow/dags/tasks/recsys_data_sync.py
[2025-11-18T02:58:26.649+0000] {processor.py:841} WARNING - No viable dags retrieved from /opt/airflow/dags/tasks/recsys_data_sync.py
[2025-11-18T02:58:26.660+0000] {processor.py:179} INFO - Processing /opt/airflow/dags/tasks/recsys_data_sync.py took 0.350 seconds
[2025-11-18T02:58:57.403+0000] {processor.py:157} INFO - Started process (PID=4359) to work on /opt/airflow/dags/tasks/recsys_data_sync.py
[2025-11-18T02:58:57.403+0000] {processor.py:829} INFO - Processing file /opt/airflow/dags/tasks/recsys_data_sync.py for tasks to queue
[2025-11-18T02:58:57.403+0000] {logging_mixin.py:154} INFO - [2025-11-18T02:58:57.403+0000] {dagbag.py:536} INFO - Filling up the DagBag from /opt/airflow/dags/tasks/recsys_data_sync.py
[2025-11-18T02:58:57.746+0000] {processor.py:841} WARNING - No viable dags retrieved from /opt/airflow/dags/tasks/recsys_data_sync.py
[2025-11-18T02:58:57.756+0000] {processor.py:179} INFO - Processing /opt/airflow/dags/tasks/recsys_data_sync.py took 0.356 seconds
[2025-11-18T02:59:28.518+0000] {processor.py:157} INFO - Started process (PID=4424) to work on /opt/airflow/dags/tasks/recsys_data_sync.py
[2025-11-18T02:59:28.520+0000] {processor.py:829} INFO - Processing file /opt/airflow/dags/tasks/recsys_data_sync.py for tasks to queue
[2025-11-18T02:59:28.520+0000] {logging_mixin.py:154} INFO - [2025-11-18T02:59:28.520+0000] {dagbag.py:536} INFO - Filling up the DagBag from /opt/airflow/dags/tasks/recsys_data_sync.py
[2025-11-18T02:59:28.863+0000] {processor.py:841} WARNING - No viable dags retrieved from /opt/airflow/dags/tasks/recsys_data_sync.py
[2025-11-18T02:59:28.872+0000] {processor.py:179} INFO - Processing /opt/airflow/dags/tasks/recsys_data_sync.py took 0.356 seconds
[2025-11-18T02:59:59.640+0000] {processor.py:157} INFO - Started process (PID=4489) to work on /opt/airflow/dags/tasks/recsys_data_sync.py
[2025-11-18T02:59:59.640+0000] {processor.py:829} INFO - Processing file /opt/airflow/dags/tasks/recsys_data_sync.py for tasks to queue
[2025-11-18T02:59:59.641+0000] {logging_mixin.py:154} INFO - [2025-11-18T02:59:59.641+0000] {dagbag.py:536} INFO - Filling up the DagBag from /opt/airflow/dags/tasks/recsys_data_sync.py
[2025-11-18T02:59:59.984+0000] {processor.py:841} WARNING - No viable dags retrieved from /opt/airflow/dags/tasks/recsys_data_sync.py
[2025-11-18T02:59:59.994+0000] {processor.py:179} INFO - Processing /opt/airflow/dags/tasks/recsys_data_sync.py took 0.357 seconds
[2025-11-18T03:00:30.722+0000] {processor.py:157} INFO - Started process (PID=4554) to work on /opt/airflow/dags/tasks/recsys_data_sync.py
[2025-11-18T03:00:30.723+0000] {processor.py:829} INFO - Processing file /opt/airflow/dags/tasks/recsys_data_sync.py for tasks to queue
[2025-11-18T03:00:30.723+0000] {logging_mixin.py:154} INFO - [2025-11-18T03:00:30.723+0000] {dagbag.py:536} INFO - Filling up the DagBag from /opt/airflow/dags/tasks/recsys_data_sync.py
[2025-11-18T03:00:30.413+0000] {processor.py:841} WARNING - No viable dags retrieved from /opt/airflow/dags/tasks/recsys_data_sync.py
[2025-11-18T03:00:30.423+0000] {processor.py:179} INFO - Processing /opt/airflow/dags/tasks/recsys_data_sync.py took 0.347 seconds
[2025-11-18T03:01:01.335+0000] {processor.py:157} INFO - Started process (PID=4619) to work on /opt/airflow/dags/tasks/recsys_data_sync.py
[2025-11-18T03:01:01.335+0000] {processor.py:829} INFO - Processing file /opt/airflow/dags/tasks/recsys_data_sync.py for tasks to queue
[2025-11-18T03:01:01.336+0000] {logging_mixin.py:154} INFO - [2025-11-18T03:01:01.336+0000] {dagbag.py:536} INFO - Filling up the DagBag from /opt/airflow/dags/tasks/recsys_data_sync.py
[2025-11-18T03:01:01.665+0000] {processor.py:841} WARNING - No viable dags retrieved from /opt/airflow/dags/tasks/recsys_data_sync.py
[2025-11-18T03:01:01.674+0000] {processor.py:179} INFO - Processing /opt/airflow/dags/tasks/recsys_data_sync.py took 0.342 seconds
[2025-11-18T03:01:32.419+0000] {processor.py:157} INFO - Started process (PID=4685) to work on /opt/airflow/dags/tasks/recsys_data_sync.py
[2025-11-18T03:01:32.420+0000] {processor.py:829} INFO - Processing file /opt/airflow/dags/tasks/recsys_data_sync.py for tasks to queue
[2025-11-18T03:01:32.420+0000] {logging_mixin.py:154} INFO - [2025-11-18T03:01:32.420+0000] {dagbag.py:536} INFO - Filling up the DagBag from /opt/airflow/dags/tasks/recsys_data_sync.py
[2025-11-18T03:01:32.751+0000] {processor.py:841} WARNING - No viable dags retrieved from /opt/airflow/dags/tasks/recsys_data_sync.py
[2025-11-18T03:01:32.760+0000] {processor.py:179} INFO - Processing /opt/airflow/dags/tasks/recsys_data_sync.py took 0.343 seconds
[2025-11-18T03:02:03.472+0000] {processor.py:157} INFO - Started process (PID=4743) to work on /opt/airflow/dags/tasks/recsys_data_sync.py
[2025-11-18T03:02:03.473+0000] {processor.py:829} INFO - Processing file /opt/airflow/dags/tasks/recsys_data_sync.py for tasks to queue
[2025-11-18T03:02:03.474+0000] {logging_mixin.py:154} INFO - [2025-11-18T03:02:03.474+0000] {dagbag.py:536} INFO - Filling up the DagBag from /opt/airflow/dags/tasks/recsys_data_sync.py
[2025-11-18T03:02:03.776+0000] {processor.py:841} WARNING - No viable dags retrieved from /opt/airflow/dags/tasks/recsys_data_sync.py
[2025-11-18T03:02:03.785+0000] {processor.py:179} INFO - Processing /opt/airflow/dags/tasks/recsys_data_sync.py took 0.316 seconds
[2025-11-18T03:02:34.725+0000] {processor.py:157} INFO - Started process (PID=4808) to work on /opt/airflow/dags/tasks/recsys_data_sync.py
[2025-11-18T03:02:34.725+0000] {processor.py:829} INFO - Processing file /opt/airflow/dags/tasks/recsys_data_sync.py for tasks to queue
[2025-11-18T03:02:34.726+0000] {logging_mixin.py:154} INFO - [2025-11-18T03:02:34.726+0000] {dagbag.py:536} INFO - Filling up the DagBag from /opt/airflow/dags/tasks/recsys_data_sync.py
[2025-11-18T03:02:35.099+0000] {processor.py:841} WARNING - No viable dags retrieved from /opt/airflow/dags/tasks/recsys_data_sync.py
[2025-11-18T03:02:35.109+0000] {processor.py:179} INFO - Processing /opt/airflow/dags/tasks/recsys_data_sync.py took 0.387 seconds
[2025-11-18T03:03:05.868+0000] {processor.py:157} INFO - Started process (PID=4873) to work on /opt/airflow/dags/tasks/recsys_data_sync.py
[2025-11-18T03:03:05.869+0000] {processor.py:829} INFO - Processing file /opt/airflow/dags/tasks/recsys_data_sync.py for tasks to queue
[2025-11-18T03:03:05.869+0000] {logging_mixin.py:154} INFO - [2025-11-18T03:03:05.869+0000] {dagbag.py:536} INFO - Filling up the DagBag from /opt/airflow/dags/tasks/recsys_data_sync.py
[2025-11-18T03:03:06.177+0000] {processor.py:841} WARNING - No viable dags retrieved from /opt/airflow/dags/tasks/recsys_data_sync.py
[2025-11-18T03:03:06.186+0000] {processor.py:179} INFO - Processing /opt/airflow/dags/tasks/recsys_data_sync.py took 0.321 seconds
[2025-11-18T03:03:36.435+0000] {processor.py:157} INFO - Started process (PID=4938) to work on /opt/airflow/dags/tasks/recsys_data_sync.py
[2025-11-18T03:03:36.436+0000] {processor.py:829} INFO - Processing file /opt/airflow/dags/tasks/recsys_data_sync.py for tasks to queue
[2025-11-18T03:03:36.436+0000] {logging_mixin.py:154} INFO - [2025-11-18T03:03:36.436+0000] {dagbag.py:536} INFO - Filling up the DagBag from /opt/airflow/dags/tasks/recsys_data_sync.py
[2025-11-18T03:03:36.786+0000] {processor.py:841} WARNING - No viable dags retrieved from /opt/airflow/dags/tasks/recsys_data_sync.py
[2025-11-18T03:03:36.795+0000] {processor.py:179} INFO - Processing /opt/airflow/dags/tasks/recsys_data_sync.py took 0.362 seconds
[2025-11-18T03:04:07.581+0000] {processor.py:157} INFO - Started process (PID=5003) to work on /opt/airflow/dags/tasks/recsys_data_sync.py
[2025-11-18T03:04:07.582+0000] {processor.py:829} INFO - Processing file /opt/airflow/dags/tasks/recsys_data_sync.py for tasks to queue
[2025-11-18T03:04:07.582+0000] {logging_mixin.py:154} INFO - [2025-11-18T03:04:07.582+0000] {dagbag.py:536} INFO - Filling up the DagBag from /opt/airflow/dags/tasks/recsys_data_sync.py
[2025-11-18T03:04:07.908+0000] {processor.py:841} WARNING - No viable dags retrieved from /opt/airflow/dags/tasks/recsys_data_sync.py
[2025-11-18T03:04:07.918+0000] {processor.py:179} INFO - Processing /opt/airflow/dags/tasks/recsys_data_sync.py took 0.340 seconds
[2025-11-18T03:04:38.108+0000] {processor.py:157} INFO - Started process (PID=5068) to work on /opt/airflow/dags/tasks/recsys_data_sync.py
[2025-11-18T03:04:38.108+0000] {processor.py:829} INFO - Processing file /opt/airflow/dags/tasks/recsys_data_sync.py for tasks to queue
[2025-11-18T03:04:38.109+0000] {logging_mixin.py:154} INFO - [2025-11-18T03:04:38.108+0000] {dagbag.py:536} INFO - Filling up the DagBag from /opt/airflow/dags/tasks/recsys_data_sync.py
[2025-11-18T03:04:38.447+0000] {processor.py:841} WARNING - No viable dags retrieved from /opt/airflow/dags/tasks/recsys_data_sync.py
[2025-11-18T03:04:38.455+0000] {processor.py:179} INFO - Processing /opt/airflow/dags/tasks/recsys_data_sync.py took 0.351 seconds
[2025-11-18T03:05:08.857+0000] {processor.py:157} INFO - Started process (PID=5126) to work on /opt/airflow/dags/tasks/recsys_data_sync.py
[2025-11-18T03:05:08.858+0000] {processor.py:829} INFO - Processing file /opt/airflow/dags/tasks/recsys_data_sync.py for tasks to queue
[2025-11-18T03:05:08.858+0000] {logging_mixin.py:154} INFO - [2025-11-18T03:05:08.858+0000] {dagbag.py:536} INFO - Filling up the DagBag from /opt/airflow/dags/tasks/recsys_data_sync.py
[2025-11-18T03:05:09.203+0000] {processor.py:841} WARNING - No viable dags retrieved from /opt/airflow/dags/tasks/recsys_data_sync.py
[2025-11-18T03:05:09.212+0000] {processor.py:179} INFO - Processing /opt/airflow/dags/tasks/recsys_data_sync.py took 0.357 seconds
[2025-11-18T03:05:39.555+0000] {processor.py:157} INFO - Started process (PID=5191) to work on /opt/airflow/dags/tasks/recsys_data_sync.py
[2025-11-18T03:05:39.555+0000] {processor.py:829} INFO - Processing file /opt/airflow/dags/tasks/recsys_data_sync.py for tasks to queue
[2025-11-18T03:05:39.556+0000] {logging_mixin.py:154} INFO - [2025-11-18T03:05:39.556+0000] {dagbag.py:536} INFO - Filling up the DagBag from /opt/airflow/dags/tasks/recsys_data_sync.py
[2025-11-18T03:05:39.910+0000] {processor.py:841} WARNING - No viable dags retrieved from /opt/airflow/dags/tasks/recsys_data_sync.py
[2025-11-18T03:05:39.922+0000] {processor.py:179} INFO - Processing /opt/airflow/dags/tasks/recsys_data_sync.py took 0.370 seconds
[2025-11-18T03:06:10.253+0000] {processor.py:157} INFO - Started process (PID=5256) to work on /opt/airflow/dags/tasks/recsys_data_sync.py
[2025-11-18T03:06:10.254+0000] {processor.py:829} INFO - Processing file /opt/airflow/dags/tasks/recsys_data_sync.py for tasks to queue
[2025-11-18T03:06:10.254+0000] {logging_mixin.py:154} INFO - [2025-11-18T03:06:10.254+0000] {dagbag.py:536} INFO - Filling up the DagBag from /opt/airflow/dags/tasks/recsys_data_sync.py
[2025-11-18T03:06:10.601+0000] {processor.py:841} WARNING - No viable dags retrieved from /opt/airflow/dags/tasks/recsys_data_sync.py
[2025-11-18T03:06:10.611+0000] {processor.py:179} INFO - Processing /opt/airflow/dags/tasks/recsys_data_sync.py took 0.360 seconds
[2025-11-18T03:06:40.935+0000] {processor.py:157} INFO - Started process (PID=5321) to work on /opt/airflow/dags/tasks/recsys_data_sync.py
[2025-11-18T03:06:40.935+0000] {processor.py:829} INFO - Processing file /opt/airflow/dags/tasks/recsys_data_sync.py for tasks to queue
[2025-11-18T03:06:40.936+0000] {logging_mixin.py:154} INFO - [2025-11-18T03:06:40.936+0000] {dagbag.py:536} INFO - Filling up the DagBag from /opt/airflow/dags/tasks/recsys_data_sync.py
[2025-11-18T03:06:41.283+0000] {processor.py:841} WARNING - No viable dags retrieved from /opt/airflow/dags/tasks/recsys_data_sync.py
[2025-11-18T03:06:41.292+0000] {processor.py:179} INFO - Processing /opt/airflow/dags/tasks/recsys_data_sync.py took 0.360 seconds
[2025-11-18T03:07:11.554+0000] {processor.py:157} INFO - Started process (PID=5386) to work on /opt/airflow/dags/tasks/recsys_data_sync.py
[2025-11-18T03:07:11.555+0000] {processor.py:829} INFO - Processing file /opt/airflow/dags/tasks/recsys_data_sync.py for tasks to queue
[2025-11-18T03:07:11.555+0000] {logging_mixin.py:154} INFO - [2025-11-18T03:07:11.555+0000] {dagbag.py:536} INFO - Filling up the DagBag from /opt/airflow/dags/tasks/recsys_data_sync.py
[2025-11-18T03:07:11.881+0000] {processor.py:841} WARNING - No viable dags retrieved from /opt/airflow/dags/tasks/recsys_data_sync.py
[2025-11-18T03:07:11.890+0000] {processor.py:179} INFO - Processing /opt/airflow/dags/tasks/recsys_data_sync.py took 0.338 seconds
[2025-11-18T03:07:42.161+0000] {processor.py:157} INFO - Started process (PID=5451) to work on /opt/airflow/dags/tasks/recsys_data_sync.py
[2025-11-18T03:07:42.161+0000] {processor.py:829} INFO - Processing file /opt/airflow/dags/tasks/recsys_data_sync.py for tasks to queue
[2025-11-18T03:07:42.162+0000] {logging_mixin.py:154} INFO - [2025-11-18T03:07:42.162+0000] {dagbag.py:536} INFO - Filling up the DagBag from /opt/airflow/dags/tasks/recsys_data_sync.py
[2025-11-18T03:07:42.492+0000] {processor.py:841} WARNING - No viable dags retrieved from /opt/airflow/dags/tasks/recsys_data_sync.py
[2025-11-18T03:07:42.501+0000] {processor.py:179} INFO - Processing /opt/airflow/dags/tasks/recsys_data_sync.py took 0.343 seconds
[2025-11-18T03:08:12.892+0000] {processor.py:157} INFO - Started process (PID=5509) to work on /opt/airflow/dags/tasks/recsys_data_sync.py
[2025-11-18T03:08:12.892+0000] {processor.py:829} INFO - Processing file /opt/airflow/dags/tasks/recsys_data_sync.py for tasks to queue
[2025-11-18T03:08:12.893+0000] {logging_mixin.py:154} INFO - [2025-11-18T03:08:12.893+0000] {dagbag.py:536} INFO - Filling up the DagBag from /opt/airflow/dags/tasks/recsys_data_sync.py
[2025-11-18T03:08:13.204+0000] {processor.py:841} WARNING - No viable dags retrieved from /opt/airflow/dags/tasks/recsys_data_sync.py
[2025-11-18T03:08:13.213+0000] {processor.py:179} INFO - Processing /opt/airflow/dags/tasks/recsys_data_sync.py took 0.325 seconds
[2025-11-18T03:08:43.504+0000] {processor.py:157} INFO - Started process (PID=5574) to work on /opt/airflow/dags/tasks/recsys_data_sync.py
[2025-11-18T03:08:43.504+0000] {processor.py:829} INFO - Processing file /opt/airflow/dags/tasks/recsys_data_sync.py for tasks to queue
[2025-11-18T03:08:43.505+0000] {logging_mixin.py:154} INFO - [2025-11-18T03:08:43.505+0000] {dagbag.py:536} INFO - Filling up the DagBag from /opt/airflow/dags/tasks/recsys_data_sync.py
[2025-11-18T03:08:43.925+0000] {processor.py:841} WARNING - No viable dags retrieved from /opt/airflow/dags/tasks/recsys_data_sync.py
[2025-11-18T03:08:43.937+0000] {processor.py:179} INFO - Processing /opt/airflow/dags/tasks/recsys_data_sync.py took 0.436 seconds
[2025-11-18T03:09:14.128+0000] {processor.py:157} INFO - Started process (PID=5639) to work on /opt/airflow/dags/tasks/recsys_data_sync.py
[2025-11-18T03:09:14.129+0000] {processor.py:829} INFO - Processing file /opt/airflow/dags/tasks/recsys_data_sync.py for tasks to queue
[2025-11-18T03:09:14.129+0000] {logging_mixin.py:154} INFO - [2025-11-18T03:09:14.129+0000] {dagbag.py:536} INFO - Filling up the DagBag from /opt/airflow/dags/tasks/recsys_data_sync.py
[2025-11-18T03:09:14.468+0000] {processor.py:841} WARNING - No viable dags retrieved from /opt/airflow/dags/tasks/recsys_data_sync.py
[2025-11-18T03:09:14.478+0000] {processor.py:179} INFO - Processing /opt/airflow/dags/tasks/recsys_data_sync.py took 0.352 seconds
[2025-11-18T03:09:44.833+0000] {processor.py:157} INFO - Started process (PID=5704) to work on /opt/airflow/dags/tasks/recsys_data_sync.py
[2025-11-18T03:09:44.834+0000] {processor.py:829} INFO - Processing file /opt/airflow/dags/tasks/recsys_data_sync.py for tasks to queue
[2025-11-18T03:09:44.835+0000] {logging_mixin.py:154} INFO - [2025-11-18T03:09:44.834+0000] {dagbag.py:536} INFO - Filling up the DagBag from /opt/airflow/dags/tasks/recsys_data_sync.py
[2025-11-18T03:09:45.178+0000] {processor.py:841} WARNING - No viable dags retrieved from /opt/airflow/dags/tasks/recsys_data_sync.py
[2025-11-18T03:09:45.187+0000] {processor.py:179} INFO - Processing /opt/airflow/dags/tasks/recsys_data_sync.py took 0.356 seconds
[2025-11-18T03:10:15.568+0000] {processor.py:157} INFO - Started process (PID=5769) to work on /opt/airflow/dags/tasks/recsys_data_sync.py
[2025-11-18T03:10:15.569+0000] {processor.py:829} INFO - Processing file /opt/airflow/dags/tasks/recsys_data_sync.py for tasks to queue
[2025-11-18T03:10:15.569+0000] {logging_mixin.py:154} INFO - [2025-11-18T03:10:15.569+0000] {dagbag.py:536} INFO - Filling up the DagBag from /opt/airflow/dags/tasks/recsys_data_sync.py
[2025-11-18T03:10:15.910+0000] {processor.py:841} WARNING - No viable dags retrieved from /opt/airflow/dags/tasks/recsys_data_sync.py
[2025-11-18T03:10:15.920+0000] {processor.py:179} INFO - Processing /opt/airflow/dags/tasks/recsys_data_sync.py took 0.355 seconds
[2025-11-18T03:10:46.088+0000] {processor.py:157} INFO - Started process (PID=5827) to work on /opt/airflow/dags/tasks/recsys_data_sync.py
[2025-11-18T03:10:46.089+0000] {processor.py:829} INFO - Processing file /opt/airflow/dags/tasks/recsys_data_sync.py for tasks to queue
[2025-11-18T03:10:46.089+0000] {logging_mixin.py:154} INFO - [2025-11-18T03:10:46.089+0000] {dagbag.py:536} INFO - Filling up the DagBag from /opt/airflow/dags/tasks/recsys_data_sync.py
[2025-11-18T03:10:46.414+0000] {processor.py:841} WARNING - No viable dags retrieved from /opt/airflow/dags/tasks/recsys_data_sync.py
[2025-11-18T03:10:46.425+0000] {processor.py:179} INFO - Processing /opt/airflow/dags/tasks/recsys_data_sync.py took 0.339 seconds
[2025-11-18T03:11:16.781+0000] {processor.py:157} INFO - Started process (PID=5875) to work on /opt/airflow/dags/tasks/recsys_data_sync.py
[2025-11-18T03:11:16.781+0000] {processor.py:829} INFO - Processing file /opt/airflow/dags/tasks/recsys_data_sync.py for tasks to queue
[2025-11-18T03:11:16.782+0000] {logging_mixin.py:154} INFO - [2025-11-18T03:11:16.782+0000] {dagbag.py:536} INFO - Filling up the DagBag from /opt/airflow/dags/tasks/recsys_data_sync.py
[2025-11-18T03:11:17.096+0000] {processor.py:841} WARNING - No viable dags retrieved from /opt/airflow/dags/tasks/recsys_data_sync.py
[2025-11-18T03:11:17.106+0000] {processor.py:179} INFO - Processing /opt/airflow/dags/tasks/recsys_data_sync.py took 0.329 seconds
[2025-11-18T03:11:47.845+0000] {processor.py:157} INFO - Started process (PID=5940) to work on /opt/airflow/dags/tasks/recsys_data_sync.py
[2025-11-18T03:11:47.846+0000] {processor.py:829} INFO - Processing file /opt/airflow/dags/tasks/recsys_data_sync.py for tasks to queue
[2025-11-18T03:11:47.846+0000] {logging_mixin.py:154} INFO - [2025-11-18T03:11:47.846+0000] {dagbag.py:536} INFO - Filling up the DagBag from /opt/airflow/dags/tasks/recsys_data_sync.py
[2025-11-18T03:11:48.168+0000] {processor.py:841} WARNING - No viable dags retrieved from /opt/airflow/dags/tasks/recsys_data_sync.py
[2025-11-18T03:11:48.177+0000] {processor.py:179} INFO - Processing /opt/airflow/dags/tasks/recsys_data_sync.py took 0.335 seconds
[2025-11-18T03:12:18.901+0000] {processor.py:157} INFO - Started process (PID=6005) to work on /opt/airflow/dags/tasks/recsys_data_sync.py
[2025-11-18T03:12:18.902+0000] {processor.py:829} INFO - Processing file /opt/airflow/dags/tasks/recsys_data_sync.py for tasks to queue
[2025-11-18T03:12:18.902+0000] {logging_mixin.py:154} INFO - [2025-11-18T03:12:18.902+0000] {dagbag.py:536} INFO - Filling up the DagBag from /opt/airflow/dags/tasks/recsys_data_sync.py
[2025-11-18T03:12:19.218+0000] {processor.py:841} WARNING - No viable dags retrieved from /opt/airflow/dags/tasks/recsys_data_sync.py
[2025-11-18T03:12:19.227+0000] {processor.py:179} INFO - Processing /opt/airflow/dags/tasks/recsys_data_sync.py took 0.328 seconds
[2025-11-18T03:12:49.979+0000] {processor.py:157} INFO - Started process (PID=6070) to work on /opt/airflow/dags/tasks/recsys_data_sync.py
[2025-11-18T03:12:49.980+0000] {processor.py:829} INFO - Processing file /opt/airflow/dags/tasks/recsys_data_sync.py for tasks to queue
[2025-11-18T03:12:49.980+0000] {logging_mixin.py:154} INFO - [2025-11-18T03:12:49.980+0000] {dagbag.py:536} INFO - Filling up the DagBag from /opt/airflow/dags/tasks/recsys_data_sync.py
[2025-11-18T03:12:50.312+0000] {processor.py:841} WARNING - No viable dags retrieved from /opt/airflow/dags/tasks/recsys_data_sync.py
[2025-11-18T03:12:50.322+0000] {processor.py:179} INFO - Processing /opt/airflow/dags/tasks/recsys_data_sync.py took 0.347 seconds
[2025-11-18T03:13:21.056+0000] {processor.py:157} INFO - Started process (PID=6135) to work on /opt/airflow/dags/tasks/recsys_data_sync.py
[2025-11-18T03:13:21.057+0000] {processor.py:829} INFO - Processing file /opt/airflow/dags/tasks/recsys_data_sync.py for tasks to queue
[2025-11-18T03:13:21.057+0000] {logging_mixin.py:154} INFO - [2025-11-18T03:13:21.057+0000] {dagbag.py:536} INFO - Filling up the DagBag from /opt/airflow/dags/tasks/recsys_data_sync.py
[2025-11-18T03:13:19.896+0000] {processor.py:841} WARNING - No viable dags retrieved from /opt/airflow/dags/tasks/recsys_data_sync.py
[2025-11-18T03:13:19.907+0000] {processor.py:179} INFO - Processing /opt/airflow/dags/tasks/recsys_data_sync.py took 0.324 seconds
[2025-11-18T03:13:50.656+0000] {processor.py:157} INFO - Started process (PID=6200) to work on /opt/airflow/dags/tasks/recsys_data_sync.py
[2025-11-18T03:13:50.656+0000] {processor.py:829} INFO - Processing file /opt/airflow/dags/tasks/recsys_data_sync.py for tasks to queue
[2025-11-18T03:13:50.657+0000] {logging_mixin.py:154} INFO - [2025-11-18T03:13:50.657+0000] {dagbag.py:536} INFO - Filling up the DagBag from /opt/airflow/dags/tasks/recsys_data_sync.py
[2025-11-18T03:13:50.966+0000] {processor.py:841} WARNING - No viable dags retrieved from /opt/airflow/dags/tasks/recsys_data_sync.py
[2025-11-18T03:13:50.975+0000] {processor.py:179} INFO - Processing /opt/airflow/dags/tasks/recsys_data_sync.py took 0.322 seconds
[2025-11-18T03:14:21.067+0000] {processor.py:157} INFO - Started process (PID=6258) to work on /opt/airflow/dags/tasks/recsys_data_sync.py
[2025-11-18T03:14:21.068+0000] {processor.py:829} INFO - Processing file /opt/airflow/dags/tasks/recsys_data_sync.py for tasks to queue
[2025-11-18T03:14:21.068+0000] {logging_mixin.py:154} INFO - [2025-11-18T03:14:21.068+0000] {dagbag.py:536} INFO - Filling up the DagBag from /opt/airflow/dags/tasks/recsys_data_sync.py
[2025-11-18T03:14:21.369+0000] {processor.py:841} WARNING - No viable dags retrieved from /opt/airflow/dags/tasks/recsys_data_sync.py
[2025-11-18T03:14:21.378+0000] {processor.py:179} INFO - Processing /opt/airflow/dags/tasks/recsys_data_sync.py took 0.314 seconds
[2025-11-18T03:14:51.756+0000] {processor.py:157} INFO - Started process (PID=6323) to work on /opt/airflow/dags/tasks/recsys_data_sync.py
[2025-11-18T03:14:51.756+0000] {processor.py:829} INFO - Processing file /opt/airflow/dags/tasks/recsys_data_sync.py for tasks to queue
[2025-11-18T03:14:51.757+0000] {logging_mixin.py:154} INFO - [2025-11-18T03:14:51.757+0000] {dagbag.py:536} INFO - Filling up the DagBag from /opt/airflow/dags/tasks/recsys_data_sync.py
[2025-11-18T03:14:52.070+0000] {processor.py:841} WARNING - No viable dags retrieved from /opt/airflow/dags/tasks/recsys_data_sync.py
[2025-11-18T03:14:52.079+0000] {processor.py:179} INFO - Processing /opt/airflow/dags/tasks/recsys_data_sync.py took 0.326 seconds
[2025-11-18T03:15:22.472+0000] {processor.py:157} INFO - Started process (PID=6388) to work on /opt/airflow/dags/tasks/recsys_data_sync.py
[2025-11-18T03:15:22.473+0000] {processor.py:829} INFO - Processing file /opt/airflow/dags/tasks/recsys_data_sync.py for tasks to queue
[2025-11-18T03:15:22.474+0000] {logging_mixin.py:154} INFO - [2025-11-18T03:15:22.474+0000] {dagbag.py:536} INFO - Filling up the DagBag from /opt/airflow/dags/tasks/recsys_data_sync.py
[2025-11-18T03:15:22.807+0000] {processor.py:841} WARNING - No viable dags retrieved from /opt/airflow/dags/tasks/recsys_data_sync.py
[2025-11-18T03:15:22.818+0000] {processor.py:179} INFO - Processing /opt/airflow/dags/tasks/recsys_data_sync.py took 0.349 seconds
[2025-11-18T03:15:52.979+0000] {processor.py:157} INFO - Started process (PID=6453) to work on /opt/airflow/dags/tasks/recsys_data_sync.py
[2025-11-18T03:15:52.980+0000] {processor.py:829} INFO - Processing file /opt/airflow/dags/tasks/recsys_data_sync.py for tasks to queue
[2025-11-18T03:15:52.981+0000] {logging_mixin.py:154} INFO - [2025-11-18T03:15:52.980+0000] {dagbag.py:536} INFO - Filling up the DagBag from /opt/airflow/dags/tasks/recsys_data_sync.py
[2025-11-18T03:15:53.318+0000] {processor.py:841} WARNING - No viable dags retrieved from /opt/airflow/dags/tasks/recsys_data_sync.py
[2025-11-18T03:15:53.328+0000] {processor.py:179} INFO - Processing /opt/airflow/dags/tasks/recsys_data_sync.py took 0.352 seconds
[2025-11-18T03:16:23.697+0000] {processor.py:157} INFO - Started process (PID=6518) to work on /opt/airflow/dags/tasks/recsys_data_sync.py
[2025-11-18T03:16:23.697+0000] {processor.py:829} INFO - Processing file /opt/airflow/dags/tasks/recsys_data_sync.py for tasks to queue
[2025-11-18T03:16:23.698+0000] {logging_mixin.py:154} INFO - [2025-11-18T03:16:23.698+0000] {dagbag.py:536} INFO - Filling up the DagBag from /opt/airflow/dags/tasks/recsys_data_sync.py
[2025-11-18T03:16:24.016+0000] {processor.py:841} WARNING - No viable dags retrieved from /opt/airflow/dags/tasks/recsys_data_sync.py
[2025-11-18T03:16:24.026+0000] {processor.py:179} INFO - Processing /opt/airflow/dags/tasks/recsys_data_sync.py took 0.332 seconds
[2025-11-18T03:16:54.206+0000] {processor.py:157} INFO - Started process (PID=6576) to work on /opt/airflow/dags/tasks/recsys_data_sync.py
[2025-11-18T03:16:54.207+0000] {processor.py:829} INFO - Processing file /opt/airflow/dags/tasks/recsys_data_sync.py for tasks to queue
[2025-11-18T03:16:54.207+0000] {logging_mixin.py:154} INFO - [2025-11-18T03:16:54.207+0000] {dagbag.py:536} INFO - Filling up the DagBag from /opt/airflow/dags/tasks/recsys_data_sync.py
[2025-11-18T03:16:54.511+0000] {processor.py:841} WARNING - No viable dags retrieved from /opt/airflow/dags/tasks/recsys_data_sync.py
[2025-11-18T03:16:54.520+0000] {processor.py:179} INFO - Processing /opt/airflow/dags/tasks/recsys_data_sync.py took 0.317 seconds
[2025-11-18T03:17:24.830+0000] {processor.py:157} INFO - Started process (PID=6641) to work on /opt/airflow/dags/tasks/recsys_data_sync.py
[2025-11-18T03:17:24.830+0000] {processor.py:829} INFO - Processing file /opt/airflow/dags/tasks/recsys_data_sync.py for tasks to queue
[2025-11-18T03:17:24.831+0000] {logging_mixin.py:154} INFO - [2025-11-18T03:17:24.831+0000] {dagbag.py:536} INFO - Filling up the DagBag from /opt/airflow/dags/tasks/recsys_data_sync.py
[2025-11-18T03:17:25.181+0000] {processor.py:841} WARNING - No viable dags retrieved from /opt/airflow/dags/tasks/recsys_data_sync.py
[2025-11-18T03:17:25.190+0000] {processor.py:179} INFO - Processing /opt/airflow/dags/tasks/recsys_data_sync.py took 0.362 seconds
[2025-11-18T03:17:55.499+0000] {processor.py:157} INFO - Started process (PID=6706) to work on /opt/airflow/dags/tasks/recsys_data_sync.py
[2025-11-18T03:17:55.500+0000] {processor.py:829} INFO - Processing file /opt/airflow/dags/tasks/recsys_data_sync.py for tasks to queue
[2025-11-18T03:17:55.500+0000] {logging_mixin.py:154} INFO - [2025-11-18T03:17:55.500+0000] {dagbag.py:536} INFO - Filling up the DagBag from /opt/airflow/dags/tasks/recsys_data_sync.py
[2025-11-18T03:17:55.810+0000] {processor.py:841} WARNING - No viable dags retrieved from /opt/airflow/dags/tasks/recsys_data_sync.py
[2025-11-18T03:17:55.819+0000] {processor.py:179} INFO - Processing /opt/airflow/dags/tasks/recsys_data_sync.py took 0.323 seconds
[2025-11-18T03:18:26.157+0000] {processor.py:157} INFO - Started process (PID=6771) to work on /opt/airflow/dags/tasks/recsys_data_sync.py
[2025-11-18T03:18:26.158+0000] {processor.py:829} INFO - Processing file /opt/airflow/dags/tasks/recsys_data_sync.py for tasks to queue
[2025-11-18T03:18:26.158+0000] {logging_mixin.py:154} INFO - [2025-11-18T03:18:26.158+0000] {dagbag.py:536} INFO - Filling up the DagBag from /opt/airflow/dags/tasks/recsys_data_sync.py
[2025-11-18T03:18:26.477+0000] {processor.py:841} WARNING - No viable dags retrieved from /opt/airflow/dags/tasks/recsys_data_sync.py
[2025-11-18T03:18:26.487+0000] {processor.py:179} INFO - Processing /opt/airflow/dags/tasks/recsys_data_sync.py took 0.332 seconds
[2025-11-18T03:18:56.728+0000] {processor.py:157} INFO - Started process (PID=6836) to work on /opt/airflow/dags/tasks/recsys_data_sync.py
[2025-11-18T03:18:56.729+0000] {processor.py:829} INFO - Processing file /opt/airflow/dags/tasks/recsys_data_sync.py for tasks to queue
[2025-11-18T03:18:56.730+0000] {logging_mixin.py:154} INFO - [2025-11-18T03:18:56.730+0000] {dagbag.py:536} INFO - Filling up the DagBag from /opt/airflow/dags/tasks/recsys_data_sync.py
[2025-11-18T03:18:57.048+0000] {processor.py:841} WARNING - No viable dags retrieved from /opt/airflow/dags/tasks/recsys_data_sync.py
[2025-11-18T03:18:57.058+0000] {processor.py:179} INFO - Processing /opt/airflow/dags/tasks/recsys_data_sync.py took 0.333 seconds
[2025-11-18T03:19:27.399+0000] {processor.py:157} INFO - Started process (PID=6894) to work on /opt/airflow/dags/tasks/recsys_data_sync.py
[2025-11-18T03:19:27.399+0000] {processor.py:829} INFO - Processing file /opt/airflow/dags/tasks/recsys_data_sync.py for tasks to queue
[2025-11-18T03:19:27.400+0000] {logging_mixin.py:154} INFO - [2025-11-18T03:19:27.400+0000] {dagbag.py:536} INFO - Filling up the DagBag from /opt/airflow/dags/tasks/recsys_data_sync.py
[2025-11-18T03:19:27.730+0000] {processor.py:841} WARNING - No viable dags retrieved from /opt/airflow/dags/tasks/recsys_data_sync.py
[2025-11-18T03:19:27.740+0000] {processor.py:179} INFO - Processing /opt/airflow/dags/tasks/recsys_data_sync.py took 0.343 seconds
[2025-11-18T03:19:58.255+0000] {processor.py:157} INFO - Started process (PID=6960) to work on /opt/airflow/dags/tasks/recsys_data_sync.py
[2025-11-18T03:19:58.255+0000] {processor.py:829} INFO - Processing file /opt/airflow/dags/tasks/recsys_data_sync.py for tasks to queue
[2025-11-18T03:19:58.256+0000] {logging_mixin.py:154} INFO - [2025-11-18T03:19:58.256+0000] {dagbag.py:536} INFO - Filling up the DagBag from /opt/airflow/dags/tasks/recsys_data_sync.py
[2025-11-18T03:19:58.624+0000] {processor.py:841} WARNING - No viable dags retrieved from /opt/airflow/dags/tasks/recsys_data_sync.py
[2025-11-18T03:19:58.632+0000] {processor.py:179} INFO - Processing /opt/airflow/dags/tasks/recsys_data_sync.py took 0.380 seconds
[2025-11-18T03:20:28.840+0000] {processor.py:157} INFO - Started process (PID=7025) to work on /opt/airflow/dags/tasks/recsys_data_sync.py
[2025-11-18T03:20:28.841+0000] {processor.py:829} INFO - Processing file /opt/airflow/dags/tasks/recsys_data_sync.py for tasks to queue
[2025-11-18T03:20:28.841+0000] {logging_mixin.py:154} INFO - [2025-11-18T03:20:28.841+0000] {dagbag.py:536} INFO - Filling up the DagBag from /opt/airflow/dags/tasks/recsys_data_sync.py
[2025-11-18T03:20:29.155+0000] {processor.py:841} WARNING - No viable dags retrieved from /opt/airflow/dags/tasks/recsys_data_sync.py
[2025-11-18T03:20:29.165+0000] {processor.py:179} INFO - Processing /opt/airflow/dags/tasks/recsys_data_sync.py took 0.329 seconds
[2025-11-18T03:20:59.534+0000] {processor.py:157} INFO - Started process (PID=7090) to work on /opt/airflow/dags/tasks/recsys_data_sync.py
[2025-11-18T03:20:59.534+0000] {processor.py:829} INFO - Processing file /opt/airflow/dags/tasks/recsys_data_sync.py for tasks to queue
[2025-11-18T03:20:59.534+0000] {logging_mixin.py:154} INFO - [2025-11-18T03:20:59.534+0000] {dagbag.py:536} INFO - Filling up the DagBag from /opt/airflow/dags/tasks/recsys_data_sync.py
[2025-11-18T03:20:59.859+0000] {processor.py:841} WARNING - No viable dags retrieved from /opt/airflow/dags/tasks/recsys_data_sync.py
[2025-11-18T03:20:59.868+0000] {processor.py:179} INFO - Processing /opt/airflow/dags/tasks/recsys_data_sync.py took 0.338 seconds
[2025-11-18T03:21:30.140+0000] {processor.py:157} INFO - Started process (PID=7155) to work on /opt/airflow/dags/tasks/recsys_data_sync.py
[2025-11-18T03:21:30.141+0000] {processor.py:829} INFO - Processing file /opt/airflow/dags/tasks/recsys_data_sync.py for tasks to queue
[2025-11-18T03:21:30.142+0000] {logging_mixin.py:154} INFO - [2025-11-18T03:21:30.142+0000] {dagbag.py:536} INFO - Filling up the DagBag from /opt/airflow/dags/tasks/recsys_data_sync.py
[2025-11-18T03:21:30.500+0000] {processor.py:841} WARNING - No viable dags retrieved from /opt/airflow/dags/tasks/recsys_data_sync.py
[2025-11-18T03:21:30.511+0000] {processor.py:179} INFO - Processing /opt/airflow/dags/tasks/recsys_data_sync.py took 0.374 seconds
[2025-11-18T03:22:00.742+0000] {processor.py:157} INFO - Started process (PID=7220) to work on /opt/airflow/dags/tasks/recsys_data_sync.py
[2025-11-18T03:22:00.742+0000] {processor.py:829} INFO - Processing file /opt/airflow/dags/tasks/recsys_data_sync.py for tasks to queue
[2025-11-18T03:22:00.743+0000] {logging_mixin.py:154} INFO - [2025-11-18T03:22:00.743+0000] {dagbag.py:536} INFO - Filling up the DagBag from /opt/airflow/dags/tasks/recsys_data_sync.py
[2025-11-18T03:22:01.078+0000] {processor.py:841} WARNING - No viable dags retrieved from /opt/airflow/dags/tasks/recsys_data_sync.py
[2025-11-18T03:22:01.087+0000] {processor.py:179} INFO - Processing /opt/airflow/dags/tasks/recsys_data_sync.py took 0.348 seconds
[2025-11-18T03:22:31.222+0000] {processor.py:157} INFO - Started process (PID=7278) to work on /opt/airflow/dags/tasks/recsys_data_sync.py
[2025-11-18T03:22:31.223+0000] {processor.py:829} INFO - Processing file /opt/airflow/dags/tasks/recsys_data_sync.py for tasks to queue
[2025-11-18T03:22:31.224+0000] {logging_mixin.py:154} INFO - [2025-11-18T03:22:31.224+0000] {dagbag.py:536} INFO - Filling up the DagBag from /opt/airflow/dags/tasks/recsys_data_sync.py
[2025-11-18T03:22:31.516+0000] {processor.py:841} WARNING - No viable dags retrieved from /opt/airflow/dags/tasks/recsys_data_sync.py
[2025-11-18T03:22:31.525+0000] {processor.py:179} INFO - Processing /opt/airflow/dags/tasks/recsys_data_sync.py took 0.305 seconds
[2025-11-18T03:23:01.665+0000] {processor.py:157} INFO - Started process (PID=7343) to work on /opt/airflow/dags/tasks/recsys_data_sync.py
[2025-11-18T03:23:01.665+0000] {processor.py:829} INFO - Processing file /opt/airflow/dags/tasks/recsys_data_sync.py for tasks to queue
[2025-11-18T03:23:01.666+0000] {logging_mixin.py:154} INFO - [2025-11-18T03:23:01.665+0000] {dagbag.py:536} INFO - Filling up the DagBag from /opt/airflow/dags/tasks/recsys_data_sync.py
[2025-11-18T03:23:01.997+0000] {processor.py:841} WARNING - No viable dags retrieved from /opt/airflow/dags/tasks/recsys_data_sync.py
[2025-11-18T03:23:02.006+0000] {processor.py:179} INFO - Processing /opt/airflow/dags/tasks/recsys_data_sync.py took 0.343 seconds
[2025-11-18T03:23:32.205+0000] {processor.py:157} INFO - Started process (PID=7408) to work on /opt/airflow/dags/tasks/recsys_data_sync.py
[2025-11-18T03:23:32.206+0000] {processor.py:829} INFO - Processing file /opt/airflow/dags/tasks/recsys_data_sync.py for tasks to queue
[2025-11-18T03:23:32.207+0000] {logging_mixin.py:154} INFO - [2025-11-18T03:23:32.206+0000] {dagbag.py:536} INFO - Filling up the DagBag from /opt/airflow/dags/tasks/recsys_data_sync.py
[2025-11-18T03:23:32.562+0000] {processor.py:841} WARNING - No viable dags retrieved from /opt/airflow/dags/tasks/recsys_data_sync.py
[2025-11-18T03:23:32.572+0000] {processor.py:179} INFO - Processing /opt/airflow/dags/tasks/recsys_data_sync.py took 0.371 seconds
[2025-11-18T03:24:02.922+0000] {processor.py:157} INFO - Started process (PID=7473) to work on /opt/airflow/dags/tasks/recsys_data_sync.py
[2025-11-18T03:24:02.922+0000] {processor.py:829} INFO - Processing file /opt/airflow/dags/tasks/recsys_data_sync.py for tasks to queue
[2025-11-18T03:24:02.923+0000] {logging_mixin.py:154} INFO - [2025-11-18T03:24:02.922+0000] {dagbag.py:536} INFO - Filling up the DagBag from /opt/airflow/dags/tasks/recsys_data_sync.py
[2025-11-18T03:24:03.235+0000] {processor.py:841} WARNING - No viable dags retrieved from /opt/airflow/dags/tasks/recsys_data_sync.py
[2025-11-18T03:24:03.245+0000] {processor.py:179} INFO - Processing /opt/airflow/dags/tasks/recsys_data_sync.py took 0.326 seconds
[2025-11-18T03:24:33.691+0000] {processor.py:157} INFO - Started process (PID=7538) to work on /opt/airflow/dags/tasks/recsys_data_sync.py
[2025-11-18T03:24:33.691+0000] {processor.py:829} INFO - Processing file /opt/airflow/dags/tasks/recsys_data_sync.py for tasks to queue
[2025-11-18T03:24:33.692+0000] {logging_mixin.py:154} INFO - [2025-11-18T03:24:33.692+0000] {dagbag.py:536} INFO - Filling up the DagBag from /opt/airflow/dags/tasks/recsys_data_sync.py
[2025-11-18T03:24:34.034+0000] {processor.py:841} WARNING - No viable dags retrieved from /opt/airflow/dags/tasks/recsys_data_sync.py
[2025-11-18T03:24:34.044+0000] {processor.py:179} INFO - Processing /opt/airflow/dags/tasks/recsys_data_sync.py took 0.357 seconds
[2025-11-18T03:25:04.300+0000] {processor.py:157} INFO - Started process (PID=7596) to work on /opt/airflow/dags/tasks/recsys_data_sync.py
[2025-11-18T03:25:04.301+0000] {processor.py:829} INFO - Processing file /opt/airflow/dags/tasks/recsys_data_sync.py for tasks to queue
[2025-11-18T03:25:04.302+0000] {logging_mixin.py:154} INFO - [2025-11-18T03:25:04.301+0000] {dagbag.py:536} INFO - Filling up the DagBag from /opt/airflow/dags/tasks/recsys_data_sync.py
[2025-11-18T03:25:04.636+0000] {processor.py:841} WARNING - No viable dags retrieved from /opt/airflow/dags/tasks/recsys_data_sync.py
[2025-11-18T03:25:04.647+0000] {processor.py:179} INFO - Processing /opt/airflow/dags/tasks/recsys_data_sync.py took 0.350 seconds
[2025-11-18T03:25:35.008+0000] {processor.py:157} INFO - Started process (PID=7660) to work on /opt/airflow/dags/tasks/recsys_data_sync.py
[2025-11-18T03:25:35.008+0000] {processor.py:829} INFO - Processing file /opt/airflow/dags/tasks/recsys_data_sync.py for tasks to queue
[2025-11-18T03:25:35.009+0000] {logging_mixin.py:154} INFO - [2025-11-18T03:25:35.009+0000] {dagbag.py:536} INFO - Filling up the DagBag from /opt/airflow/dags/tasks/recsys_data_sync.py
[2025-11-18T03:25:35.418+0000] {processor.py:841} WARNING - No viable dags retrieved from /opt/airflow/dags/tasks/recsys_data_sync.py
[2025-11-18T03:25:35.430+0000] {processor.py:179} INFO - Processing /opt/airflow/dags/tasks/recsys_data_sync.py took 0.424 seconds
[2025-11-18T03:26:06.241+0000] {processor.py:157} INFO - Started process (PID=7710) to work on /opt/airflow/dags/tasks/recsys_data_sync.py
[2025-11-18T03:26:06.242+0000] {processor.py:829} INFO - Processing file /opt/airflow/dags/tasks/recsys_data_sync.py for tasks to queue
[2025-11-18T03:26:06.243+0000] {logging_mixin.py:154} INFO - [2025-11-18T03:26:06.242+0000] {dagbag.py:536} INFO - Filling up the DagBag from /opt/airflow/dags/tasks/recsys_data_sync.py
[2025-11-18T03:26:06.561+0000] {processor.py:841} WARNING - No viable dags retrieved from /opt/airflow/dags/tasks/recsys_data_sync.py
[2025-11-18T03:26:06.570+0000] {processor.py:179} INFO - Processing /opt/airflow/dags/tasks/recsys_data_sync.py took 0.332 seconds
[2025-11-18T03:26:36.683+0000] {processor.py:157} INFO - Started process (PID=7775) to work on /opt/airflow/dags/tasks/recsys_data_sync.py
[2025-11-18T03:26:36.683+0000] {processor.py:829} INFO - Processing file /opt/airflow/dags/tasks/recsys_data_sync.py for tasks to queue
[2025-11-18T03:26:36.684+0000] {logging_mixin.py:154} INFO - [2025-11-18T03:26:36.684+0000] {dagbag.py:536} INFO - Filling up the DagBag from /opt/airflow/dags/tasks/recsys_data_sync.py
[2025-11-18T03:26:37.030+0000] {processor.py:841} WARNING - No viable dags retrieved from /opt/airflow/dags/tasks/recsys_data_sync.py
[2025-11-18T03:26:37.039+0000] {processor.py:179} INFO - Processing /opt/airflow/dags/tasks/recsys_data_sync.py took 0.359 seconds
[2025-11-18T03:27:07.125+0000] {processor.py:157} INFO - Started process (PID=7841) to work on /opt/airflow/dags/tasks/recsys_data_sync.py
[2025-11-18T03:27:07.126+0000] {processor.py:829} INFO - Processing file /opt/airflow/dags/tasks/recsys_data_sync.py for tasks to queue
[2025-11-18T03:27:07.126+0000] {logging_mixin.py:154} INFO - [2025-11-18T03:27:07.126+0000] {dagbag.py:536} INFO - Filling up the DagBag from /opt/airflow/dags/tasks/recsys_data_sync.py
[2025-11-18T03:27:07.423+0000] {processor.py:841} WARNING - No viable dags retrieved from /opt/airflow/dags/tasks/recsys_data_sync.py
[2025-11-18T03:27:07.434+0000] {processor.py:179} INFO - Processing /opt/airflow/dags/tasks/recsys_data_sync.py took 0.311 seconds
[2025-11-18T03:27:37.654+0000] {processor.py:157} INFO - Started process (PID=7906) to work on /opt/airflow/dags/tasks/recsys_data_sync.py
[2025-11-18T03:27:37.655+0000] {processor.py:829} INFO - Processing file /opt/airflow/dags/tasks/recsys_data_sync.py for tasks to queue
[2025-11-18T03:27:37.655+0000] {logging_mixin.py:154} INFO - [2025-11-18T03:27:37.655+0000] {dagbag.py:536} INFO - Filling up the DagBag from /opt/airflow/dags/tasks/recsys_data_sync.py
[2025-11-18T03:27:37.965+0000] {processor.py:841} WARNING - No viable dags retrieved from /opt/airflow/dags/tasks/recsys_data_sync.py
[2025-11-18T03:27:37.974+0000] {processor.py:179} INFO - Processing /opt/airflow/dags/tasks/recsys_data_sync.py took 0.323 seconds
[2025-11-18T03:28:08.385+0000] {processor.py:157} INFO - Started process (PID=7964) to work on /opt/airflow/dags/tasks/recsys_data_sync.py
[2025-11-18T03:28:08.386+0000] {processor.py:829} INFO - Processing file /opt/airflow/dags/tasks/recsys_data_sync.py for tasks to queue
[2025-11-18T03:28:08.387+0000] {logging_mixin.py:154} INFO - [2025-11-18T03:28:08.386+0000] {dagbag.py:536} INFO - Filling up the DagBag from /opt/airflow/dags/tasks/recsys_data_sync.py
[2025-11-18T03:28:08.713+0000] {processor.py:841} WARNING - No viable dags retrieved from /opt/airflow/dags/tasks/recsys_data_sync.py
[2025-11-18T03:28:08.722+0000] {processor.py:179} INFO - Processing /opt/airflow/dags/tasks/recsys_data_sync.py took 0.340 seconds
[2025-11-18T03:28:38.957+0000] {processor.py:157} INFO - Started process (PID=8029) to work on /opt/airflow/dags/tasks/recsys_data_sync.py
[2025-11-18T03:28:38.958+0000] {processor.py:829} INFO - Processing file /opt/airflow/dags/tasks/recsys_data_sync.py for tasks to queue
[2025-11-18T03:28:38.959+0000] {logging_mixin.py:154} INFO - [2025-11-18T03:28:38.958+0000] {dagbag.py:536} INFO - Filling up the DagBag from /opt/airflow/dags/tasks/recsys_data_sync.py
[2025-11-18T03:28:39.317+0000] {processor.py:841} WARNING - No viable dags retrieved from /opt/airflow/dags/tasks/recsys_data_sync.py
[2025-11-18T03:28:39.327+0000] {processor.py:179} INFO - Processing /opt/airflow/dags/tasks/recsys_data_sync.py took 0.372 seconds
[2025-11-18T03:29:09.680+0000] {processor.py:157} INFO - Started process (PID=8094) to work on /opt/airflow/dags/tasks/recsys_data_sync.py
[2025-11-18T03:29:09.681+0000] {processor.py:829} INFO - Processing file /opt/airflow/dags/tasks/recsys_data_sync.py for tasks to queue
[2025-11-18T03:29:09.681+0000] {logging_mixin.py:154} INFO - [2025-11-18T03:29:09.681+0000] {dagbag.py:536} INFO - Filling up the DagBag from /opt/airflow/dags/tasks/recsys_data_sync.py
[2025-11-18T03:29:10.023+0000] {processor.py:841} WARNING - No viable dags retrieved from /opt/airflow/dags/tasks/recsys_data_sync.py
[2025-11-18T03:29:10.033+0000] {processor.py:179} INFO - Processing /opt/airflow/dags/tasks/recsys_data_sync.py took 0.355 seconds
[2025-11-18T03:29:40.252+0000] {processor.py:157} INFO - Started process (PID=8169) to work on /opt/airflow/dags/tasks/recsys_data_sync.py
[2025-11-18T03:29:40.253+0000] {processor.py:829} INFO - Processing file /opt/airflow/dags/tasks/recsys_data_sync.py for tasks to queue
[2025-11-18T03:29:40.254+0000] {logging_mixin.py:154} INFO - [2025-11-18T03:29:40.254+0000] {dagbag.py:536} INFO - Filling up the DagBag from /opt/airflow/dags/tasks/recsys_data_sync.py
[2025-11-18T03:29:40.552+0000] {processor.py:841} WARNING - No viable dags retrieved from /opt/airflow/dags/tasks/recsys_data_sync.py
[2025-11-18T03:29:40.562+0000] {processor.py:179} INFO - Processing /opt/airflow/dags/tasks/recsys_data_sync.py took 0.313 seconds
[2025-11-18T03:30:10.919+0000] {processor.py:157} INFO - Started process (PID=8234) to work on /opt/airflow/dags/tasks/recsys_data_sync.py
[2025-11-18T03:30:10.919+0000] {processor.py:829} INFO - Processing file /opt/airflow/dags/tasks/recsys_data_sync.py for tasks to queue
[2025-11-18T03:30:10.920+0000] {logging_mixin.py:154} INFO - [2025-11-18T03:30:10.920+0000] {dagbag.py:536} INFO - Filling up the DagBag from /opt/airflow/dags/tasks/recsys_data_sync.py
[2025-11-18T03:30:11.225+0000] {processor.py:841} WARNING - No viable dags retrieved from /opt/airflow/dags/tasks/recsys_data_sync.py
[2025-11-18T03:30:11.235+0000] {processor.py:179} INFO - Processing /opt/airflow/dags/tasks/recsys_data_sync.py took 0.319 seconds
[2025-11-18T03:30:41.971+0000] {processor.py:157} INFO - Started process (PID=8299) to work on /opt/airflow/dags/tasks/recsys_data_sync.py
[2025-11-18T03:30:41.972+0000] {processor.py:829} INFO - Processing file /opt/airflow/dags/tasks/recsys_data_sync.py for tasks to queue
[2025-11-18T03:30:41.973+0000] {logging_mixin.py:154} INFO - [2025-11-18T03:30:41.973+0000] {dagbag.py:536} INFO - Filling up the DagBag from /opt/airflow/dags/tasks/recsys_data_sync.py
[2025-11-18T03:30:42.281+0000] {processor.py:841} WARNING - No viable dags retrieved from /opt/airflow/dags/tasks/recsys_data_sync.py
[2025-11-18T03:30:42.291+0000] {processor.py:179} INFO - Processing /opt/airflow/dags/tasks/recsys_data_sync.py took 0.323 seconds
[2025-11-18T03:31:12.508+0000] {processor.py:157} INFO - Started process (PID=8360) to work on /opt/airflow/dags/tasks/recsys_data_sync.py
[2025-11-18T03:31:12.509+0000] {processor.py:829} INFO - Processing file /opt/airflow/dags/tasks/recsys_data_sync.py for tasks to queue
[2025-11-18T03:31:12.509+0000] {logging_mixin.py:154} INFO - [2025-11-18T03:31:12.509+0000] {dagbag.py:536} INFO - Filling up the DagBag from /opt/airflow/dags/tasks/recsys_data_sync.py
[2025-11-18T03:31:12.850+0000] {processor.py:841} WARNING - No viable dags retrieved from /opt/airflow/dags/tasks/recsys_data_sync.py
[2025-11-18T03:31:12.860+0000] {processor.py:179} INFO - Processing /opt/airflow/dags/tasks/recsys_data_sync.py took 0.353 seconds
[2025-11-18T03:31:43.595+0000] {processor.py:157} INFO - Started process (PID=8427) to work on /opt/airflow/dags/tasks/recsys_data_sync.py
[2025-11-18T03:31:43.596+0000] {processor.py:829} INFO - Processing file /opt/airflow/dags/tasks/recsys_data_sync.py for tasks to queue
[2025-11-18T03:31:43.597+0000] {logging_mixin.py:154} INFO - [2025-11-18T03:31:43.596+0000] {dagbag.py:536} INFO - Filling up the DagBag from /opt/airflow/dags/tasks/recsys_data_sync.py
[2025-11-18T03:31:43.924+0000] {processor.py:841} WARNING - No viable dags retrieved from /opt/airflow/dags/tasks/recsys_data_sync.py
[2025-11-18T03:31:43.934+0000] {processor.py:179} INFO - Processing /opt/airflow/dags/tasks/recsys_data_sync.py took 0.343 seconds
[2025-11-18T03:32:14.664+0000] {processor.py:157} INFO - Started process (PID=8492) to work on /opt/airflow/dags/tasks/recsys_data_sync.py
[2025-11-18T03:32:14.665+0000] {processor.py:829} INFO - Processing file /opt/airflow/dags/tasks/recsys_data_sync.py for tasks to queue
[2025-11-18T03:32:14.665+0000] {logging_mixin.py:154} INFO - [2025-11-18T03:32:14.665+0000] {dagbag.py:536} INFO - Filling up the DagBag from /opt/airflow/dags/tasks/recsys_data_sync.py
[2025-11-18T03:32:14.967+0000] {processor.py:841} WARNING - No viable dags retrieved from /opt/airflow/dags/tasks/recsys_data_sync.py
[2025-11-18T03:32:14.978+0000] {processor.py:179} INFO - Processing /opt/airflow/dags/tasks/recsys_data_sync.py took 0.316 seconds
[2025-11-18T03:32:45.736+0000] {processor.py:157} INFO - Started process (PID=8557) to work on /opt/airflow/dags/tasks/recsys_data_sync.py
[2025-11-18T03:32:45.737+0000] {processor.py:829} INFO - Processing file /opt/airflow/dags/tasks/recsys_data_sync.py for tasks to queue
[2025-11-18T03:32:45.737+0000] {logging_mixin.py:154} INFO - [2025-11-18T03:32:45.737+0000] {dagbag.py:536} INFO - Filling up the DagBag from /opt/airflow/dags/tasks/recsys_data_sync.py
[2025-11-18T03:32:46.055+0000] {processor.py:841} WARNING - No viable dags retrieved from /opt/airflow/dags/tasks/recsys_data_sync.py
[2025-11-18T03:32:46.063+0000] {processor.py:179} INFO - Processing /opt/airflow/dags/tasks/recsys_data_sync.py took 0.330 seconds
[2025-11-18T03:33:16.976+0000] {processor.py:157} INFO - Started process (PID=8622) to work on /opt/airflow/dags/tasks/recsys_data_sync.py
[2025-11-18T03:33:16.976+0000] {processor.py:829} INFO - Processing file /opt/airflow/dags/tasks/recsys_data_sync.py for tasks to queue
[2025-11-18T03:33:16.977+0000] {logging_mixin.py:154} INFO - [2025-11-18T03:33:16.977+0000] {dagbag.py:536} INFO - Filling up the DagBag from /opt/airflow/dags/tasks/recsys_data_sync.py
[2025-11-18T03:33:17.309+0000] {processor.py:841} WARNING - No viable dags retrieved from /opt/airflow/dags/tasks/recsys_data_sync.py
[2025-11-18T03:33:17.319+0000] {processor.py:179} INFO - Processing /opt/airflow/dags/tasks/recsys_data_sync.py took 0.346 seconds
[2025-11-18T03:33:47.540+0000] {processor.py:157} INFO - Started process (PID=8687) to work on /opt/airflow/dags/tasks/recsys_data_sync.py
[2025-11-18T03:33:47.540+0000] {processor.py:829} INFO - Processing file /opt/airflow/dags/tasks/recsys_data_sync.py for tasks to queue
[2025-11-18T03:33:47.541+0000] {logging_mixin.py:154} INFO - [2025-11-18T03:33:47.541+0000] {dagbag.py:536} INFO - Filling up the DagBag from /opt/airflow/dags/tasks/recsys_data_sync.py
[2025-11-18T03:33:47.844+0000] {processor.py:841} WARNING - No viable dags retrieved from /opt/airflow/dags/tasks/recsys_data_sync.py
[2025-11-18T03:33:47.853+0000] {processor.py:179} INFO - Processing /opt/airflow/dags/tasks/recsys_data_sync.py took 0.315 seconds
