[2025-10-28T21:24:41.690+0000] {processor.py:157} INFO - Started process (PID=172) to work on /opt/airflow/dags/pipeline_productivo.py
[2025-10-28T21:24:41.694+0000] {processor.py:829} INFO - Processing file /opt/airflow/dags/pipeline_productivo.py for tasks to queue
[2025-10-28T21:24:41.709+0000] {logging_mixin.py:154} INFO - [2025-10-28T21:24:41.705+0000] {dagbag.py:536} INFO - Filling up the DagBag from /opt/airflow/dags/pipeline_productivo.py
[2025-10-28T21:24:50.232+0000] {logging_mixin.py:154} WARNING - /home/airflow/.local/lib/python3.10/site-packages/pydantic/_internal/_fields.py:128 UserWarning: Field "model_server_url" has conflict with protected namespace "model_".

You may be able to resolve this warning by setting `model_config['protected_namespaces'] = ()`.
[2025-10-28T21:24:52.263+0000] {logging_mixin.py:154} INFO - [2025-10-28T21:24:52.259+0000] {font_manager.py:1578} INFO - generated new fontManager
[2025-10-28T21:24:52.887+0000] {logging_mixin.py:154} WARNING - /home/airflow/.local/lib/python3.10/site-packages/airflow/models/baseoperator.py:437 RemovedInAirflow3Warning: provide_context is deprecated as of 2.0 and is no longer required
[2025-10-28T21:24:52.916+0000] {processor.py:839} INFO - DAG(s) dict_keys(['sodai_drinks_production_pipeline']) retrieved from /opt/airflow/dags/pipeline_productivo.py
[2025-10-28T21:24:53.290+0000] {logging_mixin.py:154} INFO - [2025-10-28T21:24:53.290+0000] {manager.py:499} INFO - Created Permission View: %s
[2025-10-28T21:24:53.300+0000] {logging_mixin.py:154} INFO - [2025-10-28T21:24:53.300+0000] {manager.py:499} INFO - Created Permission View: %s
[2025-10-28T21:24:53.304+0000] {logging_mixin.py:154} INFO - [2025-10-28T21:24:53.304+0000] {manager.py:499} INFO - Created Permission View: %s
[2025-10-28T21:24:53.305+0000] {logging_mixin.py:154} INFO - [2025-10-28T21:24:53.304+0000] {dag.py:2941} INFO - Sync 1 DAGs
[2025-10-28T21:24:53.314+0000] {logging_mixin.py:154} INFO - [2025-10-28T21:24:53.314+0000] {dag.py:2963} INFO - Creating ORM DAG for sodai_drinks_production_pipeline
[2025-10-28T21:24:53.331+0000] {logging_mixin.py:154} INFO - [2025-10-28T21:24:53.331+0000] {dag.py:3722} INFO - Setting next_dagrun for sodai_drinks_production_pipeline to 2025-10-19T00:00:00+00:00, run_after=2025-10-26T00:00:00+00:00
[2025-10-28T21:24:54.058+0000] {processor.py:179} INFO - Processing /opt/airflow/dags/pipeline_productivo.py took 12.380 seconds
[2025-10-28T21:25:24.733+0000] {processor.py:157} INFO - Started process (PID=248) to work on /opt/airflow/dags/pipeline_productivo.py
[2025-10-28T21:25:24.762+0000] {processor.py:829} INFO - Processing file /opt/airflow/dags/pipeline_productivo.py for tasks to queue
[2025-10-28T21:25:24.767+0000] {logging_mixin.py:154} INFO - [2025-10-28T21:25:24.766+0000] {dagbag.py:536} INFO - Filling up the DagBag from /opt/airflow/dags/pipeline_productivo.py
[2025-10-28T21:25:27.137+0000] {logging_mixin.py:154} WARNING - /home/airflow/.local/lib/python3.10/site-packages/pydantic/_internal/_fields.py:128 UserWarning: Field "model_server_url" has conflict with protected namespace "model_".

You may be able to resolve this warning by setting `model_config['protected_namespaces'] = ()`.
[2025-10-28T21:25:27.834+0000] {logging_mixin.py:154} WARNING - /home/airflow/.local/lib/python3.10/site-packages/airflow/models/baseoperator.py:437 RemovedInAirflow3Warning: provide_context is deprecated as of 2.0 and is no longer required
[2025-10-28T21:25:27.843+0000] {processor.py:839} INFO - DAG(s) dict_keys(['sodai_drinks_production_pipeline']) retrieved from /opt/airflow/dags/pipeline_productivo.py
[2025-10-28T21:25:27.875+0000] {logging_mixin.py:154} INFO - [2025-10-28T21:25:27.874+0000] {dag.py:2941} INFO - Sync 1 DAGs
[2025-10-28T21:25:27.889+0000] {logging_mixin.py:154} INFO - [2025-10-28T21:25:27.889+0000] {dag.py:3722} INFO - Setting next_dagrun for sodai_drinks_production_pipeline to 2025-10-19T00:00:00+00:00, run_after=2025-10-26T00:00:00+00:00
[2025-10-28T21:25:27.897+0000] {processor.py:179} INFO - Processing /opt/airflow/dags/pipeline_productivo.py took 3.193 seconds
[2025-10-28T21:25:58.306+0000] {processor.py:157} INFO - Started process (PID=305) to work on /opt/airflow/dags/pipeline_productivo.py
[2025-10-28T21:25:58.308+0000] {processor.py:829} INFO - Processing file /opt/airflow/dags/pipeline_productivo.py for tasks to queue
[2025-10-28T21:25:58.308+0000] {logging_mixin.py:154} INFO - [2025-10-28T21:25:58.308+0000] {dagbag.py:536} INFO - Filling up the DagBag from /opt/airflow/dags/pipeline_productivo.py
[2025-10-28T21:26:00.211+0000] {logging_mixin.py:154} WARNING - /home/airflow/.local/lib/python3.10/site-packages/pydantic/_internal/_fields.py:128 UserWarning: Field "model_server_url" has conflict with protected namespace "model_".

You may be able to resolve this warning by setting `model_config['protected_namespaces'] = ()`.
[2025-10-28T21:26:00.834+0000] {logging_mixin.py:154} WARNING - /home/airflow/.local/lib/python3.10/site-packages/airflow/models/baseoperator.py:437 RemovedInAirflow3Warning: provide_context is deprecated as of 2.0 and is no longer required
[2025-10-28T21:26:00.837+0000] {processor.py:839} INFO - DAG(s) dict_keys(['sodai_drinks_production_pipeline']) retrieved from /opt/airflow/dags/pipeline_productivo.py
[2025-10-28T21:26:00.856+0000] {logging_mixin.py:154} INFO - [2025-10-28T21:26:00.855+0000] {dag.py:2941} INFO - Sync 1 DAGs
[2025-10-28T21:26:00.867+0000] {logging_mixin.py:154} INFO - [2025-10-28T21:26:00.867+0000] {dag.py:3722} INFO - Setting next_dagrun for sodai_drinks_production_pipeline to 2025-10-19T00:00:00+00:00, run_after=2025-10-26T00:00:00+00:00
[2025-10-28T21:26:00.876+0000] {processor.py:179} INFO - Processing /opt/airflow/dags/pipeline_productivo.py took 2.574 seconds
[2025-10-28T21:26:31.391+0000] {processor.py:157} INFO - Started process (PID=462) to work on /opt/airflow/dags/pipeline_productivo.py
[2025-10-28T21:26:31.401+0000] {processor.py:829} INFO - Processing file /opt/airflow/dags/pipeline_productivo.py for tasks to queue
[2025-10-28T21:26:31.405+0000] {logging_mixin.py:154} INFO - [2025-10-28T21:26:31.404+0000] {dagbag.py:536} INFO - Filling up the DagBag from /opt/airflow/dags/pipeline_productivo.py
[2025-10-28T21:26:35.589+0000] {logging_mixin.py:154} WARNING - /home/airflow/.local/lib/python3.10/site-packages/pydantic/_internal/_fields.py:128 UserWarning: Field "model_server_url" has conflict with protected namespace "model_".

You may be able to resolve this warning by setting `model_config['protected_namespaces'] = ()`.
[2025-10-28T21:26:36.363+0000] {logging_mixin.py:154} WARNING - /home/airflow/.local/lib/python3.10/site-packages/airflow/models/baseoperator.py:437 RemovedInAirflow3Warning: provide_context is deprecated as of 2.0 and is no longer required
[2025-10-28T21:26:36.369+0000] {processor.py:839} INFO - DAG(s) dict_keys(['sodai_drinks_production_pipeline']) retrieved from /opt/airflow/dags/pipeline_productivo.py
[2025-10-28T21:26:36.422+0000] {logging_mixin.py:154} INFO - [2025-10-28T21:26:36.421+0000] {dag.py:2941} INFO - Sync 1 DAGs
[2025-10-28T21:26:36.462+0000] {logging_mixin.py:154} INFO - [2025-10-28T21:26:36.462+0000] {dag.py:3722} INFO - Setting next_dagrun for sodai_drinks_production_pipeline to 2025-10-26T00:00:00+00:00, run_after=2025-11-02T00:00:00+00:00
[2025-10-28T21:26:36.492+0000] {processor.py:179} INFO - Processing /opt/airflow/dags/pipeline_productivo.py took 5.160 seconds
[2025-10-28T21:27:06.994+0000] {processor.py:157} INFO - Started process (PID=633) to work on /opt/airflow/dags/pipeline_productivo.py
[2025-10-28T21:27:06.998+0000] {processor.py:829} INFO - Processing file /opt/airflow/dags/pipeline_productivo.py for tasks to queue
[2025-10-28T21:27:06.999+0000] {logging_mixin.py:154} INFO - [2025-10-28T21:27:06.999+0000] {dagbag.py:536} INFO - Filling up the DagBag from /opt/airflow/dags/pipeline_productivo.py
[2025-10-28T21:27:07.995+0000] {logging_mixin.py:154} WARNING - /home/airflow/.local/lib/python3.10/site-packages/pydantic/_internal/_fields.py:128 UserWarning: Field "model_server_url" has conflict with protected namespace "model_".

You may be able to resolve this warning by setting `model_config['protected_namespaces'] = ()`.
[2025-10-28T21:27:08.438+0000] {logging_mixin.py:154} WARNING - /home/airflow/.local/lib/python3.10/site-packages/airflow/models/baseoperator.py:437 RemovedInAirflow3Warning: provide_context is deprecated as of 2.0 and is no longer required
[2025-10-28T21:27:08.441+0000] {processor.py:839} INFO - DAG(s) dict_keys(['sodai_drinks_production_pipeline']) retrieved from /opt/airflow/dags/pipeline_productivo.py
[2025-10-28T21:27:08.467+0000] {logging_mixin.py:154} INFO - [2025-10-28T21:27:08.467+0000] {dag.py:2941} INFO - Sync 1 DAGs
[2025-10-28T21:27:08.483+0000] {logging_mixin.py:154} INFO - [2025-10-28T21:27:08.483+0000] {dag.py:3722} INFO - Setting next_dagrun for sodai_drinks_production_pipeline to 2025-10-26T00:00:00+00:00, run_after=2025-11-02T00:00:00+00:00
[2025-10-28T21:27:08.495+0000] {processor.py:179} INFO - Processing /opt/airflow/dags/pipeline_productivo.py took 1.515 seconds
[2025-10-28T21:27:38.683+0000] {processor.py:157} INFO - Started process (PID=688) to work on /opt/airflow/dags/pipeline_productivo.py
[2025-10-28T21:27:38.685+0000] {processor.py:829} INFO - Processing file /opt/airflow/dags/pipeline_productivo.py for tasks to queue
[2025-10-28T21:27:38.686+0000] {logging_mixin.py:154} INFO - [2025-10-28T21:27:38.685+0000] {dagbag.py:536} INFO - Filling up the DagBag from /opt/airflow/dags/pipeline_productivo.py
[2025-10-28T21:27:40.575+0000] {logging_mixin.py:154} WARNING - /home/airflow/.local/lib/python3.10/site-packages/pydantic/_internal/_fields.py:128 UserWarning: Field "model_server_url" has conflict with protected namespace "model_".

You may be able to resolve this warning by setting `model_config['protected_namespaces'] = ()`.
[2025-10-28T21:27:41.415+0000] {logging_mixin.py:154} WARNING - /home/airflow/.local/lib/python3.10/site-packages/airflow/models/baseoperator.py:437 RemovedInAirflow3Warning: provide_context is deprecated as of 2.0 and is no longer required
[2025-10-28T21:27:41.423+0000] {processor.py:839} INFO - DAG(s) dict_keys(['sodai_drinks_production_pipeline']) retrieved from /opt/airflow/dags/pipeline_productivo.py
[2025-10-28T21:27:41.455+0000] {logging_mixin.py:154} INFO - [2025-10-28T21:27:41.454+0000] {dag.py:2941} INFO - Sync 1 DAGs
[2025-10-28T21:27:41.480+0000] {logging_mixin.py:154} INFO - [2025-10-28T21:27:41.479+0000] {dag.py:3722} INFO - Setting next_dagrun for sodai_drinks_production_pipeline to 2025-10-26T00:00:00+00:00, run_after=2025-11-02T00:00:00+00:00
[2025-10-28T21:27:41.490+0000] {processor.py:179} INFO - Processing /opt/airflow/dags/pipeline_productivo.py took 2.814 seconds
[2025-10-28T21:28:11.686+0000] {processor.py:157} INFO - Started process (PID=743) to work on /opt/airflow/dags/pipeline_productivo.py
[2025-10-28T21:28:11.687+0000] {processor.py:829} INFO - Processing file /opt/airflow/dags/pipeline_productivo.py for tasks to queue
[2025-10-28T21:28:11.687+0000] {logging_mixin.py:154} INFO - [2025-10-28T21:28:11.687+0000] {dagbag.py:536} INFO - Filling up the DagBag from /opt/airflow/dags/pipeline_productivo.py
[2025-10-28T21:28:12.774+0000] {logging_mixin.py:154} WARNING - /home/airflow/.local/lib/python3.10/site-packages/pydantic/_internal/_fields.py:128 UserWarning: Field "model_server_url" has conflict with protected namespace "model_".

You may be able to resolve this warning by setting `model_config['protected_namespaces'] = ()`.
[2025-10-28T21:28:13.084+0000] {logging_mixin.py:154} WARNING - /home/airflow/.local/lib/python3.10/site-packages/airflow/models/baseoperator.py:437 RemovedInAirflow3Warning: provide_context is deprecated as of 2.0 and is no longer required
[2025-10-28T21:28:13.086+0000] {processor.py:839} INFO - DAG(s) dict_keys(['sodai_drinks_production_pipeline']) retrieved from /opt/airflow/dags/pipeline_productivo.py
[2025-10-28T21:28:13.099+0000] {logging_mixin.py:154} INFO - [2025-10-28T21:28:13.098+0000] {dag.py:2941} INFO - Sync 1 DAGs
[2025-10-28T21:28:13.108+0000] {logging_mixin.py:154} INFO - [2025-10-28T21:28:13.108+0000] {dag.py:3722} INFO - Setting next_dagrun for sodai_drinks_production_pipeline to 2025-10-26T00:00:00+00:00, run_after=2025-11-02T00:00:00+00:00
[2025-10-28T21:28:13.116+0000] {processor.py:179} INFO - Processing /opt/airflow/dags/pipeline_productivo.py took 1.431 seconds
[2025-10-28T21:28:43.558+0000] {processor.py:157} INFO - Started process (PID=791) to work on /opt/airflow/dags/pipeline_productivo.py
[2025-10-28T21:28:43.560+0000] {processor.py:829} INFO - Processing file /opt/airflow/dags/pipeline_productivo.py for tasks to queue
[2025-10-28T21:28:43.567+0000] {logging_mixin.py:154} INFO - [2025-10-28T21:28:43.563+0000] {dagbag.py:536} INFO - Filling up the DagBag from /opt/airflow/dags/pipeline_productivo.py
[2025-10-28T21:28:44.838+0000] {logging_mixin.py:154} WARNING - /home/airflow/.local/lib/python3.10/site-packages/pydantic/_internal/_fields.py:128 UserWarning: Field "model_server_url" has conflict with protected namespace "model_".

You may be able to resolve this warning by setting `model_config['protected_namespaces'] = ()`.
[2025-10-28T21:28:45.393+0000] {logging_mixin.py:154} WARNING - /home/airflow/.local/lib/python3.10/site-packages/airflow/models/baseoperator.py:437 RemovedInAirflow3Warning: provide_context is deprecated as of 2.0 and is no longer required
[2025-10-28T21:28:45.399+0000] {processor.py:839} INFO - DAG(s) dict_keys(['sodai_drinks_production_pipeline']) retrieved from /opt/airflow/dags/pipeline_productivo.py
[2025-10-28T21:28:45.436+0000] {logging_mixin.py:154} INFO - [2025-10-28T21:28:45.435+0000] {dag.py:2941} INFO - Sync 1 DAGs
[2025-10-28T21:28:45.460+0000] {logging_mixin.py:154} INFO - [2025-10-28T21:28:45.460+0000] {dag.py:3722} INFO - Setting next_dagrun for sodai_drinks_production_pipeline to 2025-10-26T00:00:00+00:00, run_after=2025-11-02T00:00:00+00:00
[2025-10-28T21:28:45.474+0000] {processor.py:179} INFO - Processing /opt/airflow/dags/pipeline_productivo.py took 1.942 seconds
[2025-10-28T21:29:15.944+0000] {processor.py:157} INFO - Started process (PID=846) to work on /opt/airflow/dags/pipeline_productivo.py
[2025-10-28T21:29:15.945+0000] {processor.py:829} INFO - Processing file /opt/airflow/dags/pipeline_productivo.py for tasks to queue
[2025-10-28T21:29:15.947+0000] {logging_mixin.py:154} INFO - [2025-10-28T21:29:15.946+0000] {dagbag.py:536} INFO - Filling up the DagBag from /opt/airflow/dags/pipeline_productivo.py
[2025-10-28T21:29:17.748+0000] {logging_mixin.py:154} WARNING - /home/airflow/.local/lib/python3.10/site-packages/pydantic/_internal/_fields.py:128 UserWarning: Field "model_server_url" has conflict with protected namespace "model_".

You may be able to resolve this warning by setting `model_config['protected_namespaces'] = ()`.
[2025-10-28T21:29:18.680+0000] {logging_mixin.py:154} WARNING - /home/airflow/.local/lib/python3.10/site-packages/airflow/models/baseoperator.py:437 RemovedInAirflow3Warning: provide_context is deprecated as of 2.0 and is no longer required
[2025-10-28T21:29:18.690+0000] {processor.py:839} INFO - DAG(s) dict_keys(['sodai_drinks_production_pipeline']) retrieved from /opt/airflow/dags/pipeline_productivo.py
[2025-10-28T21:29:18.746+0000] {logging_mixin.py:154} INFO - [2025-10-28T21:29:18.745+0000] {dag.py:2941} INFO - Sync 1 DAGs
[2025-10-28T21:29:18.783+0000] {logging_mixin.py:154} INFO - [2025-10-28T21:29:18.782+0000] {dag.py:3722} INFO - Setting next_dagrun for sodai_drinks_production_pipeline to 2025-10-26T00:00:00+00:00, run_after=2025-11-02T00:00:00+00:00
[2025-10-28T21:29:18.809+0000] {processor.py:179} INFO - Processing /opt/airflow/dags/pipeline_productivo.py took 2.875 seconds
[2025-10-28T21:29:49.485+0000] {processor.py:157} INFO - Started process (PID=910) to work on /opt/airflow/dags/pipeline_productivo.py
[2025-10-28T21:29:49.486+0000] {processor.py:829} INFO - Processing file /opt/airflow/dags/pipeline_productivo.py for tasks to queue
[2025-10-28T21:29:49.487+0000] {logging_mixin.py:154} INFO - [2025-10-28T21:29:49.487+0000] {dagbag.py:536} INFO - Filling up the DagBag from /opt/airflow/dags/pipeline_productivo.py
[2025-10-28T21:29:50.618+0000] {logging_mixin.py:154} WARNING - /home/airflow/.local/lib/python3.10/site-packages/pydantic/_internal/_fields.py:128 UserWarning: Field "model_server_url" has conflict with protected namespace "model_".

You may be able to resolve this warning by setting `model_config['protected_namespaces'] = ()`.
[2025-10-28T21:29:51.072+0000] {logging_mixin.py:154} WARNING - /home/airflow/.local/lib/python3.10/site-packages/airflow/models/baseoperator.py:437 RemovedInAirflow3Warning: provide_context is deprecated as of 2.0 and is no longer required
[2025-10-28T21:29:51.075+0000] {processor.py:839} INFO - DAG(s) dict_keys(['sodai_drinks_production_pipeline']) retrieved from /opt/airflow/dags/pipeline_productivo.py
[2025-10-28T21:29:51.095+0000] {logging_mixin.py:154} INFO - [2025-10-28T21:29:51.095+0000] {dag.py:2941} INFO - Sync 1 DAGs
[2025-10-28T21:29:51.120+0000] {logging_mixin.py:154} INFO - [2025-10-28T21:29:51.119+0000] {dag.py:3722} INFO - Setting next_dagrun for sodai_drinks_production_pipeline to 2025-10-26T00:00:00+00:00, run_after=2025-11-02T00:00:00+00:00
[2025-10-28T21:29:51.136+0000] {processor.py:179} INFO - Processing /opt/airflow/dags/pipeline_productivo.py took 1.655 seconds
[2025-10-28T21:30:21.300+0000] {processor.py:157} INFO - Started process (PID=964) to work on /opt/airflow/dags/pipeline_productivo.py
[2025-10-28T21:30:21.302+0000] {processor.py:829} INFO - Processing file /opt/airflow/dags/pipeline_productivo.py for tasks to queue
[2025-10-28T21:30:21.304+0000] {logging_mixin.py:154} INFO - [2025-10-28T21:30:21.303+0000] {dagbag.py:536} INFO - Filling up the DagBag from /opt/airflow/dags/pipeline_productivo.py
[2025-10-28T21:30:22.445+0000] {logging_mixin.py:154} WARNING - /home/airflow/.local/lib/python3.10/site-packages/pydantic/_internal/_fields.py:128 UserWarning: Field "model_server_url" has conflict with protected namespace "model_".

You may be able to resolve this warning by setting `model_config['protected_namespaces'] = ()`.
[2025-10-28T21:30:22.844+0000] {logging_mixin.py:154} WARNING - /home/airflow/.local/lib/python3.10/site-packages/airflow/models/baseoperator.py:437 RemovedInAirflow3Warning: provide_context is deprecated as of 2.0 and is no longer required
[2025-10-28T21:30:22.848+0000] {processor.py:839} INFO - DAG(s) dict_keys(['sodai_drinks_production_pipeline']) retrieved from /opt/airflow/dags/pipeline_productivo.py
[2025-10-28T21:30:22.887+0000] {logging_mixin.py:154} INFO - [2025-10-28T21:30:22.886+0000] {dag.py:2941} INFO - Sync 1 DAGs
[2025-10-28T21:30:22.913+0000] {logging_mixin.py:154} INFO - [2025-10-28T21:30:22.912+0000] {dag.py:3722} INFO - Setting next_dagrun for sodai_drinks_production_pipeline to 2025-10-26T00:00:00+00:00, run_after=2025-11-02T00:00:00+00:00
[2025-10-28T21:30:22.924+0000] {processor.py:179} INFO - Processing /opt/airflow/dags/pipeline_productivo.py took 1.629 seconds
[2025-10-28T21:30:53.790+0000] {processor.py:157} INFO - Started process (PID=1020) to work on /opt/airflow/dags/pipeline_productivo.py
[2025-10-28T21:30:53.792+0000] {processor.py:829} INFO - Processing file /opt/airflow/dags/pipeline_productivo.py for tasks to queue
[2025-10-28T21:30:53.794+0000] {logging_mixin.py:154} INFO - [2025-10-28T21:30:53.794+0000] {dagbag.py:536} INFO - Filling up the DagBag from /opt/airflow/dags/pipeline_productivo.py
[2025-10-28T21:30:55.167+0000] {logging_mixin.py:154} WARNING - /home/airflow/.local/lib/python3.10/site-packages/pydantic/_internal/_fields.py:128 UserWarning: Field "model_server_url" has conflict with protected namespace "model_".

You may be able to resolve this warning by setting `model_config['protected_namespaces'] = ()`.
[2025-10-28T21:30:55.576+0000] {logging_mixin.py:154} WARNING - /home/airflow/.local/lib/python3.10/site-packages/airflow/models/baseoperator.py:437 RemovedInAirflow3Warning: provide_context is deprecated as of 2.0 and is no longer required
[2025-10-28T21:30:55.579+0000] {processor.py:839} INFO - DAG(s) dict_keys(['sodai_drinks_production_pipeline']) retrieved from /opt/airflow/dags/pipeline_productivo.py
[2025-10-28T21:30:55.609+0000] {logging_mixin.py:154} INFO - [2025-10-28T21:30:55.609+0000] {dag.py:2941} INFO - Sync 1 DAGs
[2025-10-28T21:30:55.627+0000] {logging_mixin.py:154} INFO - [2025-10-28T21:30:55.626+0000] {dag.py:3722} INFO - Setting next_dagrun for sodai_drinks_production_pipeline to 2025-10-26T00:00:00+00:00, run_after=2025-11-02T00:00:00+00:00
[2025-10-28T21:30:55.637+0000] {processor.py:179} INFO - Processing /opt/airflow/dags/pipeline_productivo.py took 1.856 seconds
[2025-10-28T21:31:26.373+0000] {processor.py:157} INFO - Started process (PID=1073) to work on /opt/airflow/dags/pipeline_productivo.py
[2025-10-28T21:31:26.375+0000] {processor.py:829} INFO - Processing file /opt/airflow/dags/pipeline_productivo.py for tasks to queue
[2025-10-28T21:31:26.376+0000] {logging_mixin.py:154} INFO - [2025-10-28T21:31:26.376+0000] {dagbag.py:536} INFO - Filling up the DagBag from /opt/airflow/dags/pipeline_productivo.py
[2025-10-28T21:31:27.709+0000] {logging_mixin.py:154} WARNING - /home/airflow/.local/lib/python3.10/site-packages/pydantic/_internal/_fields.py:128 UserWarning: Field "model_server_url" has conflict with protected namespace "model_".

You may be able to resolve this warning by setting `model_config['protected_namespaces'] = ()`.
[2025-10-28T21:31:28.190+0000] {logging_mixin.py:154} WARNING - /home/airflow/.local/lib/python3.10/site-packages/airflow/models/baseoperator.py:437 RemovedInAirflow3Warning: provide_context is deprecated as of 2.0 and is no longer required
[2025-10-28T21:31:28.193+0000] {processor.py:839} INFO - DAG(s) dict_keys(['sodai_drinks_production_pipeline']) retrieved from /opt/airflow/dags/pipeline_productivo.py
[2025-10-28T21:31:28.219+0000] {logging_mixin.py:154} INFO - [2025-10-28T21:31:28.219+0000] {dag.py:2941} INFO - Sync 1 DAGs
[2025-10-28T21:31:28.238+0000] {logging_mixin.py:154} INFO - [2025-10-28T21:31:28.238+0000] {dag.py:3722} INFO - Setting next_dagrun for sodai_drinks_production_pipeline to 2025-10-26T00:00:00+00:00, run_after=2025-11-02T00:00:00+00:00
[2025-10-28T21:31:28.250+0000] {processor.py:179} INFO - Processing /opt/airflow/dags/pipeline_productivo.py took 1.883 seconds
[2025-10-28T21:31:58.943+0000] {processor.py:157} INFO - Started process (PID=1178) to work on /opt/airflow/dags/pipeline_productivo.py
[2025-10-28T21:31:58.949+0000] {processor.py:829} INFO - Processing file /opt/airflow/dags/pipeline_productivo.py for tasks to queue
[2025-10-28T21:31:58.952+0000] {logging_mixin.py:154} INFO - [2025-10-28T21:31:58.951+0000] {dagbag.py:536} INFO - Filling up the DagBag from /opt/airflow/dags/pipeline_productivo.py
[2025-10-28T21:32:00.554+0000] {logging_mixin.py:154} WARNING - /home/airflow/.local/lib/python3.10/site-packages/pydantic/_internal/_fields.py:128 UserWarning: Field "model_server_url" has conflict with protected namespace "model_".

You may be able to resolve this warning by setting `model_config['protected_namespaces'] = ()`.
[2025-10-28T21:32:00.908+0000] {logging_mixin.py:154} WARNING - /home/airflow/.local/lib/python3.10/site-packages/airflow/models/baseoperator.py:437 RemovedInAirflow3Warning: provide_context is deprecated as of 2.0 and is no longer required
[2025-10-28T21:32:00.912+0000] {processor.py:839} INFO - DAG(s) dict_keys(['sodai_drinks_production_pipeline']) retrieved from /opt/airflow/dags/pipeline_productivo.py
[2025-10-28T21:32:00.934+0000] {logging_mixin.py:154} INFO - [2025-10-28T21:32:00.933+0000] {dag.py:2941} INFO - Sync 1 DAGs
[2025-10-28T21:32:00.946+0000] {logging_mixin.py:154} INFO - [2025-10-28T21:32:00.946+0000] {dag.py:3722} INFO - Setting next_dagrun for sodai_drinks_production_pipeline to 2025-10-26T00:00:00+00:00, run_after=2025-11-02T00:00:00+00:00
[2025-10-28T21:32:00.955+0000] {processor.py:179} INFO - Processing /opt/airflow/dags/pipeline_productivo.py took 2.039 seconds
[2025-10-28T21:32:31.077+0000] {processor.py:157} INFO - Started process (PID=1233) to work on /opt/airflow/dags/pipeline_productivo.py
[2025-10-28T21:32:31.079+0000] {processor.py:829} INFO - Processing file /opt/airflow/dags/pipeline_productivo.py for tasks to queue
[2025-10-28T21:32:31.080+0000] {logging_mixin.py:154} INFO - [2025-10-28T21:32:31.080+0000] {dagbag.py:536} INFO - Filling up the DagBag from /opt/airflow/dags/pipeline_productivo.py
[2025-10-28T21:32:32.081+0000] {logging_mixin.py:154} WARNING - /home/airflow/.local/lib/python3.10/site-packages/pydantic/_internal/_fields.py:128 UserWarning: Field "model_server_url" has conflict with protected namespace "model_".

You may be able to resolve this warning by setting `model_config['protected_namespaces'] = ()`.
[2025-10-28T21:32:32.624+0000] {logging_mixin.py:154} WARNING - /home/airflow/.local/lib/python3.10/site-packages/airflow/models/baseoperator.py:437 RemovedInAirflow3Warning: provide_context is deprecated as of 2.0 and is no longer required
[2025-10-28T21:32:32.628+0000] {processor.py:839} INFO - DAG(s) dict_keys(['sodai_drinks_production_pipeline']) retrieved from /opt/airflow/dags/pipeline_productivo.py
[2025-10-28T21:32:32.652+0000] {logging_mixin.py:154} INFO - [2025-10-28T21:32:32.652+0000] {dag.py:2941} INFO - Sync 1 DAGs
[2025-10-28T21:32:32.683+0000] {logging_mixin.py:154} INFO - [2025-10-28T21:32:32.683+0000] {dag.py:3722} INFO - Setting next_dagrun for sodai_drinks_production_pipeline to 2025-10-26T00:00:00+00:00, run_after=2025-11-02T00:00:00+00:00
[2025-10-28T21:32:32.697+0000] {processor.py:179} INFO - Processing /opt/airflow/dags/pipeline_productivo.py took 1.631 seconds
[2025-10-28T21:33:03.614+0000] {processor.py:157} INFO - Started process (PID=1286) to work on /opt/airflow/dags/pipeline_productivo.py
[2025-10-28T21:33:03.617+0000] {processor.py:829} INFO - Processing file /opt/airflow/dags/pipeline_productivo.py for tasks to queue
[2025-10-28T21:33:03.618+0000] {logging_mixin.py:154} INFO - [2025-10-28T21:33:03.617+0000] {dagbag.py:536} INFO - Filling up the DagBag from /opt/airflow/dags/pipeline_productivo.py
[2025-10-28T21:33:04.972+0000] {logging_mixin.py:154} WARNING - /home/airflow/.local/lib/python3.10/site-packages/pydantic/_internal/_fields.py:128 UserWarning: Field "model_server_url" has conflict with protected namespace "model_".

You may be able to resolve this warning by setting `model_config['protected_namespaces'] = ()`.
[2025-10-28T21:33:05.384+0000] {logging_mixin.py:154} WARNING - /home/airflow/.local/lib/python3.10/site-packages/airflow/models/baseoperator.py:437 RemovedInAirflow3Warning: provide_context is deprecated as of 2.0 and is no longer required
[2025-10-28T21:33:05.387+0000] {processor.py:839} INFO - DAG(s) dict_keys(['sodai_drinks_production_pipeline']) retrieved from /opt/airflow/dags/pipeline_productivo.py
[2025-10-28T21:33:05.409+0000] {logging_mixin.py:154} INFO - [2025-10-28T21:33:05.409+0000] {dag.py:2941} INFO - Sync 1 DAGs
[2025-10-28T21:33:05.421+0000] {logging_mixin.py:154} INFO - [2025-10-28T21:33:05.421+0000] {dag.py:3722} INFO - Setting next_dagrun for sodai_drinks_production_pipeline to 2025-10-26T00:00:00+00:00, run_after=2025-11-02T00:00:00+00:00
[2025-10-28T21:33:05.434+0000] {processor.py:179} INFO - Processing /opt/airflow/dags/pipeline_productivo.py took 1.831 seconds
[2025-10-28T21:33:36.137+0000] {processor.py:157} INFO - Started process (PID=1334) to work on /opt/airflow/dags/pipeline_productivo.py
[2025-10-28T21:33:36.142+0000] {processor.py:829} INFO - Processing file /opt/airflow/dags/pipeline_productivo.py for tasks to queue
[2025-10-28T21:33:36.147+0000] {logging_mixin.py:154} INFO - [2025-10-28T21:33:36.145+0000] {dagbag.py:536} INFO - Filling up the DagBag from /opt/airflow/dags/pipeline_productivo.py
[2025-10-28T21:33:38.717+0000] {logging_mixin.py:154} WARNING - /home/airflow/.local/lib/python3.10/site-packages/pydantic/_internal/_fields.py:128 UserWarning: Field "model_server_url" has conflict with protected namespace "model_".

You may be able to resolve this warning by setting `model_config['protected_namespaces'] = ()`.
[2025-10-28T21:33:39.538+0000] {logging_mixin.py:154} WARNING - /home/airflow/.local/lib/python3.10/site-packages/airflow/models/baseoperator.py:437 RemovedInAirflow3Warning: provide_context is deprecated as of 2.0 and is no longer required
[2025-10-28T21:33:39.547+0000] {processor.py:839} INFO - DAG(s) dict_keys(['sodai_drinks_production_pipeline']) retrieved from /opt/airflow/dags/pipeline_productivo.py
[2025-10-28T21:33:39.610+0000] {logging_mixin.py:154} INFO - [2025-10-28T21:33:39.608+0000] {dag.py:2941} INFO - Sync 1 DAGs
[2025-10-28T21:33:39.641+0000] {logging_mixin.py:154} INFO - [2025-10-28T21:33:39.640+0000] {dag.py:3722} INFO - Setting next_dagrun for sodai_drinks_production_pipeline to 2025-10-26T00:00:00+00:00, run_after=2025-11-02T00:00:00+00:00
[2025-10-28T21:33:39.666+0000] {processor.py:179} INFO - Processing /opt/airflow/dags/pipeline_productivo.py took 3.546 seconds
[2025-10-28T21:34:10.403+0000] {processor.py:157} INFO - Started process (PID=1389) to work on /opt/airflow/dags/pipeline_productivo.py
[2025-10-28T21:34:10.406+0000] {processor.py:829} INFO - Processing file /opt/airflow/dags/pipeline_productivo.py for tasks to queue
[2025-10-28T21:34:10.408+0000] {logging_mixin.py:154} INFO - [2025-10-28T21:34:10.407+0000] {dagbag.py:536} INFO - Filling up the DagBag from /opt/airflow/dags/pipeline_productivo.py
[2025-10-28T21:34:11.522+0000] {logging_mixin.py:154} WARNING - /home/airflow/.local/lib/python3.10/site-packages/pydantic/_internal/_fields.py:128 UserWarning: Field "model_server_url" has conflict with protected namespace "model_".

You may be able to resolve this warning by setting `model_config['protected_namespaces'] = ()`.
[2025-10-28T21:34:11.914+0000] {logging_mixin.py:154} WARNING - /home/airflow/.local/lib/python3.10/site-packages/airflow/models/baseoperator.py:437 RemovedInAirflow3Warning: provide_context is deprecated as of 2.0 and is no longer required
[2025-10-28T21:34:11.917+0000] {processor.py:839} INFO - DAG(s) dict_keys(['sodai_drinks_production_pipeline']) retrieved from /opt/airflow/dags/pipeline_productivo.py
[2025-10-28T21:34:11.933+0000] {logging_mixin.py:154} INFO - [2025-10-28T21:34:11.932+0000] {dag.py:2941} INFO - Sync 1 DAGs
[2025-10-28T21:34:11.944+0000] {logging_mixin.py:154} INFO - [2025-10-28T21:34:11.943+0000] {dag.py:3722} INFO - Setting next_dagrun for sodai_drinks_production_pipeline to 2025-10-26T00:00:00+00:00, run_after=2025-11-02T00:00:00+00:00
[2025-10-28T21:34:11.951+0000] {processor.py:179} INFO - Processing /opt/airflow/dags/pipeline_productivo.py took 1.554 seconds
[2025-10-28T21:34:42.303+0000] {processor.py:157} INFO - Started process (PID=1444) to work on /opt/airflow/dags/pipeline_productivo.py
[2025-10-28T21:34:42.305+0000] {processor.py:829} INFO - Processing file /opt/airflow/dags/pipeline_productivo.py for tasks to queue
[2025-10-28T21:34:42.308+0000] {logging_mixin.py:154} INFO - [2025-10-28T21:34:42.307+0000] {dagbag.py:536} INFO - Filling up the DagBag from /opt/airflow/dags/pipeline_productivo.py
[2025-10-28T21:34:43.694+0000] {logging_mixin.py:154} WARNING - /home/airflow/.local/lib/python3.10/site-packages/pydantic/_internal/_fields.py:128 UserWarning: Field "model_server_url" has conflict with protected namespace "model_".

You may be able to resolve this warning by setting `model_config['protected_namespaces'] = ()`.
[2025-10-28T21:34:44.143+0000] {logging_mixin.py:154} WARNING - /home/airflow/.local/lib/python3.10/site-packages/airflow/models/baseoperator.py:437 RemovedInAirflow3Warning: provide_context is deprecated as of 2.0 and is no longer required
[2025-10-28T21:34:44.146+0000] {processor.py:839} INFO - DAG(s) dict_keys(['sodai_drinks_production_pipeline']) retrieved from /opt/airflow/dags/pipeline_productivo.py
[2025-10-28T21:34:44.186+0000] {logging_mixin.py:154} INFO - [2025-10-28T21:34:44.185+0000] {dag.py:2941} INFO - Sync 1 DAGs
[2025-10-28T21:34:44.205+0000] {logging_mixin.py:154} INFO - [2025-10-28T21:34:44.205+0000] {dag.py:3722} INFO - Setting next_dagrun for sodai_drinks_production_pipeline to 2025-10-26T00:00:00+00:00, run_after=2025-11-02T00:00:00+00:00
[2025-10-28T21:34:44.214+0000] {processor.py:179} INFO - Processing /opt/airflow/dags/pipeline_productivo.py took 1.917 seconds
[2025-10-28T21:35:14.320+0000] {processor.py:157} INFO - Started process (PID=1492) to work on /opt/airflow/dags/pipeline_productivo.py
[2025-10-28T21:35:14.322+0000] {processor.py:829} INFO - Processing file /opt/airflow/dags/pipeline_productivo.py for tasks to queue
[2025-10-28T21:35:14.323+0000] {logging_mixin.py:154} INFO - [2025-10-28T21:35:14.322+0000] {dagbag.py:536} INFO - Filling up the DagBag from /opt/airflow/dags/pipeline_productivo.py
[2025-10-28T21:35:15.683+0000] {logging_mixin.py:154} WARNING - /home/airflow/.local/lib/python3.10/site-packages/pydantic/_internal/_fields.py:128 UserWarning: Field "model_server_url" has conflict with protected namespace "model_".

You may be able to resolve this warning by setting `model_config['protected_namespaces'] = ()`.
[2025-10-28T21:35:16.114+0000] {logging_mixin.py:154} WARNING - /home/airflow/.local/lib/python3.10/site-packages/airflow/models/baseoperator.py:437 RemovedInAirflow3Warning: provide_context is deprecated as of 2.0 and is no longer required
[2025-10-28T21:35:16.118+0000] {processor.py:839} INFO - DAG(s) dict_keys(['sodai_drinks_production_pipeline']) retrieved from /opt/airflow/dags/pipeline_productivo.py
[2025-10-28T21:35:16.152+0000] {logging_mixin.py:154} INFO - [2025-10-28T21:35:16.152+0000] {dag.py:2941} INFO - Sync 1 DAGs
[2025-10-28T21:35:16.169+0000] {logging_mixin.py:154} INFO - [2025-10-28T21:35:16.169+0000] {dag.py:3722} INFO - Setting next_dagrun for sodai_drinks_production_pipeline to 2025-10-26T00:00:00+00:00, run_after=2025-11-02T00:00:00+00:00
[2025-10-28T21:35:16.184+0000] {processor.py:179} INFO - Processing /opt/airflow/dags/pipeline_productivo.py took 1.870 seconds
[2025-10-28T21:35:46.836+0000] {processor.py:157} INFO - Started process (PID=1547) to work on /opt/airflow/dags/pipeline_productivo.py
[2025-10-28T21:35:46.838+0000] {processor.py:829} INFO - Processing file /opt/airflow/dags/pipeline_productivo.py for tasks to queue
[2025-10-28T21:35:46.839+0000] {logging_mixin.py:154} INFO - [2025-10-28T21:35:46.839+0000] {dagbag.py:536} INFO - Filling up the DagBag from /opt/airflow/dags/pipeline_productivo.py
[2025-10-28T21:35:47.806+0000] {logging_mixin.py:154} WARNING - /home/airflow/.local/lib/python3.10/site-packages/pydantic/_internal/_fields.py:128 UserWarning: Field "model_server_url" has conflict with protected namespace "model_".

You may be able to resolve this warning by setting `model_config['protected_namespaces'] = ()`.
[2025-10-28T21:35:48.197+0000] {logging_mixin.py:154} WARNING - /home/airflow/.local/lib/python3.10/site-packages/airflow/models/baseoperator.py:437 RemovedInAirflow3Warning: provide_context is deprecated as of 2.0 and is no longer required
[2025-10-28T21:35:48.201+0000] {processor.py:839} INFO - DAG(s) dict_keys(['sodai_drinks_production_pipeline']) retrieved from /opt/airflow/dags/pipeline_productivo.py
[2025-10-28T21:35:48.229+0000] {logging_mixin.py:154} INFO - [2025-10-28T21:35:48.229+0000] {dag.py:2941} INFO - Sync 1 DAGs
[2025-10-28T21:35:48.244+0000] {logging_mixin.py:154} INFO - [2025-10-28T21:35:48.244+0000] {dag.py:3722} INFO - Setting next_dagrun for sodai_drinks_production_pipeline to 2025-10-26T00:00:00+00:00, run_after=2025-11-02T00:00:00+00:00
[2025-10-28T21:35:48.256+0000] {processor.py:179} INFO - Processing /opt/airflow/dags/pipeline_productivo.py took 1.429 seconds
[2025-10-28T21:36:19.357+0000] {processor.py:157} INFO - Started process (PID=1602) to work on /opt/airflow/dags/pipeline_productivo.py
[2025-10-28T21:36:19.361+0000] {processor.py:829} INFO - Processing file /opt/airflow/dags/pipeline_productivo.py for tasks to queue
[2025-10-28T21:36:19.363+0000] {logging_mixin.py:154} INFO - [2025-10-28T21:36:19.363+0000] {dagbag.py:536} INFO - Filling up the DagBag from /opt/airflow/dags/pipeline_productivo.py
[2025-10-28T21:36:20.390+0000] {logging_mixin.py:154} WARNING - /home/airflow/.local/lib/python3.10/site-packages/pydantic/_internal/_fields.py:128 UserWarning: Field "model_server_url" has conflict with protected namespace "model_".

You may be able to resolve this warning by setting `model_config['protected_namespaces'] = ()`.
[2025-10-28T21:36:20.719+0000] {logging_mixin.py:154} WARNING - /home/airflow/.local/lib/python3.10/site-packages/airflow/models/baseoperator.py:437 RemovedInAirflow3Warning: provide_context is deprecated as of 2.0 and is no longer required
[2025-10-28T21:36:20.722+0000] {processor.py:839} INFO - DAG(s) dict_keys(['sodai_drinks_production_pipeline']) retrieved from /opt/airflow/dags/pipeline_productivo.py
[2025-10-28T21:36:20.742+0000] {logging_mixin.py:154} INFO - [2025-10-28T21:36:20.742+0000] {dag.py:2941} INFO - Sync 1 DAGs
[2025-10-28T21:36:20.753+0000] {logging_mixin.py:154} INFO - [2025-10-28T21:36:20.753+0000] {dag.py:3722} INFO - Setting next_dagrun for sodai_drinks_production_pipeline to 2025-10-26T00:00:00+00:00, run_after=2025-11-02T00:00:00+00:00
[2025-10-28T21:36:20.762+0000] {processor.py:179} INFO - Processing /opt/airflow/dags/pipeline_productivo.py took 1.421 seconds
[2025-10-28T21:36:50.885+0000] {processor.py:157} INFO - Started process (PID=1657) to work on /opt/airflow/dags/pipeline_productivo.py
[2025-10-28T21:36:50.890+0000] {processor.py:829} INFO - Processing file /opt/airflow/dags/pipeline_productivo.py for tasks to queue
[2025-10-28T21:36:50.893+0000] {logging_mixin.py:154} INFO - [2025-10-28T21:36:50.893+0000] {dagbag.py:536} INFO - Filling up the DagBag from /opt/airflow/dags/pipeline_productivo.py
[2025-10-28T21:36:51.862+0000] {logging_mixin.py:154} WARNING - /home/airflow/.local/lib/python3.10/site-packages/pydantic/_internal/_fields.py:128 UserWarning: Field "model_server_url" has conflict with protected namespace "model_".

You may be able to resolve this warning by setting `model_config['protected_namespaces'] = ()`.
[2025-10-28T21:36:52.180+0000] {logging_mixin.py:154} WARNING - /home/airflow/.local/lib/python3.10/site-packages/airflow/models/baseoperator.py:437 RemovedInAirflow3Warning: provide_context is deprecated as of 2.0 and is no longer required
[2025-10-28T21:36:52.183+0000] {processor.py:839} INFO - DAG(s) dict_keys(['sodai_drinks_production_pipeline']) retrieved from /opt/airflow/dags/pipeline_productivo.py
[2025-10-28T21:36:52.198+0000] {logging_mixin.py:154} INFO - [2025-10-28T21:36:52.198+0000] {dag.py:2941} INFO - Sync 1 DAGs
[2025-10-28T21:36:52.223+0000] {logging_mixin.py:154} INFO - [2025-10-28T21:36:52.223+0000] {dag.py:3722} INFO - Setting next_dagrun for sodai_drinks_production_pipeline to 2025-10-26T00:00:00+00:00, run_after=2025-11-02T00:00:00+00:00
[2025-10-28T21:36:52.239+0000] {processor.py:179} INFO - Processing /opt/airflow/dags/pipeline_productivo.py took 1.361 seconds
[2025-10-28T21:37:22.436+0000] {processor.py:157} INFO - Started process (PID=1712) to work on /opt/airflow/dags/pipeline_productivo.py
[2025-10-28T21:37:22.440+0000] {processor.py:829} INFO - Processing file /opt/airflow/dags/pipeline_productivo.py for tasks to queue
[2025-10-28T21:37:22.442+0000] {logging_mixin.py:154} INFO - [2025-10-28T21:37:22.441+0000] {dagbag.py:536} INFO - Filling up the DagBag from /opt/airflow/dags/pipeline_productivo.py
[2025-10-28T21:37:25.654+0000] {logging_mixin.py:154} WARNING - /home/airflow/.local/lib/python3.10/site-packages/pydantic/_internal/_fields.py:128 UserWarning: Field "model_server_url" has conflict with protected namespace "model_".

You may be able to resolve this warning by setting `model_config['protected_namespaces'] = ()`.
[2025-10-28T21:37:26.429+0000] {logging_mixin.py:154} WARNING - /home/airflow/.local/lib/python3.10/site-packages/airflow/models/baseoperator.py:437 RemovedInAirflow3Warning: provide_context is deprecated as of 2.0 and is no longer required
[2025-10-28T21:37:26.437+0000] {processor.py:839} INFO - DAG(s) dict_keys(['sodai_drinks_production_pipeline']) retrieved from /opt/airflow/dags/pipeline_productivo.py
[2025-10-28T21:37:26.504+0000] {logging_mixin.py:154} INFO - [2025-10-28T21:37:26.492+0000] {dag.py:2941} INFO - Sync 1 DAGs
[2025-10-28T21:37:26.557+0000] {logging_mixin.py:154} INFO - [2025-10-28T21:37:26.557+0000] {dag.py:3722} INFO - Setting next_dagrun for sodai_drinks_production_pipeline to 2025-10-26T00:00:00+00:00, run_after=2025-11-02T00:00:00+00:00
[2025-10-28T21:37:26.586+0000] {processor.py:179} INFO - Processing /opt/airflow/dags/pipeline_productivo.py took 4.164 seconds
[2025-10-28T21:37:57.215+0000] {processor.py:157} INFO - Started process (PID=1776) to work on /opt/airflow/dags/pipeline_productivo.py
[2025-10-28T21:37:57.217+0000] {processor.py:829} INFO - Processing file /opt/airflow/dags/pipeline_productivo.py for tasks to queue
[2025-10-28T21:37:57.217+0000] {logging_mixin.py:154} INFO - [2025-10-28T21:37:57.217+0000] {dagbag.py:536} INFO - Filling up the DagBag from /opt/airflow/dags/pipeline_productivo.py
[2025-10-28T21:37:58.108+0000] {logging_mixin.py:154} WARNING - /home/airflow/.local/lib/python3.10/site-packages/pydantic/_internal/_fields.py:128 UserWarning: Field "model_server_url" has conflict with protected namespace "model_".

You may be able to resolve this warning by setting `model_config['protected_namespaces'] = ()`.
[2025-10-28T21:37:58.453+0000] {logging_mixin.py:154} WARNING - /home/airflow/.local/lib/python3.10/site-packages/airflow/models/baseoperator.py:437 RemovedInAirflow3Warning: provide_context is deprecated as of 2.0 and is no longer required
[2025-10-28T21:37:58.457+0000] {processor.py:839} INFO - DAG(s) dict_keys(['sodai_drinks_production_pipeline']) retrieved from /opt/airflow/dags/pipeline_productivo.py
[2025-10-28T21:37:58.476+0000] {logging_mixin.py:154} INFO - [2025-10-28T21:37:58.476+0000] {dag.py:2941} INFO - Sync 1 DAGs
[2025-10-28T21:37:58.486+0000] {logging_mixin.py:154} INFO - [2025-10-28T21:37:58.486+0000] {dag.py:3722} INFO - Setting next_dagrun for sodai_drinks_production_pipeline to 2025-10-26T00:00:00+00:00, run_after=2025-11-02T00:00:00+00:00
[2025-10-28T21:37:58.494+0000] {processor.py:179} INFO - Processing /opt/airflow/dags/pipeline_productivo.py took 1.285 seconds
[2025-10-28T21:38:28.761+0000] {processor.py:157} INFO - Started process (PID=1831) to work on /opt/airflow/dags/pipeline_productivo.py
[2025-10-28T21:38:28.762+0000] {processor.py:829} INFO - Processing file /opt/airflow/dags/pipeline_productivo.py for tasks to queue
[2025-10-28T21:38:28.764+0000] {logging_mixin.py:154} INFO - [2025-10-28T21:38:28.763+0000] {dagbag.py:536} INFO - Filling up the DagBag from /opt/airflow/dags/pipeline_productivo.py
[2025-10-28T21:38:29.770+0000] {logging_mixin.py:154} WARNING - /home/airflow/.local/lib/python3.10/site-packages/pydantic/_internal/_fields.py:128 UserWarning: Field "model_server_url" has conflict with protected namespace "model_".

You may be able to resolve this warning by setting `model_config['protected_namespaces'] = ()`.
[2025-10-28T21:38:30.182+0000] {logging_mixin.py:154} WARNING - /home/airflow/.local/lib/python3.10/site-packages/airflow/models/baseoperator.py:437 RemovedInAirflow3Warning: provide_context is deprecated as of 2.0 and is no longer required
[2025-10-28T21:38:30.186+0000] {processor.py:839} INFO - DAG(s) dict_keys(['sodai_drinks_production_pipeline']) retrieved from /opt/airflow/dags/pipeline_productivo.py
[2025-10-28T21:38:30.219+0000] {logging_mixin.py:154} INFO - [2025-10-28T21:38:30.219+0000] {dag.py:2941} INFO - Sync 1 DAGs
[2025-10-28T21:38:30.235+0000] {logging_mixin.py:154} INFO - [2025-10-28T21:38:30.235+0000] {dag.py:3722} INFO - Setting next_dagrun for sodai_drinks_production_pipeline to 2025-10-26T00:00:00+00:00, run_after=2025-11-02T00:00:00+00:00
[2025-10-28T21:38:30.246+0000] {processor.py:179} INFO - Processing /opt/airflow/dags/pipeline_productivo.py took 1.492 seconds
[2025-10-28T21:39:00.923+0000] {processor.py:157} INFO - Started process (PID=1886) to work on /opt/airflow/dags/pipeline_productivo.py
[2025-10-28T21:39:00.926+0000] {processor.py:829} INFO - Processing file /opt/airflow/dags/pipeline_productivo.py for tasks to queue
[2025-10-28T21:39:00.928+0000] {logging_mixin.py:154} INFO - [2025-10-28T21:39:00.927+0000] {dagbag.py:536} INFO - Filling up the DagBag from /opt/airflow/dags/pipeline_productivo.py
[2025-10-28T21:39:02.592+0000] {logging_mixin.py:154} WARNING - /home/airflow/.local/lib/python3.10/site-packages/pydantic/_internal/_fields.py:128 UserWarning: Field "model_server_url" has conflict with protected namespace "model_".

You may be able to resolve this warning by setting `model_config['protected_namespaces'] = ()`.
[2025-10-28T21:39:03.017+0000] {logging_mixin.py:154} WARNING - /home/airflow/.local/lib/python3.10/site-packages/airflow/models/baseoperator.py:437 RemovedInAirflow3Warning: provide_context is deprecated as of 2.0 and is no longer required
[2025-10-28T21:39:03.024+0000] {processor.py:839} INFO - DAG(s) dict_keys(['sodai_drinks_production_pipeline']) retrieved from /opt/airflow/dags/pipeline_productivo.py
[2025-10-28T21:39:03.056+0000] {logging_mixin.py:154} INFO - [2025-10-28T21:39:03.056+0000] {dag.py:2941} INFO - Sync 1 DAGs
[2025-10-28T21:39:03.072+0000] {logging_mixin.py:154} INFO - [2025-10-28T21:39:03.072+0000] {dag.py:3722} INFO - Setting next_dagrun for sodai_drinks_production_pipeline to 2025-10-26T00:00:00+00:00, run_after=2025-11-02T00:00:00+00:00
[2025-10-28T21:39:03.086+0000] {processor.py:179} INFO - Processing /opt/airflow/dags/pipeline_productivo.py took 2.171 seconds
[2025-10-28T21:39:33.505+0000] {processor.py:157} INFO - Started process (PID=1946) to work on /opt/airflow/dags/pipeline_productivo.py
[2025-10-28T21:39:33.506+0000] {processor.py:829} INFO - Processing file /opt/airflow/dags/pipeline_productivo.py for tasks to queue
[2025-10-28T21:39:33.507+0000] {logging_mixin.py:154} INFO - [2025-10-28T21:39:33.507+0000] {dagbag.py:536} INFO - Filling up the DagBag from /opt/airflow/dags/pipeline_productivo.py
[2025-10-28T21:39:34.878+0000] {logging_mixin.py:154} WARNING - /home/airflow/.local/lib/python3.10/site-packages/pydantic/_internal/_fields.py:128 UserWarning: Field "model_server_url" has conflict with protected namespace "model_".

You may be able to resolve this warning by setting `model_config['protected_namespaces'] = ()`.
[2025-10-28T21:39:35.295+0000] {logging_mixin.py:154} WARNING - /home/airflow/.local/lib/python3.10/site-packages/airflow/models/baseoperator.py:437 RemovedInAirflow3Warning: provide_context is deprecated as of 2.0 and is no longer required
[2025-10-28T21:39:35.298+0000] {processor.py:839} INFO - DAG(s) dict_keys(['sodai_drinks_production_pipeline']) retrieved from /opt/airflow/dags/pipeline_productivo.py
[2025-10-28T21:39:35.328+0000] {logging_mixin.py:154} INFO - [2025-10-28T21:39:35.327+0000] {dag.py:2941} INFO - Sync 1 DAGs
[2025-10-28T21:39:35.342+0000] {logging_mixin.py:154} INFO - [2025-10-28T21:39:35.342+0000] {dag.py:3722} INFO - Setting next_dagrun for sodai_drinks_production_pipeline to 2025-10-26T00:00:00+00:00, run_after=2025-11-02T00:00:00+00:00
[2025-10-28T21:39:35.352+0000] {processor.py:179} INFO - Processing /opt/airflow/dags/pipeline_productivo.py took 1.849 seconds
[2025-10-28T21:40:06.024+0000] {processor.py:157} INFO - Started process (PID=2001) to work on /opt/airflow/dags/pipeline_productivo.py
[2025-10-28T21:40:06.025+0000] {processor.py:829} INFO - Processing file /opt/airflow/dags/pipeline_productivo.py for tasks to queue
[2025-10-28T21:40:06.025+0000] {logging_mixin.py:154} INFO - [2025-10-28T21:40:06.025+0000] {dagbag.py:536} INFO - Filling up the DagBag from /opt/airflow/dags/pipeline_productivo.py
[2025-10-28T21:40:08.180+0000] {logging_mixin.py:154} WARNING - /home/airflow/.local/lib/python3.10/site-packages/pydantic/_internal/_fields.py:128 UserWarning: Field "model_server_url" has conflict with protected namespace "model_".

You may be able to resolve this warning by setting `model_config['protected_namespaces'] = ()`.
[2025-10-28T21:40:08.534+0000] {logging_mixin.py:154} WARNING - /home/airflow/.local/lib/python3.10/site-packages/airflow/models/baseoperator.py:437 RemovedInAirflow3Warning: provide_context is deprecated as of 2.0 and is no longer required
[2025-10-28T21:40:08.537+0000] {processor.py:839} INFO - DAG(s) dict_keys(['sodai_drinks_production_pipeline']) retrieved from /opt/airflow/dags/pipeline_productivo.py
[2025-10-28T21:40:08.560+0000] {logging_mixin.py:154} INFO - [2025-10-28T21:40:08.559+0000] {dag.py:2941} INFO - Sync 1 DAGs
[2025-10-28T21:40:08.572+0000] {logging_mixin.py:154} INFO - [2025-10-28T21:40:08.572+0000] {dag.py:3722} INFO - Setting next_dagrun for sodai_drinks_production_pipeline to 2025-10-26T00:00:00+00:00, run_after=2025-11-02T00:00:00+00:00
[2025-10-28T21:40:08.581+0000] {processor.py:179} INFO - Processing /opt/airflow/dags/pipeline_productivo.py took 2.562 seconds
[2025-10-28T21:40:38.679+0000] {processor.py:157} INFO - Started process (PID=2049) to work on /opt/airflow/dags/pipeline_productivo.py
[2025-10-28T21:40:38.682+0000] {processor.py:829} INFO - Processing file /opt/airflow/dags/pipeline_productivo.py for tasks to queue
[2025-10-28T21:40:38.684+0000] {logging_mixin.py:154} INFO - [2025-10-28T21:40:38.683+0000] {dagbag.py:536} INFO - Filling up the DagBag from /opt/airflow/dags/pipeline_productivo.py
[2025-10-28T21:40:39.737+0000] {logging_mixin.py:154} WARNING - /home/airflow/.local/lib/python3.10/site-packages/pydantic/_internal/_fields.py:128 UserWarning: Field "model_server_url" has conflict with protected namespace "model_".

You may be able to resolve this warning by setting `model_config['protected_namespaces'] = ()`.
[2025-10-28T21:40:40.138+0000] {logging_mixin.py:154} WARNING - /home/airflow/.local/lib/python3.10/site-packages/airflow/models/baseoperator.py:437 RemovedInAirflow3Warning: provide_context is deprecated as of 2.0 and is no longer required
[2025-10-28T21:40:40.143+0000] {processor.py:839} INFO - DAG(s) dict_keys(['sodai_drinks_production_pipeline']) retrieved from /opt/airflow/dags/pipeline_productivo.py
[2025-10-28T21:40:40.186+0000] {logging_mixin.py:154} INFO - [2025-10-28T21:40:40.185+0000] {dag.py:2941} INFO - Sync 1 DAGs
[2025-10-28T21:40:40.208+0000] {logging_mixin.py:154} INFO - [2025-10-28T21:40:40.208+0000] {dag.py:3722} INFO - Setting next_dagrun for sodai_drinks_production_pipeline to 2025-10-26T00:00:00+00:00, run_after=2025-11-02T00:00:00+00:00
[2025-10-28T21:40:40.237+0000] {processor.py:179} INFO - Processing /opt/airflow/dags/pipeline_productivo.py took 1.566 seconds
[2025-10-28T21:41:11.187+0000] {processor.py:157} INFO - Started process (PID=2104) to work on /opt/airflow/dags/pipeline_productivo.py
[2025-10-28T21:41:11.188+0000] {processor.py:829} INFO - Processing file /opt/airflow/dags/pipeline_productivo.py for tasks to queue
[2025-10-28T21:41:11.189+0000] {logging_mixin.py:154} INFO - [2025-10-28T21:41:11.189+0000] {dagbag.py:536} INFO - Filling up the DagBag from /opt/airflow/dags/pipeline_productivo.py
[2025-10-28T21:41:12.239+0000] {logging_mixin.py:154} WARNING - /home/airflow/.local/lib/python3.10/site-packages/pydantic/_internal/_fields.py:128 UserWarning: Field "model_server_url" has conflict with protected namespace "model_".

You may be able to resolve this warning by setting `model_config['protected_namespaces'] = ()`.
[2025-10-28T21:41:12.699+0000] {logging_mixin.py:154} WARNING - /home/airflow/.local/lib/python3.10/site-packages/airflow/models/baseoperator.py:437 RemovedInAirflow3Warning: provide_context is deprecated as of 2.0 and is no longer required
[2025-10-28T21:41:12.702+0000] {processor.py:839} INFO - DAG(s) dict_keys(['sodai_drinks_production_pipeline']) retrieved from /opt/airflow/dags/pipeline_productivo.py
[2025-10-28T21:41:12.735+0000] {logging_mixin.py:154} INFO - [2025-10-28T21:41:12.735+0000] {dag.py:2941} INFO - Sync 1 DAGs
[2025-10-28T21:41:12.749+0000] {logging_mixin.py:154} INFO - [2025-10-28T21:41:12.749+0000] {dag.py:3722} INFO - Setting next_dagrun for sodai_drinks_production_pipeline to 2025-10-26T00:00:00+00:00, run_after=2025-11-02T00:00:00+00:00
[2025-10-28T21:41:12.759+0000] {processor.py:179} INFO - Processing /opt/airflow/dags/pipeline_productivo.py took 1.578 seconds
[2025-10-28T21:41:43.381+0000] {processor.py:157} INFO - Started process (PID=2159) to work on /opt/airflow/dags/pipeline_productivo.py
[2025-10-28T21:41:43.387+0000] {processor.py:829} INFO - Processing file /opt/airflow/dags/pipeline_productivo.py for tasks to queue
[2025-10-28T21:41:43.388+0000] {logging_mixin.py:154} INFO - [2025-10-28T21:41:43.388+0000] {dagbag.py:536} INFO - Filling up the DagBag from /opt/airflow/dags/pipeline_productivo.py
[2025-10-28T21:41:44.432+0000] {logging_mixin.py:154} WARNING - /home/airflow/.local/lib/python3.10/site-packages/pydantic/_internal/_fields.py:128 UserWarning: Field "model_server_url" has conflict with protected namespace "model_".

You may be able to resolve this warning by setting `model_config['protected_namespaces'] = ()`.
[2025-10-28T21:41:44.848+0000] {logging_mixin.py:154} WARNING - /home/airflow/.local/lib/python3.10/site-packages/airflow/models/baseoperator.py:437 RemovedInAirflow3Warning: provide_context is deprecated as of 2.0 and is no longer required
[2025-10-28T21:41:44.851+0000] {processor.py:839} INFO - DAG(s) dict_keys(['sodai_drinks_production_pipeline']) retrieved from /opt/airflow/dags/pipeline_productivo.py
[2025-10-28T21:41:44.876+0000] {logging_mixin.py:154} INFO - [2025-10-28T21:41:44.875+0000] {dag.py:2941} INFO - Sync 1 DAGs
[2025-10-28T21:41:44.889+0000] {logging_mixin.py:154} INFO - [2025-10-28T21:41:44.889+0000] {dag.py:3722} INFO - Setting next_dagrun for sodai_drinks_production_pipeline to 2025-10-26T00:00:00+00:00, run_after=2025-11-02T00:00:00+00:00
[2025-10-28T21:41:44.900+0000] {processor.py:179} INFO - Processing /opt/airflow/dags/pipeline_productivo.py took 1.533 seconds
[2025-10-28T21:42:15.664+0000] {processor.py:157} INFO - Started process (PID=2214) to work on /opt/airflow/dags/pipeline_productivo.py
[2025-10-28T21:42:15.667+0000] {processor.py:829} INFO - Processing file /opt/airflow/dags/pipeline_productivo.py for tasks to queue
[2025-10-28T21:42:15.668+0000] {logging_mixin.py:154} INFO - [2025-10-28T21:42:15.668+0000] {dagbag.py:536} INFO - Filling up the DagBag from /opt/airflow/dags/pipeline_productivo.py
[2025-10-28T21:42:16.657+0000] {logging_mixin.py:154} WARNING - /home/airflow/.local/lib/python3.10/site-packages/pydantic/_internal/_fields.py:128 UserWarning: Field "model_server_url" has conflict with protected namespace "model_".

You may be able to resolve this warning by setting `model_config['protected_namespaces'] = ()`.
[2025-10-28T21:42:17.062+0000] {logging_mixin.py:154} WARNING - /home/airflow/.local/lib/python3.10/site-packages/airflow/models/baseoperator.py:437 RemovedInAirflow3Warning: provide_context is deprecated as of 2.0 and is no longer required
[2025-10-28T21:42:17.065+0000] {processor.py:839} INFO - DAG(s) dict_keys(['sodai_drinks_production_pipeline']) retrieved from /opt/airflow/dags/pipeline_productivo.py
[2025-10-28T21:42:17.086+0000] {logging_mixin.py:154} INFO - [2025-10-28T21:42:17.086+0000] {dag.py:2941} INFO - Sync 1 DAGs
[2025-10-28T21:42:17.097+0000] {logging_mixin.py:154} INFO - [2025-10-28T21:42:17.097+0000] {dag.py:3722} INFO - Setting next_dagrun for sodai_drinks_production_pipeline to 2025-10-26T00:00:00+00:00, run_after=2025-11-02T00:00:00+00:00
[2025-10-28T21:42:17.105+0000] {processor.py:179} INFO - Processing /opt/airflow/dags/pipeline_productivo.py took 1.446 seconds
[2025-10-28T21:42:55.460+0000] {processor.py:157} INFO - Started process (PID=163) to work on /opt/airflow/dags/pipeline_productivo.py
[2025-10-28T21:42:55.463+0000] {processor.py:829} INFO - Processing file /opt/airflow/dags/pipeline_productivo.py for tasks to queue
[2025-10-28T21:42:55.466+0000] {logging_mixin.py:154} INFO - [2025-10-28T21:42:55.464+0000] {dagbag.py:536} INFO - Filling up the DagBag from /opt/airflow/dags/pipeline_productivo.py
[2025-10-28T21:42:56.959+0000] {logging_mixin.py:154} WARNING - /home/airflow/.local/lib/python3.10/site-packages/pydantic/_internal/_fields.py:128 UserWarning: Field "model_server_url" has conflict with protected namespace "model_".

You may be able to resolve this warning by setting `model_config['protected_namespaces'] = ()`.
[2025-10-28T21:42:57.933+0000] {logging_mixin.py:154} WARNING - /home/airflow/.local/lib/python3.10/site-packages/airflow/models/baseoperator.py:437 RemovedInAirflow3Warning: provide_context is deprecated as of 2.0 and is no longer required
[2025-10-28T21:42:57.938+0000] {processor.py:839} INFO - DAG(s) dict_keys(['sodai_drinks_production_pipeline']) retrieved from /opt/airflow/dags/pipeline_productivo.py
[2025-10-28T21:42:58.005+0000] {logging_mixin.py:154} INFO - [2025-10-28T21:42:58.004+0000] {dag.py:2941} INFO - Sync 1 DAGs
[2025-10-28T21:42:58.034+0000] {logging_mixin.py:154} INFO - [2025-10-28T21:42:58.033+0000] {dag.py:3722} INFO - Setting next_dagrun for sodai_drinks_production_pipeline to 2025-10-26T00:00:00+00:00, run_after=2025-11-02T00:00:00+00:00
[2025-10-28T21:42:58.067+0000] {processor.py:179} INFO - Processing /opt/airflow/dags/pipeline_productivo.py took 2.615 seconds
[2025-10-28T21:43:28.298+0000] {processor.py:157} INFO - Started process (PID=240) to work on /opt/airflow/dags/pipeline_productivo.py
[2025-10-28T21:43:28.299+0000] {processor.py:829} INFO - Processing file /opt/airflow/dags/pipeline_productivo.py for tasks to queue
[2025-10-28T21:43:28.300+0000] {logging_mixin.py:154} INFO - [2025-10-28T21:43:28.300+0000] {dagbag.py:536} INFO - Filling up the DagBag from /opt/airflow/dags/pipeline_productivo.py
[2025-10-28T21:43:29.768+0000] {logging_mixin.py:154} WARNING - /home/airflow/.local/lib/python3.10/site-packages/pydantic/_internal/_fields.py:128 UserWarning: Field "model_server_url" has conflict with protected namespace "model_".

You may be able to resolve this warning by setting `model_config['protected_namespaces'] = ()`.
[2025-10-28T21:43:30.479+0000] {logging_mixin.py:154} WARNING - /home/airflow/.local/lib/python3.10/site-packages/airflow/models/baseoperator.py:437 RemovedInAirflow3Warning: provide_context is deprecated as of 2.0 and is no longer required
[2025-10-28T21:43:30.491+0000] {processor.py:839} INFO - DAG(s) dict_keys(['sodai_drinks_production_pipeline']) retrieved from /opt/airflow/dags/pipeline_productivo.py
[2025-10-28T21:43:30.519+0000] {logging_mixin.py:154} INFO - [2025-10-28T21:43:30.518+0000] {dag.py:2941} INFO - Sync 1 DAGs
[2025-10-28T21:43:30.539+0000] {logging_mixin.py:154} INFO - [2025-10-28T21:43:30.539+0000] {dag.py:3722} INFO - Setting next_dagrun for sodai_drinks_production_pipeline to 2025-10-26T00:00:00+00:00, run_after=2025-11-02T00:00:00+00:00
[2025-10-28T21:43:30.551+0000] {processor.py:179} INFO - Processing /opt/airflow/dags/pipeline_productivo.py took 2.256 seconds
[2025-10-28T21:44:00.831+0000] {processor.py:157} INFO - Started process (PID=295) to work on /opt/airflow/dags/pipeline_productivo.py
[2025-10-28T21:44:00.833+0000] {processor.py:829} INFO - Processing file /opt/airflow/dags/pipeline_productivo.py for tasks to queue
[2025-10-28T21:44:00.834+0000] {logging_mixin.py:154} INFO - [2025-10-28T21:44:00.834+0000] {dagbag.py:536} INFO - Filling up the DagBag from /opt/airflow/dags/pipeline_productivo.py
[2025-10-28T21:44:01.651+0000] {logging_mixin.py:154} WARNING - /home/airflow/.local/lib/python3.10/site-packages/pydantic/_internal/_fields.py:128 UserWarning: Field "model_server_url" has conflict with protected namespace "model_".

You may be able to resolve this warning by setting `model_config['protected_namespaces'] = ()`.
[2025-10-28T21:44:02.330+0000] {logging_mixin.py:154} WARNING - /home/airflow/.local/lib/python3.10/site-packages/airflow/models/baseoperator.py:437 RemovedInAirflow3Warning: provide_context is deprecated as of 2.0 and is no longer required
[2025-10-28T21:44:02.336+0000] {processor.py:839} INFO - DAG(s) dict_keys(['sodai_drinks_production_pipeline']) retrieved from /opt/airflow/dags/pipeline_productivo.py
[2025-10-28T21:44:02.372+0000] {logging_mixin.py:154} INFO - [2025-10-28T21:44:02.371+0000] {dag.py:2941} INFO - Sync 1 DAGs
[2025-10-28T21:44:02.396+0000] {logging_mixin.py:154} INFO - [2025-10-28T21:44:02.396+0000] {dag.py:3722} INFO - Setting next_dagrun for sodai_drinks_production_pipeline to 2025-10-26T00:00:00+00:00, run_after=2025-11-02T00:00:00+00:00
[2025-10-28T21:44:02.409+0000] {processor.py:179} INFO - Processing /opt/airflow/dags/pipeline_productivo.py took 1.585 seconds
[2025-10-28T21:44:32.498+0000] {processor.py:157} INFO - Started process (PID=374) to work on /opt/airflow/dags/pipeline_productivo.py
[2025-10-28T21:44:32.500+0000] {processor.py:829} INFO - Processing file /opt/airflow/dags/pipeline_productivo.py for tasks to queue
[2025-10-28T21:44:32.503+0000] {logging_mixin.py:154} INFO - [2025-10-28T21:44:32.502+0000] {dagbag.py:536} INFO - Filling up the DagBag from /opt/airflow/dags/pipeline_productivo.py
[2025-10-28T21:44:33.879+0000] {logging_mixin.py:154} WARNING - /home/airflow/.local/lib/python3.10/site-packages/pydantic/_internal/_fields.py:128 UserWarning: Field "model_server_url" has conflict with protected namespace "model_".

You may be able to resolve this warning by setting `model_config['protected_namespaces'] = ()`.
[2025-10-28T21:44:34.446+0000] {logging_mixin.py:154} WARNING - /home/airflow/.local/lib/python3.10/site-packages/airflow/models/baseoperator.py:437 RemovedInAirflow3Warning: provide_context is deprecated as of 2.0 and is no longer required
[2025-10-28T21:44:34.451+0000] {processor.py:839} INFO - DAG(s) dict_keys(['sodai_drinks_production_pipeline']) retrieved from /opt/airflow/dags/pipeline_productivo.py
[2025-10-28T21:44:34.486+0000] {logging_mixin.py:154} INFO - [2025-10-28T21:44:34.485+0000] {dag.py:2941} INFO - Sync 1 DAGs
[2025-10-28T21:44:34.511+0000] {logging_mixin.py:154} INFO - [2025-10-28T21:44:34.511+0000] {dag.py:3722} INFO - Setting next_dagrun for sodai_drinks_production_pipeline to 2025-10-26T00:00:00+00:00, run_after=2025-11-02T00:00:00+00:00
[2025-10-28T21:44:34.528+0000] {processor.py:179} INFO - Processing /opt/airflow/dags/pipeline_productivo.py took 2.038 seconds
[2025-10-28T21:45:05.285+0000] {processor.py:157} INFO - Started process (PID=566) to work on /opt/airflow/dags/pipeline_productivo.py
[2025-10-28T21:45:05.287+0000] {processor.py:829} INFO - Processing file /opt/airflow/dags/pipeline_productivo.py for tasks to queue
[2025-10-28T21:45:05.290+0000] {logging_mixin.py:154} INFO - [2025-10-28T21:45:05.288+0000] {dagbag.py:536} INFO - Filling up the DagBag from /opt/airflow/dags/pipeline_productivo.py
[2025-10-28T21:45:08.925+0000] {logging_mixin.py:154} WARNING - /home/airflow/.local/lib/python3.10/site-packages/pydantic/_internal/_fields.py:128 UserWarning: Field "model_server_url" has conflict with protected namespace "model_".

You may be able to resolve this warning by setting `model_config['protected_namespaces'] = ()`.
[2025-10-28T21:45:10.584+0000] {logging_mixin.py:154} WARNING - /home/airflow/.local/lib/python3.10/site-packages/airflow/models/baseoperator.py:437 RemovedInAirflow3Warning: provide_context is deprecated as of 2.0 and is no longer required
[2025-10-28T21:45:10.599+0000] {processor.py:839} INFO - DAG(s) dict_keys(['sodai_drinks_production_pipeline']) retrieved from /opt/airflow/dags/pipeline_productivo.py
[2025-10-28T21:45:10.712+0000] {logging_mixin.py:154} INFO - [2025-10-28T21:45:10.711+0000] {dag.py:2941} INFO - Sync 1 DAGs
[2025-10-28T21:45:10.753+0000] {logging_mixin.py:154} INFO - [2025-10-28T21:45:10.753+0000] {dag.py:3722} INFO - Setting next_dagrun for sodai_drinks_production_pipeline to 2025-10-26T00:00:00+00:00, run_after=2025-11-02T00:00:00+00:00
[2025-10-28T21:45:10.782+0000] {processor.py:179} INFO - Processing /opt/airflow/dags/pipeline_productivo.py took 5.510 seconds
[2025-10-28T21:45:41.017+0000] {processor.py:157} INFO - Started process (PID=680) to work on /opt/airflow/dags/pipeline_productivo.py
[2025-10-28T21:45:41.019+0000] {processor.py:829} INFO - Processing file /opt/airflow/dags/pipeline_productivo.py for tasks to queue
[2025-10-28T21:45:41.020+0000] {logging_mixin.py:154} INFO - [2025-10-28T21:45:41.019+0000] {dagbag.py:536} INFO - Filling up the DagBag from /opt/airflow/dags/pipeline_productivo.py
[2025-10-28T21:45:41.888+0000] {logging_mixin.py:154} WARNING - /home/airflow/.local/lib/python3.10/site-packages/pydantic/_internal/_fields.py:128 UserWarning: Field "model_server_url" has conflict with protected namespace "model_".

You may be able to resolve this warning by setting `model_config['protected_namespaces'] = ()`.
[2025-10-28T21:45:42.350+0000] {logging_mixin.py:154} WARNING - /home/airflow/.local/lib/python3.10/site-packages/airflow/models/baseoperator.py:437 RemovedInAirflow3Warning: provide_context is deprecated as of 2.0 and is no longer required
[2025-10-28T21:45:42.353+0000] {processor.py:839} INFO - DAG(s) dict_keys(['sodai_drinks_production_pipeline']) retrieved from /opt/airflow/dags/pipeline_productivo.py
[2025-10-28T21:45:42.372+0000] {logging_mixin.py:154} INFO - [2025-10-28T21:45:42.372+0000] {dag.py:2941} INFO - Sync 1 DAGs
[2025-10-28T21:45:42.384+0000] {logging_mixin.py:154} INFO - [2025-10-28T21:45:42.384+0000] {dag.py:3722} INFO - Setting next_dagrun for sodai_drinks_production_pipeline to 2025-10-26T00:00:00+00:00, run_after=2025-11-02T00:00:00+00:00
[2025-10-28T21:45:42.392+0000] {processor.py:179} INFO - Processing /opt/airflow/dags/pipeline_productivo.py took 1.381 seconds
[2025-10-28T21:46:12.570+0000] {processor.py:157} INFO - Started process (PID=728) to work on /opt/airflow/dags/pipeline_productivo.py
[2025-10-28T21:46:12.572+0000] {processor.py:829} INFO - Processing file /opt/airflow/dags/pipeline_productivo.py for tasks to queue
[2025-10-28T21:46:12.573+0000] {logging_mixin.py:154} INFO - [2025-10-28T21:46:12.573+0000] {dagbag.py:536} INFO - Filling up the DagBag from /opt/airflow/dags/pipeline_productivo.py
[2025-10-28T21:46:13.859+0000] {logging_mixin.py:154} WARNING - /home/airflow/.local/lib/python3.10/site-packages/pydantic/_internal/_fields.py:128 UserWarning: Field "model_server_url" has conflict with protected namespace "model_".

You may be able to resolve this warning by setting `model_config['protected_namespaces'] = ()`.
[2025-10-28T21:46:14.756+0000] {logging_mixin.py:154} WARNING - /home/airflow/.local/lib/python3.10/site-packages/airflow/models/baseoperator.py:437 RemovedInAirflow3Warning: provide_context is deprecated as of 2.0 and is no longer required
[2025-10-28T21:46:14.767+0000] {processor.py:839} INFO - DAG(s) dict_keys(['sodai_drinks_production_pipeline']) retrieved from /opt/airflow/dags/pipeline_productivo.py
[2025-10-28T21:46:14.819+0000] {logging_mixin.py:154} INFO - [2025-10-28T21:46:14.818+0000] {dag.py:2941} INFO - Sync 1 DAGs
[2025-10-28T21:46:14.845+0000] {logging_mixin.py:154} INFO - [2025-10-28T21:46:14.845+0000] {dag.py:3722} INFO - Setting next_dagrun for sodai_drinks_production_pipeline to 2025-10-26T00:00:00+00:00, run_after=2025-11-02T00:00:00+00:00
[2025-10-28T21:46:14.857+0000] {processor.py:179} INFO - Processing /opt/airflow/dags/pipeline_productivo.py took 2.298 seconds
[2025-10-28T21:46:45.376+0000] {processor.py:157} INFO - Started process (PID=783) to work on /opt/airflow/dags/pipeline_productivo.py
[2025-10-28T21:46:45.379+0000] {processor.py:829} INFO - Processing file /opt/airflow/dags/pipeline_productivo.py for tasks to queue
[2025-10-28T21:46:45.381+0000] {logging_mixin.py:154} INFO - [2025-10-28T21:46:45.380+0000] {dagbag.py:536} INFO - Filling up the DagBag from /opt/airflow/dags/pipeline_productivo.py
[2025-10-28T21:46:46.326+0000] {logging_mixin.py:154} WARNING - /home/airflow/.local/lib/python3.10/site-packages/pydantic/_internal/_fields.py:128 UserWarning: Field "model_server_url" has conflict with protected namespace "model_".

You may be able to resolve this warning by setting `model_config['protected_namespaces'] = ()`.
[2025-10-28T21:46:46.762+0000] {logging_mixin.py:154} WARNING - /home/airflow/.local/lib/python3.10/site-packages/airflow/models/baseoperator.py:437 RemovedInAirflow3Warning: provide_context is deprecated as of 2.0 and is no longer required
[2025-10-28T21:46:46.765+0000] {processor.py:839} INFO - DAG(s) dict_keys(['sodai_drinks_production_pipeline']) retrieved from /opt/airflow/dags/pipeline_productivo.py
[2025-10-28T21:46:46.790+0000] {logging_mixin.py:154} INFO - [2025-10-28T21:46:46.790+0000] {dag.py:2941} INFO - Sync 1 DAGs
[2025-10-28T21:46:46.801+0000] {logging_mixin.py:154} INFO - [2025-10-28T21:46:46.801+0000] {dag.py:3722} INFO - Setting next_dagrun for sodai_drinks_production_pipeline to 2025-10-26T00:00:00+00:00, run_after=2025-11-02T00:00:00+00:00
[2025-10-28T21:46:46.809+0000] {processor.py:179} INFO - Processing /opt/airflow/dags/pipeline_productivo.py took 1.445 seconds
[2025-10-28T21:47:17.298+0000] {processor.py:157} INFO - Started process (PID=838) to work on /opt/airflow/dags/pipeline_productivo.py
[2025-10-28T21:47:17.302+0000] {processor.py:829} INFO - Processing file /opt/airflow/dags/pipeline_productivo.py for tasks to queue
[2025-10-28T21:47:17.304+0000] {logging_mixin.py:154} INFO - [2025-10-28T21:47:17.303+0000] {dagbag.py:536} INFO - Filling up the DagBag from /opt/airflow/dags/pipeline_productivo.py
[2025-10-28T21:47:18.249+0000] {logging_mixin.py:154} WARNING - /home/airflow/.local/lib/python3.10/site-packages/pydantic/_internal/_fields.py:128 UserWarning: Field "model_server_url" has conflict with protected namespace "model_".

You may be able to resolve this warning by setting `model_config['protected_namespaces'] = ()`.
[2025-10-28T21:47:18.677+0000] {logging_mixin.py:154} WARNING - /home/airflow/.local/lib/python3.10/site-packages/airflow/models/baseoperator.py:437 RemovedInAirflow3Warning: provide_context is deprecated as of 2.0 and is no longer required
[2025-10-28T21:47:18.680+0000] {processor.py:839} INFO - DAG(s) dict_keys(['sodai_drinks_production_pipeline']) retrieved from /opt/airflow/dags/pipeline_productivo.py
[2025-10-28T21:47:18.701+0000] {logging_mixin.py:154} INFO - [2025-10-28T21:47:18.700+0000] {dag.py:2941} INFO - Sync 1 DAGs
[2025-10-28T21:47:18.711+0000] {logging_mixin.py:154} INFO - [2025-10-28T21:47:18.711+0000] {dag.py:3722} INFO - Setting next_dagrun for sodai_drinks_production_pipeline to 2025-10-26T00:00:00+00:00, run_after=2025-11-02T00:00:00+00:00
[2025-10-28T21:47:18.719+0000] {processor.py:179} INFO - Processing /opt/airflow/dags/pipeline_productivo.py took 1.430 seconds
[2025-10-28T21:47:48.945+0000] {processor.py:157} INFO - Started process (PID=893) to work on /opt/airflow/dags/pipeline_productivo.py
[2025-10-28T21:47:48.946+0000] {processor.py:829} INFO - Processing file /opt/airflow/dags/pipeline_productivo.py for tasks to queue
[2025-10-28T21:47:48.947+0000] {logging_mixin.py:154} INFO - [2025-10-28T21:47:48.947+0000] {dagbag.py:536} INFO - Filling up the DagBag from /opt/airflow/dags/pipeline_productivo.py
[2025-10-28T21:47:49.809+0000] {logging_mixin.py:154} WARNING - /home/airflow/.local/lib/python3.10/site-packages/pydantic/_internal/_fields.py:128 UserWarning: Field "model_server_url" has conflict with protected namespace "model_".

You may be able to resolve this warning by setting `model_config['protected_namespaces'] = ()`.
[2025-10-28T21:47:50.263+0000] {logging_mixin.py:154} WARNING - /home/airflow/.local/lib/python3.10/site-packages/airflow/models/baseoperator.py:437 RemovedInAirflow3Warning: provide_context is deprecated as of 2.0 and is no longer required
[2025-10-28T21:47:50.267+0000] {processor.py:839} INFO - DAG(s) dict_keys(['sodai_drinks_production_pipeline']) retrieved from /opt/airflow/dags/pipeline_productivo.py
[2025-10-28T21:47:50.291+0000] {logging_mixin.py:154} INFO - [2025-10-28T21:47:50.291+0000] {dag.py:2941} INFO - Sync 1 DAGs
[2025-10-28T21:47:50.307+0000] {logging_mixin.py:154} INFO - [2025-10-28T21:47:50.307+0000] {dag.py:3722} INFO - Setting next_dagrun for sodai_drinks_production_pipeline to 2025-10-26T00:00:00+00:00, run_after=2025-11-02T00:00:00+00:00
[2025-10-28T21:47:50.316+0000] {processor.py:179} INFO - Processing /opt/airflow/dags/pipeline_productivo.py took 1.377 seconds
[2025-10-28T21:48:20.699+0000] {processor.py:157} INFO - Started process (PID=948) to work on /opt/airflow/dags/pipeline_productivo.py
[2025-10-28T21:48:20.700+0000] {processor.py:829} INFO - Processing file /opt/airflow/dags/pipeline_productivo.py for tasks to queue
[2025-10-28T21:48:20.701+0000] {logging_mixin.py:154} INFO - [2025-10-28T21:48:20.700+0000] {dagbag.py:536} INFO - Filling up the DagBag from /opt/airflow/dags/pipeline_productivo.py
[2025-10-28T21:48:21.650+0000] {logging_mixin.py:154} WARNING - /home/airflow/.local/lib/python3.10/site-packages/pydantic/_internal/_fields.py:128 UserWarning: Field "model_server_url" has conflict with protected namespace "model_".

You may be able to resolve this warning by setting `model_config['protected_namespaces'] = ()`.
[2025-10-28T21:48:22.260+0000] {logging_mixin.py:154} WARNING - /home/airflow/.local/lib/python3.10/site-packages/airflow/models/baseoperator.py:437 RemovedInAirflow3Warning: provide_context is deprecated as of 2.0 and is no longer required
[2025-10-28T21:48:22.264+0000] {processor.py:839} INFO - DAG(s) dict_keys(['sodai_drinks_production_pipeline']) retrieved from /opt/airflow/dags/pipeline_productivo.py
[2025-10-28T21:48:22.299+0000] {logging_mixin.py:154} INFO - [2025-10-28T21:48:22.298+0000] {dag.py:2941} INFO - Sync 1 DAGs
[2025-10-28T21:48:22.325+0000] {logging_mixin.py:154} INFO - [2025-10-28T21:48:22.325+0000] {dag.py:3722} INFO - Setting next_dagrun for sodai_drinks_production_pipeline to 2025-10-26T00:00:00+00:00, run_after=2025-11-02T00:00:00+00:00
[2025-10-28T21:48:22.343+0000] {processor.py:179} INFO - Processing /opt/airflow/dags/pipeline_productivo.py took 1.648 seconds
[2025-10-28T21:48:52.873+0000] {processor.py:157} INFO - Started process (PID=996) to work on /opt/airflow/dags/pipeline_productivo.py
[2025-10-28T21:48:52.876+0000] {processor.py:829} INFO - Processing file /opt/airflow/dags/pipeline_productivo.py for tasks to queue
[2025-10-28T21:48:52.877+0000] {logging_mixin.py:154} INFO - [2025-10-28T21:48:52.876+0000] {dagbag.py:536} INFO - Filling up the DagBag from /opt/airflow/dags/pipeline_productivo.py
[2025-10-28T21:48:53.867+0000] {logging_mixin.py:154} WARNING - /home/airflow/.local/lib/python3.10/site-packages/pydantic/_internal/_fields.py:128 UserWarning: Field "model_server_url" has conflict with protected namespace "model_".

You may be able to resolve this warning by setting `model_config['protected_namespaces'] = ()`.
[2025-10-28T21:48:54.291+0000] {logging_mixin.py:154} WARNING - /home/airflow/.local/lib/python3.10/site-packages/airflow/models/baseoperator.py:437 RemovedInAirflow3Warning: provide_context is deprecated as of 2.0 and is no longer required
[2025-10-28T21:48:54.295+0000] {processor.py:839} INFO - DAG(s) dict_keys(['sodai_drinks_production_pipeline']) retrieved from /opt/airflow/dags/pipeline_productivo.py
[2025-10-28T21:48:54.318+0000] {logging_mixin.py:154} INFO - [2025-10-28T21:48:54.318+0000] {dag.py:2941} INFO - Sync 1 DAGs
[2025-10-28T21:48:54.331+0000] {logging_mixin.py:154} INFO - [2025-10-28T21:48:54.331+0000] {dag.py:3722} INFO - Setting next_dagrun for sodai_drinks_production_pipeline to 2025-10-26T00:00:00+00:00, run_after=2025-11-02T00:00:00+00:00
[2025-10-28T21:48:54.338+0000] {processor.py:179} INFO - Processing /opt/airflow/dags/pipeline_productivo.py took 1.475 seconds
[2025-10-28T21:49:24.521+0000] {processor.py:157} INFO - Started process (PID=1051) to work on /opt/airflow/dags/pipeline_productivo.py
[2025-10-28T21:49:24.523+0000] {processor.py:829} INFO - Processing file /opt/airflow/dags/pipeline_productivo.py for tasks to queue
[2025-10-28T21:49:24.524+0000] {logging_mixin.py:154} INFO - [2025-10-28T21:49:24.524+0000] {dagbag.py:536} INFO - Filling up the DagBag from /opt/airflow/dags/pipeline_productivo.py
[2025-10-28T21:49:25.480+0000] {logging_mixin.py:154} WARNING - /home/airflow/.local/lib/python3.10/site-packages/pydantic/_internal/_fields.py:128 UserWarning: Field "model_server_url" has conflict with protected namespace "model_".

You may be able to resolve this warning by setting `model_config['protected_namespaces'] = ()`.
[2025-10-28T21:49:25.899+0000] {logging_mixin.py:154} WARNING - /home/airflow/.local/lib/python3.10/site-packages/airflow/models/baseoperator.py:437 RemovedInAirflow3Warning: provide_context is deprecated as of 2.0 and is no longer required
[2025-10-28T21:49:25.902+0000] {processor.py:839} INFO - DAG(s) dict_keys(['sodai_drinks_production_pipeline']) retrieved from /opt/airflow/dags/pipeline_productivo.py
[2025-10-28T21:49:25.944+0000] {logging_mixin.py:154} INFO - [2025-10-28T21:49:25.944+0000] {dag.py:2941} INFO - Sync 1 DAGs
[2025-10-28T21:49:25.957+0000] {logging_mixin.py:154} INFO - [2025-10-28T21:49:25.956+0000] {dag.py:3722} INFO - Setting next_dagrun for sodai_drinks_production_pipeline to 2025-10-26T00:00:00+00:00, run_after=2025-11-02T00:00:00+00:00
[2025-10-28T21:49:25.965+0000] {processor.py:179} INFO - Processing /opt/airflow/dags/pipeline_productivo.py took 1.450 seconds
[2025-10-28T21:49:56.313+0000] {processor.py:157} INFO - Started process (PID=1129) to work on /opt/airflow/dags/pipeline_productivo.py
[2025-10-28T21:49:56.315+0000] {processor.py:829} INFO - Processing file /opt/airflow/dags/pipeline_productivo.py for tasks to queue
[2025-10-28T21:49:56.316+0000] {logging_mixin.py:154} INFO - [2025-10-28T21:49:56.316+0000] {dagbag.py:536} INFO - Filling up the DagBag from /opt/airflow/dags/pipeline_productivo.py
[2025-10-28T21:49:57.517+0000] {logging_mixin.py:154} WARNING - /home/airflow/.local/lib/python3.10/site-packages/pydantic/_internal/_fields.py:128 UserWarning: Field "model_server_url" has conflict with protected namespace "model_".

You may be able to resolve this warning by setting `model_config['protected_namespaces'] = ()`.
[2025-10-28T21:49:58.139+0000] {logging_mixin.py:154} WARNING - /home/airflow/.local/lib/python3.10/site-packages/airflow/models/baseoperator.py:437 RemovedInAirflow3Warning: provide_context is deprecated as of 2.0 and is no longer required
[2025-10-28T21:49:58.143+0000] {processor.py:839} INFO - DAG(s) dict_keys(['sodai_drinks_production_pipeline']) retrieved from /opt/airflow/dags/pipeline_productivo.py
[2025-10-28T21:49:58.176+0000] {logging_mixin.py:154} INFO - [2025-10-28T21:49:58.175+0000] {dag.py:2941} INFO - Sync 1 DAGs
[2025-10-28T21:49:58.189+0000] {logging_mixin.py:154} INFO - [2025-10-28T21:49:58.189+0000] {dag.py:3722} INFO - Setting next_dagrun for sodai_drinks_production_pipeline to 2025-10-26T00:00:00+00:00, run_after=2025-11-02T00:00:00+00:00
[2025-10-28T21:49:58.199+0000] {processor.py:179} INFO - Processing /opt/airflow/dags/pipeline_productivo.py took 1.898 seconds
[2025-10-28T21:50:28.981+0000] {processor.py:157} INFO - Started process (PID=1230) to work on /opt/airflow/dags/pipeline_productivo.py
[2025-10-28T21:50:28.983+0000] {processor.py:829} INFO - Processing file /opt/airflow/dags/pipeline_productivo.py for tasks to queue
[2025-10-28T21:50:28.986+0000] {logging_mixin.py:154} INFO - [2025-10-28T21:50:28.985+0000] {dagbag.py:536} INFO - Filling up the DagBag from /opt/airflow/dags/pipeline_productivo.py
[2025-10-28T21:50:30.132+0000] {logging_mixin.py:154} WARNING - /home/airflow/.local/lib/python3.10/site-packages/pydantic/_internal/_fields.py:128 UserWarning: Field "model_server_url" has conflict with protected namespace "model_".

You may be able to resolve this warning by setting `model_config['protected_namespaces'] = ()`.
[2025-10-28T21:50:30.607+0000] {logging_mixin.py:154} WARNING - /home/airflow/.local/lib/python3.10/site-packages/airflow/models/baseoperator.py:437 RemovedInAirflow3Warning: provide_context is deprecated as of 2.0 and is no longer required
[2025-10-28T21:50:30.610+0000] {processor.py:839} INFO - DAG(s) dict_keys(['sodai_drinks_production_pipeline']) retrieved from /opt/airflow/dags/pipeline_productivo.py
[2025-10-28T21:50:30.640+0000] {logging_mixin.py:154} INFO - [2025-10-28T21:50:30.640+0000] {dag.py:2941} INFO - Sync 1 DAGs
[2025-10-28T21:50:30.653+0000] {logging_mixin.py:154} INFO - [2025-10-28T21:50:30.653+0000] {dag.py:3722} INFO - Setting next_dagrun for sodai_drinks_production_pipeline to 2025-10-26T00:00:00+00:00, run_after=2025-11-02T00:00:00+00:00
[2025-10-28T21:50:30.662+0000] {processor.py:179} INFO - Processing /opt/airflow/dags/pipeline_productivo.py took 1.686 seconds
[2025-10-28T21:51:01.259+0000] {processor.py:157} INFO - Started process (PID=1278) to work on /opt/airflow/dags/pipeline_productivo.py
[2025-10-28T21:51:01.262+0000] {processor.py:829} INFO - Processing file /opt/airflow/dags/pipeline_productivo.py for tasks to queue
[2025-10-28T21:51:01.263+0000] {logging_mixin.py:154} INFO - [2025-10-28T21:51:01.262+0000] {dagbag.py:536} INFO - Filling up the DagBag from /opt/airflow/dags/pipeline_productivo.py
[2025-10-28T21:51:02.190+0000] {logging_mixin.py:154} WARNING - /home/airflow/.local/lib/python3.10/site-packages/pydantic/_internal/_fields.py:128 UserWarning: Field "model_server_url" has conflict with protected namespace "model_".

You may be able to resolve this warning by setting `model_config['protected_namespaces'] = ()`.
[2025-10-28T21:51:02.636+0000] {logging_mixin.py:154} WARNING - /home/airflow/.local/lib/python3.10/site-packages/airflow/models/baseoperator.py:437 RemovedInAirflow3Warning: provide_context is deprecated as of 2.0 and is no longer required
[2025-10-28T21:51:02.639+0000] {processor.py:839} INFO - DAG(s) dict_keys(['sodai_drinks_production_pipeline']) retrieved from /opt/airflow/dags/pipeline_productivo.py
[2025-10-28T21:51:02.654+0000] {logging_mixin.py:154} INFO - [2025-10-28T21:51:02.653+0000] {dag.py:2941} INFO - Sync 1 DAGs
[2025-10-28T21:51:02.666+0000] {logging_mixin.py:154} INFO - [2025-10-28T21:51:02.665+0000] {dag.py:3722} INFO - Setting next_dagrun for sodai_drinks_production_pipeline to 2025-10-26T00:00:00+00:00, run_after=2025-11-02T00:00:00+00:00
[2025-10-28T21:51:02.676+0000] {processor.py:179} INFO - Processing /opt/airflow/dags/pipeline_productivo.py took 1.425 seconds
[2025-10-28T21:51:33.365+0000] {processor.py:157} INFO - Started process (PID=1333) to work on /opt/airflow/dags/pipeline_productivo.py
[2025-10-28T21:51:33.367+0000] {processor.py:829} INFO - Processing file /opt/airflow/dags/pipeline_productivo.py for tasks to queue
[2025-10-28T21:51:33.369+0000] {logging_mixin.py:154} INFO - [2025-10-28T21:51:33.368+0000] {dagbag.py:536} INFO - Filling up the DagBag from /opt/airflow/dags/pipeline_productivo.py
[2025-10-28T21:51:34.288+0000] {logging_mixin.py:154} WARNING - /home/airflow/.local/lib/python3.10/site-packages/pydantic/_internal/_fields.py:128 UserWarning: Field "model_server_url" has conflict with protected namespace "model_".

You may be able to resolve this warning by setting `model_config['protected_namespaces'] = ()`.
[2025-10-28T21:51:34.725+0000] {logging_mixin.py:154} WARNING - /home/airflow/.local/lib/python3.10/site-packages/airflow/models/baseoperator.py:437 RemovedInAirflow3Warning: provide_context is deprecated as of 2.0 and is no longer required
[2025-10-28T21:51:34.729+0000] {processor.py:839} INFO - DAG(s) dict_keys(['sodai_drinks_production_pipeline']) retrieved from /opt/airflow/dags/pipeline_productivo.py
[2025-10-28T21:51:34.747+0000] {logging_mixin.py:154} INFO - [2025-10-28T21:51:34.747+0000] {dag.py:2941} INFO - Sync 1 DAGs
[2025-10-28T21:51:34.765+0000] {logging_mixin.py:154} INFO - [2025-10-28T21:51:34.765+0000] {dag.py:3722} INFO - Setting next_dagrun for sodai_drinks_production_pipeline to 2025-10-26T00:00:00+00:00, run_after=2025-11-02T00:00:00+00:00
[2025-10-28T21:51:34.775+0000] {processor.py:179} INFO - Processing /opt/airflow/dags/pipeline_productivo.py took 1.423 seconds
[2025-10-28T21:52:05.236+0000] {processor.py:157} INFO - Started process (PID=1388) to work on /opt/airflow/dags/pipeline_productivo.py
[2025-10-28T21:52:05.238+0000] {processor.py:829} INFO - Processing file /opt/airflow/dags/pipeline_productivo.py for tasks to queue
[2025-10-28T21:52:05.240+0000] {logging_mixin.py:154} INFO - [2025-10-28T21:52:05.240+0000] {dagbag.py:536} INFO - Filling up the DagBag from /opt/airflow/dags/pipeline_productivo.py
[2025-10-28T21:52:06.144+0000] {logging_mixin.py:154} WARNING - /home/airflow/.local/lib/python3.10/site-packages/pydantic/_internal/_fields.py:128 UserWarning: Field "model_server_url" has conflict with protected namespace "model_".

You may be able to resolve this warning by setting `model_config['protected_namespaces'] = ()`.
[2025-10-28T21:52:06.612+0000] {logging_mixin.py:154} WARNING - /home/airflow/.local/lib/python3.10/site-packages/airflow/models/baseoperator.py:437 RemovedInAirflow3Warning: provide_context is deprecated as of 2.0 and is no longer required
[2025-10-28T21:52:06.616+0000] {processor.py:839} INFO - DAG(s) dict_keys(['sodai_drinks_production_pipeline']) retrieved from /opt/airflow/dags/pipeline_productivo.py
[2025-10-28T21:52:06.629+0000] {logging_mixin.py:154} INFO - [2025-10-28T21:52:06.628+0000] {dag.py:2941} INFO - Sync 1 DAGs
[2025-10-28T21:52:06.638+0000] {logging_mixin.py:154} INFO - [2025-10-28T21:52:06.638+0000] {dag.py:3722} INFO - Setting next_dagrun for sodai_drinks_production_pipeline to 2025-10-26T00:00:00+00:00, run_after=2025-11-02T00:00:00+00:00
[2025-10-28T21:52:06.646+0000] {processor.py:179} INFO - Processing /opt/airflow/dags/pipeline_productivo.py took 1.418 seconds
[2025-10-28T21:52:37.064+0000] {processor.py:157} INFO - Started process (PID=1443) to work on /opt/airflow/dags/pipeline_productivo.py
[2025-10-28T21:52:37.073+0000] {processor.py:829} INFO - Processing file /opt/airflow/dags/pipeline_productivo.py for tasks to queue
[2025-10-28T21:52:37.077+0000] {logging_mixin.py:154} INFO - [2025-10-28T21:52:37.075+0000] {dagbag.py:536} INFO - Filling up the DagBag from /opt/airflow/dags/pipeline_productivo.py
[2025-10-28T21:52:37.990+0000] {logging_mixin.py:154} WARNING - /home/airflow/.local/lib/python3.10/site-packages/pydantic/_internal/_fields.py:128 UserWarning: Field "model_server_url" has conflict with protected namespace "model_".

You may be able to resolve this warning by setting `model_config['protected_namespaces'] = ()`.
[2025-10-28T21:52:38.397+0000] {logging_mixin.py:154} WARNING - /home/airflow/.local/lib/python3.10/site-packages/airflow/models/baseoperator.py:437 RemovedInAirflow3Warning: provide_context is deprecated as of 2.0 and is no longer required
[2025-10-28T21:52:38.400+0000] {processor.py:839} INFO - DAG(s) dict_keys(['sodai_drinks_production_pipeline']) retrieved from /opt/airflow/dags/pipeline_productivo.py
[2025-10-28T21:52:38.417+0000] {logging_mixin.py:154} INFO - [2025-10-28T21:52:38.417+0000] {dag.py:2941} INFO - Sync 1 DAGs
[2025-10-28T21:52:38.430+0000] {logging_mixin.py:154} INFO - [2025-10-28T21:52:38.430+0000] {dag.py:3722} INFO - Setting next_dagrun for sodai_drinks_production_pipeline to 2025-10-26T00:00:00+00:00, run_after=2025-11-02T00:00:00+00:00
[2025-10-28T21:52:38.438+0000] {processor.py:179} INFO - Processing /opt/airflow/dags/pipeline_productivo.py took 1.383 seconds
[2025-10-28T21:53:09.050+0000] {processor.py:157} INFO - Started process (PID=1506) to work on /opt/airflow/dags/pipeline_productivo.py
[2025-10-28T21:53:09.052+0000] {processor.py:829} INFO - Processing file /opt/airflow/dags/pipeline_productivo.py for tasks to queue
[2025-10-28T21:53:09.053+0000] {logging_mixin.py:154} INFO - [2025-10-28T21:53:09.053+0000] {dagbag.py:536} INFO - Filling up the DagBag from /opt/airflow/dags/pipeline_productivo.py
[2025-10-28T21:53:09.915+0000] {logging_mixin.py:154} WARNING - /home/airflow/.local/lib/python3.10/site-packages/pydantic/_internal/_fields.py:128 UserWarning: Field "model_server_url" has conflict with protected namespace "model_".

You may be able to resolve this warning by setting `model_config['protected_namespaces'] = ()`.
[2025-10-28T21:53:10.319+0000] {logging_mixin.py:154} WARNING - /home/airflow/.local/lib/python3.10/site-packages/airflow/models/baseoperator.py:437 RemovedInAirflow3Warning: provide_context is deprecated as of 2.0 and is no longer required
[2025-10-28T21:53:10.322+0000] {processor.py:839} INFO - DAG(s) dict_keys(['sodai_drinks_production_pipeline']) retrieved from /opt/airflow/dags/pipeline_productivo.py
[2025-10-28T21:53:10.335+0000] {logging_mixin.py:154} INFO - [2025-10-28T21:53:10.335+0000] {dag.py:2941} INFO - Sync 1 DAGs
[2025-10-28T21:53:10.346+0000] {logging_mixin.py:154} INFO - [2025-10-28T21:53:10.346+0000] {dag.py:3722} INFO - Setting next_dagrun for sodai_drinks_production_pipeline to 2025-10-26T00:00:00+00:00, run_after=2025-11-02T00:00:00+00:00
[2025-10-28T21:53:10.353+0000] {processor.py:179} INFO - Processing /opt/airflow/dags/pipeline_productivo.py took 1.308 seconds
[2025-10-28T21:53:40.821+0000] {processor.py:157} INFO - Started process (PID=1561) to work on /opt/airflow/dags/pipeline_productivo.py
[2025-10-28T21:53:40.824+0000] {processor.py:829} INFO - Processing file /opt/airflow/dags/pipeline_productivo.py for tasks to queue
[2025-10-28T21:53:40.825+0000] {logging_mixin.py:154} INFO - [2025-10-28T21:53:40.824+0000] {dagbag.py:536} INFO - Filling up the DagBag from /opt/airflow/dags/pipeline_productivo.py
[2025-10-28T21:53:41.774+0000] {logging_mixin.py:154} WARNING - /home/airflow/.local/lib/python3.10/site-packages/pydantic/_internal/_fields.py:128 UserWarning: Field "model_server_url" has conflict with protected namespace "model_".

You may be able to resolve this warning by setting `model_config['protected_namespaces'] = ()`.
[2025-10-28T21:53:42.162+0000] {logging_mixin.py:154} WARNING - /home/airflow/.local/lib/python3.10/site-packages/airflow/models/baseoperator.py:437 RemovedInAirflow3Warning: provide_context is deprecated as of 2.0 and is no longer required
[2025-10-28T21:53:42.165+0000] {processor.py:839} INFO - DAG(s) dict_keys(['sodai_drinks_production_pipeline']) retrieved from /opt/airflow/dags/pipeline_productivo.py
[2025-10-28T21:53:42.185+0000] {logging_mixin.py:154} INFO - [2025-10-28T21:53:42.185+0000] {dag.py:2941} INFO - Sync 1 DAGs
[2025-10-28T21:53:42.195+0000] {logging_mixin.py:154} INFO - [2025-10-28T21:53:42.195+0000] {dag.py:3722} INFO - Setting next_dagrun for sodai_drinks_production_pipeline to 2025-10-26T00:00:00+00:00, run_after=2025-11-02T00:00:00+00:00
[2025-10-28T21:53:42.203+0000] {processor.py:179} INFO - Processing /opt/airflow/dags/pipeline_productivo.py took 1.390 seconds
[2025-10-28T21:54:13.095+0000] {processor.py:157} INFO - Started process (PID=1616) to work on /opt/airflow/dags/pipeline_productivo.py
[2025-10-28T21:54:13.098+0000] {processor.py:829} INFO - Processing file /opt/airflow/dags/pipeline_productivo.py for tasks to queue
[2025-10-28T21:54:13.105+0000] {logging_mixin.py:154} INFO - [2025-10-28T21:54:13.103+0000] {dagbag.py:536} INFO - Filling up the DagBag from /opt/airflow/dags/pipeline_productivo.py
[2025-10-28T21:54:14.084+0000] {logging_mixin.py:154} WARNING - /home/airflow/.local/lib/python3.10/site-packages/pydantic/_internal/_fields.py:128 UserWarning: Field "model_server_url" has conflict with protected namespace "model_".

You may be able to resolve this warning by setting `model_config['protected_namespaces'] = ()`.
[2025-10-28T21:54:14.690+0000] {logging_mixin.py:154} WARNING - /home/airflow/.local/lib/python3.10/site-packages/airflow/models/baseoperator.py:437 RemovedInAirflow3Warning: provide_context is deprecated as of 2.0 and is no longer required
[2025-10-28T21:54:14.693+0000] {processor.py:839} INFO - DAG(s) dict_keys(['sodai_drinks_production_pipeline']) retrieved from /opt/airflow/dags/pipeline_productivo.py
[2025-10-28T21:54:14.715+0000] {logging_mixin.py:154} INFO - [2025-10-28T21:54:14.714+0000] {dag.py:2941} INFO - Sync 1 DAGs
[2025-10-28T21:54:14.728+0000] {logging_mixin.py:154} INFO - [2025-10-28T21:54:14.728+0000] {dag.py:3722} INFO - Setting next_dagrun for sodai_drinks_production_pipeline to 2025-10-26T00:00:00+00:00, run_after=2025-11-02T00:00:00+00:00
[2025-10-28T21:54:14.737+0000] {processor.py:179} INFO - Processing /opt/airflow/dags/pipeline_productivo.py took 1.656 seconds
[2025-10-28T21:54:45.616+0000] {processor.py:157} INFO - Started process (PID=1671) to work on /opt/airflow/dags/pipeline_productivo.py
[2025-10-28T21:54:45.618+0000] {processor.py:829} INFO - Processing file /opt/airflow/dags/pipeline_productivo.py for tasks to queue
[2025-10-28T21:54:45.619+0000] {logging_mixin.py:154} INFO - [2025-10-28T21:54:45.618+0000] {dagbag.py:536} INFO - Filling up the DagBag from /opt/airflow/dags/pipeline_productivo.py
[2025-10-28T21:54:46.529+0000] {logging_mixin.py:154} WARNING - /home/airflow/.local/lib/python3.10/site-packages/pydantic/_internal/_fields.py:128 UserWarning: Field "model_server_url" has conflict with protected namespace "model_".

You may be able to resolve this warning by setting `model_config['protected_namespaces'] = ()`.
[2025-10-28T21:54:47.023+0000] {logging_mixin.py:154} WARNING - /home/airflow/.local/lib/python3.10/site-packages/airflow/models/baseoperator.py:437 RemovedInAirflow3Warning: provide_context is deprecated as of 2.0 and is no longer required
[2025-10-28T21:54:47.026+0000] {processor.py:839} INFO - DAG(s) dict_keys(['sodai_drinks_production_pipeline']) retrieved from /opt/airflow/dags/pipeline_productivo.py
[2025-10-28T21:54:47.040+0000] {logging_mixin.py:154} INFO - [2025-10-28T21:54:47.039+0000] {dag.py:2941} INFO - Sync 1 DAGs
[2025-10-28T21:54:47.050+0000] {logging_mixin.py:154} INFO - [2025-10-28T21:54:47.050+0000] {dag.py:3722} INFO - Setting next_dagrun for sodai_drinks_production_pipeline to 2025-10-26T00:00:00+00:00, run_after=2025-11-02T00:00:00+00:00
[2025-10-28T21:54:47.058+0000] {processor.py:179} INFO - Processing /opt/airflow/dags/pipeline_productivo.py took 1.448 seconds
[2025-10-28T21:55:17.527+0000] {processor.py:157} INFO - Started process (PID=1719) to work on /opt/airflow/dags/pipeline_productivo.py
[2025-10-28T21:55:17.533+0000] {processor.py:829} INFO - Processing file /opt/airflow/dags/pipeline_productivo.py for tasks to queue
[2025-10-28T21:55:17.534+0000] {logging_mixin.py:154} INFO - [2025-10-28T21:55:17.534+0000] {dagbag.py:536} INFO - Filling up the DagBag from /opt/airflow/dags/pipeline_productivo.py
[2025-10-28T21:55:18.356+0000] {logging_mixin.py:154} INFO - [2025-10-28T21:55:18.353+0000] {dagbag.py:346} ERROR - Failed to import: /opt/airflow/dags/pipeline_productivo.py
Traceback (most recent call last):
  File "/home/airflow/.local/lib/python3.10/site-packages/airflow/models/dagbag.py", line 342, in parse
    loader.exec_module(new_module)
  File "<frozen importlib._bootstrap_external>", line 883, in exec_module
  File "<frozen importlib._bootstrap>", line 241, in _call_with_frames_removed
  File "/opt/airflow/dags/pipeline_productivo.py", line 15, in <module>
    from tasks.drift_detection import detect_drift
  File "/opt/airflow/dags/tasks/drift_detection.py", line 7
    from         drift_results[feature] = {
                              ^
SyntaxError: invalid syntax
[2025-10-28T21:55:18.356+0000] {processor.py:841} WARNING - No viable dags retrieved from /opt/airflow/dags/pipeline_productivo.py
[2025-10-28T21:55:18.372+0000] {processor.py:179} INFO - Processing /opt/airflow/dags/pipeline_productivo.py took 0.862 seconds
[2025-10-28T21:55:48.691+0000] {processor.py:157} INFO - Started process (PID=1774) to work on /opt/airflow/dags/pipeline_productivo.py
[2025-10-28T21:55:48.693+0000] {processor.py:829} INFO - Processing file /opt/airflow/dags/pipeline_productivo.py for tasks to queue
[2025-10-28T21:55:48.695+0000] {logging_mixin.py:154} INFO - [2025-10-28T21:55:48.694+0000] {dagbag.py:536} INFO - Filling up the DagBag from /opt/airflow/dags/pipeline_productivo.py
[2025-10-28T21:55:49.400+0000] {logging_mixin.py:154} INFO - [2025-10-28T21:55:49.399+0000] {dagbag.py:346} ERROR - Failed to import: /opt/airflow/dags/pipeline_productivo.py
Traceback (most recent call last):
  File "/home/airflow/.local/lib/python3.10/site-packages/airflow/models/dagbag.py", line 342, in parse
    loader.exec_module(new_module)
  File "<frozen importlib._bootstrap_external>", line 883, in exec_module
  File "<frozen importlib._bootstrap>", line 241, in _call_with_frames_removed
  File "/opt/airflow/dags/pipeline_productivo.py", line 15, in <module>
    from tasks.drift_detection import detect_drift
  File "/opt/airflow/dags/tasks/drift_detection.py", line 7
    from         drift_results[feature] = {
                              ^
SyntaxError: invalid syntax
[2025-10-28T21:55:49.400+0000] {processor.py:841} WARNING - No viable dags retrieved from /opt/airflow/dags/pipeline_productivo.py
[2025-10-28T21:55:49.414+0000] {processor.py:179} INFO - Processing /opt/airflow/dags/pipeline_productivo.py took 0.740 seconds
[2025-10-28T21:56:19.846+0000] {processor.py:157} INFO - Started process (PID=1829) to work on /opt/airflow/dags/pipeline_productivo.py
[2025-10-28T21:56:19.850+0000] {processor.py:829} INFO - Processing file /opt/airflow/dags/pipeline_productivo.py for tasks to queue
[2025-10-28T21:56:19.853+0000] {logging_mixin.py:154} INFO - [2025-10-28T21:56:19.851+0000] {dagbag.py:536} INFO - Filling up the DagBag from /opt/airflow/dags/pipeline_productivo.py
[2025-10-28T21:56:20.637+0000] {logging_mixin.py:154} INFO - [2025-10-28T21:56:20.635+0000] {dagbag.py:346} ERROR - Failed to import: /opt/airflow/dags/pipeline_productivo.py
Traceback (most recent call last):
  File "/home/airflow/.local/lib/python3.10/site-packages/airflow/models/dagbag.py", line 342, in parse
    loader.exec_module(new_module)
  File "<frozen importlib._bootstrap_external>", line 883, in exec_module
  File "<frozen importlib._bootstrap>", line 241, in _call_with_frames_removed
  File "/opt/airflow/dags/pipeline_productivo.py", line 15, in <module>
    from tasks.drift_detection import detect_drift
  File "/opt/airflow/dags/tasks/drift_detection.py", line 7
    from         drift_results[feature] = {
                              ^
SyntaxError: invalid syntax
[2025-10-28T21:56:20.637+0000] {processor.py:841} WARNING - No viable dags retrieved from /opt/airflow/dags/pipeline_productivo.py
[2025-10-28T21:56:20.649+0000] {processor.py:179} INFO - Processing /opt/airflow/dags/pipeline_productivo.py took 0.818 seconds
[2025-10-28T21:56:50.851+0000] {processor.py:157} INFO - Started process (PID=1883) to work on /opt/airflow/dags/pipeline_productivo.py
[2025-10-28T21:56:50.852+0000] {processor.py:829} INFO - Processing file /opt/airflow/dags/pipeline_productivo.py for tasks to queue
[2025-10-28T21:56:50.852+0000] {logging_mixin.py:154} INFO - [2025-10-28T21:56:50.852+0000] {dagbag.py:536} INFO - Filling up the DagBag from /opt/airflow/dags/pipeline_productivo.py
[2025-10-28T21:56:51.669+0000] {logging_mixin.py:154} INFO - [2025-10-28T21:56:51.668+0000] {dagbag.py:346} ERROR - Failed to import: /opt/airflow/dags/pipeline_productivo.py
Traceback (most recent call last):
  File "/home/airflow/.local/lib/python3.10/site-packages/airflow/models/dagbag.py", line 342, in parse
    loader.exec_module(new_module)
  File "<frozen importlib._bootstrap_external>", line 883, in exec_module
  File "<frozen importlib._bootstrap>", line 241, in _call_with_frames_removed
  File "/opt/airflow/dags/pipeline_productivo.py", line 15, in <module>
    from tasks.drift_detection import detect_drift
  File "/opt/airflow/dags/tasks/drift_detection.py", line 7
    from         drift_results[feature] = {
                              ^
SyntaxError: invalid syntax
[2025-10-28T21:56:51.669+0000] {processor.py:841} WARNING - No viable dags retrieved from /opt/airflow/dags/pipeline_productivo.py
[2025-10-28T21:56:51.700+0000] {processor.py:179} INFO - Processing /opt/airflow/dags/pipeline_productivo.py took 0.852 seconds
[2025-10-28T21:57:21.906+0000] {processor.py:157} INFO - Started process (PID=1932) to work on /opt/airflow/dags/pipeline_productivo.py
[2025-10-28T21:57:21.912+0000] {processor.py:829} INFO - Processing file /opt/airflow/dags/pipeline_productivo.py for tasks to queue
[2025-10-28T21:57:21.915+0000] {logging_mixin.py:154} INFO - [2025-10-28T21:57:21.914+0000] {dagbag.py:536} INFO - Filling up the DagBag from /opt/airflow/dags/pipeline_productivo.py
[2025-10-28T21:57:22.360+0000] {logging_mixin.py:154} INFO - [2025-10-28T21:57:22.355+0000] {dagbag.py:346} ERROR - Failed to import: /opt/airflow/dags/pipeline_productivo.py
Traceback (most recent call last):
  File "/home/airflow/.local/lib/python3.10/site-packages/airflow/models/dagbag.py", line 342, in parse
    loader.exec_module(new_module)
  File "<frozen importlib._bootstrap_external>", line 883, in exec_module
  File "<frozen importlib._bootstrap>", line 241, in _call_with_frames_removed
  File "/opt/airflow/dags/pipeline_productivo.py", line 14, in <module>
    from tasks.data_preprocessing import preprocess_data
ModuleNotFoundError: No module named 'tasks.data_preprocessing'
[2025-10-28T21:57:22.360+0000] {processor.py:841} WARNING - No viable dags retrieved from /opt/airflow/dags/pipeline_productivo.py
[2025-10-28T21:57:22.398+0000] {processor.py:179} INFO - Processing /opt/airflow/dags/pipeline_productivo.py took 0.509 seconds
[2025-10-28T21:57:53.111+0000] {processor.py:157} INFO - Started process (PID=1973) to work on /opt/airflow/dags/pipeline_productivo.py
[2025-10-28T21:57:53.113+0000] {processor.py:829} INFO - Processing file /opt/airflow/dags/pipeline_productivo.py for tasks to queue
[2025-10-28T21:57:53.115+0000] {logging_mixin.py:154} INFO - [2025-10-28T21:57:53.114+0000] {dagbag.py:536} INFO - Filling up the DagBag from /opt/airflow/dags/pipeline_productivo.py
[2025-10-28T21:57:54.274+0000] {logging_mixin.py:154} INFO - [2025-10-28T21:57:54.270+0000] {dagbag.py:346} ERROR - Failed to import: /opt/airflow/dags/pipeline_productivo.py
Traceback (most recent call last):
  File "/home/airflow/.local/lib/python3.10/site-packages/airflow/models/dagbag.py", line 342, in parse
    loader.exec_module(new_module)
  File "<frozen importlib._bootstrap_external>", line 883, in exec_module
  File "<frozen importlib._bootstrap>", line 241, in _call_with_frames_removed
  File "/opt/airflow/dags/pipeline_productivo.py", line 15, in <module>
    from tasks.drift_detection import detect_drift
  File "/opt/airflow/dags/tasks/drift_detection.py", line 7
    from         drift_results[feature] = {
                              ^
SyntaxError: invalid syntax
[2025-10-28T21:57:54.274+0000] {processor.py:841} WARNING - No viable dags retrieved from /opt/airflow/dags/pipeline_productivo.py
[2025-10-28T21:57:54.298+0000] {processor.py:179} INFO - Processing /opt/airflow/dags/pipeline_productivo.py took 1.201 seconds
[2025-10-28T21:58:24.766+0000] {processor.py:157} INFO - Started process (PID=2027) to work on /opt/airflow/dags/pipeline_productivo.py
[2025-10-28T21:58:24.769+0000] {processor.py:829} INFO - Processing file /opt/airflow/dags/pipeline_productivo.py for tasks to queue
[2025-10-28T21:58:24.770+0000] {logging_mixin.py:154} INFO - [2025-10-28T21:58:24.770+0000] {dagbag.py:536} INFO - Filling up the DagBag from /opt/airflow/dags/pipeline_productivo.py
[2025-10-28T21:58:25.501+0000] {logging_mixin.py:154} INFO - [2025-10-28T21:58:25.500+0000] {dagbag.py:346} ERROR - Failed to import: /opt/airflow/dags/pipeline_productivo.py
Traceback (most recent call last):
  File "/home/airflow/.local/lib/python3.10/site-packages/airflow/models/dagbag.py", line 342, in parse
    loader.exec_module(new_module)
  File "<frozen importlib._bootstrap_external>", line 883, in exec_module
  File "<frozen importlib._bootstrap>", line 241, in _call_with_frames_removed
  File "/opt/airflow/dags/pipeline_productivo.py", line 15, in <module>
    from tasks.drift_detection import detect_drift
  File "/opt/airflow/dags/tasks/drift_detection.py", line 7
    from         drift_results[feature] = {
                              ^
SyntaxError: invalid syntax
[2025-10-28T21:58:25.501+0000] {processor.py:841} WARNING - No viable dags retrieved from /opt/airflow/dags/pipeline_productivo.py
[2025-10-28T21:58:25.511+0000] {processor.py:179} INFO - Processing /opt/airflow/dags/pipeline_productivo.py took 0.772 seconds
[2025-10-28T21:58:56.394+0000] {processor.py:157} INFO - Started process (PID=2082) to work on /opt/airflow/dags/pipeline_productivo.py
[2025-10-28T21:58:56.404+0000] {processor.py:829} INFO - Processing file /opt/airflow/dags/pipeline_productivo.py for tasks to queue
[2025-10-28T21:58:56.409+0000] {logging_mixin.py:154} INFO - [2025-10-28T21:58:56.408+0000] {dagbag.py:536} INFO - Filling up the DagBag from /opt/airflow/dags/pipeline_productivo.py
[2025-10-28T21:58:58.019+0000] {logging_mixin.py:154} INFO - [2025-10-28T21:58:58.015+0000] {dagbag.py:346} ERROR - Failed to import: /opt/airflow/dags/pipeline_productivo.py
Traceback (most recent call last):
  File "/home/airflow/.local/lib/python3.10/site-packages/airflow/models/dagbag.py", line 342, in parse
    loader.exec_module(new_module)
  File "<frozen importlib._bootstrap_external>", line 883, in exec_module
  File "<frozen importlib._bootstrap>", line 241, in _call_with_frames_removed
  File "/opt/airflow/dags/pipeline_productivo.py", line 15, in <module>
    from tasks.drift_detection import detect_drift
  File "/opt/airflow/dags/tasks/drift_detection.py", line 7
    from         drift_results[feature] = {
                              ^
SyntaxError: invalid syntax
[2025-10-28T21:58:58.020+0000] {processor.py:841} WARNING - No viable dags retrieved from /opt/airflow/dags/pipeline_productivo.py
[2025-10-28T21:58:58.041+0000] {processor.py:179} INFO - Processing /opt/airflow/dags/pipeline_productivo.py took 1.686 seconds
[2025-10-28T21:59:27.204+0000] {processor.py:157} INFO - Started process (PID=163) to work on /opt/airflow/dags/pipeline_productivo.py
[2025-10-28T21:59:27.222+0000] {processor.py:829} INFO - Processing file /opt/airflow/dags/pipeline_productivo.py for tasks to queue
[2025-10-28T21:59:27.227+0000] {logging_mixin.py:154} INFO - [2025-10-28T21:59:27.227+0000] {dagbag.py:536} INFO - Filling up the DagBag from /opt/airflow/dags/pipeline_productivo.py
[2025-10-28T21:59:28.942+0000] {logging_mixin.py:154} INFO - [2025-10-28T21:59:28.941+0000] {dagbag.py:346} ERROR - Failed to import: /opt/airflow/dags/pipeline_productivo.py
Traceback (most recent call last):
  File "/home/airflow/.local/lib/python3.10/site-packages/airflow/models/dagbag.py", line 342, in parse
    loader.exec_module(new_module)
  File "<frozen importlib._bootstrap_external>", line 883, in exec_module
  File "<frozen importlib._bootstrap>", line 241, in _call_with_frames_removed
  File "/opt/airflow/dags/pipeline_productivo.py", line 15, in <module>
    from tasks.drift_detection import detect_drift
  File "/opt/airflow/dags/tasks/drift_detection.py", line 7
    from         drift_results[feature] = {
                              ^
SyntaxError: invalid syntax
[2025-10-28T21:59:28.943+0000] {processor.py:841} WARNING - No viable dags retrieved from /opt/airflow/dags/pipeline_productivo.py
[2025-10-28T21:59:28.965+0000] {processor.py:179} INFO - Processing /opt/airflow/dags/pipeline_productivo.py took 1.815 seconds
[2025-10-28T21:59:59.032+0000] {processor.py:157} INFO - Started process (PID=229) to work on /opt/airflow/dags/pipeline_productivo.py
[2025-10-28T21:59:59.033+0000] {processor.py:829} INFO - Processing file /opt/airflow/dags/pipeline_productivo.py for tasks to queue
[2025-10-28T21:59:59.034+0000] {logging_mixin.py:154} INFO - [2025-10-28T21:59:59.034+0000] {dagbag.py:536} INFO - Filling up the DagBag from /opt/airflow/dags/pipeline_productivo.py
[2025-10-28T22:00:00.121+0000] {logging_mixin.py:154} INFO - [2025-10-28T22:00:00.119+0000] {dagbag.py:346} ERROR - Failed to import: /opt/airflow/dags/pipeline_productivo.py
Traceback (most recent call last):
  File "/home/airflow/.local/lib/python3.10/site-packages/airflow/models/dagbag.py", line 342, in parse
    loader.exec_module(new_module)
  File "<frozen importlib._bootstrap_external>", line 883, in exec_module
  File "<frozen importlib._bootstrap>", line 241, in _call_with_frames_removed
  File "/opt/airflow/dags/pipeline_productivo.py", line 15, in <module>
    from tasks.drift_detection import detect_drift
  File "/opt/airflow/dags/tasks/drift_detection.py", line 7
    from         drift_results[feature] = {
                              ^
SyntaxError: invalid syntax
[2025-10-28T22:00:00.121+0000] {processor.py:841} WARNING - No viable dags retrieved from /opt/airflow/dags/pipeline_productivo.py
[2025-10-28T22:00:00.157+0000] {processor.py:179} INFO - Processing /opt/airflow/dags/pipeline_productivo.py took 1.130 seconds
[2025-10-28T22:00:30.836+0000] {processor.py:157} INFO - Started process (PID=295) to work on /opt/airflow/dags/pipeline_productivo.py
[2025-10-28T22:00:30.837+0000] {processor.py:829} INFO - Processing file /opt/airflow/dags/pipeline_productivo.py for tasks to queue
[2025-10-28T22:00:30.837+0000] {logging_mixin.py:154} INFO - [2025-10-28T22:00:30.837+0000] {dagbag.py:536} INFO - Filling up the DagBag from /opt/airflow/dags/pipeline_productivo.py
[2025-10-28T22:00:31.876+0000] {logging_mixin.py:154} INFO - [2025-10-28T22:00:31.872+0000] {dagbag.py:346} ERROR - Failed to import: /opt/airflow/dags/pipeline_productivo.py
Traceback (most recent call last):
  File "/home/airflow/.local/lib/python3.10/site-packages/airflow/models/dagbag.py", line 342, in parse
    loader.exec_module(new_module)
  File "<frozen importlib._bootstrap_external>", line 883, in exec_module
  File "<frozen importlib._bootstrap>", line 241, in _call_with_frames_removed
  File "/opt/airflow/dags/pipeline_productivo.py", line 15, in <module>
    from tasks.drift_detection import detect_drift
  File "/opt/airflow/dags/tasks/drift_detection.py", line 7
    from         drift_results[feature] = {
                              ^
SyntaxError: invalid syntax
[2025-10-28T22:00:31.877+0000] {processor.py:841} WARNING - No viable dags retrieved from /opt/airflow/dags/pipeline_productivo.py
[2025-10-28T22:00:31.907+0000] {processor.py:179} INFO - Processing /opt/airflow/dags/pipeline_productivo.py took 1.075 seconds
[2025-10-28T22:01:02.033+0000] {processor.py:157} INFO - Started process (PID=343) to work on /opt/airflow/dags/pipeline_productivo.py
[2025-10-28T22:01:02.034+0000] {processor.py:829} INFO - Processing file /opt/airflow/dags/pipeline_productivo.py for tasks to queue
[2025-10-28T22:01:02.035+0000] {logging_mixin.py:154} INFO - [2025-10-28T22:01:02.035+0000] {dagbag.py:536} INFO - Filling up the DagBag from /opt/airflow/dags/pipeline_productivo.py
[2025-10-28T22:01:02.773+0000] {logging_mixin.py:154} INFO - [2025-10-28T22:01:02.771+0000] {dagbag.py:346} ERROR - Failed to import: /opt/airflow/dags/pipeline_productivo.py
Traceback (most recent call last):
  File "/home/airflow/.local/lib/python3.10/site-packages/airflow/models/dagbag.py", line 342, in parse
    loader.exec_module(new_module)
  File "<frozen importlib._bootstrap_external>", line 883, in exec_module
  File "<frozen importlib._bootstrap>", line 241, in _call_with_frames_removed
  File "/opt/airflow/dags/pipeline_productivo.py", line 15, in <module>
    from tasks.drift_detection import detect_drift
  File "/opt/airflow/dags/tasks/drift_detection.py", line 7
    from         drift_results[feature] = {
                              ^
SyntaxError: invalid syntax
[2025-10-28T22:01:02.773+0000] {processor.py:841} WARNING - No viable dags retrieved from /opt/airflow/dags/pipeline_productivo.py
[2025-10-28T22:01:02.787+0000] {processor.py:179} INFO - Processing /opt/airflow/dags/pipeline_productivo.py took 0.765 seconds
[2025-10-28T22:01:33.337+0000] {processor.py:157} INFO - Started process (PID=398) to work on /opt/airflow/dags/pipeline_productivo.py
[2025-10-28T22:01:33.344+0000] {processor.py:829} INFO - Processing file /opt/airflow/dags/pipeline_productivo.py for tasks to queue
[2025-10-28T22:01:33.346+0000] {logging_mixin.py:154} INFO - [2025-10-28T22:01:33.346+0000] {dagbag.py:536} INFO - Filling up the DagBag from /opt/airflow/dags/pipeline_productivo.py
[2025-10-28T22:01:34.399+0000] {logging_mixin.py:154} INFO - [2025-10-28T22:01:34.397+0000] {dagbag.py:346} ERROR - Failed to import: /opt/airflow/dags/pipeline_productivo.py
Traceback (most recent call last):
  File "/home/airflow/.local/lib/python3.10/site-packages/airflow/models/dagbag.py", line 342, in parse
    loader.exec_module(new_module)
  File "<frozen importlib._bootstrap_external>", line 883, in exec_module
  File "<frozen importlib._bootstrap>", line 241, in _call_with_frames_removed
  File "/opt/airflow/dags/pipeline_productivo.py", line 15, in <module>
    from tasks.drift_detection import detect_drift
  File "/opt/airflow/dags/tasks/drift_detection.py", line 7
    from         drift_results[feature] = {
                              ^
SyntaxError: invalid syntax
[2025-10-28T22:01:34.399+0000] {processor.py:841} WARNING - No viable dags retrieved from /opt/airflow/dags/pipeline_productivo.py
[2025-10-28T22:01:34.419+0000] {processor.py:179} INFO - Processing /opt/airflow/dags/pipeline_productivo.py took 1.090 seconds
[2025-10-28T22:02:05.285+0000] {processor.py:157} INFO - Started process (PID=452) to work on /opt/airflow/dags/pipeline_productivo.py
[2025-10-28T22:02:05.288+0000] {processor.py:829} INFO - Processing file /opt/airflow/dags/pipeline_productivo.py for tasks to queue
[2025-10-28T22:02:05.293+0000] {logging_mixin.py:154} INFO - [2025-10-28T22:02:05.291+0000] {dagbag.py:536} INFO - Filling up the DagBag from /opt/airflow/dags/pipeline_productivo.py
[2025-10-28T22:02:07.794+0000] {logging_mixin.py:154} WARNING - /home/airflow/.local/lib/python3.10/site-packages/pydantic/_internal/_fields.py:128 UserWarning: Field "model_server_url" has conflict with protected namespace "model_".

You may be able to resolve this warning by setting `model_config['protected_namespaces'] = ()`.
[2025-10-28T22:02:09.324+0000] {logging_mixin.py:154} WARNING - /home/airflow/.local/lib/python3.10/site-packages/airflow/models/baseoperator.py:437 RemovedInAirflow3Warning: provide_context is deprecated as of 2.0 and is no longer required
[2025-10-28T22:02:09.331+0000] {processor.py:839} INFO - DAG(s) dict_keys(['sodai_drinks_production_pipeline']) retrieved from /opt/airflow/dags/pipeline_productivo.py
[2025-10-28T22:02:09.449+0000] {logging_mixin.py:154} INFO - [2025-10-28T22:02:09.449+0000] {dag.py:2941} INFO - Sync 1 DAGs
[2025-10-28T22:02:09.462+0000] {logging_mixin.py:154} INFO - [2025-10-28T22:02:09.462+0000] {dag.py:3722} INFO - Setting next_dagrun for sodai_drinks_production_pipeline to 2025-10-26T00:00:00+00:00, run_after=2025-11-02T00:00:00+00:00
[2025-10-28T22:02:09.481+0000] {processor.py:179} INFO - Processing /opt/airflow/dags/pipeline_productivo.py took 4.208 seconds
[2025-10-28T22:02:40.120+0000] {processor.py:157} INFO - Started process (PID=500) to work on /opt/airflow/dags/pipeline_productivo.py
[2025-10-28T22:02:40.122+0000] {processor.py:829} INFO - Processing file /opt/airflow/dags/pipeline_productivo.py for tasks to queue
[2025-10-28T22:02:40.124+0000] {logging_mixin.py:154} INFO - [2025-10-28T22:02:40.123+0000] {dagbag.py:536} INFO - Filling up the DagBag from /opt/airflow/dags/pipeline_productivo.py
[2025-10-28T22:02:41.142+0000] {logging_mixin.py:154} WARNING - /home/airflow/.local/lib/python3.10/site-packages/pydantic/_internal/_fields.py:128 UserWarning: Field "model_server_url" has conflict with protected namespace "model_".

You may be able to resolve this warning by setting `model_config['protected_namespaces'] = ()`.
[2025-10-28T22:02:41.609+0000] {logging_mixin.py:154} WARNING - /home/airflow/.local/lib/python3.10/site-packages/airflow/models/baseoperator.py:437 RemovedInAirflow3Warning: provide_context is deprecated as of 2.0 and is no longer required
[2025-10-28T22:02:41.612+0000] {processor.py:839} INFO - DAG(s) dict_keys(['sodai_drinks_production_pipeline']) retrieved from /opt/airflow/dags/pipeline_productivo.py
[2025-10-28T22:02:41.636+0000] {logging_mixin.py:154} INFO - [2025-10-28T22:02:41.635+0000] {dag.py:2941} INFO - Sync 1 DAGs
[2025-10-28T22:02:41.647+0000] {logging_mixin.py:154} INFO - [2025-10-28T22:02:41.647+0000] {dag.py:3722} INFO - Setting next_dagrun for sodai_drinks_production_pipeline to 2025-10-26T00:00:00+00:00, run_after=2025-11-02T00:00:00+00:00
[2025-10-28T22:02:41.656+0000] {processor.py:179} INFO - Processing /opt/airflow/dags/pipeline_productivo.py took 1.550 seconds
[2025-10-28T22:03:12.027+0000] {processor.py:157} INFO - Started process (PID=555) to work on /opt/airflow/dags/pipeline_productivo.py
[2025-10-28T22:03:12.029+0000] {processor.py:829} INFO - Processing file /opt/airflow/dags/pipeline_productivo.py for tasks to queue
[2025-10-28T22:03:12.030+0000] {logging_mixin.py:154} INFO - [2025-10-28T22:03:12.030+0000] {dagbag.py:536} INFO - Filling up the DagBag from /opt/airflow/dags/pipeline_productivo.py
[2025-10-28T22:03:13.013+0000] {logging_mixin.py:154} WARNING - /home/airflow/.local/lib/python3.10/site-packages/pydantic/_internal/_fields.py:128 UserWarning: Field "model_server_url" has conflict with protected namespace "model_".

You may be able to resolve this warning by setting `model_config['protected_namespaces'] = ()`.
[2025-10-28T22:03:13.544+0000] {logging_mixin.py:154} WARNING - /home/airflow/.local/lib/python3.10/site-packages/airflow/models/baseoperator.py:437 RemovedInAirflow3Warning: provide_context is deprecated as of 2.0 and is no longer required
[2025-10-28T22:03:13.548+0000] {processor.py:839} INFO - DAG(s) dict_keys(['sodai_drinks_production_pipeline']) retrieved from /opt/airflow/dags/pipeline_productivo.py
[2025-10-28T22:03:13.582+0000] {logging_mixin.py:154} INFO - [2025-10-28T22:03:13.581+0000] {dag.py:2941} INFO - Sync 1 DAGs
[2025-10-28T22:03:13.596+0000] {logging_mixin.py:154} INFO - [2025-10-28T22:03:13.595+0000] {dag.py:3722} INFO - Setting next_dagrun for sodai_drinks_production_pipeline to 2025-10-26T00:00:00+00:00, run_after=2025-11-02T00:00:00+00:00
[2025-10-28T22:03:13.606+0000] {processor.py:179} INFO - Processing /opt/airflow/dags/pipeline_productivo.py took 1.589 seconds
[2025-10-28T22:03:44.202+0000] {processor.py:157} INFO - Started process (PID=610) to work on /opt/airflow/dags/pipeline_productivo.py
[2025-10-28T22:03:44.204+0000] {processor.py:829} INFO - Processing file /opt/airflow/dags/pipeline_productivo.py for tasks to queue
[2025-10-28T22:03:44.205+0000] {logging_mixin.py:154} INFO - [2025-10-28T22:03:44.205+0000] {dagbag.py:536} INFO - Filling up the DagBag from /opt/airflow/dags/pipeline_productivo.py
[2025-10-28T22:03:45.062+0000] {logging_mixin.py:154} WARNING - /home/airflow/.local/lib/python3.10/site-packages/pydantic/_internal/_fields.py:128 UserWarning: Field "model_server_url" has conflict with protected namespace "model_".

You may be able to resolve this warning by setting `model_config['protected_namespaces'] = ()`.
[2025-10-28T22:03:45.525+0000] {logging_mixin.py:154} WARNING - /home/airflow/.local/lib/python3.10/site-packages/airflow/models/baseoperator.py:437 RemovedInAirflow3Warning: provide_context is deprecated as of 2.0 and is no longer required
[2025-10-28T22:03:45.528+0000] {processor.py:839} INFO - DAG(s) dict_keys(['sodai_drinks_production_pipeline']) retrieved from /opt/airflow/dags/pipeline_productivo.py
[2025-10-28T22:03:45.549+0000] {logging_mixin.py:154} INFO - [2025-10-28T22:03:45.548+0000] {dag.py:2941} INFO - Sync 1 DAGs
[2025-10-28T22:03:45.559+0000] {logging_mixin.py:154} INFO - [2025-10-28T22:03:45.559+0000] {dag.py:3722} INFO - Setting next_dagrun for sodai_drinks_production_pipeline to 2025-10-26T00:00:00+00:00, run_after=2025-11-02T00:00:00+00:00
[2025-10-28T22:03:45.568+0000] {processor.py:179} INFO - Processing /opt/airflow/dags/pipeline_productivo.py took 1.374 seconds
[2025-10-28T22:04:15.819+0000] {processor.py:157} INFO - Started process (PID=665) to work on /opt/airflow/dags/pipeline_productivo.py
[2025-10-28T22:04:15.825+0000] {processor.py:829} INFO - Processing file /opt/airflow/dags/pipeline_productivo.py for tasks to queue
[2025-10-28T22:04:15.828+0000] {logging_mixin.py:154} INFO - [2025-10-28T22:04:15.827+0000] {dagbag.py:536} INFO - Filling up the DagBag from /opt/airflow/dags/pipeline_productivo.py
[2025-10-28T22:04:17.071+0000] {logging_mixin.py:154} WARNING - /home/airflow/.local/lib/python3.10/site-packages/pydantic/_internal/_fields.py:128 UserWarning: Field "model_server_url" has conflict with protected namespace "model_".

You may be able to resolve this warning by setting `model_config['protected_namespaces'] = ()`.
[2025-10-28T22:04:17.540+0000] {logging_mixin.py:154} WARNING - /home/airflow/.local/lib/python3.10/site-packages/airflow/models/baseoperator.py:437 RemovedInAirflow3Warning: provide_context is deprecated as of 2.0 and is no longer required
[2025-10-28T22:04:17.546+0000] {processor.py:839} INFO - DAG(s) dict_keys(['sodai_drinks_production_pipeline']) retrieved from /opt/airflow/dags/pipeline_productivo.py
[2025-10-28T22:04:17.580+0000] {logging_mixin.py:154} INFO - [2025-10-28T22:04:17.579+0000] {dag.py:2941} INFO - Sync 1 DAGs
[2025-10-28T22:04:17.593+0000] {logging_mixin.py:154} INFO - [2025-10-28T22:04:17.593+0000] {dag.py:3722} INFO - Setting next_dagrun for sodai_drinks_production_pipeline to 2025-10-26T00:00:00+00:00, run_after=2025-11-02T00:00:00+00:00
[2025-10-28T22:04:17.607+0000] {processor.py:179} INFO - Processing /opt/airflow/dags/pipeline_productivo.py took 1.794 seconds
[2025-10-28T22:04:48.142+0000] {processor.py:157} INFO - Started process (PID=713) to work on /opt/airflow/dags/pipeline_productivo.py
[2025-10-28T22:04:48.147+0000] {processor.py:829} INFO - Processing file /opt/airflow/dags/pipeline_productivo.py for tasks to queue
[2025-10-28T22:04:48.148+0000] {logging_mixin.py:154} INFO - [2025-10-28T22:04:48.147+0000] {dagbag.py:536} INFO - Filling up the DagBag from /opt/airflow/dags/pipeline_productivo.py
[2025-10-28T22:04:49.065+0000] {logging_mixin.py:154} WARNING - /home/airflow/.local/lib/python3.10/site-packages/pydantic/_internal/_fields.py:128 UserWarning: Field "model_server_url" has conflict with protected namespace "model_".

You may be able to resolve this warning by setting `model_config['protected_namespaces'] = ()`.
[2025-10-28T22:04:49.938+0000] {logging_mixin.py:154} WARNING - /home/airflow/.local/lib/python3.10/site-packages/airflow/models/baseoperator.py:437 RemovedInAirflow3Warning: provide_context is deprecated as of 2.0 and is no longer required
[2025-10-28T22:04:49.942+0000] {processor.py:839} INFO - DAG(s) dict_keys(['sodai_drinks_production_pipeline']) retrieved from /opt/airflow/dags/pipeline_productivo.py
[2025-10-28T22:04:49.967+0000] {logging_mixin.py:154} INFO - [2025-10-28T22:04:49.967+0000] {dag.py:2941} INFO - Sync 1 DAGs
[2025-10-28T22:04:49.985+0000] {logging_mixin.py:154} INFO - [2025-10-28T22:04:49.985+0000] {dag.py:3722} INFO - Setting next_dagrun for sodai_drinks_production_pipeline to 2025-10-26T00:00:00+00:00, run_after=2025-11-02T00:00:00+00:00
[2025-10-28T22:04:50.005+0000] {processor.py:179} INFO - Processing /opt/airflow/dags/pipeline_productivo.py took 1.872 seconds
[2025-10-28T22:05:20.511+0000] {processor.py:157} INFO - Started process (PID=768) to work on /opt/airflow/dags/pipeline_productivo.py
[2025-10-28T22:05:20.514+0000] {processor.py:829} INFO - Processing file /opt/airflow/dags/pipeline_productivo.py for tasks to queue
[2025-10-28T22:05:20.516+0000] {logging_mixin.py:154} INFO - [2025-10-28T22:05:20.515+0000] {dagbag.py:536} INFO - Filling up the DagBag from /opt/airflow/dags/pipeline_productivo.py
[2025-10-28T22:05:21.445+0000] {logging_mixin.py:154} WARNING - /home/airflow/.local/lib/python3.10/site-packages/pydantic/_internal/_fields.py:128 UserWarning: Field "model_server_url" has conflict with protected namespace "model_".

You may be able to resolve this warning by setting `model_config['protected_namespaces'] = ()`.
[2025-10-28T22:05:21.939+0000] {logging_mixin.py:154} WARNING - /home/airflow/.local/lib/python3.10/site-packages/airflow/models/baseoperator.py:437 RemovedInAirflow3Warning: provide_context is deprecated as of 2.0 and is no longer required
[2025-10-28T22:05:21.942+0000] {processor.py:839} INFO - DAG(s) dict_keys(['sodai_drinks_production_pipeline']) retrieved from /opt/airflow/dags/pipeline_productivo.py
[2025-10-28T22:05:21.968+0000] {logging_mixin.py:154} INFO - [2025-10-28T22:05:21.968+0000] {dag.py:2941} INFO - Sync 1 DAGs
[2025-10-28T22:05:21.980+0000] {logging_mixin.py:154} INFO - [2025-10-28T22:05:21.980+0000] {dag.py:3722} INFO - Setting next_dagrun for sodai_drinks_production_pipeline to 2025-10-26T00:00:00+00:00, run_after=2025-11-02T00:00:00+00:00
[2025-10-28T22:05:21.989+0000] {processor.py:179} INFO - Processing /opt/airflow/dags/pipeline_productivo.py took 1.497 seconds
[2025-10-28T22:05:52.269+0000] {processor.py:157} INFO - Started process (PID=823) to work on /opt/airflow/dags/pipeline_productivo.py
[2025-10-28T22:05:52.275+0000] {processor.py:829} INFO - Processing file /opt/airflow/dags/pipeline_productivo.py for tasks to queue
[2025-10-28T22:05:52.278+0000] {logging_mixin.py:154} INFO - [2025-10-28T22:05:52.277+0000] {dagbag.py:536} INFO - Filling up the DagBag from /opt/airflow/dags/pipeline_productivo.py
[2025-10-28T22:05:54.013+0000] {logging_mixin.py:154} WARNING - /home/airflow/.local/lib/python3.10/site-packages/pydantic/_internal/_fields.py:128 UserWarning: Field "model_server_url" has conflict with protected namespace "model_".

You may be able to resolve this warning by setting `model_config['protected_namespaces'] = ()`.
[2025-10-28T22:05:55.875+0000] {logging_mixin.py:154} WARNING - /home/airflow/.local/lib/python3.10/site-packages/airflow/models/baseoperator.py:437 RemovedInAirflow3Warning: provide_context is deprecated as of 2.0 and is no longer required
[2025-10-28T22:05:55.891+0000] {processor.py:839} INFO - DAG(s) dict_keys(['sodai_drinks_production_pipeline']) retrieved from /opt/airflow/dags/pipeline_productivo.py
[2025-10-28T22:05:55.953+0000] {logging_mixin.py:154} INFO - [2025-10-28T22:05:55.953+0000] {dag.py:2941} INFO - Sync 1 DAGs
[2025-10-28T22:05:55.981+0000] {logging_mixin.py:154} INFO - [2025-10-28T22:05:55.980+0000] {dag.py:3722} INFO - Setting next_dagrun for sodai_drinks_production_pipeline to 2025-10-26T00:00:00+00:00, run_after=2025-11-02T00:00:00+00:00
[2025-10-28T22:05:56.005+0000] {processor.py:179} INFO - Processing /opt/airflow/dags/pipeline_productivo.py took 3.761 seconds
[2025-10-28T22:06:26.789+0000] {processor.py:157} INFO - Started process (PID=905) to work on /opt/airflow/dags/pipeline_productivo.py
[2025-10-28T22:06:26.795+0000] {processor.py:829} INFO - Processing file /opt/airflow/dags/pipeline_productivo.py for tasks to queue
[2025-10-28T22:06:26.799+0000] {logging_mixin.py:154} INFO - [2025-10-28T22:06:26.799+0000] {dagbag.py:536} INFO - Filling up the DagBag from /opt/airflow/dags/pipeline_productivo.py
[2025-10-28T22:06:32.184+0000] {logging_mixin.py:154} WARNING - /home/airflow/.local/lib/python3.10/site-packages/pydantic/_internal/_fields.py:128 UserWarning: Field "model_server_url" has conflict with protected namespace "model_".

You may be able to resolve this warning by setting `model_config['protected_namespaces'] = ()`.
[2025-10-28T22:06:33.281+0000] {logging_mixin.py:154} WARNING - /home/airflow/.local/lib/python3.10/site-packages/airflow/models/baseoperator.py:437 RemovedInAirflow3Warning: provide_context is deprecated as of 2.0 and is no longer required
[2025-10-28T22:06:33.287+0000] {processor.py:839} INFO - DAG(s) dict_keys(['sodai_drinks_production_pipeline']) retrieved from /opt/airflow/dags/pipeline_productivo.py
[2025-10-28T22:06:33.382+0000] {logging_mixin.py:154} INFO - [2025-10-28T22:06:33.380+0000] {dag.py:2941} INFO - Sync 1 DAGs
[2025-10-28T22:06:33.416+0000] {logging_mixin.py:154} INFO - [2025-10-28T22:06:33.416+0000] {dag.py:3722} INFO - Setting next_dagrun for sodai_drinks_production_pipeline to 2025-10-26T00:00:00+00:00, run_after=2025-11-02T00:00:00+00:00
[2025-10-28T22:06:33.446+0000] {processor.py:179} INFO - Processing /opt/airflow/dags/pipeline_productivo.py took 6.700 seconds
[2025-10-28T22:07:03.954+0000] {processor.py:157} INFO - Started process (PID=1063) to work on /opt/airflow/dags/pipeline_productivo.py
[2025-10-28T22:07:03.964+0000] {processor.py:829} INFO - Processing file /opt/airflow/dags/pipeline_productivo.py for tasks to queue
[2025-10-28T22:07:03.987+0000] {logging_mixin.py:154} INFO - [2025-10-28T22:07:03.979+0000] {dagbag.py:536} INFO - Filling up the DagBag from /opt/airflow/dags/pipeline_productivo.py
[2025-10-28T22:07:09.280+0000] {logging_mixin.py:154} WARNING - /home/airflow/.local/lib/python3.10/site-packages/pydantic/_internal/_fields.py:128 UserWarning: Field "model_server_url" has conflict with protected namespace "model_".

You may be able to resolve this warning by setting `model_config['protected_namespaces'] = ()`.
[2025-10-28T22:07:10.164+0000] {logging_mixin.py:154} WARNING - /home/airflow/.local/lib/python3.10/site-packages/airflow/models/baseoperator.py:437 RemovedInAirflow3Warning: provide_context is deprecated as of 2.0 and is no longer required
[2025-10-28T22:07:10.174+0000] {processor.py:839} INFO - DAG(s) dict_keys(['sodai_drinks_production_pipeline']) retrieved from /opt/airflow/dags/pipeline_productivo.py
[2025-10-28T22:07:10.215+0000] {logging_mixin.py:154} INFO - [2025-10-28T22:07:10.215+0000] {dag.py:2941} INFO - Sync 1 DAGs
[2025-10-28T22:07:10.345+0000] {logging_mixin.py:154} INFO - [2025-10-28T22:07:10.345+0000] {dag.py:3722} INFO - Setting next_dagrun for sodai_drinks_production_pipeline to 2025-10-26T00:00:00+00:00, run_after=2025-11-02T00:00:00+00:00
[2025-10-28T22:07:10.355+0000] {processor.py:179} INFO - Processing /opt/airflow/dags/pipeline_productivo.py took 6.416 seconds
[2025-10-28T22:07:11.180+0000] {processor.py:157} INFO - Started process (PID=1091) to work on /opt/airflow/dags/pipeline_productivo.py
[2025-10-28T22:07:11.182+0000] {processor.py:829} INFO - Processing file /opt/airflow/dags/pipeline_productivo.py for tasks to queue
[2025-10-28T22:07:11.183+0000] {logging_mixin.py:154} INFO - [2025-10-28T22:07:11.182+0000] {dagbag.py:536} INFO - Filling up the DagBag from /opt/airflow/dags/pipeline_productivo.py
[2025-10-28T22:07:12.204+0000] {logging_mixin.py:154} WARNING - /home/airflow/.local/lib/python3.10/site-packages/pydantic/_internal/_fields.py:128 UserWarning: Field "model_server_url" has conflict with protected namespace "model_".

You may be able to resolve this warning by setting `model_config['protected_namespaces'] = ()`.
[2025-10-28T22:07:12.680+0000] {logging_mixin.py:154} WARNING - /home/airflow/.local/lib/python3.10/site-packages/airflow/models/baseoperator.py:437 RemovedInAirflow3Warning: provide_context is deprecated as of 2.0 and is no longer required
[2025-10-28T22:07:12.682+0000] {processor.py:839} INFO - DAG(s) dict_keys(['sodai_drinks_production_pipeline']) retrieved from /opt/airflow/dags/pipeline_productivo.py
[2025-10-28T22:07:12.709+0000] {logging_mixin.py:154} INFO - [2025-10-28T22:07:12.708+0000] {taskinstance.py:1939} ERROR - {'DAG Id': 'sodai_drinks_production_pipeline', 'Task Id': 'preprocess_data', 'Run Id': 'manual__2025-10-28T21:44:28.466037+00:00', 'Hostname': 'ee70ee0df05e'}
[2025-10-28T22:07:12.717+0000] {logging_mixin.py:154} INFO - [2025-10-28T22:07:12.717+0000] {taskinstance.py:1400} INFO - Marking task as UP_FOR_RETRY. dag_id=sodai_drinks_production_pipeline, task_id=preprocess_data, execution_date=20251028T214428, start_date=20251028T220637, end_date=20251028T220712
[2025-10-28T22:07:12.722+0000] {processor.py:790} INFO - Executed failure callback for <TaskInstance: sodai_drinks_production_pipeline.preprocess_data manual__2025-10-28T21:44:28.466037+00:00 [up_for_retry]> in state up_for_retry
[2025-10-28T22:07:12.739+0000] {logging_mixin.py:154} INFO - [2025-10-28T22:07:12.738+0000] {dag.py:2941} INFO - Sync 1 DAGs
[2025-10-28T22:07:12.754+0000] {logging_mixin.py:154} INFO - [2025-10-28T22:07:12.754+0000] {dag.py:3722} INFO - Setting next_dagrun for sodai_drinks_production_pipeline to 2025-10-26T00:00:00+00:00, run_after=2025-11-02T00:00:00+00:00
[2025-10-28T22:07:12.764+0000] {processor.py:179} INFO - Processing /opt/airflow/dags/pipeline_productivo.py took 1.588 seconds
[2025-10-28T22:07:43.391+0000] {processor.py:157} INFO - Started process (PID=1146) to work on /opt/airflow/dags/pipeline_productivo.py
[2025-10-28T22:07:43.394+0000] {processor.py:829} INFO - Processing file /opt/airflow/dags/pipeline_productivo.py for tasks to queue
[2025-10-28T22:07:43.395+0000] {logging_mixin.py:154} INFO - [2025-10-28T22:07:43.395+0000] {dagbag.py:536} INFO - Filling up the DagBag from /opt/airflow/dags/pipeline_productivo.py
[2025-10-28T22:07:44.407+0000] {logging_mixin.py:154} WARNING - /home/airflow/.local/lib/python3.10/site-packages/pydantic/_internal/_fields.py:128 UserWarning: Field "model_server_url" has conflict with protected namespace "model_".

You may be able to resolve this warning by setting `model_config['protected_namespaces'] = ()`.
[2025-10-28T22:07:44.833+0000] {logging_mixin.py:154} WARNING - /home/airflow/.local/lib/python3.10/site-packages/airflow/models/baseoperator.py:437 RemovedInAirflow3Warning: provide_context is deprecated as of 2.0 and is no longer required
[2025-10-28T22:07:44.836+0000] {processor.py:839} INFO - DAG(s) dict_keys(['sodai_drinks_production_pipeline']) retrieved from /opt/airflow/dags/pipeline_productivo.py
[2025-10-28T22:07:44.854+0000] {logging_mixin.py:154} INFO - [2025-10-28T22:07:44.854+0000] {dag.py:2941} INFO - Sync 1 DAGs
[2025-10-28T22:07:44.867+0000] {logging_mixin.py:154} INFO - [2025-10-28T22:07:44.867+0000] {dag.py:3722} INFO - Setting next_dagrun for sodai_drinks_production_pipeline to 2025-10-26T00:00:00+00:00, run_after=2025-11-02T00:00:00+00:00
[2025-10-28T22:07:44.875+0000] {processor.py:179} INFO - Processing /opt/airflow/dags/pipeline_productivo.py took 1.497 seconds
[2025-10-28T22:08:16.007+0000] {processor.py:157} INFO - Started process (PID=1201) to work on /opt/airflow/dags/pipeline_productivo.py
[2025-10-28T22:08:16.009+0000] {processor.py:829} INFO - Processing file /opt/airflow/dags/pipeline_productivo.py for tasks to queue
[2025-10-28T22:08:16.011+0000] {logging_mixin.py:154} INFO - [2025-10-28T22:08:16.011+0000] {dagbag.py:536} INFO - Filling up the DagBag from /opt/airflow/dags/pipeline_productivo.py
[2025-10-28T22:08:17.129+0000] {logging_mixin.py:154} WARNING - /home/airflow/.local/lib/python3.10/site-packages/pydantic/_internal/_fields.py:128 UserWarning: Field "model_server_url" has conflict with protected namespace "model_".

You may be able to resolve this warning by setting `model_config['protected_namespaces'] = ()`.
[2025-10-28T22:08:17.707+0000] {logging_mixin.py:154} WARNING - /home/airflow/.local/lib/python3.10/site-packages/airflow/models/baseoperator.py:437 RemovedInAirflow3Warning: provide_context is deprecated as of 2.0 and is no longer required
[2025-10-28T22:08:17.712+0000] {processor.py:839} INFO - DAG(s) dict_keys(['sodai_drinks_production_pipeline']) retrieved from /opt/airflow/dags/pipeline_productivo.py
[2025-10-28T22:08:17.747+0000] {logging_mixin.py:154} INFO - [2025-10-28T22:08:17.746+0000] {dag.py:2941} INFO - Sync 1 DAGs
[2025-10-28T22:08:17.819+0000] {logging_mixin.py:154} INFO - [2025-10-28T22:08:17.819+0000] {dag.py:3722} INFO - Setting next_dagrun for sodai_drinks_production_pipeline to 2025-10-26T00:00:00+00:00, run_after=2025-11-02T00:00:00+00:00
[2025-10-28T22:08:17.851+0000] {processor.py:179} INFO - Processing /opt/airflow/dags/pipeline_productivo.py took 1.861 seconds
[2025-10-28T22:08:48.332+0000] {processor.py:157} INFO - Started process (PID=1262) to work on /opt/airflow/dags/pipeline_productivo.py
[2025-10-28T22:08:48.334+0000] {processor.py:829} INFO - Processing file /opt/airflow/dags/pipeline_productivo.py for tasks to queue
[2025-10-28T22:08:48.335+0000] {logging_mixin.py:154} INFO - [2025-10-28T22:08:48.335+0000] {dagbag.py:536} INFO - Filling up the DagBag from /opt/airflow/dags/pipeline_productivo.py
[2025-10-28T22:08:49.248+0000] {logging_mixin.py:154} WARNING - /home/airflow/.local/lib/python3.10/site-packages/pydantic/_internal/_fields.py:128 UserWarning: Field "model_server_url" has conflict with protected namespace "model_".

You may be able to resolve this warning by setting `model_config['protected_namespaces'] = ()`.
[2025-10-28T22:08:49.707+0000] {logging_mixin.py:154} WARNING - /home/airflow/.local/lib/python3.10/site-packages/airflow/models/baseoperator.py:437 RemovedInAirflow3Warning: provide_context is deprecated as of 2.0 and is no longer required
[2025-10-28T22:08:49.710+0000] {processor.py:839} INFO - DAG(s) dict_keys(['sodai_drinks_production_pipeline']) retrieved from /opt/airflow/dags/pipeline_productivo.py
[2025-10-28T22:08:49.730+0000] {logging_mixin.py:154} INFO - [2025-10-28T22:08:49.730+0000] {dag.py:2941} INFO - Sync 1 DAGs
[2025-10-28T22:08:49.741+0000] {logging_mixin.py:154} INFO - [2025-10-28T22:08:49.741+0000] {dag.py:3722} INFO - Setting next_dagrun for sodai_drinks_production_pipeline to 2025-10-26T00:00:00+00:00, run_after=2025-11-02T00:00:00+00:00
[2025-10-28T22:08:49.749+0000] {processor.py:179} INFO - Processing /opt/airflow/dags/pipeline_productivo.py took 1.425 seconds
[2025-10-28T22:09:20.016+0000] {processor.py:157} INFO - Started process (PID=1317) to work on /opt/airflow/dags/pipeline_productivo.py
[2025-10-28T22:09:20.020+0000] {processor.py:829} INFO - Processing file /opt/airflow/dags/pipeline_productivo.py for tasks to queue
[2025-10-28T22:09:20.022+0000] {logging_mixin.py:154} INFO - [2025-10-28T22:09:20.021+0000] {dagbag.py:536} INFO - Filling up the DagBag from /opt/airflow/dags/pipeline_productivo.py
[2025-10-28T22:09:20.992+0000] {logging_mixin.py:154} WARNING - /home/airflow/.local/lib/python3.10/site-packages/pydantic/_internal/_fields.py:128 UserWarning: Field "model_server_url" has conflict with protected namespace "model_".

You may be able to resolve this warning by setting `model_config['protected_namespaces'] = ()`.
[2025-10-28T22:09:21.452+0000] {logging_mixin.py:154} WARNING - /home/airflow/.local/lib/python3.10/site-packages/airflow/models/baseoperator.py:437 RemovedInAirflow3Warning: provide_context is deprecated as of 2.0 and is no longer required
[2025-10-28T22:09:21.456+0000] {processor.py:839} INFO - DAG(s) dict_keys(['sodai_drinks_production_pipeline']) retrieved from /opt/airflow/dags/pipeline_productivo.py
[2025-10-28T22:09:21.477+0000] {logging_mixin.py:154} INFO - [2025-10-28T22:09:21.477+0000] {dag.py:2941} INFO - Sync 1 DAGs
[2025-10-28T22:09:21.496+0000] {logging_mixin.py:154} INFO - [2025-10-28T22:09:21.495+0000] {dag.py:3722} INFO - Setting next_dagrun for sodai_drinks_production_pipeline to 2025-10-26T00:00:00+00:00, run_after=2025-11-02T00:00:00+00:00
[2025-10-28T22:09:21.507+0000] {processor.py:179} INFO - Processing /opt/airflow/dags/pipeline_productivo.py took 1.498 seconds
[2025-10-28T22:09:51.873+0000] {processor.py:157} INFO - Started process (PID=1365) to work on /opt/airflow/dags/pipeline_productivo.py
[2025-10-28T22:09:51.875+0000] {processor.py:829} INFO - Processing file /opt/airflow/dags/pipeline_productivo.py for tasks to queue
[2025-10-28T22:09:51.876+0000] {logging_mixin.py:154} INFO - [2025-10-28T22:09:51.876+0000] {dagbag.py:536} INFO - Filling up the DagBag from /opt/airflow/dags/pipeline_productivo.py
[2025-10-28T22:09:52.694+0000] {logging_mixin.py:154} WARNING - /home/airflow/.local/lib/python3.10/site-packages/pydantic/_internal/_fields.py:128 UserWarning: Field "model_server_url" has conflict with protected namespace "model_".

You may be able to resolve this warning by setting `model_config['protected_namespaces'] = ()`.
[2025-10-28T22:09:53.176+0000] {logging_mixin.py:154} WARNING - /home/airflow/.local/lib/python3.10/site-packages/airflow/models/baseoperator.py:437 RemovedInAirflow3Warning: provide_context is deprecated as of 2.0 and is no longer required
[2025-10-28T22:09:53.180+0000] {processor.py:839} INFO - DAG(s) dict_keys(['sodai_drinks_production_pipeline']) retrieved from /opt/airflow/dags/pipeline_productivo.py
[2025-10-28T22:09:53.213+0000] {logging_mixin.py:154} INFO - [2025-10-28T22:09:53.213+0000] {dag.py:2941} INFO - Sync 1 DAGs
[2025-10-28T22:09:53.234+0000] {logging_mixin.py:154} INFO - [2025-10-28T22:09:53.234+0000] {dag.py:3722} INFO - Setting next_dagrun for sodai_drinks_production_pipeline to 2025-10-26T00:00:00+00:00, run_after=2025-11-02T00:00:00+00:00
[2025-10-28T22:09:53.246+0000] {processor.py:179} INFO - Processing /opt/airflow/dags/pipeline_productivo.py took 1.377 seconds
[2025-10-28T22:10:23.924+0000] {processor.py:157} INFO - Started process (PID=1419) to work on /opt/airflow/dags/pipeline_productivo.py
[2025-10-28T22:10:23.929+0000] {processor.py:829} INFO - Processing file /opt/airflow/dags/pipeline_productivo.py for tasks to queue
[2025-10-28T22:10:23.930+0000] {logging_mixin.py:154} INFO - [2025-10-28T22:10:23.929+0000] {dagbag.py:536} INFO - Filling up the DagBag from /opt/airflow/dags/pipeline_productivo.py
[2025-10-28T22:10:25.004+0000] {logging_mixin.py:154} WARNING - /home/airflow/.local/lib/python3.10/site-packages/pydantic/_internal/_fields.py:128 UserWarning: Field "model_server_url" has conflict with protected namespace "model_".

You may be able to resolve this warning by setting `model_config['protected_namespaces'] = ()`.
[2025-10-28T22:10:25.448+0000] {logging_mixin.py:154} WARNING - /home/airflow/.local/lib/python3.10/site-packages/airflow/models/baseoperator.py:437 RemovedInAirflow3Warning: provide_context is deprecated as of 2.0 and is no longer required
[2025-10-28T22:10:25.452+0000] {processor.py:839} INFO - DAG(s) dict_keys(['sodai_drinks_production_pipeline']) retrieved from /opt/airflow/dags/pipeline_productivo.py
[2025-10-28T22:10:25.475+0000] {logging_mixin.py:154} INFO - [2025-10-28T22:10:25.475+0000] {dag.py:2941} INFO - Sync 1 DAGs
[2025-10-28T22:10:25.489+0000] {logging_mixin.py:154} INFO - [2025-10-28T22:10:25.489+0000] {dag.py:3722} INFO - Setting next_dagrun for sodai_drinks_production_pipeline to 2025-10-26T00:00:00+00:00, run_after=2025-11-02T00:00:00+00:00
[2025-10-28T22:10:25.499+0000] {processor.py:179} INFO - Processing /opt/airflow/dags/pipeline_productivo.py took 1.586 seconds
[2025-10-28T22:10:56.126+0000] {processor.py:157} INFO - Started process (PID=1475) to work on /opt/airflow/dags/pipeline_productivo.py
[2025-10-28T22:10:56.129+0000] {processor.py:829} INFO - Processing file /opt/airflow/dags/pipeline_productivo.py for tasks to queue
[2025-10-28T22:10:56.131+0000] {logging_mixin.py:154} INFO - [2025-10-28T22:10:56.130+0000] {dagbag.py:536} INFO - Filling up the DagBag from /opt/airflow/dags/pipeline_productivo.py
[2025-10-28T22:10:57.705+0000] {logging_mixin.py:154} WARNING - /home/airflow/.local/lib/python3.10/site-packages/pydantic/_internal/_fields.py:128 UserWarning: Field "model_server_url" has conflict with protected namespace "model_".

You may be able to resolve this warning by setting `model_config['protected_namespaces'] = ()`.
[2025-10-28T22:10:58.206+0000] {logging_mixin.py:154} WARNING - /home/airflow/.local/lib/python3.10/site-packages/airflow/models/baseoperator.py:437 RemovedInAirflow3Warning: provide_context is deprecated as of 2.0 and is no longer required
[2025-10-28T22:10:58.209+0000] {processor.py:839} INFO - DAG(s) dict_keys(['sodai_drinks_production_pipeline']) retrieved from /opt/airflow/dags/pipeline_productivo.py
[2025-10-28T22:10:58.232+0000] {logging_mixin.py:154} INFO - [2025-10-28T22:10:58.231+0000] {dag.py:2941} INFO - Sync 1 DAGs
[2025-10-28T22:10:58.246+0000] {logging_mixin.py:154} INFO - [2025-10-28T22:10:58.246+0000] {dag.py:3722} INFO - Setting next_dagrun for sodai_drinks_production_pipeline to 2025-10-26T00:00:00+00:00, run_after=2025-11-02T00:00:00+00:00
[2025-10-28T22:10:58.254+0000] {processor.py:179} INFO - Processing /opt/airflow/dags/pipeline_productivo.py took 2.136 seconds
[2025-10-28T22:11:28.906+0000] {processor.py:157} INFO - Started process (PID=1531) to work on /opt/airflow/dags/pipeline_productivo.py
[2025-10-28T22:11:28.910+0000] {processor.py:829} INFO - Processing file /opt/airflow/dags/pipeline_productivo.py for tasks to queue
[2025-10-28T22:11:28.913+0000] {logging_mixin.py:154} INFO - [2025-10-28T22:11:28.912+0000] {dagbag.py:536} INFO - Filling up the DagBag from /opt/airflow/dags/pipeline_productivo.py
[2025-10-28T22:11:29.964+0000] {logging_mixin.py:154} WARNING - /home/airflow/.local/lib/python3.10/site-packages/pydantic/_internal/_fields.py:128 UserWarning: Field "model_server_url" has conflict with protected namespace "model_".

You may be able to resolve this warning by setting `model_config['protected_namespaces'] = ()`.
[2025-10-28T22:11:30.446+0000] {logging_mixin.py:154} WARNING - /home/airflow/.local/lib/python3.10/site-packages/airflow/models/baseoperator.py:437 RemovedInAirflow3Warning: provide_context is deprecated as of 2.0 and is no longer required
[2025-10-28T22:11:30.450+0000] {processor.py:839} INFO - DAG(s) dict_keys(['sodai_drinks_production_pipeline']) retrieved from /opt/airflow/dags/pipeline_productivo.py
[2025-10-28T22:11:30.483+0000] {logging_mixin.py:154} INFO - [2025-10-28T22:11:30.483+0000] {dag.py:2941} INFO - Sync 1 DAGs
[2025-10-28T22:11:30.499+0000] {logging_mixin.py:154} INFO - [2025-10-28T22:11:30.499+0000] {dag.py:3722} INFO - Setting next_dagrun for sodai_drinks_production_pipeline to 2025-10-26T00:00:00+00:00, run_after=2025-11-02T00:00:00+00:00
[2025-10-28T22:11:30.508+0000] {processor.py:179} INFO - Processing /opt/airflow/dags/pipeline_productivo.py took 1.610 seconds
[2025-10-28T22:12:01.198+0000] {processor.py:157} INFO - Started process (PID=1586) to work on /opt/airflow/dags/pipeline_productivo.py
[2025-10-28T22:12:01.203+0000] {processor.py:829} INFO - Processing file /opt/airflow/dags/pipeline_productivo.py for tasks to queue
[2025-10-28T22:12:01.205+0000] {logging_mixin.py:154} INFO - [2025-10-28T22:12:01.204+0000] {dagbag.py:536} INFO - Filling up the DagBag from /opt/airflow/dags/pipeline_productivo.py
[2025-10-28T22:12:02.050+0000] {logging_mixin.py:154} WARNING - /home/airflow/.local/lib/python3.10/site-packages/pydantic/_internal/_fields.py:128 UserWarning: Field "model_server_url" has conflict with protected namespace "model_".

You may be able to resolve this warning by setting `model_config['protected_namespaces'] = ()`.
[2025-10-28T22:12:02.470+0000] {logging_mixin.py:154} WARNING - /home/airflow/.local/lib/python3.10/site-packages/airflow/models/baseoperator.py:437 RemovedInAirflow3Warning: provide_context is deprecated as of 2.0 and is no longer required
[2025-10-28T22:12:02.475+0000] {processor.py:839} INFO - DAG(s) dict_keys(['sodai_drinks_production_pipeline']) retrieved from /opt/airflow/dags/pipeline_productivo.py
[2025-10-28T22:12:02.497+0000] {logging_mixin.py:154} INFO - [2025-10-28T22:12:02.497+0000] {dag.py:2941} INFO - Sync 1 DAGs
[2025-10-28T22:12:02.514+0000] {logging_mixin.py:154} INFO - [2025-10-28T22:12:02.514+0000] {dag.py:3722} INFO - Setting next_dagrun for sodai_drinks_production_pipeline to 2025-10-26T00:00:00+00:00, run_after=2025-11-02T00:00:00+00:00
[2025-10-28T22:12:02.528+0000] {processor.py:179} INFO - Processing /opt/airflow/dags/pipeline_productivo.py took 1.336 seconds
[2025-10-28T22:12:32.701+0000] {processor.py:157} INFO - Started process (PID=1703) to work on /opt/airflow/dags/pipeline_productivo.py
[2025-10-28T22:12:32.704+0000] {processor.py:829} INFO - Processing file /opt/airflow/dags/pipeline_productivo.py for tasks to queue
[2025-10-28T22:12:32.706+0000] {logging_mixin.py:154} INFO - [2025-10-28T22:12:32.705+0000] {dagbag.py:536} INFO - Filling up the DagBag from /opt/airflow/dags/pipeline_productivo.py
[2025-10-28T22:12:37.749+0000] {logging_mixin.py:154} WARNING - /home/airflow/.local/lib/python3.10/site-packages/pydantic/_internal/_fields.py:128 UserWarning: Field "model_server_url" has conflict with protected namespace "model_".

You may be able to resolve this warning by setting `model_config['protected_namespaces'] = ()`.
[2025-10-28T22:12:39.199+0000] {logging_mixin.py:154} WARNING - /home/airflow/.local/lib/python3.10/site-packages/airflow/models/baseoperator.py:437 RemovedInAirflow3Warning: provide_context is deprecated as of 2.0 and is no longer required
[2025-10-28T22:12:39.213+0000] {processor.py:839} INFO - DAG(s) dict_keys(['sodai_drinks_production_pipeline']) retrieved from /opt/airflow/dags/pipeline_productivo.py
[2025-10-28T22:12:39.268+0000] {logging_mixin.py:154} INFO - [2025-10-28T22:12:39.267+0000] {dag.py:2941} INFO - Sync 1 DAGs
[2025-10-28T22:12:39.300+0000] {logging_mixin.py:154} INFO - [2025-10-28T22:12:39.300+0000] {dag.py:3722} INFO - Setting next_dagrun for sodai_drinks_production_pipeline to 2025-10-26T00:00:00+00:00, run_after=2025-11-02T00:00:00+00:00
[2025-10-28T22:12:39.315+0000] {processor.py:179} INFO - Processing /opt/airflow/dags/pipeline_productivo.py took 6.654 seconds
[2025-10-28T22:12:44.281+0000] {processor.py:157} INFO - Started process (PID=1733) to work on /opt/airflow/dags/pipeline_productivo.py
[2025-10-28T22:12:44.288+0000] {processor.py:829} INFO - Processing file /opt/airflow/dags/pipeline_productivo.py for tasks to queue
[2025-10-28T22:12:44.290+0000] {logging_mixin.py:154} INFO - [2025-10-28T22:12:44.290+0000] {dagbag.py:536} INFO - Filling up the DagBag from /opt/airflow/dags/pipeline_productivo.py
[2025-10-28T22:12:46.553+0000] {logging_mixin.py:154} WARNING - /home/airflow/.local/lib/python3.10/site-packages/pydantic/_internal/_fields.py:128 UserWarning: Field "model_server_url" has conflict with protected namespace "model_".

You may be able to resolve this warning by setting `model_config['protected_namespaces'] = ()`.
[2025-10-28T22:12:46.989+0000] {logging_mixin.py:154} WARNING - /home/airflow/.local/lib/python3.10/site-packages/airflow/models/baseoperator.py:437 RemovedInAirflow3Warning: provide_context is deprecated as of 2.0 and is no longer required
[2025-10-28T22:12:46.992+0000] {processor.py:839} INFO - DAG(s) dict_keys(['sodai_drinks_production_pipeline']) retrieved from /opt/airflow/dags/pipeline_productivo.py
[2025-10-28T22:12:47.009+0000] {logging_mixin.py:154} INFO - [2025-10-28T22:12:47.009+0000] {taskinstance.py:1939} ERROR - {'DAG Id': 'sodai_drinks_production_pipeline', 'Task Id': 'preprocess_data', 'Run Id': 'scheduled__2025-10-19T00:00:00+00:00', 'Hostname': 'ee70ee0df05e'}
[2025-10-28T22:12:47.019+0000] {logging_mixin.py:154} INFO - [2025-10-28T22:12:47.019+0000] {taskinstance.py:1400} INFO - Marking task as FAILED. dag_id=sodai_drinks_production_pipeline, task_id=preprocess_data, execution_date=20251019T000000, start_date=20251028T221211, end_date=20251028T221247
[2025-10-28T22:12:47.028+0000] {processor.py:790} INFO - Executed failure callback for <TaskInstance: sodai_drinks_production_pipeline.preprocess_data scheduled__2025-10-19T00:00:00+00:00 [failed]> in state failed
[2025-10-28T22:12:47.030+0000] {logging_mixin.py:154} INFO - [2025-10-28T22:12:47.030+0000] {taskinstance.py:1939} ERROR - {'DAG Id': 'sodai_drinks_production_pipeline', 'Task Id': 'preprocess_data', 'Run Id': 'scheduled__2025-10-19T00:00:00+00:00', 'Hostname': 'ee70ee0df05e'}
[2025-10-28T22:12:47.034+0000] {logging_mixin.py:154} INFO - [2025-10-28T22:12:47.034+0000] {taskinstance.py:1400} INFO - Marking task as FAILED. dag_id=sodai_drinks_production_pipeline, task_id=preprocess_data, execution_date=20251019T000000, start_date=20251028T221211, end_date=20251028T221247
[2025-10-28T22:12:47.035+0000] {processor.py:790} INFO - Executed failure callback for <TaskInstance: sodai_drinks_production_pipeline.preprocess_data scheduled__2025-10-19T00:00:00+00:00 [failed]> in state failed
[2025-10-28T22:12:47.046+0000] {logging_mixin.py:154} INFO - [2025-10-28T22:12:47.046+0000] {dag.py:2941} INFO - Sync 1 DAGs
[2025-10-28T22:12:47.056+0000] {logging_mixin.py:154} INFO - [2025-10-28T22:12:47.056+0000] {dag.py:3722} INFO - Setting next_dagrun for sodai_drinks_production_pipeline to 2025-10-26T00:00:00+00:00, run_after=2025-11-02T00:00:00+00:00
[2025-10-28T22:12:47.064+0000] {processor.py:179} INFO - Processing /opt/airflow/dags/pipeline_productivo.py took 2.799 seconds
[2025-10-28T22:13:18.002+0000] {processor.py:157} INFO - Started process (PID=1786) to work on /opt/airflow/dags/pipeline_productivo.py
[2025-10-28T22:13:18.004+0000] {processor.py:829} INFO - Processing file /opt/airflow/dags/pipeline_productivo.py for tasks to queue
[2025-10-28T22:13:18.006+0000] {logging_mixin.py:154} INFO - [2025-10-28T22:13:18.005+0000] {dagbag.py:536} INFO - Filling up the DagBag from /opt/airflow/dags/pipeline_productivo.py
[2025-10-28T22:13:19.693+0000] {logging_mixin.py:154} WARNING - /home/airflow/.local/lib/python3.10/site-packages/pydantic/_internal/_fields.py:128 UserWarning: Field "model_server_url" has conflict with protected namespace "model_".

You may be able to resolve this warning by setting `model_config['protected_namespaces'] = ()`.
[2025-10-28T22:13:20.451+0000] {logging_mixin.py:154} WARNING - /home/airflow/.local/lib/python3.10/site-packages/airflow/models/baseoperator.py:437 RemovedInAirflow3Warning: provide_context is deprecated as of 2.0 and is no longer required
[2025-10-28T22:13:20.464+0000] {processor.py:839} INFO - DAG(s) dict_keys(['sodai_drinks_production_pipeline']) retrieved from /opt/airflow/dags/pipeline_productivo.py
[2025-10-28T22:13:20.530+0000] {logging_mixin.py:154} INFO - [2025-10-28T22:13:20.528+0000] {dag.py:2941} INFO - Sync 1 DAGs
[2025-10-28T22:13:20.564+0000] {logging_mixin.py:154} INFO - [2025-10-28T22:13:20.564+0000] {dag.py:3722} INFO - Setting next_dagrun for sodai_drinks_production_pipeline to 2025-10-26T00:00:00+00:00, run_after=2025-11-02T00:00:00+00:00
[2025-10-28T22:13:20.590+0000] {processor.py:179} INFO - Processing /opt/airflow/dags/pipeline_productivo.py took 2.602 seconds
[2025-10-28T22:13:50.709+0000] {processor.py:157} INFO - Started process (PID=1840) to work on /opt/airflow/dags/pipeline_productivo.py
[2025-10-28T22:13:50.715+0000] {processor.py:829} INFO - Processing file /opt/airflow/dags/pipeline_productivo.py for tasks to queue
[2025-10-28T22:13:50.717+0000] {logging_mixin.py:154} INFO - [2025-10-28T22:13:50.716+0000] {dagbag.py:536} INFO - Filling up the DagBag from /opt/airflow/dags/pipeline_productivo.py
[2025-10-28T22:13:51.646+0000] {logging_mixin.py:154} WARNING - /home/airflow/.local/lib/python3.10/site-packages/pydantic/_internal/_fields.py:128 UserWarning: Field "model_server_url" has conflict with protected namespace "model_".

You may be able to resolve this warning by setting `model_config['protected_namespaces'] = ()`.
[2025-10-28T22:13:52.068+0000] {logging_mixin.py:154} WARNING - /home/airflow/.local/lib/python3.10/site-packages/airflow/models/baseoperator.py:437 RemovedInAirflow3Warning: provide_context is deprecated as of 2.0 and is no longer required
[2025-10-28T22:13:52.070+0000] {processor.py:839} INFO - DAG(s) dict_keys(['sodai_drinks_production_pipeline']) retrieved from /opt/airflow/dags/pipeline_productivo.py
[2025-10-28T22:13:52.089+0000] {logging_mixin.py:154} INFO - [2025-10-28T22:13:52.089+0000] {dag.py:2941} INFO - Sync 1 DAGs
[2025-10-28T22:13:52.100+0000] {logging_mixin.py:154} INFO - [2025-10-28T22:13:52.100+0000] {dag.py:3722} INFO - Setting next_dagrun for sodai_drinks_production_pipeline to 2025-10-26T00:00:00+00:00, run_after=2025-11-02T00:00:00+00:00
[2025-10-28T22:13:52.108+0000] {processor.py:179} INFO - Processing /opt/airflow/dags/pipeline_productivo.py took 1.408 seconds
[2025-10-28T22:14:22.218+0000] {processor.py:157} INFO - Started process (PID=1895) to work on /opt/airflow/dags/pipeline_productivo.py
[2025-10-28T22:14:22.221+0000] {processor.py:829} INFO - Processing file /opt/airflow/dags/pipeline_productivo.py for tasks to queue
[2025-10-28T22:14:22.222+0000] {logging_mixin.py:154} INFO - [2025-10-28T22:14:22.221+0000] {dagbag.py:536} INFO - Filling up the DagBag from /opt/airflow/dags/pipeline_productivo.py
[2025-10-28T22:14:23.069+0000] {logging_mixin.py:154} WARNING - /home/airflow/.local/lib/python3.10/site-packages/pydantic/_internal/_fields.py:128 UserWarning: Field "model_server_url" has conflict with protected namespace "model_".

You may be able to resolve this warning by setting `model_config['protected_namespaces'] = ()`.
[2025-10-28T22:14:23.508+0000] {logging_mixin.py:154} WARNING - /home/airflow/.local/lib/python3.10/site-packages/airflow/models/baseoperator.py:437 RemovedInAirflow3Warning: provide_context is deprecated as of 2.0 and is no longer required
[2025-10-28T22:14:23.511+0000] {processor.py:839} INFO - DAG(s) dict_keys(['sodai_drinks_production_pipeline']) retrieved from /opt/airflow/dags/pipeline_productivo.py
[2025-10-28T22:14:23.527+0000] {logging_mixin.py:154} INFO - [2025-10-28T22:14:23.527+0000] {dag.py:2941} INFO - Sync 1 DAGs
[2025-10-28T22:14:23.539+0000] {logging_mixin.py:154} INFO - [2025-10-28T22:14:23.539+0000] {dag.py:3722} INFO - Setting next_dagrun for sodai_drinks_production_pipeline to 2025-10-26T00:00:00+00:00, run_after=2025-11-02T00:00:00+00:00
[2025-10-28T22:14:23.547+0000] {processor.py:179} INFO - Processing /opt/airflow/dags/pipeline_productivo.py took 1.339 seconds
[2025-10-28T22:14:54.217+0000] {processor.py:157} INFO - Started process (PID=1943) to work on /opt/airflow/dags/pipeline_productivo.py
[2025-10-28T22:14:54.220+0000] {processor.py:829} INFO - Processing file /opt/airflow/dags/pipeline_productivo.py for tasks to queue
[2025-10-28T22:14:54.222+0000] {logging_mixin.py:154} INFO - [2025-10-28T22:14:54.221+0000] {dagbag.py:536} INFO - Filling up the DagBag from /opt/airflow/dags/pipeline_productivo.py
[2025-10-28T22:14:55.627+0000] {logging_mixin.py:154} WARNING - /home/airflow/.local/lib/python3.10/site-packages/pydantic/_internal/_fields.py:128 UserWarning: Field "model_server_url" has conflict with protected namespace "model_".

You may be able to resolve this warning by setting `model_config['protected_namespaces'] = ()`.
[2025-10-28T22:14:56.142+0000] {logging_mixin.py:154} WARNING - /home/airflow/.local/lib/python3.10/site-packages/airflow/models/baseoperator.py:437 RemovedInAirflow3Warning: provide_context is deprecated as of 2.0 and is no longer required
[2025-10-28T22:14:56.148+0000] {processor.py:839} INFO - DAG(s) dict_keys(['sodai_drinks_production_pipeline']) retrieved from /opt/airflow/dags/pipeline_productivo.py
[2025-10-28T22:14:56.178+0000] {logging_mixin.py:154} INFO - [2025-10-28T22:14:56.178+0000] {dag.py:2941} INFO - Sync 1 DAGs
[2025-10-28T22:14:56.197+0000] {logging_mixin.py:154} INFO - [2025-10-28T22:14:56.197+0000] {dag.py:3722} INFO - Setting next_dagrun for sodai_drinks_production_pipeline to 2025-10-26T00:00:00+00:00, run_after=2025-11-02T00:00:00+00:00
[2025-10-28T22:14:56.216+0000] {processor.py:179} INFO - Processing /opt/airflow/dags/pipeline_productivo.py took 2.008 seconds
[2025-10-28T22:15:26.704+0000] {processor.py:157} INFO - Started process (PID=1998) to work on /opt/airflow/dags/pipeline_productivo.py
[2025-10-28T22:15:26.712+0000] {processor.py:829} INFO - Processing file /opt/airflow/dags/pipeline_productivo.py for tasks to queue
[2025-10-28T22:15:26.713+0000] {logging_mixin.py:154} INFO - [2025-10-28T22:15:26.713+0000] {dagbag.py:536} INFO - Filling up the DagBag from /opt/airflow/dags/pipeline_productivo.py
[2025-10-28T22:15:27.811+0000] {logging_mixin.py:154} WARNING - /home/airflow/.local/lib/python3.10/site-packages/pydantic/_internal/_fields.py:128 UserWarning: Field "model_server_url" has conflict with protected namespace "model_".

You may be able to resolve this warning by setting `model_config['protected_namespaces'] = ()`.
[2025-10-28T22:15:28.198+0000] {logging_mixin.py:154} WARNING - /home/airflow/.local/lib/python3.10/site-packages/airflow/models/baseoperator.py:437 RemovedInAirflow3Warning: provide_context is deprecated as of 2.0 and is no longer required
[2025-10-28T22:15:28.202+0000] {processor.py:839} INFO - DAG(s) dict_keys(['sodai_drinks_production_pipeline']) retrieved from /opt/airflow/dags/pipeline_productivo.py
[2025-10-28T22:15:28.225+0000] {logging_mixin.py:154} INFO - [2025-10-28T22:15:28.225+0000] {dag.py:2941} INFO - Sync 1 DAGs
[2025-10-28T22:15:28.239+0000] {logging_mixin.py:154} INFO - [2025-10-28T22:15:28.238+0000] {dag.py:3722} INFO - Setting next_dagrun for sodai_drinks_production_pipeline to 2025-10-26T00:00:00+00:00, run_after=2025-11-02T00:00:00+00:00
[2025-10-28T22:15:28.247+0000] {processor.py:179} INFO - Processing /opt/airflow/dags/pipeline_productivo.py took 1.552 seconds
[2025-10-28T22:15:58.337+0000] {processor.py:157} INFO - Started process (PID=2053) to work on /opt/airflow/dags/pipeline_productivo.py
[2025-10-28T22:15:58.339+0000] {processor.py:829} INFO - Processing file /opt/airflow/dags/pipeline_productivo.py for tasks to queue
[2025-10-28T22:15:58.342+0000] {logging_mixin.py:154} INFO - [2025-10-28T22:15:58.340+0000] {dagbag.py:536} INFO - Filling up the DagBag from /opt/airflow/dags/pipeline_productivo.py
[2025-10-28T22:15:59.550+0000] {logging_mixin.py:154} WARNING - /home/airflow/.local/lib/python3.10/site-packages/pydantic/_internal/_fields.py:128 UserWarning: Field "model_server_url" has conflict with protected namespace "model_".

You may be able to resolve this warning by setting `model_config['protected_namespaces'] = ()`.
[2025-10-28T22:16:00.096+0000] {logging_mixin.py:154} WARNING - /home/airflow/.local/lib/python3.10/site-packages/airflow/models/baseoperator.py:437 RemovedInAirflow3Warning: provide_context is deprecated as of 2.0 and is no longer required
[2025-10-28T22:16:00.107+0000] {processor.py:839} INFO - DAG(s) dict_keys(['sodai_drinks_production_pipeline']) retrieved from /opt/airflow/dags/pipeline_productivo.py
[2025-10-28T22:16:00.154+0000] {logging_mixin.py:154} INFO - [2025-10-28T22:16:00.153+0000] {dag.py:2941} INFO - Sync 1 DAGs
[2025-10-28T22:16:00.173+0000] {logging_mixin.py:154} INFO - [2025-10-28T22:16:00.172+0000] {dag.py:3722} INFO - Setting next_dagrun for sodai_drinks_production_pipeline to 2025-10-26T00:00:00+00:00, run_after=2025-11-02T00:00:00+00:00
[2025-10-28T22:16:00.183+0000] {processor.py:179} INFO - Processing /opt/airflow/dags/pipeline_productivo.py took 1.861 seconds
[2025-10-28T22:16:30.984+0000] {processor.py:157} INFO - Started process (PID=2108) to work on /opt/airflow/dags/pipeline_productivo.py
[2025-10-28T22:16:30.987+0000] {processor.py:829} INFO - Processing file /opt/airflow/dags/pipeline_productivo.py for tasks to queue
[2025-10-28T22:16:30.988+0000] {logging_mixin.py:154} INFO - [2025-10-28T22:16:30.988+0000] {dagbag.py:536} INFO - Filling up the DagBag from /opt/airflow/dags/pipeline_productivo.py
[2025-10-28T22:16:32.001+0000] {logging_mixin.py:154} WARNING - /home/airflow/.local/lib/python3.10/site-packages/pydantic/_internal/_fields.py:128 UserWarning: Field "model_server_url" has conflict with protected namespace "model_".

You may be able to resolve this warning by setting `model_config['protected_namespaces'] = ()`.
[2025-10-28T22:16:32.504+0000] {logging_mixin.py:154} WARNING - /home/airflow/.local/lib/python3.10/site-packages/airflow/models/baseoperator.py:437 RemovedInAirflow3Warning: provide_context is deprecated as of 2.0 and is no longer required
[2025-10-28T22:16:32.509+0000] {processor.py:839} INFO - DAG(s) dict_keys(['sodai_drinks_production_pipeline']) retrieved from /opt/airflow/dags/pipeline_productivo.py
[2025-10-28T22:16:32.532+0000] {logging_mixin.py:154} INFO - [2025-10-28T22:16:32.532+0000] {dag.py:2941} INFO - Sync 1 DAGs
[2025-10-28T22:16:32.552+0000] {logging_mixin.py:154} INFO - [2025-10-28T22:16:32.552+0000] {dag.py:3722} INFO - Setting next_dagrun for sodai_drinks_production_pipeline to 2025-10-26T00:00:00+00:00, run_after=2025-11-02T00:00:00+00:00
[2025-10-28T22:16:32.562+0000] {processor.py:179} INFO - Processing /opt/airflow/dags/pipeline_productivo.py took 1.589 seconds
[2025-10-28T22:17:03.007+0000] {processor.py:157} INFO - Started process (PID=2162) to work on /opt/airflow/dags/pipeline_productivo.py
[2025-10-28T22:17:03.008+0000] {processor.py:829} INFO - Processing file /opt/airflow/dags/pipeline_productivo.py for tasks to queue
[2025-10-28T22:17:03.009+0000] {logging_mixin.py:154} INFO - [2025-10-28T22:17:03.009+0000] {dagbag.py:536} INFO - Filling up the DagBag from /opt/airflow/dags/pipeline_productivo.py
[2025-10-28T22:17:04.072+0000] {logging_mixin.py:154} WARNING - /home/airflow/.local/lib/python3.10/site-packages/pydantic/_internal/_fields.py:128 UserWarning: Field "model_server_url" has conflict with protected namespace "model_".

You may be able to resolve this warning by setting `model_config['protected_namespaces'] = ()`.
[2025-10-28T22:17:04.873+0000] {logging_mixin.py:154} WARNING - /home/airflow/.local/lib/python3.10/site-packages/airflow/models/baseoperator.py:437 RemovedInAirflow3Warning: provide_context is deprecated as of 2.0 and is no longer required
[2025-10-28T22:17:04.898+0000] {processor.py:839} INFO - DAG(s) dict_keys(['sodai_drinks_production_pipeline']) retrieved from /opt/airflow/dags/pipeline_productivo.py
[2025-10-28T22:17:04.952+0000] {logging_mixin.py:154} INFO - [2025-10-28T22:17:04.951+0000] {dag.py:2941} INFO - Sync 1 DAGs
[2025-10-28T22:17:05.010+0000] {logging_mixin.py:154} INFO - [2025-10-28T22:17:05.010+0000] {dag.py:3722} INFO - Setting next_dagrun for sodai_drinks_production_pipeline to 2025-10-26T00:00:00+00:00, run_after=2025-11-02T00:00:00+00:00
[2025-10-28T22:17:05.049+0000] {processor.py:179} INFO - Processing /opt/airflow/dags/pipeline_productivo.py took 2.044 seconds
[2025-10-28T22:17:35.280+0000] {processor.py:157} INFO - Started process (PID=2217) to work on /opt/airflow/dags/pipeline_productivo.py
[2025-10-28T22:17:35.303+0000] {processor.py:829} INFO - Processing file /opt/airflow/dags/pipeline_productivo.py for tasks to queue
[2025-10-28T22:17:35.311+0000] {logging_mixin.py:154} INFO - [2025-10-28T22:17:35.310+0000] {dagbag.py:536} INFO - Filling up the DagBag from /opt/airflow/dags/pipeline_productivo.py
[2025-10-28T22:17:36.467+0000] {logging_mixin.py:154} WARNING - /home/airflow/.local/lib/python3.10/site-packages/pydantic/_internal/_fields.py:128 UserWarning: Field "model_server_url" has conflict with protected namespace "model_".

You may be able to resolve this warning by setting `model_config['protected_namespaces'] = ()`.
[2025-10-28T22:17:36.915+0000] {logging_mixin.py:154} WARNING - /home/airflow/.local/lib/python3.10/site-packages/airflow/models/baseoperator.py:437 RemovedInAirflow3Warning: provide_context is deprecated as of 2.0 and is no longer required
[2025-10-28T22:17:36.941+0000] {processor.py:839} INFO - DAG(s) dict_keys(['sodai_drinks_production_pipeline']) retrieved from /opt/airflow/dags/pipeline_productivo.py
[2025-10-28T22:17:36.966+0000] {logging_mixin.py:154} INFO - [2025-10-28T22:17:36.966+0000] {dag.py:2941} INFO - Sync 1 DAGs
[2025-10-28T22:17:36.980+0000] {logging_mixin.py:154} INFO - [2025-10-28T22:17:36.980+0000] {dag.py:3722} INFO - Setting next_dagrun for sodai_drinks_production_pipeline to 2025-10-26T00:00:00+00:00, run_after=2025-11-02T00:00:00+00:00
[2025-10-28T22:17:36.995+0000] {processor.py:179} INFO - Processing /opt/airflow/dags/pipeline_productivo.py took 1.723 seconds
[2025-10-28T22:18:07.842+0000] {processor.py:157} INFO - Started process (PID=2270) to work on /opt/airflow/dags/pipeline_productivo.py
[2025-10-28T22:18:07.856+0000] {processor.py:829} INFO - Processing file /opt/airflow/dags/pipeline_productivo.py for tasks to queue
[2025-10-28T22:18:07.907+0000] {logging_mixin.py:154} INFO - [2025-10-28T22:18:07.902+0000] {dagbag.py:536} INFO - Filling up the DagBag from /opt/airflow/dags/pipeline_productivo.py
[2025-10-28T22:18:09.404+0000] {logging_mixin.py:154} WARNING - /home/airflow/.local/lib/python3.10/site-packages/pydantic/_internal/_fields.py:128 UserWarning: Field "model_server_url" has conflict with protected namespace "model_".

You may be able to resolve this warning by setting `model_config['protected_namespaces'] = ()`.
[2025-10-28T22:18:09.766+0000] {logging_mixin.py:154} WARNING - /home/airflow/.local/lib/python3.10/site-packages/airflow/models/baseoperator.py:437 RemovedInAirflow3Warning: provide_context is deprecated as of 2.0 and is no longer required
[2025-10-28T22:18:09.772+0000] {processor.py:839} INFO - DAG(s) dict_keys(['sodai_drinks_production_pipeline']) retrieved from /opt/airflow/dags/pipeline_productivo.py
[2025-10-28T22:18:09.788+0000] {logging_mixin.py:154} INFO - [2025-10-28T22:18:09.787+0000] {dag.py:2941} INFO - Sync 1 DAGs
[2025-10-28T22:18:09.802+0000] {logging_mixin.py:154} INFO - [2025-10-28T22:18:09.802+0000] {dag.py:3722} INFO - Setting next_dagrun for sodai_drinks_production_pipeline to 2025-10-26T00:00:00+00:00, run_after=2025-11-02T00:00:00+00:00
[2025-10-28T22:18:09.813+0000] {processor.py:179} INFO - Processing /opt/airflow/dags/pipeline_productivo.py took 2.009 seconds
[2025-10-28T22:18:40.411+0000] {processor.py:157} INFO - Started process (PID=2320) to work on /opt/airflow/dags/pipeline_productivo.py
[2025-10-28T22:18:40.415+0000] {processor.py:829} INFO - Processing file /opt/airflow/dags/pipeline_productivo.py for tasks to queue
[2025-10-28T22:18:40.416+0000] {logging_mixin.py:154} INFO - [2025-10-28T22:18:40.416+0000] {dagbag.py:536} INFO - Filling up the DagBag from /opt/airflow/dags/pipeline_productivo.py
[2025-10-28T22:18:41.768+0000] {logging_mixin.py:154} WARNING - /home/airflow/.local/lib/python3.10/site-packages/pydantic/_internal/_fields.py:128 UserWarning: Field "model_server_url" has conflict with protected namespace "model_".

You may be able to resolve this warning by setting `model_config['protected_namespaces'] = ()`.
[2025-10-28T22:18:42.302+0000] {logging_mixin.py:154} WARNING - /home/airflow/.local/lib/python3.10/site-packages/airflow/models/baseoperator.py:437 RemovedInAirflow3Warning: provide_context is deprecated as of 2.0 and is no longer required
[2025-10-28T22:18:42.305+0000] {processor.py:839} INFO - DAG(s) dict_keys(['sodai_drinks_production_pipeline']) retrieved from /opt/airflow/dags/pipeline_productivo.py
[2025-10-28T22:18:42.333+0000] {logging_mixin.py:154} INFO - [2025-10-28T22:18:42.333+0000] {dag.py:2941} INFO - Sync 1 DAGs
[2025-10-28T22:18:42.348+0000] {logging_mixin.py:154} INFO - [2025-10-28T22:18:42.348+0000] {dag.py:3722} INFO - Setting next_dagrun for sodai_drinks_production_pipeline to 2025-10-26T00:00:00+00:00, run_after=2025-11-02T00:00:00+00:00
[2025-10-28T22:18:42.357+0000] {processor.py:179} INFO - Processing /opt/airflow/dags/pipeline_productivo.py took 1.955 seconds
[2025-10-28T22:19:13.477+0000] {processor.py:157} INFO - Started process (PID=2375) to work on /opt/airflow/dags/pipeline_productivo.py
[2025-10-28T22:19:13.479+0000] {processor.py:829} INFO - Processing file /opt/airflow/dags/pipeline_productivo.py for tasks to queue
[2025-10-28T22:19:13.480+0000] {logging_mixin.py:154} INFO - [2025-10-28T22:19:13.479+0000] {dagbag.py:536} INFO - Filling up the DagBag from /opt/airflow/dags/pipeline_productivo.py
[2025-10-28T22:19:14.561+0000] {logging_mixin.py:154} WARNING - /home/airflow/.local/lib/python3.10/site-packages/pydantic/_internal/_fields.py:128 UserWarning: Field "model_server_url" has conflict with protected namespace "model_".

You may be able to resolve this warning by setting `model_config['protected_namespaces'] = ()`.
[2025-10-28T22:19:15.190+0000] {logging_mixin.py:154} WARNING - /home/airflow/.local/lib/python3.10/site-packages/airflow/models/baseoperator.py:437 RemovedInAirflow3Warning: provide_context is deprecated as of 2.0 and is no longer required
[2025-10-28T22:19:15.194+0000] {processor.py:839} INFO - DAG(s) dict_keys(['sodai_drinks_production_pipeline']) retrieved from /opt/airflow/dags/pipeline_productivo.py
[2025-10-28T22:19:15.232+0000] {logging_mixin.py:154} INFO - [2025-10-28T22:19:15.231+0000] {dag.py:2941} INFO - Sync 1 DAGs
[2025-10-28T22:19:15.254+0000] {logging_mixin.py:154} INFO - [2025-10-28T22:19:15.254+0000] {dag.py:3722} INFO - Setting next_dagrun for sodai_drinks_production_pipeline to 2025-10-26T00:00:00+00:00, run_after=2025-11-02T00:00:00+00:00
[2025-10-28T22:19:15.270+0000] {processor.py:179} INFO - Processing /opt/airflow/dags/pipeline_productivo.py took 1.804 seconds
[2025-10-28T22:19:45.561+0000] {processor.py:157} INFO - Started process (PID=2429) to work on /opt/airflow/dags/pipeline_productivo.py
[2025-10-28T22:19:45.575+0000] {processor.py:829} INFO - Processing file /opt/airflow/dags/pipeline_productivo.py for tasks to queue
[2025-10-28T22:19:45.618+0000] {logging_mixin.py:154} INFO - [2025-10-28T22:19:45.586+0000] {dagbag.py:536} INFO - Filling up the DagBag from /opt/airflow/dags/pipeline_productivo.py
[2025-10-28T22:19:48.212+0000] {logging_mixin.py:154} WARNING - /home/airflow/.local/lib/python3.10/site-packages/pydantic/_internal/_fields.py:128 UserWarning: Field "model_server_url" has conflict with protected namespace "model_".

You may be able to resolve this warning by setting `model_config['protected_namespaces'] = ()`.
[2025-10-28T22:19:48.740+0000] {logging_mixin.py:154} WARNING - /home/airflow/.local/lib/python3.10/site-packages/airflow/models/baseoperator.py:437 RemovedInAirflow3Warning: provide_context is deprecated as of 2.0 and is no longer required
[2025-10-28T22:19:48.743+0000] {processor.py:839} INFO - DAG(s) dict_keys(['sodai_drinks_production_pipeline']) retrieved from /opt/airflow/dags/pipeline_productivo.py
[2025-10-28T22:19:48.763+0000] {logging_mixin.py:154} INFO - [2025-10-28T22:19:48.762+0000] {dag.py:2941} INFO - Sync 1 DAGs
[2025-10-28T22:19:48.779+0000] {logging_mixin.py:154} INFO - [2025-10-28T22:19:48.779+0000] {dag.py:3722} INFO - Setting next_dagrun for sodai_drinks_production_pipeline to 2025-10-26T00:00:00+00:00, run_after=2025-11-02T00:00:00+00:00
[2025-10-28T22:19:48.790+0000] {processor.py:179} INFO - Processing /opt/airflow/dags/pipeline_productivo.py took 3.248 seconds
[2025-10-28T22:20:19.076+0000] {processor.py:157} INFO - Started process (PID=2476) to work on /opt/airflow/dags/pipeline_productivo.py
[2025-10-28T22:20:19.079+0000] {processor.py:829} INFO - Processing file /opt/airflow/dags/pipeline_productivo.py for tasks to queue
[2025-10-28T22:20:19.081+0000] {logging_mixin.py:154} INFO - [2025-10-28T22:20:19.080+0000] {dagbag.py:536} INFO - Filling up the DagBag from /opt/airflow/dags/pipeline_productivo.py
[2025-10-28T22:20:20.408+0000] {logging_mixin.py:154} WARNING - /home/airflow/.local/lib/python3.10/site-packages/pydantic/_internal/_fields.py:128 UserWarning: Field "model_server_url" has conflict with protected namespace "model_".

You may be able to resolve this warning by setting `model_config['protected_namespaces'] = ()`.
[2025-10-28T22:20:21.025+0000] {logging_mixin.py:154} WARNING - /home/airflow/.local/lib/python3.10/site-packages/airflow/models/baseoperator.py:437 RemovedInAirflow3Warning: provide_context is deprecated as of 2.0 and is no longer required
[2025-10-28T22:20:21.029+0000] {processor.py:839} INFO - DAG(s) dict_keys(['sodai_drinks_production_pipeline']) retrieved from /opt/airflow/dags/pipeline_productivo.py
[2025-10-28T22:20:21.074+0000] {logging_mixin.py:154} INFO - [2025-10-28T22:20:21.074+0000] {dag.py:2941} INFO - Sync 1 DAGs
[2025-10-28T22:20:21.106+0000] {logging_mixin.py:154} INFO - [2025-10-28T22:20:21.106+0000] {dag.py:3722} INFO - Setting next_dagrun for sodai_drinks_production_pipeline to 2025-10-26T00:00:00+00:00, run_after=2025-11-02T00:00:00+00:00
[2025-10-28T22:20:21.126+0000] {processor.py:179} INFO - Processing /opt/airflow/dags/pipeline_productivo.py took 2.052 seconds
[2025-10-28T22:20:51.466+0000] {processor.py:157} INFO - Started process (PID=2524) to work on /opt/airflow/dags/pipeline_productivo.py
[2025-10-28T22:20:51.471+0000] {processor.py:829} INFO - Processing file /opt/airflow/dags/pipeline_productivo.py for tasks to queue
[2025-10-28T22:20:51.482+0000] {logging_mixin.py:154} INFO - [2025-10-28T22:20:51.478+0000] {dagbag.py:536} INFO - Filling up the DagBag from /opt/airflow/dags/pipeline_productivo.py
[2025-10-28T22:20:53.260+0000] {logging_mixin.py:154} WARNING - /home/airflow/.local/lib/python3.10/site-packages/pydantic/_internal/_fields.py:128 UserWarning: Field "model_server_url" has conflict with protected namespace "model_".

You may be able to resolve this warning by setting `model_config['protected_namespaces'] = ()`.
[2025-10-28T22:20:54.136+0000] {logging_mixin.py:154} WARNING - /home/airflow/.local/lib/python3.10/site-packages/airflow/models/baseoperator.py:437 RemovedInAirflow3Warning: provide_context is deprecated as of 2.0 and is no longer required
[2025-10-28T22:20:54.142+0000] {processor.py:839} INFO - DAG(s) dict_keys(['sodai_drinks_production_pipeline']) retrieved from /opt/airflow/dags/pipeline_productivo.py
[2025-10-28T22:20:54.177+0000] {logging_mixin.py:154} INFO - [2025-10-28T22:20:54.177+0000] {dag.py:2941} INFO - Sync 1 DAGs
[2025-10-28T22:20:54.205+0000] {logging_mixin.py:154} INFO - [2025-10-28T22:20:54.205+0000] {dag.py:3722} INFO - Setting next_dagrun for sodai_drinks_production_pipeline to 2025-10-26T00:00:00+00:00, run_after=2025-11-02T00:00:00+00:00
[2025-10-28T22:20:54.227+0000] {processor.py:179} INFO - Processing /opt/airflow/dags/pipeline_productivo.py took 2.797 seconds
[2025-10-28T22:21:25.146+0000] {processor.py:157} INFO - Started process (PID=2593) to work on /opt/airflow/dags/pipeline_productivo.py
[2025-10-28T22:21:25.148+0000] {processor.py:829} INFO - Processing file /opt/airflow/dags/pipeline_productivo.py for tasks to queue
[2025-10-28T22:21:25.148+0000] {logging_mixin.py:154} INFO - [2025-10-28T22:21:25.148+0000] {dagbag.py:536} INFO - Filling up the DagBag from /opt/airflow/dags/pipeline_productivo.py
[2025-10-28T22:21:26.089+0000] {logging_mixin.py:154} WARNING - /home/airflow/.local/lib/python3.10/site-packages/pydantic/_internal/_fields.py:128 UserWarning: Field "model_server_url" has conflict with protected namespace "model_".

You may be able to resolve this warning by setting `model_config['protected_namespaces'] = ()`.
[2025-10-28T22:21:26.607+0000] {logging_mixin.py:154} WARNING - /home/airflow/.local/lib/python3.10/site-packages/airflow/models/baseoperator.py:437 RemovedInAirflow3Warning: provide_context is deprecated as of 2.0 and is no longer required
[2025-10-28T22:21:26.614+0000] {processor.py:839} INFO - DAG(s) dict_keys(['sodai_drinks_production_pipeline']) retrieved from /opt/airflow/dags/pipeline_productivo.py
[2025-10-28T22:21:26.656+0000] {logging_mixin.py:154} INFO - [2025-10-28T22:21:26.656+0000] {dag.py:2941} INFO - Sync 1 DAGs
[2025-10-28T22:21:26.678+0000] {logging_mixin.py:154} INFO - [2025-10-28T22:21:26.678+0000] {dag.py:3722} INFO - Setting next_dagrun for sodai_drinks_production_pipeline to 2025-10-26T00:00:00+00:00, run_after=2025-11-02T00:00:00+00:00
[2025-10-28T22:21:26.697+0000] {processor.py:179} INFO - Processing /opt/airflow/dags/pipeline_productivo.py took 1.555 seconds
[2025-10-28T22:21:57.574+0000] {processor.py:157} INFO - Started process (PID=2648) to work on /opt/airflow/dags/pipeline_productivo.py
[2025-10-28T22:21:57.576+0000] {processor.py:829} INFO - Processing file /opt/airflow/dags/pipeline_productivo.py for tasks to queue
[2025-10-28T22:21:57.577+0000] {logging_mixin.py:154} INFO - [2025-10-28T22:21:57.577+0000] {dagbag.py:536} INFO - Filling up the DagBag from /opt/airflow/dags/pipeline_productivo.py
[2025-10-28T22:21:58.593+0000] {logging_mixin.py:154} WARNING - /home/airflow/.local/lib/python3.10/site-packages/pydantic/_internal/_fields.py:128 UserWarning: Field "model_server_url" has conflict with protected namespace "model_".

You may be able to resolve this warning by setting `model_config['protected_namespaces'] = ()`.
[2025-10-28T22:21:59.089+0000] {logging_mixin.py:154} WARNING - /home/airflow/.local/lib/python3.10/site-packages/airflow/models/baseoperator.py:437 RemovedInAirflow3Warning: provide_context is deprecated as of 2.0 and is no longer required
[2025-10-28T22:21:59.092+0000] {processor.py:839} INFO - DAG(s) dict_keys(['sodai_drinks_production_pipeline']) retrieved from /opt/airflow/dags/pipeline_productivo.py
[2025-10-28T22:21:59.117+0000] {logging_mixin.py:154} INFO - [2025-10-28T22:21:59.117+0000] {dag.py:2941} INFO - Sync 1 DAGs
[2025-10-28T22:21:59.128+0000] {logging_mixin.py:154} INFO - [2025-10-28T22:21:59.128+0000] {dag.py:3722} INFO - Setting next_dagrun for sodai_drinks_production_pipeline to 2025-10-26T00:00:00+00:00, run_after=2025-11-02T00:00:00+00:00
[2025-10-28T22:21:59.136+0000] {processor.py:179} INFO - Processing /opt/airflow/dags/pipeline_productivo.py took 1.570 seconds
[2025-10-28T22:22:30.048+0000] {processor.py:157} INFO - Started process (PID=2703) to work on /opt/airflow/dags/pipeline_productivo.py
[2025-10-28T22:22:30.050+0000] {processor.py:829} INFO - Processing file /opt/airflow/dags/pipeline_productivo.py for tasks to queue
[2025-10-28T22:22:30.051+0000] {logging_mixin.py:154} INFO - [2025-10-28T22:22:30.050+0000] {dagbag.py:536} INFO - Filling up the DagBag from /opt/airflow/dags/pipeline_productivo.py
[2025-10-28T22:22:31.012+0000] {logging_mixin.py:154} WARNING - /home/airflow/.local/lib/python3.10/site-packages/pydantic/_internal/_fields.py:128 UserWarning: Field "model_server_url" has conflict with protected namespace "model_".

You may be able to resolve this warning by setting `model_config['protected_namespaces'] = ()`.
[2025-10-28T22:22:31.378+0000] {logging_mixin.py:154} WARNING - /home/airflow/.local/lib/python3.10/site-packages/airflow/models/baseoperator.py:437 RemovedInAirflow3Warning: provide_context is deprecated as of 2.0 and is no longer required
[2025-10-28T22:22:31.381+0000] {processor.py:839} INFO - DAG(s) dict_keys(['sodai_drinks_production_pipeline']) retrieved from /opt/airflow/dags/pipeline_productivo.py
[2025-10-28T22:22:31.397+0000] {logging_mixin.py:154} INFO - [2025-10-28T22:22:31.397+0000] {dag.py:2941} INFO - Sync 1 DAGs
[2025-10-28T22:22:31.408+0000] {logging_mixin.py:154} INFO - [2025-10-28T22:22:31.408+0000] {dag.py:3722} INFO - Setting next_dagrun for sodai_drinks_production_pipeline to 2025-10-26T00:00:00+00:00, run_after=2025-11-02T00:00:00+00:00
[2025-10-28T22:22:31.417+0000] {processor.py:179} INFO - Processing /opt/airflow/dags/pipeline_productivo.py took 1.377 seconds
[2025-10-28T22:23:01.987+0000] {processor.py:157} INFO - Started process (PID=2758) to work on /opt/airflow/dags/pipeline_productivo.py
[2025-10-28T22:23:01.989+0000] {processor.py:829} INFO - Processing file /opt/airflow/dags/pipeline_productivo.py for tasks to queue
[2025-10-28T22:23:01.990+0000] {logging_mixin.py:154} INFO - [2025-10-28T22:23:01.990+0000] {dagbag.py:536} INFO - Filling up the DagBag from /opt/airflow/dags/pipeline_productivo.py
[2025-10-28T22:23:02.971+0000] {logging_mixin.py:154} WARNING - /home/airflow/.local/lib/python3.10/site-packages/pydantic/_internal/_fields.py:128 UserWarning: Field "model_server_url" has conflict with protected namespace "model_".

You may be able to resolve this warning by setting `model_config['protected_namespaces'] = ()`.
[2025-10-28T22:23:03.406+0000] {logging_mixin.py:154} WARNING - /home/airflow/.local/lib/python3.10/site-packages/airflow/models/baseoperator.py:437 RemovedInAirflow3Warning: provide_context is deprecated as of 2.0 and is no longer required
[2025-10-28T22:23:03.408+0000] {processor.py:839} INFO - DAG(s) dict_keys(['sodai_drinks_production_pipeline']) retrieved from /opt/airflow/dags/pipeline_productivo.py
[2025-10-28T22:23:03.437+0000] {logging_mixin.py:154} INFO - [2025-10-28T22:23:03.437+0000] {dag.py:2941} INFO - Sync 1 DAGs
[2025-10-28T22:23:03.450+0000] {logging_mixin.py:154} INFO - [2025-10-28T22:23:03.449+0000] {dag.py:3722} INFO - Setting next_dagrun for sodai_drinks_production_pipeline to 2025-10-26T00:00:00+00:00, run_after=2025-11-02T00:00:00+00:00
[2025-10-28T22:23:03.460+0000] {processor.py:179} INFO - Processing /opt/airflow/dags/pipeline_productivo.py took 1.479 seconds
[2025-10-28T22:23:34.369+0000] {processor.py:157} INFO - Started process (PID=2806) to work on /opt/airflow/dags/pipeline_productivo.py
[2025-10-28T22:23:34.372+0000] {processor.py:829} INFO - Processing file /opt/airflow/dags/pipeline_productivo.py for tasks to queue
[2025-10-28T22:23:34.374+0000] {logging_mixin.py:154} INFO - [2025-10-28T22:23:34.373+0000] {dagbag.py:536} INFO - Filling up the DagBag from /opt/airflow/dags/pipeline_productivo.py
[2025-10-28T22:23:35.411+0000] {logging_mixin.py:154} WARNING - /home/airflow/.local/lib/python3.10/site-packages/pydantic/_internal/_fields.py:128 UserWarning: Field "model_server_url" has conflict with protected namespace "model_".

You may be able to resolve this warning by setting `model_config['protected_namespaces'] = ()`.
[2025-10-28T22:23:35.900+0000] {logging_mixin.py:154} WARNING - /home/airflow/.local/lib/python3.10/site-packages/airflow/models/baseoperator.py:437 RemovedInAirflow3Warning: provide_context is deprecated as of 2.0 and is no longer required
[2025-10-28T22:23:35.903+0000] {processor.py:839} INFO - DAG(s) dict_keys(['sodai_drinks_production_pipeline']) retrieved from /opt/airflow/dags/pipeline_productivo.py
[2025-10-28T22:23:35.925+0000] {logging_mixin.py:154} INFO - [2025-10-28T22:23:35.925+0000] {dag.py:2941} INFO - Sync 1 DAGs
[2025-10-28T22:23:35.942+0000] {logging_mixin.py:154} INFO - [2025-10-28T22:23:35.942+0000] {dag.py:3722} INFO - Setting next_dagrun for sodai_drinks_production_pipeline to 2025-10-26T00:00:00+00:00, run_after=2025-11-02T00:00:00+00:00
[2025-10-28T22:23:35.959+0000] {processor.py:179} INFO - Processing /opt/airflow/dags/pipeline_productivo.py took 1.600 seconds
[2025-10-28T22:24:06.601+0000] {processor.py:157} INFO - Started process (PID=2861) to work on /opt/airflow/dags/pipeline_productivo.py
[2025-10-28T22:24:06.603+0000] {processor.py:829} INFO - Processing file /opt/airflow/dags/pipeline_productivo.py for tasks to queue
[2025-10-28T22:24:06.605+0000] {logging_mixin.py:154} INFO - [2025-10-28T22:24:06.604+0000] {dagbag.py:536} INFO - Filling up the DagBag from /opt/airflow/dags/pipeline_productivo.py
[2025-10-28T22:24:07.689+0000] {logging_mixin.py:154} WARNING - /home/airflow/.local/lib/python3.10/site-packages/pydantic/_internal/_fields.py:128 UserWarning: Field "model_server_url" has conflict with protected namespace "model_".

You may be able to resolve this warning by setting `model_config['protected_namespaces'] = ()`.
[2025-10-28T22:24:08.068+0000] {logging_mixin.py:154} WARNING - /home/airflow/.local/lib/python3.10/site-packages/airflow/models/baseoperator.py:437 RemovedInAirflow3Warning: provide_context is deprecated as of 2.0 and is no longer required
[2025-10-28T22:24:08.071+0000] {processor.py:839} INFO - DAG(s) dict_keys(['sodai_drinks_production_pipeline']) retrieved from /opt/airflow/dags/pipeline_productivo.py
[2025-10-28T22:24:08.090+0000] {logging_mixin.py:154} INFO - [2025-10-28T22:24:08.089+0000] {dag.py:2941} INFO - Sync 1 DAGs
[2025-10-28T22:24:08.106+0000] {logging_mixin.py:154} INFO - [2025-10-28T22:24:08.105+0000] {dag.py:3722} INFO - Setting next_dagrun for sodai_drinks_production_pipeline to 2025-10-26T00:00:00+00:00, run_after=2025-11-02T00:00:00+00:00
[2025-10-28T22:24:08.114+0000] {processor.py:179} INFO - Processing /opt/airflow/dags/pipeline_productivo.py took 1.527 seconds
[2025-10-28T22:24:38.450+0000] {processor.py:157} INFO - Started process (PID=2916) to work on /opt/airflow/dags/pipeline_productivo.py
[2025-10-28T22:24:38.452+0000] {processor.py:829} INFO - Processing file /opt/airflow/dags/pipeline_productivo.py for tasks to queue
[2025-10-28T22:24:38.453+0000] {logging_mixin.py:154} INFO - [2025-10-28T22:24:38.452+0000] {dagbag.py:536} INFO - Filling up the DagBag from /opt/airflow/dags/pipeline_productivo.py
[2025-10-28T22:24:39.450+0000] {logging_mixin.py:154} WARNING - /home/airflow/.local/lib/python3.10/site-packages/pydantic/_internal/_fields.py:128 UserWarning: Field "model_server_url" has conflict with protected namespace "model_".

You may be able to resolve this warning by setting `model_config['protected_namespaces'] = ()`.
[2025-10-28T22:24:39.830+0000] {logging_mixin.py:154} WARNING - /home/airflow/.local/lib/python3.10/site-packages/airflow/models/baseoperator.py:437 RemovedInAirflow3Warning: provide_context is deprecated as of 2.0 and is no longer required
[2025-10-28T22:24:39.834+0000] {processor.py:839} INFO - DAG(s) dict_keys(['sodai_drinks_production_pipeline']) retrieved from /opt/airflow/dags/pipeline_productivo.py
[2025-10-28T22:24:39.857+0000] {logging_mixin.py:154} INFO - [2025-10-28T22:24:39.857+0000] {dag.py:2941} INFO - Sync 1 DAGs
[2025-10-28T22:24:39.868+0000] {logging_mixin.py:154} INFO - [2025-10-28T22:24:39.868+0000] {dag.py:3722} INFO - Setting next_dagrun for sodai_drinks_production_pipeline to 2025-10-26T00:00:00+00:00, run_after=2025-11-02T00:00:00+00:00
[2025-10-28T22:24:39.877+0000] {processor.py:179} INFO - Processing /opt/airflow/dags/pipeline_productivo.py took 1.432 seconds
[2025-10-28T22:25:10.047+0000] {processor.py:157} INFO - Started process (PID=2971) to work on /opt/airflow/dags/pipeline_productivo.py
[2025-10-28T22:25:10.049+0000] {processor.py:829} INFO - Processing file /opt/airflow/dags/pipeline_productivo.py for tasks to queue
[2025-10-28T22:25:10.050+0000] {logging_mixin.py:154} INFO - [2025-10-28T22:25:10.050+0000] {dagbag.py:536} INFO - Filling up the DagBag from /opt/airflow/dags/pipeline_productivo.py
[2025-10-28T22:25:10.949+0000] {logging_mixin.py:154} WARNING - /home/airflow/.local/lib/python3.10/site-packages/pydantic/_internal/_fields.py:128 UserWarning: Field "model_server_url" has conflict with protected namespace "model_".

You may be able to resolve this warning by setting `model_config['protected_namespaces'] = ()`.
[2025-10-28T22:25:11.383+0000] {logging_mixin.py:154} WARNING - /home/airflow/.local/lib/python3.10/site-packages/airflow/models/baseoperator.py:437 RemovedInAirflow3Warning: provide_context is deprecated as of 2.0 and is no longer required
[2025-10-28T22:25:11.387+0000] {processor.py:839} INFO - DAG(s) dict_keys(['sodai_drinks_production_pipeline']) retrieved from /opt/airflow/dags/pipeline_productivo.py
[2025-10-28T22:25:11.495+0000] {logging_mixin.py:154} INFO - [2025-10-28T22:25:11.495+0000] {dag.py:2941} INFO - Sync 1 DAGs
[2025-10-28T22:25:11.501+0000] {logging_mixin.py:154} INFO - [2025-10-28T22:25:11.501+0000] {dag.py:2963} INFO - Creating ORM DAG for sodai_drinks_production_pipeline
[2025-10-28T22:25:11.507+0000] {logging_mixin.py:154} INFO - [2025-10-28T22:25:11.507+0000] {dag.py:3722} INFO - Setting next_dagrun for sodai_drinks_production_pipeline to 2025-10-19T00:00:00+00:00, run_after=2025-10-26T00:00:00+00:00
[2025-10-28T22:25:11.517+0000] {processor.py:179} INFO - Processing /opt/airflow/dags/pipeline_productivo.py took 1.476 seconds
[2025-10-28T22:25:41.795+0000] {processor.py:157} INFO - Started process (PID=3085) to work on /opt/airflow/dags/pipeline_productivo.py
[2025-10-28T22:25:41.800+0000] {processor.py:829} INFO - Processing file /opt/airflow/dags/pipeline_productivo.py for tasks to queue
[2025-10-28T22:25:41.802+0000] {logging_mixin.py:154} INFO - [2025-10-28T22:25:41.802+0000] {dagbag.py:536} INFO - Filling up the DagBag from /opt/airflow/dags/pipeline_productivo.py
[2025-10-28T22:25:44.662+0000] {logging_mixin.py:154} WARNING - /home/airflow/.local/lib/python3.10/site-packages/pydantic/_internal/_fields.py:128 UserWarning: Field "model_server_url" has conflict with protected namespace "model_".

You may be able to resolve this warning by setting `model_config['protected_namespaces'] = ()`.
[2025-10-28T22:25:46.900+0000] {logging_mixin.py:154} WARNING - /home/airflow/.local/lib/python3.10/site-packages/airflow/models/baseoperator.py:437 RemovedInAirflow3Warning: provide_context is deprecated as of 2.0 and is no longer required
[2025-10-28T22:25:46.931+0000] {processor.py:839} INFO - DAG(s) dict_keys(['sodai_drinks_production_pipeline']) retrieved from /opt/airflow/dags/pipeline_productivo.py
[2025-10-28T22:25:46.996+0000] {logging_mixin.py:154} INFO - [2025-10-28T22:25:46.995+0000] {dag.py:2941} INFO - Sync 1 DAGs
[2025-10-28T22:25:47.033+0000] {logging_mixin.py:154} INFO - [2025-10-28T22:25:47.033+0000] {dag.py:3722} INFO - Setting next_dagrun for sodai_drinks_production_pipeline to 2025-10-26T00:00:00+00:00, run_after=2025-11-02T00:00:00+00:00
[2025-10-28T22:25:47.070+0000] {processor.py:179} INFO - Processing /opt/airflow/dags/pipeline_productivo.py took 5.291 seconds
[2025-10-28T22:26:08.508+0000] {processor.py:157} INFO - Started process (PID=3159) to work on /opt/airflow/dags/pipeline_productivo.py
[2025-10-28T22:26:08.511+0000] {processor.py:829} INFO - Processing file /opt/airflow/dags/pipeline_productivo.py for tasks to queue
[2025-10-28T22:26:08.512+0000] {logging_mixin.py:154} INFO - [2025-10-28T22:26:08.511+0000] {dagbag.py:536} INFO - Filling up the DagBag from /opt/airflow/dags/pipeline_productivo.py
[2025-10-28T22:26:10.986+0000] {logging_mixin.py:154} WARNING - /home/airflow/.local/lib/python3.10/site-packages/pydantic/_internal/_fields.py:128 UserWarning: Field "model_server_url" has conflict with protected namespace "model_".

You may be able to resolve this warning by setting `model_config['protected_namespaces'] = ()`.
[2025-10-28T22:26:11.696+0000] {logging_mixin.py:154} WARNING - /home/airflow/.local/lib/python3.10/site-packages/airflow/models/baseoperator.py:437 RemovedInAirflow3Warning: provide_context is deprecated as of 2.0 and is no longer required
[2025-10-28T22:26:11.705+0000] {processor.py:839} INFO - DAG(s) dict_keys(['sodai_drinks_production_pipeline']) retrieved from /opt/airflow/dags/pipeline_productivo.py
[2025-10-28T22:26:11.737+0000] {logging_mixin.py:154} INFO - [2025-10-28T22:26:11.737+0000] {taskinstance.py:1939} ERROR - {'DAG Id': 'sodai_drinks_production_pipeline', 'Task Id': 'preprocess_data', 'Run Id': 'scheduled__2025-10-19T00:00:00+00:00', 'Hostname': 'ee70ee0df05e'}
[2025-10-28T22:26:11.746+0000] {logging_mixin.py:154} INFO - [2025-10-28T22:26:11.746+0000] {taskinstance.py:1400} INFO - Marking task as UP_FOR_RETRY. dag_id=sodai_drinks_production_pipeline, task_id=preprocess_data, execution_date=20251019T000000, start_date=20251028T222541, end_date=20251028T222611
[2025-10-28T22:26:11.751+0000] {processor.py:790} INFO - Executed failure callback for <TaskInstance: sodai_drinks_production_pipeline.preprocess_data scheduled__2025-10-19T00:00:00+00:00 [up_for_retry]> in state up_for_retry
[2025-10-28T22:26:11.765+0000] {logging_mixin.py:154} INFO - [2025-10-28T22:26:11.764+0000] {dag.py:2941} INFO - Sync 1 DAGs
[2025-10-28T22:26:11.774+0000] {logging_mixin.py:154} INFO - [2025-10-28T22:26:11.773+0000] {dag.py:3722} INFO - Setting next_dagrun for sodai_drinks_production_pipeline to 2025-10-26T00:00:00+00:00, run_after=2025-11-02T00:00:00+00:00
[2025-10-28T22:26:11.782+0000] {processor.py:179} INFO - Processing /opt/airflow/dags/pipeline_productivo.py took 3.290 seconds
[2025-10-28T22:26:42.273+0000] {processor.py:157} INFO - Started process (PID=3213) to work on /opt/airflow/dags/pipeline_productivo.py
[2025-10-28T22:26:42.277+0000] {processor.py:829} INFO - Processing file /opt/airflow/dags/pipeline_productivo.py for tasks to queue
[2025-10-28T22:26:42.282+0000] {logging_mixin.py:154} INFO - [2025-10-28T22:26:42.281+0000] {dagbag.py:536} INFO - Filling up the DagBag from /opt/airflow/dags/pipeline_productivo.py
[2025-10-28T22:26:43.364+0000] {logging_mixin.py:154} WARNING - /home/airflow/.local/lib/python3.10/site-packages/pydantic/_internal/_fields.py:128 UserWarning: Field "model_server_url" has conflict with protected namespace "model_".

You may be able to resolve this warning by setting `model_config['protected_namespaces'] = ()`.
[2025-10-28T22:26:43.722+0000] {logging_mixin.py:154} WARNING - /home/airflow/.local/lib/python3.10/site-packages/airflow/models/baseoperator.py:437 RemovedInAirflow3Warning: provide_context is deprecated as of 2.0 and is no longer required
[2025-10-28T22:26:43.726+0000] {processor.py:839} INFO - DAG(s) dict_keys(['sodai_drinks_production_pipeline']) retrieved from /opt/airflow/dags/pipeline_productivo.py
[2025-10-28T22:26:43.748+0000] {logging_mixin.py:154} INFO - [2025-10-28T22:26:43.747+0000] {dag.py:2941} INFO - Sync 1 DAGs
[2025-10-28T22:26:43.762+0000] {logging_mixin.py:154} INFO - [2025-10-28T22:26:43.761+0000] {dag.py:3722} INFO - Setting next_dagrun for sodai_drinks_production_pipeline to 2025-10-26T00:00:00+00:00, run_after=2025-11-02T00:00:00+00:00
[2025-10-28T22:26:43.770+0000] {processor.py:179} INFO - Processing /opt/airflow/dags/pipeline_productivo.py took 1.505 seconds
[2025-10-28T22:27:14.831+0000] {processor.py:157} INFO - Started process (PID=3269) to work on /opt/airflow/dags/pipeline_productivo.py
[2025-10-28T22:27:14.835+0000] {processor.py:829} INFO - Processing file /opt/airflow/dags/pipeline_productivo.py for tasks to queue
[2025-10-28T22:27:14.836+0000] {logging_mixin.py:154} INFO - [2025-10-28T22:27:14.836+0000] {dagbag.py:536} INFO - Filling up the DagBag from /opt/airflow/dags/pipeline_productivo.py
[2025-10-28T22:27:15.894+0000] {logging_mixin.py:154} WARNING - /home/airflow/.local/lib/python3.10/site-packages/pydantic/_internal/_fields.py:128 UserWarning: Field "model_server_url" has conflict with protected namespace "model_".

You may be able to resolve this warning by setting `model_config['protected_namespaces'] = ()`.
[2025-10-28T22:27:16.325+0000] {logging_mixin.py:154} WARNING - /home/airflow/.local/lib/python3.10/site-packages/airflow/models/baseoperator.py:437 RemovedInAirflow3Warning: provide_context is deprecated as of 2.0 and is no longer required
[2025-10-28T22:27:16.329+0000] {processor.py:839} INFO - DAG(s) dict_keys(['sodai_drinks_production_pipeline']) retrieved from /opt/airflow/dags/pipeline_productivo.py
[2025-10-28T22:27:16.365+0000] {logging_mixin.py:154} INFO - [2025-10-28T22:27:16.365+0000] {dag.py:2941} INFO - Sync 1 DAGs
[2025-10-28T22:27:16.377+0000] {logging_mixin.py:154} INFO - [2025-10-28T22:27:16.377+0000] {dag.py:3722} INFO - Setting next_dagrun for sodai_drinks_production_pipeline to 2025-10-26T00:00:00+00:00, run_after=2025-11-02T00:00:00+00:00
[2025-10-28T22:27:16.387+0000] {processor.py:179} INFO - Processing /opt/airflow/dags/pipeline_productivo.py took 1.562 seconds
[2025-10-28T22:27:46.906+0000] {processor.py:157} INFO - Started process (PID=3324) to work on /opt/airflow/dags/pipeline_productivo.py
[2025-10-28T22:27:46.912+0000] {processor.py:829} INFO - Processing file /opt/airflow/dags/pipeline_productivo.py for tasks to queue
[2025-10-28T22:27:46.913+0000] {logging_mixin.py:154} INFO - [2025-10-28T22:27:46.913+0000] {dagbag.py:536} INFO - Filling up the DagBag from /opt/airflow/dags/pipeline_productivo.py
[2025-10-28T22:27:47.851+0000] {logging_mixin.py:154} WARNING - /home/airflow/.local/lib/python3.10/site-packages/pydantic/_internal/_fields.py:128 UserWarning: Field "model_server_url" has conflict with protected namespace "model_".

You may be able to resolve this warning by setting `model_config['protected_namespaces'] = ()`.
[2025-10-28T22:27:48.218+0000] {logging_mixin.py:154} WARNING - /home/airflow/.local/lib/python3.10/site-packages/airflow/models/baseoperator.py:437 RemovedInAirflow3Warning: provide_context is deprecated as of 2.0 and is no longer required
[2025-10-28T22:27:48.221+0000] {processor.py:839} INFO - DAG(s) dict_keys(['sodai_drinks_production_pipeline']) retrieved from /opt/airflow/dags/pipeline_productivo.py
[2025-10-28T22:27:48.244+0000] {logging_mixin.py:154} INFO - [2025-10-28T22:27:48.244+0000] {dag.py:2941} INFO - Sync 1 DAGs
[2025-10-28T22:27:48.258+0000] {logging_mixin.py:154} INFO - [2025-10-28T22:27:48.258+0000] {dag.py:3722} INFO - Setting next_dagrun for sodai_drinks_production_pipeline to 2025-10-26T00:00:00+00:00, run_after=2025-11-02T00:00:00+00:00
[2025-10-28T22:27:48.266+0000] {processor.py:179} INFO - Processing /opt/airflow/dags/pipeline_productivo.py took 1.366 seconds
[2025-10-28T22:28:18.771+0000] {processor.py:157} INFO - Started process (PID=3372) to work on /opt/airflow/dags/pipeline_productivo.py
[2025-10-28T22:28:18.773+0000] {processor.py:829} INFO - Processing file /opt/airflow/dags/pipeline_productivo.py for tasks to queue
[2025-10-28T22:28:18.774+0000] {logging_mixin.py:154} INFO - [2025-10-28T22:28:18.774+0000] {dagbag.py:536} INFO - Filling up the DagBag from /opt/airflow/dags/pipeline_productivo.py
[2025-10-28T22:28:19.929+0000] {logging_mixin.py:154} WARNING - /home/airflow/.local/lib/python3.10/site-packages/pydantic/_internal/_fields.py:128 UserWarning: Field "model_server_url" has conflict with protected namespace "model_".

You may be able to resolve this warning by setting `model_config['protected_namespaces'] = ()`.
[2025-10-28T22:28:20.342+0000] {logging_mixin.py:154} WARNING - /home/airflow/.local/lib/python3.10/site-packages/airflow/models/baseoperator.py:437 RemovedInAirflow3Warning: provide_context is deprecated as of 2.0 and is no longer required
[2025-10-28T22:28:20.346+0000] {processor.py:839} INFO - DAG(s) dict_keys(['sodai_drinks_production_pipeline']) retrieved from /opt/airflow/dags/pipeline_productivo.py
[2025-10-28T22:28:20.363+0000] {logging_mixin.py:154} INFO - [2025-10-28T22:28:20.363+0000] {dag.py:2941} INFO - Sync 1 DAGs
[2025-10-28T22:28:20.379+0000] {logging_mixin.py:154} INFO - [2025-10-28T22:28:20.379+0000] {dag.py:3722} INFO - Setting next_dagrun for sodai_drinks_production_pipeline to 2025-10-26T00:00:00+00:00, run_after=2025-11-02T00:00:00+00:00
[2025-10-28T22:28:20.389+0000] {processor.py:179} INFO - Processing /opt/airflow/dags/pipeline_productivo.py took 1.622 seconds
[2025-10-28T22:28:50.937+0000] {processor.py:157} INFO - Started process (PID=3427) to work on /opt/airflow/dags/pipeline_productivo.py
[2025-10-28T22:28:50.938+0000] {processor.py:829} INFO - Processing file /opt/airflow/dags/pipeline_productivo.py for tasks to queue
[2025-10-28T22:28:50.940+0000] {logging_mixin.py:154} INFO - [2025-10-28T22:28:50.939+0000] {dagbag.py:536} INFO - Filling up the DagBag from /opt/airflow/dags/pipeline_productivo.py
[2025-10-28T22:28:52.071+0000] {logging_mixin.py:154} WARNING - /home/airflow/.local/lib/python3.10/site-packages/pydantic/_internal/_fields.py:128 UserWarning: Field "model_server_url" has conflict with protected namespace "model_".

You may be able to resolve this warning by setting `model_config['protected_namespaces'] = ()`.
[2025-10-28T22:28:52.413+0000] {logging_mixin.py:154} WARNING - /home/airflow/.local/lib/python3.10/site-packages/airflow/models/baseoperator.py:437 RemovedInAirflow3Warning: provide_context is deprecated as of 2.0 and is no longer required
[2025-10-28T22:28:52.416+0000] {processor.py:839} INFO - DAG(s) dict_keys(['sodai_drinks_production_pipeline']) retrieved from /opt/airflow/dags/pipeline_productivo.py
[2025-10-28T22:28:52.435+0000] {logging_mixin.py:154} INFO - [2025-10-28T22:28:52.435+0000] {dag.py:2941} INFO - Sync 1 DAGs
[2025-10-28T22:28:52.446+0000] {logging_mixin.py:154} INFO - [2025-10-28T22:28:52.446+0000] {dag.py:3722} INFO - Setting next_dagrun for sodai_drinks_production_pipeline to 2025-10-26T00:00:00+00:00, run_after=2025-11-02T00:00:00+00:00
[2025-10-28T22:28:52.454+0000] {processor.py:179} INFO - Processing /opt/airflow/dags/pipeline_productivo.py took 1.527 seconds
[2025-10-28T22:29:22.604+0000] {processor.py:157} INFO - Started process (PID=3482) to work on /opt/airflow/dags/pipeline_productivo.py
[2025-10-28T22:29:22.606+0000] {processor.py:829} INFO - Processing file /opt/airflow/dags/pipeline_productivo.py for tasks to queue
[2025-10-28T22:29:22.607+0000] {logging_mixin.py:154} INFO - [2025-10-28T22:29:22.607+0000] {dagbag.py:536} INFO - Filling up the DagBag from /opt/airflow/dags/pipeline_productivo.py
[2025-10-28T22:29:23.623+0000] {logging_mixin.py:154} WARNING - /home/airflow/.local/lib/python3.10/site-packages/pydantic/_internal/_fields.py:128 UserWarning: Field "model_server_url" has conflict with protected namespace "model_".

You may be able to resolve this warning by setting `model_config['protected_namespaces'] = ()`.
[2025-10-28T22:29:23.972+0000] {logging_mixin.py:154} WARNING - /home/airflow/.local/lib/python3.10/site-packages/airflow/models/baseoperator.py:437 RemovedInAirflow3Warning: provide_context is deprecated as of 2.0 and is no longer required
[2025-10-28T22:29:23.976+0000] {processor.py:839} INFO - DAG(s) dict_keys(['sodai_drinks_production_pipeline']) retrieved from /opt/airflow/dags/pipeline_productivo.py
[2025-10-28T22:29:24.019+0000] {logging_mixin.py:154} INFO - [2025-10-28T22:29:24.018+0000] {dag.py:2941} INFO - Sync 1 DAGs
[2025-10-28T22:29:24.043+0000] {logging_mixin.py:154} INFO - [2025-10-28T22:29:24.043+0000] {dag.py:3722} INFO - Setting next_dagrun for sodai_drinks_production_pipeline to 2025-10-26T00:00:00+00:00, run_after=2025-11-02T00:00:00+00:00
[2025-10-28T22:29:24.067+0000] {processor.py:179} INFO - Processing /opt/airflow/dags/pipeline_productivo.py took 1.470 seconds
[2025-10-28T22:29:54.662+0000] {processor.py:157} INFO - Started process (PID=3537) to work on /opt/airflow/dags/pipeline_productivo.py
[2025-10-28T22:29:54.666+0000] {processor.py:829} INFO - Processing file /opt/airflow/dags/pipeline_productivo.py for tasks to queue
[2025-10-28T22:29:54.667+0000] {logging_mixin.py:154} INFO - [2025-10-28T22:29:54.667+0000] {dagbag.py:536} INFO - Filling up the DagBag from /opt/airflow/dags/pipeline_productivo.py
[2025-10-28T22:29:55.691+0000] {logging_mixin.py:154} WARNING - /home/airflow/.local/lib/python3.10/site-packages/pydantic/_internal/_fields.py:128 UserWarning: Field "model_server_url" has conflict with protected namespace "model_".

You may be able to resolve this warning by setting `model_config['protected_namespaces'] = ()`.
[2025-10-28T22:29:56.043+0000] {logging_mixin.py:154} WARNING - /home/airflow/.local/lib/python3.10/site-packages/airflow/models/baseoperator.py:437 RemovedInAirflow3Warning: provide_context is deprecated as of 2.0 and is no longer required
[2025-10-28T22:29:56.046+0000] {processor.py:839} INFO - DAG(s) dict_keys(['sodai_drinks_production_pipeline']) retrieved from /opt/airflow/dags/pipeline_productivo.py
[2025-10-28T22:29:56.079+0000] {logging_mixin.py:154} INFO - [2025-10-28T22:29:56.079+0000] {dag.py:2941} INFO - Sync 1 DAGs
[2025-10-28T22:29:56.097+0000] {logging_mixin.py:154} INFO - [2025-10-28T22:29:56.097+0000] {dag.py:3722} INFO - Setting next_dagrun for sodai_drinks_production_pipeline to 2025-10-26T00:00:00+00:00, run_after=2025-11-02T00:00:00+00:00
[2025-10-28T22:29:56.109+0000] {processor.py:179} INFO - Processing /opt/airflow/dags/pipeline_productivo.py took 1.452 seconds
[2025-10-28T22:30:27.062+0000] {processor.py:157} INFO - Started process (PID=3592) to work on /opt/airflow/dags/pipeline_productivo.py
[2025-10-28T22:30:27.066+0000] {processor.py:829} INFO - Processing file /opt/airflow/dags/pipeline_productivo.py for tasks to queue
[2025-10-28T22:30:27.067+0000] {logging_mixin.py:154} INFO - [2025-10-28T22:30:27.066+0000] {dagbag.py:536} INFO - Filling up the DagBag from /opt/airflow/dags/pipeline_productivo.py
[2025-10-28T22:30:29.181+0000] {logging_mixin.py:154} WARNING - /home/airflow/.local/lib/python3.10/site-packages/pydantic/_internal/_fields.py:128 UserWarning: Field "model_server_url" has conflict with protected namespace "model_".

You may be able to resolve this warning by setting `model_config['protected_namespaces'] = ()`.
[2025-10-28T22:30:29.555+0000] {logging_mixin.py:154} WARNING - /home/airflow/.local/lib/python3.10/site-packages/airflow/models/baseoperator.py:437 RemovedInAirflow3Warning: provide_context is deprecated as of 2.0 and is no longer required
[2025-10-28T22:30:29.558+0000] {processor.py:839} INFO - DAG(s) dict_keys(['sodai_drinks_production_pipeline']) retrieved from /opt/airflow/dags/pipeline_productivo.py
[2025-10-28T22:30:29.583+0000] {logging_mixin.py:154} INFO - [2025-10-28T22:30:29.583+0000] {dag.py:2941} INFO - Sync 1 DAGs
[2025-10-28T22:30:29.604+0000] {logging_mixin.py:154} INFO - [2025-10-28T22:30:29.604+0000] {dag.py:3722} INFO - Setting next_dagrun for sodai_drinks_production_pipeline to 2025-10-26T00:00:00+00:00, run_after=2025-11-02T00:00:00+00:00
[2025-10-28T22:30:29.612+0000] {processor.py:179} INFO - Processing /opt/airflow/dags/pipeline_productivo.py took 2.561 seconds
[2025-10-28T22:31:00.271+0000] {processor.py:157} INFO - Started process (PID=3640) to work on /opt/airflow/dags/pipeline_productivo.py
[2025-10-28T22:31:00.275+0000] {processor.py:829} INFO - Processing file /opt/airflow/dags/pipeline_productivo.py for tasks to queue
[2025-10-28T22:31:00.278+0000] {logging_mixin.py:154} INFO - [2025-10-28T22:31:00.277+0000] {dagbag.py:536} INFO - Filling up the DagBag from /opt/airflow/dags/pipeline_productivo.py
[2025-10-28T22:31:01.449+0000] {logging_mixin.py:154} WARNING - /home/airflow/.local/lib/python3.10/site-packages/pydantic/_internal/_fields.py:128 UserWarning: Field "model_server_url" has conflict with protected namespace "model_".

You may be able to resolve this warning by setting `model_config['protected_namespaces'] = ()`.
[2025-10-28T22:31:01.771+0000] {logging_mixin.py:154} WARNING - /home/airflow/.local/lib/python3.10/site-packages/airflow/models/baseoperator.py:437 RemovedInAirflow3Warning: provide_context is deprecated as of 2.0 and is no longer required
[2025-10-28T22:31:01.774+0000] {processor.py:839} INFO - DAG(s) dict_keys(['sodai_drinks_production_pipeline']) retrieved from /opt/airflow/dags/pipeline_productivo.py
[2025-10-28T22:31:01.787+0000] {logging_mixin.py:154} INFO - [2025-10-28T22:31:01.786+0000] {dag.py:2941} INFO - Sync 1 DAGs
[2025-10-28T22:31:01.797+0000] {logging_mixin.py:154} INFO - [2025-10-28T22:31:01.796+0000] {dag.py:3722} INFO - Setting next_dagrun for sodai_drinks_production_pipeline to 2025-10-26T00:00:00+00:00, run_after=2025-11-02T00:00:00+00:00
[2025-10-28T22:31:01.804+0000] {processor.py:179} INFO - Processing /opt/airflow/dags/pipeline_productivo.py took 1.543 seconds
[2025-10-28T22:31:32.602+0000] {processor.py:157} INFO - Started process (PID=3751) to work on /opt/airflow/dags/pipeline_productivo.py
[2025-10-28T22:31:32.604+0000] {processor.py:829} INFO - Processing file /opt/airflow/dags/pipeline_productivo.py for tasks to queue
[2025-10-28T22:31:32.605+0000] {logging_mixin.py:154} INFO - [2025-10-28T22:31:32.604+0000] {dagbag.py:536} INFO - Filling up the DagBag from /opt/airflow/dags/pipeline_productivo.py
[2025-10-28T22:31:35.382+0000] {logging_mixin.py:154} WARNING - /home/airflow/.local/lib/python3.10/site-packages/pydantic/_internal/_fields.py:128 UserWarning: Field "model_server_url" has conflict with protected namespace "model_".

You may be able to resolve this warning by setting `model_config['protected_namespaces'] = ()`.
[2025-10-28T22:31:36.061+0000] {logging_mixin.py:154} WARNING - /home/airflow/.local/lib/python3.10/site-packages/airflow/models/baseoperator.py:437 RemovedInAirflow3Warning: provide_context is deprecated as of 2.0 and is no longer required
[2025-10-28T22:31:36.071+0000] {processor.py:839} INFO - DAG(s) dict_keys(['sodai_drinks_production_pipeline']) retrieved from /opt/airflow/dags/pipeline_productivo.py
[2025-10-28T22:31:36.101+0000] {logging_mixin.py:154} INFO - [2025-10-28T22:31:36.101+0000] {dag.py:2941} INFO - Sync 1 DAGs
[2025-10-28T22:31:36.125+0000] {logging_mixin.py:154} INFO - [2025-10-28T22:31:36.125+0000] {dag.py:3722} INFO - Setting next_dagrun for sodai_drinks_production_pipeline to 2025-10-26T00:00:00+00:00, run_after=2025-11-02T00:00:00+00:00
[2025-10-28T22:31:36.170+0000] {processor.py:179} INFO - Processing /opt/airflow/dags/pipeline_productivo.py took 3.572 seconds
[2025-10-28T22:32:06.340+0000] {processor.py:157} INFO - Started process (PID=3817) to work on /opt/airflow/dags/pipeline_productivo.py
[2025-10-28T22:32:06.343+0000] {processor.py:829} INFO - Processing file /opt/airflow/dags/pipeline_productivo.py for tasks to queue
[2025-10-28T22:32:06.344+0000] {logging_mixin.py:154} INFO - [2025-10-28T22:32:06.343+0000] {dagbag.py:536} INFO - Filling up the DagBag from /opt/airflow/dags/pipeline_productivo.py
[2025-10-28T22:32:07.580+0000] {logging_mixin.py:154} WARNING - /home/airflow/.local/lib/python3.10/site-packages/pydantic/_internal/_fields.py:128 UserWarning: Field "model_server_url" has conflict with protected namespace "model_".

You may be able to resolve this warning by setting `model_config['protected_namespaces'] = ()`.
[2025-10-28T22:32:07.990+0000] {logging_mixin.py:154} WARNING - /home/airflow/.local/lib/python3.10/site-packages/airflow/models/baseoperator.py:437 RemovedInAirflow3Warning: provide_context is deprecated as of 2.0 and is no longer required
[2025-10-28T22:32:07.994+0000] {processor.py:839} INFO - DAG(s) dict_keys(['sodai_drinks_production_pipeline']) retrieved from /opt/airflow/dags/pipeline_productivo.py
[2025-10-28T22:32:08.021+0000] {logging_mixin.py:154} INFO - [2025-10-28T22:32:08.020+0000] {dag.py:2941} INFO - Sync 1 DAGs
[2025-10-28T22:32:08.036+0000] {logging_mixin.py:154} INFO - [2025-10-28T22:32:08.036+0000] {dag.py:3722} INFO - Setting next_dagrun for sodai_drinks_production_pipeline to 2025-10-26T00:00:00+00:00, run_after=2025-11-02T00:00:00+00:00
[2025-10-28T22:32:08.045+0000] {processor.py:179} INFO - Processing /opt/airflow/dags/pipeline_productivo.py took 1.720 seconds
[2025-10-28T22:32:38.698+0000] {processor.py:157} INFO - Started process (PID=3872) to work on /opt/airflow/dags/pipeline_productivo.py
[2025-10-28T22:32:38.705+0000] {processor.py:829} INFO - Processing file /opt/airflow/dags/pipeline_productivo.py for tasks to queue
[2025-10-28T22:32:38.706+0000] {logging_mixin.py:154} INFO - [2025-10-28T22:32:38.706+0000] {dagbag.py:536} INFO - Filling up the DagBag from /opt/airflow/dags/pipeline_productivo.py
[2025-10-28T22:32:41.181+0000] {logging_mixin.py:154} WARNING - /home/airflow/.local/lib/python3.10/site-packages/pydantic/_internal/_fields.py:128 UserWarning: Field "model_server_url" has conflict with protected namespace "model_".

You may be able to resolve this warning by setting `model_config['protected_namespaces'] = ()`.
[2025-10-28T22:32:41.598+0000] {logging_mixin.py:154} WARNING - /home/airflow/.local/lib/python3.10/site-packages/airflow/models/baseoperator.py:437 RemovedInAirflow3Warning: provide_context is deprecated as of 2.0 and is no longer required
[2025-10-28T22:32:41.602+0000] {processor.py:839} INFO - DAG(s) dict_keys(['sodai_drinks_production_pipeline']) retrieved from /opt/airflow/dags/pipeline_productivo.py
[2025-10-28T22:32:41.616+0000] {logging_mixin.py:154} INFO - [2025-10-28T22:32:41.616+0000] {dag.py:2941} INFO - Sync 1 DAGs
[2025-10-28T22:32:41.627+0000] {logging_mixin.py:154} INFO - [2025-10-28T22:32:41.627+0000] {dag.py:3722} INFO - Setting next_dagrun for sodai_drinks_production_pipeline to 2025-10-26T00:00:00+00:00, run_after=2025-11-02T00:00:00+00:00
[2025-10-28T22:32:41.636+0000] {processor.py:179} INFO - Processing /opt/airflow/dags/pipeline_productivo.py took 2.947 seconds
[2025-10-28T22:33:11.814+0000] {processor.py:157} INFO - Started process (PID=3920) to work on /opt/airflow/dags/pipeline_productivo.py
[2025-10-28T22:33:11.818+0000] {processor.py:829} INFO - Processing file /opt/airflow/dags/pipeline_productivo.py for tasks to queue
[2025-10-28T22:33:11.819+0000] {logging_mixin.py:154} INFO - [2025-10-28T22:33:11.819+0000] {dagbag.py:536} INFO - Filling up the DagBag from /opt/airflow/dags/pipeline_productivo.py
[2025-10-28T22:33:13.886+0000] {logging_mixin.py:154} WARNING - /home/airflow/.local/lib/python3.10/site-packages/pydantic/_internal/_fields.py:128 UserWarning: Field "model_server_url" has conflict with protected namespace "model_".

You may be able to resolve this warning by setting `model_config['protected_namespaces'] = ()`.
[2025-10-28T22:33:14.418+0000] {logging_mixin.py:154} WARNING - /home/airflow/.local/lib/python3.10/site-packages/airflow/models/baseoperator.py:437 RemovedInAirflow3Warning: provide_context is deprecated as of 2.0 and is no longer required
[2025-10-28T22:33:14.425+0000] {processor.py:839} INFO - DAG(s) dict_keys(['sodai_drinks_production_pipeline']) retrieved from /opt/airflow/dags/pipeline_productivo.py
[2025-10-28T22:33:14.472+0000] {logging_mixin.py:154} INFO - [2025-10-28T22:33:14.471+0000] {dag.py:2941} INFO - Sync 1 DAGs
[2025-10-28T22:33:14.490+0000] {logging_mixin.py:154} INFO - [2025-10-28T22:33:14.490+0000] {dag.py:3722} INFO - Setting next_dagrun for sodai_drinks_production_pipeline to 2025-10-26T00:00:00+00:00, run_after=2025-11-02T00:00:00+00:00
[2025-10-28T22:33:14.505+0000] {processor.py:179} INFO - Processing /opt/airflow/dags/pipeline_productivo.py took 2.708 seconds
[2025-10-28T22:33:44.648+0000] {processor.py:157} INFO - Started process (PID=3975) to work on /opt/airflow/dags/pipeline_productivo.py
[2025-10-28T22:33:44.651+0000] {processor.py:829} INFO - Processing file /opt/airflow/dags/pipeline_productivo.py for tasks to queue
[2025-10-28T22:33:44.653+0000] {logging_mixin.py:154} INFO - [2025-10-28T22:33:44.652+0000] {dagbag.py:536} INFO - Filling up the DagBag from /opt/airflow/dags/pipeline_productivo.py
[2025-10-28T22:33:45.683+0000] {logging_mixin.py:154} WARNING - /home/airflow/.local/lib/python3.10/site-packages/pydantic/_internal/_fields.py:128 UserWarning: Field "model_server_url" has conflict with protected namespace "model_".

You may be able to resolve this warning by setting `model_config['protected_namespaces'] = ()`.
[2025-10-28T22:33:46.034+0000] {logging_mixin.py:154} WARNING - /home/airflow/.local/lib/python3.10/site-packages/airflow/models/baseoperator.py:437 RemovedInAirflow3Warning: provide_context is deprecated as of 2.0 and is no longer required
[2025-10-28T22:33:46.037+0000] {processor.py:839} INFO - DAG(s) dict_keys(['sodai_drinks_production_pipeline']) retrieved from /opt/airflow/dags/pipeline_productivo.py
[2025-10-28T22:33:46.065+0000] {logging_mixin.py:154} INFO - [2025-10-28T22:33:46.065+0000] {dag.py:2941} INFO - Sync 1 DAGs
[2025-10-28T22:33:46.077+0000] {logging_mixin.py:154} INFO - [2025-10-28T22:33:46.077+0000] {dag.py:3722} INFO - Setting next_dagrun for sodai_drinks_production_pipeline to 2025-10-26T00:00:00+00:00, run_after=2025-11-02T00:00:00+00:00
[2025-10-28T22:33:46.089+0000] {processor.py:179} INFO - Processing /opt/airflow/dags/pipeline_productivo.py took 1.457 seconds
[2025-10-28T22:34:16.741+0000] {processor.py:157} INFO - Started process (PID=4030) to work on /opt/airflow/dags/pipeline_productivo.py
[2025-10-28T22:34:16.744+0000] {processor.py:829} INFO - Processing file /opt/airflow/dags/pipeline_productivo.py for tasks to queue
[2025-10-28T22:34:16.747+0000] {logging_mixin.py:154} INFO - [2025-10-28T22:34:16.746+0000] {dagbag.py:536} INFO - Filling up the DagBag from /opt/airflow/dags/pipeline_productivo.py
[2025-10-28T22:34:17.884+0000] {logging_mixin.py:154} WARNING - /home/airflow/.local/lib/python3.10/site-packages/pydantic/_internal/_fields.py:128 UserWarning: Field "model_server_url" has conflict with protected namespace "model_".

You may be able to resolve this warning by setting `model_config['protected_namespaces'] = ()`.
[2025-10-28T22:34:18.638+0000] {logging_mixin.py:154} WARNING - /home/airflow/.local/lib/python3.10/site-packages/airflow/models/baseoperator.py:437 RemovedInAirflow3Warning: provide_context is deprecated as of 2.0 and is no longer required
[2025-10-28T22:34:18.648+0000] {processor.py:839} INFO - DAG(s) dict_keys(['sodai_drinks_production_pipeline']) retrieved from /opt/airflow/dags/pipeline_productivo.py
[2025-10-28T22:34:18.707+0000] {logging_mixin.py:154} INFO - [2025-10-28T22:34:18.706+0000] {dag.py:2941} INFO - Sync 1 DAGs
[2025-10-28T22:34:18.734+0000] {logging_mixin.py:154} INFO - [2025-10-28T22:34:18.733+0000] {dag.py:3722} INFO - Setting next_dagrun for sodai_drinks_production_pipeline to 2025-10-26T00:00:00+00:00, run_after=2025-11-02T00:00:00+00:00
[2025-10-28T22:34:18.748+0000] {processor.py:179} INFO - Processing /opt/airflow/dags/pipeline_productivo.py took 2.026 seconds
[2025-10-28T22:34:49.384+0000] {processor.py:157} INFO - Started process (PID=4085) to work on /opt/airflow/dags/pipeline_productivo.py
[2025-10-28T22:34:49.385+0000] {processor.py:829} INFO - Processing file /opt/airflow/dags/pipeline_productivo.py for tasks to queue
[2025-10-28T22:34:49.386+0000] {logging_mixin.py:154} INFO - [2025-10-28T22:34:49.386+0000] {dagbag.py:536} INFO - Filling up the DagBag from /opt/airflow/dags/pipeline_productivo.py
[2025-10-28T22:34:50.289+0000] {logging_mixin.py:154} WARNING - /home/airflow/.local/lib/python3.10/site-packages/pydantic/_internal/_fields.py:128 UserWarning: Field "model_server_url" has conflict with protected namespace "model_".

You may be able to resolve this warning by setting `model_config['protected_namespaces'] = ()`.
[2025-10-28T22:34:50.626+0000] {logging_mixin.py:154} WARNING - /home/airflow/.local/lib/python3.10/site-packages/airflow/models/baseoperator.py:437 RemovedInAirflow3Warning: provide_context is deprecated as of 2.0 and is no longer required
[2025-10-28T22:34:50.629+0000] {processor.py:839} INFO - DAG(s) dict_keys(['sodai_drinks_production_pipeline']) retrieved from /opt/airflow/dags/pipeline_productivo.py
[2025-10-28T22:34:50.645+0000] {logging_mixin.py:154} INFO - [2025-10-28T22:34:50.645+0000] {dag.py:2941} INFO - Sync 1 DAGs
[2025-10-28T22:34:50.659+0000] {logging_mixin.py:154} INFO - [2025-10-28T22:34:50.659+0000] {dag.py:3722} INFO - Setting next_dagrun for sodai_drinks_production_pipeline to 2025-10-26T00:00:00+00:00, run_after=2025-11-02T00:00:00+00:00
[2025-10-28T22:34:50.668+0000] {processor.py:179} INFO - Processing /opt/airflow/dags/pipeline_productivo.py took 1.288 seconds
[2025-10-28T22:35:21.319+0000] {processor.py:157} INFO - Started process (PID=4135) to work on /opt/airflow/dags/pipeline_productivo.py
[2025-10-28T22:35:21.324+0000] {processor.py:829} INFO - Processing file /opt/airflow/dags/pipeline_productivo.py for tasks to queue
[2025-10-28T22:35:21.325+0000] {logging_mixin.py:154} INFO - [2025-10-28T22:35:21.325+0000] {dagbag.py:536} INFO - Filling up the DagBag from /opt/airflow/dags/pipeline_productivo.py
[2025-10-28T22:35:29.602+0000] {processor.py:157} INFO - Started process (PID=162) to work on /opt/airflow/dags/pipeline_productivo.py
[2025-10-28T22:35:29.609+0000] {processor.py:829} INFO - Processing file /opt/airflow/dags/pipeline_productivo.py for tasks to queue
[2025-10-28T22:35:29.613+0000] {logging_mixin.py:154} INFO - [2025-10-28T22:35:29.612+0000] {dagbag.py:536} INFO - Filling up the DagBag from /opt/airflow/dags/pipeline_productivo.py
[2025-10-28T22:35:31.553+0000] {logging_mixin.py:154} WARNING - /home/airflow/.local/lib/python3.10/site-packages/pydantic/_internal/_fields.py:128 UserWarning: Field "model_server_url" has conflict with protected namespace "model_".

You may be able to resolve this warning by setting `model_config['protected_namespaces'] = ()`.
[2025-10-28T22:35:32.466+0000] {logging_mixin.py:154} WARNING - /home/airflow/.local/lib/python3.10/site-packages/airflow/models/baseoperator.py:437 RemovedInAirflow3Warning: provide_context is deprecated as of 2.0 and is no longer required
[2025-10-28T22:35:32.477+0000] {processor.py:839} INFO - DAG(s) dict_keys(['sodai_drinks_production_pipeline']) retrieved from /opt/airflow/dags/pipeline_productivo.py
[2025-10-28T22:35:32.591+0000] {logging_mixin.py:154} INFO - [2025-10-28T22:35:32.591+0000] {dag.py:2941} INFO - Sync 1 DAGs
[2025-10-28T22:35:32.621+0000] {logging_mixin.py:154} INFO - [2025-10-28T22:35:32.621+0000] {dag.py:3722} INFO - Setting next_dagrun for sodai_drinks_production_pipeline to 2025-10-26T00:00:00+00:00, run_after=2025-11-02T00:00:00+00:00
[2025-10-28T22:35:32.633+0000] {processor.py:179} INFO - Processing /opt/airflow/dags/pipeline_productivo.py took 3.039 seconds
[2025-10-28T22:36:03.964+0000] {processor.py:157} INFO - Started process (PID=326) to work on /opt/airflow/dags/pipeline_productivo.py
[2025-10-28T22:36:03.969+0000] {processor.py:829} INFO - Processing file /opt/airflow/dags/pipeline_productivo.py for tasks to queue
[2025-10-28T22:36:03.986+0000] {logging_mixin.py:154} INFO - [2025-10-28T22:36:03.984+0000] {dagbag.py:536} INFO - Filling up the DagBag from /opt/airflow/dags/pipeline_productivo.py
[2025-10-28T22:36:07.986+0000] {logging_mixin.py:154} WARNING - /home/airflow/.local/lib/python3.10/site-packages/pydantic/_internal/_fields.py:128 UserWarning: Field "model_server_url" has conflict with protected namespace "model_".

You may be able to resolve this warning by setting `model_config['protected_namespaces'] = ()`.
[2025-10-28T22:36:09.492+0000] {logging_mixin.py:154} WARNING - /home/airflow/.local/lib/python3.10/site-packages/airflow/models/baseoperator.py:437 RemovedInAirflow3Warning: provide_context is deprecated as of 2.0 and is no longer required
[2025-10-28T22:36:09.567+0000] {processor.py:839} INFO - DAG(s) dict_keys(['sodai_drinks_production_pipeline']) retrieved from /opt/airflow/dags/pipeline_productivo.py
[2025-10-28T22:36:09.618+0000] {logging_mixin.py:154} INFO - [2025-10-28T22:36:09.617+0000] {dag.py:2941} INFO - Sync 1 DAGs
[2025-10-28T22:36:09.641+0000] {logging_mixin.py:154} INFO - [2025-10-28T22:36:09.641+0000] {dag.py:3722} INFO - Setting next_dagrun for sodai_drinks_production_pipeline to 2025-10-26T00:00:00+00:00, run_after=2025-11-02T00:00:00+00:00
[2025-10-28T22:36:09.657+0000] {processor.py:179} INFO - Processing /opt/airflow/dags/pipeline_productivo.py took 5.722 seconds
[2025-10-28T22:36:09.771+0000] {processor.py:157} INFO - Started process (PID=358) to work on /opt/airflow/dags/pipeline_productivo.py
[2025-10-28T22:36:09.774+0000] {processor.py:829} INFO - Processing file /opt/airflow/dags/pipeline_productivo.py for tasks to queue
[2025-10-28T22:36:09.775+0000] {logging_mixin.py:154} INFO - [2025-10-28T22:36:09.774+0000] {dagbag.py:536} INFO - Filling up the DagBag from /opt/airflow/dags/pipeline_productivo.py
[2025-10-28T22:36:10.804+0000] {logging_mixin.py:154} WARNING - /home/airflow/.local/lib/python3.10/site-packages/pydantic/_internal/_fields.py:128 UserWarning: Field "model_server_url" has conflict with protected namespace "model_".

You may be able to resolve this warning by setting `model_config['protected_namespaces'] = ()`.
[2025-10-28T22:36:11.452+0000] {logging_mixin.py:154} WARNING - /home/airflow/.local/lib/python3.10/site-packages/airflow/models/baseoperator.py:437 RemovedInAirflow3Warning: provide_context is deprecated as of 2.0 and is no longer required
[2025-10-28T22:36:11.459+0000] {processor.py:839} INFO - DAG(s) dict_keys(['sodai_drinks_production_pipeline']) retrieved from /opt/airflow/dags/pipeline_productivo.py
[2025-10-28T22:36:11.477+0000] {logging_mixin.py:154} INFO - [2025-10-28T22:36:11.477+0000] {taskinstance.py:1939} ERROR - {'DAG Id': 'sodai_drinks_production_pipeline', 'Task Id': 'preprocess_data', 'Run Id': 'manual__2025-10-28T22:25:33.221789+00:00', 'Hostname': 'ee70ee0df05e'}
[2025-10-28T22:36:11.485+0000] {logging_mixin.py:154} INFO - [2025-10-28T22:36:11.485+0000] {taskinstance.py:1400} INFO - Marking task as UP_FOR_RETRY. dag_id=sodai_drinks_production_pipeline, task_id=preprocess_data, execution_date=20251028T222533, start_date=20251028T223544, end_date=20251028T223611
[2025-10-28T22:36:11.491+0000] {processor.py:790} INFO - Executed failure callback for <TaskInstance: sodai_drinks_production_pipeline.preprocess_data manual__2025-10-28T22:25:33.221789+00:00 [up_for_retry]> in state up_for_retry
[2025-10-28T22:36:11.511+0000] {logging_mixin.py:154} INFO - [2025-10-28T22:36:11.511+0000] {dag.py:2941} INFO - Sync 1 DAGs
[2025-10-28T22:36:11.528+0000] {logging_mixin.py:154} INFO - [2025-10-28T22:36:11.528+0000] {dag.py:3722} INFO - Setting next_dagrun for sodai_drinks_production_pipeline to 2025-10-26T00:00:00+00:00, run_after=2025-11-02T00:00:00+00:00
[2025-10-28T22:36:11.542+0000] {processor.py:179} INFO - Processing /opt/airflow/dags/pipeline_productivo.py took 1.782 seconds
[2025-10-28T22:36:41.768+0000] {processor.py:157} INFO - Started process (PID=453) to work on /opt/airflow/dags/pipeline_productivo.py
[2025-10-28T22:36:41.770+0000] {processor.py:829} INFO - Processing file /opt/airflow/dags/pipeline_productivo.py for tasks to queue
[2025-10-28T22:36:41.772+0000] {logging_mixin.py:154} INFO - [2025-10-28T22:36:41.771+0000] {dagbag.py:536} INFO - Filling up the DagBag from /opt/airflow/dags/pipeline_productivo.py
[2025-10-28T22:36:42.896+0000] {logging_mixin.py:154} WARNING - /home/airflow/.local/lib/python3.10/site-packages/pydantic/_internal/_fields.py:128 UserWarning: Field "model_server_url" has conflict with protected namespace "model_".

You may be able to resolve this warning by setting `model_config['protected_namespaces'] = ()`.
[2025-10-28T22:36:43.390+0000] {logging_mixin.py:154} WARNING - /home/airflow/.local/lib/python3.10/site-packages/airflow/models/baseoperator.py:437 RemovedInAirflow3Warning: provide_context is deprecated as of 2.0 and is no longer required
[2025-10-28T22:36:43.396+0000] {processor.py:839} INFO - DAG(s) dict_keys(['sodai_drinks_production_pipeline']) retrieved from /opt/airflow/dags/pipeline_productivo.py
[2025-10-28T22:36:43.421+0000] {logging_mixin.py:154} INFO - [2025-10-28T22:36:43.420+0000] {dag.py:2941} INFO - Sync 1 DAGs
[2025-10-28T22:36:43.436+0000] {logging_mixin.py:154} INFO - [2025-10-28T22:36:43.436+0000] {dag.py:3722} INFO - Setting next_dagrun for sodai_drinks_production_pipeline to 2025-10-26T00:00:00+00:00, run_after=2025-11-02T00:00:00+00:00
[2025-10-28T22:36:43.451+0000] {processor.py:179} INFO - Processing /opt/airflow/dags/pipeline_productivo.py took 1.699 seconds
[2025-10-28T22:37:14.012+0000] {processor.py:157} INFO - Started process (PID=508) to work on /opt/airflow/dags/pipeline_productivo.py
[2025-10-28T22:37:14.015+0000] {processor.py:829} INFO - Processing file /opt/airflow/dags/pipeline_productivo.py for tasks to queue
[2025-10-28T22:37:14.017+0000] {logging_mixin.py:154} INFO - [2025-10-28T22:37:14.016+0000] {dagbag.py:536} INFO - Filling up the DagBag from /opt/airflow/dags/pipeline_productivo.py
[2025-10-28T22:37:15.185+0000] {logging_mixin.py:154} WARNING - /home/airflow/.local/lib/python3.10/site-packages/pydantic/_internal/_fields.py:128 UserWarning: Field "model_server_url" has conflict with protected namespace "model_".

You may be able to resolve this warning by setting `model_config['protected_namespaces'] = ()`.
[2025-10-28T22:37:15.731+0000] {logging_mixin.py:154} WARNING - /home/airflow/.local/lib/python3.10/site-packages/airflow/models/baseoperator.py:437 RemovedInAirflow3Warning: provide_context is deprecated as of 2.0 and is no longer required
[2025-10-28T22:37:15.735+0000] {processor.py:839} INFO - DAG(s) dict_keys(['sodai_drinks_production_pipeline']) retrieved from /opt/airflow/dags/pipeline_productivo.py
[2025-10-28T22:37:15.766+0000] {logging_mixin.py:154} INFO - [2025-10-28T22:37:15.766+0000] {dag.py:2941} INFO - Sync 1 DAGs
[2025-10-28T22:37:15.782+0000] {logging_mixin.py:154} INFO - [2025-10-28T22:37:15.782+0000] {dag.py:3722} INFO - Setting next_dagrun for sodai_drinks_production_pipeline to 2025-10-26T00:00:00+00:00, run_after=2025-11-02T00:00:00+00:00
[2025-10-28T22:37:15.794+0000] {processor.py:179} INFO - Processing /opt/airflow/dags/pipeline_productivo.py took 1.792 seconds
[2025-10-28T22:37:46.362+0000] {processor.py:157} INFO - Started process (PID=563) to work on /opt/airflow/dags/pipeline_productivo.py
[2025-10-28T22:37:46.365+0000] {processor.py:829} INFO - Processing file /opt/airflow/dags/pipeline_productivo.py for tasks to queue
[2025-10-28T22:37:46.366+0000] {logging_mixin.py:154} INFO - [2025-10-28T22:37:46.365+0000] {dagbag.py:536} INFO - Filling up the DagBag from /opt/airflow/dags/pipeline_productivo.py
[2025-10-28T22:37:47.484+0000] {logging_mixin.py:154} WARNING - /home/airflow/.local/lib/python3.10/site-packages/pydantic/_internal/_fields.py:128 UserWarning: Field "model_server_url" has conflict with protected namespace "model_".

You may be able to resolve this warning by setting `model_config['protected_namespaces'] = ()`.
[2025-10-28T22:37:47.967+0000] {logging_mixin.py:154} WARNING - /home/airflow/.local/lib/python3.10/site-packages/airflow/models/baseoperator.py:437 RemovedInAirflow3Warning: provide_context is deprecated as of 2.0 and is no longer required
[2025-10-28T22:37:47.971+0000] {processor.py:839} INFO - DAG(s) dict_keys(['sodai_drinks_production_pipeline']) retrieved from /opt/airflow/dags/pipeline_productivo.py
[2025-10-28T22:37:48.016+0000] {logging_mixin.py:154} INFO - [2025-10-28T22:37:48.016+0000] {dag.py:2941} INFO - Sync 1 DAGs
[2025-10-28T22:37:48.035+0000] {logging_mixin.py:154} INFO - [2025-10-28T22:37:48.035+0000] {dag.py:3722} INFO - Setting next_dagrun for sodai_drinks_production_pipeline to 2025-10-26T00:00:00+00:00, run_after=2025-11-02T00:00:00+00:00
[2025-10-28T22:37:48.050+0000] {processor.py:179} INFO - Processing /opt/airflow/dags/pipeline_productivo.py took 1.698 seconds
[2025-10-28T22:38:18.629+0000] {processor.py:157} INFO - Started process (PID=618) to work on /opt/airflow/dags/pipeline_productivo.py
[2025-10-28T22:38:18.632+0000] {processor.py:829} INFO - Processing file /opt/airflow/dags/pipeline_productivo.py for tasks to queue
[2025-10-28T22:38:18.634+0000] {logging_mixin.py:154} INFO - [2025-10-28T22:38:18.633+0000] {dagbag.py:536} INFO - Filling up the DagBag from /opt/airflow/dags/pipeline_productivo.py
[2025-10-28T22:38:19.539+0000] {logging_mixin.py:154} WARNING - /home/airflow/.local/lib/python3.10/site-packages/pydantic/_internal/_fields.py:128 UserWarning: Field "model_server_url" has conflict with protected namespace "model_".

You may be able to resolve this warning by setting `model_config['protected_namespaces'] = ()`.
[2025-10-28T22:38:20.234+0000] {logging_mixin.py:154} WARNING - /home/airflow/.local/lib/python3.10/site-packages/airflow/models/baseoperator.py:437 RemovedInAirflow3Warning: provide_context is deprecated as of 2.0 and is no longer required
[2025-10-28T22:38:20.240+0000] {processor.py:839} INFO - DAG(s) dict_keys(['sodai_drinks_production_pipeline']) retrieved from /opt/airflow/dags/pipeline_productivo.py
[2025-10-28T22:38:20.277+0000] {logging_mixin.py:154} INFO - [2025-10-28T22:38:20.277+0000] {dag.py:2941} INFO - Sync 1 DAGs
[2025-10-28T22:38:20.303+0000] {logging_mixin.py:154} INFO - [2025-10-28T22:38:20.303+0000] {dag.py:3722} INFO - Setting next_dagrun for sodai_drinks_production_pipeline to 2025-10-26T00:00:00+00:00, run_after=2025-11-02T00:00:00+00:00
[2025-10-28T22:38:20.316+0000] {processor.py:179} INFO - Processing /opt/airflow/dags/pipeline_productivo.py took 1.704 seconds
[2025-10-28T22:38:50.983+0000] {processor.py:157} INFO - Started process (PID=673) to work on /opt/airflow/dags/pipeline_productivo.py
[2025-10-28T22:38:50.985+0000] {processor.py:829} INFO - Processing file /opt/airflow/dags/pipeline_productivo.py for tasks to queue
[2025-10-28T22:38:50.986+0000] {logging_mixin.py:154} INFO - [2025-10-28T22:38:50.985+0000] {dagbag.py:536} INFO - Filling up the DagBag from /opt/airflow/dags/pipeline_productivo.py
[2025-10-28T22:38:51.826+0000] {logging_mixin.py:154} WARNING - /home/airflow/.local/lib/python3.10/site-packages/pydantic/_internal/_fields.py:128 UserWarning: Field "model_server_url" has conflict with protected namespace "model_".

You may be able to resolve this warning by setting `model_config['protected_namespaces'] = ()`.
[2025-10-28T22:38:52.210+0000] {logging_mixin.py:154} WARNING - /home/airflow/.local/lib/python3.10/site-packages/airflow/models/baseoperator.py:437 RemovedInAirflow3Warning: provide_context is deprecated as of 2.0 and is no longer required
[2025-10-28T22:38:52.213+0000] {processor.py:839} INFO - DAG(s) dict_keys(['sodai_drinks_production_pipeline']) retrieved from /opt/airflow/dags/pipeline_productivo.py
[2025-10-28T22:38:52.227+0000] {logging_mixin.py:154} INFO - [2025-10-28T22:38:52.226+0000] {dag.py:2941} INFO - Sync 1 DAGs
[2025-10-28T22:38:52.237+0000] {logging_mixin.py:154} INFO - [2025-10-28T22:38:52.237+0000] {dag.py:3722} INFO - Setting next_dagrun for sodai_drinks_production_pipeline to 2025-10-26T00:00:00+00:00, run_after=2025-11-02T00:00:00+00:00
[2025-10-28T22:38:52.245+0000] {processor.py:179} INFO - Processing /opt/airflow/dags/pipeline_productivo.py took 1.268 seconds
[2025-10-28T22:39:22.741+0000] {processor.py:157} INFO - Started process (PID=721) to work on /opt/airflow/dags/pipeline_productivo.py
[2025-10-28T22:39:22.743+0000] {processor.py:829} INFO - Processing file /opt/airflow/dags/pipeline_productivo.py for tasks to queue
[2025-10-28T22:39:22.744+0000] {logging_mixin.py:154} INFO - [2025-10-28T22:39:22.744+0000] {dagbag.py:536} INFO - Filling up the DagBag from /opt/airflow/dags/pipeline_productivo.py
[2025-10-28T22:39:23.715+0000] {logging_mixin.py:154} WARNING - /home/airflow/.local/lib/python3.10/site-packages/pydantic/_internal/_fields.py:128 UserWarning: Field "model_server_url" has conflict with protected namespace "model_".

You may be able to resolve this warning by setting `model_config['protected_namespaces'] = ()`.
[2025-10-28T22:39:24.290+0000] {logging_mixin.py:154} WARNING - /home/airflow/.local/lib/python3.10/site-packages/airflow/models/baseoperator.py:437 RemovedInAirflow3Warning: provide_context is deprecated as of 2.0 and is no longer required
[2025-10-28T22:39:24.293+0000] {processor.py:839} INFO - DAG(s) dict_keys(['sodai_drinks_production_pipeline']) retrieved from /opt/airflow/dags/pipeline_productivo.py
[2025-10-28T22:39:24.312+0000] {logging_mixin.py:154} INFO - [2025-10-28T22:39:24.312+0000] {dag.py:2941} INFO - Sync 1 DAGs
[2025-10-28T22:39:24.326+0000] {logging_mixin.py:154} INFO - [2025-10-28T22:39:24.326+0000] {dag.py:3722} INFO - Setting next_dagrun for sodai_drinks_production_pipeline to 2025-10-26T00:00:00+00:00, run_after=2025-11-02T00:00:00+00:00
[2025-10-28T22:39:24.336+0000] {processor.py:179} INFO - Processing /opt/airflow/dags/pipeline_productivo.py took 1.602 seconds
[2025-10-28T22:39:55.076+0000] {processor.py:157} INFO - Started process (PID=776) to work on /opt/airflow/dags/pipeline_productivo.py
[2025-10-28T22:39:55.083+0000] {processor.py:829} INFO - Processing file /opt/airflow/dags/pipeline_productivo.py for tasks to queue
[2025-10-28T22:39:55.085+0000] {logging_mixin.py:154} INFO - [2025-10-28T22:39:55.085+0000] {dagbag.py:536} INFO - Filling up the DagBag from /opt/airflow/dags/pipeline_productivo.py
[2025-10-28T22:39:56.061+0000] {logging_mixin.py:154} WARNING - /home/airflow/.local/lib/python3.10/site-packages/pydantic/_internal/_fields.py:128 UserWarning: Field "model_server_url" has conflict with protected namespace "model_".

You may be able to resolve this warning by setting `model_config['protected_namespaces'] = ()`.
[2025-10-28T22:39:56.460+0000] {logging_mixin.py:154} WARNING - /home/airflow/.local/lib/python3.10/site-packages/airflow/models/baseoperator.py:437 RemovedInAirflow3Warning: provide_context is deprecated as of 2.0 and is no longer required
[2025-10-28T22:39:56.465+0000] {processor.py:839} INFO - DAG(s) dict_keys(['sodai_drinks_production_pipeline']) retrieved from /opt/airflow/dags/pipeline_productivo.py
[2025-10-28T22:39:56.486+0000] {logging_mixin.py:154} INFO - [2025-10-28T22:39:56.486+0000] {dag.py:2941} INFO - Sync 1 DAGs
[2025-10-28T22:39:56.497+0000] {logging_mixin.py:154} INFO - [2025-10-28T22:39:56.497+0000] {dag.py:3722} INFO - Setting next_dagrun for sodai_drinks_production_pipeline to 2025-10-26T00:00:00+00:00, run_after=2025-11-02T00:00:00+00:00
[2025-10-28T22:39:56.505+0000] {processor.py:179} INFO - Processing /opt/airflow/dags/pipeline_productivo.py took 1.451 seconds
[2025-10-28T22:40:26.769+0000] {processor.py:157} INFO - Started process (PID=831) to work on /opt/airflow/dags/pipeline_productivo.py
[2025-10-28T22:40:26.770+0000] {processor.py:829} INFO - Processing file /opt/airflow/dags/pipeline_productivo.py for tasks to queue
[2025-10-28T22:40:26.771+0000] {logging_mixin.py:154} INFO - [2025-10-28T22:40:26.771+0000] {dagbag.py:536} INFO - Filling up the DagBag from /opt/airflow/dags/pipeline_productivo.py
[2025-10-28T22:40:27.663+0000] {logging_mixin.py:154} WARNING - /home/airflow/.local/lib/python3.10/site-packages/pydantic/_internal/_fields.py:128 UserWarning: Field "model_server_url" has conflict with protected namespace "model_".

You may be able to resolve this warning by setting `model_config['protected_namespaces'] = ()`.
[2025-10-28T22:40:28.075+0000] {logging_mixin.py:154} WARNING - /home/airflow/.local/lib/python3.10/site-packages/airflow/models/baseoperator.py:437 RemovedInAirflow3Warning: provide_context is deprecated as of 2.0 and is no longer required
[2025-10-28T22:40:28.077+0000] {processor.py:839} INFO - DAG(s) dict_keys(['sodai_drinks_production_pipeline']) retrieved from /opt/airflow/dags/pipeline_productivo.py
[2025-10-28T22:40:28.101+0000] {logging_mixin.py:154} INFO - [2025-10-28T22:40:28.101+0000] {dag.py:2941} INFO - Sync 1 DAGs
[2025-10-28T22:40:28.112+0000] {logging_mixin.py:154} INFO - [2025-10-28T22:40:28.112+0000] {dag.py:3722} INFO - Setting next_dagrun for sodai_drinks_production_pipeline to 2025-10-26T00:00:00+00:00, run_after=2025-11-02T00:00:00+00:00
[2025-10-28T22:40:28.120+0000] {processor.py:179} INFO - Processing /opt/airflow/dags/pipeline_productivo.py took 1.357 seconds
[2025-10-28T22:40:58.581+0000] {processor.py:157} INFO - Started process (PID=886) to work on /opt/airflow/dags/pipeline_productivo.py
[2025-10-28T22:40:58.584+0000] {processor.py:829} INFO - Processing file /opt/airflow/dags/pipeline_productivo.py for tasks to queue
[2025-10-28T22:40:58.585+0000] {logging_mixin.py:154} INFO - [2025-10-28T22:40:58.584+0000] {dagbag.py:536} INFO - Filling up the DagBag from /opt/airflow/dags/pipeline_productivo.py
[2025-10-28T22:40:59.420+0000] {logging_mixin.py:154} WARNING - /home/airflow/.local/lib/python3.10/site-packages/pydantic/_internal/_fields.py:128 UserWarning: Field "model_server_url" has conflict with protected namespace "model_".

You may be able to resolve this warning by setting `model_config['protected_namespaces'] = ()`.
[2025-10-28T22:40:59.861+0000] {logging_mixin.py:154} WARNING - /home/airflow/.local/lib/python3.10/site-packages/airflow/models/baseoperator.py:437 RemovedInAirflow3Warning: provide_context is deprecated as of 2.0 and is no longer required
[2025-10-28T22:40:59.864+0000] {processor.py:839} INFO - DAG(s) dict_keys(['sodai_drinks_production_pipeline']) retrieved from /opt/airflow/dags/pipeline_productivo.py
[2025-10-28T22:40:59.881+0000] {logging_mixin.py:154} INFO - [2025-10-28T22:40:59.881+0000] {dag.py:2941} INFO - Sync 1 DAGs
[2025-10-28T22:40:59.899+0000] {logging_mixin.py:154} INFO - [2025-10-28T22:40:59.899+0000] {dag.py:3722} INFO - Setting next_dagrun for sodai_drinks_production_pipeline to 2025-10-26T00:00:00+00:00, run_after=2025-11-02T00:00:00+00:00
[2025-10-28T22:40:59.909+0000] {processor.py:179} INFO - Processing /opt/airflow/dags/pipeline_productivo.py took 1.334 seconds
[2025-10-28T22:41:30.704+0000] {processor.py:157} INFO - Started process (PID=996) to work on /opt/airflow/dags/pipeline_productivo.py
[2025-10-28T22:41:30.707+0000] {processor.py:829} INFO - Processing file /opt/airflow/dags/pipeline_productivo.py for tasks to queue
[2025-10-28T22:41:30.709+0000] {logging_mixin.py:154} INFO - [2025-10-28T22:41:30.709+0000] {dagbag.py:536} INFO - Filling up the DagBag from /opt/airflow/dags/pipeline_productivo.py
[2025-10-28T22:41:32.003+0000] {logging_mixin.py:154} WARNING - /home/airflow/.local/lib/python3.10/site-packages/pydantic/_internal/_fields.py:128 UserWarning: Field "model_server_url" has conflict with protected namespace "model_".

You may be able to resolve this warning by setting `model_config['protected_namespaces'] = ()`.
[2025-10-28T22:41:32.761+0000] {logging_mixin.py:154} WARNING - /home/airflow/.local/lib/python3.10/site-packages/airflow/models/baseoperator.py:437 RemovedInAirflow3Warning: provide_context is deprecated as of 2.0 and is no longer required
[2025-10-28T22:41:32.767+0000] {processor.py:839} INFO - DAG(s) dict_keys(['sodai_drinks_production_pipeline']) retrieved from /opt/airflow/dags/pipeline_productivo.py
[2025-10-28T22:41:32.789+0000] {logging_mixin.py:154} INFO - [2025-10-28T22:41:32.789+0000] {dag.py:2941} INFO - Sync 1 DAGs
[2025-10-28T22:41:32.822+0000] {logging_mixin.py:154} INFO - [2025-10-28T22:41:32.821+0000] {dag.py:3722} INFO - Setting next_dagrun for sodai_drinks_production_pipeline to 2025-10-26T00:00:00+00:00, run_after=2025-11-02T00:00:00+00:00
[2025-10-28T22:41:32.864+0000] {processor.py:179} INFO - Processing /opt/airflow/dags/pipeline_productivo.py took 2.164 seconds
[2025-10-28T22:42:03.170+0000] {processor.py:157} INFO - Started process (PID=1097) to work on /opt/airflow/dags/pipeline_productivo.py
[2025-10-28T22:42:03.173+0000] {processor.py:829} INFO - Processing file /opt/airflow/dags/pipeline_productivo.py for tasks to queue
[2025-10-28T22:42:03.174+0000] {logging_mixin.py:154} INFO - [2025-10-28T22:42:03.174+0000] {dagbag.py:536} INFO - Filling up the DagBag from /opt/airflow/dags/pipeline_productivo.py
[2025-10-28T22:42:04.137+0000] {logging_mixin.py:154} WARNING - /home/airflow/.local/lib/python3.10/site-packages/pydantic/_internal/_fields.py:128 UserWarning: Field "model_server_url" has conflict with protected namespace "model_".

You may be able to resolve this warning by setting `model_config['protected_namespaces'] = ()`.
[2025-10-28T22:42:04.560+0000] {logging_mixin.py:154} WARNING - /home/airflow/.local/lib/python3.10/site-packages/airflow/models/baseoperator.py:437 RemovedInAirflow3Warning: provide_context is deprecated as of 2.0 and is no longer required
[2025-10-28T22:42:04.563+0000] {processor.py:839} INFO - DAG(s) dict_keys(['sodai_drinks_production_pipeline']) retrieved from /opt/airflow/dags/pipeline_productivo.py
[2025-10-28T22:42:04.581+0000] {logging_mixin.py:154} INFO - [2025-10-28T22:42:04.581+0000] {dag.py:2941} INFO - Sync 1 DAGs
[2025-10-28T22:42:04.591+0000] {logging_mixin.py:154} INFO - [2025-10-28T22:42:04.591+0000] {dag.py:3722} INFO - Setting next_dagrun for sodai_drinks_production_pipeline to 2025-10-26T00:00:00+00:00, run_after=2025-11-02T00:00:00+00:00
[2025-10-28T22:42:04.599+0000] {processor.py:179} INFO - Processing /opt/airflow/dags/pipeline_productivo.py took 1.441 seconds
[2025-10-28T22:42:34.822+0000] {processor.py:157} INFO - Started process (PID=1152) to work on /opt/airflow/dags/pipeline_productivo.py
[2025-10-28T22:42:34.824+0000] {processor.py:829} INFO - Processing file /opt/airflow/dags/pipeline_productivo.py for tasks to queue
[2025-10-28T22:42:34.825+0000] {logging_mixin.py:154} INFO - [2025-10-28T22:42:34.825+0000] {dagbag.py:536} INFO - Filling up the DagBag from /opt/airflow/dags/pipeline_productivo.py
[2025-10-28T22:42:36.313+0000] {logging_mixin.py:154} WARNING - /home/airflow/.local/lib/python3.10/site-packages/pydantic/_internal/_fields.py:128 UserWarning: Field "model_server_url" has conflict with protected namespace "model_".

You may be able to resolve this warning by setting `model_config['protected_namespaces'] = ()`.
[2025-10-28T22:42:36.839+0000] {logging_mixin.py:154} WARNING - /home/airflow/.local/lib/python3.10/site-packages/airflow/models/baseoperator.py:437 RemovedInAirflow3Warning: provide_context is deprecated as of 2.0 and is no longer required
[2025-10-28T22:42:36.842+0000] {processor.py:839} INFO - DAG(s) dict_keys(['sodai_drinks_production_pipeline']) retrieved from /opt/airflow/dags/pipeline_productivo.py
[2025-10-28T22:42:36.868+0000] {logging_mixin.py:154} INFO - [2025-10-28T22:42:36.868+0000] {dag.py:2941} INFO - Sync 1 DAGs
[2025-10-28T22:42:36.881+0000] {logging_mixin.py:154} INFO - [2025-10-28T22:42:36.881+0000] {dag.py:3722} INFO - Setting next_dagrun for sodai_drinks_production_pipeline to 2025-10-26T00:00:00+00:00, run_after=2025-11-02T00:00:00+00:00
[2025-10-28T22:42:36.897+0000] {processor.py:179} INFO - Processing /opt/airflow/dags/pipeline_productivo.py took 2.089 seconds
[2025-10-28T22:43:07.546+0000] {processor.py:157} INFO - Started process (PID=1207) to work on /opt/airflow/dags/pipeline_productivo.py
[2025-10-28T22:43:07.548+0000] {processor.py:829} INFO - Processing file /opt/airflow/dags/pipeline_productivo.py for tasks to queue
[2025-10-28T22:43:07.549+0000] {logging_mixin.py:154} INFO - [2025-10-28T22:43:07.549+0000] {dagbag.py:536} INFO - Filling up the DagBag from /opt/airflow/dags/pipeline_productivo.py
[2025-10-28T22:43:08.841+0000] {logging_mixin.py:154} WARNING - /home/airflow/.local/lib/python3.10/site-packages/pydantic/_internal/_fields.py:128 UserWarning: Field "model_server_url" has conflict with protected namespace "model_".

You may be able to resolve this warning by setting `model_config['protected_namespaces'] = ()`.
[2025-10-28T22:43:09.267+0000] {logging_mixin.py:154} WARNING - /home/airflow/.local/lib/python3.10/site-packages/airflow/models/baseoperator.py:437 RemovedInAirflow3Warning: provide_context is deprecated as of 2.0 and is no longer required
[2025-10-28T22:43:09.270+0000] {processor.py:839} INFO - DAG(s) dict_keys(['sodai_drinks_production_pipeline']) retrieved from /opt/airflow/dags/pipeline_productivo.py
[2025-10-28T22:43:09.288+0000] {logging_mixin.py:154} INFO - [2025-10-28T22:43:09.287+0000] {dag.py:2941} INFO - Sync 1 DAGs
[2025-10-28T22:43:09.299+0000] {logging_mixin.py:154} INFO - [2025-10-28T22:43:09.299+0000] {dag.py:3722} INFO - Setting next_dagrun for sodai_drinks_production_pipeline to 2025-10-26T00:00:00+00:00, run_after=2025-11-02T00:00:00+00:00
[2025-10-28T22:43:09.311+0000] {processor.py:179} INFO - Processing /opt/airflow/dags/pipeline_productivo.py took 1.777 seconds
[2025-10-28T22:43:39.886+0000] {processor.py:157} INFO - Started process (PID=1266) to work on /opt/airflow/dags/pipeline_productivo.py
[2025-10-28T22:43:39.889+0000] {processor.py:829} INFO - Processing file /opt/airflow/dags/pipeline_productivo.py for tasks to queue
[2025-10-28T22:43:39.889+0000] {logging_mixin.py:154} INFO - [2025-10-28T22:43:39.889+0000] {dagbag.py:536} INFO - Filling up the DagBag from /opt/airflow/dags/pipeline_productivo.py
[2025-10-28T22:43:41.280+0000] {logging_mixin.py:154} WARNING - /home/airflow/.local/lib/python3.10/site-packages/pydantic/_internal/_fields.py:128 UserWarning: Field "model_server_url" has conflict with protected namespace "model_".

You may be able to resolve this warning by setting `model_config['protected_namespaces'] = ()`.
[2025-10-28T22:43:41.958+0000] {logging_mixin.py:154} WARNING - /home/airflow/.local/lib/python3.10/site-packages/airflow/models/baseoperator.py:437 RemovedInAirflow3Warning: provide_context is deprecated as of 2.0 and is no longer required
[2025-10-28T22:43:41.963+0000] {processor.py:839} INFO - DAG(s) dict_keys(['sodai_drinks_production_pipeline']) retrieved from /opt/airflow/dags/pipeline_productivo.py
[2025-10-28T22:43:42.018+0000] {logging_mixin.py:154} INFO - [2025-10-28T22:43:42.018+0000] {dag.py:2941} INFO - Sync 1 DAGs
[2025-10-28T22:43:42.039+0000] {logging_mixin.py:154} INFO - [2025-10-28T22:43:42.039+0000] {dag.py:3722} INFO - Setting next_dagrun for sodai_drinks_production_pipeline to 2025-10-26T00:00:00+00:00, run_after=2025-11-02T00:00:00+00:00
[2025-10-28T22:43:42.051+0000] {processor.py:179} INFO - Processing /opt/airflow/dags/pipeline_productivo.py took 2.168 seconds
[2025-10-28T22:44:13.050+0000] {processor.py:157} INFO - Started process (PID=1319) to work on /opt/airflow/dags/pipeline_productivo.py
[2025-10-28T22:44:13.051+0000] {processor.py:829} INFO - Processing file /opt/airflow/dags/pipeline_productivo.py for tasks to queue
[2025-10-28T22:44:13.052+0000] {logging_mixin.py:154} INFO - [2025-10-28T22:44:13.051+0000] {dagbag.py:536} INFO - Filling up the DagBag from /opt/airflow/dags/pipeline_productivo.py
[2025-10-28T22:44:14.381+0000] {logging_mixin.py:154} WARNING - /home/airflow/.local/lib/python3.10/site-packages/pydantic/_internal/_fields.py:128 UserWarning: Field "model_server_url" has conflict with protected namespace "model_".

You may be able to resolve this warning by setting `model_config['protected_namespaces'] = ()`.
[2025-10-28T22:44:14.900+0000] {logging_mixin.py:154} WARNING - /home/airflow/.local/lib/python3.10/site-packages/airflow/models/baseoperator.py:437 RemovedInAirflow3Warning: provide_context is deprecated as of 2.0 and is no longer required
[2025-10-28T22:44:14.903+0000] {processor.py:839} INFO - DAG(s) dict_keys(['sodai_drinks_production_pipeline']) retrieved from /opt/airflow/dags/pipeline_productivo.py
[2025-10-28T22:44:14.923+0000] {logging_mixin.py:154} INFO - [2025-10-28T22:44:14.922+0000] {dag.py:2941} INFO - Sync 1 DAGs
[2025-10-28T22:44:14.934+0000] {logging_mixin.py:154} INFO - [2025-10-28T22:44:14.934+0000] {dag.py:3722} INFO - Setting next_dagrun for sodai_drinks_production_pipeline to 2025-10-26T00:00:00+00:00, run_after=2025-11-02T00:00:00+00:00
[2025-10-28T22:44:14.943+0000] {processor.py:179} INFO - Processing /opt/airflow/dags/pipeline_productivo.py took 1.895 seconds
[2025-10-28T22:44:45.836+0000] {processor.py:157} INFO - Started process (PID=1379) to work on /opt/airflow/dags/pipeline_productivo.py
[2025-10-28T22:44:45.837+0000] {processor.py:829} INFO - Processing file /opt/airflow/dags/pipeline_productivo.py for tasks to queue
[2025-10-28T22:44:45.838+0000] {logging_mixin.py:154} INFO - [2025-10-28T22:44:45.838+0000] {dagbag.py:536} INFO - Filling up the DagBag from /opt/airflow/dags/pipeline_productivo.py
[2025-10-28T22:44:46.872+0000] {logging_mixin.py:154} WARNING - /home/airflow/.local/lib/python3.10/site-packages/pydantic/_internal/_fields.py:128 UserWarning: Field "model_server_url" has conflict with protected namespace "model_".

You may be able to resolve this warning by setting `model_config['protected_namespaces'] = ()`.
[2025-10-28T22:44:47.310+0000] {logging_mixin.py:154} WARNING - /home/airflow/.local/lib/python3.10/site-packages/airflow/models/baseoperator.py:437 RemovedInAirflow3Warning: provide_context is deprecated as of 2.0 and is no longer required
[2025-10-28T22:44:47.313+0000] {processor.py:839} INFO - DAG(s) dict_keys(['sodai_drinks_production_pipeline']) retrieved from /opt/airflow/dags/pipeline_productivo.py
[2025-10-28T22:44:47.328+0000] {logging_mixin.py:154} INFO - [2025-10-28T22:44:47.328+0000] {dag.py:2941} INFO - Sync 1 DAGs
[2025-10-28T22:44:47.339+0000] {logging_mixin.py:154} INFO - [2025-10-28T22:44:47.339+0000] {dag.py:3722} INFO - Setting next_dagrun for sodai_drinks_production_pipeline to 2025-10-26T00:00:00+00:00, run_after=2025-11-02T00:00:00+00:00
[2025-10-28T22:44:47.347+0000] {processor.py:179} INFO - Processing /opt/airflow/dags/pipeline_productivo.py took 1.515 seconds
[2025-10-28T22:45:18.277+0000] {processor.py:157} INFO - Started process (PID=1434) to work on /opt/airflow/dags/pipeline_productivo.py
[2025-10-28T22:45:18.278+0000] {processor.py:829} INFO - Processing file /opt/airflow/dags/pipeline_productivo.py for tasks to queue
[2025-10-28T22:45:18.279+0000] {logging_mixin.py:154} INFO - [2025-10-28T22:45:18.279+0000] {dagbag.py:536} INFO - Filling up the DagBag from /opt/airflow/dags/pipeline_productivo.py
[2025-10-28T22:45:19.219+0000] {logging_mixin.py:154} WARNING - /home/airflow/.local/lib/python3.10/site-packages/pydantic/_internal/_fields.py:128 UserWarning: Field "model_server_url" has conflict with protected namespace "model_".

You may be able to resolve this warning by setting `model_config['protected_namespaces'] = ()`.
[2025-10-28T22:45:19.678+0000] {logging_mixin.py:154} WARNING - /home/airflow/.local/lib/python3.10/site-packages/airflow/models/baseoperator.py:437 RemovedInAirflow3Warning: provide_context is deprecated as of 2.0 and is no longer required
[2025-10-28T22:45:19.681+0000] {processor.py:839} INFO - DAG(s) dict_keys(['sodai_drinks_production_pipeline']) retrieved from /opt/airflow/dags/pipeline_productivo.py
[2025-10-28T22:45:19.707+0000] {logging_mixin.py:154} INFO - [2025-10-28T22:45:19.707+0000] {dag.py:2941} INFO - Sync 1 DAGs
[2025-10-28T22:45:19.724+0000] {logging_mixin.py:154} INFO - [2025-10-28T22:45:19.724+0000] {dag.py:3722} INFO - Setting next_dagrun for sodai_drinks_production_pipeline to 2025-10-26T00:00:00+00:00, run_after=2025-11-02T00:00:00+00:00
[2025-10-28T22:45:19.735+0000] {processor.py:179} INFO - Processing /opt/airflow/dags/pipeline_productivo.py took 1.463 seconds
[2025-10-28T22:45:50.202+0000] {processor.py:157} INFO - Started process (PID=1495) to work on /opt/airflow/dags/pipeline_productivo.py
[2025-10-28T22:45:50.204+0000] {processor.py:829} INFO - Processing file /opt/airflow/dags/pipeline_productivo.py for tasks to queue
[2025-10-28T22:45:50.206+0000] {logging_mixin.py:154} INFO - [2025-10-28T22:45:50.205+0000] {dagbag.py:536} INFO - Filling up the DagBag from /opt/airflow/dags/pipeline_productivo.py
[2025-10-28T22:45:51.441+0000] {logging_mixin.py:154} WARNING - /home/airflow/.local/lib/python3.10/site-packages/pydantic/_internal/_fields.py:128 UserWarning: Field "model_server_url" has conflict with protected namespace "model_".

You may be able to resolve this warning by setting `model_config['protected_namespaces'] = ()`.
[2025-10-28T22:45:52.338+0000] {logging_mixin.py:154} WARNING - /home/airflow/.local/lib/python3.10/site-packages/airflow/models/baseoperator.py:437 RemovedInAirflow3Warning: provide_context is deprecated as of 2.0 and is no longer required
[2025-10-28T22:45:52.342+0000] {processor.py:839} INFO - DAG(s) dict_keys(['sodai_drinks_production_pipeline']) retrieved from /opt/airflow/dags/pipeline_productivo.py
[2025-10-28T22:45:52.366+0000] {logging_mixin.py:154} INFO - [2025-10-28T22:45:52.365+0000] {dag.py:2941} INFO - Sync 1 DAGs
[2025-10-28T22:45:52.378+0000] {logging_mixin.py:154} INFO - [2025-10-28T22:45:52.377+0000] {dag.py:3722} INFO - Setting next_dagrun for sodai_drinks_production_pipeline to 2025-10-26T00:00:00+00:00, run_after=2025-11-02T00:00:00+00:00
[2025-10-28T22:45:52.392+0000] {processor.py:179} INFO - Processing /opt/airflow/dags/pipeline_productivo.py took 2.200 seconds
[2025-10-28T22:46:22.953+0000] {processor.py:157} INFO - Started process (PID=1550) to work on /opt/airflow/dags/pipeline_productivo.py
[2025-10-28T22:46:22.956+0000] {processor.py:829} INFO - Processing file /opt/airflow/dags/pipeline_productivo.py for tasks to queue
[2025-10-28T22:46:22.958+0000] {logging_mixin.py:154} INFO - [2025-10-28T22:46:22.957+0000] {dagbag.py:536} INFO - Filling up the DagBag from /opt/airflow/dags/pipeline_productivo.py
[2025-10-28T22:46:23.947+0000] {logging_mixin.py:154} WARNING - /home/airflow/.local/lib/python3.10/site-packages/pydantic/_internal/_fields.py:128 UserWarning: Field "model_server_url" has conflict with protected namespace "model_".

You may be able to resolve this warning by setting `model_config['protected_namespaces'] = ()`.
[2025-10-28T22:46:24.463+0000] {logging_mixin.py:154} WARNING - /home/airflow/.local/lib/python3.10/site-packages/airflow/models/baseoperator.py:437 RemovedInAirflow3Warning: provide_context is deprecated as of 2.0 and is no longer required
[2025-10-28T22:46:24.467+0000] {processor.py:839} INFO - DAG(s) dict_keys(['sodai_drinks_production_pipeline']) retrieved from /opt/airflow/dags/pipeline_productivo.py
[2025-10-28T22:46:24.501+0000] {logging_mixin.py:154} INFO - [2025-10-28T22:46:24.500+0000] {dag.py:2941} INFO - Sync 1 DAGs
[2025-10-28T22:46:24.516+0000] {logging_mixin.py:154} INFO - [2025-10-28T22:46:24.516+0000] {dag.py:3722} INFO - Setting next_dagrun for sodai_drinks_production_pipeline to 2025-10-26T00:00:00+00:00, run_after=2025-11-02T00:00:00+00:00
[2025-10-28T22:46:24.529+0000] {processor.py:179} INFO - Processing /opt/airflow/dags/pipeline_productivo.py took 1.586 seconds
[2025-10-28T22:46:54.976+0000] {processor.py:157} INFO - Started process (PID=1628) to work on /opt/airflow/dags/pipeline_productivo.py
[2025-10-28T22:46:54.977+0000] {processor.py:829} INFO - Processing file /opt/airflow/dags/pipeline_productivo.py for tasks to queue
[2025-10-28T22:46:54.978+0000] {logging_mixin.py:154} INFO - [2025-10-28T22:46:54.978+0000] {dagbag.py:536} INFO - Filling up the DagBag from /opt/airflow/dags/pipeline_productivo.py
[2025-10-28T22:46:55.840+0000] {logging_mixin.py:154} WARNING - /home/airflow/.local/lib/python3.10/site-packages/pydantic/_internal/_fields.py:128 UserWarning: Field "model_server_url" has conflict with protected namespace "model_".

You may be able to resolve this warning by setting `model_config['protected_namespaces'] = ()`.
[2025-10-28T22:46:56.218+0000] {logging_mixin.py:154} WARNING - /home/airflow/.local/lib/python3.10/site-packages/airflow/models/baseoperator.py:437 RemovedInAirflow3Warning: provide_context is deprecated as of 2.0 and is no longer required
[2025-10-28T22:46:56.221+0000] {processor.py:839} INFO - DAG(s) dict_keys(['sodai_drinks_production_pipeline']) retrieved from /opt/airflow/dags/pipeline_productivo.py
[2025-10-28T22:46:56.234+0000] {logging_mixin.py:154} INFO - [2025-10-28T22:46:56.234+0000] {dag.py:2941} INFO - Sync 1 DAGs
[2025-10-28T22:46:56.245+0000] {logging_mixin.py:154} INFO - [2025-10-28T22:46:56.245+0000] {dag.py:3722} INFO - Setting next_dagrun for sodai_drinks_production_pipeline to 2025-10-26T00:00:00+00:00, run_after=2025-11-02T00:00:00+00:00
[2025-10-28T22:46:56.252+0000] {processor.py:179} INFO - Processing /opt/airflow/dags/pipeline_productivo.py took 1.279 seconds
[2025-10-28T22:47:26.562+0000] {processor.py:157} INFO - Started process (PID=1676) to work on /opt/airflow/dags/pipeline_productivo.py
[2025-10-28T22:47:26.565+0000] {processor.py:829} INFO - Processing file /opt/airflow/dags/pipeline_productivo.py for tasks to queue
[2025-10-28T22:47:26.566+0000] {logging_mixin.py:154} INFO - [2025-10-28T22:47:26.566+0000] {dagbag.py:536} INFO - Filling up the DagBag from /opt/airflow/dags/pipeline_productivo.py
[2025-10-28T22:47:27.398+0000] {logging_mixin.py:154} WARNING - /home/airflow/.local/lib/python3.10/site-packages/pydantic/_internal/_fields.py:128 UserWarning: Field "model_server_url" has conflict with protected namespace "model_".

You may be able to resolve this warning by setting `model_config['protected_namespaces'] = ()`.
[2025-10-28T22:47:27.823+0000] {logging_mixin.py:154} WARNING - /home/airflow/.local/lib/python3.10/site-packages/airflow/models/baseoperator.py:437 RemovedInAirflow3Warning: provide_context is deprecated as of 2.0 and is no longer required
[2025-10-28T22:47:27.826+0000] {processor.py:839} INFO - DAG(s) dict_keys(['sodai_drinks_production_pipeline']) retrieved from /opt/airflow/dags/pipeline_productivo.py
[2025-10-28T22:47:27.848+0000] {logging_mixin.py:154} INFO - [2025-10-28T22:47:27.848+0000] {dag.py:2941} INFO - Sync 1 DAGs
[2025-10-28T22:47:27.862+0000] {logging_mixin.py:154} INFO - [2025-10-28T22:47:27.861+0000] {dag.py:3722} INFO - Setting next_dagrun for sodai_drinks_production_pipeline to 2025-10-26T00:00:00+00:00, run_after=2025-11-02T00:00:00+00:00
[2025-10-28T22:47:27.870+0000] {processor.py:179} INFO - Processing /opt/airflow/dags/pipeline_productivo.py took 1.315 seconds
[2025-10-28T22:47:58.251+0000] {processor.py:157} INFO - Started process (PID=1731) to work on /opt/airflow/dags/pipeline_productivo.py
[2025-10-28T22:47:58.258+0000] {processor.py:829} INFO - Processing file /opt/airflow/dags/pipeline_productivo.py for tasks to queue
[2025-10-28T22:47:58.261+0000] {logging_mixin.py:154} INFO - [2025-10-28T22:47:58.260+0000] {dagbag.py:536} INFO - Filling up the DagBag from /opt/airflow/dags/pipeline_productivo.py
[2025-10-28T22:47:59.241+0000] {logging_mixin.py:154} WARNING - /home/airflow/.local/lib/python3.10/site-packages/pydantic/_internal/_fields.py:128 UserWarning: Field "model_server_url" has conflict with protected namespace "model_".

You may be able to resolve this warning by setting `model_config['protected_namespaces'] = ()`.
[2025-10-28T22:47:59.584+0000] {logging_mixin.py:154} WARNING - /home/airflow/.local/lib/python3.10/site-packages/airflow/models/baseoperator.py:437 RemovedInAirflow3Warning: provide_context is deprecated as of 2.0 and is no longer required
[2025-10-28T22:47:59.590+0000] {processor.py:839} INFO - DAG(s) dict_keys(['sodai_drinks_production_pipeline']) retrieved from /opt/airflow/dags/pipeline_productivo.py
[2025-10-28T22:47:59.616+0000] {logging_mixin.py:154} INFO - [2025-10-28T22:47:59.616+0000] {dag.py:2941} INFO - Sync 1 DAGs
[2025-10-28T22:47:59.628+0000] {logging_mixin.py:154} INFO - [2025-10-28T22:47:59.628+0000] {dag.py:3722} INFO - Setting next_dagrun for sodai_drinks_production_pipeline to 2025-10-26T00:00:00+00:00, run_after=2025-11-02T00:00:00+00:00
[2025-10-28T22:47:59.642+0000] {processor.py:179} INFO - Processing /opt/airflow/dags/pipeline_productivo.py took 1.409 seconds
[2025-10-28T22:48:30.287+0000] {processor.py:157} INFO - Started process (PID=1786) to work on /opt/airflow/dags/pipeline_productivo.py
[2025-10-28T22:48:30.289+0000] {processor.py:829} INFO - Processing file /opt/airflow/dags/pipeline_productivo.py for tasks to queue
[2025-10-28T22:48:30.291+0000] {logging_mixin.py:154} INFO - [2025-10-28T22:48:30.290+0000] {dagbag.py:536} INFO - Filling up the DagBag from /opt/airflow/dags/pipeline_productivo.py
[2025-10-28T22:48:31.297+0000] {logging_mixin.py:154} WARNING - /home/airflow/.local/lib/python3.10/site-packages/pydantic/_internal/_fields.py:128 UserWarning: Field "model_server_url" has conflict with protected namespace "model_".

You may be able to resolve this warning by setting `model_config['protected_namespaces'] = ()`.
[2025-10-28T22:48:31.811+0000] {logging_mixin.py:154} WARNING - /home/airflow/.local/lib/python3.10/site-packages/airflow/models/baseoperator.py:437 RemovedInAirflow3Warning: provide_context is deprecated as of 2.0 and is no longer required
[2025-10-28T22:48:31.814+0000] {processor.py:839} INFO - DAG(s) dict_keys(['sodai_drinks_production_pipeline']) retrieved from /opt/airflow/dags/pipeline_productivo.py
[2025-10-28T22:48:31.840+0000] {logging_mixin.py:154} INFO - [2025-10-28T22:48:31.840+0000] {dag.py:2941} INFO - Sync 1 DAGs
[2025-10-28T22:48:31.855+0000] {logging_mixin.py:154} INFO - [2025-10-28T22:48:31.855+0000] {dag.py:3722} INFO - Setting next_dagrun for sodai_drinks_production_pipeline to 2025-10-26T00:00:00+00:00, run_after=2025-11-02T00:00:00+00:00
[2025-10-28T22:48:31.865+0000] {processor.py:179} INFO - Processing /opt/airflow/dags/pipeline_productivo.py took 1.586 seconds
[2025-10-28T22:49:02.330+0000] {processor.py:157} INFO - Started process (PID=1841) to work on /opt/airflow/dags/pipeline_productivo.py
[2025-10-28T22:49:02.333+0000] {processor.py:829} INFO - Processing file /opt/airflow/dags/pipeline_productivo.py for tasks to queue
[2025-10-28T22:49:02.334+0000] {logging_mixin.py:154} INFO - [2025-10-28T22:49:02.334+0000] {dagbag.py:536} INFO - Filling up the DagBag from /opt/airflow/dags/pipeline_productivo.py
[2025-10-28T22:49:03.313+0000] {logging_mixin.py:154} WARNING - /home/airflow/.local/lib/python3.10/site-packages/pydantic/_internal/_fields.py:128 UserWarning: Field "model_server_url" has conflict with protected namespace "model_".

You may be able to resolve this warning by setting `model_config['protected_namespaces'] = ()`.
[2025-10-28T22:49:03.849+0000] {logging_mixin.py:154} WARNING - /home/airflow/.local/lib/python3.10/site-packages/airflow/models/baseoperator.py:437 RemovedInAirflow3Warning: provide_context is deprecated as of 2.0 and is no longer required
[2025-10-28T22:49:03.852+0000] {processor.py:839} INFO - DAG(s) dict_keys(['sodai_drinks_production_pipeline']) retrieved from /opt/airflow/dags/pipeline_productivo.py
[2025-10-28T22:49:03.882+0000] {logging_mixin.py:154} INFO - [2025-10-28T22:49:03.881+0000] {dag.py:2941} INFO - Sync 1 DAGs
[2025-10-28T22:49:03.900+0000] {logging_mixin.py:154} INFO - [2025-10-28T22:49:03.899+0000] {dag.py:3722} INFO - Setting next_dagrun for sodai_drinks_production_pipeline to 2025-10-26T00:00:00+00:00, run_after=2025-11-02T00:00:00+00:00
[2025-10-28T22:49:03.910+0000] {processor.py:179} INFO - Processing /opt/airflow/dags/pipeline_productivo.py took 1.587 seconds
[2025-10-28T22:49:34.077+0000] {processor.py:157} INFO - Started process (PID=1896) to work on /opt/airflow/dags/pipeline_productivo.py
[2025-10-28T22:49:34.080+0000] {processor.py:829} INFO - Processing file /opt/airflow/dags/pipeline_productivo.py for tasks to queue
[2025-10-28T22:49:34.081+0000] {logging_mixin.py:154} INFO - [2025-10-28T22:49:34.080+0000] {dagbag.py:536} INFO - Filling up the DagBag from /opt/airflow/dags/pipeline_productivo.py
[2025-10-28T22:49:35.153+0000] {logging_mixin.py:154} WARNING - /home/airflow/.local/lib/python3.10/site-packages/pydantic/_internal/_fields.py:128 UserWarning: Field "model_server_url" has conflict with protected namespace "model_".

You may be able to resolve this warning by setting `model_config['protected_namespaces'] = ()`.
[2025-10-28T22:49:35.563+0000] {logging_mixin.py:154} WARNING - /home/airflow/.local/lib/python3.10/site-packages/airflow/models/baseoperator.py:437 RemovedInAirflow3Warning: provide_context is deprecated as of 2.0 and is no longer required
[2025-10-28T22:49:35.566+0000] {processor.py:839} INFO - DAG(s) dict_keys(['sodai_drinks_production_pipeline']) retrieved from /opt/airflow/dags/pipeline_productivo.py
[2025-10-28T22:49:35.586+0000] {logging_mixin.py:154} INFO - [2025-10-28T22:49:35.585+0000] {dag.py:2941} INFO - Sync 1 DAGs
[2025-10-28T22:49:35.602+0000] {logging_mixin.py:154} INFO - [2025-10-28T22:49:35.602+0000] {dag.py:3722} INFO - Setting next_dagrun for sodai_drinks_production_pipeline to 2025-10-26T00:00:00+00:00, run_after=2025-11-02T00:00:00+00:00
[2025-10-28T22:49:35.610+0000] {processor.py:179} INFO - Processing /opt/airflow/dags/pipeline_productivo.py took 1.541 seconds
[2025-10-28T22:50:06.022+0000] {processor.py:157} INFO - Started process (PID=1944) to work on /opt/airflow/dags/pipeline_productivo.py
[2025-10-28T22:50:06.035+0000] {processor.py:829} INFO - Processing file /opt/airflow/dags/pipeline_productivo.py for tasks to queue
[2025-10-28T22:50:06.039+0000] {logging_mixin.py:154} INFO - [2025-10-28T22:50:06.037+0000] {dagbag.py:536} INFO - Filling up the DagBag from /opt/airflow/dags/pipeline_productivo.py
[2025-10-28T22:50:07.437+0000] {logging_mixin.py:154} WARNING - /home/airflow/.local/lib/python3.10/site-packages/pydantic/_internal/_fields.py:128 UserWarning: Field "model_server_url" has conflict with protected namespace "model_".

You may be able to resolve this warning by setting `model_config['protected_namespaces'] = ()`.
[2025-10-28T22:50:07.979+0000] {logging_mixin.py:154} WARNING - /home/airflow/.local/lib/python3.10/site-packages/airflow/models/baseoperator.py:437 RemovedInAirflow3Warning: provide_context is deprecated as of 2.0 and is no longer required
[2025-10-28T22:50:08.009+0000] {processor.py:839} INFO - DAG(s) dict_keys(['sodai_drinks_production_pipeline']) retrieved from /opt/airflow/dags/pipeline_productivo.py
[2025-10-28T22:50:08.118+0000] {logging_mixin.py:154} INFO - [2025-10-28T22:50:08.116+0000] {dag.py:2941} INFO - Sync 1 DAGs
[2025-10-28T22:50:08.162+0000] {logging_mixin.py:154} INFO - [2025-10-28T22:50:08.162+0000] {dag.py:3722} INFO - Setting next_dagrun for sodai_drinks_production_pipeline to 2025-10-26T00:00:00+00:00, run_after=2025-11-02T00:00:00+00:00
[2025-10-28T22:50:08.184+0000] {processor.py:179} INFO - Processing /opt/airflow/dags/pipeline_productivo.py took 2.195 seconds
[2025-10-28T22:50:38.253+0000] {processor.py:157} INFO - Started process (PID=1999) to work on /opt/airflow/dags/pipeline_productivo.py
[2025-10-28T22:50:38.255+0000] {processor.py:829} INFO - Processing file /opt/airflow/dags/pipeline_productivo.py for tasks to queue
[2025-10-28T22:50:38.256+0000] {logging_mixin.py:154} INFO - [2025-10-28T22:50:38.255+0000] {dagbag.py:536} INFO - Filling up the DagBag from /opt/airflow/dags/pipeline_productivo.py
[2025-10-28T22:50:39.314+0000] {logging_mixin.py:154} WARNING - /home/airflow/.local/lib/python3.10/site-packages/pydantic/_internal/_fields.py:128 UserWarning: Field "model_server_url" has conflict with protected namespace "model_".

You may be able to resolve this warning by setting `model_config['protected_namespaces'] = ()`.
[2025-10-28T22:50:39.912+0000] {logging_mixin.py:154} WARNING - /home/airflow/.local/lib/python3.10/site-packages/airflow/models/baseoperator.py:437 RemovedInAirflow3Warning: provide_context is deprecated as of 2.0 and is no longer required
[2025-10-28T22:50:39.921+0000] {processor.py:839} INFO - DAG(s) dict_keys(['sodai_drinks_production_pipeline']) retrieved from /opt/airflow/dags/pipeline_productivo.py
[2025-10-28T22:50:39.984+0000] {logging_mixin.py:154} INFO - [2025-10-28T22:50:39.983+0000] {dag.py:2941} INFO - Sync 1 DAGs
[2025-10-28T22:50:40.011+0000] {logging_mixin.py:154} INFO - [2025-10-28T22:50:40.011+0000] {dag.py:3722} INFO - Setting next_dagrun for sodai_drinks_production_pipeline to 2025-10-26T00:00:00+00:00, run_after=2025-11-02T00:00:00+00:00
[2025-10-28T22:50:40.034+0000] {processor.py:179} INFO - Processing /opt/airflow/dags/pipeline_productivo.py took 1.784 seconds
[2025-10-28T22:51:10.248+0000] {processor.py:157} INFO - Started process (PID=2047) to work on /opt/airflow/dags/pipeline_productivo.py
[2025-10-28T22:51:10.251+0000] {processor.py:829} INFO - Processing file /opt/airflow/dags/pipeline_productivo.py for tasks to queue
[2025-10-28T22:51:10.253+0000] {logging_mixin.py:154} INFO - [2025-10-28T22:51:10.252+0000] {dagbag.py:536} INFO - Filling up the DagBag from /opt/airflow/dags/pipeline_productivo.py
[2025-10-28T22:51:11.966+0000] {logging_mixin.py:154} WARNING - /home/airflow/.local/lib/python3.10/site-packages/pydantic/_internal/_fields.py:128 UserWarning: Field "model_server_url" has conflict with protected namespace "model_".

You may be able to resolve this warning by setting `model_config['protected_namespaces'] = ()`.
[2025-10-28T22:51:13.502+0000] {logging_mixin.py:154} WARNING - /home/airflow/.local/lib/python3.10/site-packages/airflow/models/baseoperator.py:437 RemovedInAirflow3Warning: provide_context is deprecated as of 2.0 and is no longer required
[2025-10-28T22:51:13.510+0000] {processor.py:839} INFO - DAG(s) dict_keys(['sodai_drinks_production_pipeline']) retrieved from /opt/airflow/dags/pipeline_productivo.py
[2025-10-28T22:51:13.583+0000] {logging_mixin.py:154} INFO - [2025-10-28T22:51:13.583+0000] {dag.py:2941} INFO - Sync 1 DAGs
[2025-10-28T22:51:13.623+0000] {logging_mixin.py:154} INFO - [2025-10-28T22:51:13.623+0000] {dag.py:3722} INFO - Setting next_dagrun for sodai_drinks_production_pipeline to 2025-10-26T00:00:00+00:00, run_after=2025-11-02T00:00:00+00:00
[2025-10-28T22:51:13.643+0000] {processor.py:179} INFO - Processing /opt/airflow/dags/pipeline_productivo.py took 3.410 seconds
[2025-10-28T22:51:43.840+0000] {processor.py:157} INFO - Started process (PID=2102) to work on /opt/airflow/dags/pipeline_productivo.py
[2025-10-28T22:51:43.845+0000] {processor.py:829} INFO - Processing file /opt/airflow/dags/pipeline_productivo.py for tasks to queue
[2025-10-28T22:51:43.847+0000] {logging_mixin.py:154} INFO - [2025-10-28T22:51:43.846+0000] {dagbag.py:536} INFO - Filling up the DagBag from /opt/airflow/dags/pipeline_productivo.py
[2025-10-28T22:51:44.874+0000] {logging_mixin.py:154} WARNING - /home/airflow/.local/lib/python3.10/site-packages/pydantic/_internal/_fields.py:128 UserWarning: Field "model_server_url" has conflict with protected namespace "model_".

You may be able to resolve this warning by setting `model_config['protected_namespaces'] = ()`.
[2025-10-28T22:51:45.355+0000] {logging_mixin.py:154} WARNING - /home/airflow/.local/lib/python3.10/site-packages/airflow/models/baseoperator.py:437 RemovedInAirflow3Warning: provide_context is deprecated as of 2.0 and is no longer required
[2025-10-28T22:51:45.358+0000] {processor.py:839} INFO - DAG(s) dict_keys(['sodai_drinks_production_pipeline']) retrieved from /opt/airflow/dags/pipeline_productivo.py
[2025-10-28T22:51:45.388+0000] {logging_mixin.py:154} INFO - [2025-10-28T22:51:45.388+0000] {dag.py:2941} INFO - Sync 1 DAGs
[2025-10-28T22:51:45.420+0000] {logging_mixin.py:154} INFO - [2025-10-28T22:51:45.420+0000] {dag.py:3722} INFO - Setting next_dagrun for sodai_drinks_production_pipeline to 2025-10-26T00:00:00+00:00, run_after=2025-11-02T00:00:00+00:00
[2025-10-28T22:51:45.429+0000] {processor.py:179} INFO - Processing /opt/airflow/dags/pipeline_productivo.py took 1.600 seconds
[2025-10-28T22:52:02.103+0000] {processor.py:157} INFO - Started process (PID=163) to work on /opt/airflow/dags/pipeline_productivo.py
[2025-10-28T22:52:02.105+0000] {processor.py:829} INFO - Processing file /opt/airflow/dags/pipeline_productivo.py for tasks to queue
[2025-10-28T22:52:02.111+0000] {logging_mixin.py:154} INFO - [2025-10-28T22:52:02.107+0000] {dagbag.py:536} INFO - Filling up the DagBag from /opt/airflow/dags/pipeline_productivo.py
[2025-10-28T22:52:03.628+0000] {logging_mixin.py:154} WARNING - /home/airflow/.local/lib/python3.10/site-packages/pydantic/_internal/_fields.py:128 UserWarning: Field "model_server_url" has conflict with protected namespace "model_".

You may be able to resolve this warning by setting `model_config['protected_namespaces'] = ()`.
[2025-10-28T22:52:04.590+0000] {logging_mixin.py:154} WARNING - /home/airflow/.local/lib/python3.10/site-packages/airflow/models/baseoperator.py:437 RemovedInAirflow3Warning: provide_context is deprecated as of 2.0 and is no longer required
[2025-10-28T22:52:04.594+0000] {processor.py:839} INFO - DAG(s) dict_keys(['sodai_drinks_production_pipeline']) retrieved from /opt/airflow/dags/pipeline_productivo.py
[2025-10-28T22:52:04.634+0000] {logging_mixin.py:154} INFO - [2025-10-28T22:52:04.633+0000] {dag.py:2941} INFO - Sync 1 DAGs
[2025-10-28T22:52:04.648+0000] {logging_mixin.py:154} INFO - [2025-10-28T22:52:04.648+0000] {dag.py:3722} INFO - Setting next_dagrun for sodai_drinks_production_pipeline to 2025-10-26T00:00:00+00:00, run_after=2025-11-02T00:00:00+00:00
[2025-10-28T22:52:04.664+0000] {processor.py:179} INFO - Processing /opt/airflow/dags/pipeline_productivo.py took 2.564 seconds
[2025-10-28T22:52:36.278+0000] {processor.py:157} INFO - Started process (PID=286) to work on /opt/airflow/dags/pipeline_productivo.py
[2025-10-28T22:52:36.285+0000] {processor.py:829} INFO - Processing file /opt/airflow/dags/pipeline_productivo.py for tasks to queue
[2025-10-28T22:52:36.287+0000] {logging_mixin.py:154} INFO - [2025-10-28T22:52:36.286+0000] {dagbag.py:536} INFO - Filling up the DagBag from /opt/airflow/dags/pipeline_productivo.py
[2025-10-28T22:52:38.454+0000] {logging_mixin.py:154} WARNING - /home/airflow/.local/lib/python3.10/site-packages/pydantic/_internal/_fields.py:128 UserWarning: Field "model_server_url" has conflict with protected namespace "model_".

You may be able to resolve this warning by setting `model_config['protected_namespaces'] = ()`.
[2025-10-28T22:52:39.301+0000] {logging_mixin.py:154} WARNING - /home/airflow/.local/lib/python3.10/site-packages/airflow/models/baseoperator.py:437 RemovedInAirflow3Warning: provide_context is deprecated as of 2.0 and is no longer required
[2025-10-28T22:52:39.306+0000] {processor.py:839} INFO - DAG(s) dict_keys(['sodai_drinks_production_pipeline']) retrieved from /opt/airflow/dags/pipeline_productivo.py
[2025-10-28T22:52:39.355+0000] {logging_mixin.py:154} INFO - [2025-10-28T22:52:39.350+0000] {dag.py:2941} INFO - Sync 1 DAGs
[2025-10-28T22:52:39.377+0000] {logging_mixin.py:154} INFO - [2025-10-28T22:52:39.376+0000] {dag.py:3722} INFO - Setting next_dagrun for sodai_drinks_production_pipeline to 2025-10-26T00:00:00+00:00, run_after=2025-11-02T00:00:00+00:00
[2025-10-28T22:52:39.389+0000] {processor.py:179} INFO - Processing /opt/airflow/dags/pipeline_productivo.py took 3.118 seconds
[2025-10-28T22:53:10.688+0000] {processor.py:157} INFO - Started process (PID=378) to work on /opt/airflow/dags/pipeline_productivo.py
[2025-10-28T22:53:10.704+0000] {processor.py:829} INFO - Processing file /opt/airflow/dags/pipeline_productivo.py for tasks to queue
[2025-10-28T22:53:10.735+0000] {logging_mixin.py:154} INFO - [2025-10-28T22:53:10.719+0000] {dagbag.py:536} INFO - Filling up the DagBag from /opt/airflow/dags/pipeline_productivo.py
[2025-10-28T22:53:17.633+0000] {logging_mixin.py:154} WARNING - /home/airflow/.local/lib/python3.10/site-packages/pydantic/_internal/_fields.py:128 UserWarning: Field "model_server_url" has conflict with protected namespace "model_".

You may be able to resolve this warning by setting `model_config['protected_namespaces'] = ()`.
[2025-10-28T22:53:19.137+0000] {logging_mixin.py:154} WARNING - /home/airflow/.local/lib/python3.10/site-packages/airflow/models/baseoperator.py:437 RemovedInAirflow3Warning: provide_context is deprecated as of 2.0 and is no longer required
[2025-10-28T22:53:19.144+0000] {processor.py:839} INFO - DAG(s) dict_keys(['sodai_drinks_production_pipeline']) retrieved from /opt/airflow/dags/pipeline_productivo.py
[2025-10-28T22:53:19.172+0000] {logging_mixin.py:154} INFO - [2025-10-28T22:53:19.171+0000] {dag.py:2941} INFO - Sync 1 DAGs
[2025-10-28T22:53:19.196+0000] {logging_mixin.py:154} INFO - [2025-10-28T22:53:19.196+0000] {dag.py:3722} INFO - Setting next_dagrun for sodai_drinks_production_pipeline to 2025-10-26T00:00:00+00:00, run_after=2025-11-02T00:00:00+00:00
[2025-10-28T22:53:19.209+0000] {processor.py:179} INFO - Processing /opt/airflow/dags/pipeline_productivo.py took 8.582 seconds
[2025-10-28T22:53:22.756+0000] {processor.py:157} INFO - Started process (PID=439) to work on /opt/airflow/dags/pipeline_productivo.py
[2025-10-28T22:53:22.758+0000] {processor.py:829} INFO - Processing file /opt/airflow/dags/pipeline_productivo.py for tasks to queue
[2025-10-28T22:53:22.761+0000] {logging_mixin.py:154} INFO - [2025-10-28T22:53:22.759+0000] {dagbag.py:536} INFO - Filling up the DagBag from /opt/airflow/dags/pipeline_productivo.py
[2025-10-28T22:53:24.022+0000] {logging_mixin.py:154} WARNING - /home/airflow/.local/lib/python3.10/site-packages/pydantic/_internal/_fields.py:128 UserWarning: Field "model_server_url" has conflict with protected namespace "model_".

You may be able to resolve this warning by setting `model_config['protected_namespaces'] = ()`.
[2025-10-28T22:53:24.585+0000] {logging_mixin.py:154} WARNING - /home/airflow/.local/lib/python3.10/site-packages/airflow/models/baseoperator.py:437 RemovedInAirflow3Warning: provide_context is deprecated as of 2.0 and is no longer required
[2025-10-28T22:53:24.588+0000] {processor.py:839} INFO - DAG(s) dict_keys(['sodai_drinks_production_pipeline']) retrieved from /opt/airflow/dags/pipeline_productivo.py
[2025-10-28T22:53:24.602+0000] {logging_mixin.py:154} INFO - [2025-10-28T22:53:24.602+0000] {taskinstance.py:1939} ERROR - {'DAG Id': 'sodai_drinks_production_pipeline', 'Task Id': 'preprocess_data', 'Run Id': 'manual__2025-10-28T22:25:33.221789+00:00', 'Hostname': 'ee70ee0df05e'}
[2025-10-28T22:53:24.609+0000] {logging_mixin.py:154} INFO - [2025-10-28T22:53:24.609+0000] {taskinstance.py:1400} INFO - Marking task as UP_FOR_RETRY. dag_id=sodai_drinks_production_pipeline, task_id=preprocess_data, execution_date=20251028T222533, start_date=20251028T225240, end_date=20251028T225324
[2025-10-28T22:53:24.614+0000] {processor.py:790} INFO - Executed failure callback for <TaskInstance: sodai_drinks_production_pipeline.preprocess_data manual__2025-10-28T22:25:33.221789+00:00 [up_for_retry]> in state up_for_retry
[2025-10-28T22:53:24.615+0000] {logging_mixin.py:154} INFO - [2025-10-28T22:53:24.615+0000] {taskinstance.py:1939} ERROR - {'DAG Id': 'sodai_drinks_production_pipeline', 'Task Id': 'preprocess_data', 'Run Id': 'manual__2025-10-28T22:25:33.221789+00:00', 'Hostname': 'ee70ee0df05e'}
[2025-10-28T22:53:24.618+0000] {logging_mixin.py:154} INFO - [2025-10-28T22:53:24.618+0000] {taskinstance.py:1400} INFO - Marking task as FAILED. dag_id=sodai_drinks_production_pipeline, task_id=preprocess_data, execution_date=20251028T222533, start_date=20251028T225240, end_date=20251028T225324
[2025-10-28T22:53:24.619+0000] {processor.py:790} INFO - Executed failure callback for <TaskInstance: sodai_drinks_production_pipeline.preprocess_data manual__2025-10-28T22:25:33.221789+00:00 [failed]> in state failed
[2025-10-28T22:53:24.630+0000] {logging_mixin.py:154} INFO - [2025-10-28T22:53:24.629+0000] {dag.py:2941} INFO - Sync 1 DAGs
[2025-10-28T22:53:24.643+0000] {logging_mixin.py:154} INFO - [2025-10-28T22:53:24.643+0000] {dag.py:3722} INFO - Setting next_dagrun for sodai_drinks_production_pipeline to 2025-10-26T00:00:00+00:00, run_after=2025-11-02T00:00:00+00:00
[2025-10-28T22:53:24.653+0000] {processor.py:179} INFO - Processing /opt/airflow/dags/pipeline_productivo.py took 1.908 seconds
[2025-10-28T22:53:54.905+0000] {processor.py:157} INFO - Started process (PID=518) to work on /opt/airflow/dags/pipeline_productivo.py
[2025-10-28T22:53:54.906+0000] {processor.py:829} INFO - Processing file /opt/airflow/dags/pipeline_productivo.py for tasks to queue
[2025-10-28T22:53:54.907+0000] {logging_mixin.py:154} INFO - [2025-10-28T22:53:54.907+0000] {dagbag.py:536} INFO - Filling up the DagBag from /opt/airflow/dags/pipeline_productivo.py
[2025-10-28T22:53:55.724+0000] {logging_mixin.py:154} WARNING - /home/airflow/.local/lib/python3.10/site-packages/pydantic/_internal/_fields.py:128 UserWarning: Field "model_server_url" has conflict with protected namespace "model_".

You may be able to resolve this warning by setting `model_config['protected_namespaces'] = ()`.
[2025-10-28T22:53:56.197+0000] {logging_mixin.py:154} WARNING - /home/airflow/.local/lib/python3.10/site-packages/airflow/models/baseoperator.py:437 RemovedInAirflow3Warning: provide_context is deprecated as of 2.0 and is no longer required
[2025-10-28T22:53:56.200+0000] {processor.py:839} INFO - DAG(s) dict_keys(['sodai_drinks_production_pipeline']) retrieved from /opt/airflow/dags/pipeline_productivo.py
[2025-10-28T22:53:56.222+0000] {logging_mixin.py:154} INFO - [2025-10-28T22:53:56.222+0000] {dag.py:2941} INFO - Sync 1 DAGs
[2025-10-28T22:53:56.235+0000] {logging_mixin.py:154} INFO - [2025-10-28T22:53:56.234+0000] {dag.py:3722} INFO - Setting next_dagrun for sodai_drinks_production_pipeline to 2025-10-26T00:00:00+00:00, run_after=2025-11-02T00:00:00+00:00
[2025-10-28T22:53:56.242+0000] {processor.py:179} INFO - Processing /opt/airflow/dags/pipeline_productivo.py took 1.347 seconds
[2025-10-28T22:54:26.722+0000] {processor.py:157} INFO - Started process (PID=566) to work on /opt/airflow/dags/pipeline_productivo.py
[2025-10-28T22:54:26.725+0000] {processor.py:829} INFO - Processing file /opt/airflow/dags/pipeline_productivo.py for tasks to queue
[2025-10-28T22:54:26.727+0000] {logging_mixin.py:154} INFO - [2025-10-28T22:54:26.726+0000] {dagbag.py:536} INFO - Filling up the DagBag from /opt/airflow/dags/pipeline_productivo.py
[2025-10-28T22:54:27.816+0000] {logging_mixin.py:154} WARNING - /home/airflow/.local/lib/python3.10/site-packages/pydantic/_internal/_fields.py:128 UserWarning: Field "model_server_url" has conflict with protected namespace "model_".

You may be able to resolve this warning by setting `model_config['protected_namespaces'] = ()`.
[2025-10-28T22:54:28.450+0000] {logging_mixin.py:154} WARNING - /home/airflow/.local/lib/python3.10/site-packages/airflow/models/baseoperator.py:437 RemovedInAirflow3Warning: provide_context is deprecated as of 2.0 and is no longer required
[2025-10-28T22:54:28.457+0000] {processor.py:839} INFO - DAG(s) dict_keys(['sodai_drinks_production_pipeline']) retrieved from /opt/airflow/dags/pipeline_productivo.py
[2025-10-28T22:54:28.486+0000] {logging_mixin.py:154} INFO - [2025-10-28T22:54:28.485+0000] {dag.py:2941} INFO - Sync 1 DAGs
[2025-10-28T22:54:28.501+0000] {logging_mixin.py:154} INFO - [2025-10-28T22:54:28.501+0000] {dag.py:3722} INFO - Setting next_dagrun for sodai_drinks_production_pipeline to 2025-10-26T00:00:00+00:00, run_after=2025-11-02T00:00:00+00:00
[2025-10-28T22:54:28.515+0000] {processor.py:179} INFO - Processing /opt/airflow/dags/pipeline_productivo.py took 1.809 seconds
[2025-10-28T22:54:59.047+0000] {processor.py:157} INFO - Started process (PID=621) to work on /opt/airflow/dags/pipeline_productivo.py
[2025-10-28T22:54:59.050+0000] {processor.py:829} INFO - Processing file /opt/airflow/dags/pipeline_productivo.py for tasks to queue
[2025-10-28T22:54:59.052+0000] {logging_mixin.py:154} INFO - [2025-10-28T22:54:59.051+0000] {dagbag.py:536} INFO - Filling up the DagBag from /opt/airflow/dags/pipeline_productivo.py
[2025-10-28T22:54:59.962+0000] {logging_mixin.py:154} WARNING - /home/airflow/.local/lib/python3.10/site-packages/pydantic/_internal/_fields.py:128 UserWarning: Field "model_server_url" has conflict with protected namespace "model_".

You may be able to resolve this warning by setting `model_config['protected_namespaces'] = ()`.
[2025-10-28T22:55:00.465+0000] {logging_mixin.py:154} WARNING - /home/airflow/.local/lib/python3.10/site-packages/airflow/models/baseoperator.py:437 RemovedInAirflow3Warning: provide_context is deprecated as of 2.0 and is no longer required
[2025-10-28T22:55:00.468+0000] {processor.py:839} INFO - DAG(s) dict_keys(['sodai_drinks_production_pipeline']) retrieved from /opt/airflow/dags/pipeline_productivo.py
[2025-10-28T22:55:00.493+0000] {logging_mixin.py:154} INFO - [2025-10-28T22:55:00.492+0000] {dag.py:2941} INFO - Sync 1 DAGs
[2025-10-28T22:55:00.509+0000] {logging_mixin.py:154} INFO - [2025-10-28T22:55:00.509+0000] {dag.py:3722} INFO - Setting next_dagrun for sodai_drinks_production_pipeline to 2025-10-26T00:00:00+00:00, run_after=2025-11-02T00:00:00+00:00
[2025-10-28T22:55:00.519+0000] {processor.py:179} INFO - Processing /opt/airflow/dags/pipeline_productivo.py took 1.487 seconds
[2025-10-28T22:55:30.906+0000] {processor.py:157} INFO - Started process (PID=676) to work on /opt/airflow/dags/pipeline_productivo.py
[2025-10-28T22:55:30.909+0000] {processor.py:829} INFO - Processing file /opt/airflow/dags/pipeline_productivo.py for tasks to queue
[2025-10-28T22:55:30.911+0000] {logging_mixin.py:154} INFO - [2025-10-28T22:55:30.910+0000] {dagbag.py:536} INFO - Filling up the DagBag from /opt/airflow/dags/pipeline_productivo.py
[2025-10-28T22:55:32.045+0000] {logging_mixin.py:154} WARNING - /home/airflow/.local/lib/python3.10/site-packages/pydantic/_internal/_fields.py:128 UserWarning: Field "model_server_url" has conflict with protected namespace "model_".

You may be able to resolve this warning by setting `model_config['protected_namespaces'] = ()`.
[2025-10-28T22:55:32.606+0000] {logging_mixin.py:154} WARNING - /home/airflow/.local/lib/python3.10/site-packages/airflow/models/baseoperator.py:437 RemovedInAirflow3Warning: provide_context is deprecated as of 2.0 and is no longer required
[2025-10-28T22:55:32.609+0000] {processor.py:839} INFO - DAG(s) dict_keys(['sodai_drinks_production_pipeline']) retrieved from /opt/airflow/dags/pipeline_productivo.py
[2025-10-28T22:55:32.644+0000] {logging_mixin.py:154} INFO - [2025-10-28T22:55:32.644+0000] {dag.py:2941} INFO - Sync 1 DAGs
[2025-10-28T22:55:32.661+0000] {logging_mixin.py:154} INFO - [2025-10-28T22:55:32.661+0000] {dag.py:3722} INFO - Setting next_dagrun for sodai_drinks_production_pipeline to 2025-10-26T00:00:00+00:00, run_after=2025-11-02T00:00:00+00:00
[2025-10-28T22:55:32.674+0000] {processor.py:179} INFO - Processing /opt/airflow/dags/pipeline_productivo.py took 1.780 seconds
[2025-10-28T22:56:03.649+0000] {processor.py:157} INFO - Started process (PID=731) to work on /opt/airflow/dags/pipeline_productivo.py
[2025-10-28T22:56:03.658+0000] {processor.py:829} INFO - Processing file /opt/airflow/dags/pipeline_productivo.py for tasks to queue
[2025-10-28T22:56:03.665+0000] {logging_mixin.py:154} INFO - [2025-10-28T22:56:03.662+0000] {dagbag.py:536} INFO - Filling up the DagBag from /opt/airflow/dags/pipeline_productivo.py
[2025-10-28T22:56:06.612+0000] {logging_mixin.py:154} WARNING - /home/airflow/.local/lib/python3.10/site-packages/pydantic/_internal/_fields.py:128 UserWarning: Field "model_server_url" has conflict with protected namespace "model_".

You may be able to resolve this warning by setting `model_config['protected_namespaces'] = ()`.
[2025-10-28T22:56:07.118+0000] {logging_mixin.py:154} WARNING - /home/airflow/.local/lib/python3.10/site-packages/airflow/models/baseoperator.py:437 RemovedInAirflow3Warning: provide_context is deprecated as of 2.0 and is no longer required
[2025-10-28T22:56:07.122+0000] {processor.py:839} INFO - DAG(s) dict_keys(['sodai_drinks_production_pipeline']) retrieved from /opt/airflow/dags/pipeline_productivo.py
[2025-10-28T22:56:07.146+0000] {logging_mixin.py:154} INFO - [2025-10-28T22:56:07.146+0000] {dag.py:2941} INFO - Sync 1 DAGs
[2025-10-28T22:56:07.158+0000] {logging_mixin.py:154} INFO - [2025-10-28T22:56:07.158+0000] {dag.py:3722} INFO - Setting next_dagrun for sodai_drinks_production_pipeline to 2025-10-26T00:00:00+00:00, run_after=2025-11-02T00:00:00+00:00
[2025-10-28T22:56:07.166+0000] {processor.py:179} INFO - Processing /opt/airflow/dags/pipeline_productivo.py took 3.544 seconds
[2025-10-28T22:56:22.561+0000] {processor.py:157} INFO - Started process (PID=772) to work on /opt/airflow/dags/pipeline_productivo.py
[2025-10-28T22:56:22.563+0000] {processor.py:829} INFO - Processing file /opt/airflow/dags/pipeline_productivo.py for tasks to queue
[2025-10-28T22:56:22.564+0000] {logging_mixin.py:154} INFO - [2025-10-28T22:56:22.564+0000] {dagbag.py:536} INFO - Filling up the DagBag from /opt/airflow/dags/pipeline_productivo.py
[2025-10-28T22:56:24.481+0000] {logging_mixin.py:154} WARNING - /home/airflow/.local/lib/python3.10/site-packages/pydantic/_internal/_fields.py:128 UserWarning: Field "model_server_url" has conflict with protected namespace "model_".

You may be able to resolve this warning by setting `model_config['protected_namespaces'] = ()`.
[2025-10-28T22:56:25.635+0000] {processor.py:839} INFO - DAG(s) dict_keys(['sodai_drinks_production_pipeline']) retrieved from /opt/airflow/dags/pipeline_productivo.py
[2025-10-28T22:56:25.678+0000] {logging_mixin.py:154} INFO - [2025-10-28T22:56:25.677+0000] {dag.py:2941} INFO - Sync 1 DAGs
[2025-10-28T22:56:25.698+0000] {logging_mixin.py:154} INFO - [2025-10-28T22:56:25.698+0000] {dag.py:3722} INFO - Setting next_dagrun for sodai_drinks_production_pipeline to 2025-10-26T00:00:00+00:00, run_after=2025-11-02T00:00:00+00:00
[2025-10-28T22:56:25.715+0000] {processor.py:179} INFO - Processing /opt/airflow/dags/pipeline_productivo.py took 3.167 seconds
[2025-10-28T22:56:32.822+0000] {processor.py:157} INFO - Started process (PID=792) to work on /opt/airflow/dags/pipeline_productivo.py
[2025-10-28T22:56:32.824+0000] {processor.py:829} INFO - Processing file /opt/airflow/dags/pipeline_productivo.py for tasks to queue
[2025-10-28T22:56:32.825+0000] {logging_mixin.py:154} INFO - [2025-10-28T22:56:32.824+0000] {dagbag.py:536} INFO - Filling up the DagBag from /opt/airflow/dags/pipeline_productivo.py
[2025-10-28T22:56:34.537+0000] {processor.py:839} INFO - DAG(s) dict_keys(['sodai_drinks_production_pipeline']) retrieved from /opt/airflow/dags/pipeline_productivo.py
[2025-10-28T22:56:34.568+0000] {logging_mixin.py:154} INFO - [2025-10-28T22:56:34.567+0000] {dag.py:2941} INFO - Sync 1 DAGs
[2025-10-28T22:56:34.582+0000] {logging_mixin.py:154} INFO - [2025-10-28T22:56:34.582+0000] {dag.py:3722} INFO - Setting next_dagrun for sodai_drinks_production_pipeline to 2025-10-26T00:00:00+00:00, run_after=2025-11-02T00:00:00+00:00
[2025-10-28T22:56:34.594+0000] {processor.py:179} INFO - Processing /opt/airflow/dags/pipeline_productivo.py took 1.780 seconds
[2025-10-28T22:57:05.223+0000] {processor.py:157} INFO - Started process (PID=847) to work on /opt/airflow/dags/pipeline_productivo.py
[2025-10-28T22:57:05.225+0000] {processor.py:829} INFO - Processing file /opt/airflow/dags/pipeline_productivo.py for tasks to queue
[2025-10-28T22:57:05.226+0000] {logging_mixin.py:154} INFO - [2025-10-28T22:57:05.226+0000] {dagbag.py:536} INFO - Filling up the DagBag from /opt/airflow/dags/pipeline_productivo.py
[2025-10-28T22:57:06.987+0000] {processor.py:839} INFO - DAG(s) dict_keys(['sodai_drinks_production_pipeline']) retrieved from /opt/airflow/dags/pipeline_productivo.py
[2025-10-28T22:57:07.015+0000] {logging_mixin.py:154} INFO - [2025-10-28T22:57:07.013+0000] {dag.py:2941} INFO - Sync 1 DAGs
[2025-10-28T22:57:07.056+0000] {logging_mixin.py:154} INFO - [2025-10-28T22:57:07.055+0000] {dag.py:3722} INFO - Setting next_dagrun for sodai_drinks_production_pipeline to 2025-10-26T00:00:00+00:00, run_after=2025-11-02T00:00:00+00:00
[2025-10-28T22:57:07.094+0000] {processor.py:179} INFO - Processing /opt/airflow/dags/pipeline_productivo.py took 1.880 seconds
[2025-10-28T22:57:37.849+0000] {processor.py:157} INFO - Started process (PID=895) to work on /opt/airflow/dags/pipeline_productivo.py
[2025-10-28T22:57:37.852+0000] {processor.py:829} INFO - Processing file /opt/airflow/dags/pipeline_productivo.py for tasks to queue
[2025-10-28T22:57:37.854+0000] {logging_mixin.py:154} INFO - [2025-10-28T22:57:37.853+0000] {dagbag.py:536} INFO - Filling up the DagBag from /opt/airflow/dags/pipeline_productivo.py
[2025-10-28T22:57:39.654+0000] {processor.py:839} INFO - DAG(s) dict_keys(['sodai_drinks_production_pipeline']) retrieved from /opt/airflow/dags/pipeline_productivo.py
[2025-10-28T22:57:39.688+0000] {logging_mixin.py:154} INFO - [2025-10-28T22:57:39.688+0000] {dag.py:2941} INFO - Sync 1 DAGs
[2025-10-28T22:57:39.710+0000] {logging_mixin.py:154} INFO - [2025-10-28T22:57:39.710+0000] {dag.py:3722} INFO - Setting next_dagrun for sodai_drinks_production_pipeline to 2025-10-26T00:00:00+00:00, run_after=2025-11-02T00:00:00+00:00
[2025-10-28T22:57:39.725+0000] {processor.py:179} INFO - Processing /opt/airflow/dags/pipeline_productivo.py took 1.891 seconds
[2025-10-28T22:57:40.848+0000] {processor.py:157} INFO - Started process (PID=930) to work on /opt/airflow/dags/pipeline_productivo.py
[2025-10-28T22:57:40.850+0000] {processor.py:829} INFO - Processing file /opt/airflow/dags/pipeline_productivo.py for tasks to queue
[2025-10-28T22:57:40.850+0000] {logging_mixin.py:154} INFO - [2025-10-28T22:57:40.850+0000] {dagbag.py:536} INFO - Filling up the DagBag from /opt/airflow/dags/pipeline_productivo.py
[2025-10-28T22:57:42.285+0000] {processor.py:839} INFO - DAG(s) dict_keys(['sodai_drinks_production_pipeline']) retrieved from /opt/airflow/dags/pipeline_productivo.py
[2025-10-28T22:57:42.314+0000] {logging_mixin.py:154} INFO - [2025-10-28T22:57:42.314+0000] {dag.py:2941} INFO - Sync 1 DAGs
[2025-10-28T22:57:42.333+0000] {logging_mixin.py:154} INFO - [2025-10-28T22:57:42.333+0000] {dag.py:3722} INFO - Setting next_dagrun for sodai_drinks_production_pipeline to 2025-10-26T00:00:00+00:00, run_after=2025-11-02T00:00:00+00:00
[2025-10-28T22:57:42.343+0000] {processor.py:179} INFO - Processing /opt/airflow/dags/pipeline_productivo.py took 1.499 seconds
[2025-10-28T22:58:06.488+0000] {processor.py:157} INFO - Started process (PID=163) to work on /opt/airflow/dags/pipeline_productivo.py
[2025-10-28T22:58:06.489+0000] {processor.py:829} INFO - Processing file /opt/airflow/dags/pipeline_productivo.py for tasks to queue
[2025-10-28T22:58:06.491+0000] {logging_mixin.py:154} INFO - [2025-10-28T22:58:06.490+0000] {dagbag.py:536} INFO - Filling up the DagBag from /opt/airflow/dags/pipeline_productivo.py
[2025-10-28T22:58:09.469+0000] {processor.py:839} INFO - DAG(s) dict_keys(['sodai_drinks_production_pipeline']) retrieved from /opt/airflow/dags/pipeline_productivo.py
[2025-10-28T22:58:09.654+0000] {logging_mixin.py:154} INFO - [2025-10-28T22:58:09.654+0000] {dag.py:2941} INFO - Sync 1 DAGs
[2025-10-28T22:58:09.680+0000] {logging_mixin.py:154} INFO - [2025-10-28T22:58:09.680+0000] {dag.py:3722} INFO - Setting next_dagrun for sodai_drinks_production_pipeline to 2025-10-26T00:00:00+00:00, run_after=2025-11-02T00:00:00+00:00
[2025-10-28T22:58:09.697+0000] {processor.py:179} INFO - Processing /opt/airflow/dags/pipeline_productivo.py took 3.218 seconds
[2025-10-28T22:58:40.216+0000] {processor.py:157} INFO - Started process (PID=262) to work on /opt/airflow/dags/pipeline_productivo.py
[2025-10-28T22:58:40.218+0000] {processor.py:829} INFO - Processing file /opt/airflow/dags/pipeline_productivo.py for tasks to queue
[2025-10-28T22:58:40.219+0000] {logging_mixin.py:154} INFO - [2025-10-28T22:58:40.218+0000] {dagbag.py:536} INFO - Filling up the DagBag from /opt/airflow/dags/pipeline_productivo.py
[2025-10-28T22:58:41.512+0000] {processor.py:839} INFO - DAG(s) dict_keys(['sodai_drinks_production_pipeline']) retrieved from /opt/airflow/dags/pipeline_productivo.py
[2025-10-28T22:58:41.533+0000] {logging_mixin.py:154} INFO - [2025-10-28T22:58:41.533+0000] {dag.py:2941} INFO - Sync 1 DAGs
[2025-10-28T22:58:41.546+0000] {logging_mixin.py:154} INFO - [2025-10-28T22:58:41.545+0000] {dag.py:3722} INFO - Setting next_dagrun for sodai_drinks_production_pipeline to 2025-10-26T00:00:00+00:00, run_after=2025-11-02T00:00:00+00:00
[2025-10-28T22:58:41.555+0000] {processor.py:179} INFO - Processing /opt/airflow/dags/pipeline_productivo.py took 1.345 seconds
[2025-10-28T22:59:11.964+0000] {processor.py:157} INFO - Started process (PID=317) to work on /opt/airflow/dags/pipeline_productivo.py
[2025-10-28T22:59:11.970+0000] {processor.py:829} INFO - Processing file /opt/airflow/dags/pipeline_productivo.py for tasks to queue
[2025-10-28T22:59:11.974+0000] {logging_mixin.py:154} INFO - [2025-10-28T22:59:11.972+0000] {dagbag.py:536} INFO - Filling up the DagBag from /opt/airflow/dags/pipeline_productivo.py
[2025-10-28T22:59:13.577+0000] {processor.py:839} INFO - DAG(s) dict_keys(['sodai_drinks_production_pipeline']) retrieved from /opt/airflow/dags/pipeline_productivo.py
[2025-10-28T22:59:13.612+0000] {logging_mixin.py:154} INFO - [2025-10-28T22:59:13.611+0000] {dag.py:2941} INFO - Sync 1 DAGs
[2025-10-28T22:59:13.633+0000] {logging_mixin.py:154} INFO - [2025-10-28T22:59:13.633+0000] {dag.py:3722} INFO - Setting next_dagrun for sodai_drinks_production_pipeline to 2025-10-26T00:00:00+00:00, run_after=2025-11-02T00:00:00+00:00
[2025-10-28T22:59:13.651+0000] {processor.py:179} INFO - Processing /opt/airflow/dags/pipeline_productivo.py took 1.691 seconds
[2025-10-28T22:59:44.165+0000] {processor.py:157} INFO - Started process (PID=372) to work on /opt/airflow/dags/pipeline_productivo.py
[2025-10-28T22:59:44.166+0000] {processor.py:829} INFO - Processing file /opt/airflow/dags/pipeline_productivo.py for tasks to queue
[2025-10-28T22:59:44.167+0000] {logging_mixin.py:154} INFO - [2025-10-28T22:59:44.167+0000] {dagbag.py:536} INFO - Filling up the DagBag from /opt/airflow/dags/pipeline_productivo.py
[2025-10-28T22:59:45.887+0000] {processor.py:839} INFO - DAG(s) dict_keys(['sodai_drinks_production_pipeline']) retrieved from /opt/airflow/dags/pipeline_productivo.py
[2025-10-28T22:59:45.953+0000] {logging_mixin.py:154} INFO - [2025-10-28T22:59:45.952+0000] {dag.py:2941} INFO - Sync 1 DAGs
[2025-10-28T22:59:45.995+0000] {logging_mixin.py:154} INFO - [2025-10-28T22:59:45.995+0000] {dag.py:3722} INFO - Setting next_dagrun for sodai_drinks_production_pipeline to 2025-10-26T00:00:00+00:00, run_after=2025-11-02T00:00:00+00:00
[2025-10-28T22:59:46.015+0000] {processor.py:179} INFO - Processing /opt/airflow/dags/pipeline_productivo.py took 1.858 seconds
[2025-10-28T23:00:16.541+0000] {processor.py:157} INFO - Started process (PID=420) to work on /opt/airflow/dags/pipeline_productivo.py
[2025-10-28T23:00:16.543+0000] {processor.py:829} INFO - Processing file /opt/airflow/dags/pipeline_productivo.py for tasks to queue
[2025-10-28T23:00:16.544+0000] {logging_mixin.py:154} INFO - [2025-10-28T23:00:16.544+0000] {dagbag.py:536} INFO - Filling up the DagBag from /opt/airflow/dags/pipeline_productivo.py
[2025-10-28T23:00:18.489+0000] {processor.py:839} INFO - DAG(s) dict_keys(['sodai_drinks_production_pipeline']) retrieved from /opt/airflow/dags/pipeline_productivo.py
[2025-10-28T23:00:18.546+0000] {logging_mixin.py:154} INFO - [2025-10-28T23:00:18.545+0000] {dag.py:2941} INFO - Sync 1 DAGs
[2025-10-28T23:00:18.586+0000] {logging_mixin.py:154} INFO - [2025-10-28T23:00:18.586+0000] {dag.py:3722} INFO - Setting next_dagrun for sodai_drinks_production_pipeline to 2025-10-26T00:00:00+00:00, run_after=2025-11-02T00:00:00+00:00
[2025-10-28T23:00:18.603+0000] {processor.py:179} INFO - Processing /opt/airflow/dags/pipeline_productivo.py took 2.071 seconds
[2025-10-28T23:00:49.225+0000] {processor.py:157} INFO - Started process (PID=475) to work on /opt/airflow/dags/pipeline_productivo.py
[2025-10-28T23:00:49.228+0000] {processor.py:829} INFO - Processing file /opt/airflow/dags/pipeline_productivo.py for tasks to queue
[2025-10-28T23:00:49.229+0000] {logging_mixin.py:154} INFO - [2025-10-28T23:00:49.228+0000] {dagbag.py:536} INFO - Filling up the DagBag from /opt/airflow/dags/pipeline_productivo.py
[2025-10-28T23:00:50.700+0000] {processor.py:839} INFO - DAG(s) dict_keys(['sodai_drinks_production_pipeline']) retrieved from /opt/airflow/dags/pipeline_productivo.py
[2025-10-28T23:00:50.727+0000] {logging_mixin.py:154} INFO - [2025-10-28T23:00:50.727+0000] {dag.py:2941} INFO - Sync 1 DAGs
[2025-10-28T23:00:50.740+0000] {logging_mixin.py:154} INFO - [2025-10-28T23:00:50.740+0000] {dag.py:3722} INFO - Setting next_dagrun for sodai_drinks_production_pipeline to 2025-10-26T00:00:00+00:00, run_after=2025-11-02T00:00:00+00:00
[2025-10-28T23:00:50.750+0000] {processor.py:179} INFO - Processing /opt/airflow/dags/pipeline_productivo.py took 1.532 seconds
[2025-10-28T23:01:20.998+0000] {processor.py:157} INFO - Started process (PID=530) to work on /opt/airflow/dags/pipeline_productivo.py
[2025-10-28T23:01:21.001+0000] {processor.py:829} INFO - Processing file /opt/airflow/dags/pipeline_productivo.py for tasks to queue
[2025-10-28T23:01:21.002+0000] {logging_mixin.py:154} INFO - [2025-10-28T23:01:21.001+0000] {dagbag.py:536} INFO - Filling up the DagBag from /opt/airflow/dags/pipeline_productivo.py
[2025-10-28T23:01:22.438+0000] {processor.py:839} INFO - DAG(s) dict_keys(['sodai_drinks_production_pipeline']) retrieved from /opt/airflow/dags/pipeline_productivo.py
[2025-10-28T23:01:22.476+0000] {logging_mixin.py:154} INFO - [2025-10-28T23:01:22.475+0000] {dag.py:2941} INFO - Sync 1 DAGs
[2025-10-28T23:01:22.492+0000] {logging_mixin.py:154} INFO - [2025-10-28T23:01:22.492+0000] {dag.py:3722} INFO - Setting next_dagrun for sodai_drinks_production_pipeline to 2025-10-26T00:00:00+00:00, run_after=2025-11-02T00:00:00+00:00
[2025-10-28T23:01:22.501+0000] {processor.py:179} INFO - Processing /opt/airflow/dags/pipeline_productivo.py took 1.510 seconds
[2025-10-28T23:01:53.078+0000] {processor.py:157} INFO - Started process (PID=594) to work on /opt/airflow/dags/pipeline_productivo.py
[2025-10-28T23:01:53.081+0000] {processor.py:829} INFO - Processing file /opt/airflow/dags/pipeline_productivo.py for tasks to queue
[2025-10-28T23:01:53.082+0000] {logging_mixin.py:154} INFO - [2025-10-28T23:01:53.082+0000] {dagbag.py:536} INFO - Filling up the DagBag from /opt/airflow/dags/pipeline_productivo.py
[2025-10-28T23:01:56.130+0000] {processor.py:839} INFO - DAG(s) dict_keys(['sodai_drinks_production_pipeline']) retrieved from /opt/airflow/dags/pipeline_productivo.py
[2025-10-28T23:01:56.194+0000] {logging_mixin.py:154} INFO - [2025-10-28T23:01:56.193+0000] {dag.py:2941} INFO - Sync 1 DAGs
[2025-10-28T23:01:56.250+0000] {logging_mixin.py:154} INFO - [2025-10-28T23:01:56.250+0000] {dag.py:3722} INFO - Setting next_dagrun for sodai_drinks_production_pipeline to 2025-10-26T00:00:00+00:00, run_after=2025-11-02T00:00:00+00:00
[2025-10-28T23:01:56.276+0000] {processor.py:179} INFO - Processing /opt/airflow/dags/pipeline_productivo.py took 3.210 seconds
[2025-10-28T23:02:26.506+0000] {processor.py:157} INFO - Started process (PID=719) to work on /opt/airflow/dags/pipeline_productivo.py
[2025-10-28T23:02:26.507+0000] {processor.py:829} INFO - Processing file /opt/airflow/dags/pipeline_productivo.py for tasks to queue
[2025-10-28T23:02:26.508+0000] {logging_mixin.py:154} INFO - [2025-10-28T23:02:26.508+0000] {dagbag.py:536} INFO - Filling up the DagBag from /opt/airflow/dags/pipeline_productivo.py
[2025-10-28T23:02:27.856+0000] {processor.py:839} INFO - DAG(s) dict_keys(['sodai_drinks_production_pipeline']) retrieved from /opt/airflow/dags/pipeline_productivo.py
[2025-10-28T23:02:27.887+0000] {logging_mixin.py:154} INFO - [2025-10-28T23:02:27.887+0000] {dag.py:2941} INFO - Sync 1 DAGs
[2025-10-28T23:02:27.898+0000] {logging_mixin.py:154} INFO - [2025-10-28T23:02:27.898+0000] {dag.py:3722} INFO - Setting next_dagrun for sodai_drinks_production_pipeline to 2025-10-26T00:00:00+00:00, run_after=2025-11-02T00:00:00+00:00
[2025-10-28T23:02:27.906+0000] {processor.py:179} INFO - Processing /opt/airflow/dags/pipeline_productivo.py took 1.405 seconds
[2025-10-28T23:02:58.207+0000] {processor.py:157} INFO - Started process (PID=843) to work on /opt/airflow/dags/pipeline_productivo.py
[2025-10-28T23:02:58.209+0000] {processor.py:829} INFO - Processing file /opt/airflow/dags/pipeline_productivo.py for tasks to queue
[2025-10-28T23:02:58.212+0000] {logging_mixin.py:154} INFO - [2025-10-28T23:02:58.210+0000] {dagbag.py:536} INFO - Filling up the DagBag from /opt/airflow/dags/pipeline_productivo.py
[2025-10-28T23:03:00.570+0000] {processor.py:839} INFO - DAG(s) dict_keys(['sodai_drinks_production_pipeline']) retrieved from /opt/airflow/dags/pipeline_productivo.py
[2025-10-28T23:03:00.643+0000] {logging_mixin.py:154} INFO - [2025-10-28T23:03:00.643+0000] {dag.py:2941} INFO - Sync 1 DAGs
[2025-10-28T23:03:00.684+0000] {logging_mixin.py:154} INFO - [2025-10-28T23:03:00.683+0000] {dag.py:3722} INFO - Setting next_dagrun for sodai_drinks_production_pipeline to 2025-10-26T00:00:00+00:00, run_after=2025-11-02T00:00:00+00:00
[2025-10-28T23:03:00.698+0000] {processor.py:179} INFO - Processing /opt/airflow/dags/pipeline_productivo.py took 2.501 seconds
[2025-10-28T23:03:31.301+0000] {processor.py:157} INFO - Started process (PID=953) to work on /opt/airflow/dags/pipeline_productivo.py
[2025-10-28T23:03:31.308+0000] {processor.py:829} INFO - Processing file /opt/airflow/dags/pipeline_productivo.py for tasks to queue
[2025-10-28T23:03:31.311+0000] {logging_mixin.py:154} INFO - [2025-10-28T23:03:31.310+0000] {dagbag.py:536} INFO - Filling up the DagBag from /opt/airflow/dags/pipeline_productivo.py
[2025-10-28T23:03:32.848+0000] {processor.py:839} INFO - DAG(s) dict_keys(['sodai_drinks_production_pipeline']) retrieved from /opt/airflow/dags/pipeline_productivo.py
[2025-10-28T23:03:32.879+0000] {logging_mixin.py:154} INFO - [2025-10-28T23:03:32.879+0000] {dag.py:2941} INFO - Sync 1 DAGs
[2025-10-28T23:03:32.902+0000] {logging_mixin.py:154} INFO - [2025-10-28T23:03:32.902+0000] {dag.py:3722} INFO - Setting next_dagrun for sodai_drinks_production_pipeline to 2025-10-26T00:00:00+00:00, run_after=2025-11-02T00:00:00+00:00
[2025-10-28T23:03:32.936+0000] {processor.py:179} INFO - Processing /opt/airflow/dags/pipeline_productivo.py took 1.646 seconds
[2025-10-28T23:04:03.471+0000] {processor.py:157} INFO - Started process (PID=1008) to work on /opt/airflow/dags/pipeline_productivo.py
[2025-10-28T23:04:03.474+0000] {processor.py:829} INFO - Processing file /opt/airflow/dags/pipeline_productivo.py for tasks to queue
[2025-10-28T23:04:03.476+0000] {logging_mixin.py:154} INFO - [2025-10-28T23:04:03.475+0000] {dagbag.py:536} INFO - Filling up the DagBag from /opt/airflow/dags/pipeline_productivo.py
[2025-10-28T23:04:04.795+0000] {processor.py:839} INFO - DAG(s) dict_keys(['sodai_drinks_production_pipeline']) retrieved from /opt/airflow/dags/pipeline_productivo.py
[2025-10-28T23:04:04.834+0000] {logging_mixin.py:154} INFO - [2025-10-28T23:04:04.834+0000] {dag.py:2941} INFO - Sync 1 DAGs
[2025-10-28T23:04:04.855+0000] {logging_mixin.py:154} INFO - [2025-10-28T23:04:04.855+0000] {dag.py:3722} INFO - Setting next_dagrun for sodai_drinks_production_pipeline to 2025-10-26T00:00:00+00:00, run_after=2025-11-02T00:00:00+00:00
[2025-10-28T23:04:04.869+0000] {processor.py:179} INFO - Processing /opt/airflow/dags/pipeline_productivo.py took 1.415 seconds
[2025-10-28T23:04:35.191+0000] {processor.py:157} INFO - Started process (PID=1063) to work on /opt/airflow/dags/pipeline_productivo.py
[2025-10-28T23:04:35.196+0000] {processor.py:829} INFO - Processing file /opt/airflow/dags/pipeline_productivo.py for tasks to queue
[2025-10-28T23:04:35.198+0000] {logging_mixin.py:154} INFO - [2025-10-28T23:04:35.197+0000] {dagbag.py:536} INFO - Filling up the DagBag from /opt/airflow/dags/pipeline_productivo.py
[2025-10-28T23:04:36.859+0000] {processor.py:839} INFO - DAG(s) dict_keys(['sodai_drinks_production_pipeline']) retrieved from /opt/airflow/dags/pipeline_productivo.py
[2025-10-28T23:04:36.883+0000] {logging_mixin.py:154} INFO - [2025-10-28T23:04:36.883+0000] {dag.py:2941} INFO - Sync 1 DAGs
[2025-10-28T23:04:36.896+0000] {logging_mixin.py:154} INFO - [2025-10-28T23:04:36.895+0000] {dag.py:3722} INFO - Setting next_dagrun for sodai_drinks_production_pipeline to 2025-10-26T00:00:00+00:00, run_after=2025-11-02T00:00:00+00:00
[2025-10-28T23:04:36.904+0000] {processor.py:179} INFO - Processing /opt/airflow/dags/pipeline_productivo.py took 1.722 seconds
[2025-10-28T23:05:07.484+0000] {processor.py:157} INFO - Started process (PID=1118) to work on /opt/airflow/dags/pipeline_productivo.py
[2025-10-28T23:05:07.488+0000] {processor.py:829} INFO - Processing file /opt/airflow/dags/pipeline_productivo.py for tasks to queue
[2025-10-28T23:05:07.492+0000] {logging_mixin.py:154} INFO - [2025-10-28T23:05:07.491+0000] {dagbag.py:536} INFO - Filling up the DagBag from /opt/airflow/dags/pipeline_productivo.py
[2025-10-28T23:05:09.855+0000] {processor.py:839} INFO - DAG(s) dict_keys(['sodai_drinks_production_pipeline']) retrieved from /opt/airflow/dags/pipeline_productivo.py
[2025-10-28T23:05:09.878+0000] {logging_mixin.py:154} INFO - [2025-10-28T23:05:09.878+0000] {dag.py:2941} INFO - Sync 1 DAGs
[2025-10-28T23:05:09.889+0000] {logging_mixin.py:154} INFO - [2025-10-28T23:05:09.889+0000] {dag.py:3722} INFO - Setting next_dagrun for sodai_drinks_production_pipeline to 2025-10-26T00:00:00+00:00, run_after=2025-11-02T00:00:00+00:00
[2025-10-28T23:05:09.899+0000] {processor.py:179} INFO - Processing /opt/airflow/dags/pipeline_productivo.py took 2.429 seconds
[2025-10-28T23:05:40.241+0000] {processor.py:157} INFO - Started process (PID=1173) to work on /opt/airflow/dags/pipeline_productivo.py
[2025-10-28T23:05:40.243+0000] {processor.py:829} INFO - Processing file /opt/airflow/dags/pipeline_productivo.py for tasks to queue
[2025-10-28T23:05:40.244+0000] {logging_mixin.py:154} INFO - [2025-10-28T23:05:40.244+0000] {dagbag.py:536} INFO - Filling up the DagBag from /opt/airflow/dags/pipeline_productivo.py
[2025-10-28T23:05:41.546+0000] {processor.py:839} INFO - DAG(s) dict_keys(['sodai_drinks_production_pipeline']) retrieved from /opt/airflow/dags/pipeline_productivo.py
[2025-10-28T23:05:41.567+0000] {logging_mixin.py:154} INFO - [2025-10-28T23:05:41.567+0000] {dag.py:2941} INFO - Sync 1 DAGs
[2025-10-28T23:05:41.579+0000] {logging_mixin.py:154} INFO - [2025-10-28T23:05:41.579+0000] {dag.py:3722} INFO - Setting next_dagrun for sodai_drinks_production_pipeline to 2025-10-26T00:00:00+00:00, run_after=2025-11-02T00:00:00+00:00
[2025-10-28T23:05:41.587+0000] {processor.py:179} INFO - Processing /opt/airflow/dags/pipeline_productivo.py took 1.350 seconds
[2025-10-28T23:06:12.106+0000] {processor.py:157} INFO - Started process (PID=1221) to work on /opt/airflow/dags/pipeline_productivo.py
[2025-10-28T23:06:12.109+0000] {processor.py:829} INFO - Processing file /opt/airflow/dags/pipeline_productivo.py for tasks to queue
[2025-10-28T23:06:12.111+0000] {logging_mixin.py:154} INFO - [2025-10-28T23:06:12.110+0000] {dagbag.py:536} INFO - Filling up the DagBag from /opt/airflow/dags/pipeline_productivo.py
[2025-10-28T23:06:13.646+0000] {processor.py:839} INFO - DAG(s) dict_keys(['sodai_drinks_production_pipeline']) retrieved from /opt/airflow/dags/pipeline_productivo.py
[2025-10-28T23:06:13.670+0000] {logging_mixin.py:154} INFO - [2025-10-28T23:06:13.670+0000] {dag.py:2941} INFO - Sync 1 DAGs
[2025-10-28T23:06:13.683+0000] {logging_mixin.py:154} INFO - [2025-10-28T23:06:13.683+0000] {dag.py:3722} INFO - Setting next_dagrun for sodai_drinks_production_pipeline to 2025-10-26T00:00:00+00:00, run_after=2025-11-02T00:00:00+00:00
[2025-10-28T23:06:13.692+0000] {processor.py:179} INFO - Processing /opt/airflow/dags/pipeline_productivo.py took 1.603 seconds
[2025-10-28T23:06:43.972+0000] {processor.py:157} INFO - Started process (PID=1276) to work on /opt/airflow/dags/pipeline_productivo.py
[2025-10-28T23:06:43.974+0000] {processor.py:829} INFO - Processing file /opt/airflow/dags/pipeline_productivo.py for tasks to queue
[2025-10-28T23:06:43.977+0000] {logging_mixin.py:154} INFO - [2025-10-28T23:06:43.976+0000] {dagbag.py:536} INFO - Filling up the DagBag from /opt/airflow/dags/pipeline_productivo.py
[2025-10-28T23:06:45.438+0000] {processor.py:839} INFO - DAG(s) dict_keys(['sodai_drinks_production_pipeline']) retrieved from /opt/airflow/dags/pipeline_productivo.py
[2025-10-28T23:06:45.466+0000] {logging_mixin.py:154} INFO - [2025-10-28T23:06:45.465+0000] {dag.py:2941} INFO - Sync 1 DAGs
[2025-10-28T23:06:45.477+0000] {logging_mixin.py:154} INFO - [2025-10-28T23:06:45.477+0000] {dag.py:3722} INFO - Setting next_dagrun for sodai_drinks_production_pipeline to 2025-10-26T00:00:00+00:00, run_after=2025-11-02T00:00:00+00:00
[2025-10-28T23:06:45.485+0000] {processor.py:179} INFO - Processing /opt/airflow/dags/pipeline_productivo.py took 1.521 seconds
[2025-10-28T23:07:16.117+0000] {processor.py:157} INFO - Started process (PID=1331) to work on /opt/airflow/dags/pipeline_productivo.py
[2025-10-28T23:07:16.119+0000] {processor.py:829} INFO - Processing file /opt/airflow/dags/pipeline_productivo.py for tasks to queue
[2025-10-28T23:07:16.121+0000] {logging_mixin.py:154} INFO - [2025-10-28T23:07:16.120+0000] {dagbag.py:536} INFO - Filling up the DagBag from /opt/airflow/dags/pipeline_productivo.py
[2025-10-28T23:07:19.266+0000] {processor.py:839} INFO - DAG(s) dict_keys(['sodai_drinks_production_pipeline']) retrieved from /opt/airflow/dags/pipeline_productivo.py
[2025-10-28T23:07:19.281+0000] {logging_mixin.py:154} INFO - [2025-10-28T23:07:19.280+0000] {dag.py:2941} INFO - Sync 1 DAGs
[2025-10-28T23:07:19.291+0000] {logging_mixin.py:154} INFO - [2025-10-28T23:07:19.291+0000] {dag.py:3722} INFO - Setting next_dagrun for sodai_drinks_production_pipeline to 2025-10-26T00:00:00+00:00, run_after=2025-11-02T00:00:00+00:00
[2025-10-28T23:07:19.300+0000] {processor.py:179} INFO - Processing /opt/airflow/dags/pipeline_productivo.py took 3.191 seconds
[2025-10-28T23:07:50.021+0000] {processor.py:157} INFO - Started process (PID=1424) to work on /opt/airflow/dags/pipeline_productivo.py
[2025-10-28T23:07:50.023+0000] {processor.py:829} INFO - Processing file /opt/airflow/dags/pipeline_productivo.py for tasks to queue
[2025-10-28T23:07:50.025+0000] {logging_mixin.py:154} INFO - [2025-10-28T23:07:50.024+0000] {dagbag.py:536} INFO - Filling up the DagBag from /opt/airflow/dags/pipeline_productivo.py
[2025-10-28T23:07:51.705+0000] {processor.py:839} INFO - DAG(s) dict_keys(['sodai_drinks_production_pipeline']) retrieved from /opt/airflow/dags/pipeline_productivo.py
[2025-10-28T23:07:51.743+0000] {logging_mixin.py:154} INFO - [2025-10-28T23:07:51.743+0000] {dag.py:2941} INFO - Sync 1 DAGs
[2025-10-28T23:07:51.768+0000] {logging_mixin.py:154} INFO - [2025-10-28T23:07:51.768+0000] {dag.py:3722} INFO - Setting next_dagrun for sodai_drinks_production_pipeline to 2025-10-26T00:00:00+00:00, run_after=2025-11-02T00:00:00+00:00
[2025-10-28T23:07:51.778+0000] {processor.py:179} INFO - Processing /opt/airflow/dags/pipeline_productivo.py took 1.710 seconds
[2025-10-28T23:08:22.632+0000] {processor.py:157} INFO - Started process (PID=1502) to work on /opt/airflow/dags/pipeline_productivo.py
[2025-10-28T23:08:22.633+0000] {processor.py:829} INFO - Processing file /opt/airflow/dags/pipeline_productivo.py for tasks to queue
[2025-10-28T23:08:22.634+0000] {logging_mixin.py:154} INFO - [2025-10-28T23:08:22.634+0000] {dagbag.py:536} INFO - Filling up the DagBag from /opt/airflow/dags/pipeline_productivo.py
[2025-10-28T23:08:24.269+0000] {processor.py:839} INFO - DAG(s) dict_keys(['sodai_drinks_production_pipeline']) retrieved from /opt/airflow/dags/pipeline_productivo.py
[2025-10-28T23:08:24.300+0000] {logging_mixin.py:154} INFO - [2025-10-28T23:08:24.299+0000] {dag.py:2941} INFO - Sync 1 DAGs
[2025-10-28T23:08:24.321+0000] {logging_mixin.py:154} INFO - [2025-10-28T23:08:24.321+0000] {dag.py:3722} INFO - Setting next_dagrun for sodai_drinks_production_pipeline to 2025-10-26T00:00:00+00:00, run_after=2025-11-02T00:00:00+00:00
[2025-10-28T23:08:24.369+0000] {processor.py:179} INFO - Processing /opt/airflow/dags/pipeline_productivo.py took 1.743 seconds
[2025-10-28T23:08:55.237+0000] {processor.py:157} INFO - Started process (PID=1556) to work on /opt/airflow/dags/pipeline_productivo.py
[2025-10-28T23:08:55.238+0000] {processor.py:829} INFO - Processing file /opt/airflow/dags/pipeline_productivo.py for tasks to queue
[2025-10-28T23:08:55.239+0000] {logging_mixin.py:154} INFO - [2025-10-28T23:08:55.239+0000] {dagbag.py:536} INFO - Filling up the DagBag from /opt/airflow/dags/pipeline_productivo.py
[2025-10-28T23:08:56.748+0000] {processor.py:839} INFO - DAG(s) dict_keys(['sodai_drinks_production_pipeline']) retrieved from /opt/airflow/dags/pipeline_productivo.py
[2025-10-28T23:08:56.783+0000] {logging_mixin.py:154} INFO - [2025-10-28T23:08:56.783+0000] {dag.py:2941} INFO - Sync 1 DAGs
[2025-10-28T23:08:56.803+0000] {logging_mixin.py:154} INFO - [2025-10-28T23:08:56.803+0000] {dag.py:3722} INFO - Setting next_dagrun for sodai_drinks_production_pipeline to 2025-10-26T00:00:00+00:00, run_after=2025-11-02T00:00:00+00:00
[2025-10-28T23:08:56.813+0000] {processor.py:179} INFO - Processing /opt/airflow/dags/pipeline_productivo.py took 1.582 seconds
[2025-10-28T23:09:27.201+0000] {processor.py:157} INFO - Started process (PID=1611) to work on /opt/airflow/dags/pipeline_productivo.py
[2025-10-28T23:09:27.203+0000] {processor.py:829} INFO - Processing file /opt/airflow/dags/pipeline_productivo.py for tasks to queue
[2025-10-28T23:09:27.204+0000] {logging_mixin.py:154} INFO - [2025-10-28T23:09:27.203+0000] {dagbag.py:536} INFO - Filling up the DagBag from /opt/airflow/dags/pipeline_productivo.py
[2025-10-28T23:09:28.483+0000] {processor.py:839} INFO - DAG(s) dict_keys(['sodai_drinks_production_pipeline']) retrieved from /opt/airflow/dags/pipeline_productivo.py
[2025-10-28T23:09:28.500+0000] {logging_mixin.py:154} INFO - [2025-10-28T23:09:28.500+0000] {dag.py:2941} INFO - Sync 1 DAGs
[2025-10-28T23:09:28.511+0000] {logging_mixin.py:154} INFO - [2025-10-28T23:09:28.511+0000] {dag.py:3722} INFO - Setting next_dagrun for sodai_drinks_production_pipeline to 2025-10-26T00:00:00+00:00, run_after=2025-11-02T00:00:00+00:00
[2025-10-28T23:09:28.520+0000] {processor.py:179} INFO - Processing /opt/airflow/dags/pipeline_productivo.py took 1.323 seconds
[2025-10-28T23:09:58.818+0000] {processor.py:157} INFO - Started process (PID=1666) to work on /opt/airflow/dags/pipeline_productivo.py
[2025-10-28T23:09:58.823+0000] {processor.py:829} INFO - Processing file /opt/airflow/dags/pipeline_productivo.py for tasks to queue
[2025-10-28T23:09:58.824+0000] {logging_mixin.py:154} INFO - [2025-10-28T23:09:58.824+0000] {dagbag.py:536} INFO - Filling up the DagBag from /opt/airflow/dags/pipeline_productivo.py
[2025-10-28T23:10:00.377+0000] {processor.py:839} INFO - DAG(s) dict_keys(['sodai_drinks_production_pipeline']) retrieved from /opt/airflow/dags/pipeline_productivo.py
[2025-10-28T23:10:00.414+0000] {logging_mixin.py:154} INFO - [2025-10-28T23:10:00.414+0000] {dag.py:2941} INFO - Sync 1 DAGs
[2025-10-28T23:10:00.430+0000] {logging_mixin.py:154} INFO - [2025-10-28T23:10:00.429+0000] {dag.py:3722} INFO - Setting next_dagrun for sodai_drinks_production_pipeline to 2025-10-26T00:00:00+00:00, run_after=2025-11-02T00:00:00+00:00
[2025-10-28T23:10:00.441+0000] {processor.py:179} INFO - Processing /opt/airflow/dags/pipeline_productivo.py took 1.635 seconds
[2025-10-28T23:10:30.534+0000] {processor.py:157} INFO - Started process (PID=1721) to work on /opt/airflow/dags/pipeline_productivo.py
[2025-10-28T23:10:30.536+0000] {processor.py:829} INFO - Processing file /opt/airflow/dags/pipeline_productivo.py for tasks to queue
[2025-10-28T23:10:30.538+0000] {logging_mixin.py:154} INFO - [2025-10-28T23:10:30.537+0000] {dagbag.py:536} INFO - Filling up the DagBag from /opt/airflow/dags/pipeline_productivo.py
[2025-10-28T23:10:32.006+0000] {processor.py:839} INFO - DAG(s) dict_keys(['sodai_drinks_production_pipeline']) retrieved from /opt/airflow/dags/pipeline_productivo.py
[2025-10-28T23:10:32.046+0000] {logging_mixin.py:154} INFO - [2025-10-28T23:10:32.046+0000] {dag.py:2941} INFO - Sync 1 DAGs
[2025-10-28T23:10:32.063+0000] {logging_mixin.py:154} INFO - [2025-10-28T23:10:32.063+0000] {dag.py:3722} INFO - Setting next_dagrun for sodai_drinks_production_pipeline to 2025-10-26T00:00:00+00:00, run_after=2025-11-02T00:00:00+00:00
[2025-10-28T23:10:32.075+0000] {processor.py:179} INFO - Processing /opt/airflow/dags/pipeline_productivo.py took 1.549 seconds
[2025-10-28T23:11:02.274+0000] {processor.py:157} INFO - Started process (PID=1769) to work on /opt/airflow/dags/pipeline_productivo.py
[2025-10-28T23:11:02.277+0000] {processor.py:829} INFO - Processing file /opt/airflow/dags/pipeline_productivo.py for tasks to queue
[2025-10-28T23:11:02.278+0000] {logging_mixin.py:154} INFO - [2025-10-28T23:11:02.277+0000] {dagbag.py:536} INFO - Filling up the DagBag from /opt/airflow/dags/pipeline_productivo.py
[2025-10-28T23:11:04.238+0000] {processor.py:839} INFO - DAG(s) dict_keys(['sodai_drinks_production_pipeline']) retrieved from /opt/airflow/dags/pipeline_productivo.py
[2025-10-28T23:11:04.267+0000] {logging_mixin.py:154} INFO - [2025-10-28T23:11:04.267+0000] {dag.py:2941} INFO - Sync 1 DAGs
[2025-10-28T23:11:04.281+0000] {logging_mixin.py:154} INFO - [2025-10-28T23:11:04.281+0000] {dag.py:3722} INFO - Setting next_dagrun for sodai_drinks_production_pipeline to 2025-10-26T00:00:00+00:00, run_after=2025-11-02T00:00:00+00:00
[2025-10-28T23:11:04.290+0000] {processor.py:179} INFO - Processing /opt/airflow/dags/pipeline_productivo.py took 2.034 seconds
[2025-10-28T23:11:34.856+0000] {processor.py:157} INFO - Started process (PID=1824) to work on /opt/airflow/dags/pipeline_productivo.py
[2025-10-28T23:11:34.859+0000] {processor.py:829} INFO - Processing file /opt/airflow/dags/pipeline_productivo.py for tasks to queue
[2025-10-28T23:11:34.861+0000] {logging_mixin.py:154} INFO - [2025-10-28T23:11:34.860+0000] {dagbag.py:536} INFO - Filling up the DagBag from /opt/airflow/dags/pipeline_productivo.py
[2025-10-28T23:11:36.331+0000] {processor.py:839} INFO - DAG(s) dict_keys(['sodai_drinks_production_pipeline']) retrieved from /opt/airflow/dags/pipeline_productivo.py
[2025-10-28T23:11:36.360+0000] {logging_mixin.py:154} INFO - [2025-10-28T23:11:36.359+0000] {dag.py:2941} INFO - Sync 1 DAGs
[2025-10-28T23:11:36.372+0000] {logging_mixin.py:154} INFO - [2025-10-28T23:11:36.372+0000] {dag.py:3722} INFO - Setting next_dagrun for sodai_drinks_production_pipeline to 2025-10-26T00:00:00+00:00, run_after=2025-11-02T00:00:00+00:00
[2025-10-28T23:11:36.381+0000] {processor.py:179} INFO - Processing /opt/airflow/dags/pipeline_productivo.py took 1.533 seconds
[2025-10-28T23:12:06.910+0000] {processor.py:157} INFO - Started process (PID=1879) to work on /opt/airflow/dags/pipeline_productivo.py
[2025-10-28T23:12:06.912+0000] {processor.py:829} INFO - Processing file /opt/airflow/dags/pipeline_productivo.py for tasks to queue
[2025-10-28T23:12:06.913+0000] {logging_mixin.py:154} INFO - [2025-10-28T23:12:06.913+0000] {dagbag.py:536} INFO - Filling up the DagBag from /opt/airflow/dags/pipeline_productivo.py
[2025-10-28T23:12:09.451+0000] {processor.py:839} INFO - DAG(s) dict_keys(['sodai_drinks_production_pipeline']) retrieved from /opt/airflow/dags/pipeline_productivo.py
[2025-10-28T23:12:09.493+0000] {logging_mixin.py:154} INFO - [2025-10-28T23:12:09.493+0000] {dag.py:2941} INFO - Sync 1 DAGs
[2025-10-28T23:12:09.518+0000] {logging_mixin.py:154} INFO - [2025-10-28T23:12:09.517+0000] {dag.py:3722} INFO - Setting next_dagrun for sodai_drinks_production_pipeline to 2025-10-26T00:00:00+00:00, run_after=2025-11-02T00:00:00+00:00
[2025-10-28T23:12:09.532+0000] {processor.py:179} INFO - Processing /opt/airflow/dags/pipeline_productivo.py took 2.629 seconds
[2025-10-28T23:12:40.129+0000] {processor.py:157} INFO - Started process (PID=1934) to work on /opt/airflow/dags/pipeline_productivo.py
[2025-10-28T23:12:40.131+0000] {processor.py:829} INFO - Processing file /opt/airflow/dags/pipeline_productivo.py for tasks to queue
[2025-10-28T23:12:40.132+0000] {logging_mixin.py:154} INFO - [2025-10-28T23:12:40.132+0000] {dagbag.py:536} INFO - Filling up the DagBag from /opt/airflow/dags/pipeline_productivo.py
[2025-10-28T23:12:41.698+0000] {processor.py:839} INFO - DAG(s) dict_keys(['sodai_drinks_production_pipeline']) retrieved from /opt/airflow/dags/pipeline_productivo.py
[2025-10-28T23:12:41.721+0000] {logging_mixin.py:154} INFO - [2025-10-28T23:12:41.721+0000] {dag.py:2941} INFO - Sync 1 DAGs
[2025-10-28T23:12:41.735+0000] {logging_mixin.py:154} INFO - [2025-10-28T23:12:41.735+0000] {dag.py:3722} INFO - Setting next_dagrun for sodai_drinks_production_pipeline to 2025-10-26T00:00:00+00:00, run_after=2025-11-02T00:00:00+00:00
[2025-10-28T23:12:41.744+0000] {processor.py:179} INFO - Processing /opt/airflow/dags/pipeline_productivo.py took 1.624 seconds
[2025-10-28T23:13:12.166+0000] {processor.py:157} INFO - Started process (PID=1989) to work on /opt/airflow/dags/pipeline_productivo.py
[2025-10-28T23:13:12.167+0000] {processor.py:829} INFO - Processing file /opt/airflow/dags/pipeline_productivo.py for tasks to queue
[2025-10-28T23:13:12.168+0000] {logging_mixin.py:154} INFO - [2025-10-28T23:13:12.168+0000] {dagbag.py:536} INFO - Filling up the DagBag from /opt/airflow/dags/pipeline_productivo.py
[2025-10-28T23:13:13.717+0000] {processor.py:839} INFO - DAG(s) dict_keys(['sodai_drinks_production_pipeline']) retrieved from /opt/airflow/dags/pipeline_productivo.py
[2025-10-28T23:13:13.749+0000] {logging_mixin.py:154} INFO - [2025-10-28T23:13:13.748+0000] {dag.py:2941} INFO - Sync 1 DAGs
[2025-10-28T23:13:13.763+0000] {logging_mixin.py:154} INFO - [2025-10-28T23:13:13.763+0000] {dag.py:3722} INFO - Setting next_dagrun for sodai_drinks_production_pipeline to 2025-10-26T00:00:00+00:00, run_after=2025-11-02T00:00:00+00:00
[2025-10-28T23:13:13.777+0000] {processor.py:179} INFO - Processing /opt/airflow/dags/pipeline_productivo.py took 1.614 seconds
[2025-10-28T23:13:44.285+0000] {processor.py:157} INFO - Started process (PID=2037) to work on /opt/airflow/dags/pipeline_productivo.py
[2025-10-28T23:13:44.288+0000] {processor.py:829} INFO - Processing file /opt/airflow/dags/pipeline_productivo.py for tasks to queue
[2025-10-28T23:13:44.290+0000] {logging_mixin.py:154} INFO - [2025-10-28T23:13:44.289+0000] {dagbag.py:536} INFO - Filling up the DagBag from /opt/airflow/dags/pipeline_productivo.py
[2025-10-28T23:13:45.869+0000] {processor.py:839} INFO - DAG(s) dict_keys(['sodai_drinks_production_pipeline']) retrieved from /opt/airflow/dags/pipeline_productivo.py
[2025-10-28T23:13:45.899+0000] {logging_mixin.py:154} INFO - [2025-10-28T23:13:45.898+0000] {dag.py:2941} INFO - Sync 1 DAGs
[2025-10-28T23:13:45.927+0000] {logging_mixin.py:154} INFO - [2025-10-28T23:13:45.926+0000] {dag.py:3722} INFO - Setting next_dagrun for sodai_drinks_production_pipeline to 2025-10-26T00:00:00+00:00, run_after=2025-11-02T00:00:00+00:00
[2025-10-28T23:13:45.945+0000] {processor.py:179} INFO - Processing /opt/airflow/dags/pipeline_productivo.py took 1.672 seconds
[2025-10-28T23:14:16.610+0000] {processor.py:157} INFO - Started process (PID=2092) to work on /opt/airflow/dags/pipeline_productivo.py
[2025-10-28T23:14:16.614+0000] {processor.py:829} INFO - Processing file /opt/airflow/dags/pipeline_productivo.py for tasks to queue
[2025-10-28T23:14:16.615+0000] {logging_mixin.py:154} INFO - [2025-10-28T23:14:16.615+0000] {dagbag.py:536} INFO - Filling up the DagBag from /opt/airflow/dags/pipeline_productivo.py
[2025-10-28T23:14:18.035+0000] {processor.py:839} INFO - DAG(s) dict_keys(['sodai_drinks_production_pipeline']) retrieved from /opt/airflow/dags/pipeline_productivo.py
[2025-10-28T23:14:18.057+0000] {logging_mixin.py:154} INFO - [2025-10-28T23:14:18.057+0000] {dag.py:2941} INFO - Sync 1 DAGs
[2025-10-28T23:14:18.068+0000] {logging_mixin.py:154} INFO - [2025-10-28T23:14:18.068+0000] {dag.py:3722} INFO - Setting next_dagrun for sodai_drinks_production_pipeline to 2025-10-26T00:00:00+00:00, run_after=2025-11-02T00:00:00+00:00
[2025-10-28T23:14:18.076+0000] {processor.py:179} INFO - Processing /opt/airflow/dags/pipeline_productivo.py took 1.473 seconds
[2025-10-28T23:14:48.323+0000] {processor.py:157} INFO - Started process (PID=2147) to work on /opt/airflow/dags/pipeline_productivo.py
[2025-10-28T23:14:48.326+0000] {processor.py:829} INFO - Processing file /opt/airflow/dags/pipeline_productivo.py for tasks to queue
[2025-10-28T23:14:48.327+0000] {logging_mixin.py:154} INFO - [2025-10-28T23:14:48.326+0000] {dagbag.py:536} INFO - Filling up the DagBag from /opt/airflow/dags/pipeline_productivo.py
[2025-10-28T23:14:49.741+0000] {processor.py:839} INFO - DAG(s) dict_keys(['sodai_drinks_production_pipeline']) retrieved from /opt/airflow/dags/pipeline_productivo.py
[2025-10-28T23:14:49.766+0000] {logging_mixin.py:154} INFO - [2025-10-28T23:14:49.766+0000] {dag.py:2941} INFO - Sync 1 DAGs
[2025-10-28T23:14:49.779+0000] {logging_mixin.py:154} INFO - [2025-10-28T23:14:49.778+0000] {dag.py:3722} INFO - Setting next_dagrun for sodai_drinks_production_pipeline to 2025-10-26T00:00:00+00:00, run_after=2025-11-02T00:00:00+00:00
[2025-10-28T23:14:49.787+0000] {processor.py:179} INFO - Processing /opt/airflow/dags/pipeline_productivo.py took 1.476 seconds
[2025-10-28T23:15:20.276+0000] {processor.py:157} INFO - Started process (PID=2202) to work on /opt/airflow/dags/pipeline_productivo.py
[2025-10-28T23:15:20.278+0000] {processor.py:829} INFO - Processing file /opt/airflow/dags/pipeline_productivo.py for tasks to queue
[2025-10-28T23:15:20.279+0000] {logging_mixin.py:154} INFO - [2025-10-28T23:15:20.278+0000] {dagbag.py:536} INFO - Filling up the DagBag from /opt/airflow/dags/pipeline_productivo.py
[2025-10-28T23:15:21.558+0000] {processor.py:839} INFO - DAG(s) dict_keys(['sodai_drinks_production_pipeline']) retrieved from /opt/airflow/dags/pipeline_productivo.py
[2025-10-28T23:15:21.573+0000] {logging_mixin.py:154} INFO - [2025-10-28T23:15:21.573+0000] {dag.py:2941} INFO - Sync 1 DAGs
[2025-10-28T23:15:21.588+0000] {logging_mixin.py:154} INFO - [2025-10-28T23:15:21.587+0000] {dag.py:3722} INFO - Setting next_dagrun for sodai_drinks_production_pipeline to 2025-10-26T00:00:00+00:00, run_after=2025-11-02T00:00:00+00:00
[2025-10-28T23:15:21.596+0000] {processor.py:179} INFO - Processing /opt/airflow/dags/pipeline_productivo.py took 1.334 seconds
[2025-10-28T23:15:51.752+0000] {processor.py:157} INFO - Started process (PID=2250) to work on /opt/airflow/dags/pipeline_productivo.py
[2025-10-28T23:15:51.754+0000] {processor.py:829} INFO - Processing file /opt/airflow/dags/pipeline_productivo.py for tasks to queue
[2025-10-28T23:15:51.756+0000] {logging_mixin.py:154} INFO - [2025-10-28T23:15:51.755+0000] {dagbag.py:536} INFO - Filling up the DagBag from /opt/airflow/dags/pipeline_productivo.py
[2025-10-28T23:15:53.346+0000] {processor.py:839} INFO - DAG(s) dict_keys(['sodai_drinks_production_pipeline']) retrieved from /opt/airflow/dags/pipeline_productivo.py
[2025-10-28T23:15:53.369+0000] {logging_mixin.py:154} INFO - [2025-10-28T23:15:53.368+0000] {dag.py:2941} INFO - Sync 1 DAGs
[2025-10-28T23:15:53.381+0000] {logging_mixin.py:154} INFO - [2025-10-28T23:15:53.381+0000] {dag.py:3722} INFO - Setting next_dagrun for sodai_drinks_production_pipeline to 2025-10-26T00:00:00+00:00, run_after=2025-11-02T00:00:00+00:00
[2025-10-28T23:15:53.392+0000] {processor.py:179} INFO - Processing /opt/airflow/dags/pipeline_productivo.py took 1.653 seconds
[2025-10-28T23:16:03.578+0000] {processor.py:157} INFO - Started process (PID=163) to work on /opt/airflow/dags/pipeline_productivo.py
[2025-10-28T23:16:03.619+0000] {processor.py:829} INFO - Processing file /opt/airflow/dags/pipeline_productivo.py for tasks to queue
[2025-10-28T23:16:03.628+0000] {logging_mixin.py:154} INFO - [2025-10-28T23:16:03.627+0000] {dagbag.py:536} INFO - Filling up the DagBag from /opt/airflow/dags/pipeline_productivo.py
[2025-10-28T23:16:07.343+0000] {processor.py:839} INFO - DAG(s) dict_keys(['sodai_drinks_production_pipeline']) retrieved from /opt/airflow/dags/pipeline_productivo.py
[2025-10-28T23:16:07.404+0000] {logging_mixin.py:154} INFO - [2025-10-28T23:16:07.403+0000] {dag.py:2941} INFO - Sync 1 DAGs
[2025-10-28T23:16:07.438+0000] {logging_mixin.py:154} INFO - [2025-10-28T23:16:07.438+0000] {dag.py:3722} INFO - Setting next_dagrun for sodai_drinks_production_pipeline to 2025-10-26T00:00:00+00:00, run_after=2025-11-02T00:00:00+00:00
[2025-10-28T23:16:07.466+0000] {processor.py:179} INFO - Processing /opt/airflow/dags/pipeline_productivo.py took 3.907 seconds
[2025-10-28T23:16:37.939+0000] {processor.py:157} INFO - Started process (PID=328) to work on /opt/airflow/dags/pipeline_productivo.py
[2025-10-28T23:16:37.953+0000] {processor.py:829} INFO - Processing file /opt/airflow/dags/pipeline_productivo.py for tasks to queue
[2025-10-28T23:16:37.962+0000] {logging_mixin.py:154} INFO - [2025-10-28T23:16:37.960+0000] {dagbag.py:536} INFO - Filling up the DagBag from /opt/airflow/dags/pipeline_productivo.py
[2025-10-28T23:16:56.603+0000] {processor.py:839} INFO - DAG(s) dict_keys(['sodai_drinks_production_pipeline']) retrieved from /opt/airflow/dags/pipeline_productivo.py
[2025-10-28T23:16:56.714+0000] {logging_mixin.py:154} INFO - [2025-10-28T23:16:56.713+0000] {dag.py:2941} INFO - Sync 1 DAGs
[2025-10-28T23:16:56.753+0000] {logging_mixin.py:154} INFO - [2025-10-28T23:16:56.753+0000] {dag.py:3722} INFO - Setting next_dagrun for sodai_drinks_production_pipeline to 2025-10-26T00:00:00+00:00, run_after=2025-11-02T00:00:00+00:00
[2025-10-28T23:16:56.779+0000] {processor.py:179} INFO - Processing /opt/airflow/dags/pipeline_productivo.py took 18.895 seconds
[2025-10-28T23:17:05.134+0000] {processor.py:157} INFO - Started process (PID=416) to work on /opt/airflow/dags/pipeline_productivo.py
[2025-10-28T23:17:05.136+0000] {processor.py:829} INFO - Processing file /opt/airflow/dags/pipeline_productivo.py for tasks to queue
[2025-10-28T23:17:05.137+0000] {logging_mixin.py:154} INFO - [2025-10-28T23:17:05.136+0000] {dagbag.py:536} INFO - Filling up the DagBag from /opt/airflow/dags/pipeline_productivo.py
[2025-10-28T23:17:06.619+0000] {processor.py:839} INFO - DAG(s) dict_keys(['sodai_drinks_production_pipeline']) retrieved from /opt/airflow/dags/pipeline_productivo.py
[2025-10-28T23:17:06.631+0000] {logging_mixin.py:154} INFO - [2025-10-28T23:17:06.631+0000] {taskinstance.py:1939} ERROR - {'DAG Id': 'sodai_drinks_production_pipeline', 'Task Id': 'preprocess_data', 'Run Id': 'manual__2025-10-28T22:25:33.221789+00:00', 'Hostname': 'ee70ee0df05e'}
[2025-10-28T23:17:06.637+0000] {logging_mixin.py:154} INFO - [2025-10-28T23:17:06.637+0000] {taskinstance.py:1400} INFO - Marking task as UP_FOR_RETRY. dag_id=sodai_drinks_production_pipeline, task_id=preprocess_data, execution_date=20251028T222533, start_date=20251028T231618, end_date=20251028T231706
[2025-10-28T23:17:06.641+0000] {processor.py:790} INFO - Executed failure callback for <TaskInstance: sodai_drinks_production_pipeline.preprocess_data manual__2025-10-28T22:25:33.221789+00:00 [up_for_retry]> in state up_for_retry
[2025-10-28T23:17:06.642+0000] {logging_mixin.py:154} INFO - [2025-10-28T23:17:06.642+0000] {taskinstance.py:1939} ERROR - {'DAG Id': 'sodai_drinks_production_pipeline', 'Task Id': 'preprocess_data', 'Run Id': 'manual__2025-10-28T22:25:33.221789+00:00', 'Hostname': 'ee70ee0df05e'}
[2025-10-28T23:17:06.645+0000] {logging_mixin.py:154} INFO - [2025-10-28T23:17:06.645+0000] {taskinstance.py:1400} INFO - Marking task as FAILED. dag_id=sodai_drinks_production_pipeline, task_id=preprocess_data, execution_date=20251028T222533, start_date=20251028T231618, end_date=20251028T231706
[2025-10-28T23:17:06.646+0000] {processor.py:790} INFO - Executed failure callback for <TaskInstance: sodai_drinks_production_pipeline.preprocess_data manual__2025-10-28T22:25:33.221789+00:00 [failed]> in state failed
[2025-10-28T23:17:06.656+0000] {logging_mixin.py:154} INFO - [2025-10-28T23:17:06.655+0000] {dag.py:2941} INFO - Sync 1 DAGs
[2025-10-28T23:17:06.674+0000] {logging_mixin.py:154} INFO - [2025-10-28T23:17:06.674+0000] {dag.py:3722} INFO - Setting next_dagrun for sodai_drinks_production_pipeline to 2025-10-26T00:00:00+00:00, run_after=2025-11-02T00:00:00+00:00
[2025-10-28T23:17:06.684+0000] {processor.py:179} INFO - Processing /opt/airflow/dags/pipeline_productivo.py took 1.557 seconds
[2025-10-28T23:17:36.713+0000] {processor.py:157} INFO - Started process (PID=472) to work on /opt/airflow/dags/pipeline_productivo.py
[2025-10-28T23:17:36.714+0000] {processor.py:829} INFO - Processing file /opt/airflow/dags/pipeline_productivo.py for tasks to queue
[2025-10-28T23:17:36.715+0000] {logging_mixin.py:154} INFO - [2025-10-28T23:17:36.715+0000] {dagbag.py:536} INFO - Filling up the DagBag from /opt/airflow/dags/pipeline_productivo.py
[2025-10-28T23:17:38.510+0000] {processor.py:839} INFO - DAG(s) dict_keys(['sodai_drinks_production_pipeline']) retrieved from /opt/airflow/dags/pipeline_productivo.py
[2025-10-28T23:17:38.531+0000] {logging_mixin.py:154} INFO - [2025-10-28T23:17:38.530+0000] {dag.py:2941} INFO - Sync 1 DAGs
[2025-10-28T23:17:38.542+0000] {logging_mixin.py:154} INFO - [2025-10-28T23:17:38.542+0000] {dag.py:3722} INFO - Setting next_dagrun for sodai_drinks_production_pipeline to 2025-10-26T00:00:00+00:00, run_after=2025-11-02T00:00:00+00:00
[2025-10-28T23:17:38.549+0000] {processor.py:179} INFO - Processing /opt/airflow/dags/pipeline_productivo.py took 1.838 seconds
[2025-10-28T23:18:09.452+0000] {processor.py:157} INFO - Started process (PID=532) to work on /opt/airflow/dags/pipeline_productivo.py
[2025-10-28T23:18:09.454+0000] {processor.py:829} INFO - Processing file /opt/airflow/dags/pipeline_productivo.py for tasks to queue
[2025-10-28T23:18:09.455+0000] {logging_mixin.py:154} INFO - [2025-10-28T23:18:09.454+0000] {dagbag.py:536} INFO - Filling up the DagBag from /opt/airflow/dags/pipeline_productivo.py
[2025-10-28T23:18:11.951+0000] {processor.py:839} INFO - DAG(s) dict_keys(['sodai_drinks_production_pipeline']) retrieved from /opt/airflow/dags/pipeline_productivo.py
[2025-10-28T23:18:12.011+0000] {logging_mixin.py:154} INFO - [2025-10-28T23:18:12.009+0000] {dag.py:2941} INFO - Sync 1 DAGs
[2025-10-28T23:18:12.045+0000] {logging_mixin.py:154} INFO - [2025-10-28T23:18:12.044+0000] {dag.py:3722} INFO - Setting next_dagrun for sodai_drinks_production_pipeline to 2025-10-26T00:00:00+00:00, run_after=2025-11-02T00:00:00+00:00
[2025-10-28T23:18:12.064+0000] {processor.py:179} INFO - Processing /opt/airflow/dags/pipeline_productivo.py took 2.616 seconds
[2025-10-28T23:18:42.675+0000] {processor.py:157} INFO - Started process (PID=586) to work on /opt/airflow/dags/pipeline_productivo.py
[2025-10-28T23:18:42.678+0000] {processor.py:829} INFO - Processing file /opt/airflow/dags/pipeline_productivo.py for tasks to queue
[2025-10-28T23:18:42.680+0000] {logging_mixin.py:154} INFO - [2025-10-28T23:18:42.679+0000] {dagbag.py:536} INFO - Filling up the DagBag from /opt/airflow/dags/pipeline_productivo.py
[2025-10-28T23:18:44.537+0000] {processor.py:839} INFO - DAG(s) dict_keys(['sodai_drinks_production_pipeline']) retrieved from /opt/airflow/dags/pipeline_productivo.py
[2025-10-28T23:18:44.562+0000] {logging_mixin.py:154} INFO - [2025-10-28T23:18:44.562+0000] {dag.py:2941} INFO - Sync 1 DAGs
[2025-10-28T23:18:44.574+0000] {logging_mixin.py:154} INFO - [2025-10-28T23:18:44.574+0000] {dag.py:3722} INFO - Setting next_dagrun for sodai_drinks_production_pipeline to 2025-10-26T00:00:00+00:00, run_after=2025-11-02T00:00:00+00:00
[2025-10-28T23:18:44.585+0000] {processor.py:179} INFO - Processing /opt/airflow/dags/pipeline_productivo.py took 1.931 seconds
[2025-10-28T23:19:15.099+0000] {processor.py:157} INFO - Started process (PID=640) to work on /opt/airflow/dags/pipeline_productivo.py
[2025-10-28T23:19:15.101+0000] {processor.py:829} INFO - Processing file /opt/airflow/dags/pipeline_productivo.py for tasks to queue
[2025-10-28T23:19:15.101+0000] {logging_mixin.py:154} INFO - [2025-10-28T23:19:15.101+0000] {dagbag.py:536} INFO - Filling up the DagBag from /opt/airflow/dags/pipeline_productivo.py
[2025-10-28T23:19:16.781+0000] {processor.py:839} INFO - DAG(s) dict_keys(['sodai_drinks_production_pipeline']) retrieved from /opt/airflow/dags/pipeline_productivo.py
[2025-10-28T23:19:16.883+0000] {logging_mixin.py:154} INFO - [2025-10-28T23:19:16.883+0000] {dag.py:2941} INFO - Sync 1 DAGs
[2025-10-28T23:19:16.891+0000] {logging_mixin.py:154} INFO - [2025-10-28T23:19:16.891+0000] {dag.py:2963} INFO - Creating ORM DAG for sodai_drinks_production_pipeline
[2025-10-28T23:19:16.896+0000] {logging_mixin.py:154} INFO - [2025-10-28T23:19:16.896+0000] {dag.py:3722} INFO - Setting next_dagrun for sodai_drinks_production_pipeline to 2025-10-19T00:00:00+00:00, run_after=2025-10-26T00:00:00+00:00
[2025-10-28T23:19:16.908+0000] {processor.py:179} INFO - Processing /opt/airflow/dags/pipeline_productivo.py took 1.813 seconds
[2025-10-28T23:19:47.398+0000] {processor.py:157} INFO - Started process (PID=695) to work on /opt/airflow/dags/pipeline_productivo.py
[2025-10-28T23:19:47.401+0000] {processor.py:829} INFO - Processing file /opt/airflow/dags/pipeline_productivo.py for tasks to queue
[2025-10-28T23:19:47.403+0000] {logging_mixin.py:154} INFO - [2025-10-28T23:19:47.402+0000] {dagbag.py:536} INFO - Filling up the DagBag from /opt/airflow/dags/pipeline_productivo.py
[2025-10-28T23:19:51.956+0000] {processor.py:839} INFO - DAG(s) dict_keys(['sodai_drinks_production_pipeline']) retrieved from /opt/airflow/dags/pipeline_productivo.py
[2025-10-28T23:19:52.016+0000] {logging_mixin.py:154} INFO - [2025-10-28T23:19:52.015+0000] {dag.py:2941} INFO - Sync 1 DAGs
[2025-10-28T23:19:52.041+0000] {logging_mixin.py:154} INFO - [2025-10-28T23:19:52.041+0000] {dag.py:3722} INFO - Setting next_dagrun for sodai_drinks_production_pipeline to 2025-10-19T00:00:00+00:00, run_after=2025-10-26T00:00:00+00:00
[2025-10-28T23:19:52.056+0000] {processor.py:179} INFO - Processing /opt/airflow/dags/pipeline_productivo.py took 4.675 seconds
[2025-10-28T23:20:22.508+0000] {processor.py:157} INFO - Started process (PID=750) to work on /opt/airflow/dags/pipeline_productivo.py
[2025-10-28T23:20:22.514+0000] {processor.py:829} INFO - Processing file /opt/airflow/dags/pipeline_productivo.py for tasks to queue
[2025-10-28T23:20:22.517+0000] {logging_mixin.py:154} INFO - [2025-10-28T23:20:22.516+0000] {dagbag.py:536} INFO - Filling up the DagBag from /opt/airflow/dags/pipeline_productivo.py
[2025-10-28T23:20:24.059+0000] {processor.py:839} INFO - DAG(s) dict_keys(['sodai_drinks_production_pipeline']) retrieved from /opt/airflow/dags/pipeline_productivo.py
[2025-10-28T23:20:24.086+0000] {logging_mixin.py:154} INFO - [2025-10-28T23:20:24.086+0000] {dag.py:2941} INFO - Sync 1 DAGs
[2025-10-28T23:20:24.098+0000] {logging_mixin.py:154} INFO - [2025-10-28T23:20:24.098+0000] {dag.py:3722} INFO - Setting next_dagrun for sodai_drinks_production_pipeline to 2025-10-19T00:00:00+00:00, run_after=2025-10-26T00:00:00+00:00
[2025-10-28T23:20:24.106+0000] {processor.py:179} INFO - Processing /opt/airflow/dags/pipeline_productivo.py took 1.596 seconds
[2025-10-28T23:20:54.358+0000] {processor.py:157} INFO - Started process (PID=805) to work on /opt/airflow/dags/pipeline_productivo.py
[2025-10-28T23:20:54.360+0000] {processor.py:829} INFO - Processing file /opt/airflow/dags/pipeline_productivo.py for tasks to queue
[2025-10-28T23:20:54.361+0000] {logging_mixin.py:154} INFO - [2025-10-28T23:20:54.361+0000] {dagbag.py:536} INFO - Filling up the DagBag from /opt/airflow/dags/pipeline_productivo.py
[2025-10-28T23:20:56.198+0000] {processor.py:839} INFO - DAG(s) dict_keys(['sodai_drinks_production_pipeline']) retrieved from /opt/airflow/dags/pipeline_productivo.py
[2025-10-28T23:20:56.266+0000] {logging_mixin.py:154} INFO - [2025-10-28T23:20:56.265+0000] {dag.py:2941} INFO - Sync 1 DAGs
[2025-10-28T23:20:56.288+0000] {logging_mixin.py:154} INFO - [2025-10-28T23:20:56.288+0000] {dag.py:3722} INFO - Setting next_dagrun for sodai_drinks_production_pipeline to 2025-10-19T00:00:00+00:00, run_after=2025-10-26T00:00:00+00:00
[2025-10-28T23:20:56.300+0000] {processor.py:179} INFO - Processing /opt/airflow/dags/pipeline_productivo.py took 1.985 seconds
[2025-10-28T23:21:04.431+0000] {processor.py:157} INFO - Started process (PID=163) to work on /opt/airflow/dags/pipeline_productivo.py
[2025-10-28T23:21:04.433+0000] {processor.py:829} INFO - Processing file /opt/airflow/dags/pipeline_productivo.py for tasks to queue
[2025-10-28T23:21:04.434+0000] {logging_mixin.py:154} INFO - [2025-10-28T23:21:04.434+0000] {dagbag.py:536} INFO - Filling up the DagBag from /opt/airflow/dags/pipeline_productivo.py
[2025-10-28T23:21:06.062+0000] {processor.py:839} INFO - DAG(s) dict_keys(['sodai_drinks_production_pipeline']) retrieved from /opt/airflow/dags/pipeline_productivo.py
[2025-10-28T23:21:06.108+0000] {logging_mixin.py:154} INFO - [2025-10-28T23:21:06.108+0000] {dag.py:2941} INFO - Sync 1 DAGs
[2025-10-28T23:21:06.139+0000] {logging_mixin.py:154} INFO - [2025-10-28T23:21:06.139+0000] {dag.py:3722} INFO - Setting next_dagrun for sodai_drinks_production_pipeline to 2025-10-19T00:00:00+00:00, run_after=2025-10-26T00:00:00+00:00
[2025-10-28T23:21:06.160+0000] {processor.py:179} INFO - Processing /opt/airflow/dags/pipeline_productivo.py took 1.735 seconds
[2025-10-28T23:21:36.838+0000] {processor.py:157} INFO - Started process (PID=239) to work on /opt/airflow/dags/pipeline_productivo.py
[2025-10-28T23:21:36.840+0000] {processor.py:829} INFO - Processing file /opt/airflow/dags/pipeline_productivo.py for tasks to queue
[2025-10-28T23:21:36.840+0000] {logging_mixin.py:154} INFO - [2025-10-28T23:21:36.840+0000] {dagbag.py:536} INFO - Filling up the DagBag from /opt/airflow/dags/pipeline_productivo.py
[2025-10-28T23:21:39.445+0000] {processor.py:839} INFO - DAG(s) dict_keys(['sodai_drinks_production_pipeline']) retrieved from /opt/airflow/dags/pipeline_productivo.py
[2025-10-28T23:21:39.482+0000] {logging_mixin.py:154} INFO - [2025-10-28T23:21:39.482+0000] {dag.py:2941} INFO - Sync 1 DAGs
[2025-10-28T23:21:39.506+0000] {logging_mixin.py:154} INFO - [2025-10-28T23:21:39.506+0000] {dag.py:3722} INFO - Setting next_dagrun for sodai_drinks_production_pipeline to 2025-10-19T00:00:00+00:00, run_after=2025-10-26T00:00:00+00:00
[2025-10-28T23:21:39.518+0000] {processor.py:179} INFO - Processing /opt/airflow/dags/pipeline_productivo.py took 2.682 seconds
[2025-10-28T23:22:10.532+0000] {processor.py:157} INFO - Started process (PID=294) to work on /opt/airflow/dags/pipeline_productivo.py
[2025-10-28T23:22:10.536+0000] {processor.py:829} INFO - Processing file /opt/airflow/dags/pipeline_productivo.py for tasks to queue
[2025-10-28T23:22:10.537+0000] {logging_mixin.py:154} INFO - [2025-10-28T23:22:10.537+0000] {dagbag.py:536} INFO - Filling up the DagBag from /opt/airflow/dags/pipeline_productivo.py
[2025-10-28T23:22:12.892+0000] {processor.py:839} INFO - DAG(s) dict_keys(['sodai_drinks_production_pipeline']) retrieved from /opt/airflow/dags/pipeline_productivo.py
[2025-10-28T23:22:12.916+0000] {logging_mixin.py:154} INFO - [2025-10-28T23:22:12.915+0000] {dag.py:2941} INFO - Sync 1 DAGs
[2025-10-28T23:22:12.933+0000] {logging_mixin.py:154} INFO - [2025-10-28T23:22:12.933+0000] {dag.py:3722} INFO - Setting next_dagrun for sodai_drinks_production_pipeline to 2025-10-19T00:00:00+00:00, run_after=2025-10-26T00:00:00+00:00
[2025-10-28T23:22:12.943+0000] {processor.py:179} INFO - Processing /opt/airflow/dags/pipeline_productivo.py took 2.420 seconds
[2025-10-28T23:22:43.176+0000] {processor.py:157} INFO - Started process (PID=342) to work on /opt/airflow/dags/pipeline_productivo.py
[2025-10-28T23:22:43.178+0000] {processor.py:829} INFO - Processing file /opt/airflow/dags/pipeline_productivo.py for tasks to queue
[2025-10-28T23:22:43.179+0000] {logging_mixin.py:154} INFO - [2025-10-28T23:22:43.179+0000] {dagbag.py:536} INFO - Filling up the DagBag from /opt/airflow/dags/pipeline_productivo.py
[2025-10-28T23:22:44.715+0000] {processor.py:839} INFO - DAG(s) dict_keys(['sodai_drinks_production_pipeline']) retrieved from /opt/airflow/dags/pipeline_productivo.py
[2025-10-28T23:22:44.748+0000] {logging_mixin.py:154} INFO - [2025-10-28T23:22:44.748+0000] {dag.py:2941} INFO - Sync 1 DAGs
[2025-10-28T23:22:44.764+0000] {logging_mixin.py:154} INFO - [2025-10-28T23:22:44.763+0000] {dag.py:3722} INFO - Setting next_dagrun for sodai_drinks_production_pipeline to 2025-10-19T00:00:00+00:00, run_after=2025-10-26T00:00:00+00:00
[2025-10-28T23:22:44.774+0000] {processor.py:179} INFO - Processing /opt/airflow/dags/pipeline_productivo.py took 1.604 seconds
[2025-10-28T23:23:15.262+0000] {processor.py:157} INFO - Started process (PID=397) to work on /opt/airflow/dags/pipeline_productivo.py
[2025-10-28T23:23:15.264+0000] {processor.py:829} INFO - Processing file /opt/airflow/dags/pipeline_productivo.py for tasks to queue
[2025-10-28T23:23:15.265+0000] {logging_mixin.py:154} INFO - [2025-10-28T23:23:15.265+0000] {dagbag.py:536} INFO - Filling up the DagBag from /opt/airflow/dags/pipeline_productivo.py
[2025-10-28T23:23:17.702+0000] {processor.py:839} INFO - DAG(s) dict_keys(['sodai_drinks_production_pipeline']) retrieved from /opt/airflow/dags/pipeline_productivo.py
[2025-10-28T23:23:17.763+0000] {logging_mixin.py:154} INFO - [2025-10-28T23:23:17.761+0000] {dag.py:2941} INFO - Sync 1 DAGs
[2025-10-28T23:23:17.803+0000] {logging_mixin.py:154} INFO - [2025-10-28T23:23:17.802+0000] {dag.py:3722} INFO - Setting next_dagrun for sodai_drinks_production_pipeline to 2025-10-19T00:00:00+00:00, run_after=2025-10-26T00:00:00+00:00
[2025-10-28T23:23:17.833+0000] {processor.py:179} INFO - Processing /opt/airflow/dags/pipeline_productivo.py took 2.578 seconds
[2025-10-28T23:23:48.338+0000] {processor.py:157} INFO - Started process (PID=498) to work on /opt/airflow/dags/pipeline_productivo.py
[2025-10-28T23:23:48.340+0000] {processor.py:829} INFO - Processing file /opt/airflow/dags/pipeline_productivo.py for tasks to queue
[2025-10-28T23:23:48.341+0000] {logging_mixin.py:154} INFO - [2025-10-28T23:23:48.341+0000] {dagbag.py:536} INFO - Filling up the DagBag from /opt/airflow/dags/pipeline_productivo.py
[2025-10-28T23:23:51.484+0000] {processor.py:839} INFO - DAG(s) dict_keys(['sodai_drinks_production_pipeline']) retrieved from /opt/airflow/dags/pipeline_productivo.py
[2025-10-28T23:23:51.526+0000] {logging_mixin.py:154} INFO - [2025-10-28T23:23:51.526+0000] {dag.py:2941} INFO - Sync 1 DAGs
[2025-10-28T23:23:51.544+0000] {logging_mixin.py:154} INFO - [2025-10-28T23:23:51.544+0000] {dag.py:3722} INFO - Setting next_dagrun for sodai_drinks_production_pipeline to 2025-10-26T00:00:00+00:00, run_after=2025-11-02T00:00:00+00:00
[2025-10-28T23:23:51.562+0000] {processor.py:179} INFO - Processing /opt/airflow/dags/pipeline_productivo.py took 3.229 seconds
[2025-10-28T23:24:22.104+0000] {processor.py:157} INFO - Started process (PID=602) to work on /opt/airflow/dags/pipeline_productivo.py
[2025-10-28T23:24:22.108+0000] {processor.py:829} INFO - Processing file /opt/airflow/dags/pipeline_productivo.py for tasks to queue
[2025-10-28T23:24:22.111+0000] {logging_mixin.py:154} INFO - [2025-10-28T23:24:22.110+0000] {dagbag.py:536} INFO - Filling up the DagBag from /opt/airflow/dags/pipeline_productivo.py
[2025-10-28T23:24:27.359+0000] {processor.py:839} INFO - DAG(s) dict_keys(['sodai_drinks_production_pipeline']) retrieved from /opt/airflow/dags/pipeline_productivo.py
[2025-10-28T23:24:27.525+0000] {logging_mixin.py:154} INFO - [2025-10-28T23:24:27.521+0000] {dag.py:2941} INFO - Sync 1 DAGs
[2025-10-28T23:24:27.571+0000] {logging_mixin.py:154} INFO - [2025-10-28T23:24:27.571+0000] {dag.py:3722} INFO - Setting next_dagrun for sodai_drinks_production_pipeline to 2025-10-26T00:00:00+00:00, run_after=2025-11-02T00:00:00+00:00
[2025-10-28T23:24:27.598+0000] {processor.py:179} INFO - Processing /opt/airflow/dags/pipeline_productivo.py took 5.517 seconds
[2025-10-28T23:24:58.198+0000] {processor.py:157} INFO - Started process (PID=657) to work on /opt/airflow/dags/pipeline_productivo.py
[2025-10-28T23:24:58.200+0000] {processor.py:829} INFO - Processing file /opt/airflow/dags/pipeline_productivo.py for tasks to queue
[2025-10-28T23:24:58.203+0000] {logging_mixin.py:154} INFO - [2025-10-28T23:24:58.202+0000] {dagbag.py:536} INFO - Filling up the DagBag from /opt/airflow/dags/pipeline_productivo.py
[2025-10-28T23:24:59.813+0000] {processor.py:839} INFO - DAG(s) dict_keys(['sodai_drinks_production_pipeline']) retrieved from /opt/airflow/dags/pipeline_productivo.py
[2025-10-28T23:24:59.845+0000] {logging_mixin.py:154} INFO - [2025-10-28T23:24:59.844+0000] {dag.py:2941} INFO - Sync 1 DAGs
[2025-10-28T23:24:59.865+0000] {logging_mixin.py:154} INFO - [2025-10-28T23:24:59.865+0000] {dag.py:3722} INFO - Setting next_dagrun for sodai_drinks_production_pipeline to 2025-10-26T00:00:00+00:00, run_after=2025-11-02T00:00:00+00:00
[2025-10-28T23:24:59.875+0000] {processor.py:179} INFO - Processing /opt/airflow/dags/pipeline_productivo.py took 1.685 seconds
[2025-10-28T23:25:30.347+0000] {processor.py:157} INFO - Started process (PID=712) to work on /opt/airflow/dags/pipeline_productivo.py
[2025-10-28T23:25:30.352+0000] {processor.py:829} INFO - Processing file /opt/airflow/dags/pipeline_productivo.py for tasks to queue
[2025-10-28T23:25:30.353+0000] {logging_mixin.py:154} INFO - [2025-10-28T23:25:30.353+0000] {dagbag.py:536} INFO - Filling up the DagBag from /opt/airflow/dags/pipeline_productivo.py
[2025-10-28T23:25:32.164+0000] {processor.py:839} INFO - DAG(s) dict_keys(['sodai_drinks_production_pipeline']) retrieved from /opt/airflow/dags/pipeline_productivo.py
[2025-10-28T23:25:32.188+0000] {logging_mixin.py:154} INFO - [2025-10-28T23:25:32.187+0000] {dag.py:2941} INFO - Sync 1 DAGs
[2025-10-28T23:25:32.199+0000] {logging_mixin.py:154} INFO - [2025-10-28T23:25:32.199+0000] {dag.py:3722} INFO - Setting next_dagrun for sodai_drinks_production_pipeline to 2025-10-26T00:00:00+00:00, run_after=2025-11-02T00:00:00+00:00
[2025-10-28T23:25:32.207+0000] {processor.py:179} INFO - Processing /opt/airflow/dags/pipeline_productivo.py took 1.865 seconds
[2025-10-28T23:26:02.857+0000] {processor.py:157} INFO - Started process (PID=759) to work on /opt/airflow/dags/pipeline_productivo.py
[2025-10-28T23:26:02.860+0000] {processor.py:829} INFO - Processing file /opt/airflow/dags/pipeline_productivo.py for tasks to queue
[2025-10-28T23:26:02.861+0000] {logging_mixin.py:154} INFO - [2025-10-28T23:26:02.861+0000] {dagbag.py:536} INFO - Filling up the DagBag from /opt/airflow/dags/pipeline_productivo.py
[2025-10-28T23:26:04.288+0000] {processor.py:839} INFO - DAG(s) dict_keys(['sodai_drinks_production_pipeline']) retrieved from /opt/airflow/dags/pipeline_productivo.py
[2025-10-28T23:26:04.319+0000] {logging_mixin.py:154} INFO - [2025-10-28T23:26:04.319+0000] {dag.py:2941} INFO - Sync 1 DAGs
[2025-10-28T23:26:04.331+0000] {logging_mixin.py:154} INFO - [2025-10-28T23:26:04.330+0000] {dag.py:3722} INFO - Setting next_dagrun for sodai_drinks_production_pipeline to 2025-10-26T00:00:00+00:00, run_after=2025-11-02T00:00:00+00:00
[2025-10-28T23:26:04.341+0000] {processor.py:179} INFO - Processing /opt/airflow/dags/pipeline_productivo.py took 1.496 seconds
[2025-10-28T23:26:34.431+0000] {processor.py:157} INFO - Started process (PID=814) to work on /opt/airflow/dags/pipeline_productivo.py
[2025-10-28T23:26:34.433+0000] {processor.py:829} INFO - Processing file /opt/airflow/dags/pipeline_productivo.py for tasks to queue
[2025-10-28T23:26:34.434+0000] {logging_mixin.py:154} INFO - [2025-10-28T23:26:34.433+0000] {dagbag.py:536} INFO - Filling up the DagBag from /opt/airflow/dags/pipeline_productivo.py
[2025-10-28T23:26:35.939+0000] {processor.py:839} INFO - DAG(s) dict_keys(['sodai_drinks_production_pipeline']) retrieved from /opt/airflow/dags/pipeline_productivo.py
[2025-10-28T23:26:35.976+0000] {logging_mixin.py:154} INFO - [2025-10-28T23:26:35.975+0000] {dag.py:2941} INFO - Sync 1 DAGs
[2025-10-28T23:26:35.988+0000] {logging_mixin.py:154} INFO - [2025-10-28T23:26:35.988+0000] {dag.py:3722} INFO - Setting next_dagrun for sodai_drinks_production_pipeline to 2025-10-26T00:00:00+00:00, run_after=2025-11-02T00:00:00+00:00
[2025-10-28T23:26:36.010+0000] {processor.py:179} INFO - Processing /opt/airflow/dags/pipeline_productivo.py took 1.587 seconds
[2025-10-28T23:27:06.557+0000] {processor.py:157} INFO - Started process (PID=869) to work on /opt/airflow/dags/pipeline_productivo.py
[2025-10-28T23:27:06.559+0000] {processor.py:829} INFO - Processing file /opt/airflow/dags/pipeline_productivo.py for tasks to queue
[2025-10-28T23:27:06.563+0000] {logging_mixin.py:154} INFO - [2025-10-28T23:27:06.560+0000] {dagbag.py:536} INFO - Filling up the DagBag from /opt/airflow/dags/pipeline_productivo.py
[2025-10-28T23:27:08.252+0000] {processor.py:839} INFO - DAG(s) dict_keys(['sodai_drinks_production_pipeline']) retrieved from /opt/airflow/dags/pipeline_productivo.py
[2025-10-28T23:27:08.288+0000] {logging_mixin.py:154} INFO - [2025-10-28T23:27:08.287+0000] {dag.py:2941} INFO - Sync 1 DAGs
[2025-10-28T23:27:08.314+0000] {logging_mixin.py:154} INFO - [2025-10-28T23:27:08.314+0000] {dag.py:3722} INFO - Setting next_dagrun for sodai_drinks_production_pipeline to 2025-10-26T00:00:00+00:00, run_after=2025-11-02T00:00:00+00:00
[2025-10-28T23:27:08.332+0000] {processor.py:179} INFO - Processing /opt/airflow/dags/pipeline_productivo.py took 1.781 seconds
[2025-10-28T23:27:39.222+0000] {processor.py:157} INFO - Started process (PID=924) to work on /opt/airflow/dags/pipeline_productivo.py
[2025-10-28T23:27:39.226+0000] {processor.py:829} INFO - Processing file /opt/airflow/dags/pipeline_productivo.py for tasks to queue
[2025-10-28T23:27:39.232+0000] {logging_mixin.py:154} INFO - [2025-10-28T23:27:39.227+0000] {dagbag.py:536} INFO - Filling up the DagBag from /opt/airflow/dags/pipeline_productivo.py
[2025-10-28T23:27:40.864+0000] {processor.py:839} INFO - DAG(s) dict_keys(['sodai_drinks_production_pipeline']) retrieved from /opt/airflow/dags/pipeline_productivo.py
[2025-10-28T23:27:40.888+0000] {logging_mixin.py:154} INFO - [2025-10-28T23:27:40.888+0000] {dag.py:2941} INFO - Sync 1 DAGs
[2025-10-28T23:27:40.901+0000] {logging_mixin.py:154} INFO - [2025-10-28T23:27:40.901+0000] {dag.py:3722} INFO - Setting next_dagrun for sodai_drinks_production_pipeline to 2025-10-26T00:00:00+00:00, run_after=2025-11-02T00:00:00+00:00
[2025-10-28T23:27:40.911+0000] {processor.py:179} INFO - Processing /opt/airflow/dags/pipeline_productivo.py took 1.701 seconds
[2025-10-28T23:28:11.358+0000] {processor.py:157} INFO - Started process (PID=972) to work on /opt/airflow/dags/pipeline_productivo.py
[2025-10-28T23:28:11.359+0000] {processor.py:829} INFO - Processing file /opt/airflow/dags/pipeline_productivo.py for tasks to queue
[2025-10-28T23:28:11.360+0000] {logging_mixin.py:154} INFO - [2025-10-28T23:28:11.360+0000] {dagbag.py:536} INFO - Filling up the DagBag from /opt/airflow/dags/pipeline_productivo.py
[2025-10-28T23:28:12.751+0000] {processor.py:839} INFO - DAG(s) dict_keys(['sodai_drinks_production_pipeline']) retrieved from /opt/airflow/dags/pipeline_productivo.py
[2025-10-28T23:28:12.766+0000] {logging_mixin.py:154} INFO - [2025-10-28T23:28:12.766+0000] {dag.py:2941} INFO - Sync 1 DAGs
[2025-10-28T23:28:12.778+0000] {logging_mixin.py:154} INFO - [2025-10-28T23:28:12.778+0000] {dag.py:3722} INFO - Setting next_dagrun for sodai_drinks_production_pipeline to 2025-10-26T00:00:00+00:00, run_after=2025-11-02T00:00:00+00:00
[2025-10-28T23:28:12.787+0000] {processor.py:179} INFO - Processing /opt/airflow/dags/pipeline_productivo.py took 1.438 seconds
[2025-10-28T23:28:43.260+0000] {processor.py:157} INFO - Started process (PID=1037) to work on /opt/airflow/dags/pipeline_productivo.py
[2025-10-28T23:28:43.262+0000] {processor.py:829} INFO - Processing file /opt/airflow/dags/pipeline_productivo.py for tasks to queue
[2025-10-28T23:28:43.262+0000] {logging_mixin.py:154} INFO - [2025-10-28T23:28:43.262+0000] {dagbag.py:536} INFO - Filling up the DagBag from /opt/airflow/dags/pipeline_productivo.py
[2025-10-28T23:28:44.713+0000] {processor.py:839} INFO - DAG(s) dict_keys(['sodai_drinks_production_pipeline']) retrieved from /opt/airflow/dags/pipeline_productivo.py
[2025-10-28T23:28:44.738+0000] {logging_mixin.py:154} INFO - [2025-10-28T23:28:44.737+0000] {dag.py:2941} INFO - Sync 1 DAGs
[2025-10-28T23:28:44.749+0000] {logging_mixin.py:154} INFO - [2025-10-28T23:28:44.749+0000] {dag.py:3722} INFO - Setting next_dagrun for sodai_drinks_production_pipeline to 2025-10-26T00:00:00+00:00, run_after=2025-11-02T00:00:00+00:00
[2025-10-28T23:28:44.757+0000] {processor.py:179} INFO - Processing /opt/airflow/dags/pipeline_productivo.py took 1.505 seconds
[2025-10-28T23:29:15.823+0000] {processor.py:157} INFO - Started process (PID=1107) to work on /opt/airflow/dags/pipeline_productivo.py
[2025-10-28T23:29:15.826+0000] {processor.py:829} INFO - Processing file /opt/airflow/dags/pipeline_productivo.py for tasks to queue
[2025-10-28T23:29:15.827+0000] {logging_mixin.py:154} INFO - [2025-10-28T23:29:15.827+0000] {dagbag.py:536} INFO - Filling up the DagBag from /opt/airflow/dags/pipeline_productivo.py
[2025-10-28T23:29:17.438+0000] {processor.py:839} INFO - DAG(s) dict_keys(['sodai_drinks_production_pipeline']) retrieved from /opt/airflow/dags/pipeline_productivo.py
[2025-10-28T23:29:17.467+0000] {logging_mixin.py:154} INFO - [2025-10-28T23:29:17.467+0000] {dag.py:2941} INFO - Sync 1 DAGs
[2025-10-28T23:29:17.483+0000] {logging_mixin.py:154} INFO - [2025-10-28T23:29:17.483+0000] {dag.py:3722} INFO - Setting next_dagrun for sodai_drinks_production_pipeline to 2025-10-26T00:00:00+00:00, run_after=2025-11-02T00:00:00+00:00
[2025-10-28T23:29:17.495+0000] {processor.py:179} INFO - Processing /opt/airflow/dags/pipeline_productivo.py took 1.677 seconds
[2025-10-28T23:29:47.975+0000] {processor.py:157} INFO - Started process (PID=163) to work on /opt/airflow/dags/pipeline_productivo.py
[2025-10-28T23:29:47.979+0000] {processor.py:829} INFO - Processing file /opt/airflow/dags/pipeline_productivo.py for tasks to queue
[2025-10-28T23:29:47.983+0000] {logging_mixin.py:154} INFO - [2025-10-28T23:29:47.983+0000] {dagbag.py:536} INFO - Filling up the DagBag from /opt/airflow/dags/pipeline_productivo.py
[2025-10-28T23:29:52.022+0000] {processor.py:839} INFO - DAG(s) dict_keys(['sodai_drinks_production_pipeline']) retrieved from /opt/airflow/dags/pipeline_productivo.py
[2025-10-28T23:29:52.611+0000] {logging_mixin.py:154} INFO - [2025-10-28T23:29:52.593+0000] {dag.py:2941} INFO - Sync 1 DAGs
[2025-10-28T23:29:52.717+0000] {logging_mixin.py:154} INFO - [2025-10-28T23:29:52.716+0000] {dag.py:3722} INFO - Setting next_dagrun for sodai_drinks_production_pipeline to 2025-10-26T00:00:00+00:00, run_after=2025-11-02T00:00:00+00:00
[2025-10-28T23:29:52.764+0000] {processor.py:179} INFO - Processing /opt/airflow/dags/pipeline_productivo.py took 4.802 seconds
[2025-10-28T23:30:23.388+0000] {processor.py:157} INFO - Started process (PID=240) to work on /opt/airflow/dags/pipeline_productivo.py
[2025-10-28T23:30:23.391+0000] {processor.py:829} INFO - Processing file /opt/airflow/dags/pipeline_productivo.py for tasks to queue
[2025-10-28T23:30:23.392+0000] {logging_mixin.py:154} INFO - [2025-10-28T23:30:23.392+0000] {dagbag.py:536} INFO - Filling up the DagBag from /opt/airflow/dags/pipeline_productivo.py
[2025-10-28T23:30:27.780+0000] {processor.py:839} INFO - DAG(s) dict_keys(['sodai_drinks_production_pipeline']) retrieved from /opt/airflow/dags/pipeline_productivo.py
[2025-10-28T23:30:27.820+0000] {logging_mixin.py:154} INFO - [2025-10-28T23:30:27.820+0000] {dag.py:2941} INFO - Sync 1 DAGs
[2025-10-28T23:30:27.839+0000] {logging_mixin.py:154} INFO - [2025-10-28T23:30:27.839+0000] {dag.py:3722} INFO - Setting next_dagrun for sodai_drinks_production_pipeline to 2025-10-26T00:00:00+00:00, run_after=2025-11-02T00:00:00+00:00
[2025-10-28T23:30:27.850+0000] {processor.py:179} INFO - Processing /opt/airflow/dags/pipeline_productivo.py took 4.473 seconds
[2025-10-28T23:30:58.489+0000] {processor.py:157} INFO - Started process (PID=294) to work on /opt/airflow/dags/pipeline_productivo.py
[2025-10-28T23:30:58.491+0000] {processor.py:829} INFO - Processing file /opt/airflow/dags/pipeline_productivo.py for tasks to queue
[2025-10-28T23:30:58.492+0000] {logging_mixin.py:154} INFO - [2025-10-28T23:30:58.491+0000] {dagbag.py:536} INFO - Filling up the DagBag from /opt/airflow/dags/pipeline_productivo.py
[2025-10-28T23:31:00.891+0000] {processor.py:839} INFO - DAG(s) dict_keys(['sodai_drinks_production_pipeline']) retrieved from /opt/airflow/dags/pipeline_productivo.py
[2025-10-28T23:31:00.924+0000] {logging_mixin.py:154} INFO - [2025-10-28T23:31:00.924+0000] {dag.py:2941} INFO - Sync 1 DAGs
[2025-10-28T23:31:00.938+0000] {logging_mixin.py:154} INFO - [2025-10-28T23:31:00.938+0000] {dag.py:3722} INFO - Setting next_dagrun for sodai_drinks_production_pipeline to 2025-10-26T00:00:00+00:00, run_after=2025-11-02T00:00:00+00:00
[2025-10-28T23:31:00.947+0000] {processor.py:179} INFO - Processing /opt/airflow/dags/pipeline_productivo.py took 2.464 seconds
[2025-10-28T23:31:31.369+0000] {processor.py:157} INFO - Started process (PID=395) to work on /opt/airflow/dags/pipeline_productivo.py
[2025-10-28T23:31:31.370+0000] {processor.py:829} INFO - Processing file /opt/airflow/dags/pipeline_productivo.py for tasks to queue
[2025-10-28T23:31:31.371+0000] {logging_mixin.py:154} INFO - [2025-10-28T23:31:31.371+0000] {dagbag.py:536} INFO - Filling up the DagBag from /opt/airflow/dags/pipeline_productivo.py
[2025-10-28T23:31:34.316+0000] {processor.py:839} INFO - DAG(s) dict_keys(['sodai_drinks_production_pipeline']) retrieved from /opt/airflow/dags/pipeline_productivo.py
[2025-10-28T23:31:34.364+0000] {logging_mixin.py:154} INFO - [2025-10-28T23:31:34.364+0000] {dag.py:2941} INFO - Sync 1 DAGs
[2025-10-28T23:31:34.395+0000] {logging_mixin.py:154} INFO - [2025-10-28T23:31:34.395+0000] {dag.py:3722} INFO - Setting next_dagrun for sodai_drinks_production_pipeline to 2025-10-26T00:00:00+00:00, run_after=2025-11-02T00:00:00+00:00
[2025-10-28T23:31:34.414+0000] {processor.py:179} INFO - Processing /opt/airflow/dags/pipeline_productivo.py took 3.051 seconds
[2025-10-28T23:32:04.659+0000] {processor.py:157} INFO - Started process (PID=492) to work on /opt/airflow/dags/pipeline_productivo.py
[2025-10-28T23:32:04.662+0000] {processor.py:829} INFO - Processing file /opt/airflow/dags/pipeline_productivo.py for tasks to queue
[2025-10-28T23:32:04.667+0000] {logging_mixin.py:154} INFO - [2025-10-28T23:32:04.665+0000] {dagbag.py:536} INFO - Filling up the DagBag from /opt/airflow/dags/pipeline_productivo.py
[2025-10-28T23:32:06.097+0000] {processor.py:839} INFO - DAG(s) dict_keys(['sodai_drinks_production_pipeline']) retrieved from /opt/airflow/dags/pipeline_productivo.py
[2025-10-28T23:32:06.127+0000] {logging_mixin.py:154} INFO - [2025-10-28T23:32:06.126+0000] {dag.py:2941} INFO - Sync 1 DAGs
[2025-10-28T23:32:06.140+0000] {logging_mixin.py:154} INFO - [2025-10-28T23:32:06.140+0000] {dag.py:3722} INFO - Setting next_dagrun for sodai_drinks_production_pipeline to 2025-10-26T00:00:00+00:00, run_after=2025-11-02T00:00:00+00:00
[2025-10-28T23:32:06.149+0000] {processor.py:179} INFO - Processing /opt/airflow/dags/pipeline_productivo.py took 1.501 seconds
[2025-10-28T23:32:36.847+0000] {processor.py:157} INFO - Started process (PID=547) to work on /opt/airflow/dags/pipeline_productivo.py
[2025-10-28T23:32:36.849+0000] {processor.py:829} INFO - Processing file /opt/airflow/dags/pipeline_productivo.py for tasks to queue
[2025-10-28T23:32:36.850+0000] {logging_mixin.py:154} INFO - [2025-10-28T23:32:36.850+0000] {dagbag.py:536} INFO - Filling up the DagBag from /opt/airflow/dags/pipeline_productivo.py
[2025-10-28T23:32:38.388+0000] {processor.py:839} INFO - DAG(s) dict_keys(['sodai_drinks_production_pipeline']) retrieved from /opt/airflow/dags/pipeline_productivo.py
[2025-10-28T23:32:38.406+0000] {logging_mixin.py:154} INFO - [2025-10-28T23:32:38.406+0000] {dag.py:2941} INFO - Sync 1 DAGs
[2025-10-28T23:32:38.419+0000] {logging_mixin.py:154} INFO - [2025-10-28T23:32:38.419+0000] {dag.py:3722} INFO - Setting next_dagrun for sodai_drinks_production_pipeline to 2025-10-26T00:00:00+00:00, run_after=2025-11-02T00:00:00+00:00
[2025-10-28T23:32:38.427+0000] {processor.py:179} INFO - Processing /opt/airflow/dags/pipeline_productivo.py took 1.587 seconds
[2025-10-28T23:33:09.006+0000] {processor.py:157} INFO - Started process (PID=602) to work on /opt/airflow/dags/pipeline_productivo.py
[2025-10-28T23:33:09.009+0000] {processor.py:829} INFO - Processing file /opt/airflow/dags/pipeline_productivo.py for tasks to queue
[2025-10-28T23:33:09.010+0000] {logging_mixin.py:154} INFO - [2025-10-28T23:33:09.009+0000] {dagbag.py:536} INFO - Filling up the DagBag from /opt/airflow/dags/pipeline_productivo.py
[2025-10-28T23:33:10.414+0000] {processor.py:839} INFO - DAG(s) dict_keys(['sodai_drinks_production_pipeline']) retrieved from /opt/airflow/dags/pipeline_productivo.py
[2025-10-28T23:33:10.443+0000] {logging_mixin.py:154} INFO - [2025-10-28T23:33:10.442+0000] {dag.py:2941} INFO - Sync 1 DAGs
[2025-10-28T23:33:10.463+0000] {logging_mixin.py:154} INFO - [2025-10-28T23:33:10.462+0000] {dag.py:3722} INFO - Setting next_dagrun for sodai_drinks_production_pipeline to 2025-10-26T00:00:00+00:00, run_after=2025-11-02T00:00:00+00:00
[2025-10-28T23:33:10.474+0000] {processor.py:179} INFO - Processing /opt/airflow/dags/pipeline_productivo.py took 1.477 seconds
[2025-10-28T23:33:40.730+0000] {processor.py:157} INFO - Started process (PID=657) to work on /opt/airflow/dags/pipeline_productivo.py
[2025-10-28T23:33:40.732+0000] {processor.py:829} INFO - Processing file /opt/airflow/dags/pipeline_productivo.py for tasks to queue
[2025-10-28T23:33:40.733+0000] {logging_mixin.py:154} INFO - [2025-10-28T23:33:40.733+0000] {dagbag.py:536} INFO - Filling up the DagBag from /opt/airflow/dags/pipeline_productivo.py
[2025-10-28T23:33:42.204+0000] {processor.py:839} INFO - DAG(s) dict_keys(['sodai_drinks_production_pipeline']) retrieved from /opt/airflow/dags/pipeline_productivo.py
[2025-10-28T23:33:42.223+0000] {logging_mixin.py:154} INFO - [2025-10-28T23:33:42.223+0000] {dag.py:2941} INFO - Sync 1 DAGs
[2025-10-28T23:33:42.235+0000] {logging_mixin.py:154} INFO - [2025-10-28T23:33:42.235+0000] {dag.py:3722} INFO - Setting next_dagrun for sodai_drinks_production_pipeline to 2025-10-26T00:00:00+00:00, run_after=2025-11-02T00:00:00+00:00
[2025-10-28T23:33:42.246+0000] {processor.py:179} INFO - Processing /opt/airflow/dags/pipeline_productivo.py took 1.526 seconds
[2025-10-28T23:34:12.499+0000] {processor.py:157} INFO - Started process (PID=705) to work on /opt/airflow/dags/pipeline_productivo.py
[2025-10-28T23:34:12.507+0000] {processor.py:829} INFO - Processing file /opt/airflow/dags/pipeline_productivo.py for tasks to queue
[2025-10-28T23:34:12.509+0000] {logging_mixin.py:154} INFO - [2025-10-28T23:34:12.508+0000] {dagbag.py:536} INFO - Filling up the DagBag from /opt/airflow/dags/pipeline_productivo.py
[2025-10-28T23:34:14.061+0000] {processor.py:839} INFO - DAG(s) dict_keys(['sodai_drinks_production_pipeline']) retrieved from /opt/airflow/dags/pipeline_productivo.py
[2025-10-28T23:34:14.094+0000] {logging_mixin.py:154} INFO - [2025-10-28T23:34:14.093+0000] {dag.py:2941} INFO - Sync 1 DAGs
[2025-10-28T23:34:14.112+0000] {logging_mixin.py:154} INFO - [2025-10-28T23:34:14.112+0000] {dag.py:3722} INFO - Setting next_dagrun for sodai_drinks_production_pipeline to 2025-10-26T00:00:00+00:00, run_after=2025-11-02T00:00:00+00:00
[2025-10-28T23:34:14.123+0000] {processor.py:179} INFO - Processing /opt/airflow/dags/pipeline_productivo.py took 1.633 seconds
[2025-10-28T23:34:44.709+0000] {processor.py:157} INFO - Started process (PID=760) to work on /opt/airflow/dags/pipeline_productivo.py
[2025-10-28T23:34:44.711+0000] {processor.py:829} INFO - Processing file /opt/airflow/dags/pipeline_productivo.py for tasks to queue
[2025-10-28T23:34:44.713+0000] {logging_mixin.py:154} INFO - [2025-10-28T23:34:44.712+0000] {dagbag.py:536} INFO - Filling up the DagBag from /opt/airflow/dags/pipeline_productivo.py
[2025-10-28T23:34:46.174+0000] {processor.py:839} INFO - DAG(s) dict_keys(['sodai_drinks_production_pipeline']) retrieved from /opt/airflow/dags/pipeline_productivo.py
[2025-10-28T23:34:46.199+0000] {logging_mixin.py:154} INFO - [2025-10-28T23:34:46.198+0000] {dag.py:2941} INFO - Sync 1 DAGs
[2025-10-28T23:34:46.210+0000] {logging_mixin.py:154} INFO - [2025-10-28T23:34:46.210+0000] {dag.py:3722} INFO - Setting next_dagrun for sodai_drinks_production_pipeline to 2025-10-26T00:00:00+00:00, run_after=2025-11-02T00:00:00+00:00
[2025-10-28T23:34:46.219+0000] {processor.py:179} INFO - Processing /opt/airflow/dags/pipeline_productivo.py took 1.519 seconds
[2025-10-28T23:35:16.365+0000] {processor.py:157} INFO - Started process (PID=815) to work on /opt/airflow/dags/pipeline_productivo.py
[2025-10-28T23:35:16.367+0000] {processor.py:829} INFO - Processing file /opt/airflow/dags/pipeline_productivo.py for tasks to queue
[2025-10-28T23:35:16.372+0000] {logging_mixin.py:154} INFO - [2025-10-28T23:35:16.370+0000] {dagbag.py:536} INFO - Filling up the DagBag from /opt/airflow/dags/pipeline_productivo.py
[2025-10-28T23:35:17.606+0000] {processor.py:839} INFO - DAG(s) dict_keys(['sodai_drinks_production_pipeline']) retrieved from /opt/airflow/dags/pipeline_productivo.py
[2025-10-28T23:35:17.627+0000] {logging_mixin.py:154} INFO - [2025-10-28T23:35:17.626+0000] {dag.py:2941} INFO - Sync 1 DAGs
[2025-10-28T23:35:17.638+0000] {logging_mixin.py:154} INFO - [2025-10-28T23:35:17.637+0000] {dag.py:3722} INFO - Setting next_dagrun for sodai_drinks_production_pipeline to 2025-10-26T00:00:00+00:00, run_after=2025-11-02T00:00:00+00:00
[2025-10-28T23:35:17.646+0000] {processor.py:179} INFO - Processing /opt/airflow/dags/pipeline_productivo.py took 1.285 seconds
[2025-10-28T23:35:47.850+0000] {processor.py:157} INFO - Started process (PID=870) to work on /opt/airflow/dags/pipeline_productivo.py
[2025-10-28T23:35:47.855+0000] {processor.py:829} INFO - Processing file /opt/airflow/dags/pipeline_productivo.py for tasks to queue
[2025-10-28T23:35:47.856+0000] {logging_mixin.py:154} INFO - [2025-10-28T23:35:47.855+0000] {dagbag.py:536} INFO - Filling up the DagBag from /opt/airflow/dags/pipeline_productivo.py
[2025-10-28T23:35:49.276+0000] {processor.py:839} INFO - DAG(s) dict_keys(['sodai_drinks_production_pipeline']) retrieved from /opt/airflow/dags/pipeline_productivo.py
[2025-10-28T23:35:49.312+0000] {logging_mixin.py:154} INFO - [2025-10-28T23:35:49.311+0000] {dag.py:2941} INFO - Sync 1 DAGs
[2025-10-28T23:35:49.335+0000] {logging_mixin.py:154} INFO - [2025-10-28T23:35:49.335+0000] {dag.py:3722} INFO - Setting next_dagrun for sodai_drinks_production_pipeline to 2025-10-26T00:00:00+00:00, run_after=2025-11-02T00:00:00+00:00
[2025-10-28T23:35:49.356+0000] {processor.py:179} INFO - Processing /opt/airflow/dags/pipeline_productivo.py took 1.513 seconds
[2025-10-28T23:36:19.675+0000] {processor.py:157} INFO - Started process (PID=918) to work on /opt/airflow/dags/pipeline_productivo.py
[2025-10-28T23:36:19.681+0000] {processor.py:829} INFO - Processing file /opt/airflow/dags/pipeline_productivo.py for tasks to queue
[2025-10-28T23:36:19.683+0000] {logging_mixin.py:154} INFO - [2025-10-28T23:36:19.682+0000] {dagbag.py:536} INFO - Filling up the DagBag from /opt/airflow/dags/pipeline_productivo.py
[2025-10-28T23:36:21.295+0000] {processor.py:839} INFO - DAG(s) dict_keys(['sodai_drinks_production_pipeline']) retrieved from /opt/airflow/dags/pipeline_productivo.py
[2025-10-28T23:36:21.340+0000] {logging_mixin.py:154} INFO - [2025-10-28T23:36:21.339+0000] {dag.py:2941} INFO - Sync 1 DAGs
[2025-10-28T23:36:21.353+0000] {logging_mixin.py:154} INFO - [2025-10-28T23:36:21.353+0000] {dag.py:3722} INFO - Setting next_dagrun for sodai_drinks_production_pipeline to 2025-10-26T00:00:00+00:00, run_after=2025-11-02T00:00:00+00:00
[2025-10-28T23:36:21.363+0000] {processor.py:179} INFO - Processing /opt/airflow/dags/pipeline_productivo.py took 1.705 seconds
[2025-10-28T23:36:52.017+0000] {processor.py:157} INFO - Started process (PID=974) to work on /opt/airflow/dags/pipeline_productivo.py
[2025-10-28T23:36:52.021+0000] {processor.py:829} INFO - Processing file /opt/airflow/dags/pipeline_productivo.py for tasks to queue
[2025-10-28T23:36:52.022+0000] {logging_mixin.py:154} INFO - [2025-10-28T23:36:52.022+0000] {dagbag.py:536} INFO - Filling up the DagBag from /opt/airflow/dags/pipeline_productivo.py
[2025-10-28T23:36:53.483+0000] {processor.py:839} INFO - DAG(s) dict_keys(['sodai_drinks_production_pipeline']) retrieved from /opt/airflow/dags/pipeline_productivo.py
[2025-10-28T23:36:53.498+0000] {logging_mixin.py:154} INFO - [2025-10-28T23:36:53.498+0000] {dag.py:2941} INFO - Sync 1 DAGs
[2025-10-28T23:36:53.509+0000] {logging_mixin.py:154} INFO - [2025-10-28T23:36:53.508+0000] {dag.py:3722} INFO - Setting next_dagrun for sodai_drinks_production_pipeline to 2025-10-26T00:00:00+00:00, run_after=2025-11-02T00:00:00+00:00
[2025-10-28T23:36:53.517+0000] {processor.py:179} INFO - Processing /opt/airflow/dags/pipeline_productivo.py took 1.515 seconds
[2025-10-28T23:37:24.155+0000] {processor.py:157} INFO - Started process (PID=1039) to work on /opt/airflow/dags/pipeline_productivo.py
[2025-10-28T23:37:24.156+0000] {processor.py:829} INFO - Processing file /opt/airflow/dags/pipeline_productivo.py for tasks to queue
[2025-10-28T23:37:24.158+0000] {logging_mixin.py:154} INFO - [2025-10-28T23:37:24.157+0000] {dagbag.py:536} INFO - Filling up the DagBag from /opt/airflow/dags/pipeline_productivo.py
[2025-10-28T23:37:26.646+0000] {processor.py:839} INFO - DAG(s) dict_keys(['sodai_drinks_production_pipeline']) retrieved from /opt/airflow/dags/pipeline_productivo.py
[2025-10-28T23:37:26.669+0000] {logging_mixin.py:154} INFO - [2025-10-28T23:37:26.669+0000] {dag.py:2941} INFO - Sync 1 DAGs
[2025-10-28T23:37:26.683+0000] {logging_mixin.py:154} INFO - [2025-10-28T23:37:26.683+0000] {dag.py:3722} INFO - Setting next_dagrun for sodai_drinks_production_pipeline to 2025-10-26T00:00:00+00:00, run_after=2025-11-02T00:00:00+00:00
[2025-10-28T23:37:26.692+0000] {processor.py:179} INFO - Processing /opt/airflow/dags/pipeline_productivo.py took 2.550 seconds
[2025-10-28T23:37:57.207+0000] {processor.py:157} INFO - Started process (PID=1104) to work on /opt/airflow/dags/pipeline_productivo.py
[2025-10-28T23:37:57.210+0000] {processor.py:829} INFO - Processing file /opt/airflow/dags/pipeline_productivo.py for tasks to queue
[2025-10-28T23:37:57.211+0000] {logging_mixin.py:154} INFO - [2025-10-28T23:37:57.210+0000] {dagbag.py:536} INFO - Filling up the DagBag from /opt/airflow/dags/pipeline_productivo.py
[2025-10-28T23:37:58.544+0000] {processor.py:839} INFO - DAG(s) dict_keys(['sodai_drinks_production_pipeline']) retrieved from /opt/airflow/dags/pipeline_productivo.py
[2025-10-28T23:37:58.567+0000] {logging_mixin.py:154} INFO - [2025-10-28T23:37:58.567+0000] {dag.py:2941} INFO - Sync 1 DAGs
[2025-10-28T23:37:58.578+0000] {logging_mixin.py:154} INFO - [2025-10-28T23:37:58.578+0000] {dag.py:3722} INFO - Setting next_dagrun for sodai_drinks_production_pipeline to 2025-10-26T00:00:00+00:00, run_after=2025-11-02T00:00:00+00:00
[2025-10-28T23:37:58.586+0000] {processor.py:179} INFO - Processing /opt/airflow/dags/pipeline_productivo.py took 1.384 seconds
[2025-10-28T23:38:28.746+0000] {processor.py:157} INFO - Started process (PID=1164) to work on /opt/airflow/dags/pipeline_productivo.py
[2025-10-28T23:38:28.748+0000] {processor.py:829} INFO - Processing file /opt/airflow/dags/pipeline_productivo.py for tasks to queue
[2025-10-28T23:38:28.749+0000] {logging_mixin.py:154} INFO - [2025-10-28T23:38:28.749+0000] {dagbag.py:536} INFO - Filling up the DagBag from /opt/airflow/dags/pipeline_productivo.py
[2025-10-28T23:38:30.276+0000] {processor.py:839} INFO - DAG(s) dict_keys(['sodai_drinks_production_pipeline']) retrieved from /opt/airflow/dags/pipeline_productivo.py
[2025-10-28T23:38:30.305+0000] {logging_mixin.py:154} INFO - [2025-10-28T23:38:30.305+0000] {dag.py:2941} INFO - Sync 1 DAGs
[2025-10-28T23:38:30.317+0000] {logging_mixin.py:154} INFO - [2025-10-28T23:38:30.317+0000] {dag.py:3722} INFO - Setting next_dagrun for sodai_drinks_production_pipeline to 2025-10-26T00:00:00+00:00, run_after=2025-11-02T00:00:00+00:00
[2025-10-28T23:38:30.325+0000] {processor.py:179} INFO - Processing /opt/airflow/dags/pipeline_productivo.py took 1.583 seconds
[2025-10-28T23:39:01.321+0000] {processor.py:157} INFO - Started process (PID=1212) to work on /opt/airflow/dags/pipeline_productivo.py
[2025-10-28T23:39:01.323+0000] {processor.py:829} INFO - Processing file /opt/airflow/dags/pipeline_productivo.py for tasks to queue
[2025-10-28T23:39:01.324+0000] {logging_mixin.py:154} INFO - [2025-10-28T23:39:01.323+0000] {dagbag.py:536} INFO - Filling up the DagBag from /opt/airflow/dags/pipeline_productivo.py
[2025-10-28T23:39:03.018+0000] {processor.py:839} INFO - DAG(s) dict_keys(['sodai_drinks_production_pipeline']) retrieved from /opt/airflow/dags/pipeline_productivo.py
[2025-10-28T23:39:03.043+0000] {logging_mixin.py:154} INFO - [2025-10-28T23:39:03.043+0000] {dag.py:2941} INFO - Sync 1 DAGs
[2025-10-28T23:39:03.059+0000] {logging_mixin.py:154} INFO - [2025-10-28T23:39:03.059+0000] {dag.py:3722} INFO - Setting next_dagrun for sodai_drinks_production_pipeline to 2025-10-26T00:00:00+00:00, run_after=2025-11-02T00:00:00+00:00
[2025-10-28T23:39:03.078+0000] {processor.py:179} INFO - Processing /opt/airflow/dags/pipeline_productivo.py took 1.763 seconds
[2025-10-28T23:39:33.726+0000] {processor.py:157} INFO - Started process (PID=1267) to work on /opt/airflow/dags/pipeline_productivo.py
[2025-10-28T23:39:33.728+0000] {processor.py:829} INFO - Processing file /opt/airflow/dags/pipeline_productivo.py for tasks to queue
[2025-10-28T23:39:33.729+0000] {logging_mixin.py:154} INFO - [2025-10-28T23:39:33.729+0000] {dagbag.py:536} INFO - Filling up the DagBag from /opt/airflow/dags/pipeline_productivo.py
[2025-10-28T23:39:35.535+0000] {processor.py:839} INFO - DAG(s) dict_keys(['sodai_drinks_production_pipeline']) retrieved from /opt/airflow/dags/pipeline_productivo.py
[2025-10-28T23:39:35.569+0000] {logging_mixin.py:154} INFO - [2025-10-28T23:39:35.569+0000] {dag.py:2941} INFO - Sync 1 DAGs
[2025-10-28T23:39:35.583+0000] {logging_mixin.py:154} INFO - [2025-10-28T23:39:35.583+0000] {dag.py:3722} INFO - Setting next_dagrun for sodai_drinks_production_pipeline to 2025-10-26T00:00:00+00:00, run_after=2025-11-02T00:00:00+00:00
[2025-10-28T23:39:35.594+0000] {processor.py:179} INFO - Processing /opt/airflow/dags/pipeline_productivo.py took 1.883 seconds
[2025-10-28T23:40:05.949+0000] {processor.py:157} INFO - Started process (PID=1328) to work on /opt/airflow/dags/pipeline_productivo.py
[2025-10-28T23:40:05.950+0000] {processor.py:829} INFO - Processing file /opt/airflow/dags/pipeline_productivo.py for tasks to queue
[2025-10-28T23:40:05.952+0000] {logging_mixin.py:154} INFO - [2025-10-28T23:40:05.951+0000] {dagbag.py:536} INFO - Filling up the DagBag from /opt/airflow/dags/pipeline_productivo.py
[2025-10-28T23:40:09.822+0000] {processor.py:839} INFO - DAG(s) dict_keys(['sodai_drinks_production_pipeline']) retrieved from /opt/airflow/dags/pipeline_productivo.py
[2025-10-28T23:40:09.868+0000] {logging_mixin.py:154} INFO - [2025-10-28T23:40:09.868+0000] {dag.py:2941} INFO - Sync 1 DAGs
[2025-10-28T23:40:09.888+0000] {logging_mixin.py:154} INFO - [2025-10-28T23:40:09.887+0000] {dag.py:3722} INFO - Setting next_dagrun for sodai_drinks_production_pipeline to 2025-10-26T00:00:00+00:00, run_after=2025-11-02T00:00:00+00:00
[2025-10-28T23:40:09.906+0000] {processor.py:179} INFO - Processing /opt/airflow/dags/pipeline_productivo.py took 3.970 seconds
[2025-10-28T23:40:40.326+0000] {processor.py:157} INFO - Started process (PID=1383) to work on /opt/airflow/dags/pipeline_productivo.py
[2025-10-28T23:40:40.328+0000] {processor.py:829} INFO - Processing file /opt/airflow/dags/pipeline_productivo.py for tasks to queue
[2025-10-28T23:40:40.329+0000] {logging_mixin.py:154} INFO - [2025-10-28T23:40:40.329+0000] {dagbag.py:536} INFO - Filling up the DagBag from /opt/airflow/dags/pipeline_productivo.py
[2025-10-28T23:40:42.232+0000] {processor.py:839} INFO - DAG(s) dict_keys(['sodai_drinks_production_pipeline']) retrieved from /opt/airflow/dags/pipeline_productivo.py
[2025-10-28T23:40:42.273+0000] {logging_mixin.py:154} INFO - [2025-10-28T23:40:42.272+0000] {dag.py:2941} INFO - Sync 1 DAGs
[2025-10-28T23:40:42.334+0000] {logging_mixin.py:154} INFO - [2025-10-28T23:40:42.334+0000] {dag.py:3722} INFO - Setting next_dagrun for sodai_drinks_production_pipeline to 2025-10-26T00:00:00+00:00, run_after=2025-11-02T00:00:00+00:00
[2025-10-28T23:40:42.352+0000] {processor.py:179} INFO - Processing /opt/airflow/dags/pipeline_productivo.py took 2.042 seconds
[2025-10-28T23:40:52.757+0000] {processor.py:157} INFO - Started process (PID=1403) to work on /opt/airflow/dags/pipeline_productivo.py
[2025-10-28T23:40:52.764+0000] {processor.py:829} INFO - Processing file /opt/airflow/dags/pipeline_productivo.py for tasks to queue
[2025-10-28T23:40:52.767+0000] {logging_mixin.py:154} INFO - [2025-10-28T23:40:52.766+0000] {dagbag.py:536} INFO - Filling up the DagBag from /opt/airflow/dags/pipeline_productivo.py
[2025-10-28T23:40:55.236+0000] {processor.py:839} INFO - DAG(s) dict_keys(['sodai_drinks_production_pipeline']) retrieved from /opt/airflow/dags/pipeline_productivo.py
[2025-10-28T23:40:55.272+0000] {logging_mixin.py:154} INFO - [2025-10-28T23:40:55.271+0000] {dag.py:2941} INFO - Sync 1 DAGs
[2025-10-28T23:40:55.290+0000] {logging_mixin.py:154} INFO - [2025-10-28T23:40:55.290+0000] {dag.py:3722} INFO - Setting next_dagrun for sodai_drinks_production_pipeline to 2025-10-26T00:00:00+00:00, run_after=2025-11-02T00:00:00+00:00
[2025-10-28T23:40:55.301+0000] {processor.py:179} INFO - Processing /opt/airflow/dags/pipeline_productivo.py took 2.575 seconds
[2025-10-28T23:41:04.076+0000] {processor.py:157} INFO - Started process (PID=1438) to work on /opt/airflow/dags/pipeline_productivo.py
[2025-10-28T23:41:04.078+0000] {processor.py:829} INFO - Processing file /opt/airflow/dags/pipeline_productivo.py for tasks to queue
[2025-10-28T23:41:04.080+0000] {logging_mixin.py:154} INFO - [2025-10-28T23:41:04.079+0000] {dagbag.py:536} INFO - Filling up the DagBag from /opt/airflow/dags/pipeline_productivo.py
[2025-10-28T23:41:05.553+0000] {processor.py:839} INFO - DAG(s) dict_keys(['sodai_drinks_production_pipeline']) retrieved from /opt/airflow/dags/pipeline_productivo.py
[2025-10-28T23:41:05.586+0000] {logging_mixin.py:154} INFO - [2025-10-28T23:41:05.585+0000] {dag.py:2941} INFO - Sync 1 DAGs
[2025-10-28T23:41:05.607+0000] {logging_mixin.py:154} INFO - [2025-10-28T23:41:05.607+0000] {dag.py:3722} INFO - Setting next_dagrun for sodai_drinks_production_pipeline to 2025-10-26T00:00:00+00:00, run_after=2025-11-02T00:00:00+00:00
[2025-10-28T23:41:05.624+0000] {processor.py:179} INFO - Processing /opt/airflow/dags/pipeline_productivo.py took 1.555 seconds
[2025-10-28T23:41:36.323+0000] {processor.py:157} INFO - Started process (PID=1493) to work on /opt/airflow/dags/pipeline_productivo.py
[2025-10-28T23:41:36.324+0000] {processor.py:829} INFO - Processing file /opt/airflow/dags/pipeline_productivo.py for tasks to queue
[2025-10-28T23:41:36.325+0000] {logging_mixin.py:154} INFO - [2025-10-28T23:41:36.325+0000] {dagbag.py:536} INFO - Filling up the DagBag from /opt/airflow/dags/pipeline_productivo.py
[2025-10-28T23:41:37.744+0000] {processor.py:839} INFO - DAG(s) dict_keys(['sodai_drinks_production_pipeline']) retrieved from /opt/airflow/dags/pipeline_productivo.py
[2025-10-28T23:41:37.757+0000] {logging_mixin.py:154} INFO - [2025-10-28T23:41:37.756+0000] {dag.py:2941} INFO - Sync 1 DAGs
[2025-10-28T23:41:37.771+0000] {logging_mixin.py:154} INFO - [2025-10-28T23:41:37.771+0000] {dag.py:3722} INFO - Setting next_dagrun for sodai_drinks_production_pipeline to 2025-10-26T00:00:00+00:00, run_after=2025-11-02T00:00:00+00:00
[2025-10-28T23:41:37.781+0000] {processor.py:179} INFO - Processing /opt/airflow/dags/pipeline_productivo.py took 1.463 seconds
[2025-10-28T23:42:08.229+0000] {processor.py:157} INFO - Started process (PID=1541) to work on /opt/airflow/dags/pipeline_productivo.py
[2025-10-28T23:42:08.232+0000] {processor.py:829} INFO - Processing file /opt/airflow/dags/pipeline_productivo.py for tasks to queue
[2025-10-28T23:42:08.233+0000] {logging_mixin.py:154} INFO - [2025-10-28T23:42:08.232+0000] {dagbag.py:536} INFO - Filling up the DagBag from /opt/airflow/dags/pipeline_productivo.py
[2025-10-28T23:42:10.143+0000] {processor.py:839} INFO - DAG(s) dict_keys(['sodai_drinks_production_pipeline']) retrieved from /opt/airflow/dags/pipeline_productivo.py
[2025-10-28T23:42:10.182+0000] {logging_mixin.py:154} INFO - [2025-10-28T23:42:10.181+0000] {dag.py:2941} INFO - Sync 1 DAGs
[2025-10-28T23:42:10.205+0000] {logging_mixin.py:154} INFO - [2025-10-28T23:42:10.205+0000] {dag.py:3722} INFO - Setting next_dagrun for sodai_drinks_production_pipeline to 2025-10-26T00:00:00+00:00, run_after=2025-11-02T00:00:00+00:00
[2025-10-28T23:42:10.226+0000] {processor.py:179} INFO - Processing /opt/airflow/dags/pipeline_productivo.py took 2.010 seconds
[2025-10-28T23:42:34.795+0000] {processor.py:157} INFO - Started process (PID=1596) to work on /opt/airflow/dags/pipeline_productivo.py
[2025-10-28T23:42:34.797+0000] {processor.py:829} INFO - Processing file /opt/airflow/dags/pipeline_productivo.py for tasks to queue
[2025-10-28T23:42:34.798+0000] {logging_mixin.py:154} INFO - [2025-10-28T23:42:34.797+0000] {dagbag.py:536} INFO - Filling up the DagBag from /opt/airflow/dags/pipeline_productivo.py
[2025-10-28T23:42:36.980+0000] {processor.py:839} INFO - DAG(s) dict_keys(['sodai_drinks_production_pipeline']) retrieved from /opt/airflow/dags/pipeline_productivo.py
[2025-10-28T23:42:37.000+0000] {logging_mixin.py:154} INFO - [2025-10-28T23:42:36.999+0000] {dag.py:2941} INFO - Sync 1 DAGs
[2025-10-28T23:42:37.011+0000] {logging_mixin.py:154} INFO - [2025-10-28T23:42:37.011+0000] {dag.py:3722} INFO - Setting next_dagrun for sodai_drinks_production_pipeline to 2025-10-26T00:00:00+00:00, run_after=2025-11-02T00:00:00+00:00
[2025-10-28T23:42:37.025+0000] {processor.py:179} INFO - Processing /opt/airflow/dags/pipeline_productivo.py took 2.240 seconds
[2025-10-28T23:42:58.169+0000] {processor.py:157} INFO - Started process (PID=164) to work on /opt/airflow/dags/pipeline_productivo.py
[2025-10-28T23:42:58.171+0000] {processor.py:829} INFO - Processing file /opt/airflow/dags/pipeline_productivo.py for tasks to queue
[2025-10-28T23:42:58.173+0000] {logging_mixin.py:154} INFO - [2025-10-28T23:42:58.172+0000] {dagbag.py:536} INFO - Filling up the DagBag from /opt/airflow/dags/pipeline_productivo.py
[2025-10-28T23:43:02.938+0000] {processor.py:839} INFO - DAG(s) dict_keys(['sodai_drinks_production_pipeline']) retrieved from /opt/airflow/dags/pipeline_productivo.py
[2025-10-28T23:43:03.037+0000] {logging_mixin.py:154} INFO - [2025-10-28T23:43:03.036+0000] {dag.py:2941} INFO - Sync 1 DAGs
[2025-10-28T23:43:03.079+0000] {logging_mixin.py:154} INFO - [2025-10-28T23:43:03.078+0000] {dag.py:3722} INFO - Setting next_dagrun for sodai_drinks_production_pipeline to 2025-10-26T00:00:00+00:00, run_after=2025-11-02T00:00:00+00:00
[2025-10-28T23:43:03.100+0000] {processor.py:179} INFO - Processing /opt/airflow/dags/pipeline_productivo.py took 4.944 seconds
[2025-10-28T23:43:33.649+0000] {processor.py:157} INFO - Started process (PID=240) to work on /opt/airflow/dags/pipeline_productivo.py
[2025-10-28T23:43:33.651+0000] {processor.py:829} INFO - Processing file /opt/airflow/dags/pipeline_productivo.py for tasks to queue
[2025-10-28T23:43:33.652+0000] {logging_mixin.py:154} INFO - [2025-10-28T23:43:33.652+0000] {dagbag.py:536} INFO - Filling up the DagBag from /opt/airflow/dags/pipeline_productivo.py
[2025-10-28T23:43:35.355+0000] {processor.py:839} INFO - DAG(s) dict_keys(['sodai_drinks_production_pipeline']) retrieved from /opt/airflow/dags/pipeline_productivo.py
[2025-10-28T23:43:35.387+0000] {logging_mixin.py:154} INFO - [2025-10-28T23:43:35.386+0000] {dag.py:2941} INFO - Sync 1 DAGs
[2025-10-28T23:43:35.404+0000] {logging_mixin.py:154} INFO - [2025-10-28T23:43:35.404+0000] {dag.py:3722} INFO - Setting next_dagrun for sodai_drinks_production_pipeline to 2025-10-26T00:00:00+00:00, run_after=2025-11-02T00:00:00+00:00
[2025-10-28T23:43:35.416+0000] {processor.py:179} INFO - Processing /opt/airflow/dags/pipeline_productivo.py took 1.772 seconds
[2025-10-28T23:44:06.057+0000] {processor.py:157} INFO - Started process (PID=295) to work on /opt/airflow/dags/pipeline_productivo.py
[2025-10-28T23:44:06.058+0000] {processor.py:829} INFO - Processing file /opt/airflow/dags/pipeline_productivo.py for tasks to queue
[2025-10-28T23:44:06.060+0000] {logging_mixin.py:154} INFO - [2025-10-28T23:44:06.059+0000] {dagbag.py:536} INFO - Filling up the DagBag from /opt/airflow/dags/pipeline_productivo.py
[2025-10-28T23:44:07.404+0000] {processor.py:839} INFO - DAG(s) dict_keys(['sodai_drinks_production_pipeline']) retrieved from /opt/airflow/dags/pipeline_productivo.py
[2025-10-28T23:44:07.432+0000] {logging_mixin.py:154} INFO - [2025-10-28T23:44:07.432+0000] {dag.py:2941} INFO - Sync 1 DAGs
[2025-10-28T23:44:07.450+0000] {logging_mixin.py:154} INFO - [2025-10-28T23:44:07.450+0000] {dag.py:3722} INFO - Setting next_dagrun for sodai_drinks_production_pipeline to 2025-10-26T00:00:00+00:00, run_after=2025-11-02T00:00:00+00:00
[2025-10-28T23:44:07.461+0000] {processor.py:179} INFO - Processing /opt/airflow/dags/pipeline_productivo.py took 1.410 seconds
[2025-10-28T23:44:37.993+0000] {processor.py:157} INFO - Started process (PID=396) to work on /opt/airflow/dags/pipeline_productivo.py
[2025-10-28T23:44:37.995+0000] {processor.py:829} INFO - Processing file /opt/airflow/dags/pipeline_productivo.py for tasks to queue
[2025-10-28T23:44:37.996+0000] {logging_mixin.py:154} INFO - [2025-10-28T23:44:37.995+0000] {dagbag.py:536} INFO - Filling up the DagBag from /opt/airflow/dags/pipeline_productivo.py
[2025-10-28T23:44:41.163+0000] {processor.py:839} INFO - DAG(s) dict_keys(['sodai_drinks_production_pipeline']) retrieved from /opt/airflow/dags/pipeline_productivo.py
[2025-10-28T23:44:41.211+0000] {logging_mixin.py:154} INFO - [2025-10-28T23:44:41.210+0000] {dag.py:2941} INFO - Sync 1 DAGs
[2025-10-28T23:44:41.248+0000] {logging_mixin.py:154} INFO - [2025-10-28T23:44:41.247+0000] {dag.py:3722} INFO - Setting next_dagrun for sodai_drinks_production_pipeline to 2025-10-19T00:00:00+00:00, run_after=2025-10-26T00:00:00+00:00
[2025-10-28T23:44:41.282+0000] {processor.py:179} INFO - Processing /opt/airflow/dags/pipeline_productivo.py took 3.297 seconds
[2025-10-28T23:45:08.767+0000] {processor.py:157} INFO - Started process (PID=555) to work on /opt/airflow/dags/pipeline_productivo.py
[2025-10-28T23:45:08.769+0000] {processor.py:829} INFO - Processing file /opt/airflow/dags/pipeline_productivo.py for tasks to queue
[2025-10-28T23:45:08.772+0000] {logging_mixin.py:154} INFO - [2025-10-28T23:45:08.771+0000] {dagbag.py:536} INFO - Filling up the DagBag from /opt/airflow/dags/pipeline_productivo.py
[2025-10-28T23:45:13.839+0000] {processor.py:839} INFO - DAG(s) dict_keys(['sodai_drinks_production_pipeline']) retrieved from /opt/airflow/dags/pipeline_productivo.py
[2025-10-28T23:45:13.940+0000] {logging_mixin.py:154} INFO - [2025-10-28T23:45:13.935+0000] {taskinstance.py:1939} ERROR - {'DAG Id': 'sodai_drinks_production_pipeline', 'Task Id': 'train_model', 'Run Id': 'manual__2025-10-28T23:44:15.275626+00:00', 'Hostname': 'ee70ee0df05e'}
[2025-10-28T23:45:13.970+0000] {logging_mixin.py:154} INFO - [2025-10-28T23:45:13.970+0000] {taskinstance.py:1400} INFO - Marking task as UP_FOR_RETRY. dag_id=sodai_drinks_production_pipeline, task_id=train_model, execution_date=20251028T234415, start_date=20251028T234447, end_date=20251028T234513
[2025-10-28T23:45:13.986+0000] {processor.py:790} INFO - Executed failure callback for <TaskInstance: sodai_drinks_production_pipeline.train_model manual__2025-10-28T23:44:15.275626+00:00 [up_for_retry]> in state up_for_retry
[2025-10-28T23:45:14.016+0000] {logging_mixin.py:154} INFO - [2025-10-28T23:45:14.015+0000] {dag.py:2941} INFO - Sync 1 DAGs
[2025-10-28T23:45:14.045+0000] {logging_mixin.py:154} INFO - [2025-10-28T23:45:14.045+0000] {dag.py:3722} INFO - Setting next_dagrun for sodai_drinks_production_pipeline to 2025-10-26T00:00:00+00:00, run_after=2025-11-02T00:00:00+00:00
[2025-10-28T23:45:14.071+0000] {processor.py:179} INFO - Processing /opt/airflow/dags/pipeline_productivo.py took 5.310 seconds
[2025-10-28T23:45:38.863+0000] {processor.py:157} INFO - Started process (PID=668) to work on /opt/airflow/dags/pipeline_productivo.py
[2025-10-28T23:45:38.864+0000] {processor.py:829} INFO - Processing file /opt/airflow/dags/pipeline_productivo.py for tasks to queue
[2025-10-28T23:45:38.865+0000] {logging_mixin.py:154} INFO - [2025-10-28T23:45:38.865+0000] {dagbag.py:536} INFO - Filling up the DagBag from /opt/airflow/dags/pipeline_productivo.py
[2025-10-28T23:45:40.918+0000] {processor.py:839} INFO - DAG(s) dict_keys(['sodai_drinks_production_pipeline']) retrieved from /opt/airflow/dags/pipeline_productivo.py
[2025-10-28T23:45:40.940+0000] {logging_mixin.py:154} INFO - [2025-10-28T23:45:40.939+0000] {taskinstance.py:1939} ERROR - {'DAG Id': 'sodai_drinks_production_pipeline', 'Task Id': 'train_model', 'Run Id': 'scheduled__2025-10-19T00:00:00+00:00', 'Hostname': 'ee70ee0df05e'}
[2025-10-28T23:45:40.948+0000] {logging_mixin.py:154} INFO - [2025-10-28T23:45:40.947+0000] {taskinstance.py:1400} INFO - Marking task as UP_FOR_RETRY. dag_id=sodai_drinks_production_pipeline, task_id=train_model, execution_date=20251019T000000, start_date=20251028T234522, end_date=20251028T234540
[2025-10-28T23:45:40.956+0000] {processor.py:790} INFO - Executed failure callback for <TaskInstance: sodai_drinks_production_pipeline.train_model scheduled__2025-10-19T00:00:00+00:00 [up_for_retry]> in state up_for_retry
[2025-10-28T23:45:40.966+0000] {logging_mixin.py:154} INFO - [2025-10-28T23:45:40.965+0000] {dag.py:2941} INFO - Sync 1 DAGs
[2025-10-28T23:45:40.975+0000] {logging_mixin.py:154} INFO - [2025-10-28T23:45:40.975+0000] {dag.py:3722} INFO - Setting next_dagrun for sodai_drinks_production_pipeline to 2025-10-26T00:00:00+00:00, run_after=2025-11-02T00:00:00+00:00
[2025-10-28T23:45:40.982+0000] {processor.py:179} INFO - Processing /opt/airflow/dags/pipeline_productivo.py took 2.123 seconds
[2025-10-28T23:46:11.496+0000] {processor.py:157} INFO - Started process (PID=723) to work on /opt/airflow/dags/pipeline_productivo.py
[2025-10-28T23:46:11.499+0000] {processor.py:829} INFO - Processing file /opt/airflow/dags/pipeline_productivo.py for tasks to queue
[2025-10-28T23:46:11.500+0000] {logging_mixin.py:154} INFO - [2025-10-28T23:46:11.500+0000] {dagbag.py:536} INFO - Filling up the DagBag from /opt/airflow/dags/pipeline_productivo.py
[2025-10-28T23:46:12.743+0000] {processor.py:839} INFO - DAG(s) dict_keys(['sodai_drinks_production_pipeline']) retrieved from /opt/airflow/dags/pipeline_productivo.py
[2025-10-28T23:46:12.764+0000] {logging_mixin.py:154} INFO - [2025-10-28T23:46:12.764+0000] {dag.py:2941} INFO - Sync 1 DAGs
[2025-10-28T23:46:12.776+0000] {logging_mixin.py:154} INFO - [2025-10-28T23:46:12.776+0000] {dag.py:3722} INFO - Setting next_dagrun for sodai_drinks_production_pipeline to 2025-10-26T00:00:00+00:00, run_after=2025-11-02T00:00:00+00:00
[2025-10-28T23:46:12.784+0000] {processor.py:179} INFO - Processing /opt/airflow/dags/pipeline_productivo.py took 1.293 seconds
[2025-10-28T23:46:43.302+0000] {processor.py:157} INFO - Started process (PID=771) to work on /opt/airflow/dags/pipeline_productivo.py
[2025-10-28T23:46:43.303+0000] {processor.py:829} INFO - Processing file /opt/airflow/dags/pipeline_productivo.py for tasks to queue
[2025-10-28T23:46:43.306+0000] {logging_mixin.py:154} INFO - [2025-10-28T23:46:43.304+0000] {dagbag.py:536} INFO - Filling up the DagBag from /opt/airflow/dags/pipeline_productivo.py
[2025-10-28T23:46:44.713+0000] {processor.py:839} INFO - DAG(s) dict_keys(['sodai_drinks_production_pipeline']) retrieved from /opt/airflow/dags/pipeline_productivo.py
[2025-10-28T23:46:44.735+0000] {logging_mixin.py:154} INFO - [2025-10-28T23:46:44.735+0000] {dag.py:2941} INFO - Sync 1 DAGs
[2025-10-28T23:46:44.749+0000] {logging_mixin.py:154} INFO - [2025-10-28T23:46:44.749+0000] {dag.py:3722} INFO - Setting next_dagrun for sodai_drinks_production_pipeline to 2025-10-26T00:00:00+00:00, run_after=2025-11-02T00:00:00+00:00
[2025-10-28T23:46:44.759+0000] {processor.py:179} INFO - Processing /opt/airflow/dags/pipeline_productivo.py took 1.466 seconds
[2025-10-28T23:47:15.153+0000] {processor.py:157} INFO - Started process (PID=827) to work on /opt/airflow/dags/pipeline_productivo.py
[2025-10-28T23:47:15.154+0000] {processor.py:829} INFO - Processing file /opt/airflow/dags/pipeline_productivo.py for tasks to queue
[2025-10-28T23:47:15.155+0000] {logging_mixin.py:154} INFO - [2025-10-28T23:47:15.155+0000] {dagbag.py:536} INFO - Filling up the DagBag from /opt/airflow/dags/pipeline_productivo.py
[2025-10-28T23:47:16.348+0000] {processor.py:839} INFO - DAG(s) dict_keys(['sodai_drinks_production_pipeline']) retrieved from /opt/airflow/dags/pipeline_productivo.py
[2025-10-28T23:47:16.364+0000] {logging_mixin.py:154} INFO - [2025-10-28T23:47:16.363+0000] {dag.py:2941} INFO - Sync 1 DAGs
[2025-10-28T23:47:16.374+0000] {logging_mixin.py:154} INFO - [2025-10-28T23:47:16.374+0000] {dag.py:3722} INFO - Setting next_dagrun for sodai_drinks_production_pipeline to 2025-10-26T00:00:00+00:00, run_after=2025-11-02T00:00:00+00:00
[2025-10-28T23:47:16.381+0000] {processor.py:179} INFO - Processing /opt/airflow/dags/pipeline_productivo.py took 1.235 seconds
[2025-10-28T23:47:46.942+0000] {processor.py:157} INFO - Started process (PID=881) to work on /opt/airflow/dags/pipeline_productivo.py
[2025-10-28T23:47:46.943+0000] {processor.py:829} INFO - Processing file /opt/airflow/dags/pipeline_productivo.py for tasks to queue
[2025-10-28T23:47:46.944+0000] {logging_mixin.py:154} INFO - [2025-10-28T23:47:46.944+0000] {dagbag.py:536} INFO - Filling up the DagBag from /opt/airflow/dags/pipeline_productivo.py
[2025-10-28T23:47:48.222+0000] {processor.py:839} INFO - DAG(s) dict_keys(['sodai_drinks_production_pipeline']) retrieved from /opt/airflow/dags/pipeline_productivo.py
[2025-10-28T23:47:48.240+0000] {logging_mixin.py:154} INFO - [2025-10-28T23:47:48.240+0000] {dag.py:2941} INFO - Sync 1 DAGs
[2025-10-28T23:47:48.251+0000] {logging_mixin.py:154} INFO - [2025-10-28T23:47:48.251+0000] {dag.py:3722} INFO - Setting next_dagrun for sodai_drinks_production_pipeline to 2025-10-26T00:00:00+00:00, run_after=2025-11-02T00:00:00+00:00
[2025-10-28T23:47:48.259+0000] {processor.py:179} INFO - Processing /opt/airflow/dags/pipeline_productivo.py took 1.322 seconds
[2025-10-28T23:48:18.720+0000] {processor.py:157} INFO - Started process (PID=936) to work on /opt/airflow/dags/pipeline_productivo.py
[2025-10-28T23:48:18.723+0000] {processor.py:829} INFO - Processing file /opt/airflow/dags/pipeline_productivo.py for tasks to queue
[2025-10-28T23:48:18.724+0000] {logging_mixin.py:154} INFO - [2025-10-28T23:48:18.723+0000] {dagbag.py:536} INFO - Filling up the DagBag from /opt/airflow/dags/pipeline_productivo.py
[2025-10-28T23:48:20.237+0000] {processor.py:839} INFO - DAG(s) dict_keys(['sodai_drinks_production_pipeline']) retrieved from /opt/airflow/dags/pipeline_productivo.py
[2025-10-28T23:48:20.275+0000] {logging_mixin.py:154} INFO - [2025-10-28T23:48:20.275+0000] {dag.py:2941} INFO - Sync 1 DAGs
[2025-10-28T23:48:20.291+0000] {logging_mixin.py:154} INFO - [2025-10-28T23:48:20.291+0000] {dag.py:3722} INFO - Setting next_dagrun for sodai_drinks_production_pipeline to 2025-10-26T00:00:00+00:00, run_after=2025-11-02T00:00:00+00:00
[2025-10-28T23:48:20.305+0000] {processor.py:179} INFO - Processing /opt/airflow/dags/pipeline_productivo.py took 1.594 seconds
[2025-10-28T23:48:50.822+0000] {processor.py:157} INFO - Started process (PID=991) to work on /opt/airflow/dags/pipeline_productivo.py
[2025-10-28T23:48:50.824+0000] {processor.py:829} INFO - Processing file /opt/airflow/dags/pipeline_productivo.py for tasks to queue
[2025-10-28T23:48:50.825+0000] {logging_mixin.py:154} INFO - [2025-10-28T23:48:50.825+0000] {dagbag.py:536} INFO - Filling up the DagBag from /opt/airflow/dags/pipeline_productivo.py
[2025-10-28T23:48:52.431+0000] {processor.py:839} INFO - DAG(s) dict_keys(['sodai_drinks_production_pipeline']) retrieved from /opt/airflow/dags/pipeline_productivo.py
[2025-10-28T23:48:52.458+0000] {logging_mixin.py:154} INFO - [2025-10-28T23:48:52.458+0000] {dag.py:2941} INFO - Sync 1 DAGs
[2025-10-28T23:48:52.477+0000] {logging_mixin.py:154} INFO - [2025-10-28T23:48:52.477+0000] {dag.py:3722} INFO - Setting next_dagrun for sodai_drinks_production_pipeline to 2025-10-26T00:00:00+00:00, run_after=2025-11-02T00:00:00+00:00
[2025-10-28T23:48:52.486+0000] {processor.py:179} INFO - Processing /opt/airflow/dags/pipeline_productivo.py took 1.676 seconds
[2025-10-28T23:49:23.038+0000] {processor.py:157} INFO - Started process (PID=1039) to work on /opt/airflow/dags/pipeline_productivo.py
[2025-10-28T23:49:23.040+0000] {processor.py:829} INFO - Processing file /opt/airflow/dags/pipeline_productivo.py for tasks to queue
[2025-10-28T23:49:23.042+0000] {logging_mixin.py:154} INFO - [2025-10-28T23:49:23.041+0000] {dagbag.py:536} INFO - Filling up the DagBag from /opt/airflow/dags/pipeline_productivo.py
[2025-10-28T23:49:24.786+0000] {processor.py:839} INFO - DAG(s) dict_keys(['sodai_drinks_production_pipeline']) retrieved from /opt/airflow/dags/pipeline_productivo.py
[2025-10-28T23:49:24.820+0000] {logging_mixin.py:154} INFO - [2025-10-28T23:49:24.820+0000] {dag.py:2941} INFO - Sync 1 DAGs
[2025-10-28T23:49:24.844+0000] {logging_mixin.py:154} INFO - [2025-10-28T23:49:24.843+0000] {dag.py:3722} INFO - Setting next_dagrun for sodai_drinks_production_pipeline to 2025-10-26T00:00:00+00:00, run_after=2025-11-02T00:00:00+00:00
[2025-10-28T23:49:24.859+0000] {processor.py:179} INFO - Processing /opt/airflow/dags/pipeline_productivo.py took 1.834 seconds
[2025-10-28T23:49:55.488+0000] {processor.py:157} INFO - Started process (PID=1094) to work on /opt/airflow/dags/pipeline_productivo.py
[2025-10-28T23:49:55.489+0000] {processor.py:829} INFO - Processing file /opt/airflow/dags/pipeline_productivo.py for tasks to queue
[2025-10-28T23:49:55.490+0000] {logging_mixin.py:154} INFO - [2025-10-28T23:49:55.490+0000] {dagbag.py:536} INFO - Filling up the DagBag from /opt/airflow/dags/pipeline_productivo.py
[2025-10-28T23:49:57.270+0000] {processor.py:839} INFO - DAG(s) dict_keys(['sodai_drinks_production_pipeline']) retrieved from /opt/airflow/dags/pipeline_productivo.py
[2025-10-28T23:49:57.297+0000] {logging_mixin.py:154} INFO - [2025-10-28T23:49:57.296+0000] {dag.py:2941} INFO - Sync 1 DAGs
[2025-10-28T23:49:57.313+0000] {logging_mixin.py:154} INFO - [2025-10-28T23:49:57.313+0000] {dag.py:3722} INFO - Setting next_dagrun for sodai_drinks_production_pipeline to 2025-10-26T00:00:00+00:00, run_after=2025-11-02T00:00:00+00:00
[2025-10-28T23:49:57.325+0000] {processor.py:179} INFO - Processing /opt/airflow/dags/pipeline_productivo.py took 1.847 seconds
[2025-10-28T23:50:27.976+0000] {processor.py:157} INFO - Started process (PID=1174) to work on /opt/airflow/dags/pipeline_productivo.py
[2025-10-28T23:50:27.978+0000] {processor.py:829} INFO - Processing file /opt/airflow/dags/pipeline_productivo.py for tasks to queue
[2025-10-28T23:50:27.979+0000] {logging_mixin.py:154} INFO - [2025-10-28T23:50:27.979+0000] {dagbag.py:536} INFO - Filling up the DagBag from /opt/airflow/dags/pipeline_productivo.py
[2025-10-28T23:50:30.601+0000] {processor.py:839} INFO - DAG(s) dict_keys(['sodai_drinks_production_pipeline']) retrieved from /opt/airflow/dags/pipeline_productivo.py
[2025-10-28T23:50:30.643+0000] {logging_mixin.py:154} INFO - [2025-10-28T23:50:30.641+0000] {dag.py:2941} INFO - Sync 1 DAGs
[2025-10-28T23:50:30.663+0000] {logging_mixin.py:154} INFO - [2025-10-28T23:50:30.663+0000] {dag.py:3722} INFO - Setting next_dagrun for sodai_drinks_production_pipeline to 2025-10-26T00:00:00+00:00, run_after=2025-11-02T00:00:00+00:00
[2025-10-28T23:50:30.673+0000] {processor.py:179} INFO - Processing /opt/airflow/dags/pipeline_productivo.py took 2.704 seconds
[2025-10-28T23:50:40.723+0000] {processor.py:157} INFO - Started process (PID=1209) to work on /opt/airflow/dags/pipeline_productivo.py
[2025-10-28T23:50:40.724+0000] {processor.py:829} INFO - Processing file /opt/airflow/dags/pipeline_productivo.py for tasks to queue
[2025-10-28T23:50:40.724+0000] {logging_mixin.py:154} INFO - [2025-10-28T23:50:40.724+0000] {dagbag.py:536} INFO - Filling up the DagBag from /opt/airflow/dags/pipeline_productivo.py
[2025-10-28T23:50:42.438+0000] {processor.py:839} INFO - DAG(s) dict_keys(['sodai_drinks_production_pipeline']) retrieved from /opt/airflow/dags/pipeline_productivo.py
[2025-10-28T23:50:42.461+0000] {logging_mixin.py:154} INFO - [2025-10-28T23:50:42.461+0000] {taskinstance.py:1939} ERROR - {'DAG Id': 'sodai_drinks_production_pipeline', 'Task Id': 'train_model', 'Run Id': 'manual__2025-10-28T23:44:15.275626+00:00', 'Hostname': 'ee70ee0df05e'}
[2025-10-28T23:50:42.472+0000] {logging_mixin.py:154} INFO - [2025-10-28T23:50:42.472+0000] {taskinstance.py:1400} INFO - Marking task as FAILED. dag_id=sodai_drinks_production_pipeline, task_id=train_model, execution_date=20251028T234415, start_date=20251028T235016, end_date=20251028T235042
[2025-10-28T23:50:42.479+0000] {processor.py:790} INFO - Executed failure callback for <TaskInstance: sodai_drinks_production_pipeline.train_model manual__2025-10-28T23:44:15.275626+00:00 [failed]> in state failed
[2025-10-28T23:50:42.481+0000] {logging_mixin.py:154} INFO - [2025-10-28T23:50:42.480+0000] {taskinstance.py:1939} ERROR - {'DAG Id': 'sodai_drinks_production_pipeline', 'Task Id': 'train_model', 'Run Id': 'manual__2025-10-28T23:44:15.275626+00:00', 'Hostname': 'ee70ee0df05e'}
[2025-10-28T23:50:42.484+0000] {logging_mixin.py:154} INFO - [2025-10-28T23:50:42.484+0000] {taskinstance.py:1400} INFO - Marking task as FAILED. dag_id=sodai_drinks_production_pipeline, task_id=train_model, execution_date=20251028T234415, start_date=20251028T235016, end_date=20251028T235042
[2025-10-28T23:50:42.486+0000] {processor.py:790} INFO - Executed failure callback for <TaskInstance: sodai_drinks_production_pipeline.train_model manual__2025-10-28T23:44:15.275626+00:00 [failed]> in state failed
[2025-10-28T23:50:42.498+0000] {logging_mixin.py:154} INFO - [2025-10-28T23:50:42.497+0000] {dag.py:2941} INFO - Sync 1 DAGs
[2025-10-28T23:50:42.509+0000] {logging_mixin.py:154} INFO - [2025-10-28T23:50:42.508+0000] {dag.py:3722} INFO - Setting next_dagrun for sodai_drinks_production_pipeline to 2025-10-26T00:00:00+00:00, run_after=2025-11-02T00:00:00+00:00
[2025-10-28T23:50:42.522+0000] {processor.py:179} INFO - Processing /opt/airflow/dags/pipeline_productivo.py took 1.802 seconds
[2025-10-28T23:50:50.793+0000] {processor.py:157} INFO - Started process (PID=1260) to work on /opt/airflow/dags/pipeline_productivo.py
[2025-10-28T23:50:50.795+0000] {processor.py:829} INFO - Processing file /opt/airflow/dags/pipeline_productivo.py for tasks to queue
[2025-10-28T23:50:50.798+0000] {logging_mixin.py:154} INFO - [2025-10-28T23:50:50.798+0000] {dagbag.py:536} INFO - Filling up the DagBag from /opt/airflow/dags/pipeline_productivo.py
[2025-10-28T23:50:53.440+0000] {processor.py:839} INFO - DAG(s) dict_keys(['sodai_drinks_production_pipeline']) retrieved from /opt/airflow/dags/pipeline_productivo.py
[2025-10-28T23:50:53.478+0000] {logging_mixin.py:154} INFO - [2025-10-28T23:50:53.477+0000] {taskinstance.py:1939} ERROR - {'DAG Id': 'sodai_drinks_production_pipeline', 'Task Id': 'train_model', 'Run Id': 'scheduled__2025-10-19T00:00:00+00:00', 'Hostname': 'ee70ee0df05e'}
[2025-10-28T23:50:53.490+0000] {logging_mixin.py:154} INFO - [2025-10-28T23:50:53.490+0000] {taskinstance.py:1400} INFO - Marking task as FAILED. dag_id=sodai_drinks_production_pipeline, task_id=train_model, execution_date=20251019T000000, start_date=20251028T235043, end_date=20251028T235053
[2025-10-28T23:50:53.498+0000] {processor.py:790} INFO - Executed failure callback for <TaskInstance: sodai_drinks_production_pipeline.train_model scheduled__2025-10-19T00:00:00+00:00 [failed]> in state failed
[2025-10-28T23:50:53.513+0000] {logging_mixin.py:154} INFO - [2025-10-28T23:50:53.512+0000] {dag.py:2941} INFO - Sync 1 DAGs
[2025-10-28T23:50:53.525+0000] {logging_mixin.py:154} INFO - [2025-10-28T23:50:53.525+0000] {dag.py:3722} INFO - Setting next_dagrun for sodai_drinks_production_pipeline to 2025-10-26T00:00:00+00:00, run_after=2025-11-02T00:00:00+00:00
[2025-10-28T23:50:53.534+0000] {processor.py:179} INFO - Processing /opt/airflow/dags/pipeline_productivo.py took 2.749 seconds
[2025-10-28T23:51:24.334+0000] {processor.py:157} INFO - Started process (PID=1315) to work on /opt/airflow/dags/pipeline_productivo.py
[2025-10-28T23:51:24.336+0000] {processor.py:829} INFO - Processing file /opt/airflow/dags/pipeline_productivo.py for tasks to queue
[2025-10-28T23:51:24.337+0000] {logging_mixin.py:154} INFO - [2025-10-28T23:51:24.337+0000] {dagbag.py:536} INFO - Filling up the DagBag from /opt/airflow/dags/pipeline_productivo.py
[2025-10-28T23:51:25.811+0000] {processor.py:839} INFO - DAG(s) dict_keys(['sodai_drinks_production_pipeline']) retrieved from /opt/airflow/dags/pipeline_productivo.py
[2025-10-28T23:51:25.840+0000] {logging_mixin.py:154} INFO - [2025-10-28T23:51:25.839+0000] {dag.py:2941} INFO - Sync 1 DAGs
[2025-10-28T23:51:25.855+0000] {logging_mixin.py:154} INFO - [2025-10-28T23:51:25.855+0000] {dag.py:3722} INFO - Setting next_dagrun for sodai_drinks_production_pipeline to 2025-10-26T00:00:00+00:00, run_after=2025-11-02T00:00:00+00:00
[2025-10-28T23:51:25.864+0000] {processor.py:179} INFO - Processing /opt/airflow/dags/pipeline_productivo.py took 1.538 seconds
[2025-10-28T23:51:56.152+0000] {processor.py:157} INFO - Started process (PID=1363) to work on /opt/airflow/dags/pipeline_productivo.py
[2025-10-28T23:51:56.154+0000] {processor.py:829} INFO - Processing file /opt/airflow/dags/pipeline_productivo.py for tasks to queue
[2025-10-28T23:51:56.156+0000] {logging_mixin.py:154} INFO - [2025-10-28T23:51:56.155+0000] {dagbag.py:536} INFO - Filling up the DagBag from /opt/airflow/dags/pipeline_productivo.py
[2025-10-28T23:51:57.824+0000] {processor.py:839} INFO - DAG(s) dict_keys(['sodai_drinks_production_pipeline']) retrieved from /opt/airflow/dags/pipeline_productivo.py
[2025-10-28T23:51:57.854+0000] {logging_mixin.py:154} INFO - [2025-10-28T23:51:57.854+0000] {dag.py:2941} INFO - Sync 1 DAGs
[2025-10-28T23:51:57.870+0000] {logging_mixin.py:154} INFO - [2025-10-28T23:51:57.870+0000] {dag.py:3722} INFO - Setting next_dagrun for sodai_drinks_production_pipeline to 2025-10-26T00:00:00+00:00, run_after=2025-11-02T00:00:00+00:00
[2025-10-28T23:51:57.881+0000] {processor.py:179} INFO - Processing /opt/airflow/dags/pipeline_productivo.py took 1.744 seconds
[2025-10-28T23:52:28.456+0000] {processor.py:157} INFO - Started process (PID=1418) to work on /opt/airflow/dags/pipeline_productivo.py
[2025-10-28T23:52:28.461+0000] {processor.py:829} INFO - Processing file /opt/airflow/dags/pipeline_productivo.py for tasks to queue
[2025-10-28T23:52:28.463+0000] {logging_mixin.py:154} INFO - [2025-10-28T23:52:28.462+0000] {dagbag.py:536} INFO - Filling up the DagBag from /opt/airflow/dags/pipeline_productivo.py
[2025-10-28T23:52:29.940+0000] {processor.py:839} INFO - DAG(s) dict_keys(['sodai_drinks_production_pipeline']) retrieved from /opt/airflow/dags/pipeline_productivo.py
[2025-10-28T23:52:29.961+0000] {logging_mixin.py:154} INFO - [2025-10-28T23:52:29.961+0000] {dag.py:2941} INFO - Sync 1 DAGs
[2025-10-28T23:52:29.973+0000] {logging_mixin.py:154} INFO - [2025-10-28T23:52:29.973+0000] {dag.py:3722} INFO - Setting next_dagrun for sodai_drinks_production_pipeline to 2025-10-26T00:00:00+00:00, run_after=2025-11-02T00:00:00+00:00
[2025-10-28T23:52:29.982+0000] {processor.py:179} INFO - Processing /opt/airflow/dags/pipeline_productivo.py took 1.541 seconds
[2025-10-28T23:53:00.253+0000] {processor.py:157} INFO - Started process (PID=1473) to work on /opt/airflow/dags/pipeline_productivo.py
[2025-10-28T23:53:00.254+0000] {processor.py:829} INFO - Processing file /opt/airflow/dags/pipeline_productivo.py for tasks to queue
[2025-10-28T23:53:00.256+0000] {logging_mixin.py:154} INFO - [2025-10-28T23:53:00.255+0000] {dagbag.py:536} INFO - Filling up the DagBag from /opt/airflow/dags/pipeline_productivo.py
[2025-10-28T23:53:01.880+0000] {processor.py:839} INFO - DAG(s) dict_keys(['sodai_drinks_production_pipeline']) retrieved from /opt/airflow/dags/pipeline_productivo.py
[2025-10-28T23:53:01.915+0000] {logging_mixin.py:154} INFO - [2025-10-28T23:53:01.914+0000] {dag.py:2941} INFO - Sync 1 DAGs
[2025-10-28T23:53:01.929+0000] {logging_mixin.py:154} INFO - [2025-10-28T23:53:01.929+0000] {dag.py:3722} INFO - Setting next_dagrun for sodai_drinks_production_pipeline to 2025-10-26T00:00:00+00:00, run_after=2025-11-02T00:00:00+00:00
[2025-10-28T23:53:01.938+0000] {processor.py:179} INFO - Processing /opt/airflow/dags/pipeline_productivo.py took 1.692 seconds
[2025-10-28T23:53:32.600+0000] {processor.py:157} INFO - Started process (PID=1528) to work on /opt/airflow/dags/pipeline_productivo.py
[2025-10-28T23:53:32.602+0000] {processor.py:829} INFO - Processing file /opt/airflow/dags/pipeline_productivo.py for tasks to queue
[2025-10-28T23:53:32.603+0000] {logging_mixin.py:154} INFO - [2025-10-28T23:53:32.603+0000] {dagbag.py:536} INFO - Filling up the DagBag from /opt/airflow/dags/pipeline_productivo.py
[2025-10-28T23:53:34.075+0000] {processor.py:839} INFO - DAG(s) dict_keys(['sodai_drinks_production_pipeline']) retrieved from /opt/airflow/dags/pipeline_productivo.py
[2025-10-28T23:53:34.098+0000] {logging_mixin.py:154} INFO - [2025-10-28T23:53:34.098+0000] {dag.py:2941} INFO - Sync 1 DAGs
[2025-10-28T23:53:34.111+0000] {logging_mixin.py:154} INFO - [2025-10-28T23:53:34.110+0000] {dag.py:3722} INFO - Setting next_dagrun for sodai_drinks_production_pipeline to 2025-10-26T00:00:00+00:00, run_after=2025-11-02T00:00:00+00:00
[2025-10-28T23:53:34.119+0000] {processor.py:179} INFO - Processing /opt/airflow/dags/pipeline_productivo.py took 1.524 seconds
[2025-10-28T23:54:04.755+0000] {processor.py:157} INFO - Started process (PID=1583) to work on /opt/airflow/dags/pipeline_productivo.py
[2025-10-28T23:54:04.758+0000] {processor.py:829} INFO - Processing file /opt/airflow/dags/pipeline_productivo.py for tasks to queue
[2025-10-28T23:54:04.759+0000] {logging_mixin.py:154} INFO - [2025-10-28T23:54:04.758+0000] {dagbag.py:536} INFO - Filling up the DagBag from /opt/airflow/dags/pipeline_productivo.py
[2025-10-28T23:54:06.132+0000] {processor.py:839} INFO - DAG(s) dict_keys(['sodai_drinks_production_pipeline']) retrieved from /opt/airflow/dags/pipeline_productivo.py
[2025-10-28T23:54:06.164+0000] {logging_mixin.py:154} INFO - [2025-10-28T23:54:06.163+0000] {dag.py:2941} INFO - Sync 1 DAGs
[2025-10-28T23:54:06.175+0000] {logging_mixin.py:154} INFO - [2025-10-28T23:54:06.175+0000] {dag.py:3722} INFO - Setting next_dagrun for sodai_drinks_production_pipeline to 2025-10-26T00:00:00+00:00, run_after=2025-11-02T00:00:00+00:00
[2025-10-28T23:54:06.183+0000] {processor.py:179} INFO - Processing /opt/airflow/dags/pipeline_productivo.py took 1.437 seconds
[2025-10-28T23:54:36.653+0000] {processor.py:157} INFO - Started process (PID=1638) to work on /opt/airflow/dags/pipeline_productivo.py
[2025-10-28T23:54:36.655+0000] {processor.py:829} INFO - Processing file /opt/airflow/dags/pipeline_productivo.py for tasks to queue
[2025-10-28T23:54:36.656+0000] {logging_mixin.py:154} INFO - [2025-10-28T23:54:36.655+0000] {dagbag.py:536} INFO - Filling up the DagBag from /opt/airflow/dags/pipeline_productivo.py
[2025-10-28T23:54:38.881+0000] {processor.py:839} INFO - DAG(s) dict_keys(['sodai_drinks_production_pipeline']) retrieved from /opt/airflow/dags/pipeline_productivo.py
[2025-10-28T23:54:38.904+0000] {logging_mixin.py:154} INFO - [2025-10-28T23:54:38.903+0000] {dag.py:2941} INFO - Sync 1 DAGs
[2025-10-28T23:54:38.920+0000] {logging_mixin.py:154} INFO - [2025-10-28T23:54:38.920+0000] {dag.py:3722} INFO - Setting next_dagrun for sodai_drinks_production_pipeline to 2025-10-26T00:00:00+00:00, run_after=2025-11-02T00:00:00+00:00
[2025-10-28T23:54:38.930+0000] {processor.py:179} INFO - Processing /opt/airflow/dags/pipeline_productivo.py took 2.282 seconds
[2025-10-28T23:55:09.476+0000] {processor.py:157} INFO - Started process (PID=1686) to work on /opt/airflow/dags/pipeline_productivo.py
[2025-10-28T23:55:09.478+0000] {processor.py:829} INFO - Processing file /opt/airflow/dags/pipeline_productivo.py for tasks to queue
[2025-10-28T23:55:09.479+0000] {logging_mixin.py:154} INFO - [2025-10-28T23:55:09.479+0000] {dagbag.py:536} INFO - Filling up the DagBag from /opt/airflow/dags/pipeline_productivo.py
[2025-10-28T23:55:11.266+0000] {processor.py:839} INFO - DAG(s) dict_keys(['sodai_drinks_production_pipeline']) retrieved from /opt/airflow/dags/pipeline_productivo.py
[2025-10-28T23:55:11.290+0000] {logging_mixin.py:154} INFO - [2025-10-28T23:55:11.290+0000] {dag.py:2941} INFO - Sync 1 DAGs
[2025-10-28T23:55:11.305+0000] {logging_mixin.py:154} INFO - [2025-10-28T23:55:11.305+0000] {dag.py:3722} INFO - Setting next_dagrun for sodai_drinks_production_pipeline to 2025-10-26T00:00:00+00:00, run_after=2025-11-02T00:00:00+00:00
[2025-10-28T23:55:11.320+0000] {processor.py:179} INFO - Processing /opt/airflow/dags/pipeline_productivo.py took 1.855 seconds
[2025-10-28T23:55:41.426+0000] {processor.py:157} INFO - Started process (PID=1741) to work on /opt/airflow/dags/pipeline_productivo.py
[2025-10-28T23:55:41.428+0000] {processor.py:829} INFO - Processing file /opt/airflow/dags/pipeline_productivo.py for tasks to queue
[2025-10-28T23:55:41.432+0000] {logging_mixin.py:154} INFO - [2025-10-28T23:55:41.431+0000] {dagbag.py:536} INFO - Filling up the DagBag from /opt/airflow/dags/pipeline_productivo.py
[2025-10-28T23:55:42.968+0000] {processor.py:839} INFO - DAG(s) dict_keys(['sodai_drinks_production_pipeline']) retrieved from /opt/airflow/dags/pipeline_productivo.py
[2025-10-28T23:55:43.003+0000] {logging_mixin.py:154} INFO - [2025-10-28T23:55:43.002+0000] {dag.py:2941} INFO - Sync 1 DAGs
[2025-10-28T23:55:43.015+0000] {logging_mixin.py:154} INFO - [2025-10-28T23:55:43.015+0000] {dag.py:3722} INFO - Setting next_dagrun for sodai_drinks_production_pipeline to 2025-10-26T00:00:00+00:00, run_after=2025-11-02T00:00:00+00:00
[2025-10-28T23:55:43.023+0000] {processor.py:179} INFO - Processing /opt/airflow/dags/pipeline_productivo.py took 1.604 seconds
[2025-10-28T23:56:13.545+0000] {processor.py:157} INFO - Started process (PID=1801) to work on /opt/airflow/dags/pipeline_productivo.py
[2025-10-28T23:56:13.548+0000] {processor.py:829} INFO - Processing file /opt/airflow/dags/pipeline_productivo.py for tasks to queue
[2025-10-28T23:56:13.549+0000] {logging_mixin.py:154} INFO - [2025-10-28T23:56:13.548+0000] {dagbag.py:536} INFO - Filling up the DagBag from /opt/airflow/dags/pipeline_productivo.py
[2025-10-28T23:56:14.982+0000] {processor.py:839} INFO - DAG(s) dict_keys(['sodai_drinks_production_pipeline']) retrieved from /opt/airflow/dags/pipeline_productivo.py
[2025-10-28T23:56:15.001+0000] {logging_mixin.py:154} INFO - [2025-10-28T23:56:15.000+0000] {dag.py:2941} INFO - Sync 1 DAGs
[2025-10-28T23:56:15.011+0000] {logging_mixin.py:154} INFO - [2025-10-28T23:56:15.011+0000] {dag.py:3722} INFO - Setting next_dagrun for sodai_drinks_production_pipeline to 2025-10-26T00:00:00+00:00, run_after=2025-11-02T00:00:00+00:00
[2025-10-28T23:56:15.019+0000] {processor.py:179} INFO - Processing /opt/airflow/dags/pipeline_productivo.py took 1.478 seconds
[2025-10-28T23:56:45.155+0000] {processor.py:157} INFO - Started process (PID=1856) to work on /opt/airflow/dags/pipeline_productivo.py
[2025-10-28T23:56:45.158+0000] {processor.py:829} INFO - Processing file /opt/airflow/dags/pipeline_productivo.py for tasks to queue
[2025-10-28T23:56:45.159+0000] {logging_mixin.py:154} INFO - [2025-10-28T23:56:45.159+0000] {dagbag.py:536} INFO - Filling up the DagBag from /opt/airflow/dags/pipeline_productivo.py
[2025-10-28T23:56:46.605+0000] {processor.py:839} INFO - DAG(s) dict_keys(['sodai_drinks_production_pipeline']) retrieved from /opt/airflow/dags/pipeline_productivo.py
[2025-10-28T23:56:46.626+0000] {logging_mixin.py:154} INFO - [2025-10-28T23:56:46.626+0000] {dag.py:2941} INFO - Sync 1 DAGs
[2025-10-28T23:56:46.638+0000] {logging_mixin.py:154} INFO - [2025-10-28T23:56:46.638+0000] {dag.py:3722} INFO - Setting next_dagrun for sodai_drinks_production_pipeline to 2025-10-26T00:00:00+00:00, run_after=2025-11-02T00:00:00+00:00
[2025-10-28T23:56:46.646+0000] {processor.py:179} INFO - Processing /opt/airflow/dags/pipeline_productivo.py took 1.499 seconds
[2025-10-28T23:57:16.801+0000] {processor.py:157} INFO - Started process (PID=1915) to work on /opt/airflow/dags/pipeline_productivo.py
[2025-10-28T23:57:16.803+0000] {processor.py:829} INFO - Processing file /opt/airflow/dags/pipeline_productivo.py for tasks to queue
[2025-10-28T23:57:16.804+0000] {logging_mixin.py:154} INFO - [2025-10-28T23:57:16.803+0000] {dagbag.py:536} INFO - Filling up the DagBag from /opt/airflow/dags/pipeline_productivo.py
[2025-10-28T23:57:18.447+0000] {processor.py:839} INFO - DAG(s) dict_keys(['sodai_drinks_production_pipeline']) retrieved from /opt/airflow/dags/pipeline_productivo.py
[2025-10-28T23:57:18.470+0000] {logging_mixin.py:154} INFO - [2025-10-28T23:57:18.468+0000] {dag.py:2941} INFO - Sync 1 DAGs
[2025-10-28T23:57:18.492+0000] {logging_mixin.py:154} INFO - [2025-10-28T23:57:18.492+0000] {dag.py:3722} INFO - Setting next_dagrun for sodai_drinks_production_pipeline to 2025-10-26T00:00:00+00:00, run_after=2025-11-02T00:00:00+00:00
[2025-10-28T23:57:18.513+0000] {processor.py:179} INFO - Processing /opt/airflow/dags/pipeline_productivo.py took 1.718 seconds
[2025-10-28T23:57:49.357+0000] {processor.py:157} INFO - Started process (PID=1969) to work on /opt/airflow/dags/pipeline_productivo.py
[2025-10-28T23:57:49.358+0000] {processor.py:829} INFO - Processing file /opt/airflow/dags/pipeline_productivo.py for tasks to queue
[2025-10-28T23:57:49.359+0000] {logging_mixin.py:154} INFO - [2025-10-28T23:57:49.359+0000] {dagbag.py:536} INFO - Filling up the DagBag from /opt/airflow/dags/pipeline_productivo.py
[2025-10-28T23:57:50.955+0000] {processor.py:839} INFO - DAG(s) dict_keys(['sodai_drinks_production_pipeline']) retrieved from /opt/airflow/dags/pipeline_productivo.py
[2025-10-28T23:57:50.987+0000] {logging_mixin.py:154} INFO - [2025-10-28T23:57:50.987+0000] {dag.py:2941} INFO - Sync 1 DAGs
[2025-10-28T23:57:51.000+0000] {logging_mixin.py:154} INFO - [2025-10-28T23:57:51.000+0000] {dag.py:3722} INFO - Setting next_dagrun for sodai_drinks_production_pipeline to 2025-10-26T00:00:00+00:00, run_after=2025-11-02T00:00:00+00:00
[2025-10-28T23:57:51.014+0000] {processor.py:179} INFO - Processing /opt/airflow/dags/pipeline_productivo.py took 1.660 seconds
[2025-10-28T23:58:21.934+0000] {processor.py:157} INFO - Started process (PID=2024) to work on /opt/airflow/dags/pipeline_productivo.py
[2025-10-28T23:58:21.938+0000] {processor.py:829} INFO - Processing file /opt/airflow/dags/pipeline_productivo.py for tasks to queue
[2025-10-28T23:58:21.945+0000] {logging_mixin.py:154} INFO - [2025-10-28T23:58:21.940+0000] {dagbag.py:536} INFO - Filling up the DagBag from /opt/airflow/dags/pipeline_productivo.py
[2025-10-28T23:58:23.536+0000] {processor.py:839} INFO - DAG(s) dict_keys(['sodai_drinks_production_pipeline']) retrieved from /opt/airflow/dags/pipeline_productivo.py
[2025-10-28T23:58:23.562+0000] {logging_mixin.py:154} INFO - [2025-10-28T23:58:23.562+0000] {dag.py:2941} INFO - Sync 1 DAGs
[2025-10-28T23:58:23.574+0000] {logging_mixin.py:154} INFO - [2025-10-28T23:58:23.574+0000] {dag.py:3722} INFO - Setting next_dagrun for sodai_drinks_production_pipeline to 2025-10-26T00:00:00+00:00, run_after=2025-11-02T00:00:00+00:00
[2025-10-28T23:58:23.583+0000] {processor.py:179} INFO - Processing /opt/airflow/dags/pipeline_productivo.py took 1.658 seconds
[2025-10-28T23:58:54.471+0000] {processor.py:157} INFO - Started process (PID=2079) to work on /opt/airflow/dags/pipeline_productivo.py
[2025-10-28T23:58:54.474+0000] {processor.py:829} INFO - Processing file /opt/airflow/dags/pipeline_productivo.py for tasks to queue
[2025-10-28T23:58:54.476+0000] {logging_mixin.py:154} INFO - [2025-10-28T23:58:54.475+0000] {dagbag.py:536} INFO - Filling up the DagBag from /opt/airflow/dags/pipeline_productivo.py
[2025-10-28T23:58:56.016+0000] {processor.py:839} INFO - DAG(s) dict_keys(['sodai_drinks_production_pipeline']) retrieved from /opt/airflow/dags/pipeline_productivo.py
[2025-10-28T23:58:56.038+0000] {logging_mixin.py:154} INFO - [2025-10-28T23:58:56.038+0000] {dag.py:2941} INFO - Sync 1 DAGs
[2025-10-28T23:58:56.054+0000] {logging_mixin.py:154} INFO - [2025-10-28T23:58:56.054+0000] {dag.py:3722} INFO - Setting next_dagrun for sodai_drinks_production_pipeline to 2025-10-26T00:00:00+00:00, run_after=2025-11-02T00:00:00+00:00
[2025-10-28T23:58:56.063+0000] {processor.py:179} INFO - Processing /opt/airflow/dags/pipeline_productivo.py took 1.601 seconds
[2025-10-28T23:59:27.054+0000] {processor.py:157} INFO - Started process (PID=2134) to work on /opt/airflow/dags/pipeline_productivo.py
[2025-10-28T23:59:27.062+0000] {processor.py:829} INFO - Processing file /opt/airflow/dags/pipeline_productivo.py for tasks to queue
[2025-10-28T23:59:27.064+0000] {logging_mixin.py:154} INFO - [2025-10-28T23:59:27.063+0000] {dagbag.py:536} INFO - Filling up the DagBag from /opt/airflow/dags/pipeline_productivo.py
[2025-10-28T23:59:28.536+0000] {processor.py:839} INFO - DAG(s) dict_keys(['sodai_drinks_production_pipeline']) retrieved from /opt/airflow/dags/pipeline_productivo.py
[2025-10-28T23:59:28.558+0000] {logging_mixin.py:154} INFO - [2025-10-28T23:59:28.557+0000] {dag.py:2941} INFO - Sync 1 DAGs
[2025-10-28T23:59:28.572+0000] {logging_mixin.py:154} INFO - [2025-10-28T23:59:28.572+0000] {dag.py:3722} INFO - Setting next_dagrun for sodai_drinks_production_pipeline to 2025-10-26T00:00:00+00:00, run_after=2025-11-02T00:00:00+00:00
[2025-10-28T23:59:28.581+0000] {processor.py:179} INFO - Processing /opt/airflow/dags/pipeline_productivo.py took 1.542 seconds
[2025-10-28T23:59:58.843+0000] {processor.py:157} INFO - Started process (PID=2195) to work on /opt/airflow/dags/pipeline_productivo.py
[2025-10-28T23:59:58.846+0000] {processor.py:829} INFO - Processing file /opt/airflow/dags/pipeline_productivo.py for tasks to queue
[2025-10-28T23:59:58.847+0000] {logging_mixin.py:154} INFO - [2025-10-28T23:59:58.847+0000] {dagbag.py:536} INFO - Filling up the DagBag from /opt/airflow/dags/pipeline_productivo.py
[2025-10-29T00:00:00.261+0000] {processor.py:839} INFO - DAG(s) dict_keys(['sodai_drinks_production_pipeline']) retrieved from /opt/airflow/dags/pipeline_productivo.py
[2025-10-29T00:00:00.304+0000] {logging_mixin.py:154} INFO - [2025-10-29T00:00:00.302+0000] {dag.py:2941} INFO - Sync 1 DAGs
[2025-10-29T00:00:00.324+0000] {logging_mixin.py:154} INFO - [2025-10-29T00:00:00.324+0000] {dag.py:3722} INFO - Setting next_dagrun for sodai_drinks_production_pipeline to 2025-10-26T00:00:00+00:00, run_after=2025-11-02T00:00:00+00:00
[2025-10-29T00:00:00.339+0000] {processor.py:179} INFO - Processing /opt/airflow/dags/pipeline_productivo.py took 1.504 seconds
