[2025-10-28T21:24:42.012+0000] {processor.py:157} INFO - Started process (PID=180) to work on /opt/airflow/dags/utils/__init__.py
[2025-10-28T21:24:42.014+0000] {processor.py:829} INFO - Processing file /opt/airflow/dags/utils/__init__.py for tasks to queue
[2025-10-28T21:24:42.019+0000] {logging_mixin.py:154} INFO - [2025-10-28T21:24:42.017+0000] {dagbag.py:536} INFO - Filling up the DagBag from /opt/airflow/dags/utils/__init__.py
[2025-10-28T21:24:42.038+0000] {processor.py:841} WARNING - No viable dags retrieved from /opt/airflow/dags/utils/__init__.py
[2025-10-28T21:24:42.094+0000] {processor.py:179} INFO - Processing /opt/airflow/dags/utils/__init__.py took 0.088 seconds
[2025-10-28T21:25:12.243+0000] {processor.py:157} INFO - Started process (PID=224) to work on /opt/airflow/dags/utils/__init__.py
[2025-10-28T21:25:12.245+0000] {processor.py:829} INFO - Processing file /opt/airflow/dags/utils/__init__.py for tasks to queue
[2025-10-28T21:25:12.247+0000] {logging_mixin.py:154} INFO - [2025-10-28T21:25:12.246+0000] {dagbag.py:536} INFO - Filling up the DagBag from /opt/airflow/dags/utils/__init__.py
[2025-10-28T21:25:12.266+0000] {processor.py:841} WARNING - No viable dags retrieved from /opt/airflow/dags/utils/__init__.py
[2025-10-28T21:25:12.307+0000] {processor.py:179} INFO - Processing /opt/airflow/dags/utils/__init__.py took 0.072 seconds
[2025-10-28T21:25:42.971+0000] {processor.py:157} INFO - Started process (PID=273) to work on /opt/airflow/dags/utils/__init__.py
[2025-10-28T21:25:42.973+0000] {processor.py:829} INFO - Processing file /opt/airflow/dags/utils/__init__.py for tasks to queue
[2025-10-28T21:25:42.974+0000] {logging_mixin.py:154} INFO - [2025-10-28T21:25:42.974+0000] {dagbag.py:536} INFO - Filling up the DagBag from /opt/airflow/dags/utils/__init__.py
[2025-10-28T21:25:42.980+0000] {processor.py:841} WARNING - No viable dags retrieved from /opt/airflow/dags/utils/__init__.py
[2025-10-28T21:25:43.008+0000] {processor.py:179} INFO - Processing /opt/airflow/dags/utils/__init__.py took 0.043 seconds
[2025-10-28T21:26:13.698+0000] {processor.py:157} INFO - Started process (PID=346) to work on /opt/airflow/dags/utils/__init__.py
[2025-10-28T21:26:13.717+0000] {processor.py:829} INFO - Processing file /opt/airflow/dags/utils/__init__.py for tasks to queue
[2025-10-28T21:26:13.743+0000] {logging_mixin.py:154} INFO - [2025-10-28T21:26:13.733+0000] {dagbag.py:536} INFO - Filling up the DagBag from /opt/airflow/dags/utils/__init__.py
[2025-10-28T21:26:13.786+0000] {processor.py:841} WARNING - No viable dags retrieved from /opt/airflow/dags/utils/__init__.py
[2025-10-28T21:26:13.898+0000] {processor.py:179} INFO - Processing /opt/airflow/dags/utils/__init__.py took 0.233 seconds
[2025-10-28T21:26:44.934+0000] {processor.py:157} INFO - Started process (PID=576) to work on /opt/airflow/dags/utils/__init__.py
[2025-10-28T21:26:44.943+0000] {processor.py:829} INFO - Processing file /opt/airflow/dags/utils/__init__.py for tasks to queue
[2025-10-28T21:26:44.949+0000] {logging_mixin.py:154} INFO - [2025-10-28T21:26:44.946+0000] {dagbag.py:536} INFO - Filling up the DagBag from /opt/airflow/dags/utils/__init__.py
[2025-10-28T21:26:44.968+0000] {processor.py:841} WARNING - No viable dags retrieved from /opt/airflow/dags/utils/__init__.py
[2025-10-28T21:26:45.048+0000] {processor.py:179} INFO - Processing /opt/airflow/dags/utils/__init__.py took 0.125 seconds
[2025-10-28T21:27:15.605+0000] {processor.py:157} INFO - Started process (PID=656) to work on /opt/airflow/dags/utils/__init__.py
[2025-10-28T21:27:15.607+0000] {processor.py:829} INFO - Processing file /opt/airflow/dags/utils/__init__.py for tasks to queue
[2025-10-28T21:27:15.608+0000] {logging_mixin.py:154} INFO - [2025-10-28T21:27:15.608+0000] {dagbag.py:536} INFO - Filling up the DagBag from /opt/airflow/dags/utils/__init__.py
[2025-10-28T21:27:15.614+0000] {processor.py:841} WARNING - No viable dags retrieved from /opt/airflow/dags/utils/__init__.py
[2025-10-28T21:27:15.639+0000] {processor.py:179} INFO - Processing /opt/airflow/dags/utils/__init__.py took 0.040 seconds
[2025-10-28T21:27:45.914+0000] {processor.py:157} INFO - Started process (PID=704) to work on /opt/airflow/dags/utils/__init__.py
[2025-10-28T21:27:45.916+0000] {processor.py:829} INFO - Processing file /opt/airflow/dags/utils/__init__.py for tasks to queue
[2025-10-28T21:27:45.917+0000] {logging_mixin.py:154} INFO - [2025-10-28T21:27:45.917+0000] {dagbag.py:536} INFO - Filling up the DagBag from /opt/airflow/dags/utils/__init__.py
[2025-10-28T21:27:45.927+0000] {processor.py:841} WARNING - No viable dags retrieved from /opt/airflow/dags/utils/__init__.py
[2025-10-28T21:27:45.968+0000] {processor.py:179} INFO - Processing /opt/airflow/dags/utils/__init__.py took 0.067 seconds
[2025-10-28T21:28:16.196+0000] {processor.py:157} INFO - Started process (PID=759) to work on /opt/airflow/dags/utils/__init__.py
[2025-10-28T21:28:16.200+0000] {processor.py:829} INFO - Processing file /opt/airflow/dags/utils/__init__.py for tasks to queue
[2025-10-28T21:28:16.201+0000] {logging_mixin.py:154} INFO - [2025-10-28T21:28:16.200+0000] {dagbag.py:536} INFO - Filling up the DagBag from /opt/airflow/dags/utils/__init__.py
[2025-10-28T21:28:16.205+0000] {processor.py:841} WARNING - No viable dags retrieved from /opt/airflow/dags/utils/__init__.py
[2025-10-28T21:28:16.218+0000] {processor.py:179} INFO - Processing /opt/airflow/dags/utils/__init__.py took 0.026 seconds
[2025-10-28T21:28:46.617+0000] {processor.py:157} INFO - Started process (PID=814) to work on /opt/airflow/dags/utils/__init__.py
[2025-10-28T21:28:46.619+0000] {processor.py:829} INFO - Processing file /opt/airflow/dags/utils/__init__.py for tasks to queue
[2025-10-28T21:28:46.623+0000] {logging_mixin.py:154} INFO - [2025-10-28T21:28:46.622+0000] {dagbag.py:536} INFO - Filling up the DagBag from /opt/airflow/dags/utils/__init__.py
[2025-10-28T21:28:46.646+0000] {processor.py:841} WARNING - No viable dags retrieved from /opt/airflow/dags/utils/__init__.py
[2025-10-28T21:28:46.687+0000] {processor.py:179} INFO - Processing /opt/airflow/dags/utils/__init__.py took 0.085 seconds
[2025-10-28T21:29:17.133+0000] {processor.py:157} INFO - Started process (PID=862) to work on /opt/airflow/dags/utils/__init__.py
[2025-10-28T21:29:17.135+0000] {processor.py:829} INFO - Processing file /opt/airflow/dags/utils/__init__.py for tasks to queue
[2025-10-28T21:29:17.136+0000] {logging_mixin.py:154} INFO - [2025-10-28T21:29:17.136+0000] {dagbag.py:536} INFO - Filling up the DagBag from /opt/airflow/dags/utils/__init__.py
[2025-10-28T21:29:17.139+0000] {processor.py:841} WARNING - No viable dags retrieved from /opt/airflow/dags/utils/__init__.py
[2025-10-28T21:29:17.155+0000] {processor.py:179} INFO - Processing /opt/airflow/dags/utils/__init__.py took 0.026 seconds
[2025-10-28T21:29:47.465+0000] {processor.py:157} INFO - Started process (PID=902) to work on /opt/airflow/dags/utils/__init__.py
[2025-10-28T21:29:47.467+0000] {processor.py:829} INFO - Processing file /opt/airflow/dags/utils/__init__.py for tasks to queue
[2025-10-28T21:29:47.469+0000] {logging_mixin.py:154} INFO - [2025-10-28T21:29:47.469+0000] {dagbag.py:536} INFO - Filling up the DagBag from /opt/airflow/dags/utils/__init__.py
[2025-10-28T21:29:47.473+0000] {processor.py:841} WARNING - No viable dags retrieved from /opt/airflow/dags/utils/__init__.py
[2025-10-28T21:29:47.486+0000] {processor.py:179} INFO - Processing /opt/airflow/dags/utils/__init__.py took 0.024 seconds
[2025-10-28T21:30:18.149+0000] {processor.py:157} INFO - Started process (PID=950) to work on /opt/airflow/dags/utils/__init__.py
[2025-10-28T21:30:18.151+0000] {processor.py:829} INFO - Processing file /opt/airflow/dags/utils/__init__.py for tasks to queue
[2025-10-28T21:30:18.153+0000] {logging_mixin.py:154} INFO - [2025-10-28T21:30:18.152+0000] {dagbag.py:536} INFO - Filling up the DagBag from /opt/airflow/dags/utils/__init__.py
[2025-10-28T21:30:18.165+0000] {processor.py:841} WARNING - No viable dags retrieved from /opt/airflow/dags/utils/__init__.py
[2025-10-28T21:30:18.220+0000] {processor.py:179} INFO - Processing /opt/airflow/dags/utils/__init__.py took 0.077 seconds
[2025-10-28T21:30:48.694+0000] {processor.py:157} INFO - Started process (PID=1005) to work on /opt/airflow/dags/utils/__init__.py
[2025-10-28T21:30:48.697+0000] {processor.py:829} INFO - Processing file /opt/airflow/dags/utils/__init__.py for tasks to queue
[2025-10-28T21:30:48.698+0000] {logging_mixin.py:154} INFO - [2025-10-28T21:30:48.698+0000] {dagbag.py:536} INFO - Filling up the DagBag from /opt/airflow/dags/utils/__init__.py
[2025-10-28T21:30:48.703+0000] {processor.py:841} WARNING - No viable dags retrieved from /opt/airflow/dags/utils/__init__.py
[2025-10-28T21:30:48.722+0000] {processor.py:179} INFO - Processing /opt/airflow/dags/utils/__init__.py took 0.036 seconds
[2025-10-28T21:31:19.135+0000] {processor.py:157} INFO - Started process (PID=1061) to work on /opt/airflow/dags/utils/__init__.py
[2025-10-28T21:31:19.136+0000] {processor.py:829} INFO - Processing file /opt/airflow/dags/utils/__init__.py for tasks to queue
[2025-10-28T21:31:19.137+0000] {logging_mixin.py:154} INFO - [2025-10-28T21:31:19.137+0000] {dagbag.py:536} INFO - Filling up the DagBag from /opt/airflow/dags/utils/__init__.py
[2025-10-28T21:31:19.142+0000] {processor.py:841} WARNING - No viable dags retrieved from /opt/airflow/dags/utils/__init__.py
[2025-10-28T21:31:19.168+0000] {processor.py:179} INFO - Processing /opt/airflow/dags/utils/__init__.py took 0.037 seconds
[2025-10-28T21:31:49.687+0000] {processor.py:157} INFO - Started process (PID=1109) to work on /opt/airflow/dags/utils/__init__.py
[2025-10-28T21:31:49.688+0000] {processor.py:829} INFO - Processing file /opt/airflow/dags/utils/__init__.py for tasks to queue
[2025-10-28T21:31:49.689+0000] {logging_mixin.py:154} INFO - [2025-10-28T21:31:49.689+0000] {dagbag.py:536} INFO - Filling up the DagBag from /opt/airflow/dags/utils/__init__.py
[2025-10-28T21:31:49.693+0000] {processor.py:841} WARNING - No viable dags retrieved from /opt/airflow/dags/utils/__init__.py
[2025-10-28T21:31:49.712+0000] {processor.py:179} INFO - Processing /opt/airflow/dags/utils/__init__.py took 0.033 seconds
[2025-10-28T21:32:19.865+0000] {processor.py:157} INFO - Started process (PID=1213) to work on /opt/airflow/dags/utils/__init__.py
[2025-10-28T21:32:19.866+0000] {processor.py:829} INFO - Processing file /opt/airflow/dags/utils/__init__.py for tasks to queue
[2025-10-28T21:32:19.868+0000] {logging_mixin.py:154} INFO - [2025-10-28T21:32:19.867+0000] {dagbag.py:536} INFO - Filling up the DagBag from /opt/airflow/dags/utils/__init__.py
[2025-10-28T21:32:19.874+0000] {processor.py:841} WARNING - No viable dags retrieved from /opt/airflow/dags/utils/__init__.py
[2025-10-28T21:32:19.891+0000] {processor.py:179} INFO - Processing /opt/airflow/dags/utils/__init__.py took 0.032 seconds
[2025-10-28T21:32:50.344+0000] {processor.py:157} INFO - Started process (PID=1260) to work on /opt/airflow/dags/utils/__init__.py
[2025-10-28T21:32:50.346+0000] {processor.py:829} INFO - Processing file /opt/airflow/dags/utils/__init__.py for tasks to queue
[2025-10-28T21:32:50.347+0000] {logging_mixin.py:154} INFO - [2025-10-28T21:32:50.347+0000] {dagbag.py:536} INFO - Filling up the DagBag from /opt/airflow/dags/utils/__init__.py
[2025-10-28T21:32:50.353+0000] {processor.py:841} WARNING - No viable dags retrieved from /opt/airflow/dags/utils/__init__.py
[2025-10-28T21:32:50.379+0000] {processor.py:179} INFO - Processing /opt/airflow/dags/utils/__init__.py took 0.039 seconds
[2025-10-28T21:33:20.631+0000] {processor.py:157} INFO - Started process (PID=1315) to work on /opt/airflow/dags/utils/__init__.py
[2025-10-28T21:33:20.634+0000] {processor.py:829} INFO - Processing file /opt/airflow/dags/utils/__init__.py for tasks to queue
[2025-10-28T21:33:20.637+0000] {logging_mixin.py:154} INFO - [2025-10-28T21:33:20.637+0000] {dagbag.py:536} INFO - Filling up the DagBag from /opt/airflow/dags/utils/__init__.py
[2025-10-28T21:33:20.645+0000] {processor.py:841} WARNING - No viable dags retrieved from /opt/airflow/dags/utils/__init__.py
[2025-10-28T21:33:20.673+0000] {processor.py:179} INFO - Processing /opt/airflow/dags/utils/__init__.py took 0.054 seconds
[2025-10-28T21:33:50.892+0000] {processor.py:157} INFO - Started process (PID=1370) to work on /opt/airflow/dags/utils/__init__.py
[2025-10-28T21:33:50.893+0000] {processor.py:829} INFO - Processing file /opt/airflow/dags/utils/__init__.py for tasks to queue
[2025-10-28T21:33:50.895+0000] {logging_mixin.py:154} INFO - [2025-10-28T21:33:50.895+0000] {dagbag.py:536} INFO - Filling up the DagBag from /opt/airflow/dags/utils/__init__.py
[2025-10-28T21:33:50.914+0000] {processor.py:841} WARNING - No viable dags retrieved from /opt/airflow/dags/utils/__init__.py
[2025-10-28T21:33:50.941+0000] {processor.py:179} INFO - Processing /opt/airflow/dags/utils/__init__.py took 0.056 seconds
[2025-10-28T21:34:21.644+0000] {processor.py:157} INFO - Started process (PID=1418) to work on /opt/airflow/dags/utils/__init__.py
[2025-10-28T21:34:21.645+0000] {processor.py:829} INFO - Processing file /opt/airflow/dags/utils/__init__.py for tasks to queue
[2025-10-28T21:34:21.647+0000] {logging_mixin.py:154} INFO - [2025-10-28T21:34:21.647+0000] {dagbag.py:536} INFO - Filling up the DagBag from /opt/airflow/dags/utils/__init__.py
[2025-10-28T21:34:21.653+0000] {processor.py:841} WARNING - No viable dags retrieved from /opt/airflow/dags/utils/__init__.py
[2025-10-28T21:34:21.674+0000] {processor.py:179} INFO - Processing /opt/airflow/dags/utils/__init__.py took 0.037 seconds
[2025-10-28T21:34:51.880+0000] {processor.py:157} INFO - Started process (PID=1473) to work on /opt/airflow/dags/utils/__init__.py
[2025-10-28T21:34:51.882+0000] {processor.py:829} INFO - Processing file /opt/airflow/dags/utils/__init__.py for tasks to queue
[2025-10-28T21:34:51.884+0000] {logging_mixin.py:154} INFO - [2025-10-28T21:34:51.884+0000] {dagbag.py:536} INFO - Filling up the DagBag from /opt/airflow/dags/utils/__init__.py
[2025-10-28T21:34:51.890+0000] {processor.py:841} WARNING - No viable dags retrieved from /opt/airflow/dags/utils/__init__.py
[2025-10-28T21:34:51.912+0000] {processor.py:179} INFO - Processing /opt/airflow/dags/utils/__init__.py took 0.041 seconds
[2025-10-28T21:35:22.416+0000] {processor.py:157} INFO - Started process (PID=1521) to work on /opt/airflow/dags/utils/__init__.py
[2025-10-28T21:35:22.418+0000] {processor.py:829} INFO - Processing file /opt/airflow/dags/utils/__init__.py for tasks to queue
[2025-10-28T21:35:22.419+0000] {logging_mixin.py:154} INFO - [2025-10-28T21:35:22.419+0000] {dagbag.py:536} INFO - Filling up the DagBag from /opt/airflow/dags/utils/__init__.py
[2025-10-28T21:35:22.423+0000] {processor.py:841} WARNING - No viable dags retrieved from /opt/airflow/dags/utils/__init__.py
[2025-10-28T21:35:22.437+0000] {processor.py:179} INFO - Processing /opt/airflow/dags/utils/__init__.py took 0.024 seconds
[2025-10-28T21:35:52.930+0000] {processor.py:157} INFO - Started process (PID=1575) to work on /opt/airflow/dags/utils/__init__.py
[2025-10-28T21:35:52.933+0000] {processor.py:829} INFO - Processing file /opt/airflow/dags/utils/__init__.py for tasks to queue
[2025-10-28T21:35:52.934+0000] {logging_mixin.py:154} INFO - [2025-10-28T21:35:52.933+0000] {dagbag.py:536} INFO - Filling up the DagBag from /opt/airflow/dags/utils/__init__.py
[2025-10-28T21:35:52.938+0000] {processor.py:841} WARNING - No viable dags retrieved from /opt/airflow/dags/utils/__init__.py
[2025-10-28T21:35:52.959+0000] {processor.py:179} INFO - Processing /opt/airflow/dags/utils/__init__.py took 0.036 seconds
[2025-10-28T21:36:23.462+0000] {processor.py:157} INFO - Started process (PID=1624) to work on /opt/airflow/dags/utils/__init__.py
[2025-10-28T21:36:23.464+0000] {processor.py:829} INFO - Processing file /opt/airflow/dags/utils/__init__.py for tasks to queue
[2025-10-28T21:36:23.466+0000] {logging_mixin.py:154} INFO - [2025-10-28T21:36:23.466+0000] {dagbag.py:536} INFO - Filling up the DagBag from /opt/airflow/dags/utils/__init__.py
[2025-10-28T21:36:23.469+0000] {processor.py:841} WARNING - No viable dags retrieved from /opt/airflow/dags/utils/__init__.py
[2025-10-28T21:36:23.506+0000] {processor.py:179} INFO - Processing /opt/airflow/dags/utils/__init__.py took 0.053 seconds
[2025-10-28T21:36:53.964+0000] {processor.py:157} INFO - Started process (PID=1679) to work on /opt/airflow/dags/utils/__init__.py
[2025-10-28T21:36:53.966+0000] {processor.py:829} INFO - Processing file /opt/airflow/dags/utils/__init__.py for tasks to queue
[2025-10-28T21:36:53.971+0000] {logging_mixin.py:154} INFO - [2025-10-28T21:36:53.969+0000] {dagbag.py:536} INFO - Filling up the DagBag from /opt/airflow/dags/utils/__init__.py
[2025-10-28T21:36:53.980+0000] {processor.py:841} WARNING - No viable dags retrieved from /opt/airflow/dags/utils/__init__.py
[2025-10-28T21:36:54.011+0000] {processor.py:179} INFO - Processing /opt/airflow/dags/utils/__init__.py took 0.058 seconds
[2025-10-28T21:37:24.768+0000] {processor.py:157} INFO - Started process (PID=1734) to work on /opt/airflow/dags/utils/__init__.py
[2025-10-28T21:37:24.773+0000] {processor.py:829} INFO - Processing file /opt/airflow/dags/utils/__init__.py for tasks to queue
[2025-10-28T21:37:24.779+0000] {logging_mixin.py:154} INFO - [2025-10-28T21:37:24.778+0000] {dagbag.py:536} INFO - Filling up the DagBag from /opt/airflow/dags/utils/__init__.py
[2025-10-28T21:37:24.794+0000] {processor.py:841} WARNING - No viable dags retrieved from /opt/airflow/dags/utils/__init__.py
[2025-10-28T21:37:24.859+0000] {processor.py:179} INFO - Processing /opt/airflow/dags/utils/__init__.py took 0.096 seconds
[2025-10-28T21:37:55.130+0000] {processor.py:157} INFO - Started process (PID=1769) to work on /opt/airflow/dags/utils/__init__.py
[2025-10-28T21:37:55.133+0000] {processor.py:829} INFO - Processing file /opt/airflow/dags/utils/__init__.py for tasks to queue
[2025-10-28T21:37:55.135+0000] {logging_mixin.py:154} INFO - [2025-10-28T21:37:55.135+0000] {dagbag.py:536} INFO - Filling up the DagBag from /opt/airflow/dags/utils/__init__.py
[2025-10-28T21:37:55.139+0000] {processor.py:841} WARNING - No viable dags retrieved from /opt/airflow/dags/utils/__init__.py
[2025-10-28T21:37:55.155+0000] {processor.py:179} INFO - Processing /opt/airflow/dags/utils/__init__.py took 0.029 seconds
[2025-10-28T21:38:25.619+0000] {processor.py:157} INFO - Started process (PID=1824) to work on /opt/airflow/dags/utils/__init__.py
[2025-10-28T21:38:25.621+0000] {processor.py:829} INFO - Processing file /opt/airflow/dags/utils/__init__.py for tasks to queue
[2025-10-28T21:38:25.623+0000] {logging_mixin.py:154} INFO - [2025-10-28T21:38:25.623+0000] {dagbag.py:536} INFO - Filling up the DagBag from /opt/airflow/dags/utils/__init__.py
[2025-10-28T21:38:25.629+0000] {processor.py:841} WARNING - No viable dags retrieved from /opt/airflow/dags/utils/__init__.py
[2025-10-28T21:38:25.646+0000] {processor.py:179} INFO - Processing /opt/airflow/dags/utils/__init__.py took 0.031 seconds
[2025-10-28T21:38:55.807+0000] {processor.py:157} INFO - Started process (PID=1871) to work on /opt/airflow/dags/utils/__init__.py
[2025-10-28T21:38:55.808+0000] {processor.py:829} INFO - Processing file /opt/airflow/dags/utils/__init__.py for tasks to queue
[2025-10-28T21:38:55.809+0000] {logging_mixin.py:154} INFO - [2025-10-28T21:38:55.809+0000] {dagbag.py:536} INFO - Filling up the DagBag from /opt/airflow/dags/utils/__init__.py
[2025-10-28T21:38:55.811+0000] {processor.py:841} WARNING - No viable dags retrieved from /opt/airflow/dags/utils/__init__.py
[2025-10-28T21:38:55.823+0000] {processor.py:179} INFO - Processing /opt/airflow/dags/utils/__init__.py took 0.020 seconds
[2025-10-28T21:39:26.352+0000] {processor.py:157} INFO - Started process (PID=1921) to work on /opt/airflow/dags/utils/__init__.py
[2025-10-28T21:39:26.357+0000] {processor.py:829} INFO - Processing file /opt/airflow/dags/utils/__init__.py for tasks to queue
[2025-10-28T21:39:26.359+0000] {logging_mixin.py:154} INFO - [2025-10-28T21:39:26.359+0000] {dagbag.py:536} INFO - Filling up the DagBag from /opt/airflow/dags/utils/__init__.py
[2025-10-28T21:39:26.369+0000] {processor.py:841} WARNING - No viable dags retrieved from /opt/airflow/dags/utils/__init__.py
[2025-10-28T21:39:26.392+0000] {processor.py:179} INFO - Processing /opt/airflow/dags/utils/__init__.py took 0.047 seconds
[2025-10-28T21:39:56.807+0000] {processor.py:157} INFO - Started process (PID=1976) to work on /opt/airflow/dags/utils/__init__.py
[2025-10-28T21:39:56.808+0000] {processor.py:829} INFO - Processing file /opt/airflow/dags/utils/__init__.py for tasks to queue
[2025-10-28T21:39:56.811+0000] {logging_mixin.py:154} INFO - [2025-10-28T21:39:56.811+0000] {dagbag.py:536} INFO - Filling up the DagBag from /opt/airflow/dags/utils/__init__.py
[2025-10-28T21:39:56.818+0000] {processor.py:841} WARNING - No viable dags retrieved from /opt/airflow/dags/utils/__init__.py
[2025-10-28T21:39:56.839+0000] {processor.py:179} INFO - Processing /opt/airflow/dags/utils/__init__.py took 0.038 seconds
[2025-10-28T21:40:26.945+0000] {processor.py:157} INFO - Started process (PID=2024) to work on /opt/airflow/dags/utils/__init__.py
[2025-10-28T21:40:26.947+0000] {processor.py:829} INFO - Processing file /opt/airflow/dags/utils/__init__.py for tasks to queue
[2025-10-28T21:40:26.949+0000] {logging_mixin.py:154} INFO - [2025-10-28T21:40:26.948+0000] {dagbag.py:536} INFO - Filling up the DagBag from /opt/airflow/dags/utils/__init__.py
[2025-10-28T21:40:26.954+0000] {processor.py:841} WARNING - No viable dags retrieved from /opt/airflow/dags/utils/__init__.py
[2025-10-28T21:40:26.992+0000] {processor.py:179} INFO - Processing /opt/airflow/dags/utils/__init__.py took 0.057 seconds
[2025-10-28T21:40:57.531+0000] {processor.py:157} INFO - Started process (PID=2079) to work on /opt/airflow/dags/utils/__init__.py
[2025-10-28T21:40:57.532+0000] {processor.py:829} INFO - Processing file /opt/airflow/dags/utils/__init__.py for tasks to queue
[2025-10-28T21:40:57.535+0000] {logging_mixin.py:154} INFO - [2025-10-28T21:40:57.535+0000] {dagbag.py:536} INFO - Filling up the DagBag from /opt/airflow/dags/utils/__init__.py
[2025-10-28T21:40:57.542+0000] {processor.py:841} WARNING - No viable dags retrieved from /opt/airflow/dags/utils/__init__.py
[2025-10-28T21:40:57.560+0000] {processor.py:179} INFO - Processing /opt/airflow/dags/utils/__init__.py took 0.037 seconds
[2025-10-28T21:41:28.042+0000] {processor.py:157} INFO - Started process (PID=2134) to work on /opt/airflow/dags/utils/__init__.py
[2025-10-28T21:41:28.045+0000] {processor.py:829} INFO - Processing file /opt/airflow/dags/utils/__init__.py for tasks to queue
[2025-10-28T21:41:28.046+0000] {logging_mixin.py:154} INFO - [2025-10-28T21:41:28.045+0000] {dagbag.py:536} INFO - Filling up the DagBag from /opt/airflow/dags/utils/__init__.py
[2025-10-28T21:41:28.052+0000] {processor.py:841} WARNING - No viable dags retrieved from /opt/airflow/dags/utils/__init__.py
[2025-10-28T21:41:28.082+0000] {processor.py:179} INFO - Processing /opt/airflow/dags/utils/__init__.py took 0.051 seconds
[2025-10-28T21:41:58.375+0000] {processor.py:157} INFO - Started process (PID=2181) to work on /opt/airflow/dags/utils/__init__.py
[2025-10-28T21:41:58.379+0000] {processor.py:829} INFO - Processing file /opt/airflow/dags/utils/__init__.py for tasks to queue
[2025-10-28T21:41:58.381+0000] {logging_mixin.py:154} INFO - [2025-10-28T21:41:58.380+0000] {dagbag.py:536} INFO - Filling up the DagBag from /opt/airflow/dags/utils/__init__.py
[2025-10-28T21:41:58.391+0000] {processor.py:841} WARNING - No viable dags retrieved from /opt/airflow/dags/utils/__init__.py
[2025-10-28T21:41:58.429+0000] {processor.py:179} INFO - Processing /opt/airflow/dags/utils/__init__.py took 0.065 seconds
[2025-10-28T21:42:28.869+0000] {processor.py:157} INFO - Started process (PID=2237) to work on /opt/airflow/dags/utils/__init__.py
[2025-10-28T21:42:28.870+0000] {processor.py:829} INFO - Processing file /opt/airflow/dags/utils/__init__.py for tasks to queue
[2025-10-28T21:42:28.871+0000] {logging_mixin.py:154} INFO - [2025-10-28T21:42:28.871+0000] {dagbag.py:536} INFO - Filling up the DagBag from /opt/airflow/dags/utils/__init__.py
[2025-10-28T21:42:28.881+0000] {processor.py:841} WARNING - No viable dags retrieved from /opt/airflow/dags/utils/__init__.py
[2025-10-28T21:42:28.903+0000] {processor.py:179} INFO - Processing /opt/airflow/dags/utils/__init__.py took 0.039 seconds
[2025-10-28T21:42:55.557+0000] {processor.py:157} INFO - Started process (PID=172) to work on /opt/airflow/dags/utils/__init__.py
[2025-10-28T21:42:55.558+0000] {processor.py:829} INFO - Processing file /opt/airflow/dags/utils/__init__.py for tasks to queue
[2025-10-28T21:42:55.559+0000] {logging_mixin.py:154} INFO - [2025-10-28T21:42:55.558+0000] {dagbag.py:536} INFO - Filling up the DagBag from /opt/airflow/dags/utils/__init__.py
[2025-10-28T21:42:55.561+0000] {processor.py:841} WARNING - No viable dags retrieved from /opt/airflow/dags/utils/__init__.py
[2025-10-28T21:42:55.581+0000] {processor.py:179} INFO - Processing /opt/airflow/dags/utils/__init__.py took 0.032 seconds
[2025-10-28T21:43:26.397+0000] {processor.py:157} INFO - Started process (PID=222) to work on /opt/airflow/dags/utils/__init__.py
[2025-10-28T21:43:26.400+0000] {processor.py:829} INFO - Processing file /opt/airflow/dags/utils/__init__.py for tasks to queue
[2025-10-28T21:43:26.402+0000] {logging_mixin.py:154} INFO - [2025-10-28T21:43:26.401+0000] {dagbag.py:536} INFO - Filling up the DagBag from /opt/airflow/dags/utils/__init__.py
[2025-10-28T21:43:26.409+0000] {processor.py:841} WARNING - No viable dags retrieved from /opt/airflow/dags/utils/__init__.py
[2025-10-28T21:43:26.452+0000] {processor.py:179} INFO - Processing /opt/airflow/dags/utils/__init__.py took 0.065 seconds
[2025-10-28T21:43:56.713+0000] {processor.py:157} INFO - Started process (PID=269) to work on /opt/airflow/dags/utils/__init__.py
[2025-10-28T21:43:56.715+0000] {processor.py:829} INFO - Processing file /opt/airflow/dags/utils/__init__.py for tasks to queue
[2025-10-28T21:43:56.716+0000] {logging_mixin.py:154} INFO - [2025-10-28T21:43:56.716+0000] {dagbag.py:536} INFO - Filling up the DagBag from /opt/airflow/dags/utils/__init__.py
[2025-10-28T21:43:56.725+0000] {processor.py:841} WARNING - No viable dags retrieved from /opt/airflow/dags/utils/__init__.py
[2025-10-28T21:43:56.747+0000] {processor.py:179} INFO - Processing /opt/airflow/dags/utils/__init__.py took 0.040 seconds
[2025-10-28T21:44:27.327+0000] {processor.py:157} INFO - Started process (PID=325) to work on /opt/airflow/dags/utils/__init__.py
[2025-10-28T21:44:27.329+0000] {processor.py:829} INFO - Processing file /opt/airflow/dags/utils/__init__.py for tasks to queue
[2025-10-28T21:44:27.330+0000] {logging_mixin.py:154} INFO - [2025-10-28T21:44:27.329+0000] {dagbag.py:536} INFO - Filling up the DagBag from /opt/airflow/dags/utils/__init__.py
[2025-10-28T21:44:27.344+0000] {processor.py:841} WARNING - No viable dags retrieved from /opt/airflow/dags/utils/__init__.py
[2025-10-28T21:44:27.362+0000] {processor.py:179} INFO - Processing /opt/airflow/dags/utils/__init__.py took 0.042 seconds
[2025-10-28T21:44:58.383+0000] {processor.py:157} INFO - Started process (PID=546) to work on /opt/airflow/dags/utils/__init__.py
[2025-10-28T21:44:58.390+0000] {processor.py:829} INFO - Processing file /opt/airflow/dags/utils/__init__.py for tasks to queue
[2025-10-28T21:44:58.397+0000] {logging_mixin.py:154} INFO - [2025-10-28T21:44:58.396+0000] {dagbag.py:536} INFO - Filling up the DagBag from /opt/airflow/dags/utils/__init__.py
[2025-10-28T21:44:58.411+0000] {processor.py:841} WARNING - No viable dags retrieved from /opt/airflow/dags/utils/__init__.py
[2025-10-28T21:44:58.523+0000] {processor.py:179} INFO - Processing /opt/airflow/dags/utils/__init__.py took 0.183 seconds
[2025-10-28T21:45:28.792+0000] {processor.py:157} INFO - Started process (PID=654) to work on /opt/airflow/dags/utils/__init__.py
[2025-10-28T21:45:28.793+0000] {processor.py:829} INFO - Processing file /opt/airflow/dags/utils/__init__.py for tasks to queue
[2025-10-28T21:45:28.794+0000] {logging_mixin.py:154} INFO - [2025-10-28T21:45:28.794+0000] {dagbag.py:536} INFO - Filling up the DagBag from /opt/airflow/dags/utils/__init__.py
[2025-10-28T21:45:28.798+0000] {processor.py:841} WARNING - No viable dags retrieved from /opt/airflow/dags/utils/__init__.py
[2025-10-28T21:45:28.814+0000] {processor.py:179} INFO - Processing /opt/airflow/dags/utils/__init__.py took 0.032 seconds
[2025-10-28T21:45:59.583+0000] {processor.py:157} INFO - Started process (PID=703) to work on /opt/airflow/dags/utils/__init__.py
[2025-10-28T21:45:59.586+0000] {processor.py:829} INFO - Processing file /opt/airflow/dags/utils/__init__.py for tasks to queue
[2025-10-28T21:45:59.587+0000] {logging_mixin.py:154} INFO - [2025-10-28T21:45:59.586+0000] {dagbag.py:536} INFO - Filling up the DagBag from /opt/airflow/dags/utils/__init__.py
[2025-10-28T21:45:59.594+0000] {processor.py:841} WARNING - No viable dags retrieved from /opt/airflow/dags/utils/__init__.py
[2025-10-28T21:45:59.623+0000] {processor.py:179} INFO - Processing /opt/airflow/dags/utils/__init__.py took 0.045 seconds
[2025-10-28T21:46:30.012+0000] {processor.py:157} INFO - Started process (PID=756) to work on /opt/airflow/dags/utils/__init__.py
[2025-10-28T21:46:30.014+0000] {processor.py:829} INFO - Processing file /opt/airflow/dags/utils/__init__.py for tasks to queue
[2025-10-28T21:46:30.016+0000] {logging_mixin.py:154} INFO - [2025-10-28T21:46:30.016+0000] {dagbag.py:536} INFO - Filling up the DagBag from /opt/airflow/dags/utils/__init__.py
[2025-10-28T21:46:30.024+0000] {processor.py:841} WARNING - No viable dags retrieved from /opt/airflow/dags/utils/__init__.py
[2025-10-28T21:46:30.063+0000] {processor.py:179} INFO - Processing /opt/airflow/dags/utils/__init__.py took 0.062 seconds
[2025-10-28T21:47:00.934+0000] {processor.py:157} INFO - Started process (PID=812) to work on /opt/airflow/dags/utils/__init__.py
[2025-10-28T21:47:00.935+0000] {processor.py:829} INFO - Processing file /opt/airflow/dags/utils/__init__.py for tasks to queue
[2025-10-28T21:47:00.937+0000] {logging_mixin.py:154} INFO - [2025-10-28T21:47:00.937+0000] {dagbag.py:536} INFO - Filling up the DagBag from /opt/airflow/dags/utils/__init__.py
[2025-10-28T21:47:00.944+0000] {processor.py:841} WARNING - No viable dags retrieved from /opt/airflow/dags/utils/__init__.py
[2025-10-28T21:47:00.985+0000] {processor.py:179} INFO - Processing /opt/airflow/dags/utils/__init__.py took 0.062 seconds
[2025-10-28T21:47:31.684+0000] {processor.py:157} INFO - Started process (PID=860) to work on /opt/airflow/dags/utils/__init__.py
[2025-10-28T21:47:31.686+0000] {processor.py:829} INFO - Processing file /opt/airflow/dags/utils/__init__.py for tasks to queue
[2025-10-28T21:47:31.687+0000] {logging_mixin.py:154} INFO - [2025-10-28T21:47:31.687+0000] {dagbag.py:536} INFO - Filling up the DagBag from /opt/airflow/dags/utils/__init__.py
[2025-10-28T21:47:31.692+0000] {processor.py:841} WARNING - No viable dags retrieved from /opt/airflow/dags/utils/__init__.py
[2025-10-28T21:47:31.710+0000] {processor.py:179} INFO - Processing /opt/airflow/dags/utils/__init__.py took 0.038 seconds
[2025-10-28T21:48:02.408+0000] {processor.py:157} INFO - Started process (PID=916) to work on /opt/airflow/dags/utils/__init__.py
[2025-10-28T21:48:02.409+0000] {processor.py:829} INFO - Processing file /opt/airflow/dags/utils/__init__.py for tasks to queue
[2025-10-28T21:48:02.410+0000] {logging_mixin.py:154} INFO - [2025-10-28T21:48:02.409+0000] {dagbag.py:536} INFO - Filling up the DagBag from /opt/airflow/dags/utils/__init__.py
[2025-10-28T21:48:02.417+0000] {processor.py:841} WARNING - No viable dags retrieved from /opt/airflow/dags/utils/__init__.py
[2025-10-28T21:48:02.427+0000] {processor.py:179} INFO - Processing /opt/airflow/dags/utils/__init__.py took 0.023 seconds
[2025-10-28T21:48:32.500+0000] {processor.py:157} INFO - Started process (PID=970) to work on /opt/airflow/dags/utils/__init__.py
[2025-10-28T21:48:32.501+0000] {processor.py:829} INFO - Processing file /opt/airflow/dags/utils/__init__.py for tasks to queue
[2025-10-28T21:48:32.502+0000] {logging_mixin.py:154} INFO - [2025-10-28T21:48:32.502+0000] {dagbag.py:536} INFO - Filling up the DagBag from /opt/airflow/dags/utils/__init__.py
[2025-10-28T21:48:32.506+0000] {processor.py:841} WARNING - No viable dags retrieved from /opt/airflow/dags/utils/__init__.py
[2025-10-28T21:48:32.536+0000] {processor.py:179} INFO - Processing /opt/airflow/dags/utils/__init__.py took 0.045 seconds
[2025-10-28T21:49:03.214+0000] {processor.py:157} INFO - Started process (PID=1019) to work on /opt/airflow/dags/utils/__init__.py
[2025-10-28T21:49:03.216+0000] {processor.py:829} INFO - Processing file /opt/airflow/dags/utils/__init__.py for tasks to queue
[2025-10-28T21:49:03.218+0000] {logging_mixin.py:154} INFO - [2025-10-28T21:49:03.218+0000] {dagbag.py:536} INFO - Filling up the DagBag from /opt/airflow/dags/utils/__init__.py
[2025-10-28T21:49:03.225+0000] {processor.py:841} WARNING - No viable dags retrieved from /opt/airflow/dags/utils/__init__.py
[2025-10-28T21:49:03.239+0000] {processor.py:179} INFO - Processing /opt/airflow/dags/utils/__init__.py took 0.033 seconds
[2025-10-28T21:49:33.803+0000] {processor.py:157} INFO - Started process (PID=1073) to work on /opt/airflow/dags/utils/__init__.py
[2025-10-28T21:49:33.804+0000] {processor.py:829} INFO - Processing file /opt/airflow/dags/utils/__init__.py for tasks to queue
[2025-10-28T21:49:33.806+0000] {logging_mixin.py:154} INFO - [2025-10-28T21:49:33.806+0000] {dagbag.py:536} INFO - Filling up the DagBag from /opt/airflow/dags/utils/__init__.py
[2025-10-28T21:49:33.811+0000] {processor.py:841} WARNING - No viable dags retrieved from /opt/airflow/dags/utils/__init__.py
[2025-10-28T21:49:33.825+0000] {processor.py:179} INFO - Processing /opt/airflow/dags/utils/__init__.py took 0.026 seconds
[2025-10-28T21:50:04.336+0000] {processor.py:157} INFO - Started process (PID=1145) to work on /opt/airflow/dags/utils/__init__.py
[2025-10-28T21:50:04.338+0000] {processor.py:829} INFO - Processing file /opt/airflow/dags/utils/__init__.py for tasks to queue
[2025-10-28T21:50:04.341+0000] {logging_mixin.py:154} INFO - [2025-10-28T21:50:04.340+0000] {dagbag.py:536} INFO - Filling up the DagBag from /opt/airflow/dags/utils/__init__.py
[2025-10-28T21:50:04.352+0000] {processor.py:841} WARNING - No viable dags retrieved from /opt/airflow/dags/utils/__init__.py
[2025-10-28T21:50:04.369+0000] {processor.py:179} INFO - Processing /opt/airflow/dags/utils/__init__.py took 0.041 seconds
[2025-10-28T21:50:34.811+0000] {processor.py:157} INFO - Started process (PID=1244) to work on /opt/airflow/dags/utils/__init__.py
[2025-10-28T21:50:34.817+0000] {processor.py:829} INFO - Processing file /opt/airflow/dags/utils/__init__.py for tasks to queue
[2025-10-28T21:50:34.819+0000] {logging_mixin.py:154} INFO - [2025-10-28T21:50:34.818+0000] {dagbag.py:536} INFO - Filling up the DagBag from /opt/airflow/dags/utils/__init__.py
[2025-10-28T21:50:34.827+0000] {processor.py:841} WARNING - No viable dags retrieved from /opt/airflow/dags/utils/__init__.py
[2025-10-28T21:50:34.859+0000] {processor.py:179} INFO - Processing /opt/airflow/dags/utils/__init__.py took 0.059 seconds
[2025-10-28T21:51:05.601+0000] {processor.py:157} INFO - Started process (PID=1300) to work on /opt/airflow/dags/utils/__init__.py
[2025-10-28T21:51:05.603+0000] {processor.py:829} INFO - Processing file /opt/airflow/dags/utils/__init__.py for tasks to queue
[2025-10-28T21:51:05.605+0000] {logging_mixin.py:154} INFO - [2025-10-28T21:51:05.604+0000] {dagbag.py:536} INFO - Filling up the DagBag from /opt/airflow/dags/utils/__init__.py
[2025-10-28T21:51:05.615+0000] {processor.py:841} WARNING - No viable dags retrieved from /opt/airflow/dags/utils/__init__.py
[2025-10-28T21:51:05.640+0000] {processor.py:179} INFO - Processing /opt/airflow/dags/utils/__init__.py took 0.050 seconds
[2025-10-28T21:51:35.847+0000] {processor.py:157} INFO - Started process (PID=1349) to work on /opt/airflow/dags/utils/__init__.py
[2025-10-28T21:51:35.849+0000] {processor.py:829} INFO - Processing file /opt/airflow/dags/utils/__init__.py for tasks to queue
[2025-10-28T21:51:35.849+0000] {logging_mixin.py:154} INFO - [2025-10-28T21:51:35.849+0000] {dagbag.py:536} INFO - Filling up the DagBag from /opt/airflow/dags/utils/__init__.py
[2025-10-28T21:51:35.857+0000] {processor.py:841} WARNING - No viable dags retrieved from /opt/airflow/dags/utils/__init__.py
[2025-10-28T21:51:35.871+0000] {processor.py:179} INFO - Processing /opt/airflow/dags/utils/__init__.py took 0.029 seconds
[2025-10-28T21:52:06.324+0000] {processor.py:157} INFO - Started process (PID=1404) to work on /opt/airflow/dags/utils/__init__.py
[2025-10-28T21:52:06.326+0000] {processor.py:829} INFO - Processing file /opt/airflow/dags/utils/__init__.py for tasks to queue
[2025-10-28T21:52:06.326+0000] {logging_mixin.py:154} INFO - [2025-10-28T21:52:06.326+0000] {dagbag.py:536} INFO - Filling up the DagBag from /opt/airflow/dags/utils/__init__.py
[2025-10-28T21:52:06.328+0000] {processor.py:841} WARNING - No viable dags retrieved from /opt/airflow/dags/utils/__init__.py
[2025-10-28T21:52:06.339+0000] {processor.py:179} INFO - Processing /opt/airflow/dags/utils/__init__.py took 0.020 seconds
[2025-10-28T21:52:37.158+0000] {processor.py:157} INFO - Started process (PID=1451) to work on /opt/airflow/dags/utils/__init__.py
[2025-10-28T21:52:37.160+0000] {processor.py:829} INFO - Processing file /opt/airflow/dags/utils/__init__.py for tasks to queue
[2025-10-28T21:52:37.160+0000] {logging_mixin.py:154} INFO - [2025-10-28T21:52:37.160+0000] {dagbag.py:536} INFO - Filling up the DagBag from /opt/airflow/dags/utils/__init__.py
[2025-10-28T21:52:37.163+0000] {processor.py:841} WARNING - No viable dags retrieved from /opt/airflow/dags/utils/__init__.py
[2025-10-28T21:52:37.181+0000] {processor.py:179} INFO - Processing /opt/airflow/dags/utils/__init__.py took 0.037 seconds
[2025-10-28T21:53:07.972+0000] {processor.py:157} INFO - Started process (PID=1494) to work on /opt/airflow/dags/utils/__init__.py
[2025-10-28T21:53:07.975+0000] {processor.py:829} INFO - Processing file /opt/airflow/dags/utils/__init__.py for tasks to queue
[2025-10-28T21:53:07.976+0000] {logging_mixin.py:154} INFO - [2025-10-28T21:53:07.976+0000] {dagbag.py:536} INFO - Filling up the DagBag from /opt/airflow/dags/utils/__init__.py
[2025-10-28T21:53:07.984+0000] {processor.py:841} WARNING - No viable dags retrieved from /opt/airflow/dags/utils/__init__.py
[2025-10-28T21:53:07.997+0000] {processor.py:179} INFO - Processing /opt/airflow/dags/utils/__init__.py took 0.031 seconds
[2025-10-28T21:53:38.725+0000] {processor.py:157} INFO - Started process (PID=1549) to work on /opt/airflow/dags/utils/__init__.py
[2025-10-28T21:53:38.727+0000] {processor.py:829} INFO - Processing file /opt/airflow/dags/utils/__init__.py for tasks to queue
[2025-10-28T21:53:38.728+0000] {logging_mixin.py:154} INFO - [2025-10-28T21:53:38.727+0000] {dagbag.py:536} INFO - Filling up the DagBag from /opt/airflow/dags/utils/__init__.py
[2025-10-28T21:53:38.732+0000] {processor.py:841} WARNING - No viable dags retrieved from /opt/airflow/dags/utils/__init__.py
[2025-10-28T21:53:38.750+0000] {processor.py:179} INFO - Processing /opt/airflow/dags/utils/__init__.py took 0.035 seconds
[2025-10-28T21:54:08.907+0000] {processor.py:157} INFO - Started process (PID=1604) to work on /opt/airflow/dags/utils/__init__.py
[2025-10-28T21:54:08.911+0000] {processor.py:829} INFO - Processing file /opt/airflow/dags/utils/__init__.py for tasks to queue
[2025-10-28T21:54:08.912+0000] {logging_mixin.py:154} INFO - [2025-10-28T21:54:08.911+0000] {dagbag.py:536} INFO - Filling up the DagBag from /opt/airflow/dags/utils/__init__.py
[2025-10-28T21:54:08.915+0000] {processor.py:841} WARNING - No viable dags retrieved from /opt/airflow/dags/utils/__init__.py
[2025-10-28T21:54:08.934+0000] {processor.py:179} INFO - Processing /opt/airflow/dags/utils/__init__.py took 0.034 seconds
[2025-10-28T21:54:39.462+0000] {processor.py:157} INFO - Started process (PID=1652) to work on /opt/airflow/dags/utils/__init__.py
[2025-10-28T21:54:39.464+0000] {processor.py:829} INFO - Processing file /opt/airflow/dags/utils/__init__.py for tasks to queue
[2025-10-28T21:54:39.465+0000] {logging_mixin.py:154} INFO - [2025-10-28T21:54:39.464+0000] {dagbag.py:536} INFO - Filling up the DagBag from /opt/airflow/dags/utils/__init__.py
[2025-10-28T21:54:39.475+0000] {processor.py:841} WARNING - No viable dags retrieved from /opt/airflow/dags/utils/__init__.py
[2025-10-28T21:54:39.495+0000] {processor.py:179} INFO - Processing /opt/airflow/dags/utils/__init__.py took 0.041 seconds
[2025-10-28T21:55:10.323+0000] {processor.py:157} INFO - Started process (PID=1705) to work on /opt/airflow/dags/utils/__init__.py
[2025-10-28T21:55:10.325+0000] {processor.py:829} INFO - Processing file /opt/airflow/dags/utils/__init__.py for tasks to queue
[2025-10-28T21:55:10.326+0000] {logging_mixin.py:154} INFO - [2025-10-28T21:55:10.325+0000] {dagbag.py:536} INFO - Filling up the DagBag from /opt/airflow/dags/utils/__init__.py
[2025-10-28T21:55:10.339+0000] {processor.py:841} WARNING - No viable dags retrieved from /opt/airflow/dags/utils/__init__.py
[2025-10-28T21:55:10.359+0000] {processor.py:179} INFO - Processing /opt/airflow/dags/utils/__init__.py took 0.046 seconds
[2025-10-28T21:55:40.519+0000] {processor.py:157} INFO - Started process (PID=1754) to work on /opt/airflow/dags/utils/__init__.py
[2025-10-28T21:55:40.526+0000] {processor.py:829} INFO - Processing file /opt/airflow/dags/utils/__init__.py for tasks to queue
[2025-10-28T21:55:40.527+0000] {logging_mixin.py:154} INFO - [2025-10-28T21:55:40.527+0000] {dagbag.py:536} INFO - Filling up the DagBag from /opt/airflow/dags/utils/__init__.py
[2025-10-28T21:55:40.536+0000] {processor.py:841} WARNING - No viable dags retrieved from /opt/airflow/dags/utils/__init__.py
[2025-10-28T21:55:40.578+0000] {processor.py:179} INFO - Processing /opt/airflow/dags/utils/__init__.py took 0.068 seconds
[2025-10-28T21:56:11.625+0000] {processor.py:157} INFO - Started process (PID=1810) to work on /opt/airflow/dags/utils/__init__.py
[2025-10-28T21:56:11.627+0000] {processor.py:829} INFO - Processing file /opt/airflow/dags/utils/__init__.py for tasks to queue
[2025-10-28T21:56:11.629+0000] {logging_mixin.py:154} INFO - [2025-10-28T21:56:11.629+0000] {dagbag.py:536} INFO - Filling up the DagBag from /opt/airflow/dags/utils/__init__.py
[2025-10-28T21:56:11.641+0000] {processor.py:841} WARNING - No viable dags retrieved from /opt/airflow/dags/utils/__init__.py
[2025-10-28T21:56:11.660+0000] {processor.py:179} INFO - Processing /opt/airflow/dags/utils/__init__.py took 0.042 seconds
[2025-10-28T21:56:41.932+0000] {processor.py:157} INFO - Started process (PID=1864) to work on /opt/airflow/dags/utils/__init__.py
[2025-10-28T21:56:41.933+0000] {processor.py:829} INFO - Processing file /opt/airflow/dags/utils/__init__.py for tasks to queue
[2025-10-28T21:56:41.934+0000] {logging_mixin.py:154} INFO - [2025-10-28T21:56:41.933+0000] {dagbag.py:536} INFO - Filling up the DagBag from /opt/airflow/dags/utils/__init__.py
[2025-10-28T21:56:41.936+0000] {processor.py:841} WARNING - No viable dags retrieved from /opt/airflow/dags/utils/__init__.py
[2025-10-28T21:56:41.949+0000] {processor.py:179} INFO - Processing /opt/airflow/dags/utils/__init__.py took 0.035 seconds
[2025-10-28T21:57:12.380+0000] {processor.py:157} INFO - Started process (PID=1911) to work on /opt/airflow/dags/utils/__init__.py
[2025-10-28T21:57:12.384+0000] {processor.py:829} INFO - Processing file /opt/airflow/dags/utils/__init__.py for tasks to queue
[2025-10-28T21:57:12.386+0000] {logging_mixin.py:154} INFO - [2025-10-28T21:57:12.385+0000] {dagbag.py:536} INFO - Filling up the DagBag from /opt/airflow/dags/utils/__init__.py
[2025-10-28T21:57:12.396+0000] {processor.py:841} WARNING - No viable dags retrieved from /opt/airflow/dags/utils/__init__.py
[2025-10-28T21:57:12.450+0000] {processor.py:179} INFO - Processing /opt/airflow/dags/utils/__init__.py took 0.079 seconds
[2025-10-28T21:57:42.832+0000] {processor.py:157} INFO - Started process (PID=1960) to work on /opt/airflow/dags/utils/__init__.py
[2025-10-28T21:57:42.833+0000] {processor.py:829} INFO - Processing file /opt/airflow/dags/utils/__init__.py for tasks to queue
[2025-10-28T21:57:42.834+0000] {logging_mixin.py:154} INFO - [2025-10-28T21:57:42.834+0000] {dagbag.py:536} INFO - Filling up the DagBag from /opt/airflow/dags/utils/__init__.py
[2025-10-28T21:57:42.839+0000] {processor.py:841} WARNING - No viable dags retrieved from /opt/airflow/dags/utils/__init__.py
[2025-10-28T21:57:42.875+0000] {processor.py:179} INFO - Processing /opt/airflow/dags/utils/__init__.py took 0.052 seconds
[2025-10-28T21:58:13.489+0000] {processor.py:157} INFO - Started process (PID=2007) to work on /opt/airflow/dags/utils/__init__.py
[2025-10-28T21:58:13.491+0000] {processor.py:829} INFO - Processing file /opt/airflow/dags/utils/__init__.py for tasks to queue
[2025-10-28T21:58:13.495+0000] {logging_mixin.py:154} INFO - [2025-10-28T21:58:13.494+0000] {dagbag.py:536} INFO - Filling up the DagBag from /opt/airflow/dags/utils/__init__.py
[2025-10-28T21:58:13.500+0000] {processor.py:841} WARNING - No viable dags retrieved from /opt/airflow/dags/utils/__init__.py
[2025-10-28T21:58:13.536+0000] {processor.py:179} INFO - Processing /opt/airflow/dags/utils/__init__.py took 0.054 seconds
[2025-10-28T21:58:43.747+0000] {processor.py:157} INFO - Started process (PID=2062) to work on /opt/airflow/dags/utils/__init__.py
[2025-10-28T21:58:43.749+0000] {processor.py:829} INFO - Processing file /opt/airflow/dags/utils/__init__.py for tasks to queue
[2025-10-28T21:58:43.750+0000] {logging_mixin.py:154} INFO - [2025-10-28T21:58:43.750+0000] {dagbag.py:536} INFO - Filling up the DagBag from /opt/airflow/dags/utils/__init__.py
[2025-10-28T21:58:43.759+0000] {processor.py:841} WARNING - No viable dags retrieved from /opt/airflow/dags/utils/__init__.py
[2025-10-28T21:58:43.786+0000] {processor.py:179} INFO - Processing /opt/airflow/dags/utils/__init__.py took 0.047 seconds
[2025-10-28T21:59:14.203+0000] {processor.py:157} INFO - Started process (PID=2111) to work on /opt/airflow/dags/utils/__init__.py
[2025-10-28T21:59:14.206+0000] {processor.py:829} INFO - Processing file /opt/airflow/dags/utils/__init__.py for tasks to queue
[2025-10-28T21:59:14.207+0000] {logging_mixin.py:154} INFO - [2025-10-28T21:59:14.206+0000] {dagbag.py:536} INFO - Filling up the DagBag from /opt/airflow/dags/utils/__init__.py
[2025-10-28T21:59:14.212+0000] {processor.py:841} WARNING - No viable dags retrieved from /opt/airflow/dags/utils/__init__.py
[2025-10-28T21:59:14.249+0000] {processor.py:179} INFO - Processing /opt/airflow/dags/utils/__init__.py took 0.065 seconds
[2025-10-28T21:59:27.682+0000] {processor.py:157} INFO - Started process (PID=172) to work on /opt/airflow/dags/utils/__init__.py
[2025-10-28T21:59:27.690+0000] {processor.py:829} INFO - Processing file /opt/airflow/dags/utils/__init__.py for tasks to queue
[2025-10-28T21:59:27.691+0000] {logging_mixin.py:154} INFO - [2025-10-28T21:59:27.690+0000] {dagbag.py:536} INFO - Filling up the DagBag from /opt/airflow/dags/utils/__init__.py
[2025-10-28T21:59:27.695+0000] {processor.py:841} WARNING - No viable dags retrieved from /opt/airflow/dags/utils/__init__.py
[2025-10-28T21:59:27.729+0000] {processor.py:179} INFO - Processing /opt/airflow/dags/utils/__init__.py took 0.114 seconds
[2025-10-28T21:59:58.015+0000] {processor.py:157} INFO - Started process (PID=220) to work on /opt/airflow/dags/utils/__init__.py
[2025-10-28T21:59:58.017+0000] {processor.py:829} INFO - Processing file /opt/airflow/dags/utils/__init__.py for tasks to queue
[2025-10-28T21:59:58.019+0000] {logging_mixin.py:154} INFO - [2025-10-28T21:59:58.018+0000] {dagbag.py:536} INFO - Filling up the DagBag from /opt/airflow/dags/utils/__init__.py
[2025-10-28T21:59:58.040+0000] {processor.py:841} WARNING - No viable dags retrieved from /opt/airflow/dags/utils/__init__.py
[2025-10-28T21:59:58.062+0000] {processor.py:179} INFO - Processing /opt/airflow/dags/utils/__init__.py took 0.059 seconds
[2025-10-28T22:00:28.733+0000] {processor.py:157} INFO - Started process (PID=268) to work on /opt/airflow/dags/utils/__init__.py
[2025-10-28T22:00:28.734+0000] {processor.py:829} INFO - Processing file /opt/airflow/dags/utils/__init__.py for tasks to queue
[2025-10-28T22:00:28.736+0000] {logging_mixin.py:154} INFO - [2025-10-28T22:00:28.735+0000] {dagbag.py:536} INFO - Filling up the DagBag from /opt/airflow/dags/utils/__init__.py
[2025-10-28T22:00:28.748+0000] {processor.py:841} WARNING - No viable dags retrieved from /opt/airflow/dags/utils/__init__.py
[2025-10-28T22:00:28.776+0000] {processor.py:179} INFO - Processing /opt/airflow/dags/utils/__init__.py took 0.054 seconds
[2025-10-28T22:00:59.312+0000] {processor.py:157} INFO - Started process (PID=325) to work on /opt/airflow/dags/utils/__init__.py
[2025-10-28T22:00:59.314+0000] {processor.py:829} INFO - Processing file /opt/airflow/dags/utils/__init__.py for tasks to queue
[2025-10-28T22:00:59.314+0000] {logging_mixin.py:154} INFO - [2025-10-28T22:00:59.314+0000] {dagbag.py:536} INFO - Filling up the DagBag from /opt/airflow/dags/utils/__init__.py
[2025-10-28T22:00:59.320+0000] {processor.py:841} WARNING - No viable dags retrieved from /opt/airflow/dags/utils/__init__.py
[2025-10-28T22:00:59.344+0000] {processor.py:179} INFO - Processing /opt/airflow/dags/utils/__init__.py took 0.036 seconds
[2025-10-28T22:01:30.160+0000] {processor.py:157} INFO - Started process (PID=379) to work on /opt/airflow/dags/utils/__init__.py
[2025-10-28T22:01:30.162+0000] {processor.py:829} INFO - Processing file /opt/airflow/dags/utils/__init__.py for tasks to queue
[2025-10-28T22:01:30.163+0000] {logging_mixin.py:154} INFO - [2025-10-28T22:01:30.163+0000] {dagbag.py:536} INFO - Filling up the DagBag from /opt/airflow/dags/utils/__init__.py
[2025-10-28T22:01:30.170+0000] {processor.py:841} WARNING - No viable dags retrieved from /opt/airflow/dags/utils/__init__.py
[2025-10-28T22:01:30.194+0000] {processor.py:179} INFO - Processing /opt/airflow/dags/utils/__init__.py took 0.040 seconds
[2025-10-28T22:02:00.837+0000] {processor.py:157} INFO - Started process (PID=427) to work on /opt/airflow/dags/utils/__init__.py
[2025-10-28T22:02:00.840+0000] {processor.py:829} INFO - Processing file /opt/airflow/dags/utils/__init__.py for tasks to queue
[2025-10-28T22:02:00.842+0000] {logging_mixin.py:154} INFO - [2025-10-28T22:02:00.842+0000] {dagbag.py:536} INFO - Filling up the DagBag from /opt/airflow/dags/utils/__init__.py
[2025-10-28T22:02:00.851+0000] {processor.py:841} WARNING - No viable dags retrieved from /opt/airflow/dags/utils/__init__.py
[2025-10-28T22:02:00.881+0000] {processor.py:179} INFO - Processing /opt/airflow/dags/utils/__init__.py took 0.054 seconds
[2025-10-28T22:02:31.857+0000] {processor.py:157} INFO - Started process (PID=480) to work on /opt/airflow/dags/utils/__init__.py
[2025-10-28T22:02:31.858+0000] {processor.py:829} INFO - Processing file /opt/airflow/dags/utils/__init__.py for tasks to queue
[2025-10-28T22:02:31.859+0000] {logging_mixin.py:154} INFO - [2025-10-28T22:02:31.859+0000] {dagbag.py:536} INFO - Filling up the DagBag from /opt/airflow/dags/utils/__init__.py
[2025-10-28T22:02:31.864+0000] {processor.py:841} WARNING - No viable dags retrieved from /opt/airflow/dags/utils/__init__.py
[2025-10-28T22:02:31.892+0000] {processor.py:179} INFO - Processing /opt/airflow/dags/utils/__init__.py took 0.046 seconds
[2025-10-28T22:03:02.610+0000] {processor.py:157} INFO - Started process (PID=529) to work on /opt/airflow/dags/utils/__init__.py
[2025-10-28T22:03:02.617+0000] {processor.py:829} INFO - Processing file /opt/airflow/dags/utils/__init__.py for tasks to queue
[2025-10-28T22:03:02.619+0000] {logging_mixin.py:154} INFO - [2025-10-28T22:03:02.618+0000] {dagbag.py:536} INFO - Filling up the DagBag from /opt/airflow/dags/utils/__init__.py
[2025-10-28T22:03:02.628+0000] {processor.py:841} WARNING - No viable dags retrieved from /opt/airflow/dags/utils/__init__.py
[2025-10-28T22:03:02.670+0000] {processor.py:179} INFO - Processing /opt/airflow/dags/utils/__init__.py took 0.069 seconds
[2025-10-28T22:03:32.963+0000] {processor.py:157} INFO - Started process (PID=585) to work on /opt/airflow/dags/utils/__init__.py
[2025-10-28T22:03:32.965+0000] {processor.py:829} INFO - Processing file /opt/airflow/dags/utils/__init__.py for tasks to queue
[2025-10-28T22:03:32.965+0000] {logging_mixin.py:154} INFO - [2025-10-28T22:03:32.965+0000] {dagbag.py:536} INFO - Filling up the DagBag from /opt/airflow/dags/utils/__init__.py
[2025-10-28T22:03:32.971+0000] {processor.py:841} WARNING - No viable dags retrieved from /opt/airflow/dags/utils/__init__.py
[2025-10-28T22:03:32.992+0000] {processor.py:179} INFO - Processing /opt/airflow/dags/utils/__init__.py took 0.036 seconds
[2025-10-28T22:04:03.622+0000] {processor.py:157} INFO - Started process (PID=640) to work on /opt/airflow/dags/utils/__init__.py
[2025-10-28T22:04:03.625+0000] {processor.py:829} INFO - Processing file /opt/airflow/dags/utils/__init__.py for tasks to queue
[2025-10-28T22:04:03.626+0000] {logging_mixin.py:154} INFO - [2025-10-28T22:04:03.626+0000] {dagbag.py:536} INFO - Filling up the DagBag from /opt/airflow/dags/utils/__init__.py
[2025-10-28T22:04:03.631+0000] {processor.py:841} WARNING - No viable dags retrieved from /opt/airflow/dags/utils/__init__.py
[2025-10-28T22:04:03.672+0000] {processor.py:179} INFO - Processing /opt/airflow/dags/utils/__init__.py took 0.055 seconds
[2025-10-28T22:04:33.849+0000] {processor.py:157} INFO - Started process (PID=688) to work on /opt/airflow/dags/utils/__init__.py
[2025-10-28T22:04:33.851+0000] {processor.py:829} INFO - Processing file /opt/airflow/dags/utils/__init__.py for tasks to queue
[2025-10-28T22:04:33.853+0000] {logging_mixin.py:154} INFO - [2025-10-28T22:04:33.853+0000] {dagbag.py:536} INFO - Filling up the DagBag from /opt/airflow/dags/utils/__init__.py
[2025-10-28T22:04:33.862+0000] {processor.py:841} WARNING - No viable dags retrieved from /opt/airflow/dags/utils/__init__.py
[2025-10-28T22:04:33.879+0000] {processor.py:179} INFO - Processing /opt/airflow/dags/utils/__init__.py took 0.033 seconds
[2025-10-28T22:05:04.239+0000] {processor.py:157} INFO - Started process (PID=742) to work on /opt/airflow/dags/utils/__init__.py
[2025-10-28T22:05:04.242+0000] {processor.py:829} INFO - Processing file /opt/airflow/dags/utils/__init__.py for tasks to queue
[2025-10-28T22:05:04.246+0000] {logging_mixin.py:154} INFO - [2025-10-28T22:05:04.245+0000] {dagbag.py:536} INFO - Filling up the DagBag from /opt/airflow/dags/utils/__init__.py
[2025-10-28T22:05:04.252+0000] {processor.py:841} WARNING - No viable dags retrieved from /opt/airflow/dags/utils/__init__.py
[2025-10-28T22:05:04.276+0000] {processor.py:179} INFO - Processing /opt/airflow/dags/utils/__init__.py took 0.043 seconds
[2025-10-28T22:05:34.899+0000] {processor.py:157} INFO - Started process (PID=791) to work on /opt/airflow/dags/utils/__init__.py
[2025-10-28T22:05:34.901+0000] {processor.py:829} INFO - Processing file /opt/airflow/dags/utils/__init__.py for tasks to queue
[2025-10-28T22:05:34.904+0000] {logging_mixin.py:154} INFO - [2025-10-28T22:05:34.904+0000] {dagbag.py:536} INFO - Filling up the DagBag from /opt/airflow/dags/utils/__init__.py
[2025-10-28T22:05:34.910+0000] {processor.py:841} WARNING - No viable dags retrieved from /opt/airflow/dags/utils/__init__.py
[2025-10-28T22:05:34.929+0000] {processor.py:179} INFO - Processing /opt/airflow/dags/utils/__init__.py took 0.037 seconds
[2025-10-28T22:06:05.222+0000] {processor.py:157} INFO - Started process (PID=845) to work on /opt/airflow/dags/utils/__init__.py
[2025-10-28T22:06:05.226+0000] {processor.py:829} INFO - Processing file /opt/airflow/dags/utils/__init__.py for tasks to queue
[2025-10-28T22:06:05.230+0000] {logging_mixin.py:154} INFO - [2025-10-28T22:06:05.229+0000] {dagbag.py:536} INFO - Filling up the DagBag from /opt/airflow/dags/utils/__init__.py
[2025-10-28T22:06:05.240+0000] {processor.py:841} WARNING - No viable dags retrieved from /opt/airflow/dags/utils/__init__.py
[2025-10-28T22:06:05.265+0000] {processor.py:179} INFO - Processing /opt/airflow/dags/utils/__init__.py took 0.050 seconds
[2025-10-28T22:06:35.646+0000] {processor.py:157} INFO - Started process (PID=996) to work on /opt/airflow/dags/utils/__init__.py
[2025-10-28T22:06:35.649+0000] {processor.py:829} INFO - Processing file /opt/airflow/dags/utils/__init__.py for tasks to queue
[2025-10-28T22:06:35.652+0000] {logging_mixin.py:154} INFO - [2025-10-28T22:06:35.651+0000] {dagbag.py:536} INFO - Filling up the DagBag from /opt/airflow/dags/utils/__init__.py
[2025-10-28T22:06:35.663+0000] {processor.py:841} WARNING - No viable dags retrieved from /opt/airflow/dags/utils/__init__.py
[2025-10-28T22:06:35.717+0000] {processor.py:179} INFO - Processing /opt/airflow/dags/utils/__init__.py took 0.081 seconds
[2025-10-28T22:07:06.295+0000] {processor.py:157} INFO - Started process (PID=1072) to work on /opt/airflow/dags/utils/__init__.py
[2025-10-28T22:07:06.300+0000] {processor.py:829} INFO - Processing file /opt/airflow/dags/utils/__init__.py for tasks to queue
[2025-10-28T22:07:06.304+0000] {logging_mixin.py:154} INFO - [2025-10-28T22:07:06.303+0000] {dagbag.py:536} INFO - Filling up the DagBag from /opt/airflow/dags/utils/__init__.py
[2025-10-28T22:07:06.322+0000] {processor.py:841} WARNING - No viable dags retrieved from /opt/airflow/dags/utils/__init__.py
[2025-10-28T22:07:06.382+0000] {processor.py:179} INFO - Processing /opt/airflow/dags/utils/__init__.py took 0.101 seconds
[2025-10-28T22:07:37.187+0000] {processor.py:157} INFO - Started process (PID=1134) to work on /opt/airflow/dags/utils/__init__.py
[2025-10-28T22:07:37.188+0000] {processor.py:829} INFO - Processing file /opt/airflow/dags/utils/__init__.py for tasks to queue
[2025-10-28T22:07:37.189+0000] {logging_mixin.py:154} INFO - [2025-10-28T22:07:37.189+0000] {dagbag.py:536} INFO - Filling up the DagBag from /opt/airflow/dags/utils/__init__.py
[2025-10-28T22:07:37.194+0000] {processor.py:841} WARNING - No viable dags retrieved from /opt/airflow/dags/utils/__init__.py
[2025-10-28T22:07:37.211+0000] {processor.py:179} INFO - Processing /opt/airflow/dags/utils/__init__.py took 0.029 seconds
[2025-10-28T22:08:07.789+0000] {processor.py:157} INFO - Started process (PID=1182) to work on /opt/airflow/dags/utils/__init__.py
[2025-10-28T22:08:07.794+0000] {processor.py:829} INFO - Processing file /opt/airflow/dags/utils/__init__.py for tasks to queue
[2025-10-28T22:08:07.795+0000] {logging_mixin.py:154} INFO - [2025-10-28T22:08:07.795+0000] {dagbag.py:536} INFO - Filling up the DagBag from /opt/airflow/dags/utils/__init__.py
[2025-10-28T22:08:07.801+0000] {processor.py:841} WARNING - No viable dags retrieved from /opt/airflow/dags/utils/__init__.py
[2025-10-28T22:08:07.834+0000] {processor.py:179} INFO - Processing /opt/airflow/dags/utils/__init__.py took 0.052 seconds
[2025-10-28T22:08:38.157+0000] {processor.py:157} INFO - Started process (PID=1236) to work on /opt/airflow/dags/utils/__init__.py
[2025-10-28T22:08:38.159+0000] {processor.py:829} INFO - Processing file /opt/airflow/dags/utils/__init__.py for tasks to queue
[2025-10-28T22:08:38.161+0000] {logging_mixin.py:154} INFO - [2025-10-28T22:08:38.161+0000] {dagbag.py:536} INFO - Filling up the DagBag from /opt/airflow/dags/utils/__init__.py
[2025-10-28T22:08:38.169+0000] {processor.py:841} WARNING - No viable dags retrieved from /opt/airflow/dags/utils/__init__.py
[2025-10-28T22:08:38.206+0000] {processor.py:179} INFO - Processing /opt/airflow/dags/utils/__init__.py took 0.061 seconds
[2025-10-28T22:09:08.789+0000] {processor.py:157} INFO - Started process (PID=1291) to work on /opt/airflow/dags/utils/__init__.py
[2025-10-28T22:09:08.794+0000] {processor.py:829} INFO - Processing file /opt/airflow/dags/utils/__init__.py for tasks to queue
[2025-10-28T22:09:08.799+0000] {logging_mixin.py:154} INFO - [2025-10-28T22:09:08.799+0000] {dagbag.py:536} INFO - Filling up the DagBag from /opt/airflow/dags/utils/__init__.py
[2025-10-28T22:09:08.804+0000] {processor.py:841} WARNING - No viable dags retrieved from /opt/airflow/dags/utils/__init__.py
[2025-10-28T22:09:08.821+0000] {processor.py:179} INFO - Processing /opt/airflow/dags/utils/__init__.py took 0.037 seconds
[2025-10-28T22:09:39.626+0000] {processor.py:157} INFO - Started process (PID=1339) to work on /opt/airflow/dags/utils/__init__.py
[2025-10-28T22:09:39.628+0000] {processor.py:829} INFO - Processing file /opt/airflow/dags/utils/__init__.py for tasks to queue
[2025-10-28T22:09:39.630+0000] {logging_mixin.py:154} INFO - [2025-10-28T22:09:39.630+0000] {dagbag.py:536} INFO - Filling up the DagBag from /opt/airflow/dags/utils/__init__.py
[2025-10-28T22:09:39.637+0000] {processor.py:841} WARNING - No viable dags retrieved from /opt/airflow/dags/utils/__init__.py
[2025-10-28T22:09:39.664+0000] {processor.py:179} INFO - Processing /opt/airflow/dags/utils/__init__.py took 0.046 seconds
[2025-10-28T22:10:10.541+0000] {processor.py:157} INFO - Started process (PID=1395) to work on /opt/airflow/dags/utils/__init__.py
[2025-10-28T22:10:10.543+0000] {processor.py:829} INFO - Processing file /opt/airflow/dags/utils/__init__.py for tasks to queue
[2025-10-28T22:10:10.544+0000] {logging_mixin.py:154} INFO - [2025-10-28T22:10:10.544+0000] {dagbag.py:536} INFO - Filling up the DagBag from /opt/airflow/dags/utils/__init__.py
[2025-10-28T22:10:10.556+0000] {processor.py:841} WARNING - No viable dags retrieved from /opt/airflow/dags/utils/__init__.py
[2025-10-28T22:10:10.592+0000] {processor.py:179} INFO - Processing /opt/airflow/dags/utils/__init__.py took 0.060 seconds
[2025-10-28T22:10:40.709+0000] {processor.py:157} INFO - Started process (PID=1449) to work on /opt/airflow/dags/utils/__init__.py
[2025-10-28T22:10:40.710+0000] {processor.py:829} INFO - Processing file /opt/airflow/dags/utils/__init__.py for tasks to queue
[2025-10-28T22:10:40.712+0000] {logging_mixin.py:154} INFO - [2025-10-28T22:10:40.711+0000] {dagbag.py:536} INFO - Filling up the DagBag from /opt/airflow/dags/utils/__init__.py
[2025-10-28T22:10:40.722+0000] {processor.py:841} WARNING - No viable dags retrieved from /opt/airflow/dags/utils/__init__.py
[2025-10-28T22:10:40.737+0000] {processor.py:179} INFO - Processing /opt/airflow/dags/utils/__init__.py took 0.031 seconds
[2025-10-28T22:11:11.507+0000] {processor.py:157} INFO - Started process (PID=1499) to work on /opt/airflow/dags/utils/__init__.py
[2025-10-28T22:11:11.510+0000] {processor.py:829} INFO - Processing file /opt/airflow/dags/utils/__init__.py for tasks to queue
[2025-10-28T22:11:11.511+0000] {logging_mixin.py:154} INFO - [2025-10-28T22:11:11.511+0000] {dagbag.py:536} INFO - Filling up the DagBag from /opt/airflow/dags/utils/__init__.py
[2025-10-28T22:11:11.519+0000] {processor.py:841} WARNING - No viable dags retrieved from /opt/airflow/dags/utils/__init__.py
[2025-10-28T22:11:11.535+0000] {processor.py:179} INFO - Processing /opt/airflow/dags/utils/__init__.py took 0.039 seconds
[2025-10-28T22:11:41.788+0000] {processor.py:157} INFO - Started process (PID=1554) to work on /opt/airflow/dags/utils/__init__.py
[2025-10-28T22:11:41.792+0000] {processor.py:829} INFO - Processing file /opt/airflow/dags/utils/__init__.py for tasks to queue
[2025-10-28T22:11:41.793+0000] {logging_mixin.py:154} INFO - [2025-10-28T22:11:41.793+0000] {dagbag.py:536} INFO - Filling up the DagBag from /opt/airflow/dags/utils/__init__.py
[2025-10-28T22:11:41.798+0000] {processor.py:841} WARNING - No viable dags retrieved from /opt/airflow/dags/utils/__init__.py
[2025-10-28T22:11:41.836+0000] {processor.py:179} INFO - Processing /opt/airflow/dags/utils/__init__.py took 0.054 seconds
[2025-10-28T22:12:12.912+0000] {processor.py:157} INFO - Started process (PID=1654) to work on /opt/airflow/dags/utils/__init__.py
[2025-10-28T22:12:12.919+0000] {processor.py:829} INFO - Processing file /opt/airflow/dags/utils/__init__.py for tasks to queue
[2025-10-28T22:12:12.926+0000] {logging_mixin.py:154} INFO - [2025-10-28T22:12:12.923+0000] {dagbag.py:536} INFO - Filling up the DagBag from /opt/airflow/dags/utils/__init__.py
[2025-10-28T22:12:12.949+0000] {processor.py:841} WARNING - No viable dags retrieved from /opt/airflow/dags/utils/__init__.py
[2025-10-28T22:12:13.064+0000] {processor.py:179} INFO - Processing /opt/airflow/dags/utils/__init__.py took 0.172 seconds
[2025-10-28T22:12:43.192+0000] {processor.py:157} INFO - Started process (PID=1725) to work on /opt/airflow/dags/utils/__init__.py
[2025-10-28T22:12:43.201+0000] {processor.py:829} INFO - Processing file /opt/airflow/dags/utils/__init__.py for tasks to queue
[2025-10-28T22:12:43.203+0000] {logging_mixin.py:154} INFO - [2025-10-28T22:12:43.202+0000] {dagbag.py:536} INFO - Filling up the DagBag from /opt/airflow/dags/utils/__init__.py
[2025-10-28T22:12:43.211+0000] {processor.py:841} WARNING - No viable dags retrieved from /opt/airflow/dags/utils/__init__.py
[2025-10-28T22:12:43.261+0000] {processor.py:179} INFO - Processing /opt/airflow/dags/utils/__init__.py took 0.084 seconds
[2025-10-28T22:13:13.841+0000] {processor.py:157} INFO - Started process (PID=1773) to work on /opt/airflow/dags/utils/__init__.py
[2025-10-28T22:13:13.844+0000] {processor.py:829} INFO - Processing file /opt/airflow/dags/utils/__init__.py for tasks to queue
[2025-10-28T22:13:13.848+0000] {logging_mixin.py:154} INFO - [2025-10-28T22:13:13.846+0000] {dagbag.py:536} INFO - Filling up the DagBag from /opt/airflow/dags/utils/__init__.py
[2025-10-28T22:13:13.888+0000] {processor.py:841} WARNING - No viable dags retrieved from /opt/airflow/dags/utils/__init__.py
[2025-10-28T22:13:13.924+0000] {processor.py:179} INFO - Processing /opt/airflow/dags/utils/__init__.py took 0.092 seconds
[2025-10-28T22:13:44.485+0000] {processor.py:157} INFO - Started process (PID=1826) to work on /opt/airflow/dags/utils/__init__.py
[2025-10-28T22:13:44.487+0000] {processor.py:829} INFO - Processing file /opt/airflow/dags/utils/__init__.py for tasks to queue
[2025-10-28T22:13:44.488+0000] {logging_mixin.py:154} INFO - [2025-10-28T22:13:44.488+0000] {dagbag.py:536} INFO - Filling up the DagBag from /opt/airflow/dags/utils/__init__.py
[2025-10-28T22:13:44.495+0000] {processor.py:841} WARNING - No viable dags retrieved from /opt/airflow/dags/utils/__init__.py
[2025-10-28T22:13:44.535+0000] {processor.py:179} INFO - Processing /opt/airflow/dags/utils/__init__.py took 0.057 seconds
[2025-10-28T22:14:15.014+0000] {processor.py:157} INFO - Started process (PID=1875) to work on /opt/airflow/dags/utils/__init__.py
[2025-10-28T22:14:15.018+0000] {processor.py:829} INFO - Processing file /opt/airflow/dags/utils/__init__.py for tasks to queue
[2025-10-28T22:14:15.019+0000] {logging_mixin.py:154} INFO - [2025-10-28T22:14:15.019+0000] {dagbag.py:536} INFO - Filling up the DagBag from /opt/airflow/dags/utils/__init__.py
[2025-10-28T22:14:15.025+0000] {processor.py:841} WARNING - No viable dags retrieved from /opt/airflow/dags/utils/__init__.py
[2025-10-28T22:14:15.056+0000] {processor.py:179} INFO - Processing /opt/airflow/dags/utils/__init__.py took 0.053 seconds
[2025-10-28T22:14:46.021+0000] {processor.py:157} INFO - Started process (PID=1930) to work on /opt/airflow/dags/utils/__init__.py
[2025-10-28T22:14:46.023+0000] {processor.py:829} INFO - Processing file /opt/airflow/dags/utils/__init__.py for tasks to queue
[2025-10-28T22:14:46.027+0000] {logging_mixin.py:154} INFO - [2025-10-28T22:14:46.025+0000] {dagbag.py:536} INFO - Filling up the DagBag from /opt/airflow/dags/utils/__init__.py
[2025-10-28T22:14:46.032+0000] {processor.py:841} WARNING - No viable dags retrieved from /opt/airflow/dags/utils/__init__.py
[2025-10-28T22:14:46.051+0000] {processor.py:179} INFO - Processing /opt/airflow/dags/utils/__init__.py took 0.036 seconds
[2025-10-28T22:15:16.467+0000] {processor.py:157} INFO - Started process (PID=1979) to work on /opt/airflow/dags/utils/__init__.py
[2025-10-28T22:15:16.469+0000] {processor.py:829} INFO - Processing file /opt/airflow/dags/utils/__init__.py for tasks to queue
[2025-10-28T22:15:16.470+0000] {logging_mixin.py:154} INFO - [2025-10-28T22:15:16.470+0000] {dagbag.py:536} INFO - Filling up the DagBag from /opt/airflow/dags/utils/__init__.py
[2025-10-28T22:15:16.478+0000] {processor.py:841} WARNING - No viable dags retrieved from /opt/airflow/dags/utils/__init__.py
[2025-10-28T22:15:16.503+0000] {processor.py:179} INFO - Processing /opt/airflow/dags/utils/__init__.py took 0.040 seconds
[2025-10-28T22:15:47.153+0000] {processor.py:157} INFO - Started process (PID=2033) to work on /opt/airflow/dags/utils/__init__.py
[2025-10-28T22:15:47.156+0000] {processor.py:829} INFO - Processing file /opt/airflow/dags/utils/__init__.py for tasks to queue
[2025-10-28T22:15:47.158+0000] {logging_mixin.py:154} INFO - [2025-10-28T22:15:47.157+0000] {dagbag.py:536} INFO - Filling up the DagBag from /opt/airflow/dags/utils/__init__.py
[2025-10-28T22:15:47.171+0000] {processor.py:841} WARNING - No viable dags retrieved from /opt/airflow/dags/utils/__init__.py
[2025-10-28T22:15:47.204+0000] {processor.py:179} INFO - Processing /opt/airflow/dags/utils/__init__.py took 0.067 seconds
[2025-10-28T22:16:17.650+0000] {processor.py:157} INFO - Started process (PID=2088) to work on /opt/airflow/dags/utils/__init__.py
[2025-10-28T22:16:17.655+0000] {processor.py:829} INFO - Processing file /opt/airflow/dags/utils/__init__.py for tasks to queue
[2025-10-28T22:16:17.657+0000] {logging_mixin.py:154} INFO - [2025-10-28T22:16:17.656+0000] {dagbag.py:536} INFO - Filling up the DagBag from /opt/airflow/dags/utils/__init__.py
[2025-10-28T22:16:17.665+0000] {processor.py:841} WARNING - No viable dags retrieved from /opt/airflow/dags/utils/__init__.py
[2025-10-28T22:16:17.703+0000] {processor.py:179} INFO - Processing /opt/airflow/dags/utils/__init__.py took 0.058 seconds
[2025-10-28T22:16:47.794+0000] {processor.py:157} INFO - Started process (PID=2136) to work on /opt/airflow/dags/utils/__init__.py
[2025-10-28T22:16:47.798+0000] {processor.py:829} INFO - Processing file /opt/airflow/dags/utils/__init__.py for tasks to queue
[2025-10-28T22:16:47.800+0000] {logging_mixin.py:154} INFO - [2025-10-28T22:16:47.799+0000] {dagbag.py:536} INFO - Filling up the DagBag from /opt/airflow/dags/utils/__init__.py
[2025-10-28T22:16:47.812+0000] {processor.py:841} WARNING - No viable dags retrieved from /opt/airflow/dags/utils/__init__.py
[2025-10-28T22:16:47.859+0000] {processor.py:179} INFO - Processing /opt/airflow/dags/utils/__init__.py took 0.076 seconds
[2025-10-28T22:17:17.971+0000] {processor.py:157} INFO - Started process (PID=2191) to work on /opt/airflow/dags/utils/__init__.py
[2025-10-28T22:17:17.974+0000] {processor.py:829} INFO - Processing file /opt/airflow/dags/utils/__init__.py for tasks to queue
[2025-10-28T22:17:17.977+0000] {logging_mixin.py:154} INFO - [2025-10-28T22:17:17.977+0000] {dagbag.py:536} INFO - Filling up the DagBag from /opt/airflow/dags/utils/__init__.py
[2025-10-28T22:17:17.987+0000] {processor.py:841} WARNING - No viable dags retrieved from /opt/airflow/dags/utils/__init__.py
[2025-10-28T22:17:18.022+0000] {processor.py:179} INFO - Processing /opt/airflow/dags/utils/__init__.py took 0.060 seconds
[2025-10-28T22:17:48.236+0000] {processor.py:157} INFO - Started process (PID=2238) to work on /opt/airflow/dags/utils/__init__.py
[2025-10-28T22:17:48.239+0000] {processor.py:829} INFO - Processing file /opt/airflow/dags/utils/__init__.py for tasks to queue
[2025-10-28T22:17:48.240+0000] {logging_mixin.py:154} INFO - [2025-10-28T22:17:48.240+0000] {dagbag.py:536} INFO - Filling up the DagBag from /opt/airflow/dags/utils/__init__.py
[2025-10-28T22:17:48.247+0000] {processor.py:841} WARNING - No viable dags retrieved from /opt/airflow/dags/utils/__init__.py
[2025-10-28T22:17:48.289+0000] {processor.py:179} INFO - Processing /opt/airflow/dags/utils/__init__.py took 0.064 seconds
[2025-10-28T22:18:18.930+0000] {processor.py:157} INFO - Started process (PID=2287) to work on /opt/airflow/dags/utils/__init__.py
[2025-10-28T22:18:18.934+0000] {processor.py:829} INFO - Processing file /opt/airflow/dags/utils/__init__.py for tasks to queue
[2025-10-28T22:18:18.935+0000] {logging_mixin.py:154} INFO - [2025-10-28T22:18:18.935+0000] {dagbag.py:536} INFO - Filling up the DagBag from /opt/airflow/dags/utils/__init__.py
[2025-10-28T22:18:18.947+0000] {processor.py:841} WARNING - No viable dags retrieved from /opt/airflow/dags/utils/__init__.py
[2025-10-28T22:18:18.982+0000] {processor.py:179} INFO - Processing /opt/airflow/dags/utils/__init__.py took 0.063 seconds
[2025-10-28T22:18:49.490+0000] {processor.py:157} INFO - Started process (PID=2343) to work on /opt/airflow/dags/utils/__init__.py
[2025-10-28T22:18:49.492+0000] {processor.py:829} INFO - Processing file /opt/airflow/dags/utils/__init__.py for tasks to queue
[2025-10-28T22:18:49.493+0000] {logging_mixin.py:154} INFO - [2025-10-28T22:18:49.492+0000] {dagbag.py:536} INFO - Filling up the DagBag from /opt/airflow/dags/utils/__init__.py
[2025-10-28T22:18:49.498+0000] {processor.py:841} WARNING - No viable dags retrieved from /opt/airflow/dags/utils/__init__.py
[2025-10-28T22:18:49.523+0000] {processor.py:179} INFO - Processing /opt/airflow/dags/utils/__init__.py took 0.039 seconds
[2025-10-28T22:19:20.550+0000] {processor.py:157} INFO - Started process (PID=2397) to work on /opt/airflow/dags/utils/__init__.py
[2025-10-28T22:19:20.553+0000] {processor.py:829} INFO - Processing file /opt/airflow/dags/utils/__init__.py for tasks to queue
[2025-10-28T22:19:20.555+0000] {logging_mixin.py:154} INFO - [2025-10-28T22:19:20.554+0000] {dagbag.py:536} INFO - Filling up the DagBag from /opt/airflow/dags/utils/__init__.py
[2025-10-28T22:19:20.562+0000] {processor.py:841} WARNING - No viable dags retrieved from /opt/airflow/dags/utils/__init__.py
[2025-10-28T22:19:20.628+0000] {processor.py:179} INFO - Processing /opt/airflow/dags/utils/__init__.py took 0.088 seconds
[2025-10-28T22:19:50.867+0000] {processor.py:157} INFO - Started process (PID=2445) to work on /opt/airflow/dags/utils/__init__.py
[2025-10-28T22:19:50.871+0000] {processor.py:829} INFO - Processing file /opt/airflow/dags/utils/__init__.py for tasks to queue
[2025-10-28T22:19:50.874+0000] {logging_mixin.py:154} INFO - [2025-10-28T22:19:50.873+0000] {dagbag.py:536} INFO - Filling up the DagBag from /opt/airflow/dags/utils/__init__.py
[2025-10-28T22:19:50.882+0000] {processor.py:841} WARNING - No viable dags retrieved from /opt/airflow/dags/utils/__init__.py
[2025-10-28T22:19:50.921+0000] {processor.py:179} INFO - Processing /opt/airflow/dags/utils/__init__.py took 0.058 seconds
[2025-10-28T22:20:21.200+0000] {processor.py:157} INFO - Started process (PID=2494) to work on /opt/airflow/dags/utils/__init__.py
[2025-10-28T22:20:21.203+0000] {processor.py:829} INFO - Processing file /opt/airflow/dags/utils/__init__.py for tasks to queue
[2025-10-28T22:20:21.204+0000] {logging_mixin.py:154} INFO - [2025-10-28T22:20:21.204+0000] {dagbag.py:536} INFO - Filling up the DagBag from /opt/airflow/dags/utils/__init__.py
[2025-10-28T22:20:21.206+0000] {processor.py:841} WARNING - No viable dags retrieved from /opt/airflow/dags/utils/__init__.py
[2025-10-28T22:20:21.221+0000] {processor.py:179} INFO - Processing /opt/airflow/dags/utils/__init__.py took 0.027 seconds
[2025-10-28T22:20:51.736+0000] {processor.py:157} INFO - Started process (PID=2538) to work on /opt/airflow/dags/utils/__init__.py
[2025-10-28T22:20:51.737+0000] {processor.py:829} INFO - Processing file /opt/airflow/dags/utils/__init__.py for tasks to queue
[2025-10-28T22:20:51.738+0000] {logging_mixin.py:154} INFO - [2025-10-28T22:20:51.738+0000] {dagbag.py:536} INFO - Filling up the DagBag from /opt/airflow/dags/utils/__init__.py
[2025-10-28T22:20:51.740+0000] {processor.py:841} WARNING - No viable dags retrieved from /opt/airflow/dags/utils/__init__.py
[2025-10-28T22:20:51.754+0000] {processor.py:179} INFO - Processing /opt/airflow/dags/utils/__init__.py took 0.022 seconds
[2025-10-28T22:21:22.042+0000] {processor.py:157} INFO - Started process (PID=2581) to work on /opt/airflow/dags/utils/__init__.py
[2025-10-28T22:21:22.045+0000] {processor.py:829} INFO - Processing file /opt/airflow/dags/utils/__init__.py for tasks to queue
[2025-10-28T22:21:22.047+0000] {logging_mixin.py:154} INFO - [2025-10-28T22:21:22.047+0000] {dagbag.py:536} INFO - Filling up the DagBag from /opt/airflow/dags/utils/__init__.py
[2025-10-28T22:21:22.054+0000] {processor.py:841} WARNING - No viable dags retrieved from /opt/airflow/dags/utils/__init__.py
[2025-10-28T22:21:22.082+0000] {processor.py:179} INFO - Processing /opt/airflow/dags/utils/__init__.py took 0.051 seconds
[2025-10-28T22:21:52.443+0000] {processor.py:157} INFO - Started process (PID=2636) to work on /opt/airflow/dags/utils/__init__.py
[2025-10-28T22:21:52.444+0000] {processor.py:829} INFO - Processing file /opt/airflow/dags/utils/__init__.py for tasks to queue
[2025-10-28T22:21:52.446+0000] {logging_mixin.py:154} INFO - [2025-10-28T22:21:52.446+0000] {dagbag.py:536} INFO - Filling up the DagBag from /opt/airflow/dags/utils/__init__.py
[2025-10-28T22:21:52.452+0000] {processor.py:841} WARNING - No viable dags retrieved from /opt/airflow/dags/utils/__init__.py
[2025-10-28T22:21:52.471+0000] {processor.py:179} INFO - Processing /opt/airflow/dags/utils/__init__.py took 0.034 seconds
[2025-10-28T22:22:22.906+0000] {processor.py:157} INFO - Started process (PID=2684) to work on /opt/airflow/dags/utils/__init__.py
[2025-10-28T22:22:22.909+0000] {processor.py:829} INFO - Processing file /opt/airflow/dags/utils/__init__.py for tasks to queue
[2025-10-28T22:22:22.910+0000] {logging_mixin.py:154} INFO - [2025-10-28T22:22:22.909+0000] {dagbag.py:536} INFO - Filling up the DagBag from /opt/airflow/dags/utils/__init__.py
[2025-10-28T22:22:22.916+0000] {processor.py:841} WARNING - No viable dags retrieved from /opt/airflow/dags/utils/__init__.py
[2025-10-28T22:22:22.930+0000] {processor.py:179} INFO - Processing /opt/airflow/dags/utils/__init__.py took 0.042 seconds
[2025-10-28T22:22:53.746+0000] {processor.py:157} INFO - Started process (PID=2738) to work on /opt/airflow/dags/utils/__init__.py
[2025-10-28T22:22:53.748+0000] {processor.py:829} INFO - Processing file /opt/airflow/dags/utils/__init__.py for tasks to queue
[2025-10-28T22:22:53.749+0000] {logging_mixin.py:154} INFO - [2025-10-28T22:22:53.748+0000] {dagbag.py:536} INFO - Filling up the DagBag from /opt/airflow/dags/utils/__init__.py
[2025-10-28T22:22:53.754+0000] {processor.py:841} WARNING - No viable dags retrieved from /opt/airflow/dags/utils/__init__.py
[2025-10-28T22:22:53.787+0000] {processor.py:179} INFO - Processing /opt/airflow/dags/utils/__init__.py took 0.051 seconds
[2025-10-28T22:23:24.137+0000] {processor.py:157} INFO - Started process (PID=2794) to work on /opt/airflow/dags/utils/__init__.py
[2025-10-28T22:23:24.139+0000] {processor.py:829} INFO - Processing file /opt/airflow/dags/utils/__init__.py for tasks to queue
[2025-10-28T22:23:24.140+0000] {logging_mixin.py:154} INFO - [2025-10-28T22:23:24.139+0000] {dagbag.py:536} INFO - Filling up the DagBag from /opt/airflow/dags/utils/__init__.py
[2025-10-28T22:23:24.147+0000] {processor.py:841} WARNING - No viable dags retrieved from /opt/airflow/dags/utils/__init__.py
[2025-10-28T22:23:24.170+0000] {processor.py:179} INFO - Processing /opt/airflow/dags/utils/__init__.py took 0.042 seconds
[2025-10-28T22:23:54.306+0000] {processor.py:157} INFO - Started process (PID=2842) to work on /opt/airflow/dags/utils/__init__.py
[2025-10-28T22:23:54.308+0000] {processor.py:829} INFO - Processing file /opt/airflow/dags/utils/__init__.py for tasks to queue
[2025-10-28T22:23:54.310+0000] {logging_mixin.py:154} INFO - [2025-10-28T22:23:54.310+0000] {dagbag.py:536} INFO - Filling up the DagBag from /opt/airflow/dags/utils/__init__.py
[2025-10-28T22:23:54.322+0000] {processor.py:841} WARNING - No viable dags retrieved from /opt/airflow/dags/utils/__init__.py
[2025-10-28T22:23:54.354+0000] {processor.py:179} INFO - Processing /opt/airflow/dags/utils/__init__.py took 0.056 seconds
[2025-10-28T22:24:25.029+0000] {processor.py:157} INFO - Started process (PID=2896) to work on /opt/airflow/dags/utils/__init__.py
[2025-10-28T22:24:25.033+0000] {processor.py:829} INFO - Processing file /opt/airflow/dags/utils/__init__.py for tasks to queue
[2025-10-28T22:24:25.034+0000] {logging_mixin.py:154} INFO - [2025-10-28T22:24:25.034+0000] {dagbag.py:536} INFO - Filling up the DagBag from /opt/airflow/dags/utils/__init__.py
[2025-10-28T22:24:25.046+0000] {processor.py:841} WARNING - No viable dags retrieved from /opt/airflow/dags/utils/__init__.py
[2025-10-28T22:24:25.103+0000] {processor.py:179} INFO - Processing /opt/airflow/dags/utils/__init__.py took 0.083 seconds
[2025-10-28T22:24:55.709+0000] {processor.py:157} INFO - Started process (PID=2951) to work on /opt/airflow/dags/utils/__init__.py
[2025-10-28T22:24:55.714+0000] {processor.py:829} INFO - Processing file /opt/airflow/dags/utils/__init__.py for tasks to queue
[2025-10-28T22:24:55.718+0000] {logging_mixin.py:154} INFO - [2025-10-28T22:24:55.717+0000] {dagbag.py:536} INFO - Filling up the DagBag from /opt/airflow/dags/utils/__init__.py
[2025-10-28T22:24:55.727+0000] {processor.py:841} WARNING - No viable dags retrieved from /opt/airflow/dags/utils/__init__.py
[2025-10-28T22:24:55.766+0000] {processor.py:179} INFO - Processing /opt/airflow/dags/utils/__init__.py took 0.068 seconds
[2025-10-28T22:25:26.329+0000] {processor.py:157} INFO - Started process (PID=2999) to work on /opt/airflow/dags/utils/__init__.py
[2025-10-28T22:25:26.340+0000] {processor.py:829} INFO - Processing file /opt/airflow/dags/utils/__init__.py for tasks to queue
[2025-10-28T22:25:26.342+0000] {logging_mixin.py:154} INFO - [2025-10-28T22:25:26.341+0000] {dagbag.py:536} INFO - Filling up the DagBag from /opt/airflow/dags/utils/__init__.py
[2025-10-28T22:25:26.353+0000] {processor.py:841} WARNING - No viable dags retrieved from /opt/airflow/dags/utils/__init__.py
[2025-10-28T22:25:26.375+0000] {processor.py:179} INFO - Processing /opt/airflow/dags/utils/__init__.py took 0.061 seconds
[2025-10-28T22:25:57.163+0000] {processor.py:157} INFO - Started process (PID=3145) to work on /opt/airflow/dags/utils/__init__.py
[2025-10-28T22:25:57.166+0000] {processor.py:829} INFO - Processing file /opt/airflow/dags/utils/__init__.py for tasks to queue
[2025-10-28T22:25:57.470+0000] {logging_mixin.py:154} INFO - [2025-10-28T22:25:57.169+0000] {dagbag.py:536} INFO - Filling up the DagBag from /opt/airflow/dags/utils/__init__.py
[2025-10-28T22:25:57.739+0000] {processor.py:841} WARNING - No viable dags retrieved from /opt/airflow/dags/utils/__init__.py
[2025-10-28T22:25:57.873+0000] {processor.py:179} INFO - Processing /opt/airflow/dags/utils/__init__.py took 0.721 seconds
[2025-10-28T22:26:28.026+0000] {processor.py:157} INFO - Started process (PID=3193) to work on /opt/airflow/dags/utils/__init__.py
[2025-10-28T22:26:28.029+0000] {processor.py:829} INFO - Processing file /opt/airflow/dags/utils/__init__.py for tasks to queue
[2025-10-28T22:26:28.030+0000] {logging_mixin.py:154} INFO - [2025-10-28T22:26:28.030+0000] {dagbag.py:536} INFO - Filling up the DagBag from /opt/airflow/dags/utils/__init__.py
[2025-10-28T22:26:28.044+0000] {processor.py:841} WARNING - No viable dags retrieved from /opt/airflow/dags/utils/__init__.py
[2025-10-28T22:26:28.063+0000] {processor.py:179} INFO - Processing /opt/airflow/dags/utils/__init__.py took 0.049 seconds
[2025-10-28T22:26:58.528+0000] {processor.py:157} INFO - Started process (PID=3241) to work on /opt/airflow/dags/utils/__init__.py
[2025-10-28T22:26:58.530+0000] {processor.py:829} INFO - Processing file /opt/airflow/dags/utils/__init__.py for tasks to queue
[2025-10-28T22:26:58.531+0000] {logging_mixin.py:154} INFO - [2025-10-28T22:26:58.531+0000] {dagbag.py:536} INFO - Filling up the DagBag from /opt/airflow/dags/utils/__init__.py
[2025-10-28T22:26:58.539+0000] {processor.py:841} WARNING - No viable dags retrieved from /opt/airflow/dags/utils/__init__.py
[2025-10-28T22:26:58.563+0000] {processor.py:179} INFO - Processing /opt/airflow/dags/utils/__init__.py took 0.046 seconds
[2025-10-28T22:27:28.659+0000] {processor.py:157} INFO - Started process (PID=3297) to work on /opt/airflow/dags/utils/__init__.py
[2025-10-28T22:27:28.664+0000] {processor.py:829} INFO - Processing file /opt/airflow/dags/utils/__init__.py for tasks to queue
[2025-10-28T22:27:28.665+0000] {logging_mixin.py:154} INFO - [2025-10-28T22:27:28.665+0000] {dagbag.py:536} INFO - Filling up the DagBag from /opt/airflow/dags/utils/__init__.py
[2025-10-28T22:27:28.670+0000] {processor.py:841} WARNING - No viable dags retrieved from /opt/airflow/dags/utils/__init__.py
[2025-10-28T22:27:28.697+0000] {processor.py:179} INFO - Processing /opt/airflow/dags/utils/__init__.py took 0.054 seconds
[2025-10-28T22:27:59.460+0000] {processor.py:157} INFO - Started process (PID=3352) to work on /opt/airflow/dags/utils/__init__.py
[2025-10-28T22:27:59.461+0000] {processor.py:829} INFO - Processing file /opt/airflow/dags/utils/__init__.py for tasks to queue
[2025-10-28T22:27:59.462+0000] {logging_mixin.py:154} INFO - [2025-10-28T22:27:59.462+0000] {dagbag.py:536} INFO - Filling up the DagBag from /opt/airflow/dags/utils/__init__.py
[2025-10-28T22:27:59.469+0000] {processor.py:841} WARNING - No viable dags retrieved from /opt/airflow/dags/utils/__init__.py
[2025-10-28T22:27:59.484+0000] {processor.py:179} INFO - Processing /opt/airflow/dags/utils/__init__.py took 0.028 seconds
[2025-10-28T22:28:29.558+0000] {processor.py:157} INFO - Started process (PID=3401) to work on /opt/airflow/dags/utils/__init__.py
[2025-10-28T22:28:29.559+0000] {processor.py:829} INFO - Processing file /opt/airflow/dags/utils/__init__.py for tasks to queue
[2025-10-28T22:28:29.560+0000] {logging_mixin.py:154} INFO - [2025-10-28T22:28:29.560+0000] {dagbag.py:536} INFO - Filling up the DagBag from /opt/airflow/dags/utils/__init__.py
[2025-10-28T22:28:29.565+0000] {processor.py:841} WARNING - No viable dags retrieved from /opt/airflow/dags/utils/__init__.py
[2025-10-28T22:28:29.581+0000] {processor.py:179} INFO - Processing /opt/airflow/dags/utils/__init__.py took 0.030 seconds
[2025-10-28T22:29:00.117+0000] {processor.py:157} INFO - Started process (PID=3456) to work on /opt/airflow/dags/utils/__init__.py
[2025-10-28T22:29:00.119+0000] {processor.py:829} INFO - Processing file /opt/airflow/dags/utils/__init__.py for tasks to queue
[2025-10-28T22:29:00.120+0000] {logging_mixin.py:154} INFO - [2025-10-28T22:29:00.119+0000] {dagbag.py:536} INFO - Filling up the DagBag from /opt/airflow/dags/utils/__init__.py
[2025-10-28T22:29:00.126+0000] {processor.py:841} WARNING - No viable dags retrieved from /opt/airflow/dags/utils/__init__.py
[2025-10-28T22:29:00.147+0000] {processor.py:179} INFO - Processing /opt/airflow/dags/utils/__init__.py took 0.047 seconds
[2025-10-28T22:29:30.238+0000] {processor.py:157} INFO - Started process (PID=3511) to work on /opt/airflow/dags/utils/__init__.py
[2025-10-28T22:29:30.241+0000] {processor.py:829} INFO - Processing file /opt/airflow/dags/utils/__init__.py for tasks to queue
[2025-10-28T22:29:30.243+0000] {logging_mixin.py:154} INFO - [2025-10-28T22:29:30.243+0000] {dagbag.py:536} INFO - Filling up the DagBag from /opt/airflow/dags/utils/__init__.py
[2025-10-28T22:29:30.252+0000] {processor.py:841} WARNING - No viable dags retrieved from /opt/airflow/dags/utils/__init__.py
[2025-10-28T22:29:30.275+0000] {processor.py:179} INFO - Processing /opt/airflow/dags/utils/__init__.py took 0.043 seconds
[2025-10-28T22:30:00.312+0000] {processor.py:157} INFO - Started process (PID=3559) to work on /opt/airflow/dags/utils/__init__.py
[2025-10-28T22:30:00.314+0000] {processor.py:829} INFO - Processing file /opt/airflow/dags/utils/__init__.py for tasks to queue
[2025-10-28T22:30:00.315+0000] {logging_mixin.py:154} INFO - [2025-10-28T22:30:00.315+0000] {dagbag.py:536} INFO - Filling up the DagBag from /opt/airflow/dags/utils/__init__.py
[2025-10-28T22:30:00.319+0000] {processor.py:841} WARNING - No viable dags retrieved from /opt/airflow/dags/utils/__init__.py
[2025-10-28T22:30:00.331+0000] {processor.py:179} INFO - Processing /opt/airflow/dags/utils/__init__.py took 0.023 seconds
[2025-10-28T22:30:30.722+0000] {processor.py:157} INFO - Started process (PID=3606) to work on /opt/airflow/dags/utils/__init__.py
[2025-10-28T22:30:30.724+0000] {processor.py:829} INFO - Processing file /opt/airflow/dags/utils/__init__.py for tasks to queue
[2025-10-28T22:30:30.726+0000] {logging_mixin.py:154} INFO - [2025-10-28T22:30:30.726+0000] {dagbag.py:536} INFO - Filling up the DagBag from /opt/airflow/dags/utils/__init__.py
[2025-10-28T22:30:30.732+0000] {processor.py:841} WARNING - No viable dags retrieved from /opt/airflow/dags/utils/__init__.py
[2025-10-28T22:30:30.766+0000] {processor.py:179} INFO - Processing /opt/airflow/dags/utils/__init__.py took 0.053 seconds
[2025-10-28T22:31:01.355+0000] {processor.py:157} INFO - Started process (PID=3656) to work on /opt/airflow/dags/utils/__init__.py
[2025-10-28T22:31:01.357+0000] {processor.py:829} INFO - Processing file /opt/airflow/dags/utils/__init__.py for tasks to queue
[2025-10-28T22:31:01.358+0000] {logging_mixin.py:154} INFO - [2025-10-28T22:31:01.357+0000] {dagbag.py:536} INFO - Filling up the DagBag from /opt/airflow/dags/utils/__init__.py
[2025-10-28T22:31:01.362+0000] {processor.py:841} WARNING - No viable dags retrieved from /opt/airflow/dags/utils/__init__.py
[2025-10-28T22:31:01.374+0000] {processor.py:179} INFO - Processing /opt/airflow/dags/utils/__init__.py took 0.023 seconds
[2025-10-28T22:31:31.599+0000] {processor.py:157} INFO - Started process (PID=3742) to work on /opt/airflow/dags/utils/__init__.py
[2025-10-28T22:31:31.603+0000] {processor.py:829} INFO - Processing file /opt/airflow/dags/utils/__init__.py for tasks to queue
[2025-10-28T22:31:31.609+0000] {logging_mixin.py:154} INFO - [2025-10-28T22:31:31.607+0000] {dagbag.py:536} INFO - Filling up the DagBag from /opt/airflow/dags/utils/__init__.py
[2025-10-28T22:31:31.619+0000] {processor.py:841} WARNING - No viable dags retrieved from /opt/airflow/dags/utils/__init__.py
[2025-10-28T22:31:31.659+0000] {processor.py:179} INFO - Processing /opt/airflow/dags/utils/__init__.py took 0.081 seconds
[2025-10-28T22:32:02.216+0000] {processor.py:157} INFO - Started process (PID=3792) to work on /opt/airflow/dags/utils/__init__.py
[2025-10-28T22:32:02.219+0000] {processor.py:829} INFO - Processing file /opt/airflow/dags/utils/__init__.py for tasks to queue
[2025-10-28T22:32:02.221+0000] {logging_mixin.py:154} INFO - [2025-10-28T22:32:02.220+0000] {dagbag.py:536} INFO - Filling up the DagBag from /opt/airflow/dags/utils/__init__.py
[2025-10-28T22:32:02.230+0000] {processor.py:841} WARNING - No viable dags retrieved from /opt/airflow/dags/utils/__init__.py
[2025-10-28T22:32:02.266+0000] {processor.py:179} INFO - Processing /opt/airflow/dags/utils/__init__.py took 0.058 seconds
[2025-10-28T22:32:32.468+0000] {processor.py:157} INFO - Started process (PID=3847) to work on /opt/airflow/dags/utils/__init__.py
[2025-10-28T22:32:32.474+0000] {processor.py:829} INFO - Processing file /opt/airflow/dags/utils/__init__.py for tasks to queue
[2025-10-28T22:32:32.477+0000] {logging_mixin.py:154} INFO - [2025-10-28T22:32:32.477+0000] {dagbag.py:536} INFO - Filling up the DagBag from /opt/airflow/dags/utils/__init__.py
[2025-10-28T22:32:32.484+0000] {processor.py:841} WARNING - No viable dags retrieved from /opt/airflow/dags/utils/__init__.py
[2025-10-28T22:32:32.513+0000] {processor.py:179} INFO - Processing /opt/airflow/dags/utils/__init__.py took 0.054 seconds
[2025-10-28T22:33:02.738+0000] {processor.py:157} INFO - Started process (PID=3894) to work on /opt/airflow/dags/utils/__init__.py
[2025-10-28T22:33:02.741+0000] {processor.py:829} INFO - Processing file /opt/airflow/dags/utils/__init__.py for tasks to queue
[2025-10-28T22:33:02.747+0000] {logging_mixin.py:154} INFO - [2025-10-28T22:33:02.741+0000] {dagbag.py:536} INFO - Filling up the DagBag from /opt/airflow/dags/utils/__init__.py
[2025-10-28T22:33:02.755+0000] {processor.py:841} WARNING - No viable dags retrieved from /opt/airflow/dags/utils/__init__.py
[2025-10-28T22:33:02.809+0000] {processor.py:179} INFO - Processing /opt/airflow/dags/utils/__init__.py took 0.081 seconds
[2025-10-28T22:33:33.425+0000] {processor.py:157} INFO - Started process (PID=3949) to work on /opt/airflow/dags/utils/__init__.py
[2025-10-28T22:33:33.429+0000] {processor.py:829} INFO - Processing file /opt/airflow/dags/utils/__init__.py for tasks to queue
[2025-10-28T22:33:33.431+0000] {logging_mixin.py:154} INFO - [2025-10-28T22:33:33.431+0000] {dagbag.py:536} INFO - Filling up the DagBag from /opt/airflow/dags/utils/__init__.py
[2025-10-28T22:33:33.445+0000] {processor.py:841} WARNING - No viable dags retrieved from /opt/airflow/dags/utils/__init__.py
[2025-10-28T22:33:33.471+0000] {processor.py:179} INFO - Processing /opt/airflow/dags/utils/__init__.py took 0.055 seconds
[2025-10-28T22:34:03.858+0000] {processor.py:157} INFO - Started process (PID=4005) to work on /opt/airflow/dags/utils/__init__.py
[2025-10-28T22:34:03.860+0000] {processor.py:829} INFO - Processing file /opt/airflow/dags/utils/__init__.py for tasks to queue
[2025-10-28T22:34:03.861+0000] {logging_mixin.py:154} INFO - [2025-10-28T22:34:03.861+0000] {dagbag.py:536} INFO - Filling up the DagBag from /opt/airflow/dags/utils/__init__.py
[2025-10-28T22:34:03.871+0000] {processor.py:841} WARNING - No viable dags retrieved from /opt/airflow/dags/utils/__init__.py
[2025-10-28T22:34:03.885+0000] {processor.py:179} INFO - Processing /opt/airflow/dags/utils/__init__.py took 0.030 seconds
[2025-10-28T22:34:34.131+0000] {processor.py:157} INFO - Started process (PID=4053) to work on /opt/airflow/dags/utils/__init__.py
[2025-10-28T22:34:34.132+0000] {processor.py:829} INFO - Processing file /opt/airflow/dags/utils/__init__.py for tasks to queue
[2025-10-28T22:34:34.133+0000] {logging_mixin.py:154} INFO - [2025-10-28T22:34:34.133+0000] {dagbag.py:536} INFO - Filling up the DagBag from /opt/airflow/dags/utils/__init__.py
[2025-10-28T22:34:34.141+0000] {processor.py:841} WARNING - No viable dags retrieved from /opt/airflow/dags/utils/__init__.py
[2025-10-28T22:34:34.168+0000] {processor.py:179} INFO - Processing /opt/airflow/dags/utils/__init__.py took 0.043 seconds
[2025-10-28T22:35:04.897+0000] {processor.py:157} INFO - Started process (PID=4107) to work on /opt/airflow/dags/utils/__init__.py
[2025-10-28T22:35:04.899+0000] {processor.py:829} INFO - Processing file /opt/airflow/dags/utils/__init__.py for tasks to queue
[2025-10-28T22:35:04.900+0000] {logging_mixin.py:154} INFO - [2025-10-28T22:35:04.900+0000] {dagbag.py:536} INFO - Filling up the DagBag from /opt/airflow/dags/utils/__init__.py
[2025-10-28T22:35:04.911+0000] {processor.py:841} WARNING - No viable dags retrieved from /opt/airflow/dags/utils/__init__.py
[2025-10-28T22:35:04.934+0000] {processor.py:179} INFO - Processing /opt/airflow/dags/utils/__init__.py took 0.048 seconds
[2025-10-28T22:35:30.694+0000] {processor.py:157} INFO - Started process (PID=179) to work on /opt/airflow/dags/utils/__init__.py
[2025-10-28T22:35:30.696+0000] {processor.py:829} INFO - Processing file /opt/airflow/dags/utils/__init__.py for tasks to queue
[2025-10-28T22:35:30.699+0000] {logging_mixin.py:154} INFO - [2025-10-28T22:35:30.698+0000] {dagbag.py:536} INFO - Filling up the DagBag from /opt/airflow/dags/utils/__init__.py
[2025-10-28T22:35:30.706+0000] {processor.py:841} WARNING - No viable dags retrieved from /opt/airflow/dags/utils/__init__.py
[2025-10-28T22:35:30.735+0000] {processor.py:179} INFO - Processing /opt/airflow/dags/utils/__init__.py took 0.046 seconds
[2025-10-28T22:36:01.377+0000] {processor.py:157} INFO - Started process (PID=306) to work on /opt/airflow/dags/utils/__init__.py
[2025-10-28T22:36:01.380+0000] {processor.py:829} INFO - Processing file /opt/airflow/dags/utils/__init__.py for tasks to queue
[2025-10-28T22:36:01.382+0000] {logging_mixin.py:154} INFO - [2025-10-28T22:36:01.381+0000] {dagbag.py:536} INFO - Filling up the DagBag from /opt/airflow/dags/utils/__init__.py
[2025-10-28T22:36:01.397+0000] {processor.py:841} WARNING - No viable dags retrieved from /opt/airflow/dags/utils/__init__.py
[2025-10-28T22:36:01.475+0000] {processor.py:179} INFO - Processing /opt/airflow/dags/utils/__init__.py took 0.111 seconds
[2025-10-28T22:36:32.013+0000] {processor.py:157} INFO - Started process (PID=437) to work on /opt/airflow/dags/utils/__init__.py
[2025-10-28T22:36:32.015+0000] {processor.py:829} INFO - Processing file /opt/airflow/dags/utils/__init__.py for tasks to queue
[2025-10-28T22:36:32.015+0000] {logging_mixin.py:154} INFO - [2025-10-28T22:36:32.015+0000] {dagbag.py:536} INFO - Filling up the DagBag from /opt/airflow/dags/utils/__init__.py
[2025-10-28T22:36:32.018+0000] {processor.py:841} WARNING - No viable dags retrieved from /opt/airflow/dags/utils/__init__.py
[2025-10-28T22:36:32.039+0000] {processor.py:179} INFO - Processing /opt/airflow/dags/utils/__init__.py took 0.029 seconds
[2025-10-28T22:37:02.755+0000] {processor.py:157} INFO - Started process (PID=485) to work on /opt/airflow/dags/utils/__init__.py
[2025-10-28T22:37:02.757+0000] {processor.py:829} INFO - Processing file /opt/airflow/dags/utils/__init__.py for tasks to queue
[2025-10-28T22:37:02.757+0000] {logging_mixin.py:154} INFO - [2025-10-28T22:37:02.757+0000] {dagbag.py:536} INFO - Filling up the DagBag from /opt/airflow/dags/utils/__init__.py
[2025-10-28T22:37:02.759+0000] {processor.py:841} WARNING - No viable dags retrieved from /opt/airflow/dags/utils/__init__.py
[2025-10-28T22:37:02.768+0000] {processor.py:179} INFO - Processing /opt/airflow/dags/utils/__init__.py took 0.016 seconds
[2025-10-28T22:37:33.072+0000] {processor.py:157} INFO - Started process (PID=540) to work on /opt/airflow/dags/utils/__init__.py
[2025-10-28T22:37:33.074+0000] {processor.py:829} INFO - Processing file /opt/airflow/dags/utils/__init__.py for tasks to queue
[2025-10-28T22:37:33.075+0000] {logging_mixin.py:154} INFO - [2025-10-28T22:37:33.075+0000] {dagbag.py:536} INFO - Filling up the DagBag from /opt/airflow/dags/utils/__init__.py
[2025-10-28T22:37:33.078+0000] {processor.py:841} WARNING - No viable dags retrieved from /opt/airflow/dags/utils/__init__.py
[2025-10-28T22:37:33.094+0000] {processor.py:179} INFO - Processing /opt/airflow/dags/utils/__init__.py took 0.027 seconds
[2025-10-28T22:38:03.268+0000] {processor.py:157} INFO - Started process (PID=595) to work on /opt/airflow/dags/utils/__init__.py
[2025-10-28T22:38:03.269+0000] {processor.py:829} INFO - Processing file /opt/airflow/dags/utils/__init__.py for tasks to queue
[2025-10-28T22:38:03.269+0000] {logging_mixin.py:154} INFO - [2025-10-28T22:38:03.269+0000] {dagbag.py:536} INFO - Filling up the DagBag from /opt/airflow/dags/utils/__init__.py
[2025-10-28T22:38:03.271+0000] {processor.py:841} WARNING - No viable dags retrieved from /opt/airflow/dags/utils/__init__.py
[2025-10-28T22:38:03.281+0000] {processor.py:179} INFO - Processing /opt/airflow/dags/utils/__init__.py took 0.015 seconds
[2025-10-28T22:38:33.614+0000] {processor.py:157} INFO - Started process (PID=643) to work on /opt/airflow/dags/utils/__init__.py
[2025-10-28T22:38:33.616+0000] {processor.py:829} INFO - Processing file /opt/airflow/dags/utils/__init__.py for tasks to queue
[2025-10-28T22:38:33.617+0000] {logging_mixin.py:154} INFO - [2025-10-28T22:38:33.616+0000] {dagbag.py:536} INFO - Filling up the DagBag from /opt/airflow/dags/utils/__init__.py
[2025-10-28T22:38:33.619+0000] {processor.py:841} WARNING - No viable dags retrieved from /opt/airflow/dags/utils/__init__.py
[2025-10-28T22:38:33.636+0000] {processor.py:179} INFO - Processing /opt/airflow/dags/utils/__init__.py took 0.033 seconds
[2025-10-28T22:39:04.367+0000] {processor.py:157} INFO - Started process (PID=698) to work on /opt/airflow/dags/utils/__init__.py
[2025-10-28T22:39:04.368+0000] {processor.py:829} INFO - Processing file /opt/airflow/dags/utils/__init__.py for tasks to queue
[2025-10-28T22:39:04.369+0000] {logging_mixin.py:154} INFO - [2025-10-28T22:39:04.369+0000] {dagbag.py:536} INFO - Filling up the DagBag from /opt/airflow/dags/utils/__init__.py
[2025-10-28T22:39:04.372+0000] {processor.py:841} WARNING - No viable dags retrieved from /opt/airflow/dags/utils/__init__.py
[2025-10-28T22:39:04.397+0000] {processor.py:179} INFO - Processing /opt/airflow/dags/utils/__init__.py took 0.034 seconds
[2025-10-28T22:39:34.706+0000] {processor.py:157} INFO - Started process (PID=746) to work on /opt/airflow/dags/utils/__init__.py
[2025-10-28T22:39:34.708+0000] {processor.py:829} INFO - Processing file /opt/airflow/dags/utils/__init__.py for tasks to queue
[2025-10-28T22:39:34.709+0000] {logging_mixin.py:154} INFO - [2025-10-28T22:39:34.709+0000] {dagbag.py:536} INFO - Filling up the DagBag from /opt/airflow/dags/utils/__init__.py
[2025-10-28T22:39:34.715+0000] {processor.py:841} WARNING - No viable dags retrieved from /opt/airflow/dags/utils/__init__.py
[2025-10-28T22:39:34.736+0000] {processor.py:179} INFO - Processing /opt/airflow/dags/utils/__init__.py took 0.039 seconds
[2025-10-28T22:40:05.397+0000] {processor.py:157} INFO - Started process (PID=801) to work on /opt/airflow/dags/utils/__init__.py
[2025-10-28T22:40:05.399+0000] {processor.py:829} INFO - Processing file /opt/airflow/dags/utils/__init__.py for tasks to queue
[2025-10-28T22:40:05.400+0000] {logging_mixin.py:154} INFO - [2025-10-28T22:40:05.399+0000] {dagbag.py:536} INFO - Filling up the DagBag from /opt/airflow/dags/utils/__init__.py
[2025-10-28T22:40:05.403+0000] {processor.py:841} WARNING - No viable dags retrieved from /opt/airflow/dags/utils/__init__.py
[2025-10-28T22:40:05.415+0000] {processor.py:179} INFO - Processing /opt/airflow/dags/utils/__init__.py took 0.021 seconds
[2025-10-28T22:40:36.141+0000] {processor.py:157} INFO - Started process (PID=856) to work on /opt/airflow/dags/utils/__init__.py
[2025-10-28T22:40:36.143+0000] {processor.py:829} INFO - Processing file /opt/airflow/dags/utils/__init__.py for tasks to queue
[2025-10-28T22:40:36.144+0000] {logging_mixin.py:154} INFO - [2025-10-28T22:40:36.144+0000] {dagbag.py:536} INFO - Filling up the DagBag from /opt/airflow/dags/utils/__init__.py
[2025-10-28T22:40:36.150+0000] {processor.py:841} WARNING - No viable dags retrieved from /opt/airflow/dags/utils/__init__.py
[2025-10-28T22:40:36.167+0000] {processor.py:179} INFO - Processing /opt/airflow/dags/utils/__init__.py took 0.035 seconds
[2025-10-28T22:41:06.996+0000] {processor.py:157} INFO - Started process (PID=911) to work on /opt/airflow/dags/utils/__init__.py
[2025-10-28T22:41:06.998+0000] {processor.py:829} INFO - Processing file /opt/airflow/dags/utils/__init__.py for tasks to queue
[2025-10-28T22:41:06.999+0000] {logging_mixin.py:154} INFO - [2025-10-28T22:41:06.998+0000] {dagbag.py:536} INFO - Filling up the DagBag from /opt/airflow/dags/utils/__init__.py
[2025-10-28T22:41:07.001+0000] {processor.py:841} WARNING - No viable dags retrieved from /opt/airflow/dags/utils/__init__.py
[2025-10-28T22:41:07.029+0000] {processor.py:179} INFO - Processing /opt/airflow/dags/utils/__init__.py took 0.040 seconds
[2025-10-28T22:41:37.780+0000] {processor.py:157} INFO - Started process (PID=1054) to work on /opt/airflow/dags/utils/__init__.py
[2025-10-28T22:41:37.781+0000] {processor.py:829} INFO - Processing file /opt/airflow/dags/utils/__init__.py for tasks to queue
[2025-10-28T22:41:37.782+0000] {logging_mixin.py:154} INFO - [2025-10-28T22:41:37.782+0000] {dagbag.py:536} INFO - Filling up the DagBag from /opt/airflow/dags/utils/__init__.py
[2025-10-28T22:41:37.784+0000] {processor.py:841} WARNING - No viable dags retrieved from /opt/airflow/dags/utils/__init__.py
[2025-10-28T22:41:37.795+0000] {processor.py:179} INFO - Processing /opt/airflow/dags/utils/__init__.py took 0.018 seconds
[2025-10-28T22:42:08.379+0000] {processor.py:157} INFO - Started process (PID=1122) to work on /opt/airflow/dags/utils/__init__.py
[2025-10-28T22:42:08.381+0000] {processor.py:829} INFO - Processing file /opt/airflow/dags/utils/__init__.py for tasks to queue
[2025-10-28T22:42:08.382+0000] {logging_mixin.py:154} INFO - [2025-10-28T22:42:08.381+0000] {dagbag.py:536} INFO - Filling up the DagBag from /opt/airflow/dags/utils/__init__.py
[2025-10-28T22:42:08.385+0000] {processor.py:841} WARNING - No viable dags retrieved from /opt/airflow/dags/utils/__init__.py
[2025-10-28T22:42:08.400+0000] {processor.py:179} INFO - Processing /opt/airflow/dags/utils/__init__.py took 0.025 seconds
[2025-10-28T22:42:39.031+0000] {processor.py:157} INFO - Started process (PID=1170) to work on /opt/airflow/dags/utils/__init__.py
[2025-10-28T22:42:39.034+0000] {processor.py:829} INFO - Processing file /opt/airflow/dags/utils/__init__.py for tasks to queue
[2025-10-28T22:42:39.035+0000] {logging_mixin.py:154} INFO - [2025-10-28T22:42:39.034+0000] {dagbag.py:536} INFO - Filling up the DagBag from /opt/airflow/dags/utils/__init__.py
[2025-10-28T22:42:39.038+0000] {processor.py:841} WARNING - No viable dags retrieved from /opt/airflow/dags/utils/__init__.py
[2025-10-28T22:42:39.068+0000] {processor.py:179} INFO - Processing /opt/airflow/dags/utils/__init__.py took 0.050 seconds
[2025-10-28T22:43:09.347+0000] {processor.py:157} INFO - Started process (PID=1225) to work on /opt/airflow/dags/utils/__init__.py
[2025-10-28T22:43:09.348+0000] {processor.py:829} INFO - Processing file /opt/airflow/dags/utils/__init__.py for tasks to queue
[2025-10-28T22:43:09.349+0000] {logging_mixin.py:154} INFO - [2025-10-28T22:43:09.349+0000] {dagbag.py:536} INFO - Filling up the DagBag from /opt/airflow/dags/utils/__init__.py
[2025-10-28T22:43:09.351+0000] {processor.py:841} WARNING - No viable dags retrieved from /opt/airflow/dags/utils/__init__.py
[2025-10-28T22:43:09.365+0000] {processor.py:179} INFO - Processing /opt/airflow/dags/utils/__init__.py took 0.022 seconds
[2025-10-28T22:43:39.911+0000] {processor.py:157} INFO - Started process (PID=1269) to work on /opt/airflow/dags/utils/__init__.py
[2025-10-28T22:43:39.913+0000] {processor.py:829} INFO - Processing file /opt/airflow/dags/utils/__init__.py for tasks to queue
[2025-10-28T22:43:39.916+0000] {logging_mixin.py:154} INFO - [2025-10-28T22:43:39.915+0000] {dagbag.py:536} INFO - Filling up the DagBag from /opt/airflow/dags/utils/__init__.py
[2025-10-28T22:43:39.928+0000] {processor.py:841} WARNING - No viable dags retrieved from /opt/airflow/dags/utils/__init__.py
[2025-10-28T22:43:39.952+0000] {processor.py:179} INFO - Processing /opt/airflow/dags/utils/__init__.py took 0.056 seconds
[2025-10-28T22:44:10.027+0000] {processor.py:157} INFO - Started process (PID=1314) to work on /opt/airflow/dags/utils/__init__.py
[2025-10-28T22:44:10.028+0000] {processor.py:829} INFO - Processing file /opt/airflow/dags/utils/__init__.py for tasks to queue
[2025-10-28T22:44:10.029+0000] {logging_mixin.py:154} INFO - [2025-10-28T22:44:10.029+0000] {dagbag.py:536} INFO - Filling up the DagBag from /opt/airflow/dags/utils/__init__.py
[2025-10-28T22:44:10.032+0000] {processor.py:841} WARNING - No viable dags retrieved from /opt/airflow/dags/utils/__init__.py
[2025-10-28T22:44:10.045+0000] {processor.py:179} INFO - Processing /opt/airflow/dags/utils/__init__.py took 0.023 seconds
[2025-10-28T22:44:40.749+0000] {processor.py:157} INFO - Started process (PID=1369) to work on /opt/airflow/dags/utils/__init__.py
[2025-10-28T22:44:40.755+0000] {processor.py:829} INFO - Processing file /opt/airflow/dags/utils/__init__.py for tasks to queue
[2025-10-28T22:44:40.757+0000] {logging_mixin.py:154} INFO - [2025-10-28T22:44:40.756+0000] {dagbag.py:536} INFO - Filling up the DagBag from /opt/airflow/dags/utils/__init__.py
[2025-10-28T22:44:40.772+0000] {processor.py:841} WARNING - No viable dags retrieved from /opt/airflow/dags/utils/__init__.py
[2025-10-28T22:44:40.853+0000] {processor.py:179} INFO - Processing /opt/airflow/dags/utils/__init__.py took 0.129 seconds
[2025-10-28T22:45:11.156+0000] {processor.py:157} INFO - Started process (PID=1417) to work on /opt/airflow/dags/utils/__init__.py
[2025-10-28T22:45:11.158+0000] {processor.py:829} INFO - Processing file /opt/airflow/dags/utils/__init__.py for tasks to queue
[2025-10-28T22:45:11.159+0000] {logging_mixin.py:154} INFO - [2025-10-28T22:45:11.158+0000] {dagbag.py:536} INFO - Filling up the DagBag from /opt/airflow/dags/utils/__init__.py
[2025-10-28T22:45:11.163+0000] {processor.py:841} WARNING - No viable dags retrieved from /opt/airflow/dags/utils/__init__.py
[2025-10-28T22:45:11.178+0000] {processor.py:179} INFO - Processing /opt/airflow/dags/utils/__init__.py took 0.029 seconds
[2025-10-28T22:45:41.947+0000] {processor.py:157} INFO - Started process (PID=1472) to work on /opt/airflow/dags/utils/__init__.py
[2025-10-28T22:45:41.949+0000] {processor.py:829} INFO - Processing file /opt/airflow/dags/utils/__init__.py for tasks to queue
[2025-10-28T22:45:41.950+0000] {logging_mixin.py:154} INFO - [2025-10-28T22:45:41.950+0000] {dagbag.py:536} INFO - Filling up the DagBag from /opt/airflow/dags/utils/__init__.py
[2025-10-28T22:45:41.954+0000] {processor.py:841} WARNING - No viable dags retrieved from /opt/airflow/dags/utils/__init__.py
[2025-10-28T22:45:41.967+0000] {processor.py:179} INFO - Processing /opt/airflow/dags/utils/__init__.py took 0.025 seconds
[2025-10-28T22:46:12.583+0000] {processor.py:157} INFO - Started process (PID=1527) to work on /opt/airflow/dags/utils/__init__.py
[2025-10-28T22:46:12.584+0000] {processor.py:829} INFO - Processing file /opt/airflow/dags/utils/__init__.py for tasks to queue
[2025-10-28T22:46:12.585+0000] {logging_mixin.py:154} INFO - [2025-10-28T22:46:12.585+0000] {dagbag.py:536} INFO - Filling up the DagBag from /opt/airflow/dags/utils/__init__.py
[2025-10-28T22:46:12.589+0000] {processor.py:841} WARNING - No viable dags retrieved from /opt/airflow/dags/utils/__init__.py
[2025-10-28T22:46:12.602+0000] {processor.py:179} INFO - Processing /opt/airflow/dags/utils/__init__.py took 0.025 seconds
[2025-10-28T22:46:42.750+0000] {processor.py:157} INFO - Started process (PID=1598) to work on /opt/airflow/dags/utils/__init__.py
[2025-10-28T22:46:42.753+0000] {processor.py:829} INFO - Processing file /opt/airflow/dags/utils/__init__.py for tasks to queue
[2025-10-28T22:46:42.755+0000] {logging_mixin.py:154} INFO - [2025-10-28T22:46:42.754+0000] {dagbag.py:536} INFO - Filling up the DagBag from /opt/airflow/dags/utils/__init__.py
[2025-10-28T22:46:42.759+0000] {processor.py:841} WARNING - No viable dags retrieved from /opt/airflow/dags/utils/__init__.py
[2025-10-28T22:46:42.775+0000] {processor.py:179} INFO - Processing /opt/airflow/dags/utils/__init__.py took 0.030 seconds
[2025-10-28T22:47:13.375+0000] {processor.py:157} INFO - Started process (PID=1653) to work on /opt/airflow/dags/utils/__init__.py
[2025-10-28T22:47:13.377+0000] {processor.py:829} INFO - Processing file /opt/airflow/dags/utils/__init__.py for tasks to queue
[2025-10-28T22:47:13.378+0000] {logging_mixin.py:154} INFO - [2025-10-28T22:47:13.378+0000] {dagbag.py:536} INFO - Filling up the DagBag from /opt/airflow/dags/utils/__init__.py
[2025-10-28T22:47:13.382+0000] {processor.py:841} WARNING - No viable dags retrieved from /opt/airflow/dags/utils/__init__.py
[2025-10-28T22:47:13.397+0000] {processor.py:179} INFO - Processing /opt/airflow/dags/utils/__init__.py took 0.028 seconds
[2025-10-28T22:47:43.975+0000] {processor.py:157} INFO - Started process (PID=1708) to work on /opt/airflow/dags/utils/__init__.py
[2025-10-28T22:47:43.977+0000] {processor.py:829} INFO - Processing file /opt/airflow/dags/utils/__init__.py for tasks to queue
[2025-10-28T22:47:43.978+0000] {logging_mixin.py:154} INFO - [2025-10-28T22:47:43.977+0000] {dagbag.py:536} INFO - Filling up the DagBag from /opt/airflow/dags/utils/__init__.py
[2025-10-28T22:47:43.981+0000] {processor.py:841} WARNING - No viable dags retrieved from /opt/airflow/dags/utils/__init__.py
[2025-10-28T22:47:43.994+0000] {processor.py:179} INFO - Processing /opt/airflow/dags/utils/__init__.py took 0.023 seconds
[2025-10-28T22:48:14.818+0000] {processor.py:157} INFO - Started process (PID=1763) to work on /opt/airflow/dags/utils/__init__.py
[2025-10-28T22:48:14.820+0000] {processor.py:829} INFO - Processing file /opt/airflow/dags/utils/__init__.py for tasks to queue
[2025-10-28T22:48:14.821+0000] {logging_mixin.py:154} INFO - [2025-10-28T22:48:14.820+0000] {dagbag.py:536} INFO - Filling up the DagBag from /opt/airflow/dags/utils/__init__.py
[2025-10-28T22:48:14.825+0000] {processor.py:841} WARNING - No viable dags retrieved from /opt/airflow/dags/utils/__init__.py
[2025-10-28T22:48:14.838+0000] {processor.py:179} INFO - Processing /opt/airflow/dags/utils/__init__.py took 0.024 seconds
[2025-10-28T22:48:45.072+0000] {processor.py:157} INFO - Started process (PID=1811) to work on /opt/airflow/dags/utils/__init__.py
[2025-10-28T22:48:45.074+0000] {processor.py:829} INFO - Processing file /opt/airflow/dags/utils/__init__.py for tasks to queue
[2025-10-28T22:48:45.075+0000] {logging_mixin.py:154} INFO - [2025-10-28T22:48:45.075+0000] {dagbag.py:536} INFO - Filling up the DagBag from /opt/airflow/dags/utils/__init__.py
[2025-10-28T22:48:45.079+0000] {processor.py:841} WARNING - No viable dags retrieved from /opt/airflow/dags/utils/__init__.py
[2025-10-28T22:48:45.096+0000] {processor.py:179} INFO - Processing /opt/airflow/dags/utils/__init__.py took 0.032 seconds
[2025-10-28T22:49:15.770+0000] {processor.py:157} INFO - Started process (PID=1866) to work on /opt/airflow/dags/utils/__init__.py
[2025-10-28T22:49:15.771+0000] {processor.py:829} INFO - Processing file /opt/airflow/dags/utils/__init__.py for tasks to queue
[2025-10-28T22:49:15.772+0000] {logging_mixin.py:154} INFO - [2025-10-28T22:49:15.772+0000] {dagbag.py:536} INFO - Filling up the DagBag from /opt/airflow/dags/utils/__init__.py
[2025-10-28T22:49:15.775+0000] {processor.py:841} WARNING - No viable dags retrieved from /opt/airflow/dags/utils/__init__.py
[2025-10-28T22:49:15.787+0000] {processor.py:179} INFO - Processing /opt/airflow/dags/utils/__init__.py took 0.024 seconds
[2025-10-28T22:49:46.540+0000] {processor.py:157} INFO - Started process (PID=1921) to work on /opt/airflow/dags/utils/__init__.py
[2025-10-28T22:49:46.543+0000] {processor.py:829} INFO - Processing file /opt/airflow/dags/utils/__init__.py for tasks to queue
[2025-10-28T22:49:46.548+0000] {logging_mixin.py:154} INFO - [2025-10-28T22:49:46.544+0000] {dagbag.py:536} INFO - Filling up the DagBag from /opt/airflow/dags/utils/__init__.py
[2025-10-28T22:49:46.556+0000] {processor.py:841} WARNING - No viable dags retrieved from /opt/airflow/dags/utils/__init__.py
[2025-10-28T22:49:46.609+0000] {processor.py:179} INFO - Processing /opt/airflow/dags/utils/__init__.py took 0.081 seconds
[2025-10-28T22:50:17.758+0000] {processor.py:157} INFO - Started process (PID=1969) to work on /opt/airflow/dags/utils/__init__.py
[2025-10-28T22:50:17.777+0000] {processor.py:829} INFO - Processing file /opt/airflow/dags/utils/__init__.py for tasks to queue
[2025-10-28T22:50:17.812+0000] {logging_mixin.py:154} INFO - [2025-10-28T22:50:17.810+0000] {dagbag.py:536} INFO - Filling up the DagBag from /opt/airflow/dags/utils/__init__.py
[2025-10-28T22:50:17.833+0000] {processor.py:841} WARNING - No viable dags retrieved from /opt/airflow/dags/utils/__init__.py
[2025-10-28T22:50:17.886+0000] {processor.py:179} INFO - Processing /opt/airflow/dags/utils/__init__.py took 0.345 seconds
[2025-10-28T22:50:48.608+0000] {processor.py:157} INFO - Started process (PID=2024) to work on /opt/airflow/dags/utils/__init__.py
[2025-10-28T22:50:48.610+0000] {processor.py:829} INFO - Processing file /opt/airflow/dags/utils/__init__.py for tasks to queue
[2025-10-28T22:50:48.610+0000] {logging_mixin.py:154} INFO - [2025-10-28T22:50:48.610+0000] {dagbag.py:536} INFO - Filling up the DagBag from /opt/airflow/dags/utils/__init__.py
[2025-10-28T22:50:48.613+0000] {processor.py:841} WARNING - No viable dags retrieved from /opt/airflow/dags/utils/__init__.py
[2025-10-28T22:50:48.624+0000] {processor.py:179} INFO - Processing /opt/airflow/dags/utils/__init__.py took 0.020 seconds
[2025-10-28T22:51:19.000+0000] {processor.py:157} INFO - Started process (PID=2072) to work on /opt/airflow/dags/utils/__init__.py
[2025-10-28T22:51:19.003+0000] {processor.py:829} INFO - Processing file /opt/airflow/dags/utils/__init__.py for tasks to queue
[2025-10-28T22:51:19.006+0000] {logging_mixin.py:154} INFO - [2025-10-28T22:51:19.004+0000] {dagbag.py:536} INFO - Filling up the DagBag from /opt/airflow/dags/utils/__init__.py
[2025-10-28T22:51:19.013+0000] {processor.py:841} WARNING - No viable dags retrieved from /opt/airflow/dags/utils/__init__.py
[2025-10-28T22:51:19.058+0000] {processor.py:179} INFO - Processing /opt/airflow/dags/utils/__init__.py took 0.066 seconds
[2025-10-28T22:51:49.581+0000] {processor.py:157} INFO - Started process (PID=2127) to work on /opt/airflow/dags/utils/__init__.py
[2025-10-28T22:51:49.583+0000] {processor.py:829} INFO - Processing file /opt/airflow/dags/utils/__init__.py for tasks to queue
[2025-10-28T22:51:49.585+0000] {logging_mixin.py:154} INFO - [2025-10-28T22:51:49.584+0000] {dagbag.py:536} INFO - Filling up the DagBag from /opt/airflow/dags/utils/__init__.py
[2025-10-28T22:51:49.590+0000] {processor.py:841} WARNING - No viable dags retrieved from /opt/airflow/dags/utils/__init__.py
[2025-10-28T22:51:49.619+0000] {processor.py:179} INFO - Processing /opt/airflow/dags/utils/__init__.py took 0.050 seconds
[2025-10-28T22:52:02.181+0000] {processor.py:157} INFO - Started process (PID=172) to work on /opt/airflow/dags/utils/__init__.py
[2025-10-28T22:52:02.182+0000] {processor.py:829} INFO - Processing file /opt/airflow/dags/utils/__init__.py for tasks to queue
[2025-10-28T22:52:02.183+0000] {logging_mixin.py:154} INFO - [2025-10-28T22:52:02.183+0000] {dagbag.py:536} INFO - Filling up the DagBag from /opt/airflow/dags/utils/__init__.py
[2025-10-28T22:52:02.191+0000] {processor.py:841} WARNING - No viable dags retrieved from /opt/airflow/dags/utils/__init__.py
[2025-10-28T22:52:02.207+0000] {processor.py:179} INFO - Processing /opt/airflow/dags/utils/__init__.py took 0.030 seconds
[2025-10-28T22:52:33.360+0000] {processor.py:157} INFO - Started process (PID=239) to work on /opt/airflow/dags/utils/__init__.py
[2025-10-28T22:52:33.371+0000] {processor.py:829} INFO - Processing file /opt/airflow/dags/utils/__init__.py for tasks to queue
[2025-10-28T22:52:33.377+0000] {logging_mixin.py:154} INFO - [2025-10-28T22:52:33.376+0000] {dagbag.py:536} INFO - Filling up the DagBag from /opt/airflow/dags/utils/__init__.py
[2025-10-28T22:52:33.424+0000] {processor.py:841} WARNING - No viable dags retrieved from /opt/airflow/dags/utils/__init__.py
[2025-10-28T22:52:33.546+0000] {processor.py:179} INFO - Processing /opt/airflow/dags/utils/__init__.py took 0.208 seconds
[2025-10-28T22:53:04.147+0000] {processor.py:157} INFO - Started process (PID=360) to work on /opt/airflow/dags/utils/__init__.py
[2025-10-28T22:53:04.151+0000] {processor.py:829} INFO - Processing file /opt/airflow/dags/utils/__init__.py for tasks to queue
[2025-10-28T22:53:04.154+0000] {logging_mixin.py:154} INFO - [2025-10-28T22:53:04.153+0000] {dagbag.py:536} INFO - Filling up the DagBag from /opt/airflow/dags/utils/__init__.py
[2025-10-28T22:53:04.166+0000] {processor.py:841} WARNING - No viable dags retrieved from /opt/airflow/dags/utils/__init__.py
[2025-10-28T22:53:04.216+0000] {processor.py:179} INFO - Processing /opt/airflow/dags/utils/__init__.py took 0.079 seconds
[2025-10-28T22:53:34.537+0000] {processor.py:157} INFO - Started process (PID=485) to work on /opt/airflow/dags/utils/__init__.py
[2025-10-28T22:53:34.539+0000] {processor.py:829} INFO - Processing file /opt/airflow/dags/utils/__init__.py for tasks to queue
[2025-10-28T22:53:34.544+0000] {logging_mixin.py:154} INFO - [2025-10-28T22:53:34.544+0000] {dagbag.py:536} INFO - Filling up the DagBag from /opt/airflow/dags/utils/__init__.py
[2025-10-28T22:53:34.555+0000] {processor.py:841} WARNING - No viable dags retrieved from /opt/airflow/dags/utils/__init__.py
[2025-10-28T22:53:34.580+0000] {processor.py:179} INFO - Processing /opt/airflow/dags/utils/__init__.py took 0.050 seconds
[2025-10-28T22:54:05.317+0000] {processor.py:157} INFO - Started process (PID=540) to work on /opt/airflow/dags/utils/__init__.py
[2025-10-28T22:54:05.319+0000] {processor.py:829} INFO - Processing file /opt/airflow/dags/utils/__init__.py for tasks to queue
[2025-10-28T22:54:05.319+0000] {logging_mixin.py:154} INFO - [2025-10-28T22:54:05.319+0000] {dagbag.py:536} INFO - Filling up the DagBag from /opt/airflow/dags/utils/__init__.py
[2025-10-28T22:54:05.326+0000] {processor.py:841} WARNING - No viable dags retrieved from /opt/airflow/dags/utils/__init__.py
[2025-10-28T22:54:05.343+0000] {processor.py:179} INFO - Processing /opt/airflow/dags/utils/__init__.py took 0.033 seconds
[2025-10-28T22:54:35.722+0000] {processor.py:157} INFO - Started process (PID=588) to work on /opt/airflow/dags/utils/__init__.py
[2025-10-28T22:54:35.723+0000] {processor.py:829} INFO - Processing file /opt/airflow/dags/utils/__init__.py for tasks to queue
[2025-10-28T22:54:35.725+0000] {logging_mixin.py:154} INFO - [2025-10-28T22:54:35.725+0000] {dagbag.py:536} INFO - Filling up the DagBag from /opt/airflow/dags/utils/__init__.py
[2025-10-28T22:54:35.741+0000] {processor.py:841} WARNING - No viable dags retrieved from /opt/airflow/dags/utils/__init__.py
[2025-10-28T22:54:35.771+0000] {processor.py:179} INFO - Processing /opt/airflow/dags/utils/__init__.py took 0.059 seconds
[2025-10-28T22:55:06.446+0000] {processor.py:157} INFO - Started process (PID=643) to work on /opt/airflow/dags/utils/__init__.py
[2025-10-28T22:55:06.447+0000] {processor.py:829} INFO - Processing file /opt/airflow/dags/utils/__init__.py for tasks to queue
[2025-10-28T22:55:06.450+0000] {logging_mixin.py:154} INFO - [2025-10-28T22:55:06.450+0000] {dagbag.py:536} INFO - Filling up the DagBag from /opt/airflow/dags/utils/__init__.py
[2025-10-28T22:55:06.458+0000] {processor.py:841} WARNING - No viable dags retrieved from /opt/airflow/dags/utils/__init__.py
[2025-10-28T22:55:06.478+0000] {processor.py:179} INFO - Processing /opt/airflow/dags/utils/__init__.py took 0.047 seconds
[2025-10-28T22:55:36.791+0000] {processor.py:157} INFO - Started process (PID=698) to work on /opt/airflow/dags/utils/__init__.py
[2025-10-28T22:55:36.792+0000] {processor.py:829} INFO - Processing file /opt/airflow/dags/utils/__init__.py for tasks to queue
[2025-10-28T22:55:36.794+0000] {logging_mixin.py:154} INFO - [2025-10-28T22:55:36.793+0000] {dagbag.py:536} INFO - Filling up the DagBag from /opt/airflow/dags/utils/__init__.py
[2025-10-28T22:55:36.800+0000] {processor.py:841} WARNING - No viable dags retrieved from /opt/airflow/dags/utils/__init__.py
[2025-10-28T22:55:36.859+0000] {processor.py:179} INFO - Processing /opt/airflow/dags/utils/__init__.py took 0.080 seconds
[2025-10-28T22:56:07.216+0000] {processor.py:157} INFO - Started process (PID=747) to work on /opt/airflow/dags/utils/__init__.py
[2025-10-28T22:56:07.217+0000] {processor.py:829} INFO - Processing file /opt/airflow/dags/utils/__init__.py for tasks to queue
[2025-10-28T22:56:07.218+0000] {logging_mixin.py:154} INFO - [2025-10-28T22:56:07.218+0000] {dagbag.py:536} INFO - Filling up the DagBag from /opt/airflow/dags/utils/__init__.py
[2025-10-28T22:56:07.220+0000] {processor.py:841} WARNING - No viable dags retrieved from /opt/airflow/dags/utils/__init__.py
[2025-10-28T22:56:07.234+0000] {processor.py:179} INFO - Processing /opt/airflow/dags/utils/__init__.py took 0.021 seconds
[2025-10-28T22:56:37.738+0000] {processor.py:157} INFO - Started process (PID=808) to work on /opt/airflow/dags/utils/__init__.py
[2025-10-28T22:56:37.740+0000] {processor.py:829} INFO - Processing file /opt/airflow/dags/utils/__init__.py for tasks to queue
[2025-10-28T22:56:37.743+0000] {logging_mixin.py:154} INFO - [2025-10-28T22:56:37.742+0000] {dagbag.py:536} INFO - Filling up the DagBag from /opt/airflow/dags/utils/__init__.py
[2025-10-28T22:56:37.754+0000] {processor.py:841} WARNING - No viable dags retrieved from /opt/airflow/dags/utils/__init__.py
[2025-10-28T22:56:37.782+0000] {processor.py:179} INFO - Processing /opt/airflow/dags/utils/__init__.py took 0.051 seconds
[2025-10-28T22:57:08.174+0000] {processor.py:157} INFO - Started process (PID=863) to work on /opt/airflow/dags/utils/__init__.py
[2025-10-28T22:57:08.177+0000] {processor.py:829} INFO - Processing file /opt/airflow/dags/utils/__init__.py for tasks to queue
[2025-10-28T22:57:08.179+0000] {logging_mixin.py:154} INFO - [2025-10-28T22:57:08.178+0000] {dagbag.py:536} INFO - Filling up the DagBag from /opt/airflow/dags/utils/__init__.py
[2025-10-28T22:57:08.186+0000] {processor.py:841} WARNING - No viable dags retrieved from /opt/airflow/dags/utils/__init__.py
[2025-10-28T22:57:08.217+0000] {processor.py:179} INFO - Processing /opt/airflow/dags/utils/__init__.py took 0.048 seconds
[2025-10-28T22:57:39.775+0000] {processor.py:157} INFO - Started process (PID=920) to work on /opt/airflow/dags/utils/__init__.py
[2025-10-28T22:57:39.780+0000] {processor.py:829} INFO - Processing file /opt/airflow/dags/utils/__init__.py for tasks to queue
[2025-10-28T22:57:39.782+0000] {logging_mixin.py:154} INFO - [2025-10-28T22:57:39.781+0000] {dagbag.py:536} INFO - Filling up the DagBag from /opt/airflow/dags/utils/__init__.py
[2025-10-28T22:57:39.786+0000] {processor.py:841} WARNING - No viable dags retrieved from /opt/airflow/dags/utils/__init__.py
[2025-10-28T22:57:39.800+0000] {processor.py:179} INFO - Processing /opt/airflow/dags/utils/__init__.py took 0.032 seconds
[2025-10-28T22:58:06.560+0000] {processor.py:157} INFO - Started process (PID=172) to work on /opt/airflow/dags/utils/__init__.py
[2025-10-28T22:58:06.565+0000] {processor.py:829} INFO - Processing file /opt/airflow/dags/utils/__init__.py for tasks to queue
[2025-10-28T22:58:06.568+0000] {logging_mixin.py:154} INFO - [2025-10-28T22:58:06.567+0000] {dagbag.py:536} INFO - Filling up the DagBag from /opt/airflow/dags/utils/__init__.py
[2025-10-28T22:58:06.571+0000] {processor.py:841} WARNING - No viable dags retrieved from /opt/airflow/dags/utils/__init__.py
[2025-10-28T22:58:06.589+0000] {processor.py:179} INFO - Processing /opt/airflow/dags/utils/__init__.py took 0.034 seconds
[2025-10-28T22:58:37.088+0000] {processor.py:157} INFO - Started process (PID=243) to work on /opt/airflow/dags/utils/__init__.py
[2025-10-28T22:58:37.091+0000] {processor.py:829} INFO - Processing file /opt/airflow/dags/utils/__init__.py for tasks to queue
[2025-10-28T22:58:37.092+0000] {logging_mixin.py:154} INFO - [2025-10-28T22:58:37.091+0000] {dagbag.py:536} INFO - Filling up the DagBag from /opt/airflow/dags/utils/__init__.py
[2025-10-28T22:58:37.103+0000] {processor.py:841} WARNING - No viable dags retrieved from /opt/airflow/dags/utils/__init__.py
[2025-10-28T22:58:37.121+0000] {processor.py:179} INFO - Processing /opt/airflow/dags/utils/__init__.py took 0.044 seconds
[2025-10-28T22:59:07.794+0000] {processor.py:157} INFO - Started process (PID=291) to work on /opt/airflow/dags/utils/__init__.py
[2025-10-28T22:59:07.798+0000] {processor.py:829} INFO - Processing file /opt/airflow/dags/utils/__init__.py for tasks to queue
[2025-10-28T22:59:07.799+0000] {logging_mixin.py:154} INFO - [2025-10-28T22:59:07.799+0000] {dagbag.py:536} INFO - Filling up the DagBag from /opt/airflow/dags/utils/__init__.py
[2025-10-28T22:59:07.814+0000] {processor.py:841} WARNING - No viable dags retrieved from /opt/airflow/dags/utils/__init__.py
[2025-10-28T22:59:07.851+0000] {processor.py:179} INFO - Processing /opt/airflow/dags/utils/__init__.py took 0.071 seconds
[2025-10-28T22:59:37.985+0000] {processor.py:157} INFO - Started process (PID=347) to work on /opt/airflow/dags/utils/__init__.py
[2025-10-28T22:59:37.987+0000] {processor.py:829} INFO - Processing file /opt/airflow/dags/utils/__init__.py for tasks to queue
[2025-10-28T22:59:37.988+0000] {logging_mixin.py:154} INFO - [2025-10-28T22:59:37.987+0000] {dagbag.py:536} INFO - Filling up the DagBag from /opt/airflow/dags/utils/__init__.py
[2025-10-28T22:59:37.996+0000] {processor.py:841} WARNING - No viable dags retrieved from /opt/airflow/dags/utils/__init__.py
[2025-10-28T22:59:38.020+0000] {processor.py:179} INFO - Processing /opt/airflow/dags/utils/__init__.py took 0.042 seconds
[2025-10-28T23:00:08.339+0000] {processor.py:157} INFO - Started process (PID=401) to work on /opt/airflow/dags/utils/__init__.py
[2025-10-28T23:00:08.341+0000] {processor.py:829} INFO - Processing file /opt/airflow/dags/utils/__init__.py for tasks to queue
[2025-10-28T23:00:08.342+0000] {logging_mixin.py:154} INFO - [2025-10-28T23:00:08.341+0000] {dagbag.py:536} INFO - Filling up the DagBag from /opt/airflow/dags/utils/__init__.py
[2025-10-28T23:00:08.357+0000] {processor.py:841} WARNING - No viable dags retrieved from /opt/airflow/dags/utils/__init__.py
[2025-10-28T23:00:08.387+0000] {processor.py:179} INFO - Processing /opt/airflow/dags/utils/__init__.py took 0.054 seconds
[2025-10-28T23:00:38.973+0000] {processor.py:157} INFO - Started process (PID=448) to work on /opt/airflow/dags/utils/__init__.py
[2025-10-28T23:00:38.975+0000] {processor.py:829} INFO - Processing file /opt/airflow/dags/utils/__init__.py for tasks to queue
[2025-10-28T23:00:38.976+0000] {logging_mixin.py:154} INFO - [2025-10-28T23:00:38.976+0000] {dagbag.py:536} INFO - Filling up the DagBag from /opt/airflow/dags/utils/__init__.py
[2025-10-28T23:00:38.984+0000] {processor.py:841} WARNING - No viable dags retrieved from /opt/airflow/dags/utils/__init__.py
[2025-10-28T23:00:39.019+0000] {processor.py:179} INFO - Processing /opt/airflow/dags/utils/__init__.py took 0.055 seconds
[2025-10-28T23:01:09.777+0000] {processor.py:157} INFO - Started process (PID=504) to work on /opt/airflow/dags/utils/__init__.py
[2025-10-28T23:01:09.780+0000] {processor.py:829} INFO - Processing file /opt/airflow/dags/utils/__init__.py for tasks to queue
[2025-10-28T23:01:09.782+0000] {logging_mixin.py:154} INFO - [2025-10-28T23:01:09.782+0000] {dagbag.py:536} INFO - Filling up the DagBag from /opt/airflow/dags/utils/__init__.py
[2025-10-28T23:01:09.793+0000] {processor.py:841} WARNING - No viable dags retrieved from /opt/airflow/dags/utils/__init__.py
[2025-10-28T23:01:09.816+0000] {processor.py:179} INFO - Processing /opt/airflow/dags/utils/__init__.py took 0.051 seconds
[2025-10-28T23:01:40.575+0000] {processor.py:157} INFO - Started process (PID=560) to work on /opt/airflow/dags/utils/__init__.py
[2025-10-28T23:01:40.577+0000] {processor.py:829} INFO - Processing file /opt/airflow/dags/utils/__init__.py for tasks to queue
[2025-10-28T23:01:40.582+0000] {logging_mixin.py:154} INFO - [2025-10-28T23:01:40.581+0000] {dagbag.py:536} INFO - Filling up the DagBag from /opt/airflow/dags/utils/__init__.py
[2025-10-28T23:01:40.597+0000] {processor.py:841} WARNING - No viable dags retrieved from /opt/airflow/dags/utils/__init__.py
[2025-10-28T23:01:40.644+0000] {processor.py:179} INFO - Processing /opt/airflow/dags/utils/__init__.py took 0.077 seconds
[2025-10-28T23:02:11.348+0000] {processor.py:157} INFO - Started process (PID=654) to work on /opt/airflow/dags/utils/__init__.py
[2025-10-28T23:02:11.355+0000] {processor.py:829} INFO - Processing file /opt/airflow/dags/utils/__init__.py for tasks to queue
[2025-10-28T23:02:11.356+0000] {logging_mixin.py:154} INFO - [2025-10-28T23:02:11.356+0000] {dagbag.py:536} INFO - Filling up the DagBag from /opt/airflow/dags/utils/__init__.py
[2025-10-28T23:02:11.362+0000] {processor.py:841} WARNING - No viable dags retrieved from /opt/airflow/dags/utils/__init__.py
[2025-10-28T23:02:11.421+0000] {processor.py:179} INFO - Processing /opt/airflow/dags/utils/__init__.py took 0.098 seconds
[2025-10-28T23:02:42.163+0000] {processor.py:157} INFO - Started process (PID=818) to work on /opt/airflow/dags/utils/__init__.py
[2025-10-28T23:02:42.185+0000] {processor.py:829} INFO - Processing file /opt/airflow/dags/utils/__init__.py for tasks to queue
[2025-10-28T23:02:42.197+0000] {logging_mixin.py:154} INFO - [2025-10-28T23:02:42.189+0000] {dagbag.py:536} INFO - Filling up the DagBag from /opt/airflow/dags/utils/__init__.py
[2025-10-28T23:02:42.241+0000] {processor.py:841} WARNING - No viable dags retrieved from /opt/airflow/dags/utils/__init__.py
[2025-10-28T23:02:42.415+0000] {processor.py:179} INFO - Processing /opt/airflow/dags/utils/__init__.py took 0.260 seconds
[2025-10-28T23:03:12.607+0000] {processor.py:157} INFO - Started process (PID=913) to work on /opt/airflow/dags/utils/__init__.py
[2025-10-28T23:03:12.608+0000] {processor.py:829} INFO - Processing file /opt/airflow/dags/utils/__init__.py for tasks to queue
[2025-10-28T23:03:12.610+0000] {logging_mixin.py:154} INFO - [2025-10-28T23:03:12.610+0000] {dagbag.py:536} INFO - Filling up the DagBag from /opt/airflow/dags/utils/__init__.py
[2025-10-28T23:03:12.616+0000] {processor.py:841} WARNING - No viable dags retrieved from /opt/airflow/dags/utils/__init__.py
[2025-10-28T23:03:12.637+0000] {processor.py:179} INFO - Processing /opt/airflow/dags/utils/__init__.py took 0.034 seconds
[2025-10-28T23:03:43.106+0000] {processor.py:157} INFO - Started process (PID=976) to work on /opt/airflow/dags/utils/__init__.py
[2025-10-28T23:03:43.108+0000] {processor.py:829} INFO - Processing file /opt/airflow/dags/utils/__init__.py for tasks to queue
[2025-10-28T23:03:43.109+0000] {logging_mixin.py:154} INFO - [2025-10-28T23:03:43.109+0000] {dagbag.py:536} INFO - Filling up the DagBag from /opt/airflow/dags/utils/__init__.py
[2025-10-28T23:03:43.120+0000] {processor.py:841} WARNING - No viable dags retrieved from /opt/airflow/dags/utils/__init__.py
[2025-10-28T23:03:43.144+0000] {processor.py:179} INFO - Processing /opt/airflow/dags/utils/__init__.py took 0.045 seconds
[2025-10-28T23:04:13.775+0000] {processor.py:157} INFO - Started process (PID=1030) to work on /opt/airflow/dags/utils/__init__.py
[2025-10-28T23:04:13.781+0000] {processor.py:829} INFO - Processing file /opt/airflow/dags/utils/__init__.py for tasks to queue
[2025-10-28T23:04:13.783+0000] {logging_mixin.py:154} INFO - [2025-10-28T23:04:13.783+0000] {dagbag.py:536} INFO - Filling up the DagBag from /opt/airflow/dags/utils/__init__.py
[2025-10-28T23:04:13.795+0000] {processor.py:841} WARNING - No viable dags retrieved from /opt/airflow/dags/utils/__init__.py
[2025-10-28T23:04:13.827+0000] {processor.py:179} INFO - Processing /opt/airflow/dags/utils/__init__.py took 0.066 seconds
[2025-10-28T23:04:44.032+0000] {processor.py:157} INFO - Started process (PID=1085) to work on /opt/airflow/dags/utils/__init__.py
[2025-10-28T23:04:44.034+0000] {processor.py:829} INFO - Processing file /opt/airflow/dags/utils/__init__.py for tasks to queue
[2025-10-28T23:04:44.035+0000] {logging_mixin.py:154} INFO - [2025-10-28T23:04:44.035+0000] {dagbag.py:536} INFO - Filling up the DagBag from /opt/airflow/dags/utils/__init__.py
[2025-10-28T23:04:44.045+0000] {processor.py:841} WARNING - No viable dags retrieved from /opt/airflow/dags/utils/__init__.py
[2025-10-28T23:04:44.063+0000] {processor.py:179} INFO - Processing /opt/airflow/dags/utils/__init__.py took 0.035 seconds
[2025-10-28T23:05:14.776+0000] {processor.py:157} INFO - Started process (PID=1133) to work on /opt/airflow/dags/utils/__init__.py
[2025-10-28T23:05:14.778+0000] {processor.py:829} INFO - Processing file /opt/airflow/dags/utils/__init__.py for tasks to queue
[2025-10-28T23:05:14.782+0000] {logging_mixin.py:154} INFO - [2025-10-28T23:05:14.781+0000] {dagbag.py:536} INFO - Filling up the DagBag from /opt/airflow/dags/utils/__init__.py
[2025-10-28T23:05:14.791+0000] {processor.py:841} WARNING - No viable dags retrieved from /opt/airflow/dags/utils/__init__.py
[2025-10-28T23:05:14.829+0000] {processor.py:179} INFO - Processing /opt/airflow/dags/utils/__init__.py took 0.069 seconds
[2025-10-28T23:05:45.700+0000] {processor.py:157} INFO - Started process (PID=1189) to work on /opt/airflow/dags/utils/__init__.py
[2025-10-28T23:05:45.701+0000] {processor.py:829} INFO - Processing file /opt/airflow/dags/utils/__init__.py for tasks to queue
[2025-10-28T23:05:45.704+0000] {logging_mixin.py:154} INFO - [2025-10-28T23:05:45.703+0000] {dagbag.py:536} INFO - Filling up the DagBag from /opt/airflow/dags/utils/__init__.py
[2025-10-28T23:05:45.713+0000] {processor.py:841} WARNING - No viable dags retrieved from /opt/airflow/dags/utils/__init__.py
[2025-10-28T23:05:45.743+0000] {processor.py:179} INFO - Processing /opt/airflow/dags/utils/__init__.py took 0.049 seconds
[2025-10-28T23:06:16.387+0000] {processor.py:157} INFO - Started process (PID=1244) to work on /opt/airflow/dags/utils/__init__.py
[2025-10-28T23:06:16.392+0000] {processor.py:829} INFO - Processing file /opt/airflow/dags/utils/__init__.py for tasks to queue
[2025-10-28T23:06:16.394+0000] {logging_mixin.py:154} INFO - [2025-10-28T23:06:16.393+0000] {dagbag.py:536} INFO - Filling up the DagBag from /opt/airflow/dags/utils/__init__.py
[2025-10-28T23:06:16.399+0000] {processor.py:841} WARNING - No viable dags retrieved from /opt/airflow/dags/utils/__init__.py
[2025-10-28T23:06:16.420+0000] {processor.py:179} INFO - Processing /opt/airflow/dags/utils/__init__.py took 0.041 seconds
[2025-10-28T23:06:46.557+0000] {processor.py:157} INFO - Started process (PID=1292) to work on /opt/airflow/dags/utils/__init__.py
[2025-10-28T23:06:46.558+0000] {processor.py:829} INFO - Processing file /opt/airflow/dags/utils/__init__.py for tasks to queue
[2025-10-28T23:06:46.559+0000] {logging_mixin.py:154} INFO - [2025-10-28T23:06:46.559+0000] {dagbag.py:536} INFO - Filling up the DagBag from /opt/airflow/dags/utils/__init__.py
[2025-10-28T23:06:46.572+0000] {processor.py:841} WARNING - No viable dags retrieved from /opt/airflow/dags/utils/__init__.py
[2025-10-28T23:06:46.591+0000] {processor.py:179} INFO - Processing /opt/airflow/dags/utils/__init__.py took 0.043 seconds
[2025-10-28T23:07:17.840+0000] {processor.py:157} INFO - Started process (PID=1347) to work on /opt/airflow/dags/utils/__init__.py
[2025-10-28T23:07:17.843+0000] {processor.py:829} INFO - Processing file /opt/airflow/dags/utils/__init__.py for tasks to queue
[2025-10-28T23:07:17.844+0000] {logging_mixin.py:154} INFO - [2025-10-28T23:07:17.844+0000] {dagbag.py:536} INFO - Filling up the DagBag from /opt/airflow/dags/utils/__init__.py
[2025-10-28T23:07:17.849+0000] {processor.py:841} WARNING - No viable dags retrieved from /opt/airflow/dags/utils/__init__.py
[2025-10-28T23:07:17.882+0000] {processor.py:179} INFO - Processing /opt/airflow/dags/utils/__init__.py took 0.051 seconds
[2025-10-28T23:07:47.988+0000] {processor.py:157} INFO - Started process (PID=1414) to work on /opt/airflow/dags/utils/__init__.py
[2025-10-28T23:07:47.991+0000] {processor.py:829} INFO - Processing file /opt/airflow/dags/utils/__init__.py for tasks to queue
[2025-10-28T23:07:47.991+0000] {logging_mixin.py:154} INFO - [2025-10-28T23:07:47.991+0000] {dagbag.py:536} INFO - Filling up the DagBag from /opt/airflow/dags/utils/__init__.py
[2025-10-28T23:07:47.994+0000] {processor.py:841} WARNING - No viable dags retrieved from /opt/airflow/dags/utils/__init__.py
[2025-10-28T23:07:48.004+0000] {processor.py:179} INFO - Processing /opt/airflow/dags/utils/__init__.py took 0.021 seconds
[2025-10-28T23:08:18.543+0000] {processor.py:157} INFO - Started process (PID=1483) to work on /opt/airflow/dags/utils/__init__.py
[2025-10-28T23:08:18.546+0000] {processor.py:829} INFO - Processing file /opt/airflow/dags/utils/__init__.py for tasks to queue
[2025-10-28T23:08:18.548+0000] {logging_mixin.py:154} INFO - [2025-10-28T23:08:18.548+0000] {dagbag.py:536} INFO - Filling up the DagBag from /opt/airflow/dags/utils/__init__.py
[2025-10-28T23:08:18.559+0000] {processor.py:841} WARNING - No viable dags retrieved from /opt/airflow/dags/utils/__init__.py
[2025-10-28T23:08:18.578+0000] {processor.py:179} INFO - Processing /opt/airflow/dags/utils/__init__.py took 0.041 seconds
[2025-10-28T23:08:49.080+0000] {processor.py:157} INFO - Started process (PID=1538) to work on /opt/airflow/dags/utils/__init__.py
[2025-10-28T23:08:49.081+0000] {processor.py:829} INFO - Processing file /opt/airflow/dags/utils/__init__.py for tasks to queue
[2025-10-28T23:08:49.083+0000] {logging_mixin.py:154} INFO - [2025-10-28T23:08:49.083+0000] {dagbag.py:536} INFO - Filling up the DagBag from /opt/airflow/dags/utils/__init__.py
[2025-10-28T23:08:49.087+0000] {processor.py:841} WARNING - No viable dags retrieved from /opt/airflow/dags/utils/__init__.py
[2025-10-28T23:08:49.098+0000] {processor.py:179} INFO - Processing /opt/airflow/dags/utils/__init__.py took 0.021 seconds
[2025-10-28T23:09:20.042+0000] {processor.py:157} INFO - Started process (PID=1593) to work on /opt/airflow/dags/utils/__init__.py
[2025-10-28T23:09:20.044+0000] {processor.py:829} INFO - Processing file /opt/airflow/dags/utils/__init__.py for tasks to queue
[2025-10-28T23:09:20.047+0000] {logging_mixin.py:154} INFO - [2025-10-28T23:09:20.047+0000] {dagbag.py:536} INFO - Filling up the DagBag from /opt/airflow/dags/utils/__init__.py
[2025-10-28T23:09:20.053+0000] {processor.py:841} WARNING - No viable dags retrieved from /opt/airflow/dags/utils/__init__.py
[2025-10-28T23:09:20.070+0000] {processor.py:179} INFO - Processing /opt/airflow/dags/utils/__init__.py took 0.031 seconds
[2025-10-28T23:09:50.567+0000] {processor.py:157} INFO - Started process (PID=1640) to work on /opt/airflow/dags/utils/__init__.py
[2025-10-28T23:09:50.570+0000] {processor.py:829} INFO - Processing file /opt/airflow/dags/utils/__init__.py for tasks to queue
[2025-10-28T23:09:50.572+0000] {logging_mixin.py:154} INFO - [2025-10-28T23:09:50.572+0000] {dagbag.py:536} INFO - Filling up the DagBag from /opt/airflow/dags/utils/__init__.py
[2025-10-28T23:09:50.582+0000] {processor.py:841} WARNING - No viable dags retrieved from /opt/airflow/dags/utils/__init__.py
[2025-10-28T23:09:50.624+0000] {processor.py:179} INFO - Processing /opt/airflow/dags/utils/__init__.py took 0.076 seconds
[2025-10-28T23:10:20.718+0000] {processor.py:157} INFO - Started process (PID=1695) to work on /opt/airflow/dags/utils/__init__.py
[2025-10-28T23:10:20.721+0000] {processor.py:829} INFO - Processing file /opt/airflow/dags/utils/__init__.py for tasks to queue
[2025-10-28T23:10:20.723+0000] {logging_mixin.py:154} INFO - [2025-10-28T23:10:20.723+0000] {dagbag.py:536} INFO - Filling up the DagBag from /opt/airflow/dags/utils/__init__.py
[2025-10-28T23:10:20.727+0000] {processor.py:841} WARNING - No viable dags retrieved from /opt/airflow/dags/utils/__init__.py
[2025-10-28T23:10:20.748+0000] {processor.py:179} INFO - Processing /opt/airflow/dags/utils/__init__.py took 0.035 seconds
[2025-10-28T23:10:51.227+0000] {processor.py:157} INFO - Started process (PID=1750) to work on /opt/airflow/dags/utils/__init__.py
[2025-10-28T23:10:51.230+0000] {processor.py:829} INFO - Processing file /opt/airflow/dags/utils/__init__.py for tasks to queue
[2025-10-28T23:10:51.231+0000] {logging_mixin.py:154} INFO - [2025-10-28T23:10:51.231+0000] {dagbag.py:536} INFO - Filling up the DagBag from /opt/airflow/dags/utils/__init__.py
[2025-10-28T23:10:51.243+0000] {processor.py:841} WARNING - No viable dags retrieved from /opt/airflow/dags/utils/__init__.py
[2025-10-28T23:10:51.279+0000] {processor.py:179} INFO - Processing /opt/airflow/dags/utils/__init__.py took 0.059 seconds
[2025-10-28T23:11:21.583+0000] {processor.py:157} INFO - Started process (PID=1799) to work on /opt/airflow/dags/utils/__init__.py
[2025-10-28T23:11:21.586+0000] {processor.py:829} INFO - Processing file /opt/airflow/dags/utils/__init__.py for tasks to queue
[2025-10-28T23:11:21.588+0000] {logging_mixin.py:154} INFO - [2025-10-28T23:11:21.587+0000] {dagbag.py:536} INFO - Filling up the DagBag from /opt/airflow/dags/utils/__init__.py
[2025-10-28T23:11:21.594+0000] {processor.py:841} WARNING - No viable dags retrieved from /opt/airflow/dags/utils/__init__.py
[2025-10-28T23:11:21.630+0000] {processor.py:179} INFO - Processing /opt/airflow/dags/utils/__init__.py took 0.055 seconds
[2025-10-28T23:11:52.304+0000] {processor.py:157} INFO - Started process (PID=1853) to work on /opt/airflow/dags/utils/__init__.py
[2025-10-28T23:11:52.307+0000] {processor.py:829} INFO - Processing file /opt/airflow/dags/utils/__init__.py for tasks to queue
[2025-10-28T23:11:52.307+0000] {logging_mixin.py:154} INFO - [2025-10-28T23:11:52.307+0000] {dagbag.py:536} INFO - Filling up the DagBag from /opt/airflow/dags/utils/__init__.py
[2025-10-28T23:11:52.312+0000] {processor.py:841} WARNING - No viable dags retrieved from /opt/airflow/dags/utils/__init__.py
[2025-10-28T23:11:52.346+0000] {processor.py:179} INFO - Processing /opt/airflow/dags/utils/__init__.py took 0.054 seconds
[2025-10-28T23:12:22.964+0000] {processor.py:157} INFO - Started process (PID=1901) to work on /opt/airflow/dags/utils/__init__.py
[2025-10-28T23:12:22.966+0000] {processor.py:829} INFO - Processing file /opt/airflow/dags/utils/__init__.py for tasks to queue
[2025-10-28T23:12:22.971+0000] {logging_mixin.py:154} INFO - [2025-10-28T23:12:22.971+0000] {dagbag.py:536} INFO - Filling up the DagBag from /opt/airflow/dags/utils/__init__.py
[2025-10-28T23:12:22.982+0000] {processor.py:841} WARNING - No viable dags retrieved from /opt/airflow/dags/utils/__init__.py
[2025-10-28T23:12:23.084+0000] {processor.py:179} INFO - Processing /opt/airflow/dags/utils/__init__.py took 0.132 seconds
[2025-10-28T23:12:53.358+0000] {processor.py:157} INFO - Started process (PID=1957) to work on /opt/airflow/dags/utils/__init__.py
[2025-10-28T23:12:53.360+0000] {processor.py:829} INFO - Processing file /opt/airflow/dags/utils/__init__.py for tasks to queue
[2025-10-28T23:12:53.362+0000] {logging_mixin.py:154} INFO - [2025-10-28T23:12:53.361+0000] {dagbag.py:536} INFO - Filling up the DagBag from /opt/airflow/dags/utils/__init__.py
[2025-10-28T23:12:53.366+0000] {processor.py:841} WARNING - No viable dags retrieved from /opt/airflow/dags/utils/__init__.py
[2025-10-28T23:12:53.387+0000] {processor.py:179} INFO - Processing /opt/airflow/dags/utils/__init__.py took 0.033 seconds
[2025-10-28T23:13:23.857+0000] {processor.py:157} INFO - Started process (PID=2010) to work on /opt/airflow/dags/utils/__init__.py
[2025-10-28T23:13:23.860+0000] {processor.py:829} INFO - Processing file /opt/airflow/dags/utils/__init__.py for tasks to queue
[2025-10-28T23:13:23.864+0000] {logging_mixin.py:154} INFO - [2025-10-28T23:13:23.863+0000] {dagbag.py:536} INFO - Filling up the DagBag from /opt/airflow/dags/utils/__init__.py
[2025-10-28T23:13:23.878+0000] {processor.py:841} WARNING - No viable dags retrieved from /opt/airflow/dags/utils/__init__.py
[2025-10-28T23:13:23.890+0000] {processor.py:179} INFO - Processing /opt/airflow/dags/utils/__init__.py took 0.038 seconds
[2025-10-28T23:13:54.130+0000] {processor.py:157} INFO - Started process (PID=2060) to work on /opt/airflow/dags/utils/__init__.py
[2025-10-28T23:13:54.132+0000] {processor.py:829} INFO - Processing file /opt/airflow/dags/utils/__init__.py for tasks to queue
[2025-10-28T23:13:54.134+0000] {logging_mixin.py:154} INFO - [2025-10-28T23:13:54.134+0000] {dagbag.py:536} INFO - Filling up the DagBag from /opt/airflow/dags/utils/__init__.py
[2025-10-28T23:13:54.145+0000] {processor.py:841} WARNING - No viable dags retrieved from /opt/airflow/dags/utils/__init__.py
[2025-10-28T23:13:54.169+0000] {processor.py:179} INFO - Processing /opt/airflow/dags/utils/__init__.py took 0.047 seconds
[2025-10-28T23:14:24.975+0000] {processor.py:157} INFO - Started process (PID=2115) to work on /opt/airflow/dags/utils/__init__.py
[2025-10-28T23:14:24.977+0000] {processor.py:829} INFO - Processing file /opt/airflow/dags/utils/__init__.py for tasks to queue
[2025-10-28T23:14:24.978+0000] {logging_mixin.py:154} INFO - [2025-10-28T23:14:24.978+0000] {dagbag.py:536} INFO - Filling up the DagBag from /opt/airflow/dags/utils/__init__.py
[2025-10-28T23:14:24.984+0000] {processor.py:841} WARNING - No viable dags retrieved from /opt/airflow/dags/utils/__init__.py
[2025-10-28T23:14:25.009+0000] {processor.py:179} INFO - Processing /opt/airflow/dags/utils/__init__.py took 0.038 seconds
[2025-10-28T23:14:55.951+0000] {processor.py:157} INFO - Started process (PID=2169) to work on /opt/airflow/dags/utils/__init__.py
[2025-10-28T23:14:55.968+0000] {processor.py:829} INFO - Processing file /opt/airflow/dags/utils/__init__.py for tasks to queue
[2025-10-28T23:14:55.978+0000] {logging_mixin.py:154} INFO - [2025-10-28T23:14:55.969+0000] {dagbag.py:536} INFO - Filling up the DagBag from /opt/airflow/dags/utils/__init__.py
[2025-10-28T23:14:55.994+0000] {processor.py:841} WARNING - No viable dags retrieved from /opt/airflow/dags/utils/__init__.py
[2025-10-28T23:14:56.043+0000] {processor.py:179} INFO - Processing /opt/airflow/dags/utils/__init__.py took 0.130 seconds
[2025-10-28T23:15:26.712+0000] {processor.py:157} INFO - Started process (PID=2217) to work on /opt/airflow/dags/utils/__init__.py
[2025-10-28T23:15:26.715+0000] {processor.py:829} INFO - Processing file /opt/airflow/dags/utils/__init__.py for tasks to queue
[2025-10-28T23:15:26.717+0000] {logging_mixin.py:154} INFO - [2025-10-28T23:15:26.717+0000] {dagbag.py:536} INFO - Filling up the DagBag from /opt/airflow/dags/utils/__init__.py
[2025-10-28T23:15:26.723+0000] {processor.py:841} WARNING - No viable dags retrieved from /opt/airflow/dags/utils/__init__.py
[2025-10-28T23:15:26.748+0000] {processor.py:179} INFO - Processing /opt/airflow/dags/utils/__init__.py took 0.046 seconds
[2025-10-28T23:16:04.007+0000] {processor.py:157} INFO - Started process (PID=171) to work on /opt/airflow/dags/utils/__init__.py
[2025-10-28T23:16:04.010+0000] {processor.py:829} INFO - Processing file /opt/airflow/dags/utils/__init__.py for tasks to queue
[2025-10-28T23:16:04.011+0000] {logging_mixin.py:154} INFO - [2025-10-28T23:16:04.011+0000] {dagbag.py:536} INFO - Filling up the DagBag from /opt/airflow/dags/utils/__init__.py
[2025-10-28T23:16:04.014+0000] {processor.py:841} WARNING - No viable dags retrieved from /opt/airflow/dags/utils/__init__.py
[2025-10-28T23:16:04.037+0000] {processor.py:179} INFO - Processing /opt/airflow/dags/utils/__init__.py took 0.044 seconds
[2025-10-28T23:16:34.430+0000] {processor.py:157} INFO - Started process (PID=311) to work on /opt/airflow/dags/utils/__init__.py
[2025-10-28T23:16:34.433+0000] {processor.py:829} INFO - Processing file /opt/airflow/dags/utils/__init__.py for tasks to queue
[2025-10-28T23:16:34.434+0000] {logging_mixin.py:154} INFO - [2025-10-28T23:16:34.434+0000] {dagbag.py:536} INFO - Filling up the DagBag from /opt/airflow/dags/utils/__init__.py
[2025-10-28T23:16:34.444+0000] {processor.py:841} WARNING - No viable dags retrieved from /opt/airflow/dags/utils/__init__.py
[2025-10-28T23:16:34.510+0000] {processor.py:179} INFO - Processing /opt/airflow/dags/utils/__init__.py took 0.094 seconds
[2025-10-28T23:17:04.820+0000] {processor.py:157} INFO - Started process (PID=401) to work on /opt/airflow/dags/utils/__init__.py
[2025-10-28T23:17:04.823+0000] {processor.py:829} INFO - Processing file /opt/airflow/dags/utils/__init__.py for tasks to queue
[2025-10-28T23:17:04.827+0000] {logging_mixin.py:154} INFO - [2025-10-28T23:17:04.826+0000] {dagbag.py:536} INFO - Filling up the DagBag from /opt/airflow/dags/utils/__init__.py
[2025-10-28T23:17:04.833+0000] {processor.py:841} WARNING - No viable dags retrieved from /opt/airflow/dags/utils/__init__.py
[2025-10-28T23:17:04.860+0000] {processor.py:179} INFO - Processing /opt/airflow/dags/utils/__init__.py took 0.048 seconds
[2025-10-28T23:17:35.616+0000] {processor.py:157} INFO - Started process (PID=463) to work on /opt/airflow/dags/utils/__init__.py
[2025-10-28T23:17:35.618+0000] {processor.py:829} INFO - Processing file /opt/airflow/dags/utils/__init__.py for tasks to queue
[2025-10-28T23:17:35.620+0000] {logging_mixin.py:154} INFO - [2025-10-28T23:17:35.619+0000] {dagbag.py:536} INFO - Filling up the DagBag from /opt/airflow/dags/utils/__init__.py
[2025-10-28T23:17:35.628+0000] {processor.py:841} WARNING - No viable dags retrieved from /opt/airflow/dags/utils/__init__.py
[2025-10-28T23:17:35.673+0000] {processor.py:179} INFO - Processing /opt/airflow/dags/utils/__init__.py took 0.073 seconds
[2025-10-28T23:18:06.297+0000] {processor.py:157} INFO - Started process (PID=512) to work on /opt/airflow/dags/utils/__init__.py
[2025-10-28T23:18:06.311+0000] {processor.py:829} INFO - Processing file /opt/airflow/dags/utils/__init__.py for tasks to queue
[2025-10-28T23:18:06.317+0000] {logging_mixin.py:154} INFO - [2025-10-28T23:18:06.312+0000] {dagbag.py:536} INFO - Filling up the DagBag from /opt/airflow/dags/utils/__init__.py
[2025-10-28T23:18:06.328+0000] {processor.py:841} WARNING - No viable dags retrieved from /opt/airflow/dags/utils/__init__.py
[2025-10-28T23:18:06.398+0000] {processor.py:179} INFO - Processing /opt/airflow/dags/utils/__init__.py took 0.118 seconds
[2025-10-28T23:18:36.478+0000] {processor.py:157} INFO - Started process (PID=566) to work on /opt/airflow/dags/utils/__init__.py
[2025-10-28T23:18:36.481+0000] {processor.py:829} INFO - Processing file /opt/airflow/dags/utils/__init__.py for tasks to queue
[2025-10-28T23:18:36.482+0000] {logging_mixin.py:154} INFO - [2025-10-28T23:18:36.482+0000] {dagbag.py:536} INFO - Filling up the DagBag from /opt/airflow/dags/utils/__init__.py
[2025-10-28T23:18:36.490+0000] {processor.py:841} WARNING - No viable dags retrieved from /opt/airflow/dags/utils/__init__.py
[2025-10-28T23:18:36.524+0000] {processor.py:179} INFO - Processing /opt/airflow/dags/utils/__init__.py took 0.057 seconds
[2025-10-28T23:19:06.874+0000] {processor.py:157} INFO - Started process (PID=621) to work on /opt/airflow/dags/utils/__init__.py
[2025-10-28T23:19:06.876+0000] {processor.py:829} INFO - Processing file /opt/airflow/dags/utils/__init__.py for tasks to queue
[2025-10-28T23:19:06.877+0000] {logging_mixin.py:154} INFO - [2025-10-28T23:19:06.877+0000] {dagbag.py:536} INFO - Filling up the DagBag from /opt/airflow/dags/utils/__init__.py
[2025-10-28T23:19:06.884+0000] {processor.py:841} WARNING - No viable dags retrieved from /opt/airflow/dags/utils/__init__.py
[2025-10-28T23:19:06.923+0000] {processor.py:179} INFO - Processing /opt/airflow/dags/utils/__init__.py took 0.059 seconds
[2025-10-28T23:19:37.023+0000] {processor.py:157} INFO - Started process (PID=668) to work on /opt/airflow/dags/utils/__init__.py
[2025-10-28T23:19:37.025+0000] {processor.py:829} INFO - Processing file /opt/airflow/dags/utils/__init__.py for tasks to queue
[2025-10-28T23:19:37.026+0000] {logging_mixin.py:154} INFO - [2025-10-28T23:19:37.026+0000] {dagbag.py:536} INFO - Filling up the DagBag from /opt/airflow/dags/utils/__init__.py
[2025-10-28T23:19:37.035+0000] {processor.py:841} WARNING - No viable dags retrieved from /opt/airflow/dags/utils/__init__.py
[2025-10-28T23:19:37.083+0000] {processor.py:179} INFO - Processing /opt/airflow/dags/utils/__init__.py took 0.076 seconds
[2025-10-28T23:20:07.227+0000] {processor.py:157} INFO - Started process (PID=725) to work on /opt/airflow/dags/utils/__init__.py
[2025-10-28T23:20:07.229+0000] {processor.py:829} INFO - Processing file /opt/airflow/dags/utils/__init__.py for tasks to queue
[2025-10-28T23:20:07.230+0000] {logging_mixin.py:154} INFO - [2025-10-28T23:20:07.230+0000] {dagbag.py:536} INFO - Filling up the DagBag from /opt/airflow/dags/utils/__init__.py
[2025-10-28T23:20:07.240+0000] {processor.py:841} WARNING - No viable dags retrieved from /opt/airflow/dags/utils/__init__.py
[2025-10-28T23:20:07.257+0000] {processor.py:179} INFO - Processing /opt/airflow/dags/utils/__init__.py took 0.036 seconds
[2025-10-28T23:20:37.598+0000] {processor.py:157} INFO - Started process (PID=773) to work on /opt/airflow/dags/utils/__init__.py
[2025-10-28T23:20:37.616+0000] {processor.py:829} INFO - Processing file /opt/airflow/dags/utils/__init__.py for tasks to queue
[2025-10-28T23:20:37.619+0000] {logging_mixin.py:154} INFO - [2025-10-28T23:20:37.619+0000] {dagbag.py:536} INFO - Filling up the DagBag from /opt/airflow/dags/utils/__init__.py
[2025-10-28T23:20:37.642+0000] {processor.py:841} WARNING - No viable dags retrieved from /opt/airflow/dags/utils/__init__.py
[2025-10-28T23:20:37.713+0000] {processor.py:179} INFO - Processing /opt/airflow/dags/utils/__init__.py took 0.130 seconds
[2025-10-28T23:21:04.501+0000] {processor.py:157} INFO - Started process (PID=171) to work on /opt/airflow/dags/utils/__init__.py
[2025-10-28T23:21:04.503+0000] {processor.py:829} INFO - Processing file /opt/airflow/dags/utils/__init__.py for tasks to queue
[2025-10-28T23:21:04.503+0000] {logging_mixin.py:154} INFO - [2025-10-28T23:21:04.503+0000] {dagbag.py:536} INFO - Filling up the DagBag from /opt/airflow/dags/utils/__init__.py
[2025-10-28T23:21:04.507+0000] {processor.py:841} WARNING - No viable dags retrieved from /opt/airflow/dags/utils/__init__.py
[2025-10-28T23:21:04.527+0000] {processor.py:179} INFO - Processing /opt/airflow/dags/utils/__init__.py took 0.029 seconds
[2025-10-28T23:21:35.537+0000] {processor.py:157} INFO - Started process (PID=219) to work on /opt/airflow/dags/utils/__init__.py
[2025-10-28T23:21:35.538+0000] {processor.py:829} INFO - Processing file /opt/airflow/dags/utils/__init__.py for tasks to queue
[2025-10-28T23:21:35.540+0000] {logging_mixin.py:154} INFO - [2025-10-28T23:21:35.539+0000] {dagbag.py:536} INFO - Filling up the DagBag from /opt/airflow/dags/utils/__init__.py
[2025-10-28T23:21:35.548+0000] {processor.py:841} WARNING - No viable dags retrieved from /opt/airflow/dags/utils/__init__.py
[2025-10-28T23:21:35.565+0000] {processor.py:179} INFO - Processing /opt/airflow/dags/utils/__init__.py took 0.035 seconds
[2025-10-28T23:22:06.305+0000] {processor.py:157} INFO - Started process (PID=268) to work on /opt/airflow/dags/utils/__init__.py
[2025-10-28T23:22:06.310+0000] {processor.py:829} INFO - Processing file /opt/airflow/dags/utils/__init__.py for tasks to queue
[2025-10-28T23:22:06.312+0000] {logging_mixin.py:154} INFO - [2025-10-28T23:22:06.311+0000] {dagbag.py:536} INFO - Filling up the DagBag from /opt/airflow/dags/utils/__init__.py
[2025-10-28T23:22:06.328+0000] {processor.py:841} WARNING - No viable dags retrieved from /opt/airflow/dags/utils/__init__.py
[2025-10-28T23:22:06.378+0000] {processor.py:179} INFO - Processing /opt/airflow/dags/utils/__init__.py took 0.088 seconds
[2025-10-28T23:22:36.792+0000] {processor.py:157} INFO - Started process (PID=322) to work on /opt/airflow/dags/utils/__init__.py
[2025-10-28T23:22:36.794+0000] {processor.py:829} INFO - Processing file /opt/airflow/dags/utils/__init__.py for tasks to queue
[2025-10-28T23:22:36.795+0000] {logging_mixin.py:154} INFO - [2025-10-28T23:22:36.795+0000] {dagbag.py:536} INFO - Filling up the DagBag from /opt/airflow/dags/utils/__init__.py
[2025-10-28T23:22:36.806+0000] {processor.py:841} WARNING - No viable dags retrieved from /opt/airflow/dags/utils/__init__.py
[2025-10-28T23:22:36.826+0000] {processor.py:179} INFO - Processing /opt/airflow/dags/utils/__init__.py took 0.041 seconds
[2025-10-28T23:23:07.060+0000] {processor.py:157} INFO - Started process (PID=371) to work on /opt/airflow/dags/utils/__init__.py
[2025-10-28T23:23:07.061+0000] {processor.py:829} INFO - Processing file /opt/airflow/dags/utils/__init__.py for tasks to queue
[2025-10-28T23:23:07.062+0000] {logging_mixin.py:154} INFO - [2025-10-28T23:23:07.062+0000] {dagbag.py:536} INFO - Filling up the DagBag from /opt/airflow/dags/utils/__init__.py
[2025-10-28T23:23:07.070+0000] {processor.py:841} WARNING - No viable dags retrieved from /opt/airflow/dags/utils/__init__.py
[2025-10-28T23:23:07.091+0000] {processor.py:179} INFO - Processing /opt/airflow/dags/utils/__init__.py took 0.037 seconds
[2025-10-28T23:23:37.982+0000] {processor.py:157} INFO - Started process (PID=473) to work on /opt/airflow/dags/utils/__init__.py
[2025-10-28T23:23:37.987+0000] {processor.py:829} INFO - Processing file /opt/airflow/dags/utils/__init__.py for tasks to queue
[2025-10-28T23:23:37.989+0000] {logging_mixin.py:154} INFO - [2025-10-28T23:23:37.988+0000] {dagbag.py:536} INFO - Filling up the DagBag from /opt/airflow/dags/utils/__init__.py
[2025-10-28T23:23:37.997+0000] {processor.py:841} WARNING - No viable dags retrieved from /opt/airflow/dags/utils/__init__.py
[2025-10-28T23:23:38.052+0000] {processor.py:179} INFO - Processing /opt/airflow/dags/utils/__init__.py took 0.096 seconds
[2025-10-28T23:24:08.623+0000] {processor.py:157} INFO - Started process (PID=576) to work on /opt/airflow/dags/utils/__init__.py
[2025-10-28T23:24:08.624+0000] {processor.py:829} INFO - Processing file /opt/airflow/dags/utils/__init__.py for tasks to queue
[2025-10-28T23:24:08.624+0000] {logging_mixin.py:154} INFO - [2025-10-28T23:24:08.624+0000] {dagbag.py:536} INFO - Filling up the DagBag from /opt/airflow/dags/utils/__init__.py
[2025-10-28T23:24:08.632+0000] {processor.py:841} WARNING - No viable dags retrieved from /opt/airflow/dags/utils/__init__.py
[2025-10-28T23:24:08.664+0000] {processor.py:179} INFO - Processing /opt/airflow/dags/utils/__init__.py took 0.046 seconds
[2025-10-28T23:24:38.910+0000] {processor.py:157} INFO - Started process (PID=625) to work on /opt/airflow/dags/utils/__init__.py
[2025-10-28T23:24:38.913+0000] {processor.py:829} INFO - Processing file /opt/airflow/dags/utils/__init__.py for tasks to queue
[2025-10-28T23:24:38.914+0000] {logging_mixin.py:154} INFO - [2025-10-28T23:24:38.914+0000] {dagbag.py:536} INFO - Filling up the DagBag from /opt/airflow/dags/utils/__init__.py
[2025-10-28T23:24:38.924+0000] {processor.py:841} WARNING - No viable dags retrieved from /opt/airflow/dags/utils/__init__.py
[2025-10-28T23:24:38.963+0000] {processor.py:179} INFO - Processing /opt/airflow/dags/utils/__init__.py took 0.068 seconds
[2025-10-28T23:25:09.040+0000] {processor.py:157} INFO - Started process (PID=680) to work on /opt/airflow/dags/utils/__init__.py
[2025-10-28T23:25:09.041+0000] {processor.py:829} INFO - Processing file /opt/airflow/dags/utils/__init__.py for tasks to queue
[2025-10-28T23:25:09.042+0000] {logging_mixin.py:154} INFO - [2025-10-28T23:25:09.042+0000] {dagbag.py:536} INFO - Filling up the DagBag from /opt/airflow/dags/utils/__init__.py
[2025-10-28T23:25:09.052+0000] {processor.py:841} WARNING - No viable dags retrieved from /opt/airflow/dags/utils/__init__.py
[2025-10-28T23:25:09.065+0000] {processor.py:179} INFO - Processing /opt/airflow/dags/utils/__init__.py took 0.028 seconds
[2025-10-28T23:25:39.392+0000] {processor.py:157} INFO - Started process (PID=728) to work on /opt/airflow/dags/utils/__init__.py
[2025-10-28T23:25:39.393+0000] {processor.py:829} INFO - Processing file /opt/airflow/dags/utils/__init__.py for tasks to queue
[2025-10-28T23:25:39.394+0000] {logging_mixin.py:154} INFO - [2025-10-28T23:25:39.394+0000] {dagbag.py:536} INFO - Filling up the DagBag from /opt/airflow/dags/utils/__init__.py
[2025-10-28T23:25:39.405+0000] {processor.py:841} WARNING - No viable dags retrieved from /opt/airflow/dags/utils/__init__.py
[2025-10-28T23:25:39.428+0000] {processor.py:179} INFO - Processing /opt/airflow/dags/utils/__init__.py took 0.047 seconds
[2025-10-28T23:26:09.525+0000] {processor.py:157} INFO - Started process (PID=781) to work on /opt/airflow/dags/utils/__init__.py
[2025-10-28T23:26:09.527+0000] {processor.py:829} INFO - Processing file /opt/airflow/dags/utils/__init__.py for tasks to queue
[2025-10-28T23:26:09.528+0000] {logging_mixin.py:154} INFO - [2025-10-28T23:26:09.527+0000] {dagbag.py:536} INFO - Filling up the DagBag from /opt/airflow/dags/utils/__init__.py
[2025-10-28T23:26:09.533+0000] {processor.py:841} WARNING - No viable dags retrieved from /opt/airflow/dags/utils/__init__.py
[2025-10-28T23:26:09.563+0000] {processor.py:179} INFO - Processing /opt/airflow/dags/utils/__init__.py took 0.046 seconds
[2025-10-28T23:26:39.985+0000] {processor.py:157} INFO - Started process (PID=836) to work on /opt/airflow/dags/utils/__init__.py
[2025-10-28T23:26:39.987+0000] {processor.py:829} INFO - Processing file /opt/airflow/dags/utils/__init__.py for tasks to queue
[2025-10-28T23:26:39.988+0000] {logging_mixin.py:154} INFO - [2025-10-28T23:26:39.987+0000] {dagbag.py:536} INFO - Filling up the DagBag from /opt/airflow/dags/utils/__init__.py
[2025-10-28T23:26:39.992+0000] {processor.py:841} WARNING - No viable dags retrieved from /opt/airflow/dags/utils/__init__.py
[2025-10-28T23:26:40.024+0000] {processor.py:179} INFO - Processing /opt/airflow/dags/utils/__init__.py took 0.044 seconds
[2025-10-28T23:27:10.539+0000] {processor.py:157} INFO - Started process (PID=884) to work on /opt/airflow/dags/utils/__init__.py
[2025-10-28T23:27:10.544+0000] {processor.py:829} INFO - Processing file /opt/airflow/dags/utils/__init__.py for tasks to queue
[2025-10-28T23:27:10.546+0000] {logging_mixin.py:154} INFO - [2025-10-28T23:27:10.546+0000] {dagbag.py:536} INFO - Filling up the DagBag from /opt/airflow/dags/utils/__init__.py
[2025-10-28T23:27:10.557+0000] {processor.py:841} WARNING - No viable dags retrieved from /opt/airflow/dags/utils/__init__.py
[2025-10-28T23:27:10.602+0000] {processor.py:179} INFO - Processing /opt/airflow/dags/utils/__init__.py took 0.072 seconds
[2025-10-28T23:27:40.967+0000] {processor.py:157} INFO - Started process (PID=940) to work on /opt/airflow/dags/utils/__init__.py
[2025-10-28T23:27:40.969+0000] {processor.py:829} INFO - Processing file /opt/airflow/dags/utils/__init__.py for tasks to queue
[2025-10-28T23:27:40.972+0000] {logging_mixin.py:154} INFO - [2025-10-28T23:27:40.971+0000] {dagbag.py:536} INFO - Filling up the DagBag from /opt/airflow/dags/utils/__init__.py
[2025-10-28T23:27:40.981+0000] {processor.py:841} WARNING - No viable dags retrieved from /opt/airflow/dags/utils/__init__.py
[2025-10-28T23:27:41.001+0000] {processor.py:179} INFO - Processing /opt/airflow/dags/utils/__init__.py took 0.038 seconds
[2025-10-28T23:28:11.413+0000] {processor.py:157} INFO - Started process (PID=980) to work on /opt/airflow/dags/utils/__init__.py
[2025-10-28T23:28:11.415+0000] {processor.py:829} INFO - Processing file /opt/airflow/dags/utils/__init__.py for tasks to queue
[2025-10-28T23:28:11.416+0000] {logging_mixin.py:154} INFO - [2025-10-28T23:28:11.416+0000] {dagbag.py:536} INFO - Filling up the DagBag from /opt/airflow/dags/utils/__init__.py
[2025-10-28T23:28:11.422+0000] {processor.py:841} WARNING - No viable dags retrieved from /opt/airflow/dags/utils/__init__.py
[2025-10-28T23:28:11.431+0000] {processor.py:179} INFO - Processing /opt/airflow/dags/utils/__init__.py took 0.022 seconds
[2025-10-28T23:28:42.208+0000] {processor.py:157} INFO - Started process (PID=1029) to work on /opt/airflow/dags/utils/__init__.py
[2025-10-28T23:28:42.208+0000] {processor.py:829} INFO - Processing file /opt/airflow/dags/utils/__init__.py for tasks to queue
[2025-10-28T23:28:42.210+0000] {logging_mixin.py:154} INFO - [2025-10-28T23:28:42.209+0000] {dagbag.py:536} INFO - Filling up the DagBag from /opt/airflow/dags/utils/__init__.py
[2025-10-28T23:28:42.213+0000] {processor.py:841} WARNING - No viable dags retrieved from /opt/airflow/dags/utils/__init__.py
[2025-10-28T23:28:42.238+0000] {processor.py:179} INFO - Processing /opt/airflow/dags/utils/__init__.py took 0.036 seconds
[2025-10-28T23:29:12.698+0000] {processor.py:157} INFO - Started process (PID=1095) to work on /opt/airflow/dags/utils/__init__.py
[2025-10-28T23:29:12.700+0000] {processor.py:829} INFO - Processing file /opt/airflow/dags/utils/__init__.py for tasks to queue
[2025-10-28T23:29:12.702+0000] {logging_mixin.py:154} INFO - [2025-10-28T23:29:12.702+0000] {dagbag.py:536} INFO - Filling up the DagBag from /opt/airflow/dags/utils/__init__.py
[2025-10-28T23:29:12.706+0000] {processor.py:841} WARNING - No viable dags retrieved from /opt/airflow/dags/utils/__init__.py
[2025-10-28T23:29:12.721+0000] {processor.py:179} INFO - Processing /opt/airflow/dags/utils/__init__.py took 0.029 seconds
[2025-10-28T23:29:48.053+0000] {processor.py:157} INFO - Started process (PID=172) to work on /opt/airflow/dags/utils/__init__.py
[2025-10-28T23:29:48.054+0000] {processor.py:829} INFO - Processing file /opt/airflow/dags/utils/__init__.py for tasks to queue
[2025-10-28T23:29:48.055+0000] {logging_mixin.py:154} INFO - [2025-10-28T23:29:48.055+0000] {dagbag.py:536} INFO - Filling up the DagBag from /opt/airflow/dags/utils/__init__.py
[2025-10-28T23:29:48.057+0000] {processor.py:841} WARNING - No viable dags retrieved from /opt/airflow/dags/utils/__init__.py
[2025-10-28T23:29:48.067+0000] {processor.py:179} INFO - Processing /opt/airflow/dags/utils/__init__.py took 0.022 seconds
[2025-10-28T23:30:18.143+0000] {processor.py:157} INFO - Started process (PID=222) to work on /opt/airflow/dags/utils/__init__.py
[2025-10-28T23:30:18.144+0000] {processor.py:829} INFO - Processing file /opt/airflow/dags/utils/__init__.py for tasks to queue
[2025-10-28T23:30:18.145+0000] {logging_mixin.py:154} INFO - [2025-10-28T23:30:18.144+0000] {dagbag.py:536} INFO - Filling up the DagBag from /opt/airflow/dags/utils/__init__.py
[2025-10-28T23:30:18.155+0000] {processor.py:841} WARNING - No viable dags retrieved from /opt/airflow/dags/utils/__init__.py
[2025-10-28T23:30:18.191+0000] {processor.py:179} INFO - Processing /opt/airflow/dags/utils/__init__.py took 0.052 seconds
[2025-10-28T23:30:49.132+0000] {processor.py:157} INFO - Started process (PID=269) to work on /opt/airflow/dags/utils/__init__.py
[2025-10-28T23:30:49.134+0000] {processor.py:829} INFO - Processing file /opt/airflow/dags/utils/__init__.py for tasks to queue
[2025-10-28T23:30:49.137+0000] {logging_mixin.py:154} INFO - [2025-10-28T23:30:49.136+0000] {dagbag.py:536} INFO - Filling up the DagBag from /opt/airflow/dags/utils/__init__.py
[2025-10-28T23:30:49.158+0000] {processor.py:841} WARNING - No viable dags retrieved from /opt/airflow/dags/utils/__init__.py
[2025-10-28T23:30:49.197+0000] {processor.py:179} INFO - Processing /opt/airflow/dags/utils/__init__.py took 0.077 seconds
[2025-10-28T23:31:19.964+0000] {processor.py:157} INFO - Started process (PID=324) to work on /opt/airflow/dags/utils/__init__.py
[2025-10-28T23:31:19.966+0000] {processor.py:829} INFO - Processing file /opt/airflow/dags/utils/__init__.py for tasks to queue
[2025-10-28T23:31:19.967+0000] {logging_mixin.py:154} INFO - [2025-10-28T23:31:19.967+0000] {dagbag.py:536} INFO - Filling up the DagBag from /opt/airflow/dags/utils/__init__.py
[2025-10-28T23:31:19.982+0000] {processor.py:841} WARNING - No viable dags retrieved from /opt/airflow/dags/utils/__init__.py
[2025-10-28T23:31:20.005+0000] {processor.py:179} INFO - Processing /opt/airflow/dags/utils/__init__.py took 0.049 seconds
[2025-10-28T23:31:50.161+0000] {processor.py:157} INFO - Started process (PID=425) to work on /opt/airflow/dags/utils/__init__.py
[2025-10-28T23:31:50.166+0000] {processor.py:829} INFO - Processing file /opt/airflow/dags/utils/__init__.py for tasks to queue
[2025-10-28T23:31:50.172+0000] {logging_mixin.py:154} INFO - [2025-10-28T23:31:50.169+0000] {dagbag.py:536} INFO - Filling up the DagBag from /opt/airflow/dags/utils/__init__.py
[2025-10-28T23:31:50.186+0000] {processor.py:841} WARNING - No viable dags retrieved from /opt/airflow/dags/utils/__init__.py
[2025-10-28T23:31:50.241+0000] {processor.py:179} INFO - Processing /opt/airflow/dags/utils/__init__.py took 0.109 seconds
[2025-10-28T23:32:20.418+0000] {processor.py:157} INFO - Started process (PID=522) to work on /opt/airflow/dags/utils/__init__.py
[2025-10-28T23:32:20.419+0000] {processor.py:829} INFO - Processing file /opt/airflow/dags/utils/__init__.py for tasks to queue
[2025-10-28T23:32:20.421+0000] {logging_mixin.py:154} INFO - [2025-10-28T23:32:20.420+0000] {dagbag.py:536} INFO - Filling up the DagBag from /opt/airflow/dags/utils/__init__.py
[2025-10-28T23:32:20.427+0000] {processor.py:841} WARNING - No viable dags retrieved from /opt/airflow/dags/utils/__init__.py
[2025-10-28T23:32:20.458+0000] {processor.py:179} INFO - Processing /opt/airflow/dags/utils/__init__.py took 0.047 seconds
[2025-10-28T23:32:50.654+0000] {processor.py:157} INFO - Started process (PID=569) to work on /opt/airflow/dags/utils/__init__.py
[2025-10-28T23:32:50.655+0000] {processor.py:829} INFO - Processing file /opt/airflow/dags/utils/__init__.py for tasks to queue
[2025-10-28T23:32:50.657+0000] {logging_mixin.py:154} INFO - [2025-10-28T23:32:50.657+0000] {dagbag.py:536} INFO - Filling up the DagBag from /opt/airflow/dags/utils/__init__.py
[2025-10-28T23:32:50.670+0000] {processor.py:841} WARNING - No viable dags retrieved from /opt/airflow/dags/utils/__init__.py
[2025-10-28T23:32:50.692+0000] {processor.py:179} INFO - Processing /opt/airflow/dags/utils/__init__.py took 0.045 seconds
[2025-10-28T23:33:21.387+0000] {processor.py:157} INFO - Started process (PID=624) to work on /opt/airflow/dags/utils/__init__.py
[2025-10-28T23:33:21.387+0000] {processor.py:829} INFO - Processing file /opt/airflow/dags/utils/__init__.py for tasks to queue
[2025-10-28T23:33:21.389+0000] {logging_mixin.py:154} INFO - [2025-10-28T23:33:21.389+0000] {dagbag.py:536} INFO - Filling up the DagBag from /opt/airflow/dags/utils/__init__.py
[2025-10-28T23:33:21.401+0000] {processor.py:841} WARNING - No viable dags retrieved from /opt/airflow/dags/utils/__init__.py
[2025-10-28T23:33:21.420+0000] {processor.py:179} INFO - Processing /opt/airflow/dags/utils/__init__.py took 0.038 seconds
[2025-10-28T23:33:52.066+0000] {processor.py:157} INFO - Started process (PID=679) to work on /opt/airflow/dags/utils/__init__.py
[2025-10-28T23:33:52.068+0000] {processor.py:829} INFO - Processing file /opt/airflow/dags/utils/__init__.py for tasks to queue
[2025-10-28T23:33:52.069+0000] {logging_mixin.py:154} INFO - [2025-10-28T23:33:52.069+0000] {dagbag.py:536} INFO - Filling up the DagBag from /opt/airflow/dags/utils/__init__.py
[2025-10-28T23:33:52.075+0000] {processor.py:841} WARNING - No viable dags retrieved from /opt/airflow/dags/utils/__init__.py
[2025-10-28T23:33:52.127+0000] {processor.py:179} INFO - Processing /opt/airflow/dags/utils/__init__.py took 0.069 seconds
[2025-10-28T23:34:22.329+0000] {processor.py:157} INFO - Started process (PID=727) to work on /opt/airflow/dags/utils/__init__.py
[2025-10-28T23:34:22.331+0000] {processor.py:829} INFO - Processing file /opt/airflow/dags/utils/__init__.py for tasks to queue
[2025-10-28T23:34:22.333+0000] {logging_mixin.py:154} INFO - [2025-10-28T23:34:22.332+0000] {dagbag.py:536} INFO - Filling up the DagBag from /opt/airflow/dags/utils/__init__.py
[2025-10-28T23:34:22.342+0000] {processor.py:841} WARNING - No viable dags retrieved from /opt/airflow/dags/utils/__init__.py
[2025-10-28T23:34:22.375+0000] {processor.py:179} INFO - Processing /opt/airflow/dags/utils/__init__.py took 0.059 seconds
[2025-10-28T23:34:53.013+0000] {processor.py:157} INFO - Started process (PID=783) to work on /opt/airflow/dags/utils/__init__.py
[2025-10-28T23:34:53.015+0000] {processor.py:829} INFO - Processing file /opt/airflow/dags/utils/__init__.py for tasks to queue
[2025-10-28T23:34:53.016+0000] {logging_mixin.py:154} INFO - [2025-10-28T23:34:53.016+0000] {dagbag.py:536} INFO - Filling up the DagBag from /opt/airflow/dags/utils/__init__.py
[2025-10-28T23:34:53.023+0000] {processor.py:841} WARNING - No viable dags retrieved from /opt/airflow/dags/utils/__init__.py
[2025-10-28T23:34:53.045+0000] {processor.py:179} INFO - Processing /opt/airflow/dags/utils/__init__.py took 0.037 seconds
[2025-10-28T23:35:23.518+0000] {processor.py:157} INFO - Started process (PID=830) to work on /opt/airflow/dags/utils/__init__.py
[2025-10-28T23:35:23.520+0000] {processor.py:829} INFO - Processing file /opt/airflow/dags/utils/__init__.py for tasks to queue
[2025-10-28T23:35:23.522+0000] {logging_mixin.py:154} INFO - [2025-10-28T23:35:23.522+0000] {dagbag.py:536} INFO - Filling up the DagBag from /opt/airflow/dags/utils/__init__.py
[2025-10-28T23:35:23.529+0000] {processor.py:841} WARNING - No viable dags retrieved from /opt/airflow/dags/utils/__init__.py
[2025-10-28T23:35:23.563+0000] {processor.py:179} INFO - Processing /opt/airflow/dags/utils/__init__.py took 0.051 seconds
[2025-10-28T23:35:54.228+0000] {processor.py:157} INFO - Started process (PID=886) to work on /opt/airflow/dags/utils/__init__.py
[2025-10-28T23:35:54.233+0000] {processor.py:829} INFO - Processing file /opt/airflow/dags/utils/__init__.py for tasks to queue
[2025-10-28T23:35:54.234+0000] {logging_mixin.py:154} INFO - [2025-10-28T23:35:54.234+0000] {dagbag.py:536} INFO - Filling up the DagBag from /opt/airflow/dags/utils/__init__.py
[2025-10-28T23:35:54.239+0000] {processor.py:841} WARNING - No viable dags retrieved from /opt/airflow/dags/utils/__init__.py
[2025-10-28T23:35:54.270+0000] {processor.py:179} INFO - Processing /opt/airflow/dags/utils/__init__.py took 0.047 seconds
[2025-10-28T23:36:24.499+0000] {processor.py:157} INFO - Started process (PID=939) to work on /opt/airflow/dags/utils/__init__.py
[2025-10-28T23:36:24.501+0000] {processor.py:829} INFO - Processing file /opt/airflow/dags/utils/__init__.py for tasks to queue
[2025-10-28T23:36:24.504+0000] {logging_mixin.py:154} INFO - [2025-10-28T23:36:24.503+0000] {dagbag.py:536} INFO - Filling up the DagBag from /opt/airflow/dags/utils/__init__.py
[2025-10-28T23:36:24.511+0000] {processor.py:841} WARNING - No viable dags retrieved from /opt/airflow/dags/utils/__init__.py
[2025-10-28T23:36:24.536+0000] {processor.py:179} INFO - Processing /opt/airflow/dags/utils/__init__.py took 0.050 seconds
[2025-10-28T23:36:54.598+0000] {processor.py:157} INFO - Started process (PID=987) to work on /opt/airflow/dags/utils/__init__.py
[2025-10-28T23:36:54.600+0000] {processor.py:829} INFO - Processing file /opt/airflow/dags/utils/__init__.py for tasks to queue
[2025-10-28T23:36:54.602+0000] {logging_mixin.py:154} INFO - [2025-10-28T23:36:54.601+0000] {dagbag.py:536} INFO - Filling up the DagBag from /opt/airflow/dags/utils/__init__.py
[2025-10-28T23:36:54.607+0000] {processor.py:841} WARNING - No viable dags retrieved from /opt/airflow/dags/utils/__init__.py
[2025-10-28T23:36:54.628+0000] {processor.py:179} INFO - Processing /opt/airflow/dags/utils/__init__.py took 0.037 seconds
[2025-10-28T23:37:25.304+0000] {processor.py:157} INFO - Started process (PID=1048) to work on /opt/airflow/dags/utils/__init__.py
[2025-10-28T23:37:25.307+0000] {processor.py:829} INFO - Processing file /opt/airflow/dags/utils/__init__.py for tasks to queue
[2025-10-28T23:37:25.308+0000] {logging_mixin.py:154} INFO - [2025-10-28T23:37:25.308+0000] {dagbag.py:536} INFO - Filling up the DagBag from /opt/airflow/dags/utils/__init__.py
[2025-10-28T23:37:25.311+0000] {processor.py:841} WARNING - No viable dags retrieved from /opt/airflow/dags/utils/__init__.py
[2025-10-28T23:37:25.326+0000] {processor.py:179} INFO - Processing /opt/airflow/dags/utils/__init__.py took 0.030 seconds
[2025-10-28T23:37:56.174+0000] {processor.py:157} INFO - Started process (PID=1096) to work on /opt/airflow/dags/utils/__init__.py
[2025-10-28T23:37:56.176+0000] {processor.py:829} INFO - Processing file /opt/airflow/dags/utils/__init__.py for tasks to queue
[2025-10-28T23:37:56.177+0000] {logging_mixin.py:154} INFO - [2025-10-28T23:37:56.177+0000] {dagbag.py:536} INFO - Filling up the DagBag from /opt/airflow/dags/utils/__init__.py
[2025-10-28T23:37:56.181+0000] {processor.py:841} WARNING - No viable dags retrieved from /opt/airflow/dags/utils/__init__.py
[2025-10-28T23:37:56.198+0000] {processor.py:179} INFO - Processing /opt/airflow/dags/utils/__init__.py took 0.027 seconds
[2025-10-28T23:38:26.713+0000] {processor.py:157} INFO - Started process (PID=1144) to work on /opt/airflow/dags/utils/__init__.py
[2025-10-28T23:38:26.716+0000] {processor.py:829} INFO - Processing file /opt/airflow/dags/utils/__init__.py for tasks to queue
[2025-10-28T23:38:26.720+0000] {logging_mixin.py:154} INFO - [2025-10-28T23:38:26.719+0000] {dagbag.py:536} INFO - Filling up the DagBag from /opt/airflow/dags/utils/__init__.py
[2025-10-28T23:38:26.728+0000] {processor.py:841} WARNING - No viable dags retrieved from /opt/airflow/dags/utils/__init__.py
[2025-10-28T23:38:26.755+0000] {processor.py:179} INFO - Processing /opt/airflow/dags/utils/__init__.py took 0.050 seconds
[2025-10-28T23:38:57.179+0000] {processor.py:157} INFO - Started process (PID=1200) to work on /opt/airflow/dags/utils/__init__.py
[2025-10-28T23:38:57.182+0000] {processor.py:829} INFO - Processing file /opt/airflow/dags/utils/__init__.py for tasks to queue
[2025-10-28T23:38:57.184+0000] {logging_mixin.py:154} INFO - [2025-10-28T23:38:57.184+0000] {dagbag.py:536} INFO - Filling up the DagBag from /opt/airflow/dags/utils/__init__.py
[2025-10-28T23:38:57.198+0000] {processor.py:841} WARNING - No viable dags retrieved from /opt/airflow/dags/utils/__init__.py
[2025-10-28T23:38:57.222+0000] {processor.py:179} INFO - Processing /opt/airflow/dags/utils/__init__.py took 0.051 seconds
[2025-10-28T23:39:27.443+0000] {processor.py:157} INFO - Started process (PID=1255) to work on /opt/airflow/dags/utils/__init__.py
[2025-10-28T23:39:27.444+0000] {processor.py:829} INFO - Processing file /opt/airflow/dags/utils/__init__.py for tasks to queue
[2025-10-28T23:39:27.445+0000] {logging_mixin.py:154} INFO - [2025-10-28T23:39:27.445+0000] {dagbag.py:536} INFO - Filling up the DagBag from /opt/airflow/dags/utils/__init__.py
[2025-10-28T23:39:27.458+0000] {processor.py:841} WARNING - No viable dags retrieved from /opt/airflow/dags/utils/__init__.py
[2025-10-28T23:39:27.482+0000] {processor.py:179} INFO - Processing /opt/airflow/dags/utils/__init__.py took 0.042 seconds
[2025-10-28T23:39:58.115+0000] {processor.py:157} INFO - Started process (PID=1302) to work on /opt/airflow/dags/utils/__init__.py
[2025-10-28T23:39:58.117+0000] {processor.py:829} INFO - Processing file /opt/airflow/dags/utils/__init__.py for tasks to queue
[2025-10-28T23:39:58.119+0000] {logging_mixin.py:154} INFO - [2025-10-28T23:39:58.119+0000] {dagbag.py:536} INFO - Filling up the DagBag from /opt/airflow/dags/utils/__init__.py
[2025-10-28T23:39:58.125+0000] {processor.py:841} WARNING - No viable dags retrieved from /opt/airflow/dags/utils/__init__.py
[2025-10-28T23:39:58.153+0000] {processor.py:179} INFO - Processing /opt/airflow/dags/utils/__init__.py took 0.050 seconds
[2025-10-28T23:40:28.569+0000] {processor.py:157} INFO - Started process (PID=1357) to work on /opt/airflow/dags/utils/__init__.py
[2025-10-28T23:40:28.571+0000] {processor.py:829} INFO - Processing file /opt/airflow/dags/utils/__init__.py for tasks to queue
[2025-10-28T23:40:28.573+0000] {logging_mixin.py:154} INFO - [2025-10-28T23:40:28.573+0000] {dagbag.py:536} INFO - Filling up the DagBag from /opt/airflow/dags/utils/__init__.py
[2025-10-28T23:40:28.579+0000] {processor.py:841} WARNING - No viable dags retrieved from /opt/airflow/dags/utils/__init__.py
[2025-10-28T23:40:28.596+0000] {processor.py:179} INFO - Processing /opt/airflow/dags/utils/__init__.py took 0.032 seconds
[2025-10-28T23:40:58.933+0000] {processor.py:157} INFO - Started process (PID=1419) to work on /opt/airflow/dags/utils/__init__.py
[2025-10-28T23:40:58.938+0000] {processor.py:829} INFO - Processing file /opt/airflow/dags/utils/__init__.py for tasks to queue
[2025-10-28T23:40:58.942+0000] {logging_mixin.py:154} INFO - [2025-10-28T23:40:58.940+0000] {dagbag.py:536} INFO - Filling up the DagBag from /opt/airflow/dags/utils/__init__.py
[2025-10-28T23:40:58.948+0000] {processor.py:841} WARNING - No viable dags retrieved from /opt/airflow/dags/utils/__init__.py
[2025-10-28T23:40:58.977+0000] {processor.py:179} INFO - Processing /opt/airflow/dags/utils/__init__.py took 0.051 seconds
[2025-10-28T23:41:29.240+0000] {processor.py:157} INFO - Started process (PID=1474) to work on /opt/airflow/dags/utils/__init__.py
[2025-10-28T23:41:29.244+0000] {processor.py:829} INFO - Processing file /opt/airflow/dags/utils/__init__.py for tasks to queue
[2025-10-28T23:41:29.245+0000] {logging_mixin.py:154} INFO - [2025-10-28T23:41:29.245+0000] {dagbag.py:536} INFO - Filling up the DagBag from /opt/airflow/dags/utils/__init__.py
[2025-10-28T23:41:29.254+0000] {processor.py:841} WARNING - No viable dags retrieved from /opt/airflow/dags/utils/__init__.py
[2025-10-28T23:41:29.271+0000] {processor.py:179} INFO - Processing /opt/airflow/dags/utils/__init__.py took 0.038 seconds
[2025-10-28T23:41:59.968+0000] {processor.py:157} INFO - Started process (PID=1528) to work on /opt/airflow/dags/utils/__init__.py
[2025-10-28T23:41:59.970+0000] {processor.py:829} INFO - Processing file /opt/airflow/dags/utils/__init__.py for tasks to queue
[2025-10-28T23:41:59.972+0000] {logging_mixin.py:154} INFO - [2025-10-28T23:41:59.971+0000] {dagbag.py:536} INFO - Filling up the DagBag from /opt/airflow/dags/utils/__init__.py
[2025-10-28T23:41:59.977+0000] {processor.py:841} WARNING - No viable dags retrieved from /opt/airflow/dags/utils/__init__.py
[2025-10-28T23:42:00.001+0000] {processor.py:179} INFO - Processing /opt/airflow/dags/utils/__init__.py took 0.040 seconds
[2025-10-28T23:42:30.669+0000] {processor.py:157} INFO - Started process (PID=1577) to work on /opt/airflow/dags/utils/__init__.py
[2025-10-28T23:42:30.671+0000] {processor.py:829} INFO - Processing file /opt/airflow/dags/utils/__init__.py for tasks to queue
[2025-10-28T23:42:30.672+0000] {logging_mixin.py:154} INFO - [2025-10-28T23:42:30.672+0000] {dagbag.py:536} INFO - Filling up the DagBag from /opt/airflow/dags/utils/__init__.py
[2025-10-28T23:42:30.677+0000] {processor.py:841} WARNING - No viable dags retrieved from /opt/airflow/dags/utils/__init__.py
[2025-10-28T23:42:30.713+0000] {processor.py:179} INFO - Processing /opt/airflow/dags/utils/__init__.py took 0.053 seconds
[2025-10-28T23:42:59.368+0000] {processor.py:157} INFO - Started process (PID=180) to work on /opt/airflow/dags/utils/__init__.py
[2025-10-28T23:42:59.373+0000] {processor.py:829} INFO - Processing file /opt/airflow/dags/utils/__init__.py for tasks to queue
[2025-10-28T23:42:59.379+0000] {logging_mixin.py:154} INFO - [2025-10-28T23:42:59.378+0000] {dagbag.py:536} INFO - Filling up the DagBag from /opt/airflow/dags/utils/__init__.py
[2025-10-28T23:42:59.408+0000] {processor.py:841} WARNING - No viable dags retrieved from /opt/airflow/dags/utils/__init__.py
[2025-10-28T23:42:59.521+0000] {processor.py:179} INFO - Processing /opt/airflow/dags/utils/__init__.py took 0.191 seconds
[2025-10-28T23:43:30.502+0000] {processor.py:157} INFO - Started process (PID=224) to work on /opt/airflow/dags/utils/__init__.py
[2025-10-28T23:43:30.507+0000] {processor.py:829} INFO - Processing file /opt/airflow/dags/utils/__init__.py for tasks to queue
[2025-10-28T23:43:30.508+0000] {logging_mixin.py:154} INFO - [2025-10-28T23:43:30.508+0000] {dagbag.py:536} INFO - Filling up the DagBag from /opt/airflow/dags/utils/__init__.py
[2025-10-28T23:43:30.512+0000] {processor.py:841} WARNING - No viable dags retrieved from /opt/airflow/dags/utils/__init__.py
[2025-10-28T23:43:30.545+0000] {processor.py:179} INFO - Processing /opt/airflow/dags/utils/__init__.py took 0.049 seconds
[2025-10-28T23:44:00.903+0000] {processor.py:157} INFO - Started process (PID=272) to work on /opt/airflow/dags/utils/__init__.py
[2025-10-28T23:44:00.904+0000] {processor.py:829} INFO - Processing file /opt/airflow/dags/utils/__init__.py for tasks to queue
[2025-10-28T23:44:00.905+0000] {logging_mixin.py:154} INFO - [2025-10-28T23:44:00.905+0000] {dagbag.py:536} INFO - Filling up the DagBag from /opt/airflow/dags/utils/__init__.py
[2025-10-28T23:44:00.909+0000] {processor.py:841} WARNING - No viable dags retrieved from /opt/airflow/dags/utils/__init__.py
[2025-10-28T23:44:00.925+0000] {processor.py:179} INFO - Processing /opt/airflow/dags/utils/__init__.py took 0.027 seconds
[2025-10-28T23:44:31.749+0000] {processor.py:157} INFO - Started process (PID=373) to work on /opt/airflow/dags/utils/__init__.py
[2025-10-28T23:44:31.751+0000] {processor.py:829} INFO - Processing file /opt/airflow/dags/utils/__init__.py for tasks to queue
[2025-10-28T23:44:31.752+0000] {logging_mixin.py:154} INFO - [2025-10-28T23:44:31.752+0000] {dagbag.py:536} INFO - Filling up the DagBag from /opt/airflow/dags/utils/__init__.py
[2025-10-28T23:44:31.756+0000] {processor.py:841} WARNING - No viable dags retrieved from /opt/airflow/dags/utils/__init__.py
[2025-10-28T23:44:31.777+0000] {processor.py:179} INFO - Processing /opt/airflow/dags/utils/__init__.py took 0.033 seconds
[2025-10-28T23:45:02.757+0000] {processor.py:157} INFO - Started process (PID=532) to work on /opt/airflow/dags/utils/__init__.py
[2025-10-28T23:45:02.760+0000] {processor.py:829} INFO - Processing file /opt/airflow/dags/utils/__init__.py for tasks to queue
[2025-10-28T23:45:02.763+0000] {logging_mixin.py:154} INFO - [2025-10-28T23:45:02.761+0000] {dagbag.py:536} INFO - Filling up the DagBag from /opt/airflow/dags/utils/__init__.py
[2025-10-28T23:45:02.769+0000] {processor.py:841} WARNING - No viable dags retrieved from /opt/airflow/dags/utils/__init__.py
[2025-10-28T23:45:02.803+0000] {processor.py:179} INFO - Processing /opt/airflow/dags/utils/__init__.py took 0.063 seconds
[2025-10-28T23:45:33.451+0000] {processor.py:157} INFO - Started process (PID=645) to work on /opt/airflow/dags/utils/__init__.py
[2025-10-28T23:45:33.454+0000] {processor.py:829} INFO - Processing file /opt/airflow/dags/utils/__init__.py for tasks to queue
[2025-10-28T23:45:33.465+0000] {logging_mixin.py:154} INFO - [2025-10-28T23:45:33.461+0000] {dagbag.py:536} INFO - Filling up the DagBag from /opt/airflow/dags/utils/__init__.py
[2025-10-28T23:45:33.497+0000] {processor.py:841} WARNING - No viable dags retrieved from /opt/airflow/dags/utils/__init__.py
[2025-10-28T23:45:33.524+0000] {processor.py:179} INFO - Processing /opt/airflow/dags/utils/__init__.py took 0.090 seconds
[2025-10-28T23:46:04.326+0000] {processor.py:157} INFO - Started process (PID=700) to work on /opt/airflow/dags/utils/__init__.py
[2025-10-28T23:46:04.327+0000] {processor.py:829} INFO - Processing file /opt/airflow/dags/utils/__init__.py for tasks to queue
[2025-10-28T23:46:04.329+0000] {logging_mixin.py:154} INFO - [2025-10-28T23:46:04.328+0000] {dagbag.py:536} INFO - Filling up the DagBag from /opt/airflow/dags/utils/__init__.py
[2025-10-28T23:46:04.339+0000] {processor.py:841} WARNING - No viable dags retrieved from /opt/airflow/dags/utils/__init__.py
[2025-10-28T23:46:04.367+0000] {processor.py:179} INFO - Processing /opt/airflow/dags/utils/__init__.py took 0.047 seconds
[2025-10-28T23:46:35.015+0000] {processor.py:157} INFO - Started process (PID=755) to work on /opt/airflow/dags/utils/__init__.py
[2025-10-28T23:46:35.017+0000] {processor.py:829} INFO - Processing file /opt/airflow/dags/utils/__init__.py for tasks to queue
[2025-10-28T23:46:35.018+0000] {logging_mixin.py:154} INFO - [2025-10-28T23:46:35.017+0000] {dagbag.py:536} INFO - Filling up the DagBag from /opt/airflow/dags/utils/__init__.py
[2025-10-28T23:46:35.020+0000] {processor.py:841} WARNING - No viable dags retrieved from /opt/airflow/dags/utils/__init__.py
[2025-10-28T23:46:35.032+0000] {processor.py:179} INFO - Processing /opt/airflow/dags/utils/__init__.py took 0.022 seconds
[2025-10-28T23:47:06.013+0000] {processor.py:157} INFO - Started process (PID=804) to work on /opt/airflow/dags/utils/__init__.py
[2025-10-28T23:47:06.015+0000] {processor.py:829} INFO - Processing file /opt/airflow/dags/utils/__init__.py for tasks to queue
[2025-10-28T23:47:06.016+0000] {logging_mixin.py:154} INFO - [2025-10-28T23:47:06.016+0000] {dagbag.py:536} INFO - Filling up the DagBag from /opt/airflow/dags/utils/__init__.py
[2025-10-28T23:47:06.020+0000] {processor.py:841} WARNING - No viable dags retrieved from /opt/airflow/dags/utils/__init__.py
[2025-10-28T23:47:06.036+0000] {processor.py:179} INFO - Processing /opt/airflow/dags/utils/__init__.py took 0.030 seconds
[2025-10-28T23:47:36.703+0000] {processor.py:157} INFO - Started process (PID=859) to work on /opt/airflow/dags/utils/__init__.py
[2025-10-28T23:47:36.704+0000] {processor.py:829} INFO - Processing file /opt/airflow/dags/utils/__init__.py for tasks to queue
[2025-10-28T23:47:36.705+0000] {logging_mixin.py:154} INFO - [2025-10-28T23:47:36.704+0000] {dagbag.py:536} INFO - Filling up the DagBag from /opt/airflow/dags/utils/__init__.py
[2025-10-28T23:47:36.707+0000] {processor.py:841} WARNING - No viable dags retrieved from /opt/airflow/dags/utils/__init__.py
[2025-10-28T23:47:36.724+0000] {processor.py:179} INFO - Processing /opt/airflow/dags/utils/__init__.py took 0.036 seconds
[2025-10-28T23:48:07.460+0000] {processor.py:157} INFO - Started process (PID=913) to work on /opt/airflow/dags/utils/__init__.py
[2025-10-28T23:48:07.463+0000] {processor.py:829} INFO - Processing file /opt/airflow/dags/utils/__init__.py for tasks to queue
[2025-10-28T23:48:07.464+0000] {logging_mixin.py:154} INFO - [2025-10-28T23:48:07.464+0000] {dagbag.py:536} INFO - Filling up the DagBag from /opt/airflow/dags/utils/__init__.py
[2025-10-28T23:48:07.467+0000] {processor.py:841} WARNING - No viable dags retrieved from /opt/airflow/dags/utils/__init__.py
[2025-10-28T23:48:07.488+0000] {processor.py:179} INFO - Processing /opt/airflow/dags/utils/__init__.py took 0.035 seconds
[2025-10-28T23:48:37.545+0000] {processor.py:157} INFO - Started process (PID=961) to work on /opt/airflow/dags/utils/__init__.py
[2025-10-28T23:48:37.547+0000] {processor.py:829} INFO - Processing file /opt/airflow/dags/utils/__init__.py for tasks to queue
[2025-10-28T23:48:37.548+0000] {logging_mixin.py:154} INFO - [2025-10-28T23:48:37.548+0000] {dagbag.py:536} INFO - Filling up the DagBag from /opt/airflow/dags/utils/__init__.py
[2025-10-28T23:48:37.551+0000] {processor.py:841} WARNING - No viable dags retrieved from /opt/airflow/dags/utils/__init__.py
[2025-10-28T23:48:37.567+0000] {processor.py:179} INFO - Processing /opt/airflow/dags/utils/__init__.py took 0.025 seconds
[2025-10-28T23:49:07.752+0000] {processor.py:157} INFO - Started process (PID=1016) to work on /opt/airflow/dags/utils/__init__.py
[2025-10-28T23:49:07.753+0000] {processor.py:829} INFO - Processing file /opt/airflow/dags/utils/__init__.py for tasks to queue
[2025-10-28T23:49:07.753+0000] {logging_mixin.py:154} INFO - [2025-10-28T23:49:07.753+0000] {dagbag.py:536} INFO - Filling up the DagBag from /opt/airflow/dags/utils/__init__.py
[2025-10-28T23:49:07.756+0000] {processor.py:841} WARNING - No viable dags retrieved from /opt/airflow/dags/utils/__init__.py
[2025-10-28T23:49:07.765+0000] {processor.py:179} INFO - Processing /opt/airflow/dags/utils/__init__.py took 0.016 seconds
[2025-10-28T23:49:38.190+0000] {processor.py:157} INFO - Started process (PID=1071) to work on /opt/airflow/dags/utils/__init__.py
[2025-10-28T23:49:38.192+0000] {processor.py:829} INFO - Processing file /opt/airflow/dags/utils/__init__.py for tasks to queue
[2025-10-28T23:49:38.193+0000] {logging_mixin.py:154} INFO - [2025-10-28T23:49:38.193+0000] {dagbag.py:536} INFO - Filling up the DagBag from /opt/airflow/dags/utils/__init__.py
[2025-10-28T23:49:38.198+0000] {processor.py:841} WARNING - No viable dags retrieved from /opt/airflow/dags/utils/__init__.py
[2025-10-28T23:49:38.222+0000] {processor.py:179} INFO - Processing /opt/airflow/dags/utils/__init__.py took 0.043 seconds
[2025-10-28T23:50:08.515+0000] {processor.py:157} INFO - Started process (PID=1119) to work on /opt/airflow/dags/utils/__init__.py
[2025-10-28T23:50:08.516+0000] {processor.py:829} INFO - Processing file /opt/airflow/dags/utils/__init__.py for tasks to queue
[2025-10-28T23:50:08.517+0000] {logging_mixin.py:154} INFO - [2025-10-28T23:50:08.516+0000] {dagbag.py:536} INFO - Filling up the DagBag from /opt/airflow/dags/utils/__init__.py
[2025-10-28T23:50:08.520+0000] {processor.py:841} WARNING - No viable dags retrieved from /opt/airflow/dags/utils/__init__.py
[2025-10-28T23:50:08.535+0000] {processor.py:179} INFO - Processing /opt/airflow/dags/utils/__init__.py took 0.024 seconds
[2025-10-28T23:50:38.809+0000] {processor.py:157} INFO - Started process (PID=1199) to work on /opt/airflow/dags/utils/__init__.py
[2025-10-28T23:50:38.812+0000] {processor.py:829} INFO - Processing file /opt/airflow/dags/utils/__init__.py for tasks to queue
[2025-10-28T23:50:38.813+0000] {logging_mixin.py:154} INFO - [2025-10-28T23:50:38.812+0000] {dagbag.py:536} INFO - Filling up the DagBag from /opt/airflow/dags/utils/__init__.py
[2025-10-28T23:50:38.816+0000] {processor.py:841} WARNING - No viable dags retrieved from /opt/airflow/dags/utils/__init__.py
[2025-10-28T23:50:38.832+0000] {processor.py:179} INFO - Processing /opt/airflow/dags/utils/__init__.py took 0.026 seconds
[2025-10-28T23:51:09.007+0000] {processor.py:157} INFO - Started process (PID=1285) to work on /opt/airflow/dags/utils/__init__.py
[2025-10-28T23:51:09.009+0000] {processor.py:829} INFO - Processing file /opt/airflow/dags/utils/__init__.py for tasks to queue
[2025-10-28T23:51:09.010+0000] {logging_mixin.py:154} INFO - [2025-10-28T23:51:09.010+0000] {dagbag.py:536} INFO - Filling up the DagBag from /opt/airflow/dags/utils/__init__.py
[2025-10-28T23:51:09.014+0000] {processor.py:841} WARNING - No viable dags retrieved from /opt/airflow/dags/utils/__init__.py
[2025-10-28T23:51:09.038+0000] {processor.py:179} INFO - Processing /opt/airflow/dags/utils/__init__.py took 0.037 seconds
[2025-10-28T23:51:39.765+0000] {processor.py:157} INFO - Started process (PID=1340) to work on /opt/airflow/dags/utils/__init__.py
[2025-10-28T23:51:39.768+0000] {processor.py:829} INFO - Processing file /opt/airflow/dags/utils/__init__.py for tasks to queue
[2025-10-28T23:51:39.770+0000] {logging_mixin.py:154} INFO - [2025-10-28T23:51:39.769+0000] {dagbag.py:536} INFO - Filling up the DagBag from /opt/airflow/dags/utils/__init__.py
[2025-10-28T23:51:39.775+0000] {processor.py:841} WARNING - No viable dags retrieved from /opt/airflow/dags/utils/__init__.py
[2025-10-28T23:51:39.786+0000] {processor.py:179} INFO - Processing /opt/airflow/dags/utils/__init__.py took 0.025 seconds
[2025-10-28T23:52:10.137+0000] {processor.py:157} INFO - Started process (PID=1395) to work on /opt/airflow/dags/utils/__init__.py
[2025-10-28T23:52:10.140+0000] {processor.py:829} INFO - Processing file /opt/airflow/dags/utils/__init__.py for tasks to queue
[2025-10-28T23:52:10.141+0000] {logging_mixin.py:154} INFO - [2025-10-28T23:52:10.140+0000] {dagbag.py:536} INFO - Filling up the DagBag from /opt/airflow/dags/utils/__init__.py
[2025-10-28T23:52:10.145+0000] {processor.py:841} WARNING - No viable dags retrieved from /opt/airflow/dags/utils/__init__.py
[2025-10-28T23:52:10.162+0000] {processor.py:179} INFO - Processing /opt/airflow/dags/utils/__init__.py took 0.031 seconds
[2025-10-28T23:52:40.865+0000] {processor.py:157} INFO - Started process (PID=1443) to work on /opt/airflow/dags/utils/__init__.py
[2025-10-28T23:52:40.866+0000] {processor.py:829} INFO - Processing file /opt/airflow/dags/utils/__init__.py for tasks to queue
[2025-10-28T23:52:40.867+0000] {logging_mixin.py:154} INFO - [2025-10-28T23:52:40.867+0000] {dagbag.py:536} INFO - Filling up the DagBag from /opt/airflow/dags/utils/__init__.py
[2025-10-28T23:52:40.871+0000] {processor.py:841} WARNING - No viable dags retrieved from /opt/airflow/dags/utils/__init__.py
[2025-10-28T23:52:40.887+0000] {processor.py:179} INFO - Processing /opt/airflow/dags/utils/__init__.py took 0.027 seconds
[2025-10-28T23:53:11.163+0000] {processor.py:157} INFO - Started process (PID=1498) to work on /opt/airflow/dags/utils/__init__.py
[2025-10-28T23:53:11.165+0000] {processor.py:829} INFO - Processing file /opt/airflow/dags/utils/__init__.py for tasks to queue
[2025-10-28T23:53:11.166+0000] {logging_mixin.py:154} INFO - [2025-10-28T23:53:11.165+0000] {dagbag.py:536} INFO - Filling up the DagBag from /opt/airflow/dags/utils/__init__.py
[2025-10-28T23:53:11.169+0000] {processor.py:841} WARNING - No viable dags retrieved from /opt/airflow/dags/utils/__init__.py
[2025-10-28T23:53:11.185+0000] {processor.py:179} INFO - Processing /opt/airflow/dags/utils/__init__.py took 0.028 seconds
[2025-10-28T23:53:41.313+0000] {processor.py:157} INFO - Started process (PID=1553) to work on /opt/airflow/dags/utils/__init__.py
[2025-10-28T23:53:41.316+0000] {processor.py:829} INFO - Processing file /opt/airflow/dags/utils/__init__.py for tasks to queue
[2025-10-28T23:53:41.318+0000] {logging_mixin.py:154} INFO - [2025-10-28T23:53:41.317+0000] {dagbag.py:536} INFO - Filling up the DagBag from /opt/airflow/dags/utils/__init__.py
[2025-10-28T23:53:41.322+0000] {processor.py:841} WARNING - No viable dags retrieved from /opt/airflow/dags/utils/__init__.py
[2025-10-28T23:53:41.336+0000] {processor.py:179} INFO - Processing /opt/airflow/dags/utils/__init__.py took 0.028 seconds
[2025-10-28T23:54:12.169+0000] {processor.py:157} INFO - Started process (PID=1601) to work on /opt/airflow/dags/utils/__init__.py
[2025-10-28T23:54:12.172+0000] {processor.py:829} INFO - Processing file /opt/airflow/dags/utils/__init__.py for tasks to queue
[2025-10-28T23:54:12.173+0000] {logging_mixin.py:154} INFO - [2025-10-28T23:54:12.172+0000] {dagbag.py:536} INFO - Filling up the DagBag from /opt/airflow/dags/utils/__init__.py
[2025-10-28T23:54:12.176+0000] {processor.py:841} WARNING - No viable dags retrieved from /opt/airflow/dags/utils/__init__.py
[2025-10-28T23:54:12.192+0000] {processor.py:179} INFO - Processing /opt/airflow/dags/utils/__init__.py took 0.030 seconds
[2025-10-28T23:54:43.019+0000] {processor.py:157} INFO - Started process (PID=1656) to work on /opt/airflow/dags/utils/__init__.py
[2025-10-28T23:54:43.021+0000] {processor.py:829} INFO - Processing file /opt/airflow/dags/utils/__init__.py for tasks to queue
[2025-10-28T23:54:43.021+0000] {logging_mixin.py:154} INFO - [2025-10-28T23:54:43.021+0000] {dagbag.py:536} INFO - Filling up the DagBag from /opt/airflow/dags/utils/__init__.py
[2025-10-28T23:54:43.023+0000] {processor.py:841} WARNING - No viable dags retrieved from /opt/airflow/dags/utils/__init__.py
[2025-10-28T23:54:43.039+0000] {processor.py:179} INFO - Processing /opt/airflow/dags/utils/__init__.py took 0.023 seconds
[2025-10-28T23:55:13.418+0000] {processor.py:157} INFO - Started process (PID=1711) to work on /opt/airflow/dags/utils/__init__.py
[2025-10-28T23:55:13.419+0000] {processor.py:829} INFO - Processing file /opt/airflow/dags/utils/__init__.py for tasks to queue
[2025-10-28T23:55:13.420+0000] {logging_mixin.py:154} INFO - [2025-10-28T23:55:13.420+0000] {dagbag.py:536} INFO - Filling up the DagBag from /opt/airflow/dags/utils/__init__.py
[2025-10-28T23:55:13.424+0000] {processor.py:841} WARNING - No viable dags retrieved from /opt/airflow/dags/utils/__init__.py
[2025-10-28T23:55:13.451+0000] {processor.py:179} INFO - Processing /opt/airflow/dags/utils/__init__.py took 0.045 seconds
[2025-10-28T23:55:44.041+0000] {processor.py:157} INFO - Started process (PID=1759) to work on /opt/airflow/dags/utils/__init__.py
[2025-10-28T23:55:44.043+0000] {processor.py:829} INFO - Processing file /opt/airflow/dags/utils/__init__.py for tasks to queue
[2025-10-28T23:55:44.045+0000] {logging_mixin.py:154} INFO - [2025-10-28T23:55:44.044+0000] {dagbag.py:536} INFO - Filling up the DagBag from /opt/airflow/dags/utils/__init__.py
[2025-10-28T23:55:44.055+0000] {processor.py:841} WARNING - No viable dags retrieved from /opt/airflow/dags/utils/__init__.py
[2025-10-28T23:55:44.079+0000] {processor.py:179} INFO - Processing /opt/airflow/dags/utils/__init__.py took 0.045 seconds
[2025-10-28T23:56:14.585+0000] {processor.py:157} INFO - Started process (PID=1812) to work on /opt/airflow/dags/utils/__init__.py
[2025-10-28T23:56:14.587+0000] {processor.py:829} INFO - Processing file /opt/airflow/dags/utils/__init__.py for tasks to queue
[2025-10-28T23:56:14.589+0000] {logging_mixin.py:154} INFO - [2025-10-28T23:56:14.588+0000] {dagbag.py:536} INFO - Filling up the DagBag from /opt/airflow/dags/utils/__init__.py
[2025-10-28T23:56:14.606+0000] {processor.py:841} WARNING - No viable dags retrieved from /opt/airflow/dags/utils/__init__.py
[2025-10-28T23:56:14.641+0000] {processor.py:179} INFO - Processing /opt/airflow/dags/utils/__init__.py took 0.064 seconds
[2025-10-28T23:56:45.161+0000] {processor.py:157} INFO - Started process (PID=1859) to work on /opt/airflow/dags/utils/__init__.py
[2025-10-28T23:56:45.163+0000] {processor.py:829} INFO - Processing file /opt/airflow/dags/utils/__init__.py for tasks to queue
[2025-10-28T23:56:45.163+0000] {logging_mixin.py:154} INFO - [2025-10-28T23:56:45.163+0000] {dagbag.py:536} INFO - Filling up the DagBag from /opt/airflow/dags/utils/__init__.py
[2025-10-28T23:56:45.170+0000] {processor.py:841} WARNING - No viable dags retrieved from /opt/airflow/dags/utils/__init__.py
[2025-10-28T23:56:45.186+0000] {processor.py:179} INFO - Processing /opt/airflow/dags/utils/__init__.py took 0.031 seconds
[2025-10-28T23:57:15.754+0000] {processor.py:157} INFO - Started process (PID=1904) to work on /opt/airflow/dags/utils/__init__.py
[2025-10-28T23:57:15.757+0000] {processor.py:829} INFO - Processing file /opt/airflow/dags/utils/__init__.py for tasks to queue
[2025-10-28T23:57:15.758+0000] {logging_mixin.py:154} INFO - [2025-10-28T23:57:15.758+0000] {dagbag.py:536} INFO - Filling up the DagBag from /opt/airflow/dags/utils/__init__.py
[2025-10-28T23:57:15.763+0000] {processor.py:841} WARNING - No viable dags retrieved from /opt/airflow/dags/utils/__init__.py
[2025-10-28T23:57:15.782+0000] {processor.py:179} INFO - Processing /opt/airflow/dags/utils/__init__.py took 0.035 seconds
[2025-10-28T23:57:46.262+0000] {processor.py:157} INFO - Started process (PID=1959) to work on /opt/airflow/dags/utils/__init__.py
[2025-10-28T23:57:46.264+0000] {processor.py:829} INFO - Processing file /opt/airflow/dags/utils/__init__.py for tasks to queue
[2025-10-28T23:57:46.265+0000] {logging_mixin.py:154} INFO - [2025-10-28T23:57:46.264+0000] {dagbag.py:536} INFO - Filling up the DagBag from /opt/airflow/dags/utils/__init__.py
[2025-10-28T23:57:46.268+0000] {processor.py:841} WARNING - No viable dags retrieved from /opt/airflow/dags/utils/__init__.py
[2025-10-28T23:57:46.290+0000] {processor.py:179} INFO - Processing /opt/airflow/dags/utils/__init__.py took 0.032 seconds
[2025-10-28T23:58:16.764+0000] {processor.py:157} INFO - Started process (PID=2014) to work on /opt/airflow/dags/utils/__init__.py
[2025-10-28T23:58:16.767+0000] {processor.py:829} INFO - Processing file /opt/airflow/dags/utils/__init__.py for tasks to queue
[2025-10-28T23:58:16.768+0000] {logging_mixin.py:154} INFO - [2025-10-28T23:58:16.768+0000] {dagbag.py:536} INFO - Filling up the DagBag from /opt/airflow/dags/utils/__init__.py
[2025-10-28T23:58:16.772+0000] {processor.py:841} WARNING - No viable dags retrieved from /opt/airflow/dags/utils/__init__.py
[2025-10-28T23:58:16.789+0000] {processor.py:179} INFO - Processing /opt/airflow/dags/utils/__init__.py took 0.032 seconds
[2025-10-28T23:58:47.277+0000] {processor.py:157} INFO - Started process (PID=2062) to work on /opt/airflow/dags/utils/__init__.py
[2025-10-28T23:58:47.280+0000] {processor.py:829} INFO - Processing file /opt/airflow/dags/utils/__init__.py for tasks to queue
[2025-10-28T23:58:47.281+0000] {logging_mixin.py:154} INFO - [2025-10-28T23:58:47.280+0000] {dagbag.py:536} INFO - Filling up the DagBag from /opt/airflow/dags/utils/__init__.py
[2025-10-28T23:58:47.285+0000] {processor.py:841} WARNING - No viable dags retrieved from /opt/airflow/dags/utils/__init__.py
[2025-10-28T23:58:47.304+0000] {processor.py:179} INFO - Processing /opt/airflow/dags/utils/__init__.py took 0.033 seconds
[2025-10-28T23:59:17.826+0000] {processor.py:157} INFO - Started process (PID=2117) to work on /opt/airflow/dags/utils/__init__.py
[2025-10-28T23:59:17.829+0000] {processor.py:829} INFO - Processing file /opt/airflow/dags/utils/__init__.py for tasks to queue
[2025-10-28T23:59:17.830+0000] {logging_mixin.py:154} INFO - [2025-10-28T23:59:17.830+0000] {dagbag.py:536} INFO - Filling up the DagBag from /opt/airflow/dags/utils/__init__.py
[2025-10-28T23:59:17.834+0000] {processor.py:841} WARNING - No viable dags retrieved from /opt/airflow/dags/utils/__init__.py
[2025-10-28T23:59:17.853+0000] {processor.py:179} INFO - Processing /opt/airflow/dags/utils/__init__.py took 0.042 seconds
[2025-10-28T23:59:48.654+0000] {processor.py:157} INFO - Started process (PID=2172) to work on /opt/airflow/dags/utils/__init__.py
[2025-10-28T23:59:48.655+0000] {processor.py:829} INFO - Processing file /opt/airflow/dags/utils/__init__.py for tasks to queue
[2025-10-28T23:59:48.656+0000] {logging_mixin.py:154} INFO - [2025-10-28T23:59:48.656+0000] {dagbag.py:536} INFO - Filling up the DagBag from /opt/airflow/dags/utils/__init__.py
[2025-10-28T23:59:48.658+0000] {processor.py:841} WARNING - No viable dags retrieved from /opt/airflow/dags/utils/__init__.py
[2025-10-28T23:59:48.670+0000] {processor.py:179} INFO - Processing /opt/airflow/dags/utils/__init__.py took 0.021 seconds
