[2025-11-17T16:11:56.301+0000] {processor.py:157} INFO - Started process (PID=13883) to work on /opt/airflow/dags/tasks/recsys_data_sync.py
[2025-11-17T16:11:56.301+0000] {processor.py:829} INFO - Processing file /opt/airflow/dags/tasks/recsys_data_sync.py for tasks to queue
[2025-11-17T16:11:56.302+0000] {logging_mixin.py:154} INFO - [2025-11-17T16:11:56.301+0000] {dagbag.py:536} INFO - Filling up the DagBag from /opt/airflow/dags/tasks/recsys_data_sync.py
[2025-11-17T16:11:56.657+0000] {processor.py:841} WARNING - No viable dags retrieved from /opt/airflow/dags/tasks/recsys_data_sync.py
[2025-11-17T16:11:56.668+0000] {processor.py:179} INFO - Processing /opt/airflow/dags/tasks/recsys_data_sync.py took 0.371 seconds
[2025-11-17T16:12:26.904+0000] {processor.py:157} INFO - Started process (PID=13948) to work on /opt/airflow/dags/tasks/recsys_data_sync.py
[2025-11-17T16:12:26.904+0000] {processor.py:829} INFO - Processing file /opt/airflow/dags/tasks/recsys_data_sync.py for tasks to queue
[2025-11-17T16:12:26.905+0000] {logging_mixin.py:154} INFO - [2025-11-17T16:12:26.904+0000] {dagbag.py:536} INFO - Filling up the DagBag from /opt/airflow/dags/tasks/recsys_data_sync.py
[2025-11-17T16:12:27.211+0000] {processor.py:841} WARNING - No viable dags retrieved from /opt/airflow/dags/tasks/recsys_data_sync.py
[2025-11-17T16:12:27.220+0000] {processor.py:179} INFO - Processing /opt/airflow/dags/tasks/recsys_data_sync.py took 0.319 seconds
[2025-11-17T16:12:31.953+0000] {processor.py:157} INFO - Started process (PID=13962) to work on /opt/airflow/dags/tasks/recsys_data_sync.py
[2025-11-17T16:12:31.953+0000] {processor.py:829} INFO - Processing file /opt/airflow/dags/tasks/recsys_data_sync.py for tasks to queue
[2025-11-17T16:12:31.954+0000] {logging_mixin.py:154} INFO - [2025-11-17T16:12:31.954+0000] {dagbag.py:536} INFO - Filling up the DagBag from /opt/airflow/dags/tasks/recsys_data_sync.py
[2025-11-17T16:12:32.332+0000] {processor.py:841} WARNING - No viable dags retrieved from /opt/airflow/dags/tasks/recsys_data_sync.py
[2025-11-17T16:12:32.343+0000] {processor.py:179} INFO - Processing /opt/airflow/dags/tasks/recsys_data_sync.py took 0.394 seconds
[2025-11-17T16:13:03.078+0000] {processor.py:157} INFO - Started process (PID=14152) to work on /opt/airflow/dags/tasks/recsys_data_sync.py
[2025-11-17T16:13:03.079+0000] {processor.py:829} INFO - Processing file /opt/airflow/dags/tasks/recsys_data_sync.py for tasks to queue
[2025-11-17T16:13:03.079+0000] {logging_mixin.py:154} INFO - [2025-11-17T16:13:03.079+0000] {dagbag.py:536} INFO - Filling up the DagBag from /opt/airflow/dags/tasks/recsys_data_sync.py
[2025-11-17T16:13:03.430+0000] {processor.py:841} WARNING - No viable dags retrieved from /opt/airflow/dags/tasks/recsys_data_sync.py
[2025-11-17T16:13:03.440+0000] {processor.py:179} INFO - Processing /opt/airflow/dags/tasks/recsys_data_sync.py took 0.365 seconds
[2025-11-17T16:13:33.603+0000] {processor.py:157} INFO - Started process (PID=14217) to work on /opt/airflow/dags/tasks/recsys_data_sync.py
[2025-11-17T16:13:33.603+0000] {processor.py:829} INFO - Processing file /opt/airflow/dags/tasks/recsys_data_sync.py for tasks to queue
[2025-11-17T16:13:33.604+0000] {logging_mixin.py:154} INFO - [2025-11-17T16:13:33.604+0000] {dagbag.py:536} INFO - Filling up the DagBag from /opt/airflow/dags/tasks/recsys_data_sync.py
[2025-11-17T16:13:33.933+0000] {processor.py:841} WARNING - No viable dags retrieved from /opt/airflow/dags/tasks/recsys_data_sync.py
[2025-11-17T16:13:33.944+0000] {processor.py:179} INFO - Processing /opt/airflow/dags/tasks/recsys_data_sync.py took 0.343 seconds
[2025-11-17T16:14:04.281+0000] {processor.py:157} INFO - Started process (PID=14282) to work on /opt/airflow/dags/tasks/recsys_data_sync.py
[2025-11-17T16:14:04.282+0000] {processor.py:829} INFO - Processing file /opt/airflow/dags/tasks/recsys_data_sync.py for tasks to queue
[2025-11-17T16:14:04.283+0000] {logging_mixin.py:154} INFO - [2025-11-17T16:14:04.282+0000] {dagbag.py:536} INFO - Filling up the DagBag from /opt/airflow/dags/tasks/recsys_data_sync.py
[2025-11-17T16:14:04.628+0000] {processor.py:841} WARNING - No viable dags retrieved from /opt/airflow/dags/tasks/recsys_data_sync.py
[2025-11-17T16:14:04.637+0000] {processor.py:179} INFO - Processing /opt/airflow/dags/tasks/recsys_data_sync.py took 0.361 seconds
[2025-11-17T16:14:34.831+0000] {processor.py:157} INFO - Started process (PID=14347) to work on /opt/airflow/dags/tasks/recsys_data_sync.py
[2025-11-17T16:14:34.832+0000] {processor.py:829} INFO - Processing file /opt/airflow/dags/tasks/recsys_data_sync.py for tasks to queue
[2025-11-17T16:14:34.832+0000] {logging_mixin.py:154} INFO - [2025-11-17T16:14:34.832+0000] {dagbag.py:536} INFO - Filling up the DagBag from /opt/airflow/dags/tasks/recsys_data_sync.py
[2025-11-17T16:14:35.168+0000] {processor.py:841} WARNING - No viable dags retrieved from /opt/airflow/dags/tasks/recsys_data_sync.py
[2025-11-17T16:14:35.179+0000] {processor.py:179} INFO - Processing /opt/airflow/dags/tasks/recsys_data_sync.py took 0.351 seconds
[2025-11-17T16:15:05.333+0000] {processor.py:157} INFO - Started process (PID=14412) to work on /opt/airflow/dags/tasks/recsys_data_sync.py
[2025-11-17T16:15:05.334+0000] {processor.py:829} INFO - Processing file /opt/airflow/dags/tasks/recsys_data_sync.py for tasks to queue
[2025-11-17T16:15:05.334+0000] {logging_mixin.py:154} INFO - [2025-11-17T16:15:05.334+0000] {dagbag.py:536} INFO - Filling up the DagBag from /opt/airflow/dags/tasks/recsys_data_sync.py
[2025-11-17T16:15:05.717+0000] {processor.py:841} WARNING - No viable dags retrieved from /opt/airflow/dags/tasks/recsys_data_sync.py
[2025-11-17T16:15:05.727+0000] {processor.py:179} INFO - Processing /opt/airflow/dags/tasks/recsys_data_sync.py took 0.398 seconds
[2025-11-17T16:15:36.377+0000] {processor.py:157} INFO - Started process (PID=14477) to work on /opt/airflow/dags/tasks/recsys_data_sync.py
[2025-11-17T16:15:36.378+0000] {processor.py:829} INFO - Processing file /opt/airflow/dags/tasks/recsys_data_sync.py for tasks to queue
[2025-11-17T16:15:36.378+0000] {logging_mixin.py:154} INFO - [2025-11-17T16:15:36.378+0000] {dagbag.py:536} INFO - Filling up the DagBag from /opt/airflow/dags/tasks/recsys_data_sync.py
[2025-11-17T16:15:36.696+0000] {processor.py:841} WARNING - No viable dags retrieved from /opt/airflow/dags/tasks/recsys_data_sync.py
[2025-11-17T16:15:36.706+0000] {processor.py:179} INFO - Processing /opt/airflow/dags/tasks/recsys_data_sync.py took 0.331 seconds
[2025-11-17T16:16:06.938+0000] {processor.py:157} INFO - Started process (PID=14542) to work on /opt/airflow/dags/tasks/recsys_data_sync.py
[2025-11-17T16:16:06.939+0000] {processor.py:829} INFO - Processing file /opt/airflow/dags/tasks/recsys_data_sync.py for tasks to queue
[2025-11-17T16:16:06.939+0000] {logging_mixin.py:154} INFO - [2025-11-17T16:16:06.939+0000] {dagbag.py:536} INFO - Filling up the DagBag from /opt/airflow/dags/tasks/recsys_data_sync.py
[2025-11-17T16:16:07.310+0000] {processor.py:841} WARNING - No viable dags retrieved from /opt/airflow/dags/tasks/recsys_data_sync.py
[2025-11-17T16:16:07.320+0000] {processor.py:179} INFO - Processing /opt/airflow/dags/tasks/recsys_data_sync.py took 0.386 seconds
[2025-11-17T16:16:38.001+0000] {processor.py:157} INFO - Started process (PID=14600) to work on /opt/airflow/dags/tasks/recsys_data_sync.py
[2025-11-17T16:16:38.001+0000] {processor.py:829} INFO - Processing file /opt/airflow/dags/tasks/recsys_data_sync.py for tasks to queue
[2025-11-17T16:16:38.002+0000] {logging_mixin.py:154} INFO - [2025-11-17T16:16:38.002+0000] {dagbag.py:536} INFO - Filling up the DagBag from /opt/airflow/dags/tasks/recsys_data_sync.py
[2025-11-17T16:16:38.355+0000] {processor.py:841} WARNING - No viable dags retrieved from /opt/airflow/dags/tasks/recsys_data_sync.py
[2025-11-17T16:16:38.365+0000] {processor.py:179} INFO - Processing /opt/airflow/dags/tasks/recsys_data_sync.py took 0.367 seconds
[2025-11-17T16:17:08.473+0000] {processor.py:157} INFO - Started process (PID=14665) to work on /opt/airflow/dags/tasks/recsys_data_sync.py
[2025-11-17T16:17:08.474+0000] {processor.py:829} INFO - Processing file /opt/airflow/dags/tasks/recsys_data_sync.py for tasks to queue
[2025-11-17T16:17:08.475+0000] {logging_mixin.py:154} INFO - [2025-11-17T16:17:08.474+0000] {dagbag.py:536} INFO - Filling up the DagBag from /opt/airflow/dags/tasks/recsys_data_sync.py
[2025-11-17T16:17:08.824+0000] {processor.py:841} WARNING - No viable dags retrieved from /opt/airflow/dags/tasks/recsys_data_sync.py
[2025-11-17T16:17:08.833+0000] {processor.py:179} INFO - Processing /opt/airflow/dags/tasks/recsys_data_sync.py took 0.363 seconds
[2025-11-17T16:17:38.982+0000] {processor.py:157} INFO - Started process (PID=14730) to work on /opt/airflow/dags/tasks/recsys_data_sync.py
[2025-11-17T16:17:38.983+0000] {processor.py:829} INFO - Processing file /opt/airflow/dags/tasks/recsys_data_sync.py for tasks to queue
[2025-11-17T16:17:38.984+0000] {logging_mixin.py:154} INFO - [2025-11-17T16:17:38.983+0000] {dagbag.py:536} INFO - Filling up the DagBag from /opt/airflow/dags/tasks/recsys_data_sync.py
[2025-11-17T16:17:39.490+0000] {processor.py:841} WARNING - No viable dags retrieved from /opt/airflow/dags/tasks/recsys_data_sync.py
[2025-11-17T16:17:39.500+0000] {processor.py:179} INFO - Processing /opt/airflow/dags/tasks/recsys_data_sync.py took 0.521 seconds
[2025-11-17T16:18:09.568+0000] {processor.py:157} INFO - Started process (PID=14795) to work on /opt/airflow/dags/tasks/recsys_data_sync.py
[2025-11-17T16:18:09.569+0000] {processor.py:829} INFO - Processing file /opt/airflow/dags/tasks/recsys_data_sync.py for tasks to queue
[2025-11-17T16:18:09.570+0000] {logging_mixin.py:154} INFO - [2025-11-17T16:18:09.569+0000] {dagbag.py:536} INFO - Filling up the DagBag from /opt/airflow/dags/tasks/recsys_data_sync.py
[2025-11-17T16:18:09.957+0000] {processor.py:841} WARNING - No viable dags retrieved from /opt/airflow/dags/tasks/recsys_data_sync.py
[2025-11-17T16:18:09.972+0000] {processor.py:179} INFO - Processing /opt/airflow/dags/tasks/recsys_data_sync.py took 0.406 seconds
[2025-11-17T16:18:40.621+0000] {processor.py:157} INFO - Started process (PID=14860) to work on /opt/airflow/dags/tasks/recsys_data_sync.py
[2025-11-17T16:18:40.621+0000] {processor.py:829} INFO - Processing file /opt/airflow/dags/tasks/recsys_data_sync.py for tasks to queue
[2025-11-17T16:18:40.622+0000] {logging_mixin.py:154} INFO - [2025-11-17T16:18:40.622+0000] {dagbag.py:536} INFO - Filling up the DagBag from /opt/airflow/dags/tasks/recsys_data_sync.py
[2025-11-17T16:18:40.947+0000] {processor.py:841} WARNING - No viable dags retrieved from /opt/airflow/dags/tasks/recsys_data_sync.py
[2025-11-17T16:18:40.957+0000] {processor.py:179} INFO - Processing /opt/airflow/dags/tasks/recsys_data_sync.py took 0.339 seconds
[2025-11-17T16:19:11.708+0000] {processor.py:157} INFO - Started process (PID=14925) to work on /opt/airflow/dags/tasks/recsys_data_sync.py
[2025-11-17T16:19:11.708+0000] {processor.py:829} INFO - Processing file /opt/airflow/dags/tasks/recsys_data_sync.py for tasks to queue
[2025-11-17T16:19:11.708+0000] {logging_mixin.py:154} INFO - [2025-11-17T16:19:11.708+0000] {dagbag.py:536} INFO - Filling up the DagBag from /opt/airflow/dags/tasks/recsys_data_sync.py
[2025-11-17T16:19:12.037+0000] {processor.py:841} WARNING - No viable dags retrieved from /opt/airflow/dags/tasks/recsys_data_sync.py
[2025-11-17T16:19:12.047+0000] {processor.py:179} INFO - Processing /opt/airflow/dags/tasks/recsys_data_sync.py took 0.342 seconds
[2025-11-17T16:19:42.396+0000] {processor.py:157} INFO - Started process (PID=14990) to work on /opt/airflow/dags/tasks/recsys_data_sync.py
[2025-11-17T16:19:42.397+0000] {processor.py:829} INFO - Processing file /opt/airflow/dags/tasks/recsys_data_sync.py for tasks to queue
[2025-11-17T16:19:42.398+0000] {logging_mixin.py:154} INFO - [2025-11-17T16:19:42.397+0000] {dagbag.py:536} INFO - Filling up the DagBag from /opt/airflow/dags/tasks/recsys_data_sync.py
[2025-11-17T16:19:42.751+0000] {processor.py:841} WARNING - No viable dags retrieved from /opt/airflow/dags/tasks/recsys_data_sync.py
[2025-11-17T16:19:42.762+0000] {processor.py:179} INFO - Processing /opt/airflow/dags/tasks/recsys_data_sync.py took 0.369 seconds
[2025-11-17T16:20:13.221+0000] {processor.py:157} INFO - Started process (PID=15062) to work on /opt/airflow/dags/tasks/recsys_data_sync.py
[2025-11-17T16:20:13.221+0000] {processor.py:829} INFO - Processing file /opt/airflow/dags/tasks/recsys_data_sync.py for tasks to queue
[2025-11-17T16:20:13.222+0000] {logging_mixin.py:154} INFO - [2025-11-17T16:20:13.222+0000] {dagbag.py:536} INFO - Filling up the DagBag from /opt/airflow/dags/tasks/recsys_data_sync.py
[2025-11-17T16:20:13.725+0000] {processor.py:841} WARNING - No viable dags retrieved from /opt/airflow/dags/tasks/recsys_data_sync.py
[2025-11-17T16:20:13.735+0000] {processor.py:179} INFO - Processing /opt/airflow/dags/tasks/recsys_data_sync.py took 0.520 seconds
[2025-11-17T16:20:44.473+0000] {processor.py:157} INFO - Started process (PID=15186) to work on /opt/airflow/dags/tasks/recsys_data_sync.py
[2025-11-17T16:20:44.473+0000] {processor.py:829} INFO - Processing file /opt/airflow/dags/tasks/recsys_data_sync.py for tasks to queue
[2025-11-17T16:20:44.475+0000] {logging_mixin.py:154} INFO - [2025-11-17T16:20:44.474+0000] {dagbag.py:536} INFO - Filling up the DagBag from /opt/airflow/dags/tasks/recsys_data_sync.py
[2025-11-17T16:20:45.011+0000] {processor.py:841} WARNING - No viable dags retrieved from /opt/airflow/dags/tasks/recsys_data_sync.py
[2025-11-17T16:20:45.026+0000] {processor.py:179} INFO - Processing /opt/airflow/dags/tasks/recsys_data_sync.py took 0.557 seconds
[2025-11-17T16:21:15.745+0000] {processor.py:157} INFO - Started process (PID=15348) to work on /opt/airflow/dags/tasks/recsys_data_sync.py
[2025-11-17T16:21:15.746+0000] {processor.py:829} INFO - Processing file /opt/airflow/dags/tasks/recsys_data_sync.py for tasks to queue
[2025-11-17T16:21:15.746+0000] {logging_mixin.py:154} INFO - [2025-11-17T16:21:15.746+0000] {dagbag.py:536} INFO - Filling up the DagBag from /opt/airflow/dags/tasks/recsys_data_sync.py
[2025-11-17T16:21:16.226+0000] {processor.py:841} WARNING - No viable dags retrieved from /opt/airflow/dags/tasks/recsys_data_sync.py
[2025-11-17T16:21:16.236+0000] {processor.py:179} INFO - Processing /opt/airflow/dags/tasks/recsys_data_sync.py took 0.508 seconds
[2025-11-17T16:21:46.840+0000] {processor.py:157} INFO - Started process (PID=15431) to work on /opt/airflow/dags/tasks/recsys_data_sync.py
[2025-11-17T16:21:46.841+0000] {processor.py:829} INFO - Processing file /opt/airflow/dags/tasks/recsys_data_sync.py for tasks to queue
[2025-11-17T16:21:46.841+0000] {logging_mixin.py:154} INFO - [2025-11-17T16:21:46.841+0000] {dagbag.py:536} INFO - Filling up the DagBag from /opt/airflow/dags/tasks/recsys_data_sync.py
[2025-11-17T16:21:47.187+0000] {processor.py:841} WARNING - No viable dags retrieved from /opt/airflow/dags/tasks/recsys_data_sync.py
[2025-11-17T16:21:47.196+0000] {processor.py:179} INFO - Processing /opt/airflow/dags/tasks/recsys_data_sync.py took 0.359 seconds
[2025-11-17T16:22:17.321+0000] {processor.py:157} INFO - Started process (PID=15502) to work on /opt/airflow/dags/tasks/recsys_data_sync.py
[2025-11-17T16:22:17.322+0000] {processor.py:829} INFO - Processing file /opt/airflow/dags/tasks/recsys_data_sync.py for tasks to queue
[2025-11-17T16:22:17.322+0000] {logging_mixin.py:154} INFO - [2025-11-17T16:22:17.322+0000] {dagbag.py:536} INFO - Filling up the DagBag from /opt/airflow/dags/tasks/recsys_data_sync.py
[2025-11-17T16:22:17.737+0000] {processor.py:841} WARNING - No viable dags retrieved from /opt/airflow/dags/tasks/recsys_data_sync.py
[2025-11-17T16:22:17.746+0000] {processor.py:179} INFO - Processing /opt/airflow/dags/tasks/recsys_data_sync.py took 0.428 seconds
[2025-11-17T16:22:47.994+0000] {processor.py:157} INFO - Started process (PID=15567) to work on /opt/airflow/dags/tasks/recsys_data_sync.py
[2025-11-17T16:22:47.995+0000] {processor.py:829} INFO - Processing file /opt/airflow/dags/tasks/recsys_data_sync.py for tasks to queue
[2025-11-17T16:22:47.995+0000] {logging_mixin.py:154} INFO - [2025-11-17T16:22:47.995+0000] {dagbag.py:536} INFO - Filling up the DagBag from /opt/airflow/dags/tasks/recsys_data_sync.py
[2025-11-17T16:22:48.323+0000] {processor.py:841} WARNING - No viable dags retrieved from /opt/airflow/dags/tasks/recsys_data_sync.py
[2025-11-17T16:22:48.333+0000] {processor.py:179} INFO - Processing /opt/airflow/dags/tasks/recsys_data_sync.py took 0.341 seconds
[2025-11-17T16:23:18.617+0000] {processor.py:157} INFO - Started process (PID=15632) to work on /opt/airflow/dags/tasks/recsys_data_sync.py
[2025-11-17T16:23:18.617+0000] {processor.py:829} INFO - Processing file /opt/airflow/dags/tasks/recsys_data_sync.py for tasks to queue
[2025-11-17T16:23:18.618+0000] {logging_mixin.py:154} INFO - [2025-11-17T16:23:18.618+0000] {dagbag.py:536} INFO - Filling up the DagBag from /opt/airflow/dags/tasks/recsys_data_sync.py
[2025-11-17T16:23:18.955+0000] {processor.py:841} WARNING - No viable dags retrieved from /opt/airflow/dags/tasks/recsys_data_sync.py
[2025-11-17T16:23:18.965+0000] {processor.py:179} INFO - Processing /opt/airflow/dags/tasks/recsys_data_sync.py took 0.351 seconds
[2025-11-17T16:23:49.176+0000] {processor.py:157} INFO - Started process (PID=15704) to work on /opt/airflow/dags/tasks/recsys_data_sync.py
[2025-11-17T16:23:49.184+0000] {processor.py:829} INFO - Processing file /opt/airflow/dags/tasks/recsys_data_sync.py for tasks to queue
[2025-11-17T16:23:49.185+0000] {logging_mixin.py:154} INFO - [2025-11-17T16:23:49.185+0000] {dagbag.py:536} INFO - Filling up the DagBag from /opt/airflow/dags/tasks/recsys_data_sync.py
[2025-11-17T16:23:49.506+0000] {processor.py:841} WARNING - No viable dags retrieved from /opt/airflow/dags/tasks/recsys_data_sync.py
[2025-11-17T16:23:49.515+0000] {processor.py:179} INFO - Processing /opt/airflow/dags/tasks/recsys_data_sync.py took 0.342 seconds
[2025-11-17T16:24:19.813+0000] {processor.py:157} INFO - Started process (PID=15804) to work on /opt/airflow/dags/tasks/recsys_data_sync.py
[2025-11-17T16:24:19.813+0000] {processor.py:829} INFO - Processing file /opt/airflow/dags/tasks/recsys_data_sync.py for tasks to queue
[2025-11-17T16:24:19.814+0000] {logging_mixin.py:154} INFO - [2025-11-17T16:24:19.814+0000] {dagbag.py:536} INFO - Filling up the DagBag from /opt/airflow/dags/tasks/recsys_data_sync.py
[2025-11-17T16:24:20.185+0000] {processor.py:841} WARNING - No viable dags retrieved from /opt/airflow/dags/tasks/recsys_data_sync.py
[2025-11-17T16:24:20.194+0000] {processor.py:179} INFO - Processing /opt/airflow/dags/tasks/recsys_data_sync.py took 0.385 seconds
[2025-11-17T16:24:50.682+0000] {processor.py:157} INFO - Started process (PID=15985) to work on /opt/airflow/dags/tasks/recsys_data_sync.py
[2025-11-17T16:24:50.682+0000] {processor.py:829} INFO - Processing file /opt/airflow/dags/tasks/recsys_data_sync.py for tasks to queue
[2025-11-17T16:24:50.683+0000] {logging_mixin.py:154} INFO - [2025-11-17T16:24:50.683+0000] {dagbag.py:536} INFO - Filling up the DagBag from /opt/airflow/dags/tasks/recsys_data_sync.py
[2025-11-17T16:24:51.045+0000] {processor.py:841} WARNING - No viable dags retrieved from /opt/airflow/dags/tasks/recsys_data_sync.py
[2025-11-17T16:24:51.053+0000] {processor.py:179} INFO - Processing /opt/airflow/dags/tasks/recsys_data_sync.py took 0.375 seconds
[2025-11-17T16:25:21.404+0000] {processor.py:157} INFO - Started process (PID=16178) to work on /opt/airflow/dags/tasks/recsys_data_sync.py
[2025-11-17T16:25:21.426+0000] {processor.py:829} INFO - Processing file /opt/airflow/dags/tasks/recsys_data_sync.py for tasks to queue
[2025-11-17T16:25:21.426+0000] {logging_mixin.py:154} INFO - [2025-11-17T16:25:21.426+0000] {dagbag.py:536} INFO - Filling up the DagBag from /opt/airflow/dags/tasks/recsys_data_sync.py
[2025-11-17T16:25:21.802+0000] {processor.py:841} WARNING - No viable dags retrieved from /opt/airflow/dags/tasks/recsys_data_sync.py
[2025-11-17T16:25:21.812+0000] {processor.py:179} INFO - Processing /opt/airflow/dags/tasks/recsys_data_sync.py took 0.411 seconds
[2025-11-17T16:25:51.994+0000] {processor.py:157} INFO - Started process (PID=16236) to work on /opt/airflow/dags/tasks/recsys_data_sync.py
[2025-11-17T16:25:51.995+0000] {processor.py:829} INFO - Processing file /opt/airflow/dags/tasks/recsys_data_sync.py for tasks to queue
[2025-11-17T16:25:51.996+0000] {logging_mixin.py:154} INFO - [2025-11-17T16:25:51.995+0000] {dagbag.py:536} INFO - Filling up the DagBag from /opt/airflow/dags/tasks/recsys_data_sync.py
[2025-11-17T16:25:52.367+0000] {processor.py:841} WARNING - No viable dags retrieved from /opt/airflow/dags/tasks/recsys_data_sync.py
[2025-11-17T16:25:52.377+0000] {processor.py:179} INFO - Processing /opt/airflow/dags/tasks/recsys_data_sync.py took 0.386 seconds
[2025-11-17T16:26:22.519+0000] {processor.py:157} INFO - Started process (PID=16325) to work on /opt/airflow/dags/tasks/recsys_data_sync.py
[2025-11-17T16:26:22.520+0000] {processor.py:829} INFO - Processing file /opt/airflow/dags/tasks/recsys_data_sync.py for tasks to queue
[2025-11-17T16:26:22.521+0000] {logging_mixin.py:154} INFO - [2025-11-17T16:26:22.520+0000] {dagbag.py:536} INFO - Filling up the DagBag from /opt/airflow/dags/tasks/recsys_data_sync.py
[2025-11-17T16:26:22.870+0000] {processor.py:841} WARNING - No viable dags retrieved from /opt/airflow/dags/tasks/recsys_data_sync.py
[2025-11-17T16:26:22.880+0000] {processor.py:179} INFO - Processing /opt/airflow/dags/tasks/recsys_data_sync.py took 0.362 seconds
[2025-11-17T16:26:53.752+0000] {processor.py:157} INFO - Started process (PID=16380) to work on /opt/airflow/dags/tasks/recsys_data_sync.py
[2025-11-17T16:26:53.753+0000] {processor.py:829} INFO - Processing file /opt/airflow/dags/tasks/recsys_data_sync.py for tasks to queue
[2025-11-17T16:26:53.753+0000] {logging_mixin.py:154} INFO - [2025-11-17T16:26:53.753+0000] {dagbag.py:536} INFO - Filling up the DagBag from /opt/airflow/dags/tasks/recsys_data_sync.py
[2025-11-17T16:26:54.103+0000] {processor.py:841} WARNING - No viable dags retrieved from /opt/airflow/dags/tasks/recsys_data_sync.py
[2025-11-17T16:26:54.113+0000] {processor.py:179} INFO - Processing /opt/airflow/dags/tasks/recsys_data_sync.py took 0.364 seconds
[2025-11-17T16:27:24.825+0000] {processor.py:157} INFO - Started process (PID=16446) to work on /opt/airflow/dags/tasks/recsys_data_sync.py
[2025-11-17T16:27:24.826+0000] {processor.py:829} INFO - Processing file /opt/airflow/dags/tasks/recsys_data_sync.py for tasks to queue
[2025-11-17T16:27:24.826+0000] {logging_mixin.py:154} INFO - [2025-11-17T16:27:24.826+0000] {dagbag.py:536} INFO - Filling up the DagBag from /opt/airflow/dags/tasks/recsys_data_sync.py
[2025-11-17T16:27:25.212+0000] {processor.py:841} WARNING - No viable dags retrieved from /opt/airflow/dags/tasks/recsys_data_sync.py
[2025-11-17T16:27:25.223+0000] {processor.py:179} INFO - Processing /opt/airflow/dags/tasks/recsys_data_sync.py took 0.401 seconds
[2025-11-17T16:27:55.871+0000] {processor.py:157} INFO - Started process (PID=16511) to work on /opt/airflow/dags/tasks/recsys_data_sync.py
[2025-11-17T16:27:55.871+0000] {processor.py:829} INFO - Processing file /opt/airflow/dags/tasks/recsys_data_sync.py for tasks to queue
[2025-11-17T16:27:55.872+0000] {logging_mixin.py:154} INFO - [2025-11-17T16:27:55.871+0000] {dagbag.py:536} INFO - Filling up the DagBag from /opt/airflow/dags/tasks/recsys_data_sync.py
[2025-11-17T16:27:56.203+0000] {processor.py:841} WARNING - No viable dags retrieved from /opt/airflow/dags/tasks/recsys_data_sync.py
[2025-11-17T16:27:56.213+0000] {processor.py:179} INFO - Processing /opt/airflow/dags/tasks/recsys_data_sync.py took 0.346 seconds
[2025-11-17T16:28:26.717+0000] {processor.py:157} INFO - Started process (PID=16577) to work on /opt/airflow/dags/tasks/recsys_data_sync.py
[2025-11-17T16:28:26.718+0000] {processor.py:829} INFO - Processing file /opt/airflow/dags/tasks/recsys_data_sync.py for tasks to queue
[2025-11-17T16:28:26.719+0000] {logging_mixin.py:154} INFO - [2025-11-17T16:28:26.719+0000] {dagbag.py:536} INFO - Filling up the DagBag from /opt/airflow/dags/tasks/recsys_data_sync.py
[2025-11-17T16:28:27.058+0000] {processor.py:841} WARNING - No viable dags retrieved from /opt/airflow/dags/tasks/recsys_data_sync.py
[2025-11-17T16:28:27.069+0000] {processor.py:179} INFO - Processing /opt/airflow/dags/tasks/recsys_data_sync.py took 0.355 seconds
[2025-11-17T16:28:57.768+0000] {processor.py:157} INFO - Started process (PID=16641) to work on /opt/airflow/dags/tasks/recsys_data_sync.py
[2025-11-17T16:28:57.768+0000] {processor.py:829} INFO - Processing file /opt/airflow/dags/tasks/recsys_data_sync.py for tasks to queue
[2025-11-17T16:28:57.769+0000] {logging_mixin.py:154} INFO - [2025-11-17T16:28:57.768+0000] {dagbag.py:536} INFO - Filling up the DagBag from /opt/airflow/dags/tasks/recsys_data_sync.py
[2025-11-17T16:28:58.160+0000] {processor.py:841} WARNING - No viable dags retrieved from /opt/airflow/dags/tasks/recsys_data_sync.py
[2025-11-17T16:28:58.170+0000] {processor.py:179} INFO - Processing /opt/airflow/dags/tasks/recsys_data_sync.py took 0.406 seconds
[2025-11-17T16:29:28.845+0000] {processor.py:157} INFO - Started process (PID=16706) to work on /opt/airflow/dags/tasks/recsys_data_sync.py
[2025-11-17T16:29:28.846+0000] {processor.py:829} INFO - Processing file /opt/airflow/dags/tasks/recsys_data_sync.py for tasks to queue
[2025-11-17T16:29:28.847+0000] {logging_mixin.py:154} INFO - [2025-11-17T16:29:28.847+0000] {dagbag.py:536} INFO - Filling up the DagBag from /opt/airflow/dags/tasks/recsys_data_sync.py
[2025-11-17T16:29:29.223+0000] {processor.py:841} WARNING - No viable dags retrieved from /opt/airflow/dags/tasks/recsys_data_sync.py
[2025-11-17T16:29:29.232+0000] {processor.py:179} INFO - Processing /opt/airflow/dags/tasks/recsys_data_sync.py took 0.390 seconds
[2025-11-17T16:29:59.936+0000] {processor.py:157} INFO - Started process (PID=16771) to work on /opt/airflow/dags/tasks/recsys_data_sync.py
[2025-11-17T16:29:59.937+0000] {processor.py:829} INFO - Processing file /opt/airflow/dags/tasks/recsys_data_sync.py for tasks to queue
[2025-11-17T16:29:59.937+0000] {logging_mixin.py:154} INFO - [2025-11-17T16:29:59.937+0000] {dagbag.py:536} INFO - Filling up the DagBag from /opt/airflow/dags/tasks/recsys_data_sync.py
[2025-11-17T16:30:00.302+0000] {processor.py:841} WARNING - No viable dags retrieved from /opt/airflow/dags/tasks/recsys_data_sync.py
[2025-11-17T16:30:00.312+0000] {processor.py:179} INFO - Processing /opt/airflow/dags/tasks/recsys_data_sync.py took 0.378 seconds
[2025-11-17T16:30:30.935+0000] {processor.py:157} INFO - Started process (PID=16836) to work on /opt/airflow/dags/tasks/recsys_data_sync.py
[2025-11-17T16:30:30.936+0000] {processor.py:829} INFO - Processing file /opt/airflow/dags/tasks/recsys_data_sync.py for tasks to queue
[2025-11-17T16:30:30.937+0000] {logging_mixin.py:154} INFO - [2025-11-17T16:30:30.936+0000] {dagbag.py:536} INFO - Filling up the DagBag from /opt/airflow/dags/tasks/recsys_data_sync.py
[2025-11-17T16:30:31.276+0000] {processor.py:841} WARNING - No viable dags retrieved from /opt/airflow/dags/tasks/recsys_data_sync.py
[2025-11-17T16:30:31.286+0000] {processor.py:179} INFO - Processing /opt/airflow/dags/tasks/recsys_data_sync.py took 0.353 seconds
[2025-11-17T16:31:01.418+0000] {processor.py:157} INFO - Started process (PID=16901) to work on /opt/airflow/dags/tasks/recsys_data_sync.py
[2025-11-17T16:31:01.418+0000] {processor.py:829} INFO - Processing file /opt/airflow/dags/tasks/recsys_data_sync.py for tasks to queue
[2025-11-17T16:31:01.419+0000] {logging_mixin.py:154} INFO - [2025-11-17T16:31:01.419+0000] {dagbag.py:536} INFO - Filling up the DagBag from /opt/airflow/dags/tasks/recsys_data_sync.py
[2025-11-17T16:31:01.736+0000] {processor.py:841} WARNING - No viable dags retrieved from /opt/airflow/dags/tasks/recsys_data_sync.py
[2025-11-17T16:31:01.746+0000] {processor.py:179} INFO - Processing /opt/airflow/dags/tasks/recsys_data_sync.py took 0.331 seconds
[2025-11-17T16:31:32.043+0000] {processor.py:157} INFO - Started process (PID=16966) to work on /opt/airflow/dags/tasks/recsys_data_sync.py
[2025-11-17T16:31:32.044+0000] {processor.py:829} INFO - Processing file /opt/airflow/dags/tasks/recsys_data_sync.py for tasks to queue
[2025-11-17T16:31:32.045+0000] {logging_mixin.py:154} INFO - [2025-11-17T16:31:32.045+0000] {dagbag.py:536} INFO - Filling up the DagBag from /opt/airflow/dags/tasks/recsys_data_sync.py
[2025-11-17T16:31:32.377+0000] {processor.py:841} WARNING - No viable dags retrieved from /opt/airflow/dags/tasks/recsys_data_sync.py
[2025-11-17T16:31:32.386+0000] {processor.py:179} INFO - Processing /opt/airflow/dags/tasks/recsys_data_sync.py took 0.346 seconds
[2025-11-17T16:32:02.484+0000] {processor.py:157} INFO - Started process (PID=17031) to work on /opt/airflow/dags/tasks/recsys_data_sync.py
[2025-11-17T16:32:02.484+0000] {processor.py:829} INFO - Processing file /opt/airflow/dags/tasks/recsys_data_sync.py for tasks to queue
[2025-11-17T16:32:02.485+0000] {logging_mixin.py:154} INFO - [2025-11-17T16:32:02.485+0000] {dagbag.py:536} INFO - Filling up the DagBag from /opt/airflow/dags/tasks/recsys_data_sync.py
[2025-11-17T16:32:02.809+0000] {processor.py:841} WARNING - No viable dags retrieved from /opt/airflow/dags/tasks/recsys_data_sync.py
[2025-11-17T16:32:02.818+0000] {processor.py:179} INFO - Processing /opt/airflow/dags/tasks/recsys_data_sync.py took 0.337 seconds
[2025-11-17T16:32:32.920+0000] {processor.py:157} INFO - Started process (PID=17089) to work on /opt/airflow/dags/tasks/recsys_data_sync.py
[2025-11-17T16:32:32.920+0000] {processor.py:829} INFO - Processing file /opt/airflow/dags/tasks/recsys_data_sync.py for tasks to queue
[2025-11-17T16:32:32.921+0000] {logging_mixin.py:154} INFO - [2025-11-17T16:32:32.921+0000] {dagbag.py:536} INFO - Filling up the DagBag from /opt/airflow/dags/tasks/recsys_data_sync.py
[2025-11-17T16:32:33.241+0000] {processor.py:841} WARNING - No viable dags retrieved from /opt/airflow/dags/tasks/recsys_data_sync.py
[2025-11-17T16:32:33.251+0000] {processor.py:179} INFO - Processing /opt/airflow/dags/tasks/recsys_data_sync.py took 0.335 seconds
[2025-11-17T16:33:03.558+0000] {processor.py:157} INFO - Started process (PID=17154) to work on /opt/airflow/dags/tasks/recsys_data_sync.py
[2025-11-17T16:33:03.559+0000] {processor.py:829} INFO - Processing file /opt/airflow/dags/tasks/recsys_data_sync.py for tasks to queue
[2025-11-17T16:33:03.559+0000] {logging_mixin.py:154} INFO - [2025-11-17T16:33:03.559+0000] {dagbag.py:536} INFO - Filling up the DagBag from /opt/airflow/dags/tasks/recsys_data_sync.py
[2025-11-17T16:33:04.015+0000] {processor.py:841} WARNING - No viable dags retrieved from /opt/airflow/dags/tasks/recsys_data_sync.py
[2025-11-17T16:33:04.025+0000] {processor.py:179} INFO - Processing /opt/airflow/dags/tasks/recsys_data_sync.py took 0.470 seconds
[2025-11-17T16:33:34.247+0000] {processor.py:157} INFO - Started process (PID=17219) to work on /opt/airflow/dags/tasks/recsys_data_sync.py
[2025-11-17T16:33:34.248+0000] {processor.py:829} INFO - Processing file /opt/airflow/dags/tasks/recsys_data_sync.py for tasks to queue
[2025-11-17T16:33:34.248+0000] {logging_mixin.py:154} INFO - [2025-11-17T16:33:34.248+0000] {dagbag.py:536} INFO - Filling up the DagBag from /opt/airflow/dags/tasks/recsys_data_sync.py
[2025-11-17T16:33:34.622+0000] {processor.py:841} WARNING - No viable dags retrieved from /opt/airflow/dags/tasks/recsys_data_sync.py
[2025-11-17T16:33:34.634+0000] {processor.py:179} INFO - Processing /opt/airflow/dags/tasks/recsys_data_sync.py took 0.389 seconds
[2025-11-17T16:34:04.874+0000] {processor.py:157} INFO - Started process (PID=17284) to work on /opt/airflow/dags/tasks/recsys_data_sync.py
[2025-11-17T16:34:04.874+0000] {processor.py:829} INFO - Processing file /opt/airflow/dags/tasks/recsys_data_sync.py for tasks to queue
[2025-11-17T16:34:04.875+0000] {logging_mixin.py:154} INFO - [2025-11-17T16:34:04.874+0000] {dagbag.py:536} INFO - Filling up the DagBag from /opt/airflow/dags/tasks/recsys_data_sync.py
[2025-11-17T16:34:05.314+0000] {processor.py:841} WARNING - No viable dags retrieved from /opt/airflow/dags/tasks/recsys_data_sync.py
[2025-11-17T16:34:05.325+0000] {processor.py:179} INFO - Processing /opt/airflow/dags/tasks/recsys_data_sync.py took 0.455 seconds
[2025-11-17T16:34:35.453+0000] {processor.py:157} INFO - Started process (PID=17503) to work on /opt/airflow/dags/tasks/recsys_data_sync.py
[2025-11-17T16:34:35.454+0000] {processor.py:829} INFO - Processing file /opt/airflow/dags/tasks/recsys_data_sync.py for tasks to queue
[2025-11-17T16:34:35.455+0000] {logging_mixin.py:154} INFO - [2025-11-17T16:34:35.454+0000] {dagbag.py:536} INFO - Filling up the DagBag from /opt/airflow/dags/tasks/recsys_data_sync.py
[2025-11-17T16:34:35.832+0000] {processor.py:841} WARNING - No viable dags retrieved from /opt/airflow/dags/tasks/recsys_data_sync.py
[2025-11-17T16:34:35.841+0000] {processor.py:179} INFO - Processing /opt/airflow/dags/tasks/recsys_data_sync.py took 0.390 seconds
[2025-11-17T16:35:06.033+0000] {processor.py:157} INFO - Started process (PID=17569) to work on /opt/airflow/dags/tasks/recsys_data_sync.py
[2025-11-17T16:35:06.033+0000] {processor.py:829} INFO - Processing file /opt/airflow/dags/tasks/recsys_data_sync.py for tasks to queue
[2025-11-17T16:35:06.034+0000] {logging_mixin.py:154} INFO - [2025-11-17T16:35:06.034+0000] {dagbag.py:536} INFO - Filling up the DagBag from /opt/airflow/dags/tasks/recsys_data_sync.py
[2025-11-17T16:35:06.376+0000] {processor.py:841} WARNING - No viable dags retrieved from /opt/airflow/dags/tasks/recsys_data_sync.py
[2025-11-17T16:35:06.387+0000] {processor.py:179} INFO - Processing /opt/airflow/dags/tasks/recsys_data_sync.py took 0.357 seconds
[2025-11-17T16:35:36.493+0000] {processor.py:157} INFO - Started process (PID=17634) to work on /opt/airflow/dags/tasks/recsys_data_sync.py
[2025-11-17T16:35:36.494+0000] {processor.py:829} INFO - Processing file /opt/airflow/dags/tasks/recsys_data_sync.py for tasks to queue
[2025-11-17T16:35:36.494+0000] {logging_mixin.py:154} INFO - [2025-11-17T16:35:36.494+0000] {dagbag.py:536} INFO - Filling up the DagBag from /opt/airflow/dags/tasks/recsys_data_sync.py
[2025-11-17T16:35:36.821+0000] {processor.py:841} WARNING - No viable dags retrieved from /opt/airflow/dags/tasks/recsys_data_sync.py
[2025-11-17T16:35:36.830+0000] {processor.py:179} INFO - Processing /opt/airflow/dags/tasks/recsys_data_sync.py took 0.339 seconds
[2025-11-17T16:36:07.154+0000] {processor.py:157} INFO - Started process (PID=17699) to work on /opt/airflow/dags/tasks/recsys_data_sync.py
[2025-11-17T16:36:07.155+0000] {processor.py:829} INFO - Processing file /opt/airflow/dags/tasks/recsys_data_sync.py for tasks to queue
[2025-11-17T16:36:07.156+0000] {logging_mixin.py:154} INFO - [2025-11-17T16:36:07.155+0000] {dagbag.py:536} INFO - Filling up the DagBag from /opt/airflow/dags/tasks/recsys_data_sync.py
[2025-11-17T16:36:07.527+0000] {processor.py:841} WARNING - No viable dags retrieved from /opt/airflow/dags/tasks/recsys_data_sync.py
[2025-11-17T16:36:07.537+0000] {processor.py:179} INFO - Processing /opt/airflow/dags/tasks/recsys_data_sync.py took 0.386 seconds
[2025-11-17T16:36:37.663+0000] {processor.py:157} INFO - Started process (PID=17764) to work on /opt/airflow/dags/tasks/recsys_data_sync.py
[2025-11-17T16:36:37.664+0000] {processor.py:829} INFO - Processing file /opt/airflow/dags/tasks/recsys_data_sync.py for tasks to queue
[2025-11-17T16:36:37.664+0000] {logging_mixin.py:154} INFO - [2025-11-17T16:36:37.664+0000] {dagbag.py:536} INFO - Filling up the DagBag from /opt/airflow/dags/tasks/recsys_data_sync.py
[2025-11-17T16:36:37.990+0000] {processor.py:841} WARNING - No viable dags retrieved from /opt/airflow/dags/tasks/recsys_data_sync.py
[2025-11-17T16:36:38.000+0000] {processor.py:179} INFO - Processing /opt/airflow/dags/tasks/recsys_data_sync.py took 0.340 seconds
[2025-11-17T16:37:08.120+0000] {processor.py:157} INFO - Started process (PID=17829) to work on /opt/airflow/dags/tasks/recsys_data_sync.py
[2025-11-17T16:37:08.120+0000] {processor.py:829} INFO - Processing file /opt/airflow/dags/tasks/recsys_data_sync.py for tasks to queue
[2025-11-17T16:37:08.121+0000] {logging_mixin.py:154} INFO - [2025-11-17T16:37:08.121+0000] {dagbag.py:536} INFO - Filling up the DagBag from /opt/airflow/dags/tasks/recsys_data_sync.py
[2025-11-17T16:37:08.449+0000] {processor.py:841} WARNING - No viable dags retrieved from /opt/airflow/dags/tasks/recsys_data_sync.py
[2025-11-17T16:37:08.459+0000] {processor.py:179} INFO - Processing /opt/airflow/dags/tasks/recsys_data_sync.py took 0.342 seconds
[2025-11-17T16:37:38.702+0000] {processor.py:157} INFO - Started process (PID=17887) to work on /opt/airflow/dags/tasks/recsys_data_sync.py
[2025-11-17T16:37:38.703+0000] {processor.py:829} INFO - Processing file /opt/airflow/dags/tasks/recsys_data_sync.py for tasks to queue
[2025-11-17T16:37:38.703+0000] {logging_mixin.py:154} INFO - [2025-11-17T16:37:38.703+0000] {dagbag.py:536} INFO - Filling up the DagBag from /opt/airflow/dags/tasks/recsys_data_sync.py
[2025-11-17T16:37:39.030+0000] {processor.py:841} WARNING - No viable dags retrieved from /opt/airflow/dags/tasks/recsys_data_sync.py
[2025-11-17T16:37:39.039+0000] {processor.py:179} INFO - Processing /opt/airflow/dags/tasks/recsys_data_sync.py took 0.341 seconds
[2025-11-17T16:38:09.200+0000] {processor.py:157} INFO - Started process (PID=17952) to work on /opt/airflow/dags/tasks/recsys_data_sync.py
[2025-11-17T16:38:09.201+0000] {processor.py:829} INFO - Processing file /opt/airflow/dags/tasks/recsys_data_sync.py for tasks to queue
[2025-11-17T16:38:09.201+0000] {logging_mixin.py:154} INFO - [2025-11-17T16:38:09.201+0000] {dagbag.py:536} INFO - Filling up the DagBag from /opt/airflow/dags/tasks/recsys_data_sync.py
[2025-11-17T16:38:09.647+0000] {processor.py:841} WARNING - No viable dags retrieved from /opt/airflow/dags/tasks/recsys_data_sync.py
[2025-11-17T16:38:09.658+0000] {processor.py:179} INFO - Processing /opt/airflow/dags/tasks/recsys_data_sync.py took 0.461 seconds
[2025-11-17T16:38:39.911+0000] {processor.py:157} INFO - Started process (PID=18017) to work on /opt/airflow/dags/tasks/recsys_data_sync.py
[2025-11-17T16:38:39.912+0000] {processor.py:829} INFO - Processing file /opt/airflow/dags/tasks/recsys_data_sync.py for tasks to queue
[2025-11-17T16:38:39.913+0000] {logging_mixin.py:154} INFO - [2025-11-17T16:38:39.912+0000] {dagbag.py:536} INFO - Filling up the DagBag from /opt/airflow/dags/tasks/recsys_data_sync.py
[2025-11-17T16:38:40.233+0000] {processor.py:841} WARNING - No viable dags retrieved from /opt/airflow/dags/tasks/recsys_data_sync.py
[2025-11-17T16:38:40.243+0000] {processor.py:179} INFO - Processing /opt/airflow/dags/tasks/recsys_data_sync.py took 0.335 seconds
[2025-11-17T16:39:10.352+0000] {processor.py:157} INFO - Started process (PID=18080) to work on /opt/airflow/dags/tasks/recsys_data_sync.py
[2025-11-17T16:39:10.353+0000] {processor.py:829} INFO - Processing file /opt/airflow/dags/tasks/recsys_data_sync.py for tasks to queue
[2025-11-17T16:39:10.354+0000] {logging_mixin.py:154} INFO - [2025-11-17T16:39:10.354+0000] {dagbag.py:536} INFO - Filling up the DagBag from /opt/airflow/dags/tasks/recsys_data_sync.py
[2025-11-17T16:39:10.703+0000] {processor.py:841} WARNING - No viable dags retrieved from /opt/airflow/dags/tasks/recsys_data_sync.py
[2025-11-17T16:39:10.712+0000] {processor.py:179} INFO - Processing /opt/airflow/dags/tasks/recsys_data_sync.py took 0.363 seconds
[2025-11-17T16:39:41.547+0000] {processor.py:157} INFO - Started process (PID=18134) to work on /opt/airflow/dags/tasks/recsys_data_sync.py
[2025-11-17T16:39:41.548+0000] {processor.py:829} INFO - Processing file /opt/airflow/dags/tasks/recsys_data_sync.py for tasks to queue
[2025-11-17T16:39:41.548+0000] {logging_mixin.py:154} INFO - [2025-11-17T16:39:41.548+0000] {dagbag.py:536} INFO - Filling up the DagBag from /opt/airflow/dags/tasks/recsys_data_sync.py
[2025-11-17T16:39:41.869+0000] {processor.py:841} WARNING - No viable dags retrieved from /opt/airflow/dags/tasks/recsys_data_sync.py
[2025-11-17T16:39:41.880+0000] {processor.py:179} INFO - Processing /opt/airflow/dags/tasks/recsys_data_sync.py took 0.335 seconds
[2025-11-17T16:40:12.688+0000] {processor.py:157} INFO - Started process (PID=18196) to work on /opt/airflow/dags/tasks/recsys_data_sync.py
[2025-11-17T16:40:12.689+0000] {processor.py:829} INFO - Processing file /opt/airflow/dags/tasks/recsys_data_sync.py for tasks to queue
[2025-11-17T16:40:12.689+0000] {logging_mixin.py:154} INFO - [2025-11-17T16:40:12.689+0000] {dagbag.py:536} INFO - Filling up the DagBag from /opt/airflow/dags/tasks/recsys_data_sync.py
[2025-11-17T16:40:13.025+0000] {processor.py:841} WARNING - No viable dags retrieved from /opt/airflow/dags/tasks/recsys_data_sync.py
[2025-11-17T16:40:13.035+0000] {processor.py:179} INFO - Processing /opt/airflow/dags/tasks/recsys_data_sync.py took 0.350 seconds
[2025-11-17T16:40:43.768+0000] {processor.py:157} INFO - Started process (PID=18261) to work on /opt/airflow/dags/tasks/recsys_data_sync.py
[2025-11-17T16:40:43.769+0000] {processor.py:829} INFO - Processing file /opt/airflow/dags/tasks/recsys_data_sync.py for tasks to queue
[2025-11-17T16:40:43.769+0000] {logging_mixin.py:154} INFO - [2025-11-17T16:40:43.769+0000] {dagbag.py:536} INFO - Filling up the DagBag from /opt/airflow/dags/tasks/recsys_data_sync.py
[2025-11-17T16:40:44.101+0000] {processor.py:841} WARNING - No viable dags retrieved from /opt/airflow/dags/tasks/recsys_data_sync.py
[2025-11-17T16:40:44.111+0000] {processor.py:179} INFO - Processing /opt/airflow/dags/tasks/recsys_data_sync.py took 0.345 seconds
[2025-11-17T16:41:14.295+0000] {processor.py:157} INFO - Started process (PID=18326) to work on /opt/airflow/dags/tasks/recsys_data_sync.py
[2025-11-17T16:41:14.296+0000] {processor.py:829} INFO - Processing file /opt/airflow/dags/tasks/recsys_data_sync.py for tasks to queue
[2025-11-17T16:41:14.297+0000] {logging_mixin.py:154} INFO - [2025-11-17T16:41:14.296+0000] {dagbag.py:536} INFO - Filling up the DagBag from /opt/airflow/dags/tasks/recsys_data_sync.py
[2025-11-17T16:41:14.664+0000] {processor.py:841} WARNING - No viable dags retrieved from /opt/airflow/dags/tasks/recsys_data_sync.py
[2025-11-17T16:41:14.674+0000] {processor.py:179} INFO - Processing /opt/airflow/dags/tasks/recsys_data_sync.py took 0.383 seconds
[2025-11-17T16:41:44.898+0000] {processor.py:157} INFO - Started process (PID=18391) to work on /opt/airflow/dags/tasks/recsys_data_sync.py
[2025-11-17T16:41:44.899+0000] {processor.py:829} INFO - Processing file /opt/airflow/dags/tasks/recsys_data_sync.py for tasks to queue
[2025-11-17T16:41:44.899+0000] {logging_mixin.py:154} INFO - [2025-11-17T16:41:44.899+0000] {dagbag.py:536} INFO - Filling up the DagBag from /opt/airflow/dags/tasks/recsys_data_sync.py
[2025-11-17T16:41:45.224+0000] {processor.py:841} WARNING - No viable dags retrieved from /opt/airflow/dags/tasks/recsys_data_sync.py
[2025-11-17T16:41:45.234+0000] {processor.py:179} INFO - Processing /opt/airflow/dags/tasks/recsys_data_sync.py took 0.339 seconds
[2025-11-17T16:42:15.871+0000] {processor.py:157} INFO - Started process (PID=18456) to work on /opt/airflow/dags/tasks/recsys_data_sync.py
[2025-11-17T16:42:15.872+0000] {processor.py:829} INFO - Processing file /opt/airflow/dags/tasks/recsys_data_sync.py for tasks to queue
[2025-11-17T16:42:15.873+0000] {logging_mixin.py:154} INFO - [2025-11-17T16:42:15.873+0000] {dagbag.py:536} INFO - Filling up the DagBag from /opt/airflow/dags/tasks/recsys_data_sync.py
[2025-11-17T16:42:16.202+0000] {processor.py:841} WARNING - No viable dags retrieved from /opt/airflow/dags/tasks/recsys_data_sync.py
[2025-11-17T16:42:16.211+0000] {processor.py:179} INFO - Processing /opt/airflow/dags/tasks/recsys_data_sync.py took 0.343 seconds
[2025-11-17T16:42:22.671+0000] {processor.py:157} INFO - Started process (PID=171) to work on /opt/airflow/dags/tasks/recsys_data_sync.py
[2025-11-17T16:42:22.672+0000] {processor.py:829} INFO - Processing file /opt/airflow/dags/tasks/recsys_data_sync.py for tasks to queue
[2025-11-17T16:42:22.673+0000] {logging_mixin.py:154} INFO - [2025-11-17T16:42:22.673+0000] {dagbag.py:536} INFO - Filling up the DagBag from /opt/airflow/dags/tasks/recsys_data_sync.py
[2025-11-17T16:42:22.890+0000] {processor.py:841} WARNING - No viable dags retrieved from /opt/airflow/dags/tasks/recsys_data_sync.py
[2025-11-17T16:42:22.909+0000] {processor.py:179} INFO - Processing /opt/airflow/dags/tasks/recsys_data_sync.py took 0.242 seconds
[2025-11-17T16:42:53.057+0000] {processor.py:157} INFO - Started process (PID=233) to work on /opt/airflow/dags/tasks/recsys_data_sync.py
[2025-11-17T16:42:53.058+0000] {processor.py:829} INFO - Processing file /opt/airflow/dags/tasks/recsys_data_sync.py for tasks to queue
[2025-11-17T16:42:53.058+0000] {logging_mixin.py:154} INFO - [2025-11-17T16:42:53.058+0000] {dagbag.py:536} INFO - Filling up the DagBag from /opt/airflow/dags/tasks/recsys_data_sync.py
[2025-11-17T16:42:53.238+0000] {processor.py:841} WARNING - No viable dags retrieved from /opt/airflow/dags/tasks/recsys_data_sync.py
[2025-11-17T16:42:53.252+0000] {processor.py:179} INFO - Processing /opt/airflow/dags/tasks/recsys_data_sync.py took 0.198 seconds
[2025-11-17T16:43:23.822+0000] {processor.py:157} INFO - Started process (PID=298) to work on /opt/airflow/dags/tasks/recsys_data_sync.py
[2025-11-17T16:43:23.822+0000] {processor.py:829} INFO - Processing file /opt/airflow/dags/tasks/recsys_data_sync.py for tasks to queue
[2025-11-17T16:43:23.823+0000] {logging_mixin.py:154} INFO - [2025-11-17T16:43:23.823+0000] {dagbag.py:536} INFO - Filling up the DagBag from /opt/airflow/dags/tasks/recsys_data_sync.py
[2025-11-17T16:43:24.023+0000] {processor.py:841} WARNING - No viable dags retrieved from /opt/airflow/dags/tasks/recsys_data_sync.py
[2025-11-17T16:43:24.036+0000] {processor.py:179} INFO - Processing /opt/airflow/dags/tasks/recsys_data_sync.py took 0.217 seconds
[2025-11-17T16:43:54.620+0000] {processor.py:157} INFO - Started process (PID=363) to work on /opt/airflow/dags/tasks/recsys_data_sync.py
[2025-11-17T16:43:54.621+0000] {processor.py:829} INFO - Processing file /opt/airflow/dags/tasks/recsys_data_sync.py for tasks to queue
[2025-11-17T16:43:54.621+0000] {logging_mixin.py:154} INFO - [2025-11-17T16:43:54.621+0000] {dagbag.py:536} INFO - Filling up the DagBag from /opt/airflow/dags/tasks/recsys_data_sync.py
[2025-11-17T16:43:54.800+0000] {processor.py:841} WARNING - No viable dags retrieved from /opt/airflow/dags/tasks/recsys_data_sync.py
[2025-11-17T16:43:54.811+0000] {processor.py:179} INFO - Processing /opt/airflow/dags/tasks/recsys_data_sync.py took 0.194 seconds
[2025-11-17T16:44:25.396+0000] {processor.py:157} INFO - Started process (PID=428) to work on /opt/airflow/dags/tasks/recsys_data_sync.py
[2025-11-17T16:44:25.396+0000] {processor.py:829} INFO - Processing file /opt/airflow/dags/tasks/recsys_data_sync.py for tasks to queue
[2025-11-17T16:44:25.397+0000] {logging_mixin.py:154} INFO - [2025-11-17T16:44:25.397+0000] {dagbag.py:536} INFO - Filling up the DagBag from /opt/airflow/dags/tasks/recsys_data_sync.py
[2025-11-17T16:44:25.590+0000] {processor.py:841} WARNING - No viable dags retrieved from /opt/airflow/dags/tasks/recsys_data_sync.py
[2025-11-17T16:44:25.604+0000] {processor.py:179} INFO - Processing /opt/airflow/dags/tasks/recsys_data_sync.py took 0.211 seconds
[2025-11-17T16:44:55.687+0000] {processor.py:157} INFO - Started process (PID=486) to work on /opt/airflow/dags/tasks/recsys_data_sync.py
[2025-11-17T16:44:55.688+0000] {processor.py:829} INFO - Processing file /opt/airflow/dags/tasks/recsys_data_sync.py for tasks to queue
[2025-11-17T16:44:55.688+0000] {logging_mixin.py:154} INFO - [2025-11-17T16:44:55.688+0000] {dagbag.py:536} INFO - Filling up the DagBag from /opt/airflow/dags/tasks/recsys_data_sync.py
[2025-11-17T16:44:55.873+0000] {processor.py:841} WARNING - No viable dags retrieved from /opt/airflow/dags/tasks/recsys_data_sync.py
[2025-11-17T16:44:55.887+0000] {processor.py:179} INFO - Processing /opt/airflow/dags/tasks/recsys_data_sync.py took 0.203 seconds
[2025-11-17T16:45:26.505+0000] {processor.py:157} INFO - Started process (PID=551) to work on /opt/airflow/dags/tasks/recsys_data_sync.py
[2025-11-17T16:45:26.506+0000] {processor.py:829} INFO - Processing file /opt/airflow/dags/tasks/recsys_data_sync.py for tasks to queue
[2025-11-17T16:45:26.507+0000] {logging_mixin.py:154} INFO - [2025-11-17T16:45:26.506+0000] {dagbag.py:536} INFO - Filling up the DagBag from /opt/airflow/dags/tasks/recsys_data_sync.py
[2025-11-17T16:45:26.693+0000] {processor.py:841} WARNING - No viable dags retrieved from /opt/airflow/dags/tasks/recsys_data_sync.py
[2025-11-17T16:45:26.706+0000] {processor.py:179} INFO - Processing /opt/airflow/dags/tasks/recsys_data_sync.py took 0.203 seconds
[2025-11-17T16:45:57.269+0000] {processor.py:157} INFO - Started process (PID=616) to work on /opt/airflow/dags/tasks/recsys_data_sync.py
[2025-11-17T16:45:57.270+0000] {processor.py:829} INFO - Processing file /opt/airflow/dags/tasks/recsys_data_sync.py for tasks to queue
[2025-11-17T16:45:57.270+0000] {logging_mixin.py:154} INFO - [2025-11-17T16:45:57.270+0000] {dagbag.py:536} INFO - Filling up the DagBag from /opt/airflow/dags/tasks/recsys_data_sync.py
[2025-11-17T16:45:57.448+0000] {processor.py:841} WARNING - No viable dags retrieved from /opt/airflow/dags/tasks/recsys_data_sync.py
[2025-11-17T16:45:57.461+0000] {processor.py:179} INFO - Processing /opt/airflow/dags/tasks/recsys_data_sync.py took 0.195 seconds
[2025-11-17T16:46:28.062+0000] {processor.py:157} INFO - Started process (PID=681) to work on /opt/airflow/dags/tasks/recsys_data_sync.py
[2025-11-17T16:46:28.063+0000] {processor.py:829} INFO - Processing file /opt/airflow/dags/tasks/recsys_data_sync.py for tasks to queue
[2025-11-17T16:46:28.063+0000] {logging_mixin.py:154} INFO - [2025-11-17T16:46:28.063+0000] {dagbag.py:536} INFO - Filling up the DagBag from /opt/airflow/dags/tasks/recsys_data_sync.py
[2025-11-17T16:46:28.235+0000] {processor.py:841} WARNING - No viable dags retrieved from /opt/airflow/dags/tasks/recsys_data_sync.py
[2025-11-17T16:46:27.333+0000] {processor.py:179} INFO - Processing /opt/airflow/dags/tasks/recsys_data_sync.py took 0.188 seconds
[2025-11-17T16:46:57.472+0000] {processor.py:157} INFO - Started process (PID=746) to work on /opt/airflow/dags/tasks/recsys_data_sync.py
[2025-11-17T16:46:57.473+0000] {processor.py:829} INFO - Processing file /opt/airflow/dags/tasks/recsys_data_sync.py for tasks to queue
[2025-11-17T16:46:57.473+0000] {logging_mixin.py:154} INFO - [2025-11-17T16:46:57.473+0000] {dagbag.py:536} INFO - Filling up the DagBag from /opt/airflow/dags/tasks/recsys_data_sync.py
[2025-11-17T16:46:57.656+0000] {processor.py:841} WARNING - No viable dags retrieved from /opt/airflow/dags/tasks/recsys_data_sync.py
[2025-11-17T16:46:57.668+0000] {processor.py:179} INFO - Processing /opt/airflow/dags/tasks/recsys_data_sync.py took 0.199 seconds
[2025-11-17T16:47:28.509+0000] {processor.py:157} INFO - Started process (PID=811) to work on /opt/airflow/dags/tasks/recsys_data_sync.py
[2025-11-17T16:47:28.510+0000] {processor.py:829} INFO - Processing file /opt/airflow/dags/tasks/recsys_data_sync.py for tasks to queue
[2025-11-17T16:47:28.510+0000] {logging_mixin.py:154} INFO - [2025-11-17T16:47:28.510+0000] {dagbag.py:536} INFO - Filling up the DagBag from /opt/airflow/dags/tasks/recsys_data_sync.py
[2025-11-17T16:47:28.703+0000] {processor.py:841} WARNING - No viable dags retrieved from /opt/airflow/dags/tasks/recsys_data_sync.py
[2025-11-17T16:47:28.715+0000] {processor.py:179} INFO - Processing /opt/airflow/dags/tasks/recsys_data_sync.py took 0.210 seconds
[2025-11-17T16:47:59.141+0000] {processor.py:157} INFO - Started process (PID=876) to work on /opt/airflow/dags/tasks/recsys_data_sync.py
[2025-11-17T16:47:59.143+0000] {processor.py:829} INFO - Processing file /opt/airflow/dags/tasks/recsys_data_sync.py for tasks to queue
[2025-11-17T16:47:59.143+0000] {logging_mixin.py:154} INFO - [2025-11-17T16:47:59.143+0000] {dagbag.py:536} INFO - Filling up the DagBag from /opt/airflow/dags/tasks/recsys_data_sync.py
[2025-11-17T16:47:59.374+0000] {processor.py:841} WARNING - No viable dags retrieved from /opt/airflow/dags/tasks/recsys_data_sync.py
[2025-11-17T16:47:59.387+0000] {processor.py:179} INFO - Processing /opt/airflow/dags/tasks/recsys_data_sync.py took 0.249 seconds
[2025-11-17T16:48:30.308+0000] {processor.py:157} INFO - Started process (PID=956) to work on /opt/airflow/dags/tasks/recsys_data_sync.py
[2025-11-17T16:48:30.309+0000] {processor.py:829} INFO - Processing file /opt/airflow/dags/tasks/recsys_data_sync.py for tasks to queue
[2025-11-17T16:48:30.310+0000] {logging_mixin.py:154} INFO - [2025-11-17T16:48:30.310+0000] {dagbag.py:536} INFO - Filling up the DagBag from /opt/airflow/dags/tasks/recsys_data_sync.py
[2025-11-17T16:48:30.537+0000] {processor.py:841} WARNING - No viable dags retrieved from /opt/airflow/dags/tasks/recsys_data_sync.py
[2025-11-17T16:48:30.549+0000] {processor.py:179} INFO - Processing /opt/airflow/dags/tasks/recsys_data_sync.py took 0.243 seconds
[2025-11-17T16:49:00.918+0000] {processor.py:157} INFO - Started process (PID=1021) to work on /opt/airflow/dags/tasks/recsys_data_sync.py
[2025-11-17T16:49:00.919+0000] {processor.py:829} INFO - Processing file /opt/airflow/dags/tasks/recsys_data_sync.py for tasks to queue
[2025-11-17T16:49:00.920+0000] {logging_mixin.py:154} INFO - [2025-11-17T16:49:00.920+0000] {dagbag.py:536} INFO - Filling up the DagBag from /opt/airflow/dags/tasks/recsys_data_sync.py
[2025-11-17T16:49:01.136+0000] {processor.py:841} WARNING - No viable dags retrieved from /opt/airflow/dags/tasks/recsys_data_sync.py
[2025-11-17T16:49:01.149+0000] {processor.py:179} INFO - Processing /opt/airflow/dags/tasks/recsys_data_sync.py took 0.234 seconds
[2025-11-17T16:49:31.182+0000] {processor.py:157} INFO - Started process (PID=1079) to work on /opt/airflow/dags/tasks/recsys_data_sync.py
[2025-11-17T16:49:31.183+0000] {processor.py:829} INFO - Processing file /opt/airflow/dags/tasks/recsys_data_sync.py for tasks to queue
[2025-11-17T16:49:31.184+0000] {logging_mixin.py:154} INFO - [2025-11-17T16:49:31.183+0000] {dagbag.py:536} INFO - Filling up the DagBag from /opt/airflow/dags/tasks/recsys_data_sync.py
[2025-11-17T16:49:31.379+0000] {processor.py:841} WARNING - No viable dags retrieved from /opt/airflow/dags/tasks/recsys_data_sync.py
[2025-11-17T16:49:31.392+0000] {processor.py:179} INFO - Processing /opt/airflow/dags/tasks/recsys_data_sync.py took 0.213 seconds
[2025-11-17T16:50:02.260+0000] {processor.py:157} INFO - Started process (PID=1144) to work on /opt/airflow/dags/tasks/recsys_data_sync.py
[2025-11-17T16:50:02.260+0000] {processor.py:829} INFO - Processing file /opt/airflow/dags/tasks/recsys_data_sync.py for tasks to queue
[2025-11-17T16:50:02.261+0000] {logging_mixin.py:154} INFO - [2025-11-17T16:50:02.261+0000] {dagbag.py:536} INFO - Filling up the DagBag from /opt/airflow/dags/tasks/recsys_data_sync.py
[2025-11-17T16:50:02.441+0000] {processor.py:841} WARNING - No viable dags retrieved from /opt/airflow/dags/tasks/recsys_data_sync.py
[2025-11-17T16:50:02.451+0000] {processor.py:179} INFO - Processing /opt/airflow/dags/tasks/recsys_data_sync.py took 0.194 seconds
[2025-11-17T16:50:33.453+0000] {processor.py:157} INFO - Started process (PID=1209) to work on /opt/airflow/dags/tasks/recsys_data_sync.py
[2025-11-17T16:50:33.454+0000] {processor.py:829} INFO - Processing file /opt/airflow/dags/tasks/recsys_data_sync.py for tasks to queue
[2025-11-17T16:50:33.454+0000] {logging_mixin.py:154} INFO - [2025-11-17T16:50:33.454+0000] {dagbag.py:536} INFO - Filling up the DagBag from /opt/airflow/dags/tasks/recsys_data_sync.py
[2025-11-17T16:50:33.624+0000] {processor.py:841} WARNING - No viable dags retrieved from /opt/airflow/dags/tasks/recsys_data_sync.py
[2025-11-17T16:50:33.635+0000] {processor.py:179} INFO - Processing /opt/airflow/dags/tasks/recsys_data_sync.py took 0.185 seconds
[2025-11-17T16:51:03.917+0000] {processor.py:157} INFO - Started process (PID=1274) to work on /opt/airflow/dags/tasks/recsys_data_sync.py
[2025-11-17T16:51:03.918+0000] {processor.py:829} INFO - Processing file /opt/airflow/dags/tasks/recsys_data_sync.py for tasks to queue
[2025-11-17T16:51:03.919+0000] {logging_mixin.py:154} INFO - [2025-11-17T16:51:03.919+0000] {dagbag.py:536} INFO - Filling up the DagBag from /opt/airflow/dags/tasks/recsys_data_sync.py
[2025-11-17T16:51:04.360+0000] {processor.py:841} WARNING - No viable dags retrieved from /opt/airflow/dags/tasks/recsys_data_sync.py
[2025-11-17T16:51:04.370+0000] {processor.py:179} INFO - Processing /opt/airflow/dags/tasks/recsys_data_sync.py took 0.456 seconds
[2025-11-17T16:51:34.976+0000] {processor.py:157} INFO - Started process (PID=1403) to work on /opt/airflow/dags/tasks/recsys_data_sync.py
[2025-11-17T16:51:34.977+0000] {processor.py:829} INFO - Processing file /opt/airflow/dags/tasks/recsys_data_sync.py for tasks to queue
[2025-11-17T16:51:34.978+0000] {logging_mixin.py:154} INFO - [2025-11-17T16:51:34.977+0000] {dagbag.py:536} INFO - Filling up the DagBag from /opt/airflow/dags/tasks/recsys_data_sync.py
[2025-11-17T16:51:35.343+0000] {processor.py:841} WARNING - No viable dags retrieved from /opt/airflow/dags/tasks/recsys_data_sync.py
[2025-11-17T16:51:35.353+0000] {processor.py:179} INFO - Processing /opt/airflow/dags/tasks/recsys_data_sync.py took 0.381 seconds
[2025-11-17T16:52:06.279+0000] {processor.py:157} INFO - Started process (PID=1579) to work on /opt/airflow/dags/tasks/recsys_data_sync.py
[2025-11-17T16:52:06.280+0000] {processor.py:829} INFO - Processing file /opt/airflow/dags/tasks/recsys_data_sync.py for tasks to queue
[2025-11-17T16:52:06.280+0000] {logging_mixin.py:154} INFO - [2025-11-17T16:52:06.280+0000] {dagbag.py:536} INFO - Filling up the DagBag from /opt/airflow/dags/tasks/recsys_data_sync.py
[2025-11-17T16:52:06.492+0000] {processor.py:841} WARNING - No viable dags retrieved from /opt/airflow/dags/tasks/recsys_data_sync.py
[2025-11-17T16:52:06.505+0000] {processor.py:179} INFO - Processing /opt/airflow/dags/tasks/recsys_data_sync.py took 0.228 seconds
[2025-11-17T16:52:37.137+0000] {processor.py:157} INFO - Started process (PID=1746) to work on /opt/airflow/dags/tasks/recsys_data_sync.py
[2025-11-17T16:52:37.137+0000] {processor.py:829} INFO - Processing file /opt/airflow/dags/tasks/recsys_data_sync.py for tasks to queue
[2025-11-17T16:52:37.137+0000] {logging_mixin.py:154} INFO - [2025-11-17T16:52:37.137+0000] {dagbag.py:536} INFO - Filling up the DagBag from /opt/airflow/dags/tasks/recsys_data_sync.py
[2025-11-17T16:52:37.469+0000] {processor.py:841} WARNING - No viable dags retrieved from /opt/airflow/dags/tasks/recsys_data_sync.py
[2025-11-17T16:52:37.481+0000] {processor.py:179} INFO - Processing /opt/airflow/dags/tasks/recsys_data_sync.py took 0.347 seconds
[2025-11-17T16:53:07.609+0000] {processor.py:157} INFO - Started process (PID=1811) to work on /opt/airflow/dags/tasks/recsys_data_sync.py
[2025-11-17T16:53:07.610+0000] {processor.py:829} INFO - Processing file /opt/airflow/dags/tasks/recsys_data_sync.py for tasks to queue
[2025-11-17T16:53:07.611+0000] {logging_mixin.py:154} INFO - [2025-11-17T16:53:07.610+0000] {dagbag.py:536} INFO - Filling up the DagBag from /opt/airflow/dags/tasks/recsys_data_sync.py
[2025-11-17T16:53:07.985+0000] {processor.py:841} WARNING - No viable dags retrieved from /opt/airflow/dags/tasks/recsys_data_sync.py
[2025-11-17T16:53:07.994+0000] {processor.py:179} INFO - Processing /opt/airflow/dags/tasks/recsys_data_sync.py took 0.388 seconds
[2025-11-17T16:53:38.176+0000] {processor.py:157} INFO - Started process (PID=1876) to work on /opt/airflow/dags/tasks/recsys_data_sync.py
[2025-11-17T16:53:38.177+0000] {processor.py:829} INFO - Processing file /opt/airflow/dags/tasks/recsys_data_sync.py for tasks to queue
[2025-11-17T16:53:38.177+0000] {logging_mixin.py:154} INFO - [2025-11-17T16:53:38.177+0000] {dagbag.py:536} INFO - Filling up the DagBag from /opt/airflow/dags/tasks/recsys_data_sync.py
[2025-11-17T16:53:38.366+0000] {processor.py:841} WARNING - No viable dags retrieved from /opt/airflow/dags/tasks/recsys_data_sync.py
[2025-11-17T16:53:38.378+0000] {processor.py:179} INFO - Processing /opt/airflow/dags/tasks/recsys_data_sync.py took 0.204 seconds
[2025-11-17T16:54:09.090+0000] {processor.py:157} INFO - Started process (PID=1941) to work on /opt/airflow/dags/tasks/recsys_data_sync.py
[2025-11-17T16:54:09.091+0000] {processor.py:829} INFO - Processing file /opt/airflow/dags/tasks/recsys_data_sync.py for tasks to queue
[2025-11-17T16:54:09.092+0000] {logging_mixin.py:154} INFO - [2025-11-17T16:54:09.091+0000] {dagbag.py:536} INFO - Filling up the DagBag from /opt/airflow/dags/tasks/recsys_data_sync.py
[2025-11-17T16:54:09.454+0000] {processor.py:841} WARNING - No viable dags retrieved from /opt/airflow/dags/tasks/recsys_data_sync.py
[2025-11-17T16:54:09.463+0000] {processor.py:179} INFO - Processing /opt/airflow/dags/tasks/recsys_data_sync.py took 0.376 seconds
[2025-11-17T16:54:40.129+0000] {processor.py:157} INFO - Started process (PID=2006) to work on /opt/airflow/dags/tasks/recsys_data_sync.py
[2025-11-17T16:54:40.130+0000] {processor.py:829} INFO - Processing file /opt/airflow/dags/tasks/recsys_data_sync.py for tasks to queue
[2025-11-17T16:54:40.130+0000] {logging_mixin.py:154} INFO - [2025-11-17T16:54:40.130+0000] {dagbag.py:536} INFO - Filling up the DagBag from /opt/airflow/dags/tasks/recsys_data_sync.py
[2025-11-17T16:54:40.450+0000] {processor.py:841} WARNING - No viable dags retrieved from /opt/airflow/dags/tasks/recsys_data_sync.py
[2025-11-17T16:54:40.460+0000] {processor.py:179} INFO - Processing /opt/airflow/dags/tasks/recsys_data_sync.py took 0.334 seconds
[2025-11-17T16:55:10.844+0000] {processor.py:157} INFO - Started process (PID=2076) to work on /opt/airflow/dags/tasks/recsys_data_sync.py
[2025-11-17T16:55:10.845+0000] {processor.py:829} INFO - Processing file /opt/airflow/dags/tasks/recsys_data_sync.py for tasks to queue
[2025-11-17T16:55:10.846+0000] {logging_mixin.py:154} INFO - [2025-11-17T16:55:10.846+0000] {dagbag.py:536} INFO - Filling up the DagBag from /opt/airflow/dags/tasks/recsys_data_sync.py
[2025-11-17T16:55:11.164+0000] {processor.py:841} WARNING - No viable dags retrieved from /opt/airflow/dags/tasks/recsys_data_sync.py
[2025-11-17T16:55:11.174+0000] {processor.py:179} INFO - Processing /opt/airflow/dags/tasks/recsys_data_sync.py took 0.332 seconds
[2025-11-17T16:55:41.331+0000] {processor.py:157} INFO - Started process (PID=2137) to work on /opt/airflow/dags/tasks/recsys_data_sync.py
[2025-11-17T16:55:41.332+0000] {processor.py:829} INFO - Processing file /opt/airflow/dags/tasks/recsys_data_sync.py for tasks to queue
[2025-11-17T16:55:41.333+0000] {logging_mixin.py:154} INFO - [2025-11-17T16:55:41.332+0000] {dagbag.py:536} INFO - Filling up the DagBag from /opt/airflow/dags/tasks/recsys_data_sync.py
[2025-11-17T16:55:41.644+0000] {processor.py:841} WARNING - No viable dags retrieved from /opt/airflow/dags/tasks/recsys_data_sync.py
[2025-11-17T16:55:41.653+0000] {processor.py:179} INFO - Processing /opt/airflow/dags/tasks/recsys_data_sync.py took 0.325 seconds
[2025-11-17T16:56:11.803+0000] {processor.py:157} INFO - Started process (PID=2202) to work on /opt/airflow/dags/tasks/recsys_data_sync.py
[2025-11-17T16:56:11.804+0000] {processor.py:829} INFO - Processing file /opt/airflow/dags/tasks/recsys_data_sync.py for tasks to queue
[2025-11-17T16:56:11.804+0000] {logging_mixin.py:154} INFO - [2025-11-17T16:56:11.804+0000] {dagbag.py:536} INFO - Filling up the DagBag from /opt/airflow/dags/tasks/recsys_data_sync.py
[2025-11-17T16:56:12.147+0000] {processor.py:841} WARNING - No viable dags retrieved from /opt/airflow/dags/tasks/recsys_data_sync.py
[2025-11-17T16:56:12.157+0000] {processor.py:179} INFO - Processing /opt/airflow/dags/tasks/recsys_data_sync.py took 0.358 seconds
[2025-11-17T16:56:42.411+0000] {processor.py:157} INFO - Started process (PID=2246) to work on /opt/airflow/dags/tasks/recsys_data_sync.py
[2025-11-17T16:56:42.412+0000] {processor.py:829} INFO - Processing file /opt/airflow/dags/tasks/recsys_data_sync.py for tasks to queue
[2025-11-17T16:56:42.413+0000] {logging_mixin.py:154} INFO - [2025-11-17T16:56:42.413+0000] {dagbag.py:536} INFO - Filling up the DagBag from /opt/airflow/dags/tasks/recsys_data_sync.py
[2025-11-17T16:56:42.743+0000] {processor.py:841} WARNING - No viable dags retrieved from /opt/airflow/dags/tasks/recsys_data_sync.py
[2025-11-17T16:56:42.753+0000] {processor.py:179} INFO - Processing /opt/airflow/dags/tasks/recsys_data_sync.py took 0.344 seconds
[2025-11-17T16:57:13.493+0000] {processor.py:157} INFO - Started process (PID=2308) to work on /opt/airflow/dags/tasks/recsys_data_sync.py
[2025-11-17T16:57:13.494+0000] {processor.py:829} INFO - Processing file /opt/airflow/dags/tasks/recsys_data_sync.py for tasks to queue
[2025-11-17T16:57:13.495+0000] {logging_mixin.py:154} INFO - [2025-11-17T16:57:13.494+0000] {dagbag.py:536} INFO - Filling up the DagBag from /opt/airflow/dags/tasks/recsys_data_sync.py
[2025-11-17T16:57:13.897+0000] {processor.py:841} WARNING - No viable dags retrieved from /opt/airflow/dags/tasks/recsys_data_sync.py
[2025-11-17T16:57:13.914+0000] {processor.py:179} INFO - Processing /opt/airflow/dags/tasks/recsys_data_sync.py took 0.424 seconds
[2025-11-17T16:57:44.567+0000] {processor.py:157} INFO - Started process (PID=2373) to work on /opt/airflow/dags/tasks/recsys_data_sync.py
[2025-11-17T16:57:44.567+0000] {processor.py:829} INFO - Processing file /opt/airflow/dags/tasks/recsys_data_sync.py for tasks to queue
[2025-11-17T16:57:44.568+0000] {logging_mixin.py:154} INFO - [2025-11-17T16:57:44.568+0000] {dagbag.py:536} INFO - Filling up the DagBag from /opt/airflow/dags/tasks/recsys_data_sync.py
[2025-11-17T16:57:44.944+0000] {processor.py:841} WARNING - No viable dags retrieved from /opt/airflow/dags/tasks/recsys_data_sync.py
[2025-11-17T16:57:44.958+0000] {processor.py:179} INFO - Processing /opt/airflow/dags/tasks/recsys_data_sync.py took 0.394 seconds
[2025-11-17T16:58:15.675+0000] {processor.py:157} INFO - Started process (PID=2438) to work on /opt/airflow/dags/tasks/recsys_data_sync.py
[2025-11-17T16:58:15.676+0000] {processor.py:829} INFO - Processing file /opt/airflow/dags/tasks/recsys_data_sync.py for tasks to queue
[2025-11-17T16:58:15.677+0000] {logging_mixin.py:154} INFO - [2025-11-17T16:58:15.677+0000] {dagbag.py:536} INFO - Filling up the DagBag from /opt/airflow/dags/tasks/recsys_data_sync.py
[2025-11-17T16:58:16.062+0000] {processor.py:841} WARNING - No viable dags retrieved from /opt/airflow/dags/tasks/recsys_data_sync.py
[2025-11-17T16:58:16.072+0000] {processor.py:179} INFO - Processing /opt/airflow/dags/tasks/recsys_data_sync.py took 0.401 seconds
[2025-11-17T16:58:46.741+0000] {processor.py:157} INFO - Started process (PID=2503) to work on /opt/airflow/dags/tasks/recsys_data_sync.py
[2025-11-17T16:58:46.742+0000] {processor.py:829} INFO - Processing file /opt/airflow/dags/tasks/recsys_data_sync.py for tasks to queue
[2025-11-17T16:58:46.742+0000] {logging_mixin.py:154} INFO - [2025-11-17T16:58:46.742+0000] {dagbag.py:536} INFO - Filling up the DagBag from /opt/airflow/dags/tasks/recsys_data_sync.py
[2025-11-17T16:58:47.050+0000] {processor.py:841} WARNING - No viable dags retrieved from /opt/airflow/dags/tasks/recsys_data_sync.py
[2025-11-17T16:58:47.059+0000] {processor.py:179} INFO - Processing /opt/airflow/dags/tasks/recsys_data_sync.py took 0.321 seconds
[2025-11-17T16:59:17.426+0000] {processor.py:157} INFO - Started process (PID=2568) to work on /opt/airflow/dags/tasks/recsys_data_sync.py
[2025-11-17T16:59:17.427+0000] {processor.py:829} INFO - Processing file /opt/airflow/dags/tasks/recsys_data_sync.py for tasks to queue
[2025-11-17T16:59:17.428+0000] {logging_mixin.py:154} INFO - [2025-11-17T16:59:17.427+0000] {dagbag.py:536} INFO - Filling up the DagBag from /opt/airflow/dags/tasks/recsys_data_sync.py
[2025-11-17T16:59:17.755+0000] {processor.py:841} WARNING - No viable dags retrieved from /opt/airflow/dags/tasks/recsys_data_sync.py
[2025-11-17T16:59:17.765+0000] {processor.py:179} INFO - Processing /opt/airflow/dags/tasks/recsys_data_sync.py took 0.342 seconds
[2025-11-17T16:59:48.055+0000] {processor.py:157} INFO - Started process (PID=2633) to work on /opt/airflow/dags/tasks/recsys_data_sync.py
[2025-11-17T16:59:48.056+0000] {processor.py:829} INFO - Processing file /opt/airflow/dags/tasks/recsys_data_sync.py for tasks to queue
[2025-11-17T16:59:48.057+0000] {logging_mixin.py:154} INFO - [2025-11-17T16:59:48.057+0000] {dagbag.py:536} INFO - Filling up the DagBag from /opt/airflow/dags/tasks/recsys_data_sync.py
[2025-11-17T16:59:48.381+0000] {processor.py:841} WARNING - No viable dags retrieved from /opt/airflow/dags/tasks/recsys_data_sync.py
[2025-11-17T16:59:48.390+0000] {processor.py:179} INFO - Processing /opt/airflow/dags/tasks/recsys_data_sync.py took 0.338 seconds
[2025-11-17T17:00:19.036+0000] {processor.py:157} INFO - Started process (PID=2698) to work on /opt/airflow/dags/tasks/recsys_data_sync.py
[2025-11-17T17:00:19.037+0000] {processor.py:829} INFO - Processing file /opt/airflow/dags/tasks/recsys_data_sync.py for tasks to queue
[2025-11-17T17:00:19.037+0000] {logging_mixin.py:154} INFO - [2025-11-17T17:00:19.037+0000] {dagbag.py:536} INFO - Filling up the DagBag from /opt/airflow/dags/tasks/recsys_data_sync.py
[2025-11-17T17:00:19.368+0000] {processor.py:841} WARNING - No viable dags retrieved from /opt/airflow/dags/tasks/recsys_data_sync.py
[2025-11-17T17:00:19.376+0000] {processor.py:179} INFO - Processing /opt/airflow/dags/tasks/recsys_data_sync.py took 0.343 seconds
[2025-11-17T17:00:49.997+0000] {processor.py:157} INFO - Started process (PID=2763) to work on /opt/airflow/dags/tasks/recsys_data_sync.py
[2025-11-17T17:00:49.998+0000] {processor.py:829} INFO - Processing file /opt/airflow/dags/tasks/recsys_data_sync.py for tasks to queue
[2025-11-17T17:00:49.998+0000] {logging_mixin.py:154} INFO - [2025-11-17T17:00:49.998+0000] {dagbag.py:536} INFO - Filling up the DagBag from /opt/airflow/dags/tasks/recsys_data_sync.py
[2025-11-17T17:00:50.317+0000] {processor.py:841} WARNING - No viable dags retrieved from /opt/airflow/dags/tasks/recsys_data_sync.py
[2025-11-17T17:00:50.327+0000] {processor.py:179} INFO - Processing /opt/airflow/dags/tasks/recsys_data_sync.py took 0.333 seconds
[2025-11-17T17:01:20.958+0000] {processor.py:157} INFO - Started process (PID=2828) to work on /opt/airflow/dags/tasks/recsys_data_sync.py
[2025-11-17T17:01:20.958+0000] {processor.py:829} INFO - Processing file /opt/airflow/dags/tasks/recsys_data_sync.py for tasks to queue
[2025-11-17T17:01:20.959+0000] {logging_mixin.py:154} INFO - [2025-11-17T17:01:20.959+0000] {dagbag.py:536} INFO - Filling up the DagBag from /opt/airflow/dags/tasks/recsys_data_sync.py
[2025-11-17T17:01:21.269+0000] {processor.py:841} WARNING - No viable dags retrieved from /opt/airflow/dags/tasks/recsys_data_sync.py
[2025-11-17T17:01:21.277+0000] {processor.py:179} INFO - Processing /opt/airflow/dags/tasks/recsys_data_sync.py took 0.322 seconds
[2025-11-17T17:01:51.895+0000] {processor.py:157} INFO - Started process (PID=2893) to work on /opt/airflow/dags/tasks/recsys_data_sync.py
[2025-11-17T17:01:51.896+0000] {processor.py:829} INFO - Processing file /opt/airflow/dags/tasks/recsys_data_sync.py for tasks to queue
[2025-11-17T17:01:51.896+0000] {logging_mixin.py:154} INFO - [2025-11-17T17:01:51.896+0000] {dagbag.py:536} INFO - Filling up the DagBag from /opt/airflow/dags/tasks/recsys_data_sync.py
[2025-11-17T17:01:52.212+0000] {processor.py:841} WARNING - No viable dags retrieved from /opt/airflow/dags/tasks/recsys_data_sync.py
[2025-11-17T17:01:52.223+0000] {processor.py:179} INFO - Processing /opt/airflow/dags/tasks/recsys_data_sync.py took 0.331 seconds
[2025-11-17T17:02:23.084+0000] {processor.py:157} INFO - Started process (PID=2958) to work on /opt/airflow/dags/tasks/recsys_data_sync.py
[2025-11-17T17:02:23.084+0000] {processor.py:829} INFO - Processing file /opt/airflow/dags/tasks/recsys_data_sync.py for tasks to queue
[2025-11-17T17:02:23.085+0000] {logging_mixin.py:154} INFO - [2025-11-17T17:02:23.085+0000] {dagbag.py:536} INFO - Filling up the DagBag from /opt/airflow/dags/tasks/recsys_data_sync.py
[2025-11-17T17:02:23.378+0000] {processor.py:841} WARNING - No viable dags retrieved from /opt/airflow/dags/tasks/recsys_data_sync.py
[2025-11-17T17:02:23.387+0000] {processor.py:179} INFO - Processing /opt/airflow/dags/tasks/recsys_data_sync.py took 0.306 seconds
[2025-11-17T17:02:54.298+0000] {processor.py:157} INFO - Started process (PID=3023) to work on /opt/airflow/dags/tasks/recsys_data_sync.py
[2025-11-17T17:02:54.300+0000] {processor.py:829} INFO - Processing file /opt/airflow/dags/tasks/recsys_data_sync.py for tasks to queue
[2025-11-17T17:02:54.300+0000] {logging_mixin.py:154} INFO - [2025-11-17T17:02:54.300+0000] {dagbag.py:536} INFO - Filling up the DagBag from /opt/airflow/dags/tasks/recsys_data_sync.py
[2025-11-17T17:02:54.594+0000] {processor.py:841} WARNING - No viable dags retrieved from /opt/airflow/dags/tasks/recsys_data_sync.py
[2025-11-17T17:02:54.604+0000] {processor.py:179} INFO - Processing /opt/airflow/dags/tasks/recsys_data_sync.py took 0.308 seconds
[2025-11-17T17:03:25.084+0000] {processor.py:157} INFO - Started process (PID=3088) to work on /opt/airflow/dags/tasks/recsys_data_sync.py
[2025-11-17T17:03:25.085+0000] {processor.py:829} INFO - Processing file /opt/airflow/dags/tasks/recsys_data_sync.py for tasks to queue
[2025-11-17T17:03:25.086+0000] {logging_mixin.py:154} INFO - [2025-11-17T17:03:25.085+0000] {dagbag.py:536} INFO - Filling up the DagBag from /opt/airflow/dags/tasks/recsys_data_sync.py
[2025-11-17T17:03:25.394+0000] {processor.py:841} WARNING - No viable dags retrieved from /opt/airflow/dags/tasks/recsys_data_sync.py
[2025-11-17T17:03:25.403+0000] {processor.py:179} INFO - Processing /opt/airflow/dags/tasks/recsys_data_sync.py took 0.322 seconds
[2025-11-17T17:03:56.036+0000] {processor.py:157} INFO - Started process (PID=3153) to work on /opt/airflow/dags/tasks/recsys_data_sync.py
[2025-11-17T17:03:56.037+0000] {processor.py:829} INFO - Processing file /opt/airflow/dags/tasks/recsys_data_sync.py for tasks to queue
[2025-11-17T17:03:56.038+0000] {logging_mixin.py:154} INFO - [2025-11-17T17:03:56.038+0000] {dagbag.py:536} INFO - Filling up the DagBag from /opt/airflow/dags/tasks/recsys_data_sync.py
[2025-11-17T17:03:56.338+0000] {processor.py:841} WARNING - No viable dags retrieved from /opt/airflow/dags/tasks/recsys_data_sync.py
[2025-11-17T17:03:56.347+0000] {processor.py:179} INFO - Processing /opt/airflow/dags/tasks/recsys_data_sync.py took 0.314 seconds
[2025-11-17T17:04:26.935+0000] {processor.py:157} INFO - Started process (PID=3218) to work on /opt/airflow/dags/tasks/recsys_data_sync.py
[2025-11-17T17:04:26.936+0000] {processor.py:829} INFO - Processing file /opt/airflow/dags/tasks/recsys_data_sync.py for tasks to queue
[2025-11-17T17:04:26.937+0000] {logging_mixin.py:154} INFO - [2025-11-17T17:04:26.936+0000] {dagbag.py:536} INFO - Filling up the DagBag from /opt/airflow/dags/tasks/recsys_data_sync.py
[2025-11-17T17:04:27.246+0000] {processor.py:841} WARNING - No viable dags retrieved from /opt/airflow/dags/tasks/recsys_data_sync.py
[2025-11-17T17:04:27.254+0000] {processor.py:179} INFO - Processing /opt/airflow/dags/tasks/recsys_data_sync.py took 0.322 seconds
[2025-11-17T17:04:57.918+0000] {processor.py:157} INFO - Started process (PID=3283) to work on /opt/airflow/dags/tasks/recsys_data_sync.py
[2025-11-17T17:04:57.919+0000] {processor.py:829} INFO - Processing file /opt/airflow/dags/tasks/recsys_data_sync.py for tasks to queue
[2025-11-17T17:04:57.920+0000] {logging_mixin.py:154} INFO - [2025-11-17T17:04:57.920+0000] {dagbag.py:536} INFO - Filling up the DagBag from /opt/airflow/dags/tasks/recsys_data_sync.py
[2025-11-17T17:04:58.273+0000] {processor.py:841} WARNING - No viable dags retrieved from /opt/airflow/dags/tasks/recsys_data_sync.py
[2025-11-17T17:04:58.283+0000] {processor.py:179} INFO - Processing /opt/airflow/dags/tasks/recsys_data_sync.py took 0.367 seconds
[2025-11-17T17:05:28.943+0000] {processor.py:157} INFO - Started process (PID=3348) to work on /opt/airflow/dags/tasks/recsys_data_sync.py
[2025-11-17T17:05:28.944+0000] {processor.py:829} INFO - Processing file /opt/airflow/dags/tasks/recsys_data_sync.py for tasks to queue
[2025-11-17T17:05:28.944+0000] {logging_mixin.py:154} INFO - [2025-11-17T17:05:28.944+0000] {dagbag.py:536} INFO - Filling up the DagBag from /opt/airflow/dags/tasks/recsys_data_sync.py
[2025-11-17T17:05:29.248+0000] {processor.py:841} WARNING - No viable dags retrieved from /opt/airflow/dags/tasks/recsys_data_sync.py
[2025-11-17T17:05:29.257+0000] {processor.py:179} INFO - Processing /opt/airflow/dags/tasks/recsys_data_sync.py took 0.317 seconds
[2025-11-17T17:05:59.660+0000] {processor.py:157} INFO - Started process (PID=3413) to work on /opt/airflow/dags/tasks/recsys_data_sync.py
[2025-11-17T17:05:59.662+0000] {processor.py:829} INFO - Processing file /opt/airflow/dags/tasks/recsys_data_sync.py for tasks to queue
[2025-11-17T17:05:59.662+0000] {logging_mixin.py:154} INFO - [2025-11-17T17:05:59.662+0000] {dagbag.py:536} INFO - Filling up the DagBag from /opt/airflow/dags/tasks/recsys_data_sync.py
[2025-11-17T17:06:00.012+0000] {processor.py:841} WARNING - No viable dags retrieved from /opt/airflow/dags/tasks/recsys_data_sync.py
[2025-11-17T17:06:00.024+0000] {processor.py:179} INFO - Processing /opt/airflow/dags/tasks/recsys_data_sync.py took 0.367 seconds
[2025-11-17T17:06:30.280+0000] {processor.py:157} INFO - Started process (PID=3471) to work on /opt/airflow/dags/tasks/recsys_data_sync.py
[2025-11-17T17:06:30.280+0000] {processor.py:829} INFO - Processing file /opt/airflow/dags/tasks/recsys_data_sync.py for tasks to queue
[2025-11-17T17:06:30.281+0000] {logging_mixin.py:154} INFO - [2025-11-17T17:06:30.281+0000] {dagbag.py:536} INFO - Filling up the DagBag from /opt/airflow/dags/tasks/recsys_data_sync.py
[2025-11-17T17:06:30.588+0000] {processor.py:841} WARNING - No viable dags retrieved from /opt/airflow/dags/tasks/recsys_data_sync.py
[2025-11-17T17:06:30.598+0000] {processor.py:179} INFO - Processing /opt/airflow/dags/tasks/recsys_data_sync.py took 0.322 seconds
[2025-11-17T17:07:01.214+0000] {processor.py:157} INFO - Started process (PID=3536) to work on /opt/airflow/dags/tasks/recsys_data_sync.py
[2025-11-17T17:07:01.214+0000] {processor.py:829} INFO - Processing file /opt/airflow/dags/tasks/recsys_data_sync.py for tasks to queue
[2025-11-17T17:07:01.215+0000] {logging_mixin.py:154} INFO - [2025-11-17T17:07:01.214+0000] {dagbag.py:536} INFO - Filling up the DagBag from /opt/airflow/dags/tasks/recsys_data_sync.py
[2025-11-17T17:07:01.529+0000] {processor.py:841} WARNING - No viable dags retrieved from /opt/airflow/dags/tasks/recsys_data_sync.py
[2025-11-17T17:07:01.539+0000] {processor.py:179} INFO - Processing /opt/airflow/dags/tasks/recsys_data_sync.py took 0.328 seconds
[2025-11-17T17:07:31.609+0000] {processor.py:157} INFO - Started process (PID=3601) to work on /opt/airflow/dags/tasks/recsys_data_sync.py
[2025-11-17T17:07:31.610+0000] {processor.py:829} INFO - Processing file /opt/airflow/dags/tasks/recsys_data_sync.py for tasks to queue
[2025-11-17T17:07:31.610+0000] {logging_mixin.py:154} INFO - [2025-11-17T17:07:31.610+0000] {dagbag.py:536} INFO - Filling up the DagBag from /opt/airflow/dags/tasks/recsys_data_sync.py
[2025-11-17T17:07:31.919+0000] {processor.py:841} WARNING - No viable dags retrieved from /opt/airflow/dags/tasks/recsys_data_sync.py
[2025-11-17T17:07:31.929+0000] {processor.py:179} INFO - Processing /opt/airflow/dags/tasks/recsys_data_sync.py took 0.322 seconds
[2025-11-17T17:08:02.086+0000] {processor.py:157} INFO - Started process (PID=3666) to work on /opt/airflow/dags/tasks/recsys_data_sync.py
[2025-11-17T17:08:02.086+0000] {processor.py:829} INFO - Processing file /opt/airflow/dags/tasks/recsys_data_sync.py for tasks to queue
[2025-11-17T17:08:02.087+0000] {logging_mixin.py:154} INFO - [2025-11-17T17:08:02.087+0000] {dagbag.py:536} INFO - Filling up the DagBag from /opt/airflow/dags/tasks/recsys_data_sync.py
[2025-11-17T17:08:02.420+0000] {processor.py:841} WARNING - No viable dags retrieved from /opt/airflow/dags/tasks/recsys_data_sync.py
[2025-11-17T17:08:02.429+0000] {processor.py:179} INFO - Processing /opt/airflow/dags/tasks/recsys_data_sync.py took 0.346 seconds
[2025-11-17T17:08:32.498+0000] {processor.py:157} INFO - Started process (PID=3732) to work on /opt/airflow/dags/tasks/recsys_data_sync.py
[2025-11-17T17:08:32.498+0000] {processor.py:829} INFO - Processing file /opt/airflow/dags/tasks/recsys_data_sync.py for tasks to queue
[2025-11-17T17:08:32.499+0000] {logging_mixin.py:154} INFO - [2025-11-17T17:08:32.499+0000] {dagbag.py:536} INFO - Filling up the DagBag from /opt/airflow/dags/tasks/recsys_data_sync.py
[2025-11-17T17:08:32.804+0000] {processor.py:841} WARNING - No viable dags retrieved from /opt/airflow/dags/tasks/recsys_data_sync.py
[2025-11-17T17:08:32.813+0000] {processor.py:179} INFO - Processing /opt/airflow/dags/tasks/recsys_data_sync.py took 0.318 seconds
[2025-11-17T17:09:03.074+0000] {processor.py:157} INFO - Started process (PID=3797) to work on /opt/airflow/dags/tasks/recsys_data_sync.py
[2025-11-17T17:09:03.074+0000] {processor.py:829} INFO - Processing file /opt/airflow/dags/tasks/recsys_data_sync.py for tasks to queue
[2025-11-17T17:09:03.075+0000] {logging_mixin.py:154} INFO - [2025-11-17T17:09:03.075+0000] {dagbag.py:536} INFO - Filling up the DagBag from /opt/airflow/dags/tasks/recsys_data_sync.py
[2025-11-17T17:09:03.394+0000] {processor.py:841} WARNING - No viable dags retrieved from /opt/airflow/dags/tasks/recsys_data_sync.py
[2025-11-17T17:09:03.404+0000] {processor.py:179} INFO - Processing /opt/airflow/dags/tasks/recsys_data_sync.py took 0.333 seconds
[2025-11-17T17:09:33.508+0000] {processor.py:157} INFO - Started process (PID=3863) to work on /opt/airflow/dags/tasks/recsys_data_sync.py
[2025-11-17T17:09:33.509+0000] {processor.py:829} INFO - Processing file /opt/airflow/dags/tasks/recsys_data_sync.py for tasks to queue
[2025-11-17T17:09:33.509+0000] {logging_mixin.py:154} INFO - [2025-11-17T17:09:33.509+0000] {dagbag.py:536} INFO - Filling up the DagBag from /opt/airflow/dags/tasks/recsys_data_sync.py
[2025-11-17T17:09:33.830+0000] {processor.py:841} WARNING - No viable dags retrieved from /opt/airflow/dags/tasks/recsys_data_sync.py
[2025-11-17T17:09:33.839+0000] {processor.py:179} INFO - Processing /opt/airflow/dags/tasks/recsys_data_sync.py took 0.334 seconds
[2025-11-17T17:10:03.890+0000] {processor.py:157} INFO - Started process (PID=3928) to work on /opt/airflow/dags/tasks/recsys_data_sync.py
[2025-11-17T17:10:03.891+0000] {processor.py:829} INFO - Processing file /opt/airflow/dags/tasks/recsys_data_sync.py for tasks to queue
[2025-11-17T17:10:03.891+0000] {logging_mixin.py:154} INFO - [2025-11-17T17:10:03.891+0000] {dagbag.py:536} INFO - Filling up the DagBag from /opt/airflow/dags/tasks/recsys_data_sync.py
[2025-11-17T17:10:04.204+0000] {processor.py:841} WARNING - No viable dags retrieved from /opt/airflow/dags/tasks/recsys_data_sync.py
[2025-11-17T17:10:04.213+0000] {processor.py:179} INFO - Processing /opt/airflow/dags/tasks/recsys_data_sync.py took 0.326 seconds
[2025-11-17T17:10:34.500+0000] {processor.py:157} INFO - Started process (PID=3991) to work on /opt/airflow/dags/tasks/recsys_data_sync.py
[2025-11-17T17:10:34.501+0000] {processor.py:829} INFO - Processing file /opt/airflow/dags/tasks/recsys_data_sync.py for tasks to queue
[2025-11-17T17:10:34.502+0000] {logging_mixin.py:154} INFO - [2025-11-17T17:10:34.501+0000] {dagbag.py:536} INFO - Filling up the DagBag from /opt/airflow/dags/tasks/recsys_data_sync.py
[2025-11-17T17:10:34.844+0000] {processor.py:841} WARNING - No viable dags retrieved from /opt/airflow/dags/tasks/recsys_data_sync.py
[2025-11-17T17:10:34.861+0000] {processor.py:179} INFO - Processing /opt/airflow/dags/tasks/recsys_data_sync.py took 0.363 seconds
[2025-11-17T17:11:05.840+0000] {processor.py:157} INFO - Started process (PID=4044) to work on /opt/airflow/dags/tasks/recsys_data_sync.py
[2025-11-17T17:11:05.840+0000] {processor.py:829} INFO - Processing file /opt/airflow/dags/tasks/recsys_data_sync.py for tasks to queue
[2025-11-17T17:11:05.841+0000] {logging_mixin.py:154} INFO - [2025-11-17T17:11:05.841+0000] {dagbag.py:536} INFO - Filling up the DagBag from /opt/airflow/dags/tasks/recsys_data_sync.py
[2025-11-17T17:11:06.146+0000] {processor.py:841} WARNING - No viable dags retrieved from /opt/airflow/dags/tasks/recsys_data_sync.py
[2025-11-17T17:11:06.156+0000] {processor.py:179} INFO - Processing /opt/airflow/dags/tasks/recsys_data_sync.py took 0.318 seconds
[2025-11-17T17:11:37.183+0000] {processor.py:157} INFO - Started process (PID=4106) to work on /opt/airflow/dags/tasks/recsys_data_sync.py
[2025-11-17T17:11:37.184+0000] {processor.py:829} INFO - Processing file /opt/airflow/dags/tasks/recsys_data_sync.py for tasks to queue
[2025-11-17T17:11:37.184+0000] {logging_mixin.py:154} INFO - [2025-11-17T17:11:37.184+0000] {dagbag.py:536} INFO - Filling up the DagBag from /opt/airflow/dags/tasks/recsys_data_sync.py
[2025-11-17T17:11:37.540+0000] {processor.py:841} WARNING - No viable dags retrieved from /opt/airflow/dags/tasks/recsys_data_sync.py
[2025-11-17T17:11:37.549+0000] {processor.py:179} INFO - Processing /opt/airflow/dags/tasks/recsys_data_sync.py took 0.369 seconds
[2025-11-17T17:12:07.598+0000] {processor.py:157} INFO - Started process (PID=4171) to work on /opt/airflow/dags/tasks/recsys_data_sync.py
[2025-11-17T17:12:07.599+0000] {processor.py:829} INFO - Processing file /opt/airflow/dags/tasks/recsys_data_sync.py for tasks to queue
[2025-11-17T17:12:07.599+0000] {logging_mixin.py:154} INFO - [2025-11-17T17:12:07.599+0000] {dagbag.py:536} INFO - Filling up the DagBag from /opt/airflow/dags/tasks/recsys_data_sync.py
[2025-11-17T17:12:07.904+0000] {processor.py:841} WARNING - No viable dags retrieved from /opt/airflow/dags/tasks/recsys_data_sync.py
[2025-11-17T17:12:07.913+0000] {processor.py:179} INFO - Processing /opt/airflow/dags/tasks/recsys_data_sync.py took 0.317 seconds
[2025-11-17T17:31:39.905+0000] {processor.py:157} INFO - Started process (PID=4210) to work on /opt/airflow/dags/tasks/recsys_data_sync.py
[2025-11-17T17:31:39.906+0000] {processor.py:829} INFO - Processing file /opt/airflow/dags/tasks/recsys_data_sync.py for tasks to queue
[2025-11-17T17:31:39.907+0000] {logging_mixin.py:154} INFO - [2025-11-17T17:31:39.906+0000] {dagbag.py:536} INFO - Filling up the DagBag from /opt/airflow/dags/tasks/recsys_data_sync.py
[2025-11-17T17:31:40.951+0000] {processor.py:841} WARNING - No viable dags retrieved from /opt/airflow/dags/tasks/recsys_data_sync.py
[2025-11-17T17:31:41.061+0000] {processor.py:179} INFO - Processing /opt/airflow/dags/tasks/recsys_data_sync.py took 1.161 seconds
[2025-11-17T17:32:11.254+0000] {processor.py:157} INFO - Started process (PID=4267) to work on /opt/airflow/dags/tasks/recsys_data_sync.py
[2025-11-17T17:32:11.255+0000] {processor.py:829} INFO - Processing file /opt/airflow/dags/tasks/recsys_data_sync.py for tasks to queue
[2025-11-17T17:32:11.256+0000] {logging_mixin.py:154} INFO - [2025-11-17T17:32:11.255+0000] {dagbag.py:536} INFO - Filling up the DagBag from /opt/airflow/dags/tasks/recsys_data_sync.py
[2025-11-17T17:32:11.571+0000] {processor.py:841} WARNING - No viable dags retrieved from /opt/airflow/dags/tasks/recsys_data_sync.py
[2025-11-17T17:32:11.583+0000] {processor.py:179} INFO - Processing /opt/airflow/dags/tasks/recsys_data_sync.py took 0.332 seconds
[2025-11-17T17:32:41.780+0000] {processor.py:157} INFO - Started process (PID=4332) to work on /opt/airflow/dags/tasks/recsys_data_sync.py
[2025-11-17T17:32:41.780+0000] {processor.py:829} INFO - Processing file /opt/airflow/dags/tasks/recsys_data_sync.py for tasks to queue
[2025-11-17T17:32:41.781+0000] {logging_mixin.py:154} INFO - [2025-11-17T17:32:41.781+0000] {dagbag.py:536} INFO - Filling up the DagBag from /opt/airflow/dags/tasks/recsys_data_sync.py
[2025-11-17T17:32:42.052+0000] {processor.py:841} WARNING - No viable dags retrieved from /opt/airflow/dags/tasks/recsys_data_sync.py
[2025-11-17T17:32:42.061+0000] {processor.py:179} INFO - Processing /opt/airflow/dags/tasks/recsys_data_sync.py took 0.283 seconds
[2025-11-17T17:33:12.716+0000] {processor.py:157} INFO - Started process (PID=4397) to work on /opt/airflow/dags/tasks/recsys_data_sync.py
[2025-11-17T17:33:12.717+0000] {processor.py:829} INFO - Processing file /opt/airflow/dags/tasks/recsys_data_sync.py for tasks to queue
[2025-11-17T17:33:12.717+0000] {logging_mixin.py:154} INFO - [2025-11-17T17:33:12.717+0000] {dagbag.py:536} INFO - Filling up the DagBag from /opt/airflow/dags/tasks/recsys_data_sync.py
[2025-11-17T17:33:12.986+0000] {processor.py:841} WARNING - No viable dags retrieved from /opt/airflow/dags/tasks/recsys_data_sync.py
[2025-11-17T17:33:12.994+0000] {processor.py:179} INFO - Processing /opt/airflow/dags/tasks/recsys_data_sync.py took 0.281 seconds
[2025-11-17T17:33:43.222+0000] {processor.py:157} INFO - Started process (PID=4462) to work on /opt/airflow/dags/tasks/recsys_data_sync.py
[2025-11-17T17:33:43.222+0000] {processor.py:829} INFO - Processing file /opt/airflow/dags/tasks/recsys_data_sync.py for tasks to queue
[2025-11-17T17:33:43.223+0000] {logging_mixin.py:154} INFO - [2025-11-17T17:33:43.223+0000] {dagbag.py:536} INFO - Filling up the DagBag from /opt/airflow/dags/tasks/recsys_data_sync.py
[2025-11-17T17:33:43.495+0000] {processor.py:841} WARNING - No viable dags retrieved from /opt/airflow/dags/tasks/recsys_data_sync.py
[2025-11-17T17:33:43.503+0000] {processor.py:179} INFO - Processing /opt/airflow/dags/tasks/recsys_data_sync.py took 0.284 seconds
[2025-11-17T17:34:14.016+0000] {processor.py:157} INFO - Started process (PID=4527) to work on /opt/airflow/dags/tasks/recsys_data_sync.py
[2025-11-17T17:34:14.017+0000] {processor.py:829} INFO - Processing file /opt/airflow/dags/tasks/recsys_data_sync.py for tasks to queue
[2025-11-17T17:34:14.018+0000] {logging_mixin.py:154} INFO - [2025-11-17T17:34:14.018+0000] {dagbag.py:536} INFO - Filling up the DagBag from /opt/airflow/dags/tasks/recsys_data_sync.py
[2025-11-17T17:34:14.283+0000] {processor.py:841} WARNING - No viable dags retrieved from /opt/airflow/dags/tasks/recsys_data_sync.py
[2025-11-17T17:34:14.290+0000] {processor.py:179} INFO - Processing /opt/airflow/dags/tasks/recsys_data_sync.py took 0.277 seconds
[2025-11-17T17:34:44.670+0000] {processor.py:157} INFO - Started process (PID=4592) to work on /opt/airflow/dags/tasks/recsys_data_sync.py
[2025-11-17T17:34:44.671+0000] {processor.py:829} INFO - Processing file /opt/airflow/dags/tasks/recsys_data_sync.py for tasks to queue
[2025-11-17T17:34:44.671+0000] {logging_mixin.py:154} INFO - [2025-11-17T17:34:44.671+0000] {dagbag.py:536} INFO - Filling up the DagBag from /opt/airflow/dags/tasks/recsys_data_sync.py
[2025-11-17T17:34:44.967+0000] {processor.py:841} WARNING - No viable dags retrieved from /opt/airflow/dags/tasks/recsys_data_sync.py
[2025-11-17T17:34:44.977+0000] {processor.py:179} INFO - Processing /opt/airflow/dags/tasks/recsys_data_sync.py took 0.309 seconds
[2025-11-17T17:35:15.244+0000] {processor.py:157} INFO - Started process (PID=4657) to work on /opt/airflow/dags/tasks/recsys_data_sync.py
[2025-11-17T17:35:15.245+0000] {processor.py:829} INFO - Processing file /opt/airflow/dags/tasks/recsys_data_sync.py for tasks to queue
[2025-11-17T17:35:15.246+0000] {logging_mixin.py:154} INFO - [2025-11-17T17:35:15.246+0000] {dagbag.py:536} INFO - Filling up the DagBag from /opt/airflow/dags/tasks/recsys_data_sync.py
[2025-11-17T17:35:15.539+0000] {processor.py:841} WARNING - No viable dags retrieved from /opt/airflow/dags/tasks/recsys_data_sync.py
[2025-11-17T17:35:15.547+0000] {processor.py:179} INFO - Processing /opt/airflow/dags/tasks/recsys_data_sync.py took 0.305 seconds
[2025-11-17T17:35:45.867+0000] {processor.py:157} INFO - Started process (PID=4722) to work on /opt/airflow/dags/tasks/recsys_data_sync.py
[2025-11-17T17:35:45.867+0000] {processor.py:829} INFO - Processing file /opt/airflow/dags/tasks/recsys_data_sync.py for tasks to queue
[2025-11-17T17:35:45.868+0000] {logging_mixin.py:154} INFO - [2025-11-17T17:35:45.868+0000] {dagbag.py:536} INFO - Filling up the DagBag from /opt/airflow/dags/tasks/recsys_data_sync.py
[2025-11-17T17:35:46.233+0000] {processor.py:841} WARNING - No viable dags retrieved from /opt/airflow/dags/tasks/recsys_data_sync.py
[2025-11-17T17:35:46.245+0000] {processor.py:179} INFO - Processing /opt/airflow/dags/tasks/recsys_data_sync.py took 0.381 seconds
[2025-11-17T17:36:16.405+0000] {processor.py:157} INFO - Started process (PID=4787) to work on /opt/airflow/dags/tasks/recsys_data_sync.py
[2025-11-17T17:36:16.405+0000] {processor.py:829} INFO - Processing file /opt/airflow/dags/tasks/recsys_data_sync.py for tasks to queue
[2025-11-17T17:36:16.406+0000] {logging_mixin.py:154} INFO - [2025-11-17T17:36:16.406+0000] {dagbag.py:536} INFO - Filling up the DagBag from /opt/airflow/dags/tasks/recsys_data_sync.py
[2025-11-17T17:36:16.669+0000] {processor.py:841} WARNING - No viable dags retrieved from /opt/airflow/dags/tasks/recsys_data_sync.py
[2025-11-17T17:36:16.678+0000] {processor.py:179} INFO - Processing /opt/airflow/dags/tasks/recsys_data_sync.py took 0.275 seconds
[2025-11-17T17:36:47.066+0000] {processor.py:157} INFO - Started process (PID=4852) to work on /opt/airflow/dags/tasks/recsys_data_sync.py
[2025-11-17T17:36:47.067+0000] {processor.py:829} INFO - Processing file /opt/airflow/dags/tasks/recsys_data_sync.py for tasks to queue
[2025-11-17T17:36:47.068+0000] {logging_mixin.py:154} INFO - [2025-11-17T17:36:47.067+0000] {dagbag.py:536} INFO - Filling up the DagBag from /opt/airflow/dags/tasks/recsys_data_sync.py
[2025-11-17T17:36:47.375+0000] {processor.py:841} WARNING - No viable dags retrieved from /opt/airflow/dags/tasks/recsys_data_sync.py
[2025-11-17T17:36:47.385+0000] {processor.py:179} INFO - Processing /opt/airflow/dags/tasks/recsys_data_sync.py took 0.322 seconds
[2025-11-17T17:37:17.664+0000] {processor.py:157} INFO - Started process (PID=4910) to work on /opt/airflow/dags/tasks/recsys_data_sync.py
[2025-11-17T17:37:17.664+0000] {processor.py:829} INFO - Processing file /opt/airflow/dags/tasks/recsys_data_sync.py for tasks to queue
[2025-11-17T17:37:17.664+0000] {logging_mixin.py:154} INFO - [2025-11-17T17:37:17.664+0000] {dagbag.py:536} INFO - Filling up the DagBag from /opt/airflow/dags/tasks/recsys_data_sync.py
[2025-11-17T17:37:17.937+0000] {processor.py:841} WARNING - No viable dags retrieved from /opt/airflow/dags/tasks/recsys_data_sync.py
[2025-11-17T17:37:17.946+0000] {processor.py:179} INFO - Processing /opt/airflow/dags/tasks/recsys_data_sync.py took 0.285 seconds
[2025-11-17T17:37:48.303+0000] {processor.py:157} INFO - Started process (PID=4975) to work on /opt/airflow/dags/tasks/recsys_data_sync.py
[2025-11-17T17:37:48.304+0000] {processor.py:829} INFO - Processing file /opt/airflow/dags/tasks/recsys_data_sync.py for tasks to queue
[2025-11-17T17:37:48.304+0000] {logging_mixin.py:154} INFO - [2025-11-17T17:37:48.304+0000] {dagbag.py:536} INFO - Filling up the DagBag from /opt/airflow/dags/tasks/recsys_data_sync.py
[2025-11-17T17:37:48.598+0000] {processor.py:841} WARNING - No viable dags retrieved from /opt/airflow/dags/tasks/recsys_data_sync.py
[2025-11-17T17:37:48.606+0000] {processor.py:179} INFO - Processing /opt/airflow/dags/tasks/recsys_data_sync.py took 0.306 seconds
[2025-11-17T17:38:18.981+0000] {processor.py:157} INFO - Started process (PID=5040) to work on /opt/airflow/dags/tasks/recsys_data_sync.py
[2025-11-17T17:38:18.981+0000] {processor.py:829} INFO - Processing file /opt/airflow/dags/tasks/recsys_data_sync.py for tasks to queue
[2025-11-17T17:38:18.982+0000] {logging_mixin.py:154} INFO - [2025-11-17T17:38:18.981+0000] {dagbag.py:536} INFO - Filling up the DagBag from /opt/airflow/dags/tasks/recsys_data_sync.py
[2025-11-17T17:38:19.264+0000] {processor.py:841} WARNING - No viable dags retrieved from /opt/airflow/dags/tasks/recsys_data_sync.py
[2025-11-17T17:38:19.274+0000] {processor.py:179} INFO - Processing /opt/airflow/dags/tasks/recsys_data_sync.py took 0.295 seconds
[2025-11-17T17:38:49.519+0000] {processor.py:157} INFO - Started process (PID=5105) to work on /opt/airflow/dags/tasks/recsys_data_sync.py
[2025-11-17T17:38:49.520+0000] {processor.py:829} INFO - Processing file /opt/airflow/dags/tasks/recsys_data_sync.py for tasks to queue
[2025-11-17T17:38:49.521+0000] {logging_mixin.py:154} INFO - [2025-11-17T17:38:49.520+0000] {dagbag.py:536} INFO - Filling up the DagBag from /opt/airflow/dags/tasks/recsys_data_sync.py
[2025-11-17T17:38:49.851+0000] {processor.py:841} WARNING - No viable dags retrieved from /opt/airflow/dags/tasks/recsys_data_sync.py
[2025-11-17T17:38:49.860+0000] {processor.py:179} INFO - Processing /opt/airflow/dags/tasks/recsys_data_sync.py took 0.343 seconds
[2025-11-17T17:39:20.072+0000] {processor.py:157} INFO - Started process (PID=5170) to work on /opt/airflow/dags/tasks/recsys_data_sync.py
[2025-11-17T17:39:20.072+0000] {processor.py:829} INFO - Processing file /opt/airflow/dags/tasks/recsys_data_sync.py for tasks to queue
[2025-11-17T17:39:20.073+0000] {logging_mixin.py:154} INFO - [2025-11-17T17:39:20.072+0000] {dagbag.py:536} INFO - Filling up the DagBag from /opt/airflow/dags/tasks/recsys_data_sync.py
[2025-11-17T17:39:20.366+0000] {processor.py:841} WARNING - No viable dags retrieved from /opt/airflow/dags/tasks/recsys_data_sync.py
[2025-11-17T17:39:20.375+0000] {processor.py:179} INFO - Processing /opt/airflow/dags/tasks/recsys_data_sync.py took 0.306 seconds
[2025-11-17T17:39:50.652+0000] {processor.py:157} INFO - Started process (PID=5235) to work on /opt/airflow/dags/tasks/recsys_data_sync.py
[2025-11-17T17:39:50.653+0000] {processor.py:829} INFO - Processing file /opt/airflow/dags/tasks/recsys_data_sync.py for tasks to queue
[2025-11-17T17:39:50.654+0000] {logging_mixin.py:154} INFO - [2025-11-17T17:39:50.653+0000] {dagbag.py:536} INFO - Filling up the DagBag from /opt/airflow/dags/tasks/recsys_data_sync.py
[2025-11-17T17:39:50.931+0000] {processor.py:841} WARNING - No viable dags retrieved from /opt/airflow/dags/tasks/recsys_data_sync.py
[2025-11-17T17:39:50.940+0000] {processor.py:179} INFO - Processing /opt/airflow/dags/tasks/recsys_data_sync.py took 0.291 seconds
[2025-11-17T17:40:21.338+0000] {processor.py:157} INFO - Started process (PID=5300) to work on /opt/airflow/dags/tasks/recsys_data_sync.py
[2025-11-17T17:40:21.338+0000] {processor.py:829} INFO - Processing file /opt/airflow/dags/tasks/recsys_data_sync.py for tasks to queue
[2025-11-17T17:40:21.339+0000] {logging_mixin.py:154} INFO - [2025-11-17T17:40:21.339+0000] {dagbag.py:536} INFO - Filling up the DagBag from /opt/airflow/dags/tasks/recsys_data_sync.py
[2025-11-17T17:40:21.640+0000] {processor.py:841} WARNING - No viable dags retrieved from /opt/airflow/dags/tasks/recsys_data_sync.py
[2025-11-17T17:40:21.649+0000] {processor.py:179} INFO - Processing /opt/airflow/dags/tasks/recsys_data_sync.py took 0.314 seconds
[2025-11-17T17:40:52.018+0000] {processor.py:157} INFO - Started process (PID=5365) to work on /opt/airflow/dags/tasks/recsys_data_sync.py
[2025-11-17T17:40:52.019+0000] {processor.py:829} INFO - Processing file /opt/airflow/dags/tasks/recsys_data_sync.py for tasks to queue
[2025-11-17T17:40:52.019+0000] {logging_mixin.py:154} INFO - [2025-11-17T17:40:52.019+0000] {dagbag.py:536} INFO - Filling up the DagBag from /opt/airflow/dags/tasks/recsys_data_sync.py
[2025-11-17T17:40:52.318+0000] {processor.py:841} WARNING - No viable dags retrieved from /opt/airflow/dags/tasks/recsys_data_sync.py
[2025-11-17T17:40:52.327+0000] {processor.py:179} INFO - Processing /opt/airflow/dags/tasks/recsys_data_sync.py took 0.311 seconds
[2025-11-17T17:41:22.804+0000] {processor.py:157} INFO - Started process (PID=5430) to work on /opt/airflow/dags/tasks/recsys_data_sync.py
[2025-11-17T17:41:22.804+0000] {processor.py:829} INFO - Processing file /opt/airflow/dags/tasks/recsys_data_sync.py for tasks to queue
[2025-11-17T17:41:22.805+0000] {logging_mixin.py:154} INFO - [2025-11-17T17:41:22.804+0000] {dagbag.py:536} INFO - Filling up the DagBag from /opt/airflow/dags/tasks/recsys_data_sync.py
[2025-11-17T17:41:23.072+0000] {processor.py:841} WARNING - No viable dags retrieved from /opt/airflow/dags/tasks/recsys_data_sync.py
[2025-11-17T17:41:23.081+0000] {processor.py:179} INFO - Processing /opt/airflow/dags/tasks/recsys_data_sync.py took 0.280 seconds
[2025-11-17T17:41:53.455+0000] {processor.py:157} INFO - Started process (PID=5495) to work on /opt/airflow/dags/tasks/recsys_data_sync.py
[2025-11-17T17:41:53.455+0000] {processor.py:829} INFO - Processing file /opt/airflow/dags/tasks/recsys_data_sync.py for tasks to queue
[2025-11-17T17:41:53.455+0000] {logging_mixin.py:154} INFO - [2025-11-17T17:41:53.455+0000] {dagbag.py:536} INFO - Filling up the DagBag from /opt/airflow/dags/tasks/recsys_data_sync.py
[2025-11-17T17:41:53.758+0000] {processor.py:841} WARNING - No viable dags retrieved from /opt/airflow/dags/tasks/recsys_data_sync.py
[2025-11-17T17:41:53.767+0000] {processor.py:179} INFO - Processing /opt/airflow/dags/tasks/recsys_data_sync.py took 0.315 seconds
[2025-11-17T17:52:34.784+0000] {processor.py:157} INFO - Started process (PID=5534) to work on /opt/airflow/dags/tasks/recsys_data_sync.py
[2025-11-17T17:52:37.961+0000] {processor.py:829} INFO - Processing file /opt/airflow/dags/tasks/recsys_data_sync.py for tasks to queue
[2025-11-17T17:52:37.961+0000] {logging_mixin.py:154} INFO - [2025-11-17T17:52:37.961+0000] {dagbag.py:536} INFO - Filling up the DagBag from /opt/airflow/dags/tasks/recsys_data_sync.py
[2025-11-17T17:52:39.575+0000] {processor.py:841} WARNING - No viable dags retrieved from /opt/airflow/dags/tasks/recsys_data_sync.py
[2025-11-17T17:52:39.587+0000] {processor.py:179} INFO - Processing /opt/airflow/dags/tasks/recsys_data_sync.py took 4.880 seconds
[2025-11-17T17:53:10.098+0000] {processor.py:157} INFO - Started process (PID=5596) to work on /opt/airflow/dags/tasks/recsys_data_sync.py
[2025-11-17T17:53:10.099+0000] {processor.py:829} INFO - Processing file /opt/airflow/dags/tasks/recsys_data_sync.py for tasks to queue
[2025-11-17T17:53:10.099+0000] {logging_mixin.py:154} INFO - [2025-11-17T17:53:10.099+0000] {dagbag.py:536} INFO - Filling up the DagBag from /opt/airflow/dags/tasks/recsys_data_sync.py
[2025-11-17T17:53:08.963+0000] {processor.py:841} WARNING - No viable dags retrieved from /opt/airflow/dags/tasks/recsys_data_sync.py
[2025-11-17T17:53:08.971+0000] {processor.py:179} INFO - Processing /opt/airflow/dags/tasks/recsys_data_sync.py took 0.348 seconds
[2025-11-17T17:53:38.616+0000] {processor.py:157} INFO - Started process (PID=171) to work on /opt/airflow/dags/tasks/recsys_data_sync.py
[2025-11-17T17:53:38.617+0000] {processor.py:829} INFO - Processing file /opt/airflow/dags/tasks/recsys_data_sync.py for tasks to queue
[2025-11-17T17:53:38.617+0000] {logging_mixin.py:154} INFO - [2025-11-17T17:53:38.617+0000] {dagbag.py:536} INFO - Filling up the DagBag from /opt/airflow/dags/tasks/recsys_data_sync.py
[2025-11-17T17:53:38.141+0000] {processor.py:841} WARNING - No viable dags retrieved from /opt/airflow/dags/tasks/recsys_data_sync.py
[2025-11-17T17:53:38.160+0000] {processor.py:179} INFO - Processing /opt/airflow/dags/tasks/recsys_data_sync.py took 0.243 seconds
[2025-11-17T17:54:07.983+0000] {processor.py:157} INFO - Started process (PID=233) to work on /opt/airflow/dags/tasks/recsys_data_sync.py
[2025-11-17T17:54:07.984+0000] {processor.py:829} INFO - Processing file /opt/airflow/dags/tasks/recsys_data_sync.py for tasks to queue
[2025-11-17T17:54:07.984+0000] {logging_mixin.py:154} INFO - [2025-11-17T17:54:07.984+0000] {dagbag.py:536} INFO - Filling up the DagBag from /opt/airflow/dags/tasks/recsys_data_sync.py
[2025-11-17T17:54:08.170+0000] {processor.py:841} WARNING - No viable dags retrieved from /opt/airflow/dags/tasks/recsys_data_sync.py
[2025-11-17T17:54:08.181+0000] {processor.py:179} INFO - Processing /opt/airflow/dags/tasks/recsys_data_sync.py took 0.201 seconds
[2025-11-17T17:54:38.717+0000] {processor.py:157} INFO - Started process (PID=298) to work on /opt/airflow/dags/tasks/recsys_data_sync.py
[2025-11-17T17:54:38.718+0000] {processor.py:829} INFO - Processing file /opt/airflow/dags/tasks/recsys_data_sync.py for tasks to queue
[2025-11-17T17:54:38.718+0000] {logging_mixin.py:154} INFO - [2025-11-17T17:54:38.718+0000] {dagbag.py:536} INFO - Filling up the DagBag from /opt/airflow/dags/tasks/recsys_data_sync.py
[2025-11-17T17:54:38.892+0000] {processor.py:841} WARNING - No viable dags retrieved from /opt/airflow/dags/tasks/recsys_data_sync.py
[2025-11-17T17:54:38.903+0000] {processor.py:179} INFO - Processing /opt/airflow/dags/tasks/recsys_data_sync.py took 0.189 seconds
[2025-11-17T17:55:09.599+0000] {processor.py:157} INFO - Started process (PID=363) to work on /opt/airflow/dags/tasks/recsys_data_sync.py
[2025-11-17T17:55:09.600+0000] {processor.py:829} INFO - Processing file /opt/airflow/dags/tasks/recsys_data_sync.py for tasks to queue
[2025-11-17T17:55:09.600+0000] {logging_mixin.py:154} INFO - [2025-11-17T17:55:09.600+0000] {dagbag.py:536} INFO - Filling up the DagBag from /opt/airflow/dags/tasks/recsys_data_sync.py
[2025-11-17T17:55:09.795+0000] {processor.py:841} WARNING - No viable dags retrieved from /opt/airflow/dags/tasks/recsys_data_sync.py
[2025-11-17T17:55:09.806+0000] {processor.py:179} INFO - Processing /opt/airflow/dags/tasks/recsys_data_sync.py took 0.210 seconds
[2025-11-17T17:55:40.294+0000] {processor.py:157} INFO - Started process (PID=421) to work on /opt/airflow/dags/tasks/recsys_data_sync.py
[2025-11-17T17:55:40.294+0000] {processor.py:829} INFO - Processing file /opt/airflow/dags/tasks/recsys_data_sync.py for tasks to queue
[2025-11-17T17:55:40.295+0000] {logging_mixin.py:154} INFO - [2025-11-17T17:55:40.295+0000] {dagbag.py:536} INFO - Filling up the DagBag from /opt/airflow/dags/tasks/recsys_data_sync.py
[2025-11-17T17:55:40.480+0000] {processor.py:841} WARNING - No viable dags retrieved from /opt/airflow/dags/tasks/recsys_data_sync.py
[2025-11-17T17:55:40.492+0000] {processor.py:179} INFO - Processing /opt/airflow/dags/tasks/recsys_data_sync.py took 0.201 seconds
[2025-11-17T17:56:11.012+0000] {processor.py:157} INFO - Started process (PID=487) to work on /opt/airflow/dags/tasks/recsys_data_sync.py
[2025-11-17T17:56:11.013+0000] {processor.py:829} INFO - Processing file /opt/airflow/dags/tasks/recsys_data_sync.py for tasks to queue
[2025-11-17T17:56:11.013+0000] {logging_mixin.py:154} INFO - [2025-11-17T17:56:11.013+0000] {dagbag.py:536} INFO - Filling up the DagBag from /opt/airflow/dags/tasks/recsys_data_sync.py
[2025-11-17T17:56:11.316+0000] {processor.py:841} WARNING - No viable dags retrieved from /opt/airflow/dags/tasks/recsys_data_sync.py
[2025-11-17T17:56:11.324+0000] {processor.py:179} INFO - Processing /opt/airflow/dags/tasks/recsys_data_sync.py took 0.315 seconds
[2025-11-17T17:56:41.805+0000] {processor.py:157} INFO - Started process (PID=552) to work on /opt/airflow/dags/tasks/recsys_data_sync.py
[2025-11-17T17:56:41.805+0000] {processor.py:829} INFO - Processing file /opt/airflow/dags/tasks/recsys_data_sync.py for tasks to queue
[2025-11-17T17:56:41.806+0000] {logging_mixin.py:154} INFO - [2025-11-17T17:56:41.806+0000] {dagbag.py:536} INFO - Filling up the DagBag from /opt/airflow/dags/tasks/recsys_data_sync.py
[2025-11-17T17:56:42.023+0000] {processor.py:841} WARNING - No viable dags retrieved from /opt/airflow/dags/tasks/recsys_data_sync.py
[2025-11-17T17:56:42.037+0000] {processor.py:179} INFO - Processing /opt/airflow/dags/tasks/recsys_data_sync.py took 0.235 seconds
[2025-11-17T17:57:12.568+0000] {processor.py:157} INFO - Started process (PID=617) to work on /opt/airflow/dags/tasks/recsys_data_sync.py
[2025-11-17T17:57:12.569+0000] {processor.py:829} INFO - Processing file /opt/airflow/dags/tasks/recsys_data_sync.py for tasks to queue
[2025-11-17T17:57:12.570+0000] {logging_mixin.py:154} INFO - [2025-11-17T17:57:12.570+0000] {dagbag.py:536} INFO - Filling up the DagBag from /opt/airflow/dags/tasks/recsys_data_sync.py
[2025-11-17T17:57:12.751+0000] {processor.py:841} WARNING - No viable dags retrieved from /opt/airflow/dags/tasks/recsys_data_sync.py
[2025-11-17T17:57:12.764+0000] {processor.py:179} INFO - Processing /opt/airflow/dags/tasks/recsys_data_sync.py took 0.198 seconds
[2025-11-17T17:57:43.306+0000] {processor.py:157} INFO - Started process (PID=682) to work on /opt/airflow/dags/tasks/recsys_data_sync.py
[2025-11-17T17:57:43.307+0000] {processor.py:829} INFO - Processing file /opt/airflow/dags/tasks/recsys_data_sync.py for tasks to queue
[2025-11-17T17:57:43.307+0000] {logging_mixin.py:154} INFO - [2025-11-17T17:57:43.307+0000] {dagbag.py:536} INFO - Filling up the DagBag from /opt/airflow/dags/tasks/recsys_data_sync.py
[2025-11-17T17:57:43.605+0000] {processor.py:841} WARNING - No viable dags retrieved from /opt/airflow/dags/tasks/recsys_data_sync.py
[2025-11-17T17:57:43.614+0000] {processor.py:179} INFO - Processing /opt/airflow/dags/tasks/recsys_data_sync.py took 0.311 seconds
[2025-11-17T17:58:14.114+0000] {processor.py:157} INFO - Started process (PID=747) to work on /opt/airflow/dags/tasks/recsys_data_sync.py
[2025-11-17T17:58:14.116+0000] {processor.py:829} INFO - Processing file /opt/airflow/dags/tasks/recsys_data_sync.py for tasks to queue
[2025-11-17T17:58:14.116+0000] {logging_mixin.py:154} INFO - [2025-11-17T17:58:14.116+0000] {dagbag.py:536} INFO - Filling up the DagBag from /opt/airflow/dags/tasks/recsys_data_sync.py
[2025-11-17T17:58:14.493+0000] {processor.py:841} WARNING - No viable dags retrieved from /opt/airflow/dags/tasks/recsys_data_sync.py
[2025-11-17T17:58:14.501+0000] {processor.py:179} INFO - Processing /opt/airflow/dags/tasks/recsys_data_sync.py took 0.390 seconds
[2025-11-17T17:58:44.595+0000] {processor.py:157} INFO - Started process (PID=819) to work on /opt/airflow/dags/tasks/recsys_data_sync.py
[2025-11-17T17:58:44.596+0000] {processor.py:829} INFO - Processing file /opt/airflow/dags/tasks/recsys_data_sync.py for tasks to queue
[2025-11-17T17:58:44.597+0000] {logging_mixin.py:154} INFO - [2025-11-17T17:58:44.597+0000] {dagbag.py:536} INFO - Filling up the DagBag from /opt/airflow/dags/tasks/recsys_data_sync.py
[2025-11-17T17:58:44.803+0000] {processor.py:841} WARNING - No viable dags retrieved from /opt/airflow/dags/tasks/recsys_data_sync.py
[2025-11-17T17:58:44.814+0000] {processor.py:179} INFO - Processing /opt/airflow/dags/tasks/recsys_data_sync.py took 0.221 seconds
[2025-11-17T17:59:15.723+0000] {processor.py:157} INFO - Started process (PID=880) to work on /opt/airflow/dags/tasks/recsys_data_sync.py
[2025-11-17T17:59:15.730+0000] {processor.py:829} INFO - Processing file /opt/airflow/dags/tasks/recsys_data_sync.py for tasks to queue
[2025-11-17T17:59:15.730+0000] {logging_mixin.py:154} INFO - [2025-11-17T17:59:15.730+0000] {dagbag.py:536} INFO - Filling up the DagBag from /opt/airflow/dags/tasks/recsys_data_sync.py
[2025-11-17T17:59:16.085+0000] {processor.py:841} WARNING - No viable dags retrieved from /opt/airflow/dags/tasks/recsys_data_sync.py
[2025-11-17T17:59:16.095+0000] {processor.py:179} INFO - Processing /opt/airflow/dags/tasks/recsys_data_sync.py took 0.374 seconds
[2025-11-17T17:59:46.202+0000] {processor.py:157} INFO - Started process (PID=1073) to work on /opt/airflow/dags/tasks/recsys_data_sync.py
[2025-11-17T17:59:46.203+0000] {processor.py:829} INFO - Processing file /opt/airflow/dags/tasks/recsys_data_sync.py for tasks to queue
[2025-11-17T17:59:46.203+0000] {logging_mixin.py:154} INFO - [2025-11-17T17:59:46.203+0000] {dagbag.py:536} INFO - Filling up the DagBag from /opt/airflow/dags/tasks/recsys_data_sync.py
[2025-11-17T17:59:46.564+0000] {processor.py:841} WARNING - No viable dags retrieved from /opt/airflow/dags/tasks/recsys_data_sync.py
[2025-11-17T17:59:46.575+0000] {processor.py:179} INFO - Processing /opt/airflow/dags/tasks/recsys_data_sync.py took 0.376 seconds
[2025-11-17T18:00:17.506+0000] {processor.py:157} INFO - Started process (PID=1182) to work on /opt/airflow/dags/tasks/recsys_data_sync.py
[2025-11-17T18:00:17.513+0000] {processor.py:829} INFO - Processing file /opt/airflow/dags/tasks/recsys_data_sync.py for tasks to queue
[2025-11-17T18:00:17.513+0000] {logging_mixin.py:154} INFO - [2025-11-17T18:00:17.513+0000] {dagbag.py:536} INFO - Filling up the DagBag from /opt/airflow/dags/tasks/recsys_data_sync.py
[2025-11-17T18:00:17.685+0000] {processor.py:841} WARNING - No viable dags retrieved from /opt/airflow/dags/tasks/recsys_data_sync.py
[2025-11-17T18:00:17.697+0000] {processor.py:179} INFO - Processing /opt/airflow/dags/tasks/recsys_data_sync.py took 0.194 seconds
[2025-11-17T18:00:48.721+0000] {processor.py:157} INFO - Started process (PID=1247) to work on /opt/airflow/dags/tasks/recsys_data_sync.py
[2025-11-17T18:00:48.722+0000] {processor.py:829} INFO - Processing file /opt/airflow/dags/tasks/recsys_data_sync.py for tasks to queue
[2025-11-17T18:00:48.723+0000] {logging_mixin.py:154} INFO - [2025-11-17T18:00:48.723+0000] {dagbag.py:536} INFO - Filling up the DagBag from /opt/airflow/dags/tasks/recsys_data_sync.py
[2025-11-17T18:00:48.913+0000] {processor.py:841} WARNING - No viable dags retrieved from /opt/airflow/dags/tasks/recsys_data_sync.py
[2025-11-17T18:00:48.925+0000] {processor.py:179} INFO - Processing /opt/airflow/dags/tasks/recsys_data_sync.py took 0.207 seconds
[2025-11-17T18:01:19.876+0000] {processor.py:157} INFO - Started process (PID=1312) to work on /opt/airflow/dags/tasks/recsys_data_sync.py
[2025-11-17T18:01:19.877+0000] {processor.py:829} INFO - Processing file /opt/airflow/dags/tasks/recsys_data_sync.py for tasks to queue
[2025-11-17T18:01:19.878+0000] {logging_mixin.py:154} INFO - [2025-11-17T18:01:19.877+0000] {dagbag.py:536} INFO - Filling up the DagBag from /opt/airflow/dags/tasks/recsys_data_sync.py
[2025-11-17T18:01:20.235+0000] {processor.py:841} WARNING - No viable dags retrieved from /opt/airflow/dags/tasks/recsys_data_sync.py
[2025-11-17T18:01:20.245+0000] {processor.py:179} INFO - Processing /opt/airflow/dags/tasks/recsys_data_sync.py took 0.373 seconds
[2025-11-17T18:01:51.081+0000] {processor.py:157} INFO - Started process (PID=1370) to work on /opt/airflow/dags/tasks/recsys_data_sync.py
[2025-11-17T18:01:51.082+0000] {processor.py:829} INFO - Processing file /opt/airflow/dags/tasks/recsys_data_sync.py for tasks to queue
[2025-11-17T18:01:51.082+0000] {logging_mixin.py:154} INFO - [2025-11-17T18:01:51.082+0000] {dagbag.py:536} INFO - Filling up the DagBag from /opt/airflow/dags/tasks/recsys_data_sync.py
[2025-11-17T18:01:51.296+0000] {processor.py:841} WARNING - No viable dags retrieved from /opt/airflow/dags/tasks/recsys_data_sync.py
[2025-11-17T18:01:51.309+0000] {processor.py:179} INFO - Processing /opt/airflow/dags/tasks/recsys_data_sync.py took 0.231 seconds
[2025-11-17T18:02:21.688+0000] {processor.py:157} INFO - Started process (PID=1435) to work on /opt/airflow/dags/tasks/recsys_data_sync.py
[2025-11-17T18:02:21.689+0000] {processor.py:829} INFO - Processing file /opt/airflow/dags/tasks/recsys_data_sync.py for tasks to queue
[2025-11-17T18:02:21.689+0000] {logging_mixin.py:154} INFO - [2025-11-17T18:02:21.689+0000] {dagbag.py:536} INFO - Filling up the DagBag from /opt/airflow/dags/tasks/recsys_data_sync.py
[2025-11-17T18:02:22.042+0000] {processor.py:841} WARNING - No viable dags retrieved from /opt/airflow/dags/tasks/recsys_data_sync.py
[2025-11-17T18:02:22.052+0000] {processor.py:179} INFO - Processing /opt/airflow/dags/tasks/recsys_data_sync.py took 0.367 seconds
[2025-11-17T18:02:52.183+0000] {processor.py:157} INFO - Started process (PID=1500) to work on /opt/airflow/dags/tasks/recsys_data_sync.py
[2025-11-17T18:02:52.184+0000] {processor.py:829} INFO - Processing file /opt/airflow/dags/tasks/recsys_data_sync.py for tasks to queue
[2025-11-17T18:02:52.185+0000] {logging_mixin.py:154} INFO - [2025-11-17T18:02:52.184+0000] {dagbag.py:536} INFO - Filling up the DagBag from /opt/airflow/dags/tasks/recsys_data_sync.py
[2025-11-17T18:02:52.526+0000] {processor.py:841} WARNING - No viable dags retrieved from /opt/airflow/dags/tasks/recsys_data_sync.py
[2025-11-17T18:02:52.536+0000] {processor.py:179} INFO - Processing /opt/airflow/dags/tasks/recsys_data_sync.py took 0.356 seconds
[2025-11-17T18:03:23.450+0000] {processor.py:157} INFO - Started process (PID=1565) to work on /opt/airflow/dags/tasks/recsys_data_sync.py
[2025-11-17T18:03:23.451+0000] {processor.py:829} INFO - Processing file /opt/airflow/dags/tasks/recsys_data_sync.py for tasks to queue
[2025-11-17T18:03:23.452+0000] {logging_mixin.py:154} INFO - [2025-11-17T18:03:23.451+0000] {dagbag.py:536} INFO - Filling up the DagBag from /opt/airflow/dags/tasks/recsys_data_sync.py
[2025-11-17T18:03:23.657+0000] {processor.py:841} WARNING - No viable dags retrieved from /opt/airflow/dags/tasks/recsys_data_sync.py
[2025-11-17T18:03:23.670+0000] {processor.py:179} INFO - Processing /opt/airflow/dags/tasks/recsys_data_sync.py took 0.222 seconds
[2025-11-17T18:03:54.337+0000] {processor.py:157} INFO - Started process (PID=1630) to work on /opt/airflow/dags/tasks/recsys_data_sync.py
[2025-11-17T18:03:54.338+0000] {processor.py:829} INFO - Processing file /opt/airflow/dags/tasks/recsys_data_sync.py for tasks to queue
[2025-11-17T18:03:54.338+0000] {logging_mixin.py:154} INFO - [2025-11-17T18:03:54.338+0000] {dagbag.py:536} INFO - Filling up the DagBag from /opt/airflow/dags/tasks/recsys_data_sync.py
[2025-11-17T18:03:54.859+0000] {processor.py:841} WARNING - No viable dags retrieved from /opt/airflow/dags/tasks/recsys_data_sync.py
[2025-11-17T18:03:54.870+0000] {processor.py:179} INFO - Processing /opt/airflow/dags/tasks/recsys_data_sync.py took 0.536 seconds
[2025-11-17T18:04:25.037+0000] {processor.py:157} INFO - Started process (PID=1688) to work on /opt/airflow/dags/tasks/recsys_data_sync.py
[2025-11-17T18:04:25.037+0000] {processor.py:829} INFO - Processing file /opt/airflow/dags/tasks/recsys_data_sync.py for tasks to queue
[2025-11-17T18:04:25.038+0000] {logging_mixin.py:154} INFO - [2025-11-17T18:04:25.038+0000] {dagbag.py:536} INFO - Filling up the DagBag from /opt/airflow/dags/tasks/recsys_data_sync.py
[2025-11-17T18:04:25.389+0000] {processor.py:841} WARNING - No viable dags retrieved from /opt/airflow/dags/tasks/recsys_data_sync.py
[2025-11-17T18:04:25.398+0000] {processor.py:179} INFO - Processing /opt/airflow/dags/tasks/recsys_data_sync.py took 0.364 seconds
[2025-11-17T18:04:55.586+0000] {processor.py:157} INFO - Started process (PID=1753) to work on /opt/airflow/dags/tasks/recsys_data_sync.py
[2025-11-17T18:04:55.587+0000] {processor.py:829} INFO - Processing file /opt/airflow/dags/tasks/recsys_data_sync.py for tasks to queue
[2025-11-17T18:04:55.587+0000] {logging_mixin.py:154} INFO - [2025-11-17T18:04:55.587+0000] {dagbag.py:536} INFO - Filling up the DagBag from /opt/airflow/dags/tasks/recsys_data_sync.py
[2025-11-17T18:04:55.953+0000] {processor.py:841} WARNING - No viable dags retrieved from /opt/airflow/dags/tasks/recsys_data_sync.py
[2025-11-17T18:04:55.962+0000] {processor.py:179} INFO - Processing /opt/airflow/dags/tasks/recsys_data_sync.py took 0.379 seconds
[2025-11-17T18:05:26.738+0000] {processor.py:157} INFO - Started process (PID=1864) to work on /opt/airflow/dags/tasks/recsys_data_sync.py
[2025-11-17T18:05:26.743+0000] {processor.py:829} INFO - Processing file /opt/airflow/dags/tasks/recsys_data_sync.py for tasks to queue
[2025-11-17T18:05:26.744+0000] {logging_mixin.py:154} INFO - [2025-11-17T18:05:26.743+0000] {dagbag.py:536} INFO - Filling up the DagBag from /opt/airflow/dags/tasks/recsys_data_sync.py
[2025-11-17T18:05:27.161+0000] {processor.py:841} WARNING - No viable dags retrieved from /opt/airflow/dags/tasks/recsys_data_sync.py
[2025-11-17T18:05:27.172+0000] {processor.py:179} INFO - Processing /opt/airflow/dags/tasks/recsys_data_sync.py took 0.437 seconds
[2025-11-17T18:05:57.350+0000] {processor.py:157} INFO - Started process (PID=1940) to work on /opt/airflow/dags/tasks/recsys_data_sync.py
[2025-11-17T18:05:57.351+0000] {processor.py:829} INFO - Processing file /opt/airflow/dags/tasks/recsys_data_sync.py for tasks to queue
[2025-11-17T18:05:57.351+0000] {logging_mixin.py:154} INFO - [2025-11-17T18:05:57.351+0000] {dagbag.py:536} INFO - Filling up the DagBag from /opt/airflow/dags/tasks/recsys_data_sync.py
[2025-11-17T18:05:57.668+0000] {processor.py:841} WARNING - No viable dags retrieved from /opt/airflow/dags/tasks/recsys_data_sync.py
[2025-11-17T18:05:57.677+0000] {processor.py:179} INFO - Processing /opt/airflow/dags/tasks/recsys_data_sync.py took 0.330 seconds
[2025-11-17T18:06:28.210+0000] {processor.py:157} INFO - Started process (PID=1984) to work on /opt/airflow/dags/tasks/recsys_data_sync.py
[2025-11-17T18:06:28.211+0000] {processor.py:829} INFO - Processing file /opt/airflow/dags/tasks/recsys_data_sync.py for tasks to queue
[2025-11-17T18:06:28.212+0000] {logging_mixin.py:154} INFO - [2025-11-17T18:06:28.211+0000] {dagbag.py:536} INFO - Filling up the DagBag from /opt/airflow/dags/tasks/recsys_data_sync.py
[2025-11-17T18:06:28.551+0000] {processor.py:841} WARNING - No viable dags retrieved from /opt/airflow/dags/tasks/recsys_data_sync.py
[2025-11-17T18:06:28.562+0000] {processor.py:179} INFO - Processing /opt/airflow/dags/tasks/recsys_data_sync.py took 0.354 seconds
[2025-11-17T18:06:59.510+0000] {processor.py:157} INFO - Started process (PID=2046) to work on /opt/airflow/dags/tasks/recsys_data_sync.py
[2025-11-17T18:06:59.510+0000] {processor.py:829} INFO - Processing file /opt/airflow/dags/tasks/recsys_data_sync.py for tasks to queue
[2025-11-17T18:06:59.511+0000] {logging_mixin.py:154} INFO - [2025-11-17T18:06:59.510+0000] {dagbag.py:536} INFO - Filling up the DagBag from /opt/airflow/dags/tasks/recsys_data_sync.py
[2025-11-17T18:06:59.835+0000] {processor.py:841} WARNING - No viable dags retrieved from /opt/airflow/dags/tasks/recsys_data_sync.py
[2025-11-17T18:06:59.845+0000] {processor.py:179} INFO - Processing /opt/airflow/dags/tasks/recsys_data_sync.py took 0.339 seconds
[2025-11-17T18:07:30.412+0000] {processor.py:157} INFO - Started process (PID=2111) to work on /opt/airflow/dags/tasks/recsys_data_sync.py
[2025-11-17T18:07:30.413+0000] {processor.py:829} INFO - Processing file /opt/airflow/dags/tasks/recsys_data_sync.py for tasks to queue
[2025-11-17T18:07:30.414+0000] {logging_mixin.py:154} INFO - [2025-11-17T18:07:30.414+0000] {dagbag.py:536} INFO - Filling up the DagBag from /opt/airflow/dags/tasks/recsys_data_sync.py
[2025-11-17T18:07:30.766+0000] {processor.py:841} WARNING - No viable dags retrieved from /opt/airflow/dags/tasks/recsys_data_sync.py
[2025-11-17T18:07:30.775+0000] {processor.py:179} INFO - Processing /opt/airflow/dags/tasks/recsys_data_sync.py took 0.366 seconds
[2025-11-17T18:08:01.693+0000] {processor.py:157} INFO - Started process (PID=2176) to work on /opt/airflow/dags/tasks/recsys_data_sync.py
[2025-11-17T18:08:01.694+0000] {processor.py:829} INFO - Processing file /opt/airflow/dags/tasks/recsys_data_sync.py for tasks to queue
[2025-11-17T18:08:01.695+0000] {logging_mixin.py:154} INFO - [2025-11-17T18:08:01.694+0000] {dagbag.py:536} INFO - Filling up the DagBag from /opt/airflow/dags/tasks/recsys_data_sync.py
[2025-11-17T18:08:02.086+0000] {processor.py:841} WARNING - No viable dags retrieved from /opt/airflow/dags/tasks/recsys_data_sync.py
[2025-11-17T18:08:02.099+0000] {processor.py:179} INFO - Processing /opt/airflow/dags/tasks/recsys_data_sync.py took 0.410 seconds
[2025-11-17T18:08:32.418+0000] {processor.py:157} INFO - Started process (PID=2241) to work on /opt/airflow/dags/tasks/recsys_data_sync.py
[2025-11-17T18:08:32.419+0000] {processor.py:829} INFO - Processing file /opt/airflow/dags/tasks/recsys_data_sync.py for tasks to queue
[2025-11-17T18:08:32.420+0000] {logging_mixin.py:154} INFO - [2025-11-17T18:08:32.419+0000] {dagbag.py:536} INFO - Filling up the DagBag from /opt/airflow/dags/tasks/recsys_data_sync.py
[2025-11-17T18:08:32.862+0000] {processor.py:841} WARNING - No viable dags retrieved from /opt/airflow/dags/tasks/recsys_data_sync.py
[2025-11-17T18:08:32.873+0000] {processor.py:179} INFO - Processing /opt/airflow/dags/tasks/recsys_data_sync.py took 0.459 seconds
[2025-11-17T18:09:03.245+0000] {processor.py:157} INFO - Started process (PID=2299) to work on /opt/airflow/dags/tasks/recsys_data_sync.py
[2025-11-17T18:09:03.245+0000] {processor.py:829} INFO - Processing file /opt/airflow/dags/tasks/recsys_data_sync.py for tasks to queue
[2025-11-17T18:09:03.246+0000] {logging_mixin.py:154} INFO - [2025-11-17T18:09:03.246+0000] {dagbag.py:536} INFO - Filling up the DagBag from /opt/airflow/dags/tasks/recsys_data_sync.py
[2025-11-17T18:09:03.571+0000] {processor.py:841} WARNING - No viable dags retrieved from /opt/airflow/dags/tasks/recsys_data_sync.py
[2025-11-17T18:09:03.582+0000] {processor.py:179} INFO - Processing /opt/airflow/dags/tasks/recsys_data_sync.py took 0.340 seconds
[2025-11-17T18:09:34.514+0000] {processor.py:157} INFO - Started process (PID=2364) to work on /opt/airflow/dags/tasks/recsys_data_sync.py
[2025-11-17T18:09:34.514+0000] {processor.py:829} INFO - Processing file /opt/airflow/dags/tasks/recsys_data_sync.py for tasks to queue
[2025-11-17T18:09:34.515+0000] {logging_mixin.py:154} INFO - [2025-11-17T18:09:34.515+0000] {dagbag.py:536} INFO - Filling up the DagBag from /opt/airflow/dags/tasks/recsys_data_sync.py
[2025-11-17T18:09:34.918+0000] {processor.py:841} WARNING - No viable dags retrieved from /opt/airflow/dags/tasks/recsys_data_sync.py
[2025-11-17T18:09:34.932+0000] {processor.py:179} INFO - Processing /opt/airflow/dags/tasks/recsys_data_sync.py took 0.421 seconds
[2025-11-17T18:10:05.878+0000] {processor.py:157} INFO - Started process (PID=2429) to work on /opt/airflow/dags/tasks/recsys_data_sync.py
[2025-11-17T18:10:05.879+0000] {processor.py:829} INFO - Processing file /opt/airflow/dags/tasks/recsys_data_sync.py for tasks to queue
[2025-11-17T18:10:05.880+0000] {logging_mixin.py:154} INFO - [2025-11-17T18:10:05.879+0000] {dagbag.py:536} INFO - Filling up the DagBag from /opt/airflow/dags/tasks/recsys_data_sync.py
[2025-11-17T18:10:06.205+0000] {processor.py:841} WARNING - No viable dags retrieved from /opt/airflow/dags/tasks/recsys_data_sync.py
[2025-11-17T18:10:06.214+0000] {processor.py:179} INFO - Processing /opt/airflow/dags/tasks/recsys_data_sync.py took 0.339 seconds
[2025-11-17T18:10:37.121+0000] {processor.py:157} INFO - Started process (PID=2494) to work on /opt/airflow/dags/tasks/recsys_data_sync.py
[2025-11-17T18:10:37.122+0000] {processor.py:829} INFO - Processing file /opt/airflow/dags/tasks/recsys_data_sync.py for tasks to queue
[2025-11-17T18:10:37.123+0000] {logging_mixin.py:154} INFO - [2025-11-17T18:10:37.123+0000] {dagbag.py:536} INFO - Filling up the DagBag from /opt/airflow/dags/tasks/recsys_data_sync.py
[2025-11-17T18:10:37.537+0000] {processor.py:841} WARNING - No viable dags retrieved from /opt/airflow/dags/tasks/recsys_data_sync.py
[2025-11-17T18:10:37.546+0000] {processor.py:179} INFO - Processing /opt/airflow/dags/tasks/recsys_data_sync.py took 0.428 seconds
[2025-11-17T18:11:07.811+0000] {processor.py:157} INFO - Started process (PID=2559) to work on /opt/airflow/dags/tasks/recsys_data_sync.py
[2025-11-17T18:11:07.811+0000] {processor.py:829} INFO - Processing file /opt/airflow/dags/tasks/recsys_data_sync.py for tasks to queue
[2025-11-17T18:11:07.812+0000] {logging_mixin.py:154} INFO - [2025-11-17T18:11:07.811+0000] {dagbag.py:536} INFO - Filling up the DagBag from /opt/airflow/dags/tasks/recsys_data_sync.py
[2025-11-17T18:11:08.136+0000] {processor.py:841} WARNING - No viable dags retrieved from /opt/airflow/dags/tasks/recsys_data_sync.py
[2025-11-17T18:11:08.144+0000] {processor.py:179} INFO - Processing /opt/airflow/dags/tasks/recsys_data_sync.py took 0.336 seconds
[2025-11-17T18:11:39.068+0000] {processor.py:157} INFO - Started process (PID=2624) to work on /opt/airflow/dags/tasks/recsys_data_sync.py
[2025-11-17T18:11:39.069+0000] {processor.py:829} INFO - Processing file /opt/airflow/dags/tasks/recsys_data_sync.py for tasks to queue
[2025-11-17T18:11:39.070+0000] {logging_mixin.py:154} INFO - [2025-11-17T18:11:39.069+0000] {dagbag.py:536} INFO - Filling up the DagBag from /opt/airflow/dags/tasks/recsys_data_sync.py
[2025-11-17T18:11:39.382+0000] {processor.py:841} WARNING - No viable dags retrieved from /opt/airflow/dags/tasks/recsys_data_sync.py
[2025-11-17T18:11:39.392+0000] {processor.py:179} INFO - Processing /opt/airflow/dags/tasks/recsys_data_sync.py took 0.326 seconds
[2025-11-17T18:12:10.378+0000] {processor.py:157} INFO - Started process (PID=2689) to work on /opt/airflow/dags/tasks/recsys_data_sync.py
[2025-11-17T18:12:10.378+0000] {processor.py:829} INFO - Processing file /opt/airflow/dags/tasks/recsys_data_sync.py for tasks to queue
[2025-11-17T18:12:10.379+0000] {logging_mixin.py:154} INFO - [2025-11-17T18:12:10.379+0000] {dagbag.py:536} INFO - Filling up the DagBag from /opt/airflow/dags/tasks/recsys_data_sync.py
[2025-11-17T18:12:10.717+0000] {processor.py:841} WARNING - No viable dags retrieved from /opt/airflow/dags/tasks/recsys_data_sync.py
[2025-11-17T18:12:10.726+0000] {processor.py:179} INFO - Processing /opt/airflow/dags/tasks/recsys_data_sync.py took 0.352 seconds
[2025-11-17T18:12:41.655+0000] {processor.py:157} INFO - Started process (PID=2747) to work on /opt/airflow/dags/tasks/recsys_data_sync.py
[2025-11-17T18:12:41.656+0000] {processor.py:829} INFO - Processing file /opt/airflow/dags/tasks/recsys_data_sync.py for tasks to queue
[2025-11-17T18:12:41.656+0000] {logging_mixin.py:154} INFO - [2025-11-17T18:12:41.656+0000] {dagbag.py:536} INFO - Filling up the DagBag from /opt/airflow/dags/tasks/recsys_data_sync.py
[2025-11-17T18:12:41.988+0000] {processor.py:841} WARNING - No viable dags retrieved from /opt/airflow/dags/tasks/recsys_data_sync.py
[2025-11-17T18:12:41.998+0000] {processor.py:179} INFO - Processing /opt/airflow/dags/tasks/recsys_data_sync.py took 0.346 seconds
[2025-11-17T18:13:12.971+0000] {processor.py:157} INFO - Started process (PID=2812) to work on /opt/airflow/dags/tasks/recsys_data_sync.py
[2025-11-17T18:13:12.971+0000] {processor.py:829} INFO - Processing file /opt/airflow/dags/tasks/recsys_data_sync.py for tasks to queue
[2025-11-17T18:13:12.972+0000] {logging_mixin.py:154} INFO - [2025-11-17T18:13:12.972+0000] {dagbag.py:536} INFO - Filling up the DagBag from /opt/airflow/dags/tasks/recsys_data_sync.py
[2025-11-17T18:13:13.290+0000] {processor.py:841} WARNING - No viable dags retrieved from /opt/airflow/dags/tasks/recsys_data_sync.py
[2025-11-17T18:13:13.300+0000] {processor.py:179} INFO - Processing /opt/airflow/dags/tasks/recsys_data_sync.py took 0.332 seconds
[2025-11-17T18:13:43.870+0000] {processor.py:157} INFO - Started process (PID=2877) to work on /opt/airflow/dags/tasks/recsys_data_sync.py
[2025-11-17T18:13:43.871+0000] {processor.py:829} INFO - Processing file /opt/airflow/dags/tasks/recsys_data_sync.py for tasks to queue
[2025-11-17T18:13:43.871+0000] {logging_mixin.py:154} INFO - [2025-11-17T18:13:43.871+0000] {dagbag.py:536} INFO - Filling up the DagBag from /opt/airflow/dags/tasks/recsys_data_sync.py
[2025-11-17T18:13:44.196+0000] {processor.py:841} WARNING - No viable dags retrieved from /opt/airflow/dags/tasks/recsys_data_sync.py
[2025-11-17T18:13:44.206+0000] {processor.py:179} INFO - Processing /opt/airflow/dags/tasks/recsys_data_sync.py took 0.338 seconds
[2025-11-17T18:14:14.747+0000] {processor.py:157} INFO - Started process (PID=2942) to work on /opt/airflow/dags/tasks/recsys_data_sync.py
[2025-11-17T18:14:14.747+0000] {processor.py:829} INFO - Processing file /opt/airflow/dags/tasks/recsys_data_sync.py for tasks to queue
[2025-11-17T18:14:14.748+0000] {logging_mixin.py:154} INFO - [2025-11-17T18:14:14.748+0000] {dagbag.py:536} INFO - Filling up the DagBag from /opt/airflow/dags/tasks/recsys_data_sync.py
[2025-11-17T18:14:15.166+0000] {processor.py:841} WARNING - No viable dags retrieved from /opt/airflow/dags/tasks/recsys_data_sync.py
[2025-11-17T18:14:15.177+0000] {processor.py:179} INFO - Processing /opt/airflow/dags/tasks/recsys_data_sync.py took 0.433 seconds
[2025-11-17T18:14:45.699+0000] {processor.py:157} INFO - Started process (PID=3007) to work on /opt/airflow/dags/tasks/recsys_data_sync.py
[2025-11-17T18:14:45.699+0000] {processor.py:829} INFO - Processing file /opt/airflow/dags/tasks/recsys_data_sync.py for tasks to queue
[2025-11-17T18:14:45.699+0000] {logging_mixin.py:154} INFO - [2025-11-17T18:14:45.699+0000] {dagbag.py:536} INFO - Filling up the DagBag from /opt/airflow/dags/tasks/recsys_data_sync.py
[2025-11-17T18:14:46.028+0000] {processor.py:841} WARNING - No viable dags retrieved from /opt/airflow/dags/tasks/recsys_data_sync.py
[2025-11-17T18:14:46.042+0000] {processor.py:179} INFO - Processing /opt/airflow/dags/tasks/recsys_data_sync.py took 0.346 seconds
[2025-11-17T18:15:16.093+0000] {processor.py:157} INFO - Started process (PID=3072) to work on /opt/airflow/dags/tasks/recsys_data_sync.py
[2025-11-17T18:15:16.094+0000] {processor.py:829} INFO - Processing file /opt/airflow/dags/tasks/recsys_data_sync.py for tasks to queue
[2025-11-17T18:15:16.094+0000] {logging_mixin.py:154} INFO - [2025-11-17T18:15:16.094+0000] {dagbag.py:536} INFO - Filling up the DagBag from /opt/airflow/dags/tasks/recsys_data_sync.py
[2025-11-17T18:15:16.453+0000] {processor.py:841} WARNING - No viable dags retrieved from /opt/airflow/dags/tasks/recsys_data_sync.py
[2025-11-17T18:15:16.462+0000] {processor.py:179} INFO - Processing /opt/airflow/dags/tasks/recsys_data_sync.py took 0.373 seconds
[2025-11-17T18:15:47.032+0000] {processor.py:157} INFO - Started process (PID=3130) to work on /opt/airflow/dags/tasks/recsys_data_sync.py
[2025-11-17T18:15:47.032+0000] {processor.py:829} INFO - Processing file /opt/airflow/dags/tasks/recsys_data_sync.py for tasks to queue
[2025-11-17T18:15:47.033+0000] {logging_mixin.py:154} INFO - [2025-11-17T18:15:47.033+0000] {dagbag.py:536} INFO - Filling up the DagBag from /opt/airflow/dags/tasks/recsys_data_sync.py
[2025-11-17T18:15:47.400+0000] {processor.py:841} WARNING - No viable dags retrieved from /opt/airflow/dags/tasks/recsys_data_sync.py
[2025-11-17T18:15:47.411+0000] {processor.py:179} INFO - Processing /opt/airflow/dags/tasks/recsys_data_sync.py took 0.382 seconds
[2025-11-17T18:16:17.733+0000] {processor.py:157} INFO - Started process (PID=3195) to work on /opt/airflow/dags/tasks/recsys_data_sync.py
[2025-11-17T18:16:17.734+0000] {processor.py:829} INFO - Processing file /opt/airflow/dags/tasks/recsys_data_sync.py for tasks to queue
[2025-11-17T18:16:17.735+0000] {logging_mixin.py:154} INFO - [2025-11-17T18:16:17.734+0000] {dagbag.py:536} INFO - Filling up the DagBag from /opt/airflow/dags/tasks/recsys_data_sync.py
[2025-11-17T18:16:18.099+0000] {processor.py:841} WARNING - No viable dags retrieved from /opt/airflow/dags/tasks/recsys_data_sync.py
[2025-11-17T18:16:18.109+0000] {processor.py:179} INFO - Processing /opt/airflow/dags/tasks/recsys_data_sync.py took 0.379 seconds
[2025-11-17T18:16:48.679+0000] {processor.py:157} INFO - Started process (PID=3260) to work on /opt/airflow/dags/tasks/recsys_data_sync.py
[2025-11-17T18:16:48.679+0000] {processor.py:829} INFO - Processing file /opt/airflow/dags/tasks/recsys_data_sync.py for tasks to queue
[2025-11-17T18:16:48.680+0000] {logging_mixin.py:154} INFO - [2025-11-17T18:16:48.680+0000] {dagbag.py:536} INFO - Filling up the DagBag from /opt/airflow/dags/tasks/recsys_data_sync.py
[2025-11-17T18:16:49.053+0000] {processor.py:841} WARNING - No viable dags retrieved from /opt/airflow/dags/tasks/recsys_data_sync.py
[2025-11-17T18:16:49.063+0000] {processor.py:179} INFO - Processing /opt/airflow/dags/tasks/recsys_data_sync.py took 0.389 seconds
[2025-11-17T18:17:19.590+0000] {processor.py:157} INFO - Started process (PID=3325) to work on /opt/airflow/dags/tasks/recsys_data_sync.py
[2025-11-17T18:17:19.591+0000] {processor.py:829} INFO - Processing file /opt/airflow/dags/tasks/recsys_data_sync.py for tasks to queue
[2025-11-17T18:17:19.591+0000] {logging_mixin.py:154} INFO - [2025-11-17T18:17:19.591+0000] {dagbag.py:536} INFO - Filling up the DagBag from /opt/airflow/dags/tasks/recsys_data_sync.py
[2025-11-17T18:17:19.932+0000] {processor.py:841} WARNING - No viable dags retrieved from /opt/airflow/dags/tasks/recsys_data_sync.py
[2025-11-17T18:17:19.942+0000] {processor.py:179} INFO - Processing /opt/airflow/dags/tasks/recsys_data_sync.py took 0.354 seconds
[2025-11-17T18:17:50.374+0000] {processor.py:157} INFO - Started process (PID=3390) to work on /opt/airflow/dags/tasks/recsys_data_sync.py
[2025-11-17T18:17:50.374+0000] {processor.py:829} INFO - Processing file /opt/airflow/dags/tasks/recsys_data_sync.py for tasks to queue
[2025-11-17T18:17:50.375+0000] {logging_mixin.py:154} INFO - [2025-11-17T18:17:50.375+0000] {dagbag.py:536} INFO - Filling up the DagBag from /opt/airflow/dags/tasks/recsys_data_sync.py
[2025-11-17T18:17:50.880+0000] {processor.py:841} WARNING - No viable dags retrieved from /opt/airflow/dags/tasks/recsys_data_sync.py
[2025-11-17T18:17:50.894+0000] {processor.py:179} INFO - Processing /opt/airflow/dags/tasks/recsys_data_sync.py took 0.524 seconds
[2025-11-17T18:18:21.279+0000] {processor.py:157} INFO - Started process (PID=3448) to work on /opt/airflow/dags/tasks/recsys_data_sync.py
[2025-11-17T18:18:21.280+0000] {processor.py:829} INFO - Processing file /opt/airflow/dags/tasks/recsys_data_sync.py for tasks to queue
[2025-11-17T18:18:21.280+0000] {logging_mixin.py:154} INFO - [2025-11-17T18:18:21.280+0000] {dagbag.py:536} INFO - Filling up the DagBag from /opt/airflow/dags/tasks/recsys_data_sync.py
[2025-11-17T18:18:21.755+0000] {processor.py:841} WARNING - No viable dags retrieved from /opt/airflow/dags/tasks/recsys_data_sync.py
[2025-11-17T18:18:21.766+0000] {processor.py:179} INFO - Processing /opt/airflow/dags/tasks/recsys_data_sync.py took 0.491 seconds
[2025-11-17T18:18:52.378+0000] {processor.py:157} INFO - Started process (PID=3513) to work on /opt/airflow/dags/tasks/recsys_data_sync.py
[2025-11-17T18:18:52.378+0000] {processor.py:829} INFO - Processing file /opt/airflow/dags/tasks/recsys_data_sync.py for tasks to queue
[2025-11-17T18:18:52.379+0000] {logging_mixin.py:154} INFO - [2025-11-17T18:18:52.379+0000] {dagbag.py:536} INFO - Filling up the DagBag from /opt/airflow/dags/tasks/recsys_data_sync.py
[2025-11-17T18:18:52.929+0000] {processor.py:841} WARNING - No viable dags retrieved from /opt/airflow/dags/tasks/recsys_data_sync.py
[2025-11-17T18:18:52.944+0000] {processor.py:179} INFO - Processing /opt/airflow/dags/tasks/recsys_data_sync.py took 0.570 seconds
[2025-11-17T18:19:23.545+0000] {processor.py:157} INFO - Started process (PID=3578) to work on /opt/airflow/dags/tasks/recsys_data_sync.py
[2025-11-17T18:19:23.547+0000] {processor.py:829} INFO - Processing file /opt/airflow/dags/tasks/recsys_data_sync.py for tasks to queue
[2025-11-17T18:19:23.547+0000] {logging_mixin.py:154} INFO - [2025-11-17T18:19:23.547+0000] {dagbag.py:536} INFO - Filling up the DagBag from /opt/airflow/dags/tasks/recsys_data_sync.py
[2025-11-17T18:19:24.371+0000] {processor.py:841} WARNING - No viable dags retrieved from /opt/airflow/dags/tasks/recsys_data_sync.py
[2025-11-17T18:19:24.382+0000] {processor.py:179} INFO - Processing /opt/airflow/dags/tasks/recsys_data_sync.py took 0.842 seconds
[2025-11-17T18:19:54.832+0000] {processor.py:157} INFO - Started process (PID=3636) to work on /opt/airflow/dags/tasks/recsys_data_sync.py
[2025-11-17T18:19:54.832+0000] {processor.py:829} INFO - Processing file /opt/airflow/dags/tasks/recsys_data_sync.py for tasks to queue
[2025-11-17T18:19:54.833+0000] {logging_mixin.py:154} INFO - [2025-11-17T18:19:54.833+0000] {dagbag.py:536} INFO - Filling up the DagBag from /opt/airflow/dags/tasks/recsys_data_sync.py
[2025-11-17T18:19:55.445+0000] {processor.py:841} WARNING - No viable dags retrieved from /opt/airflow/dags/tasks/recsys_data_sync.py
[2025-11-17T18:19:55.458+0000] {processor.py:179} INFO - Processing /opt/airflow/dags/tasks/recsys_data_sync.py took 0.630 seconds
[2025-11-17T18:20:25.793+0000] {processor.py:157} INFO - Started process (PID=3701) to work on /opt/airflow/dags/tasks/recsys_data_sync.py
[2025-11-17T18:20:25.795+0000] {processor.py:829} INFO - Processing file /opt/airflow/dags/tasks/recsys_data_sync.py for tasks to queue
[2025-11-17T18:20:25.796+0000] {logging_mixin.py:154} INFO - [2025-11-17T18:20:25.795+0000] {dagbag.py:536} INFO - Filling up the DagBag from /opt/airflow/dags/tasks/recsys_data_sync.py
[2025-11-17T18:20:26.340+0000] {processor.py:841} WARNING - No viable dags retrieved from /opt/airflow/dags/tasks/recsys_data_sync.py
[2025-11-17T18:20:26.356+0000] {processor.py:179} INFO - Processing /opt/airflow/dags/tasks/recsys_data_sync.py took 0.567 seconds
[2025-11-17T18:20:57.028+0000] {processor.py:157} INFO - Started process (PID=3757) to work on /opt/airflow/dags/tasks/recsys_data_sync.py
[2025-11-17T18:20:57.028+0000] {processor.py:829} INFO - Processing file /opt/airflow/dags/tasks/recsys_data_sync.py for tasks to queue
[2025-11-17T18:20:57.029+0000] {logging_mixin.py:154} INFO - [2025-11-17T18:20:57.029+0000] {dagbag.py:536} INFO - Filling up the DagBag from /opt/airflow/dags/tasks/recsys_data_sync.py
[2025-11-17T18:20:57.548+0000] {processor.py:841} WARNING - No viable dags retrieved from /opt/airflow/dags/tasks/recsys_data_sync.py
[2025-11-17T18:20:57.564+0000] {processor.py:179} INFO - Processing /opt/airflow/dags/tasks/recsys_data_sync.py took 0.539 seconds
[2025-11-17T18:21:28.276+0000] {processor.py:157} INFO - Started process (PID=3810) to work on /opt/airflow/dags/tasks/recsys_data_sync.py
[2025-11-17T18:21:28.277+0000] {processor.py:829} INFO - Processing file /opt/airflow/dags/tasks/recsys_data_sync.py for tasks to queue
[2025-11-17T18:21:28.278+0000] {logging_mixin.py:154} INFO - [2025-11-17T18:21:28.277+0000] {dagbag.py:536} INFO - Filling up the DagBag from /opt/airflow/dags/tasks/recsys_data_sync.py
[2025-11-17T18:21:28.836+0000] {processor.py:841} WARNING - No viable dags retrieved from /opt/airflow/dags/tasks/recsys_data_sync.py
[2025-11-17T18:21:28.860+0000] {processor.py:179} INFO - Processing /opt/airflow/dags/tasks/recsys_data_sync.py took 0.588 seconds
[2025-11-17T18:21:58.697+0000] {processor.py:157} INFO - Started process (PID=3872) to work on /opt/airflow/dags/tasks/recsys_data_sync.py
[2025-11-17T18:21:58.698+0000] {processor.py:829} INFO - Processing file /opt/airflow/dags/tasks/recsys_data_sync.py for tasks to queue
[2025-11-17T18:21:58.699+0000] {logging_mixin.py:154} INFO - [2025-11-17T18:21:58.698+0000] {dagbag.py:536} INFO - Filling up the DagBag from /opt/airflow/dags/tasks/recsys_data_sync.py
[2025-11-17T18:21:59.311+0000] {processor.py:841} WARNING - No viable dags retrieved from /opt/airflow/dags/tasks/recsys_data_sync.py
[2025-11-17T18:21:59.322+0000] {processor.py:179} INFO - Processing /opt/airflow/dags/tasks/recsys_data_sync.py took 0.629 seconds
[2025-11-17T18:22:30.030+0000] {processor.py:157} INFO - Started process (PID=3930) to work on /opt/airflow/dags/tasks/recsys_data_sync.py
[2025-11-17T18:22:30.031+0000] {processor.py:829} INFO - Processing file /opt/airflow/dags/tasks/recsys_data_sync.py for tasks to queue
[2025-11-17T18:22:30.032+0000] {logging_mixin.py:154} INFO - [2025-11-17T18:22:30.032+0000] {dagbag.py:536} INFO - Filling up the DagBag from /opt/airflow/dags/tasks/recsys_data_sync.py
[2025-11-17T18:22:30.564+0000] {processor.py:841} WARNING - No viable dags retrieved from /opt/airflow/dags/tasks/recsys_data_sync.py
[2025-11-17T18:22:30.574+0000] {processor.py:179} INFO - Processing /opt/airflow/dags/tasks/recsys_data_sync.py took 0.548 seconds
[2025-11-17T18:23:01.095+0000] {processor.py:157} INFO - Started process (PID=3995) to work on /opt/airflow/dags/tasks/recsys_data_sync.py
[2025-11-17T18:23:01.096+0000] {processor.py:829} INFO - Processing file /opt/airflow/dags/tasks/recsys_data_sync.py for tasks to queue
[2025-11-17T18:23:01.097+0000] {logging_mixin.py:154} INFO - [2025-11-17T18:23:01.097+0000] {dagbag.py:536} INFO - Filling up the DagBag from /opt/airflow/dags/tasks/recsys_data_sync.py
[2025-11-17T18:23:01.648+0000] {processor.py:841} WARNING - No viable dags retrieved from /opt/airflow/dags/tasks/recsys_data_sync.py
[2025-11-17T18:23:01.665+0000] {processor.py:179} INFO - Processing /opt/airflow/dags/tasks/recsys_data_sync.py took 0.574 seconds
[2025-11-17T18:23:32.359+0000] {processor.py:157} INFO - Started process (PID=4053) to work on /opt/airflow/dags/tasks/recsys_data_sync.py
[2025-11-17T18:23:32.359+0000] {processor.py:829} INFO - Processing file /opt/airflow/dags/tasks/recsys_data_sync.py for tasks to queue
[2025-11-17T18:23:32.362+0000] {logging_mixin.py:154} INFO - [2025-11-17T18:23:32.361+0000] {dagbag.py:536} INFO - Filling up the DagBag from /opt/airflow/dags/tasks/recsys_data_sync.py
[2025-11-17T18:23:33.574+0000] {processor.py:841} WARNING - No viable dags retrieved from /opt/airflow/dags/tasks/recsys_data_sync.py
[2025-11-17T18:23:33.590+0000] {processor.py:179} INFO - Processing /opt/airflow/dags/tasks/recsys_data_sync.py took 1.243 seconds
[2025-11-17T18:24:03.740+0000] {processor.py:157} INFO - Started process (PID=4118) to work on /opt/airflow/dags/tasks/recsys_data_sync.py
[2025-11-17T18:24:03.742+0000] {processor.py:829} INFO - Processing file /opt/airflow/dags/tasks/recsys_data_sync.py for tasks to queue
[2025-11-17T18:24:03.743+0000] {logging_mixin.py:154} INFO - [2025-11-17T18:24:03.743+0000] {dagbag.py:536} INFO - Filling up the DagBag from /opt/airflow/dags/tasks/recsys_data_sync.py
[2025-11-17T18:24:04.423+0000] {processor.py:841} WARNING - No viable dags retrieved from /opt/airflow/dags/tasks/recsys_data_sync.py
[2025-11-17T18:24:04.440+0000] {processor.py:179} INFO - Processing /opt/airflow/dags/tasks/recsys_data_sync.py took 0.705 seconds
[2025-11-17T18:24:34.709+0000] {processor.py:157} INFO - Started process (PID=4176) to work on /opt/airflow/dags/tasks/recsys_data_sync.py
[2025-11-17T18:24:34.710+0000] {processor.py:829} INFO - Processing file /opt/airflow/dags/tasks/recsys_data_sync.py for tasks to queue
[2025-11-17T18:24:34.711+0000] {logging_mixin.py:154} INFO - [2025-11-17T18:24:34.711+0000] {dagbag.py:536} INFO - Filling up the DagBag from /opt/airflow/dags/tasks/recsys_data_sync.py
[2025-11-17T18:24:35.659+0000] {processor.py:841} WARNING - No viable dags retrieved from /opt/airflow/dags/tasks/recsys_data_sync.py
[2025-11-17T18:24:35.671+0000] {processor.py:179} INFO - Processing /opt/airflow/dags/tasks/recsys_data_sync.py took 0.973 seconds
[2025-11-17T18:25:06.311+0000] {processor.py:157} INFO - Started process (PID=4241) to work on /opt/airflow/dags/tasks/recsys_data_sync.py
[2025-11-17T18:25:06.312+0000] {processor.py:829} INFO - Processing file /opt/airflow/dags/tasks/recsys_data_sync.py for tasks to queue
[2025-11-17T18:25:06.312+0000] {logging_mixin.py:154} INFO - [2025-11-17T18:25:06.312+0000] {dagbag.py:536} INFO - Filling up the DagBag from /opt/airflow/dags/tasks/recsys_data_sync.py
[2025-11-17T18:25:06.799+0000] {processor.py:841} WARNING - No viable dags retrieved from /opt/airflow/dags/tasks/recsys_data_sync.py
[2025-11-17T18:25:06.810+0000] {processor.py:179} INFO - Processing /opt/airflow/dags/tasks/recsys_data_sync.py took 0.501 seconds
[2025-11-17T18:25:37.439+0000] {processor.py:157} INFO - Started process (PID=4299) to work on /opt/airflow/dags/tasks/recsys_data_sync.py
[2025-11-17T18:25:37.440+0000] {processor.py:829} INFO - Processing file /opt/airflow/dags/tasks/recsys_data_sync.py for tasks to queue
[2025-11-17T18:25:37.440+0000] {logging_mixin.py:154} INFO - [2025-11-17T18:25:37.440+0000] {dagbag.py:536} INFO - Filling up the DagBag from /opt/airflow/dags/tasks/recsys_data_sync.py
[2025-11-17T18:25:37.972+0000] {processor.py:841} WARNING - No viable dags retrieved from /opt/airflow/dags/tasks/recsys_data_sync.py
[2025-11-17T18:25:37.989+0000] {processor.py:179} INFO - Processing /opt/airflow/dags/tasks/recsys_data_sync.py took 0.554 seconds
[2025-11-17T18:26:08.598+0000] {processor.py:157} INFO - Started process (PID=4364) to work on /opt/airflow/dags/tasks/recsys_data_sync.py
[2025-11-17T18:26:08.598+0000] {processor.py:829} INFO - Processing file /opt/airflow/dags/tasks/recsys_data_sync.py for tasks to queue
[2025-11-17T18:26:08.600+0000] {logging_mixin.py:154} INFO - [2025-11-17T18:26:08.599+0000] {dagbag.py:536} INFO - Filling up the DagBag from /opt/airflow/dags/tasks/recsys_data_sync.py
[2025-11-17T18:26:09.121+0000] {processor.py:841} WARNING - No viable dags retrieved from /opt/airflow/dags/tasks/recsys_data_sync.py
[2025-11-17T18:26:09.137+0000] {processor.py:179} INFO - Processing /opt/airflow/dags/tasks/recsys_data_sync.py took 0.543 seconds
[2025-11-17T18:26:39.385+0000] {processor.py:157} INFO - Started process (PID=4429) to work on /opt/airflow/dags/tasks/recsys_data_sync.py
[2025-11-17T18:26:39.386+0000] {processor.py:829} INFO - Processing file /opt/airflow/dags/tasks/recsys_data_sync.py for tasks to queue
[2025-11-17T18:26:39.387+0000] {logging_mixin.py:154} INFO - [2025-11-17T18:26:39.386+0000] {dagbag.py:536} INFO - Filling up the DagBag from /opt/airflow/dags/tasks/recsys_data_sync.py
[2025-11-17T18:26:39.942+0000] {processor.py:841} WARNING - No viable dags retrieved from /opt/airflow/dags/tasks/recsys_data_sync.py
[2025-11-17T18:26:39.955+0000] {processor.py:179} INFO - Processing /opt/airflow/dags/tasks/recsys_data_sync.py took 0.586 seconds
[2025-11-17T18:27:10.201+0000] {processor.py:157} INFO - Started process (PID=4487) to work on /opt/airflow/dags/tasks/recsys_data_sync.py
[2025-11-17T18:27:10.203+0000] {processor.py:829} INFO - Processing file /opt/airflow/dags/tasks/recsys_data_sync.py for tasks to queue
[2025-11-17T18:27:10.203+0000] {logging_mixin.py:154} INFO - [2025-11-17T18:27:10.203+0000] {dagbag.py:536} INFO - Filling up the DagBag from /opt/airflow/dags/tasks/recsys_data_sync.py
[2025-11-17T18:27:10.726+0000] {processor.py:841} WARNING - No viable dags retrieved from /opt/airflow/dags/tasks/recsys_data_sync.py
[2025-11-17T18:27:10.739+0000] {processor.py:179} INFO - Processing /opt/airflow/dags/tasks/recsys_data_sync.py took 0.541 seconds
[2025-11-17T18:27:40.848+0000] {processor.py:157} INFO - Started process (PID=4552) to work on /opt/airflow/dags/tasks/recsys_data_sync.py
[2025-11-17T18:27:40.849+0000] {processor.py:829} INFO - Processing file /opt/airflow/dags/tasks/recsys_data_sync.py for tasks to queue
[2025-11-17T18:27:40.849+0000] {logging_mixin.py:154} INFO - [2025-11-17T18:27:40.849+0000] {dagbag.py:536} INFO - Filling up the DagBag from /opt/airflow/dags/tasks/recsys_data_sync.py
[2025-11-17T18:27:41.387+0000] {processor.py:841} WARNING - No viable dags retrieved from /opt/airflow/dags/tasks/recsys_data_sync.py
[2025-11-17T18:27:41.400+0000] {processor.py:179} INFO - Processing /opt/airflow/dags/tasks/recsys_data_sync.py took 0.556 seconds
[2025-11-17T18:28:11.861+0000] {processor.py:157} INFO - Started process (PID=4610) to work on /opt/airflow/dags/tasks/recsys_data_sync.py
[2025-11-17T18:28:11.862+0000] {processor.py:829} INFO - Processing file /opt/airflow/dags/tasks/recsys_data_sync.py for tasks to queue
[2025-11-17T18:28:11.862+0000] {logging_mixin.py:154} INFO - [2025-11-17T18:28:11.862+0000] {dagbag.py:536} INFO - Filling up the DagBag from /opt/airflow/dags/tasks/recsys_data_sync.py
[2025-11-17T18:28:12.531+0000] {processor.py:841} WARNING - No viable dags retrieved from /opt/airflow/dags/tasks/recsys_data_sync.py
[2025-11-17T18:28:12.547+0000] {processor.py:179} INFO - Processing /opt/airflow/dags/tasks/recsys_data_sync.py took 0.691 seconds
[2025-11-17T18:28:42.739+0000] {processor.py:157} INFO - Started process (PID=4676) to work on /opt/airflow/dags/tasks/recsys_data_sync.py
[2025-11-17T18:28:42.739+0000] {processor.py:829} INFO - Processing file /opt/airflow/dags/tasks/recsys_data_sync.py for tasks to queue
[2025-11-17T18:28:42.740+0000] {logging_mixin.py:154} INFO - [2025-11-17T18:28:42.740+0000] {dagbag.py:536} INFO - Filling up the DagBag from /opt/airflow/dags/tasks/recsys_data_sync.py
[2025-11-17T18:28:43.273+0000] {processor.py:841} WARNING - No viable dags retrieved from /opt/airflow/dags/tasks/recsys_data_sync.py
[2025-11-17T18:28:43.288+0000] {processor.py:179} INFO - Processing /opt/airflow/dags/tasks/recsys_data_sync.py took 0.553 seconds
[2025-11-17T18:29:13.975+0000] {processor.py:157} INFO - Started process (PID=4735) to work on /opt/airflow/dags/tasks/recsys_data_sync.py
[2025-11-17T18:29:13.976+0000] {processor.py:829} INFO - Processing file /opt/airflow/dags/tasks/recsys_data_sync.py for tasks to queue
[2025-11-17T18:29:13.977+0000] {logging_mixin.py:154} INFO - [2025-11-17T18:29:13.977+0000] {dagbag.py:536} INFO - Filling up the DagBag from /opt/airflow/dags/tasks/recsys_data_sync.py
[2025-11-17T18:29:14.669+0000] {processor.py:841} WARNING - No viable dags retrieved from /opt/airflow/dags/tasks/recsys_data_sync.py
[2025-11-17T18:29:14.683+0000] {processor.py:179} INFO - Processing /opt/airflow/dags/tasks/recsys_data_sync.py took 0.712 seconds
[2025-11-17T18:29:45.385+0000] {processor.py:157} INFO - Started process (PID=4800) to work on /opt/airflow/dags/tasks/recsys_data_sync.py
[2025-11-17T18:29:45.386+0000] {processor.py:829} INFO - Processing file /opt/airflow/dags/tasks/recsys_data_sync.py for tasks to queue
[2025-11-17T18:29:45.387+0000] {logging_mixin.py:154} INFO - [2025-11-17T18:29:45.387+0000] {dagbag.py:536} INFO - Filling up the DagBag from /opt/airflow/dags/tasks/recsys_data_sync.py
[2025-11-17T18:29:46.118+0000] {processor.py:841} WARNING - No viable dags retrieved from /opt/airflow/dags/tasks/recsys_data_sync.py
[2025-11-17T18:29:46.140+0000] {processor.py:179} INFO - Processing /opt/airflow/dags/tasks/recsys_data_sync.py took 0.770 seconds
[2025-11-17T18:30:16.738+0000] {processor.py:157} INFO - Started process (PID=4858) to work on /opt/airflow/dags/tasks/recsys_data_sync.py
[2025-11-17T18:30:16.739+0000] {processor.py:829} INFO - Processing file /opt/airflow/dags/tasks/recsys_data_sync.py for tasks to queue
[2025-11-17T18:30:16.740+0000] {logging_mixin.py:154} INFO - [2025-11-17T18:30:16.740+0000] {dagbag.py:536} INFO - Filling up the DagBag from /opt/airflow/dags/tasks/recsys_data_sync.py
[2025-11-17T18:30:17.409+0000] {processor.py:841} WARNING - No viable dags retrieved from /opt/airflow/dags/tasks/recsys_data_sync.py
[2025-11-17T18:30:17.423+0000] {processor.py:179} INFO - Processing /opt/airflow/dags/tasks/recsys_data_sync.py took 0.690 seconds
[2025-11-17T18:30:48.020+0000] {processor.py:157} INFO - Started process (PID=4923) to work on /opt/airflow/dags/tasks/recsys_data_sync.py
[2025-11-17T18:30:48.024+0000] {processor.py:829} INFO - Processing file /opt/airflow/dags/tasks/recsys_data_sync.py for tasks to queue
[2025-11-17T18:30:48.028+0000] {logging_mixin.py:154} INFO - [2025-11-17T18:30:48.027+0000] {dagbag.py:536} INFO - Filling up the DagBag from /opt/airflow/dags/tasks/recsys_data_sync.py
[2025-11-17T18:30:48.593+0000] {processor.py:841} WARNING - No viable dags retrieved from /opt/airflow/dags/tasks/recsys_data_sync.py
[2025-11-17T18:30:48.607+0000] {processor.py:179} INFO - Processing /opt/airflow/dags/tasks/recsys_data_sync.py took 0.592 seconds
[2025-11-17T18:31:19.290+0000] {processor.py:157} INFO - Started process (PID=4980) to work on /opt/airflow/dags/tasks/recsys_data_sync.py
[2025-11-17T18:31:19.292+0000] {processor.py:829} INFO - Processing file /opt/airflow/dags/tasks/recsys_data_sync.py for tasks to queue
[2025-11-17T18:31:19.294+0000] {logging_mixin.py:154} INFO - [2025-11-17T18:31:19.293+0000] {dagbag.py:536} INFO - Filling up the DagBag from /opt/airflow/dags/tasks/recsys_data_sync.py
[2025-11-17T18:31:19.924+0000] {processor.py:841} WARNING - No viable dags retrieved from /opt/airflow/dags/tasks/recsys_data_sync.py
[2025-11-17T18:31:19.937+0000] {processor.py:179} INFO - Processing /opt/airflow/dags/tasks/recsys_data_sync.py took 0.651 seconds
[2025-11-17T18:31:50.371+0000] {processor.py:157} INFO - Started process (PID=5029) to work on /opt/airflow/dags/tasks/recsys_data_sync.py
[2025-11-17T18:31:50.372+0000] {processor.py:829} INFO - Processing file /opt/airflow/dags/tasks/recsys_data_sync.py for tasks to queue
[2025-11-17T18:31:50.373+0000] {logging_mixin.py:154} INFO - [2025-11-17T18:31:50.373+0000] {dagbag.py:536} INFO - Filling up the DagBag from /opt/airflow/dags/tasks/recsys_data_sync.py
[2025-11-17T18:31:51.376+0000] {processor.py:841} WARNING - No viable dags retrieved from /opt/airflow/dags/tasks/recsys_data_sync.py
[2025-11-17T18:31:51.388+0000] {processor.py:179} INFO - Processing /opt/airflow/dags/tasks/recsys_data_sync.py took 1.020 seconds
[2025-11-17T18:32:21.552+0000] {processor.py:157} INFO - Started process (PID=5094) to work on /opt/airflow/dags/tasks/recsys_data_sync.py
[2025-11-17T18:32:21.554+0000] {processor.py:829} INFO - Processing file /opt/airflow/dags/tasks/recsys_data_sync.py for tasks to queue
[2025-11-17T18:32:21.555+0000] {logging_mixin.py:154} INFO - [2025-11-17T18:32:21.555+0000] {dagbag.py:536} INFO - Filling up the DagBag from /opt/airflow/dags/tasks/recsys_data_sync.py
[2025-11-17T18:32:22.092+0000] {processor.py:841} WARNING - No viable dags retrieved from /opt/airflow/dags/tasks/recsys_data_sync.py
[2025-11-17T18:32:22.111+0000] {processor.py:179} INFO - Processing /opt/airflow/dags/tasks/recsys_data_sync.py took 0.562 seconds
[2025-11-17T18:32:52.794+0000] {processor.py:157} INFO - Started process (PID=5157) to work on /opt/airflow/dags/tasks/recsys_data_sync.py
[2025-11-17T18:32:52.795+0000] {processor.py:829} INFO - Processing file /opt/airflow/dags/tasks/recsys_data_sync.py for tasks to queue
[2025-11-17T18:32:52.795+0000] {logging_mixin.py:154} INFO - [2025-11-17T18:32:52.795+0000] {dagbag.py:536} INFO - Filling up the DagBag from /opt/airflow/dags/tasks/recsys_data_sync.py
[2025-11-17T18:32:53.165+0000] {processor.py:841} WARNING - No viable dags retrieved from /opt/airflow/dags/tasks/recsys_data_sync.py
[2025-11-17T18:32:53.175+0000] {processor.py:179} INFO - Processing /opt/airflow/dags/tasks/recsys_data_sync.py took 0.384 seconds
[2025-11-17T18:33:23.555+0000] {processor.py:157} INFO - Started process (PID=5222) to work on /opt/airflow/dags/tasks/recsys_data_sync.py
[2025-11-17T18:33:23.556+0000] {processor.py:829} INFO - Processing file /opt/airflow/dags/tasks/recsys_data_sync.py for tasks to queue
[2025-11-17T18:33:23.556+0000] {logging_mixin.py:154} INFO - [2025-11-17T18:33:23.556+0000] {dagbag.py:536} INFO - Filling up the DagBag from /opt/airflow/dags/tasks/recsys_data_sync.py
[2025-11-17T18:33:23.909+0000] {processor.py:841} WARNING - No viable dags retrieved from /opt/airflow/dags/tasks/recsys_data_sync.py
[2025-11-17T18:33:23.917+0000] {processor.py:179} INFO - Processing /opt/airflow/dags/tasks/recsys_data_sync.py took 0.366 seconds
[2025-11-17T18:33:54.242+0000] {processor.py:157} INFO - Started process (PID=5287) to work on /opt/airflow/dags/tasks/recsys_data_sync.py
[2025-11-17T18:33:54.242+0000] {processor.py:829} INFO - Processing file /opt/airflow/dags/tasks/recsys_data_sync.py for tasks to queue
[2025-11-17T18:33:54.243+0000] {logging_mixin.py:154} INFO - [2025-11-17T18:33:54.243+0000] {dagbag.py:536} INFO - Filling up the DagBag from /opt/airflow/dags/tasks/recsys_data_sync.py
[2025-11-17T18:33:54.604+0000] {processor.py:841} WARNING - No viable dags retrieved from /opt/airflow/dags/tasks/recsys_data_sync.py
[2025-11-17T18:33:54.615+0000] {processor.py:179} INFO - Processing /opt/airflow/dags/tasks/recsys_data_sync.py took 0.376 seconds
[2025-11-17T18:34:25.230+0000] {processor.py:157} INFO - Started process (PID=5352) to work on /opt/airflow/dags/tasks/recsys_data_sync.py
[2025-11-17T18:34:25.231+0000] {processor.py:829} INFO - Processing file /opt/airflow/dags/tasks/recsys_data_sync.py for tasks to queue
[2025-11-17T18:34:25.231+0000] {logging_mixin.py:154} INFO - [2025-11-17T18:34:25.231+0000] {dagbag.py:536} INFO - Filling up the DagBag from /opt/airflow/dags/tasks/recsys_data_sync.py
[2025-11-17T18:34:25.677+0000] {processor.py:841} WARNING - No viable dags retrieved from /opt/airflow/dags/tasks/recsys_data_sync.py
[2025-11-17T18:34:25.689+0000] {processor.py:179} INFO - Processing /opt/airflow/dags/tasks/recsys_data_sync.py took 0.462 seconds
[2025-11-17T18:34:56.058+0000] {processor.py:157} INFO - Started process (PID=5410) to work on /opt/airflow/dags/tasks/recsys_data_sync.py
[2025-11-17T18:34:56.059+0000] {processor.py:829} INFO - Processing file /opt/airflow/dags/tasks/recsys_data_sync.py for tasks to queue
[2025-11-17T18:34:56.060+0000] {logging_mixin.py:154} INFO - [2025-11-17T18:34:56.059+0000] {dagbag.py:536} INFO - Filling up the DagBag from /opt/airflow/dags/tasks/recsys_data_sync.py
[2025-11-17T18:34:56.448+0000] {processor.py:841} WARNING - No viable dags retrieved from /opt/airflow/dags/tasks/recsys_data_sync.py
[2025-11-17T18:34:56.459+0000] {processor.py:179} INFO - Processing /opt/airflow/dags/tasks/recsys_data_sync.py took 0.403 seconds
[2025-11-17T18:35:26.707+0000] {processor.py:157} INFO - Started process (PID=5475) to work on /opt/airflow/dags/tasks/recsys_data_sync.py
[2025-11-17T18:35:26.709+0000] {processor.py:829} INFO - Processing file /opt/airflow/dags/tasks/recsys_data_sync.py for tasks to queue
[2025-11-17T18:35:26.710+0000] {logging_mixin.py:154} INFO - [2025-11-17T18:35:26.710+0000] {dagbag.py:536} INFO - Filling up the DagBag from /opt/airflow/dags/tasks/recsys_data_sync.py
[2025-11-17T18:35:27.183+0000] {processor.py:841} WARNING - No viable dags retrieved from /opt/airflow/dags/tasks/recsys_data_sync.py
[2025-11-17T18:35:27.197+0000] {processor.py:179} INFO - Processing /opt/airflow/dags/tasks/recsys_data_sync.py took 0.495 seconds
[2025-11-17T18:35:57.763+0000] {processor.py:157} INFO - Started process (PID=5540) to work on /opt/airflow/dags/tasks/recsys_data_sync.py
[2025-11-17T18:35:57.763+0000] {processor.py:829} INFO - Processing file /opt/airflow/dags/tasks/recsys_data_sync.py for tasks to queue
[2025-11-17T18:35:57.764+0000] {logging_mixin.py:154} INFO - [2025-11-17T18:35:57.764+0000] {dagbag.py:536} INFO - Filling up the DagBag from /opt/airflow/dags/tasks/recsys_data_sync.py
[2025-11-17T18:35:58.152+0000] {processor.py:841} WARNING - No viable dags retrieved from /opt/airflow/dags/tasks/recsys_data_sync.py
[2025-11-17T18:35:58.164+0000] {processor.py:179} INFO - Processing /opt/airflow/dags/tasks/recsys_data_sync.py took 0.404 seconds
[2025-11-17T18:36:28.295+0000] {processor.py:157} INFO - Started process (PID=5606) to work on /opt/airflow/dags/tasks/recsys_data_sync.py
[2025-11-17T18:36:28.296+0000] {processor.py:829} INFO - Processing file /opt/airflow/dags/tasks/recsys_data_sync.py for tasks to queue
[2025-11-17T18:36:28.297+0000] {logging_mixin.py:154} INFO - [2025-11-17T18:36:28.297+0000] {dagbag.py:536} INFO - Filling up the DagBag from /opt/airflow/dags/tasks/recsys_data_sync.py
[2025-11-17T18:36:28.643+0000] {processor.py:841} WARNING - No viable dags retrieved from /opt/airflow/dags/tasks/recsys_data_sync.py
[2025-11-17T18:36:28.653+0000] {processor.py:179} INFO - Processing /opt/airflow/dags/tasks/recsys_data_sync.py took 0.360 seconds
[2025-11-17T18:36:58.736+0000] {processor.py:157} INFO - Started process (PID=5664) to work on /opt/airflow/dags/tasks/recsys_data_sync.py
[2025-11-17T18:36:58.737+0000] {processor.py:829} INFO - Processing file /opt/airflow/dags/tasks/recsys_data_sync.py for tasks to queue
[2025-11-17T18:36:58.737+0000] {logging_mixin.py:154} INFO - [2025-11-17T18:36:58.737+0000] {dagbag.py:536} INFO - Filling up the DagBag from /opt/airflow/dags/tasks/recsys_data_sync.py
[2025-11-17T18:36:59.171+0000] {processor.py:841} WARNING - No viable dags retrieved from /opt/airflow/dags/tasks/recsys_data_sync.py
[2025-11-17T18:36:59.184+0000] {processor.py:179} INFO - Processing /opt/airflow/dags/tasks/recsys_data_sync.py took 0.451 seconds
[2025-11-17T18:37:29.384+0000] {processor.py:157} INFO - Started process (PID=5729) to work on /opt/airflow/dags/tasks/recsys_data_sync.py
[2025-11-17T18:37:29.385+0000] {processor.py:829} INFO - Processing file /opt/airflow/dags/tasks/recsys_data_sync.py for tasks to queue
[2025-11-17T18:37:29.386+0000] {logging_mixin.py:154} INFO - [2025-11-17T18:37:29.385+0000] {dagbag.py:536} INFO - Filling up the DagBag from /opt/airflow/dags/tasks/recsys_data_sync.py
[2025-11-17T18:37:29.708+0000] {processor.py:841} WARNING - No viable dags retrieved from /opt/airflow/dags/tasks/recsys_data_sync.py
[2025-11-17T18:37:29.720+0000] {processor.py:179} INFO - Processing /opt/airflow/dags/tasks/recsys_data_sync.py took 0.338 seconds
[2025-11-17T18:38:00.028+0000] {processor.py:157} INFO - Started process (PID=5794) to work on /opt/airflow/dags/tasks/recsys_data_sync.py
[2025-11-17T18:38:00.029+0000] {processor.py:829} INFO - Processing file /opt/airflow/dags/tasks/recsys_data_sync.py for tasks to queue
[2025-11-17T18:38:00.030+0000] {logging_mixin.py:154} INFO - [2025-11-17T18:38:00.030+0000] {dagbag.py:536} INFO - Filling up the DagBag from /opt/airflow/dags/tasks/recsys_data_sync.py
[2025-11-17T18:38:00.356+0000] {processor.py:841} WARNING - No viable dags retrieved from /opt/airflow/dags/tasks/recsys_data_sync.py
[2025-11-17T18:38:00.367+0000] {processor.py:179} INFO - Processing /opt/airflow/dags/tasks/recsys_data_sync.py took 0.341 seconds
[2025-11-17T18:38:31.301+0000] {processor.py:157} INFO - Started process (PID=5864) to work on /opt/airflow/dags/tasks/recsys_data_sync.py
[2025-11-17T18:38:31.301+0000] {processor.py:829} INFO - Processing file /opt/airflow/dags/tasks/recsys_data_sync.py for tasks to queue
[2025-11-17T18:38:31.302+0000] {logging_mixin.py:154} INFO - [2025-11-17T18:38:31.302+0000] {dagbag.py:536} INFO - Filling up the DagBag from /opt/airflow/dags/tasks/recsys_data_sync.py
[2025-11-17T18:38:31.787+0000] {processor.py:841} WARNING - No viable dags retrieved from /opt/airflow/dags/tasks/recsys_data_sync.py
[2025-11-17T18:38:31.796+0000] {processor.py:179} INFO - Processing /opt/airflow/dags/tasks/recsys_data_sync.py took 0.499 seconds
[2025-11-17T18:39:02.368+0000] {processor.py:157} INFO - Started process (PID=5929) to work on /opt/airflow/dags/tasks/recsys_data_sync.py
[2025-11-17T18:39:02.369+0000] {processor.py:829} INFO - Processing file /opt/airflow/dags/tasks/recsys_data_sync.py for tasks to queue
[2025-11-17T18:39:02.369+0000] {logging_mixin.py:154} INFO - [2025-11-17T18:39:02.369+0000] {dagbag.py:536} INFO - Filling up the DagBag from /opt/airflow/dags/tasks/recsys_data_sync.py
[2025-11-17T18:39:02.694+0000] {processor.py:841} WARNING - No viable dags retrieved from /opt/airflow/dags/tasks/recsys_data_sync.py
[2025-11-17T18:39:02.705+0000] {processor.py:179} INFO - Processing /opt/airflow/dags/tasks/recsys_data_sync.py took 0.340 seconds
[2025-11-17T18:39:32.917+0000] {processor.py:157} INFO - Started process (PID=5987) to work on /opt/airflow/dags/tasks/recsys_data_sync.py
[2025-11-17T18:39:32.917+0000] {processor.py:829} INFO - Processing file /opt/airflow/dags/tasks/recsys_data_sync.py for tasks to queue
[2025-11-17T18:39:32.918+0000] {logging_mixin.py:154} INFO - [2025-11-17T18:39:32.918+0000] {dagbag.py:536} INFO - Filling up the DagBag from /opt/airflow/dags/tasks/recsys_data_sync.py
[2025-11-17T18:39:33.248+0000] {processor.py:841} WARNING - No viable dags retrieved from /opt/airflow/dags/tasks/recsys_data_sync.py
[2025-11-17T18:39:33.258+0000] {processor.py:179} INFO - Processing /opt/airflow/dags/tasks/recsys_data_sync.py took 0.345 seconds
[2025-11-17T18:40:03.362+0000] {processor.py:157} INFO - Started process (PID=6052) to work on /opt/airflow/dags/tasks/recsys_data_sync.py
[2025-11-17T18:40:03.363+0000] {processor.py:829} INFO - Processing file /opt/airflow/dags/tasks/recsys_data_sync.py for tasks to queue
[2025-11-17T18:40:03.364+0000] {logging_mixin.py:154} INFO - [2025-11-17T18:40:03.363+0000] {dagbag.py:536} INFO - Filling up the DagBag from /opt/airflow/dags/tasks/recsys_data_sync.py
[2025-11-17T18:40:03.663+0000] {processor.py:841} WARNING - No viable dags retrieved from /opt/airflow/dags/tasks/recsys_data_sync.py
[2025-11-17T18:40:03.672+0000] {processor.py:179} INFO - Processing /opt/airflow/dags/tasks/recsys_data_sync.py took 0.313 seconds
[2025-11-17T18:40:33.807+0000] {processor.py:157} INFO - Started process (PID=6117) to work on /opt/airflow/dags/tasks/recsys_data_sync.py
[2025-11-17T18:40:33.808+0000] {processor.py:829} INFO - Processing file /opt/airflow/dags/tasks/recsys_data_sync.py for tasks to queue
[2025-11-17T18:40:33.809+0000] {logging_mixin.py:154} INFO - [2025-11-17T18:40:33.808+0000] {dagbag.py:536} INFO - Filling up the DagBag from /opt/airflow/dags/tasks/recsys_data_sync.py
[2025-11-17T18:40:34.130+0000] {processor.py:841} WARNING - No viable dags retrieved from /opt/airflow/dags/tasks/recsys_data_sync.py
[2025-11-17T18:40:34.140+0000] {processor.py:179} INFO - Processing /opt/airflow/dags/tasks/recsys_data_sync.py took 0.337 seconds
[2025-11-17T18:41:04.203+0000] {processor.py:157} INFO - Started process (PID=6182) to work on /opt/airflow/dags/tasks/recsys_data_sync.py
[2025-11-17T18:41:04.204+0000] {processor.py:829} INFO - Processing file /opt/airflow/dags/tasks/recsys_data_sync.py for tasks to queue
[2025-11-17T18:41:04.205+0000] {logging_mixin.py:154} INFO - [2025-11-17T18:41:04.205+0000] {dagbag.py:536} INFO - Filling up the DagBag from /opt/airflow/dags/tasks/recsys_data_sync.py
[2025-11-17T18:41:04.638+0000] {processor.py:841} WARNING - No viable dags retrieved from /opt/airflow/dags/tasks/recsys_data_sync.py
[2025-11-17T18:41:04.648+0000] {processor.py:179} INFO - Processing /opt/airflow/dags/tasks/recsys_data_sync.py took 0.448 seconds
[2025-11-17T18:41:35.612+0000] {processor.py:157} INFO - Started process (PID=6247) to work on /opt/airflow/dags/tasks/recsys_data_sync.py
[2025-11-17T18:41:35.612+0000] {processor.py:829} INFO - Processing file /opt/airflow/dags/tasks/recsys_data_sync.py for tasks to queue
[2025-11-17T18:41:35.613+0000] {logging_mixin.py:154} INFO - [2025-11-17T18:41:35.613+0000] {dagbag.py:536} INFO - Filling up the DagBag from /opt/airflow/dags/tasks/recsys_data_sync.py
[2025-11-17T18:41:35.919+0000] {processor.py:841} WARNING - No viable dags retrieved from /opt/airflow/dags/tasks/recsys_data_sync.py
[2025-11-17T18:41:35.927+0000] {processor.py:179} INFO - Processing /opt/airflow/dags/tasks/recsys_data_sync.py took 0.318 seconds
[2025-11-17T18:42:06.486+0000] {processor.py:157} INFO - Started process (PID=6312) to work on /opt/airflow/dags/tasks/recsys_data_sync.py
[2025-11-17T18:42:06.487+0000] {processor.py:829} INFO - Processing file /opt/airflow/dags/tasks/recsys_data_sync.py for tasks to queue
[2025-11-17T18:42:06.488+0000] {logging_mixin.py:154} INFO - [2025-11-17T18:42:06.487+0000] {dagbag.py:536} INFO - Filling up the DagBag from /opt/airflow/dags/tasks/recsys_data_sync.py
[2025-11-17T18:42:06.895+0000] {processor.py:841} WARNING - No viable dags retrieved from /opt/airflow/dags/tasks/recsys_data_sync.py
[2025-11-17T18:42:06.908+0000] {processor.py:179} INFO - Processing /opt/airflow/dags/tasks/recsys_data_sync.py took 0.424 seconds
[2025-11-17T18:42:37.109+0000] {processor.py:157} INFO - Started process (PID=6370) to work on /opt/airflow/dags/tasks/recsys_data_sync.py
[2025-11-17T18:42:37.109+0000] {processor.py:829} INFO - Processing file /opt/airflow/dags/tasks/recsys_data_sync.py for tasks to queue
[2025-11-17T18:42:37.110+0000] {logging_mixin.py:154} INFO - [2025-11-17T18:42:37.110+0000] {dagbag.py:536} INFO - Filling up the DagBag from /opt/airflow/dags/tasks/recsys_data_sync.py
[2025-11-17T18:42:37.437+0000] {processor.py:841} WARNING - No viable dags retrieved from /opt/airflow/dags/tasks/recsys_data_sync.py
[2025-11-17T18:42:37.447+0000] {processor.py:179} INFO - Processing /opt/airflow/dags/tasks/recsys_data_sync.py took 0.341 seconds
[2025-11-17T18:43:07.997+0000] {processor.py:157} INFO - Started process (PID=6421) to work on /opt/airflow/dags/tasks/recsys_data_sync.py
[2025-11-17T18:43:07.997+0000] {processor.py:829} INFO - Processing file /opt/airflow/dags/tasks/recsys_data_sync.py for tasks to queue
[2025-11-17T18:43:07.998+0000] {logging_mixin.py:154} INFO - [2025-11-17T18:43:07.998+0000] {dagbag.py:536} INFO - Filling up the DagBag from /opt/airflow/dags/tasks/recsys_data_sync.py
[2025-11-17T18:43:08.339+0000] {processor.py:841} WARNING - No viable dags retrieved from /opt/airflow/dags/tasks/recsys_data_sync.py
[2025-11-17T18:43:08.349+0000] {processor.py:179} INFO - Processing /opt/airflow/dags/tasks/recsys_data_sync.py took 0.354 seconds
[2025-11-17T18:43:39.181+0000] {processor.py:157} INFO - Started process (PID=6483) to work on /opt/airflow/dags/tasks/recsys_data_sync.py
[2025-11-17T18:43:39.182+0000] {processor.py:829} INFO - Processing file /opt/airflow/dags/tasks/recsys_data_sync.py for tasks to queue
[2025-11-17T18:43:39.182+0000] {logging_mixin.py:154} INFO - [2025-11-17T18:43:39.182+0000] {dagbag.py:536} INFO - Filling up the DagBag from /opt/airflow/dags/tasks/recsys_data_sync.py
[2025-11-17T18:43:39.541+0000] {processor.py:841} WARNING - No viable dags retrieved from /opt/airflow/dags/tasks/recsys_data_sync.py
[2025-11-17T18:43:39.552+0000] {processor.py:179} INFO - Processing /opt/airflow/dags/tasks/recsys_data_sync.py took 0.373 seconds
[2025-11-17T18:44:10.145+0000] {processor.py:157} INFO - Started process (PID=6548) to work on /opt/airflow/dags/tasks/recsys_data_sync.py
[2025-11-17T18:44:10.146+0000] {processor.py:829} INFO - Processing file /opt/airflow/dags/tasks/recsys_data_sync.py for tasks to queue
[2025-11-17T18:44:10.146+0000] {logging_mixin.py:154} INFO - [2025-11-17T18:44:10.146+0000] {dagbag.py:536} INFO - Filling up the DagBag from /opt/airflow/dags/tasks/recsys_data_sync.py
[2025-11-17T18:44:10.440+0000] {processor.py:841} WARNING - No viable dags retrieved from /opt/airflow/dags/tasks/recsys_data_sync.py
[2025-11-17T18:44:10.450+0000] {processor.py:179} INFO - Processing /opt/airflow/dags/tasks/recsys_data_sync.py took 0.307 seconds
[2025-11-17T18:44:41.377+0000] {processor.py:157} INFO - Started process (PID=6613) to work on /opt/airflow/dags/tasks/recsys_data_sync.py
[2025-11-17T18:44:41.377+0000] {processor.py:829} INFO - Processing file /opt/airflow/dags/tasks/recsys_data_sync.py for tasks to queue
[2025-11-17T18:44:41.379+0000] {logging_mixin.py:154} INFO - [2025-11-17T18:44:41.378+0000] {dagbag.py:536} INFO - Filling up the DagBag from /opt/airflow/dags/tasks/recsys_data_sync.py
[2025-11-17T18:44:41.705+0000] {processor.py:841} WARNING - No viable dags retrieved from /opt/airflow/dags/tasks/recsys_data_sync.py
[2025-11-17T18:44:41.715+0000] {processor.py:179} INFO - Processing /opt/airflow/dags/tasks/recsys_data_sync.py took 0.342 seconds
[2025-11-17T18:45:11.774+0000] {processor.py:157} INFO - Started process (PID=6678) to work on /opt/airflow/dags/tasks/recsys_data_sync.py
[2025-11-17T18:45:11.775+0000] {processor.py:829} INFO - Processing file /opt/airflow/dags/tasks/recsys_data_sync.py for tasks to queue
[2025-11-17T18:45:11.776+0000] {logging_mixin.py:154} INFO - [2025-11-17T18:45:11.775+0000] {dagbag.py:536} INFO - Filling up the DagBag from /opt/airflow/dags/tasks/recsys_data_sync.py
[2025-11-17T18:45:12.114+0000] {processor.py:841} WARNING - No viable dags retrieved from /opt/airflow/dags/tasks/recsys_data_sync.py
[2025-11-17T18:45:12.127+0000] {processor.py:179} INFO - Processing /opt/airflow/dags/tasks/recsys_data_sync.py took 0.357 seconds
[2025-11-17T18:45:42.688+0000] {processor.py:157} INFO - Started process (PID=6736) to work on /opt/airflow/dags/tasks/recsys_data_sync.py
[2025-11-17T18:45:42.688+0000] {processor.py:829} INFO - Processing file /opt/airflow/dags/tasks/recsys_data_sync.py for tasks to queue
[2025-11-17T18:45:42.688+0000] {logging_mixin.py:154} INFO - [2025-11-17T18:45:42.688+0000] {dagbag.py:536} INFO - Filling up the DagBag from /opt/airflow/dags/tasks/recsys_data_sync.py
[2025-11-17T18:45:42.999+0000] {processor.py:841} WARNING - No viable dags retrieved from /opt/airflow/dags/tasks/recsys_data_sync.py
[2025-11-17T18:45:43.008+0000] {processor.py:179} INFO - Processing /opt/airflow/dags/tasks/recsys_data_sync.py took 0.323 seconds
[2025-11-17T18:46:13.079+0000] {processor.py:157} INFO - Started process (PID=6801) to work on /opt/airflow/dags/tasks/recsys_data_sync.py
[2025-11-17T18:46:13.080+0000] {processor.py:829} INFO - Processing file /opt/airflow/dags/tasks/recsys_data_sync.py for tasks to queue
[2025-11-17T18:46:13.080+0000] {logging_mixin.py:154} INFO - [2025-11-17T18:46:13.080+0000] {dagbag.py:536} INFO - Filling up the DagBag from /opt/airflow/dags/tasks/recsys_data_sync.py
[2025-11-17T18:46:13.417+0000] {processor.py:841} WARNING - No viable dags retrieved from /opt/airflow/dags/tasks/recsys_data_sync.py
[2025-11-17T18:46:13.426+0000] {processor.py:179} INFO - Processing /opt/airflow/dags/tasks/recsys_data_sync.py took 0.351 seconds
[2025-11-17T18:46:43.548+0000] {processor.py:157} INFO - Started process (PID=6866) to work on /opt/airflow/dags/tasks/recsys_data_sync.py
[2025-11-17T18:46:43.549+0000] {processor.py:829} INFO - Processing file /opt/airflow/dags/tasks/recsys_data_sync.py for tasks to queue
[2025-11-17T18:46:43.550+0000] {logging_mixin.py:154} INFO - [2025-11-17T18:46:43.549+0000] {dagbag.py:536} INFO - Filling up the DagBag from /opt/airflow/dags/tasks/recsys_data_sync.py
[2025-11-17T18:46:43.873+0000] {processor.py:841} WARNING - No viable dags retrieved from /opt/airflow/dags/tasks/recsys_data_sync.py
[2025-11-17T18:46:43.885+0000] {processor.py:179} INFO - Processing /opt/airflow/dags/tasks/recsys_data_sync.py took 0.339 seconds
[2025-11-17T18:47:14.841+0000] {processor.py:157} INFO - Started process (PID=6931) to work on /opt/airflow/dags/tasks/recsys_data_sync.py
[2025-11-17T18:47:14.841+0000] {processor.py:829} INFO - Processing file /opt/airflow/dags/tasks/recsys_data_sync.py for tasks to queue
[2025-11-17T18:47:14.842+0000] {logging_mixin.py:154} INFO - [2025-11-17T18:47:14.842+0000] {dagbag.py:536} INFO - Filling up the DagBag from /opt/airflow/dags/tasks/recsys_data_sync.py
[2025-11-17T18:47:15.167+0000] {processor.py:841} WARNING - No viable dags retrieved from /opt/airflow/dags/tasks/recsys_data_sync.py
[2025-11-17T18:47:15.177+0000] {processor.py:179} INFO - Processing /opt/airflow/dags/tasks/recsys_data_sync.py took 0.339 seconds
[2025-11-17T18:47:46.163+0000] {processor.py:157} INFO - Started process (PID=6996) to work on /opt/airflow/dags/tasks/recsys_data_sync.py
[2025-11-17T18:47:46.164+0000] {processor.py:829} INFO - Processing file /opt/airflow/dags/tasks/recsys_data_sync.py for tasks to queue
[2025-11-17T18:47:46.164+0000] {logging_mixin.py:154} INFO - [2025-11-17T18:47:46.164+0000] {dagbag.py:536} INFO - Filling up the DagBag from /opt/airflow/dags/tasks/recsys_data_sync.py
[2025-11-17T18:47:46.523+0000] {processor.py:841} WARNING - No viable dags retrieved from /opt/airflow/dags/tasks/recsys_data_sync.py
[2025-11-17T18:47:46.537+0000] {processor.py:179} INFO - Processing /opt/airflow/dags/tasks/recsys_data_sync.py took 0.376 seconds
[2025-11-17T18:48:16.671+0000] {processor.py:157} INFO - Started process (PID=7061) to work on /opt/airflow/dags/tasks/recsys_data_sync.py
[2025-11-17T18:48:16.672+0000] {processor.py:829} INFO - Processing file /opt/airflow/dags/tasks/recsys_data_sync.py for tasks to queue
[2025-11-17T18:48:16.672+0000] {logging_mixin.py:154} INFO - [2025-11-17T18:48:16.672+0000] {dagbag.py:536} INFO - Filling up the DagBag from /opt/airflow/dags/tasks/recsys_data_sync.py
[2025-11-17T18:48:17.034+0000] {processor.py:841} WARNING - No viable dags retrieved from /opt/airflow/dags/tasks/recsys_data_sync.py
[2025-11-17T18:48:17.045+0000] {processor.py:179} INFO - Processing /opt/airflow/dags/tasks/recsys_data_sync.py took 0.377 seconds
[2025-11-17T18:48:48.076+0000] {processor.py:157} INFO - Started process (PID=7119) to work on /opt/airflow/dags/tasks/recsys_data_sync.py
[2025-11-17T18:48:48.077+0000] {processor.py:829} INFO - Processing file /opt/airflow/dags/tasks/recsys_data_sync.py for tasks to queue
[2025-11-17T18:48:48.077+0000] {logging_mixin.py:154} INFO - [2025-11-17T18:48:48.077+0000] {dagbag.py:536} INFO - Filling up the DagBag from /opt/airflow/dags/tasks/recsys_data_sync.py
[2025-11-17T18:48:48.426+0000] {processor.py:841} WARNING - No viable dags retrieved from /opt/airflow/dags/tasks/recsys_data_sync.py
[2025-11-17T18:48:48.434+0000] {processor.py:179} INFO - Processing /opt/airflow/dags/tasks/recsys_data_sync.py took 0.362 seconds
[2025-11-17T18:49:18.574+0000] {processor.py:157} INFO - Started process (PID=7184) to work on /opt/airflow/dags/tasks/recsys_data_sync.py
[2025-11-17T18:49:18.575+0000] {processor.py:829} INFO - Processing file /opt/airflow/dags/tasks/recsys_data_sync.py for tasks to queue
[2025-11-17T18:49:18.575+0000] {logging_mixin.py:154} INFO - [2025-11-17T18:49:18.575+0000] {dagbag.py:536} INFO - Filling up the DagBag from /opt/airflow/dags/tasks/recsys_data_sync.py
[2025-11-17T18:49:18.896+0000] {processor.py:841} WARNING - No viable dags retrieved from /opt/airflow/dags/tasks/recsys_data_sync.py
[2025-11-17T18:49:18.905+0000] {processor.py:179} INFO - Processing /opt/airflow/dags/tasks/recsys_data_sync.py took 0.334 seconds
[2025-11-17T18:49:49.270+0000] {processor.py:157} INFO - Started process (PID=7249) to work on /opt/airflow/dags/tasks/recsys_data_sync.py
[2025-11-17T18:49:49.270+0000] {processor.py:829} INFO - Processing file /opt/airflow/dags/tasks/recsys_data_sync.py for tasks to queue
[2025-11-17T18:49:49.271+0000] {logging_mixin.py:154} INFO - [2025-11-17T18:49:49.271+0000] {dagbag.py:536} INFO - Filling up the DagBag from /opt/airflow/dags/tasks/recsys_data_sync.py
[2025-11-17T18:49:49.571+0000] {processor.py:841} WARNING - No viable dags retrieved from /opt/airflow/dags/tasks/recsys_data_sync.py
[2025-11-17T18:49:49.580+0000] {processor.py:179} INFO - Processing /opt/airflow/dags/tasks/recsys_data_sync.py took 0.313 seconds
[2025-11-17T18:50:19.641+0000] {processor.py:157} INFO - Started process (PID=7314) to work on /opt/airflow/dags/tasks/recsys_data_sync.py
[2025-11-17T18:50:19.642+0000] {processor.py:829} INFO - Processing file /opt/airflow/dags/tasks/recsys_data_sync.py for tasks to queue
[2025-11-17T18:50:19.643+0000] {logging_mixin.py:154} INFO - [2025-11-17T18:50:19.642+0000] {dagbag.py:536} INFO - Filling up the DagBag from /opt/airflow/dags/tasks/recsys_data_sync.py
[2025-11-17T18:50:20.045+0000] {processor.py:841} WARNING - No viable dags retrieved from /opt/airflow/dags/tasks/recsys_data_sync.py
[2025-11-17T18:50:20.054+0000] {processor.py:179} INFO - Processing /opt/airflow/dags/tasks/recsys_data_sync.py took 0.416 seconds
[2025-11-17T18:50:50.646+0000] {processor.py:157} INFO - Started process (PID=7379) to work on /opt/airflow/dags/tasks/recsys_data_sync.py
[2025-11-17T18:50:50.646+0000] {processor.py:829} INFO - Processing file /opt/airflow/dags/tasks/recsys_data_sync.py for tasks to queue
[2025-11-17T18:50:50.647+0000] {logging_mixin.py:154} INFO - [2025-11-17T18:50:50.646+0000] {dagbag.py:536} INFO - Filling up the DagBag from /opt/airflow/dags/tasks/recsys_data_sync.py
[2025-11-17T18:50:50.971+0000] {processor.py:841} WARNING - No viable dags retrieved from /opt/airflow/dags/tasks/recsys_data_sync.py
[2025-11-17T18:50:50.980+0000] {processor.py:179} INFO - Processing /opt/airflow/dags/tasks/recsys_data_sync.py took 0.337 seconds
[2025-11-17T18:51:21.372+0000] {processor.py:157} INFO - Started process (PID=7437) to work on /opt/airflow/dags/tasks/recsys_data_sync.py
[2025-11-17T18:51:21.373+0000] {processor.py:829} INFO - Processing file /opt/airflow/dags/tasks/recsys_data_sync.py for tasks to queue
[2025-11-17T18:51:21.373+0000] {logging_mixin.py:154} INFO - [2025-11-17T18:51:21.373+0000] {dagbag.py:536} INFO - Filling up the DagBag from /opt/airflow/dags/tasks/recsys_data_sync.py
[2025-11-17T18:51:21.714+0000] {processor.py:841} WARNING - No viable dags retrieved from /opt/airflow/dags/tasks/recsys_data_sync.py
[2025-11-17T18:51:21.724+0000] {processor.py:179} INFO - Processing /opt/airflow/dags/tasks/recsys_data_sync.py took 0.355 seconds
[2025-11-17T18:51:51.949+0000] {processor.py:157} INFO - Started process (PID=7502) to work on /opt/airflow/dags/tasks/recsys_data_sync.py
[2025-11-17T18:51:51.949+0000] {processor.py:829} INFO - Processing file /opt/airflow/dags/tasks/recsys_data_sync.py for tasks to queue
[2025-11-17T18:51:51.950+0000] {logging_mixin.py:154} INFO - [2025-11-17T18:51:51.950+0000] {dagbag.py:536} INFO - Filling up the DagBag from /opt/airflow/dags/tasks/recsys_data_sync.py
[2025-11-17T18:51:52.317+0000] {processor.py:841} WARNING - No viable dags retrieved from /opt/airflow/dags/tasks/recsys_data_sync.py
[2025-11-17T18:51:52.327+0000] {processor.py:179} INFO - Processing /opt/airflow/dags/tasks/recsys_data_sync.py took 0.381 seconds
[2025-11-17T18:52:22.519+0000] {processor.py:157} INFO - Started process (PID=7567) to work on /opt/airflow/dags/tasks/recsys_data_sync.py
[2025-11-17T18:52:22.520+0000] {processor.py:829} INFO - Processing file /opt/airflow/dags/tasks/recsys_data_sync.py for tasks to queue
[2025-11-17T18:52:22.521+0000] {logging_mixin.py:154} INFO - [2025-11-17T18:52:22.521+0000] {dagbag.py:536} INFO - Filling up the DagBag from /opt/airflow/dags/tasks/recsys_data_sync.py
[2025-11-17T18:52:22.836+0000] {processor.py:841} WARNING - No viable dags retrieved from /opt/airflow/dags/tasks/recsys_data_sync.py
[2025-11-17T18:52:22.846+0000] {processor.py:179} INFO - Processing /opt/airflow/dags/tasks/recsys_data_sync.py took 0.331 seconds
[2025-11-17T18:52:52.982+0000] {processor.py:157} INFO - Started process (PID=7632) to work on /opt/airflow/dags/tasks/recsys_data_sync.py
[2025-11-17T18:52:52.983+0000] {processor.py:829} INFO - Processing file /opt/airflow/dags/tasks/recsys_data_sync.py for tasks to queue
[2025-11-17T18:52:52.983+0000] {logging_mixin.py:154} INFO - [2025-11-17T18:52:52.983+0000] {dagbag.py:536} INFO - Filling up the DagBag from /opt/airflow/dags/tasks/recsys_data_sync.py
[2025-11-17T18:52:53.331+0000] {processor.py:841} WARNING - No viable dags retrieved from /opt/airflow/dags/tasks/recsys_data_sync.py
[2025-11-17T18:52:53.341+0000] {processor.py:179} INFO - Processing /opt/airflow/dags/tasks/recsys_data_sync.py took 0.362 seconds
[2025-11-17T18:53:23.596+0000] {processor.py:157} INFO - Started process (PID=7697) to work on /opt/airflow/dags/tasks/recsys_data_sync.py
[2025-11-17T18:53:23.597+0000] {processor.py:829} INFO - Processing file /opt/airflow/dags/tasks/recsys_data_sync.py for tasks to queue
[2025-11-17T18:53:23.597+0000] {logging_mixin.py:154} INFO - [2025-11-17T18:53:23.597+0000] {dagbag.py:536} INFO - Filling up the DagBag from /opt/airflow/dags/tasks/recsys_data_sync.py
[2025-11-17T18:53:23.926+0000] {processor.py:841} WARNING - No viable dags retrieved from /opt/airflow/dags/tasks/recsys_data_sync.py
[2025-11-17T18:53:23.937+0000] {processor.py:179} INFO - Processing /opt/airflow/dags/tasks/recsys_data_sync.py took 0.344 seconds
[2025-11-17T18:53:54.491+0000] {processor.py:157} INFO - Started process (PID=7753) to work on /opt/airflow/dags/tasks/recsys_data_sync.py
[2025-11-17T18:53:54.491+0000] {processor.py:829} INFO - Processing file /opt/airflow/dags/tasks/recsys_data_sync.py for tasks to queue
[2025-11-17T18:53:54.492+0000] {logging_mixin.py:154} INFO - [2025-11-17T18:53:54.492+0000] {dagbag.py:536} INFO - Filling up the DagBag from /opt/airflow/dags/tasks/recsys_data_sync.py
[2025-11-17T18:53:54.801+0000] {processor.py:841} WARNING - No viable dags retrieved from /opt/airflow/dags/tasks/recsys_data_sync.py
[2025-11-17T18:53:54.810+0000] {processor.py:179} INFO - Processing /opt/airflow/dags/tasks/recsys_data_sync.py took 0.323 seconds
[2025-11-17T18:54:25.556+0000] {processor.py:157} INFO - Started process (PID=7806) to work on /opt/airflow/dags/tasks/recsys_data_sync.py
[2025-11-17T18:54:25.557+0000] {processor.py:829} INFO - Processing file /opt/airflow/dags/tasks/recsys_data_sync.py for tasks to queue
[2025-11-17T18:54:25.557+0000] {logging_mixin.py:154} INFO - [2025-11-17T18:54:25.557+0000] {dagbag.py:536} INFO - Filling up the DagBag from /opt/airflow/dags/tasks/recsys_data_sync.py
[2025-11-17T18:54:25.863+0000] {processor.py:841} WARNING - No viable dags retrieved from /opt/airflow/dags/tasks/recsys_data_sync.py
[2025-11-17T18:54:25.877+0000] {processor.py:179} INFO - Processing /opt/airflow/dags/tasks/recsys_data_sync.py took 0.323 seconds
[2025-11-17T18:54:56.599+0000] {processor.py:157} INFO - Started process (PID=7868) to work on /opt/airflow/dags/tasks/recsys_data_sync.py
[2025-11-17T18:54:56.601+0000] {processor.py:829} INFO - Processing file /opt/airflow/dags/tasks/recsys_data_sync.py for tasks to queue
[2025-11-17T18:54:56.602+0000] {logging_mixin.py:154} INFO - [2025-11-17T18:54:56.601+0000] {dagbag.py:536} INFO - Filling up the DagBag from /opt/airflow/dags/tasks/recsys_data_sync.py
[2025-11-17T18:54:56.929+0000] {processor.py:841} WARNING - No viable dags retrieved from /opt/airflow/dags/tasks/recsys_data_sync.py
[2025-11-17T18:54:56.937+0000] {processor.py:179} INFO - Processing /opt/airflow/dags/tasks/recsys_data_sync.py took 0.340 seconds
[2025-11-17T18:55:27.105+0000] {processor.py:157} INFO - Started process (PID=7933) to work on /opt/airflow/dags/tasks/recsys_data_sync.py
[2025-11-17T18:55:27.105+0000] {processor.py:829} INFO - Processing file /opt/airflow/dags/tasks/recsys_data_sync.py for tasks to queue
[2025-11-17T18:55:27.106+0000] {logging_mixin.py:154} INFO - [2025-11-17T18:55:27.106+0000] {dagbag.py:536} INFO - Filling up the DagBag from /opt/airflow/dags/tasks/recsys_data_sync.py
[2025-11-17T18:55:27.482+0000] {processor.py:841} WARNING - No viable dags retrieved from /opt/airflow/dags/tasks/recsys_data_sync.py
[2025-11-17T18:55:27.492+0000] {processor.py:179} INFO - Processing /opt/airflow/dags/tasks/recsys_data_sync.py took 0.390 seconds
[2025-11-17T18:55:57.905+0000] {processor.py:157} INFO - Started process (PID=7998) to work on /opt/airflow/dags/tasks/recsys_data_sync.py
[2025-11-17T18:55:57.906+0000] {processor.py:829} INFO - Processing file /opt/airflow/dags/tasks/recsys_data_sync.py for tasks to queue
[2025-11-17T18:55:57.906+0000] {logging_mixin.py:154} INFO - [2025-11-17T18:55:57.906+0000] {dagbag.py:536} INFO - Filling up the DagBag from /opt/airflow/dags/tasks/recsys_data_sync.py
[2025-11-17T18:55:58.203+0000] {processor.py:841} WARNING - No viable dags retrieved from /opt/airflow/dags/tasks/recsys_data_sync.py
[2025-11-17T18:55:58.211+0000] {processor.py:179} INFO - Processing /opt/airflow/dags/tasks/recsys_data_sync.py took 0.309 seconds
[2025-11-17T18:56:28.286+0000] {processor.py:157} INFO - Started process (PID=8063) to work on /opt/airflow/dags/tasks/recsys_data_sync.py
[2025-11-17T18:56:28.287+0000] {processor.py:829} INFO - Processing file /opt/airflow/dags/tasks/recsys_data_sync.py for tasks to queue
[2025-11-17T18:56:28.288+0000] {logging_mixin.py:154} INFO - [2025-11-17T18:56:28.287+0000] {dagbag.py:536} INFO - Filling up the DagBag from /opt/airflow/dags/tasks/recsys_data_sync.py
[2025-11-17T18:56:28.647+0000] {processor.py:841} WARNING - No viable dags retrieved from /opt/airflow/dags/tasks/recsys_data_sync.py
[2025-11-17T18:56:28.660+0000] {processor.py:179} INFO - Processing /opt/airflow/dags/tasks/recsys_data_sync.py took 0.376 seconds
[2025-11-17T18:56:58.788+0000] {processor.py:157} INFO - Started process (PID=8121) to work on /opt/airflow/dags/tasks/recsys_data_sync.py
[2025-11-17T18:56:58.789+0000] {processor.py:829} INFO - Processing file /opt/airflow/dags/tasks/recsys_data_sync.py for tasks to queue
[2025-11-17T18:56:58.790+0000] {logging_mixin.py:154} INFO - [2025-11-17T18:56:58.789+0000] {dagbag.py:536} INFO - Filling up the DagBag from /opt/airflow/dags/tasks/recsys_data_sync.py
[2025-11-17T18:56:59.113+0000] {processor.py:841} WARNING - No viable dags retrieved from /opt/airflow/dags/tasks/recsys_data_sync.py
[2025-11-17T18:56:59.126+0000] {processor.py:179} INFO - Processing /opt/airflow/dags/tasks/recsys_data_sync.py took 0.341 seconds
[2025-11-17T18:57:29.172+0000] {processor.py:157} INFO - Started process (PID=8187) to work on /opt/airflow/dags/tasks/recsys_data_sync.py
[2025-11-17T18:57:29.172+0000] {processor.py:829} INFO - Processing file /opt/airflow/dags/tasks/recsys_data_sync.py for tasks to queue
[2025-11-17T18:57:29.173+0000] {logging_mixin.py:154} INFO - [2025-11-17T18:57:29.173+0000] {dagbag.py:536} INFO - Filling up the DagBag from /opt/airflow/dags/tasks/recsys_data_sync.py
[2025-11-17T18:57:29.482+0000] {processor.py:841} WARNING - No viable dags retrieved from /opt/airflow/dags/tasks/recsys_data_sync.py
[2025-11-17T18:57:29.492+0000] {processor.py:179} INFO - Processing /opt/airflow/dags/tasks/recsys_data_sync.py took 0.322 seconds
[2025-11-17T18:58:00.397+0000] {processor.py:157} INFO - Started process (PID=8252) to work on /opt/airflow/dags/tasks/recsys_data_sync.py
[2025-11-17T18:58:00.398+0000] {processor.py:829} INFO - Processing file /opt/airflow/dags/tasks/recsys_data_sync.py for tasks to queue
[2025-11-17T18:58:00.399+0000] {logging_mixin.py:154} INFO - [2025-11-17T18:58:00.399+0000] {dagbag.py:536} INFO - Filling up the DagBag from /opt/airflow/dags/tasks/recsys_data_sync.py
[2025-11-17T18:58:00.713+0000] {processor.py:841} WARNING - No viable dags retrieved from /opt/airflow/dags/tasks/recsys_data_sync.py
[2025-11-17T18:58:00.723+0000] {processor.py:179} INFO - Processing /opt/airflow/dags/tasks/recsys_data_sync.py took 0.329 seconds
[2025-11-17T18:58:30.819+0000] {processor.py:157} INFO - Started process (PID=8317) to work on /opt/airflow/dags/tasks/recsys_data_sync.py
[2025-11-17T18:58:30.820+0000] {processor.py:829} INFO - Processing file /opt/airflow/dags/tasks/recsys_data_sync.py for tasks to queue
[2025-11-17T18:58:30.820+0000] {logging_mixin.py:154} INFO - [2025-11-17T18:58:30.820+0000] {dagbag.py:536} INFO - Filling up the DagBag from /opt/airflow/dags/tasks/recsys_data_sync.py
[2025-11-17T18:58:31.143+0000] {processor.py:841} WARNING - No viable dags retrieved from /opt/airflow/dags/tasks/recsys_data_sync.py
[2025-11-17T18:58:31.152+0000] {processor.py:179} INFO - Processing /opt/airflow/dags/tasks/recsys_data_sync.py took 0.335 seconds
[2025-11-17T18:59:02.156+0000] {processor.py:157} INFO - Started process (PID=8382) to work on /opt/airflow/dags/tasks/recsys_data_sync.py
[2025-11-17T18:59:02.157+0000] {processor.py:829} INFO - Processing file /opt/airflow/dags/tasks/recsys_data_sync.py for tasks to queue
[2025-11-17T18:59:02.158+0000] {logging_mixin.py:154} INFO - [2025-11-17T18:59:02.158+0000] {dagbag.py:536} INFO - Filling up the DagBag from /opt/airflow/dags/tasks/recsys_data_sync.py
[2025-11-17T18:59:02.460+0000] {processor.py:841} WARNING - No viable dags retrieved from /opt/airflow/dags/tasks/recsys_data_sync.py
[2025-11-17T18:59:02.469+0000] {processor.py:179} INFO - Processing /opt/airflow/dags/tasks/recsys_data_sync.py took 0.315 seconds
[2025-11-17T18:59:33.027+0000] {processor.py:157} INFO - Started process (PID=8447) to work on /opt/airflow/dags/tasks/recsys_data_sync.py
[2025-11-17T18:59:33.027+0000] {processor.py:829} INFO - Processing file /opt/airflow/dags/tasks/recsys_data_sync.py for tasks to queue
[2025-11-17T18:59:33.028+0000] {logging_mixin.py:154} INFO - [2025-11-17T18:59:33.027+0000] {dagbag.py:536} INFO - Filling up the DagBag from /opt/airflow/dags/tasks/recsys_data_sync.py
[2025-11-17T18:59:33.333+0000] {processor.py:841} WARNING - No viable dags retrieved from /opt/airflow/dags/tasks/recsys_data_sync.py
[2025-11-17T18:59:33.343+0000] {processor.py:179} INFO - Processing /opt/airflow/dags/tasks/recsys_data_sync.py took 0.319 seconds
[2025-11-17T19:00:03.421+0000] {processor.py:157} INFO - Started process (PID=8505) to work on /opt/airflow/dags/tasks/recsys_data_sync.py
[2025-11-17T19:00:03.422+0000] {processor.py:829} INFO - Processing file /opt/airflow/dags/tasks/recsys_data_sync.py for tasks to queue
[2025-11-17T19:00:03.423+0000] {logging_mixin.py:154} INFO - [2025-11-17T19:00:03.422+0000] {dagbag.py:536} INFO - Filling up the DagBag from /opt/airflow/dags/tasks/recsys_data_sync.py
[2025-11-17T19:00:03.740+0000] {processor.py:841} WARNING - No viable dags retrieved from /opt/airflow/dags/tasks/recsys_data_sync.py
[2025-11-17T19:00:03.750+0000] {processor.py:179} INFO - Processing /opt/airflow/dags/tasks/recsys_data_sync.py took 0.331 seconds
[2025-11-17T19:00:33.793+0000] {processor.py:157} INFO - Started process (PID=8570) to work on /opt/airflow/dags/tasks/recsys_data_sync.py
[2025-11-17T19:00:33.794+0000] {processor.py:829} INFO - Processing file /opt/airflow/dags/tasks/recsys_data_sync.py for tasks to queue
[2025-11-17T19:00:33.795+0000] {logging_mixin.py:154} INFO - [2025-11-17T19:00:33.795+0000] {dagbag.py:536} INFO - Filling up the DagBag from /opt/airflow/dags/tasks/recsys_data_sync.py
[2025-11-17T19:00:34.143+0000] {processor.py:841} WARNING - No viable dags retrieved from /opt/airflow/dags/tasks/recsys_data_sync.py
[2025-11-17T19:00:34.152+0000] {processor.py:179} INFO - Processing /opt/airflow/dags/tasks/recsys_data_sync.py took 0.363 seconds
[2025-11-17T19:01:04.729+0000] {processor.py:157} INFO - Started process (PID=8635) to work on /opt/airflow/dags/tasks/recsys_data_sync.py
[2025-11-17T19:01:04.730+0000] {processor.py:829} INFO - Processing file /opt/airflow/dags/tasks/recsys_data_sync.py for tasks to queue
[2025-11-17T19:01:04.730+0000] {logging_mixin.py:154} INFO - [2025-11-17T19:01:04.730+0000] {dagbag.py:536} INFO - Filling up the DagBag from /opt/airflow/dags/tasks/recsys_data_sync.py
[2025-11-17T19:01:05.081+0000] {processor.py:841} WARNING - No viable dags retrieved from /opt/airflow/dags/tasks/recsys_data_sync.py
[2025-11-17T19:01:05.093+0000] {processor.py:179} INFO - Processing /opt/airflow/dags/tasks/recsys_data_sync.py took 0.366 seconds
[2025-11-17T19:01:35.207+0000] {processor.py:157} INFO - Started process (PID=8700) to work on /opt/airflow/dags/tasks/recsys_data_sync.py
[2025-11-17T19:01:35.208+0000] {processor.py:829} INFO - Processing file /opt/airflow/dags/tasks/recsys_data_sync.py for tasks to queue
[2025-11-17T19:01:35.208+0000] {logging_mixin.py:154} INFO - [2025-11-17T19:01:35.208+0000] {dagbag.py:536} INFO - Filling up the DagBag from /opt/airflow/dags/tasks/recsys_data_sync.py
[2025-11-17T19:01:35.545+0000] {processor.py:841} WARNING - No viable dags retrieved from /opt/airflow/dags/tasks/recsys_data_sync.py
[2025-11-17T19:01:35.555+0000] {processor.py:179} INFO - Processing /opt/airflow/dags/tasks/recsys_data_sync.py took 0.350 seconds
[2025-11-17T19:02:05.873+0000] {processor.py:157} INFO - Started process (PID=8765) to work on /opt/airflow/dags/tasks/recsys_data_sync.py
[2025-11-17T19:02:05.873+0000] {processor.py:829} INFO - Processing file /opt/airflow/dags/tasks/recsys_data_sync.py for tasks to queue
[2025-11-17T19:02:05.874+0000] {logging_mixin.py:154} INFO - [2025-11-17T19:02:05.873+0000] {dagbag.py:536} INFO - Filling up the DagBag from /opt/airflow/dags/tasks/recsys_data_sync.py
[2025-11-17T19:02:06.279+0000] {processor.py:841} WARNING - No viable dags retrieved from /opt/airflow/dags/tasks/recsys_data_sync.py
[2025-11-17T19:02:06.290+0000] {processor.py:179} INFO - Processing /opt/airflow/dags/tasks/recsys_data_sync.py took 0.420 seconds
[2025-11-17T19:02:36.566+0000] {processor.py:157} INFO - Started process (PID=8830) to work on /opt/airflow/dags/tasks/recsys_data_sync.py
[2025-11-17T19:02:36.566+0000] {processor.py:829} INFO - Processing file /opt/airflow/dags/tasks/recsys_data_sync.py for tasks to queue
[2025-11-17T19:02:36.567+0000] {logging_mixin.py:154} INFO - [2025-11-17T19:02:36.567+0000] {dagbag.py:536} INFO - Filling up the DagBag from /opt/airflow/dags/tasks/recsys_data_sync.py
[2025-11-17T19:02:36.908+0000] {processor.py:841} WARNING - No viable dags retrieved from /opt/airflow/dags/tasks/recsys_data_sync.py
[2025-11-17T19:02:36.916+0000] {processor.py:179} INFO - Processing /opt/airflow/dags/tasks/recsys_data_sync.py took 0.354 seconds
[2025-11-17T19:03:07.473+0000] {processor.py:157} INFO - Started process (PID=8888) to work on /opt/airflow/dags/tasks/recsys_data_sync.py
[2025-11-17T19:03:07.474+0000] {processor.py:829} INFO - Processing file /opt/airflow/dags/tasks/recsys_data_sync.py for tasks to queue
[2025-11-17T19:03:07.475+0000] {logging_mixin.py:154} INFO - [2025-11-17T19:03:07.474+0000] {dagbag.py:536} INFO - Filling up the DagBag from /opt/airflow/dags/tasks/recsys_data_sync.py
[2025-11-17T19:03:07.822+0000] {processor.py:841} WARNING - No viable dags retrieved from /opt/airflow/dags/tasks/recsys_data_sync.py
[2025-11-17T19:03:07.833+0000] {processor.py:179} INFO - Processing /opt/airflow/dags/tasks/recsys_data_sync.py took 0.363 seconds
[2025-11-17T19:03:37.929+0000] {processor.py:157} INFO - Started process (PID=8953) to work on /opt/airflow/dags/tasks/recsys_data_sync.py
[2025-11-17T19:03:37.929+0000] {processor.py:829} INFO - Processing file /opt/airflow/dags/tasks/recsys_data_sync.py for tasks to queue
[2025-11-17T19:03:37.930+0000] {logging_mixin.py:154} INFO - [2025-11-17T19:03:37.930+0000] {dagbag.py:536} INFO - Filling up the DagBag from /opt/airflow/dags/tasks/recsys_data_sync.py
[2025-11-17T19:03:38.246+0000] {processor.py:841} WARNING - No viable dags retrieved from /opt/airflow/dags/tasks/recsys_data_sync.py
[2025-11-17T19:03:38.257+0000] {processor.py:179} INFO - Processing /opt/airflow/dags/tasks/recsys_data_sync.py took 0.332 seconds
[2025-11-17T19:04:08.369+0000] {processor.py:157} INFO - Started process (PID=9018) to work on /opt/airflow/dags/tasks/recsys_data_sync.py
[2025-11-17T19:04:08.370+0000] {processor.py:829} INFO - Processing file /opt/airflow/dags/tasks/recsys_data_sync.py for tasks to queue
[2025-11-17T19:04:08.370+0000] {logging_mixin.py:154} INFO - [2025-11-17T19:04:08.370+0000] {dagbag.py:536} INFO - Filling up the DagBag from /opt/airflow/dags/tasks/recsys_data_sync.py
[2025-11-17T19:04:08.688+0000] {processor.py:841} WARNING - No viable dags retrieved from /opt/airflow/dags/tasks/recsys_data_sync.py
[2025-11-17T19:04:08.698+0000] {processor.py:179} INFO - Processing /opt/airflow/dags/tasks/recsys_data_sync.py took 0.331 seconds
[2025-11-17T19:04:38.873+0000] {processor.py:157} INFO - Started process (PID=9084) to work on /opt/airflow/dags/tasks/recsys_data_sync.py
[2025-11-17T19:04:38.874+0000] {processor.py:829} INFO - Processing file /opt/airflow/dags/tasks/recsys_data_sync.py for tasks to queue
[2025-11-17T19:04:38.875+0000] {logging_mixin.py:154} INFO - [2025-11-17T19:04:38.875+0000] {dagbag.py:536} INFO - Filling up the DagBag from /opt/airflow/dags/tasks/recsys_data_sync.py
[2025-11-17T19:04:39.263+0000] {processor.py:841} WARNING - No viable dags retrieved from /opt/airflow/dags/tasks/recsys_data_sync.py
[2025-11-17T19:04:39.280+0000] {processor.py:179} INFO - Processing /opt/airflow/dags/tasks/recsys_data_sync.py took 0.409 seconds
[2025-11-17T19:05:09.841+0000] {processor.py:157} INFO - Started process (PID=9135) to work on /opt/airflow/dags/tasks/recsys_data_sync.py
[2025-11-17T19:05:09.841+0000] {processor.py:829} INFO - Processing file /opt/airflow/dags/tasks/recsys_data_sync.py for tasks to queue
[2025-11-17T19:05:09.842+0000] {logging_mixin.py:154} INFO - [2025-11-17T19:05:09.842+0000] {dagbag.py:536} INFO - Filling up the DagBag from /opt/airflow/dags/tasks/recsys_data_sync.py
[2025-11-17T19:05:10.159+0000] {processor.py:841} WARNING - No viable dags retrieved from /opt/airflow/dags/tasks/recsys_data_sync.py
[2025-11-17T19:05:10.171+0000] {processor.py:179} INFO - Processing /opt/airflow/dags/tasks/recsys_data_sync.py took 0.333 seconds
[2025-11-17T19:05:41.140+0000] {processor.py:157} INFO - Started process (PID=9197) to work on /opt/airflow/dags/tasks/recsys_data_sync.py
[2025-11-17T19:05:41.140+0000] {processor.py:829} INFO - Processing file /opt/airflow/dags/tasks/recsys_data_sync.py for tasks to queue
[2025-11-17T19:05:41.141+0000] {logging_mixin.py:154} INFO - [2025-11-17T19:05:41.141+0000] {dagbag.py:536} INFO - Filling up the DagBag from /opt/airflow/dags/tasks/recsys_data_sync.py
[2025-11-17T19:05:41.453+0000] {processor.py:841} WARNING - No viable dags retrieved from /opt/airflow/dags/tasks/recsys_data_sync.py
[2025-11-17T19:05:41.463+0000] {processor.py:179} INFO - Processing /opt/airflow/dags/tasks/recsys_data_sync.py took 0.326 seconds
[2025-11-17T19:06:12.022+0000] {processor.py:157} INFO - Started process (PID=9255) to work on /opt/airflow/dags/tasks/recsys_data_sync.py
[2025-11-17T19:06:12.022+0000] {processor.py:829} INFO - Processing file /opt/airflow/dags/tasks/recsys_data_sync.py for tasks to queue
[2025-11-17T19:06:12.023+0000] {logging_mixin.py:154} INFO - [2025-11-17T19:06:12.023+0000] {dagbag.py:536} INFO - Filling up the DagBag from /opt/airflow/dags/tasks/recsys_data_sync.py
[2025-11-17T19:06:12.351+0000] {processor.py:841} WARNING - No viable dags retrieved from /opt/airflow/dags/tasks/recsys_data_sync.py
[2025-11-17T19:06:12.362+0000] {processor.py:179} INFO - Processing /opt/airflow/dags/tasks/recsys_data_sync.py took 0.343 seconds
[2025-11-17T19:06:42.878+0000] {processor.py:157} INFO - Started process (PID=9320) to work on /opt/airflow/dags/tasks/recsys_data_sync.py
[2025-11-17T19:06:42.883+0000] {processor.py:829} INFO - Processing file /opt/airflow/dags/tasks/recsys_data_sync.py for tasks to queue
[2025-11-17T19:06:42.883+0000] {logging_mixin.py:154} INFO - [2025-11-17T19:06:42.883+0000] {dagbag.py:536} INFO - Filling up the DagBag from /opt/airflow/dags/tasks/recsys_data_sync.py
[2025-11-17T19:06:43.220+0000] {processor.py:841} WARNING - No viable dags retrieved from /opt/airflow/dags/tasks/recsys_data_sync.py
[2025-11-17T19:06:43.230+0000] {processor.py:179} INFO - Processing /opt/airflow/dags/tasks/recsys_data_sync.py took 0.356 seconds
[2025-11-17T19:07:13.811+0000] {processor.py:157} INFO - Started process (PID=9385) to work on /opt/airflow/dags/tasks/recsys_data_sync.py
[2025-11-17T19:07:13.812+0000] {processor.py:829} INFO - Processing file /opt/airflow/dags/tasks/recsys_data_sync.py for tasks to queue
[2025-11-17T19:07:13.812+0000] {logging_mixin.py:154} INFO - [2025-11-17T19:07:13.812+0000] {dagbag.py:536} INFO - Filling up the DagBag from /opt/airflow/dags/tasks/recsys_data_sync.py
[2025-11-17T19:07:14.199+0000] {processor.py:841} WARNING - No viable dags retrieved from /opt/airflow/dags/tasks/recsys_data_sync.py
[2025-11-17T19:07:14.212+0000] {processor.py:179} INFO - Processing /opt/airflow/dags/tasks/recsys_data_sync.py took 0.404 seconds
[2025-11-17T19:07:44.520+0000] {processor.py:157} INFO - Started process (PID=9450) to work on /opt/airflow/dags/tasks/recsys_data_sync.py
[2025-11-17T19:07:44.520+0000] {processor.py:829} INFO - Processing file /opt/airflow/dags/tasks/recsys_data_sync.py for tasks to queue
[2025-11-17T19:07:44.520+0000] {logging_mixin.py:154} INFO - [2025-11-17T19:07:44.520+0000] {dagbag.py:536} INFO - Filling up the DagBag from /opt/airflow/dags/tasks/recsys_data_sync.py
[2025-11-17T19:07:44.853+0000] {processor.py:841} WARNING - No viable dags retrieved from /opt/airflow/dags/tasks/recsys_data_sync.py
[2025-11-17T19:07:44.861+0000] {processor.py:179} INFO - Processing /opt/airflow/dags/tasks/recsys_data_sync.py took 0.344 seconds
[2025-11-17T19:08:15.298+0000] {processor.py:157} INFO - Started process (PID=9515) to work on /opt/airflow/dags/tasks/recsys_data_sync.py
[2025-11-17T19:08:15.299+0000] {processor.py:829} INFO - Processing file /opt/airflow/dags/tasks/recsys_data_sync.py for tasks to queue
[2025-11-17T19:08:15.299+0000] {logging_mixin.py:154} INFO - [2025-11-17T19:08:15.299+0000] {dagbag.py:536} INFO - Filling up the DagBag from /opt/airflow/dags/tasks/recsys_data_sync.py
[2025-11-17T19:08:15.607+0000] {processor.py:841} WARNING - No viable dags retrieved from /opt/airflow/dags/tasks/recsys_data_sync.py
[2025-11-17T19:08:15.616+0000] {processor.py:179} INFO - Processing /opt/airflow/dags/tasks/recsys_data_sync.py took 0.321 seconds
[2025-11-17T19:08:46.652+0000] {processor.py:157} INFO - Started process (PID=9580) to work on /opt/airflow/dags/tasks/recsys_data_sync.py
[2025-11-17T19:08:46.653+0000] {processor.py:829} INFO - Processing file /opt/airflow/dags/tasks/recsys_data_sync.py for tasks to queue
[2025-11-17T19:08:46.653+0000] {logging_mixin.py:154} INFO - [2025-11-17T19:08:46.653+0000] {dagbag.py:536} INFO - Filling up the DagBag from /opt/airflow/dags/tasks/recsys_data_sync.py
[2025-11-17T19:08:47.077+0000] {processor.py:841} WARNING - No viable dags retrieved from /opt/airflow/dags/tasks/recsys_data_sync.py
[2025-11-17T19:08:47.087+0000] {processor.py:179} INFO - Processing /opt/airflow/dags/tasks/recsys_data_sync.py took 0.438 seconds
[2025-11-17T19:09:17.156+0000] {processor.py:157} INFO - Started process (PID=9638) to work on /opt/airflow/dags/tasks/recsys_data_sync.py
[2025-11-17T19:09:17.157+0000] {processor.py:829} INFO - Processing file /opt/airflow/dags/tasks/recsys_data_sync.py for tasks to queue
[2025-11-17T19:09:17.158+0000] {logging_mixin.py:154} INFO - [2025-11-17T19:09:17.157+0000] {dagbag.py:536} INFO - Filling up the DagBag from /opt/airflow/dags/tasks/recsys_data_sync.py
[2025-11-17T19:09:17.471+0000] {processor.py:841} WARNING - No viable dags retrieved from /opt/airflow/dags/tasks/recsys_data_sync.py
[2025-11-17T19:09:17.480+0000] {processor.py:179} INFO - Processing /opt/airflow/dags/tasks/recsys_data_sync.py took 0.327 seconds
[2025-11-17T19:09:47.576+0000] {processor.py:157} INFO - Started process (PID=9703) to work on /opt/airflow/dags/tasks/recsys_data_sync.py
[2025-11-17T19:09:47.577+0000] {processor.py:829} INFO - Processing file /opt/airflow/dags/tasks/recsys_data_sync.py for tasks to queue
[2025-11-17T19:09:47.577+0000] {logging_mixin.py:154} INFO - [2025-11-17T19:09:47.577+0000] {dagbag.py:536} INFO - Filling up the DagBag from /opt/airflow/dags/tasks/recsys_data_sync.py
[2025-11-17T19:09:47.901+0000] {processor.py:841} WARNING - No viable dags retrieved from /opt/airflow/dags/tasks/recsys_data_sync.py
[2025-11-17T19:09:47.910+0000] {processor.py:179} INFO - Processing /opt/airflow/dags/tasks/recsys_data_sync.py took 0.337 seconds
[2025-11-17T19:10:18.458+0000] {processor.py:157} INFO - Started process (PID=9768) to work on /opt/airflow/dags/tasks/recsys_data_sync.py
[2025-11-17T19:10:18.465+0000] {processor.py:829} INFO - Processing file /opt/airflow/dags/tasks/recsys_data_sync.py for tasks to queue
[2025-11-17T19:10:18.465+0000] {logging_mixin.py:154} INFO - [2025-11-17T19:10:18.465+0000] {dagbag.py:536} INFO - Filling up the DagBag from /opt/airflow/dags/tasks/recsys_data_sync.py
[2025-11-17T19:10:18.775+0000] {processor.py:841} WARNING - No viable dags retrieved from /opt/airflow/dags/tasks/recsys_data_sync.py
[2025-11-17T19:10:18.783+0000] {processor.py:179} INFO - Processing /opt/airflow/dags/tasks/recsys_data_sync.py took 0.328 seconds
[2025-11-17T19:10:49.346+0000] {processor.py:157} INFO - Started process (PID=9833) to work on /opt/airflow/dags/tasks/recsys_data_sync.py
[2025-11-17T19:10:49.346+0000] {processor.py:829} INFO - Processing file /opt/airflow/dags/tasks/recsys_data_sync.py for tasks to queue
[2025-11-17T19:10:49.346+0000] {logging_mixin.py:154} INFO - [2025-11-17T19:10:49.346+0000] {dagbag.py:536} INFO - Filling up the DagBag from /opt/airflow/dags/tasks/recsys_data_sync.py
[2025-11-17T19:10:49.672+0000] {processor.py:841} WARNING - No viable dags retrieved from /opt/airflow/dags/tasks/recsys_data_sync.py
[2025-11-17T19:10:49.681+0000] {processor.py:179} INFO - Processing /opt/airflow/dags/tasks/recsys_data_sync.py took 0.338 seconds
[2025-11-17T19:11:19.907+0000] {processor.py:157} INFO - Started process (PID=9898) to work on /opt/airflow/dags/tasks/recsys_data_sync.py
[2025-11-17T19:11:19.908+0000] {processor.py:829} INFO - Processing file /opt/airflow/dags/tasks/recsys_data_sync.py for tasks to queue
[2025-11-17T19:11:19.909+0000] {logging_mixin.py:154} INFO - [2025-11-17T19:11:19.909+0000] {dagbag.py:536} INFO - Filling up the DagBag from /opt/airflow/dags/tasks/recsys_data_sync.py
[2025-11-17T19:11:20.237+0000] {processor.py:841} WARNING - No viable dags retrieved from /opt/airflow/dags/tasks/recsys_data_sync.py
[2025-11-17T19:11:20.247+0000] {processor.py:179} INFO - Processing /opt/airflow/dags/tasks/recsys_data_sync.py took 0.342 seconds
[2025-11-17T19:11:50.808+0000] {processor.py:157} INFO - Started process (PID=9956) to work on /opt/airflow/dags/tasks/recsys_data_sync.py
[2025-11-17T19:11:50.809+0000] {processor.py:829} INFO - Processing file /opt/airflow/dags/tasks/recsys_data_sync.py for tasks to queue
[2025-11-17T19:11:50.809+0000] {logging_mixin.py:154} INFO - [2025-11-17T19:11:50.809+0000] {dagbag.py:536} INFO - Filling up the DagBag from /opt/airflow/dags/tasks/recsys_data_sync.py
[2025-11-17T19:11:51.106+0000] {processor.py:841} WARNING - No viable dags retrieved from /opt/airflow/dags/tasks/recsys_data_sync.py
[2025-11-17T19:11:51.115+0000] {processor.py:179} INFO - Processing /opt/airflow/dags/tasks/recsys_data_sync.py took 0.309 seconds
[2025-11-17T19:12:21.198+0000] {processor.py:157} INFO - Started process (PID=10021) to work on /opt/airflow/dags/tasks/recsys_data_sync.py
[2025-11-17T19:12:21.199+0000] {processor.py:829} INFO - Processing file /opt/airflow/dags/tasks/recsys_data_sync.py for tasks to queue
[2025-11-17T19:12:21.199+0000] {logging_mixin.py:154} INFO - [2025-11-17T19:12:21.199+0000] {dagbag.py:536} INFO - Filling up the DagBag from /opt/airflow/dags/tasks/recsys_data_sync.py
[2025-11-17T19:12:21.512+0000] {processor.py:841} WARNING - No viable dags retrieved from /opt/airflow/dags/tasks/recsys_data_sync.py
[2025-11-17T19:12:21.521+0000] {processor.py:179} INFO - Processing /opt/airflow/dags/tasks/recsys_data_sync.py took 0.326 seconds
[2025-11-17T19:12:52.085+0000] {processor.py:157} INFO - Started process (PID=10087) to work on /opt/airflow/dags/tasks/recsys_data_sync.py
[2025-11-17T19:12:52.085+0000] {processor.py:829} INFO - Processing file /opt/airflow/dags/tasks/recsys_data_sync.py for tasks to queue
[2025-11-17T19:12:52.086+0000] {logging_mixin.py:154} INFO - [2025-11-17T19:12:52.085+0000] {dagbag.py:536} INFO - Filling up the DagBag from /opt/airflow/dags/tasks/recsys_data_sync.py
[2025-11-17T19:12:52.396+0000] {processor.py:841} WARNING - No viable dags retrieved from /opt/airflow/dags/tasks/recsys_data_sync.py
[2025-11-17T19:12:52.406+0000] {processor.py:179} INFO - Processing /opt/airflow/dags/tasks/recsys_data_sync.py took 0.324 seconds
[2025-11-17T19:13:22.503+0000] {processor.py:157} INFO - Started process (PID=10152) to work on /opt/airflow/dags/tasks/recsys_data_sync.py
[2025-11-17T19:13:22.504+0000] {processor.py:829} INFO - Processing file /opt/airflow/dags/tasks/recsys_data_sync.py for tasks to queue
[2025-11-17T19:13:22.505+0000] {logging_mixin.py:154} INFO - [2025-11-17T19:13:22.504+0000] {dagbag.py:536} INFO - Filling up the DagBag from /opt/airflow/dags/tasks/recsys_data_sync.py
[2025-11-17T19:13:22.813+0000] {processor.py:841} WARNING - No viable dags retrieved from /opt/airflow/dags/tasks/recsys_data_sync.py
[2025-11-17T19:13:22.822+0000] {processor.py:179} INFO - Processing /opt/airflow/dags/tasks/recsys_data_sync.py took 0.322 seconds
[2025-11-17T19:13:52.891+0000] {processor.py:157} INFO - Started process (PID=10218) to work on /opt/airflow/dags/tasks/recsys_data_sync.py
[2025-11-17T19:13:52.892+0000] {processor.py:829} INFO - Processing file /opt/airflow/dags/tasks/recsys_data_sync.py for tasks to queue
[2025-11-17T19:13:52.893+0000] {logging_mixin.py:154} INFO - [2025-11-17T19:13:52.893+0000] {dagbag.py:536} INFO - Filling up the DagBag from /opt/airflow/dags/tasks/recsys_data_sync.py
[2025-11-17T19:13:53.197+0000] {processor.py:841} WARNING - No viable dags retrieved from /opt/airflow/dags/tasks/recsys_data_sync.py
[2025-11-17T19:13:53.206+0000] {processor.py:179} INFO - Processing /opt/airflow/dags/tasks/recsys_data_sync.py took 0.318 seconds
[2025-11-17T19:14:23.550+0000] {processor.py:157} INFO - Started process (PID=10283) to work on /opt/airflow/dags/tasks/recsys_data_sync.py
[2025-11-17T19:14:23.551+0000] {processor.py:829} INFO - Processing file /opt/airflow/dags/tasks/recsys_data_sync.py for tasks to queue
[2025-11-17T19:14:23.551+0000] {logging_mixin.py:154} INFO - [2025-11-17T19:14:23.551+0000] {dagbag.py:536} INFO - Filling up the DagBag from /opt/airflow/dags/tasks/recsys_data_sync.py
[2025-11-17T19:14:23.871+0000] {processor.py:841} WARNING - No viable dags retrieved from /opt/airflow/dags/tasks/recsys_data_sync.py
[2025-11-17T19:14:23.880+0000] {processor.py:179} INFO - Processing /opt/airflow/dags/tasks/recsys_data_sync.py took 0.332 seconds
[2025-11-17T19:14:54.439+0000] {processor.py:157} INFO - Started process (PID=10341) to work on /opt/airflow/dags/tasks/recsys_data_sync.py
[2025-11-17T19:14:54.440+0000] {processor.py:829} INFO - Processing file /opt/airflow/dags/tasks/recsys_data_sync.py for tasks to queue
[2025-11-17T19:14:54.440+0000] {logging_mixin.py:154} INFO - [2025-11-17T19:14:54.440+0000] {dagbag.py:536} INFO - Filling up the DagBag from /opt/airflow/dags/tasks/recsys_data_sync.py
[2025-11-17T19:14:54.782+0000] {processor.py:841} WARNING - No viable dags retrieved from /opt/airflow/dags/tasks/recsys_data_sync.py
[2025-11-17T19:14:54.792+0000] {processor.py:179} INFO - Processing /opt/airflow/dags/tasks/recsys_data_sync.py took 0.357 seconds
[2025-11-17T19:15:24.915+0000] {processor.py:157} INFO - Started process (PID=10406) to work on /opt/airflow/dags/tasks/recsys_data_sync.py
[2025-11-17T19:15:24.915+0000] {processor.py:829} INFO - Processing file /opt/airflow/dags/tasks/recsys_data_sync.py for tasks to queue
[2025-11-17T19:15:24.916+0000] {logging_mixin.py:154} INFO - [2025-11-17T19:15:24.916+0000] {dagbag.py:536} INFO - Filling up the DagBag from /opt/airflow/dags/tasks/recsys_data_sync.py
[2025-11-17T19:15:25.235+0000] {processor.py:841} WARNING - No viable dags retrieved from /opt/airflow/dags/tasks/recsys_data_sync.py
[2025-11-17T19:15:25.246+0000] {processor.py:179} INFO - Processing /opt/airflow/dags/tasks/recsys_data_sync.py took 0.333 seconds
[2025-11-17T19:15:55.779+0000] {processor.py:157} INFO - Started process (PID=10469) to work on /opt/airflow/dags/tasks/recsys_data_sync.py
[2025-11-17T19:15:55.780+0000] {processor.py:829} INFO - Processing file /opt/airflow/dags/tasks/recsys_data_sync.py for tasks to queue
[2025-11-17T19:15:55.781+0000] {logging_mixin.py:154} INFO - [2025-11-17T19:15:55.781+0000] {dagbag.py:536} INFO - Filling up the DagBag from /opt/airflow/dags/tasks/recsys_data_sync.py
[2025-11-17T19:15:56.098+0000] {processor.py:841} WARNING - No viable dags retrieved from /opt/airflow/dags/tasks/recsys_data_sync.py
[2025-11-17T19:15:56.108+0000] {processor.py:179} INFO - Processing /opt/airflow/dags/tasks/recsys_data_sync.py took 0.331 seconds
[2025-11-17T19:16:26.961+0000] {processor.py:157} INFO - Started process (PID=10522) to work on /opt/airflow/dags/tasks/recsys_data_sync.py
[2025-11-17T19:16:26.961+0000] {processor.py:829} INFO - Processing file /opt/airflow/dags/tasks/recsys_data_sync.py for tasks to queue
[2025-11-17T19:16:26.961+0000] {logging_mixin.py:154} INFO - [2025-11-17T19:16:26.961+0000] {dagbag.py:536} INFO - Filling up the DagBag from /opt/airflow/dags/tasks/recsys_data_sync.py
[2025-11-17T19:16:27.271+0000] {processor.py:841} WARNING - No viable dags retrieved from /opt/airflow/dags/tasks/recsys_data_sync.py
[2025-11-17T19:16:27.286+0000] {processor.py:179} INFO - Processing /opt/airflow/dags/tasks/recsys_data_sync.py took 0.328 seconds
[2025-11-17T19:16:58.270+0000] {processor.py:157} INFO - Started process (PID=10584) to work on /opt/airflow/dags/tasks/recsys_data_sync.py
[2025-11-17T19:16:58.271+0000] {processor.py:829} INFO - Processing file /opt/airflow/dags/tasks/recsys_data_sync.py for tasks to queue
[2025-11-17T19:16:58.272+0000] {logging_mixin.py:154} INFO - [2025-11-17T19:16:58.271+0000] {dagbag.py:536} INFO - Filling up the DagBag from /opt/airflow/dags/tasks/recsys_data_sync.py
[2025-11-17T19:16:58.588+0000] {processor.py:841} WARNING - No viable dags retrieved from /opt/airflow/dags/tasks/recsys_data_sync.py
[2025-11-17T19:16:58.599+0000] {processor.py:179} INFO - Processing /opt/airflow/dags/tasks/recsys_data_sync.py took 0.331 seconds
[2025-11-17T19:17:28.723+0000] {processor.py:157} INFO - Started process (PID=10649) to work on /opt/airflow/dags/tasks/recsys_data_sync.py
[2025-11-17T19:17:28.723+0000] {processor.py:829} INFO - Processing file /opt/airflow/dags/tasks/recsys_data_sync.py for tasks to queue
[2025-11-17T19:17:28.724+0000] {logging_mixin.py:154} INFO - [2025-11-17T19:17:28.724+0000] {dagbag.py:536} INFO - Filling up the DagBag from /opt/airflow/dags/tasks/recsys_data_sync.py
[2025-11-17T19:17:29.056+0000] {processor.py:841} WARNING - No viable dags retrieved from /opt/airflow/dags/tasks/recsys_data_sync.py
[2025-11-17T19:17:29.066+0000] {processor.py:179} INFO - Processing /opt/airflow/dags/tasks/recsys_data_sync.py took 0.345 seconds
[2025-11-17T19:18:00.085+0000] {processor.py:157} INFO - Started process (PID=10714) to work on /opt/airflow/dags/tasks/recsys_data_sync.py
[2025-11-17T19:18:00.086+0000] {processor.py:829} INFO - Processing file /opt/airflow/dags/tasks/recsys_data_sync.py for tasks to queue
[2025-11-17T19:18:00.086+0000] {logging_mixin.py:154} INFO - [2025-11-17T19:18:00.086+0000] {dagbag.py:536} INFO - Filling up the DagBag from /opt/airflow/dags/tasks/recsys_data_sync.py
[2025-11-17T19:18:00.437+0000] {processor.py:841} WARNING - No viable dags retrieved from /opt/airflow/dags/tasks/recsys_data_sync.py
[2025-11-17T19:18:00.449+0000] {processor.py:179} INFO - Processing /opt/airflow/dags/tasks/recsys_data_sync.py took 0.367 seconds
[2025-11-17T19:18:31.461+0000] {processor.py:157} INFO - Started process (PID=10772) to work on /opt/airflow/dags/tasks/recsys_data_sync.py
[2025-11-17T19:18:31.461+0000] {processor.py:829} INFO - Processing file /opt/airflow/dags/tasks/recsys_data_sync.py for tasks to queue
[2025-11-17T19:18:31.462+0000] {logging_mixin.py:154} INFO - [2025-11-17T19:18:31.462+0000] {dagbag.py:536} INFO - Filling up the DagBag from /opt/airflow/dags/tasks/recsys_data_sync.py
[2025-11-17T19:18:31.792+0000] {processor.py:841} WARNING - No viable dags retrieved from /opt/airflow/dags/tasks/recsys_data_sync.py
[2025-11-17T19:18:31.801+0000] {processor.py:179} INFO - Processing /opt/airflow/dags/tasks/recsys_data_sync.py took 0.343 seconds
[2025-11-17T19:19:02.359+0000] {processor.py:157} INFO - Started process (PID=10837) to work on /opt/airflow/dags/tasks/recsys_data_sync.py
[2025-11-17T19:19:02.360+0000] {processor.py:829} INFO - Processing file /opt/airflow/dags/tasks/recsys_data_sync.py for tasks to queue
[2025-11-17T19:19:02.360+0000] {logging_mixin.py:154} INFO - [2025-11-17T19:19:02.360+0000] {dagbag.py:536} INFO - Filling up the DagBag from /opt/airflow/dags/tasks/recsys_data_sync.py
[2025-11-17T19:19:02.662+0000] {processor.py:841} WARNING - No viable dags retrieved from /opt/airflow/dags/tasks/recsys_data_sync.py
[2025-11-17T19:19:02.672+0000] {processor.py:179} INFO - Processing /opt/airflow/dags/tasks/recsys_data_sync.py took 0.316 seconds
[2025-11-17T19:19:33.648+0000] {processor.py:157} INFO - Started process (PID=10902) to work on /opt/airflow/dags/tasks/recsys_data_sync.py
[2025-11-17T19:19:33.648+0000] {processor.py:829} INFO - Processing file /opt/airflow/dags/tasks/recsys_data_sync.py for tasks to queue
[2025-11-17T19:19:33.649+0000] {logging_mixin.py:154} INFO - [2025-11-17T19:19:33.649+0000] {dagbag.py:536} INFO - Filling up the DagBag from /opt/airflow/dags/tasks/recsys_data_sync.py
[2025-11-17T19:19:33.221+0000] {processor.py:841} WARNING - No viable dags retrieved from /opt/airflow/dags/tasks/recsys_data_sync.py
[2025-11-17T19:19:33.231+0000] {processor.py:179} INFO - Processing /opt/airflow/dags/tasks/recsys_data_sync.py took 0.325 seconds
[2025-11-17T19:20:03.340+0000] {processor.py:157} INFO - Started process (PID=10967) to work on /opt/airflow/dags/tasks/recsys_data_sync.py
[2025-11-17T19:20:03.341+0000] {processor.py:829} INFO - Processing file /opt/airflow/dags/tasks/recsys_data_sync.py for tasks to queue
[2025-11-17T19:20:03.341+0000] {logging_mixin.py:154} INFO - [2025-11-17T19:20:03.341+0000] {dagbag.py:536} INFO - Filling up the DagBag from /opt/airflow/dags/tasks/recsys_data_sync.py
[2025-11-17T19:20:03.652+0000] {processor.py:841} WARNING - No viable dags retrieved from /opt/airflow/dags/tasks/recsys_data_sync.py
[2025-11-17T19:20:03.661+0000] {processor.py:179} INFO - Processing /opt/airflow/dags/tasks/recsys_data_sync.py took 0.324 seconds
[2025-11-17T19:20:33.750+0000] {processor.py:157} INFO - Started process (PID=11032) to work on /opt/airflow/dags/tasks/recsys_data_sync.py
[2025-11-17T19:20:33.750+0000] {processor.py:829} INFO - Processing file /opt/airflow/dags/tasks/recsys_data_sync.py for tasks to queue
[2025-11-17T19:20:33.751+0000] {logging_mixin.py:154} INFO - [2025-11-17T19:20:33.751+0000] {dagbag.py:536} INFO - Filling up the DagBag from /opt/airflow/dags/tasks/recsys_data_sync.py
[2025-11-17T19:20:34.079+0000] {processor.py:841} WARNING - No viable dags retrieved from /opt/airflow/dags/tasks/recsys_data_sync.py
[2025-11-17T19:20:34.088+0000] {processor.py:179} INFO - Processing /opt/airflow/dags/tasks/recsys_data_sync.py took 0.341 seconds
[2025-11-17T19:21:04.202+0000] {processor.py:157} INFO - Started process (PID=11097) to work on /opt/airflow/dags/tasks/recsys_data_sync.py
[2025-11-17T19:21:04.202+0000] {processor.py:829} INFO - Processing file /opt/airflow/dags/tasks/recsys_data_sync.py for tasks to queue
[2025-11-17T19:21:04.203+0000] {logging_mixin.py:154} INFO - [2025-11-17T19:21:04.203+0000] {dagbag.py:536} INFO - Filling up the DagBag from /opt/airflow/dags/tasks/recsys_data_sync.py
[2025-11-17T19:21:04.511+0000] {processor.py:841} WARNING - No viable dags retrieved from /opt/airflow/dags/tasks/recsys_data_sync.py
[2025-11-17T19:21:04.520+0000] {processor.py:179} INFO - Processing /opt/airflow/dags/tasks/recsys_data_sync.py took 0.321 seconds
[2025-11-17T19:21:35.097+0000] {processor.py:157} INFO - Started process (PID=11155) to work on /opt/airflow/dags/tasks/recsys_data_sync.py
[2025-11-17T19:21:35.098+0000] {processor.py:829} INFO - Processing file /opt/airflow/dags/tasks/recsys_data_sync.py for tasks to queue
[2025-11-17T19:21:35.098+0000] {logging_mixin.py:154} INFO - [2025-11-17T19:21:35.098+0000] {dagbag.py:536} INFO - Filling up the DagBag from /opt/airflow/dags/tasks/recsys_data_sync.py
[2025-11-17T19:21:35.428+0000] {processor.py:841} WARNING - No viable dags retrieved from /opt/airflow/dags/tasks/recsys_data_sync.py
[2025-11-17T19:21:35.438+0000] {processor.py:179} INFO - Processing /opt/airflow/dags/tasks/recsys_data_sync.py took 0.343 seconds
[2025-11-17T19:22:05.498+0000] {processor.py:157} INFO - Started process (PID=11220) to work on /opt/airflow/dags/tasks/recsys_data_sync.py
[2025-11-17T19:22:05.499+0000] {processor.py:829} INFO - Processing file /opt/airflow/dags/tasks/recsys_data_sync.py for tasks to queue
[2025-11-17T19:22:05.499+0000] {logging_mixin.py:154} INFO - [2025-11-17T19:22:05.499+0000] {dagbag.py:536} INFO - Filling up the DagBag from /opt/airflow/dags/tasks/recsys_data_sync.py
[2025-11-17T19:22:05.818+0000] {processor.py:841} WARNING - No viable dags retrieved from /opt/airflow/dags/tasks/recsys_data_sync.py
[2025-11-17T19:22:05.829+0000] {processor.py:179} INFO - Processing /opt/airflow/dags/tasks/recsys_data_sync.py took 0.334 seconds
[2025-11-17T19:22:36.426+0000] {processor.py:157} INFO - Started process (PID=11285) to work on /opt/airflow/dags/tasks/recsys_data_sync.py
[2025-11-17T19:22:36.427+0000] {processor.py:829} INFO - Processing file /opt/airflow/dags/tasks/recsys_data_sync.py for tasks to queue
[2025-11-17T19:22:36.427+0000] {logging_mixin.py:154} INFO - [2025-11-17T19:22:36.427+0000] {dagbag.py:536} INFO - Filling up the DagBag from /opt/airflow/dags/tasks/recsys_data_sync.py
[2025-11-17T19:22:36.748+0000] {processor.py:841} WARNING - No viable dags retrieved from /opt/airflow/dags/tasks/recsys_data_sync.py
[2025-11-17T19:22:36.759+0000] {processor.py:179} INFO - Processing /opt/airflow/dags/tasks/recsys_data_sync.py took 0.336 seconds
[2025-11-17T19:23:07.295+0000] {processor.py:157} INFO - Started process (PID=11350) to work on /opt/airflow/dags/tasks/recsys_data_sync.py
[2025-11-17T19:23:07.296+0000] {processor.py:829} INFO - Processing file /opt/airflow/dags/tasks/recsys_data_sync.py for tasks to queue
[2025-11-17T19:23:07.297+0000] {logging_mixin.py:154} INFO - [2025-11-17T19:23:07.297+0000] {dagbag.py:536} INFO - Filling up the DagBag from /opt/airflow/dags/tasks/recsys_data_sync.py
[2025-11-17T19:23:07.611+0000] {processor.py:841} WARNING - No viable dags retrieved from /opt/airflow/dags/tasks/recsys_data_sync.py
[2025-11-17T19:23:07.621+0000] {processor.py:179} INFO - Processing /opt/airflow/dags/tasks/recsys_data_sync.py took 0.328 seconds
[2025-11-17T19:23:37.742+0000] {processor.py:157} INFO - Started process (PID=11415) to work on /opt/airflow/dags/tasks/recsys_data_sync.py
[2025-11-17T19:23:37.742+0000] {processor.py:829} INFO - Processing file /opt/airflow/dags/tasks/recsys_data_sync.py for tasks to queue
[2025-11-17T19:23:37.743+0000] {logging_mixin.py:154} INFO - [2025-11-17T19:23:37.742+0000] {dagbag.py:536} INFO - Filling up the DagBag from /opt/airflow/dags/tasks/recsys_data_sync.py
[2025-11-17T19:23:38.111+0000] {processor.py:841} WARNING - No viable dags retrieved from /opt/airflow/dags/tasks/recsys_data_sync.py
[2025-11-17T19:23:38.122+0000] {processor.py:179} INFO - Processing /opt/airflow/dags/tasks/recsys_data_sync.py took 0.383 seconds
[2025-11-17T19:24:08.676+0000] {processor.py:157} INFO - Started process (PID=11480) to work on /opt/airflow/dags/tasks/recsys_data_sync.py
[2025-11-17T19:24:08.677+0000] {processor.py:829} INFO - Processing file /opt/airflow/dags/tasks/recsys_data_sync.py for tasks to queue
[2025-11-17T19:24:08.677+0000] {logging_mixin.py:154} INFO - [2025-11-17T19:24:08.677+0000] {dagbag.py:536} INFO - Filling up the DagBag from /opt/airflow/dags/tasks/recsys_data_sync.py
[2025-11-17T19:24:09.015+0000] {processor.py:841} WARNING - No viable dags retrieved from /opt/airflow/dags/tasks/recsys_data_sync.py
[2025-11-17T19:24:09.025+0000] {processor.py:179} INFO - Processing /opt/airflow/dags/tasks/recsys_data_sync.py took 0.352 seconds
[2025-11-17T19:24:39.572+0000] {processor.py:157} INFO - Started process (PID=11538) to work on /opt/airflow/dags/tasks/recsys_data_sync.py
[2025-11-17T19:24:39.573+0000] {processor.py:829} INFO - Processing file /opt/airflow/dags/tasks/recsys_data_sync.py for tasks to queue
[2025-11-17T19:24:39.573+0000] {logging_mixin.py:154} INFO - [2025-11-17T19:24:39.573+0000] {dagbag.py:536} INFO - Filling up the DagBag from /opt/airflow/dags/tasks/recsys_data_sync.py
[2025-11-17T19:24:39.891+0000] {processor.py:841} WARNING - No viable dags retrieved from /opt/airflow/dags/tasks/recsys_data_sync.py
[2025-11-17T19:24:39.900+0000] {processor.py:179} INFO - Processing /opt/airflow/dags/tasks/recsys_data_sync.py took 0.331 seconds
[2025-11-17T19:25:09.989+0000] {processor.py:157} INFO - Started process (PID=11603) to work on /opt/airflow/dags/tasks/recsys_data_sync.py
[2025-11-17T19:25:09.989+0000] {processor.py:829} INFO - Processing file /opt/airflow/dags/tasks/recsys_data_sync.py for tasks to queue
[2025-11-17T19:25:09.990+0000] {logging_mixin.py:154} INFO - [2025-11-17T19:25:09.990+0000] {dagbag.py:536} INFO - Filling up the DagBag from /opt/airflow/dags/tasks/recsys_data_sync.py
[2025-11-17T19:25:10.469+0000] {processor.py:841} WARNING - No viable dags retrieved from /opt/airflow/dags/tasks/recsys_data_sync.py
[2025-11-17T19:25:10.491+0000] {processor.py:179} INFO - Processing /opt/airflow/dags/tasks/recsys_data_sync.py took 0.505 seconds
[2025-11-17T19:25:40.749+0000] {processor.py:157} INFO - Started process (PID=11667) to work on /opt/airflow/dags/tasks/recsys_data_sync.py
[2025-11-17T19:25:40.749+0000] {processor.py:829} INFO - Processing file /opt/airflow/dags/tasks/recsys_data_sync.py for tasks to queue
[2025-11-17T19:25:40.750+0000] {logging_mixin.py:154} INFO - [2025-11-17T19:25:40.750+0000] {dagbag.py:536} INFO - Filling up the DagBag from /opt/airflow/dags/tasks/recsys_data_sync.py
[2025-11-17T19:25:41.061+0000] {processor.py:841} WARNING - No viable dags retrieved from /opt/airflow/dags/tasks/recsys_data_sync.py
[2025-11-17T19:25:41.071+0000] {processor.py:179} INFO - Processing /opt/airflow/dags/tasks/recsys_data_sync.py took 0.325 seconds
[2025-11-17T19:26:11.476+0000] {processor.py:157} INFO - Started process (PID=11732) to work on /opt/airflow/dags/tasks/recsys_data_sync.py
[2025-11-17T19:26:11.476+0000] {processor.py:829} INFO - Processing file /opt/airflow/dags/tasks/recsys_data_sync.py for tasks to queue
[2025-11-17T19:26:11.477+0000] {logging_mixin.py:154} INFO - [2025-11-17T19:26:11.476+0000] {dagbag.py:536} INFO - Filling up the DagBag from /opt/airflow/dags/tasks/recsys_data_sync.py
[2025-11-17T19:26:11.809+0000] {processor.py:841} WARNING - No viable dags retrieved from /opt/airflow/dags/tasks/recsys_data_sync.py
[2025-11-17T19:26:11.819+0000] {processor.py:179} INFO - Processing /opt/airflow/dags/tasks/recsys_data_sync.py took 0.346 seconds
[2025-11-17T19:26:41.868+0000] {processor.py:157} INFO - Started process (PID=11797) to work on /opt/airflow/dags/tasks/recsys_data_sync.py
[2025-11-17T19:26:41.870+0000] {processor.py:829} INFO - Processing file /opt/airflow/dags/tasks/recsys_data_sync.py for tasks to queue
[2025-11-17T19:26:41.870+0000] {logging_mixin.py:154} INFO - [2025-11-17T19:26:41.870+0000] {dagbag.py:536} INFO - Filling up the DagBag from /opt/airflow/dags/tasks/recsys_data_sync.py
[2025-11-17T19:26:42.178+0000] {processor.py:841} WARNING - No viable dags retrieved from /opt/airflow/dags/tasks/recsys_data_sync.py
[2025-11-17T19:26:42.187+0000] {processor.py:179} INFO - Processing /opt/airflow/dags/tasks/recsys_data_sync.py took 0.323 seconds
[2025-11-17T19:27:12.294+0000] {processor.py:157} INFO - Started process (PID=11862) to work on /opt/airflow/dags/tasks/recsys_data_sync.py
[2025-11-17T19:27:12.295+0000] {processor.py:829} INFO - Processing file /opt/airflow/dags/tasks/recsys_data_sync.py for tasks to queue
[2025-11-17T19:27:12.295+0000] {logging_mixin.py:154} INFO - [2025-11-17T19:27:12.295+0000] {dagbag.py:536} INFO - Filling up the DagBag from /opt/airflow/dags/tasks/recsys_data_sync.py
[2025-11-17T19:27:12.613+0000] {processor.py:841} WARNING - No viable dags retrieved from /opt/airflow/dags/tasks/recsys_data_sync.py
[2025-11-17T19:27:12.623+0000] {processor.py:179} INFO - Processing /opt/airflow/dags/tasks/recsys_data_sync.py took 0.332 seconds
[2025-11-17T19:27:43.163+0000] {processor.py:157} INFO - Started process (PID=11918) to work on /opt/airflow/dags/tasks/recsys_data_sync.py
[2025-11-17T19:27:43.163+0000] {processor.py:829} INFO - Processing file /opt/airflow/dags/tasks/recsys_data_sync.py for tasks to queue
[2025-11-17T19:27:43.164+0000] {logging_mixin.py:154} INFO - [2025-11-17T19:27:43.164+0000] {dagbag.py:536} INFO - Filling up the DagBag from /opt/airflow/dags/tasks/recsys_data_sync.py
[2025-11-17T19:27:43.563+0000] {processor.py:841} WARNING - No viable dags retrieved from /opt/airflow/dags/tasks/recsys_data_sync.py
[2025-11-17T19:27:43.572+0000] {processor.py:179} INFO - Processing /opt/airflow/dags/tasks/recsys_data_sync.py took 0.412 seconds
[2025-11-17T19:28:14.311+0000] {processor.py:157} INFO - Started process (PID=11971) to work on /opt/airflow/dags/tasks/recsys_data_sync.py
[2025-11-17T19:28:14.312+0000] {processor.py:829} INFO - Processing file /opt/airflow/dags/tasks/recsys_data_sync.py for tasks to queue
[2025-11-17T19:28:14.312+0000] {logging_mixin.py:154} INFO - [2025-11-17T19:28:14.312+0000] {dagbag.py:536} INFO - Filling up the DagBag from /opt/airflow/dags/tasks/recsys_data_sync.py
[2025-11-17T19:28:14.734+0000] {processor.py:841} WARNING - No viable dags retrieved from /opt/airflow/dags/tasks/recsys_data_sync.py
[2025-11-17T19:28:14.747+0000] {processor.py:179} INFO - Processing /opt/airflow/dags/tasks/recsys_data_sync.py took 0.440 seconds
[2025-11-17T19:28:44.822+0000] {processor.py:157} INFO - Started process (PID=12033) to work on /opt/airflow/dags/tasks/recsys_data_sync.py
[2025-11-17T19:28:44.823+0000] {processor.py:829} INFO - Processing file /opt/airflow/dags/tasks/recsys_data_sync.py for tasks to queue
[2025-11-17T19:28:44.823+0000] {logging_mixin.py:154} INFO - [2025-11-17T19:28:44.823+0000] {dagbag.py:536} INFO - Filling up the DagBag from /opt/airflow/dags/tasks/recsys_data_sync.py
[2025-11-17T19:28:45.145+0000] {processor.py:841} WARNING - No viable dags retrieved from /opt/airflow/dags/tasks/recsys_data_sync.py
[2025-11-17T19:28:45.155+0000] {processor.py:179} INFO - Processing /opt/airflow/dags/tasks/recsys_data_sync.py took 0.335 seconds
[2025-11-17T19:29:15.413+0000] {processor.py:157} INFO - Started process (PID=12098) to work on /opt/airflow/dags/tasks/recsys_data_sync.py
[2025-11-17T19:29:15.415+0000] {processor.py:829} INFO - Processing file /opt/airflow/dags/tasks/recsys_data_sync.py for tasks to queue
[2025-11-17T19:29:15.415+0000] {logging_mixin.py:154} INFO - [2025-11-17T19:29:15.415+0000] {dagbag.py:536} INFO - Filling up the DagBag from /opt/airflow/dags/tasks/recsys_data_sync.py
[2025-11-17T19:29:15.745+0000] {processor.py:841} WARNING - No viable dags retrieved from /opt/airflow/dags/tasks/recsys_data_sync.py
[2025-11-17T19:29:15.754+0000] {processor.py:179} INFO - Processing /opt/airflow/dags/tasks/recsys_data_sync.py took 0.344 seconds
[2025-11-17T19:29:46.055+0000] {processor.py:157} INFO - Started process (PID=12156) to work on /opt/airflow/dags/tasks/recsys_data_sync.py
[2025-11-17T19:29:46.055+0000] {processor.py:829} INFO - Processing file /opt/airflow/dags/tasks/recsys_data_sync.py for tasks to queue
[2025-11-17T19:29:46.056+0000] {logging_mixin.py:154} INFO - [2025-11-17T19:29:46.056+0000] {dagbag.py:536} INFO - Filling up the DagBag from /opt/airflow/dags/tasks/recsys_data_sync.py
[2025-11-17T19:29:46.362+0000] {processor.py:841} WARNING - No viable dags retrieved from /opt/airflow/dags/tasks/recsys_data_sync.py
[2025-11-17T19:29:46.371+0000] {processor.py:179} INFO - Processing /opt/airflow/dags/tasks/recsys_data_sync.py took 0.320 seconds
[2025-11-17T19:30:17.167+0000] {processor.py:157} INFO - Started process (PID=12221) to work on /opt/airflow/dags/tasks/recsys_data_sync.py
[2025-11-17T19:30:17.169+0000] {processor.py:829} INFO - Processing file /opt/airflow/dags/tasks/recsys_data_sync.py for tasks to queue
[2025-11-17T19:30:17.170+0000] {logging_mixin.py:154} INFO - [2025-11-17T19:30:17.169+0000] {dagbag.py:536} INFO - Filling up the DagBag from /opt/airflow/dags/tasks/recsys_data_sync.py
[2025-11-17T19:30:17.504+0000] {processor.py:841} WARNING - No viable dags retrieved from /opt/airflow/dags/tasks/recsys_data_sync.py
[2025-11-17T19:30:17.513+0000] {processor.py:179} INFO - Processing /opt/airflow/dags/tasks/recsys_data_sync.py took 0.350 seconds
[2025-11-17T19:30:47.579+0000] {processor.py:157} INFO - Started process (PID=12286) to work on /opt/airflow/dags/tasks/recsys_data_sync.py
[2025-11-17T19:30:47.581+0000] {processor.py:829} INFO - Processing file /opt/airflow/dags/tasks/recsys_data_sync.py for tasks to queue
[2025-11-17T19:30:47.582+0000] {logging_mixin.py:154} INFO - [2025-11-17T19:30:47.582+0000] {dagbag.py:536} INFO - Filling up the DagBag from /opt/airflow/dags/tasks/recsys_data_sync.py
[2025-11-17T19:30:47.874+0000] {processor.py:841} WARNING - No viable dags retrieved from /opt/airflow/dags/tasks/recsys_data_sync.py
[2025-11-17T19:30:47.884+0000] {processor.py:179} INFO - Processing /opt/airflow/dags/tasks/recsys_data_sync.py took 0.307 seconds
[2025-11-17T19:31:18.820+0000] {processor.py:157} INFO - Started process (PID=12356) to work on /opt/airflow/dags/tasks/recsys_data_sync.py
[2025-11-17T19:31:18.821+0000] {processor.py:829} INFO - Processing file /opt/airflow/dags/tasks/recsys_data_sync.py for tasks to queue
[2025-11-17T19:31:18.824+0000] {logging_mixin.py:154} INFO - [2025-11-17T19:31:18.823+0000] {dagbag.py:536} INFO - Filling up the DagBag from /opt/airflow/dags/tasks/recsys_data_sync.py
[2025-11-17T19:31:19.176+0000] {processor.py:841} WARNING - No viable dags retrieved from /opt/airflow/dags/tasks/recsys_data_sync.py
[2025-11-17T19:31:19.186+0000] {processor.py:179} INFO - Processing /opt/airflow/dags/tasks/recsys_data_sync.py took 0.370 seconds
[2025-11-17T19:31:49.227+0000] {processor.py:157} INFO - Started process (PID=12421) to work on /opt/airflow/dags/tasks/recsys_data_sync.py
[2025-11-17T19:31:49.227+0000] {processor.py:829} INFO - Processing file /opt/airflow/dags/tasks/recsys_data_sync.py for tasks to queue
[2025-11-17T19:31:49.228+0000] {logging_mixin.py:154} INFO - [2025-11-17T19:31:49.228+0000] {dagbag.py:536} INFO - Filling up the DagBag from /opt/airflow/dags/tasks/recsys_data_sync.py
[2025-11-17T19:31:49.606+0000] {processor.py:841} WARNING - No viable dags retrieved from /opt/airflow/dags/tasks/recsys_data_sync.py
[2025-11-17T19:31:49.618+0000] {processor.py:179} INFO - Processing /opt/airflow/dags/tasks/recsys_data_sync.py took 0.394 seconds
[2025-11-17T19:32:20.102+0000] {processor.py:157} INFO - Started process (PID=12486) to work on /opt/airflow/dags/tasks/recsys_data_sync.py
[2025-11-17T19:32:20.103+0000] {processor.py:829} INFO - Processing file /opt/airflow/dags/tasks/recsys_data_sync.py for tasks to queue
[2025-11-17T19:32:20.103+0000] {logging_mixin.py:154} INFO - [2025-11-17T19:32:20.103+0000] {dagbag.py:536} INFO - Filling up the DagBag from /opt/airflow/dags/tasks/recsys_data_sync.py
[2025-11-17T19:32:20.469+0000] {processor.py:841} WARNING - No viable dags retrieved from /opt/airflow/dags/tasks/recsys_data_sync.py
[2025-11-17T19:32:20.478+0000] {processor.py:179} INFO - Processing /opt/airflow/dags/tasks/recsys_data_sync.py took 0.378 seconds
[2025-11-17T19:32:50.574+0000] {processor.py:157} INFO - Started process (PID=12544) to work on /opt/airflow/dags/tasks/recsys_data_sync.py
[2025-11-17T19:32:50.575+0000] {processor.py:829} INFO - Processing file /opt/airflow/dags/tasks/recsys_data_sync.py for tasks to queue
[2025-11-17T19:32:50.576+0000] {logging_mixin.py:154} INFO - [2025-11-17T19:32:50.575+0000] {dagbag.py:536} INFO - Filling up the DagBag from /opt/airflow/dags/tasks/recsys_data_sync.py
[2025-11-17T19:32:50.880+0000] {processor.py:841} WARNING - No viable dags retrieved from /opt/airflow/dags/tasks/recsys_data_sync.py
[2025-11-17T19:32:50.889+0000] {processor.py:179} INFO - Processing /opt/airflow/dags/tasks/recsys_data_sync.py took 0.317 seconds
[2025-11-17T19:33:21.104+0000] {processor.py:157} INFO - Started process (PID=12609) to work on /opt/airflow/dags/tasks/recsys_data_sync.py
[2025-11-17T19:33:21.104+0000] {processor.py:829} INFO - Processing file /opt/airflow/dags/tasks/recsys_data_sync.py for tasks to queue
[2025-11-17T19:33:21.105+0000] {logging_mixin.py:154} INFO - [2025-11-17T19:33:21.105+0000] {dagbag.py:536} INFO - Filling up the DagBag from /opt/airflow/dags/tasks/recsys_data_sync.py
[2025-11-17T19:33:21.420+0000] {processor.py:841} WARNING - No viable dags retrieved from /opt/airflow/dags/tasks/recsys_data_sync.py
[2025-11-17T19:33:21.429+0000] {processor.py:179} INFO - Processing /opt/airflow/dags/tasks/recsys_data_sync.py took 0.328 seconds
[2025-11-17T19:33:51.642+0000] {processor.py:157} INFO - Started process (PID=12674) to work on /opt/airflow/dags/tasks/recsys_data_sync.py
[2025-11-17T19:33:51.643+0000] {processor.py:829} INFO - Processing file /opt/airflow/dags/tasks/recsys_data_sync.py for tasks to queue
[2025-11-17T19:33:51.643+0000] {logging_mixin.py:154} INFO - [2025-11-17T19:33:51.643+0000] {dagbag.py:536} INFO - Filling up the DagBag from /opt/airflow/dags/tasks/recsys_data_sync.py
[2025-11-17T19:33:51.942+0000] {processor.py:841} WARNING - No viable dags retrieved from /opt/airflow/dags/tasks/recsys_data_sync.py
[2025-11-17T19:33:51.951+0000] {processor.py:179} INFO - Processing /opt/airflow/dags/tasks/recsys_data_sync.py took 0.313 seconds
[2025-11-17T19:34:22.766+0000] {processor.py:157} INFO - Started process (PID=12739) to work on /opt/airflow/dags/tasks/recsys_data_sync.py
[2025-11-17T19:34:22.767+0000] {processor.py:829} INFO - Processing file /opt/airflow/dags/tasks/recsys_data_sync.py for tasks to queue
[2025-11-17T19:34:22.767+0000] {logging_mixin.py:154} INFO - [2025-11-17T19:34:22.767+0000] {dagbag.py:536} INFO - Filling up the DagBag from /opt/airflow/dags/tasks/recsys_data_sync.py
[2025-11-17T19:34:23.076+0000] {processor.py:841} WARNING - No viable dags retrieved from /opt/airflow/dags/tasks/recsys_data_sync.py
[2025-11-17T19:34:23.087+0000] {processor.py:179} INFO - Processing /opt/airflow/dags/tasks/recsys_data_sync.py took 0.323 seconds
[2025-11-17T19:34:53.298+0000] {processor.py:157} INFO - Started process (PID=12804) to work on /opt/airflow/dags/tasks/recsys_data_sync.py
[2025-11-17T19:34:53.299+0000] {processor.py:829} INFO - Processing file /opt/airflow/dags/tasks/recsys_data_sync.py for tasks to queue
[2025-11-17T19:34:53.300+0000] {logging_mixin.py:154} INFO - [2025-11-17T19:34:53.299+0000] {dagbag.py:536} INFO - Filling up the DagBag from /opt/airflow/dags/tasks/recsys_data_sync.py
[2025-11-17T19:34:53.608+0000] {processor.py:841} WARNING - No viable dags retrieved from /opt/airflow/dags/tasks/recsys_data_sync.py
[2025-11-17T19:34:53.618+0000] {processor.py:179} INFO - Processing /opt/airflow/dags/tasks/recsys_data_sync.py took 0.323 seconds
[2025-11-17T19:35:23.807+0000] {processor.py:157} INFO - Started process (PID=12869) to work on /opt/airflow/dags/tasks/recsys_data_sync.py
[2025-11-17T19:35:23.807+0000] {processor.py:829} INFO - Processing file /opt/airflow/dags/tasks/recsys_data_sync.py for tasks to queue
[2025-11-17T19:35:23.808+0000] {logging_mixin.py:154} INFO - [2025-11-17T19:35:23.808+0000] {dagbag.py:536} INFO - Filling up the DagBag from /opt/airflow/dags/tasks/recsys_data_sync.py
[2025-11-17T19:35:24.121+0000] {processor.py:841} WARNING - No viable dags retrieved from /opt/airflow/dags/tasks/recsys_data_sync.py
[2025-11-17T19:35:24.132+0000] {processor.py:179} INFO - Processing /opt/airflow/dags/tasks/recsys_data_sync.py took 0.328 seconds
[2025-11-17T19:35:55.056+0000] {processor.py:157} INFO - Started process (PID=12927) to work on /opt/airflow/dags/tasks/recsys_data_sync.py
[2025-11-17T19:35:55.057+0000] {processor.py:829} INFO - Processing file /opt/airflow/dags/tasks/recsys_data_sync.py for tasks to queue
[2025-11-17T19:35:55.058+0000] {logging_mixin.py:154} INFO - [2025-11-17T19:35:55.057+0000] {dagbag.py:536} INFO - Filling up the DagBag from /opt/airflow/dags/tasks/recsys_data_sync.py
[2025-11-17T19:35:55.227+0000] {processor.py:841} WARNING - No viable dags retrieved from /opt/airflow/dags/tasks/recsys_data_sync.py
[2025-11-17T19:35:55.240+0000] {processor.py:179} INFO - Processing /opt/airflow/dags/tasks/recsys_data_sync.py took 0.187 seconds
[2025-11-17T19:36:26.127+0000] {processor.py:157} INFO - Started process (PID=12992) to work on /opt/airflow/dags/tasks/recsys_data_sync.py
[2025-11-17T19:36:26.128+0000] {processor.py:829} INFO - Processing file /opt/airflow/dags/tasks/recsys_data_sync.py for tasks to queue
[2025-11-17T19:36:26.128+0000] {logging_mixin.py:154} INFO - [2025-11-17T19:36:26.128+0000] {dagbag.py:536} INFO - Filling up the DagBag from /opt/airflow/dags/tasks/recsys_data_sync.py
[2025-11-17T19:36:26.307+0000] {processor.py:841} WARNING - No viable dags retrieved from /opt/airflow/dags/tasks/recsys_data_sync.py
[2025-11-17T19:36:26.319+0000] {processor.py:179} INFO - Processing /opt/airflow/dags/tasks/recsys_data_sync.py took 0.194 seconds
[2025-11-17T19:36:57.238+0000] {processor.py:157} INFO - Started process (PID=13057) to work on /opt/airflow/dags/tasks/recsys_data_sync.py
[2025-11-17T19:36:57.239+0000] {processor.py:829} INFO - Processing file /opt/airflow/dags/tasks/recsys_data_sync.py for tasks to queue
[2025-11-17T19:36:57.240+0000] {logging_mixin.py:154} INFO - [2025-11-17T19:36:57.240+0000] {dagbag.py:536} INFO - Filling up the DagBag from /opt/airflow/dags/tasks/recsys_data_sync.py
[2025-11-17T19:36:57.433+0000] {processor.py:841} WARNING - No viable dags retrieved from /opt/airflow/dags/tasks/recsys_data_sync.py
[2025-11-17T19:36:57.447+0000] {processor.py:179} INFO - Processing /opt/airflow/dags/tasks/recsys_data_sync.py took 0.211 seconds
[2025-11-17T19:37:27.485+0000] {processor.py:157} INFO - Started process (PID=13122) to work on /opt/airflow/dags/tasks/recsys_data_sync.py
[2025-11-17T19:37:27.485+0000] {processor.py:829} INFO - Processing file /opt/airflow/dags/tasks/recsys_data_sync.py for tasks to queue
[2025-11-17T19:37:27.486+0000] {logging_mixin.py:154} INFO - [2025-11-17T19:37:27.485+0000] {dagbag.py:536} INFO - Filling up the DagBag from /opt/airflow/dags/tasks/recsys_data_sync.py
[2025-11-17T19:37:27.666+0000] {processor.py:841} WARNING - No viable dags retrieved from /opt/airflow/dags/tasks/recsys_data_sync.py
[2025-11-17T19:37:27.677+0000] {processor.py:179} INFO - Processing /opt/airflow/dags/tasks/recsys_data_sync.py took 0.195 seconds
[2025-11-17T19:37:57.730+0000] {processor.py:157} INFO - Started process (PID=13187) to work on /opt/airflow/dags/tasks/recsys_data_sync.py
[2025-11-17T19:37:57.731+0000] {processor.py:829} INFO - Processing file /opt/airflow/dags/tasks/recsys_data_sync.py for tasks to queue
[2025-11-17T19:37:57.732+0000] {logging_mixin.py:154} INFO - [2025-11-17T19:37:57.731+0000] {dagbag.py:536} INFO - Filling up the DagBag from /opt/airflow/dags/tasks/recsys_data_sync.py
[2025-11-17T19:37:57.947+0000] {processor.py:841} WARNING - No viable dags retrieved from /opt/airflow/dags/tasks/recsys_data_sync.py
[2025-11-17T19:37:57.959+0000] {processor.py:179} INFO - Processing /opt/airflow/dags/tasks/recsys_data_sync.py took 0.231 seconds
[2025-11-17T19:38:28.337+0000] {processor.py:157} INFO - Started process (PID=13252) to work on /opt/airflow/dags/tasks/recsys_data_sync.py
[2025-11-17T19:38:28.338+0000] {processor.py:829} INFO - Processing file /opt/airflow/dags/tasks/recsys_data_sync.py for tasks to queue
[2025-11-17T19:38:28.338+0000] {logging_mixin.py:154} INFO - [2025-11-17T19:38:28.338+0000] {dagbag.py:536} INFO - Filling up the DagBag from /opt/airflow/dags/tasks/recsys_data_sync.py
[2025-11-17T19:38:28.538+0000] {processor.py:841} WARNING - No viable dags retrieved from /opt/airflow/dags/tasks/recsys_data_sync.py
[2025-11-17T19:38:28.552+0000] {processor.py:179} INFO - Processing /opt/airflow/dags/tasks/recsys_data_sync.py took 0.218 seconds
[2025-11-17T19:38:58.609+0000] {processor.py:157} INFO - Started process (PID=13310) to work on /opt/airflow/dags/tasks/recsys_data_sync.py
[2025-11-17T19:38:58.609+0000] {processor.py:829} INFO - Processing file /opt/airflow/dags/tasks/recsys_data_sync.py for tasks to queue
[2025-11-17T19:38:58.610+0000] {logging_mixin.py:154} INFO - [2025-11-17T19:38:58.610+0000] {dagbag.py:536} INFO - Filling up the DagBag from /opt/airflow/dags/tasks/recsys_data_sync.py
[2025-11-17T19:38:58.803+0000] {processor.py:841} WARNING - No viable dags retrieved from /opt/airflow/dags/tasks/recsys_data_sync.py
[2025-11-17T19:38:58.816+0000] {processor.py:179} INFO - Processing /opt/airflow/dags/tasks/recsys_data_sync.py took 0.210 seconds
[2025-11-17T19:39:29.373+0000] {processor.py:157} INFO - Started process (PID=13376) to work on /opt/airflow/dags/tasks/recsys_data_sync.py
[2025-11-17T19:39:29.374+0000] {processor.py:829} INFO - Processing file /opt/airflow/dags/tasks/recsys_data_sync.py for tasks to queue
[2025-11-17T19:39:29.374+0000] {logging_mixin.py:154} INFO - [2025-11-17T19:39:29.374+0000] {dagbag.py:536} INFO - Filling up the DagBag from /opt/airflow/dags/tasks/recsys_data_sync.py
[2025-11-17T19:39:29.579+0000] {processor.py:841} WARNING - No viable dags retrieved from /opt/airflow/dags/tasks/recsys_data_sync.py
[2025-11-17T19:39:29.597+0000] {processor.py:179} INFO - Processing /opt/airflow/dags/tasks/recsys_data_sync.py took 0.227 seconds
[2025-11-17T19:39:59.718+0000] {processor.py:157} INFO - Started process (PID=13441) to work on /opt/airflow/dags/tasks/recsys_data_sync.py
[2025-11-17T19:39:59.719+0000] {processor.py:829} INFO - Processing file /opt/airflow/dags/tasks/recsys_data_sync.py for tasks to queue
[2025-11-17T19:39:59.719+0000] {logging_mixin.py:154} INFO - [2025-11-17T19:39:59.719+0000] {dagbag.py:536} INFO - Filling up the DagBag from /opt/airflow/dags/tasks/recsys_data_sync.py
[2025-11-17T19:39:59.907+0000] {processor.py:841} WARNING - No viable dags retrieved from /opt/airflow/dags/tasks/recsys_data_sync.py
[2025-11-17T19:39:59.919+0000] {processor.py:179} INFO - Processing /opt/airflow/dags/tasks/recsys_data_sync.py took 0.204 seconds
[2025-11-17T19:40:30.466+0000] {processor.py:157} INFO - Started process (PID=13505) to work on /opt/airflow/dags/tasks/recsys_data_sync.py
[2025-11-17T19:40:30.467+0000] {processor.py:829} INFO - Processing file /opt/airflow/dags/tasks/recsys_data_sync.py for tasks to queue
[2025-11-17T19:40:30.467+0000] {logging_mixin.py:154} INFO - [2025-11-17T19:40:30.467+0000] {dagbag.py:536} INFO - Filling up the DagBag from /opt/airflow/dags/tasks/recsys_data_sync.py
[2025-11-17T19:40:30.656+0000] {processor.py:841} WARNING - No viable dags retrieved from /opt/airflow/dags/tasks/recsys_data_sync.py
[2025-11-17T19:40:30.667+0000] {processor.py:179} INFO - Processing /opt/airflow/dags/tasks/recsys_data_sync.py took 0.205 seconds
[2025-11-17T19:41:01.458+0000] {processor.py:157} INFO - Started process (PID=13558) to work on /opt/airflow/dags/tasks/recsys_data_sync.py
[2025-11-17T19:41:01.458+0000] {processor.py:829} INFO - Processing file /opt/airflow/dags/tasks/recsys_data_sync.py for tasks to queue
[2025-11-17T19:41:01.459+0000] {logging_mixin.py:154} INFO - [2025-11-17T19:41:01.459+0000] {dagbag.py:536} INFO - Filling up the DagBag from /opt/airflow/dags/tasks/recsys_data_sync.py
[2025-11-17T19:41:01.642+0000] {processor.py:841} WARNING - No viable dags retrieved from /opt/airflow/dags/tasks/recsys_data_sync.py
[2025-11-17T19:41:01.655+0000] {processor.py:179} INFO - Processing /opt/airflow/dags/tasks/recsys_data_sync.py took 0.200 seconds
[2025-11-17T19:41:32.461+0000] {processor.py:157} INFO - Started process (PID=13613) to work on /opt/airflow/dags/tasks/recsys_data_sync.py
[2025-11-17T19:41:32.465+0000] {processor.py:829} INFO - Processing file /opt/airflow/dags/tasks/recsys_data_sync.py for tasks to queue
[2025-11-17T19:41:32.466+0000] {logging_mixin.py:154} INFO - [2025-11-17T19:41:32.466+0000] {dagbag.py:536} INFO - Filling up the DagBag from /opt/airflow/dags/tasks/recsys_data_sync.py
[2025-11-17T19:41:32.647+0000] {processor.py:841} WARNING - No viable dags retrieved from /opt/airflow/dags/tasks/recsys_data_sync.py
[2025-11-17T19:41:32.660+0000] {processor.py:179} INFO - Processing /opt/airflow/dags/tasks/recsys_data_sync.py took 0.202 seconds
[2025-11-17T19:42:02.707+0000] {processor.py:157} INFO - Started process (PID=13678) to work on /opt/airflow/dags/tasks/recsys_data_sync.py
[2025-11-17T19:42:02.708+0000] {processor.py:829} INFO - Processing file /opt/airflow/dags/tasks/recsys_data_sync.py for tasks to queue
[2025-11-17T19:42:02.708+0000] {logging_mixin.py:154} INFO - [2025-11-17T19:42:02.708+0000] {dagbag.py:536} INFO - Filling up the DagBag from /opt/airflow/dags/tasks/recsys_data_sync.py
[2025-11-17T19:42:02.908+0000] {processor.py:841} WARNING - No viable dags retrieved from /opt/airflow/dags/tasks/recsys_data_sync.py
[2025-11-17T19:42:02.921+0000] {processor.py:179} INFO - Processing /opt/airflow/dags/tasks/recsys_data_sync.py took 0.217 seconds
[2025-11-17T19:42:33.904+0000] {processor.py:157} INFO - Started process (PID=13743) to work on /opt/airflow/dags/tasks/recsys_data_sync.py
[2025-11-17T19:42:33.905+0000] {processor.py:829} INFO - Processing file /opt/airflow/dags/tasks/recsys_data_sync.py for tasks to queue
[2025-11-17T19:42:33.905+0000] {logging_mixin.py:154} INFO - [2025-11-17T19:42:33.905+0000] {dagbag.py:536} INFO - Filling up the DagBag from /opt/airflow/dags/tasks/recsys_data_sync.py
[2025-11-17T19:42:34.099+0000] {processor.py:841} WARNING - No viable dags retrieved from /opt/airflow/dags/tasks/recsys_data_sync.py
[2025-11-17T19:42:34.113+0000] {processor.py:179} INFO - Processing /opt/airflow/dags/tasks/recsys_data_sync.py took 0.211 seconds
[2025-11-17T19:43:05.103+0000] {processor.py:157} INFO - Started process (PID=13808) to work on /opt/airflow/dags/tasks/recsys_data_sync.py
[2025-11-17T19:43:05.103+0000] {processor.py:829} INFO - Processing file /opt/airflow/dags/tasks/recsys_data_sync.py for tasks to queue
[2025-11-17T19:43:05.104+0000] {logging_mixin.py:154} INFO - [2025-11-17T19:43:05.104+0000] {dagbag.py:536} INFO - Filling up the DagBag from /opt/airflow/dags/tasks/recsys_data_sync.py
[2025-11-17T19:43:05.294+0000] {processor.py:841} WARNING - No viable dags retrieved from /opt/airflow/dags/tasks/recsys_data_sync.py
[2025-11-17T19:43:05.306+0000] {processor.py:179} INFO - Processing /opt/airflow/dags/tasks/recsys_data_sync.py took 0.207 seconds
[2025-11-17T19:43:36.277+0000] {processor.py:157} INFO - Started process (PID=13873) to work on /opt/airflow/dags/tasks/recsys_data_sync.py
[2025-11-17T19:43:36.278+0000] {processor.py:829} INFO - Processing file /opt/airflow/dags/tasks/recsys_data_sync.py for tasks to queue
[2025-11-17T19:43:36.279+0000] {logging_mixin.py:154} INFO - [2025-11-17T19:43:36.279+0000] {dagbag.py:536} INFO - Filling up the DagBag from /opt/airflow/dags/tasks/recsys_data_sync.py
[2025-11-17T19:43:36.469+0000] {processor.py:841} WARNING - No viable dags retrieved from /opt/airflow/dags/tasks/recsys_data_sync.py
[2025-11-17T19:43:36.479+0000] {processor.py:179} INFO - Processing /opt/airflow/dags/tasks/recsys_data_sync.py took 0.205 seconds
[2025-11-17T19:44:06.718+0000] {processor.py:157} INFO - Started process (PID=13938) to work on /opt/airflow/dags/tasks/recsys_data_sync.py
[2025-11-17T19:44:06.718+0000] {processor.py:829} INFO - Processing file /opt/airflow/dags/tasks/recsys_data_sync.py for tasks to queue
[2025-11-17T19:44:06.719+0000] {logging_mixin.py:154} INFO - [2025-11-17T19:44:06.719+0000] {dagbag.py:536} INFO - Filling up the DagBag from /opt/airflow/dags/tasks/recsys_data_sync.py
[2025-11-17T19:44:06.918+0000] {processor.py:841} WARNING - No viable dags retrieved from /opt/airflow/dags/tasks/recsys_data_sync.py
[2025-11-17T19:44:06.931+0000] {processor.py:179} INFO - Processing /opt/airflow/dags/tasks/recsys_data_sync.py took 0.216 seconds
[2025-11-17T19:44:37.873+0000] {processor.py:157} INFO - Started process (PID=13996) to work on /opt/airflow/dags/tasks/recsys_data_sync.py
[2025-11-17T19:44:37.874+0000] {processor.py:829} INFO - Processing file /opt/airflow/dags/tasks/recsys_data_sync.py for tasks to queue
[2025-11-17T19:44:37.874+0000] {logging_mixin.py:154} INFO - [2025-11-17T19:44:37.874+0000] {dagbag.py:536} INFO - Filling up the DagBag from /opt/airflow/dags/tasks/recsys_data_sync.py
[2025-11-17T19:44:38.086+0000] {processor.py:841} WARNING - No viable dags retrieved from /opt/airflow/dags/tasks/recsys_data_sync.py
[2025-11-17T19:44:38.101+0000] {processor.py:179} INFO - Processing /opt/airflow/dags/tasks/recsys_data_sync.py took 0.231 seconds
[2025-11-17T19:45:09.083+0000] {processor.py:157} INFO - Started process (PID=14061) to work on /opt/airflow/dags/tasks/recsys_data_sync.py
[2025-11-17T19:45:09.084+0000] {processor.py:829} INFO - Processing file /opt/airflow/dags/tasks/recsys_data_sync.py for tasks to queue
[2025-11-17T19:45:09.084+0000] {logging_mixin.py:154} INFO - [2025-11-17T19:45:09.084+0000] {dagbag.py:536} INFO - Filling up the DagBag from /opt/airflow/dags/tasks/recsys_data_sync.py
[2025-11-17T19:45:09.280+0000] {processor.py:841} WARNING - No viable dags retrieved from /opt/airflow/dags/tasks/recsys_data_sync.py
[2025-11-17T19:45:09.293+0000] {processor.py:179} INFO - Processing /opt/airflow/dags/tasks/recsys_data_sync.py took 0.213 seconds
[2025-11-17T19:45:39.354+0000] {processor.py:157} INFO - Started process (PID=14126) to work on /opt/airflow/dags/tasks/recsys_data_sync.py
[2025-11-17T19:45:39.356+0000] {processor.py:829} INFO - Processing file /opt/airflow/dags/tasks/recsys_data_sync.py for tasks to queue
[2025-11-17T19:45:39.357+0000] {logging_mixin.py:154} INFO - [2025-11-17T19:45:39.357+0000] {dagbag.py:536} INFO - Filling up the DagBag from /opt/airflow/dags/tasks/recsys_data_sync.py
[2025-11-17T19:45:39.549+0000] {processor.py:841} WARNING - No viable dags retrieved from /opt/airflow/dags/tasks/recsys_data_sync.py
[2025-11-17T19:45:39.561+0000] {processor.py:179} INFO - Processing /opt/airflow/dags/tasks/recsys_data_sync.py took 0.210 seconds
[2025-11-17T19:46:09.610+0000] {processor.py:157} INFO - Started process (PID=14191) to work on /opt/airflow/dags/tasks/recsys_data_sync.py
[2025-11-17T19:46:09.611+0000] {processor.py:829} INFO - Processing file /opt/airflow/dags/tasks/recsys_data_sync.py for tasks to queue
[2025-11-17T19:46:09.611+0000] {logging_mixin.py:154} INFO - [2025-11-17T19:46:09.611+0000] {dagbag.py:536} INFO - Filling up the DagBag from /opt/airflow/dags/tasks/recsys_data_sync.py
[2025-11-17T19:46:09.860+0000] {processor.py:841} WARNING - No viable dags retrieved from /opt/airflow/dags/tasks/recsys_data_sync.py
[2025-11-17T19:46:09.876+0000] {processor.py:179} INFO - Processing /opt/airflow/dags/tasks/recsys_data_sync.py took 0.269 seconds
[2025-11-17T19:46:40.045+0000] {processor.py:157} INFO - Started process (PID=14257) to work on /opt/airflow/dags/tasks/recsys_data_sync.py
[2025-11-17T19:46:40.045+0000] {processor.py:829} INFO - Processing file /opt/airflow/dags/tasks/recsys_data_sync.py for tasks to queue
[2025-11-17T19:46:40.046+0000] {logging_mixin.py:154} INFO - [2025-11-17T19:46:40.046+0000] {dagbag.py:536} INFO - Filling up the DagBag from /opt/airflow/dags/tasks/recsys_data_sync.py
[2025-11-17T19:46:40.259+0000] {processor.py:841} WARNING - No viable dags retrieved from /opt/airflow/dags/tasks/recsys_data_sync.py
[2025-11-17T19:46:40.271+0000] {processor.py:179} INFO - Processing /opt/airflow/dags/tasks/recsys_data_sync.py took 0.229 seconds
[2025-11-17T19:47:10.816+0000] {processor.py:157} INFO - Started process (PID=14315) to work on /opt/airflow/dags/tasks/recsys_data_sync.py
[2025-11-17T19:47:10.817+0000] {processor.py:829} INFO - Processing file /opt/airflow/dags/tasks/recsys_data_sync.py for tasks to queue
[2025-11-17T19:47:10.818+0000] {logging_mixin.py:154} INFO - [2025-11-17T19:47:10.817+0000] {dagbag.py:536} INFO - Filling up the DagBag from /opt/airflow/dags/tasks/recsys_data_sync.py
[2025-11-17T19:47:10.988+0000] {processor.py:841} WARNING - No viable dags retrieved from /opt/airflow/dags/tasks/recsys_data_sync.py
[2025-11-17T19:47:10.999+0000] {processor.py:179} INFO - Processing /opt/airflow/dags/tasks/recsys_data_sync.py took 0.187 seconds
[2025-11-17T19:47:41.529+0000] {processor.py:157} INFO - Started process (PID=14380) to work on /opt/airflow/dags/tasks/recsys_data_sync.py
[2025-11-17T19:47:41.529+0000] {processor.py:829} INFO - Processing file /opt/airflow/dags/tasks/recsys_data_sync.py for tasks to queue
[2025-11-17T19:47:41.530+0000] {logging_mixin.py:154} INFO - [2025-11-17T19:47:41.529+0000] {dagbag.py:536} INFO - Filling up the DagBag from /opt/airflow/dags/tasks/recsys_data_sync.py
[2025-11-17T19:47:41.708+0000] {processor.py:841} WARNING - No viable dags retrieved from /opt/airflow/dags/tasks/recsys_data_sync.py
[2025-11-17T19:47:41.719+0000] {processor.py:179} INFO - Processing /opt/airflow/dags/tasks/recsys_data_sync.py took 0.193 seconds
[2025-11-17T19:48:12.251+0000] {processor.py:157} INFO - Started process (PID=14445) to work on /opt/airflow/dags/tasks/recsys_data_sync.py
[2025-11-17T19:48:12.252+0000] {processor.py:829} INFO - Processing file /opt/airflow/dags/tasks/recsys_data_sync.py for tasks to queue
[2025-11-17T19:48:12.252+0000] {logging_mixin.py:154} INFO - [2025-11-17T19:48:12.252+0000] {dagbag.py:536} INFO - Filling up the DagBag from /opt/airflow/dags/tasks/recsys_data_sync.py
[2025-11-17T19:48:12.423+0000] {processor.py:841} WARNING - No viable dags retrieved from /opt/airflow/dags/tasks/recsys_data_sync.py
[2025-11-17T19:48:12.435+0000] {processor.py:179} INFO - Processing /opt/airflow/dags/tasks/recsys_data_sync.py took 0.187 seconds
[2025-11-17T19:48:43.002+0000] {processor.py:157} INFO - Started process (PID=14510) to work on /opt/airflow/dags/tasks/recsys_data_sync.py
[2025-11-17T19:48:43.003+0000] {processor.py:829} INFO - Processing file /opt/airflow/dags/tasks/recsys_data_sync.py for tasks to queue
[2025-11-17T19:48:43.003+0000] {logging_mixin.py:154} INFO - [2025-11-17T19:48:43.003+0000] {dagbag.py:536} INFO - Filling up the DagBag from /opt/airflow/dags/tasks/recsys_data_sync.py
[2025-11-17T19:48:43.182+0000] {processor.py:841} WARNING - No viable dags retrieved from /opt/airflow/dags/tasks/recsys_data_sync.py
[2025-11-17T19:48:43.193+0000] {processor.py:179} INFO - Processing /opt/airflow/dags/tasks/recsys_data_sync.py took 0.193 seconds
[2025-11-17T19:49:13.735+0000] {processor.py:157} INFO - Started process (PID=14575) to work on /opt/airflow/dags/tasks/recsys_data_sync.py
[2025-11-17T19:49:13.736+0000] {processor.py:829} INFO - Processing file /opt/airflow/dags/tasks/recsys_data_sync.py for tasks to queue
[2025-11-17T19:49:13.737+0000] {logging_mixin.py:154} INFO - [2025-11-17T19:49:13.736+0000] {dagbag.py:536} INFO - Filling up the DagBag from /opt/airflow/dags/tasks/recsys_data_sync.py
[2025-11-17T19:49:13.906+0000] {processor.py:841} WARNING - No viable dags retrieved from /opt/airflow/dags/tasks/recsys_data_sync.py
[2025-11-17T19:49:13.918+0000] {processor.py:179} INFO - Processing /opt/airflow/dags/tasks/recsys_data_sync.py took 0.187 seconds
[2025-11-17T19:49:44.462+0000] {processor.py:157} INFO - Started process (PID=14640) to work on /opt/airflow/dags/tasks/recsys_data_sync.py
[2025-11-17T19:49:44.462+0000] {processor.py:829} INFO - Processing file /opt/airflow/dags/tasks/recsys_data_sync.py for tasks to queue
[2025-11-17T19:49:44.463+0000] {logging_mixin.py:154} INFO - [2025-11-17T19:49:44.463+0000] {dagbag.py:536} INFO - Filling up the DagBag from /opt/airflow/dags/tasks/recsys_data_sync.py
[2025-11-17T19:49:44.630+0000] {processor.py:841} WARNING - No viable dags retrieved from /opt/airflow/dags/tasks/recsys_data_sync.py
[2025-11-17T19:49:44.641+0000] {processor.py:179} INFO - Processing /opt/airflow/dags/tasks/recsys_data_sync.py took 0.182 seconds
[2025-11-17T19:50:14.709+0000] {processor.py:157} INFO - Started process (PID=14705) to work on /opt/airflow/dags/tasks/recsys_data_sync.py
[2025-11-17T19:50:14.710+0000] {processor.py:829} INFO - Processing file /opt/airflow/dags/tasks/recsys_data_sync.py for tasks to queue
[2025-11-17T19:50:14.710+0000] {logging_mixin.py:154} INFO - [2025-11-17T19:50:14.710+0000] {dagbag.py:536} INFO - Filling up the DagBag from /opt/airflow/dags/tasks/recsys_data_sync.py
[2025-11-17T19:50:14.893+0000] {processor.py:841} WARNING - No viable dags retrieved from /opt/airflow/dags/tasks/recsys_data_sync.py
[2025-11-17T19:50:14.904+0000] {processor.py:179} INFO - Processing /opt/airflow/dags/tasks/recsys_data_sync.py took 0.198 seconds
[2025-11-17T19:50:45.423+0000] {processor.py:157} INFO - Started process (PID=14763) to work on /opt/airflow/dags/tasks/recsys_data_sync.py
[2025-11-17T19:50:45.424+0000] {processor.py:829} INFO - Processing file /opt/airflow/dags/tasks/recsys_data_sync.py for tasks to queue
[2025-11-17T19:50:45.424+0000] {logging_mixin.py:154} INFO - [2025-11-17T19:50:45.424+0000] {dagbag.py:536} INFO - Filling up the DagBag from /opt/airflow/dags/tasks/recsys_data_sync.py
[2025-11-17T19:50:45.591+0000] {processor.py:841} WARNING - No viable dags retrieved from /opt/airflow/dags/tasks/recsys_data_sync.py
[2025-11-17T19:50:45.602+0000] {processor.py:179} INFO - Processing /opt/airflow/dags/tasks/recsys_data_sync.py took 0.181 seconds
[2025-11-17T19:51:15.664+0000] {processor.py:157} INFO - Started process (PID=14828) to work on /opt/airflow/dags/tasks/recsys_data_sync.py
[2025-11-17T19:51:15.664+0000] {processor.py:829} INFO - Processing file /opt/airflow/dags/tasks/recsys_data_sync.py for tasks to queue
[2025-11-17T19:51:15.665+0000] {logging_mixin.py:154} INFO - [2025-11-17T19:51:15.665+0000] {dagbag.py:536} INFO - Filling up the DagBag from /opt/airflow/dags/tasks/recsys_data_sync.py
[2025-11-17T19:51:15.830+0000] {processor.py:841} WARNING - No viable dags retrieved from /opt/airflow/dags/tasks/recsys_data_sync.py
[2025-11-17T19:51:15.841+0000] {processor.py:179} INFO - Processing /opt/airflow/dags/tasks/recsys_data_sync.py took 0.182 seconds
[2025-11-17T19:51:46.385+0000] {processor.py:157} INFO - Started process (PID=14893) to work on /opt/airflow/dags/tasks/recsys_data_sync.py
[2025-11-17T19:51:46.386+0000] {processor.py:829} INFO - Processing file /opt/airflow/dags/tasks/recsys_data_sync.py for tasks to queue
[2025-11-17T19:51:46.386+0000] {logging_mixin.py:154} INFO - [2025-11-17T19:51:46.386+0000] {dagbag.py:536} INFO - Filling up the DagBag from /opt/airflow/dags/tasks/recsys_data_sync.py
[2025-11-17T19:51:46.565+0000] {processor.py:841} WARNING - No viable dags retrieved from /opt/airflow/dags/tasks/recsys_data_sync.py
[2025-11-17T19:51:46.575+0000] {processor.py:179} INFO - Processing /opt/airflow/dags/tasks/recsys_data_sync.py took 0.193 seconds
[2025-11-17T19:52:16.697+0000] {processor.py:157} INFO - Started process (PID=14958) to work on /opt/airflow/dags/tasks/recsys_data_sync.py
[2025-11-17T19:52:16.697+0000] {processor.py:829} INFO - Processing file /opt/airflow/dags/tasks/recsys_data_sync.py for tasks to queue
[2025-11-17T19:52:16.698+0000] {logging_mixin.py:154} INFO - [2025-11-17T19:52:16.698+0000] {dagbag.py:536} INFO - Filling up the DagBag from /opt/airflow/dags/tasks/recsys_data_sync.py
[2025-11-17T19:52:16.862+0000] {processor.py:841} WARNING - No viable dags retrieved from /opt/airflow/dags/tasks/recsys_data_sync.py
[2025-11-17T19:52:16.874+0000] {processor.py:179} INFO - Processing /opt/airflow/dags/tasks/recsys_data_sync.py took 0.181 seconds
[2025-11-17T19:52:47.405+0000] {processor.py:157} INFO - Started process (PID=15023) to work on /opt/airflow/dags/tasks/recsys_data_sync.py
[2025-11-17T19:52:47.406+0000] {processor.py:829} INFO - Processing file /opt/airflow/dags/tasks/recsys_data_sync.py for tasks to queue
[2025-11-17T19:52:47.406+0000] {logging_mixin.py:154} INFO - [2025-11-17T19:52:47.406+0000] {dagbag.py:536} INFO - Filling up the DagBag from /opt/airflow/dags/tasks/recsys_data_sync.py
[2025-11-17T19:52:47.577+0000] {processor.py:841} WARNING - No viable dags retrieved from /opt/airflow/dags/tasks/recsys_data_sync.py
[2025-11-17T19:52:47.589+0000] {processor.py:179} INFO - Processing /opt/airflow/dags/tasks/recsys_data_sync.py took 0.186 seconds
[2025-11-17T19:53:18.109+0000] {processor.py:157} INFO - Started process (PID=15088) to work on /opt/airflow/dags/tasks/recsys_data_sync.py
[2025-11-17T19:53:18.110+0000] {processor.py:829} INFO - Processing file /opt/airflow/dags/tasks/recsys_data_sync.py for tasks to queue
[2025-11-17T19:53:18.110+0000] {logging_mixin.py:154} INFO - [2025-11-17T19:53:18.110+0000] {dagbag.py:536} INFO - Filling up the DagBag from /opt/airflow/dags/tasks/recsys_data_sync.py
[2025-11-17T19:53:18.293+0000] {processor.py:841} WARNING - No viable dags retrieved from /opt/airflow/dags/tasks/recsys_data_sync.py
[2025-11-17T19:53:18.317+0000] {processor.py:179} INFO - Processing /opt/airflow/dags/tasks/recsys_data_sync.py took 0.210 seconds
[2025-11-17T19:53:48.857+0000] {processor.py:157} INFO - Started process (PID=15144) to work on /opt/airflow/dags/tasks/recsys_data_sync.py
[2025-11-17T19:53:48.858+0000] {processor.py:829} INFO - Processing file /opt/airflow/dags/tasks/recsys_data_sync.py for tasks to queue
[2025-11-17T19:53:48.858+0000] {logging_mixin.py:154} INFO - [2025-11-17T19:53:48.858+0000] {dagbag.py:536} INFO - Filling up the DagBag from /opt/airflow/dags/tasks/recsys_data_sync.py
[2025-11-17T19:53:49.088+0000] {processor.py:841} WARNING - No viable dags retrieved from /opt/airflow/dags/tasks/recsys_data_sync.py
[2025-11-17T19:53:49.100+0000] {processor.py:179} INFO - Processing /opt/airflow/dags/tasks/recsys_data_sync.py took 0.245 seconds
[2025-11-17T19:54:19.761+0000] {processor.py:157} INFO - Started process (PID=15197) to work on /opt/airflow/dags/tasks/recsys_data_sync.py
[2025-11-17T19:54:19.761+0000] {processor.py:829} INFO - Processing file /opt/airflow/dags/tasks/recsys_data_sync.py for tasks to queue
[2025-11-17T19:54:19.762+0000] {logging_mixin.py:154} INFO - [2025-11-17T19:54:19.761+0000] {dagbag.py:536} INFO - Filling up the DagBag from /opt/airflow/dags/tasks/recsys_data_sync.py
[2025-11-17T19:54:19.934+0000] {processor.py:841} WARNING - No viable dags retrieved from /opt/airflow/dags/tasks/recsys_data_sync.py
[2025-11-17T19:54:19.947+0000] {processor.py:179} INFO - Processing /opt/airflow/dags/tasks/recsys_data_sync.py took 0.189 seconds
[2025-11-17T19:54:50.493+0000] {processor.py:157} INFO - Started process (PID=15259) to work on /opt/airflow/dags/tasks/recsys_data_sync.py
[2025-11-17T19:54:50.493+0000] {processor.py:829} INFO - Processing file /opt/airflow/dags/tasks/recsys_data_sync.py for tasks to queue
[2025-11-17T19:54:50.494+0000] {logging_mixin.py:154} INFO - [2025-11-17T19:54:50.494+0000] {dagbag.py:536} INFO - Filling up the DagBag from /opt/airflow/dags/tasks/recsys_data_sync.py
[2025-11-17T19:54:50.665+0000] {processor.py:841} WARNING - No viable dags retrieved from /opt/airflow/dags/tasks/recsys_data_sync.py
[2025-11-17T19:54:50.677+0000] {processor.py:179} INFO - Processing /opt/airflow/dags/tasks/recsys_data_sync.py took 0.187 seconds
[2025-11-17T19:55:21.217+0000] {processor.py:157} INFO - Started process (PID=15324) to work on /opt/airflow/dags/tasks/recsys_data_sync.py
[2025-11-17T19:55:21.217+0000] {processor.py:829} INFO - Processing file /opt/airflow/dags/tasks/recsys_data_sync.py for tasks to queue
[2025-11-17T19:55:21.217+0000] {logging_mixin.py:154} INFO - [2025-11-17T19:55:21.217+0000] {dagbag.py:536} INFO - Filling up the DagBag from /opt/airflow/dags/tasks/recsys_data_sync.py
[2025-11-17T19:55:21.379+0000] {processor.py:841} WARNING - No viable dags retrieved from /opt/airflow/dags/tasks/recsys_data_sync.py
[2025-11-17T19:55:21.390+0000] {processor.py:179} INFO - Processing /opt/airflow/dags/tasks/recsys_data_sync.py took 0.176 seconds
[2025-11-17T19:55:51.432+0000] {processor.py:157} INFO - Started process (PID=15389) to work on /opt/airflow/dags/tasks/recsys_data_sync.py
[2025-11-17T19:55:51.432+0000] {processor.py:829} INFO - Processing file /opt/airflow/dags/tasks/recsys_data_sync.py for tasks to queue
[2025-11-17T19:55:51.433+0000] {logging_mixin.py:154} INFO - [2025-11-17T19:55:51.433+0000] {dagbag.py:536} INFO - Filling up the DagBag from /opt/airflow/dags/tasks/recsys_data_sync.py
[2025-11-17T19:55:51.609+0000] {processor.py:841} WARNING - No viable dags retrieved from /opt/airflow/dags/tasks/recsys_data_sync.py
[2025-11-17T19:55:51.623+0000] {processor.py:179} INFO - Processing /opt/airflow/dags/tasks/recsys_data_sync.py took 0.194 seconds
[2025-11-17T19:56:22.160+0000] {processor.py:157} INFO - Started process (PID=15454) to work on /opt/airflow/dags/tasks/recsys_data_sync.py
[2025-11-17T19:56:22.160+0000] {processor.py:829} INFO - Processing file /opt/airflow/dags/tasks/recsys_data_sync.py for tasks to queue
[2025-11-17T19:56:22.161+0000] {logging_mixin.py:154} INFO - [2025-11-17T19:56:22.160+0000] {dagbag.py:536} INFO - Filling up the DagBag from /opt/airflow/dags/tasks/recsys_data_sync.py
[2025-11-17T19:56:22.335+0000] {processor.py:841} WARNING - No viable dags retrieved from /opt/airflow/dags/tasks/recsys_data_sync.py
[2025-11-17T19:56:22.348+0000] {processor.py:179} INFO - Processing /opt/airflow/dags/tasks/recsys_data_sync.py took 0.191 seconds
[2025-11-17T19:56:53.201+0000] {processor.py:157} INFO - Started process (PID=15519) to work on /opt/airflow/dags/tasks/recsys_data_sync.py
[2025-11-17T19:56:53.202+0000] {processor.py:829} INFO - Processing file /opt/airflow/dags/tasks/recsys_data_sync.py for tasks to queue
[2025-11-17T19:56:53.202+0000] {logging_mixin.py:154} INFO - [2025-11-17T19:56:53.202+0000] {dagbag.py:536} INFO - Filling up the DagBag from /opt/airflow/dags/tasks/recsys_data_sync.py
[2025-11-17T19:56:53.377+0000] {processor.py:841} WARNING - No viable dags retrieved from /opt/airflow/dags/tasks/recsys_data_sync.py
[2025-11-17T19:56:53.389+0000] {processor.py:179} INFO - Processing /opt/airflow/dags/tasks/recsys_data_sync.py took 0.192 seconds
[2025-11-17T19:57:23.933+0000] {processor.py:157} INFO - Started process (PID=15584) to work on /opt/airflow/dags/tasks/recsys_data_sync.py
[2025-11-17T19:57:23.934+0000] {processor.py:829} INFO - Processing file /opt/airflow/dags/tasks/recsys_data_sync.py for tasks to queue
[2025-11-17T19:57:23.934+0000] {logging_mixin.py:154} INFO - [2025-11-17T19:57:23.934+0000] {dagbag.py:536} INFO - Filling up the DagBag from /opt/airflow/dags/tasks/recsys_data_sync.py
[2025-11-17T19:57:24.150+0000] {processor.py:841} WARNING - No viable dags retrieved from /opt/airflow/dags/tasks/recsys_data_sync.py
[2025-11-17T19:57:24.164+0000] {processor.py:179} INFO - Processing /opt/airflow/dags/tasks/recsys_data_sync.py took 0.233 seconds
[2025-11-17T19:57:55.007+0000] {processor.py:157} INFO - Started process (PID=15642) to work on /opt/airflow/dags/tasks/recsys_data_sync.py
[2025-11-17T19:57:55.008+0000] {processor.py:829} INFO - Processing file /opt/airflow/dags/tasks/recsys_data_sync.py for tasks to queue
[2025-11-17T19:57:55.008+0000] {logging_mixin.py:154} INFO - [2025-11-17T19:57:55.008+0000] {dagbag.py:536} INFO - Filling up the DagBag from /opt/airflow/dags/tasks/recsys_data_sync.py
[2025-11-17T19:57:55.174+0000] {processor.py:841} WARNING - No viable dags retrieved from /opt/airflow/dags/tasks/recsys_data_sync.py
[2025-11-17T19:57:55.185+0000] {processor.py:179} INFO - Processing /opt/airflow/dags/tasks/recsys_data_sync.py took 0.181 seconds
[2025-11-17T19:58:25.747+0000] {processor.py:157} INFO - Started process (PID=15707) to work on /opt/airflow/dags/tasks/recsys_data_sync.py
[2025-11-17T19:58:25.747+0000] {processor.py:829} INFO - Processing file /opt/airflow/dags/tasks/recsys_data_sync.py for tasks to queue
[2025-11-17T19:58:25.748+0000] {logging_mixin.py:154} INFO - [2025-11-17T19:58:25.747+0000] {dagbag.py:536} INFO - Filling up the DagBag from /opt/airflow/dags/tasks/recsys_data_sync.py
[2025-11-17T19:58:25.916+0000] {processor.py:841} WARNING - No viable dags retrieved from /opt/airflow/dags/tasks/recsys_data_sync.py
[2025-11-17T19:58:25.927+0000] {processor.py:179} INFO - Processing /opt/airflow/dags/tasks/recsys_data_sync.py took 0.183 seconds
[2025-11-17T19:58:56.449+0000] {processor.py:157} INFO - Started process (PID=15772) to work on /opt/airflow/dags/tasks/recsys_data_sync.py
[2025-11-17T19:58:56.450+0000] {processor.py:829} INFO - Processing file /opt/airflow/dags/tasks/recsys_data_sync.py for tasks to queue
[2025-11-17T19:58:56.451+0000] {logging_mixin.py:154} INFO - [2025-11-17T19:58:56.450+0000] {dagbag.py:536} INFO - Filling up the DagBag from /opt/airflow/dags/tasks/recsys_data_sync.py
[2025-11-17T19:58:56.631+0000] {processor.py:841} WARNING - No viable dags retrieved from /opt/airflow/dags/tasks/recsys_data_sync.py
[2025-11-17T19:58:56.642+0000] {processor.py:179} INFO - Processing /opt/airflow/dags/tasks/recsys_data_sync.py took 0.196 seconds
[2025-11-17T19:59:27.411+0000] {processor.py:157} INFO - Started process (PID=15837) to work on /opt/airflow/dags/tasks/recsys_data_sync.py
[2025-11-17T19:59:27.411+0000] {processor.py:829} INFO - Processing file /opt/airflow/dags/tasks/recsys_data_sync.py for tasks to queue
[2025-11-17T19:59:27.411+0000] {logging_mixin.py:154} INFO - [2025-11-17T19:59:27.411+0000] {dagbag.py:536} INFO - Filling up the DagBag from /opt/airflow/dags/tasks/recsys_data_sync.py
[2025-11-17T19:59:27.583+0000] {processor.py:841} WARNING - No viable dags retrieved from /opt/airflow/dags/tasks/recsys_data_sync.py
[2025-11-17T19:59:27.593+0000] {processor.py:179} INFO - Processing /opt/airflow/dags/tasks/recsys_data_sync.py took 0.185 seconds
[2025-11-17T19:59:58.098+0000] {processor.py:157} INFO - Started process (PID=15902) to work on /opt/airflow/dags/tasks/recsys_data_sync.py
[2025-11-17T19:59:58.099+0000] {processor.py:829} INFO - Processing file /opt/airflow/dags/tasks/recsys_data_sync.py for tasks to queue
[2025-11-17T19:59:58.099+0000] {logging_mixin.py:154} INFO - [2025-11-17T19:59:58.099+0000] {dagbag.py:536} INFO - Filling up the DagBag from /opt/airflow/dags/tasks/recsys_data_sync.py
[2025-11-17T19:59:58.269+0000] {processor.py:841} WARNING - No viable dags retrieved from /opt/airflow/dags/tasks/recsys_data_sync.py
[2025-11-17T19:59:58.280+0000] {processor.py:179} INFO - Processing /opt/airflow/dags/tasks/recsys_data_sync.py took 0.185 seconds
[2025-11-17T20:00:29.180+0000] {processor.py:157} INFO - Started process (PID=15967) to work on /opt/airflow/dags/tasks/recsys_data_sync.py
[2025-11-17T20:00:29.180+0000] {processor.py:829} INFO - Processing file /opt/airflow/dags/tasks/recsys_data_sync.py for tasks to queue
[2025-11-17T20:00:29.181+0000] {logging_mixin.py:154} INFO - [2025-11-17T20:00:29.181+0000] {dagbag.py:536} INFO - Filling up the DagBag from /opt/airflow/dags/tasks/recsys_data_sync.py
[2025-11-17T20:00:29.345+0000] {processor.py:841} WARNING - No viable dags retrieved from /opt/airflow/dags/tasks/recsys_data_sync.py
[2025-11-17T20:00:29.355+0000] {processor.py:179} INFO - Processing /opt/airflow/dags/tasks/recsys_data_sync.py took 0.178 seconds
[2025-11-17T20:00:59.882+0000] {processor.py:157} INFO - Started process (PID=16032) to work on /opt/airflow/dags/tasks/recsys_data_sync.py
[2025-11-17T20:00:59.883+0000] {processor.py:829} INFO - Processing file /opt/airflow/dags/tasks/recsys_data_sync.py for tasks to queue
[2025-11-17T20:00:59.883+0000] {logging_mixin.py:154} INFO - [2025-11-17T20:00:59.883+0000] {dagbag.py:536} INFO - Filling up the DagBag from /opt/airflow/dags/tasks/recsys_data_sync.py
[2025-11-17T20:01:00.104+0000] {processor.py:841} WARNING - No viable dags retrieved from /opt/airflow/dags/tasks/recsys_data_sync.py
[2025-11-17T20:01:00.115+0000] {processor.py:179} INFO - Processing /opt/airflow/dags/tasks/recsys_data_sync.py took 0.236 seconds
[2025-11-17T20:01:30.650+0000] {processor.py:157} INFO - Started process (PID=16097) to work on /opt/airflow/dags/tasks/recsys_data_sync.py
[2025-11-17T20:01:30.651+0000] {processor.py:829} INFO - Processing file /opt/airflow/dags/tasks/recsys_data_sync.py for tasks to queue
[2025-11-17T20:01:30.652+0000] {logging_mixin.py:154} INFO - [2025-11-17T20:01:30.652+0000] {dagbag.py:536} INFO - Filling up the DagBag from /opt/airflow/dags/tasks/recsys_data_sync.py
[2025-11-17T20:01:30.838+0000] {processor.py:841} WARNING - No viable dags retrieved from /opt/airflow/dags/tasks/recsys_data_sync.py
[2025-11-17T20:01:30.850+0000] {processor.py:179} INFO - Processing /opt/airflow/dags/tasks/recsys_data_sync.py took 0.203 seconds
[2025-11-17T20:02:01.354+0000] {processor.py:157} INFO - Started process (PID=16155) to work on /opt/airflow/dags/tasks/recsys_data_sync.py
[2025-11-17T20:02:01.354+0000] {processor.py:829} INFO - Processing file /opt/airflow/dags/tasks/recsys_data_sync.py for tasks to queue
[2025-11-17T20:02:01.355+0000] {logging_mixin.py:154} INFO - [2025-11-17T20:02:01.355+0000] {dagbag.py:536} INFO - Filling up the DagBag from /opt/airflow/dags/tasks/recsys_data_sync.py
[2025-11-17T20:02:01.520+0000] {processor.py:841} WARNING - No viable dags retrieved from /opt/airflow/dags/tasks/recsys_data_sync.py
[2025-11-17T20:02:01.533+0000] {processor.py:179} INFO - Processing /opt/airflow/dags/tasks/recsys_data_sync.py took 0.182 seconds
[2025-11-17T20:42:09.406+0000] {processor.py:157} INFO - Started process (PID=16222) to work on /opt/airflow/dags/tasks/recsys_data_sync.py
[2025-11-17T20:42:09.407+0000] {processor.py:829} INFO - Processing file /opt/airflow/dags/tasks/recsys_data_sync.py for tasks to queue
[2025-11-17T20:42:09.408+0000] {logging_mixin.py:154} INFO - [2025-11-17T20:42:09.407+0000] {dagbag.py:536} INFO - Filling up the DagBag from /opt/airflow/dags/tasks/recsys_data_sync.py
[2025-11-17T20:42:11.477+0000] {processor.py:841} WARNING - No viable dags retrieved from /opt/airflow/dags/tasks/recsys_data_sync.py
[2025-11-17T20:42:11.613+0000] {processor.py:179} INFO - Processing /opt/airflow/dags/tasks/recsys_data_sync.py took 2.228 seconds
[2025-11-17T20:42:41.781+0000] {processor.py:157} INFO - Started process (PID=16287) to work on /opt/airflow/dags/tasks/recsys_data_sync.py
[2025-11-17T20:42:41.781+0000] {processor.py:829} INFO - Processing file /opt/airflow/dags/tasks/recsys_data_sync.py for tasks to queue
[2025-11-17T20:42:41.781+0000] {logging_mixin.py:154} INFO - [2025-11-17T20:42:41.781+0000] {dagbag.py:536} INFO - Filling up the DagBag from /opt/airflow/dags/tasks/recsys_data_sync.py
[2025-11-17T20:42:41.947+0000] {processor.py:841} WARNING - No viable dags retrieved from /opt/airflow/dags/tasks/recsys_data_sync.py
[2025-11-17T20:42:41.958+0000] {processor.py:179} INFO - Processing /opt/airflow/dags/tasks/recsys_data_sync.py took 0.180 seconds
[2025-11-17T20:43:12.308+0000] {processor.py:157} INFO - Started process (PID=16352) to work on /opt/airflow/dags/tasks/recsys_data_sync.py
[2025-11-17T20:43:12.308+0000] {processor.py:829} INFO - Processing file /opt/airflow/dags/tasks/recsys_data_sync.py for tasks to queue
[2025-11-17T20:43:12.309+0000] {logging_mixin.py:154} INFO - [2025-11-17T20:43:12.309+0000] {dagbag.py:536} INFO - Filling up the DagBag from /opt/airflow/dags/tasks/recsys_data_sync.py
[2025-11-17T20:43:12.471+0000] {processor.py:841} WARNING - No viable dags retrieved from /opt/airflow/dags/tasks/recsys_data_sync.py
[2025-11-17T20:43:12.482+0000] {processor.py:179} INFO - Processing /opt/airflow/dags/tasks/recsys_data_sync.py took 0.177 seconds
[2025-11-17T20:43:42.757+0000] {processor.py:157} INFO - Started process (PID=16417) to work on /opt/airflow/dags/tasks/recsys_data_sync.py
[2025-11-17T20:43:42.757+0000] {processor.py:829} INFO - Processing file /opt/airflow/dags/tasks/recsys_data_sync.py for tasks to queue
[2025-11-17T20:43:42.758+0000] {logging_mixin.py:154} INFO - [2025-11-17T20:43:42.758+0000] {dagbag.py:536} INFO - Filling up the DagBag from /opt/airflow/dags/tasks/recsys_data_sync.py
[2025-11-17T20:43:42.921+0000] {processor.py:841} WARNING - No viable dags retrieved from /opt/airflow/dags/tasks/recsys_data_sync.py
[2025-11-17T20:43:42.932+0000] {processor.py:179} INFO - Processing /opt/airflow/dags/tasks/recsys_data_sync.py took 0.179 seconds
[2025-11-17T20:44:13.237+0000] {processor.py:157} INFO - Started process (PID=16475) to work on /opt/airflow/dags/tasks/recsys_data_sync.py
[2025-11-17T20:44:13.238+0000] {processor.py:829} INFO - Processing file /opt/airflow/dags/tasks/recsys_data_sync.py for tasks to queue
[2025-11-17T20:44:13.238+0000] {logging_mixin.py:154} INFO - [2025-11-17T20:44:13.238+0000] {dagbag.py:536} INFO - Filling up the DagBag from /opt/airflow/dags/tasks/recsys_data_sync.py
[2025-11-17T20:44:13.403+0000] {processor.py:841} WARNING - No viable dags retrieved from /opt/airflow/dags/tasks/recsys_data_sync.py
[2025-11-17T20:44:13.413+0000] {processor.py:179} INFO - Processing /opt/airflow/dags/tasks/recsys_data_sync.py took 0.179 seconds
[2025-11-17T20:44:43.719+0000] {processor.py:157} INFO - Started process (PID=16540) to work on /opt/airflow/dags/tasks/recsys_data_sync.py
[2025-11-17T20:44:43.721+0000] {processor.py:829} INFO - Processing file /opt/airflow/dags/tasks/recsys_data_sync.py for tasks to queue
[2025-11-17T20:44:43.721+0000] {logging_mixin.py:154} INFO - [2025-11-17T20:44:43.721+0000] {dagbag.py:536} INFO - Filling up the DagBag from /opt/airflow/dags/tasks/recsys_data_sync.py
[2025-11-17T20:44:43.965+0000] {processor.py:841} WARNING - No viable dags retrieved from /opt/airflow/dags/tasks/recsys_data_sync.py
[2025-11-17T20:44:43.981+0000] {processor.py:179} INFO - Processing /opt/airflow/dags/tasks/recsys_data_sync.py took 0.265 seconds
[2025-11-17T20:45:05.448+0000] {processor.py:157} INFO - Started process (PID=171) to work on /opt/airflow/dags/tasks/recsys_data_sync.py
[2025-11-17T20:45:05.449+0000] {processor.py:829} INFO - Processing file /opt/airflow/dags/tasks/recsys_data_sync.py for tasks to queue
[2025-11-17T20:45:05.449+0000] {logging_mixin.py:154} INFO - [2025-11-17T20:45:05.449+0000] {dagbag.py:536} INFO - Filling up the DagBag from /opt/airflow/dags/tasks/recsys_data_sync.py
[2025-11-17T20:45:05.666+0000] {processor.py:841} WARNING - No viable dags retrieved from /opt/airflow/dags/tasks/recsys_data_sync.py
[2025-11-17T20:45:05.688+0000] {processor.py:179} INFO - Processing /opt/airflow/dags/tasks/recsys_data_sync.py took 0.242 seconds
[2025-11-17T20:45:36.032+0000] {processor.py:157} INFO - Started process (PID=233) to work on /opt/airflow/dags/tasks/recsys_data_sync.py
[2025-11-17T20:45:36.033+0000] {processor.py:829} INFO - Processing file /opt/airflow/dags/tasks/recsys_data_sync.py for tasks to queue
[2025-11-17T20:45:36.033+0000] {logging_mixin.py:154} INFO - [2025-11-17T20:45:36.033+0000] {dagbag.py:536} INFO - Filling up the DagBag from /opt/airflow/dags/tasks/recsys_data_sync.py
[2025-11-17T20:45:36.216+0000] {processor.py:841} WARNING - No viable dags retrieved from /opt/airflow/dags/tasks/recsys_data_sync.py
[2025-11-17T20:45:36.228+0000] {processor.py:179} INFO - Processing /opt/airflow/dags/tasks/recsys_data_sync.py took 0.199 seconds
[2025-11-17T20:46:06.597+0000] {processor.py:157} INFO - Started process (PID=298) to work on /opt/airflow/dags/tasks/recsys_data_sync.py
[2025-11-17T20:46:06.598+0000] {processor.py:829} INFO - Processing file /opt/airflow/dags/tasks/recsys_data_sync.py for tasks to queue
[2025-11-17T20:46:06.598+0000] {logging_mixin.py:154} INFO - [2025-11-17T20:46:06.598+0000] {dagbag.py:536} INFO - Filling up the DagBag from /opt/airflow/dags/tasks/recsys_data_sync.py
[2025-11-17T20:46:06.784+0000] {processor.py:841} WARNING - No viable dags retrieved from /opt/airflow/dags/tasks/recsys_data_sync.py
[2025-11-17T20:46:06.796+0000] {processor.py:179} INFO - Processing /opt/airflow/dags/tasks/recsys_data_sync.py took 0.201 seconds
[2025-11-17T20:46:37.080+0000] {processor.py:157} INFO - Started process (PID=519) to work on /opt/airflow/dags/tasks/recsys_data_sync.py
[2025-11-17T20:46:37.084+0000] {processor.py:829} INFO - Processing file /opt/airflow/dags/tasks/recsys_data_sync.py for tasks to queue
[2025-11-17T20:46:37.085+0000] {logging_mixin.py:154} INFO - [2025-11-17T20:46:37.084+0000] {dagbag.py:536} INFO - Filling up the DagBag from /opt/airflow/dags/tasks/recsys_data_sync.py
[2025-11-17T20:46:37.358+0000] {processor.py:841} WARNING - No viable dags retrieved from /opt/airflow/dags/tasks/recsys_data_sync.py
[2025-11-17T20:46:37.373+0000] {processor.py:179} INFO - Processing /opt/airflow/dags/tasks/recsys_data_sync.py took 0.299 seconds
[2025-11-17T20:47:07.772+0000] {processor.py:157} INFO - Started process (PID=595) to work on /opt/airflow/dags/tasks/recsys_data_sync.py
[2025-11-17T20:47:07.772+0000] {processor.py:829} INFO - Processing file /opt/airflow/dags/tasks/recsys_data_sync.py for tasks to queue
[2025-11-17T20:47:07.773+0000] {logging_mixin.py:154} INFO - [2025-11-17T20:47:07.772+0000] {dagbag.py:536} INFO - Filling up the DagBag from /opt/airflow/dags/tasks/recsys_data_sync.py
[2025-11-17T20:47:07.971+0000] {processor.py:841} WARNING - No viable dags retrieved from /opt/airflow/dags/tasks/recsys_data_sync.py
[2025-11-17T20:47:07.986+0000] {processor.py:179} INFO - Processing /opt/airflow/dags/tasks/recsys_data_sync.py took 0.217 seconds
[2025-11-17T20:47:38.188+0000] {processor.py:157} INFO - Started process (PID=660) to work on /opt/airflow/dags/tasks/recsys_data_sync.py
[2025-11-17T20:47:38.188+0000] {processor.py:829} INFO - Processing file /opt/airflow/dags/tasks/recsys_data_sync.py for tasks to queue
[2025-11-17T20:47:38.189+0000] {logging_mixin.py:154} INFO - [2025-11-17T20:47:38.189+0000] {dagbag.py:536} INFO - Filling up the DagBag from /opt/airflow/dags/tasks/recsys_data_sync.py
[2025-11-17T20:47:38.508+0000] {processor.py:841} WARNING - No viable dags retrieved from /opt/airflow/dags/tasks/recsys_data_sync.py
[2025-11-17T20:47:38.520+0000] {processor.py:179} INFO - Processing /opt/airflow/dags/tasks/recsys_data_sync.py took 0.335 seconds
[2025-11-17T20:48:08.756+0000] {processor.py:157} INFO - Started process (PID=719) to work on /opt/airflow/dags/tasks/recsys_data_sync.py
[2025-11-17T20:48:08.757+0000] {processor.py:829} INFO - Processing file /opt/airflow/dags/tasks/recsys_data_sync.py for tasks to queue
[2025-11-17T20:48:08.758+0000] {logging_mixin.py:154} INFO - [2025-11-17T20:48:08.758+0000] {dagbag.py:536} INFO - Filling up the DagBag from /opt/airflow/dags/tasks/recsys_data_sync.py
[2025-11-17T20:48:08.991+0000] {processor.py:841} WARNING - No viable dags retrieved from /opt/airflow/dags/tasks/recsys_data_sync.py
[2025-11-17T20:48:09.002+0000] {processor.py:179} INFO - Processing /opt/airflow/dags/tasks/recsys_data_sync.py took 0.249 seconds
[2025-11-17T20:48:39.219+0000] {processor.py:157} INFO - Started process (PID=784) to work on /opt/airflow/dags/tasks/recsys_data_sync.py
[2025-11-17T20:48:39.220+0000] {processor.py:829} INFO - Processing file /opt/airflow/dags/tasks/recsys_data_sync.py for tasks to queue
[2025-11-17T20:48:39.220+0000] {logging_mixin.py:154} INFO - [2025-11-17T20:48:39.220+0000] {dagbag.py:536} INFO - Filling up the DagBag from /opt/airflow/dags/tasks/recsys_data_sync.py
[2025-11-17T20:48:39.381+0000] {processor.py:841} WARNING - No viable dags retrieved from /opt/airflow/dags/tasks/recsys_data_sync.py
[2025-11-17T20:48:39.392+0000] {processor.py:179} INFO - Processing /opt/airflow/dags/tasks/recsys_data_sync.py took 0.175 seconds
[2025-11-17T20:49:09.541+0000] {processor.py:157} INFO - Started process (PID=849) to work on /opt/airflow/dags/tasks/recsys_data_sync.py
[2025-11-17T20:49:09.541+0000] {processor.py:829} INFO - Processing file /opt/airflow/dags/tasks/recsys_data_sync.py for tasks to queue
[2025-11-17T20:49:09.542+0000] {logging_mixin.py:154} INFO - [2025-11-17T20:49:09.541+0000] {dagbag.py:536} INFO - Filling up the DagBag from /opt/airflow/dags/tasks/recsys_data_sync.py
[2025-11-17T20:49:09.875+0000] {processor.py:841} WARNING - No viable dags retrieved from /opt/airflow/dags/tasks/recsys_data_sync.py
[2025-11-17T20:49:09.883+0000] {processor.py:179} INFO - Processing /opt/airflow/dags/tasks/recsys_data_sync.py took 0.345 seconds
[2025-11-17T20:49:40.156+0000] {processor.py:157} INFO - Started process (PID=914) to work on /opt/airflow/dags/tasks/recsys_data_sync.py
[2025-11-17T20:49:40.157+0000] {processor.py:829} INFO - Processing file /opt/airflow/dags/tasks/recsys_data_sync.py for tasks to queue
[2025-11-17T20:49:40.157+0000] {logging_mixin.py:154} INFO - [2025-11-17T20:49:40.157+0000] {dagbag.py:536} INFO - Filling up the DagBag from /opt/airflow/dags/tasks/recsys_data_sync.py
[2025-11-17T20:49:40.475+0000] {processor.py:841} WARNING - No viable dags retrieved from /opt/airflow/dags/tasks/recsys_data_sync.py
[2025-11-17T20:49:40.484+0000] {processor.py:179} INFO - Processing /opt/airflow/dags/tasks/recsys_data_sync.py took 0.331 seconds
[2025-11-17T20:50:10.730+0000] {processor.py:157} INFO - Started process (PID=972) to work on /opt/airflow/dags/tasks/recsys_data_sync.py
[2025-11-17T20:50:10.730+0000] {processor.py:829} INFO - Processing file /opt/airflow/dags/tasks/recsys_data_sync.py for tasks to queue
[2025-11-17T20:50:10.731+0000] {logging_mixin.py:154} INFO - [2025-11-17T20:50:10.731+0000] {dagbag.py:536} INFO - Filling up the DagBag from /opt/airflow/dags/tasks/recsys_data_sync.py
[2025-11-17T20:50:10.926+0000] {processor.py:841} WARNING - No viable dags retrieved from /opt/airflow/dags/tasks/recsys_data_sync.py
[2025-11-17T20:50:10.938+0000] {processor.py:179} INFO - Processing /opt/airflow/dags/tasks/recsys_data_sync.py took 0.211 seconds
[2025-11-17T20:50:36.346+0000] {processor.py:157} INFO - Started process (PID=170) to work on /opt/airflow/dags/tasks/recsys_data_sync.py
[2025-11-17T20:50:36.347+0000] {processor.py:829} INFO - Processing file /opt/airflow/dags/tasks/recsys_data_sync.py for tasks to queue
[2025-11-17T20:50:36.347+0000] {logging_mixin.py:154} INFO - [2025-11-17T20:50:36.347+0000] {dagbag.py:536} INFO - Filling up the DagBag from /opt/airflow/dags/tasks/recsys_data_sync.py
[2025-11-17T20:50:36.529+0000] {processor.py:841} WARNING - No viable dags retrieved from /opt/airflow/dags/tasks/recsys_data_sync.py
[2025-11-17T20:50:36.540+0000] {processor.py:179} INFO - Processing /opt/airflow/dags/tasks/recsys_data_sync.py took 0.196 seconds
[2025-11-17T20:51:06.975+0000] {processor.py:157} INFO - Started process (PID=233) to work on /opt/airflow/dags/tasks/recsys_data_sync.py
[2025-11-17T20:51:06.975+0000] {processor.py:829} INFO - Processing file /opt/airflow/dags/tasks/recsys_data_sync.py for tasks to queue
[2025-11-17T20:51:06.976+0000] {logging_mixin.py:154} INFO - [2025-11-17T20:51:06.975+0000] {dagbag.py:536} INFO - Filling up the DagBag from /opt/airflow/dags/tasks/recsys_data_sync.py
[2025-11-17T20:51:07.153+0000] {processor.py:841} WARNING - No viable dags retrieved from /opt/airflow/dags/tasks/recsys_data_sync.py
[2025-11-17T20:51:07.164+0000] {processor.py:179} INFO - Processing /opt/airflow/dags/tasks/recsys_data_sync.py took 0.192 seconds
[2025-11-17T20:51:37.329+0000] {processor.py:157} INFO - Started process (PID=456) to work on /opt/airflow/dags/tasks/recsys_data_sync.py
[2025-11-17T20:51:37.331+0000] {processor.py:829} INFO - Processing file /opt/airflow/dags/tasks/recsys_data_sync.py for tasks to queue
[2025-11-17T20:51:37.332+0000] {logging_mixin.py:154} INFO - [2025-11-17T20:51:37.331+0000] {dagbag.py:536} INFO - Filling up the DagBag from /opt/airflow/dags/tasks/recsys_data_sync.py
[2025-11-17T20:51:37.602+0000] {processor.py:841} WARNING - No viable dags retrieved from /opt/airflow/dags/tasks/recsys_data_sync.py
[2025-11-17T20:51:37.645+0000] {processor.py:179} INFO - Processing /opt/airflow/dags/tasks/recsys_data_sync.py took 0.320 seconds
[2025-11-17T20:52:07.715+0000] {processor.py:157} INFO - Started process (PID=634) to work on /opt/airflow/dags/tasks/recsys_data_sync.py
[2025-11-17T20:52:07.716+0000] {processor.py:829} INFO - Processing file /opt/airflow/dags/tasks/recsys_data_sync.py for tasks to queue
[2025-11-17T20:52:07.717+0000] {logging_mixin.py:154} INFO - [2025-11-17T20:52:07.716+0000] {dagbag.py:536} INFO - Filling up the DagBag from /opt/airflow/dags/tasks/recsys_data_sync.py
[2025-11-17T20:52:07.890+0000] {processor.py:841} WARNING - No viable dags retrieved from /opt/airflow/dags/tasks/recsys_data_sync.py
[2025-11-17T20:52:07.901+0000] {processor.py:179} INFO - Processing /opt/airflow/dags/tasks/recsys_data_sync.py took 0.189 seconds
[2025-11-17T20:52:37.963+0000] {processor.py:157} INFO - Started process (PID=699) to work on /opt/airflow/dags/tasks/recsys_data_sync.py
[2025-11-17T20:52:37.963+0000] {processor.py:829} INFO - Processing file /opt/airflow/dags/tasks/recsys_data_sync.py for tasks to queue
[2025-11-17T20:52:37.964+0000] {logging_mixin.py:154} INFO - [2025-11-17T20:52:37.964+0000] {dagbag.py:536} INFO - Filling up the DagBag from /opt/airflow/dags/tasks/recsys_data_sync.py
[2025-11-17T20:52:38.152+0000] {processor.py:841} WARNING - No viable dags retrieved from /opt/airflow/dags/tasks/recsys_data_sync.py
[2025-11-17T20:52:38.165+0000] {processor.py:179} INFO - Processing /opt/airflow/dags/tasks/recsys_data_sync.py took 0.205 seconds
[2025-11-17T20:53:08.310+0000] {processor.py:157} INFO - Started process (PID=764) to work on /opt/airflow/dags/tasks/recsys_data_sync.py
[2025-11-17T20:53:08.310+0000] {processor.py:829} INFO - Processing file /opt/airflow/dags/tasks/recsys_data_sync.py for tasks to queue
[2025-11-17T20:53:08.311+0000] {logging_mixin.py:154} INFO - [2025-11-17T20:53:08.311+0000] {dagbag.py:536} INFO - Filling up the DagBag from /opt/airflow/dags/tasks/recsys_data_sync.py
[2025-11-17T20:53:08.561+0000] {processor.py:841} WARNING - No viable dags retrieved from /opt/airflow/dags/tasks/recsys_data_sync.py
[2025-11-17T20:53:08.588+0000] {processor.py:179} INFO - Processing /opt/airflow/dags/tasks/recsys_data_sync.py took 0.281 seconds
[2025-11-17T20:53:38.876+0000] {processor.py:157} INFO - Started process (PID=822) to work on /opt/airflow/dags/tasks/recsys_data_sync.py
[2025-11-17T20:53:38.877+0000] {processor.py:829} INFO - Processing file /opt/airflow/dags/tasks/recsys_data_sync.py for tasks to queue
[2025-11-17T20:53:38.878+0000] {logging_mixin.py:154} INFO - [2025-11-17T20:53:38.878+0000] {dagbag.py:536} INFO - Filling up the DagBag from /opt/airflow/dags/tasks/recsys_data_sync.py
[2025-11-17T20:53:39.077+0000] {processor.py:841} WARNING - No viable dags retrieved from /opt/airflow/dags/tasks/recsys_data_sync.py
[2025-11-17T20:53:39.090+0000] {processor.py:179} INFO - Processing /opt/airflow/dags/tasks/recsys_data_sync.py took 0.217 seconds
[2025-11-17T20:54:09.137+0000] {processor.py:157} INFO - Started process (PID=887) to work on /opt/airflow/dags/tasks/recsys_data_sync.py
[2025-11-17T20:54:09.138+0000] {processor.py:829} INFO - Processing file /opt/airflow/dags/tasks/recsys_data_sync.py for tasks to queue
[2025-11-17T20:54:09.138+0000] {logging_mixin.py:154} INFO - [2025-11-17T20:54:09.138+0000] {dagbag.py:536} INFO - Filling up the DagBag from /opt/airflow/dags/tasks/recsys_data_sync.py
[2025-11-17T20:54:09.312+0000] {processor.py:841} WARNING - No viable dags retrieved from /opt/airflow/dags/tasks/recsys_data_sync.py
[2025-11-17T20:54:09.324+0000] {processor.py:179} INFO - Processing /opt/airflow/dags/tasks/recsys_data_sync.py took 0.190 seconds
[2025-11-17T20:54:39.612+0000] {processor.py:157} INFO - Started process (PID=952) to work on /opt/airflow/dags/tasks/recsys_data_sync.py
[2025-11-17T20:54:39.612+0000] {processor.py:829} INFO - Processing file /opt/airflow/dags/tasks/recsys_data_sync.py for tasks to queue
[2025-11-17T20:54:39.613+0000] {logging_mixin.py:154} INFO - [2025-11-17T20:54:39.613+0000] {dagbag.py:536} INFO - Filling up the DagBag from /opt/airflow/dags/tasks/recsys_data_sync.py
[2025-11-17T20:54:39.811+0000] {processor.py:841} WARNING - No viable dags retrieved from /opt/airflow/dags/tasks/recsys_data_sync.py
[2025-11-17T20:54:39.829+0000] {processor.py:179} INFO - Processing /opt/airflow/dags/tasks/recsys_data_sync.py took 0.220 seconds
[2025-11-17T20:55:10.197+0000] {processor.py:157} INFO - Started process (PID=1023) to work on /opt/airflow/dags/tasks/recsys_data_sync.py
[2025-11-17T20:55:10.198+0000] {processor.py:829} INFO - Processing file /opt/airflow/dags/tasks/recsys_data_sync.py for tasks to queue
[2025-11-17T20:55:10.199+0000] {logging_mixin.py:154} INFO - [2025-11-17T20:55:10.198+0000] {dagbag.py:536} INFO - Filling up the DagBag from /opt/airflow/dags/tasks/recsys_data_sync.py
[2025-11-17T20:55:10.381+0000] {processor.py:841} WARNING - No viable dags retrieved from /opt/airflow/dags/tasks/recsys_data_sync.py
[2025-11-17T20:55:10.393+0000] {processor.py:179} INFO - Processing /opt/airflow/dags/tasks/recsys_data_sync.py took 0.198 seconds
[2025-11-17T20:55:40.862+0000] {processor.py:157} INFO - Started process (PID=1088) to work on /opt/airflow/dags/tasks/recsys_data_sync.py
[2025-11-17T20:55:40.863+0000] {processor.py:829} INFO - Processing file /opt/airflow/dags/tasks/recsys_data_sync.py for tasks to queue
[2025-11-17T20:55:40.864+0000] {logging_mixin.py:154} INFO - [2025-11-17T20:55:40.863+0000] {dagbag.py:536} INFO - Filling up the DagBag from /opt/airflow/dags/tasks/recsys_data_sync.py
[2025-11-17T20:55:41.090+0000] {processor.py:841} WARNING - No viable dags retrieved from /opt/airflow/dags/tasks/recsys_data_sync.py
[2025-11-17T20:55:41.103+0000] {processor.py:179} INFO - Processing /opt/airflow/dags/tasks/recsys_data_sync.py took 0.244 seconds
[2025-11-17T20:56:11.286+0000] {processor.py:157} INFO - Started process (PID=1146) to work on /opt/airflow/dags/tasks/recsys_data_sync.py
[2025-11-17T20:56:11.288+0000] {processor.py:829} INFO - Processing file /opt/airflow/dags/tasks/recsys_data_sync.py for tasks to queue
[2025-11-17T20:56:11.291+0000] {logging_mixin.py:154} INFO - [2025-11-17T20:56:11.291+0000] {dagbag.py:536} INFO - Filling up the DagBag from /opt/airflow/dags/tasks/recsys_data_sync.py
[2025-11-17T20:56:11.540+0000] {processor.py:841} WARNING - No viable dags retrieved from /opt/airflow/dags/tasks/recsys_data_sync.py
[2025-11-17T20:56:11.555+0000] {processor.py:179} INFO - Processing /opt/airflow/dags/tasks/recsys_data_sync.py took 0.274 seconds
[2025-11-17T20:56:41.697+0000] {processor.py:157} INFO - Started process (PID=1211) to work on /opt/airflow/dags/tasks/recsys_data_sync.py
[2025-11-17T20:56:41.698+0000] {processor.py:829} INFO - Processing file /opt/airflow/dags/tasks/recsys_data_sync.py for tasks to queue
[2025-11-17T20:56:41.699+0000] {logging_mixin.py:154} INFO - [2025-11-17T20:56:41.699+0000] {dagbag.py:536} INFO - Filling up the DagBag from /opt/airflow/dags/tasks/recsys_data_sync.py
[2025-11-17T20:56:41.892+0000] {processor.py:841} WARNING - No viable dags retrieved from /opt/airflow/dags/tasks/recsys_data_sync.py
[2025-11-17T20:56:41.903+0000] {processor.py:179} INFO - Processing /opt/airflow/dags/tasks/recsys_data_sync.py took 0.209 seconds
[2025-11-17T20:57:12.862+0000] {processor.py:157} INFO - Started process (PID=1286) to work on /opt/airflow/dags/tasks/recsys_data_sync.py
[2025-11-17T20:57:12.864+0000] {processor.py:829} INFO - Processing file /opt/airflow/dags/tasks/recsys_data_sync.py for tasks to queue
[2025-11-17T20:57:12.865+0000] {logging_mixin.py:154} INFO - [2025-11-17T20:57:12.864+0000] {dagbag.py:536} INFO - Filling up the DagBag from /opt/airflow/dags/tasks/recsys_data_sync.py
[2025-11-17T20:57:13.136+0000] {processor.py:841} WARNING - No viable dags retrieved from /opt/airflow/dags/tasks/recsys_data_sync.py
[2025-11-17T20:57:13.149+0000] {processor.py:179} INFO - Processing /opt/airflow/dags/tasks/recsys_data_sync.py took 0.291 seconds
[2025-11-17T20:57:44.115+0000] {processor.py:157} INFO - Started process (PID=1351) to work on /opt/airflow/dags/tasks/recsys_data_sync.py
[2025-11-17T20:57:44.116+0000] {processor.py:829} INFO - Processing file /opt/airflow/dags/tasks/recsys_data_sync.py for tasks to queue
[2025-11-17T20:57:44.116+0000] {logging_mixin.py:154} INFO - [2025-11-17T20:57:44.116+0000] {dagbag.py:536} INFO - Filling up the DagBag from /opt/airflow/dags/tasks/recsys_data_sync.py
[2025-11-17T20:57:44.614+0000] {processor.py:841} WARNING - No viable dags retrieved from /opt/airflow/dags/tasks/recsys_data_sync.py
[2025-11-17T20:57:44.630+0000] {processor.py:179} INFO - Processing /opt/airflow/dags/tasks/recsys_data_sync.py took 0.518 seconds
[2025-11-17T20:58:15.650+0000] {processor.py:157} INFO - Started process (PID=1416) to work on /opt/airflow/dags/tasks/recsys_data_sync.py
[2025-11-17T20:58:15.651+0000] {processor.py:829} INFO - Processing file /opt/airflow/dags/tasks/recsys_data_sync.py for tasks to queue
[2025-11-17T20:58:15.652+0000] {logging_mixin.py:154} INFO - [2025-11-17T20:58:15.652+0000] {dagbag.py:536} INFO - Filling up the DagBag from /opt/airflow/dags/tasks/recsys_data_sync.py
[2025-11-17T20:58:15.887+0000] {processor.py:841} WARNING - No viable dags retrieved from /opt/airflow/dags/tasks/recsys_data_sync.py
[2025-11-17T20:58:15.900+0000] {processor.py:179} INFO - Processing /opt/airflow/dags/tasks/recsys_data_sync.py took 0.255 seconds
[2025-11-17T20:58:46.804+0000] {processor.py:157} INFO - Started process (PID=1474) to work on /opt/airflow/dags/tasks/recsys_data_sync.py
[2025-11-17T20:58:46.805+0000] {processor.py:829} INFO - Processing file /opt/airflow/dags/tasks/recsys_data_sync.py for tasks to queue
[2025-11-17T20:58:46.806+0000] {logging_mixin.py:154} INFO - [2025-11-17T20:58:46.805+0000] {dagbag.py:536} INFO - Filling up the DagBag from /opt/airflow/dags/tasks/recsys_data_sync.py
[2025-11-17T20:58:47.018+0000] {processor.py:841} WARNING - No viable dags retrieved from /opt/airflow/dags/tasks/recsys_data_sync.py
[2025-11-17T20:58:47.034+0000] {processor.py:179} INFO - Processing /opt/airflow/dags/tasks/recsys_data_sync.py took 0.232 seconds
[2025-11-17T20:59:17.975+0000] {processor.py:157} INFO - Started process (PID=1602) to work on /opt/airflow/dags/tasks/recsys_data_sync.py
[2025-11-17T20:59:17.976+0000] {processor.py:829} INFO - Processing file /opt/airflow/dags/tasks/recsys_data_sync.py for tasks to queue
[2025-11-17T20:59:17.976+0000] {logging_mixin.py:154} INFO - [2025-11-17T20:59:17.976+0000] {dagbag.py:536} INFO - Filling up the DagBag from /opt/airflow/dags/tasks/recsys_data_sync.py
[2025-11-17T20:59:18.537+0000] {processor.py:841} WARNING - No viable dags retrieved from /opt/airflow/dags/tasks/recsys_data_sync.py
[2025-11-17T20:59:18.558+0000] {processor.py:179} INFO - Processing /opt/airflow/dags/tasks/recsys_data_sync.py took 0.587 seconds
[2025-11-17T20:59:48.630+0000] {processor.py:157} INFO - Started process (PID=1766) to work on /opt/airflow/dags/tasks/recsys_data_sync.py
[2025-11-17T20:59:48.630+0000] {processor.py:829} INFO - Processing file /opt/airflow/dags/tasks/recsys_data_sync.py for tasks to queue
[2025-11-17T20:59:48.631+0000] {logging_mixin.py:154} INFO - [2025-11-17T20:59:48.631+0000] {dagbag.py:536} INFO - Filling up the DagBag from /opt/airflow/dags/tasks/recsys_data_sync.py
[2025-11-17T20:59:49.061+0000] {processor.py:841} WARNING - No viable dags retrieved from /opt/airflow/dags/tasks/recsys_data_sync.py
[2025-11-17T20:59:49.071+0000] {processor.py:179} INFO - Processing /opt/airflow/dags/tasks/recsys_data_sync.py took 0.449 seconds
[2025-11-17T21:00:19.299+0000] {processor.py:157} INFO - Started process (PID=1866) to work on /opt/airflow/dags/tasks/recsys_data_sync.py
[2025-11-17T21:00:19.300+0000] {processor.py:829} INFO - Processing file /opt/airflow/dags/tasks/recsys_data_sync.py for tasks to queue
[2025-11-17T21:00:19.300+0000] {logging_mixin.py:154} INFO - [2025-11-17T21:00:19.300+0000] {dagbag.py:536} INFO - Filling up the DagBag from /opt/airflow/dags/tasks/recsys_data_sync.py
[2025-11-17T21:00:19.514+0000] {processor.py:841} WARNING - No viable dags retrieved from /opt/airflow/dags/tasks/recsys_data_sync.py
[2025-11-17T21:00:19.525+0000] {processor.py:179} INFO - Processing /opt/airflow/dags/tasks/recsys_data_sync.py took 0.229 seconds
[2025-11-17T21:00:49.972+0000] {processor.py:157} INFO - Started process (PID=2002) to work on /opt/airflow/dags/tasks/recsys_data_sync.py
[2025-11-17T21:00:49.973+0000] {processor.py:829} INFO - Processing file /opt/airflow/dags/tasks/recsys_data_sync.py for tasks to queue
[2025-11-17T21:00:49.973+0000] {logging_mixin.py:154} INFO - [2025-11-17T21:00:49.973+0000] {dagbag.py:536} INFO - Filling up the DagBag from /opt/airflow/dags/tasks/recsys_data_sync.py
[2025-11-17T21:00:50.333+0000] {processor.py:841} WARNING - No viable dags retrieved from /opt/airflow/dags/tasks/recsys_data_sync.py
[2025-11-17T21:00:50.344+0000] {processor.py:179} INFO - Processing /opt/airflow/dags/tasks/recsys_data_sync.py took 0.376 seconds
[2025-11-17T21:01:20.747+0000] {processor.py:157} INFO - Started process (PID=2067) to work on /opt/airflow/dags/tasks/recsys_data_sync.py
[2025-11-17T21:01:20.748+0000] {processor.py:829} INFO - Processing file /opt/airflow/dags/tasks/recsys_data_sync.py for tasks to queue
[2025-11-17T21:01:20.749+0000] {logging_mixin.py:154} INFO - [2025-11-17T21:01:20.749+0000] {dagbag.py:536} INFO - Filling up the DagBag from /opt/airflow/dags/tasks/recsys_data_sync.py
[2025-11-17T21:01:21.162+0000] {processor.py:841} WARNING - No viable dags retrieved from /opt/airflow/dags/tasks/recsys_data_sync.py
[2025-11-17T21:01:21.172+0000] {processor.py:179} INFO - Processing /opt/airflow/dags/tasks/recsys_data_sync.py took 0.427 seconds
[2025-11-17T21:01:51.656+0000] {processor.py:157} INFO - Started process (PID=2132) to work on /opt/airflow/dags/tasks/recsys_data_sync.py
[2025-11-17T21:01:51.657+0000] {processor.py:829} INFO - Processing file /opt/airflow/dags/tasks/recsys_data_sync.py for tasks to queue
[2025-11-17T21:01:51.658+0000] {logging_mixin.py:154} INFO - [2025-11-17T21:01:51.657+0000] {dagbag.py:536} INFO - Filling up the DagBag from /opt/airflow/dags/tasks/recsys_data_sync.py
[2025-11-17T21:01:51.843+0000] {processor.py:841} WARNING - No viable dags retrieved from /opt/airflow/dags/tasks/recsys_data_sync.py
[2025-11-17T21:01:51.854+0000] {processor.py:179} INFO - Processing /opt/airflow/dags/tasks/recsys_data_sync.py took 0.201 seconds
[2025-11-17T21:02:22.167+0000] {processor.py:157} INFO - Started process (PID=2197) to work on /opt/airflow/dags/tasks/recsys_data_sync.py
[2025-11-17T21:02:22.168+0000] {processor.py:829} INFO - Processing file /opt/airflow/dags/tasks/recsys_data_sync.py for tasks to queue
[2025-11-17T21:02:22.168+0000] {logging_mixin.py:154} INFO - [2025-11-17T21:02:22.168+0000] {dagbag.py:536} INFO - Filling up the DagBag from /opt/airflow/dags/tasks/recsys_data_sync.py
[2025-11-17T21:02:22.080+0000] {processor.py:841} WARNING - No viable dags retrieved from /opt/airflow/dags/tasks/recsys_data_sync.py
[2025-11-17T21:02:22.089+0000] {processor.py:179} INFO - Processing /opt/airflow/dags/tasks/recsys_data_sync.py took 0.357 seconds
[2025-11-17T21:02:53.114+0000] {processor.py:157} INFO - Started process (PID=2248) to work on /opt/airflow/dags/tasks/recsys_data_sync.py
[2025-11-17T21:02:53.115+0000] {processor.py:829} INFO - Processing file /opt/airflow/dags/tasks/recsys_data_sync.py for tasks to queue
[2025-11-17T21:02:53.116+0000] {logging_mixin.py:154} INFO - [2025-11-17T21:02:53.115+0000] {dagbag.py:536} INFO - Filling up the DagBag from /opt/airflow/dags/tasks/recsys_data_sync.py
[2025-11-17T21:02:53.433+0000] {processor.py:841} WARNING - No viable dags retrieved from /opt/airflow/dags/tasks/recsys_data_sync.py
[2025-11-17T21:02:53.442+0000] {processor.py:179} INFO - Processing /opt/airflow/dags/tasks/recsys_data_sync.py took 0.330 seconds
[2025-11-17T21:03:24.438+0000] {processor.py:157} INFO - Started process (PID=2310) to work on /opt/airflow/dags/tasks/recsys_data_sync.py
[2025-11-17T21:03:24.439+0000] {processor.py:829} INFO - Processing file /opt/airflow/dags/tasks/recsys_data_sync.py for tasks to queue
[2025-11-17T21:03:24.439+0000] {logging_mixin.py:154} INFO - [2025-11-17T21:03:24.439+0000] {dagbag.py:536} INFO - Filling up the DagBag from /opt/airflow/dags/tasks/recsys_data_sync.py
[2025-11-17T21:03:24.781+0000] {processor.py:841} WARNING - No viable dags retrieved from /opt/airflow/dags/tasks/recsys_data_sync.py
[2025-11-17T21:03:24.791+0000] {processor.py:179} INFO - Processing /opt/airflow/dags/tasks/recsys_data_sync.py took 0.356 seconds
[2025-11-17T21:03:55.721+0000] {processor.py:157} INFO - Started process (PID=2432) to work on /opt/airflow/dags/tasks/recsys_data_sync.py
[2025-11-17T21:03:55.721+0000] {processor.py:829} INFO - Processing file /opt/airflow/dags/tasks/recsys_data_sync.py for tasks to queue
[2025-11-17T21:03:55.722+0000] {logging_mixin.py:154} INFO - [2025-11-17T21:03:55.722+0000] {dagbag.py:536} INFO - Filling up the DagBag from /opt/airflow/dags/tasks/recsys_data_sync.py
[2025-11-17T21:03:56.059+0000] {processor.py:841} WARNING - No viable dags retrieved from /opt/airflow/dags/tasks/recsys_data_sync.py
[2025-11-17T21:03:56.073+0000] {processor.py:179} INFO - Processing /opt/airflow/dags/tasks/recsys_data_sync.py took 0.355 seconds
[2025-11-17T21:04:26.550+0000] {processor.py:157} INFO - Started process (PID=2596) to work on /opt/airflow/dags/tasks/recsys_data_sync.py
[2025-11-17T21:04:26.551+0000] {processor.py:829} INFO - Processing file /opt/airflow/dags/tasks/recsys_data_sync.py for tasks to queue
[2025-11-17T21:04:26.552+0000] {logging_mixin.py:154} INFO - [2025-11-17T21:04:26.552+0000] {dagbag.py:536} INFO - Filling up the DagBag from /opt/airflow/dags/tasks/recsys_data_sync.py
[2025-11-17T21:04:27.158+0000] {processor.py:841} WARNING - No viable dags retrieved from /opt/airflow/dags/tasks/recsys_data_sync.py
[2025-11-17T21:04:27.176+0000] {processor.py:179} INFO - Processing /opt/airflow/dags/tasks/recsys_data_sync.py took 0.630 seconds
[2025-11-17T21:04:57.776+0000] {processor.py:157} INFO - Started process (PID=2774) to work on /opt/airflow/dags/tasks/recsys_data_sync.py
[2025-11-17T21:04:57.777+0000] {processor.py:829} INFO - Processing file /opt/airflow/dags/tasks/recsys_data_sync.py for tasks to queue
[2025-11-17T21:04:57.777+0000] {logging_mixin.py:154} INFO - [2025-11-17T21:04:57.777+0000] {dagbag.py:536} INFO - Filling up the DagBag from /opt/airflow/dags/tasks/recsys_data_sync.py
[2025-11-17T21:04:58.084+0000] {processor.py:841} WARNING - No viable dags retrieved from /opt/airflow/dags/tasks/recsys_data_sync.py
[2025-11-17T21:04:58.093+0000] {processor.py:179} INFO - Processing /opt/airflow/dags/tasks/recsys_data_sync.py took 0.320 seconds
[2025-11-17T21:05:28.964+0000] {processor.py:157} INFO - Started process (PID=2839) to work on /opt/airflow/dags/tasks/recsys_data_sync.py
[2025-11-17T21:05:28.965+0000] {processor.py:829} INFO - Processing file /opt/airflow/dags/tasks/recsys_data_sync.py for tasks to queue
[2025-11-17T21:05:28.966+0000] {logging_mixin.py:154} INFO - [2025-11-17T21:05:28.966+0000] {dagbag.py:536} INFO - Filling up the DagBag from /opt/airflow/dags/tasks/recsys_data_sync.py
[2025-11-17T21:05:29.270+0000] {processor.py:841} WARNING - No viable dags retrieved from /opt/airflow/dags/tasks/recsys_data_sync.py
[2025-11-17T21:05:29.279+0000] {processor.py:179} INFO - Processing /opt/airflow/dags/tasks/recsys_data_sync.py took 0.317 seconds
[2025-11-17T21:06:00.141+0000] {processor.py:157} INFO - Started process (PID=2904) to work on /opt/airflow/dags/tasks/recsys_data_sync.py
[2025-11-17T21:06:00.142+0000] {processor.py:829} INFO - Processing file /opt/airflow/dags/tasks/recsys_data_sync.py for tasks to queue
[2025-11-17T21:06:00.143+0000] {logging_mixin.py:154} INFO - [2025-11-17T21:06:00.143+0000] {dagbag.py:536} INFO - Filling up the DagBag from /opt/airflow/dags/tasks/recsys_data_sync.py
[2025-11-17T21:06:00.474+0000] {processor.py:841} WARNING - No viable dags retrieved from /opt/airflow/dags/tasks/recsys_data_sync.py
[2025-11-17T21:06:00.482+0000] {processor.py:179} INFO - Processing /opt/airflow/dags/tasks/recsys_data_sync.py took 0.344 seconds
[2025-11-17T21:06:31.329+0000] {processor.py:157} INFO - Started process (PID=2968) to work on /opt/airflow/dags/tasks/recsys_data_sync.py
[2025-11-17T21:06:31.330+0000] {processor.py:829} INFO - Processing file /opt/airflow/dags/tasks/recsys_data_sync.py for tasks to queue
[2025-11-17T21:06:31.330+0000] {logging_mixin.py:154} INFO - [2025-11-17T21:06:31.330+0000] {dagbag.py:536} INFO - Filling up the DagBag from /opt/airflow/dags/tasks/recsys_data_sync.py
[2025-11-17T21:06:31.661+0000] {processor.py:841} WARNING - No viable dags retrieved from /opt/airflow/dags/tasks/recsys_data_sync.py
[2025-11-17T21:06:31.669+0000] {processor.py:179} INFO - Processing /opt/airflow/dags/tasks/recsys_data_sync.py took 0.343 seconds
[2025-11-17T21:07:02.568+0000] {processor.py:157} INFO - Started process (PID=3027) to work on /opt/airflow/dags/tasks/recsys_data_sync.py
[2025-11-17T21:07:02.568+0000] {processor.py:829} INFO - Processing file /opt/airflow/dags/tasks/recsys_data_sync.py for tasks to queue
[2025-11-17T21:07:02.569+0000] {logging_mixin.py:154} INFO - [2025-11-17T21:07:02.569+0000] {dagbag.py:536} INFO - Filling up the DagBag from /opt/airflow/dags/tasks/recsys_data_sync.py
[2025-11-17T21:07:02.894+0000] {processor.py:841} WARNING - No viable dags retrieved from /opt/airflow/dags/tasks/recsys_data_sync.py
[2025-11-17T21:07:02.902+0000] {processor.py:179} INFO - Processing /opt/airflow/dags/tasks/recsys_data_sync.py took 0.338 seconds
[2025-11-17T21:07:33.843+0000] {processor.py:157} INFO - Started process (PID=3092) to work on /opt/airflow/dags/tasks/recsys_data_sync.py
[2025-11-17T21:07:33.845+0000] {processor.py:829} INFO - Processing file /opt/airflow/dags/tasks/recsys_data_sync.py for tasks to queue
[2025-11-17T21:07:33.845+0000] {logging_mixin.py:154} INFO - [2025-11-17T21:07:33.845+0000] {dagbag.py:536} INFO - Filling up the DagBag from /opt/airflow/dags/tasks/recsys_data_sync.py
[2025-11-17T21:07:34.169+0000] {processor.py:841} WARNING - No viable dags retrieved from /opt/airflow/dags/tasks/recsys_data_sync.py
[2025-11-17T21:07:34.178+0000] {processor.py:179} INFO - Processing /opt/airflow/dags/tasks/recsys_data_sync.py took 0.338 seconds
[2025-11-17T21:08:05.010+0000] {processor.py:157} INFO - Started process (PID=3157) to work on /opt/airflow/dags/tasks/recsys_data_sync.py
[2025-11-17T21:08:05.012+0000] {processor.py:829} INFO - Processing file /opt/airflow/dags/tasks/recsys_data_sync.py for tasks to queue
[2025-11-17T21:08:05.012+0000] {logging_mixin.py:154} INFO - [2025-11-17T21:08:05.012+0000] {dagbag.py:536} INFO - Filling up the DagBag from /opt/airflow/dags/tasks/recsys_data_sync.py
[2025-11-17T21:08:05.351+0000] {processor.py:841} WARNING - No viable dags retrieved from /opt/airflow/dags/tasks/recsys_data_sync.py
[2025-11-17T21:08:05.360+0000] {processor.py:179} INFO - Processing /opt/airflow/dags/tasks/recsys_data_sync.py took 0.354 seconds
[2025-11-17T21:08:35.885+0000] {processor.py:157} INFO - Started process (PID=3222) to work on /opt/airflow/dags/tasks/recsys_data_sync.py
[2025-11-17T21:08:35.886+0000] {processor.py:829} INFO - Processing file /opt/airflow/dags/tasks/recsys_data_sync.py for tasks to queue
[2025-11-17T21:08:35.886+0000] {logging_mixin.py:154} INFO - [2025-11-17T21:08:35.886+0000] {dagbag.py:536} INFO - Filling up the DagBag from /opt/airflow/dags/tasks/recsys_data_sync.py
[2025-11-17T21:08:36.183+0000] {processor.py:841} WARNING - No viable dags retrieved from /opt/airflow/dags/tasks/recsys_data_sync.py
[2025-11-17T21:08:36.192+0000] {processor.py:179} INFO - Processing /opt/airflow/dags/tasks/recsys_data_sync.py took 0.310 seconds
[2025-11-17T21:09:07.095+0000] {processor.py:157} INFO - Started process (PID=3287) to work on /opt/airflow/dags/tasks/recsys_data_sync.py
[2025-11-17T21:09:07.097+0000] {processor.py:829} INFO - Processing file /opt/airflow/dags/tasks/recsys_data_sync.py for tasks to queue
[2025-11-17T21:09:07.097+0000] {logging_mixin.py:154} INFO - [2025-11-17T21:09:07.097+0000] {dagbag.py:536} INFO - Filling up the DagBag from /opt/airflow/dags/tasks/recsys_data_sync.py
[2025-11-17T21:09:07.432+0000] {processor.py:841} WARNING - No viable dags retrieved from /opt/airflow/dags/tasks/recsys_data_sync.py
[2025-11-17T21:09:07.441+0000] {processor.py:179} INFO - Processing /opt/airflow/dags/tasks/recsys_data_sync.py took 0.348 seconds
[2025-11-17T21:09:38.225+0000] {processor.py:157} INFO - Started process (PID=3352) to work on /opt/airflow/dags/tasks/recsys_data_sync.py
[2025-11-17T21:09:38.225+0000] {processor.py:829} INFO - Processing file /opt/airflow/dags/tasks/recsys_data_sync.py for tasks to queue
[2025-11-17T21:09:38.226+0000] {logging_mixin.py:154} INFO - [2025-11-17T21:09:38.226+0000] {dagbag.py:536} INFO - Filling up the DagBag from /opt/airflow/dags/tasks/recsys_data_sync.py
[2025-11-17T21:09:38.544+0000] {processor.py:841} WARNING - No viable dags retrieved from /opt/airflow/dags/tasks/recsys_data_sync.py
[2025-11-17T21:09:38.553+0000] {processor.py:179} INFO - Processing /opt/airflow/dags/tasks/recsys_data_sync.py took 0.331 seconds
[2025-11-17T21:10:08.671+0000] {processor.py:157} INFO - Started process (PID=3410) to work on /opt/airflow/dags/tasks/recsys_data_sync.py
[2025-11-17T21:10:08.672+0000] {processor.py:829} INFO - Processing file /opt/airflow/dags/tasks/recsys_data_sync.py for tasks to queue
[2025-11-17T21:10:08.672+0000] {logging_mixin.py:154} INFO - [2025-11-17T21:10:08.672+0000] {dagbag.py:536} INFO - Filling up the DagBag from /opt/airflow/dags/tasks/recsys_data_sync.py
[2025-11-17T21:10:08.984+0000] {processor.py:841} WARNING - No viable dags retrieved from /opt/airflow/dags/tasks/recsys_data_sync.py
[2025-11-17T21:10:08.995+0000] {processor.py:179} INFO - Processing /opt/airflow/dags/tasks/recsys_data_sync.py took 0.326 seconds
[2025-11-17T21:10:39.324+0000] {processor.py:157} INFO - Started process (PID=3475) to work on /opt/airflow/dags/tasks/recsys_data_sync.py
[2025-11-17T21:10:39.325+0000] {processor.py:829} INFO - Processing file /opt/airflow/dags/tasks/recsys_data_sync.py for tasks to queue
[2025-11-17T21:10:39.325+0000] {logging_mixin.py:154} INFO - [2025-11-17T21:10:39.325+0000] {dagbag.py:536} INFO - Filling up the DagBag from /opt/airflow/dags/tasks/recsys_data_sync.py
[2025-11-17T21:10:39.640+0000] {processor.py:841} WARNING - No viable dags retrieved from /opt/airflow/dags/tasks/recsys_data_sync.py
[2025-11-17T21:10:39.649+0000] {processor.py:179} INFO - Processing /opt/airflow/dags/tasks/recsys_data_sync.py took 0.327 seconds
[2025-11-17T21:11:09.824+0000] {processor.py:157} INFO - Started process (PID=3540) to work on /opt/airflow/dags/tasks/recsys_data_sync.py
[2025-11-17T21:11:09.824+0000] {processor.py:829} INFO - Processing file /opt/airflow/dags/tasks/recsys_data_sync.py for tasks to queue
[2025-11-17T21:11:09.825+0000] {logging_mixin.py:154} INFO - [2025-11-17T21:11:09.825+0000] {dagbag.py:536} INFO - Filling up the DagBag from /opt/airflow/dags/tasks/recsys_data_sync.py
[2025-11-17T21:11:10.189+0000] {processor.py:841} WARNING - No viable dags retrieved from /opt/airflow/dags/tasks/recsys_data_sync.py
[2025-11-17T21:11:10.198+0000] {processor.py:179} INFO - Processing /opt/airflow/dags/tasks/recsys_data_sync.py took 0.377 seconds
[2025-11-17T21:11:40.442+0000] {processor.py:157} INFO - Started process (PID=3605) to work on /opt/airflow/dags/tasks/recsys_data_sync.py
[2025-11-17T21:11:40.443+0000] {processor.py:829} INFO - Processing file /opt/airflow/dags/tasks/recsys_data_sync.py for tasks to queue
[2025-11-17T21:11:40.443+0000] {logging_mixin.py:154} INFO - [2025-11-17T21:11:40.443+0000] {dagbag.py:536} INFO - Filling up the DagBag from /opt/airflow/dags/tasks/recsys_data_sync.py
[2025-11-17T21:11:40.748+0000] {processor.py:841} WARNING - No viable dags retrieved from /opt/airflow/dags/tasks/recsys_data_sync.py
[2025-11-17T21:11:40.766+0000] {processor.py:179} INFO - Processing /opt/airflow/dags/tasks/recsys_data_sync.py took 0.326 seconds
[2025-11-17T21:12:10.972+0000] {processor.py:157} INFO - Started process (PID=3670) to work on /opt/airflow/dags/tasks/recsys_data_sync.py
[2025-11-17T21:12:10.973+0000] {processor.py:829} INFO - Processing file /opt/airflow/dags/tasks/recsys_data_sync.py for tasks to queue
[2025-11-17T21:12:10.974+0000] {logging_mixin.py:154} INFO - [2025-11-17T21:12:10.974+0000] {dagbag.py:536} INFO - Filling up the DagBag from /opt/airflow/dags/tasks/recsys_data_sync.py
[2025-11-17T21:12:11.294+0000] {processor.py:841} WARNING - No viable dags retrieved from /opt/airflow/dags/tasks/recsys_data_sync.py
[2025-11-17T21:12:11.303+0000] {processor.py:179} INFO - Processing /opt/airflow/dags/tasks/recsys_data_sync.py took 0.333 seconds
[2025-11-17T21:12:41.774+0000] {processor.py:157} INFO - Started process (PID=3728) to work on /opt/airflow/dags/tasks/recsys_data_sync.py
[2025-11-17T21:12:41.775+0000] {processor.py:829} INFO - Processing file /opt/airflow/dags/tasks/recsys_data_sync.py for tasks to queue
[2025-11-17T21:12:41.776+0000] {logging_mixin.py:154} INFO - [2025-11-17T21:12:41.776+0000] {dagbag.py:536} INFO - Filling up the DagBag from /opt/airflow/dags/tasks/recsys_data_sync.py
[2025-11-17T21:12:42.202+0000] {processor.py:841} WARNING - No viable dags retrieved from /opt/airflow/dags/tasks/recsys_data_sync.py
[2025-11-17T21:12:42.212+0000] {processor.py:179} INFO - Processing /opt/airflow/dags/tasks/recsys_data_sync.py took 0.442 seconds
[2025-11-17T21:13:12.541+0000] {processor.py:157} INFO - Started process (PID=3794) to work on /opt/airflow/dags/tasks/recsys_data_sync.py
[2025-11-17T21:13:12.542+0000] {processor.py:829} INFO - Processing file /opt/airflow/dags/tasks/recsys_data_sync.py for tasks to queue
[2025-11-17T21:13:12.542+0000] {logging_mixin.py:154} INFO - [2025-11-17T21:13:12.542+0000] {dagbag.py:536} INFO - Filling up the DagBag from /opt/airflow/dags/tasks/recsys_data_sync.py
[2025-11-17T21:13:12.901+0000] {processor.py:841} WARNING - No viable dags retrieved from /opt/airflow/dags/tasks/recsys_data_sync.py
[2025-11-17T21:13:12.910+0000] {processor.py:179} INFO - Processing /opt/airflow/dags/tasks/recsys_data_sync.py took 0.372 seconds
[2025-11-17T21:13:43.098+0000] {processor.py:157} INFO - Started process (PID=3859) to work on /opt/airflow/dags/tasks/recsys_data_sync.py
[2025-11-17T21:13:43.099+0000] {processor.py:829} INFO - Processing file /opt/airflow/dags/tasks/recsys_data_sync.py for tasks to queue
[2025-11-17T21:13:43.100+0000] {logging_mixin.py:154} INFO - [2025-11-17T21:13:43.100+0000] {dagbag.py:536} INFO - Filling up the DagBag from /opt/airflow/dags/tasks/recsys_data_sync.py
[2025-11-17T21:13:43.431+0000] {processor.py:841} WARNING - No viable dags retrieved from /opt/airflow/dags/tasks/recsys_data_sync.py
[2025-11-17T21:13:43.442+0000] {processor.py:179} INFO - Processing /opt/airflow/dags/tasks/recsys_data_sync.py took 0.346 seconds
[2025-11-17T21:14:13.752+0000] {processor.py:157} INFO - Started process (PID=3924) to work on /opt/airflow/dags/tasks/recsys_data_sync.py
[2025-11-17T21:14:13.753+0000] {processor.py:829} INFO - Processing file /opt/airflow/dags/tasks/recsys_data_sync.py for tasks to queue
[2025-11-17T21:14:13.753+0000] {logging_mixin.py:154} INFO - [2025-11-17T21:14:13.753+0000] {dagbag.py:536} INFO - Filling up the DagBag from /opt/airflow/dags/tasks/recsys_data_sync.py
[2025-11-17T21:14:14.066+0000] {processor.py:841} WARNING - No viable dags retrieved from /opt/airflow/dags/tasks/recsys_data_sync.py
[2025-11-17T21:14:14.074+0000] {processor.py:179} INFO - Processing /opt/airflow/dags/tasks/recsys_data_sync.py took 0.325 seconds
[2025-11-17T21:14:44.315+0000] {processor.py:157} INFO - Started process (PID=3989) to work on /opt/airflow/dags/tasks/recsys_data_sync.py
[2025-11-17T21:14:44.316+0000] {processor.py:829} INFO - Processing file /opt/airflow/dags/tasks/recsys_data_sync.py for tasks to queue
[2025-11-17T21:14:44.317+0000] {logging_mixin.py:154} INFO - [2025-11-17T21:14:44.316+0000] {dagbag.py:536} INFO - Filling up the DagBag from /opt/airflow/dags/tasks/recsys_data_sync.py
[2025-11-17T21:14:44.812+0000] {processor.py:841} WARNING - No viable dags retrieved from /opt/airflow/dags/tasks/recsys_data_sync.py
[2025-11-17T21:14:44.829+0000] {processor.py:179} INFO - Processing /opt/airflow/dags/tasks/recsys_data_sync.py took 0.517 seconds
[2025-11-17T21:15:15.185+0000] {processor.py:157} INFO - Started process (PID=4047) to work on /opt/airflow/dags/tasks/recsys_data_sync.py
[2025-11-17T21:15:15.190+0000] {processor.py:829} INFO - Processing file /opt/airflow/dags/tasks/recsys_data_sync.py for tasks to queue
[2025-11-17T21:15:15.191+0000] {logging_mixin.py:154} INFO - [2025-11-17T21:15:15.190+0000] {dagbag.py:536} INFO - Filling up the DagBag from /opt/airflow/dags/tasks/recsys_data_sync.py
[2025-11-17T21:15:15.487+0000] {processor.py:841} WARNING - No viable dags retrieved from /opt/airflow/dags/tasks/recsys_data_sync.py
[2025-11-17T21:15:15.497+0000] {processor.py:179} INFO - Processing /opt/airflow/dags/tasks/recsys_data_sync.py took 0.315 seconds
[2025-11-17T21:15:45.846+0000] {processor.py:157} INFO - Started process (PID=4112) to work on /opt/airflow/dags/tasks/recsys_data_sync.py
[2025-11-17T21:15:45.846+0000] {processor.py:829} INFO - Processing file /opt/airflow/dags/tasks/recsys_data_sync.py for tasks to queue
[2025-11-17T21:15:45.847+0000] {logging_mixin.py:154} INFO - [2025-11-17T21:15:45.847+0000] {dagbag.py:536} INFO - Filling up the DagBag from /opt/airflow/dags/tasks/recsys_data_sync.py
[2025-11-17T21:15:46.208+0000] {processor.py:841} WARNING - No viable dags retrieved from /opt/airflow/dags/tasks/recsys_data_sync.py
[2025-11-17T21:15:46.217+0000] {processor.py:179} INFO - Processing /opt/airflow/dags/tasks/recsys_data_sync.py took 0.376 seconds
[2025-11-17T21:16:16.432+0000] {processor.py:157} INFO - Started process (PID=4177) to work on /opt/airflow/dags/tasks/recsys_data_sync.py
[2025-11-17T21:16:16.434+0000] {processor.py:829} INFO - Processing file /opt/airflow/dags/tasks/recsys_data_sync.py for tasks to queue
[2025-11-17T21:16:16.434+0000] {logging_mixin.py:154} INFO - [2025-11-17T21:16:16.434+0000] {dagbag.py:536} INFO - Filling up the DagBag from /opt/airflow/dags/tasks/recsys_data_sync.py
[2025-11-17T21:16:16.778+0000] {processor.py:841} WARNING - No viable dags retrieved from /opt/airflow/dags/tasks/recsys_data_sync.py
[2025-11-17T21:16:16.788+0000] {processor.py:179} INFO - Processing /opt/airflow/dags/tasks/recsys_data_sync.py took 0.358 seconds
[2025-11-17T21:16:46.963+0000] {processor.py:157} INFO - Started process (PID=4242) to work on /opt/airflow/dags/tasks/recsys_data_sync.py
[2025-11-17T21:16:46.964+0000] {processor.py:829} INFO - Processing file /opt/airflow/dags/tasks/recsys_data_sync.py for tasks to queue
[2025-11-17T21:16:46.964+0000] {logging_mixin.py:154} INFO - [2025-11-17T21:16:46.964+0000] {dagbag.py:536} INFO - Filling up the DagBag from /opt/airflow/dags/tasks/recsys_data_sync.py
[2025-11-17T21:16:47.267+0000] {processor.py:841} WARNING - No viable dags retrieved from /opt/airflow/dags/tasks/recsys_data_sync.py
[2025-11-17T21:16:47.276+0000] {processor.py:179} INFO - Processing /opt/airflow/dags/tasks/recsys_data_sync.py took 0.316 seconds
[2025-11-17T21:17:16.653+0000] {processor.py:157} INFO - Started process (PID=172) to work on /opt/airflow/dags/tasks/recsys_data_sync.py
[2025-11-17T21:17:16.653+0000] {processor.py:829} INFO - Processing file /opt/airflow/dags/tasks/recsys_data_sync.py for tasks to queue
[2025-11-17T21:17:16.654+0000] {logging_mixin.py:154} INFO - [2025-11-17T21:17:16.654+0000] {dagbag.py:536} INFO - Filling up the DagBag from /opt/airflow/dags/tasks/recsys_data_sync.py
[2025-11-17T21:17:17.049+0000] {processor.py:841} WARNING - No viable dags retrieved from /opt/airflow/dags/tasks/recsys_data_sync.py
[2025-11-17T21:17:17.059+0000] {processor.py:179} INFO - Processing /opt/airflow/dags/tasks/recsys_data_sync.py took 0.409 seconds
[2025-11-17T21:17:47.384+0000] {processor.py:157} INFO - Started process (PID=236) to work on /opt/airflow/dags/tasks/recsys_data_sync.py
[2025-11-17T21:17:47.385+0000] {processor.py:829} INFO - Processing file /opt/airflow/dags/tasks/recsys_data_sync.py for tasks to queue
[2025-11-17T21:17:47.386+0000] {logging_mixin.py:154} INFO - [2025-11-17T21:17:47.386+0000] {dagbag.py:536} INFO - Filling up the DagBag from /opt/airflow/dags/tasks/recsys_data_sync.py
[2025-11-17T21:17:47.733+0000] {processor.py:841} WARNING - No viable dags retrieved from /opt/airflow/dags/tasks/recsys_data_sync.py
[2025-11-17T21:17:47.743+0000] {processor.py:179} INFO - Processing /opt/airflow/dags/tasks/recsys_data_sync.py took 0.362 seconds
[2025-11-17T21:18:17.910+0000] {processor.py:157} INFO - Started process (PID=432) to work on /opt/airflow/dags/tasks/recsys_data_sync.py
[2025-11-17T21:18:17.911+0000] {processor.py:829} INFO - Processing file /opt/airflow/dags/tasks/recsys_data_sync.py for tasks to queue
[2025-11-17T21:18:17.912+0000] {logging_mixin.py:154} INFO - [2025-11-17T21:18:17.911+0000] {dagbag.py:536} INFO - Filling up the DagBag from /opt/airflow/dags/tasks/recsys_data_sync.py
[2025-11-17T21:18:18.236+0000] {processor.py:841} WARNING - No viable dags retrieved from /opt/airflow/dags/tasks/recsys_data_sync.py
[2025-11-17T21:18:18.245+0000] {processor.py:179} INFO - Processing /opt/airflow/dags/tasks/recsys_data_sync.py took 0.338 seconds
[2025-11-17T21:18:48.354+0000] {processor.py:157} INFO - Started process (PID=517) to work on /opt/airflow/dags/tasks/recsys_data_sync.py
[2025-11-17T21:18:48.354+0000] {processor.py:829} INFO - Processing file /opt/airflow/dags/tasks/recsys_data_sync.py for tasks to queue
[2025-11-17T21:18:48.355+0000] {logging_mixin.py:154} INFO - [2025-11-17T21:18:48.355+0000] {dagbag.py:536} INFO - Filling up the DagBag from /opt/airflow/dags/tasks/recsys_data_sync.py
[2025-11-17T21:18:48.661+0000] {processor.py:841} WARNING - No viable dags retrieved from /opt/airflow/dags/tasks/recsys_data_sync.py
[2025-11-17T21:18:48.672+0000] {processor.py:179} INFO - Processing /opt/airflow/dags/tasks/recsys_data_sync.py took 0.321 seconds
[2025-11-17T21:19:18.769+0000] {processor.py:157} INFO - Started process (PID=575) to work on /opt/airflow/dags/tasks/recsys_data_sync.py
[2025-11-17T21:19:18.769+0000] {processor.py:829} INFO - Processing file /opt/airflow/dags/tasks/recsys_data_sync.py for tasks to queue
[2025-11-17T21:19:18.770+0000] {logging_mixin.py:154} INFO - [2025-11-17T21:19:18.770+0000] {dagbag.py:536} INFO - Filling up the DagBag from /opt/airflow/dags/tasks/recsys_data_sync.py
[2025-11-17T21:19:19.115+0000] {processor.py:841} WARNING - No viable dags retrieved from /opt/airflow/dags/tasks/recsys_data_sync.py
[2025-11-17T21:19:19.125+0000] {processor.py:179} INFO - Processing /opt/airflow/dags/tasks/recsys_data_sync.py took 0.359 seconds
[2025-11-17T21:19:49.208+0000] {processor.py:157} INFO - Started process (PID=640) to work on /opt/airflow/dags/tasks/recsys_data_sync.py
[2025-11-17T21:19:49.210+0000] {processor.py:829} INFO - Processing file /opt/airflow/dags/tasks/recsys_data_sync.py for tasks to queue
[2025-11-17T21:19:49.210+0000] {logging_mixin.py:154} INFO - [2025-11-17T21:19:49.210+0000] {dagbag.py:536} INFO - Filling up the DagBag from /opt/airflow/dags/tasks/recsys_data_sync.py
[2025-11-17T21:19:49.527+0000] {processor.py:841} WARNING - No viable dags retrieved from /opt/airflow/dags/tasks/recsys_data_sync.py
[2025-11-17T21:19:49.536+0000] {processor.py:179} INFO - Processing /opt/airflow/dags/tasks/recsys_data_sync.py took 0.330 seconds
[2025-11-17T21:20:19.650+0000] {processor.py:157} INFO - Started process (PID=705) to work on /opt/airflow/dags/tasks/recsys_data_sync.py
[2025-11-17T21:20:19.651+0000] {processor.py:829} INFO - Processing file /opt/airflow/dags/tasks/recsys_data_sync.py for tasks to queue
[2025-11-17T21:20:19.651+0000] {logging_mixin.py:154} INFO - [2025-11-17T21:20:19.651+0000] {dagbag.py:536} INFO - Filling up the DagBag from /opt/airflow/dags/tasks/recsys_data_sync.py
[2025-11-17T21:20:19.947+0000] {processor.py:841} WARNING - No viable dags retrieved from /opt/airflow/dags/tasks/recsys_data_sync.py
[2025-11-17T21:20:19.956+0000] {processor.py:179} INFO - Processing /opt/airflow/dags/tasks/recsys_data_sync.py took 0.309 seconds
[2025-11-17T21:20:50.007+0000] {processor.py:157} INFO - Started process (PID=785) to work on /opt/airflow/dags/tasks/recsys_data_sync.py
[2025-11-17T21:20:50.008+0000] {processor.py:829} INFO - Processing file /opt/airflow/dags/tasks/recsys_data_sync.py for tasks to queue
[2025-11-17T21:20:50.008+0000] {logging_mixin.py:154} INFO - [2025-11-17T21:20:50.008+0000] {dagbag.py:536} INFO - Filling up the DagBag from /opt/airflow/dags/tasks/recsys_data_sync.py
[2025-11-17T21:20:50.377+0000] {processor.py:841} WARNING - No viable dags retrieved from /opt/airflow/dags/tasks/recsys_data_sync.py
[2025-11-17T21:20:50.388+0000] {processor.py:179} INFO - Processing /opt/airflow/dags/tasks/recsys_data_sync.py took 0.384 seconds
[2025-11-17T21:21:21.195+0000] {processor.py:157} INFO - Started process (PID=850) to work on /opt/airflow/dags/tasks/recsys_data_sync.py
[2025-11-17T21:21:21.196+0000] {processor.py:829} INFO - Processing file /opt/airflow/dags/tasks/recsys_data_sync.py for tasks to queue
[2025-11-17T21:21:21.197+0000] {logging_mixin.py:154} INFO - [2025-11-17T21:21:21.197+0000] {dagbag.py:536} INFO - Filling up the DagBag from /opt/airflow/dags/tasks/recsys_data_sync.py
[2025-11-17T21:21:21.543+0000] {processor.py:841} WARNING - No viable dags retrieved from /opt/airflow/dags/tasks/recsys_data_sync.py
[2025-11-17T21:21:21.552+0000] {processor.py:179} INFO - Processing /opt/airflow/dags/tasks/recsys_data_sync.py took 0.360 seconds
[2025-11-17T21:21:52.252+0000] {processor.py:157} INFO - Started process (PID=908) to work on /opt/airflow/dags/tasks/recsys_data_sync.py
[2025-11-17T21:21:52.252+0000] {processor.py:829} INFO - Processing file /opt/airflow/dags/tasks/recsys_data_sync.py for tasks to queue
[2025-11-17T21:21:52.253+0000] {logging_mixin.py:154} INFO - [2025-11-17T21:21:52.252+0000] {dagbag.py:536} INFO - Filling up the DagBag from /opt/airflow/dags/tasks/recsys_data_sync.py
[2025-11-17T21:21:52.559+0000] {processor.py:841} WARNING - No viable dags retrieved from /opt/airflow/dags/tasks/recsys_data_sync.py
[2025-11-17T21:21:52.569+0000] {processor.py:179} INFO - Processing /opt/airflow/dags/tasks/recsys_data_sync.py took 0.320 seconds
[2025-11-17T21:22:23.337+0000] {processor.py:157} INFO - Started process (PID=973) to work on /opt/airflow/dags/tasks/recsys_data_sync.py
[2025-11-17T21:22:23.338+0000] {processor.py:829} INFO - Processing file /opt/airflow/dags/tasks/recsys_data_sync.py for tasks to queue
[2025-11-17T21:22:23.339+0000] {logging_mixin.py:154} INFO - [2025-11-17T21:22:23.339+0000] {dagbag.py:536} INFO - Filling up the DagBag from /opt/airflow/dags/tasks/recsys_data_sync.py
[2025-11-17T21:22:23.709+0000] {processor.py:841} WARNING - No viable dags retrieved from /opt/airflow/dags/tasks/recsys_data_sync.py
[2025-11-17T21:22:23.719+0000] {processor.py:179} INFO - Processing /opt/airflow/dags/tasks/recsys_data_sync.py took 0.386 seconds
[2025-11-17T21:22:53.942+0000] {processor.py:157} INFO - Started process (PID=1038) to work on /opt/airflow/dags/tasks/recsys_data_sync.py
[2025-11-17T21:22:53.942+0000] {processor.py:829} INFO - Processing file /opt/airflow/dags/tasks/recsys_data_sync.py for tasks to queue
[2025-11-17T21:22:53.943+0000] {logging_mixin.py:154} INFO - [2025-11-17T21:22:53.943+0000] {dagbag.py:536} INFO - Filling up the DagBag from /opt/airflow/dags/tasks/recsys_data_sync.py
[2025-11-17T21:22:54.244+0000] {processor.py:841} WARNING - No viable dags retrieved from /opt/airflow/dags/tasks/recsys_data_sync.py
[2025-11-17T21:22:54.253+0000] {processor.py:179} INFO - Processing /opt/airflow/dags/tasks/recsys_data_sync.py took 0.314 seconds
[2025-11-17T21:23:25.043+0000] {processor.py:157} INFO - Started process (PID=1103) to work on /opt/airflow/dags/tasks/recsys_data_sync.py
[2025-11-17T21:23:25.044+0000] {processor.py:829} INFO - Processing file /opt/airflow/dags/tasks/recsys_data_sync.py for tasks to queue
[2025-11-17T21:23:25.044+0000] {logging_mixin.py:154} INFO - [2025-11-17T21:23:25.044+0000] {dagbag.py:536} INFO - Filling up the DagBag from /opt/airflow/dags/tasks/recsys_data_sync.py
[2025-11-17T21:23:25.445+0000] {processor.py:841} WARNING - No viable dags retrieved from /opt/airflow/dags/tasks/recsys_data_sync.py
[2025-11-17T21:23:25.455+0000] {processor.py:179} INFO - Processing /opt/airflow/dags/tasks/recsys_data_sync.py took 0.415 seconds
[2025-11-17T21:23:56.223+0000] {processor.py:157} INFO - Started process (PID=1168) to work on /opt/airflow/dags/tasks/recsys_data_sync.py
[2025-11-17T21:23:56.223+0000] {processor.py:829} INFO - Processing file /opt/airflow/dags/tasks/recsys_data_sync.py for tasks to queue
[2025-11-17T21:23:56.224+0000] {logging_mixin.py:154} INFO - [2025-11-17T21:23:56.224+0000] {dagbag.py:536} INFO - Filling up the DagBag from /opt/airflow/dags/tasks/recsys_data_sync.py
[2025-11-17T21:23:56.558+0000] {processor.py:841} WARNING - No viable dags retrieved from /opt/airflow/dags/tasks/recsys_data_sync.py
[2025-11-17T21:23:56.570+0000] {processor.py:179} INFO - Processing /opt/airflow/dags/tasks/recsys_data_sync.py took 0.350 seconds
[2025-11-17T21:24:27.365+0000] {processor.py:157} INFO - Started process (PID=1233) to work on /opt/airflow/dags/tasks/recsys_data_sync.py
[2025-11-17T21:24:27.366+0000] {processor.py:829} INFO - Processing file /opt/airflow/dags/tasks/recsys_data_sync.py for tasks to queue
[2025-11-17T21:24:27.367+0000] {logging_mixin.py:154} INFO - [2025-11-17T21:24:27.366+0000] {dagbag.py:536} INFO - Filling up the DagBag from /opt/airflow/dags/tasks/recsys_data_sync.py
[2025-11-17T21:24:27.708+0000] {processor.py:841} WARNING - No viable dags retrieved from /opt/airflow/dags/tasks/recsys_data_sync.py
[2025-11-17T21:24:27.719+0000] {processor.py:179} INFO - Processing /opt/airflow/dags/tasks/recsys_data_sync.py took 0.357 seconds
[2025-11-17T21:24:58.436+0000] {processor.py:157} INFO - Started process (PID=1298) to work on /opt/airflow/dags/tasks/recsys_data_sync.py
[2025-11-17T21:24:58.437+0000] {processor.py:829} INFO - Processing file /opt/airflow/dags/tasks/recsys_data_sync.py for tasks to queue
[2025-11-17T21:24:58.438+0000] {logging_mixin.py:154} INFO - [2025-11-17T21:24:58.438+0000] {dagbag.py:536} INFO - Filling up the DagBag from /opt/airflow/dags/tasks/recsys_data_sync.py
[2025-11-17T21:24:58.814+0000] {processor.py:841} WARNING - No viable dags retrieved from /opt/airflow/dags/tasks/recsys_data_sync.py
[2025-11-17T21:24:58.824+0000] {processor.py:179} INFO - Processing /opt/airflow/dags/tasks/recsys_data_sync.py took 0.392 seconds
[2025-11-17T21:25:29.612+0000] {processor.py:157} INFO - Started process (PID=1356) to work on /opt/airflow/dags/tasks/recsys_data_sync.py
[2025-11-17T21:25:29.613+0000] {processor.py:829} INFO - Processing file /opt/airflow/dags/tasks/recsys_data_sync.py for tasks to queue
[2025-11-17T21:25:29.613+0000] {logging_mixin.py:154} INFO - [2025-11-17T21:25:29.613+0000] {dagbag.py:536} INFO - Filling up the DagBag from /opt/airflow/dags/tasks/recsys_data_sync.py
[2025-11-17T21:25:29.938+0000] {processor.py:841} WARNING - No viable dags retrieved from /opt/airflow/dags/tasks/recsys_data_sync.py
[2025-11-17T21:25:29.947+0000] {processor.py:179} INFO - Processing /opt/airflow/dags/tasks/recsys_data_sync.py took 0.338 seconds
[2025-11-17T21:26:00.708+0000] {processor.py:157} INFO - Started process (PID=1421) to work on /opt/airflow/dags/tasks/recsys_data_sync.py
[2025-11-17T21:26:00.709+0000] {processor.py:829} INFO - Processing file /opt/airflow/dags/tasks/recsys_data_sync.py for tasks to queue
[2025-11-17T21:26:00.709+0000] {logging_mixin.py:154} INFO - [2025-11-17T21:26:00.709+0000] {dagbag.py:536} INFO - Filling up the DagBag from /opt/airflow/dags/tasks/recsys_data_sync.py
[2025-11-17T21:26:01.099+0000] {processor.py:841} WARNING - No viable dags retrieved from /opt/airflow/dags/tasks/recsys_data_sync.py
[2025-11-17T21:26:01.109+0000] {processor.py:179} INFO - Processing /opt/airflow/dags/tasks/recsys_data_sync.py took 0.404 seconds
[2025-11-17T21:26:31.869+0000] {processor.py:157} INFO - Started process (PID=1486) to work on /opt/airflow/dags/tasks/recsys_data_sync.py
[2025-11-17T21:26:31.870+0000] {processor.py:829} INFO - Processing file /opt/airflow/dags/tasks/recsys_data_sync.py for tasks to queue
[2025-11-17T21:26:31.870+0000] {logging_mixin.py:154} INFO - [2025-11-17T21:26:31.870+0000] {dagbag.py:536} INFO - Filling up the DagBag from /opt/airflow/dags/tasks/recsys_data_sync.py
[2025-11-17T21:26:32.225+0000] {processor.py:841} WARNING - No viable dags retrieved from /opt/airflow/dags/tasks/recsys_data_sync.py
[2025-11-17T21:26:32.241+0000] {processor.py:179} INFO - Processing /opt/airflow/dags/tasks/recsys_data_sync.py took 0.374 seconds
[2025-11-17T21:27:02.506+0000] {processor.py:157} INFO - Started process (PID=1551) to work on /opt/airflow/dags/tasks/recsys_data_sync.py
[2025-11-17T21:27:02.507+0000] {processor.py:829} INFO - Processing file /opt/airflow/dags/tasks/recsys_data_sync.py for tasks to queue
[2025-11-17T21:27:02.508+0000] {logging_mixin.py:154} INFO - [2025-11-17T21:27:02.507+0000] {dagbag.py:536} INFO - Filling up the DagBag from /opt/airflow/dags/tasks/recsys_data_sync.py
[2025-11-17T21:27:03.019+0000] {processor.py:841} WARNING - No viable dags retrieved from /opt/airflow/dags/tasks/recsys_data_sync.py
[2025-11-17T21:27:03.030+0000] {processor.py:179} INFO - Processing /opt/airflow/dags/tasks/recsys_data_sync.py took 0.528 seconds
[2025-11-17T21:27:33.351+0000] {processor.py:157} INFO - Started process (PID=1616) to work on /opt/airflow/dags/tasks/recsys_data_sync.py
[2025-11-17T21:27:33.352+0000] {processor.py:829} INFO - Processing file /opt/airflow/dags/tasks/recsys_data_sync.py for tasks to queue
[2025-11-17T21:27:33.353+0000] {logging_mixin.py:154} INFO - [2025-11-17T21:27:33.352+0000] {dagbag.py:536} INFO - Filling up the DagBag from /opt/airflow/dags/tasks/recsys_data_sync.py
[2025-11-17T21:27:33.705+0000] {processor.py:841} WARNING - No viable dags retrieved from /opt/airflow/dags/tasks/recsys_data_sync.py
[2025-11-17T21:27:33.715+0000] {processor.py:179} INFO - Processing /opt/airflow/dags/tasks/recsys_data_sync.py took 0.366 seconds
[2025-11-17T21:28:03.969+0000] {processor.py:157} INFO - Started process (PID=1674) to work on /opt/airflow/dags/tasks/recsys_data_sync.py
[2025-11-17T21:28:03.969+0000] {processor.py:829} INFO - Processing file /opt/airflow/dags/tasks/recsys_data_sync.py for tasks to queue
[2025-11-17T21:28:03.970+0000] {logging_mixin.py:154} INFO - [2025-11-17T21:28:03.970+0000] {dagbag.py:536} INFO - Filling up the DagBag from /opt/airflow/dags/tasks/recsys_data_sync.py
[2025-11-17T21:28:04.340+0000] {processor.py:841} WARNING - No viable dags retrieved from /opt/airflow/dags/tasks/recsys_data_sync.py
[2025-11-17T21:28:04.351+0000] {processor.py:179} INFO - Processing /opt/airflow/dags/tasks/recsys_data_sync.py took 0.385 seconds
[2025-11-17T21:28:34.740+0000] {processor.py:157} INFO - Started process (PID=1739) to work on /opt/airflow/dags/tasks/recsys_data_sync.py
[2025-11-17T21:28:34.741+0000] {processor.py:829} INFO - Processing file /opt/airflow/dags/tasks/recsys_data_sync.py for tasks to queue
[2025-11-17T21:28:34.741+0000] {logging_mixin.py:154} INFO - [2025-11-17T21:28:34.741+0000] {dagbag.py:536} INFO - Filling up the DagBag from /opt/airflow/dags/tasks/recsys_data_sync.py
[2025-11-17T21:28:35.033+0000] {processor.py:841} WARNING - No viable dags retrieved from /opt/airflow/dags/tasks/recsys_data_sync.py
[2025-11-17T21:28:35.043+0000] {processor.py:179} INFO - Processing /opt/airflow/dags/tasks/recsys_data_sync.py took 0.305 seconds
[2025-11-17T21:29:05.324+0000] {processor.py:157} INFO - Started process (PID=1804) to work on /opt/airflow/dags/tasks/recsys_data_sync.py
[2025-11-17T21:29:05.325+0000] {processor.py:829} INFO - Processing file /opt/airflow/dags/tasks/recsys_data_sync.py for tasks to queue
[2025-11-17T21:29:05.326+0000] {logging_mixin.py:154} INFO - [2025-11-17T21:29:05.325+0000] {dagbag.py:536} INFO - Filling up the DagBag from /opt/airflow/dags/tasks/recsys_data_sync.py
[2025-11-17T21:29:05.694+0000] {processor.py:841} WARNING - No viable dags retrieved from /opt/airflow/dags/tasks/recsys_data_sync.py
[2025-11-17T21:29:05.703+0000] {processor.py:179} INFO - Processing /opt/airflow/dags/tasks/recsys_data_sync.py took 0.381 seconds
[2025-11-17T21:29:35.961+0000] {processor.py:157} INFO - Started process (PID=1869) to work on /opt/airflow/dags/tasks/recsys_data_sync.py
[2025-11-17T21:29:35.962+0000] {processor.py:829} INFO - Processing file /opt/airflow/dags/tasks/recsys_data_sync.py for tasks to queue
[2025-11-17T21:29:35.963+0000] {logging_mixin.py:154} INFO - [2025-11-17T21:29:35.962+0000] {dagbag.py:536} INFO - Filling up the DagBag from /opt/airflow/dags/tasks/recsys_data_sync.py
[2025-11-17T21:29:36.289+0000] {processor.py:841} WARNING - No viable dags retrieved from /opt/airflow/dags/tasks/recsys_data_sync.py
[2025-11-17T21:29:36.298+0000] {processor.py:179} INFO - Processing /opt/airflow/dags/tasks/recsys_data_sync.py took 0.340 seconds
[2025-11-17T21:30:06.698+0000] {processor.py:157} INFO - Started process (PID=1934) to work on /opt/airflow/dags/tasks/recsys_data_sync.py
[2025-11-17T21:30:06.704+0000] {processor.py:829} INFO - Processing file /opt/airflow/dags/tasks/recsys_data_sync.py for tasks to queue
[2025-11-17T21:30:06.705+0000] {logging_mixin.py:154} INFO - [2025-11-17T21:30:06.705+0000] {dagbag.py:536} INFO - Filling up the DagBag from /opt/airflow/dags/tasks/recsys_data_sync.py
[2025-11-17T21:30:07.024+0000] {processor.py:841} WARNING - No viable dags retrieved from /opt/airflow/dags/tasks/recsys_data_sync.py
[2025-11-17T21:30:07.033+0000] {processor.py:179} INFO - Processing /opt/airflow/dags/tasks/recsys_data_sync.py took 0.338 seconds
[2025-11-17T21:30:37.184+0000] {processor.py:157} INFO - Started process (PID=1999) to work on /opt/airflow/dags/tasks/recsys_data_sync.py
[2025-11-17T21:30:37.185+0000] {processor.py:829} INFO - Processing file /opt/airflow/dags/tasks/recsys_data_sync.py for tasks to queue
[2025-11-17T21:30:37.185+0000] {logging_mixin.py:154} INFO - [2025-11-17T21:30:37.185+0000] {dagbag.py:536} INFO - Filling up the DagBag from /opt/airflow/dags/tasks/recsys_data_sync.py
[2025-11-17T21:30:37.487+0000] {processor.py:841} WARNING - No viable dags retrieved from /opt/airflow/dags/tasks/recsys_data_sync.py
[2025-11-17T21:30:37.496+0000] {processor.py:179} INFO - Processing /opt/airflow/dags/tasks/recsys_data_sync.py took 0.315 seconds
[2025-11-17T21:31:07.958+0000] {processor.py:157} INFO - Started process (PID=2057) to work on /opt/airflow/dags/tasks/recsys_data_sync.py
[2025-11-17T21:31:07.958+0000] {processor.py:829} INFO - Processing file /opt/airflow/dags/tasks/recsys_data_sync.py for tasks to queue
[2025-11-17T21:31:07.959+0000] {logging_mixin.py:154} INFO - [2025-11-17T21:31:07.959+0000] {dagbag.py:536} INFO - Filling up the DagBag from /opt/airflow/dags/tasks/recsys_data_sync.py
[2025-11-17T21:31:08.293+0000] {processor.py:841} WARNING - No viable dags retrieved from /opt/airflow/dags/tasks/recsys_data_sync.py
[2025-11-17T21:31:08.301+0000] {processor.py:179} INFO - Processing /opt/airflow/dags/tasks/recsys_data_sync.py took 0.346 seconds
[2025-11-17T21:31:39.018+0000] {processor.py:157} INFO - Started process (PID=2120) to work on /opt/airflow/dags/tasks/recsys_data_sync.py
[2025-11-17T21:31:39.019+0000] {processor.py:829} INFO - Processing file /opt/airflow/dags/tasks/recsys_data_sync.py for tasks to queue
[2025-11-17T21:31:39.020+0000] {logging_mixin.py:154} INFO - [2025-11-17T21:31:39.019+0000] {dagbag.py:536} INFO - Filling up the DagBag from /opt/airflow/dags/tasks/recsys_data_sync.py
[2025-11-17T21:31:39.390+0000] {processor.py:841} WARNING - No viable dags retrieved from /opt/airflow/dags/tasks/recsys_data_sync.py
[2025-11-17T21:31:39.400+0000] {processor.py:179} INFO - Processing /opt/airflow/dags/tasks/recsys_data_sync.py took 0.385 seconds
[2025-11-17T21:32:10.322+0000] {processor.py:157} INFO - Started process (PID=2173) to work on /opt/airflow/dags/tasks/recsys_data_sync.py
[2025-11-17T21:32:10.322+0000] {processor.py:829} INFO - Processing file /opt/airflow/dags/tasks/recsys_data_sync.py for tasks to queue
[2025-11-17T21:32:10.323+0000] {logging_mixin.py:154} INFO - [2025-11-17T21:32:10.323+0000] {dagbag.py:536} INFO - Filling up the DagBag from /opt/airflow/dags/tasks/recsys_data_sync.py
[2025-11-17T21:32:10.716+0000] {processor.py:841} WARNING - No viable dags retrieved from /opt/airflow/dags/tasks/recsys_data_sync.py
[2025-11-17T21:32:10.730+0000] {processor.py:179} INFO - Processing /opt/airflow/dags/tasks/recsys_data_sync.py took 0.411 seconds
[2025-11-17T21:32:41.486+0000] {processor.py:157} INFO - Started process (PID=2235) to work on /opt/airflow/dags/tasks/recsys_data_sync.py
[2025-11-17T21:32:41.487+0000] {processor.py:829} INFO - Processing file /opt/airflow/dags/tasks/recsys_data_sync.py for tasks to queue
[2025-11-17T21:32:41.487+0000] {logging_mixin.py:154} INFO - [2025-11-17T21:32:41.487+0000] {dagbag.py:536} INFO - Filling up the DagBag from /opt/airflow/dags/tasks/recsys_data_sync.py
[2025-11-17T21:32:41.823+0000] {processor.py:841} WARNING - No viable dags retrieved from /opt/airflow/dags/tasks/recsys_data_sync.py
[2025-11-17T21:32:41.833+0000] {processor.py:179} INFO - Processing /opt/airflow/dags/tasks/recsys_data_sync.py took 0.350 seconds
[2025-11-17T21:33:12.576+0000] {processor.py:157} INFO - Started process (PID=2303) to work on /opt/airflow/dags/tasks/recsys_data_sync.py
[2025-11-17T21:33:12.577+0000] {processor.py:829} INFO - Processing file /opt/airflow/dags/tasks/recsys_data_sync.py for tasks to queue
[2025-11-17T21:33:12.578+0000] {logging_mixin.py:154} INFO - [2025-11-17T21:33:12.578+0000] {dagbag.py:536} INFO - Filling up the DagBag from /opt/airflow/dags/tasks/recsys_data_sync.py
[2025-11-17T21:33:12.919+0000] {processor.py:841} WARNING - No viable dags retrieved from /opt/airflow/dags/tasks/recsys_data_sync.py
[2025-11-17T21:33:12.928+0000] {processor.py:179} INFO - Processing /opt/airflow/dags/tasks/recsys_data_sync.py took 0.356 seconds
[2025-11-17T21:33:18.902+0000] {processor.py:157} INFO - Started process (PID=170) to work on /opt/airflow/dags/tasks/recsys_data_sync.py
[2025-11-17T21:33:18.902+0000] {processor.py:829} INFO - Processing file /opt/airflow/dags/tasks/recsys_data_sync.py for tasks to queue
[2025-11-17T21:33:18.903+0000] {logging_mixin.py:154} INFO - [2025-11-17T21:33:18.902+0000] {dagbag.py:536} INFO - Filling up the DagBag from /opt/airflow/dags/tasks/recsys_data_sync.py
[2025-11-17T21:33:19.084+0000] {processor.py:841} WARNING - No viable dags retrieved from /opt/airflow/dags/tasks/recsys_data_sync.py
[2025-11-17T21:33:19.096+0000] {processor.py:179} INFO - Processing /opt/airflow/dags/tasks/recsys_data_sync.py took 0.196 seconds
[2025-11-17T21:33:49.131+0000] {processor.py:157} INFO - Started process (PID=233) to work on /opt/airflow/dags/tasks/recsys_data_sync.py
[2025-11-17T21:33:49.131+0000] {processor.py:829} INFO - Processing file /opt/airflow/dags/tasks/recsys_data_sync.py for tasks to queue
[2025-11-17T21:33:49.132+0000] {logging_mixin.py:154} INFO - [2025-11-17T21:33:49.132+0000] {dagbag.py:536} INFO - Filling up the DagBag from /opt/airflow/dags/tasks/recsys_data_sync.py
[2025-11-17T21:33:49.301+0000] {processor.py:841} WARNING - No viable dags retrieved from /opt/airflow/dags/tasks/recsys_data_sync.py
[2025-11-17T21:33:49.313+0000] {processor.py:179} INFO - Processing /opt/airflow/dags/tasks/recsys_data_sync.py took 0.185 seconds
[2025-11-17T21:34:19.797+0000] {processor.py:157} INFO - Started process (PID=313) to work on /opt/airflow/dags/tasks/recsys_data_sync.py
[2025-11-17T21:34:19.797+0000] {processor.py:829} INFO - Processing file /opt/airflow/dags/tasks/recsys_data_sync.py for tasks to queue
[2025-11-17T21:34:19.798+0000] {logging_mixin.py:154} INFO - [2025-11-17T21:34:19.798+0000] {dagbag.py:536} INFO - Filling up the DagBag from /opt/airflow/dags/tasks/recsys_data_sync.py
[2025-11-17T21:34:19.983+0000] {processor.py:841} WARNING - No viable dags retrieved from /opt/airflow/dags/tasks/recsys_data_sync.py
[2025-11-17T21:34:19.993+0000] {processor.py:179} INFO - Processing /opt/airflow/dags/tasks/recsys_data_sync.py took 0.199 seconds
[2025-11-17T21:34:50.838+0000] {processor.py:157} INFO - Started process (PID=378) to work on /opt/airflow/dags/tasks/recsys_data_sync.py
[2025-11-17T21:34:50.842+0000] {processor.py:829} INFO - Processing file /opt/airflow/dags/tasks/recsys_data_sync.py for tasks to queue
[2025-11-17T21:34:50.843+0000] {logging_mixin.py:154} INFO - [2025-11-17T21:34:50.843+0000] {dagbag.py:536} INFO - Filling up the DagBag from /opt/airflow/dags/tasks/recsys_data_sync.py
[2025-11-17T21:34:51.061+0000] {processor.py:841} WARNING - No viable dags retrieved from /opt/airflow/dags/tasks/recsys_data_sync.py
[2025-11-17T21:34:51.073+0000] {processor.py:179} INFO - Processing /opt/airflow/dags/tasks/recsys_data_sync.py took 0.240 seconds
[2025-11-17T21:35:21.564+0000] {processor.py:157} INFO - Started process (PID=436) to work on /opt/airflow/dags/tasks/recsys_data_sync.py
[2025-11-17T21:35:21.564+0000] {processor.py:829} INFO - Processing file /opt/airflow/dags/tasks/recsys_data_sync.py for tasks to queue
[2025-11-17T21:35:21.565+0000] {logging_mixin.py:154} INFO - [2025-11-17T21:35:21.565+0000] {dagbag.py:536} INFO - Filling up the DagBag from /opt/airflow/dags/tasks/recsys_data_sync.py
[2025-11-17T21:35:21.747+0000] {processor.py:841} WARNING - No viable dags retrieved from /opt/airflow/dags/tasks/recsys_data_sync.py
[2025-11-17T21:35:21.760+0000] {processor.py:179} INFO - Processing /opt/airflow/dags/tasks/recsys_data_sync.py took 0.198 seconds
[2025-11-17T21:35:52.699+0000] {processor.py:157} INFO - Started process (PID=501) to work on /opt/airflow/dags/tasks/recsys_data_sync.py
[2025-11-17T21:35:52.699+0000] {processor.py:829} INFO - Processing file /opt/airflow/dags/tasks/recsys_data_sync.py for tasks to queue
[2025-11-17T21:35:52.700+0000] {logging_mixin.py:154} INFO - [2025-11-17T21:35:52.700+0000] {dagbag.py:536} INFO - Filling up the DagBag from /opt/airflow/dags/tasks/recsys_data_sync.py
[2025-11-17T21:35:52.903+0000] {processor.py:841} WARNING - No viable dags retrieved from /opt/airflow/dags/tasks/recsys_data_sync.py
[2025-11-17T21:35:52.915+0000] {processor.py:179} INFO - Processing /opt/airflow/dags/tasks/recsys_data_sync.py took 0.219 seconds
[2025-11-17T21:36:23.064+0000] {processor.py:157} INFO - Started process (PID=567) to work on /opt/airflow/dags/tasks/recsys_data_sync.py
[2025-11-17T21:36:23.064+0000] {processor.py:829} INFO - Processing file /opt/airflow/dags/tasks/recsys_data_sync.py for tasks to queue
[2025-11-17T21:36:23.065+0000] {logging_mixin.py:154} INFO - [2025-11-17T21:36:23.064+0000] {dagbag.py:536} INFO - Filling up the DagBag from /opt/airflow/dags/tasks/recsys_data_sync.py
[2025-11-17T21:36:23.256+0000] {processor.py:841} WARNING - No viable dags retrieved from /opt/airflow/dags/tasks/recsys_data_sync.py
[2025-11-17T21:36:23.268+0000] {processor.py:179} INFO - Processing /opt/airflow/dags/tasks/recsys_data_sync.py took 0.207 seconds
[2025-11-17T21:36:54.258+0000] {processor.py:157} INFO - Started process (PID=632) to work on /opt/airflow/dags/tasks/recsys_data_sync.py
[2025-11-17T21:36:54.259+0000] {processor.py:829} INFO - Processing file /opt/airflow/dags/tasks/recsys_data_sync.py for tasks to queue
[2025-11-17T21:36:54.260+0000] {logging_mixin.py:154} INFO - [2025-11-17T21:36:54.260+0000] {dagbag.py:536} INFO - Filling up the DagBag from /opt/airflow/dags/tasks/recsys_data_sync.py
[2025-11-17T21:36:54.439+0000] {processor.py:841} WARNING - No viable dags retrieved from /opt/airflow/dags/tasks/recsys_data_sync.py
[2025-11-17T21:36:54.452+0000] {processor.py:179} INFO - Processing /opt/airflow/dags/tasks/recsys_data_sync.py took 0.196 seconds
[2025-11-17T21:37:24.938+0000] {processor.py:157} INFO - Started process (PID=697) to work on /opt/airflow/dags/tasks/recsys_data_sync.py
[2025-11-17T21:37:24.938+0000] {processor.py:829} INFO - Processing file /opt/airflow/dags/tasks/recsys_data_sync.py for tasks to queue
[2025-11-17T21:37:24.939+0000] {logging_mixin.py:154} INFO - [2025-11-17T21:37:24.939+0000] {dagbag.py:536} INFO - Filling up the DagBag from /opt/airflow/dags/tasks/recsys_data_sync.py
[2025-11-17T21:37:25.181+0000] {processor.py:841} WARNING - No viable dags retrieved from /opt/airflow/dags/tasks/recsys_data_sync.py
[2025-11-17T21:37:25.201+0000] {processor.py:179} INFO - Processing /opt/airflow/dags/tasks/recsys_data_sync.py took 0.266 seconds
[2025-11-17T21:37:55.430+0000] {processor.py:157} INFO - Started process (PID=761) to work on /opt/airflow/dags/tasks/recsys_data_sync.py
[2025-11-17T21:37:55.431+0000] {processor.py:829} INFO - Processing file /opt/airflow/dags/tasks/recsys_data_sync.py for tasks to queue
[2025-11-17T21:37:55.431+0000] {logging_mixin.py:154} INFO - [2025-11-17T21:37:55.431+0000] {dagbag.py:536} INFO - Filling up the DagBag from /opt/airflow/dags/tasks/recsys_data_sync.py
[2025-11-17T21:37:55.619+0000] {processor.py:841} WARNING - No viable dags retrieved from /opt/airflow/dags/tasks/recsys_data_sync.py
[2025-11-17T21:37:55.631+0000] {processor.py:179} INFO - Processing /opt/airflow/dags/tasks/recsys_data_sync.py took 0.204 seconds
[2025-11-17T21:38:25.718+0000] {processor.py:157} INFO - Started process (PID=827) to work on /opt/airflow/dags/tasks/recsys_data_sync.py
[2025-11-17T21:38:25.719+0000] {processor.py:829} INFO - Processing file /opt/airflow/dags/tasks/recsys_data_sync.py for tasks to queue
[2025-11-17T21:38:25.719+0000] {logging_mixin.py:154} INFO - [2025-11-17T21:38:25.719+0000] {dagbag.py:536} INFO - Filling up the DagBag from /opt/airflow/dags/tasks/recsys_data_sync.py
[2025-11-17T21:38:26.037+0000] {processor.py:841} WARNING - No viable dags retrieved from /opt/airflow/dags/tasks/recsys_data_sync.py
[2025-11-17T21:38:26.046+0000] {processor.py:179} INFO - Processing /opt/airflow/dags/tasks/recsys_data_sync.py took 0.331 seconds
[2025-11-17T21:38:56.809+0000] {processor.py:157} INFO - Started process (PID=954) to work on /opt/airflow/dags/tasks/recsys_data_sync.py
[2025-11-17T21:38:56.810+0000] {processor.py:829} INFO - Processing file /opt/airflow/dags/tasks/recsys_data_sync.py for tasks to queue
[2025-11-17T21:38:56.810+0000] {logging_mixin.py:154} INFO - [2025-11-17T21:38:56.810+0000] {dagbag.py:536} INFO - Filling up the DagBag from /opt/airflow/dags/tasks/recsys_data_sync.py
[2025-11-17T21:38:57.101+0000] {processor.py:841} WARNING - No viable dags retrieved from /opt/airflow/dags/tasks/recsys_data_sync.py
[2025-11-17T21:38:57.110+0000] {processor.py:179} INFO - Processing /opt/airflow/dags/tasks/recsys_data_sync.py took 0.303 seconds
[2025-11-17T21:39:27.186+0000] {processor.py:157} INFO - Started process (PID=1019) to work on /opt/airflow/dags/tasks/recsys_data_sync.py
[2025-11-17T21:39:27.187+0000] {processor.py:829} INFO - Processing file /opt/airflow/dags/tasks/recsys_data_sync.py for tasks to queue
[2025-11-17T21:39:27.187+0000] {logging_mixin.py:154} INFO - [2025-11-17T21:39:27.187+0000] {dagbag.py:536} INFO - Filling up the DagBag from /opt/airflow/dags/tasks/recsys_data_sync.py
[2025-11-17T21:39:27.381+0000] {processor.py:841} WARNING - No viable dags retrieved from /opt/airflow/dags/tasks/recsys_data_sync.py
[2025-11-17T21:39:27.391+0000] {processor.py:179} INFO - Processing /opt/airflow/dags/tasks/recsys_data_sync.py took 0.208 seconds
[2025-11-17T21:39:57.485+0000] {processor.py:157} INFO - Started process (PID=1077) to work on /opt/airflow/dags/tasks/recsys_data_sync.py
[2025-11-17T21:39:57.485+0000] {processor.py:829} INFO - Processing file /opt/airflow/dags/tasks/recsys_data_sync.py for tasks to queue
[2025-11-17T21:39:57.486+0000] {logging_mixin.py:154} INFO - [2025-11-17T21:39:57.486+0000] {dagbag.py:536} INFO - Filling up the DagBag from /opt/airflow/dags/tasks/recsys_data_sync.py
[2025-11-17T21:39:57.808+0000] {processor.py:841} WARNING - No viable dags retrieved from /opt/airflow/dags/tasks/recsys_data_sync.py
[2025-11-17T21:39:57.817+0000] {processor.py:179} INFO - Processing /opt/airflow/dags/tasks/recsys_data_sync.py took 0.335 seconds
[2025-11-17T21:40:27.872+0000] {processor.py:157} INFO - Started process (PID=1142) to work on /opt/airflow/dags/tasks/recsys_data_sync.py
[2025-11-17T21:40:27.873+0000] {processor.py:829} INFO - Processing file /opt/airflow/dags/tasks/recsys_data_sync.py for tasks to queue
[2025-11-17T21:40:27.873+0000] {logging_mixin.py:154} INFO - [2025-11-17T21:40:27.873+0000] {dagbag.py:536} INFO - Filling up the DagBag from /opt/airflow/dags/tasks/recsys_data_sync.py
[2025-11-17T21:40:28.191+0000] {processor.py:841} WARNING - No viable dags retrieved from /opt/airflow/dags/tasks/recsys_data_sync.py
[2025-11-17T21:40:28.200+0000] {processor.py:179} INFO - Processing /opt/airflow/dags/tasks/recsys_data_sync.py took 0.331 seconds
[2025-11-17T21:40:58.723+0000] {processor.py:157} INFO - Started process (PID=1208) to work on /opt/airflow/dags/tasks/recsys_data_sync.py
[2025-11-17T21:40:58.724+0000] {processor.py:829} INFO - Processing file /opt/airflow/dags/tasks/recsys_data_sync.py for tasks to queue
[2025-11-17T21:40:58.725+0000] {logging_mixin.py:154} INFO - [2025-11-17T21:40:58.724+0000] {dagbag.py:536} INFO - Filling up the DagBag from /opt/airflow/dags/tasks/recsys_data_sync.py
[2025-11-17T21:40:58.954+0000] {processor.py:841} WARNING - No viable dags retrieved from /opt/airflow/dags/tasks/recsys_data_sync.py
[2025-11-17T21:40:58.968+0000] {processor.py:179} INFO - Processing /opt/airflow/dags/tasks/recsys_data_sync.py took 0.248 seconds
[2025-11-17T21:41:29.838+0000] {processor.py:157} INFO - Started process (PID=1273) to work on /opt/airflow/dags/tasks/recsys_data_sync.py
[2025-11-17T21:41:29.839+0000] {processor.py:829} INFO - Processing file /opt/airflow/dags/tasks/recsys_data_sync.py for tasks to queue
[2025-11-17T21:41:29.839+0000] {logging_mixin.py:154} INFO - [2025-11-17T21:41:29.839+0000] {dagbag.py:536} INFO - Filling up the DagBag from /opt/airflow/dags/tasks/recsys_data_sync.py
[2025-11-17T21:41:30.167+0000] {processor.py:841} WARNING - No viable dags retrieved from /opt/airflow/dags/tasks/recsys_data_sync.py
[2025-11-17T21:41:30.177+0000] {processor.py:179} INFO - Processing /opt/airflow/dags/tasks/recsys_data_sync.py took 0.341 seconds
[2025-11-17T21:42:00.223+0000] {processor.py:157} INFO - Started process (PID=1338) to work on /opt/airflow/dags/tasks/recsys_data_sync.py
[2025-11-17T21:42:00.224+0000] {processor.py:829} INFO - Processing file /opt/airflow/dags/tasks/recsys_data_sync.py for tasks to queue
[2025-11-17T21:42:00.225+0000] {logging_mixin.py:154} INFO - [2025-11-17T21:42:00.224+0000] {dagbag.py:536} INFO - Filling up the DagBag from /opt/airflow/dags/tasks/recsys_data_sync.py
[2025-11-17T21:42:00.570+0000] {processor.py:841} WARNING - No viable dags retrieved from /opt/airflow/dags/tasks/recsys_data_sync.py
[2025-11-17T21:42:00.583+0000] {processor.py:179} INFO - Processing /opt/airflow/dags/tasks/recsys_data_sync.py took 0.363 seconds
[2025-11-17T21:42:31.329+0000] {processor.py:157} INFO - Started process (PID=1399) to work on /opt/airflow/dags/tasks/recsys_data_sync.py
[2025-11-17T21:42:31.330+0000] {processor.py:829} INFO - Processing file /opt/airflow/dags/tasks/recsys_data_sync.py for tasks to queue
[2025-11-17T21:42:31.331+0000] {logging_mixin.py:154} INFO - [2025-11-17T21:42:31.331+0000] {dagbag.py:536} INFO - Filling up the DagBag from /opt/airflow/dags/tasks/recsys_data_sync.py
[2025-11-17T21:42:31.595+0000] {processor.py:841} WARNING - No viable dags retrieved from /opt/airflow/dags/tasks/recsys_data_sync.py
[2025-11-17T21:42:31.607+0000] {processor.py:179} INFO - Processing /opt/airflow/dags/tasks/recsys_data_sync.py took 0.282 seconds
[2025-11-17T21:43:01.674+0000] {processor.py:157} INFO - Started process (PID=1464) to work on /opt/airflow/dags/tasks/recsys_data_sync.py
[2025-11-17T21:43:01.674+0000] {processor.py:829} INFO - Processing file /opt/airflow/dags/tasks/recsys_data_sync.py for tasks to queue
[2025-11-17T21:43:01.675+0000] {logging_mixin.py:154} INFO - [2025-11-17T21:43:01.675+0000] {dagbag.py:536} INFO - Filling up the DagBag from /opt/airflow/dags/tasks/recsys_data_sync.py
[2025-11-17T21:43:02.041+0000] {processor.py:841} WARNING - No viable dags retrieved from /opt/airflow/dags/tasks/recsys_data_sync.py
[2025-11-17T21:43:02.052+0000] {processor.py:179} INFO - Processing /opt/airflow/dags/tasks/recsys_data_sync.py took 0.380 seconds
[2025-11-17T21:43:32.134+0000] {processor.py:157} INFO - Started process (PID=1529) to work on /opt/airflow/dags/tasks/recsys_data_sync.py
[2025-11-17T21:43:32.135+0000] {processor.py:829} INFO - Processing file /opt/airflow/dags/tasks/recsys_data_sync.py for tasks to queue
[2025-11-17T21:43:32.135+0000] {logging_mixin.py:154} INFO - [2025-11-17T21:43:32.135+0000] {dagbag.py:536} INFO - Filling up the DagBag from /opt/airflow/dags/tasks/recsys_data_sync.py
[2025-11-17T21:43:32.479+0000] {processor.py:841} WARNING - No viable dags retrieved from /opt/airflow/dags/tasks/recsys_data_sync.py
[2025-11-17T21:43:32.489+0000] {processor.py:179} INFO - Processing /opt/airflow/dags/tasks/recsys_data_sync.py took 0.358 seconds
[2025-11-17T21:44:02.707+0000] {processor.py:157} INFO - Started process (PID=1594) to work on /opt/airflow/dags/tasks/recsys_data_sync.py
[2025-11-17T21:44:02.707+0000] {processor.py:829} INFO - Processing file /opt/airflow/dags/tasks/recsys_data_sync.py for tasks to queue
[2025-11-17T21:44:02.708+0000] {logging_mixin.py:154} INFO - [2025-11-17T21:44:02.708+0000] {dagbag.py:536} INFO - Filling up the DagBag from /opt/airflow/dags/tasks/recsys_data_sync.py
[2025-11-17T21:44:03.060+0000] {processor.py:841} WARNING - No viable dags retrieved from /opt/airflow/dags/tasks/recsys_data_sync.py
[2025-11-17T21:44:03.077+0000] {processor.py:179} INFO - Processing /opt/airflow/dags/tasks/recsys_data_sync.py took 0.373 seconds
[2025-11-17T21:44:33.406+0000] {processor.py:157} INFO - Started process (PID=1659) to work on /opt/airflow/dags/tasks/recsys_data_sync.py
[2025-11-17T21:44:33.407+0000] {processor.py:829} INFO - Processing file /opt/airflow/dags/tasks/recsys_data_sync.py for tasks to queue
[2025-11-17T21:44:33.408+0000] {logging_mixin.py:154} INFO - [2025-11-17T21:44:33.408+0000] {dagbag.py:536} INFO - Filling up the DagBag from /opt/airflow/dags/tasks/recsys_data_sync.py
[2025-11-17T21:44:34.112+0000] {processor.py:841} WARNING - No viable dags retrieved from /opt/airflow/dags/tasks/recsys_data_sync.py
[2025-11-17T21:44:34.128+0000] {processor.py:179} INFO - Processing /opt/airflow/dags/tasks/recsys_data_sync.py took 0.732 seconds
[2025-11-17T21:45:04.576+0000] {processor.py:157} INFO - Started process (PID=1717) to work on /opt/airflow/dags/tasks/recsys_data_sync.py
[2025-11-17T21:45:04.577+0000] {processor.py:829} INFO - Processing file /opt/airflow/dags/tasks/recsys_data_sync.py for tasks to queue
[2025-11-17T21:45:04.577+0000] {logging_mixin.py:154} INFO - [2025-11-17T21:45:04.577+0000] {dagbag.py:536} INFO - Filling up the DagBag from /opt/airflow/dags/tasks/recsys_data_sync.py
[2025-11-17T21:45:04.933+0000] {processor.py:841} WARNING - No viable dags retrieved from /opt/airflow/dags/tasks/recsys_data_sync.py
[2025-11-17T21:45:04.944+0000] {processor.py:179} INFO - Processing /opt/airflow/dags/tasks/recsys_data_sync.py took 0.371 seconds
[2025-11-17T21:45:35.619+0000] {processor.py:157} INFO - Started process (PID=1782) to work on /opt/airflow/dags/tasks/recsys_data_sync.py
[2025-11-17T21:45:35.620+0000] {processor.py:829} INFO - Processing file /opt/airflow/dags/tasks/recsys_data_sync.py for tasks to queue
[2025-11-17T21:45:35.621+0000] {logging_mixin.py:154} INFO - [2025-11-17T21:45:35.620+0000] {dagbag.py:536} INFO - Filling up the DagBag from /opt/airflow/dags/tasks/recsys_data_sync.py
[2025-11-17T21:45:35.930+0000] {processor.py:841} WARNING - No viable dags retrieved from /opt/airflow/dags/tasks/recsys_data_sync.py
[2025-11-17T21:45:35.939+0000] {processor.py:179} INFO - Processing /opt/airflow/dags/tasks/recsys_data_sync.py took 0.322 seconds
[2025-11-17T21:46:06.037+0000] {processor.py:157} INFO - Started process (PID=1847) to work on /opt/airflow/dags/tasks/recsys_data_sync.py
[2025-11-17T21:46:06.037+0000] {processor.py:829} INFO - Processing file /opt/airflow/dags/tasks/recsys_data_sync.py for tasks to queue
[2025-11-17T21:46:06.038+0000] {logging_mixin.py:154} INFO - [2025-11-17T21:46:06.038+0000] {dagbag.py:536} INFO - Filling up the DagBag from /opt/airflow/dags/tasks/recsys_data_sync.py
[2025-11-17T21:46:06.366+0000] {processor.py:841} WARNING - No viable dags retrieved from /opt/airflow/dags/tasks/recsys_data_sync.py
[2025-11-17T21:46:06.376+0000] {processor.py:179} INFO - Processing /opt/airflow/dags/tasks/recsys_data_sync.py took 0.341 seconds
[2025-11-17T21:46:37.456+0000] {processor.py:157} INFO - Started process (PID=1913) to work on /opt/airflow/dags/tasks/recsys_data_sync.py
[2025-11-17T21:46:37.457+0000] {processor.py:829} INFO - Processing file /opt/airflow/dags/tasks/recsys_data_sync.py for tasks to queue
[2025-11-17T21:46:37.458+0000] {logging_mixin.py:154} INFO - [2025-11-17T21:46:37.458+0000] {dagbag.py:536} INFO - Filling up the DagBag from /opt/airflow/dags/tasks/recsys_data_sync.py
[2025-11-17T21:46:37.835+0000] {processor.py:841} WARNING - No viable dags retrieved from /opt/airflow/dags/tasks/recsys_data_sync.py
[2025-11-17T21:46:37.844+0000] {processor.py:179} INFO - Processing /opt/airflow/dags/tasks/recsys_data_sync.py took 0.390 seconds
[2025-11-17T21:47:08.035+0000] {processor.py:157} INFO - Started process (PID=1978) to work on /opt/airflow/dags/tasks/recsys_data_sync.py
[2025-11-17T21:47:08.035+0000] {processor.py:829} INFO - Processing file /opt/airflow/dags/tasks/recsys_data_sync.py for tasks to queue
[2025-11-17T21:47:08.036+0000] {logging_mixin.py:154} INFO - [2025-11-17T21:47:08.036+0000] {dagbag.py:536} INFO - Filling up the DagBag from /opt/airflow/dags/tasks/recsys_data_sync.py
[2025-11-17T21:47:08.382+0000] {processor.py:841} WARNING - No viable dags retrieved from /opt/airflow/dags/tasks/recsys_data_sync.py
[2025-11-17T21:47:08.392+0000] {processor.py:179} INFO - Processing /opt/airflow/dags/tasks/recsys_data_sync.py took 0.360 seconds
[2025-11-17T21:47:38.738+0000] {processor.py:157} INFO - Started process (PID=2024) to work on /opt/airflow/dags/tasks/recsys_data_sync.py
[2025-11-17T21:47:38.739+0000] {processor.py:829} INFO - Processing file /opt/airflow/dags/tasks/recsys_data_sync.py for tasks to queue
[2025-11-17T21:47:38.740+0000] {logging_mixin.py:154} INFO - [2025-11-17T21:47:38.740+0000] {dagbag.py:536} INFO - Filling up the DagBag from /opt/airflow/dags/tasks/recsys_data_sync.py
[2025-11-17T21:47:39.074+0000] {processor.py:841} WARNING - No viable dags retrieved from /opt/airflow/dags/tasks/recsys_data_sync.py
[2025-11-17T21:47:39.084+0000] {processor.py:179} INFO - Processing /opt/airflow/dags/tasks/recsys_data_sync.py took 0.349 seconds
[2025-11-17T21:48:09.468+0000] {processor.py:157} INFO - Started process (PID=2083) to work on /opt/airflow/dags/tasks/recsys_data_sync.py
[2025-11-17T21:48:09.469+0000] {processor.py:829} INFO - Processing file /opt/airflow/dags/tasks/recsys_data_sync.py for tasks to queue
[2025-11-17T21:48:09.469+0000] {logging_mixin.py:154} INFO - [2025-11-17T21:48:09.469+0000] {dagbag.py:536} INFO - Filling up the DagBag from /opt/airflow/dags/tasks/recsys_data_sync.py
[2025-11-17T21:48:09.885+0000] {processor.py:841} WARNING - No viable dags retrieved from /opt/airflow/dags/tasks/recsys_data_sync.py
[2025-11-17T21:48:09.894+0000] {processor.py:179} INFO - Processing /opt/airflow/dags/tasks/recsys_data_sync.py took 0.432 seconds
[2025-11-17T21:48:40.572+0000] {processor.py:157} INFO - Started process (PID=2148) to work on /opt/airflow/dags/tasks/recsys_data_sync.py
[2025-11-17T21:48:40.573+0000] {processor.py:829} INFO - Processing file /opt/airflow/dags/tasks/recsys_data_sync.py for tasks to queue
[2025-11-17T21:48:40.573+0000] {logging_mixin.py:154} INFO - [2025-11-17T21:48:40.573+0000] {dagbag.py:536} INFO - Filling up the DagBag from /opt/airflow/dags/tasks/recsys_data_sync.py
[2025-11-17T21:48:40.881+0000] {processor.py:841} WARNING - No viable dags retrieved from /opt/airflow/dags/tasks/recsys_data_sync.py
[2025-11-17T21:48:40.890+0000] {processor.py:179} INFO - Processing /opt/airflow/dags/tasks/recsys_data_sync.py took 0.320 seconds
[2025-11-17T21:49:11.668+0000] {processor.py:157} INFO - Started process (PID=2213) to work on /opt/airflow/dags/tasks/recsys_data_sync.py
[2025-11-17T21:49:11.668+0000] {processor.py:829} INFO - Processing file /opt/airflow/dags/tasks/recsys_data_sync.py for tasks to queue
[2025-11-17T21:49:11.669+0000] {logging_mixin.py:154} INFO - [2025-11-17T21:49:11.669+0000] {dagbag.py:536} INFO - Filling up the DagBag from /opt/airflow/dags/tasks/recsys_data_sync.py
[2025-11-17T21:49:12.269+0000] {processor.py:841} WARNING - No viable dags retrieved from /opt/airflow/dags/tasks/recsys_data_sync.py
[2025-11-17T21:49:12.287+0000] {processor.py:179} INFO - Processing /opt/airflow/dags/tasks/recsys_data_sync.py took 0.622 seconds
[2025-11-17T21:49:43.331+0000] {processor.py:157} INFO - Started process (PID=2278) to work on /opt/airflow/dags/tasks/recsys_data_sync.py
[2025-11-17T21:49:43.331+0000] {processor.py:829} INFO - Processing file /opt/airflow/dags/tasks/recsys_data_sync.py for tasks to queue
[2025-11-17T21:49:43.332+0000] {logging_mixin.py:154} INFO - [2025-11-17T21:49:43.332+0000] {dagbag.py:536} INFO - Filling up the DagBag from /opt/airflow/dags/tasks/recsys_data_sync.py
[2025-11-17T21:49:43.666+0000] {processor.py:841} WARNING - No viable dags retrieved from /opt/airflow/dags/tasks/recsys_data_sync.py
[2025-11-17T21:49:43.675+0000] {processor.py:179} INFO - Processing /opt/airflow/dags/tasks/recsys_data_sync.py took 0.346 seconds
[2025-11-17T21:50:14.401+0000] {processor.py:157} INFO - Started process (PID=2343) to work on /opt/airflow/dags/tasks/recsys_data_sync.py
[2025-11-17T21:50:14.401+0000] {processor.py:829} INFO - Processing file /opt/airflow/dags/tasks/recsys_data_sync.py for tasks to queue
[2025-11-17T21:50:14.402+0000] {logging_mixin.py:154} INFO - [2025-11-17T21:50:14.402+0000] {dagbag.py:536} INFO - Filling up the DagBag from /opt/airflow/dags/tasks/recsys_data_sync.py
[2025-11-17T21:50:14.732+0000] {processor.py:841} WARNING - No viable dags retrieved from /opt/airflow/dags/tasks/recsys_data_sync.py
[2025-11-17T21:50:14.741+0000] {processor.py:179} INFO - Processing /opt/airflow/dags/tasks/recsys_data_sync.py took 0.343 seconds
[2025-11-17T21:50:45.688+0000] {processor.py:157} INFO - Started process (PID=2401) to work on /opt/airflow/dags/tasks/recsys_data_sync.py
[2025-11-17T21:50:45.688+0000] {processor.py:829} INFO - Processing file /opt/airflow/dags/tasks/recsys_data_sync.py for tasks to queue
[2025-11-17T21:50:45.689+0000] {logging_mixin.py:154} INFO - [2025-11-17T21:50:45.689+0000] {dagbag.py:536} INFO - Filling up the DagBag from /opt/airflow/dags/tasks/recsys_data_sync.py
[2025-11-17T21:50:46.033+0000] {processor.py:841} WARNING - No viable dags retrieved from /opt/airflow/dags/tasks/recsys_data_sync.py
[2025-11-17T21:50:46.042+0000] {processor.py:179} INFO - Processing /opt/airflow/dags/tasks/recsys_data_sync.py took 0.356 seconds
[2025-11-17T21:51:16.762+0000] {processor.py:157} INFO - Started process (PID=2466) to work on /opt/airflow/dags/tasks/recsys_data_sync.py
[2025-11-17T21:51:16.763+0000] {processor.py:829} INFO - Processing file /opt/airflow/dags/tasks/recsys_data_sync.py for tasks to queue
[2025-11-17T21:51:16.763+0000] {logging_mixin.py:154} INFO - [2025-11-17T21:51:16.763+0000] {dagbag.py:536} INFO - Filling up the DagBag from /opt/airflow/dags/tasks/recsys_data_sync.py
[2025-11-17T21:51:17.083+0000] {processor.py:841} WARNING - No viable dags retrieved from /opt/airflow/dags/tasks/recsys_data_sync.py
[2025-11-17T21:51:17.093+0000] {processor.py:179} INFO - Processing /opt/airflow/dags/tasks/recsys_data_sync.py took 0.333 seconds
[2025-11-17T21:51:47.845+0000] {processor.py:157} INFO - Started process (PID=2531) to work on /opt/airflow/dags/tasks/recsys_data_sync.py
[2025-11-17T21:51:47.845+0000] {processor.py:829} INFO - Processing file /opt/airflow/dags/tasks/recsys_data_sync.py for tasks to queue
[2025-11-17T21:51:47.846+0000] {logging_mixin.py:154} INFO - [2025-11-17T21:51:47.846+0000] {dagbag.py:536} INFO - Filling up the DagBag from /opt/airflow/dags/tasks/recsys_data_sync.py
[2025-11-17T21:51:48.200+0000] {processor.py:841} WARNING - No viable dags retrieved from /opt/airflow/dags/tasks/recsys_data_sync.py
[2025-11-17T21:51:48.219+0000] {processor.py:179} INFO - Processing /opt/airflow/dags/tasks/recsys_data_sync.py took 0.376 seconds
[2025-11-17T21:52:18.905+0000] {processor.py:157} INFO - Started process (PID=2596) to work on /opt/airflow/dags/tasks/recsys_data_sync.py
[2025-11-17T21:52:18.906+0000] {processor.py:829} INFO - Processing file /opt/airflow/dags/tasks/recsys_data_sync.py for tasks to queue
[2025-11-17T21:52:18.906+0000] {logging_mixin.py:154} INFO - [2025-11-17T21:52:18.906+0000] {dagbag.py:536} INFO - Filling up the DagBag from /opt/airflow/dags/tasks/recsys_data_sync.py
[2025-11-17T21:52:19.221+0000] {processor.py:841} WARNING - No viable dags retrieved from /opt/airflow/dags/tasks/recsys_data_sync.py
[2025-11-17T21:52:19.230+0000] {processor.py:179} INFO - Processing /opt/airflow/dags/tasks/recsys_data_sync.py took 0.327 seconds
[2025-11-17T21:52:50.063+0000] {processor.py:157} INFO - Started process (PID=2661) to work on /opt/airflow/dags/tasks/recsys_data_sync.py
[2025-11-17T21:52:50.064+0000] {processor.py:829} INFO - Processing file /opt/airflow/dags/tasks/recsys_data_sync.py for tasks to queue
[2025-11-17T21:52:50.066+0000] {logging_mixin.py:154} INFO - [2025-11-17T21:52:50.066+0000] {dagbag.py:536} INFO - Filling up the DagBag from /opt/airflow/dags/tasks/recsys_data_sync.py
[2025-11-17T21:52:50.870+0000] {processor.py:841} WARNING - No viable dags retrieved from /opt/airflow/dags/tasks/recsys_data_sync.py
[2025-11-17T21:52:50.887+0000] {processor.py:179} INFO - Processing /opt/airflow/dags/tasks/recsys_data_sync.py took 0.831 seconds
[2025-11-17T21:53:21.612+0000] {processor.py:157} INFO - Started process (PID=2726) to work on /opt/airflow/dags/tasks/recsys_data_sync.py
[2025-11-17T21:53:21.612+0000] {processor.py:829} INFO - Processing file /opt/airflow/dags/tasks/recsys_data_sync.py for tasks to queue
[2025-11-17T21:53:21.613+0000] {logging_mixin.py:154} INFO - [2025-11-17T21:53:21.613+0000] {dagbag.py:536} INFO - Filling up the DagBag from /opt/airflow/dags/tasks/recsys_data_sync.py
[2025-11-17T21:53:22.060+0000] {processor.py:841} WARNING - No viable dags retrieved from /opt/airflow/dags/tasks/recsys_data_sync.py
[2025-11-17T21:53:22.076+0000] {processor.py:179} INFO - Processing /opt/airflow/dags/tasks/recsys_data_sync.py took 0.467 seconds
[2025-11-17T21:53:52.737+0000] {processor.py:157} INFO - Started process (PID=2780) to work on /opt/airflow/dags/tasks/recsys_data_sync.py
[2025-11-17T21:53:52.738+0000] {processor.py:829} INFO - Processing file /opt/airflow/dags/tasks/recsys_data_sync.py for tasks to queue
[2025-11-17T21:53:52.738+0000] {logging_mixin.py:154} INFO - [2025-11-17T21:53:52.738+0000] {dagbag.py:536} INFO - Filling up the DagBag from /opt/airflow/dags/tasks/recsys_data_sync.py
[2025-11-17T21:53:53.120+0000] {processor.py:841} WARNING - No viable dags retrieved from /opt/airflow/dags/tasks/recsys_data_sync.py
[2025-11-17T21:53:53.131+0000] {processor.py:179} INFO - Processing /opt/airflow/dags/tasks/recsys_data_sync.py took 0.396 seconds
[2025-11-17T21:54:23.864+0000] {processor.py:157} INFO - Started process (PID=2827) to work on /opt/airflow/dags/tasks/recsys_data_sync.py
[2025-11-17T21:54:23.865+0000] {processor.py:829} INFO - Processing file /opt/airflow/dags/tasks/recsys_data_sync.py for tasks to queue
[2025-11-17T21:54:23.865+0000] {logging_mixin.py:154} INFO - [2025-11-17T21:54:23.865+0000] {dagbag.py:536} INFO - Filling up the DagBag from /opt/airflow/dags/tasks/recsys_data_sync.py
[2025-11-17T21:54:24.240+0000] {processor.py:841} WARNING - No viable dags retrieved from /opt/airflow/dags/tasks/recsys_data_sync.py
[2025-11-17T21:54:24.249+0000] {processor.py:179} INFO - Processing /opt/airflow/dags/tasks/recsys_data_sync.py took 0.387 seconds
[2025-11-17T21:54:54.889+0000] {processor.py:157} INFO - Started process (PID=2881) to work on /opt/airflow/dags/tasks/recsys_data_sync.py
[2025-11-17T21:54:54.890+0000] {processor.py:829} INFO - Processing file /opt/airflow/dags/tasks/recsys_data_sync.py for tasks to queue
[2025-11-17T21:54:54.891+0000] {logging_mixin.py:154} INFO - [2025-11-17T21:54:54.890+0000] {dagbag.py:536} INFO - Filling up the DagBag from /opt/airflow/dags/tasks/recsys_data_sync.py
[2025-11-17T21:54:55.210+0000] {processor.py:841} WARNING - No viable dags retrieved from /opt/airflow/dags/tasks/recsys_data_sync.py
[2025-11-17T21:54:55.219+0000] {processor.py:179} INFO - Processing /opt/airflow/dags/tasks/recsys_data_sync.py took 0.332 seconds
[2025-11-17T21:55:25.271+0000] {processor.py:157} INFO - Started process (PID=2935) to work on /opt/airflow/dags/tasks/recsys_data_sync.py
[2025-11-17T21:55:25.271+0000] {processor.py:829} INFO - Processing file /opt/airflow/dags/tasks/recsys_data_sync.py for tasks to queue
[2025-11-17T21:55:25.272+0000] {logging_mixin.py:154} INFO - [2025-11-17T21:55:25.272+0000] {dagbag.py:536} INFO - Filling up the DagBag from /opt/airflow/dags/tasks/recsys_data_sync.py
[2025-11-17T21:55:25.594+0000] {processor.py:841} WARNING - No viable dags retrieved from /opt/airflow/dags/tasks/recsys_data_sync.py
[2025-11-17T21:55:25.604+0000] {processor.py:179} INFO - Processing /opt/airflow/dags/tasks/recsys_data_sync.py took 0.335 seconds
[2025-11-17T21:55:56.628+0000] {processor.py:157} INFO - Started process (PID=2989) to work on /opt/airflow/dags/tasks/recsys_data_sync.py
[2025-11-17T21:55:56.629+0000] {processor.py:829} INFO - Processing file /opt/airflow/dags/tasks/recsys_data_sync.py for tasks to queue
[2025-11-17T21:55:56.629+0000] {logging_mixin.py:154} INFO - [2025-11-17T21:55:56.629+0000] {dagbag.py:536} INFO - Filling up the DagBag from /opt/airflow/dags/tasks/recsys_data_sync.py
[2025-11-17T21:55:56.951+0000] {processor.py:841} WARNING - No viable dags retrieved from /opt/airflow/dags/tasks/recsys_data_sync.py
[2025-11-17T21:55:56.960+0000] {processor.py:179} INFO - Processing /opt/airflow/dags/tasks/recsys_data_sync.py took 0.334 seconds
[2025-11-17T21:56:27.379+0000] {processor.py:157} INFO - Started process (PID=3043) to work on /opt/airflow/dags/tasks/recsys_data_sync.py
[2025-11-17T21:56:27.379+0000] {processor.py:829} INFO - Processing file /opt/airflow/dags/tasks/recsys_data_sync.py for tasks to queue
[2025-11-17T21:56:27.380+0000] {logging_mixin.py:154} INFO - [2025-11-17T21:56:27.379+0000] {dagbag.py:536} INFO - Filling up the DagBag from /opt/airflow/dags/tasks/recsys_data_sync.py
[2025-11-17T21:56:27.703+0000] {processor.py:841} WARNING - No viable dags retrieved from /opt/airflow/dags/tasks/recsys_data_sync.py
[2025-11-17T21:56:27.712+0000] {processor.py:179} INFO - Processing /opt/airflow/dags/tasks/recsys_data_sync.py took 0.336 seconds
[2025-11-17T21:56:58.431+0000] {processor.py:157} INFO - Started process (PID=3090) to work on /opt/airflow/dags/tasks/recsys_data_sync.py
[2025-11-17T21:56:58.431+0000] {processor.py:829} INFO - Processing file /opt/airflow/dags/tasks/recsys_data_sync.py for tasks to queue
[2025-11-17T21:56:58.431+0000] {logging_mixin.py:154} INFO - [2025-11-17T21:56:58.431+0000] {dagbag.py:536} INFO - Filling up the DagBag from /opt/airflow/dags/tasks/recsys_data_sync.py
[2025-11-17T21:56:58.738+0000] {processor.py:841} WARNING - No viable dags retrieved from /opt/airflow/dags/tasks/recsys_data_sync.py
[2025-11-17T21:56:58.746+0000] {processor.py:179} INFO - Processing /opt/airflow/dags/tasks/recsys_data_sync.py took 0.318 seconds
[2025-11-17T21:57:29.360+0000] {processor.py:157} INFO - Started process (PID=3145) to work on /opt/airflow/dags/tasks/recsys_data_sync.py
[2025-11-17T21:57:29.361+0000] {processor.py:829} INFO - Processing file /opt/airflow/dags/tasks/recsys_data_sync.py for tasks to queue
[2025-11-17T21:57:29.361+0000] {logging_mixin.py:154} INFO - [2025-11-17T21:57:29.361+0000] {dagbag.py:536} INFO - Filling up the DagBag from /opt/airflow/dags/tasks/recsys_data_sync.py
[2025-11-17T21:57:29.679+0000] {processor.py:841} WARNING - No viable dags retrieved from /opt/airflow/dags/tasks/recsys_data_sync.py
[2025-11-17T21:57:29.688+0000] {processor.py:179} INFO - Processing /opt/airflow/dags/tasks/recsys_data_sync.py took 0.330 seconds
[2025-11-17T21:58:00.362+0000] {processor.py:157} INFO - Started process (PID=3199) to work on /opt/airflow/dags/tasks/recsys_data_sync.py
[2025-11-17T21:58:00.363+0000] {processor.py:829} INFO - Processing file /opt/airflow/dags/tasks/recsys_data_sync.py for tasks to queue
[2025-11-17T21:58:00.363+0000] {logging_mixin.py:154} INFO - [2025-11-17T21:58:00.363+0000] {dagbag.py:536} INFO - Filling up the DagBag from /opt/airflow/dags/tasks/recsys_data_sync.py
[2025-11-17T21:58:00.679+0000] {processor.py:841} WARNING - No viable dags retrieved from /opt/airflow/dags/tasks/recsys_data_sync.py
[2025-11-17T21:58:00.690+0000] {processor.py:179} INFO - Processing /opt/airflow/dags/tasks/recsys_data_sync.py took 0.331 seconds
[2025-11-17T21:58:30.792+0000] {processor.py:157} INFO - Started process (PID=3253) to work on /opt/airflow/dags/tasks/recsys_data_sync.py
[2025-11-17T21:58:30.792+0000] {processor.py:829} INFO - Processing file /opt/airflow/dags/tasks/recsys_data_sync.py for tasks to queue
[2025-11-17T21:58:30.793+0000] {logging_mixin.py:154} INFO - [2025-11-17T21:58:30.793+0000] {dagbag.py:536} INFO - Filling up the DagBag from /opt/airflow/dags/tasks/recsys_data_sync.py
[2025-11-17T21:58:31.114+0000] {processor.py:841} WARNING - No viable dags retrieved from /opt/airflow/dags/tasks/recsys_data_sync.py
[2025-11-17T21:58:31.123+0000] {processor.py:179} INFO - Processing /opt/airflow/dags/tasks/recsys_data_sync.py took 0.334 seconds
[2025-11-17T21:59:01.797+0000] {processor.py:157} INFO - Started process (PID=3307) to work on /opt/airflow/dags/tasks/recsys_data_sync.py
[2025-11-17T21:59:01.798+0000] {processor.py:829} INFO - Processing file /opt/airflow/dags/tasks/recsys_data_sync.py for tasks to queue
[2025-11-17T21:59:01.798+0000] {logging_mixin.py:154} INFO - [2025-11-17T21:59:01.798+0000] {dagbag.py:536} INFO - Filling up the DagBag from /opt/airflow/dags/tasks/recsys_data_sync.py
[2025-11-17T21:59:02.125+0000] {processor.py:841} WARNING - No viable dags retrieved from /opt/airflow/dags/tasks/recsys_data_sync.py
[2025-11-17T21:59:02.134+0000] {processor.py:179} INFO - Processing /opt/airflow/dags/tasks/recsys_data_sync.py took 0.342 seconds
[2025-11-17T21:59:32.539+0000] {processor.py:157} INFO - Started process (PID=3364) to work on /opt/airflow/dags/tasks/recsys_data_sync.py
[2025-11-17T21:59:32.539+0000] {processor.py:829} INFO - Processing file /opt/airflow/dags/tasks/recsys_data_sync.py for tasks to queue
[2025-11-17T21:59:32.540+0000] {logging_mixin.py:154} INFO - [2025-11-17T21:59:32.539+0000] {dagbag.py:536} INFO - Filling up the DagBag from /opt/airflow/dags/tasks/recsys_data_sync.py
[2025-11-17T21:59:32.863+0000] {processor.py:841} WARNING - No viable dags retrieved from /opt/airflow/dags/tasks/recsys_data_sync.py
[2025-11-17T21:59:32.873+0000] {processor.py:179} INFO - Processing /opt/airflow/dags/tasks/recsys_data_sync.py took 0.337 seconds
[2025-11-17T22:00:03.154+0000] {processor.py:157} INFO - Started process (PID=3408) to work on /opt/airflow/dags/tasks/recsys_data_sync.py
[2025-11-17T22:00:03.154+0000] {processor.py:829} INFO - Processing file /opt/airflow/dags/tasks/recsys_data_sync.py for tasks to queue
[2025-11-17T22:00:03.155+0000] {logging_mixin.py:154} INFO - [2025-11-17T22:00:03.155+0000] {dagbag.py:536} INFO - Filling up the DagBag from /opt/airflow/dags/tasks/recsys_data_sync.py
[2025-11-17T22:00:03.529+0000] {processor.py:841} WARNING - No viable dags retrieved from /opt/airflow/dags/tasks/recsys_data_sync.py
[2025-11-17T22:00:03.538+0000] {processor.py:179} INFO - Processing /opt/airflow/dags/tasks/recsys_data_sync.py took 0.387 seconds
[2025-11-17T22:00:33.657+0000] {processor.py:157} INFO - Started process (PID=3462) to work on /opt/airflow/dags/tasks/recsys_data_sync.py
[2025-11-17T22:00:33.657+0000] {processor.py:829} INFO - Processing file /opt/airflow/dags/tasks/recsys_data_sync.py for tasks to queue
[2025-11-17T22:00:33.658+0000] {logging_mixin.py:154} INFO - [2025-11-17T22:00:33.657+0000] {dagbag.py:536} INFO - Filling up the DagBag from /opt/airflow/dags/tasks/recsys_data_sync.py
[2025-11-17T22:00:33.987+0000] {processor.py:841} WARNING - No viable dags retrieved from /opt/airflow/dags/tasks/recsys_data_sync.py
[2025-11-17T22:00:33.996+0000] {processor.py:179} INFO - Processing /opt/airflow/dags/tasks/recsys_data_sync.py took 0.342 seconds
[2025-11-17T22:01:04.289+0000] {processor.py:157} INFO - Started process (PID=3516) to work on /opt/airflow/dags/tasks/recsys_data_sync.py
[2025-11-17T22:01:04.289+0000] {processor.py:829} INFO - Processing file /opt/airflow/dags/tasks/recsys_data_sync.py for tasks to queue
[2025-11-17T22:01:04.290+0000] {logging_mixin.py:154} INFO - [2025-11-17T22:01:04.290+0000] {dagbag.py:536} INFO - Filling up the DagBag from /opt/airflow/dags/tasks/recsys_data_sync.py
[2025-11-17T22:01:04.600+0000] {processor.py:841} WARNING - No viable dags retrieved from /opt/airflow/dags/tasks/recsys_data_sync.py
[2025-11-17T22:01:04.608+0000] {processor.py:179} INFO - Processing /opt/airflow/dags/tasks/recsys_data_sync.py took 0.322 seconds
[2025-11-17T22:01:35.252+0000] {processor.py:157} INFO - Started process (PID=3570) to work on /opt/airflow/dags/tasks/recsys_data_sync.py
[2025-11-17T22:01:35.252+0000] {processor.py:829} INFO - Processing file /opt/airflow/dags/tasks/recsys_data_sync.py for tasks to queue
[2025-11-17T22:01:35.253+0000] {logging_mixin.py:154} INFO - [2025-11-17T22:01:35.253+0000] {dagbag.py:536} INFO - Filling up the DagBag from /opt/airflow/dags/tasks/recsys_data_sync.py
[2025-11-17T22:01:35.581+0000] {processor.py:841} WARNING - No viable dags retrieved from /opt/airflow/dags/tasks/recsys_data_sync.py
[2025-11-17T22:01:35.591+0000] {processor.py:179} INFO - Processing /opt/airflow/dags/tasks/recsys_data_sync.py took 0.342 seconds
[2025-11-17T22:02:05.972+0000] {processor.py:157} INFO - Started process (PID=3635) to work on /opt/airflow/dags/tasks/recsys_data_sync.py
[2025-11-17T22:02:05.973+0000] {processor.py:829} INFO - Processing file /opt/airflow/dags/tasks/recsys_data_sync.py for tasks to queue
[2025-11-17T22:02:05.973+0000] {logging_mixin.py:154} INFO - [2025-11-17T22:02:05.973+0000] {dagbag.py:536} INFO - Filling up the DagBag from /opt/airflow/dags/tasks/recsys_data_sync.py
[2025-11-17T22:02:06.303+0000] {processor.py:841} WARNING - No viable dags retrieved from /opt/airflow/dags/tasks/recsys_data_sync.py
[2025-11-17T22:02:06.312+0000] {processor.py:179} INFO - Processing /opt/airflow/dags/tasks/recsys_data_sync.py took 0.343 seconds
[2025-11-17T22:02:36.475+0000] {processor.py:157} INFO - Started process (PID=3693) to work on /opt/airflow/dags/tasks/recsys_data_sync.py
[2025-11-17T22:02:36.475+0000] {processor.py:829} INFO - Processing file /opt/airflow/dags/tasks/recsys_data_sync.py for tasks to queue
[2025-11-17T22:02:36.476+0000] {logging_mixin.py:154} INFO - [2025-11-17T22:02:36.476+0000] {dagbag.py:536} INFO - Filling up the DagBag from /opt/airflow/dags/tasks/recsys_data_sync.py
[2025-11-17T22:02:36.797+0000] {processor.py:841} WARNING - No viable dags retrieved from /opt/airflow/dags/tasks/recsys_data_sync.py
[2025-11-17T22:02:36.806+0000] {processor.py:179} INFO - Processing /opt/airflow/dags/tasks/recsys_data_sync.py took 0.334 seconds
[2025-11-17T22:03:07.133+0000] {processor.py:157} INFO - Started process (PID=3758) to work on /opt/airflow/dags/tasks/recsys_data_sync.py
[2025-11-17T22:03:07.134+0000] {processor.py:829} INFO - Processing file /opt/airflow/dags/tasks/recsys_data_sync.py for tasks to queue
[2025-11-17T22:03:07.134+0000] {logging_mixin.py:154} INFO - [2025-11-17T22:03:07.134+0000] {dagbag.py:536} INFO - Filling up the DagBag from /opt/airflow/dags/tasks/recsys_data_sync.py
[2025-11-17T22:03:07.550+0000] {processor.py:841} WARNING - No viable dags retrieved from /opt/airflow/dags/tasks/recsys_data_sync.py
[2025-11-17T22:03:07.560+0000] {processor.py:179} INFO - Processing /opt/airflow/dags/tasks/recsys_data_sync.py took 0.429 seconds
[2025-11-17T22:03:37.761+0000] {processor.py:157} INFO - Started process (PID=3823) to work on /opt/airflow/dags/tasks/recsys_data_sync.py
[2025-11-17T22:03:37.762+0000] {processor.py:829} INFO - Processing file /opt/airflow/dags/tasks/recsys_data_sync.py for tasks to queue
[2025-11-17T22:03:37.762+0000] {logging_mixin.py:154} INFO - [2025-11-17T22:03:37.762+0000] {dagbag.py:536} INFO - Filling up the DagBag from /opt/airflow/dags/tasks/recsys_data_sync.py
[2025-11-17T22:03:38.094+0000] {processor.py:841} WARNING - No viable dags retrieved from /opt/airflow/dags/tasks/recsys_data_sync.py
[2025-11-17T22:03:38.105+0000] {processor.py:179} INFO - Processing /opt/airflow/dags/tasks/recsys_data_sync.py took 0.346 seconds
[2025-11-17T22:04:08.183+0000] {processor.py:157} INFO - Started process (PID=3888) to work on /opt/airflow/dags/tasks/recsys_data_sync.py
[2025-11-17T22:04:08.184+0000] {processor.py:829} INFO - Processing file /opt/airflow/dags/tasks/recsys_data_sync.py for tasks to queue
[2025-11-17T22:04:08.184+0000] {logging_mixin.py:154} INFO - [2025-11-17T22:04:08.184+0000] {dagbag.py:536} INFO - Filling up the DagBag from /opt/airflow/dags/tasks/recsys_data_sync.py
[2025-11-17T22:04:08.518+0000] {processor.py:841} WARNING - No viable dags retrieved from /opt/airflow/dags/tasks/recsys_data_sync.py
[2025-11-17T22:04:08.528+0000] {processor.py:179} INFO - Processing /opt/airflow/dags/tasks/recsys_data_sync.py took 0.348 seconds
[2025-11-17T22:04:38.592+0000] {processor.py:157} INFO - Started process (PID=3946) to work on /opt/airflow/dags/tasks/recsys_data_sync.py
[2025-11-17T22:04:38.592+0000] {processor.py:829} INFO - Processing file /opt/airflow/dags/tasks/recsys_data_sync.py for tasks to queue
[2025-11-17T22:04:38.593+0000] {logging_mixin.py:154} INFO - [2025-11-17T22:04:38.593+0000] {dagbag.py:536} INFO - Filling up the DagBag from /opt/airflow/dags/tasks/recsys_data_sync.py
[2025-11-17T22:04:38.902+0000] {processor.py:841} WARNING - No viable dags retrieved from /opt/airflow/dags/tasks/recsys_data_sync.py
[2025-11-17T22:04:38.912+0000] {processor.py:179} INFO - Processing /opt/airflow/dags/tasks/recsys_data_sync.py took 0.323 seconds
[2025-11-17T22:05:08.539+0000] {processor.py:157} INFO - Started process (PID=4073) to work on /opt/airflow/dags/tasks/recsys_data_sync.py
[2025-11-17T22:05:08.540+0000] {processor.py:829} INFO - Processing file /opt/airflow/dags/tasks/recsys_data_sync.py for tasks to queue
[2025-11-17T22:05:08.540+0000] {logging_mixin.py:154} INFO - [2025-11-17T22:05:08.540+0000] {dagbag.py:536} INFO - Filling up the DagBag from /opt/airflow/dags/tasks/recsys_data_sync.py
[2025-11-17T22:05:08.343+0000] {processor.py:841} WARNING - No viable dags retrieved from /opt/airflow/dags/tasks/recsys_data_sync.py
[2025-11-17T22:05:08.355+0000] {processor.py:179} INFO - Processing /opt/airflow/dags/tasks/recsys_data_sync.py took 0.708 seconds
[2025-11-17T22:05:38.609+0000] {processor.py:157} INFO - Started process (PID=4243) to work on /opt/airflow/dags/tasks/recsys_data_sync.py
[2025-11-17T22:05:38.609+0000] {processor.py:829} INFO - Processing file /opt/airflow/dags/tasks/recsys_data_sync.py for tasks to queue
[2025-11-17T22:05:38.610+0000] {logging_mixin.py:154} INFO - [2025-11-17T22:05:38.610+0000] {dagbag.py:536} INFO - Filling up the DagBag from /opt/airflow/dags/tasks/recsys_data_sync.py
[2025-11-17T22:05:38.982+0000] {processor.py:841} WARNING - No viable dags retrieved from /opt/airflow/dags/tasks/recsys_data_sync.py
[2025-11-17T22:05:38.993+0000] {processor.py:179} INFO - Processing /opt/airflow/dags/tasks/recsys_data_sync.py took 0.388 seconds
[2025-11-17T22:06:09.582+0000] {processor.py:157} INFO - Started process (PID=4307) to work on /opt/airflow/dags/tasks/recsys_data_sync.py
[2025-11-17T22:06:09.582+0000] {processor.py:829} INFO - Processing file /opt/airflow/dags/tasks/recsys_data_sync.py for tasks to queue
[2025-11-17T22:06:09.583+0000] {logging_mixin.py:154} INFO - [2025-11-17T22:06:09.583+0000] {dagbag.py:536} INFO - Filling up the DagBag from /opt/airflow/dags/tasks/recsys_data_sync.py
[2025-11-17T22:06:10.036+0000] {processor.py:841} WARNING - No viable dags retrieved from /opt/airflow/dags/tasks/recsys_data_sync.py
[2025-11-17T22:06:10.045+0000] {processor.py:179} INFO - Processing /opt/airflow/dags/tasks/recsys_data_sync.py took 0.466 seconds
[2025-11-17T22:06:40.761+0000] {processor.py:157} INFO - Started process (PID=4371) to work on /opt/airflow/dags/tasks/recsys_data_sync.py
[2025-11-17T22:06:40.765+0000] {processor.py:829} INFO - Processing file /opt/airflow/dags/tasks/recsys_data_sync.py for tasks to queue
[2025-11-17T22:06:40.765+0000] {logging_mixin.py:154} INFO - [2025-11-17T22:06:40.765+0000] {dagbag.py:536} INFO - Filling up the DagBag from /opt/airflow/dags/tasks/recsys_data_sync.py
[2025-11-17T22:06:41.162+0000] {processor.py:841} WARNING - No viable dags retrieved from /opt/airflow/dags/tasks/recsys_data_sync.py
[2025-11-17T22:06:41.172+0000] {processor.py:179} INFO - Processing /opt/airflow/dags/tasks/recsys_data_sync.py took 0.415 seconds
[2025-11-17T22:07:11.775+0000] {processor.py:157} INFO - Started process (PID=4429) to work on /opt/airflow/dags/tasks/recsys_data_sync.py
[2025-11-17T22:07:11.777+0000] {processor.py:829} INFO - Processing file /opt/airflow/dags/tasks/recsys_data_sync.py for tasks to queue
[2025-11-17T22:07:11.784+0000] {logging_mixin.py:154} INFO - [2025-11-17T22:07:11.781+0000] {dagbag.py:536} INFO - Filling up the DagBag from /opt/airflow/dags/tasks/recsys_data_sync.py
[2025-11-17T22:07:12.202+0000] {processor.py:841} WARNING - No viable dags retrieved from /opt/airflow/dags/tasks/recsys_data_sync.py
[2025-11-17T22:07:12.214+0000] {processor.py:179} INFO - Processing /opt/airflow/dags/tasks/recsys_data_sync.py took 0.451 seconds
[2025-11-17T22:07:42.900+0000] {processor.py:157} INFO - Started process (PID=4493) to work on /opt/airflow/dags/tasks/recsys_data_sync.py
[2025-11-17T22:07:42.900+0000] {processor.py:829} INFO - Processing file /opt/airflow/dags/tasks/recsys_data_sync.py for tasks to queue
[2025-11-17T22:07:42.901+0000] {logging_mixin.py:154} INFO - [2025-11-17T22:07:42.901+0000] {dagbag.py:536} INFO - Filling up the DagBag from /opt/airflow/dags/tasks/recsys_data_sync.py
[2025-11-17T22:07:43.313+0000] {processor.py:841} WARNING - No viable dags retrieved from /opt/airflow/dags/tasks/recsys_data_sync.py
[2025-11-17T22:07:43.326+0000] {processor.py:179} INFO - Processing /opt/airflow/dags/tasks/recsys_data_sync.py took 0.430 seconds
[2025-11-17T22:08:13.762+0000] {processor.py:157} INFO - Started process (PID=4594) to work on /opt/airflow/dags/tasks/recsys_data_sync.py
[2025-11-17T22:08:13.762+0000] {processor.py:829} INFO - Processing file /opt/airflow/dags/tasks/recsys_data_sync.py for tasks to queue
[2025-11-17T22:08:13.763+0000] {logging_mixin.py:154} INFO - [2025-11-17T22:08:13.763+0000] {dagbag.py:536} INFO - Filling up the DagBag from /opt/airflow/dags/tasks/recsys_data_sync.py
[2025-11-17T22:08:14.102+0000] {processor.py:841} WARNING - No viable dags retrieved from /opt/airflow/dags/tasks/recsys_data_sync.py
[2025-11-17T22:08:14.113+0000] {processor.py:179} INFO - Processing /opt/airflow/dags/tasks/recsys_data_sync.py took 0.353 seconds
[2025-11-17T22:08:44.437+0000] {processor.py:157} INFO - Started process (PID=4659) to work on /opt/airflow/dags/tasks/recsys_data_sync.py
[2025-11-17T22:08:44.438+0000] {processor.py:829} INFO - Processing file /opt/airflow/dags/tasks/recsys_data_sync.py for tasks to queue
[2025-11-17T22:08:44.439+0000] {logging_mixin.py:154} INFO - [2025-11-17T22:08:44.438+0000] {dagbag.py:536} INFO - Filling up the DagBag from /opt/airflow/dags/tasks/recsys_data_sync.py
[2025-11-17T22:08:44.791+0000] {processor.py:841} WARNING - No viable dags retrieved from /opt/airflow/dags/tasks/recsys_data_sync.py
[2025-11-17T22:08:44.801+0000] {processor.py:179} INFO - Processing /opt/airflow/dags/tasks/recsys_data_sync.py took 0.367 seconds
[2025-11-17T22:09:15.021+0000] {processor.py:157} INFO - Started process (PID=4717) to work on /opt/airflow/dags/tasks/recsys_data_sync.py
[2025-11-17T22:09:15.022+0000] {processor.py:829} INFO - Processing file /opt/airflow/dags/tasks/recsys_data_sync.py for tasks to queue
[2025-11-17T22:09:15.022+0000] {logging_mixin.py:154} INFO - [2025-11-17T22:09:15.022+0000] {dagbag.py:536} INFO - Filling up the DagBag from /opt/airflow/dags/tasks/recsys_data_sync.py
[2025-11-17T22:09:15.474+0000] {processor.py:841} WARNING - No viable dags retrieved from /opt/airflow/dags/tasks/recsys_data_sync.py
[2025-11-17T22:09:15.485+0000] {processor.py:179} INFO - Processing /opt/airflow/dags/tasks/recsys_data_sync.py took 0.467 seconds
[2025-11-17T22:09:45.664+0000] {processor.py:157} INFO - Started process (PID=4782) to work on /opt/airflow/dags/tasks/recsys_data_sync.py
[2025-11-17T22:09:45.665+0000] {processor.py:829} INFO - Processing file /opt/airflow/dags/tasks/recsys_data_sync.py for tasks to queue
[2025-11-17T22:09:45.665+0000] {logging_mixin.py:154} INFO - [2025-11-17T22:09:45.665+0000] {dagbag.py:536} INFO - Filling up the DagBag from /opt/airflow/dags/tasks/recsys_data_sync.py
[2025-11-17T22:09:46.006+0000] {processor.py:841} WARNING - No viable dags retrieved from /opt/airflow/dags/tasks/recsys_data_sync.py
[2025-11-17T22:09:46.017+0000] {processor.py:179} INFO - Processing /opt/airflow/dags/tasks/recsys_data_sync.py took 0.355 seconds
[2025-11-17T22:10:16.382+0000] {processor.py:157} INFO - Started process (PID=4847) to work on /opt/airflow/dags/tasks/recsys_data_sync.py
[2025-11-17T22:10:16.383+0000] {processor.py:829} INFO - Processing file /opt/airflow/dags/tasks/recsys_data_sync.py for tasks to queue
[2025-11-17T22:10:16.384+0000] {logging_mixin.py:154} INFO - [2025-11-17T22:10:16.384+0000] {dagbag.py:536} INFO - Filling up the DagBag from /opt/airflow/dags/tasks/recsys_data_sync.py
[2025-11-17T22:10:16.715+0000] {processor.py:841} WARNING - No viable dags retrieved from /opt/airflow/dags/tasks/recsys_data_sync.py
[2025-11-17T22:10:16.724+0000] {processor.py:179} INFO - Processing /opt/airflow/dags/tasks/recsys_data_sync.py took 0.345 seconds
[2025-11-17T22:10:47.079+0000] {processor.py:157} INFO - Started process (PID=4912) to work on /opt/airflow/dags/tasks/recsys_data_sync.py
[2025-11-17T22:10:47.079+0000] {processor.py:829} INFO - Processing file /opt/airflow/dags/tasks/recsys_data_sync.py for tasks to queue
[2025-11-17T22:10:47.080+0000] {logging_mixin.py:154} INFO - [2025-11-17T22:10:47.080+0000] {dagbag.py:536} INFO - Filling up the DagBag from /opt/airflow/dags/tasks/recsys_data_sync.py
[2025-11-17T22:10:47.449+0000] {processor.py:841} WARNING - No viable dags retrieved from /opt/airflow/dags/tasks/recsys_data_sync.py
[2025-11-17T22:10:47.460+0000] {processor.py:179} INFO - Processing /opt/airflow/dags/tasks/recsys_data_sync.py took 0.384 seconds
[2025-11-17T22:11:18.008+0000] {processor.py:157} INFO - Started process (PID=4977) to work on /opt/airflow/dags/tasks/recsys_data_sync.py
[2025-11-17T22:11:18.009+0000] {processor.py:829} INFO - Processing file /opt/airflow/dags/tasks/recsys_data_sync.py for tasks to queue
[2025-11-17T22:11:18.009+0000] {logging_mixin.py:154} INFO - [2025-11-17T22:11:18.009+0000] {dagbag.py:536} INFO - Filling up the DagBag from /opt/airflow/dags/tasks/recsys_data_sync.py
[2025-11-17T22:11:18.375+0000] {processor.py:841} WARNING - No viable dags retrieved from /opt/airflow/dags/tasks/recsys_data_sync.py
[2025-11-17T22:11:18.385+0000] {processor.py:179} INFO - Processing /opt/airflow/dags/tasks/recsys_data_sync.py took 0.380 seconds
[2025-11-17T22:11:48.477+0000] {processor.py:157} INFO - Started process (PID=5035) to work on /opt/airflow/dags/tasks/recsys_data_sync.py
[2025-11-17T22:11:48.478+0000] {processor.py:829} INFO - Processing file /opt/airflow/dags/tasks/recsys_data_sync.py for tasks to queue
[2025-11-17T22:11:48.479+0000] {logging_mixin.py:154} INFO - [2025-11-17T22:11:48.479+0000] {dagbag.py:536} INFO - Filling up the DagBag from /opt/airflow/dags/tasks/recsys_data_sync.py
[2025-11-17T22:11:49.226+0000] {processor.py:841} WARNING - No viable dags retrieved from /opt/airflow/dags/tasks/recsys_data_sync.py
[2025-11-17T22:11:49.239+0000] {processor.py:179} INFO - Processing /opt/airflow/dags/tasks/recsys_data_sync.py took 0.767 seconds
[2025-11-17T22:12:33.742+0000] {processor.py:157} INFO - Started process (PID=179) to work on /opt/airflow/dags/tasks/recsys_data_sync.py
[2025-11-17T22:12:33.743+0000] {processor.py:829} INFO - Processing file /opt/airflow/dags/tasks/recsys_data_sync.py for tasks to queue
[2025-11-17T22:12:33.743+0000] {logging_mixin.py:154} INFO - [2025-11-17T22:12:33.743+0000] {dagbag.py:536} INFO - Filling up the DagBag from /opt/airflow/dags/tasks/recsys_data_sync.py
[2025-11-17T22:12:34.201+0000] {processor.py:841} WARNING - No viable dags retrieved from /opt/airflow/dags/tasks/recsys_data_sync.py
[2025-11-17T22:12:34.213+0000] {processor.py:179} INFO - Processing /opt/airflow/dags/tasks/recsys_data_sync.py took 0.475 seconds
[2025-11-17T22:13:04.424+0000] {processor.py:157} INFO - Started process (PID=345) to work on /opt/airflow/dags/tasks/recsys_data_sync.py
[2025-11-17T22:13:04.425+0000] {processor.py:829} INFO - Processing file /opt/airflow/dags/tasks/recsys_data_sync.py for tasks to queue
[2025-11-17T22:13:04.425+0000] {logging_mixin.py:154} INFO - [2025-11-17T22:13:04.425+0000] {dagbag.py:536} INFO - Filling up the DagBag from /opt/airflow/dags/tasks/recsys_data_sync.py
[2025-11-17T22:13:04.883+0000] {processor.py:841} WARNING - No viable dags retrieved from /opt/airflow/dags/tasks/recsys_data_sync.py
[2025-11-17T22:13:04.892+0000] {processor.py:179} INFO - Processing /opt/airflow/dags/tasks/recsys_data_sync.py took 0.472 seconds
[2025-11-17T22:13:35.047+0000] {processor.py:157} INFO - Started process (PID=482) to work on /opt/airflow/dags/tasks/recsys_data_sync.py
[2025-11-17T22:13:35.048+0000] {processor.py:829} INFO - Processing file /opt/airflow/dags/tasks/recsys_data_sync.py for tasks to queue
[2025-11-17T22:13:35.049+0000] {logging_mixin.py:154} INFO - [2025-11-17T22:13:35.048+0000] {dagbag.py:536} INFO - Filling up the DagBag from /opt/airflow/dags/tasks/recsys_data_sync.py
[2025-11-17T22:13:35.439+0000] {processor.py:841} WARNING - No viable dags retrieved from /opt/airflow/dags/tasks/recsys_data_sync.py
[2025-11-17T22:13:35.449+0000] {processor.py:179} INFO - Processing /opt/airflow/dags/tasks/recsys_data_sync.py took 0.405 seconds
[2025-11-17T22:14:05.736+0000] {processor.py:157} INFO - Started process (PID=652) to work on /opt/airflow/dags/tasks/recsys_data_sync.py
[2025-11-17T22:14:05.736+0000] {processor.py:829} INFO - Processing file /opt/airflow/dags/tasks/recsys_data_sync.py for tasks to queue
[2025-11-17T22:14:05.737+0000] {logging_mixin.py:154} INFO - [2025-11-17T22:14:05.736+0000] {dagbag.py:536} INFO - Filling up the DagBag from /opt/airflow/dags/tasks/recsys_data_sync.py
[2025-11-17T22:14:06.058+0000] {processor.py:841} WARNING - No viable dags retrieved from /opt/airflow/dags/tasks/recsys_data_sync.py
[2025-11-17T22:14:06.068+0000] {processor.py:179} INFO - Processing /opt/airflow/dags/tasks/recsys_data_sync.py took 0.335 seconds
[2025-11-17T22:14:37.017+0000] {processor.py:157} INFO - Started process (PID=717) to work on /opt/airflow/dags/tasks/recsys_data_sync.py
[2025-11-17T22:14:37.017+0000] {processor.py:829} INFO - Processing file /opt/airflow/dags/tasks/recsys_data_sync.py for tasks to queue
[2025-11-17T22:14:37.018+0000] {logging_mixin.py:154} INFO - [2025-11-17T22:14:37.017+0000] {dagbag.py:536} INFO - Filling up the DagBag from /opt/airflow/dags/tasks/recsys_data_sync.py
[2025-11-17T22:14:37.334+0000] {processor.py:841} WARNING - No viable dags retrieved from /opt/airflow/dags/tasks/recsys_data_sync.py
[2025-11-17T22:14:37.342+0000] {processor.py:179} INFO - Processing /opt/airflow/dags/tasks/recsys_data_sync.py took 0.327 seconds
[2025-11-17T22:15:07.982+0000] {processor.py:157} INFO - Started process (PID=775) to work on /opt/airflow/dags/tasks/recsys_data_sync.py
[2025-11-17T22:15:07.982+0000] {processor.py:829} INFO - Processing file /opt/airflow/dags/tasks/recsys_data_sync.py for tasks to queue
[2025-11-17T22:15:07.983+0000] {logging_mixin.py:154} INFO - [2025-11-17T22:15:07.983+0000] {dagbag.py:536} INFO - Filling up the DagBag from /opt/airflow/dags/tasks/recsys_data_sync.py
[2025-11-17T22:15:08.352+0000] {processor.py:841} WARNING - No viable dags retrieved from /opt/airflow/dags/tasks/recsys_data_sync.py
[2025-11-17T22:15:08.361+0000] {processor.py:179} INFO - Processing /opt/airflow/dags/tasks/recsys_data_sync.py took 0.381 seconds
[2025-11-17T22:15:38.983+0000] {processor.py:157} INFO - Started process (PID=840) to work on /opt/airflow/dags/tasks/recsys_data_sync.py
[2025-11-17T22:15:38.984+0000] {processor.py:829} INFO - Processing file /opt/airflow/dags/tasks/recsys_data_sync.py for tasks to queue
[2025-11-17T22:15:38.984+0000] {logging_mixin.py:154} INFO - [2025-11-17T22:15:38.984+0000] {dagbag.py:536} INFO - Filling up the DagBag from /opt/airflow/dags/tasks/recsys_data_sync.py
[2025-11-17T22:15:39.348+0000] {processor.py:841} WARNING - No viable dags retrieved from /opt/airflow/dags/tasks/recsys_data_sync.py
[2025-11-17T22:15:39.356+0000] {processor.py:179} INFO - Processing /opt/airflow/dags/tasks/recsys_data_sync.py took 0.375 seconds
[2025-11-17T22:16:10.391+0000] {processor.py:157} INFO - Started process (PID=905) to work on /opt/airflow/dags/tasks/recsys_data_sync.py
[2025-11-17T22:16:10.392+0000] {processor.py:829} INFO - Processing file /opt/airflow/dags/tasks/recsys_data_sync.py for tasks to queue
[2025-11-17T22:16:10.393+0000] {logging_mixin.py:154} INFO - [2025-11-17T22:16:10.392+0000] {dagbag.py:536} INFO - Filling up the DagBag from /opt/airflow/dags/tasks/recsys_data_sync.py
[2025-11-17T22:16:10.801+0000] {processor.py:841} WARNING - No viable dags retrieved from /opt/airflow/dags/tasks/recsys_data_sync.py
[2025-11-17T22:16:10.811+0000] {processor.py:179} INFO - Processing /opt/airflow/dags/tasks/recsys_data_sync.py took 0.422 seconds
[2025-11-17T22:16:41.448+0000] {processor.py:157} INFO - Started process (PID=1132) to work on /opt/airflow/dags/tasks/recsys_data_sync.py
[2025-11-17T22:16:41.452+0000] {processor.py:829} INFO - Processing file /opt/airflow/dags/tasks/recsys_data_sync.py for tasks to queue
[2025-11-17T22:16:41.453+0000] {logging_mixin.py:154} INFO - [2025-11-17T22:16:41.453+0000] {dagbag.py:536} INFO - Filling up the DagBag from /opt/airflow/dags/tasks/recsys_data_sync.py
[2025-11-17T22:16:41.878+0000] {processor.py:841} WARNING - No viable dags retrieved from /opt/airflow/dags/tasks/recsys_data_sync.py
[2025-11-17T22:16:41.888+0000] {processor.py:179} INFO - Processing /opt/airflow/dags/tasks/recsys_data_sync.py took 0.446 seconds
[2025-11-17T22:17:12.627+0000] {processor.py:157} INFO - Started process (PID=1292) to work on /opt/airflow/dags/tasks/recsys_data_sync.py
[2025-11-17T22:17:12.627+0000] {processor.py:829} INFO - Processing file /opt/airflow/dags/tasks/recsys_data_sync.py for tasks to queue
[2025-11-17T22:17:12.628+0000] {logging_mixin.py:154} INFO - [2025-11-17T22:17:12.628+0000] {dagbag.py:536} INFO - Filling up the DagBag from /opt/airflow/dags/tasks/recsys_data_sync.py
[2025-11-17T22:17:12.955+0000] {processor.py:841} WARNING - No viable dags retrieved from /opt/airflow/dags/tasks/recsys_data_sync.py
[2025-11-17T22:17:12.963+0000] {processor.py:179} INFO - Processing /opt/airflow/dags/tasks/recsys_data_sync.py took 0.339 seconds
[2025-11-17T22:17:43.022+0000] {processor.py:157} INFO - Started process (PID=1375) to work on /opt/airflow/dags/tasks/recsys_data_sync.py
[2025-11-17T22:17:43.023+0000] {processor.py:829} INFO - Processing file /opt/airflow/dags/tasks/recsys_data_sync.py for tasks to queue
[2025-11-17T22:17:43.023+0000] {logging_mixin.py:154} INFO - [2025-11-17T22:17:43.023+0000] {dagbag.py:536} INFO - Filling up the DagBag from /opt/airflow/dags/tasks/recsys_data_sync.py
[2025-11-17T22:17:43.441+0000] {processor.py:841} WARNING - No viable dags retrieved from /opt/airflow/dags/tasks/recsys_data_sync.py
[2025-11-17T22:17:43.448+0000] {processor.py:179} INFO - Processing /opt/airflow/dags/tasks/recsys_data_sync.py took 0.429 seconds
[2025-11-17T22:18:13.869+0000] {processor.py:157} INFO - Started process (PID=1433) to work on /opt/airflow/dags/tasks/recsys_data_sync.py
[2025-11-17T22:18:13.870+0000] {processor.py:829} INFO - Processing file /opt/airflow/dags/tasks/recsys_data_sync.py for tasks to queue
[2025-11-17T22:18:13.870+0000] {logging_mixin.py:154} INFO - [2025-11-17T22:18:13.870+0000] {dagbag.py:536} INFO - Filling up the DagBag from /opt/airflow/dags/tasks/recsys_data_sync.py
[2025-11-17T22:18:14.245+0000] {processor.py:841} WARNING - No viable dags retrieved from /opt/airflow/dags/tasks/recsys_data_sync.py
[2025-11-17T22:18:14.253+0000] {processor.py:179} INFO - Processing /opt/airflow/dags/tasks/recsys_data_sync.py took 0.387 seconds
[2025-11-17T22:18:44.627+0000] {processor.py:157} INFO - Started process (PID=1501) to work on /opt/airflow/dags/tasks/recsys_data_sync.py
[2025-11-17T22:18:44.628+0000] {processor.py:829} INFO - Processing file /opt/airflow/dags/tasks/recsys_data_sync.py for tasks to queue
[2025-11-17T22:18:44.628+0000] {logging_mixin.py:154} INFO - [2025-11-17T22:18:44.628+0000] {dagbag.py:536} INFO - Filling up the DagBag from /opt/airflow/dags/tasks/recsys_data_sync.py
[2025-11-17T22:18:44.948+0000] {processor.py:841} WARNING - No viable dags retrieved from /opt/airflow/dags/tasks/recsys_data_sync.py
[2025-11-17T22:18:44.957+0000] {processor.py:179} INFO - Processing /opt/airflow/dags/tasks/recsys_data_sync.py took 0.334 seconds
[2025-11-17T22:19:15.572+0000] {processor.py:157} INFO - Started process (PID=1563) to work on /opt/airflow/dags/tasks/recsys_data_sync.py
[2025-11-17T22:19:15.572+0000] {processor.py:829} INFO - Processing file /opt/airflow/dags/tasks/recsys_data_sync.py for tasks to queue
[2025-11-17T22:19:15.573+0000] {logging_mixin.py:154} INFO - [2025-11-17T22:19:15.573+0000] {dagbag.py:536} INFO - Filling up the DagBag from /opt/airflow/dags/tasks/recsys_data_sync.py
[2025-11-17T22:19:15.866+0000] {processor.py:841} WARNING - No viable dags retrieved from /opt/airflow/dags/tasks/recsys_data_sync.py
[2025-11-17T22:19:15.873+0000] {processor.py:179} INFO - Processing /opt/airflow/dags/tasks/recsys_data_sync.py took 0.305 seconds
[2025-11-17T22:19:46.065+0000] {processor.py:157} INFO - Started process (PID=1628) to work on /opt/airflow/dags/tasks/recsys_data_sync.py
[2025-11-17T22:19:46.065+0000] {processor.py:829} INFO - Processing file /opt/airflow/dags/tasks/recsys_data_sync.py for tasks to queue
[2025-11-17T22:19:46.066+0000] {logging_mixin.py:154} INFO - [2025-11-17T22:19:46.066+0000] {dagbag.py:536} INFO - Filling up the DagBag from /opt/airflow/dags/tasks/recsys_data_sync.py
[2025-11-17T22:19:46.392+0000] {processor.py:841} WARNING - No viable dags retrieved from /opt/airflow/dags/tasks/recsys_data_sync.py
[2025-11-17T22:19:46.403+0000] {processor.py:179} INFO - Processing /opt/airflow/dags/tasks/recsys_data_sync.py took 0.341 seconds
[2025-11-17T22:20:16.563+0000] {processor.py:157} INFO - Started process (PID=1693) to work on /opt/airflow/dags/tasks/recsys_data_sync.py
[2025-11-17T22:20:16.563+0000] {processor.py:829} INFO - Processing file /opt/airflow/dags/tasks/recsys_data_sync.py for tasks to queue
[2025-11-17T22:20:16.564+0000] {logging_mixin.py:154} INFO - [2025-11-17T22:20:16.564+0000] {dagbag.py:536} INFO - Filling up the DagBag from /opt/airflow/dags/tasks/recsys_data_sync.py
[2025-11-17T22:20:16.897+0000] {processor.py:841} WARNING - No viable dags retrieved from /opt/airflow/dags/tasks/recsys_data_sync.py
[2025-11-17T22:20:16.905+0000] {processor.py:179} INFO - Processing /opt/airflow/dags/tasks/recsys_data_sync.py took 0.346 seconds
[2025-11-17T22:20:46.952+0000] {processor.py:157} INFO - Started process (PID=1751) to work on /opt/airflow/dags/tasks/recsys_data_sync.py
[2025-11-17T22:20:46.952+0000] {processor.py:829} INFO - Processing file /opt/airflow/dags/tasks/recsys_data_sync.py for tasks to queue
[2025-11-17T22:20:46.953+0000] {logging_mixin.py:154} INFO - [2025-11-17T22:20:46.953+0000] {dagbag.py:536} INFO - Filling up the DagBag from /opt/airflow/dags/tasks/recsys_data_sync.py
[2025-11-17T22:20:47.268+0000] {processor.py:841} WARNING - No viable dags retrieved from /opt/airflow/dags/tasks/recsys_data_sync.py
[2025-11-17T22:20:47.276+0000] {processor.py:179} INFO - Processing /opt/airflow/dags/tasks/recsys_data_sync.py took 0.327 seconds
[2025-11-17T22:21:17.424+0000] {processor.py:157} INFO - Started process (PID=1816) to work on /opt/airflow/dags/tasks/recsys_data_sync.py
[2025-11-17T22:21:17.424+0000] {processor.py:829} INFO - Processing file /opt/airflow/dags/tasks/recsys_data_sync.py for tasks to queue
[2025-11-17T22:21:17.425+0000] {logging_mixin.py:154} INFO - [2025-11-17T22:21:17.425+0000] {dagbag.py:536} INFO - Filling up the DagBag from /opt/airflow/dags/tasks/recsys_data_sync.py
[2025-11-17T22:21:17.742+0000] {processor.py:841} WARNING - No viable dags retrieved from /opt/airflow/dags/tasks/recsys_data_sync.py
[2025-11-17T22:21:17.750+0000] {processor.py:179} INFO - Processing /opt/airflow/dags/tasks/recsys_data_sync.py took 0.329 seconds
[2025-11-17T22:21:47.920+0000] {processor.py:157} INFO - Started process (PID=1881) to work on /opt/airflow/dags/tasks/recsys_data_sync.py
[2025-11-17T22:21:47.920+0000] {processor.py:829} INFO - Processing file /opt/airflow/dags/tasks/recsys_data_sync.py for tasks to queue
[2025-11-17T22:21:47.921+0000] {logging_mixin.py:154} INFO - [2025-11-17T22:21:47.920+0000] {dagbag.py:536} INFO - Filling up the DagBag from /opt/airflow/dags/tasks/recsys_data_sync.py
[2025-11-17T22:21:48.239+0000] {processor.py:841} WARNING - No viable dags retrieved from /opt/airflow/dags/tasks/recsys_data_sync.py
[2025-11-17T22:21:48.249+0000] {processor.py:179} INFO - Processing /opt/airflow/dags/tasks/recsys_data_sync.py took 0.331 seconds
[2025-11-17T22:22:18.461+0000] {processor.py:157} INFO - Started process (PID=1946) to work on /opt/airflow/dags/tasks/recsys_data_sync.py
[2025-11-17T22:22:18.462+0000] {processor.py:829} INFO - Processing file /opt/airflow/dags/tasks/recsys_data_sync.py for tasks to queue
[2025-11-17T22:22:18.463+0000] {logging_mixin.py:154} INFO - [2025-11-17T22:22:18.462+0000] {dagbag.py:536} INFO - Filling up the DagBag from /opt/airflow/dags/tasks/recsys_data_sync.py
[2025-11-17T22:22:18.785+0000] {processor.py:841} WARNING - No viable dags retrieved from /opt/airflow/dags/tasks/recsys_data_sync.py
[2025-11-17T22:22:18.793+0000] {processor.py:179} INFO - Processing /opt/airflow/dags/tasks/recsys_data_sync.py took 0.335 seconds
[2025-11-17T22:22:48.948+0000] {processor.py:157} INFO - Started process (PID=2011) to work on /opt/airflow/dags/tasks/recsys_data_sync.py
[2025-11-17T22:22:48.948+0000] {processor.py:829} INFO - Processing file /opt/airflow/dags/tasks/recsys_data_sync.py for tasks to queue
[2025-11-17T22:22:48.949+0000] {logging_mixin.py:154} INFO - [2025-11-17T22:22:48.949+0000] {dagbag.py:536} INFO - Filling up the DagBag from /opt/airflow/dags/tasks/recsys_data_sync.py
[2025-11-17T22:22:49.293+0000] {processor.py:841} WARNING - No viable dags retrieved from /opt/airflow/dags/tasks/recsys_data_sync.py
[2025-11-17T22:22:49.301+0000] {processor.py:179} INFO - Processing /opt/airflow/dags/tasks/recsys_data_sync.py took 0.356 seconds
[2025-11-17T22:23:19.423+0000] {processor.py:157} INFO - Started process (PID=2076) to work on /opt/airflow/dags/tasks/recsys_data_sync.py
[2025-11-17T22:23:19.423+0000] {processor.py:829} INFO - Processing file /opt/airflow/dags/tasks/recsys_data_sync.py for tasks to queue
[2025-11-17T22:23:19.424+0000] {logging_mixin.py:154} INFO - [2025-11-17T22:23:19.424+0000] {dagbag.py:536} INFO - Filling up the DagBag from /opt/airflow/dags/tasks/recsys_data_sync.py
[2025-11-17T22:23:19.736+0000] {processor.py:841} WARNING - No viable dags retrieved from /opt/airflow/dags/tasks/recsys_data_sync.py
[2025-11-17T22:23:19.744+0000] {processor.py:179} INFO - Processing /opt/airflow/dags/tasks/recsys_data_sync.py took 0.324 seconds
[2025-11-17T22:23:50.354+0000] {processor.py:157} INFO - Started process (PID=2141) to work on /opt/airflow/dags/tasks/recsys_data_sync.py
[2025-11-17T22:23:50.354+0000] {processor.py:829} INFO - Processing file /opt/airflow/dags/tasks/recsys_data_sync.py for tasks to queue
[2025-11-17T22:23:50.355+0000] {logging_mixin.py:154} INFO - [2025-11-17T22:23:50.354+0000] {dagbag.py:536} INFO - Filling up the DagBag from /opt/airflow/dags/tasks/recsys_data_sync.py
[2025-11-17T22:23:50.672+0000] {processor.py:841} WARNING - No viable dags retrieved from /opt/airflow/dags/tasks/recsys_data_sync.py
[2025-11-17T22:23:50.682+0000] {processor.py:179} INFO - Processing /opt/airflow/dags/tasks/recsys_data_sync.py took 0.330 seconds
[2025-11-17T22:24:20.744+0000] {processor.py:157} INFO - Started process (PID=2199) to work on /opt/airflow/dags/tasks/recsys_data_sync.py
[2025-11-17T22:24:20.745+0000] {processor.py:829} INFO - Processing file /opt/airflow/dags/tasks/recsys_data_sync.py for tasks to queue
[2025-11-17T22:24:20.745+0000] {logging_mixin.py:154} INFO - [2025-11-17T22:24:20.745+0000] {dagbag.py:536} INFO - Filling up the DagBag from /opt/airflow/dags/tasks/recsys_data_sync.py
[2025-11-17T22:24:21.056+0000] {processor.py:841} WARNING - No viable dags retrieved from /opt/airflow/dags/tasks/recsys_data_sync.py
[2025-11-17T22:24:21.066+0000] {processor.py:179} INFO - Processing /opt/airflow/dags/tasks/recsys_data_sync.py took 0.325 seconds
[2025-11-17T22:24:52.188+0000] {processor.py:157} INFO - Started process (PID=2265) to work on /opt/airflow/dags/tasks/recsys_data_sync.py
[2025-11-17T22:24:52.189+0000] {processor.py:829} INFO - Processing file /opt/airflow/dags/tasks/recsys_data_sync.py for tasks to queue
[2025-11-17T22:24:52.190+0000] {logging_mixin.py:154} INFO - [2025-11-17T22:24:52.190+0000] {dagbag.py:536} INFO - Filling up the DagBag from /opt/airflow/dags/tasks/recsys_data_sync.py
[2025-11-17T22:24:52.500+0000] {processor.py:841} WARNING - No viable dags retrieved from /opt/airflow/dags/tasks/recsys_data_sync.py
[2025-11-17T22:24:52.510+0000] {processor.py:179} INFO - Processing /opt/airflow/dags/tasks/recsys_data_sync.py took 0.326 seconds
[2025-11-17T22:25:22.807+0000] {processor.py:157} INFO - Started process (PID=2312) to work on /opt/airflow/dags/tasks/recsys_data_sync.py
[2025-11-17T22:25:22.808+0000] {processor.py:829} INFO - Processing file /opt/airflow/dags/tasks/recsys_data_sync.py for tasks to queue
[2025-11-17T22:25:22.808+0000] {logging_mixin.py:154} INFO - [2025-11-17T22:25:22.808+0000] {dagbag.py:536} INFO - Filling up the DagBag from /opt/airflow/dags/tasks/recsys_data_sync.py
[2025-11-17T22:25:23.137+0000] {processor.py:841} WARNING - No viable dags retrieved from /opt/airflow/dags/tasks/recsys_data_sync.py
[2025-11-17T22:25:23.147+0000] {processor.py:179} INFO - Processing /opt/airflow/dags/tasks/recsys_data_sync.py took 0.342 seconds
[2025-11-17T22:25:53.189+0000] {processor.py:157} INFO - Started process (PID=2377) to work on /opt/airflow/dags/tasks/recsys_data_sync.py
[2025-11-17T22:25:53.190+0000] {processor.py:829} INFO - Processing file /opt/airflow/dags/tasks/recsys_data_sync.py for tasks to queue
[2025-11-17T22:25:53.190+0000] {logging_mixin.py:154} INFO - [2025-11-17T22:25:53.190+0000] {dagbag.py:536} INFO - Filling up the DagBag from /opt/airflow/dags/tasks/recsys_data_sync.py
[2025-11-17T22:25:53.495+0000] {processor.py:841} WARNING - No viable dags retrieved from /opt/airflow/dags/tasks/recsys_data_sync.py
[2025-11-17T22:25:53.504+0000] {processor.py:179} INFO - Processing /opt/airflow/dags/tasks/recsys_data_sync.py took 0.317 seconds
[2025-11-17T22:26:23.554+0000] {processor.py:157} INFO - Started process (PID=2442) to work on /opt/airflow/dags/tasks/recsys_data_sync.py
[2025-11-17T22:26:23.555+0000] {processor.py:829} INFO - Processing file /opt/airflow/dags/tasks/recsys_data_sync.py for tasks to queue
[2025-11-17T22:26:23.555+0000] {logging_mixin.py:154} INFO - [2025-11-17T22:26:23.555+0000] {dagbag.py:536} INFO - Filling up the DagBag from /opt/airflow/dags/tasks/recsys_data_sync.py
[2025-11-17T22:26:23.868+0000] {processor.py:841} WARNING - No viable dags retrieved from /opt/airflow/dags/tasks/recsys_data_sync.py
[2025-11-17T22:26:23.876+0000] {processor.py:179} INFO - Processing /opt/airflow/dags/tasks/recsys_data_sync.py took 0.324 seconds
[2025-11-17T22:26:53.993+0000] {processor.py:157} INFO - Started process (PID=2500) to work on /opt/airflow/dags/tasks/recsys_data_sync.py
[2025-11-17T22:26:53.993+0000] {processor.py:829} INFO - Processing file /opt/airflow/dags/tasks/recsys_data_sync.py for tasks to queue
[2025-11-17T22:26:53.994+0000] {logging_mixin.py:154} INFO - [2025-11-17T22:26:53.994+0000] {dagbag.py:536} INFO - Filling up the DagBag from /opt/airflow/dags/tasks/recsys_data_sync.py
[2025-11-17T22:26:54.412+0000] {processor.py:841} WARNING - No viable dags retrieved from /opt/airflow/dags/tasks/recsys_data_sync.py
[2025-11-17T22:26:54.421+0000] {processor.py:179} INFO - Processing /opt/airflow/dags/tasks/recsys_data_sync.py took 0.430 seconds
[2025-11-17T22:27:24.643+0000] {processor.py:157} INFO - Started process (PID=2565) to work on /opt/airflow/dags/tasks/recsys_data_sync.py
[2025-11-17T22:27:24.644+0000] {processor.py:829} INFO - Processing file /opt/airflow/dags/tasks/recsys_data_sync.py for tasks to queue
[2025-11-17T22:27:24.645+0000] {logging_mixin.py:154} INFO - [2025-11-17T22:27:24.644+0000] {dagbag.py:536} INFO - Filling up the DagBag from /opt/airflow/dags/tasks/recsys_data_sync.py
[2025-11-17T22:27:24.320+0000] {processor.py:841} WARNING - No viable dags retrieved from /opt/airflow/dags/tasks/recsys_data_sync.py
[2025-11-17T22:27:24.328+0000] {processor.py:179} INFO - Processing /opt/airflow/dags/tasks/recsys_data_sync.py took 0.382 seconds
[2025-11-17T22:27:54.545+0000] {processor.py:157} INFO - Started process (PID=2630) to work on /opt/airflow/dags/tasks/recsys_data_sync.py
[2025-11-17T22:27:54.546+0000] {processor.py:829} INFO - Processing file /opt/airflow/dags/tasks/recsys_data_sync.py for tasks to queue
[2025-11-17T22:27:54.547+0000] {logging_mixin.py:154} INFO - [2025-11-17T22:27:54.546+0000] {dagbag.py:536} INFO - Filling up the DagBag from /opt/airflow/dags/tasks/recsys_data_sync.py
[2025-11-17T22:27:54.861+0000] {processor.py:841} WARNING - No viable dags retrieved from /opt/airflow/dags/tasks/recsys_data_sync.py
[2025-11-17T22:27:54.871+0000] {processor.py:179} INFO - Processing /opt/airflow/dags/tasks/recsys_data_sync.py took 0.328 seconds
[2025-11-17T22:28:25.894+0000] {processor.py:157} INFO - Started process (PID=2695) to work on /opt/airflow/dags/tasks/recsys_data_sync.py
[2025-11-17T22:28:25.895+0000] {processor.py:829} INFO - Processing file /opt/airflow/dags/tasks/recsys_data_sync.py for tasks to queue
[2025-11-17T22:28:25.895+0000] {logging_mixin.py:154} INFO - [2025-11-17T22:28:25.895+0000] {dagbag.py:536} INFO - Filling up the DagBag from /opt/airflow/dags/tasks/recsys_data_sync.py
[2025-11-17T22:28:26.262+0000] {processor.py:841} WARNING - No viable dags retrieved from /opt/airflow/dags/tasks/recsys_data_sync.py
[2025-11-17T22:28:26.271+0000] {processor.py:179} INFO - Processing /opt/airflow/dags/tasks/recsys_data_sync.py took 0.380 seconds
[2025-11-17T22:28:56.854+0000] {processor.py:157} INFO - Started process (PID=2760) to work on /opt/airflow/dags/tasks/recsys_data_sync.py
[2025-11-17T22:28:56.855+0000] {processor.py:829} INFO - Processing file /opt/airflow/dags/tasks/recsys_data_sync.py for tasks to queue
[2025-11-17T22:28:56.855+0000] {logging_mixin.py:154} INFO - [2025-11-17T22:28:56.855+0000] {dagbag.py:536} INFO - Filling up the DagBag from /opt/airflow/dags/tasks/recsys_data_sync.py
[2025-11-17T22:28:57.156+0000] {processor.py:841} WARNING - No viable dags retrieved from /opt/airflow/dags/tasks/recsys_data_sync.py
[2025-11-17T22:28:57.166+0000] {processor.py:179} INFO - Processing /opt/airflow/dags/tasks/recsys_data_sync.py took 0.313 seconds
[2025-11-17T22:29:27.435+0000] {processor.py:157} INFO - Started process (PID=2825) to work on /opt/airflow/dags/tasks/recsys_data_sync.py
[2025-11-17T22:29:27.436+0000] {processor.py:829} INFO - Processing file /opt/airflow/dags/tasks/recsys_data_sync.py for tasks to queue
[2025-11-17T22:29:27.436+0000] {logging_mixin.py:154} INFO - [2025-11-17T22:29:27.436+0000] {dagbag.py:536} INFO - Filling up the DagBag from /opt/airflow/dags/tasks/recsys_data_sync.py
[2025-11-17T22:29:27.732+0000] {processor.py:841} WARNING - No viable dags retrieved from /opt/airflow/dags/tasks/recsys_data_sync.py
[2025-11-17T22:29:27.740+0000] {processor.py:179} INFO - Processing /opt/airflow/dags/tasks/recsys_data_sync.py took 0.308 seconds
[2025-11-17T22:29:58.349+0000] {processor.py:157} INFO - Started process (PID=2890) to work on /opt/airflow/dags/tasks/recsys_data_sync.py
[2025-11-17T22:29:58.349+0000] {processor.py:829} INFO - Processing file /opt/airflow/dags/tasks/recsys_data_sync.py for tasks to queue
[2025-11-17T22:29:58.350+0000] {logging_mixin.py:154} INFO - [2025-11-17T22:29:58.349+0000] {dagbag.py:536} INFO - Filling up the DagBag from /opt/airflow/dags/tasks/recsys_data_sync.py
[2025-11-17T22:29:58.711+0000] {processor.py:841} WARNING - No viable dags retrieved from /opt/airflow/dags/tasks/recsys_data_sync.py
[2025-11-17T22:29:58.722+0000] {processor.py:179} INFO - Processing /opt/airflow/dags/tasks/recsys_data_sync.py took 0.376 seconds
[2025-11-17T22:30:28.955+0000] {processor.py:157} INFO - Started process (PID=2948) to work on /opt/airflow/dags/tasks/recsys_data_sync.py
[2025-11-17T22:30:28.956+0000] {processor.py:829} INFO - Processing file /opt/airflow/dags/tasks/recsys_data_sync.py for tasks to queue
[2025-11-17T22:30:28.956+0000] {logging_mixin.py:154} INFO - [2025-11-17T22:30:28.956+0000] {dagbag.py:536} INFO - Filling up the DagBag from /opt/airflow/dags/tasks/recsys_data_sync.py
[2025-11-17T22:30:29.264+0000] {processor.py:841} WARNING - No viable dags retrieved from /opt/airflow/dags/tasks/recsys_data_sync.py
[2025-11-17T22:30:29.272+0000] {processor.py:179} INFO - Processing /opt/airflow/dags/tasks/recsys_data_sync.py took 0.319 seconds
[2025-11-17T22:30:59.851+0000] {processor.py:157} INFO - Started process (PID=3013) to work on /opt/airflow/dags/tasks/recsys_data_sync.py
[2025-11-17T22:30:59.851+0000] {processor.py:829} INFO - Processing file /opt/airflow/dags/tasks/recsys_data_sync.py for tasks to queue
[2025-11-17T22:30:59.852+0000] {logging_mixin.py:154} INFO - [2025-11-17T22:30:59.852+0000] {dagbag.py:536} INFO - Filling up the DagBag from /opt/airflow/dags/tasks/recsys_data_sync.py
[2025-11-17T22:31:00.262+0000] {processor.py:841} WARNING - No viable dags retrieved from /opt/airflow/dags/tasks/recsys_data_sync.py
[2025-11-17T22:31:00.273+0000] {processor.py:179} INFO - Processing /opt/airflow/dags/tasks/recsys_data_sync.py took 0.424 seconds
[2025-11-17T22:31:30.910+0000] {processor.py:157} INFO - Started process (PID=3079) to work on /opt/airflow/dags/tasks/recsys_data_sync.py
[2025-11-17T22:31:30.911+0000] {processor.py:829} INFO - Processing file /opt/airflow/dags/tasks/recsys_data_sync.py for tasks to queue
[2025-11-17T22:31:30.911+0000] {logging_mixin.py:154} INFO - [2025-11-17T22:31:30.911+0000] {dagbag.py:536} INFO - Filling up the DagBag from /opt/airflow/dags/tasks/recsys_data_sync.py
[2025-11-17T22:31:31.240+0000] {processor.py:841} WARNING - No viable dags retrieved from /opt/airflow/dags/tasks/recsys_data_sync.py
[2025-11-17T22:31:31.249+0000] {processor.py:179} INFO - Processing /opt/airflow/dags/tasks/recsys_data_sync.py took 0.342 seconds
[2025-11-17T22:32:01.436+0000] {processor.py:157} INFO - Started process (PID=3144) to work on /opt/airflow/dags/tasks/recsys_data_sync.py
[2025-11-17T22:32:01.436+0000] {processor.py:829} INFO - Processing file /opt/airflow/dags/tasks/recsys_data_sync.py for tasks to queue
[2025-11-17T22:32:01.437+0000] {logging_mixin.py:154} INFO - [2025-11-17T22:32:01.437+0000] {dagbag.py:536} INFO - Filling up the DagBag from /opt/airflow/dags/tasks/recsys_data_sync.py
[2025-11-17T22:32:01.760+0000] {processor.py:841} WARNING - No viable dags retrieved from /opt/airflow/dags/tasks/recsys_data_sync.py
[2025-11-17T22:32:01.767+0000] {processor.py:179} INFO - Processing /opt/airflow/dags/tasks/recsys_data_sync.py took 0.334 seconds
[2025-11-17T22:32:31.837+0000] {processor.py:157} INFO - Started process (PID=3209) to work on /opt/airflow/dags/tasks/recsys_data_sync.py
[2025-11-17T22:32:31.837+0000] {processor.py:829} INFO - Processing file /opt/airflow/dags/tasks/recsys_data_sync.py for tasks to queue
[2025-11-17T22:32:31.838+0000] {logging_mixin.py:154} INFO - [2025-11-17T22:32:31.838+0000] {dagbag.py:536} INFO - Filling up the DagBag from /opt/airflow/dags/tasks/recsys_data_sync.py
[2025-11-17T22:32:32.209+0000] {processor.py:841} WARNING - No viable dags retrieved from /opt/airflow/dags/tasks/recsys_data_sync.py
[2025-11-17T22:32:32.219+0000] {processor.py:179} INFO - Processing /opt/airflow/dags/tasks/recsys_data_sync.py took 0.385 seconds
[2025-11-17T22:33:02.460+0000] {processor.py:157} INFO - Started process (PID=3266) to work on /opt/airflow/dags/tasks/recsys_data_sync.py
[2025-11-17T22:33:02.460+0000] {processor.py:829} INFO - Processing file /opt/airflow/dags/tasks/recsys_data_sync.py for tasks to queue
[2025-11-17T22:33:02.461+0000] {logging_mixin.py:154} INFO - [2025-11-17T22:33:02.461+0000] {dagbag.py:536} INFO - Filling up the DagBag from /opt/airflow/dags/tasks/recsys_data_sync.py
[2025-11-17T22:33:02.765+0000] {processor.py:841} WARNING - No viable dags retrieved from /opt/airflow/dags/tasks/recsys_data_sync.py
[2025-11-17T22:33:02.774+0000] {processor.py:179} INFO - Processing /opt/airflow/dags/tasks/recsys_data_sync.py took 0.317 seconds
[2025-11-17T22:33:33.024+0000] {processor.py:157} INFO - Started process (PID=3331) to work on /opt/airflow/dags/tasks/recsys_data_sync.py
[2025-11-17T22:33:33.024+0000] {processor.py:829} INFO - Processing file /opt/airflow/dags/tasks/recsys_data_sync.py for tasks to queue
[2025-11-17T22:33:33.025+0000] {logging_mixin.py:154} INFO - [2025-11-17T22:33:33.025+0000] {dagbag.py:536} INFO - Filling up the DagBag from /opt/airflow/dags/tasks/recsys_data_sync.py
[2025-11-17T22:33:33.358+0000] {processor.py:841} WARNING - No viable dags retrieved from /opt/airflow/dags/tasks/recsys_data_sync.py
[2025-11-17T22:33:33.366+0000] {processor.py:179} INFO - Processing /opt/airflow/dags/tasks/recsys_data_sync.py took 0.345 seconds
[2025-11-17T22:34:03.950+0000] {processor.py:157} INFO - Started process (PID=3396) to work on /opt/airflow/dags/tasks/recsys_data_sync.py
[2025-11-17T22:34:03.950+0000] {processor.py:829} INFO - Processing file /opt/airflow/dags/tasks/recsys_data_sync.py for tasks to queue
[2025-11-17T22:34:03.951+0000] {logging_mixin.py:154} INFO - [2025-11-17T22:34:03.951+0000] {dagbag.py:536} INFO - Filling up the DagBag from /opt/airflow/dags/tasks/recsys_data_sync.py
[2025-11-17T22:34:04.261+0000] {processor.py:841} WARNING - No viable dags retrieved from /opt/airflow/dags/tasks/recsys_data_sync.py
[2025-11-17T22:34:04.270+0000] {processor.py:179} INFO - Processing /opt/airflow/dags/tasks/recsys_data_sync.py took 0.323 seconds
[2025-11-17T22:34:34.496+0000] {processor.py:157} INFO - Started process (PID=3461) to work on /opt/airflow/dags/tasks/recsys_data_sync.py
[2025-11-17T22:34:34.496+0000] {processor.py:829} INFO - Processing file /opt/airflow/dags/tasks/recsys_data_sync.py for tasks to queue
[2025-11-17T22:34:34.497+0000] {logging_mixin.py:154} INFO - [2025-11-17T22:34:34.497+0000] {dagbag.py:536} INFO - Filling up the DagBag from /opt/airflow/dags/tasks/recsys_data_sync.py
[2025-11-17T22:34:34.902+0000] {processor.py:841} WARNING - No viable dags retrieved from /opt/airflow/dags/tasks/recsys_data_sync.py
[2025-11-17T22:34:34.914+0000] {processor.py:179} INFO - Processing /opt/airflow/dags/tasks/recsys_data_sync.py took 0.421 seconds
[2025-11-17T22:35:05.045+0000] {processor.py:157} INFO - Started process (PID=3526) to work on /opt/airflow/dags/tasks/recsys_data_sync.py
[2025-11-17T22:35:05.045+0000] {processor.py:829} INFO - Processing file /opt/airflow/dags/tasks/recsys_data_sync.py for tasks to queue
[2025-11-17T22:35:05.045+0000] {logging_mixin.py:154} INFO - [2025-11-17T22:35:05.045+0000] {dagbag.py:536} INFO - Filling up the DagBag from /opt/airflow/dags/tasks/recsys_data_sync.py
[2025-11-17T22:35:05.361+0000] {processor.py:841} WARNING - No viable dags retrieved from /opt/airflow/dags/tasks/recsys_data_sync.py
[2025-11-17T22:35:05.370+0000] {processor.py:179} INFO - Processing /opt/airflow/dags/tasks/recsys_data_sync.py took 0.329 seconds
[2025-11-17T22:35:35.673+0000] {processor.py:157} INFO - Started process (PID=3591) to work on /opt/airflow/dags/tasks/recsys_data_sync.py
[2025-11-17T22:35:35.674+0000] {processor.py:829} INFO - Processing file /opt/airflow/dags/tasks/recsys_data_sync.py for tasks to queue
[2025-11-17T22:35:35.674+0000] {logging_mixin.py:154} INFO - [2025-11-17T22:35:35.674+0000] {dagbag.py:536} INFO - Filling up the DagBag from /opt/airflow/dags/tasks/recsys_data_sync.py
[2025-11-17T22:35:36.056+0000] {processor.py:841} WARNING - No viable dags retrieved from /opt/airflow/dags/tasks/recsys_data_sync.py
[2025-11-17T22:35:36.066+0000] {processor.py:179} INFO - Processing /opt/airflow/dags/tasks/recsys_data_sync.py took 0.395 seconds
[2025-11-17T22:36:06.411+0000] {processor.py:157} INFO - Started process (PID=3649) to work on /opt/airflow/dags/tasks/recsys_data_sync.py
[2025-11-17T22:36:06.412+0000] {processor.py:829} INFO - Processing file /opt/airflow/dags/tasks/recsys_data_sync.py for tasks to queue
[2025-11-17T22:36:06.412+0000] {logging_mixin.py:154} INFO - [2025-11-17T22:36:06.412+0000] {dagbag.py:536} INFO - Filling up the DagBag from /opt/airflow/dags/tasks/recsys_data_sync.py
[2025-11-17T22:36:06.860+0000] {processor.py:841} WARNING - No viable dags retrieved from /opt/airflow/dags/tasks/recsys_data_sync.py
[2025-11-17T22:36:06.872+0000] {processor.py:179} INFO - Processing /opt/airflow/dags/tasks/recsys_data_sync.py took 0.464 seconds
[2025-11-17T22:36:37.886+0000] {processor.py:157} INFO - Started process (PID=3716) to work on /opt/airflow/dags/tasks/recsys_data_sync.py
[2025-11-17T22:36:37.886+0000] {processor.py:829} INFO - Processing file /opt/airflow/dags/tasks/recsys_data_sync.py for tasks to queue
[2025-11-17T22:36:37.887+0000] {logging_mixin.py:154} INFO - [2025-11-17T22:36:37.887+0000] {dagbag.py:536} INFO - Filling up the DagBag from /opt/airflow/dags/tasks/recsys_data_sync.py
[2025-11-17T22:36:38.244+0000] {processor.py:841} WARNING - No viable dags retrieved from /opt/airflow/dags/tasks/recsys_data_sync.py
[2025-11-17T22:36:38.252+0000] {processor.py:179} INFO - Processing /opt/airflow/dags/tasks/recsys_data_sync.py took 0.370 seconds
[2025-11-17T22:36:59.919+0000] {processor.py:157} INFO - Started process (PID=189) to work on /opt/airflow/dags/tasks/recsys_data_sync.py
[2025-11-17T22:36:59.919+0000] {processor.py:829} INFO - Processing file /opt/airflow/dags/tasks/recsys_data_sync.py for tasks to queue
[2025-11-17T22:36:59.920+0000] {logging_mixin.py:154} INFO - [2025-11-17T22:36:59.919+0000] {dagbag.py:536} INFO - Filling up the DagBag from /opt/airflow/dags/tasks/recsys_data_sync.py
[2025-11-17T22:37:00.120+0000] {processor.py:841} WARNING - No viable dags retrieved from /opt/airflow/dags/tasks/recsys_data_sync.py
[2025-11-17T22:37:00.132+0000] {processor.py:179} INFO - Processing /opt/airflow/dags/tasks/recsys_data_sync.py took 0.217 seconds
[2025-11-17T22:37:45.899+0000] {processor.py:157} INFO - Started process (PID=179) to work on /opt/airflow/dags/tasks/recsys_data_sync.py
[2025-11-17T22:37:45.900+0000] {processor.py:829} INFO - Processing file /opt/airflow/dags/tasks/recsys_data_sync.py for tasks to queue
[2025-11-17T22:37:45.900+0000] {logging_mixin.py:154} INFO - [2025-11-17T22:37:45.900+0000] {dagbag.py:536} INFO - Filling up the DagBag from /opt/airflow/dags/tasks/recsys_data_sync.py
[2025-11-17T22:37:46.287+0000] {processor.py:841} WARNING - No viable dags retrieved from /opt/airflow/dags/tasks/recsys_data_sync.py
[2025-11-17T22:37:46.298+0000] {processor.py:179} INFO - Processing /opt/airflow/dags/tasks/recsys_data_sync.py took 0.402 seconds
[2025-11-17T22:38:16.394+0000] {processor.py:157} INFO - Started process (PID=242) to work on /opt/airflow/dags/tasks/recsys_data_sync.py
[2025-11-17T22:38:16.395+0000] {processor.py:829} INFO - Processing file /opt/airflow/dags/tasks/recsys_data_sync.py for tasks to queue
[2025-11-17T22:38:16.395+0000] {logging_mixin.py:154} INFO - [2025-11-17T22:38:16.395+0000] {dagbag.py:536} INFO - Filling up the DagBag from /opt/airflow/dags/tasks/recsys_data_sync.py
[2025-11-17T22:38:16.702+0000] {processor.py:841} WARNING - No viable dags retrieved from /opt/airflow/dags/tasks/recsys_data_sync.py
[2025-11-17T22:38:16.712+0000] {processor.py:179} INFO - Processing /opt/airflow/dags/tasks/recsys_data_sync.py took 0.321 seconds
[2025-11-17T22:38:46.880+0000] {processor.py:157} INFO - Started process (PID=483) to work on /opt/airflow/dags/tasks/recsys_data_sync.py
[2025-11-17T22:38:46.881+0000] {processor.py:829} INFO - Processing file /opt/airflow/dags/tasks/recsys_data_sync.py for tasks to queue
[2025-11-17T22:38:46.881+0000] {logging_mixin.py:154} INFO - [2025-11-17T22:38:46.881+0000] {dagbag.py:536} INFO - Filling up the DagBag from /opt/airflow/dags/tasks/recsys_data_sync.py
[2025-11-17T22:38:47.278+0000] {processor.py:841} WARNING - No viable dags retrieved from /opt/airflow/dags/tasks/recsys_data_sync.py
[2025-11-17T22:38:47.289+0000] {processor.py:179} INFO - Processing /opt/airflow/dags/tasks/recsys_data_sync.py took 0.412 seconds
[2025-11-17T22:39:17.694+0000] {processor.py:157} INFO - Started process (PID=543) to work on /opt/airflow/dags/tasks/recsys_data_sync.py
[2025-11-17T22:39:17.694+0000] {processor.py:829} INFO - Processing file /opt/airflow/dags/tasks/recsys_data_sync.py for tasks to queue
[2025-11-17T22:39:17.695+0000] {logging_mixin.py:154} INFO - [2025-11-17T22:39:17.694+0000] {dagbag.py:536} INFO - Filling up the DagBag from /opt/airflow/dags/tasks/recsys_data_sync.py
[2025-11-17T22:39:18.042+0000] {processor.py:841} WARNING - No viable dags retrieved from /opt/airflow/dags/tasks/recsys_data_sync.py
[2025-11-17T22:39:18.050+0000] {processor.py:179} INFO - Processing /opt/airflow/dags/tasks/recsys_data_sync.py took 0.359 seconds
[2025-11-17T22:39:48.108+0000] {processor.py:157} INFO - Started process (PID=608) to work on /opt/airflow/dags/tasks/recsys_data_sync.py
[2025-11-17T22:39:48.108+0000] {processor.py:829} INFO - Processing file /opt/airflow/dags/tasks/recsys_data_sync.py for tasks to queue
[2025-11-17T22:39:48.109+0000] {logging_mixin.py:154} INFO - [2025-11-17T22:39:48.109+0000] {dagbag.py:536} INFO - Filling up the DagBag from /opt/airflow/dags/tasks/recsys_data_sync.py
[2025-11-17T22:39:48.510+0000] {processor.py:841} WARNING - No viable dags retrieved from /opt/airflow/dags/tasks/recsys_data_sync.py
[2025-11-17T22:39:48.520+0000] {processor.py:179} INFO - Processing /opt/airflow/dags/tasks/recsys_data_sync.py took 0.415 seconds
[2025-11-17T22:40:18.589+0000] {processor.py:157} INFO - Started process (PID=666) to work on /opt/airflow/dags/tasks/recsys_data_sync.py
[2025-11-17T22:40:18.589+0000] {processor.py:829} INFO - Processing file /opt/airflow/dags/tasks/recsys_data_sync.py for tasks to queue
[2025-11-17T22:40:18.590+0000] {logging_mixin.py:154} INFO - [2025-11-17T22:40:18.590+0000] {dagbag.py:536} INFO - Filling up the DagBag from /opt/airflow/dags/tasks/recsys_data_sync.py
[2025-11-17T22:40:18.904+0000] {processor.py:841} WARNING - No viable dags retrieved from /opt/airflow/dags/tasks/recsys_data_sync.py
[2025-11-17T22:40:18.914+0000] {processor.py:179} INFO - Processing /opt/airflow/dags/tasks/recsys_data_sync.py took 0.329 seconds
[2025-11-17T22:40:49.189+0000] {processor.py:157} INFO - Started process (PID=731) to work on /opt/airflow/dags/tasks/recsys_data_sync.py
[2025-11-17T22:40:49.190+0000] {processor.py:829} INFO - Processing file /opt/airflow/dags/tasks/recsys_data_sync.py for tasks to queue
[2025-11-17T22:40:49.190+0000] {logging_mixin.py:154} INFO - [2025-11-17T22:40:49.190+0000] {dagbag.py:536} INFO - Filling up the DagBag from /opt/airflow/dags/tasks/recsys_data_sync.py
[2025-11-17T22:40:49.540+0000] {processor.py:841} WARNING - No viable dags retrieved from /opt/airflow/dags/tasks/recsys_data_sync.py
[2025-11-17T22:40:49.549+0000] {processor.py:179} INFO - Processing /opt/airflow/dags/tasks/recsys_data_sync.py took 0.363 seconds
[2025-11-17T22:41:20.137+0000] {processor.py:157} INFO - Started process (PID=796) to work on /opt/airflow/dags/tasks/recsys_data_sync.py
[2025-11-17T22:41:20.138+0000] {processor.py:829} INFO - Processing file /opt/airflow/dags/tasks/recsys_data_sync.py for tasks to queue
[2025-11-17T22:41:20.138+0000] {logging_mixin.py:154} INFO - [2025-11-17T22:41:20.138+0000] {dagbag.py:536} INFO - Filling up the DagBag from /opt/airflow/dags/tasks/recsys_data_sync.py
[2025-11-17T22:41:20.466+0000] {processor.py:841} WARNING - No viable dags retrieved from /opt/airflow/dags/tasks/recsys_data_sync.py
[2025-11-17T22:41:20.476+0000] {processor.py:179} INFO - Processing /opt/airflow/dags/tasks/recsys_data_sync.py took 0.342 seconds
[2025-11-17T22:41:51.127+0000] {processor.py:157} INFO - Started process (PID=861) to work on /opt/airflow/dags/tasks/recsys_data_sync.py
[2025-11-17T22:41:51.128+0000] {processor.py:829} INFO - Processing file /opt/airflow/dags/tasks/recsys_data_sync.py for tasks to queue
[2025-11-17T22:41:51.128+0000] {logging_mixin.py:154} INFO - [2025-11-17T22:41:51.128+0000] {dagbag.py:536} INFO - Filling up the DagBag from /opt/airflow/dags/tasks/recsys_data_sync.py
[2025-11-17T22:41:51.432+0000] {processor.py:841} WARNING - No viable dags retrieved from /opt/airflow/dags/tasks/recsys_data_sync.py
[2025-11-17T22:41:51.440+0000] {processor.py:179} INFO - Processing /opt/airflow/dags/tasks/recsys_data_sync.py took 0.317 seconds
[2025-11-17T22:42:21.866+0000] {processor.py:157} INFO - Started process (PID=926) to work on /opt/airflow/dags/tasks/recsys_data_sync.py
[2025-11-17T22:42:21.866+0000] {processor.py:829} INFO - Processing file /opt/airflow/dags/tasks/recsys_data_sync.py for tasks to queue
[2025-11-17T22:42:21.867+0000] {logging_mixin.py:154} INFO - [2025-11-17T22:42:21.866+0000] {dagbag.py:536} INFO - Filling up the DagBag from /opt/airflow/dags/tasks/recsys_data_sync.py
[2025-11-17T22:42:22.272+0000] {processor.py:841} WARNING - No viable dags retrieved from /opt/airflow/dags/tasks/recsys_data_sync.py
[2025-11-17T22:42:22.281+0000] {processor.py:179} INFO - Processing /opt/airflow/dags/tasks/recsys_data_sync.py took 0.418 seconds
[2025-11-17T22:42:52.521+0000] {processor.py:157} INFO - Started process (PID=984) to work on /opt/airflow/dags/tasks/recsys_data_sync.py
[2025-11-17T22:42:52.521+0000] {processor.py:829} INFO - Processing file /opt/airflow/dags/tasks/recsys_data_sync.py for tasks to queue
[2025-11-17T22:42:52.522+0000] {logging_mixin.py:154} INFO - [2025-11-17T22:42:52.522+0000] {dagbag.py:536} INFO - Filling up the DagBag from /opt/airflow/dags/tasks/recsys_data_sync.py
[2025-11-17T22:42:53.014+0000] {processor.py:841} WARNING - No viable dags retrieved from /opt/airflow/dags/tasks/recsys_data_sync.py
[2025-11-17T22:42:53.027+0000] {processor.py:179} INFO - Processing /opt/airflow/dags/tasks/recsys_data_sync.py took 0.509 seconds
[2025-11-17T22:43:23.268+0000] {processor.py:157} INFO - Started process (PID=1049) to work on /opt/airflow/dags/tasks/recsys_data_sync.py
[2025-11-17T22:43:23.269+0000] {processor.py:829} INFO - Processing file /opt/airflow/dags/tasks/recsys_data_sync.py for tasks to queue
[2025-11-17T22:43:23.270+0000] {logging_mixin.py:154} INFO - [2025-11-17T22:43:23.269+0000] {dagbag.py:536} INFO - Filling up the DagBag from /opt/airflow/dags/tasks/recsys_data_sync.py
[2025-11-17T22:43:23.667+0000] {processor.py:841} WARNING - No viable dags retrieved from /opt/airflow/dags/tasks/recsys_data_sync.py
[2025-11-17T22:43:23.678+0000] {processor.py:179} INFO - Processing /opt/airflow/dags/tasks/recsys_data_sync.py took 0.413 seconds
[2025-11-17T22:43:54.116+0000] {processor.py:157} INFO - Started process (PID=1114) to work on /opt/airflow/dags/tasks/recsys_data_sync.py
[2025-11-17T22:43:54.116+0000] {processor.py:829} INFO - Processing file /opt/airflow/dags/tasks/recsys_data_sync.py for tasks to queue
[2025-11-17T22:43:54.117+0000] {logging_mixin.py:154} INFO - [2025-11-17T22:43:54.117+0000] {dagbag.py:536} INFO - Filling up the DagBag from /opt/airflow/dags/tasks/recsys_data_sync.py
[2025-11-17T22:43:54.476+0000] {processor.py:841} WARNING - No viable dags retrieved from /opt/airflow/dags/tasks/recsys_data_sync.py
[2025-11-17T22:43:54.485+0000] {processor.py:179} INFO - Processing /opt/airflow/dags/tasks/recsys_data_sync.py took 0.372 seconds
[2025-11-17T22:44:24.651+0000] {processor.py:157} INFO - Started process (PID=1179) to work on /opt/airflow/dags/tasks/recsys_data_sync.py
[2025-11-17T22:44:24.651+0000] {processor.py:829} INFO - Processing file /opt/airflow/dags/tasks/recsys_data_sync.py for tasks to queue
[2025-11-17T22:44:24.652+0000] {logging_mixin.py:154} INFO - [2025-11-17T22:44:24.652+0000] {dagbag.py:536} INFO - Filling up the DagBag from /opt/airflow/dags/tasks/recsys_data_sync.py
[2025-11-17T22:44:25.001+0000] {processor.py:841} WARNING - No viable dags retrieved from /opt/airflow/dags/tasks/recsys_data_sync.py
[2025-11-17T22:44:25.012+0000] {processor.py:179} INFO - Processing /opt/airflow/dags/tasks/recsys_data_sync.py took 0.365 seconds
[2025-11-17T22:44:55.218+0000] {processor.py:157} INFO - Started process (PID=1244) to work on /opt/airflow/dags/tasks/recsys_data_sync.py
[2025-11-17T22:44:55.219+0000] {processor.py:829} INFO - Processing file /opt/airflow/dags/tasks/recsys_data_sync.py for tasks to queue
[2025-11-17T22:44:55.220+0000] {logging_mixin.py:154} INFO - [2025-11-17T22:44:55.220+0000] {dagbag.py:536} INFO - Filling up the DagBag from /opt/airflow/dags/tasks/recsys_data_sync.py
[2025-11-17T22:44:54.844+0000] {processor.py:841} WARNING - No viable dags retrieved from /opt/airflow/dags/tasks/recsys_data_sync.py
[2025-11-17T22:44:54.854+0000] {processor.py:179} INFO - Processing /opt/airflow/dags/tasks/recsys_data_sync.py took 0.344 seconds
[2025-11-17T22:45:25.140+0000] {processor.py:157} INFO - Started process (PID=1317) to work on /opt/airflow/dags/tasks/recsys_data_sync.py
[2025-11-17T22:45:25.141+0000] {processor.py:829} INFO - Processing file /opt/airflow/dags/tasks/recsys_data_sync.py for tasks to queue
[2025-11-17T22:45:25.141+0000] {logging_mixin.py:154} INFO - [2025-11-17T22:45:25.141+0000] {dagbag.py:536} INFO - Filling up the DagBag from /opt/airflow/dags/tasks/recsys_data_sync.py
[2025-11-17T22:45:25.478+0000] {processor.py:841} WARNING - No viable dags retrieved from /opt/airflow/dags/tasks/recsys_data_sync.py
[2025-11-17T22:45:25.488+0000] {processor.py:179} INFO - Processing /opt/airflow/dags/tasks/recsys_data_sync.py took 0.350 seconds
[2025-11-17T22:45:56.471+0000] {processor.py:157} INFO - Started process (PID=1382) to work on /opt/airflow/dags/tasks/recsys_data_sync.py
[2025-11-17T22:45:56.471+0000] {processor.py:829} INFO - Processing file /opt/airflow/dags/tasks/recsys_data_sync.py for tasks to queue
[2025-11-17T22:45:56.472+0000] {logging_mixin.py:154} INFO - [2025-11-17T22:45:56.472+0000] {dagbag.py:536} INFO - Filling up the DagBag from /opt/airflow/dags/tasks/recsys_data_sync.py
[2025-11-17T22:45:56.798+0000] {processor.py:841} WARNING - No viable dags retrieved from /opt/airflow/dags/tasks/recsys_data_sync.py
[2025-11-17T22:45:56.807+0000] {processor.py:179} INFO - Processing /opt/airflow/dags/tasks/recsys_data_sync.py took 0.340 seconds
[2025-11-17T22:46:27.530+0000] {processor.py:157} INFO - Started process (PID=1447) to work on /opt/airflow/dags/tasks/recsys_data_sync.py
[2025-11-17T22:46:27.530+0000] {processor.py:829} INFO - Processing file /opt/airflow/dags/tasks/recsys_data_sync.py for tasks to queue
[2025-11-17T22:46:27.531+0000] {logging_mixin.py:154} INFO - [2025-11-17T22:46:27.531+0000] {dagbag.py:536} INFO - Filling up the DagBag from /opt/airflow/dags/tasks/recsys_data_sync.py
[2025-11-17T22:46:27.858+0000] {processor.py:841} WARNING - No viable dags retrieved from /opt/airflow/dags/tasks/recsys_data_sync.py
[2025-11-17T22:46:27.868+0000] {processor.py:179} INFO - Processing /opt/airflow/dags/tasks/recsys_data_sync.py took 0.341 seconds
[2025-11-17T22:46:58.809+0000] {processor.py:157} INFO - Started process (PID=1512) to work on /opt/airflow/dags/tasks/recsys_data_sync.py
[2025-11-17T22:46:58.810+0000] {processor.py:829} INFO - Processing file /opt/airflow/dags/tasks/recsys_data_sync.py for tasks to queue
[2025-11-17T22:46:58.811+0000] {logging_mixin.py:154} INFO - [2025-11-17T22:46:58.810+0000] {dagbag.py:536} INFO - Filling up the DagBag from /opt/airflow/dags/tasks/recsys_data_sync.py
[2025-11-17T22:46:59.166+0000] {processor.py:841} WARNING - No viable dags retrieved from /opt/airflow/dags/tasks/recsys_data_sync.py
[2025-11-17T22:46:59.175+0000] {processor.py:179} INFO - Processing /opt/airflow/dags/tasks/recsys_data_sync.py took 0.368 seconds
[2025-11-17T22:47:29.529+0000] {processor.py:157} INFO - Started process (PID=1580) to work on /opt/airflow/dags/tasks/recsys_data_sync.py
[2025-11-17T22:47:29.530+0000] {processor.py:829} INFO - Processing file /opt/airflow/dags/tasks/recsys_data_sync.py for tasks to queue
[2025-11-17T22:47:29.530+0000] {logging_mixin.py:154} INFO - [2025-11-17T22:47:29.530+0000] {dagbag.py:536} INFO - Filling up the DagBag from /opt/airflow/dags/tasks/recsys_data_sync.py
[2025-11-17T22:47:29.834+0000] {processor.py:841} WARNING - No viable dags retrieved from /opt/airflow/dags/tasks/recsys_data_sync.py
[2025-11-17T22:47:29.843+0000] {processor.py:179} INFO - Processing /opt/airflow/dags/tasks/recsys_data_sync.py took 0.317 seconds
[2025-11-17T22:48:00.413+0000] {processor.py:157} INFO - Started process (PID=1642) to work on /opt/airflow/dags/tasks/recsys_data_sync.py
[2025-11-17T22:48:00.413+0000] {processor.py:829} INFO - Processing file /opt/airflow/dags/tasks/recsys_data_sync.py for tasks to queue
[2025-11-17T22:48:00.414+0000] {logging_mixin.py:154} INFO - [2025-11-17T22:48:00.414+0000] {dagbag.py:536} INFO - Filling up the DagBag from /opt/airflow/dags/tasks/recsys_data_sync.py
[2025-11-17T22:48:00.712+0000] {processor.py:841} WARNING - No viable dags retrieved from /opt/airflow/dags/tasks/recsys_data_sync.py
[2025-11-17T22:48:00.722+0000] {processor.py:179} INFO - Processing /opt/airflow/dags/tasks/recsys_data_sync.py took 0.312 seconds
[2025-11-17T22:48:31.381+0000] {processor.py:157} INFO - Started process (PID=1707) to work on /opt/airflow/dags/tasks/recsys_data_sync.py
[2025-11-17T22:48:31.382+0000] {processor.py:829} INFO - Processing file /opt/airflow/dags/tasks/recsys_data_sync.py for tasks to queue
[2025-11-17T22:48:31.382+0000] {logging_mixin.py:154} INFO - [2025-11-17T22:48:31.382+0000] {dagbag.py:536} INFO - Filling up the DagBag from /opt/airflow/dags/tasks/recsys_data_sync.py
[2025-11-17T22:48:31.708+0000] {processor.py:841} WARNING - No viable dags retrieved from /opt/airflow/dags/tasks/recsys_data_sync.py
[2025-11-17T22:48:31.718+0000] {processor.py:179} INFO - Processing /opt/airflow/dags/tasks/recsys_data_sync.py took 0.339 seconds
[2025-11-17T22:49:02.368+0000] {processor.py:157} INFO - Started process (PID=1772) to work on /opt/airflow/dags/tasks/recsys_data_sync.py
[2025-11-17T22:49:02.368+0000] {processor.py:829} INFO - Processing file /opt/airflow/dags/tasks/recsys_data_sync.py for tasks to queue
[2025-11-17T22:49:02.369+0000] {logging_mixin.py:154} INFO - [2025-11-17T22:49:02.369+0000] {dagbag.py:536} INFO - Filling up the DagBag from /opt/airflow/dags/tasks/recsys_data_sync.py
[2025-11-17T22:49:02.693+0000] {processor.py:841} WARNING - No viable dags retrieved from /opt/airflow/dags/tasks/recsys_data_sync.py
[2025-11-17T22:49:02.703+0000] {processor.py:179} INFO - Processing /opt/airflow/dags/tasks/recsys_data_sync.py took 0.338 seconds
[2025-11-17T22:49:33.274+0000] {processor.py:157} INFO - Started process (PID=1830) to work on /opt/airflow/dags/tasks/recsys_data_sync.py
[2025-11-17T22:49:33.275+0000] {processor.py:829} INFO - Processing file /opt/airflow/dags/tasks/recsys_data_sync.py for tasks to queue
[2025-11-17T22:49:33.276+0000] {logging_mixin.py:154} INFO - [2025-11-17T22:49:33.275+0000] {dagbag.py:536} INFO - Filling up the DagBag from /opt/airflow/dags/tasks/recsys_data_sync.py
[2025-11-17T22:49:33.607+0000] {processor.py:841} WARNING - No viable dags retrieved from /opt/airflow/dags/tasks/recsys_data_sync.py
[2025-11-17T22:49:33.615+0000] {processor.py:179} INFO - Processing /opt/airflow/dags/tasks/recsys_data_sync.py took 0.343 seconds
[2025-11-17T22:50:04.194+0000] {processor.py:157} INFO - Started process (PID=1895) to work on /opt/airflow/dags/tasks/recsys_data_sync.py
[2025-11-17T22:50:04.194+0000] {processor.py:829} INFO - Processing file /opt/airflow/dags/tasks/recsys_data_sync.py for tasks to queue
[2025-11-17T22:50:04.195+0000] {logging_mixin.py:154} INFO - [2025-11-17T22:50:04.195+0000] {dagbag.py:536} INFO - Filling up the DagBag from /opt/airflow/dags/tasks/recsys_data_sync.py
[2025-11-17T22:50:04.513+0000] {processor.py:841} WARNING - No viable dags retrieved from /opt/airflow/dags/tasks/recsys_data_sync.py
[2025-11-17T22:50:04.525+0000] {processor.py:179} INFO - Processing /opt/airflow/dags/tasks/recsys_data_sync.py took 0.333 seconds
[2025-11-17T22:50:34.591+0000] {processor.py:157} INFO - Started process (PID=1961) to work on /opt/airflow/dags/tasks/recsys_data_sync.py
[2025-11-17T22:50:34.591+0000] {processor.py:829} INFO - Processing file /opt/airflow/dags/tasks/recsys_data_sync.py for tasks to queue
[2025-11-17T22:50:34.592+0000] {logging_mixin.py:154} INFO - [2025-11-17T22:50:34.592+0000] {dagbag.py:536} INFO - Filling up the DagBag from /opt/airflow/dags/tasks/recsys_data_sync.py
[2025-11-17T22:50:34.943+0000] {processor.py:841} WARNING - No viable dags retrieved from /opt/airflow/dags/tasks/recsys_data_sync.py
[2025-11-17T22:50:34.953+0000] {processor.py:179} INFO - Processing /opt/airflow/dags/tasks/recsys_data_sync.py took 0.365 seconds
[2025-11-17T22:51:06.219+0000] {processor.py:157} INFO - Started process (PID=2027) to work on /opt/airflow/dags/tasks/recsys_data_sync.py
[2025-11-17T22:51:06.220+0000] {processor.py:829} INFO - Processing file /opt/airflow/dags/tasks/recsys_data_sync.py for tasks to queue
[2025-11-17T22:51:06.220+0000] {logging_mixin.py:154} INFO - [2025-11-17T22:51:06.220+0000] {dagbag.py:536} INFO - Filling up the DagBag from /opt/airflow/dags/tasks/recsys_data_sync.py
[2025-11-17T22:51:06.621+0000] {processor.py:841} WARNING - No viable dags retrieved from /opt/airflow/dags/tasks/recsys_data_sync.py
[2025-11-17T22:51:06.643+0000] {processor.py:179} INFO - Processing /opt/airflow/dags/tasks/recsys_data_sync.py took 0.427 seconds
[2025-11-17T22:51:36.727+0000] {processor.py:157} INFO - Started process (PID=2080) to work on /opt/airflow/dags/tasks/recsys_data_sync.py
[2025-11-17T22:51:36.727+0000] {processor.py:829} INFO - Processing file /opt/airflow/dags/tasks/recsys_data_sync.py for tasks to queue
[2025-11-17T22:51:36.728+0000] {logging_mixin.py:154} INFO - [2025-11-17T22:51:36.728+0000] {dagbag.py:536} INFO - Filling up the DagBag from /opt/airflow/dags/tasks/recsys_data_sync.py
[2025-11-17T22:51:37.158+0000] {processor.py:841} WARNING - No viable dags retrieved from /opt/airflow/dags/tasks/recsys_data_sync.py
[2025-11-17T22:51:37.184+0000] {processor.py:179} INFO - Processing /opt/airflow/dags/tasks/recsys_data_sync.py took 0.461 seconds
[2025-11-17T22:52:07.550+0000] {processor.py:157} INFO - Started process (PID=2142) to work on /opt/airflow/dags/tasks/recsys_data_sync.py
[2025-11-17T22:52:07.551+0000] {processor.py:829} INFO - Processing file /opt/airflow/dags/tasks/recsys_data_sync.py for tasks to queue
[2025-11-17T22:52:07.552+0000] {logging_mixin.py:154} INFO - [2025-11-17T22:52:07.551+0000] {dagbag.py:536} INFO - Filling up the DagBag from /opt/airflow/dags/tasks/recsys_data_sync.py
[2025-11-17T22:52:07.887+0000] {processor.py:841} WARNING - No viable dags retrieved from /opt/airflow/dags/tasks/recsys_data_sync.py
[2025-11-17T22:52:07.897+0000] {processor.py:179} INFO - Processing /opt/airflow/dags/tasks/recsys_data_sync.py took 0.349 seconds
[2025-11-17T22:52:38.272+0000] {processor.py:157} INFO - Started process (PID=2197) to work on /opt/airflow/dags/tasks/recsys_data_sync.py
[2025-11-17T22:52:38.272+0000] {processor.py:829} INFO - Processing file /opt/airflow/dags/tasks/recsys_data_sync.py for tasks to queue
[2025-11-17T22:52:38.273+0000] {logging_mixin.py:154} INFO - [2025-11-17T22:52:38.273+0000] {dagbag.py:536} INFO - Filling up the DagBag from /opt/airflow/dags/tasks/recsys_data_sync.py
[2025-11-17T22:52:38.610+0000] {processor.py:841} WARNING - No viable dags retrieved from /opt/airflow/dags/tasks/recsys_data_sync.py
[2025-11-17T22:52:38.620+0000] {processor.py:179} INFO - Processing /opt/airflow/dags/tasks/recsys_data_sync.py took 0.350 seconds
[2025-11-17T22:53:08.829+0000] {processor.py:157} INFO - Started process (PID=2262) to work on /opt/airflow/dags/tasks/recsys_data_sync.py
[2025-11-17T22:53:08.829+0000] {processor.py:829} INFO - Processing file /opt/airflow/dags/tasks/recsys_data_sync.py for tasks to queue
[2025-11-17T22:53:08.830+0000] {logging_mixin.py:154} INFO - [2025-11-17T22:53:08.830+0000] {dagbag.py:536} INFO - Filling up the DagBag from /opt/airflow/dags/tasks/recsys_data_sync.py
[2025-11-17T22:53:09.174+0000] {processor.py:841} WARNING - No viable dags retrieved from /opt/airflow/dags/tasks/recsys_data_sync.py
[2025-11-17T22:53:09.184+0000] {processor.py:179} INFO - Processing /opt/airflow/dags/tasks/recsys_data_sync.py took 0.358 seconds
[2025-11-17T22:53:39.404+0000] {processor.py:157} INFO - Started process (PID=2327) to work on /opt/airflow/dags/tasks/recsys_data_sync.py
[2025-11-17T22:53:39.404+0000] {processor.py:829} INFO - Processing file /opt/airflow/dags/tasks/recsys_data_sync.py for tasks to queue
[2025-11-17T22:53:39.405+0000] {logging_mixin.py:154} INFO - [2025-11-17T22:53:39.405+0000] {dagbag.py:536} INFO - Filling up the DagBag from /opt/airflow/dags/tasks/recsys_data_sync.py
[2025-11-17T22:53:39.738+0000] {processor.py:841} WARNING - No viable dags retrieved from /opt/airflow/dags/tasks/recsys_data_sync.py
[2025-11-17T22:53:39.749+0000] {processor.py:179} INFO - Processing /opt/airflow/dags/tasks/recsys_data_sync.py took 0.349 seconds
[2025-11-17T22:54:10.338+0000] {processor.py:157} INFO - Started process (PID=2463) to work on /opt/airflow/dags/tasks/recsys_data_sync.py
[2025-11-17T22:54:10.338+0000] {processor.py:829} INFO - Processing file /opt/airflow/dags/tasks/recsys_data_sync.py for tasks to queue
[2025-11-17T22:54:10.339+0000] {logging_mixin.py:154} INFO - [2025-11-17T22:54:10.339+0000] {dagbag.py:536} INFO - Filling up the DagBag from /opt/airflow/dags/tasks/recsys_data_sync.py
[2025-11-17T22:54:10.724+0000] {processor.py:841} WARNING - No viable dags retrieved from /opt/airflow/dags/tasks/recsys_data_sync.py
[2025-11-17T22:54:10.732+0000] {processor.py:179} INFO - Processing /opt/airflow/dags/tasks/recsys_data_sync.py took 0.397 seconds
[2025-11-17T22:54:41.570+0000] {processor.py:157} INFO - Started process (PID=2618) to work on /opt/airflow/dags/tasks/recsys_data_sync.py
[2025-11-17T22:54:41.570+0000] {processor.py:829} INFO - Processing file /opt/airflow/dags/tasks/recsys_data_sync.py for tasks to queue
[2025-11-17T22:54:41.571+0000] {logging_mixin.py:154} INFO - [2025-11-17T22:54:41.571+0000] {dagbag.py:536} INFO - Filling up the DagBag from /opt/airflow/dags/tasks/recsys_data_sync.py
[2025-11-17T22:54:42.084+0000] {processor.py:841} WARNING - No viable dags retrieved from /opt/airflow/dags/tasks/recsys_data_sync.py
[2025-11-17T22:54:42.095+0000] {processor.py:179} INFO - Processing /opt/airflow/dags/tasks/recsys_data_sync.py took 0.529 seconds
[2025-11-17T22:55:12.713+0000] {processor.py:157} INFO - Started process (PID=2687) to work on /opt/airflow/dags/tasks/recsys_data_sync.py
[2025-11-17T22:55:12.714+0000] {processor.py:829} INFO - Processing file /opt/airflow/dags/tasks/recsys_data_sync.py for tasks to queue
[2025-11-17T22:55:12.714+0000] {logging_mixin.py:154} INFO - [2025-11-17T22:55:12.714+0000] {dagbag.py:536} INFO - Filling up the DagBag from /opt/airflow/dags/tasks/recsys_data_sync.py
[2025-11-17T22:55:13.027+0000] {processor.py:841} WARNING - No viable dags retrieved from /opt/airflow/dags/tasks/recsys_data_sync.py
[2025-11-17T22:55:13.036+0000] {processor.py:179} INFO - Processing /opt/airflow/dags/tasks/recsys_data_sync.py took 0.326 seconds
[2025-11-17T22:55:43.616+0000] {processor.py:157} INFO - Started process (PID=2752) to work on /opt/airflow/dags/tasks/recsys_data_sync.py
[2025-11-17T22:55:43.616+0000] {processor.py:829} INFO - Processing file /opt/airflow/dags/tasks/recsys_data_sync.py for tasks to queue
[2025-11-17T22:55:43.617+0000] {logging_mixin.py:154} INFO - [2025-11-17T22:55:43.617+0000] {dagbag.py:536} INFO - Filling up the DagBag from /opt/airflow/dags/tasks/recsys_data_sync.py
[2025-11-17T22:55:43.937+0000] {processor.py:841} WARNING - No viable dags retrieved from /opt/airflow/dags/tasks/recsys_data_sync.py
[2025-11-17T22:55:43.945+0000] {processor.py:179} INFO - Processing /opt/airflow/dags/tasks/recsys_data_sync.py took 0.332 seconds
[2025-11-17T22:56:14.541+0000] {processor.py:157} INFO - Started process (PID=2817) to work on /opt/airflow/dags/tasks/recsys_data_sync.py
[2025-11-17T22:56:14.541+0000] {processor.py:829} INFO - Processing file /opt/airflow/dags/tasks/recsys_data_sync.py for tasks to queue
[2025-11-17T22:56:14.542+0000] {logging_mixin.py:154} INFO - [2025-11-17T22:56:14.542+0000] {dagbag.py:536} INFO - Filling up the DagBag from /opt/airflow/dags/tasks/recsys_data_sync.py
[2025-11-17T22:56:14.848+0000] {processor.py:841} WARNING - No viable dags retrieved from /opt/airflow/dags/tasks/recsys_data_sync.py
[2025-11-17T22:56:14.856+0000] {processor.py:179} INFO - Processing /opt/airflow/dags/tasks/recsys_data_sync.py took 0.317 seconds
[2025-11-17T22:56:45.251+0000] {processor.py:157} INFO - Started process (PID=2882) to work on /opt/airflow/dags/tasks/recsys_data_sync.py
[2025-11-17T22:56:45.252+0000] {processor.py:829} INFO - Processing file /opt/airflow/dags/tasks/recsys_data_sync.py for tasks to queue
[2025-11-17T22:56:45.252+0000] {logging_mixin.py:154} INFO - [2025-11-17T22:56:45.252+0000] {dagbag.py:536} INFO - Filling up the DagBag from /opt/airflow/dags/tasks/recsys_data_sync.py
[2025-11-17T22:56:45.546+0000] {processor.py:841} WARNING - No viable dags retrieved from /opt/airflow/dags/tasks/recsys_data_sync.py
[2025-11-17T22:56:45.555+0000] {processor.py:179} INFO - Processing /opt/airflow/dags/tasks/recsys_data_sync.py took 0.306 seconds
[2025-11-17T22:57:16.570+0000] {processor.py:157} INFO - Started process (PID=2947) to work on /opt/airflow/dags/tasks/recsys_data_sync.py
[2025-11-17T22:57:16.570+0000] {processor.py:829} INFO - Processing file /opt/airflow/dags/tasks/recsys_data_sync.py for tasks to queue
[2025-11-17T22:57:16.571+0000] {logging_mixin.py:154} INFO - [2025-11-17T22:57:16.571+0000] {dagbag.py:536} INFO - Filling up the DagBag from /opt/airflow/dags/tasks/recsys_data_sync.py
[2025-11-17T22:57:16.922+0000] {processor.py:841} WARNING - No viable dags retrieved from /opt/airflow/dags/tasks/recsys_data_sync.py
[2025-11-17T22:57:16.933+0000] {processor.py:179} INFO - Processing /opt/airflow/dags/tasks/recsys_data_sync.py took 0.365 seconds
[2025-11-17T22:57:47.132+0000] {processor.py:157} INFO - Started process (PID=3012) to work on /opt/airflow/dags/tasks/recsys_data_sync.py
[2025-11-17T22:57:47.132+0000] {processor.py:829} INFO - Processing file /opt/airflow/dags/tasks/recsys_data_sync.py for tasks to queue
[2025-11-17T22:57:47.133+0000] {logging_mixin.py:154} INFO - [2025-11-17T22:57:47.133+0000] {dagbag.py:536} INFO - Filling up the DagBag from /opt/airflow/dags/tasks/recsys_data_sync.py
[2025-11-17T22:57:47.446+0000] {processor.py:841} WARNING - No viable dags retrieved from /opt/airflow/dags/tasks/recsys_data_sync.py
[2025-11-17T22:57:47.454+0000] {processor.py:179} INFO - Processing /opt/airflow/dags/tasks/recsys_data_sync.py took 0.325 seconds
[2025-11-17T22:58:18.280+0000] {processor.py:157} INFO - Started process (PID=3077) to work on /opt/airflow/dags/tasks/recsys_data_sync.py
[2025-11-17T22:58:18.280+0000] {processor.py:829} INFO - Processing file /opt/airflow/dags/tasks/recsys_data_sync.py for tasks to queue
[2025-11-17T22:58:18.281+0000] {logging_mixin.py:154} INFO - [2025-11-17T22:58:18.281+0000] {dagbag.py:536} INFO - Filling up the DagBag from /opt/airflow/dags/tasks/recsys_data_sync.py
[2025-11-17T22:58:18.664+0000] {processor.py:841} WARNING - No viable dags retrieved from /opt/airflow/dags/tasks/recsys_data_sync.py
[2025-11-17T22:58:18.674+0000] {processor.py:179} INFO - Processing /opt/airflow/dags/tasks/recsys_data_sync.py took 0.396 seconds
[2025-11-17T22:58:48.874+0000] {processor.py:157} INFO - Started process (PID=3135) to work on /opt/airflow/dags/tasks/recsys_data_sync.py
[2025-11-17T22:58:48.874+0000] {processor.py:829} INFO - Processing file /opt/airflow/dags/tasks/recsys_data_sync.py for tasks to queue
[2025-11-17T22:58:48.875+0000] {logging_mixin.py:154} INFO - [2025-11-17T22:58:48.875+0000] {dagbag.py:536} INFO - Filling up the DagBag from /opt/airflow/dags/tasks/recsys_data_sync.py
[2025-11-17T22:58:49.220+0000] {processor.py:841} WARNING - No viable dags retrieved from /opt/airflow/dags/tasks/recsys_data_sync.py
[2025-11-17T22:58:49.229+0000] {processor.py:179} INFO - Processing /opt/airflow/dags/tasks/recsys_data_sync.py took 0.358 seconds
[2025-11-17T22:59:19.532+0000] {processor.py:157} INFO - Started process (PID=3200) to work on /opt/airflow/dags/tasks/recsys_data_sync.py
[2025-11-17T22:59:19.532+0000] {processor.py:829} INFO - Processing file /opt/airflow/dags/tasks/recsys_data_sync.py for tasks to queue
[2025-11-17T22:59:19.533+0000] {logging_mixin.py:154} INFO - [2025-11-17T22:59:19.532+0000] {dagbag.py:536} INFO - Filling up the DagBag from /opt/airflow/dags/tasks/recsys_data_sync.py
[2025-11-17T22:59:19.942+0000] {processor.py:841} WARNING - No viable dags retrieved from /opt/airflow/dags/tasks/recsys_data_sync.py
[2025-11-17T22:59:19.950+0000] {processor.py:179} INFO - Processing /opt/airflow/dags/tasks/recsys_data_sync.py took 0.420 seconds
[2025-11-17T22:59:50.504+0000] {processor.py:157} INFO - Started process (PID=3265) to work on /opt/airflow/dags/tasks/recsys_data_sync.py
[2025-11-17T22:59:50.505+0000] {processor.py:829} INFO - Processing file /opt/airflow/dags/tasks/recsys_data_sync.py for tasks to queue
[2025-11-17T22:59:50.505+0000] {logging_mixin.py:154} INFO - [2025-11-17T22:59:50.505+0000] {dagbag.py:536} INFO - Filling up the DagBag from /opt/airflow/dags/tasks/recsys_data_sync.py
[2025-11-17T22:59:50.878+0000] {processor.py:841} WARNING - No viable dags retrieved from /opt/airflow/dags/tasks/recsys_data_sync.py
[2025-11-17T22:59:50.891+0000] {processor.py:179} INFO - Processing /opt/airflow/dags/tasks/recsys_data_sync.py took 0.389 seconds
[2025-11-17T23:00:21.275+0000] {processor.py:157} INFO - Started process (PID=3330) to work on /opt/airflow/dags/tasks/recsys_data_sync.py
[2025-11-17T23:00:21.275+0000] {processor.py:829} INFO - Processing file /opt/airflow/dags/tasks/recsys_data_sync.py for tasks to queue
[2025-11-17T23:00:21.276+0000] {logging_mixin.py:154} INFO - [2025-11-17T23:00:21.275+0000] {dagbag.py:536} INFO - Filling up the DagBag from /opt/airflow/dags/tasks/recsys_data_sync.py
[2025-11-17T23:00:21.620+0000] {processor.py:841} WARNING - No viable dags retrieved from /opt/airflow/dags/tasks/recsys_data_sync.py
[2025-11-17T23:00:21.629+0000] {processor.py:179} INFO - Processing /opt/airflow/dags/tasks/recsys_data_sync.py took 0.357 seconds
[2025-11-17T23:00:52.054+0000] {processor.py:157} INFO - Started process (PID=3388) to work on /opt/airflow/dags/tasks/recsys_data_sync.py
[2025-11-17T23:00:52.054+0000] {processor.py:829} INFO - Processing file /opt/airflow/dags/tasks/recsys_data_sync.py for tasks to queue
[2025-11-17T23:00:52.055+0000] {logging_mixin.py:154} INFO - [2025-11-17T23:00:52.055+0000] {dagbag.py:536} INFO - Filling up the DagBag from /opt/airflow/dags/tasks/recsys_data_sync.py
[2025-11-17T23:00:52.443+0000] {processor.py:841} WARNING - No viable dags retrieved from /opt/airflow/dags/tasks/recsys_data_sync.py
[2025-11-17T23:00:52.453+0000] {processor.py:179} INFO - Processing /opt/airflow/dags/tasks/recsys_data_sync.py took 0.402 seconds
[2025-11-17T23:01:22.633+0000] {processor.py:157} INFO - Started process (PID=3453) to work on /opt/airflow/dags/tasks/recsys_data_sync.py
[2025-11-17T23:01:22.634+0000] {processor.py:829} INFO - Processing file /opt/airflow/dags/tasks/recsys_data_sync.py for tasks to queue
[2025-11-17T23:01:22.634+0000] {logging_mixin.py:154} INFO - [2025-11-17T23:01:22.634+0000] {dagbag.py:536} INFO - Filling up the DagBag from /opt/airflow/dags/tasks/recsys_data_sync.py
[2025-11-17T23:01:22.972+0000] {processor.py:841} WARNING - No viable dags retrieved from /opt/airflow/dags/tasks/recsys_data_sync.py
[2025-11-17T23:01:22.982+0000] {processor.py:179} INFO - Processing /opt/airflow/dags/tasks/recsys_data_sync.py took 0.351 seconds
[2025-11-17T23:01:53.176+0000] {processor.py:157} INFO - Started process (PID=3518) to work on /opt/airflow/dags/tasks/recsys_data_sync.py
[2025-11-17T23:01:53.177+0000] {processor.py:829} INFO - Processing file /opt/airflow/dags/tasks/recsys_data_sync.py for tasks to queue
[2025-11-17T23:01:53.178+0000] {logging_mixin.py:154} INFO - [2025-11-17T23:01:53.178+0000] {dagbag.py:536} INFO - Filling up the DagBag from /opt/airflow/dags/tasks/recsys_data_sync.py
[2025-11-17T23:01:53.639+0000] {processor.py:841} WARNING - No viable dags retrieved from /opt/airflow/dags/tasks/recsys_data_sync.py
[2025-11-17T23:01:53.648+0000] {processor.py:179} INFO - Processing /opt/airflow/dags/tasks/recsys_data_sync.py took 0.477 seconds
[2025-11-17T23:02:23.745+0000] {processor.py:157} INFO - Started process (PID=3583) to work on /opt/airflow/dags/tasks/recsys_data_sync.py
[2025-11-17T23:02:23.746+0000] {processor.py:829} INFO - Processing file /opt/airflow/dags/tasks/recsys_data_sync.py for tasks to queue
[2025-11-17T23:02:23.746+0000] {logging_mixin.py:154} INFO - [2025-11-17T23:02:23.746+0000] {dagbag.py:536} INFO - Filling up the DagBag from /opt/airflow/dags/tasks/recsys_data_sync.py
[2025-11-17T23:02:24.155+0000] {processor.py:841} WARNING - No viable dags retrieved from /opt/airflow/dags/tasks/recsys_data_sync.py
[2025-11-17T23:02:24.163+0000] {processor.py:179} INFO - Processing /opt/airflow/dags/tasks/recsys_data_sync.py took 0.422 seconds
[2025-11-17T23:02:54.896+0000] {processor.py:157} INFO - Started process (PID=3648) to work on /opt/airflow/dags/tasks/recsys_data_sync.py
[2025-11-17T23:02:54.896+0000] {processor.py:829} INFO - Processing file /opt/airflow/dags/tasks/recsys_data_sync.py for tasks to queue
[2025-11-17T23:02:54.896+0000] {logging_mixin.py:154} INFO - [2025-11-17T23:02:54.896+0000] {dagbag.py:536} INFO - Filling up the DagBag from /opt/airflow/dags/tasks/recsys_data_sync.py
[2025-11-17T23:02:55.217+0000] {processor.py:841} WARNING - No viable dags retrieved from /opt/airflow/dags/tasks/recsys_data_sync.py
[2025-11-17T23:02:55.227+0000] {processor.py:179} INFO - Processing /opt/airflow/dags/tasks/recsys_data_sync.py took 0.334 seconds
[2025-11-17T23:03:25.724+0000] {processor.py:157} INFO - Started process (PID=3775) to work on /opt/airflow/dags/tasks/recsys_data_sync.py
[2025-11-17T23:03:25.724+0000] {processor.py:829} INFO - Processing file /opt/airflow/dags/tasks/recsys_data_sync.py for tasks to queue
[2025-11-17T23:03:25.725+0000] {logging_mixin.py:154} INFO - [2025-11-17T23:03:25.724+0000] {dagbag.py:536} INFO - Filling up the DagBag from /opt/airflow/dags/tasks/recsys_data_sync.py
[2025-11-17T23:03:26.088+0000] {processor.py:841} WARNING - No viable dags retrieved from /opt/airflow/dags/tasks/recsys_data_sync.py
[2025-11-17T23:03:26.098+0000] {processor.py:179} INFO - Processing /opt/airflow/dags/tasks/recsys_data_sync.py took 0.378 seconds
[2025-11-17T23:03:57.068+0000] {processor.py:157} INFO - Started process (PID=3921) to work on /opt/airflow/dags/tasks/recsys_data_sync.py
[2025-11-17T23:03:57.068+0000] {processor.py:829} INFO - Processing file /opt/airflow/dags/tasks/recsys_data_sync.py for tasks to queue
[2025-11-17T23:03:57.069+0000] {logging_mixin.py:154} INFO - [2025-11-17T23:03:57.069+0000] {dagbag.py:536} INFO - Filling up the DagBag from /opt/airflow/dags/tasks/recsys_data_sync.py
[2025-11-17T23:03:57.461+0000] {processor.py:841} WARNING - No viable dags retrieved from /opt/airflow/dags/tasks/recsys_data_sync.py
[2025-11-17T23:03:57.472+0000] {processor.py:179} INFO - Processing /opt/airflow/dags/tasks/recsys_data_sync.py took 0.407 seconds
[2025-11-17T23:04:28.086+0000] {processor.py:157} INFO - Started process (PID=3971) to work on /opt/airflow/dags/tasks/recsys_data_sync.py
[2025-11-17T23:04:28.087+0000] {processor.py:829} INFO - Processing file /opt/airflow/dags/tasks/recsys_data_sync.py for tasks to queue
[2025-11-17T23:04:28.088+0000] {logging_mixin.py:154} INFO - [2025-11-17T23:04:28.087+0000] {dagbag.py:536} INFO - Filling up the DagBag from /opt/airflow/dags/tasks/recsys_data_sync.py
[2025-11-17T23:04:28.420+0000] {processor.py:841} WARNING - No viable dags retrieved from /opt/airflow/dags/tasks/recsys_data_sync.py
[2025-11-17T23:04:28.430+0000] {processor.py:179} INFO - Processing /opt/airflow/dags/tasks/recsys_data_sync.py took 0.347 seconds
[2025-11-17T23:04:58.759+0000] {processor.py:157} INFO - Started process (PID=4036) to work on /opt/airflow/dags/tasks/recsys_data_sync.py
[2025-11-17T23:04:58.760+0000] {processor.py:829} INFO - Processing file /opt/airflow/dags/tasks/recsys_data_sync.py for tasks to queue
[2025-11-17T23:04:58.760+0000] {logging_mixin.py:154} INFO - [2025-11-17T23:04:58.760+0000] {dagbag.py:536} INFO - Filling up the DagBag from /opt/airflow/dags/tasks/recsys_data_sync.py
[2025-11-17T23:04:59.163+0000] {processor.py:841} WARNING - No viable dags retrieved from /opt/airflow/dags/tasks/recsys_data_sync.py
[2025-11-17T23:04:59.174+0000] {processor.py:179} INFO - Processing /opt/airflow/dags/tasks/recsys_data_sync.py took 0.418 seconds
[2025-11-17T23:05:29.703+0000] {processor.py:157} INFO - Started process (PID=4101) to work on /opt/airflow/dags/tasks/recsys_data_sync.py
[2025-11-17T23:05:29.703+0000] {processor.py:829} INFO - Processing file /opt/airflow/dags/tasks/recsys_data_sync.py for tasks to queue
[2025-11-17T23:05:29.704+0000] {logging_mixin.py:154} INFO - [2025-11-17T23:05:29.704+0000] {dagbag.py:536} INFO - Filling up the DagBag from /opt/airflow/dags/tasks/recsys_data_sync.py
[2025-11-17T23:05:30.088+0000] {processor.py:841} WARNING - No viable dags retrieved from /opt/airflow/dags/tasks/recsys_data_sync.py
[2025-11-17T23:05:30.100+0000] {processor.py:179} INFO - Processing /opt/airflow/dags/tasks/recsys_data_sync.py took 0.400 seconds
[2025-11-17T23:06:00.437+0000] {processor.py:157} INFO - Started process (PID=4159) to work on /opt/airflow/dags/tasks/recsys_data_sync.py
[2025-11-17T23:06:00.437+0000] {processor.py:829} INFO - Processing file /opt/airflow/dags/tasks/recsys_data_sync.py for tasks to queue
[2025-11-17T23:06:00.438+0000] {logging_mixin.py:154} INFO - [2025-11-17T23:06:00.437+0000] {dagbag.py:536} INFO - Filling up the DagBag from /opt/airflow/dags/tasks/recsys_data_sync.py
[2025-11-17T23:06:00.818+0000] {processor.py:841} WARNING - No viable dags retrieved from /opt/airflow/dags/tasks/recsys_data_sync.py
[2025-11-17T23:06:00.828+0000] {processor.py:179} INFO - Processing /opt/airflow/dags/tasks/recsys_data_sync.py took 0.395 seconds
[2025-11-17T23:06:31.167+0000] {processor.py:157} INFO - Started process (PID=4221) to work on /opt/airflow/dags/tasks/recsys_data_sync.py
[2025-11-17T23:06:31.167+0000] {processor.py:829} INFO - Processing file /opt/airflow/dags/tasks/recsys_data_sync.py for tasks to queue
[2025-11-17T23:06:31.168+0000] {logging_mixin.py:154} INFO - [2025-11-17T23:06:31.168+0000] {dagbag.py:536} INFO - Filling up the DagBag from /opt/airflow/dags/tasks/recsys_data_sync.py
[2025-11-17T23:06:31.498+0000] {processor.py:841} WARNING - No viable dags retrieved from /opt/airflow/dags/tasks/recsys_data_sync.py
[2025-11-17T23:06:31.508+0000] {processor.py:179} INFO - Processing /opt/airflow/dags/tasks/recsys_data_sync.py took 0.345 seconds
[2025-11-17T23:07:01.608+0000] {processor.py:157} INFO - Started process (PID=4286) to work on /opt/airflow/dags/tasks/recsys_data_sync.py
[2025-11-17T23:07:01.608+0000] {processor.py:829} INFO - Processing file /opt/airflow/dags/tasks/recsys_data_sync.py for tasks to queue
[2025-11-17T23:07:01.609+0000] {logging_mixin.py:154} INFO - [2025-11-17T23:07:01.608+0000] {dagbag.py:536} INFO - Filling up the DagBag from /opt/airflow/dags/tasks/recsys_data_sync.py
[2025-11-17T23:07:01.987+0000] {processor.py:841} WARNING - No viable dags retrieved from /opt/airflow/dags/tasks/recsys_data_sync.py
[2025-11-17T23:07:01.997+0000] {processor.py:179} INFO - Processing /opt/airflow/dags/tasks/recsys_data_sync.py took 0.393 seconds
[2025-11-17T23:07:32.630+0000] {processor.py:157} INFO - Started process (PID=4351) to work on /opt/airflow/dags/tasks/recsys_data_sync.py
[2025-11-17T23:07:32.630+0000] {processor.py:829} INFO - Processing file /opt/airflow/dags/tasks/recsys_data_sync.py for tasks to queue
[2025-11-17T23:07:32.631+0000] {logging_mixin.py:154} INFO - [2025-11-17T23:07:32.631+0000] {dagbag.py:536} INFO - Filling up the DagBag from /opt/airflow/dags/tasks/recsys_data_sync.py
[2025-11-17T23:07:32.998+0000] {processor.py:841} WARNING - No viable dags retrieved from /opt/airflow/dags/tasks/recsys_data_sync.py
[2025-11-17T23:07:33.008+0000] {processor.py:179} INFO - Processing /opt/airflow/dags/tasks/recsys_data_sync.py took 0.382 seconds
[2025-11-17T23:08:03.570+0000] {processor.py:157} INFO - Started process (PID=4409) to work on /opt/airflow/dags/tasks/recsys_data_sync.py
[2025-11-17T23:08:03.571+0000] {processor.py:829} INFO - Processing file /opt/airflow/dags/tasks/recsys_data_sync.py for tasks to queue
[2025-11-17T23:08:03.571+0000] {logging_mixin.py:154} INFO - [2025-11-17T23:08:03.571+0000] {dagbag.py:536} INFO - Filling up the DagBag from /opt/airflow/dags/tasks/recsys_data_sync.py
[2025-11-17T23:08:04.091+0000] {processor.py:841} WARNING - No viable dags retrieved from /opt/airflow/dags/tasks/recsys_data_sync.py
[2025-11-17T23:08:04.105+0000] {processor.py:179} INFO - Processing /opt/airflow/dags/tasks/recsys_data_sync.py took 0.537 seconds
[2025-11-17T23:08:35.044+0000] {processor.py:157} INFO - Started process (PID=4474) to work on /opt/airflow/dags/tasks/recsys_data_sync.py
[2025-11-17T23:08:35.044+0000] {processor.py:829} INFO - Processing file /opt/airflow/dags/tasks/recsys_data_sync.py for tasks to queue
[2025-11-17T23:08:35.044+0000] {logging_mixin.py:154} INFO - [2025-11-17T23:08:35.044+0000] {dagbag.py:536} INFO - Filling up the DagBag from /opt/airflow/dags/tasks/recsys_data_sync.py
[2025-11-17T23:08:35.378+0000] {processor.py:841} WARNING - No viable dags retrieved from /opt/airflow/dags/tasks/recsys_data_sync.py
[2025-11-17T23:08:35.387+0000] {processor.py:179} INFO - Processing /opt/airflow/dags/tasks/recsys_data_sync.py took 0.345 seconds
[2025-11-17T23:09:05.576+0000] {processor.py:157} INFO - Started process (PID=4539) to work on /opt/airflow/dags/tasks/recsys_data_sync.py
[2025-11-17T23:09:05.576+0000] {processor.py:829} INFO - Processing file /opt/airflow/dags/tasks/recsys_data_sync.py for tasks to queue
[2025-11-17T23:09:05.577+0000] {logging_mixin.py:154} INFO - [2025-11-17T23:09:05.576+0000] {dagbag.py:536} INFO - Filling up the DagBag from /opt/airflow/dags/tasks/recsys_data_sync.py
[2025-11-17T23:09:05.900+0000] {processor.py:841} WARNING - No viable dags retrieved from /opt/airflow/dags/tasks/recsys_data_sync.py
[2025-11-17T23:09:05.909+0000] {processor.py:179} INFO - Processing /opt/airflow/dags/tasks/recsys_data_sync.py took 0.335 seconds
[2025-11-17T23:09:36.216+0000] {processor.py:157} INFO - Started process (PID=4604) to work on /opt/airflow/dags/tasks/recsys_data_sync.py
[2025-11-17T23:09:36.217+0000] {processor.py:829} INFO - Processing file /opt/airflow/dags/tasks/recsys_data_sync.py for tasks to queue
[2025-11-17T23:09:36.217+0000] {logging_mixin.py:154} INFO - [2025-11-17T23:09:36.217+0000] {dagbag.py:536} INFO - Filling up the DagBag from /opt/airflow/dags/tasks/recsys_data_sync.py
[2025-11-17T23:09:36.547+0000] {processor.py:841} WARNING - No viable dags retrieved from /opt/airflow/dags/tasks/recsys_data_sync.py
[2025-11-17T23:09:36.555+0000] {processor.py:179} INFO - Processing /opt/airflow/dags/tasks/recsys_data_sync.py took 0.342 seconds
[2025-11-17T23:10:06.773+0000] {processor.py:157} INFO - Started process (PID=4669) to work on /opt/airflow/dags/tasks/recsys_data_sync.py
[2025-11-17T23:10:06.774+0000] {processor.py:829} INFO - Processing file /opt/airflow/dags/tasks/recsys_data_sync.py for tasks to queue
[2025-11-17T23:10:06.776+0000] {logging_mixin.py:154} INFO - [2025-11-17T23:10:06.775+0000] {dagbag.py:536} INFO - Filling up the DagBag from /opt/airflow/dags/tasks/recsys_data_sync.py
[2025-11-17T23:10:07.664+0000] {processor.py:841} WARNING - No viable dags retrieved from /opt/airflow/dags/tasks/recsys_data_sync.py
[2025-11-17T23:10:07.677+0000] {processor.py:179} INFO - Processing /opt/airflow/dags/tasks/recsys_data_sync.py took 0.913 seconds
[2025-11-17T23:10:37.751+0000] {processor.py:157} INFO - Started process (PID=4734) to work on /opt/airflow/dags/tasks/recsys_data_sync.py
[2025-11-17T23:10:37.752+0000] {processor.py:829} INFO - Processing file /opt/airflow/dags/tasks/recsys_data_sync.py for tasks to queue
[2025-11-17T23:10:37.753+0000] {logging_mixin.py:154} INFO - [2025-11-17T23:10:37.752+0000] {dagbag.py:536} INFO - Filling up the DagBag from /opt/airflow/dags/tasks/recsys_data_sync.py
[2025-11-17T23:10:38.197+0000] {processor.py:841} WARNING - No viable dags retrieved from /opt/airflow/dags/tasks/recsys_data_sync.py
[2025-11-17T23:10:38.206+0000] {processor.py:179} INFO - Processing /opt/airflow/dags/tasks/recsys_data_sync.py took 0.458 seconds
[2025-11-17T23:11:08.328+0000] {processor.py:157} INFO - Started process (PID=4792) to work on /opt/airflow/dags/tasks/recsys_data_sync.py
[2025-11-17T23:11:08.328+0000] {processor.py:829} INFO - Processing file /opt/airflow/dags/tasks/recsys_data_sync.py for tasks to queue
[2025-11-17T23:11:08.328+0000] {logging_mixin.py:154} INFO - [2025-11-17T23:11:08.328+0000] {dagbag.py:536} INFO - Filling up the DagBag from /opt/airflow/dags/tasks/recsys_data_sync.py
[2025-11-17T23:11:08.667+0000] {processor.py:841} WARNING - No viable dags retrieved from /opt/airflow/dags/tasks/recsys_data_sync.py
[2025-11-17T23:11:08.679+0000] {processor.py:179} INFO - Processing /opt/airflow/dags/tasks/recsys_data_sync.py took 0.354 seconds
[2025-11-17T23:11:38.919+0000] {processor.py:157} INFO - Started process (PID=4857) to work on /opt/airflow/dags/tasks/recsys_data_sync.py
[2025-11-17T23:11:38.919+0000] {processor.py:829} INFO - Processing file /opt/airflow/dags/tasks/recsys_data_sync.py for tasks to queue
[2025-11-17T23:11:38.920+0000] {logging_mixin.py:154} INFO - [2025-11-17T23:11:38.920+0000] {dagbag.py:536} INFO - Filling up the DagBag from /opt/airflow/dags/tasks/recsys_data_sync.py
[2025-11-17T23:11:39.237+0000] {processor.py:841} WARNING - No viable dags retrieved from /opt/airflow/dags/tasks/recsys_data_sync.py
[2025-11-17T23:11:39.245+0000] {processor.py:179} INFO - Processing /opt/airflow/dags/tasks/recsys_data_sync.py took 0.329 seconds
[2025-11-17T23:12:09.789+0000] {processor.py:157} INFO - Started process (PID=4922) to work on /opt/airflow/dags/tasks/recsys_data_sync.py
[2025-11-17T23:12:09.789+0000] {processor.py:829} INFO - Processing file /opt/airflow/dags/tasks/recsys_data_sync.py for tasks to queue
[2025-11-17T23:12:09.790+0000] {logging_mixin.py:154} INFO - [2025-11-17T23:12:09.790+0000] {dagbag.py:536} INFO - Filling up the DagBag from /opt/airflow/dags/tasks/recsys_data_sync.py
[2025-11-17T23:12:10.088+0000] {processor.py:841} WARNING - No viable dags retrieved from /opt/airflow/dags/tasks/recsys_data_sync.py
[2025-11-17T23:12:10.097+0000] {processor.py:179} INFO - Processing /opt/airflow/dags/tasks/recsys_data_sync.py took 0.311 seconds
[2025-11-17T23:12:40.683+0000] {processor.py:157} INFO - Started process (PID=4987) to work on /opt/airflow/dags/tasks/recsys_data_sync.py
[2025-11-17T23:12:40.684+0000] {processor.py:829} INFO - Processing file /opt/airflow/dags/tasks/recsys_data_sync.py for tasks to queue
[2025-11-17T23:12:40.684+0000] {logging_mixin.py:154} INFO - [2025-11-17T23:12:40.684+0000] {dagbag.py:536} INFO - Filling up the DagBag from /opt/airflow/dags/tasks/recsys_data_sync.py
[2025-11-17T23:12:40.988+0000] {processor.py:841} WARNING - No viable dags retrieved from /opt/airflow/dags/tasks/recsys_data_sync.py
[2025-11-17T23:12:40.997+0000] {processor.py:179} INFO - Processing /opt/airflow/dags/tasks/recsys_data_sync.py took 0.316 seconds
[2025-11-17T23:13:11.100+0000] {processor.py:157} INFO - Started process (PID=5052) to work on /opt/airflow/dags/tasks/recsys_data_sync.py
[2025-11-17T23:13:11.100+0000] {processor.py:829} INFO - Processing file /opt/airflow/dags/tasks/recsys_data_sync.py for tasks to queue
[2025-11-17T23:13:11.101+0000] {logging_mixin.py:154} INFO - [2025-11-17T23:13:11.101+0000] {dagbag.py:536} INFO - Filling up the DagBag from /opt/airflow/dags/tasks/recsys_data_sync.py
[2025-11-17T23:13:11.419+0000] {processor.py:841} WARNING - No viable dags retrieved from /opt/airflow/dags/tasks/recsys_data_sync.py
[2025-11-17T23:13:11.428+0000] {processor.py:179} INFO - Processing /opt/airflow/dags/tasks/recsys_data_sync.py took 0.330 seconds
[2025-11-17T23:13:41.657+0000] {processor.py:157} INFO - Started process (PID=5117) to work on /opt/airflow/dags/tasks/recsys_data_sync.py
[2025-11-17T23:13:41.657+0000] {processor.py:829} INFO - Processing file /opt/airflow/dags/tasks/recsys_data_sync.py for tasks to queue
[2025-11-17T23:13:41.658+0000] {logging_mixin.py:154} INFO - [2025-11-17T23:13:41.658+0000] {dagbag.py:536} INFO - Filling up the DagBag from /opt/airflow/dags/tasks/recsys_data_sync.py
[2025-11-17T23:13:41.969+0000] {processor.py:841} WARNING - No viable dags retrieved from /opt/airflow/dags/tasks/recsys_data_sync.py
[2025-11-17T23:13:41.978+0000] {processor.py:179} INFO - Processing /opt/airflow/dags/tasks/recsys_data_sync.py took 0.324 seconds
[2025-11-17T23:14:12.190+0000] {processor.py:157} INFO - Started process (PID=5175) to work on /opt/airflow/dags/tasks/recsys_data_sync.py
[2025-11-17T23:14:12.191+0000] {processor.py:829} INFO - Processing file /opt/airflow/dags/tasks/recsys_data_sync.py for tasks to queue
[2025-11-17T23:14:12.192+0000] {logging_mixin.py:154} INFO - [2025-11-17T23:14:12.191+0000] {dagbag.py:536} INFO - Filling up the DagBag from /opt/airflow/dags/tasks/recsys_data_sync.py
[2025-11-17T23:14:12.568+0000] {processor.py:841} WARNING - No viable dags retrieved from /opt/airflow/dags/tasks/recsys_data_sync.py
[2025-11-17T23:14:12.581+0000] {processor.py:179} INFO - Processing /opt/airflow/dags/tasks/recsys_data_sync.py took 0.394 seconds
[2025-11-17T23:14:42.898+0000] {processor.py:157} INFO - Started process (PID=5240) to work on /opt/airflow/dags/tasks/recsys_data_sync.py
[2025-11-17T23:14:42.899+0000] {processor.py:829} INFO - Processing file /opt/airflow/dags/tasks/recsys_data_sync.py for tasks to queue
[2025-11-17T23:14:42.899+0000] {logging_mixin.py:154} INFO - [2025-11-17T23:14:42.899+0000] {dagbag.py:536} INFO - Filling up the DagBag from /opt/airflow/dags/tasks/recsys_data_sync.py
[2025-11-17T23:14:43.215+0000] {processor.py:841} WARNING - No viable dags retrieved from /opt/airflow/dags/tasks/recsys_data_sync.py
[2025-11-17T23:14:43.224+0000] {processor.py:179} INFO - Processing /opt/airflow/dags/tasks/recsys_data_sync.py took 0.328 seconds
[2025-11-17T23:15:13.329+0000] {processor.py:157} INFO - Started process (PID=5305) to work on /opt/airflow/dags/tasks/recsys_data_sync.py
[2025-11-17T23:15:13.329+0000] {processor.py:829} INFO - Processing file /opt/airflow/dags/tasks/recsys_data_sync.py for tasks to queue
[2025-11-17T23:15:13.330+0000] {logging_mixin.py:154} INFO - [2025-11-17T23:15:13.330+0000] {dagbag.py:536} INFO - Filling up the DagBag from /opt/airflow/dags/tasks/recsys_data_sync.py
[2025-11-17T23:15:13.666+0000] {processor.py:841} WARNING - No viable dags retrieved from /opt/airflow/dags/tasks/recsys_data_sync.py
[2025-11-17T23:15:13.675+0000] {processor.py:179} INFO - Processing /opt/airflow/dags/tasks/recsys_data_sync.py took 0.349 seconds
[2025-11-17T23:15:44.228+0000] {processor.py:157} INFO - Started process (PID=5371) to work on /opt/airflow/dags/tasks/recsys_data_sync.py
[2025-11-17T23:15:44.229+0000] {processor.py:829} INFO - Processing file /opt/airflow/dags/tasks/recsys_data_sync.py for tasks to queue
[2025-11-17T23:15:44.230+0000] {logging_mixin.py:154} INFO - [2025-11-17T23:15:44.230+0000] {dagbag.py:536} INFO - Filling up the DagBag from /opt/airflow/dags/tasks/recsys_data_sync.py
[2025-11-17T23:15:44.554+0000] {processor.py:841} WARNING - No viable dags retrieved from /opt/airflow/dags/tasks/recsys_data_sync.py
[2025-11-17T23:15:44.564+0000] {processor.py:179} INFO - Processing /opt/airflow/dags/tasks/recsys_data_sync.py took 0.340 seconds
[2025-11-17T23:16:14.744+0000] {processor.py:157} INFO - Started process (PID=5418) to work on /opt/airflow/dags/tasks/recsys_data_sync.py
[2025-11-17T23:16:14.744+0000] {processor.py:829} INFO - Processing file /opt/airflow/dags/tasks/recsys_data_sync.py for tasks to queue
[2025-11-17T23:16:14.744+0000] {logging_mixin.py:154} INFO - [2025-11-17T23:16:14.744+0000] {dagbag.py:536} INFO - Filling up the DagBag from /opt/airflow/dags/tasks/recsys_data_sync.py
[2025-11-17T23:16:15.064+0000] {processor.py:841} WARNING - No viable dags retrieved from /opt/airflow/dags/tasks/recsys_data_sync.py
[2025-11-17T23:16:15.073+0000] {processor.py:179} INFO - Processing /opt/airflow/dags/tasks/recsys_data_sync.py took 0.331 seconds
[2025-11-17T23:16:45.814+0000] {processor.py:157} INFO - Started process (PID=5483) to work on /opt/airflow/dags/tasks/recsys_data_sync.py
[2025-11-17T23:16:45.814+0000] {processor.py:829} INFO - Processing file /opt/airflow/dags/tasks/recsys_data_sync.py for tasks to queue
[2025-11-17T23:16:45.814+0000] {logging_mixin.py:154} INFO - [2025-11-17T23:16:45.814+0000] {dagbag.py:536} INFO - Filling up the DagBag from /opt/airflow/dags/tasks/recsys_data_sync.py
[2025-11-17T23:16:46.115+0000] {processor.py:841} WARNING - No viable dags retrieved from /opt/airflow/dags/tasks/recsys_data_sync.py
[2025-11-17T23:16:46.123+0000] {processor.py:179} INFO - Processing /opt/airflow/dags/tasks/recsys_data_sync.py took 0.311 seconds
[2025-11-17T23:17:16.682+0000] {processor.py:157} INFO - Started process (PID=5548) to work on /opt/airflow/dags/tasks/recsys_data_sync.py
[2025-11-17T23:17:16.682+0000] {processor.py:829} INFO - Processing file /opt/airflow/dags/tasks/recsys_data_sync.py for tasks to queue
[2025-11-17T23:17:16.683+0000] {logging_mixin.py:154} INFO - [2025-11-17T23:17:16.683+0000] {dagbag.py:536} INFO - Filling up the DagBag from /opt/airflow/dags/tasks/recsys_data_sync.py
[2025-11-17T23:17:17.015+0000] {processor.py:841} WARNING - No viable dags retrieved from /opt/airflow/dags/tasks/recsys_data_sync.py
[2025-11-17T23:17:17.025+0000] {processor.py:179} INFO - Processing /opt/airflow/dags/tasks/recsys_data_sync.py took 0.345 seconds
[2025-11-17T23:17:47.583+0000] {processor.py:157} INFO - Started process (PID=5613) to work on /opt/airflow/dags/tasks/recsys_data_sync.py
[2025-11-17T23:17:47.584+0000] {processor.py:829} INFO - Processing file /opt/airflow/dags/tasks/recsys_data_sync.py for tasks to queue
[2025-11-17T23:17:47.584+0000] {logging_mixin.py:154} INFO - [2025-11-17T23:17:47.584+0000] {dagbag.py:536} INFO - Filling up the DagBag from /opt/airflow/dags/tasks/recsys_data_sync.py
[2025-11-17T23:17:47.951+0000] {processor.py:841} WARNING - No viable dags retrieved from /opt/airflow/dags/tasks/recsys_data_sync.py
[2025-11-17T23:17:47.962+0000] {processor.py:179} INFO - Processing /opt/airflow/dags/tasks/recsys_data_sync.py took 0.381 seconds
[2025-11-17T23:18:18.898+0000] {processor.py:157} INFO - Started process (PID=5671) to work on /opt/airflow/dags/tasks/recsys_data_sync.py
[2025-11-17T23:18:18.898+0000] {processor.py:829} INFO - Processing file /opt/airflow/dags/tasks/recsys_data_sync.py for tasks to queue
[2025-11-17T23:18:18.899+0000] {logging_mixin.py:154} INFO - [2025-11-17T23:18:18.898+0000] {dagbag.py:536} INFO - Filling up the DagBag from /opt/airflow/dags/tasks/recsys_data_sync.py
[2025-11-17T23:18:19.223+0000] {processor.py:841} WARNING - No viable dags retrieved from /opt/airflow/dags/tasks/recsys_data_sync.py
[2025-11-17T23:18:19.233+0000] {processor.py:179} INFO - Processing /opt/airflow/dags/tasks/recsys_data_sync.py took 0.338 seconds
[2025-11-17T23:18:49.796+0000] {processor.py:157} INFO - Started process (PID=5736) to work on /opt/airflow/dags/tasks/recsys_data_sync.py
[2025-11-17T23:18:49.797+0000] {processor.py:829} INFO - Processing file /opt/airflow/dags/tasks/recsys_data_sync.py for tasks to queue
[2025-11-17T23:18:49.797+0000] {logging_mixin.py:154} INFO - [2025-11-17T23:18:49.797+0000] {dagbag.py:536} INFO - Filling up the DagBag from /opt/airflow/dags/tasks/recsys_data_sync.py
[2025-11-17T23:18:50.125+0000] {processor.py:841} WARNING - No viable dags retrieved from /opt/airflow/dags/tasks/recsys_data_sync.py
[2025-11-17T23:18:50.135+0000] {processor.py:179} INFO - Processing /opt/airflow/dags/tasks/recsys_data_sync.py took 0.341 seconds
[2025-11-17T23:19:20.694+0000] {processor.py:157} INFO - Started process (PID=5801) to work on /opt/airflow/dags/tasks/recsys_data_sync.py
[2025-11-17T23:19:20.694+0000] {processor.py:829} INFO - Processing file /opt/airflow/dags/tasks/recsys_data_sync.py for tasks to queue
[2025-11-17T23:19:20.695+0000] {logging_mixin.py:154} INFO - [2025-11-17T23:19:20.695+0000] {dagbag.py:536} INFO - Filling up the DagBag from /opt/airflow/dags/tasks/recsys_data_sync.py
[2025-11-17T23:19:21.010+0000] {processor.py:841} WARNING - No viable dags retrieved from /opt/airflow/dags/tasks/recsys_data_sync.py
[2025-11-17T23:19:21.019+0000] {processor.py:179} INFO - Processing /opt/airflow/dags/tasks/recsys_data_sync.py took 0.328 seconds
[2025-11-17T23:19:52.049+0000] {processor.py:157} INFO - Started process (PID=5866) to work on /opt/airflow/dags/tasks/recsys_data_sync.py
[2025-11-17T23:19:52.050+0000] {processor.py:829} INFO - Processing file /opt/airflow/dags/tasks/recsys_data_sync.py for tasks to queue
[2025-11-17T23:19:52.050+0000] {logging_mixin.py:154} INFO - [2025-11-17T23:19:52.050+0000] {dagbag.py:536} INFO - Filling up the DagBag from /opt/airflow/dags/tasks/recsys_data_sync.py
[2025-11-17T23:19:52.363+0000] {processor.py:841} WARNING - No viable dags retrieved from /opt/airflow/dags/tasks/recsys_data_sync.py
[2025-11-17T23:19:52.373+0000] {processor.py:179} INFO - Processing /opt/airflow/dags/tasks/recsys_data_sync.py took 0.325 seconds
[2025-11-17T23:20:22.990+0000] {processor.py:157} INFO - Started process (PID=5931) to work on /opt/airflow/dags/tasks/recsys_data_sync.py
[2025-11-17T23:20:22.990+0000] {processor.py:829} INFO - Processing file /opt/airflow/dags/tasks/recsys_data_sync.py for tasks to queue
[2025-11-17T23:20:22.991+0000] {logging_mixin.py:154} INFO - [2025-11-17T23:20:22.991+0000] {dagbag.py:536} INFO - Filling up the DagBag from /opt/airflow/dags/tasks/recsys_data_sync.py
[2025-11-17T23:20:23.317+0000] {processor.py:841} WARNING - No viable dags retrieved from /opt/airflow/dags/tasks/recsys_data_sync.py
[2025-11-17T23:20:23.325+0000] {processor.py:179} INFO - Processing /opt/airflow/dags/tasks/recsys_data_sync.py took 0.338 seconds
[2025-11-17T23:20:53.924+0000] {processor.py:157} INFO - Started process (PID=5996) to work on /opt/airflow/dags/tasks/recsys_data_sync.py
[2025-11-17T23:20:53.924+0000] {processor.py:829} INFO - Processing file /opt/airflow/dags/tasks/recsys_data_sync.py for tasks to queue
[2025-11-17T23:20:53.925+0000] {logging_mixin.py:154} INFO - [2025-11-17T23:20:53.925+0000] {dagbag.py:536} INFO - Filling up the DagBag from /opt/airflow/dags/tasks/recsys_data_sync.py
[2025-11-17T23:20:54.253+0000] {processor.py:841} WARNING - No viable dags retrieved from /opt/airflow/dags/tasks/recsys_data_sync.py
[2025-11-17T23:20:54.262+0000] {processor.py:179} INFO - Processing /opt/airflow/dags/tasks/recsys_data_sync.py took 0.341 seconds
[2025-11-17T23:21:24.737+0000] {processor.py:157} INFO - Started process (PID=6061) to work on /opt/airflow/dags/tasks/recsys_data_sync.py
[2025-11-17T23:21:24.737+0000] {processor.py:829} INFO - Processing file /opt/airflow/dags/tasks/recsys_data_sync.py for tasks to queue
[2025-11-17T23:21:24.738+0000] {logging_mixin.py:154} INFO - [2025-11-17T23:21:24.738+0000] {dagbag.py:536} INFO - Filling up the DagBag from /opt/airflow/dags/tasks/recsys_data_sync.py
[2025-11-17T23:21:25.048+0000] {processor.py:841} WARNING - No viable dags retrieved from /opt/airflow/dags/tasks/recsys_data_sync.py
[2025-11-17T23:21:25.057+0000] {processor.py:179} INFO - Processing /opt/airflow/dags/tasks/recsys_data_sync.py took 0.322 seconds
[2025-11-17T23:21:55.284+0000] {processor.py:157} INFO - Started process (PID=6126) to work on /opt/airflow/dags/tasks/recsys_data_sync.py
[2025-11-17T23:21:55.285+0000] {processor.py:829} INFO - Processing file /opt/airflow/dags/tasks/recsys_data_sync.py for tasks to queue
[2025-11-17T23:21:55.285+0000] {logging_mixin.py:154} INFO - [2025-11-17T23:21:55.285+0000] {dagbag.py:536} INFO - Filling up the DagBag from /opt/airflow/dags/tasks/recsys_data_sync.py
[2025-11-17T23:21:55.599+0000] {processor.py:841} WARNING - No viable dags retrieved from /opt/airflow/dags/tasks/recsys_data_sync.py
[2025-11-17T23:21:55.609+0000] {processor.py:179} INFO - Processing /opt/airflow/dags/tasks/recsys_data_sync.py took 0.327 seconds
[2025-11-17T23:22:25.821+0000] {processor.py:157} INFO - Started process (PID=6184) to work on /opt/airflow/dags/tasks/recsys_data_sync.py
[2025-11-17T23:22:25.822+0000] {processor.py:829} INFO - Processing file /opt/airflow/dags/tasks/recsys_data_sync.py for tasks to queue
[2025-11-17T23:22:25.823+0000] {logging_mixin.py:154} INFO - [2025-11-17T23:22:25.823+0000] {dagbag.py:536} INFO - Filling up the DagBag from /opt/airflow/dags/tasks/recsys_data_sync.py
[2025-11-17T23:22:26.207+0000] {processor.py:841} WARNING - No viable dags retrieved from /opt/airflow/dags/tasks/recsys_data_sync.py
[2025-11-17T23:22:26.216+0000] {processor.py:179} INFO - Processing /opt/airflow/dags/tasks/recsys_data_sync.py took 0.398 seconds
[2025-11-17T23:22:56.373+0000] {processor.py:157} INFO - Started process (PID=6249) to work on /opt/airflow/dags/tasks/recsys_data_sync.py
[2025-11-17T23:22:56.373+0000] {processor.py:829} INFO - Processing file /opt/airflow/dags/tasks/recsys_data_sync.py for tasks to queue
[2025-11-17T23:22:56.373+0000] {logging_mixin.py:154} INFO - [2025-11-17T23:22:56.373+0000] {dagbag.py:536} INFO - Filling up the DagBag from /opt/airflow/dags/tasks/recsys_data_sync.py
[2025-11-17T23:22:56.690+0000] {processor.py:841} WARNING - No viable dags retrieved from /opt/airflow/dags/tasks/recsys_data_sync.py
[2025-11-17T23:22:56.699+0000] {processor.py:179} INFO - Processing /opt/airflow/dags/tasks/recsys_data_sync.py took 0.329 seconds
[2025-11-17T23:23:26.889+0000] {processor.py:157} INFO - Started process (PID=6314) to work on /opt/airflow/dags/tasks/recsys_data_sync.py
[2025-11-17T23:23:26.890+0000] {processor.py:829} INFO - Processing file /opt/airflow/dags/tasks/recsys_data_sync.py for tasks to queue
[2025-11-17T23:23:26.890+0000] {logging_mixin.py:154} INFO - [2025-11-17T23:23:26.890+0000] {dagbag.py:536} INFO - Filling up the DagBag from /opt/airflow/dags/tasks/recsys_data_sync.py
[2025-11-17T23:23:27.206+0000] {processor.py:841} WARNING - No viable dags retrieved from /opt/airflow/dags/tasks/recsys_data_sync.py
[2025-11-17T23:23:27.215+0000] {processor.py:179} INFO - Processing /opt/airflow/dags/tasks/recsys_data_sync.py took 0.329 seconds
[2025-11-17T23:23:57.429+0000] {processor.py:157} INFO - Started process (PID=6379) to work on /opt/airflow/dags/tasks/recsys_data_sync.py
[2025-11-17T23:23:57.430+0000] {processor.py:829} INFO - Processing file /opt/airflow/dags/tasks/recsys_data_sync.py for tasks to queue
[2025-11-17T23:23:57.431+0000] {logging_mixin.py:154} INFO - [2025-11-17T23:23:57.430+0000] {dagbag.py:536} INFO - Filling up the DagBag from /opt/airflow/dags/tasks/recsys_data_sync.py
[2025-11-17T23:23:57.750+0000] {processor.py:841} WARNING - No viable dags retrieved from /opt/airflow/dags/tasks/recsys_data_sync.py
[2025-11-17T23:23:57.759+0000] {processor.py:179} INFO - Processing /opt/airflow/dags/tasks/recsys_data_sync.py took 0.332 seconds
[2025-11-17T23:24:28.319+0000] {processor.py:157} INFO - Started process (PID=6444) to work on /opt/airflow/dags/tasks/recsys_data_sync.py
[2025-11-17T23:24:28.319+0000] {processor.py:829} INFO - Processing file /opt/airflow/dags/tasks/recsys_data_sync.py for tasks to queue
[2025-11-17T23:24:28.320+0000] {logging_mixin.py:154} INFO - [2025-11-17T23:24:28.320+0000] {dagbag.py:536} INFO - Filling up the DagBag from /opt/airflow/dags/tasks/recsys_data_sync.py
[2025-11-17T23:24:28.644+0000] {processor.py:841} WARNING - No viable dags retrieved from /opt/airflow/dags/tasks/recsys_data_sync.py
[2025-11-17T23:24:28.653+0000] {processor.py:179} INFO - Processing /opt/airflow/dags/tasks/recsys_data_sync.py took 0.337 seconds
[2025-11-17T23:24:58.878+0000] {processor.py:157} INFO - Started process (PID=6509) to work on /opt/airflow/dags/tasks/recsys_data_sync.py
[2025-11-17T23:24:58.878+0000] {processor.py:829} INFO - Processing file /opt/airflow/dags/tasks/recsys_data_sync.py for tasks to queue
[2025-11-17T23:24:58.879+0000] {logging_mixin.py:154} INFO - [2025-11-17T23:24:58.879+0000] {dagbag.py:536} INFO - Filling up the DagBag from /opt/airflow/dags/tasks/recsys_data_sync.py
[2025-11-17T23:24:59.191+0000] {processor.py:841} WARNING - No viable dags retrieved from /opt/airflow/dags/tasks/recsys_data_sync.py
[2025-11-17T23:24:59.200+0000] {processor.py:179} INFO - Processing /opt/airflow/dags/tasks/recsys_data_sync.py took 0.325 seconds
[2025-11-17T23:25:29.271+0000] {processor.py:157} INFO - Started process (PID=6567) to work on /opt/airflow/dags/tasks/recsys_data_sync.py
[2025-11-17T23:25:29.272+0000] {processor.py:829} INFO - Processing file /opt/airflow/dags/tasks/recsys_data_sync.py for tasks to queue
[2025-11-17T23:25:29.272+0000] {logging_mixin.py:154} INFO - [2025-11-17T23:25:29.272+0000] {dagbag.py:536} INFO - Filling up the DagBag from /opt/airflow/dags/tasks/recsys_data_sync.py
[2025-11-17T23:25:29.613+0000] {processor.py:841} WARNING - No viable dags retrieved from /opt/airflow/dags/tasks/recsys_data_sync.py
[2025-11-17T23:25:29.622+0000] {processor.py:179} INFO - Processing /opt/airflow/dags/tasks/recsys_data_sync.py took 0.354 seconds
[2025-11-17T23:26:00.168+0000] {processor.py:157} INFO - Started process (PID=6632) to work on /opt/airflow/dags/tasks/recsys_data_sync.py
[2025-11-17T23:26:00.169+0000] {processor.py:829} INFO - Processing file /opt/airflow/dags/tasks/recsys_data_sync.py for tasks to queue
[2025-11-17T23:26:00.169+0000] {logging_mixin.py:154} INFO - [2025-11-17T23:26:00.169+0000] {dagbag.py:536} INFO - Filling up the DagBag from /opt/airflow/dags/tasks/recsys_data_sync.py
[2025-11-17T23:26:00.478+0000] {processor.py:841} WARNING - No viable dags retrieved from /opt/airflow/dags/tasks/recsys_data_sync.py
[2025-11-17T23:26:00.487+0000] {processor.py:179} INFO - Processing /opt/airflow/dags/tasks/recsys_data_sync.py took 0.321 seconds
[2025-11-17T23:44:39.272+0000] {processor.py:157} INFO - Started process (PID=6671) to work on /opt/airflow/dags/tasks/recsys_data_sync.py
[2025-11-17T23:44:39.272+0000] {processor.py:829} INFO - Processing file /opt/airflow/dags/tasks/recsys_data_sync.py for tasks to queue
[2025-11-17T23:44:39.274+0000] {logging_mixin.py:154} INFO - [2025-11-17T23:44:39.273+0000] {dagbag.py:536} INFO - Filling up the DagBag from /opt/airflow/dags/tasks/recsys_data_sync.py
[2025-11-17T23:44:41.001+0000] {processor.py:841} WARNING - No viable dags retrieved from /opt/airflow/dags/tasks/recsys_data_sync.py
[2025-11-17T23:44:41.012+0000] {processor.py:179} INFO - Processing /opt/airflow/dags/tasks/recsys_data_sync.py took 1.745 seconds
[2025-11-17T23:45:11.181+0000] {processor.py:157} INFO - Started process (PID=6721) to work on /opt/airflow/dags/tasks/recsys_data_sync.py
[2025-11-17T23:45:11.182+0000] {processor.py:829} INFO - Processing file /opt/airflow/dags/tasks/recsys_data_sync.py for tasks to queue
[2025-11-17T23:45:11.182+0000] {logging_mixin.py:154} INFO - [2025-11-17T23:45:11.182+0000] {dagbag.py:536} INFO - Filling up the DagBag from /opt/airflow/dags/tasks/recsys_data_sync.py
[2025-11-17T23:45:11.554+0000] {processor.py:841} WARNING - No viable dags retrieved from /opt/airflow/dags/tasks/recsys_data_sync.py
[2025-11-17T23:45:11.563+0000] {processor.py:179} INFO - Processing /opt/airflow/dags/tasks/recsys_data_sync.py took 0.386 seconds
[2025-11-17T23:45:42.388+0000] {processor.py:157} INFO - Started process (PID=6962) to work on /opt/airflow/dags/tasks/recsys_data_sync.py
[2025-11-17T23:45:42.389+0000] {processor.py:829} INFO - Processing file /opt/airflow/dags/tasks/recsys_data_sync.py for tasks to queue
[2025-11-17T23:45:42.390+0000] {logging_mixin.py:154} INFO - [2025-11-17T23:45:42.389+0000] {dagbag.py:536} INFO - Filling up the DagBag from /opt/airflow/dags/tasks/recsys_data_sync.py
[2025-11-17T23:45:42.799+0000] {processor.py:841} WARNING - No viable dags retrieved from /opt/airflow/dags/tasks/recsys_data_sync.py
[2025-11-17T23:45:42.809+0000] {processor.py:179} INFO - Processing /opt/airflow/dags/tasks/recsys_data_sync.py took 0.425 seconds
[2025-11-17T23:46:12.871+0000] {processor.py:157} INFO - Started process (PID=7030) to work on /opt/airflow/dags/tasks/recsys_data_sync.py
[2025-11-17T23:46:12.872+0000] {processor.py:829} INFO - Processing file /opt/airflow/dags/tasks/recsys_data_sync.py for tasks to queue
[2025-11-17T23:46:12.872+0000] {logging_mixin.py:154} INFO - [2025-11-17T23:46:12.872+0000] {dagbag.py:536} INFO - Filling up the DagBag from /opt/airflow/dags/tasks/recsys_data_sync.py
[2025-11-17T23:46:13.213+0000] {processor.py:841} WARNING - No viable dags retrieved from /opt/airflow/dags/tasks/recsys_data_sync.py
[2025-11-17T23:46:13.222+0000] {processor.py:179} INFO - Processing /opt/airflow/dags/tasks/recsys_data_sync.py took 0.353 seconds
[2025-11-17T23:46:43.981+0000] {processor.py:157} INFO - Started process (PID=7096) to work on /opt/airflow/dags/tasks/recsys_data_sync.py
[2025-11-17T23:46:43.982+0000] {processor.py:829} INFO - Processing file /opt/airflow/dags/tasks/recsys_data_sync.py for tasks to queue
[2025-11-17T23:46:43.983+0000] {logging_mixin.py:154} INFO - [2025-11-17T23:46:43.983+0000] {dagbag.py:536} INFO - Filling up the DagBag from /opt/airflow/dags/tasks/recsys_data_sync.py
[2025-11-17T23:46:44.357+0000] {processor.py:841} WARNING - No viable dags retrieved from /opt/airflow/dags/tasks/recsys_data_sync.py
[2025-11-17T23:46:44.367+0000] {processor.py:179} INFO - Processing /opt/airflow/dags/tasks/recsys_data_sync.py took 0.389 seconds
[2025-11-17T23:47:15.181+0000] {processor.py:157} INFO - Started process (PID=7161) to work on /opt/airflow/dags/tasks/recsys_data_sync.py
[2025-11-17T23:47:15.181+0000] {processor.py:829} INFO - Processing file /opt/airflow/dags/tasks/recsys_data_sync.py for tasks to queue
[2025-11-17T23:47:15.182+0000] {logging_mixin.py:154} INFO - [2025-11-17T23:47:15.182+0000] {dagbag.py:536} INFO - Filling up the DagBag from /opt/airflow/dags/tasks/recsys_data_sync.py
[2025-11-17T23:47:15.479+0000] {processor.py:841} WARNING - No viable dags retrieved from /opt/airflow/dags/tasks/recsys_data_sync.py
[2025-11-17T23:47:15.488+0000] {processor.py:179} INFO - Processing /opt/airflow/dags/tasks/recsys_data_sync.py took 0.309 seconds
[2025-11-17T23:47:45.653+0000] {processor.py:157} INFO - Started process (PID=7226) to work on /opt/airflow/dags/tasks/recsys_data_sync.py
[2025-11-17T23:47:45.654+0000] {processor.py:829} INFO - Processing file /opt/airflow/dags/tasks/recsys_data_sync.py for tasks to queue
[2025-11-17T23:47:45.655+0000] {logging_mixin.py:154} INFO - [2025-11-17T23:47:45.655+0000] {dagbag.py:536} INFO - Filling up the DagBag from /opt/airflow/dags/tasks/recsys_data_sync.py
[2025-11-17T23:47:46.091+0000] {processor.py:841} WARNING - No viable dags retrieved from /opt/airflow/dags/tasks/recsys_data_sync.py
[2025-11-17T23:47:46.103+0000] {processor.py:179} INFO - Processing /opt/airflow/dags/tasks/recsys_data_sync.py took 0.453 seconds
[2025-11-17T23:48:34.079+0000] {processor.py:157} INFO - Started process (PID=179) to work on /opt/airflow/dags/tasks/recsys_data_sync.py
[2025-11-17T23:48:34.080+0000] {processor.py:829} INFO - Processing file /opt/airflow/dags/tasks/recsys_data_sync.py for tasks to queue
[2025-11-17T23:48:34.081+0000] {logging_mixin.py:154} INFO - [2025-11-17T23:48:34.080+0000] {dagbag.py:536} INFO - Filling up the DagBag from /opt/airflow/dags/tasks/recsys_data_sync.py
[2025-11-17T23:48:34.525+0000] {processor.py:841} WARNING - No viable dags retrieved from /opt/airflow/dags/tasks/recsys_data_sync.py
[2025-11-17T23:48:34.536+0000] {processor.py:179} INFO - Processing /opt/airflow/dags/tasks/recsys_data_sync.py took 0.460 seconds
[2025-11-17T23:49:04.777+0000] {processor.py:157} INFO - Started process (PID=242) to work on /opt/airflow/dags/tasks/recsys_data_sync.py
[2025-11-17T23:49:04.777+0000] {processor.py:829} INFO - Processing file /opt/airflow/dags/tasks/recsys_data_sync.py for tasks to queue
[2025-11-17T23:49:04.778+0000] {logging_mixin.py:154} INFO - [2025-11-17T23:49:04.778+0000] {dagbag.py:536} INFO - Filling up the DagBag from /opt/airflow/dags/tasks/recsys_data_sync.py
[2025-11-17T23:49:05.129+0000] {processor.py:841} WARNING - No viable dags retrieved from /opt/airflow/dags/tasks/recsys_data_sync.py
[2025-11-17T23:49:05.140+0000] {processor.py:179} INFO - Processing /opt/airflow/dags/tasks/recsys_data_sync.py took 0.366 seconds
[2025-11-17T23:49:35.308+0000] {processor.py:157} INFO - Started process (PID=322) to work on /opt/airflow/dags/tasks/recsys_data_sync.py
[2025-11-17T23:49:35.309+0000] {processor.py:829} INFO - Processing file /opt/airflow/dags/tasks/recsys_data_sync.py for tasks to queue
[2025-11-17T23:49:35.309+0000] {logging_mixin.py:154} INFO - [2025-11-17T23:49:35.309+0000] {dagbag.py:536} INFO - Filling up the DagBag from /opt/airflow/dags/tasks/recsys_data_sync.py
[2025-11-17T23:49:35.636+0000] {processor.py:841} WARNING - No viable dags retrieved from /opt/airflow/dags/tasks/recsys_data_sync.py
[2025-11-17T23:49:35.646+0000] {processor.py:179} INFO - Processing /opt/airflow/dags/tasks/recsys_data_sync.py took 0.341 seconds
[2025-11-17T23:50:05.739+0000] {processor.py:157} INFO - Started process (PID=381) to work on /opt/airflow/dags/tasks/recsys_data_sync.py
[2025-11-17T23:50:05.740+0000] {processor.py:829} INFO - Processing file /opt/airflow/dags/tasks/recsys_data_sync.py for tasks to queue
[2025-11-17T23:50:05.740+0000] {logging_mixin.py:154} INFO - [2025-11-17T23:50:05.740+0000] {dagbag.py:536} INFO - Filling up the DagBag from /opt/airflow/dags/tasks/recsys_data_sync.py
[2025-11-17T23:50:06.081+0000] {processor.py:841} WARNING - No viable dags retrieved from /opt/airflow/dags/tasks/recsys_data_sync.py
[2025-11-17T23:50:06.091+0000] {processor.py:179} INFO - Processing /opt/airflow/dags/tasks/recsys_data_sync.py took 0.355 seconds
[2025-11-17T23:50:36.496+0000] {processor.py:157} INFO - Started process (PID=443) to work on /opt/airflow/dags/tasks/recsys_data_sync.py
[2025-11-17T23:50:36.497+0000] {processor.py:829} INFO - Processing file /opt/airflow/dags/tasks/recsys_data_sync.py for tasks to queue
[2025-11-17T23:50:36.497+0000] {logging_mixin.py:154} INFO - [2025-11-17T23:50:36.497+0000] {dagbag.py:536} INFO - Filling up the DagBag from /opt/airflow/dags/tasks/recsys_data_sync.py
[2025-11-17T23:50:36.916+0000] {processor.py:841} WARNING - No viable dags retrieved from /opt/airflow/dags/tasks/recsys_data_sync.py
[2025-11-17T23:50:36.927+0000] {processor.py:179} INFO - Processing /opt/airflow/dags/tasks/recsys_data_sync.py took 0.434 seconds
[2025-11-17T23:51:07.811+0000] {processor.py:157} INFO - Started process (PID=508) to work on /opt/airflow/dags/tasks/recsys_data_sync.py
[2025-11-17T23:51:07.812+0000] {processor.py:829} INFO - Processing file /opt/airflow/dags/tasks/recsys_data_sync.py for tasks to queue
[2025-11-17T23:51:07.812+0000] {logging_mixin.py:154} INFO - [2025-11-17T23:51:07.812+0000] {dagbag.py:536} INFO - Filling up the DagBag from /opt/airflow/dags/tasks/recsys_data_sync.py
[2025-11-17T23:51:08.158+0000] {processor.py:841} WARNING - No viable dags retrieved from /opt/airflow/dags/tasks/recsys_data_sync.py
[2025-11-17T23:51:08.167+0000] {processor.py:179} INFO - Processing /opt/airflow/dags/tasks/recsys_data_sync.py took 0.359 seconds
[2025-11-17T23:51:38.456+0000] {processor.py:157} INFO - Started process (PID=735) to work on /opt/airflow/dags/tasks/recsys_data_sync.py
[2025-11-17T23:51:38.457+0000] {processor.py:829} INFO - Processing file /opt/airflow/dags/tasks/recsys_data_sync.py for tasks to queue
[2025-11-17T23:51:38.458+0000] {logging_mixin.py:154} INFO - [2025-11-17T23:51:38.458+0000] {dagbag.py:536} INFO - Filling up the DagBag from /opt/airflow/dags/tasks/recsys_data_sync.py
[2025-11-17T23:51:38.984+0000] {processor.py:841} WARNING - No viable dags retrieved from /opt/airflow/dags/tasks/recsys_data_sync.py
[2025-11-17T23:51:39.012+0000] {processor.py:179} INFO - Processing /opt/airflow/dags/tasks/recsys_data_sync.py took 0.562 seconds
[2025-11-17T23:52:09.557+0000] {processor.py:157} INFO - Started process (PID=829) to work on /opt/airflow/dags/tasks/recsys_data_sync.py
[2025-11-17T23:52:09.558+0000] {processor.py:829} INFO - Processing file /opt/airflow/dags/tasks/recsys_data_sync.py for tasks to queue
[2025-11-17T23:52:09.559+0000] {logging_mixin.py:154} INFO - [2025-11-17T23:52:09.558+0000] {dagbag.py:536} INFO - Filling up the DagBag from /opt/airflow/dags/tasks/recsys_data_sync.py
[2025-11-17T23:52:09.914+0000] {processor.py:841} WARNING - No viable dags retrieved from /opt/airflow/dags/tasks/recsys_data_sync.py
[2025-11-17T23:52:09.924+0000] {processor.py:179} INFO - Processing /opt/airflow/dags/tasks/recsys_data_sync.py took 0.369 seconds
[2025-11-17T23:52:40.836+0000] {processor.py:157} INFO - Started process (PID=970) to work on /opt/airflow/dags/tasks/recsys_data_sync.py
[2025-11-17T23:52:40.836+0000] {processor.py:829} INFO - Processing file /opt/airflow/dags/tasks/recsys_data_sync.py for tasks to queue
[2025-11-17T23:52:40.837+0000] {logging_mixin.py:154} INFO - [2025-11-17T23:52:40.837+0000] {dagbag.py:536} INFO - Filling up the DagBag from /opt/airflow/dags/tasks/recsys_data_sync.py
[2025-11-17T23:52:41.154+0000] {processor.py:841} WARNING - No viable dags retrieved from /opt/airflow/dags/tasks/recsys_data_sync.py
[2025-11-17T23:52:41.162+0000] {processor.py:179} INFO - Processing /opt/airflow/dags/tasks/recsys_data_sync.py took 0.329 seconds
[2025-11-17T23:53:12.149+0000] {processor.py:157} INFO - Started process (PID=1035) to work on /opt/airflow/dags/tasks/recsys_data_sync.py
[2025-11-17T23:53:12.149+0000] {processor.py:829} INFO - Processing file /opt/airflow/dags/tasks/recsys_data_sync.py for tasks to queue
[2025-11-17T23:53:12.150+0000] {logging_mixin.py:154} INFO - [2025-11-17T23:53:12.150+0000] {dagbag.py:536} INFO - Filling up the DagBag from /opt/airflow/dags/tasks/recsys_data_sync.py
[2025-11-17T23:53:12.465+0000] {processor.py:841} WARNING - No viable dags retrieved from /opt/airflow/dags/tasks/recsys_data_sync.py
[2025-11-17T23:53:12.474+0000] {processor.py:179} INFO - Processing /opt/airflow/dags/tasks/recsys_data_sync.py took 0.327 seconds
[2025-11-17T23:53:42.726+0000] {processor.py:157} INFO - Started process (PID=1100) to work on /opt/airflow/dags/tasks/recsys_data_sync.py
[2025-11-17T23:53:42.727+0000] {processor.py:829} INFO - Processing file /opt/airflow/dags/tasks/recsys_data_sync.py for tasks to queue
[2025-11-17T23:53:42.727+0000] {logging_mixin.py:154} INFO - [2025-11-17T23:53:42.727+0000] {dagbag.py:536} INFO - Filling up the DagBag from /opt/airflow/dags/tasks/recsys_data_sync.py
[2025-11-17T23:53:43.029+0000] {processor.py:841} WARNING - No viable dags retrieved from /opt/airflow/dags/tasks/recsys_data_sync.py
[2025-11-17T23:53:43.036+0000] {processor.py:179} INFO - Processing /opt/airflow/dags/tasks/recsys_data_sync.py took 0.313 seconds
[2025-11-17T23:54:13.346+0000] {processor.py:157} INFO - Started process (PID=1158) to work on /opt/airflow/dags/tasks/recsys_data_sync.py
[2025-11-17T23:54:13.347+0000] {processor.py:829} INFO - Processing file /opt/airflow/dags/tasks/recsys_data_sync.py for tasks to queue
[2025-11-17T23:54:13.348+0000] {logging_mixin.py:154} INFO - [2025-11-17T23:54:13.347+0000] {dagbag.py:536} INFO - Filling up the DagBag from /opt/airflow/dags/tasks/recsys_data_sync.py
[2025-11-17T23:54:13.644+0000] {processor.py:841} WARNING - No viable dags retrieved from /opt/airflow/dags/tasks/recsys_data_sync.py
[2025-11-17T23:54:13.652+0000] {processor.py:179} INFO - Processing /opt/airflow/dags/tasks/recsys_data_sync.py took 0.309 seconds
[2025-11-17T23:54:43.915+0000] {processor.py:157} INFO - Started process (PID=1223) to work on /opt/airflow/dags/tasks/recsys_data_sync.py
[2025-11-17T23:54:43.915+0000] {processor.py:829} INFO - Processing file /opt/airflow/dags/tasks/recsys_data_sync.py for tasks to queue
[2025-11-17T23:54:43.916+0000] {logging_mixin.py:154} INFO - [2025-11-17T23:54:43.915+0000] {dagbag.py:536} INFO - Filling up the DagBag from /opt/airflow/dags/tasks/recsys_data_sync.py
[2025-11-17T23:54:44.236+0000] {processor.py:841} WARNING - No viable dags retrieved from /opt/airflow/dags/tasks/recsys_data_sync.py
[2025-11-17T23:54:44.244+0000] {processor.py:179} INFO - Processing /opt/airflow/dags/tasks/recsys_data_sync.py took 0.332 seconds
[2025-11-17T23:55:15.066+0000] {processor.py:157} INFO - Started process (PID=1289) to work on /opt/airflow/dags/tasks/recsys_data_sync.py
[2025-11-17T23:55:15.067+0000] {processor.py:829} INFO - Processing file /opt/airflow/dags/tasks/recsys_data_sync.py for tasks to queue
[2025-11-17T23:55:15.068+0000] {logging_mixin.py:154} INFO - [2025-11-17T23:55:15.068+0000] {dagbag.py:536} INFO - Filling up the DagBag from /opt/airflow/dags/tasks/recsys_data_sync.py
[2025-11-17T23:55:15.490+0000] {processor.py:841} WARNING - No viable dags retrieved from /opt/airflow/dags/tasks/recsys_data_sync.py
[2025-11-17T23:55:15.499+0000] {processor.py:179} INFO - Processing /opt/airflow/dags/tasks/recsys_data_sync.py took 0.436 seconds
[2025-11-17T23:55:46.226+0000] {processor.py:157} INFO - Started process (PID=1354) to work on /opt/airflow/dags/tasks/recsys_data_sync.py
[2025-11-17T23:55:46.227+0000] {processor.py:829} INFO - Processing file /opt/airflow/dags/tasks/recsys_data_sync.py for tasks to queue
[2025-11-17T23:55:46.227+0000] {logging_mixin.py:154} INFO - [2025-11-17T23:55:46.227+0000] {dagbag.py:536} INFO - Filling up the DagBag from /opt/airflow/dags/tasks/recsys_data_sync.py
[2025-11-17T23:55:46.574+0000] {processor.py:841} WARNING - No viable dags retrieved from /opt/airflow/dags/tasks/recsys_data_sync.py
[2025-11-17T23:55:46.584+0000] {processor.py:179} INFO - Processing /opt/airflow/dags/tasks/recsys_data_sync.py took 0.360 seconds
[2025-11-17T23:56:16.809+0000] {processor.py:157} INFO - Started process (PID=1419) to work on /opt/airflow/dags/tasks/recsys_data_sync.py
[2025-11-17T23:56:16.809+0000] {processor.py:829} INFO - Processing file /opt/airflow/dags/tasks/recsys_data_sync.py for tasks to queue
[2025-11-17T23:56:16.810+0000] {logging_mixin.py:154} INFO - [2025-11-17T23:56:16.809+0000] {dagbag.py:536} INFO - Filling up the DagBag from /opt/airflow/dags/tasks/recsys_data_sync.py
[2025-11-17T23:56:17.207+0000] {processor.py:841} WARNING - No viable dags retrieved from /opt/airflow/dags/tasks/recsys_data_sync.py
[2025-11-17T23:56:17.215+0000] {processor.py:179} INFO - Processing /opt/airflow/dags/tasks/recsys_data_sync.py took 0.409 seconds
