[2025-10-28T00:24:25.364+0000] {manager.py:487} INFO - Processing files using up to 1 processes at a time 
[2025-10-28T00:24:25.364+0000] {manager.py:488} INFO - Process each file at most once every 30 seconds
[2025-10-28T00:24:25.367+0000] {manager.py:489} INFO - Checking for new files in /opt/airflow/dags every 300 seconds
[2025-10-28T00:24:25.370+0000] {manager.py:755} INFO - Searching for files in /opt/airflow/dags
[2025-10-28T00:24:25.375+0000] {manager.py:758} INFO - There are 3 files in /opt/airflow/dags
[2025-10-28T00:24:26.136+0000] {manager.py:887} INFO - 
================================================================================
DAG File Processing Stats

File Path                              PID    Runtime      # DAGs    # Errors  Last Runtime    Last Run
-------------------------------------  -----  ---------  --------  ----------  --------------  -------------------
/opt/airflow/dags/hiring_functions.py                           0           0
/opt/airflow/dags/dag_lineal.py                                 0           0
/opt/airflow/dags/dag_dynamic.py                                1           0  0.72s           2025-10-28T00:24:26
================================================================================
[2025-10-28T00:24:57.363+0000] {manager.py:887} INFO - 
================================================================================
DAG File Processing Stats

File Path                              PID    Runtime      # DAGs    # Errors  Last Runtime    Last Run
-------------------------------------  -----  ---------  --------  ----------  --------------  -------------------
/opt/airflow/dags/hiring_functions.py                           0           0  0.92s           2025-10-28T00:24:30
/opt/airflow/dags/dag_dynamic.py                                1           0  0.74s           2025-10-28T00:24:57
/opt/airflow/dags/dag_lineal.py                                 1           0  0.92s           2025-10-28T00:24:28
================================================================================
[2025-10-28T00:25:28.641+0000] {manager.py:887} INFO - 
================================================================================
DAG File Processing Stats

File Path                              PID    Runtime      # DAGs    # Errors  Last Runtime    Last Run
-------------------------------------  -----  ---------  --------  ----------  --------------  -------------------
/opt/airflow/dags/hiring_functions.py                           0           0  0.73s           2025-10-28T00:25:01
/opt/airflow/dags/dag_dynamic.py                                1           0  0.94s           2025-10-28T00:25:28
/opt/airflow/dags/dag_lineal.py                                 1           0  0.62s           2025-10-28T00:24:59
================================================================================
[2025-10-28T00:25:59.451+0000] {manager.py:487} INFO - Processing files using up to 1 processes at a time 
[2025-10-28T00:25:59.452+0000] {manager.py:488} INFO - Process each file at most once every 30 seconds
[2025-10-28T00:25:59.455+0000] {manager.py:489} INFO - Checking for new files in /opt/airflow/dags every 300 seconds
[2025-10-28T00:25:59.456+0000] {manager.py:755} INFO - Searching for files in /opt/airflow/dags
[2025-10-28T00:25:59.462+0000] {manager.py:758} INFO - There are 3 files in /opt/airflow/dags
[2025-10-28T00:26:00.208+0000] {manager.py:887} INFO - 
================================================================================
DAG File Processing Stats

File Path                              PID    Runtime      # DAGs    # Errors  Last Runtime    Last Run
-------------------------------------  -----  ---------  --------  ----------  --------------  -------------------
/opt/airflow/dags/hiring_functions.py                           0           0
/opt/airflow/dags/dag_lineal.py                                 0           0
/opt/airflow/dags/dag_dynamic.py                                1           0  0.71s           2025-10-28T00:26:00
================================================================================
[2025-10-28T00:26:31.582+0000] {manager.py:887} INFO - 
================================================================================
DAG File Processing Stats

File Path                              PID    Runtime      # DAGs    # Errors  Last Runtime    Last Run
-------------------------------------  -----  ---------  --------  ----------  --------------  -------------------
/opt/airflow/dags/hiring_functions.py                           0           0  0.62s           2025-10-28T00:26:03
/opt/airflow/dags/dag_dynamic.py                                1           0  0.95s           2025-10-28T00:26:31
/opt/airflow/dags/dag_lineal.py                                 1           0  0.81s           2025-10-28T00:26:02
================================================================================
[2025-10-28T00:27:02.830+0000] {manager.py:887} INFO - 
================================================================================
DAG File Processing Stats

File Path                              PID    Runtime      # DAGs    # Errors  Last Runtime    Last Run
-------------------------------------  -----  ---------  --------  ----------  --------------  -------------------
/opt/airflow/dags/hiring_functions.py                           0           0  0.51s           2025-10-28T00:26:34
/opt/airflow/dags/dag_dynamic.py                                1           0  0.81s           2025-10-28T00:27:02
/opt/airflow/dags/dag_lineal.py                                 1           0  0.52s           2025-10-28T00:26:33
================================================================================
[2025-10-28T00:27:34.674+0000] {manager.py:887} INFO - 
================================================================================
DAG File Processing Stats

File Path                              PID    Runtime      # DAGs    # Errors  Last Runtime    Last Run
-------------------------------------  -----  ---------  --------  ----------  --------------  -------------------
/opt/airflow/dags/hiring_functions.py                           0           0  0.51s           2025-10-28T00:27:05
/opt/airflow/dags/dag_dynamic.py                                1           0  0.83s           2025-10-28T00:27:34
/opt/airflow/dags/dag_lineal.py                                 1           0  0.61s           2025-10-28T00:27:04
================================================================================
[2025-10-28T00:28:06.358+0000] {manager.py:887} INFO - 
================================================================================
DAG File Processing Stats

File Path                              PID    Runtime      # DAGs    # Errors  Last Runtime    Last Run
-------------------------------------  -----  ---------  --------  ----------  --------------  -------------------
/opt/airflow/dags/hiring_functions.py                           0           0  0.51s           2025-10-28T00:27:37
/opt/airflow/dags/dag_dynamic.py                                1           0  0.73s           2025-10-28T00:28:06
/opt/airflow/dags/dag_lineal.py                                 1           0  0.51s           2025-10-28T00:27:36
================================================================================
[2025-10-28T00:28:40.234+0000] {manager.py:887} INFO - 
================================================================================
DAG File Processing Stats

File Path                              PID    Runtime      # DAGs    # Errors  Last Runtime    Last Run
-------------------------------------  -----  ---------  --------  ----------  --------------  -------------------
/opt/airflow/dags/hiring_functions.py                           0           0  0.73s           2025-10-28T00:28:08
/opt/airflow/dags/dag_dynamic.py                                1           0  3.00s           2025-10-28T00:28:40
/opt/airflow/dags/dag_lineal.py                                 1           0  0.51s           2025-10-28T00:28:06
================================================================================
[2025-10-28T00:29:11.239+0000] {manager.py:887} INFO - 
================================================================================
DAG File Processing Stats

File Path                              PID    Runtime      # DAGs    # Errors  Last Runtime    Last Run
-------------------------------------  -----  ---------  --------  ----------  --------------  -------------------
/opt/airflow/dags/hiring_functions.py                           0           0  0.62s           2025-10-28T00:28:44
/opt/airflow/dags/dag_dynamic.py                                1           0  0.85s           2025-10-28T00:29:11
/opt/airflow/dags/dag_lineal.py                                 1           0  1.23s           2025-10-28T00:28:42
================================================================================
[2025-10-28T00:29:42.194+0000] {manager.py:887} INFO - 
================================================================================
DAG File Processing Stats

File Path                              PID    Runtime      # DAGs    # Errors  Last Runtime    Last Run
-------------------------------------  -----  ---------  --------  ----------  --------------  -------------------
/opt/airflow/dags/hiring_functions.py                           0           0  0.62s           2025-10-28T00:29:15
/opt/airflow/dags/dag_dynamic.py                                1           0  0.83s           2025-10-28T00:29:42
/opt/airflow/dags/dag_lineal.py                                 1           0  0.62s           2025-10-28T00:29:13
================================================================================
[2025-10-28T00:30:13.154+0000] {manager.py:887} INFO - 
================================================================================
DAG File Processing Stats

File Path                              PID    Runtime      # DAGs    # Errors  Last Runtime    Last Run
-------------------------------------  -----  ---------  --------  ----------  --------------  -------------------
/opt/airflow/dags/hiring_functions.py                           0           0  0.51s           2025-10-28T00:29:46
/opt/airflow/dags/dag_dynamic.py                                1           0  0.85s           2025-10-28T00:30:13
/opt/airflow/dags/dag_lineal.py                                 1           0  0.62s           2025-10-28T00:29:44
================================================================================
[2025-10-28T00:30:44.031+0000] {manager.py:887} INFO - 
================================================================================
DAG File Processing Stats

File Path                              PID    Runtime      # DAGs    # Errors  Last Runtime    Last Run
-------------------------------------  -----  ---------  --------  ----------  --------------  -------------------
/opt/airflow/dags/hiring_functions.py                           0           0  0.51s           2025-10-28T00:30:16
/opt/airflow/dags/dag_dynamic.py                                1           0  0.73s           2025-10-28T00:30:44
/opt/airflow/dags/dag_lineal.py                                 1           0  0.51s           2025-10-28T00:30:15
================================================================================
[2025-10-28T00:30:59.463+0000] {manager.py:755} INFO - Searching for files in /opt/airflow/dags
[2025-10-28T00:30:59.478+0000] {manager.py:758} INFO - There are 3 files in /opt/airflow/dags
[2025-10-28T00:31:15.017+0000] {manager.py:887} INFO - 
================================================================================
DAG File Processing Stats

File Path                              PID    Runtime      # DAGs    # Errors  Last Runtime    Last Run
-------------------------------------  -----  ---------  --------  ----------  --------------  -------------------
/opt/airflow/dags/hiring_functions.py                           0           0  0.62s           2025-10-28T00:30:47
/opt/airflow/dags/dag_dynamic.py                                1           0  0.84s           2025-10-28T00:31:15
/opt/airflow/dags/dag_lineal.py                                 1           0  0.62s           2025-10-28T00:30:46
================================================================================
[2025-10-28T00:31:45.903+0000] {manager.py:887} INFO - 
================================================================================
DAG File Processing Stats

File Path                              PID    Runtime      # DAGs    # Errors  Last Runtime    Last Run
-------------------------------------  -----  ---------  --------  ----------  --------------  -------------------
/opt/airflow/dags/hiring_functions.py                           0           0  0.52s           2025-10-28T00:31:19
/opt/airflow/dags/dag_dynamic.py                                1           0  0.73s           2025-10-28T00:31:45
/opt/airflow/dags/dag_lineal.py                                 1           0  0.51s           2025-10-28T00:31:17
================================================================================
[2025-10-28T00:32:16.797+0000] {manager.py:887} INFO - 
================================================================================
DAG File Processing Stats

File Path                              PID    Runtime      # DAGs    # Errors  Last Runtime    Last Run
-------------------------------------  -----  ---------  --------  ----------  --------------  -------------------
/opt/airflow/dags/hiring_functions.py                           0           0  0.51s           2025-10-28T00:31:49
/opt/airflow/dags/dag_dynamic.py                                1           0  0.74s           2025-10-28T00:32:16
/opt/airflow/dags/dag_lineal.py                                 1           0  0.51s           2025-10-28T00:31:48
================================================================================
[2025-10-28T00:32:47.675+0000] {manager.py:887} INFO - 
================================================================================
DAG File Processing Stats

File Path                              PID    Runtime      # DAGs    # Errors  Last Runtime    Last Run
-------------------------------------  -----  ---------  --------  ----------  --------------  -------------------
/opt/airflow/dags/hiring_functions.py                           0           0  0.52s           2025-10-28T00:32:20
/opt/airflow/dags/dag_dynamic.py                                1           0  0.72s           2025-10-28T00:32:47
/opt/airflow/dags/dag_lineal.py                                 1           0  0.51s           2025-10-28T00:32:18
================================================================================
[2025-10-28T00:33:18.677+0000] {manager.py:887} INFO - 
================================================================================
DAG File Processing Stats

File Path                              PID    Runtime      # DAGs    # Errors  Last Runtime    Last Run
-------------------------------------  -----  ---------  --------  ----------  --------------  -------------------
/opt/airflow/dags/hiring_functions.py                           0           0  0.51s           2025-10-28T00:32:50
/opt/airflow/dags/dag_dynamic.py                                1           0  0.84s           2025-10-28T00:33:18
/opt/airflow/dags/dag_lineal.py                                 1           0  0.51s           2025-10-28T00:32:49
================================================================================
[2025-10-28T00:33:49.562+0000] {manager.py:887} INFO - 
================================================================================
DAG File Processing Stats

File Path                              PID    Runtime      # DAGs    # Errors  Last Runtime    Last Run
-------------------------------------  -----  ---------  --------  ----------  --------------  -------------------
/opt/airflow/dags/hiring_functions.py                           0           0  0.52s           2025-10-28T00:33:21
/opt/airflow/dags/dag_dynamic.py                                1           0  0.72s           2025-10-28T00:33:49
/opt/airflow/dags/dag_lineal.py                                 1           0  0.51s           2025-10-28T00:33:19
================================================================================
[2025-10-28T00:34:20.324+0000] {manager.py:887} INFO - 
================================================================================
DAG File Processing Stats

File Path                              PID    Runtime      # DAGs    # Errors  Last Runtime    Last Run
-------------------------------------  -----  ---------  --------  ----------  --------------  -------------------
/opt/airflow/dags/hiring_functions.py                           0           0  0.52s           2025-10-28T00:33:52
/opt/airflow/dags/dag_dynamic.py                                1           0  0.62s           2025-10-28T00:34:20
/opt/airflow/dags/dag_lineal.py                                 1           0  0.51s           2025-10-28T00:33:50
================================================================================
[2025-10-28T00:34:51.185+0000] {manager.py:887} INFO - 
================================================================================
DAG File Processing Stats

File Path                              PID    Runtime      # DAGs    # Errors  Last Runtime    Last Run
-------------------------------------  -----  ---------  --------  ----------  --------------  -------------------
/opt/airflow/dags/hiring_functions.py                           0           0  0.51s           2025-10-28T00:34:22
/opt/airflow/dags/dag_dynamic.py                                1           0  0.72s           2025-10-28T00:34:51
/opt/airflow/dags/dag_lineal.py                                 1           0  0.52s           2025-10-28T00:34:21
================================================================================
[2025-10-28T00:35:22.064+0000] {manager.py:887} INFO - 
================================================================================
DAG File Processing Stats

File Path                              PID    Runtime      # DAGs    # Errors  Last Runtime    Last Run
-------------------------------------  -----  ---------  --------  ----------  --------------  -------------------
/opt/airflow/dags/hiring_functions.py                           0           0  0.52s           2025-10-28T00:34:53
/opt/airflow/dags/dag_dynamic.py                                1           0  0.73s           2025-10-28T00:35:22
/opt/airflow/dags/dag_lineal.py                                 1           0  0.51s           2025-10-28T00:34:51
================================================================================
[2025-10-28T00:35:52.903+0000] {manager.py:887} INFO - 
================================================================================
DAG File Processing Stats

File Path                              PID    Runtime      # DAGs    # Errors  Last Runtime    Last Run
-------------------------------------  -----  ---------  --------  ----------  --------------  -------------------
/opt/airflow/dags/hiring_functions.py                           0           0  0.52s           2025-10-28T00:35:25
/opt/airflow/dags/dag_dynamic.py                                1           0  0.74s           2025-10-28T00:35:52
/opt/airflow/dags/dag_lineal.py                                 1           0  0.62s           2025-10-28T00:35:23
================================================================================
[2025-10-28T00:35:59.527+0000] {manager.py:755} INFO - Searching for files in /opt/airflow/dags
[2025-10-28T00:35:59.541+0000] {manager.py:758} INFO - There are 3 files in /opt/airflow/dags
[2025-10-28T00:36:23.754+0000] {manager.py:887} INFO - 
================================================================================
DAG File Processing Stats

File Path                              PID    Runtime      # DAGs    # Errors  Last Runtime    Last Run
-------------------------------------  -----  ---------  --------  ----------  --------------  -------------------
/opt/airflow/dags/hiring_functions.py                           0           0  0.52s           2025-10-28T00:35:56
/opt/airflow/dags/dag_dynamic.py                                1           0  0.73s           2025-10-28T00:36:23
/opt/airflow/dags/dag_lineal.py                                 1           0  0.51s           2025-10-28T00:35:54
================================================================================
[2025-10-28T00:36:54.677+0000] {manager.py:887} INFO - 
================================================================================
DAG File Processing Stats

File Path                              PID    Runtime      # DAGs    # Errors  Last Runtime    Last Run
-------------------------------------  -----  ---------  --------  ----------  --------------  -------------------
/opt/airflow/dags/hiring_functions.py                           0           0  0.51s           2025-10-28T00:36:26
/opt/airflow/dags/dag_dynamic.py                                1           0  0.83s           2025-10-28T00:36:54
/opt/airflow/dags/dag_lineal.py                                 1           0  0.62s           2025-10-28T00:36:25
================================================================================
[2025-10-28T00:37:25.632+0000] {manager.py:887} INFO - 
================================================================================
DAG File Processing Stats

File Path                              PID    Runtime      # DAGs    # Errors  Last Runtime    Last Run
-------------------------------------  -----  ---------  --------  ----------  --------------  -------------------
/opt/airflow/dags/hiring_functions.py                           0           0  0.51s           2025-10-28T00:36:57
/opt/airflow/dags/dag_dynamic.py                                1           0  0.85s           2025-10-28T00:37:25
/opt/airflow/dags/dag_lineal.py                                 1           0  0.62s           2025-10-28T00:36:56
================================================================================
[2025-10-28T00:37:57.078+0000] {manager.py:887} INFO - 
================================================================================
DAG File Processing Stats

File Path                              PID    Runtime      # DAGs    # Errors  Last Runtime    Last Run
-------------------------------------  -----  ---------  --------  ----------  --------------  -------------------
/opt/airflow/dags/hiring_functions.py                           0           0  0.52s           2025-10-28T00:37:28
/opt/airflow/dags/dag_dynamic.py                                1           0  1.29s           2025-10-28T00:37:57
/opt/airflow/dags/dag_lineal.py                                 1           0  0.51s           2025-10-28T00:37:27
================================================================================
[2025-10-28T00:39:04.148+0000] {manager.py:487} INFO - Processing files using up to 1 processes at a time 
[2025-10-28T00:39:04.149+0000] {manager.py:488} INFO - Process each file at most once every 30 seconds
[2025-10-28T00:39:04.152+0000] {manager.py:489} INFO - Checking for new files in /opt/airflow/dags every 300 seconds
[2025-10-28T00:39:04.153+0000] {manager.py:755} INFO - Searching for files in /opt/airflow/dags
[2025-10-28T00:39:04.164+0000] {manager.py:758} INFO - There are 3 files in /opt/airflow/dags
[2025-10-28T00:39:05.030+0000] {manager.py:887} INFO - 
================================================================================
DAG File Processing Stats

File Path                              PID    Runtime      # DAGs    # Errors  Last Runtime    Last Run
-------------------------------------  -----  ---------  --------  ----------  --------------  -------------------
/opt/airflow/dags/hiring_functions.py                           0           0
/opt/airflow/dags/dag_lineal.py                                 0           0
/opt/airflow/dags/dag_dynamic.py                                1           0  0.82s           2025-10-28T00:39:05
================================================================================
[2025-10-28T00:39:36.864+0000] {manager.py:887} INFO - 
================================================================================
DAG File Processing Stats

File Path                              PID    Runtime      # DAGs    # Errors  Last Runtime    Last Run
-------------------------------------  -----  ---------  --------  ----------  --------------  -------------------
/opt/airflow/dags/hiring_functions.py                           0           0  1.26s           2025-10-28T00:39:09
/opt/airflow/dags/dag_dynamic.py                                1           0  1.04s           2025-10-28T00:39:36
/opt/airflow/dags/dag_lineal.py                                 1           0  0.92s           2025-10-28T00:39:07
================================================================================
[2025-10-28T00:40:15.904+0000] {manager.py:887} INFO - 
================================================================================
DAG File Processing Stats

File Path                              PID    Runtime      # DAGs    # Errors  Last Runtime    Last Run
-------------------------------------  -----  ---------  --------  ----------  --------------  -------------------
/opt/airflow/dags/hiring_functions.py                           0           0  0.63s           2025-10-28T00:39:41
/opt/airflow/dags/dag_dynamic.py                                1           0  0.72s           2025-10-28T00:40:15
/opt/airflow/dags/dag_lineal.py                                 1           0  0.83s           2025-10-28T00:39:38
================================================================================
[2025-10-28T00:41:08.751+0000] {manager.py:887} INFO - 
================================================================================
DAG File Processing Stats

File Path                              PID    Runtime      # DAGs    # Errors  Last Runtime    Last Run
-------------------------------------  -----  ---------  --------  ----------  --------------  -------------------
/opt/airflow/dags/hiring_functions.py                           0           0  0.62s           2025-10-28T00:40:45
/opt/airflow/dags/dag_dynamic.py                                1           0  0.61s           2025-10-28T00:41:08
/opt/airflow/dags/dag_lineal.py                                 1           0  0.61s           2025-10-28T00:40:27
================================================================================
[2025-10-28T00:41:57.875+0000] {manager.py:887} INFO - 
================================================================================
DAG File Processing Stats

File Path                              PID    Runtime      # DAGs    # Errors  Last Runtime    Last Run
-------------------------------------  -----  ---------  --------  ----------  --------------  -------------------
/opt/airflow/dags/hiring_functions.py                           0           0  0.62s           2025-10-28T00:40:45
/opt/airflow/dags/dag_dynamic.py                                1           0  0.61s           2025-10-28T00:41:08
/opt/airflow/dags/dag_lineal.py                                 1           0  0.62s           2025-10-28T00:41:57
================================================================================
[2025-10-28T00:42:33.518+0000] {manager.py:887} INFO - 
================================================================================
DAG File Processing Stats

File Path                              PID    Runtime      # DAGs    # Errors  Last Runtime    Last Run
-------------------------------------  -----  ---------  --------  ----------  --------------  -------------------
/opt/airflow/dags/hiring_functions.py                           0           0  0.62s           2025-10-28T00:40:45
/opt/airflow/dags/dag_dynamic.py                                1           0  1.04s           2025-10-28T00:42:33
/opt/airflow/dags/dag_lineal.py                                 1           0  0.62s           2025-10-28T00:41:57
================================================================================
[2025-10-28T00:43:09.428+0000] {manager.py:887} INFO - 
================================================================================
DAG File Processing Stats

File Path                              PID    Runtime      # DAGs    # Errors  Last Runtime    Last Run
-------------------------------------  -----  ---------  --------  ----------  --------------  -------------------
/opt/airflow/dags/hiring_functions.py                           0           0  0.62s           2025-10-28T00:40:45
/opt/airflow/dags/dag_dynamic.py                                1           0  1.04s           2025-10-28T00:42:33
/opt/airflow/dags/dag_lineal.py                                 1           0  0.71s           2025-10-28T00:43:09
================================================================================
[2025-10-28T00:43:44.332+0000] {manager.py:887} INFO - 
================================================================================
DAG File Processing Stats

File Path                              PID    Runtime      # DAGs    # Errors  Last Runtime    Last Run
-------------------------------------  -----  ---------  --------  ----------  --------------  -------------------
/opt/airflow/dags/hiring_functions.py                           0           0  0.83s           2025-10-28T00:43:44
/opt/airflow/dags/dag_dynamic.py                                1           0  1.04s           2025-10-28T00:42:33
/opt/airflow/dags/dag_lineal.py                                 1           0  0.71s           2025-10-28T00:43:09
================================================================================
[2025-10-28T00:44:17.422+0000] {manager.py:755} INFO - Searching for files in /opt/airflow/dags
[2025-10-28T00:44:17.429+0000] {manager.py:758} INFO - There are 3 files in /opt/airflow/dags
[2025-10-28T00:44:18.157+0000] {manager.py:887} INFO - 
================================================================================
DAG File Processing Stats

File Path                              PID    Runtime      # DAGs    # Errors  Last Runtime    Last Run
-------------------------------------  -----  ---------  --------  ----------  --------------  -------------------
/opt/airflow/dags/hiring_functions.py                           0           0  0.83s           2025-10-28T00:43:44
/opt/airflow/dags/dag_dynamic.py                                1           0  0.72s           2025-10-28T00:44:18
/opt/airflow/dags/dag_lineal.py                                 1           0  0.71s           2025-10-28T00:43:09
================================================================================
[2025-10-28T00:44:48.439+0000] {manager.py:887} INFO - 
================================================================================
DAG File Processing Stats

File Path                              PID    Runtime      # DAGs    # Errors  Last Runtime    Last Run
-------------------------------------  -----  ---------  --------  ----------  --------------  -------------------
/opt/airflow/dags/hiring_functions.py                           0           0  0.83s           2025-10-28T00:43:44
/opt/airflow/dags/dag_dynamic.py                                1           0  0.72s           2025-10-28T00:44:18
/opt/airflow/dags/dag_lineal.py                                 1           0  0.72s           2025-10-28T00:44:48
================================================================================
[2025-10-28T00:45:42.184+0000] {manager.py:887} INFO - 
================================================================================
DAG File Processing Stats

File Path                              PID    Runtime      # DAGs    # Errors  Last Runtime    Last Run
-------------------------------------  -----  ---------  --------  ----------  --------------  -------------------
/opt/airflow/dags/hiring_functions.py                           0           0  0.72s           2025-10-28T00:45:13
/opt/airflow/dags/dag_dynamic.py                                1           0  1.26s           2025-10-28T00:45:42
/opt/airflow/dags/dag_lineal.py                                 1           0  0.72s           2025-10-28T00:44:48
================================================================================
[2025-10-28T00:46:28.081+0000] {manager.py:887} INFO - 
================================================================================
DAG File Processing Stats

File Path                              PID    Runtime      # DAGs    # Errors  Last Runtime    Last Run
-------------------------------------  -----  ---------  --------  ----------  --------------  -------------------
/opt/airflow/dags/hiring_functions.py                           0           0  0.72s           2025-10-28T00:45:13
/opt/airflow/dags/dag_dynamic.py                                1           0  0.63s           2025-10-28T00:46:28
/opt/airflow/dags/dag_lineal.py                                 1           0  0.61s           2025-10-28T00:46:10
================================================================================
[2025-10-28T00:46:59.855+0000] {manager.py:887} INFO - 
================================================================================
DAG File Processing Stats

File Path                              PID    Runtime      # DAGs    # Errors  Last Runtime    Last Run
-------------------------------------  -----  ---------  --------  ----------  --------------  -------------------
/opt/airflow/dags/hiring_functions.py                           0           0  0.61s           2025-10-28T00:46:33
/opt/airflow/dags/dag_dynamic.py                                1           0  0.72s           2025-10-28T00:46:59
/opt/airflow/dags/dag_lineal.py                                 1           0  0.62s           2025-10-28T00:46:53
================================================================================
[2025-10-28T00:47:31.350+0000] {manager.py:887} INFO - 
================================================================================
DAG File Processing Stats

File Path                              PID    Runtime      # DAGs    # Errors  Last Runtime    Last Run
-------------------------------------  -----  ---------  --------  ----------  --------------  -------------------
/opt/airflow/dags/hiring_functions.py                           0           0  0.72s           2025-10-28T00:47:04
/opt/airflow/dags/dag_dynamic.py                                1           0  0.84s           2025-10-28T00:47:31
/opt/airflow/dags/dag_lineal.py                                 1           0  0.84s           2025-10-28T00:47:25
================================================================================
[2025-10-28T00:48:02.403+0000] {manager.py:887} INFO - 
================================================================================
DAG File Processing Stats

File Path                              PID    Runtime      # DAGs    # Errors  Last Runtime    Last Run
-------------------------------------  -----  ---------  --------  ----------  --------------  -------------------
/opt/airflow/dags/hiring_functions.py                           0           0  0.85s           2025-10-28T00:47:36
/opt/airflow/dags/dag_dynamic.py                                1           0  0.94s           2025-10-28T00:48:02
/opt/airflow/dags/dag_lineal.py                                 1           0  0.62s           2025-10-28T00:47:56
================================================================================
[2025-10-28T00:48:33.442+0000] {manager.py:887} INFO - 
================================================================================
DAG File Processing Stats

File Path                              PID    Runtime      # DAGs    # Errors  Last Runtime    Last Run
-------------------------------------  -----  ---------  --------  ----------  --------------  -------------------
/opt/airflow/dags/hiring_functions.py                           0           0  0.97s           2025-10-28T00:48:08
/opt/airflow/dags/dag_dynamic.py                                1           0  0.62s           2025-10-28T00:48:33
/opt/airflow/dags/dag_lineal.py                                 1           0  0.82s           2025-10-28T00:48:27
================================================================================
[2025-10-28T00:49:04.505+0000] {manager.py:887} INFO - 
================================================================================
DAG File Processing Stats

File Path                              PID    Runtime      # DAGs    # Errors  Last Runtime    Last Run
-------------------------------------  -----  ---------  --------  ----------  --------------  -------------------
/opt/airflow/dags/hiring_functions.py                           0           0  0.74s           2025-10-28T00:48:39
/opt/airflow/dags/dag_dynamic.py                                1           0  0.94s           2025-10-28T00:49:04
/opt/airflow/dags/dag_lineal.py                                 1           0  0.83s           2025-10-28T00:48:59
================================================================================
[2025-10-28T00:49:18.459+0000] {manager.py:755} INFO - Searching for files in /opt/airflow/dags
[2025-10-28T00:49:18.481+0000] {manager.py:758} INFO - There are 3 files in /opt/airflow/dags
[2025-10-28T00:49:35.525+0000] {manager.py:887} INFO - 
================================================================================
DAG File Processing Stats

File Path                              PID    Runtime      # DAGs    # Errors  Last Runtime    Last Run
-------------------------------------  -----  ---------  --------  ----------  --------------  -------------------
/opt/airflow/dags/hiring_functions.py                           0           0  1.04s           2025-10-28T00:49:10
/opt/airflow/dags/dag_dynamic.py                                1           0  0.83s           2025-10-28T00:49:35
/opt/airflow/dags/dag_lineal.py                                 1           0  1.16s           2025-10-28T00:49:31
================================================================================
[2025-10-28T00:50:06.632+0000] {manager.py:887} INFO - 
================================================================================
DAG File Processing Stats

File Path                              PID    Runtime      # DAGs    # Errors  Last Runtime    Last Run
-------------------------------------  -----  ---------  --------  ----------  --------------  -------------------
/opt/airflow/dags/hiring_functions.py                           0           0  0.13s           2025-10-28T00:50:01
/opt/airflow/dags/dag_dynamic.py                                1           0  0.83s           2025-10-28T00:50:06
/opt/airflow/dags/dag_lineal.py                                 1           0  0.82s           2025-10-28T00:50:02
================================================================================
[2025-10-28T00:50:37.826+0000] {manager.py:887} INFO - 
================================================================================
DAG File Processing Stats

File Path                              PID    Runtime      # DAGs    # Errors  Last Runtime    Last Run
-------------------------------------  -----  ---------  --------  ----------  --------------  -------------------
/opt/airflow/dags/hiring_functions.py                           0           0  0.13s           2025-10-28T00:50:32
/opt/airflow/dags/dag_dynamic.py                                1           0  0.94s           2025-10-28T00:50:37
/opt/airflow/dags/dag_lineal.py                                 1           0  0.82s           2025-10-28T00:50:33
================================================================================
[2025-10-28T00:51:08.640+0000] {manager.py:887} INFO - 
================================================================================
DAG File Processing Stats

File Path                              PID    Runtime      # DAGs    # Errors  Last Runtime    Last Run
-------------------------------------  -----  ---------  --------  ----------  --------------  -------------------
/opt/airflow/dags/hiring_functions.py                           0           0  0.13s           2025-10-28T00:51:02
/opt/airflow/dags/dag_dynamic.py                                1           0  0.62s           2025-10-28T00:51:08
/opt/airflow/dags/dag_lineal.py                                 1           0  0.82s           2025-10-28T00:51:04
================================================================================
[2025-10-28T00:51:39.394+0000] {manager.py:887} INFO - 
================================================================================
DAG File Processing Stats

File Path                              PID    Runtime      # DAGs    # Errors  Last Runtime    Last Run
-------------------------------------  -----  ---------  --------  ----------  --------------  -------------------
/opt/airflow/dags/hiring_functions.py                           0           0  0.11s           2025-10-28T00:51:29
/opt/airflow/dags/dag_dynamic.py                                1           0  0.62s           2025-10-28T00:51:39
/opt/airflow/dags/dag_lineal.py                                 1           0  0.83s           2025-10-28T00:51:36
================================================================================
[2025-10-28T00:52:11.897+0000] {manager.py:887} INFO - 
================================================================================
DAG File Processing Stats

File Path                              PID    Runtime      # DAGs    # Errors  Last Runtime    Last Run
-------------------------------------  -----  ---------  --------  ----------  --------------  -------------------
/opt/airflow/dags/hiring_functions.py                           0           0  0.11s           2025-10-28T00:51:46
/opt/airflow/dags/dag_dynamic.py                                1           0  2.36s           2025-10-28T00:52:11
/opt/airflow/dags/dag_lineal.py                                 1           0  0.94s           2025-10-28T00:52:07
================================================================================
[2025-10-28T00:52:42.878+0000] {manager.py:887} INFO - 
================================================================================
DAG File Processing Stats

File Path                              PID    Runtime      # DAGs    # Errors  Last Runtime    Last Run
-------------------------------------  -----  ---------  --------  ----------  --------------  -------------------
/opt/airflow/dags/hiring_functions.py                           0           0  0.13s           2025-10-28T00:52:16
/opt/airflow/dags/dag_dynamic.py                                1           0  0.84s           2025-10-28T00:52:42
/opt/airflow/dags/dag_lineal.py                                 1           0  1.27s           2025-10-28T00:52:39
================================================================================
[2025-10-28T00:53:13.711+0000] {manager.py:887} INFO - 
================================================================================
DAG File Processing Stats

File Path                              PID    Runtime      # DAGs    # Errors  Last Runtime    Last Run
-------------------------------------  -----  ---------  --------  ----------  --------------  -------------------
/opt/airflow/dags/hiring_functions.py                           0           0  0.13s           2025-10-28T00:52:47
/opt/airflow/dags/dag_dynamic.py                                1           0  0.74s           2025-10-28T00:53:13
/opt/airflow/dags/dag_lineal.py                                 1           0  0.95s           2025-10-28T00:53:10
================================================================================
[2025-10-28T00:53:44.630+0000] {manager.py:887} INFO - 
================================================================================
DAG File Processing Stats

File Path                              PID    Runtime      # DAGs    # Errors  Last Runtime    Last Run
-------------------------------------  -----  ---------  --------  ----------  --------------  -------------------
/opt/airflow/dags/hiring_functions.py                           0           0  0.14s           2025-10-28T00:53:17
/opt/airflow/dags/dag_dynamic.py                                1           0  0.84s           2025-10-28T00:53:44
/opt/airflow/dags/dag_lineal.py                                 1           0  0.85s           2025-10-28T00:53:41
================================================================================
[2025-10-28T00:54:15.358+0000] {manager.py:887} INFO - 
================================================================================
DAG File Processing Stats

File Path                              PID    Runtime      # DAGs    # Errors  Last Runtime    Last Run
-------------------------------------  -----  ---------  --------  ----------  --------------  -------------------
/opt/airflow/dags/hiring_functions.py                           0           0  0.13s           2025-10-28T00:53:48
/opt/airflow/dags/dag_dynamic.py                                1           0  0.62s           2025-10-28T00:54:15
/opt/airflow/dags/dag_lineal.py                                 1           0  0.74s           2025-10-28T00:54:12
================================================================================
[2025-10-28T00:54:18.724+0000] {manager.py:755} INFO - Searching for files in /opt/airflow/dags
[2025-10-28T00:54:18.740+0000] {manager.py:758} INFO - There are 2 files in /opt/airflow/dags
[2025-10-28T00:54:46.098+0000] {manager.py:887} INFO - 
================================================================================
DAG File Processing Stats

File Path                         PID    Runtime      # DAGs    # Errors  Last Runtime    Last Run
--------------------------------  -----  ---------  --------  ----------  --------------  -------------------
/opt/airflow/dags/dag_dynamic.py                           1           0  0.62s           2025-10-28T00:54:46
/opt/airflow/dags/dag_lineal.py                            1           0  0.84s           2025-10-28T00:54:43
================================================================================
[2025-10-28T00:55:17.022+0000] {manager.py:887} INFO - 
================================================================================
DAG File Processing Stats

File Path                         PID    Runtime      # DAGs    # Errors  Last Runtime    Last Run
--------------------------------  -----  ---------  --------  ----------  --------------  -------------------
/opt/airflow/dags/dag_dynamic.py                           1           0  0.82s           2025-10-28T00:55:17
/opt/airflow/dags/dag_lineal.py                            1           0  0.72s           2025-10-28T00:55:14
================================================================================
[2025-10-28T00:55:47.645+0000] {manager.py:887} INFO - 
================================================================================
DAG File Processing Stats

File Path                         PID    Runtime      # DAGs    # Errors  Last Runtime    Last Run
--------------------------------  -----  ---------  --------  ----------  --------------  -------------------
/opt/airflow/dags/dag_dynamic.py                           1           0  0.52s           2025-10-28T00:55:47
/opt/airflow/dags/dag_lineal.py                            1           0  0.75s           2025-10-28T00:55:45
================================================================================
[2025-10-28T00:56:18.524+0000] {manager.py:887} INFO - 
================================================================================
DAG File Processing Stats

File Path                         PID    Runtime      # DAGs    # Errors  Last Runtime    Last Run
--------------------------------  -----  ---------  --------  ----------  --------------  -------------------
/opt/airflow/dags/dag_dynamic.py                           1           0  0.63s           2025-10-28T00:56:18
/opt/airflow/dags/dag_lineal.py                            1           0  0.74s           2025-10-28T00:56:16
================================================================================
[2025-10-28T00:56:49.163+0000] {manager.py:887} INFO - 
================================================================================
DAG File Processing Stats

File Path                         PID    Runtime      # DAGs    # Errors  Last Runtime    Last Run
--------------------------------  -----  ---------  --------  ----------  --------------  -------------------
/opt/airflow/dags/dag_dynamic.py                           1           0  0.51s           2025-10-28T00:56:49
/opt/airflow/dags/dag_lineal.py                            1           0  0.73s           2025-10-28T00:56:47
================================================================================
[2025-10-28T00:57:19.734+0000] {manager.py:887} INFO - 
================================================================================
DAG File Processing Stats

File Path                         PID    Runtime      # DAGs    # Errors  Last Runtime    Last Run
--------------------------------  -----  ---------  --------  ----------  --------------  -------------------
/opt/airflow/dags/dag_dynamic.py                           1           0  0.52s           2025-10-28T00:57:19
/opt/airflow/dags/dag_lineal.py                            1           0  0.73s           2025-10-28T00:57:19
================================================================================
[2025-10-28T00:57:50.140+0000] {manager.py:887} INFO - 
================================================================================
DAG File Processing Stats

File Path                         PID    Runtime      # DAGs    # Errors  Last Runtime    Last Run
--------------------------------  -----  ---------  --------  ----------  --------------  -------------------
/opt/airflow/dags/dag_dynamic.py                           1           0  0.52s           2025-10-28T00:57:19
/opt/airflow/dags/dag_lineal.py                            1           0  0.84s           2025-10-28T00:57:50
================================================================================
[2025-10-28T00:58:20.981+0000] {manager.py:887} INFO - 
================================================================================
DAG File Processing Stats

File Path                         PID    Runtime      # DAGs    # Errors  Last Runtime    Last Run
--------------------------------  -----  ---------  --------  ----------  --------------  -------------------
/opt/airflow/dags/dag_dynamic.py                           1           0  0.62s           2025-10-28T00:57:51
/opt/airflow/dags/dag_lineal.py                            1           0  0.74s           2025-10-28T00:58:20
================================================================================
[2025-10-28T00:58:51.928+0000] {manager.py:887} INFO - 
================================================================================
DAG File Processing Stats

File Path                         PID    Runtime      # DAGs    # Errors  Last Runtime    Last Run
--------------------------------  -----  ---------  --------  ----------  --------------  -------------------
/opt/airflow/dags/dag_dynamic.py                           1           0  0.51s           2025-10-28T00:58:22
/opt/airflow/dags/dag_lineal.py                            1           0  0.86s           2025-10-28T00:58:51
================================================================================
[2025-10-28T00:59:19.597+0000] {manager.py:755} INFO - Searching for files in /opt/airflow/dags
[2025-10-28T00:59:19.617+0000] {manager.py:758} INFO - There are 2 files in /opt/airflow/dags
[2025-10-28T00:59:22.764+0000] {manager.py:887} INFO - 
================================================================================
DAG File Processing Stats

File Path                         PID    Runtime      # DAGs    # Errors  Last Runtime    Last Run
--------------------------------  -----  ---------  --------  ----------  --------------  -------------------
/opt/airflow/dags/dag_dynamic.py                           1           0  0.52s           2025-10-28T00:58:53
/opt/airflow/dags/dag_lineal.py                            1           0  0.74s           2025-10-28T00:59:22
================================================================================
[2025-10-28T00:59:53.706+0000] {manager.py:887} INFO - 
================================================================================
DAG File Processing Stats

File Path                         PID    Runtime      # DAGs    # Errors  Last Runtime    Last Run
--------------------------------  -----  ---------  --------  ----------  --------------  -------------------
/opt/airflow/dags/dag_dynamic.py                           1           0  0.62s           2025-10-28T00:59:24
/opt/airflow/dags/dag_lineal.py                            1           0  0.84s           2025-10-28T00:59:53
================================================================================
[2025-10-28T01:00:24.541+0000] {manager.py:887} INFO - 
================================================================================
DAG File Processing Stats

File Path                         PID    Runtime      # DAGs    # Errors  Last Runtime    Last Run
--------------------------------  -----  ---------  --------  ----------  --------------  -------------------
/opt/airflow/dags/dag_dynamic.py                           1           0  0.73s           2025-10-28T00:59:55
/opt/airflow/dags/dag_lineal.py                            1           0  0.74s           2025-10-28T01:00:24
================================================================================
[2025-10-28T01:00:55.402+0000] {manager.py:887} INFO - 
================================================================================
DAG File Processing Stats

File Path                         PID    Runtime      # DAGs    # Errors  Last Runtime    Last Run
--------------------------------  -----  ---------  --------  ----------  --------------  -------------------
/opt/airflow/dags/dag_dynamic.py                           1           0  0.74s           2025-10-28T01:00:27
/opt/airflow/dags/dag_lineal.py                            1           0  0.74s           2025-10-28T01:00:55
================================================================================
[2025-10-28T01:01:26.353+0000] {manager.py:887} INFO - 
================================================================================
DAG File Processing Stats

File Path                         PID    Runtime      # DAGs    # Errors  Last Runtime    Last Run
--------------------------------  -----  ---------  --------  ----------  --------------  -------------------
/opt/airflow/dags/dag_dynamic.py                           1           0  0.73s           2025-10-28T01:00:58
/opt/airflow/dags/dag_lineal.py                            1           0  0.84s           2025-10-28T01:01:26
================================================================================
[2025-10-28T01:01:57.191+0000] {manager.py:887} INFO - 
================================================================================
DAG File Processing Stats

File Path                         PID    Runtime      # DAGs    # Errors  Last Runtime    Last Run
--------------------------------  -----  ---------  --------  ----------  --------------  -------------------
/opt/airflow/dags/dag_dynamic.py                           1           0  0.83s           2025-10-28T01:01:29
/opt/airflow/dags/dag_lineal.py                            1           0  0.74s           2025-10-28T01:01:57
================================================================================
[2025-10-28T01:02:28.035+0000] {manager.py:887} INFO - 
================================================================================
DAG File Processing Stats

File Path                         PID    Runtime      # DAGs    # Errors  Last Runtime    Last Run
--------------------------------  -----  ---------  --------  ----------  --------------  -------------------
/opt/airflow/dags/dag_dynamic.py                           1           0  0.82s           2025-10-28T01:02:01
/opt/airflow/dags/dag_lineal.py                            1           0  0.75s           2025-10-28T01:02:28
================================================================================
[2025-10-28T01:02:58.888+0000] {manager.py:887} INFO - 
================================================================================
DAG File Processing Stats

File Path                         PID    Runtime      # DAGs    # Errors  Last Runtime    Last Run
--------------------------------  -----  ---------  --------  ----------  --------------  -------------------
/opt/airflow/dags/dag_dynamic.py                           1           0  0.85s           2025-10-28T01:02:32
/opt/airflow/dags/dag_lineal.py                            1           0  0.74s           2025-10-28T01:02:58
================================================================================
[2025-10-28T01:03:30.033+0000] {manager.py:887} INFO - 
================================================================================
DAG File Processing Stats

File Path                         PID    Runtime      # DAGs    # Errors  Last Runtime    Last Run
--------------------------------  -----  ---------  --------  ----------  --------------  -------------------
/opt/airflow/dags/dag_dynamic.py                           1           0  1.05s           2025-10-28T01:03:03
/opt/airflow/dags/dag_lineal.py                            1           0  1.06s           2025-10-28T01:03:30
================================================================================
[2025-10-28T01:04:00.973+0000] {manager.py:887} INFO - 
================================================================================
DAG File Processing Stats

File Path                         PID    Runtime      # DAGs    # Errors  Last Runtime    Last Run
--------------------------------  -----  ---------  --------  ----------  --------------  -------------------
/opt/airflow/dags/dag_dynamic.py                           1           0  0.82s           2025-10-28T01:03:35
/opt/airflow/dags/dag_lineal.py                            1           0  0.82s           2025-10-28T01:04:00
================================================================================
[2025-10-28T01:04:19.656+0000] {manager.py:755} INFO - Searching for files in /opt/airflow/dags
[2025-10-28T01:04:19.678+0000] {manager.py:758} INFO - There are 2 files in /opt/airflow/dags
[2025-10-28T01:04:31.926+0000] {manager.py:887} INFO - 
================================================================================
DAG File Processing Stats

File Path                         PID    Runtime      # DAGs    # Errors  Last Runtime    Last Run
--------------------------------  -----  ---------  --------  ----------  --------------  -------------------
/opt/airflow/dags/dag_dynamic.py                           1           0  0.73s           2025-10-28T01:04:05
/opt/airflow/dags/dag_lineal.py                            1           0  0.83s           2025-10-28T01:04:31
================================================================================
[2025-10-28T01:05:03.014+0000] {manager.py:887} INFO - 
================================================================================
DAG File Processing Stats

File Path                         PID    Runtime      # DAGs    # Errors  Last Runtime    Last Run
--------------------------------  -----  ---------  --------  ----------  --------------  -------------------
/opt/airflow/dags/dag_dynamic.py                           1           0  0.53s           2025-10-28T01:04:36
/opt/airflow/dags/dag_lineal.py                            1           0  0.94s           2025-10-28T01:05:02
================================================================================
[2025-10-28T01:05:34.000+0000] {manager.py:887} INFO - 
================================================================================
DAG File Processing Stats

File Path                         PID    Runtime      # DAGs    # Errors  Last Runtime    Last Run
--------------------------------  -----  ---------  --------  ----------  --------------  -------------------
/opt/airflow/dags/dag_dynamic.py                           1           0  0.93s           2025-10-28T01:05:08
/opt/airflow/dags/dag_lineal.py                            1           0  0.85s           2025-10-28T01:05:33
================================================================================
[2025-10-28T01:06:04.950+0000] {manager.py:887} INFO - 
================================================================================
DAG File Processing Stats

File Path                         PID    Runtime      # DAGs    # Errors  Last Runtime    Last Run
--------------------------------  -----  ---------  --------  ----------  --------------  -------------------
/opt/airflow/dags/dag_dynamic.py                           1           0  0.84s           2025-10-28T01:05:39
/opt/airflow/dags/dag_lineal.py                            1           0  0.85s           2025-10-28T01:06:04
================================================================================
[2025-10-28T01:06:35.966+0000] {manager.py:887} INFO - 
================================================================================
DAG File Processing Stats

File Path                         PID    Runtime      # DAGs    # Errors  Last Runtime    Last Run
--------------------------------  -----  ---------  --------  ----------  --------------  -------------------
/opt/airflow/dags/dag_dynamic.py                           1           0  0.95s           2025-10-28T01:06:11
/opt/airflow/dags/dag_lineal.py                            1           0  0.95s           2025-10-28T01:06:35
================================================================================
[2025-10-28T01:07:06.912+0000] {manager.py:887} INFO - 
================================================================================
DAG File Processing Stats

File Path                         PID    Runtime      # DAGs    # Errors  Last Runtime    Last Run
--------------------------------  -----  ---------  --------  ----------  --------------  -------------------
/opt/airflow/dags/dag_dynamic.py                           1           0  1.06s           2025-10-28T01:06:42
/opt/airflow/dags/dag_lineal.py                            1           0  0.83s           2025-10-28T01:07:06
================================================================================
[2025-10-28T01:07:37.935+0000] {manager.py:887} INFO - 
================================================================================
DAG File Processing Stats

File Path                         PID    Runtime      # DAGs    # Errors  Last Runtime    Last Run
--------------------------------  -----  ---------  --------  ----------  --------------  -------------------
/opt/airflow/dags/dag_dynamic.py                           1           0  0.83s           2025-10-28T01:07:14
/opt/airflow/dags/dag_lineal.py                            1           0  0.93s           2025-10-28T01:07:37
================================================================================
[2025-10-28T01:08:08.883+0000] {manager.py:887} INFO - 
================================================================================
DAG File Processing Stats

File Path                         PID    Runtime      # DAGs    # Errors  Last Runtime    Last Run
--------------------------------  -----  ---------  --------  ----------  --------------  -------------------
/opt/airflow/dags/dag_dynamic.py                           1           0  0.93s           2025-10-28T01:07:45
/opt/airflow/dags/dag_lineal.py                            1           0  0.84s           2025-10-28T01:08:08
================================================================================
[2025-10-28T01:08:39.827+0000] {manager.py:887} INFO - 
================================================================================
DAG File Processing Stats

File Path                         PID    Runtime      # DAGs    # Errors  Last Runtime    Last Run
--------------------------------  -----  ---------  --------  ----------  --------------  -------------------
/opt/airflow/dags/dag_dynamic.py                           1           0  0.85s           2025-10-28T01:08:16
/opt/airflow/dags/dag_lineal.py                            1           0  0.84s           2025-10-28T01:08:39
================================================================================
[2025-10-28T01:09:10.809+0000] {manager.py:887} INFO - 
================================================================================
DAG File Processing Stats

File Path                         PID    Runtime      # DAGs    # Errors  Last Runtime    Last Run
--------------------------------  -----  ---------  --------  ----------  --------------  -------------------
/opt/airflow/dags/dag_dynamic.py                           1           0  0.83s           2025-10-28T01:08:47
/opt/airflow/dags/dag_lineal.py                            1           0  0.84s           2025-10-28T01:09:10
================================================================================
[2025-10-28T01:09:19.918+0000] {manager.py:755} INFO - Searching for files in /opt/airflow/dags
[2025-10-28T01:09:19.930+0000] {manager.py:758} INFO - There are 2 files in /opt/airflow/dags
[2025-10-28T01:09:42.190+0000] {manager.py:887} INFO - 
================================================================================
DAG File Processing Stats

File Path                         PID    Runtime      # DAGs    # Errors  Last Runtime    Last Run
--------------------------------  -----  ---------  --------  ----------  --------------  -------------------
/opt/airflow/dags/dag_dynamic.py                           1           0  0.84s           2025-10-28T01:09:18
/opt/airflow/dags/dag_lineal.py                            1           0  1.26s           2025-10-28T01:09:42
================================================================================
[2025-10-28T01:10:13.136+0000] {manager.py:887} INFO - 
================================================================================
DAG File Processing Stats

File Path                         PID    Runtime      # DAGs    # Errors  Last Runtime    Last Run
--------------------------------  -----  ---------  --------  ----------  --------------  -------------------
/opt/airflow/dags/dag_dynamic.py                           1           0  0.83s           2025-10-28T01:09:50
/opt/airflow/dags/dag_lineal.py                            1           0  0.84s           2025-10-28T01:10:13
================================================================================
[2025-10-28T01:10:44.075+0000] {manager.py:887} INFO - 
================================================================================
DAG File Processing Stats

File Path                         PID    Runtime      # DAGs    # Errors  Last Runtime    Last Run
--------------------------------  -----  ---------  --------  ----------  --------------  -------------------
/opt/airflow/dags/dag_dynamic.py                           1           0  0.85s           2025-10-28T01:10:21
/opt/airflow/dags/dag_lineal.py                            1           0  0.85s           2025-10-28T01:10:44
================================================================================
[2025-10-28T01:11:15.029+0000] {manager.py:887} INFO - 
================================================================================
DAG File Processing Stats

File Path                         PID    Runtime      # DAGs    # Errors  Last Runtime    Last Run
--------------------------------  -----  ---------  --------  ----------  --------------  -------------------
/opt/airflow/dags/dag_dynamic.py                           1           0  0.84s           2025-10-28T01:10:52
/opt/airflow/dags/dag_lineal.py                            1           0  0.84s           2025-10-28T01:11:15
================================================================================
[2025-10-28T01:11:45.889+0000] {manager.py:887} INFO - 
================================================================================
DAG File Processing Stats

File Path                         PID    Runtime      # DAGs    # Errors  Last Runtime    Last Run
--------------------------------  -----  ---------  --------  ----------  --------------  -------------------
/opt/airflow/dags/dag_dynamic.py                           1           0  0.94s           2025-10-28T01:11:23
/opt/airflow/dags/dag_lineal.py                            1           0  0.84s           2025-10-28T01:11:45
================================================================================
[2025-10-28T01:12:37.057+0000] {manager.py:487} INFO - Processing files using up to 1 processes at a time 
[2025-10-28T01:12:37.057+0000] {manager.py:488} INFO - Process each file at most once every 30 seconds
[2025-10-28T01:12:37.061+0000] {manager.py:489} INFO - Checking for new files in /opt/airflow/dags every 300 seconds
[2025-10-28T01:12:37.061+0000] {manager.py:755} INFO - Searching for files in /opt/airflow/dags
[2025-10-28T01:12:37.085+0000] {manager.py:758} INFO - There are 2 files in /opt/airflow/dags
[2025-10-28T01:12:38.185+0000] {manager.py:887} INFO - 
================================================================================
DAG File Processing Stats

File Path                         PID    Runtime      # DAGs    # Errors  Last Runtime    Last Run
--------------------------------  -----  ---------  --------  ----------  --------------  -------------------
/opt/airflow/dags/dag_lineal.py                            0           0
/opt/airflow/dags/dag_dynamic.py                           1           0  1.02s           2025-10-28T01:12:38
================================================================================
[2025-10-28T01:13:09.787+0000] {manager.py:887} INFO - 
================================================================================
DAG File Processing Stats

File Path                         PID    Runtime      # DAGs    # Errors  Last Runtime    Last Run
--------------------------------  -----  ---------  --------  ----------  --------------  -------------------
/opt/airflow/dags/dag_dynamic.py                           1           0  1.27s           2025-10-28T01:13:09
/opt/airflow/dags/dag_lineal.py                            1           0  1.13s           2025-10-28T01:12:40
================================================================================
[2025-10-28T01:13:42.736+0000] {manager.py:887} INFO - 
================================================================================
DAG File Processing Stats

File Path                         PID    Runtime      # DAGs    # Errors  Last Runtime    Last Run
--------------------------------  -----  ---------  --------  ----------  --------------  -------------------
/opt/airflow/dags/dag_dynamic.py                           1           0  0.72s           2025-10-28T01:13:42
/opt/airflow/dags/dag_lineal.py                            1           0  0.52s           2025-10-28T01:13:11
================================================================================
[2025-10-28T01:14:13.868+0000] {manager.py:887} INFO - 
================================================================================
DAG File Processing Stats

File Path                         PID    Runtime      # DAGs    # Errors  Last Runtime    Last Run
--------------------------------  -----  ---------  --------  ----------  --------------  -------------------
/opt/airflow/dags/dag_dynamic.py                           1           0  1.06s           2025-10-28T01:14:13
/opt/airflow/dags/dag_lineal.py                            1           0  0.95s           2025-10-28T01:13:47
================================================================================
[2025-10-28T01:14:45.013+0000] {manager.py:887} INFO - 
================================================================================
DAG File Processing Stats

File Path                         PID    Runtime      # DAGs    # Errors  Last Runtime    Last Run
--------------------------------  -----  ---------  --------  ----------  --------------  -------------------
/opt/airflow/dags/dag_dynamic.py                           1           0  0.83s           2025-10-28T01:14:45
/opt/airflow/dags/dag_lineal.py                            1           0  0.84s           2025-10-28T01:14:18
================================================================================
[2025-10-28T01:15:16.230+0000] {manager.py:887} INFO - 
================================================================================
DAG File Processing Stats

File Path                         PID    Runtime      # DAGs    # Errors  Last Runtime    Last Run
--------------------------------  -----  ---------  --------  ----------  --------------  -------------------
/opt/airflow/dags/dag_dynamic.py                           1           0  0.83s           2025-10-28T01:15:16
/opt/airflow/dags/dag_lineal.py                            1           0  0.83s           2025-10-28T01:14:49
================================================================================
[2025-10-28T01:15:47.353+0000] {manager.py:887} INFO - 
================================================================================
DAG File Processing Stats

File Path                         PID    Runtime      # DAGs    # Errors  Last Runtime    Last Run
--------------------------------  -----  ---------  --------  ----------  --------------  -------------------
/opt/airflow/dags/dag_dynamic.py                           1           0  0.84s           2025-10-28T01:15:47
/opt/airflow/dags/dag_lineal.py                            1           0  0.62s           2025-10-28T01:15:20
================================================================================
[2025-10-28T01:16:18.690+0000] {manager.py:887} INFO - 
================================================================================
DAG File Processing Stats

File Path                         PID    Runtime      # DAGs    # Errors  Last Runtime    Last Run
--------------------------------  -----  ---------  --------  ----------  --------------  -------------------
/opt/airflow/dags/dag_dynamic.py                           1           0  1.06s           2025-10-28T01:16:18
/opt/airflow/dags/dag_lineal.py                            1           0  0.62s           2025-10-28T01:15:51
================================================================================
[2025-10-28T01:16:49.865+0000] {manager.py:887} INFO - 
================================================================================
DAG File Processing Stats

File Path                         PID    Runtime      # DAGs    # Errors  Last Runtime    Last Run
--------------------------------  -----  ---------  --------  ----------  --------------  -------------------
/opt/airflow/dags/dag_dynamic.py                           1           0  0.86s           2025-10-28T01:16:49
/opt/airflow/dags/dag_lineal.py                            1           0  1.13s           2025-10-28T01:16:22
================================================================================
[2025-10-28T01:17:20.998+0000] {manager.py:887} INFO - 
================================================================================
DAG File Processing Stats

File Path                         PID    Runtime      # DAGs    # Errors  Last Runtime    Last Run
--------------------------------  -----  ---------  --------  ----------  --------------  -------------------
/opt/airflow/dags/dag_dynamic.py                           1           0  0.83s           2025-10-28T01:17:20
/opt/airflow/dags/dag_lineal.py                            1           0  0.51s           2025-10-28T01:16:53
================================================================================
[2025-10-28T01:17:37.105+0000] {manager.py:755} INFO - Searching for files in /opt/airflow/dags
[2025-10-28T01:17:37.122+0000] {manager.py:758} INFO - There are 2 files in /opt/airflow/dags
[2025-10-28T01:18:17.762+0000] {manager.py:487} INFO - Processing files using up to 1 processes at a time 
[2025-10-28T01:18:17.763+0000] {manager.py:488} INFO - Process each file at most once every 30 seconds
[2025-10-28T01:18:17.767+0000] {manager.py:489} INFO - Checking for new files in /opt/airflow/dags every 300 seconds
[2025-10-28T01:18:17.768+0000] {manager.py:755} INFO - Searching for files in /opt/airflow/dags
[2025-10-28T01:18:17.771+0000] {manager.py:758} INFO - There are 2 files in /opt/airflow/dags
[2025-10-28T01:18:18.676+0000] {manager.py:887} INFO - 
================================================================================
DAG File Processing Stats

File Path                         PID    Runtime      # DAGs    # Errors  Last Runtime    Last Run
--------------------------------  -----  ---------  --------  ----------  --------------  -------------------
/opt/airflow/dags/dag_lineal.py                            0           0
/opt/airflow/dags/dag_dynamic.py                           1           0  0.82s           2025-10-28T01:18:18
================================================================================
[2025-10-28T01:18:50.553+0000] {manager.py:887} INFO - 
================================================================================
DAG File Processing Stats

File Path                         PID    Runtime      # DAGs    # Errors  Last Runtime    Last Run
--------------------------------  -----  ---------  --------  ----------  --------------  -------------------
/opt/airflow/dags/dag_dynamic.py                           1           0  1.57s           2025-10-28T01:18:50
/opt/airflow/dags/dag_lineal.py                            1           0  0.81s           2025-10-28T01:18:20
================================================================================
[2025-10-28T01:19:22.294+0000] {manager.py:887} INFO - 
================================================================================
DAG File Processing Stats

File Path                         PID    Runtime      # DAGs    # Errors  Last Runtime    Last Run
--------------------------------  -----  ---------  --------  ----------  --------------  -------------------
/opt/airflow/dags/dag_dynamic.py                           1           0  0.95s           2025-10-28T01:19:22
/opt/airflow/dags/dag_lineal.py                            1           0  0.73s           2025-10-28T01:18:52
================================================================================
[2025-10-28T01:19:54.150+0000] {manager.py:887} INFO - 
================================================================================
DAG File Processing Stats

File Path                         PID    Runtime      # DAGs    # Errors  Last Runtime    Last Run
--------------------------------  -----  ---------  --------  ----------  --------------  -------------------
/opt/airflow/dags/dag_dynamic.py                           1           0  0.85s           2025-10-28T01:19:54
/opt/airflow/dags/dag_lineal.py                            1           0  0.62s           2025-10-28T01:19:23
================================================================================
[2025-10-28T01:20:25.282+0000] {manager.py:887} INFO - 
================================================================================
DAG File Processing Stats

File Path                         PID    Runtime      # DAGs    # Errors  Last Runtime    Last Run
--------------------------------  -----  ---------  --------  ----------  --------------  -------------------
/opt/airflow/dags/dag_dynamic.py                           1           0  0.83s           2025-10-28T01:20:25
/opt/airflow/dags/dag_lineal.py                            1           0  0.62s           2025-10-28T01:19:55
================================================================================
[2025-10-28T01:20:56.598+0000] {manager.py:887} INFO - 
================================================================================
DAG File Processing Stats

File Path                         PID    Runtime      # DAGs    # Errors  Last Runtime    Last Run
--------------------------------  -----  ---------  --------  ----------  --------------  -------------------
/opt/airflow/dags/dag_dynamic.py                           1           0  0.94s           2025-10-28T01:20:56
/opt/airflow/dags/dag_lineal.py                            1           0  0.52s           2025-10-28T01:20:26
================================================================================
[2025-10-28T01:21:27.804+0000] {manager.py:887} INFO - 
================================================================================
DAG File Processing Stats

File Path                         PID    Runtime      # DAGs    # Errors  Last Runtime    Last Run
--------------------------------  -----  ---------  --------  ----------  --------------  -------------------
/opt/airflow/dags/dag_dynamic.py                           1           0  0.85s           2025-10-28T01:21:27
/opt/airflow/dags/dag_lineal.py                            1           0  0.63s           2025-10-28T01:20:58
================================================================================
[2025-10-28T01:21:58.959+0000] {manager.py:887} INFO - 
================================================================================
DAG File Processing Stats

File Path                         PID    Runtime      # DAGs    # Errors  Last Runtime    Last Run
--------------------------------  -----  ---------  --------  ----------  --------------  -------------------
/opt/airflow/dags/dag_dynamic.py                           1           0  0.86s           2025-10-28T01:21:58
/opt/airflow/dags/dag_lineal.py                            1           0  0.51s           2025-10-28T01:21:29
================================================================================
[2025-10-28T01:22:29.999+0000] {manager.py:887} INFO - 
================================================================================
DAG File Processing Stats

File Path                         PID    Runtime      # DAGs    # Errors  Last Runtime    Last Run
--------------------------------  -----  ---------  --------  ----------  --------------  -------------------
/opt/airflow/dags/dag_dynamic.py                           1           0  0.75s           2025-10-28T01:22:29
/opt/airflow/dags/dag_lineal.py                            1           0  0.51s           2025-10-28T01:21:59
================================================================================
[2025-10-28T01:23:01.365+0000] {manager.py:887} INFO - 
================================================================================
DAG File Processing Stats

File Path                         PID    Runtime      # DAGs    # Errors  Last Runtime    Last Run
--------------------------------  -----  ---------  --------  ----------  --------------  -------------------
/opt/airflow/dags/dag_dynamic.py                           1           0  0.94s           2025-10-28T01:23:01
/opt/airflow/dags/dag_lineal.py                            1           0  0.61s           2025-10-28T01:22:30
================================================================================
[2025-10-28T01:23:17.791+0000] {manager.py:755} INFO - Searching for files in /opt/airflow/dags
[2025-10-28T01:23:17.806+0000] {manager.py:758} INFO - There are 2 files in /opt/airflow/dags
[2025-10-28T01:23:32.265+0000] {manager.py:887} INFO - 
================================================================================
DAG File Processing Stats

File Path                         PID    Runtime      # DAGs    # Errors  Last Runtime    Last Run
--------------------------------  -----  ---------  --------  ----------  --------------  -------------------
/opt/airflow/dags/dag_dynamic.py                           1           0  0.74s           2025-10-28T01:23:32
/opt/airflow/dags/dag_lineal.py                            1           0  0.74s           2025-10-28T01:23:03
================================================================================
[2025-10-28T01:24:03.235+0000] {manager.py:887} INFO - 
================================================================================
DAG File Processing Stats

File Path                         PID    Runtime      # DAGs    # Errors  Last Runtime    Last Run
--------------------------------  -----  ---------  --------  ----------  --------------  -------------------
/opt/airflow/dags/dag_dynamic.py                           1           0  0.83s           2025-10-28T01:24:03
/opt/airflow/dags/dag_lineal.py                            1           0  0.52s           2025-10-28T01:23:33
================================================================================
[2025-10-28T01:24:34.091+0000] {manager.py:887} INFO - 
================================================================================
DAG File Processing Stats

File Path                         PID    Runtime      # DAGs    # Errors  Last Runtime    Last Run
--------------------------------  -----  ---------  --------  ----------  --------------  -------------------
/opt/airflow/dags/dag_dynamic.py                           1           0  0.74s           2025-10-28T01:24:34
/opt/airflow/dags/dag_lineal.py                            1           0  0.95s           2025-10-28T01:24:05
================================================================================
[2025-10-28T01:25:05.068+0000] {manager.py:887} INFO - 
================================================================================
DAG File Processing Stats

File Path                         PID    Runtime      # DAGs    # Errors  Last Runtime    Last Run
--------------------------------  -----  ---------  --------  ----------  --------------  -------------------
/opt/airflow/dags/dag_dynamic.py                           1           0  0.84s           2025-10-28T01:25:05
/opt/airflow/dags/dag_lineal.py                            1           0  0.51s           2025-10-28T01:24:35
================================================================================
[2025-10-28T01:25:36.022+0000] {manager.py:887} INFO - 
================================================================================
DAG File Processing Stats

File Path                         PID    Runtime      # DAGs    # Errors  Last Runtime    Last Run
--------------------------------  -----  ---------  --------  ----------  --------------  -------------------
/opt/airflow/dags/dag_dynamic.py                           1           0  0.84s           2025-10-28T01:25:36
/opt/airflow/dags/dag_lineal.py                            1           0  0.61s           2025-10-28T01:25:06
================================================================================
[2025-10-28T01:26:07.009+0000] {manager.py:887} INFO - 
================================================================================
DAG File Processing Stats

File Path                         PID    Runtime      # DAGs    # Errors  Last Runtime    Last Run
--------------------------------  -----  ---------  --------  ----------  --------------  -------------------
/opt/airflow/dags/dag_dynamic.py                           1           0  0.84s           2025-10-28T01:26:07
/opt/airflow/dags/dag_lineal.py                            1           0  0.94s           2025-10-28T01:25:37
================================================================================
[2025-10-28T01:26:39.132+0000] {manager.py:887} INFO - 
================================================================================
DAG File Processing Stats

File Path                         PID    Runtime      # DAGs    # Errors  Last Runtime    Last Run
--------------------------------  -----  ---------  --------  ----------  --------------  -------------------
/opt/airflow/dags/dag_dynamic.py                           1           0  0.63s           2025-10-28T01:26:39
/opt/airflow/dags/dag_lineal.py                            1           0  0.61s           2025-10-28T01:26:08
================================================================================
[2025-10-28T01:27:17.272+0000] {manager.py:887} INFO - 
================================================================================
DAG File Processing Stats

File Path                         PID    Runtime      # DAGs    # Errors  Last Runtime    Last Run
--------------------------------  -----  ---------  --------  ----------  --------------  -------------------
/opt/airflow/dags/dag_dynamic.py                           1           0  0.82s           2025-10-28T01:27:17
/opt/airflow/dags/dag_lineal.py                            1           0  0.61s           2025-10-28T01:26:44
================================================================================
[2025-10-28T01:27:56.797+0000] {manager.py:887} INFO - 
================================================================================
DAG File Processing Stats

File Path                         PID    Runtime      # DAGs    # Errors  Last Runtime    Last Run
--------------------------------  -----  ---------  --------  ----------  --------------  -------------------
/opt/airflow/dags/dag_dynamic.py                           1           0  0.73s           2025-10-28T01:27:56
/opt/airflow/dags/dag_lineal.py                            1           0  0.83s           2025-10-28T01:27:32
================================================================================
[2025-10-28T01:28:34.749+0000] {manager.py:755} INFO - Searching for files in /opt/airflow/dags
[2025-10-28T01:28:34.756+0000] {manager.py:758} INFO - There are 2 files in /opt/airflow/dags
[2025-10-28T01:28:35.571+0000] {manager.py:887} INFO - 
================================================================================
DAG File Processing Stats

File Path                         PID    Runtime      # DAGs    # Errors  Last Runtime    Last Run
--------------------------------  -----  ---------  --------  ----------  --------------  -------------------
/opt/airflow/dags/dag_dynamic.py                           1           0  0.72s           2025-10-28T01:28:35
/opt/airflow/dags/dag_lineal.py                            1           0  0.83s           2025-10-28T01:27:32
================================================================================
[2025-10-28T01:29:12.587+0000] {manager.py:887} INFO - 
================================================================================
DAG File Processing Stats

File Path                         PID    Runtime      # DAGs    # Errors  Last Runtime    Last Run
--------------------------------  -----  ---------  --------  ----------  --------------  -------------------
/opt/airflow/dags/dag_dynamic.py                           1           0  0.72s           2025-10-28T01:28:35
/opt/airflow/dags/dag_lineal.py                            1           0  1.02s           2025-10-28T01:29:12
================================================================================
[2025-10-28T01:29:50.348+0000] {manager.py:887} INFO - 
================================================================================
DAG File Processing Stats

File Path                         PID    Runtime      # DAGs    # Errors  Last Runtime    Last Run
--------------------------------  -----  ---------  --------  ----------  --------------  -------------------
/opt/airflow/dags/dag_dynamic.py                           1           0  0.81s           2025-10-28T01:29:50
/opt/airflow/dags/dag_lineal.py                            1           0  1.02s           2025-10-28T01:29:12
================================================================================
[2025-10-28T01:30:27.547+0000] {manager.py:887} INFO - 
================================================================================
DAG File Processing Stats

File Path                         PID    Runtime      # DAGs    # Errors  Last Runtime    Last Run
--------------------------------  -----  ---------  --------  ----------  --------------  -------------------
/opt/airflow/dags/dag_dynamic.py                           1           0  0.81s           2025-10-28T01:29:50
/opt/airflow/dags/dag_lineal.py                            1           0  0.82s           2025-10-28T01:30:27
================================================================================
[2025-10-28T01:31:01.950+0000] {manager.py:887} INFO - 
================================================================================
DAG File Processing Stats

File Path                         PID    Runtime      # DAGs    # Errors  Last Runtime    Last Run
--------------------------------  -----  ---------  --------  ----------  --------------  -------------------
/opt/airflow/dags/dag_dynamic.py                           1           0  0.61s           2025-10-28T01:31:01
/opt/airflow/dags/dag_lineal.py                            1           0  0.82s           2025-10-28T01:30:27
================================================================================
[2025-10-28T01:31:37.124+0000] {manager.py:887} INFO - 
================================================================================
DAG File Processing Stats

File Path                         PID    Runtime      # DAGs    # Errors  Last Runtime    Last Run
--------------------------------  -----  ---------  --------  ----------  --------------  -------------------
/opt/airflow/dags/dag_dynamic.py                           1           0  0.61s           2025-10-28T01:31:01
/opt/airflow/dags/dag_lineal.py                            1           0  0.61s           2025-10-28T01:31:37
================================================================================
[2025-10-28T01:32:11.767+0000] {manager.py:887} INFO - 
================================================================================
DAG File Processing Stats

File Path                         PID    Runtime      # DAGs    # Errors  Last Runtime    Last Run
--------------------------------  -----  ---------  --------  ----------  --------------  -------------------
/opt/airflow/dags/dag_dynamic.py                           1           0  0.73s           2025-10-28T01:32:11
/opt/airflow/dags/dag_lineal.py                            1           0  0.61s           2025-10-28T01:31:37
================================================================================
[2025-10-28T01:33:02.762+0000] {manager.py:887} INFO - 
================================================================================
DAG File Processing Stats

File Path                         PID    Runtime      # DAGs    # Errors  Last Runtime    Last Run
--------------------------------  -----  ---------  --------  ----------  --------------  -------------------
/opt/airflow/dags/dag_dynamic.py                           1           0  0.72s           2025-10-28T01:33:02
/opt/airflow/dags/dag_lineal.py                            1           0  0.72s           2025-10-28T01:32:35
================================================================================
[2025-10-28T01:33:47.298+0000] {manager.py:755} INFO - Searching for files in /opt/airflow/dags
[2025-10-28T01:33:47.311+0000] {manager.py:758} INFO - There are 2 files in /opt/airflow/dags
[2025-10-28T01:33:48.046+0000] {manager.py:887} INFO - 
================================================================================
DAG File Processing Stats

File Path                         PID    Runtime      # DAGs    # Errors  Last Runtime    Last Run
--------------------------------  -----  ---------  --------  ----------  --------------  -------------------
/opt/airflow/dags/dag_dynamic.py                           1           0  0.72s           2025-10-28T01:33:48
/opt/airflow/dags/dag_lineal.py                            1           0  0.72s           2025-10-28T01:33:26
================================================================================
[2025-10-28T01:34:19.214+0000] {manager.py:887} INFO - 
================================================================================
DAG File Processing Stats

File Path                         PID    Runtime      # DAGs    # Errors  Last Runtime    Last Run
--------------------------------  -----  ---------  --------  ----------  --------------  -------------------
/opt/airflow/dags/dag_dynamic.py                           1           0  0.85s           2025-10-28T01:34:19
/opt/airflow/dags/dag_lineal.py                            1           0  0.84s           2025-10-28T01:33:58
================================================================================
[2025-10-28T01:34:50.431+0000] {manager.py:887} INFO - 
================================================================================
DAG File Processing Stats

File Path                         PID    Runtime      # DAGs    # Errors  Last Runtime    Last Run
--------------------------------  -----  ---------  --------  ----------  --------------  -------------------
/opt/airflow/dags/dag_dynamic.py                           1           0  0.84s           2025-10-28T01:34:50
/opt/airflow/dags/dag_lineal.py                            1           0  0.86s           2025-10-28T01:34:29
================================================================================
[2025-10-28T01:35:21.584+0000] {manager.py:887} INFO - 
================================================================================
DAG File Processing Stats

File Path                         PID    Runtime      # DAGs    # Errors  Last Runtime    Last Run
--------------------------------  -----  ---------  --------  ----------  --------------  -------------------
/opt/airflow/dags/dag_dynamic.py                           1           0  0.84s           2025-10-28T01:35:21
/opt/airflow/dags/dag_lineal.py                            1           0  0.85s           2025-10-28T01:35:01
================================================================================
[2025-10-28T01:35:52.936+0000] {manager.py:887} INFO - 
================================================================================
DAG File Processing Stats

File Path                         PID    Runtime      # DAGs    # Errors  Last Runtime    Last Run
--------------------------------  -----  ---------  --------  ----------  --------------  -------------------
/opt/airflow/dags/dag_dynamic.py                           1           0  0.94s           2025-10-28T01:35:52
/opt/airflow/dags/dag_lineal.py                            1           0  0.83s           2025-10-28T01:35:32
================================================================================
[2025-10-28T01:36:24.443+0000] {manager.py:887} INFO - 
================================================================================
DAG File Processing Stats

File Path                         PID    Runtime      # DAGs    # Errors  Last Runtime    Last Run
--------------------------------  -----  ---------  --------  ----------  --------------  -------------------
/opt/airflow/dags/dag_dynamic.py                           1           0  0.74s           2025-10-28T01:36:24
/opt/airflow/dags/dag_lineal.py                            1           0  0.83s           2025-10-28T01:36:03
================================================================================
[2025-10-28T01:36:55.468+0000] {manager.py:887} INFO - 
================================================================================
DAG File Processing Stats

File Path                         PID    Runtime      # DAGs    # Errors  Last Runtime    Last Run
--------------------------------  -----  ---------  --------  ----------  --------------  -------------------
/opt/airflow/dags/dag_dynamic.py                           1           0  0.84s           2025-10-28T01:36:55
/opt/airflow/dags/dag_lineal.py                            1           0  0.84s           2025-10-28T01:36:34
================================================================================
[2025-10-28T01:37:26.477+0000] {manager.py:887} INFO - 
================================================================================
DAG File Processing Stats

File Path                         PID    Runtime      # DAGs    # Errors  Last Runtime    Last Run
--------------------------------  -----  ---------  --------  ----------  --------------  -------------------
/opt/airflow/dags/dag_dynamic.py                           1           0  0.93s           2025-10-28T01:37:26
/opt/airflow/dags/dag_lineal.py                            1           0  0.84s           2025-10-28T01:37:05
================================================================================
[2025-10-28T01:37:57.692+0000] {manager.py:887} INFO - 
================================================================================
DAG File Processing Stats

File Path                         PID    Runtime      # DAGs    # Errors  Last Runtime    Last Run
--------------------------------  -----  ---------  --------  ----------  --------------  -------------------
/opt/airflow/dags/dag_dynamic.py                           1           0  1.04s           2025-10-28T01:37:57
/opt/airflow/dags/dag_lineal.py                            1           0  0.84s           2025-10-28T01:37:36
================================================================================
[2025-10-28T01:38:28.719+0000] {manager.py:887} INFO - 
================================================================================
DAG File Processing Stats

File Path                         PID    Runtime      # DAGs    # Errors  Last Runtime    Last Run
--------------------------------  -----  ---------  --------  ----------  --------------  -------------------
/opt/airflow/dags/dag_dynamic.py                           1           0  0.85s           2025-10-28T01:38:28
/opt/airflow/dags/dag_lineal.py                            1           0  0.83s           2025-10-28T01:38:07
================================================================================
[2025-10-28T01:38:48.344+0000] {manager.py:755} INFO - Searching for files in /opt/airflow/dags
[2025-10-28T01:38:48.375+0000] {manager.py:758} INFO - There are 2 files in /opt/airflow/dags
[2025-10-28T01:38:59.740+0000] {manager.py:887} INFO - 
================================================================================
DAG File Processing Stats

File Path                         PID    Runtime      # DAGs    # Errors  Last Runtime    Last Run
--------------------------------  -----  ---------  --------  ----------  --------------  -------------------
/opt/airflow/dags/dag_dynamic.py                           1           0  0.84s           2025-10-28T01:38:59
/opt/airflow/dags/dag_lineal.py                            1           0  0.83s           2025-10-28T01:38:38
================================================================================
[2025-10-28T01:39:30.594+0000] {manager.py:887} INFO - 
================================================================================
DAG File Processing Stats

File Path                         PID    Runtime      # DAGs    # Errors  Last Runtime    Last Run
--------------------------------  -----  ---------  --------  ----------  --------------  -------------------
/opt/airflow/dags/dag_dynamic.py                           1           0  0.84s           2025-10-28T01:39:30
/opt/airflow/dags/dag_lineal.py                            1           0  0.84s           2025-10-28T01:39:09
================================================================================
[2025-10-28T01:40:01.614+0000] {manager.py:887} INFO - 
================================================================================
DAG File Processing Stats

File Path                         PID    Runtime      # DAGs    # Errors  Last Runtime    Last Run
--------------------------------  -----  ---------  --------  ----------  --------------  -------------------
/opt/airflow/dags/dag_dynamic.py                           1           0  0.84s           2025-10-28T01:40:01
/opt/airflow/dags/dag_lineal.py                            1           0  0.74s           2025-10-28T01:39:40
================================================================================
[2025-10-28T01:40:32.521+0000] {manager.py:887} INFO - 
================================================================================
DAG File Processing Stats

File Path                         PID    Runtime      # DAGs    # Errors  Last Runtime    Last Run
--------------------------------  -----  ---------  --------  ----------  --------------  -------------------
/opt/airflow/dags/dag_dynamic.py                           1           0  0.73s           2025-10-28T01:40:32
/opt/airflow/dags/dag_lineal.py                            1           0  1.04s           2025-10-28T01:40:11
================================================================================
[2025-10-28T01:41:03.521+0000] {manager.py:887} INFO - 
================================================================================
DAG File Processing Stats

File Path                         PID    Runtime      # DAGs    # Errors  Last Runtime    Last Run
--------------------------------  -----  ---------  --------  ----------  --------------  -------------------
/opt/airflow/dags/dag_dynamic.py                           1           0  0.84s           2025-10-28T01:41:03
/opt/airflow/dags/dag_lineal.py                            1           0  0.74s           2025-10-28T01:40:42
================================================================================
[2025-10-28T01:41:34.421+0000] {manager.py:887} INFO - 
================================================================================
DAG File Processing Stats

File Path                         PID    Runtime      # DAGs    # Errors  Last Runtime    Last Run
--------------------------------  -----  ---------  --------  ----------  --------------  -------------------
/opt/airflow/dags/dag_dynamic.py                           1           0  0.74s           2025-10-28T01:41:34
/opt/airflow/dags/dag_lineal.py                            1           0  0.85s           2025-10-28T01:41:13
================================================================================
[2025-10-28T01:42:05.294+0000] {manager.py:887} INFO - 
================================================================================
DAG File Processing Stats

File Path                         PID    Runtime      # DAGs    # Errors  Last Runtime    Last Run
--------------------------------  -----  ---------  --------  ----------  --------------  -------------------
/opt/airflow/dags/dag_dynamic.py                           1           0  0.72s           2025-10-28T01:42:05
/opt/airflow/dags/dag_lineal.py                            1           0  0.73s           2025-10-28T01:41:43
================================================================================
[2025-10-28T01:42:36.247+0000] {manager.py:887} INFO - 
================================================================================
DAG File Processing Stats

File Path                         PID    Runtime      # DAGs    # Errors  Last Runtime    Last Run
--------------------------------  -----  ---------  --------  ----------  --------------  -------------------
/opt/airflow/dags/dag_dynamic.py                           1           0  0.84s           2025-10-28T01:42:36
/opt/airflow/dags/dag_lineal.py                            1           0  0.63s           2025-10-28T01:42:14
================================================================================
[2025-10-28T01:43:07.216+0000] {manager.py:887} INFO - 
================================================================================
DAG File Processing Stats

File Path                         PID    Runtime      # DAGs    # Errors  Last Runtime    Last Run
--------------------------------  -----  ---------  --------  ----------  --------------  -------------------
/opt/airflow/dags/dag_dynamic.py                           1           0  0.84s           2025-10-28T01:43:07
/opt/airflow/dags/dag_lineal.py                            1           0  1.04s           2025-10-28T01:42:45
================================================================================
[2025-10-28T01:43:38.212+0000] {manager.py:887} INFO - 
================================================================================
DAG File Processing Stats

File Path                         PID    Runtime      # DAGs    # Errors  Last Runtime    Last Run
--------------------------------  -----  ---------  --------  ----------  --------------  -------------------
/opt/airflow/dags/dag_dynamic.py                           1           0  0.84s           2025-10-28T01:43:38
/opt/airflow/dags/dag_lineal.py                            1           0  0.84s           2025-10-28T01:43:16
================================================================================
[2025-10-28T01:43:49.353+0000] {manager.py:755} INFO - Searching for files in /opt/airflow/dags
[2025-10-28T01:43:49.379+0000] {manager.py:758} INFO - There are 2 files in /opt/airflow/dags
[2025-10-28T01:44:09.371+0000] {manager.py:887} INFO - 
================================================================================
DAG File Processing Stats

File Path                         PID    Runtime      # DAGs    # Errors  Last Runtime    Last Run
--------------------------------  -----  ---------  --------  ----------  --------------  -------------------
/opt/airflow/dags/dag_dynamic.py                           1           0  1.04s           2025-10-28T01:44:09
/opt/airflow/dags/dag_lineal.py                            1           0  0.83s           2025-10-28T01:43:47
================================================================================
[2025-10-28T01:44:40.807+0000] {manager.py:887} INFO - 
================================================================================
DAG File Processing Stats

File Path                         PID    Runtime      # DAGs    # Errors  Last Runtime    Last Run
--------------------------------  -----  ---------  --------  ----------  --------------  -------------------
/opt/airflow/dags/dag_dynamic.py                           1           0  1.26s           2025-10-28T01:44:40
/opt/airflow/dags/dag_lineal.py                            1           0  0.86s           2025-10-28T01:44:18
================================================================================
[2025-10-28T01:45:12.005+0000] {manager.py:887} INFO - 
================================================================================
DAG File Processing Stats

File Path                         PID    Runtime      # DAGs    # Errors  Last Runtime    Last Run
--------------------------------  -----  ---------  --------  ----------  --------------  -------------------
/opt/airflow/dags/dag_dynamic.py                           1           0  0.97s           2025-10-28T01:45:12
/opt/airflow/dags/dag_lineal.py                            1           0  0.73s           2025-10-28T01:44:49
================================================================================
[2025-10-28T01:45:43.056+0000] {manager.py:887} INFO - 
================================================================================
DAG File Processing Stats

File Path                         PID    Runtime      # DAGs    # Errors  Last Runtime    Last Run
--------------------------------  -----  ---------  --------  ----------  --------------  -------------------
/opt/airflow/dags/dag_dynamic.py                           1           0  0.85s           2025-10-28T01:45:43
/opt/airflow/dags/dag_lineal.py                            1           0  0.85s           2025-10-28T01:45:20
================================================================================
[2025-10-28T01:46:14.008+0000] {manager.py:887} INFO - 
================================================================================
DAG File Processing Stats

File Path                         PID    Runtime      # DAGs    # Errors  Last Runtime    Last Run
--------------------------------  -----  ---------  --------  ----------  --------------  -------------------
/opt/airflow/dags/dag_dynamic.py                           1           0  0.83s           2025-10-28T01:46:14
/opt/airflow/dags/dag_lineal.py                            1           0  0.63s           2025-10-28T01:45:50
================================================================================
[2025-10-28T01:46:44.907+0000] {manager.py:887} INFO - 
================================================================================
DAG File Processing Stats

File Path                         PID    Runtime      # DAGs    # Errors  Last Runtime    Last Run
--------------------------------  -----  ---------  --------  ----------  --------------  -------------------
/opt/airflow/dags/dag_dynamic.py                           1           0  0.74s           2025-10-28T01:46:44
/opt/airflow/dags/dag_lineal.py                            1           0  1.05s           2025-10-28T01:46:22
================================================================================
[2025-10-28T01:47:15.905+0000] {manager.py:887} INFO - 
================================================================================
DAG File Processing Stats

File Path                         PID    Runtime      # DAGs    # Errors  Last Runtime    Last Run
--------------------------------  -----  ---------  --------  ----------  --------------  -------------------
/opt/airflow/dags/dag_dynamic.py                           1           0  0.85s           2025-10-28T01:47:15
/opt/airflow/dags/dag_lineal.py                            1           0  0.86s           2025-10-28T01:46:53
================================================================================
[2025-10-28T01:47:46.892+0000] {manager.py:887} INFO - 
================================================================================
DAG File Processing Stats

File Path                         PID    Runtime      # DAGs    # Errors  Last Runtime    Last Run
--------------------------------  -----  ---------  --------  ----------  --------------  -------------------
/opt/airflow/dags/dag_dynamic.py                           1           0  0.84s           2025-10-28T01:47:46
/opt/airflow/dags/dag_lineal.py                            1           0  0.52s           2025-10-28T01:47:23
================================================================================
[2025-10-28T01:48:17.911+0000] {manager.py:887} INFO - 
================================================================================
DAG File Processing Stats

File Path                         PID    Runtime      # DAGs    # Errors  Last Runtime    Last Run
--------------------------------  -----  ---------  --------  ----------  --------------  -------------------
/opt/airflow/dags/dag_dynamic.py                           1           0  0.83s           2025-10-28T01:48:17
/opt/airflow/dags/dag_lineal.py                            1           0  0.51s           2025-10-28T01:47:54
================================================================================
[2025-10-28T01:48:48.894+0000] {manager.py:887} INFO - 
================================================================================
DAG File Processing Stats

File Path                         PID    Runtime      # DAGs    # Errors  Last Runtime    Last Run
--------------------------------  -----  ---------  --------  ----------  --------------  -------------------
/opt/airflow/dags/dag_dynamic.py                           1           0  0.85s           2025-10-28T01:48:48
/opt/airflow/dags/dag_lineal.py                            1           0  0.72s           2025-10-28T01:48:25
================================================================================
[2025-10-28T01:48:49.949+0000] {manager.py:755} INFO - Searching for files in /opt/airflow/dags
[2025-10-28T01:48:49.968+0000] {manager.py:758} INFO - There are 2 files in /opt/airflow/dags
[2025-10-28T01:49:19.902+0000] {manager.py:887} INFO - 
================================================================================
DAG File Processing Stats

File Path                         PID    Runtime      # DAGs    # Errors  Last Runtime    Last Run
--------------------------------  -----  ---------  --------  ----------  --------------  -------------------
/opt/airflow/dags/dag_dynamic.py                           1           0  0.84s           2025-10-28T01:49:19
/opt/airflow/dags/dag_lineal.py                            1           0  0.74s           2025-10-28T01:48:55
================================================================================
[2025-10-28T01:49:50.880+0000] {manager.py:887} INFO - 
================================================================================
DAG File Processing Stats

File Path                         PID    Runtime      # DAGs    # Errors  Last Runtime    Last Run
--------------------------------  -----  ---------  --------  ----------  --------------  -------------------
/opt/airflow/dags/dag_dynamic.py                           1           0  0.83s           2025-10-28T01:49:50
/opt/airflow/dags/dag_lineal.py                            1           0  0.51s           2025-10-28T01:49:26
================================================================================
[2025-10-28T01:50:21.870+0000] {manager.py:887} INFO - 
================================================================================
DAG File Processing Stats

File Path                         PID    Runtime      # DAGs    # Errors  Last Runtime    Last Run
--------------------------------  -----  ---------  --------  ----------  --------------  -------------------
/opt/airflow/dags/dag_dynamic.py                           1           0  0.84s           2025-10-28T01:50:21
/opt/airflow/dags/dag_lineal.py                            1           0  0.63s           2025-10-28T01:49:57
================================================================================
[2025-10-28T01:50:52.856+0000] {manager.py:887} INFO - 
================================================================================
DAG File Processing Stats

File Path                         PID    Runtime      # DAGs    # Errors  Last Runtime    Last Run
--------------------------------  -----  ---------  --------  ----------  --------------  -------------------
/opt/airflow/dags/dag_dynamic.py                           1           0  0.84s           2025-10-28T01:50:52
/opt/airflow/dags/dag_lineal.py                            1           0  0.62s           2025-10-28T01:50:27
================================================================================
[2025-10-28T01:51:23.868+0000] {manager.py:887} INFO - 
================================================================================
DAG File Processing Stats

File Path                         PID    Runtime      # DAGs    # Errors  Last Runtime    Last Run
--------------------------------  -----  ---------  --------  ----------  --------------  -------------------
/opt/airflow/dags/dag_dynamic.py                           1           0  0.86s           2025-10-28T01:51:23
/opt/airflow/dags/dag_lineal.py                            1           0  0.85s           2025-10-28T01:50:58
================================================================================
[2025-10-28T01:51:54.890+0000] {manager.py:887} INFO - 
================================================================================
DAG File Processing Stats

File Path                         PID    Runtime      # DAGs    # Errors  Last Runtime    Last Run
--------------------------------  -----  ---------  --------  ----------  --------------  -------------------
/opt/airflow/dags/dag_dynamic.py                           1           0  0.85s           2025-10-28T01:51:54
/opt/airflow/dags/dag_lineal.py                            1           0  0.85s           2025-10-28T01:51:29
================================================================================
[2025-10-28T01:52:26.039+0000] {manager.py:887} INFO - 
================================================================================
DAG File Processing Stats

File Path                         PID    Runtime      # DAGs    # Errors  Last Runtime    Last Run
--------------------------------  -----  ---------  --------  ----------  --------------  -------------------
/opt/airflow/dags/dag_dynamic.py                           1           0  0.95s           2025-10-28T01:52:26
/opt/airflow/dags/dag_lineal.py                            1           0  0.84s           2025-10-28T01:52:00
================================================================================
[2025-10-28T01:52:57.068+0000] {manager.py:887} INFO - 
================================================================================
DAG File Processing Stats

File Path                         PID    Runtime      # DAGs    # Errors  Last Runtime    Last Run
--------------------------------  -----  ---------  --------  ----------  --------------  -------------------
/opt/airflow/dags/dag_dynamic.py                           1           0  0.85s           2025-10-28T01:52:57
/opt/airflow/dags/dag_lineal.py                            1           0  1.06s           2025-10-28T01:52:32
================================================================================
[2025-10-28T01:53:28.145+0000] {manager.py:887} INFO - 
================================================================================
DAG File Processing Stats

File Path                         PID    Runtime      # DAGs    # Errors  Last Runtime    Last Run
--------------------------------  -----  ---------  --------  ----------  --------------  -------------------
/opt/airflow/dags/dag_dynamic.py                           1           0  0.96s           2025-10-28T01:53:28
/opt/airflow/dags/dag_lineal.py                            1           0  0.62s           2025-10-28T01:53:02
================================================================================
[2025-10-28T01:53:50.299+0000] {manager.py:755} INFO - Searching for files in /opt/airflow/dags
[2025-10-28T01:53:50.325+0000] {manager.py:758} INFO - There are 2 files in /opt/airflow/dags
[2025-10-28T01:53:59.249+0000] {manager.py:887} INFO - 
================================================================================
DAG File Processing Stats

File Path                         PID    Runtime      # DAGs    # Errors  Last Runtime    Last Run
--------------------------------  -----  ---------  --------  ----------  --------------  -------------------
/opt/airflow/dags/dag_dynamic.py                           1           0  0.83s           2025-10-28T01:53:59
/opt/airflow/dags/dag_lineal.py                            1           0  1.06s           2025-10-28T01:53:33
================================================================================
[2025-10-28T01:54:30.116+0000] {manager.py:887} INFO - 
================================================================================
DAG File Processing Stats

File Path                         PID    Runtime      # DAGs    # Errors  Last Runtime    Last Run
--------------------------------  -----  ---------  --------  ----------  --------------  -------------------
/opt/airflow/dags/dag_dynamic.py                           1           0  0.84s           2025-10-28T01:54:30
/opt/airflow/dags/dag_lineal.py                            1           0  0.62s           2025-10-28T01:54:04
================================================================================
[2025-10-28T01:55:00.974+0000] {manager.py:887} INFO - 
================================================================================
DAG File Processing Stats

File Path                         PID    Runtime      # DAGs    # Errors  Last Runtime    Last Run
--------------------------------  -----  ---------  --------  ----------  --------------  -------------------
/opt/airflow/dags/dag_dynamic.py                           1           0  0.84s           2025-10-28T01:55:00
/opt/airflow/dags/dag_lineal.py                            1           0  0.75s           2025-10-28T01:54:35
================================================================================
[2025-10-28T01:55:32.001+0000] {manager.py:887} INFO - 
================================================================================
DAG File Processing Stats

File Path                         PID    Runtime      # DAGs    # Errors  Last Runtime    Last Run
--------------------------------  -----  ---------  --------  ----------  --------------  -------------------
/opt/airflow/dags/dag_dynamic.py                           1           0  0.85s           2025-10-28T01:55:32
/opt/airflow/dags/dag_lineal.py                            1           0  0.51s           2025-10-28T01:55:06
================================================================================
[2025-10-28T01:56:03.111+0000] {manager.py:887} INFO - 
================================================================================
DAG File Processing Stats

File Path                         PID    Runtime      # DAGs    # Errors  Last Runtime    Last Run
--------------------------------  -----  ---------  --------  ----------  --------------  -------------------
/opt/airflow/dags/dag_dynamic.py                           1           0  0.95s           2025-10-28T01:56:03
/opt/airflow/dags/dag_lineal.py                            1           0  0.84s           2025-10-28T01:55:37
================================================================================
[2025-10-28T01:56:34.137+0000] {manager.py:887} INFO - 
================================================================================
DAG File Processing Stats

File Path                         PID    Runtime      # DAGs    # Errors  Last Runtime    Last Run
--------------------------------  -----  ---------  --------  ----------  --------------  -------------------
/opt/airflow/dags/dag_dynamic.py                           1           0  0.85s           2025-10-28T01:56:34
/opt/airflow/dags/dag_lineal.py                            1           0  0.73s           2025-10-28T01:56:08
================================================================================
[2025-10-28T01:57:05.239+0000] {manager.py:887} INFO - 
================================================================================
DAG File Processing Stats

File Path                         PID    Runtime      # DAGs    # Errors  Last Runtime    Last Run
--------------------------------  -----  ---------  --------  ----------  --------------  -------------------
/opt/airflow/dags/dag_dynamic.py                           1           0  0.97s           2025-10-28T01:57:05
/opt/airflow/dags/dag_lineal.py                            1           0  0.73s           2025-10-28T01:56:38
================================================================================
[2025-10-28T01:57:36.558+0000] {manager.py:887} INFO - 
================================================================================
DAG File Processing Stats

File Path                         PID    Runtime      # DAGs    # Errors  Last Runtime    Last Run
--------------------------------  -----  ---------  --------  ----------  --------------  -------------------
/opt/airflow/dags/dag_dynamic.py                           1           0  1.07s           2025-10-28T01:57:36
/opt/airflow/dags/dag_lineal.py                            1           0  0.94s           2025-10-28T01:57:09
================================================================================
[2025-10-28T01:58:07.600+0000] {manager.py:887} INFO - 
================================================================================
DAG File Processing Stats

File Path                         PID    Runtime      # DAGs    # Errors  Last Runtime    Last Run
--------------------------------  -----  ---------  --------  ----------  --------------  -------------------
/opt/airflow/dags/dag_dynamic.py                           1           0  0.84s           2025-10-28T01:58:07
/opt/airflow/dags/dag_lineal.py                            1           0  0.74s           2025-10-28T01:57:40
================================================================================
[2025-10-28T01:58:38.574+0000] {manager.py:887} INFO - 
================================================================================
DAG File Processing Stats

File Path                         PID    Runtime      # DAGs    # Errors  Last Runtime    Last Run
--------------------------------  -----  ---------  --------  ----------  --------------  -------------------
/opt/airflow/dags/dag_dynamic.py                           1           0  0.84s           2025-10-28T01:58:38
/opt/airflow/dags/dag_lineal.py                            1           0  0.95s           2025-10-28T01:58:11
================================================================================
[2025-10-28T01:58:50.749+0000] {manager.py:755} INFO - Searching for files in /opt/airflow/dags
[2025-10-28T01:58:50.782+0000] {manager.py:758} INFO - There are 2 files in /opt/airflow/dags
[2025-10-28T01:59:09.732+0000] {manager.py:887} INFO - 
================================================================================
DAG File Processing Stats

File Path                         PID    Runtime      # DAGs    # Errors  Last Runtime    Last Run
--------------------------------  -----  ---------  --------  ----------  --------------  -------------------
/opt/airflow/dags/dag_dynamic.py                           1           0  1.03s           2025-10-28T01:59:09
/opt/airflow/dags/dag_lineal.py                            1           0  0.63s           2025-10-28T01:58:42
================================================================================
[2025-10-28T01:59:40.892+0000] {manager.py:887} INFO - 
================================================================================
DAG File Processing Stats

File Path                         PID    Runtime      # DAGs    # Errors  Last Runtime    Last Run
--------------------------------  -----  ---------  --------  ----------  --------------  -------------------
/opt/airflow/dags/dag_dynamic.py                           1           0  0.94s           2025-10-28T01:59:40
/opt/airflow/dags/dag_lineal.py                            1           0  0.97s           2025-10-28T01:59:13
================================================================================
[2025-10-28T02:00:12.297+0000] {manager.py:887} INFO - 
================================================================================
DAG File Processing Stats

File Path                         PID    Runtime      # DAGs    # Errors  Last Runtime    Last Run
--------------------------------  -----  ---------  --------  ----------  --------------  -------------------
/opt/airflow/dags/dag_dynamic.py                           1           0  1.07s           2025-10-28T02:00:12
/opt/airflow/dags/dag_lineal.py                            1           0  0.64s           2025-10-28T01:59:44
================================================================================
[2025-10-28T02:00:43.341+0000] {manager.py:887} INFO - 
================================================================================
DAG File Processing Stats

File Path                         PID    Runtime      # DAGs    # Errors  Last Runtime    Last Run
--------------------------------  -----  ---------  --------  ----------  --------------  -------------------
/opt/airflow/dags/dag_dynamic.py                           1           0  0.84s           2025-10-28T02:00:43
/opt/airflow/dags/dag_lineal.py                            1           0  1.36s           2025-10-28T02:00:15
================================================================================
[2025-10-28T02:01:14.421+0000] {manager.py:887} INFO - 
================================================================================
DAG File Processing Stats

File Path                         PID    Runtime      # DAGs    # Errors  Last Runtime    Last Run
--------------------------------  -----  ---------  --------  ----------  --------------  -------------------
/opt/airflow/dags/dag_dynamic.py                           1           0  0.95s           2025-10-28T02:01:14
/opt/airflow/dags/dag_lineal.py                            1           0  0.62s           2025-10-28T02:00:46
================================================================================
[2025-10-28T02:01:45.683+0000] {manager.py:887} INFO - 
================================================================================
DAG File Processing Stats

File Path                         PID    Runtime      # DAGs    # Errors  Last Runtime    Last Run
--------------------------------  -----  ---------  --------  ----------  --------------  -------------------
/opt/airflow/dags/dag_dynamic.py                           1           0  1.06s           2025-10-28T02:01:45
/opt/airflow/dags/dag_lineal.py                            1           0  0.83s           2025-10-28T02:01:17
================================================================================
[2025-10-28T02:02:16.708+0000] {manager.py:887} INFO - 
================================================================================
DAG File Processing Stats

File Path                         PID    Runtime      # DAGs    # Errors  Last Runtime    Last Run
--------------------------------  -----  ---------  --------  ----------  --------------  -------------------
/opt/airflow/dags/dag_dynamic.py                           1           0  0.83s           2025-10-28T02:02:16
/opt/airflow/dags/dag_lineal.py                            1           0  0.83s           2025-10-28T02:01:48
================================================================================
[2025-10-28T02:02:47.718+0000] {manager.py:887} INFO - 
================================================================================
DAG File Processing Stats

File Path                         PID    Runtime      # DAGs    # Errors  Last Runtime    Last Run
--------------------------------  -----  ---------  --------  ----------  --------------  -------------------
/opt/airflow/dags/dag_dynamic.py                           1           0  0.86s           2025-10-28T02:02:47
/opt/airflow/dags/dag_lineal.py                            1           0  0.62s           2025-10-28T02:02:19
================================================================================
[2025-10-28T02:03:18.812+0000] {manager.py:887} INFO - 
================================================================================
DAG File Processing Stats

File Path                         PID    Runtime      # DAGs    # Errors  Last Runtime    Last Run
--------------------------------  -----  ---------  --------  ----------  --------------  -------------------
/opt/airflow/dags/dag_dynamic.py                           1           0  0.94s           2025-10-28T02:03:18
/opt/airflow/dags/dag_lineal.py                            1           0  0.62s           2025-10-28T02:02:49
================================================================================
[2025-10-28T02:03:49.943+0000] {manager.py:887} INFO - 
================================================================================
DAG File Processing Stats

File Path                         PID    Runtime      # DAGs    # Errors  Last Runtime    Last Run
--------------------------------  -----  ---------  --------  ----------  --------------  -------------------
/opt/airflow/dags/dag_dynamic.py                           1           0  0.98s           2025-10-28T02:03:49
/opt/airflow/dags/dag_lineal.py                            1           0  0.72s           2025-10-28T02:03:20
================================================================================
[2025-10-28T02:03:52.340+0000] {manager.py:755} INFO - Searching for files in /opt/airflow/dags
[2025-10-28T02:03:52.363+0000] {manager.py:758} INFO - There are 2 files in /opt/airflow/dags
