[2025-11-16T00:34:13.013+0000] {processor.py:157} INFO - Started process (PID=4925) to work on /opt/airflow/dags/utils/__init__.py
[2025-11-16T00:34:13.013+0000] {processor.py:829} INFO - Processing file /opt/airflow/dags/utils/__init__.py for tasks to queue
[2025-11-16T00:34:13.015+0000] {logging_mixin.py:154} INFO - [2025-11-16T00:34:13.014+0000] {dagbag.py:536} INFO - Filling up the DagBag from /opt/airflow/dags/utils/__init__.py
[2025-11-16T00:34:13.017+0000] {processor.py:841} WARNING - No viable dags retrieved from /opt/airflow/dags/utils/__init__.py
[2025-11-16T00:34:13.032+0000] {processor.py:179} INFO - Processing /opt/airflow/dags/utils/__init__.py took 0.026 seconds
[2025-11-16T00:34:43.145+0000] {processor.py:157} INFO - Started process (PID=4986) to work on /opt/airflow/dags/utils/__init__.py
[2025-11-16T00:34:43.145+0000] {processor.py:829} INFO - Processing file /opt/airflow/dags/utils/__init__.py for tasks to queue
[2025-11-16T00:34:43.146+0000] {logging_mixin.py:154} INFO - [2025-11-16T00:34:43.146+0000] {dagbag.py:536} INFO - Filling up the DagBag from /opt/airflow/dags/utils/__init__.py
[2025-11-16T00:34:43.148+0000] {processor.py:841} WARNING - No viable dags retrieved from /opt/airflow/dags/utils/__init__.py
[2025-11-16T00:34:43.160+0000] {processor.py:179} INFO - Processing /opt/airflow/dags/utils/__init__.py took 0.019 seconds
[2025-11-16T00:35:13.787+0000] {processor.py:157} INFO - Started process (PID=5045) to work on /opt/airflow/dags/utils/__init__.py
[2025-11-16T00:35:13.803+0000] {processor.py:829} INFO - Processing file /opt/airflow/dags/utils/__init__.py for tasks to queue
[2025-11-16T00:35:13.804+0000] {logging_mixin.py:154} INFO - [2025-11-16T00:35:13.804+0000] {dagbag.py:536} INFO - Filling up the DagBag from /opt/airflow/dags/utils/__init__.py
[2025-11-16T00:35:13.806+0000] {processor.py:841} WARNING - No viable dags retrieved from /opt/airflow/dags/utils/__init__.py
[2025-11-16T00:35:13.825+0000] {processor.py:179} INFO - Processing /opt/airflow/dags/utils/__init__.py took 0.041 seconds
[2025-11-16T00:35:44.352+0000] {processor.py:157} INFO - Started process (PID=5104) to work on /opt/airflow/dags/utils/__init__.py
[2025-11-16T00:35:44.352+0000] {processor.py:829} INFO - Processing file /opt/airflow/dags/utils/__init__.py for tasks to queue
[2025-11-16T00:35:44.352+0000] {logging_mixin.py:154} INFO - [2025-11-16T00:35:44.352+0000] {dagbag.py:536} INFO - Filling up the DagBag from /opt/airflow/dags/utils/__init__.py
[2025-11-16T00:35:44.354+0000] {processor.py:841} WARNING - No viable dags retrieved from /opt/airflow/dags/utils/__init__.py
[2025-11-16T00:35:44.364+0000] {processor.py:179} INFO - Processing /opt/airflow/dags/utils/__init__.py took 0.015 seconds
[2025-11-16T00:36:14.853+0000] {processor.py:157} INFO - Started process (PID=5164) to work on /opt/airflow/dags/utils/__init__.py
[2025-11-16T00:36:14.858+0000] {processor.py:829} INFO - Processing file /opt/airflow/dags/utils/__init__.py for tasks to queue
[2025-11-16T00:36:14.859+0000] {logging_mixin.py:154} INFO - [2025-11-16T00:36:14.858+0000] {dagbag.py:536} INFO - Filling up the DagBag from /opt/airflow/dags/utils/__init__.py
[2025-11-16T00:36:14.860+0000] {processor.py:841} WARNING - No viable dags retrieved from /opt/airflow/dags/utils/__init__.py
[2025-11-16T00:36:14.872+0000] {processor.py:179} INFO - Processing /opt/airflow/dags/utils/__init__.py took 0.021 seconds
[2025-11-16T00:36:45.353+0000] {processor.py:157} INFO - Started process (PID=5216) to work on /opt/airflow/dags/utils/__init__.py
[2025-11-16T00:36:45.353+0000] {processor.py:829} INFO - Processing file /opt/airflow/dags/utils/__init__.py for tasks to queue
[2025-11-16T00:36:45.354+0000] {logging_mixin.py:154} INFO - [2025-11-16T00:36:45.354+0000] {dagbag.py:536} INFO - Filling up the DagBag from /opt/airflow/dags/utils/__init__.py
[2025-11-16T00:36:45.355+0000] {processor.py:841} WARNING - No viable dags retrieved from /opt/airflow/dags/utils/__init__.py
[2025-11-16T00:36:45.365+0000] {processor.py:179} INFO - Processing /opt/airflow/dags/utils/__init__.py took 0.015 seconds
[2025-11-16T00:37:16.201+0000] {processor.py:157} INFO - Started process (PID=5275) to work on /opt/airflow/dags/utils/__init__.py
[2025-11-16T00:37:16.202+0000] {processor.py:829} INFO - Processing file /opt/airflow/dags/utils/__init__.py for tasks to queue
[2025-11-16T00:37:16.202+0000] {logging_mixin.py:154} INFO - [2025-11-16T00:37:16.202+0000] {dagbag.py:536} INFO - Filling up the DagBag from /opt/airflow/dags/utils/__init__.py
[2025-11-16T00:37:16.204+0000] {processor.py:841} WARNING - No viable dags retrieved from /opt/airflow/dags/utils/__init__.py
[2025-11-16T00:37:16.214+0000] {processor.py:179} INFO - Processing /opt/airflow/dags/utils/__init__.py took 0.015 seconds
[2025-11-16T00:37:46.886+0000] {processor.py:157} INFO - Started process (PID=5334) to work on /opt/airflow/dags/utils/__init__.py
[2025-11-16T00:37:46.887+0000] {processor.py:829} INFO - Processing file /opt/airflow/dags/utils/__init__.py for tasks to queue
[2025-11-16T00:37:46.888+0000] {logging_mixin.py:154} INFO - [2025-11-16T00:37:46.887+0000] {dagbag.py:536} INFO - Filling up the DagBag from /opt/airflow/dags/utils/__init__.py
[2025-11-16T00:37:46.889+0000] {processor.py:841} WARNING - No viable dags retrieved from /opt/airflow/dags/utils/__init__.py
[2025-11-16T00:37:46.899+0000] {processor.py:179} INFO - Processing /opt/airflow/dags/utils/__init__.py took 0.015 seconds
[2025-11-16T00:38:17.492+0000] {processor.py:157} INFO - Started process (PID=5393) to work on /opt/airflow/dags/utils/__init__.py
[2025-11-16T00:38:17.493+0000] {processor.py:829} INFO - Processing file /opt/airflow/dags/utils/__init__.py for tasks to queue
[2025-11-16T00:38:17.493+0000] {logging_mixin.py:154} INFO - [2025-11-16T00:38:17.493+0000] {dagbag.py:536} INFO - Filling up the DagBag from /opt/airflow/dags/utils/__init__.py
[2025-11-16T00:38:17.495+0000] {processor.py:841} WARNING - No viable dags retrieved from /opt/airflow/dags/utils/__init__.py
[2025-11-16T00:38:17.506+0000] {processor.py:179} INFO - Processing /opt/airflow/dags/utils/__init__.py took 0.017 seconds
[2025-11-16T00:38:47.884+0000] {processor.py:157} INFO - Started process (PID=5452) to work on /opt/airflow/dags/utils/__init__.py
[2025-11-16T00:38:47.885+0000] {processor.py:829} INFO - Processing file /opt/airflow/dags/utils/__init__.py for tasks to queue
[2025-11-16T00:38:47.885+0000] {logging_mixin.py:154} INFO - [2025-11-16T00:38:47.885+0000] {dagbag.py:536} INFO - Filling up the DagBag from /opt/airflow/dags/utils/__init__.py
[2025-11-16T00:38:47.887+0000] {processor.py:841} WARNING - No viable dags retrieved from /opt/airflow/dags/utils/__init__.py
[2025-11-16T00:38:47.898+0000] {processor.py:179} INFO - Processing /opt/airflow/dags/utils/__init__.py took 0.017 seconds
[2025-11-16T00:39:18.558+0000] {processor.py:157} INFO - Started process (PID=5511) to work on /opt/airflow/dags/utils/__init__.py
[2025-11-16T00:39:18.559+0000] {processor.py:829} INFO - Processing file /opt/airflow/dags/utils/__init__.py for tasks to queue
[2025-11-16T00:39:18.560+0000] {logging_mixin.py:154} INFO - [2025-11-16T00:39:18.559+0000] {dagbag.py:536} INFO - Filling up the DagBag from /opt/airflow/dags/utils/__init__.py
[2025-11-16T00:39:18.562+0000] {processor.py:841} WARNING - No viable dags retrieved from /opt/airflow/dags/utils/__init__.py
[2025-11-16T00:39:18.574+0000] {processor.py:179} INFO - Processing /opt/airflow/dags/utils/__init__.py took 0.019 seconds
[2025-11-16T00:39:48.922+0000] {processor.py:157} INFO - Started process (PID=5563) to work on /opt/airflow/dags/utils/__init__.py
[2025-11-16T00:39:48.922+0000] {processor.py:829} INFO - Processing file /opt/airflow/dags/utils/__init__.py for tasks to queue
[2025-11-16T00:39:48.923+0000] {logging_mixin.py:154} INFO - [2025-11-16T00:39:48.922+0000] {dagbag.py:536} INFO - Filling up the DagBag from /opt/airflow/dags/utils/__init__.py
[2025-11-16T00:39:48.924+0000] {processor.py:841} WARNING - No viable dags retrieved from /opt/airflow/dags/utils/__init__.py
[2025-11-16T00:39:48.936+0000] {processor.py:179} INFO - Processing /opt/airflow/dags/utils/__init__.py took 0.017 seconds
[2025-11-16T00:40:19.558+0000] {processor.py:157} INFO - Started process (PID=5622) to work on /opt/airflow/dags/utils/__init__.py
[2025-11-16T00:40:19.558+0000] {processor.py:829} INFO - Processing file /opt/airflow/dags/utils/__init__.py for tasks to queue
[2025-11-16T00:40:19.559+0000] {logging_mixin.py:154} INFO - [2025-11-16T00:40:19.559+0000] {dagbag.py:536} INFO - Filling up the DagBag from /opt/airflow/dags/utils/__init__.py
[2025-11-16T00:40:19.560+0000] {processor.py:841} WARNING - No viable dags retrieved from /opt/airflow/dags/utils/__init__.py
[2025-11-16T00:40:19.570+0000] {processor.py:179} INFO - Processing /opt/airflow/dags/utils/__init__.py took 0.014 seconds
[2025-11-16T00:40:50.286+0000] {processor.py:157} INFO - Started process (PID=5681) to work on /opt/airflow/dags/utils/__init__.py
[2025-11-16T00:40:50.286+0000] {processor.py:829} INFO - Processing file /opt/airflow/dags/utils/__init__.py for tasks to queue
[2025-11-16T00:40:50.287+0000] {logging_mixin.py:154} INFO - [2025-11-16T00:40:50.287+0000] {dagbag.py:536} INFO - Filling up the DagBag from /opt/airflow/dags/utils/__init__.py
[2025-11-16T00:40:50.289+0000] {processor.py:841} WARNING - No viable dags retrieved from /opt/airflow/dags/utils/__init__.py
[2025-11-16T00:40:50.300+0000] {processor.py:179} INFO - Processing /opt/airflow/dags/utils/__init__.py took 0.017 seconds
[2025-11-16T00:41:20.930+0000] {processor.py:157} INFO - Started process (PID=5740) to work on /opt/airflow/dags/utils/__init__.py
[2025-11-16T00:41:20.931+0000] {processor.py:829} INFO - Processing file /opt/airflow/dags/utils/__init__.py for tasks to queue
[2025-11-16T00:41:20.931+0000] {logging_mixin.py:154} INFO - [2025-11-16T00:41:20.931+0000] {dagbag.py:536} INFO - Filling up the DagBag from /opt/airflow/dags/utils/__init__.py
[2025-11-16T00:41:20.933+0000] {processor.py:841} WARNING - No viable dags retrieved from /opt/airflow/dags/utils/__init__.py
[2025-11-16T00:41:20.942+0000] {processor.py:179} INFO - Processing /opt/airflow/dags/utils/__init__.py took 0.014 seconds
[2025-11-16T00:41:51.555+0000] {processor.py:157} INFO - Started process (PID=5799) to work on /opt/airflow/dags/utils/__init__.py
[2025-11-16T00:41:51.555+0000] {processor.py:829} INFO - Processing file /opt/airflow/dags/utils/__init__.py for tasks to queue
[2025-11-16T00:41:51.556+0000] {logging_mixin.py:154} INFO - [2025-11-16T00:41:51.555+0000] {dagbag.py:536} INFO - Filling up the DagBag from /opt/airflow/dags/utils/__init__.py
[2025-11-16T00:41:51.557+0000] {processor.py:841} WARNING - No viable dags retrieved from /opt/airflow/dags/utils/__init__.py
[2025-11-16T00:41:51.570+0000] {processor.py:179} INFO - Processing /opt/airflow/dags/utils/__init__.py took 0.019 seconds
[2025-11-16T00:42:21.887+0000] {processor.py:157} INFO - Started process (PID=5858) to work on /opt/airflow/dags/utils/__init__.py
[2025-11-16T00:42:21.888+0000] {processor.py:829} INFO - Processing file /opt/airflow/dags/utils/__init__.py for tasks to queue
[2025-11-16T00:42:21.889+0000] {logging_mixin.py:154} INFO - [2025-11-16T00:42:21.888+0000] {dagbag.py:536} INFO - Filling up the DagBag from /opt/airflow/dags/utils/__init__.py
[2025-11-16T00:42:21.890+0000] {processor.py:841} WARNING - No viable dags retrieved from /opt/airflow/dags/utils/__init__.py
[2025-11-16T00:42:21.901+0000] {processor.py:179} INFO - Processing /opt/airflow/dags/utils/__init__.py took 0.017 seconds
[2025-11-16T00:42:52.715+0000] {processor.py:157} INFO - Started process (PID=5917) to work on /opt/airflow/dags/utils/__init__.py
[2025-11-16T00:42:52.715+0000] {processor.py:829} INFO - Processing file /opt/airflow/dags/utils/__init__.py for tasks to queue
[2025-11-16T00:42:52.716+0000] {logging_mixin.py:154} INFO - [2025-11-16T00:42:52.716+0000] {dagbag.py:536} INFO - Filling up the DagBag from /opt/airflow/dags/utils/__init__.py
[2025-11-16T00:42:52.718+0000] {processor.py:841} WARNING - No viable dags retrieved from /opt/airflow/dags/utils/__init__.py
[2025-11-16T00:42:52.728+0000] {processor.py:179} INFO - Processing /opt/airflow/dags/utils/__init__.py took 0.016 seconds
[2025-11-16T00:43:23.347+0000] {processor.py:157} INFO - Started process (PID=5969) to work on /opt/airflow/dags/utils/__init__.py
[2025-11-16T00:43:23.348+0000] {processor.py:829} INFO - Processing file /opt/airflow/dags/utils/__init__.py for tasks to queue
[2025-11-16T00:43:23.348+0000] {logging_mixin.py:154} INFO - [2025-11-16T00:43:23.348+0000] {dagbag.py:536} INFO - Filling up the DagBag from /opt/airflow/dags/utils/__init__.py
[2025-11-16T00:43:23.350+0000] {processor.py:841} WARNING - No viable dags retrieved from /opt/airflow/dags/utils/__init__.py
[2025-11-16T00:43:23.362+0000] {processor.py:179} INFO - Processing /opt/airflow/dags/utils/__init__.py took 0.017 seconds
[2025-11-16T00:43:53.639+0000] {processor.py:157} INFO - Started process (PID=6028) to work on /opt/airflow/dags/utils/__init__.py
[2025-11-16T00:43:53.640+0000] {processor.py:829} INFO - Processing file /opt/airflow/dags/utils/__init__.py for tasks to queue
[2025-11-16T00:43:53.640+0000] {logging_mixin.py:154} INFO - [2025-11-16T00:43:53.640+0000] {dagbag.py:536} INFO - Filling up the DagBag from /opt/airflow/dags/utils/__init__.py
[2025-11-16T00:43:53.642+0000] {processor.py:841} WARNING - No viable dags retrieved from /opt/airflow/dags/utils/__init__.py
[2025-11-16T00:43:53.652+0000] {processor.py:179} INFO - Processing /opt/airflow/dags/utils/__init__.py took 0.015 seconds
[2025-11-16T00:44:24.272+0000] {processor.py:157} INFO - Started process (PID=6087) to work on /opt/airflow/dags/utils/__init__.py
[2025-11-16T00:44:24.272+0000] {processor.py:829} INFO - Processing file /opt/airflow/dags/utils/__init__.py for tasks to queue
[2025-11-16T00:44:24.273+0000] {logging_mixin.py:154} INFO - [2025-11-16T00:44:24.273+0000] {dagbag.py:536} INFO - Filling up the DagBag from /opt/airflow/dags/utils/__init__.py
[2025-11-16T00:44:24.274+0000] {processor.py:841} WARNING - No viable dags retrieved from /opt/airflow/dags/utils/__init__.py
[2025-11-16T00:44:24.284+0000] {processor.py:179} INFO - Processing /opt/airflow/dags/utils/__init__.py took 0.015 seconds
[2025-11-16T00:44:54.574+0000] {processor.py:157} INFO - Started process (PID=6146) to work on /opt/airflow/dags/utils/__init__.py
[2025-11-16T00:44:54.574+0000] {processor.py:829} INFO - Processing file /opt/airflow/dags/utils/__init__.py for tasks to queue
[2025-11-16T00:44:54.575+0000] {logging_mixin.py:154} INFO - [2025-11-16T00:44:54.574+0000] {dagbag.py:536} INFO - Filling up the DagBag from /opt/airflow/dags/utils/__init__.py
[2025-11-16T00:44:54.576+0000] {processor.py:841} WARNING - No viable dags retrieved from /opt/airflow/dags/utils/__init__.py
[2025-11-16T00:44:54.587+0000] {processor.py:179} INFO - Processing /opt/airflow/dags/utils/__init__.py took 0.015 seconds
[2025-11-16T00:45:25.183+0000] {processor.py:157} INFO - Started process (PID=6205) to work on /opt/airflow/dags/utils/__init__.py
[2025-11-16T00:45:25.183+0000] {processor.py:829} INFO - Processing file /opt/airflow/dags/utils/__init__.py for tasks to queue
[2025-11-16T00:45:25.184+0000] {logging_mixin.py:154} INFO - [2025-11-16T00:45:25.184+0000] {dagbag.py:536} INFO - Filling up the DagBag from /opt/airflow/dags/utils/__init__.py
[2025-11-16T00:45:25.185+0000] {processor.py:841} WARNING - No viable dags retrieved from /opt/airflow/dags/utils/__init__.py
[2025-11-16T00:45:25.195+0000] {processor.py:179} INFO - Processing /opt/airflow/dags/utils/__init__.py took 0.013 seconds
[2025-11-16T00:45:55.743+0000] {processor.py:157} INFO - Started process (PID=6264) to work on /opt/airflow/dags/utils/__init__.py
[2025-11-16T00:45:55.744+0000] {processor.py:829} INFO - Processing file /opt/airflow/dags/utils/__init__.py for tasks to queue
[2025-11-16T00:45:55.744+0000] {logging_mixin.py:154} INFO - [2025-11-16T00:45:55.744+0000] {dagbag.py:536} INFO - Filling up the DagBag from /opt/airflow/dags/utils/__init__.py
[2025-11-16T00:45:55.746+0000] {processor.py:841} WARNING - No viable dags retrieved from /opt/airflow/dags/utils/__init__.py
[2025-11-16T00:45:55.756+0000] {processor.py:179} INFO - Processing /opt/airflow/dags/utils/__init__.py took 0.016 seconds
[2025-11-16T00:46:26.384+0000] {processor.py:157} INFO - Started process (PID=6323) to work on /opt/airflow/dags/utils/__init__.py
[2025-11-16T00:46:26.384+0000] {processor.py:829} INFO - Processing file /opt/airflow/dags/utils/__init__.py for tasks to queue
[2025-11-16T00:46:26.385+0000] {logging_mixin.py:154} INFO - [2025-11-16T00:46:26.384+0000] {dagbag.py:536} INFO - Filling up the DagBag from /opt/airflow/dags/utils/__init__.py
[2025-11-16T00:46:26.386+0000] {processor.py:841} WARNING - No viable dags retrieved from /opt/airflow/dags/utils/__init__.py
[2025-11-16T00:46:26.398+0000] {processor.py:179} INFO - Processing /opt/airflow/dags/utils/__init__.py took 0.018 seconds
[2025-11-16T00:46:56.630+0000] {processor.py:157} INFO - Started process (PID=6375) to work on /opt/airflow/dags/utils/__init__.py
[2025-11-16T00:46:56.631+0000] {processor.py:829} INFO - Processing file /opt/airflow/dags/utils/__init__.py for tasks to queue
[2025-11-16T00:46:56.631+0000] {logging_mixin.py:154} INFO - [2025-11-16T00:46:56.631+0000] {dagbag.py:536} INFO - Filling up the DagBag from /opt/airflow/dags/utils/__init__.py
[2025-11-16T00:46:56.633+0000] {processor.py:841} WARNING - No viable dags retrieved from /opt/airflow/dags/utils/__init__.py
[2025-11-16T00:46:56.645+0000] {processor.py:179} INFO - Processing /opt/airflow/dags/utils/__init__.py took 0.018 seconds
[2025-11-16T00:47:27.224+0000] {processor.py:157} INFO - Started process (PID=6434) to work on /opt/airflow/dags/utils/__init__.py
[2025-11-16T00:47:27.224+0000] {processor.py:829} INFO - Processing file /opt/airflow/dags/utils/__init__.py for tasks to queue
[2025-11-16T00:47:27.225+0000] {logging_mixin.py:154} INFO - [2025-11-16T00:47:27.224+0000] {dagbag.py:536} INFO - Filling up the DagBag from /opt/airflow/dags/utils/__init__.py
[2025-11-16T00:47:27.226+0000] {processor.py:841} WARNING - No viable dags retrieved from /opt/airflow/dags/utils/__init__.py
[2025-11-16T00:47:27.236+0000] {processor.py:179} INFO - Processing /opt/airflow/dags/utils/__init__.py took 0.016 seconds
[2025-11-16T00:47:57.471+0000] {processor.py:157} INFO - Started process (PID=6493) to work on /opt/airflow/dags/utils/__init__.py
[2025-11-16T00:47:57.472+0000] {processor.py:829} INFO - Processing file /opt/airflow/dags/utils/__init__.py for tasks to queue
[2025-11-16T00:47:57.472+0000] {logging_mixin.py:154} INFO - [2025-11-16T00:47:57.472+0000] {dagbag.py:536} INFO - Filling up the DagBag from /opt/airflow/dags/utils/__init__.py
[2025-11-16T00:47:57.474+0000] {processor.py:841} WARNING - No viable dags retrieved from /opt/airflow/dags/utils/__init__.py
[2025-11-16T00:47:57.483+0000] {processor.py:179} INFO - Processing /opt/airflow/dags/utils/__init__.py took 0.014 seconds
[2025-11-16T00:48:28.029+0000] {processor.py:157} INFO - Started process (PID=6552) to work on /opt/airflow/dags/utils/__init__.py
[2025-11-16T00:48:28.029+0000] {processor.py:829} INFO - Processing file /opt/airflow/dags/utils/__init__.py for tasks to queue
[2025-11-16T00:48:28.030+0000] {logging_mixin.py:154} INFO - [2025-11-16T00:48:28.029+0000] {dagbag.py:536} INFO - Filling up the DagBag from /opt/airflow/dags/utils/__init__.py
[2025-11-16T00:48:28.031+0000] {processor.py:841} WARNING - No viable dags retrieved from /opt/airflow/dags/utils/__init__.py
[2025-11-16T00:48:28.042+0000] {processor.py:179} INFO - Processing /opt/airflow/dags/utils/__init__.py took 0.017 seconds
[2025-11-16T00:48:58.708+0000] {processor.py:157} INFO - Started process (PID=6611) to work on /opt/airflow/dags/utils/__init__.py
[2025-11-16T00:48:58.709+0000] {processor.py:829} INFO - Processing file /opt/airflow/dags/utils/__init__.py for tasks to queue
[2025-11-16T00:48:58.709+0000] {logging_mixin.py:154} INFO - [2025-11-16T00:48:58.709+0000] {dagbag.py:536} INFO - Filling up the DagBag from /opt/airflow/dags/utils/__init__.py
[2025-11-16T00:48:58.711+0000] {processor.py:841} WARNING - No viable dags retrieved from /opt/airflow/dags/utils/__init__.py
[2025-11-16T00:48:58.720+0000] {processor.py:179} INFO - Processing /opt/airflow/dags/utils/__init__.py took 0.015 seconds
[2025-11-16T00:49:29.274+0000] {processor.py:157} INFO - Started process (PID=6670) to work on /opt/airflow/dags/utils/__init__.py
[2025-11-16T00:49:29.274+0000] {processor.py:829} INFO - Processing file /opt/airflow/dags/utils/__init__.py for tasks to queue
[2025-11-16T00:49:29.275+0000] {logging_mixin.py:154} INFO - [2025-11-16T00:49:29.275+0000] {dagbag.py:536} INFO - Filling up the DagBag from /opt/airflow/dags/utils/__init__.py
[2025-11-16T00:49:29.276+0000] {processor.py:841} WARNING - No viable dags retrieved from /opt/airflow/dags/utils/__init__.py
[2025-11-16T00:49:29.286+0000] {processor.py:179} INFO - Processing /opt/airflow/dags/utils/__init__.py took 0.015 seconds
[2025-11-16T00:49:59.610+0000] {processor.py:157} INFO - Started process (PID=6729) to work on /opt/airflow/dags/utils/__init__.py
[2025-11-16T00:49:59.610+0000] {processor.py:829} INFO - Processing file /opt/airflow/dags/utils/__init__.py for tasks to queue
[2025-11-16T00:49:59.611+0000] {logging_mixin.py:154} INFO - [2025-11-16T00:49:59.610+0000] {dagbag.py:536} INFO - Filling up the DagBag from /opt/airflow/dags/utils/__init__.py
[2025-11-16T00:49:59.612+0000] {processor.py:841} WARNING - No viable dags retrieved from /opt/airflow/dags/utils/__init__.py
[2025-11-16T00:49:59.622+0000] {processor.py:179} INFO - Processing /opt/airflow/dags/utils/__init__.py took 0.015 seconds
[2025-11-16T00:50:29.943+0000] {processor.py:157} INFO - Started process (PID=6781) to work on /opt/airflow/dags/utils/__init__.py
[2025-11-16T00:50:29.943+0000] {processor.py:829} INFO - Processing file /opt/airflow/dags/utils/__init__.py for tasks to queue
[2025-11-16T00:50:29.944+0000] {logging_mixin.py:154} INFO - [2025-11-16T00:50:29.944+0000] {dagbag.py:536} INFO - Filling up the DagBag from /opt/airflow/dags/utils/__init__.py
[2025-11-16T00:50:29.946+0000] {processor.py:841} WARNING - No viable dags retrieved from /opt/airflow/dags/utils/__init__.py
[2025-11-16T00:50:29.959+0000] {processor.py:179} INFO - Processing /opt/airflow/dags/utils/__init__.py took 0.020 seconds
[2025-11-16T00:51:00.254+0000] {processor.py:157} INFO - Started process (PID=6823) to work on /opt/airflow/dags/utils/__init__.py
[2025-11-16T00:51:00.255+0000] {processor.py:829} INFO - Processing file /opt/airflow/dags/utils/__init__.py for tasks to queue
[2025-11-16T00:51:00.256+0000] {logging_mixin.py:154} INFO - [2025-11-16T00:51:00.255+0000] {dagbag.py:536} INFO - Filling up the DagBag from /opt/airflow/dags/utils/__init__.py
[2025-11-16T00:51:00.257+0000] {processor.py:841} WARNING - No viable dags retrieved from /opt/airflow/dags/utils/__init__.py
[2025-11-16T00:51:00.269+0000] {processor.py:179} INFO - Processing /opt/airflow/dags/utils/__init__.py took 0.017 seconds
[2025-11-16T00:51:30.523+0000] {processor.py:157} INFO - Started process (PID=6882) to work on /opt/airflow/dags/utils/__init__.py
[2025-11-16T00:51:30.524+0000] {processor.py:829} INFO - Processing file /opt/airflow/dags/utils/__init__.py for tasks to queue
[2025-11-16T00:51:30.524+0000] {logging_mixin.py:154} INFO - [2025-11-16T00:51:30.524+0000] {dagbag.py:536} INFO - Filling up the DagBag from /opt/airflow/dags/utils/__init__.py
[2025-11-16T00:51:30.526+0000] {processor.py:841} WARNING - No viable dags retrieved from /opt/airflow/dags/utils/__init__.py
[2025-11-16T00:51:30.537+0000] {processor.py:179} INFO - Processing /opt/airflow/dags/utils/__init__.py took 0.016 seconds
[2025-11-16T00:52:01.162+0000] {processor.py:157} INFO - Started process (PID=6941) to work on /opt/airflow/dags/utils/__init__.py
[2025-11-16T00:52:01.163+0000] {processor.py:829} INFO - Processing file /opt/airflow/dags/utils/__init__.py for tasks to queue
[2025-11-16T00:52:01.164+0000] {logging_mixin.py:154} INFO - [2025-11-16T00:52:01.163+0000] {dagbag.py:536} INFO - Filling up the DagBag from /opt/airflow/dags/utils/__init__.py
[2025-11-16T00:52:01.165+0000] {processor.py:841} WARNING - No viable dags retrieved from /opt/airflow/dags/utils/__init__.py
[2025-11-16T00:52:01.175+0000] {processor.py:179} INFO - Processing /opt/airflow/dags/utils/__init__.py took 0.015 seconds
[2025-11-16T00:52:31.668+0000] {processor.py:157} INFO - Started process (PID=6999) to work on /opt/airflow/dags/utils/__init__.py
[2025-11-16T00:52:31.668+0000] {processor.py:829} INFO - Processing file /opt/airflow/dags/utils/__init__.py for tasks to queue
[2025-11-16T00:52:31.669+0000] {logging_mixin.py:154} INFO - [2025-11-16T00:52:31.669+0000] {dagbag.py:536} INFO - Filling up the DagBag from /opt/airflow/dags/utils/__init__.py
[2025-11-16T00:52:31.670+0000] {processor.py:841} WARNING - No viable dags retrieved from /opt/airflow/dags/utils/__init__.py
[2025-11-16T00:52:31.680+0000] {processor.py:179} INFO - Processing /opt/airflow/dags/utils/__init__.py took 0.015 seconds
[2025-11-16T00:53:02.259+0000] {processor.py:157} INFO - Started process (PID=7058) to work on /opt/airflow/dags/utils/__init__.py
[2025-11-16T00:53:02.259+0000] {processor.py:829} INFO - Processing file /opt/airflow/dags/utils/__init__.py for tasks to queue
[2025-11-16T00:53:02.260+0000] {logging_mixin.py:154} INFO - [2025-11-16T00:53:02.259+0000] {dagbag.py:536} INFO - Filling up the DagBag from /opt/airflow/dags/utils/__init__.py
[2025-11-16T00:53:02.261+0000] {processor.py:841} WARNING - No viable dags retrieved from /opt/airflow/dags/utils/__init__.py
[2025-11-16T00:53:02.271+0000] {processor.py:179} INFO - Processing /opt/airflow/dags/utils/__init__.py took 0.015 seconds
[2025-11-16T00:53:32.694+0000] {processor.py:157} INFO - Started process (PID=7117) to work on /opt/airflow/dags/utils/__init__.py
[2025-11-16T00:53:32.695+0000] {processor.py:829} INFO - Processing file /opt/airflow/dags/utils/__init__.py for tasks to queue
[2025-11-16T00:53:32.695+0000] {logging_mixin.py:154} INFO - [2025-11-16T00:53:32.695+0000] {dagbag.py:536} INFO - Filling up the DagBag from /opt/airflow/dags/utils/__init__.py
[2025-11-16T00:53:32.697+0000] {processor.py:841} WARNING - No viable dags retrieved from /opt/airflow/dags/utils/__init__.py
[2025-11-16T00:53:32.709+0000] {processor.py:179} INFO - Processing /opt/airflow/dags/utils/__init__.py took 0.018 seconds
[2025-11-16T00:54:02.966+0000] {processor.py:157} INFO - Started process (PID=7169) to work on /opt/airflow/dags/utils/__init__.py
[2025-11-16T00:54:02.966+0000] {processor.py:829} INFO - Processing file /opt/airflow/dags/utils/__init__.py for tasks to queue
[2025-11-16T00:54:02.967+0000] {logging_mixin.py:154} INFO - [2025-11-16T00:54:02.966+0000] {dagbag.py:536} INFO - Filling up the DagBag from /opt/airflow/dags/utils/__init__.py
[2025-11-16T00:54:02.968+0000] {processor.py:841} WARNING - No viable dags retrieved from /opt/airflow/dags/utils/__init__.py
[2025-11-16T00:54:02.978+0000] {processor.py:179} INFO - Processing /opt/airflow/dags/utils/__init__.py took 0.015 seconds
[2025-11-16T00:54:33.563+0000] {processor.py:157} INFO - Started process (PID=7228) to work on /opt/airflow/dags/utils/__init__.py
[2025-11-16T00:54:33.563+0000] {processor.py:829} INFO - Processing file /opt/airflow/dags/utils/__init__.py for tasks to queue
[2025-11-16T00:54:33.564+0000] {logging_mixin.py:154} INFO - [2025-11-16T00:54:33.563+0000] {dagbag.py:536} INFO - Filling up the DagBag from /opt/airflow/dags/utils/__init__.py
[2025-11-16T00:54:33.565+0000] {processor.py:841} WARNING - No viable dags retrieved from /opt/airflow/dags/utils/__init__.py
[2025-11-16T00:54:33.578+0000] {processor.py:179} INFO - Processing /opt/airflow/dags/utils/__init__.py took 0.020 seconds
[2025-11-16T00:55:03.931+0000] {processor.py:157} INFO - Started process (PID=7287) to work on /opt/airflow/dags/utils/__init__.py
[2025-11-16T00:55:03.932+0000] {processor.py:829} INFO - Processing file /opt/airflow/dags/utils/__init__.py for tasks to queue
[2025-11-16T00:55:03.932+0000] {logging_mixin.py:154} INFO - [2025-11-16T00:55:03.932+0000] {dagbag.py:536} INFO - Filling up the DagBag from /opt/airflow/dags/utils/__init__.py
[2025-11-16T00:55:03.934+0000] {processor.py:841} WARNING - No viable dags retrieved from /opt/airflow/dags/utils/__init__.py
[2025-11-16T00:55:03.944+0000] {processor.py:179} INFO - Processing /opt/airflow/dags/utils/__init__.py took 0.015 seconds
[2025-11-16T00:55:34.189+0000] {processor.py:157} INFO - Started process (PID=7346) to work on /opt/airflow/dags/utils/__init__.py
[2025-11-16T00:55:34.189+0000] {processor.py:829} INFO - Processing file /opt/airflow/dags/utils/__init__.py for tasks to queue
[2025-11-16T00:55:34.190+0000] {logging_mixin.py:154} INFO - [2025-11-16T00:55:34.189+0000] {dagbag.py:536} INFO - Filling up the DagBag from /opt/airflow/dags/utils/__init__.py
[2025-11-16T00:55:34.191+0000] {processor.py:841} WARNING - No viable dags retrieved from /opt/airflow/dags/utils/__init__.py
[2025-11-16T00:55:34.201+0000] {processor.py:179} INFO - Processing /opt/airflow/dags/utils/__init__.py took 0.015 seconds
[2025-11-16T00:56:04.800+0000] {processor.py:157} INFO - Started process (PID=7405) to work on /opt/airflow/dags/utils/__init__.py
[2025-11-16T00:56:04.801+0000] {processor.py:829} INFO - Processing file /opt/airflow/dags/utils/__init__.py for tasks to queue
[2025-11-16T00:56:04.801+0000] {logging_mixin.py:154} INFO - [2025-11-16T00:56:04.801+0000] {dagbag.py:536} INFO - Filling up the DagBag from /opt/airflow/dags/utils/__init__.py
[2025-11-16T00:56:04.803+0000] {processor.py:841} WARNING - No viable dags retrieved from /opt/airflow/dags/utils/__init__.py
[2025-11-16T00:56:04.814+0000] {processor.py:179} INFO - Processing /opt/airflow/dags/utils/__init__.py took 0.017 seconds
[2025-11-16T00:56:35.040+0000] {processor.py:157} INFO - Started process (PID=7464) to work on /opt/airflow/dags/utils/__init__.py
[2025-11-16T00:56:35.040+0000] {processor.py:829} INFO - Processing file /opt/airflow/dags/utils/__init__.py for tasks to queue
[2025-11-16T00:56:35.041+0000] {logging_mixin.py:154} INFO - [2025-11-16T00:56:35.040+0000] {dagbag.py:536} INFO - Filling up the DagBag from /opt/airflow/dags/utils/__init__.py
[2025-11-16T00:56:35.042+0000] {processor.py:841} WARNING - No viable dags retrieved from /opt/airflow/dags/utils/__init__.py
[2025-11-16T00:56:35.054+0000] {processor.py:179} INFO - Processing /opt/airflow/dags/utils/__init__.py took 0.017 seconds
[2025-11-16T00:57:05.640+0000] {processor.py:157} INFO - Started process (PID=7523) to work on /opt/airflow/dags/utils/__init__.py
[2025-11-16T00:57:05.641+0000] {processor.py:829} INFO - Processing file /opt/airflow/dags/utils/__init__.py for tasks to queue
[2025-11-16T00:57:05.641+0000] {logging_mixin.py:154} INFO - [2025-11-16T00:57:05.641+0000] {dagbag.py:536} INFO - Filling up the DagBag from /opt/airflow/dags/utils/__init__.py
[2025-11-16T00:57:05.643+0000] {processor.py:841} WARNING - No viable dags retrieved from /opt/airflow/dags/utils/__init__.py
[2025-11-16T00:57:05.654+0000] {processor.py:179} INFO - Processing /opt/airflow/dags/utils/__init__.py took 0.016 seconds
[2025-11-16T00:57:36.161+0000] {processor.py:157} INFO - Started process (PID=7575) to work on /opt/airflow/dags/utils/__init__.py
[2025-11-16T00:57:36.161+0000] {processor.py:829} INFO - Processing file /opt/airflow/dags/utils/__init__.py for tasks to queue
[2025-11-16T00:57:36.162+0000] {logging_mixin.py:154} INFO - [2025-11-16T00:57:36.162+0000] {dagbag.py:536} INFO - Filling up the DagBag from /opt/airflow/dags/utils/__init__.py
[2025-11-16T00:57:36.163+0000] {processor.py:841} WARNING - No viable dags retrieved from /opt/airflow/dags/utils/__init__.py
[2025-11-16T00:57:36.175+0000] {processor.py:179} INFO - Processing /opt/airflow/dags/utils/__init__.py took 0.017 seconds
[2025-11-16T00:58:06.755+0000] {processor.py:157} INFO - Started process (PID=7634) to work on /opt/airflow/dags/utils/__init__.py
[2025-11-16T00:58:06.756+0000] {processor.py:829} INFO - Processing file /opt/airflow/dags/utils/__init__.py for tasks to queue
[2025-11-16T00:58:06.756+0000] {logging_mixin.py:154} INFO - [2025-11-16T00:58:06.756+0000] {dagbag.py:536} INFO - Filling up the DagBag from /opt/airflow/dags/utils/__init__.py
[2025-11-16T00:58:06.758+0000] {processor.py:841} WARNING - No viable dags retrieved from /opt/airflow/dags/utils/__init__.py
[2025-11-16T00:58:06.766+0000] {processor.py:179} INFO - Processing /opt/airflow/dags/utils/__init__.py took 0.012 seconds
[2025-11-16T00:58:37.033+0000] {processor.py:157} INFO - Started process (PID=7693) to work on /opt/airflow/dags/utils/__init__.py
[2025-11-16T00:58:37.034+0000] {processor.py:829} INFO - Processing file /opt/airflow/dags/utils/__init__.py for tasks to queue
[2025-11-16T00:58:37.035+0000] {logging_mixin.py:154} INFO - [2025-11-16T00:58:37.035+0000] {dagbag.py:536} INFO - Filling up the DagBag from /opt/airflow/dags/utils/__init__.py
[2025-11-16T00:58:37.039+0000] {processor.py:841} WARNING - No viable dags retrieved from /opt/airflow/dags/utils/__init__.py
[2025-11-16T00:58:37.059+0000] {processor.py:179} INFO - Processing /opt/airflow/dags/utils/__init__.py took 0.032 seconds
[2025-11-16T00:59:07.623+0000] {processor.py:157} INFO - Started process (PID=7753) to work on /opt/airflow/dags/utils/__init__.py
[2025-11-16T00:59:07.624+0000] {processor.py:829} INFO - Processing file /opt/airflow/dags/utils/__init__.py for tasks to queue
[2025-11-16T00:59:07.624+0000] {logging_mixin.py:154} INFO - [2025-11-16T00:59:07.624+0000] {dagbag.py:536} INFO - Filling up the DagBag from /opt/airflow/dags/utils/__init__.py
[2025-11-16T00:59:07.626+0000] {processor.py:841} WARNING - No viable dags retrieved from /opt/airflow/dags/utils/__init__.py
[2025-11-16T00:59:07.638+0000] {processor.py:179} INFO - Processing /opt/airflow/dags/utils/__init__.py took 0.018 seconds
[2025-11-16T00:59:37.797+0000] {processor.py:157} INFO - Started process (PID=7812) to work on /opt/airflow/dags/utils/__init__.py
[2025-11-16T00:59:37.798+0000] {processor.py:829} INFO - Processing file /opt/airflow/dags/utils/__init__.py for tasks to queue
[2025-11-16T00:59:37.799+0000] {logging_mixin.py:154} INFO - [2025-11-16T00:59:37.798+0000] {dagbag.py:536} INFO - Filling up the DagBag from /opt/airflow/dags/utils/__init__.py
[2025-11-16T00:59:37.801+0000] {processor.py:841} WARNING - No viable dags retrieved from /opt/airflow/dags/utils/__init__.py
[2025-11-16T00:59:37.813+0000] {processor.py:179} INFO - Processing /opt/airflow/dags/utils/__init__.py took 0.018 seconds
[2025-11-16T01:00:08.376+0000] {processor.py:157} INFO - Started process (PID=7864) to work on /opt/airflow/dags/utils/__init__.py
[2025-11-16T01:00:08.376+0000] {processor.py:829} INFO - Processing file /opt/airflow/dags/utils/__init__.py for tasks to queue
[2025-11-16T01:00:08.377+0000] {logging_mixin.py:154} INFO - [2025-11-16T01:00:08.377+0000] {dagbag.py:536} INFO - Filling up the DagBag from /opt/airflow/dags/utils/__init__.py
[2025-11-16T01:00:08.378+0000] {processor.py:841} WARNING - No viable dags retrieved from /opt/airflow/dags/utils/__init__.py
[2025-11-16T01:00:08.390+0000] {processor.py:179} INFO - Processing /opt/airflow/dags/utils/__init__.py took 0.017 seconds
[2025-11-16T01:00:38.477+0000] {processor.py:157} INFO - Started process (PID=7923) to work on /opt/airflow/dags/utils/__init__.py
[2025-11-16T01:00:38.478+0000] {processor.py:829} INFO - Processing file /opt/airflow/dags/utils/__init__.py for tasks to queue
[2025-11-16T01:00:38.478+0000] {logging_mixin.py:154} INFO - [2025-11-16T01:00:38.478+0000] {dagbag.py:536} INFO - Filling up the DagBag from /opt/airflow/dags/utils/__init__.py
[2025-11-16T01:00:38.480+0000] {processor.py:841} WARNING - No viable dags retrieved from /opt/airflow/dags/utils/__init__.py
[2025-11-16T01:00:38.489+0000] {processor.py:179} INFO - Processing /opt/airflow/dags/utils/__init__.py took 0.015 seconds
[2025-11-16T01:01:08.725+0000] {processor.py:157} INFO - Started process (PID=7982) to work on /opt/airflow/dags/utils/__init__.py
[2025-11-16T01:01:08.726+0000] {processor.py:829} INFO - Processing file /opt/airflow/dags/utils/__init__.py for tasks to queue
[2025-11-16T01:01:08.726+0000] {logging_mixin.py:154} INFO - [2025-11-16T01:01:08.726+0000] {dagbag.py:536} INFO - Filling up the DagBag from /opt/airflow/dags/utils/__init__.py
[2025-11-16T01:01:08.728+0000] {processor.py:841} WARNING - No viable dags retrieved from /opt/airflow/dags/utils/__init__.py
[2025-11-16T01:01:08.737+0000] {processor.py:179} INFO - Processing /opt/airflow/dags/utils/__init__.py took 0.014 seconds
[2025-11-16T01:01:39.202+0000] {processor.py:157} INFO - Started process (PID=8041) to work on /opt/airflow/dags/utils/__init__.py
[2025-11-16T01:01:39.202+0000] {processor.py:829} INFO - Processing file /opt/airflow/dags/utils/__init__.py for tasks to queue
[2025-11-16T01:01:39.203+0000] {logging_mixin.py:154} INFO - [2025-11-16T01:01:39.203+0000] {dagbag.py:536} INFO - Filling up the DagBag from /opt/airflow/dags/utils/__init__.py
[2025-11-16T01:01:39.204+0000] {processor.py:841} WARNING - No viable dags retrieved from /opt/airflow/dags/utils/__init__.py
[2025-11-16T01:01:39.214+0000] {processor.py:179} INFO - Processing /opt/airflow/dags/utils/__init__.py took 0.015 seconds
[2025-11-16T01:02:09.728+0000] {processor.py:157} INFO - Started process (PID=8100) to work on /opt/airflow/dags/utils/__init__.py
[2025-11-16T01:02:09.728+0000] {processor.py:829} INFO - Processing file /opt/airflow/dags/utils/__init__.py for tasks to queue
[2025-11-16T01:02:09.729+0000] {logging_mixin.py:154} INFO - [2025-11-16T01:02:09.729+0000] {dagbag.py:536} INFO - Filling up the DagBag from /opt/airflow/dags/utils/__init__.py
[2025-11-16T01:02:09.731+0000] {processor.py:841} WARNING - No viable dags retrieved from /opt/airflow/dags/utils/__init__.py
[2025-11-16T01:02:09.744+0000] {processor.py:179} INFO - Processing /opt/airflow/dags/utils/__init__.py took 0.020 seconds
[2025-11-16T01:02:40.304+0000] {processor.py:157} INFO - Started process (PID=8159) to work on /opt/airflow/dags/utils/__init__.py
[2025-11-16T01:02:40.306+0000] {processor.py:829} INFO - Processing file /opt/airflow/dags/utils/__init__.py for tasks to queue
[2025-11-16T01:02:40.307+0000] {logging_mixin.py:154} INFO - [2025-11-16T01:02:40.306+0000] {dagbag.py:536} INFO - Filling up the DagBag from /opt/airflow/dags/utils/__init__.py
[2025-11-16T01:02:40.309+0000] {processor.py:841} WARNING - No viable dags retrieved from /opt/airflow/dags/utils/__init__.py
[2025-11-16T01:02:40.325+0000] {processor.py:179} INFO - Processing /opt/airflow/dags/utils/__init__.py took 0.026 seconds
[2025-11-16T01:03:10.503+0000] {processor.py:157} INFO - Started process (PID=8211) to work on /opt/airflow/dags/utils/__init__.py
[2025-11-16T01:03:10.503+0000] {processor.py:829} INFO - Processing file /opt/airflow/dags/utils/__init__.py for tasks to queue
[2025-11-16T01:03:10.504+0000] {logging_mixin.py:154} INFO - [2025-11-16T01:03:10.504+0000] {dagbag.py:536} INFO - Filling up the DagBag from /opt/airflow/dags/utils/__init__.py
[2025-11-16T01:03:10.506+0000] {processor.py:841} WARNING - No viable dags retrieved from /opt/airflow/dags/utils/__init__.py
[2025-11-16T01:03:10.517+0000] {processor.py:179} INFO - Processing /opt/airflow/dags/utils/__init__.py took 0.017 seconds
[2025-11-16T01:03:41.062+0000] {processor.py:157} INFO - Started process (PID=8270) to work on /opt/airflow/dags/utils/__init__.py
[2025-11-16T01:03:41.063+0000] {processor.py:829} INFO - Processing file /opt/airflow/dags/utils/__init__.py for tasks to queue
[2025-11-16T01:03:41.063+0000] {logging_mixin.py:154} INFO - [2025-11-16T01:03:41.063+0000] {dagbag.py:536} INFO - Filling up the DagBag from /opt/airflow/dags/utils/__init__.py
[2025-11-16T01:03:41.065+0000] {processor.py:841} WARNING - No viable dags retrieved from /opt/airflow/dags/utils/__init__.py
[2025-11-16T01:03:41.075+0000] {processor.py:179} INFO - Processing /opt/airflow/dags/utils/__init__.py took 0.016 seconds
[2025-11-16T01:04:11.570+0000] {processor.py:157} INFO - Started process (PID=8329) to work on /opt/airflow/dags/utils/__init__.py
[2025-11-16T01:04:11.571+0000] {processor.py:829} INFO - Processing file /opt/airflow/dags/utils/__init__.py for tasks to queue
[2025-11-16T01:04:11.571+0000] {logging_mixin.py:154} INFO - [2025-11-16T01:04:11.571+0000] {dagbag.py:536} INFO - Filling up the DagBag from /opt/airflow/dags/utils/__init__.py
[2025-11-16T01:04:11.573+0000] {processor.py:841} WARNING - No viable dags retrieved from /opt/airflow/dags/utils/__init__.py
[2025-11-16T01:04:11.583+0000] {processor.py:179} INFO - Processing /opt/airflow/dags/utils/__init__.py took 0.015 seconds
[2025-11-16T01:04:41.797+0000] {processor.py:157} INFO - Started process (PID=8389) to work on /opt/airflow/dags/utils/__init__.py
[2025-11-16T01:04:41.797+0000] {processor.py:829} INFO - Processing file /opt/airflow/dags/utils/__init__.py for tasks to queue
[2025-11-16T01:04:41.798+0000] {logging_mixin.py:154} INFO - [2025-11-16T01:04:41.798+0000] {dagbag.py:536} INFO - Filling up the DagBag from /opt/airflow/dags/utils/__init__.py
[2025-11-16T01:04:41.800+0000] {processor.py:841} WARNING - No viable dags retrieved from /opt/airflow/dags/utils/__init__.py
[2025-11-16T01:04:41.812+0000] {processor.py:179} INFO - Processing /opt/airflow/dags/utils/__init__.py took 0.018 seconds
[2025-11-16T01:05:11.973+0000] {processor.py:157} INFO - Started process (PID=8431) to work on /opt/airflow/dags/utils/__init__.py
[2025-11-16T01:05:11.973+0000] {processor.py:829} INFO - Processing file /opt/airflow/dags/utils/__init__.py for tasks to queue
[2025-11-16T01:05:11.974+0000] {logging_mixin.py:154} INFO - [2025-11-16T01:05:11.974+0000] {dagbag.py:536} INFO - Filling up the DagBag from /opt/airflow/dags/utils/__init__.py
[2025-11-16T01:05:11.976+0000] {processor.py:841} WARNING - No viable dags retrieved from /opt/airflow/dags/utils/__init__.py
[2025-11-16T01:05:11.987+0000] {processor.py:179} INFO - Processing /opt/airflow/dags/utils/__init__.py took 0.016 seconds
[2025-11-16T01:05:42.416+0000] {processor.py:157} INFO - Started process (PID=8490) to work on /opt/airflow/dags/utils/__init__.py
[2025-11-16T01:05:42.416+0000] {processor.py:829} INFO - Processing file /opt/airflow/dags/utils/__init__.py for tasks to queue
[2025-11-16T01:05:42.417+0000] {logging_mixin.py:154} INFO - [2025-11-16T01:05:42.416+0000] {dagbag.py:536} INFO - Filling up the DagBag from /opt/airflow/dags/utils/__init__.py
[2025-11-16T01:05:42.418+0000] {processor.py:841} WARNING - No viable dags retrieved from /opt/airflow/dags/utils/__init__.py
[2025-11-16T01:05:42.427+0000] {processor.py:179} INFO - Processing /opt/airflow/dags/utils/__init__.py took 0.014 seconds
[2025-11-16T01:06:12.898+0000] {processor.py:157} INFO - Started process (PID=8549) to work on /opt/airflow/dags/utils/__init__.py
[2025-11-16T01:06:12.899+0000] {processor.py:829} INFO - Processing file /opt/airflow/dags/utils/__init__.py for tasks to queue
[2025-11-16T01:06:12.899+0000] {logging_mixin.py:154} INFO - [2025-11-16T01:06:12.899+0000] {dagbag.py:536} INFO - Filling up the DagBag from /opt/airflow/dags/utils/__init__.py
[2025-11-16T01:06:12.901+0000] {processor.py:841} WARNING - No viable dags retrieved from /opt/airflow/dags/utils/__init__.py
[2025-11-16T01:06:12.910+0000] {processor.py:179} INFO - Processing /opt/airflow/dags/utils/__init__.py took 0.015 seconds
[2025-11-16T01:06:43.218+0000] {processor.py:157} INFO - Started process (PID=8608) to work on /opt/airflow/dags/utils/__init__.py
[2025-11-16T01:06:43.219+0000] {processor.py:829} INFO - Processing file /opt/airflow/dags/utils/__init__.py for tasks to queue
[2025-11-16T01:06:43.219+0000] {logging_mixin.py:154} INFO - [2025-11-16T01:06:43.219+0000] {dagbag.py:536} INFO - Filling up the DagBag from /opt/airflow/dags/utils/__init__.py
[2025-11-16T01:06:43.221+0000] {processor.py:841} WARNING - No viable dags retrieved from /opt/airflow/dags/utils/__init__.py
[2025-11-16T01:06:43.231+0000] {processor.py:179} INFO - Processing /opt/airflow/dags/utils/__init__.py took 0.015 seconds
[2025-11-16T01:07:13.816+0000] {processor.py:157} INFO - Started process (PID=8667) to work on /opt/airflow/dags/utils/__init__.py
[2025-11-16T01:07:13.817+0000] {processor.py:829} INFO - Processing file /opt/airflow/dags/utils/__init__.py for tasks to queue
[2025-11-16T01:07:13.817+0000] {logging_mixin.py:154} INFO - [2025-11-16T01:07:13.817+0000] {dagbag.py:536} INFO - Filling up the DagBag from /opt/airflow/dags/utils/__init__.py
[2025-11-16T01:07:13.819+0000] {processor.py:841} WARNING - No viable dags retrieved from /opt/airflow/dags/utils/__init__.py
[2025-11-16T01:07:13.828+0000] {processor.py:179} INFO - Processing /opt/airflow/dags/utils/__init__.py took 0.015 seconds
[2025-11-16T01:07:44.211+0000] {processor.py:157} INFO - Started process (PID=8719) to work on /opt/airflow/dags/utils/__init__.py
[2025-11-16T01:07:44.212+0000] {processor.py:829} INFO - Processing file /opt/airflow/dags/utils/__init__.py for tasks to queue
[2025-11-16T01:07:44.212+0000] {logging_mixin.py:154} INFO - [2025-11-16T01:07:44.212+0000] {dagbag.py:536} INFO - Filling up the DagBag from /opt/airflow/dags/utils/__init__.py
[2025-11-16T01:07:44.214+0000] {processor.py:841} WARNING - No viable dags retrieved from /opt/airflow/dags/utils/__init__.py
[2025-11-16T01:07:44.225+0000] {processor.py:179} INFO - Processing /opt/airflow/dags/utils/__init__.py took 0.016 seconds
[2025-11-16T01:08:14.302+0000] {processor.py:157} INFO - Started process (PID=8779) to work on /opt/airflow/dags/utils/__init__.py
[2025-11-16T01:08:14.303+0000] {processor.py:829} INFO - Processing file /opt/airflow/dags/utils/__init__.py for tasks to queue
[2025-11-16T01:08:14.303+0000] {logging_mixin.py:154} INFO - [2025-11-16T01:08:14.303+0000] {dagbag.py:536} INFO - Filling up the DagBag from /opt/airflow/dags/utils/__init__.py
[2025-11-16T01:08:14.305+0000] {processor.py:841} WARNING - No viable dags retrieved from /opt/airflow/dags/utils/__init__.py
[2025-11-16T01:08:14.316+0000] {processor.py:179} INFO - Processing /opt/airflow/dags/utils/__init__.py took 0.017 seconds
[2025-11-16T01:08:44.690+0000] {processor.py:157} INFO - Started process (PID=8838) to work on /opt/airflow/dags/utils/__init__.py
[2025-11-16T01:08:44.690+0000] {processor.py:829} INFO - Processing file /opt/airflow/dags/utils/__init__.py for tasks to queue
[2025-11-16T01:08:44.690+0000] {logging_mixin.py:154} INFO - [2025-11-16T01:08:44.690+0000] {dagbag.py:536} INFO - Filling up the DagBag from /opt/airflow/dags/utils/__init__.py
[2025-11-16T01:08:44.692+0000] {processor.py:841} WARNING - No viable dags retrieved from /opt/airflow/dags/utils/__init__.py
[2025-11-16T01:08:44.702+0000] {processor.py:179} INFO - Processing /opt/airflow/dags/utils/__init__.py took 0.016 seconds
[2025-11-16T01:09:14.914+0000] {processor.py:157} INFO - Started process (PID=8897) to work on /opt/airflow/dags/utils/__init__.py
[2025-11-16T01:09:14.915+0000] {processor.py:829} INFO - Processing file /opt/airflow/dags/utils/__init__.py for tasks to queue
[2025-11-16T01:09:14.915+0000] {logging_mixin.py:154} INFO - [2025-11-16T01:09:14.915+0000] {dagbag.py:536} INFO - Filling up the DagBag from /opt/airflow/dags/utils/__init__.py
[2025-11-16T01:09:14.916+0000] {processor.py:841} WARNING - No viable dags retrieved from /opt/airflow/dags/utils/__init__.py
[2025-11-16T01:09:14.926+0000] {processor.py:179} INFO - Processing /opt/airflow/dags/utils/__init__.py took 0.014 seconds
[2025-11-16T01:09:45.281+0000] {processor.py:157} INFO - Started process (PID=8956) to work on /opt/airflow/dags/utils/__init__.py
[2025-11-16T01:09:45.281+0000] {processor.py:829} INFO - Processing file /opt/airflow/dags/utils/__init__.py for tasks to queue
[2025-11-16T01:09:45.281+0000] {logging_mixin.py:154} INFO - [2025-11-16T01:09:45.281+0000] {dagbag.py:536} INFO - Filling up the DagBag from /opt/airflow/dags/utils/__init__.py
[2025-11-16T01:09:45.283+0000] {processor.py:841} WARNING - No viable dags retrieved from /opt/airflow/dags/utils/__init__.py
[2025-11-16T01:09:45.293+0000] {processor.py:179} INFO - Processing /opt/airflow/dags/utils/__init__.py took 0.014 seconds
[2025-11-16T01:10:15.733+0000] {processor.py:157} INFO - Started process (PID=9015) to work on /opt/airflow/dags/utils/__init__.py
[2025-11-16T01:10:15.733+0000] {processor.py:829} INFO - Processing file /opt/airflow/dags/utils/__init__.py for tasks to queue
[2025-11-16T01:10:15.734+0000] {logging_mixin.py:154} INFO - [2025-11-16T01:10:15.734+0000] {dagbag.py:536} INFO - Filling up the DagBag from /opt/airflow/dags/utils/__init__.py
[2025-11-16T01:10:15.735+0000] {processor.py:841} WARNING - No viable dags retrieved from /opt/airflow/dags/utils/__init__.py
[2025-11-16T01:10:15.744+0000] {processor.py:179} INFO - Processing /opt/airflow/dags/utils/__init__.py took 0.014 seconds
[2025-11-16T01:10:46.040+0000] {processor.py:157} INFO - Started process (PID=9074) to work on /opt/airflow/dags/utils/__init__.py
[2025-11-16T01:10:46.040+0000] {processor.py:829} INFO - Processing file /opt/airflow/dags/utils/__init__.py for tasks to queue
[2025-11-16T01:10:46.041+0000] {logging_mixin.py:154} INFO - [2025-11-16T01:10:46.040+0000] {dagbag.py:536} INFO - Filling up the DagBag from /opt/airflow/dags/utils/__init__.py
[2025-11-16T01:10:46.042+0000] {processor.py:841} WARNING - No viable dags retrieved from /opt/airflow/dags/utils/__init__.py
[2025-11-16T01:10:46.052+0000] {processor.py:179} INFO - Processing /opt/airflow/dags/utils/__init__.py took 0.014 seconds
[2025-11-16T01:11:16.407+0000] {processor.py:157} INFO - Started process (PID=9126) to work on /opt/airflow/dags/utils/__init__.py
[2025-11-16T01:11:16.408+0000] {processor.py:829} INFO - Processing file /opt/airflow/dags/utils/__init__.py for tasks to queue
[2025-11-16T01:11:16.409+0000] {logging_mixin.py:154} INFO - [2025-11-16T01:11:16.408+0000] {dagbag.py:536} INFO - Filling up the DagBag from /opt/airflow/dags/utils/__init__.py
[2025-11-16T01:11:16.410+0000] {processor.py:841} WARNING - No viable dags retrieved from /opt/airflow/dags/utils/__init__.py
[2025-11-16T01:11:16.421+0000] {processor.py:179} INFO - Processing /opt/airflow/dags/utils/__init__.py took 0.016 seconds
[2025-11-16T01:11:46.957+0000] {processor.py:157} INFO - Started process (PID=9185) to work on /opt/airflow/dags/utils/__init__.py
[2025-11-16T01:11:46.957+0000] {processor.py:829} INFO - Processing file /opt/airflow/dags/utils/__init__.py for tasks to queue
[2025-11-16T01:11:46.957+0000] {logging_mixin.py:154} INFO - [2025-11-16T01:11:46.957+0000] {dagbag.py:536} INFO - Filling up the DagBag from /opt/airflow/dags/utils/__init__.py
[2025-11-16T01:11:46.959+0000] {processor.py:841} WARNING - No viable dags retrieved from /opt/airflow/dags/utils/__init__.py
[2025-11-16T01:11:46.969+0000] {processor.py:179} INFO - Processing /opt/airflow/dags/utils/__init__.py took 0.015 seconds
[2025-11-16T01:12:17.486+0000] {processor.py:157} INFO - Started process (PID=9244) to work on /opt/airflow/dags/utils/__init__.py
[2025-11-16T01:12:17.487+0000] {processor.py:829} INFO - Processing file /opt/airflow/dags/utils/__init__.py for tasks to queue
[2025-11-16T01:12:17.487+0000] {logging_mixin.py:154} INFO - [2025-11-16T01:12:17.487+0000] {dagbag.py:536} INFO - Filling up the DagBag from /opt/airflow/dags/utils/__init__.py
[2025-11-16T01:12:17.488+0000] {processor.py:841} WARNING - No viable dags retrieved from /opt/airflow/dags/utils/__init__.py
[2025-11-16T01:12:17.497+0000] {processor.py:179} INFO - Processing /opt/airflow/dags/utils/__init__.py took 0.013 seconds
[2025-11-16T01:12:47.681+0000] {processor.py:157} INFO - Started process (PID=9303) to work on /opt/airflow/dags/utils/__init__.py
[2025-11-16T01:12:47.682+0000] {processor.py:829} INFO - Processing file /opt/airflow/dags/utils/__init__.py for tasks to queue
[2025-11-16T01:12:47.682+0000] {logging_mixin.py:154} INFO - [2025-11-16T01:12:47.682+0000] {dagbag.py:536} INFO - Filling up the DagBag from /opt/airflow/dags/utils/__init__.py
[2025-11-16T01:12:47.683+0000] {processor.py:841} WARNING - No viable dags retrieved from /opt/airflow/dags/utils/__init__.py
[2025-11-16T01:12:47.693+0000] {processor.py:179} INFO - Processing /opt/airflow/dags/utils/__init__.py took 0.014 seconds
[2025-11-16T01:13:18.164+0000] {processor.py:157} INFO - Started process (PID=9362) to work on /opt/airflow/dags/utils/__init__.py
[2025-11-16T01:13:18.164+0000] {processor.py:829} INFO - Processing file /opt/airflow/dags/utils/__init__.py for tasks to queue
[2025-11-16T01:13:18.165+0000] {logging_mixin.py:154} INFO - [2025-11-16T01:13:18.165+0000] {dagbag.py:536} INFO - Filling up the DagBag from /opt/airflow/dags/utils/__init__.py
[2025-11-16T01:13:18.166+0000] {processor.py:841} WARNING - No viable dags retrieved from /opt/airflow/dags/utils/__init__.py
[2025-11-16T01:13:18.176+0000] {processor.py:179} INFO - Processing /opt/airflow/dags/utils/__init__.py took 0.015 seconds
[2025-11-16T01:13:48.235+0000] {processor.py:157} INFO - Started process (PID=9423) to work on /opt/airflow/dags/utils/__init__.py
[2025-11-16T01:13:48.235+0000] {processor.py:829} INFO - Processing file /opt/airflow/dags/utils/__init__.py for tasks to queue
[2025-11-16T01:13:48.236+0000] {logging_mixin.py:154} INFO - [2025-11-16T01:13:48.236+0000] {dagbag.py:536} INFO - Filling up the DagBag from /opt/airflow/dags/utils/__init__.py
[2025-11-16T01:13:48.238+0000] {processor.py:841} WARNING - No viable dags retrieved from /opt/airflow/dags/utils/__init__.py
[2025-11-16T01:13:48.248+0000] {processor.py:179} INFO - Processing /opt/airflow/dags/utils/__init__.py took 0.017 seconds
[2025-11-16T01:14:18.462+0000] {processor.py:157} INFO - Started process (PID=9480) to work on /opt/airflow/dags/utils/__init__.py
[2025-11-16T01:14:18.462+0000] {processor.py:829} INFO - Processing file /opt/airflow/dags/utils/__init__.py for tasks to queue
[2025-11-16T01:14:18.463+0000] {logging_mixin.py:154} INFO - [2025-11-16T01:14:18.462+0000] {dagbag.py:536} INFO - Filling up the DagBag from /opt/airflow/dags/utils/__init__.py
[2025-11-16T01:14:18.464+0000] {processor.py:841} WARNING - No viable dags retrieved from /opt/airflow/dags/utils/__init__.py
[2025-11-16T01:14:18.474+0000] {processor.py:179} INFO - Processing /opt/airflow/dags/utils/__init__.py took 0.015 seconds
[2025-11-16T01:14:49.010+0000] {processor.py:157} INFO - Started process (PID=9539) to work on /opt/airflow/dags/utils/__init__.py
[2025-11-16T01:14:49.011+0000] {processor.py:829} INFO - Processing file /opt/airflow/dags/utils/__init__.py for tasks to queue
[2025-11-16T01:14:49.012+0000] {logging_mixin.py:154} INFO - [2025-11-16T01:14:49.011+0000] {dagbag.py:536} INFO - Filling up the DagBag from /opt/airflow/dags/utils/__init__.py
[2025-11-16T01:14:49.013+0000] {processor.py:841} WARNING - No viable dags retrieved from /opt/airflow/dags/utils/__init__.py
[2025-11-16T01:14:49.026+0000] {processor.py:179} INFO - Processing /opt/airflow/dags/utils/__init__.py took 0.019 seconds
[2025-11-16T01:15:19.487+0000] {processor.py:157} INFO - Started process (PID=9591) to work on /opt/airflow/dags/utils/__init__.py
[2025-11-16T01:15:19.487+0000] {processor.py:829} INFO - Processing file /opt/airflow/dags/utils/__init__.py for tasks to queue
[2025-11-16T01:15:19.488+0000] {logging_mixin.py:154} INFO - [2025-11-16T01:15:19.488+0000] {dagbag.py:536} INFO - Filling up the DagBag from /opt/airflow/dags/utils/__init__.py
[2025-11-16T01:15:19.490+0000] {processor.py:841} WARNING - No viable dags retrieved from /opt/airflow/dags/utils/__init__.py
[2025-11-16T01:15:19.502+0000] {processor.py:179} INFO - Processing /opt/airflow/dags/utils/__init__.py took 0.019 seconds
[2025-11-16T01:15:50.008+0000] {processor.py:157} INFO - Started process (PID=9650) to work on /opt/airflow/dags/utils/__init__.py
[2025-11-16T01:15:50.008+0000] {processor.py:829} INFO - Processing file /opt/airflow/dags/utils/__init__.py for tasks to queue
[2025-11-16T01:15:50.008+0000] {logging_mixin.py:154} INFO - [2025-11-16T01:15:50.008+0000] {dagbag.py:536} INFO - Filling up the DagBag from /opt/airflow/dags/utils/__init__.py
[2025-11-16T01:15:50.010+0000] {processor.py:841} WARNING - No viable dags retrieved from /opt/airflow/dags/utils/__init__.py
[2025-11-16T01:15:50.020+0000] {processor.py:179} INFO - Processing /opt/airflow/dags/utils/__init__.py took 0.015 seconds
[2025-11-16T01:16:20.485+0000] {processor.py:157} INFO - Started process (PID=9709) to work on /opt/airflow/dags/utils/__init__.py
[2025-11-16T01:16:20.485+0000] {processor.py:829} INFO - Processing file /opt/airflow/dags/utils/__init__.py for tasks to queue
[2025-11-16T01:16:20.485+0000] {logging_mixin.py:154} INFO - [2025-11-16T01:16:20.485+0000] {dagbag.py:536} INFO - Filling up the DagBag from /opt/airflow/dags/utils/__init__.py
[2025-11-16T01:16:20.487+0000] {processor.py:841} WARNING - No viable dags retrieved from /opt/airflow/dags/utils/__init__.py
[2025-11-16T01:16:20.498+0000] {processor.py:179} INFO - Processing /opt/airflow/dags/utils/__init__.py took 0.016 seconds
[2025-11-16T01:16:50.987+0000] {processor.py:157} INFO - Started process (PID=9768) to work on /opt/airflow/dags/utils/__init__.py
[2025-11-16T01:16:50.988+0000] {processor.py:829} INFO - Processing file /opt/airflow/dags/utils/__init__.py for tasks to queue
[2025-11-16T01:16:50.988+0000] {logging_mixin.py:154} INFO - [2025-11-16T01:16:50.988+0000] {dagbag.py:536} INFO - Filling up the DagBag from /opt/airflow/dags/utils/__init__.py
[2025-11-16T01:16:50.990+0000] {processor.py:841} WARNING - No viable dags retrieved from /opt/airflow/dags/utils/__init__.py
[2025-11-16T01:16:51.000+0000] {processor.py:179} INFO - Processing /opt/airflow/dags/utils/__init__.py took 0.016 seconds
[2025-11-16T01:17:21.425+0000] {processor.py:157} INFO - Started process (PID=9827) to work on /opt/airflow/dags/utils/__init__.py
[2025-11-16T01:17:21.425+0000] {processor.py:829} INFO - Processing file /opt/airflow/dags/utils/__init__.py for tasks to queue
[2025-11-16T01:17:21.426+0000] {logging_mixin.py:154} INFO - [2025-11-16T01:17:21.426+0000] {dagbag.py:536} INFO - Filling up the DagBag from /opt/airflow/dags/utils/__init__.py
[2025-11-16T01:17:21.427+0000] {processor.py:841} WARNING - No viable dags retrieved from /opt/airflow/dags/utils/__init__.py
[2025-11-16T01:17:21.437+0000] {processor.py:179} INFO - Processing /opt/airflow/dags/utils/__init__.py took 0.015 seconds
[2025-11-16T01:17:51.984+0000] {processor.py:157} INFO - Started process (PID=9886) to work on /opt/airflow/dags/utils/__init__.py
[2025-11-16T01:17:51.984+0000] {processor.py:829} INFO - Processing file /opt/airflow/dags/utils/__init__.py for tasks to queue
[2025-11-16T01:17:51.985+0000] {logging_mixin.py:154} INFO - [2025-11-16T01:17:51.985+0000] {dagbag.py:536} INFO - Filling up the DagBag from /opt/airflow/dags/utils/__init__.py
[2025-11-16T01:17:51.986+0000] {processor.py:841} WARNING - No viable dags retrieved from /opt/airflow/dags/utils/__init__.py
[2025-11-16T01:17:51.996+0000] {processor.py:179} INFO - Processing /opt/airflow/dags/utils/__init__.py took 0.015 seconds
[2025-11-16T01:18:22.523+0000] {processor.py:157} INFO - Started process (PID=9945) to work on /opt/airflow/dags/utils/__init__.py
[2025-11-16T01:18:22.523+0000] {processor.py:829} INFO - Processing file /opt/airflow/dags/utils/__init__.py for tasks to queue
[2025-11-16T01:18:22.523+0000] {logging_mixin.py:154} INFO - [2025-11-16T01:18:22.523+0000] {dagbag.py:536} INFO - Filling up the DagBag from /opt/airflow/dags/utils/__init__.py
[2025-11-16T01:18:22.525+0000] {processor.py:841} WARNING - No viable dags retrieved from /opt/airflow/dags/utils/__init__.py
[2025-11-16T01:18:22.537+0000] {processor.py:179} INFO - Processing /opt/airflow/dags/utils/__init__.py took 0.017 seconds
[2025-11-16T01:18:52.612+0000] {processor.py:157} INFO - Started process (PID=10004) to work on /opt/airflow/dags/utils/__init__.py
[2025-11-16T01:18:52.612+0000] {processor.py:829} INFO - Processing file /opt/airflow/dags/utils/__init__.py for tasks to queue
[2025-11-16T01:18:52.613+0000] {logging_mixin.py:154} INFO - [2025-11-16T01:18:52.612+0000] {dagbag.py:536} INFO - Filling up the DagBag from /opt/airflow/dags/utils/__init__.py
[2025-11-16T01:18:52.614+0000] {processor.py:841} WARNING - No viable dags retrieved from /opt/airflow/dags/utils/__init__.py
[2025-11-16T01:18:52.625+0000] {processor.py:179} INFO - Processing /opt/airflow/dags/utils/__init__.py took 0.016 seconds
[2025-11-16T01:19:22.742+0000] {processor.py:157} INFO - Started process (PID=10039) to work on /opt/airflow/dags/utils/__init__.py
[2025-11-16T01:19:22.742+0000] {processor.py:829} INFO - Processing file /opt/airflow/dags/utils/__init__.py for tasks to queue
[2025-11-16T01:19:22.742+0000] {logging_mixin.py:154} INFO - [2025-11-16T01:19:22.742+0000] {dagbag.py:536} INFO - Filling up the DagBag from /opt/airflow/dags/utils/__init__.py
[2025-11-16T01:19:22.744+0000] {processor.py:841} WARNING - No viable dags retrieved from /opt/airflow/dags/utils/__init__.py
[2025-11-16T01:19:22.753+0000] {processor.py:179} INFO - Processing /opt/airflow/dags/utils/__init__.py took 0.014 seconds
[2025-11-16T01:19:53.327+0000] {processor.py:157} INFO - Started process (PID=10098) to work on /opt/airflow/dags/utils/__init__.py
[2025-11-16T01:19:53.328+0000] {processor.py:829} INFO - Processing file /opt/airflow/dags/utils/__init__.py for tasks to queue
[2025-11-16T01:19:53.329+0000] {logging_mixin.py:154} INFO - [2025-11-16T01:19:53.328+0000] {dagbag.py:536} INFO - Filling up the DagBag from /opt/airflow/dags/utils/__init__.py
[2025-11-16T01:19:53.330+0000] {processor.py:841} WARNING - No viable dags retrieved from /opt/airflow/dags/utils/__init__.py
[2025-11-16T01:19:53.342+0000] {processor.py:179} INFO - Processing /opt/airflow/dags/utils/__init__.py took 0.018 seconds
[2025-11-16T01:20:23.429+0000] {processor.py:157} INFO - Started process (PID=10158) to work on /opt/airflow/dags/utils/__init__.py
[2025-11-16T01:20:23.429+0000] {processor.py:829} INFO - Processing file /opt/airflow/dags/utils/__init__.py for tasks to queue
[2025-11-16T01:20:23.430+0000] {logging_mixin.py:154} INFO - [2025-11-16T01:20:23.429+0000] {dagbag.py:536} INFO - Filling up the DagBag from /opt/airflow/dags/utils/__init__.py
[2025-11-16T01:20:23.431+0000] {processor.py:841} WARNING - No viable dags retrieved from /opt/airflow/dags/utils/__init__.py
[2025-11-16T01:20:23.442+0000] {processor.py:179} INFO - Processing /opt/airflow/dags/utils/__init__.py took 0.016 seconds
[2025-11-16T01:20:53.537+0000] {processor.py:157} INFO - Started process (PID=10217) to work on /opt/airflow/dags/utils/__init__.py
[2025-11-16T01:20:53.538+0000] {processor.py:829} INFO - Processing file /opt/airflow/dags/utils/__init__.py for tasks to queue
[2025-11-16T01:20:53.538+0000] {logging_mixin.py:154} INFO - [2025-11-16T01:20:53.538+0000] {dagbag.py:536} INFO - Filling up the DagBag from /opt/airflow/dags/utils/__init__.py
[2025-11-16T01:20:53.540+0000] {processor.py:841} WARNING - No viable dags retrieved from /opt/airflow/dags/utils/__init__.py
[2025-11-16T01:20:53.551+0000] {processor.py:179} INFO - Processing /opt/airflow/dags/utils/__init__.py took 0.017 seconds
[2025-11-16T01:21:23.958+0000] {processor.py:157} INFO - Started process (PID=10276) to work on /opt/airflow/dags/utils/__init__.py
[2025-11-16T01:21:23.958+0000] {processor.py:829} INFO - Processing file /opt/airflow/dags/utils/__init__.py for tasks to queue
[2025-11-16T01:21:23.959+0000] {logging_mixin.py:154} INFO - [2025-11-16T01:21:23.959+0000] {dagbag.py:536} INFO - Filling up the DagBag from /opt/airflow/dags/utils/__init__.py
[2025-11-16T01:21:23.960+0000] {processor.py:841} WARNING - No viable dags retrieved from /opt/airflow/dags/utils/__init__.py
[2025-11-16T01:21:23.971+0000] {processor.py:179} INFO - Processing /opt/airflow/dags/utils/__init__.py took 0.016 seconds
[2025-11-16T01:21:54.530+0000] {processor.py:157} INFO - Started process (PID=10335) to work on /opt/airflow/dags/utils/__init__.py
[2025-11-16T01:21:54.531+0000] {processor.py:829} INFO - Processing file /opt/airflow/dags/utils/__init__.py for tasks to queue
[2025-11-16T01:21:54.531+0000] {logging_mixin.py:154} INFO - [2025-11-16T01:21:54.531+0000] {dagbag.py:536} INFO - Filling up the DagBag from /opt/airflow/dags/utils/__init__.py
[2025-11-16T01:21:54.532+0000] {processor.py:841} WARNING - No viable dags retrieved from /opt/airflow/dags/utils/__init__.py
[2025-11-16T01:21:54.542+0000] {processor.py:179} INFO - Processing /opt/airflow/dags/utils/__init__.py took 0.014 seconds
[2025-11-16T01:22:24.990+0000] {processor.py:157} INFO - Started process (PID=10394) to work on /opt/airflow/dags/utils/__init__.py
[2025-11-16T01:22:24.990+0000] {processor.py:829} INFO - Processing file /opt/airflow/dags/utils/__init__.py for tasks to queue
[2025-11-16T01:22:24.991+0000] {logging_mixin.py:154} INFO - [2025-11-16T01:22:24.991+0000] {dagbag.py:536} INFO - Filling up the DagBag from /opt/airflow/dags/utils/__init__.py
[2025-11-16T01:22:24.993+0000] {processor.py:841} WARNING - No viable dags retrieved from /opt/airflow/dags/utils/__init__.py
[2025-11-16T01:22:25.007+0000] {processor.py:179} INFO - Processing /opt/airflow/dags/utils/__init__.py took 0.022 seconds
[2025-11-16T01:22:55.508+0000] {processor.py:157} INFO - Started process (PID=10446) to work on /opt/airflow/dags/utils/__init__.py
[2025-11-16T01:22:55.509+0000] {processor.py:829} INFO - Processing file /opt/airflow/dags/utils/__init__.py for tasks to queue
[2025-11-16T01:22:55.509+0000] {logging_mixin.py:154} INFO - [2025-11-16T01:22:55.509+0000] {dagbag.py:536} INFO - Filling up the DagBag from /opt/airflow/dags/utils/__init__.py
[2025-11-16T01:22:55.511+0000] {processor.py:841} WARNING - No viable dags retrieved from /opt/airflow/dags/utils/__init__.py
[2025-11-16T01:22:55.521+0000] {processor.py:179} INFO - Processing /opt/airflow/dags/utils/__init__.py took 0.016 seconds
[2025-11-16T01:23:25.957+0000] {processor.py:157} INFO - Started process (PID=10505) to work on /opt/airflow/dags/utils/__init__.py
[2025-11-16T01:23:25.958+0000] {processor.py:829} INFO - Processing file /opt/airflow/dags/utils/__init__.py for tasks to queue
[2025-11-16T01:23:25.959+0000] {logging_mixin.py:154} INFO - [2025-11-16T01:23:25.958+0000] {dagbag.py:536} INFO - Filling up the DagBag from /opt/airflow/dags/utils/__init__.py
[2025-11-16T01:23:25.960+0000] {processor.py:841} WARNING - No viable dags retrieved from /opt/airflow/dags/utils/__init__.py
[2025-11-16T01:23:25.972+0000] {processor.py:179} INFO - Processing /opt/airflow/dags/utils/__init__.py took 0.018 seconds
[2025-11-16T01:23:56.494+0000] {processor.py:157} INFO - Started process (PID=10564) to work on /opt/airflow/dags/utils/__init__.py
[2025-11-16T01:23:56.495+0000] {processor.py:829} INFO - Processing file /opt/airflow/dags/utils/__init__.py for tasks to queue
[2025-11-16T01:23:56.495+0000] {logging_mixin.py:154} INFO - [2025-11-16T01:23:56.495+0000] {dagbag.py:536} INFO - Filling up the DagBag from /opt/airflow/dags/utils/__init__.py
[2025-11-16T01:23:56.496+0000] {processor.py:841} WARNING - No viable dags retrieved from /opt/airflow/dags/utils/__init__.py
[2025-11-16T01:23:56.506+0000] {processor.py:179} INFO - Processing /opt/airflow/dags/utils/__init__.py took 0.015 seconds
[2025-11-16T01:24:26.908+0000] {processor.py:157} INFO - Started process (PID=10623) to work on /opt/airflow/dags/utils/__init__.py
[2025-11-16T01:24:26.908+0000] {processor.py:829} INFO - Processing file /opt/airflow/dags/utils/__init__.py for tasks to queue
[2025-11-16T01:24:26.909+0000] {logging_mixin.py:154} INFO - [2025-11-16T01:24:26.909+0000] {dagbag.py:536} INFO - Filling up the DagBag from /opt/airflow/dags/utils/__init__.py
[2025-11-16T01:24:26.911+0000] {processor.py:841} WARNING - No viable dags retrieved from /opt/airflow/dags/utils/__init__.py
[2025-11-16T01:24:26.922+0000] {processor.py:179} INFO - Processing /opt/airflow/dags/utils/__init__.py took 0.017 seconds
[2025-11-16T01:24:57.456+0000] {processor.py:157} INFO - Started process (PID=10683) to work on /opt/airflow/dags/utils/__init__.py
[2025-11-16T01:24:57.456+0000] {processor.py:829} INFO - Processing file /opt/airflow/dags/utils/__init__.py for tasks to queue
[2025-11-16T01:24:57.457+0000] {logging_mixin.py:154} INFO - [2025-11-16T01:24:57.456+0000] {dagbag.py:536} INFO - Filling up the DagBag from /opt/airflow/dags/utils/__init__.py
[2025-11-16T01:24:57.458+0000] {processor.py:841} WARNING - No viable dags retrieved from /opt/airflow/dags/utils/__init__.py
[2025-11-16T01:24:57.467+0000] {processor.py:179} INFO - Processing /opt/airflow/dags/utils/__init__.py took 0.014 seconds
[2025-11-16T01:25:27.763+0000] {processor.py:157} INFO - Started process (PID=10742) to work on /opt/airflow/dags/utils/__init__.py
[2025-11-16T01:25:27.763+0000] {processor.py:829} INFO - Processing file /opt/airflow/dags/utils/__init__.py for tasks to queue
[2025-11-16T01:25:27.764+0000] {logging_mixin.py:154} INFO - [2025-11-16T01:25:27.764+0000] {dagbag.py:536} INFO - Filling up the DagBag from /opt/airflow/dags/utils/__init__.py
[2025-11-16T01:25:27.765+0000] {processor.py:841} WARNING - No viable dags retrieved from /opt/airflow/dags/utils/__init__.py
[2025-11-16T01:25:27.775+0000] {processor.py:179} INFO - Processing /opt/airflow/dags/utils/__init__.py took 0.015 seconds
[2025-11-16T01:25:58.264+0000] {processor.py:157} INFO - Started process (PID=10801) to work on /opt/airflow/dags/utils/__init__.py
[2025-11-16T01:25:58.265+0000] {processor.py:829} INFO - Processing file /opt/airflow/dags/utils/__init__.py for tasks to queue
[2025-11-16T01:25:58.265+0000] {logging_mixin.py:154} INFO - [2025-11-16T01:25:58.265+0000] {dagbag.py:536} INFO - Filling up the DagBag from /opt/airflow/dags/utils/__init__.py
[2025-11-16T01:25:58.267+0000] {processor.py:841} WARNING - No viable dags retrieved from /opt/airflow/dags/utils/__init__.py
[2025-11-16T01:25:58.277+0000] {processor.py:179} INFO - Processing /opt/airflow/dags/utils/__init__.py took 0.015 seconds
[2025-11-16T01:26:28.378+0000] {processor.py:157} INFO - Started process (PID=10860) to work on /opt/airflow/dags/utils/__init__.py
[2025-11-16T01:26:28.378+0000] {processor.py:829} INFO - Processing file /opt/airflow/dags/utils/__init__.py for tasks to queue
[2025-11-16T01:26:28.379+0000] {logging_mixin.py:154} INFO - [2025-11-16T01:26:28.379+0000] {dagbag.py:536} INFO - Filling up the DagBag from /opt/airflow/dags/utils/__init__.py
[2025-11-16T01:26:28.381+0000] {processor.py:841} WARNING - No viable dags retrieved from /opt/airflow/dags/utils/__init__.py
[2025-11-16T01:26:28.392+0000] {processor.py:179} INFO - Processing /opt/airflow/dags/utils/__init__.py took 0.017 seconds
[2025-11-16T01:26:58.529+0000] {processor.py:157} INFO - Started process (PID=10912) to work on /opt/airflow/dags/utils/__init__.py
[2025-11-16T01:26:58.529+0000] {processor.py:829} INFO - Processing file /opt/airflow/dags/utils/__init__.py for tasks to queue
[2025-11-16T01:26:58.530+0000] {logging_mixin.py:154} INFO - [2025-11-16T01:26:58.530+0000] {dagbag.py:536} INFO - Filling up the DagBag from /opt/airflow/dags/utils/__init__.py
[2025-11-16T01:26:58.532+0000] {processor.py:841} WARNING - No viable dags retrieved from /opt/airflow/dags/utils/__init__.py
[2025-11-16T01:26:58.542+0000] {processor.py:179} INFO - Processing /opt/airflow/dags/utils/__init__.py took 0.017 seconds
[2025-11-16T01:27:28.835+0000] {processor.py:157} INFO - Started process (PID=10971) to work on /opt/airflow/dags/utils/__init__.py
[2025-11-16T01:27:28.835+0000] {processor.py:829} INFO - Processing file /opt/airflow/dags/utils/__init__.py for tasks to queue
[2025-11-16T01:27:28.836+0000] {logging_mixin.py:154} INFO - [2025-11-16T01:27:28.836+0000] {dagbag.py:536} INFO - Filling up the DagBag from /opt/airflow/dags/utils/__init__.py
[2025-11-16T01:27:28.838+0000] {processor.py:841} WARNING - No viable dags retrieved from /opt/airflow/dags/utils/__init__.py
[2025-11-16T01:27:28.849+0000] {processor.py:179} INFO - Processing /opt/airflow/dags/utils/__init__.py took 0.017 seconds
[2025-11-16T01:27:59.425+0000] {processor.py:157} INFO - Started process (PID=11030) to work on /opt/airflow/dags/utils/__init__.py
[2025-11-16T01:27:59.426+0000] {processor.py:829} INFO - Processing file /opt/airflow/dags/utils/__init__.py for tasks to queue
[2025-11-16T01:27:59.426+0000] {logging_mixin.py:154} INFO - [2025-11-16T01:27:59.426+0000] {dagbag.py:536} INFO - Filling up the DagBag from /opt/airflow/dags/utils/__init__.py
[2025-11-16T01:27:59.428+0000] {processor.py:841} WARNING - No viable dags retrieved from /opt/airflow/dags/utils/__init__.py
[2025-11-16T01:27:59.437+0000] {processor.py:179} INFO - Processing /opt/airflow/dags/utils/__init__.py took 0.015 seconds
[2025-11-16T01:28:29.880+0000] {processor.py:157} INFO - Started process (PID=11089) to work on /opt/airflow/dags/utils/__init__.py
[2025-11-16T01:28:29.881+0000] {processor.py:829} INFO - Processing file /opt/airflow/dags/utils/__init__.py for tasks to queue
[2025-11-16T01:28:29.881+0000] {logging_mixin.py:154} INFO - [2025-11-16T01:28:29.881+0000] {dagbag.py:536} INFO - Filling up the DagBag from /opt/airflow/dags/utils/__init__.py
[2025-11-16T01:28:29.883+0000] {processor.py:841} WARNING - No viable dags retrieved from /opt/airflow/dags/utils/__init__.py
[2025-11-16T01:28:29.893+0000] {processor.py:179} INFO - Processing /opt/airflow/dags/utils/__init__.py took 0.015 seconds
[2025-11-16T01:29:00.306+0000] {processor.py:157} INFO - Started process (PID=11148) to work on /opt/airflow/dags/utils/__init__.py
[2025-11-16T01:29:00.307+0000] {processor.py:829} INFO - Processing file /opt/airflow/dags/utils/__init__.py for tasks to queue
[2025-11-16T01:29:00.307+0000] {logging_mixin.py:154} INFO - [2025-11-16T01:29:00.307+0000] {dagbag.py:536} INFO - Filling up the DagBag from /opt/airflow/dags/utils/__init__.py
[2025-11-16T01:29:00.309+0000] {processor.py:841} WARNING - No viable dags retrieved from /opt/airflow/dags/utils/__init__.py
[2025-11-16T01:29:00.319+0000] {processor.py:179} INFO - Processing /opt/airflow/dags/utils/__init__.py took 0.015 seconds
[2025-11-16T01:29:30.703+0000] {processor.py:157} INFO - Started process (PID=11207) to work on /opt/airflow/dags/utils/__init__.py
[2025-11-16T01:29:30.704+0000] {processor.py:829} INFO - Processing file /opt/airflow/dags/utils/__init__.py for tasks to queue
[2025-11-16T01:29:30.704+0000] {logging_mixin.py:154} INFO - [2025-11-16T01:29:30.704+0000] {dagbag.py:536} INFO - Filling up the DagBag from /opt/airflow/dags/utils/__init__.py
[2025-11-16T01:29:30.707+0000] {processor.py:841} WARNING - No viable dags retrieved from /opt/airflow/dags/utils/__init__.py
[2025-11-16T01:29:30.719+0000] {processor.py:179} INFO - Processing /opt/airflow/dags/utils/__init__.py took 0.018 seconds
[2025-11-16T01:30:00.983+0000] {processor.py:157} INFO - Started process (PID=11266) to work on /opt/airflow/dags/utils/__init__.py
[2025-11-16T01:30:00.983+0000] {processor.py:829} INFO - Processing file /opt/airflow/dags/utils/__init__.py for tasks to queue
[2025-11-16T01:30:00.984+0000] {logging_mixin.py:154} INFO - [2025-11-16T01:30:00.983+0000] {dagbag.py:536} INFO - Filling up the DagBag from /opt/airflow/dags/utils/__init__.py
[2025-11-16T01:30:00.985+0000] {processor.py:841} WARNING - No viable dags retrieved from /opt/airflow/dags/utils/__init__.py
[2025-11-16T01:30:00.996+0000] {processor.py:179} INFO - Processing /opt/airflow/dags/utils/__init__.py took 0.016 seconds
[2025-11-16T01:30:31.350+0000] {processor.py:157} INFO - Started process (PID=11325) to work on /opt/airflow/dags/utils/__init__.py
[2025-11-16T01:30:31.350+0000] {processor.py:829} INFO - Processing file /opt/airflow/dags/utils/__init__.py for tasks to queue
[2025-11-16T01:30:31.351+0000] {logging_mixin.py:154} INFO - [2025-11-16T01:30:31.351+0000] {dagbag.py:536} INFO - Filling up the DagBag from /opt/airflow/dags/utils/__init__.py
[2025-11-16T01:30:31.352+0000] {processor.py:841} WARNING - No viable dags retrieved from /opt/airflow/dags/utils/__init__.py
[2025-11-16T01:30:31.362+0000] {processor.py:179} INFO - Processing /opt/airflow/dags/utils/__init__.py took 0.015 seconds
[2025-11-16T01:31:01.694+0000] {processor.py:157} INFO - Started process (PID=11384) to work on /opt/airflow/dags/utils/__init__.py
[2025-11-16T01:31:01.695+0000] {processor.py:829} INFO - Processing file /opt/airflow/dags/utils/__init__.py for tasks to queue
[2025-11-16T01:31:01.696+0000] {logging_mixin.py:154} INFO - [2025-11-16T01:31:01.696+0000] {dagbag.py:536} INFO - Filling up the DagBag from /opt/airflow/dags/utils/__init__.py
[2025-11-16T01:31:01.698+0000] {processor.py:841} WARNING - No viable dags retrieved from /opt/airflow/dags/utils/__init__.py
[2025-11-16T01:31:01.710+0000] {processor.py:179} INFO - Processing /opt/airflow/dags/utils/__init__.py took 0.019 seconds
[2025-11-16T01:31:31.826+0000] {processor.py:157} INFO - Started process (PID=11436) to work on /opt/airflow/dags/utils/__init__.py
[2025-11-16T01:31:31.827+0000] {processor.py:829} INFO - Processing file /opt/airflow/dags/utils/__init__.py for tasks to queue
[2025-11-16T01:31:31.827+0000] {logging_mixin.py:154} INFO - [2025-11-16T01:31:31.827+0000] {dagbag.py:536} INFO - Filling up the DagBag from /opt/airflow/dags/utils/__init__.py
[2025-11-16T01:31:31.829+0000] {processor.py:841} WARNING - No viable dags retrieved from /opt/airflow/dags/utils/__init__.py
[2025-11-16T01:31:31.840+0000] {processor.py:179} INFO - Processing /opt/airflow/dags/utils/__init__.py took 0.017 seconds
[2025-11-16T01:32:01.948+0000] {processor.py:157} INFO - Started process (PID=11479) to work on /opt/airflow/dags/utils/__init__.py
[2025-11-16T01:32:01.948+0000] {processor.py:829} INFO - Processing file /opt/airflow/dags/utils/__init__.py for tasks to queue
[2025-11-16T01:32:01.948+0000] {logging_mixin.py:154} INFO - [2025-11-16T01:32:01.948+0000] {dagbag.py:536} INFO - Filling up the DagBag from /opt/airflow/dags/utils/__init__.py
[2025-11-16T01:32:01.950+0000] {processor.py:841} WARNING - No viable dags retrieved from /opt/airflow/dags/utils/__init__.py
[2025-11-16T01:32:01.960+0000] {processor.py:179} INFO - Processing /opt/airflow/dags/utils/__init__.py took 0.015 seconds
[2025-11-16T01:32:32.322+0000] {processor.py:157} INFO - Started process (PID=11538) to work on /opt/airflow/dags/utils/__init__.py
[2025-11-16T01:32:32.322+0000] {processor.py:829} INFO - Processing file /opt/airflow/dags/utils/__init__.py for tasks to queue
[2025-11-16T01:32:32.323+0000] {logging_mixin.py:154} INFO - [2025-11-16T01:32:32.323+0000] {dagbag.py:536} INFO - Filling up the DagBag from /opt/airflow/dags/utils/__init__.py
[2025-11-16T01:32:32.324+0000] {processor.py:841} WARNING - No viable dags retrieved from /opt/airflow/dags/utils/__init__.py
[2025-11-16T01:32:32.334+0000] {processor.py:179} INFO - Processing /opt/airflow/dags/utils/__init__.py took 0.015 seconds
[2025-11-16T01:33:02.705+0000] {processor.py:157} INFO - Started process (PID=11597) to work on /opt/airflow/dags/utils/__init__.py
[2025-11-16T01:33:02.706+0000] {processor.py:829} INFO - Processing file /opt/airflow/dags/utils/__init__.py for tasks to queue
[2025-11-16T01:33:02.707+0000] {logging_mixin.py:154} INFO - [2025-11-16T01:33:02.706+0000] {dagbag.py:536} INFO - Filling up the DagBag from /opt/airflow/dags/utils/__init__.py
[2025-11-16T01:33:02.708+0000] {processor.py:841} WARNING - No viable dags retrieved from /opt/airflow/dags/utils/__init__.py
[2025-11-16T01:33:02.721+0000] {processor.py:179} INFO - Processing /opt/airflow/dags/utils/__init__.py took 0.019 seconds
[2025-11-16T01:33:33.087+0000] {processor.py:157} INFO - Started process (PID=11657) to work on /opt/airflow/dags/utils/__init__.py
[2025-11-16T01:33:33.088+0000] {processor.py:829} INFO - Processing file /opt/airflow/dags/utils/__init__.py for tasks to queue
[2025-11-16T01:33:33.088+0000] {logging_mixin.py:154} INFO - [2025-11-16T01:33:33.088+0000] {dagbag.py:536} INFO - Filling up the DagBag from /opt/airflow/dags/utils/__init__.py
[2025-11-16T01:33:33.089+0000] {processor.py:841} WARNING - No viable dags retrieved from /opt/airflow/dags/utils/__init__.py
[2025-11-16T01:33:33.100+0000] {processor.py:179} INFO - Processing /opt/airflow/dags/utils/__init__.py took 0.016 seconds
[2025-11-16T01:34:03.561+0000] {processor.py:157} INFO - Started process (PID=11716) to work on /opt/airflow/dags/utils/__init__.py
[2025-11-16T01:34:03.561+0000] {processor.py:829} INFO - Processing file /opt/airflow/dags/utils/__init__.py for tasks to queue
[2025-11-16T01:34:03.561+0000] {logging_mixin.py:154} INFO - [2025-11-16T01:34:03.561+0000] {dagbag.py:536} INFO - Filling up the DagBag from /opt/airflow/dags/utils/__init__.py
[2025-11-16T01:34:03.563+0000] {processor.py:841} WARNING - No viable dags retrieved from /opt/airflow/dags/utils/__init__.py
[2025-11-16T01:34:03.573+0000] {processor.py:179} INFO - Processing /opt/airflow/dags/utils/__init__.py took 0.015 seconds
[2025-11-16T01:34:33.973+0000] {processor.py:157} INFO - Started process (PID=11768) to work on /opt/airflow/dags/utils/__init__.py
[2025-11-16T01:34:33.974+0000] {processor.py:829} INFO - Processing file /opt/airflow/dags/utils/__init__.py for tasks to queue
[2025-11-16T01:34:33.975+0000] {logging_mixin.py:154} INFO - [2025-11-16T01:34:33.974+0000] {dagbag.py:536} INFO - Filling up the DagBag from /opt/airflow/dags/utils/__init__.py
[2025-11-16T01:34:33.976+0000] {processor.py:841} WARNING - No viable dags retrieved from /opt/airflow/dags/utils/__init__.py
[2025-11-16T01:34:33.988+0000] {processor.py:179} INFO - Processing /opt/airflow/dags/utils/__init__.py took 0.018 seconds
[2025-11-16T01:35:04.518+0000] {processor.py:157} INFO - Started process (PID=11827) to work on /opt/airflow/dags/utils/__init__.py
[2025-11-16T01:35:04.518+0000] {processor.py:829} INFO - Processing file /opt/airflow/dags/utils/__init__.py for tasks to queue
[2025-11-16T01:35:04.519+0000] {logging_mixin.py:154} INFO - [2025-11-16T01:35:04.519+0000] {dagbag.py:536} INFO - Filling up the DagBag from /opt/airflow/dags/utils/__init__.py
[2025-11-16T01:35:04.521+0000] {processor.py:841} WARNING - No viable dags retrieved from /opt/airflow/dags/utils/__init__.py
[2025-11-16T01:35:04.532+0000] {processor.py:179} INFO - Processing /opt/airflow/dags/utils/__init__.py took 0.017 seconds
[2025-11-16T01:35:34.913+0000] {processor.py:157} INFO - Started process (PID=11887) to work on /opt/airflow/dags/utils/__init__.py
[2025-11-16T01:35:34.913+0000] {processor.py:829} INFO - Processing file /opt/airflow/dags/utils/__init__.py for tasks to queue
[2025-11-16T01:35:34.913+0000] {logging_mixin.py:154} INFO - [2025-11-16T01:35:34.913+0000] {dagbag.py:536} INFO - Filling up the DagBag from /opt/airflow/dags/utils/__init__.py
[2025-11-16T01:35:34.915+0000] {processor.py:841} WARNING - No viable dags retrieved from /opt/airflow/dags/utils/__init__.py
[2025-11-16T01:35:34.927+0000] {processor.py:179} INFO - Processing /opt/airflow/dags/utils/__init__.py took 0.017 seconds
[2025-11-16T01:36:05.248+0000] {processor.py:157} INFO - Started process (PID=11946) to work on /opt/airflow/dags/utils/__init__.py
[2025-11-16T01:36:05.249+0000] {processor.py:829} INFO - Processing file /opt/airflow/dags/utils/__init__.py for tasks to queue
[2025-11-16T01:36:05.249+0000] {logging_mixin.py:154} INFO - [2025-11-16T01:36:05.249+0000] {dagbag.py:536} INFO - Filling up the DagBag from /opt/airflow/dags/utils/__init__.py
[2025-11-16T01:36:05.251+0000] {processor.py:841} WARNING - No viable dags retrieved from /opt/airflow/dags/utils/__init__.py
[2025-11-16T01:36:05.260+0000] {processor.py:179} INFO - Processing /opt/airflow/dags/utils/__init__.py took 0.015 seconds
[2025-11-16T01:36:35.889+0000] {processor.py:157} INFO - Started process (PID=12005) to work on /opt/airflow/dags/utils/__init__.py
[2025-11-16T01:36:35.889+0000] {processor.py:829} INFO - Processing file /opt/airflow/dags/utils/__init__.py for tasks to queue
[2025-11-16T01:36:35.890+0000] {logging_mixin.py:154} INFO - [2025-11-16T01:36:35.889+0000] {dagbag.py:536} INFO - Filling up the DagBag from /opt/airflow/dags/utils/__init__.py
[2025-11-16T01:36:35.891+0000] {processor.py:841} WARNING - No viable dags retrieved from /opt/airflow/dags/utils/__init__.py
[2025-11-16T01:36:35.901+0000] {processor.py:179} INFO - Processing /opt/airflow/dags/utils/__init__.py took 0.014 seconds
[2025-11-16T01:37:06.426+0000] {processor.py:157} INFO - Started process (PID=12064) to work on /opt/airflow/dags/utils/__init__.py
[2025-11-16T01:37:06.426+0000] {processor.py:829} INFO - Processing file /opt/airflow/dags/utils/__init__.py for tasks to queue
[2025-11-16T01:37:06.427+0000] {logging_mixin.py:154} INFO - [2025-11-16T01:37:06.427+0000] {dagbag.py:536} INFO - Filling up the DagBag from /opt/airflow/dags/utils/__init__.py
[2025-11-16T01:37:06.428+0000] {processor.py:841} WARNING - No viable dags retrieved from /opt/airflow/dags/utils/__init__.py
[2025-11-16T01:37:06.438+0000] {processor.py:179} INFO - Processing /opt/airflow/dags/utils/__init__.py took 0.015 seconds
[2025-11-16T01:37:36.853+0000] {processor.py:157} INFO - Started process (PID=12123) to work on /opt/airflow/dags/utils/__init__.py
[2025-11-16T01:37:36.854+0000] {processor.py:829} INFO - Processing file /opt/airflow/dags/utils/__init__.py for tasks to queue
[2025-11-16T01:37:36.854+0000] {logging_mixin.py:154} INFO - [2025-11-16T01:37:36.854+0000] {dagbag.py:536} INFO - Filling up the DagBag from /opt/airflow/dags/utils/__init__.py
[2025-11-16T01:37:36.856+0000] {processor.py:841} WARNING - No viable dags retrieved from /opt/airflow/dags/utils/__init__.py
[2025-11-16T01:37:36.866+0000] {processor.py:179} INFO - Processing /opt/airflow/dags/utils/__init__.py took 0.016 seconds
[2025-11-16T01:38:07.228+0000] {processor.py:157} INFO - Started process (PID=12182) to work on /opt/airflow/dags/utils/__init__.py
[2025-11-16T01:38:07.229+0000] {processor.py:829} INFO - Processing file /opt/airflow/dags/utils/__init__.py for tasks to queue
[2025-11-16T01:38:07.229+0000] {logging_mixin.py:154} INFO - [2025-11-16T01:38:07.229+0000] {dagbag.py:536} INFO - Filling up the DagBag from /opt/airflow/dags/utils/__init__.py
[2025-11-16T01:38:07.231+0000] {processor.py:841} WARNING - No viable dags retrieved from /opt/airflow/dags/utils/__init__.py
[2025-11-16T01:38:07.241+0000] {processor.py:179} INFO - Processing /opt/airflow/dags/utils/__init__.py took 0.016 seconds
[2025-11-16T01:38:37.753+0000] {processor.py:157} INFO - Started process (PID=12241) to work on /opt/airflow/dags/utils/__init__.py
[2025-11-16T01:38:37.753+0000] {processor.py:829} INFO - Processing file /opt/airflow/dags/utils/__init__.py for tasks to queue
[2025-11-16T01:38:37.754+0000] {logging_mixin.py:154} INFO - [2025-11-16T01:38:37.754+0000] {dagbag.py:536} INFO - Filling up the DagBag from /opt/airflow/dags/utils/__init__.py
[2025-11-16T01:38:37.755+0000] {processor.py:841} WARNING - No viable dags retrieved from /opt/airflow/dags/utils/__init__.py
[2025-11-16T01:38:37.765+0000] {processor.py:179} INFO - Processing /opt/airflow/dags/utils/__init__.py took 0.015 seconds
[2025-11-16T01:39:08.191+0000] {processor.py:157} INFO - Started process (PID=12293) to work on /opt/airflow/dags/utils/__init__.py
[2025-11-16T01:39:08.191+0000] {processor.py:829} INFO - Processing file /opt/airflow/dags/utils/__init__.py for tasks to queue
[2025-11-16T01:39:08.192+0000] {logging_mixin.py:154} INFO - [2025-11-16T01:39:08.191+0000] {dagbag.py:536} INFO - Filling up the DagBag from /opt/airflow/dags/utils/__init__.py
[2025-11-16T01:39:08.193+0000] {processor.py:841} WARNING - No viable dags retrieved from /opt/airflow/dags/utils/__init__.py
[2025-11-16T01:39:08.204+0000] {processor.py:179} INFO - Processing /opt/airflow/dags/utils/__init__.py took 0.016 seconds
[2025-11-16T01:39:38.618+0000] {processor.py:157} INFO - Started process (PID=12352) to work on /opt/airflow/dags/utils/__init__.py
[2025-11-16T01:39:38.619+0000] {processor.py:829} INFO - Processing file /opt/airflow/dags/utils/__init__.py for tasks to queue
[2025-11-16T01:39:38.620+0000] {logging_mixin.py:154} INFO - [2025-11-16T01:39:38.619+0000] {dagbag.py:536} INFO - Filling up the DagBag from /opt/airflow/dags/utils/__init__.py
[2025-11-16T01:39:38.621+0000] {processor.py:841} WARNING - No viable dags retrieved from /opt/airflow/dags/utils/__init__.py
[2025-11-16T01:39:38.635+0000] {processor.py:179} INFO - Processing /opt/airflow/dags/utils/__init__.py took 0.020 seconds
[2025-11-16T01:40:09.247+0000] {processor.py:157} INFO - Started process (PID=12411) to work on /opt/airflow/dags/utils/__init__.py
[2025-11-16T01:40:09.247+0000] {processor.py:829} INFO - Processing file /opt/airflow/dags/utils/__init__.py for tasks to queue
[2025-11-16T01:40:09.248+0000] {logging_mixin.py:154} INFO - [2025-11-16T01:40:09.248+0000] {dagbag.py:536} INFO - Filling up the DagBag from /opt/airflow/dags/utils/__init__.py
[2025-11-16T01:40:09.249+0000] {processor.py:841} WARNING - No viable dags retrieved from /opt/airflow/dags/utils/__init__.py
[2025-11-16T01:40:09.259+0000] {processor.py:179} INFO - Processing /opt/airflow/dags/utils/__init__.py took 0.015 seconds
[2025-11-16T01:40:39.822+0000] {processor.py:157} INFO - Started process (PID=12470) to work on /opt/airflow/dags/utils/__init__.py
[2025-11-16T01:40:39.823+0000] {processor.py:829} INFO - Processing file /opt/airflow/dags/utils/__init__.py for tasks to queue
[2025-11-16T01:40:39.824+0000] {logging_mixin.py:154} INFO - [2025-11-16T01:40:39.824+0000] {dagbag.py:536} INFO - Filling up the DagBag from /opt/airflow/dags/utils/__init__.py
[2025-11-16T01:40:39.826+0000] {processor.py:841} WARNING - No viable dags retrieved from /opt/airflow/dags/utils/__init__.py
[2025-11-16T01:40:39.839+0000] {processor.py:179} INFO - Processing /opt/airflow/dags/utils/__init__.py took 0.021 seconds
[2025-11-16T01:41:10.067+0000] {processor.py:157} INFO - Started process (PID=12529) to work on /opt/airflow/dags/utils/__init__.py
[2025-11-16T01:41:10.067+0000] {processor.py:829} INFO - Processing file /opt/airflow/dags/utils/__init__.py for tasks to queue
[2025-11-16T01:41:10.067+0000] {logging_mixin.py:154} INFO - [2025-11-16T01:41:10.067+0000] {dagbag.py:536} INFO - Filling up the DagBag from /opt/airflow/dags/utils/__init__.py
[2025-11-16T01:41:10.069+0000] {processor.py:841} WARNING - No viable dags retrieved from /opt/airflow/dags/utils/__init__.py
[2025-11-16T01:41:10.079+0000] {processor.py:179} INFO - Processing /opt/airflow/dags/utils/__init__.py took 0.015 seconds
[2025-11-16T01:41:40.423+0000] {processor.py:157} INFO - Started process (PID=12588) to work on /opt/airflow/dags/utils/__init__.py
[2025-11-16T01:41:40.424+0000] {processor.py:829} INFO - Processing file /opt/airflow/dags/utils/__init__.py for tasks to queue
[2025-11-16T01:41:40.425+0000] {logging_mixin.py:154} INFO - [2025-11-16T01:41:40.424+0000] {dagbag.py:536} INFO - Filling up the DagBag from /opt/airflow/dags/utils/__init__.py
[2025-11-16T01:41:40.426+0000] {processor.py:841} WARNING - No viable dags retrieved from /opt/airflow/dags/utils/__init__.py
[2025-11-16T01:41:40.436+0000] {processor.py:179} INFO - Processing /opt/airflow/dags/utils/__init__.py took 0.015 seconds
[2025-11-16T01:42:10.742+0000] {processor.py:157} INFO - Started process (PID=12647) to work on /opt/airflow/dags/utils/__init__.py
[2025-11-16T01:42:10.742+0000] {processor.py:829} INFO - Processing file /opt/airflow/dags/utils/__init__.py for tasks to queue
[2025-11-16T01:42:10.743+0000] {logging_mixin.py:154} INFO - [2025-11-16T01:42:10.743+0000] {dagbag.py:536} INFO - Filling up the DagBag from /opt/airflow/dags/utils/__init__.py
[2025-11-16T01:42:10.744+0000] {processor.py:841} WARNING - No viable dags retrieved from /opt/airflow/dags/utils/__init__.py
[2025-11-16T01:42:10.755+0000] {processor.py:179} INFO - Processing /opt/airflow/dags/utils/__init__.py took 0.015 seconds
[2025-11-16T01:42:41.205+0000] {processor.py:157} INFO - Started process (PID=12706) to work on /opt/airflow/dags/utils/__init__.py
[2025-11-16T01:42:41.205+0000] {processor.py:829} INFO - Processing file /opt/airflow/dags/utils/__init__.py for tasks to queue
[2025-11-16T01:42:41.206+0000] {logging_mixin.py:154} INFO - [2025-11-16T01:42:41.206+0000] {dagbag.py:536} INFO - Filling up the DagBag from /opt/airflow/dags/utils/__init__.py
[2025-11-16T01:42:41.207+0000] {processor.py:841} WARNING - No viable dags retrieved from /opt/airflow/dags/utils/__init__.py
[2025-11-16T01:42:41.216+0000] {processor.py:179} INFO - Processing /opt/airflow/dags/utils/__init__.py took 0.014 seconds
[2025-11-16T01:43:11.558+0000] {processor.py:157} INFO - Started process (PID=12765) to work on /opt/airflow/dags/utils/__init__.py
[2025-11-16T01:43:11.558+0000] {processor.py:829} INFO - Processing file /opt/airflow/dags/utils/__init__.py for tasks to queue
[2025-11-16T01:43:11.559+0000] {logging_mixin.py:154} INFO - [2025-11-16T01:43:11.559+0000] {dagbag.py:536} INFO - Filling up the DagBag from /opt/airflow/dags/utils/__init__.py
[2025-11-16T01:43:11.560+0000] {processor.py:841} WARNING - No viable dags retrieved from /opt/airflow/dags/utils/__init__.py
[2025-11-16T01:43:11.574+0000] {processor.py:179} INFO - Processing /opt/airflow/dags/utils/__init__.py took 0.019 seconds
[2025-11-16T01:43:41.631+0000] {processor.py:157} INFO - Started process (PID=12800) to work on /opt/airflow/dags/utils/__init__.py
[2025-11-16T01:43:41.632+0000] {processor.py:829} INFO - Processing file /opt/airflow/dags/utils/__init__.py for tasks to queue
[2025-11-16T01:43:41.632+0000] {logging_mixin.py:154} INFO - [2025-11-16T01:43:41.632+0000] {dagbag.py:536} INFO - Filling up the DagBag from /opt/airflow/dags/utils/__init__.py
[2025-11-16T01:43:41.634+0000] {processor.py:841} WARNING - No viable dags retrieved from /opt/airflow/dags/utils/__init__.py
[2025-11-16T01:43:41.643+0000] {processor.py:179} INFO - Processing /opt/airflow/dags/utils/__init__.py took 0.015 seconds
[2025-11-16T01:44:11.971+0000] {processor.py:157} INFO - Started process (PID=12859) to work on /opt/airflow/dags/utils/__init__.py
[2025-11-16T01:44:11.971+0000] {processor.py:829} INFO - Processing file /opt/airflow/dags/utils/__init__.py for tasks to queue
[2025-11-16T01:44:11.972+0000] {logging_mixin.py:154} INFO - [2025-11-16T01:44:11.971+0000] {dagbag.py:536} INFO - Filling up the DagBag from /opt/airflow/dags/utils/__init__.py
[2025-11-16T01:44:11.973+0000] {processor.py:841} WARNING - No viable dags retrieved from /opt/airflow/dags/utils/__init__.py
[2025-11-16T01:44:11.983+0000] {processor.py:179} INFO - Processing /opt/airflow/dags/utils/__init__.py took 0.015 seconds
[2025-11-16T01:44:42.422+0000] {processor.py:157} INFO - Started process (PID=12918) to work on /opt/airflow/dags/utils/__init__.py
[2025-11-16T01:44:42.423+0000] {processor.py:829} INFO - Processing file /opt/airflow/dags/utils/__init__.py for tasks to queue
[2025-11-16T01:44:42.423+0000] {logging_mixin.py:154} INFO - [2025-11-16T01:44:42.423+0000] {dagbag.py:536} INFO - Filling up the DagBag from /opt/airflow/dags/utils/__init__.py
[2025-11-16T01:44:42.425+0000] {processor.py:841} WARNING - No viable dags retrieved from /opt/airflow/dags/utils/__init__.py
[2025-11-16T01:44:42.437+0000] {processor.py:179} INFO - Processing /opt/airflow/dags/utils/__init__.py took 0.017 seconds
[2025-11-16T01:45:12.865+0000] {processor.py:157} INFO - Started process (PID=12977) to work on /opt/airflow/dags/utils/__init__.py
[2025-11-16T01:45:12.866+0000] {processor.py:829} INFO - Processing file /opt/airflow/dags/utils/__init__.py for tasks to queue
[2025-11-16T01:45:12.866+0000] {logging_mixin.py:154} INFO - [2025-11-16T01:45:12.866+0000] {dagbag.py:536} INFO - Filling up the DagBag from /opt/airflow/dags/utils/__init__.py
[2025-11-16T01:45:12.868+0000] {processor.py:841} WARNING - No viable dags retrieved from /opt/airflow/dags/utils/__init__.py
[2025-11-16T01:45:12.877+0000] {processor.py:179} INFO - Processing /opt/airflow/dags/utils/__init__.py took 0.015 seconds
[2025-11-16T01:45:43.229+0000] {processor.py:157} INFO - Started process (PID=13036) to work on /opt/airflow/dags/utils/__init__.py
[2025-11-16T01:45:43.229+0000] {processor.py:829} INFO - Processing file /opt/airflow/dags/utils/__init__.py for tasks to queue
[2025-11-16T01:45:43.229+0000] {logging_mixin.py:154} INFO - [2025-11-16T01:45:43.229+0000] {dagbag.py:536} INFO - Filling up the DagBag from /opt/airflow/dags/utils/__init__.py
[2025-11-16T01:45:43.231+0000] {processor.py:841} WARNING - No viable dags retrieved from /opt/airflow/dags/utils/__init__.py
[2025-11-16T01:45:43.240+0000] {processor.py:179} INFO - Processing /opt/airflow/dags/utils/__init__.py took 0.014 seconds
[2025-11-16T01:46:13.491+0000] {processor.py:157} INFO - Started process (PID=13095) to work on /opt/airflow/dags/utils/__init__.py
[2025-11-16T01:46:13.491+0000] {processor.py:829} INFO - Processing file /opt/airflow/dags/utils/__init__.py for tasks to queue
[2025-11-16T01:46:13.492+0000] {logging_mixin.py:154} INFO - [2025-11-16T01:46:13.491+0000] {dagbag.py:536} INFO - Filling up the DagBag from /opt/airflow/dags/utils/__init__.py
[2025-11-16T01:46:13.493+0000] {processor.py:841} WARNING - No viable dags retrieved from /opt/airflow/dags/utils/__init__.py
[2025-11-16T01:46:13.503+0000] {processor.py:179} INFO - Processing /opt/airflow/dags/utils/__init__.py took 0.015 seconds
[2025-11-16T01:46:43.750+0000] {processor.py:157} INFO - Started process (PID=13154) to work on /opt/airflow/dags/utils/__init__.py
[2025-11-16T01:46:43.750+0000] {processor.py:829} INFO - Processing file /opt/airflow/dags/utils/__init__.py for tasks to queue
[2025-11-16T01:46:43.750+0000] {logging_mixin.py:154} INFO - [2025-11-16T01:46:43.750+0000] {dagbag.py:536} INFO - Filling up the DagBag from /opt/airflow/dags/utils/__init__.py
[2025-11-16T01:46:43.752+0000] {processor.py:841} WARNING - No viable dags retrieved from /opt/airflow/dags/utils/__init__.py
[2025-11-16T01:46:43.761+0000] {processor.py:179} INFO - Processing /opt/airflow/dags/utils/__init__.py took 0.014 seconds
[2025-11-16T01:47:14.023+0000] {processor.py:157} INFO - Started process (PID=13213) to work on /opt/airflow/dags/utils/__init__.py
[2025-11-16T01:47:14.024+0000] {processor.py:829} INFO - Processing file /opt/airflow/dags/utils/__init__.py for tasks to queue
[2025-11-16T01:47:14.025+0000] {logging_mixin.py:154} INFO - [2025-11-16T01:47:14.024+0000] {dagbag.py:536} INFO - Filling up the DagBag from /opt/airflow/dags/utils/__init__.py
[2025-11-16T01:47:14.027+0000] {processor.py:841} WARNING - No viable dags retrieved from /opt/airflow/dags/utils/__init__.py
[2025-11-16T01:47:14.040+0000] {processor.py:179} INFO - Processing /opt/airflow/dags/utils/__init__.py took 0.020 seconds
[2025-11-16T01:47:44.338+0000] {processor.py:157} INFO - Started process (PID=13265) to work on /opt/airflow/dags/utils/__init__.py
[2025-11-16T01:47:44.339+0000] {processor.py:829} INFO - Processing file /opt/airflow/dags/utils/__init__.py for tasks to queue
[2025-11-16T01:47:44.339+0000] {logging_mixin.py:154} INFO - [2025-11-16T01:47:44.339+0000] {dagbag.py:536} INFO - Filling up the DagBag from /opt/airflow/dags/utils/__init__.py
[2025-11-16T01:47:44.340+0000] {processor.py:841} WARNING - No viable dags retrieved from /opt/airflow/dags/utils/__init__.py
[2025-11-16T01:47:44.351+0000] {processor.py:179} INFO - Processing /opt/airflow/dags/utils/__init__.py took 0.015 seconds
[2025-11-16T01:48:14.657+0000] {processor.py:157} INFO - Started process (PID=13324) to work on /opt/airflow/dags/utils/__init__.py
[2025-11-16T01:48:14.658+0000] {processor.py:829} INFO - Processing file /opt/airflow/dags/utils/__init__.py for tasks to queue
[2025-11-16T01:48:14.658+0000] {logging_mixin.py:154} INFO - [2025-11-16T01:48:14.658+0000] {dagbag.py:536} INFO - Filling up the DagBag from /opt/airflow/dags/utils/__init__.py
[2025-11-16T01:48:14.659+0000] {processor.py:841} WARNING - No viable dags retrieved from /opt/airflow/dags/utils/__init__.py
[2025-11-16T01:48:14.669+0000] {processor.py:179} INFO - Processing /opt/airflow/dags/utils/__init__.py took 0.015 seconds
[2025-11-16T01:48:45.153+0000] {processor.py:157} INFO - Started process (PID=13383) to work on /opt/airflow/dags/utils/__init__.py
[2025-11-16T01:48:45.153+0000] {processor.py:829} INFO - Processing file /opt/airflow/dags/utils/__init__.py for tasks to queue
[2025-11-16T01:48:45.154+0000] {logging_mixin.py:154} INFO - [2025-11-16T01:48:45.154+0000] {dagbag.py:536} INFO - Filling up the DagBag from /opt/airflow/dags/utils/__init__.py
[2025-11-16T01:48:45.156+0000] {processor.py:841} WARNING - No viable dags retrieved from /opt/airflow/dags/utils/__init__.py
[2025-11-16T01:48:45.168+0000] {processor.py:179} INFO - Processing /opt/airflow/dags/utils/__init__.py took 0.018 seconds
[2025-11-16T01:49:15.497+0000] {processor.py:157} INFO - Started process (PID=13442) to work on /opt/airflow/dags/utils/__init__.py
[2025-11-16T01:49:15.498+0000] {processor.py:829} INFO - Processing file /opt/airflow/dags/utils/__init__.py for tasks to queue
[2025-11-16T01:49:15.498+0000] {logging_mixin.py:154} INFO - [2025-11-16T01:49:15.498+0000] {dagbag.py:536} INFO - Filling up the DagBag from /opt/airflow/dags/utils/__init__.py
[2025-11-16T01:49:15.500+0000] {processor.py:841} WARNING - No viable dags retrieved from /opt/airflow/dags/utils/__init__.py
[2025-11-16T01:49:15.510+0000] {processor.py:179} INFO - Processing /opt/airflow/dags/utils/__init__.py took 0.015 seconds
[2025-11-16T01:49:45.965+0000] {processor.py:157} INFO - Started process (PID=13501) to work on /opt/airflow/dags/utils/__init__.py
[2025-11-16T01:49:45.966+0000] {processor.py:829} INFO - Processing file /opt/airflow/dags/utils/__init__.py for tasks to queue
[2025-11-16T01:49:45.966+0000] {logging_mixin.py:154} INFO - [2025-11-16T01:49:45.966+0000] {dagbag.py:536} INFO - Filling up the DagBag from /opt/airflow/dags/utils/__init__.py
[2025-11-16T01:49:45.968+0000] {processor.py:841} WARNING - No viable dags retrieved from /opt/airflow/dags/utils/__init__.py
[2025-11-16T01:49:45.979+0000] {processor.py:179} INFO - Processing /opt/airflow/dags/utils/__init__.py took 0.017 seconds
[2025-11-16T01:50:16.557+0000] {processor.py:157} INFO - Started process (PID=13560) to work on /opt/airflow/dags/utils/__init__.py
[2025-11-16T01:50:16.558+0000] {processor.py:829} INFO - Processing file /opt/airflow/dags/utils/__init__.py for tasks to queue
[2025-11-16T01:50:16.558+0000] {logging_mixin.py:154} INFO - [2025-11-16T01:50:16.558+0000] {dagbag.py:536} INFO - Filling up the DagBag from /opt/airflow/dags/utils/__init__.py
[2025-11-16T01:50:16.560+0000] {processor.py:841} WARNING - No viable dags retrieved from /opt/airflow/dags/utils/__init__.py
[2025-11-16T01:50:16.572+0000] {processor.py:179} INFO - Processing /opt/airflow/dags/utils/__init__.py took 0.017 seconds
[2025-11-16T01:50:47.512+0000] {processor.py:157} INFO - Started process (PID=13619) to work on /opt/airflow/dags/utils/__init__.py
[2025-11-16T01:50:47.513+0000] {processor.py:829} INFO - Processing file /opt/airflow/dags/utils/__init__.py for tasks to queue
[2025-11-16T01:50:47.513+0000] {logging_mixin.py:154} INFO - [2025-11-16T01:50:47.513+0000] {dagbag.py:536} INFO - Filling up the DagBag from /opt/airflow/dags/utils/__init__.py
[2025-11-16T01:50:47.514+0000] {processor.py:841} WARNING - No viable dags retrieved from /opt/airflow/dags/utils/__init__.py
[2025-11-16T01:50:47.525+0000] {processor.py:179} INFO - Processing /opt/airflow/dags/utils/__init__.py took 0.015 seconds
[2025-11-16T01:51:17.936+0000] {processor.py:157} INFO - Started process (PID=13678) to work on /opt/airflow/dags/utils/__init__.py
[2025-11-16T01:51:17.937+0000] {processor.py:829} INFO - Processing file /opt/airflow/dags/utils/__init__.py for tasks to queue
[2025-11-16T01:51:17.937+0000] {logging_mixin.py:154} INFO - [2025-11-16T01:51:17.937+0000] {dagbag.py:536} INFO - Filling up the DagBag from /opt/airflow/dags/utils/__init__.py
[2025-11-16T01:51:17.939+0000] {processor.py:841} WARNING - No viable dags retrieved from /opt/airflow/dags/utils/__init__.py
[2025-11-16T01:51:17.950+0000] {processor.py:179} INFO - Processing /opt/airflow/dags/utils/__init__.py took 0.016 seconds
[2025-11-16T01:51:48.282+0000] {processor.py:157} INFO - Started process (PID=13730) to work on /opt/airflow/dags/utils/__init__.py
[2025-11-16T01:51:48.283+0000] {processor.py:829} INFO - Processing file /opt/airflow/dags/utils/__init__.py for tasks to queue
[2025-11-16T01:51:48.283+0000] {logging_mixin.py:154} INFO - [2025-11-16T01:51:48.283+0000] {dagbag.py:536} INFO - Filling up the DagBag from /opt/airflow/dags/utils/__init__.py
[2025-11-16T01:51:48.285+0000] {processor.py:841} WARNING - No viable dags retrieved from /opt/airflow/dags/utils/__init__.py
[2025-11-16T01:51:48.295+0000] {processor.py:179} INFO - Processing /opt/airflow/dags/utils/__init__.py took 0.016 seconds
[2025-11-16T01:52:18.610+0000] {processor.py:157} INFO - Started process (PID=13789) to work on /opt/airflow/dags/utils/__init__.py
[2025-11-16T01:52:18.611+0000] {processor.py:829} INFO - Processing file /opt/airflow/dags/utils/__init__.py for tasks to queue
[2025-11-16T01:52:18.611+0000] {logging_mixin.py:154} INFO - [2025-11-16T01:52:18.611+0000] {dagbag.py:536} INFO - Filling up the DagBag from /opt/airflow/dags/utils/__init__.py
[2025-11-16T01:52:18.612+0000] {processor.py:841} WARNING - No viable dags retrieved from /opt/airflow/dags/utils/__init__.py
[2025-11-16T01:52:18.623+0000] {processor.py:179} INFO - Processing /opt/airflow/dags/utils/__init__.py took 0.016 seconds
[2025-11-16T01:52:48.903+0000] {processor.py:157} INFO - Started process (PID=13848) to work on /opt/airflow/dags/utils/__init__.py
[2025-11-16T01:52:48.903+0000] {processor.py:829} INFO - Processing file /opt/airflow/dags/utils/__init__.py for tasks to queue
[2025-11-16T01:52:48.904+0000] {logging_mixin.py:154} INFO - [2025-11-16T01:52:48.903+0000] {dagbag.py:536} INFO - Filling up the DagBag from /opt/airflow/dags/utils/__init__.py
[2025-11-16T01:52:48.905+0000] {processor.py:841} WARNING - No viable dags retrieved from /opt/airflow/dags/utils/__init__.py
[2025-11-16T01:52:48.915+0000] {processor.py:179} INFO - Processing /opt/airflow/dags/utils/__init__.py took 0.015 seconds
[2025-11-16T01:53:19.229+0000] {processor.py:157} INFO - Started process (PID=13908) to work on /opt/airflow/dags/utils/__init__.py
[2025-11-16T01:53:19.230+0000] {processor.py:829} INFO - Processing file /opt/airflow/dags/utils/__init__.py for tasks to queue
[2025-11-16T01:53:19.230+0000] {logging_mixin.py:154} INFO - [2025-11-16T01:53:19.230+0000] {dagbag.py:536} INFO - Filling up the DagBag from /opt/airflow/dags/utils/__init__.py
[2025-11-16T01:53:19.232+0000] {processor.py:841} WARNING - No viable dags retrieved from /opt/airflow/dags/utils/__init__.py
[2025-11-16T01:53:19.241+0000] {processor.py:179} INFO - Processing /opt/airflow/dags/utils/__init__.py took 0.013 seconds
[2025-11-16T01:53:49.577+0000] {processor.py:157} INFO - Started process (PID=13969) to work on /opt/airflow/dags/utils/__init__.py
[2025-11-16T01:53:49.577+0000] {processor.py:829} INFO - Processing file /opt/airflow/dags/utils/__init__.py for tasks to queue
[2025-11-16T01:53:49.578+0000] {logging_mixin.py:154} INFO - [2025-11-16T01:53:49.577+0000] {dagbag.py:536} INFO - Filling up the DagBag from /opt/airflow/dags/utils/__init__.py
[2025-11-16T01:53:49.579+0000] {processor.py:841} WARNING - No viable dags retrieved from /opt/airflow/dags/utils/__init__.py
[2025-11-16T01:53:49.589+0000] {processor.py:179} INFO - Processing /opt/airflow/dags/utils/__init__.py took 0.014 seconds
[2025-11-16T01:54:19.644+0000] {processor.py:157} INFO - Started process (PID=14003) to work on /opt/airflow/dags/utils/__init__.py
[2025-11-16T01:54:19.644+0000] {processor.py:829} INFO - Processing file /opt/airflow/dags/utils/__init__.py for tasks to queue
[2025-11-16T01:54:19.645+0000] {logging_mixin.py:154} INFO - [2025-11-16T01:54:19.645+0000] {dagbag.py:536} INFO - Filling up the DagBag from /opt/airflow/dags/utils/__init__.py
[2025-11-16T01:54:19.646+0000] {processor.py:841} WARNING - No viable dags retrieved from /opt/airflow/dags/utils/__init__.py
[2025-11-16T01:54:19.655+0000] {processor.py:179} INFO - Processing /opt/airflow/dags/utils/__init__.py took 0.013 seconds
[2025-11-16T01:54:50.014+0000] {processor.py:157} INFO - Started process (PID=14062) to work on /opt/airflow/dags/utils/__init__.py
[2025-11-16T01:54:50.015+0000] {processor.py:829} INFO - Processing file /opt/airflow/dags/utils/__init__.py for tasks to queue
[2025-11-16T01:54:50.015+0000] {logging_mixin.py:154} INFO - [2025-11-16T01:54:50.015+0000] {dagbag.py:536} INFO - Filling up the DagBag from /opt/airflow/dags/utils/__init__.py
[2025-11-16T01:54:50.017+0000] {processor.py:841} WARNING - No viable dags retrieved from /opt/airflow/dags/utils/__init__.py
[2025-11-16T01:54:50.028+0000] {processor.py:179} INFO - Processing /opt/airflow/dags/utils/__init__.py took 0.016 seconds
[2025-11-16T01:55:20.334+0000] {processor.py:157} INFO - Started process (PID=14121) to work on /opt/airflow/dags/utils/__init__.py
[2025-11-16T01:55:20.334+0000] {processor.py:829} INFO - Processing file /opt/airflow/dags/utils/__init__.py for tasks to queue
[2025-11-16T01:55:20.335+0000] {logging_mixin.py:154} INFO - [2025-11-16T01:55:20.335+0000] {dagbag.py:536} INFO - Filling up the DagBag from /opt/airflow/dags/utils/__init__.py
[2025-11-16T01:55:20.336+0000] {processor.py:841} WARNING - No viable dags retrieved from /opt/airflow/dags/utils/__init__.py
[2025-11-16T01:55:20.347+0000] {processor.py:179} INFO - Processing /opt/airflow/dags/utils/__init__.py took 0.015 seconds
[2025-11-16T01:55:50.759+0000] {processor.py:157} INFO - Started process (PID=14173) to work on /opt/airflow/dags/utils/__init__.py
[2025-11-16T01:55:50.760+0000] {processor.py:829} INFO - Processing file /opt/airflow/dags/utils/__init__.py for tasks to queue
[2025-11-16T01:55:50.760+0000] {logging_mixin.py:154} INFO - [2025-11-16T01:55:50.760+0000] {dagbag.py:536} INFO - Filling up the DagBag from /opt/airflow/dags/utils/__init__.py
[2025-11-16T01:55:50.762+0000] {processor.py:841} WARNING - No viable dags retrieved from /opt/airflow/dags/utils/__init__.py
[2025-11-16T01:55:50.772+0000] {processor.py:179} INFO - Processing /opt/airflow/dags/utils/__init__.py took 0.016 seconds
[2025-11-16T01:56:20.969+0000] {processor.py:157} INFO - Started process (PID=14232) to work on /opt/airflow/dags/utils/__init__.py
[2025-11-16T01:56:20.970+0000] {processor.py:829} INFO - Processing file /opt/airflow/dags/utils/__init__.py for tasks to queue
[2025-11-16T01:56:20.970+0000] {logging_mixin.py:154} INFO - [2025-11-16T01:56:20.970+0000] {dagbag.py:536} INFO - Filling up the DagBag from /opt/airflow/dags/utils/__init__.py
[2025-11-16T01:56:20.971+0000] {processor.py:841} WARNING - No viable dags retrieved from /opt/airflow/dags/utils/__init__.py
[2025-11-16T01:56:20.982+0000] {processor.py:179} INFO - Processing /opt/airflow/dags/utils/__init__.py took 0.015 seconds
[2025-11-16T01:56:51.404+0000] {processor.py:157} INFO - Started process (PID=14291) to work on /opt/airflow/dags/utils/__init__.py
[2025-11-16T01:56:51.405+0000] {processor.py:829} INFO - Processing file /opt/airflow/dags/utils/__init__.py for tasks to queue
[2025-11-16T01:56:51.405+0000] {logging_mixin.py:154} INFO - [2025-11-16T01:56:51.405+0000] {dagbag.py:536} INFO - Filling up the DagBag from /opt/airflow/dags/utils/__init__.py
[2025-11-16T01:56:51.407+0000] {processor.py:841} WARNING - No viable dags retrieved from /opt/airflow/dags/utils/__init__.py
[2025-11-16T01:56:51.417+0000] {processor.py:179} INFO - Processing /opt/airflow/dags/utils/__init__.py took 0.015 seconds
[2025-11-16T01:57:21.724+0000] {processor.py:157} INFO - Started process (PID=14350) to work on /opt/airflow/dags/utils/__init__.py
[2025-11-16T01:57:21.724+0000] {processor.py:829} INFO - Processing file /opt/airflow/dags/utils/__init__.py for tasks to queue
[2025-11-16T01:57:21.725+0000] {logging_mixin.py:154} INFO - [2025-11-16T01:57:21.725+0000] {dagbag.py:536} INFO - Filling up the DagBag from /opt/airflow/dags/utils/__init__.py
[2025-11-16T01:57:21.727+0000] {processor.py:841} WARNING - No viable dags retrieved from /opt/airflow/dags/utils/__init__.py
[2025-11-16T01:57:21.738+0000] {processor.py:179} INFO - Processing /opt/airflow/dags/utils/__init__.py took 0.017 seconds
[2025-11-16T01:57:52.081+0000] {processor.py:157} INFO - Started process (PID=14410) to work on /opt/airflow/dags/utils/__init__.py
[2025-11-16T01:57:52.082+0000] {processor.py:829} INFO - Processing file /opt/airflow/dags/utils/__init__.py for tasks to queue
[2025-11-16T01:57:52.082+0000] {logging_mixin.py:154} INFO - [2025-11-16T01:57:52.082+0000] {dagbag.py:536} INFO - Filling up the DagBag from /opt/airflow/dags/utils/__init__.py
[2025-11-16T01:57:52.083+0000] {processor.py:841} WARNING - No viable dags retrieved from /opt/airflow/dags/utils/__init__.py
[2025-11-16T01:57:52.093+0000] {processor.py:179} INFO - Processing /opt/airflow/dags/utils/__init__.py took 0.015 seconds
[2025-11-16T01:58:22.374+0000] {processor.py:157} INFO - Started process (PID=14469) to work on /opt/airflow/dags/utils/__init__.py
[2025-11-16T01:58:22.375+0000] {processor.py:829} INFO - Processing file /opt/airflow/dags/utils/__init__.py for tasks to queue
[2025-11-16T01:58:22.375+0000] {logging_mixin.py:154} INFO - [2025-11-16T01:58:22.375+0000] {dagbag.py:536} INFO - Filling up the DagBag from /opt/airflow/dags/utils/__init__.py
[2025-11-16T01:58:22.377+0000] {processor.py:841} WARNING - No viable dags retrieved from /opt/airflow/dags/utils/__init__.py
[2025-11-16T01:58:22.387+0000] {processor.py:179} INFO - Processing /opt/airflow/dags/utils/__init__.py took 0.015 seconds
[2025-11-16T01:58:52.736+0000] {processor.py:157} INFO - Started process (PID=14528) to work on /opt/airflow/dags/utils/__init__.py
[2025-11-16T01:58:52.737+0000] {processor.py:829} INFO - Processing file /opt/airflow/dags/utils/__init__.py for tasks to queue
[2025-11-16T01:58:52.737+0000] {logging_mixin.py:154} INFO - [2025-11-16T01:58:52.737+0000] {dagbag.py:536} INFO - Filling up the DagBag from /opt/airflow/dags/utils/__init__.py
[2025-11-16T01:58:52.739+0000] {processor.py:841} WARNING - No viable dags retrieved from /opt/airflow/dags/utils/__init__.py
[2025-11-16T01:58:52.749+0000] {processor.py:179} INFO - Processing /opt/airflow/dags/utils/__init__.py took 0.016 seconds
[2025-11-16T01:59:22.855+0000] {processor.py:157} INFO - Started process (PID=14587) to work on /opt/airflow/dags/utils/__init__.py
[2025-11-16T01:59:22.856+0000] {processor.py:829} INFO - Processing file /opt/airflow/dags/utils/__init__.py for tasks to queue
[2025-11-16T01:59:22.856+0000] {logging_mixin.py:154} INFO - [2025-11-16T01:59:22.856+0000] {dagbag.py:536} INFO - Filling up the DagBag from /opt/airflow/dags/utils/__init__.py
[2025-11-16T01:59:22.857+0000] {processor.py:841} WARNING - No viable dags retrieved from /opt/airflow/dags/utils/__init__.py
[2025-11-16T01:59:22.867+0000] {processor.py:179} INFO - Processing /opt/airflow/dags/utils/__init__.py took 0.015 seconds
[2025-11-16T01:59:53.373+0000] {processor.py:157} INFO - Started process (PID=14639) to work on /opt/airflow/dags/utils/__init__.py
[2025-11-16T01:59:53.374+0000] {processor.py:829} INFO - Processing file /opt/airflow/dags/utils/__init__.py for tasks to queue
[2025-11-16T01:59:53.375+0000] {logging_mixin.py:154} INFO - [2025-11-16T01:59:53.375+0000] {dagbag.py:536} INFO - Filling up the DagBag from /opt/airflow/dags/utils/__init__.py
[2025-11-16T01:59:53.377+0000] {processor.py:841} WARNING - No viable dags retrieved from /opt/airflow/dags/utils/__init__.py
[2025-11-16T01:59:53.389+0000] {processor.py:179} INFO - Processing /opt/airflow/dags/utils/__init__.py took 0.018 seconds
[2025-11-16T02:00:23.742+0000] {processor.py:157} INFO - Started process (PID=14698) to work on /opt/airflow/dags/utils/__init__.py
[2025-11-16T02:00:23.743+0000] {processor.py:829} INFO - Processing file /opt/airflow/dags/utils/__init__.py for tasks to queue
[2025-11-16T02:00:23.743+0000] {logging_mixin.py:154} INFO - [2025-11-16T02:00:23.743+0000] {dagbag.py:536} INFO - Filling up the DagBag from /opt/airflow/dags/utils/__init__.py
[2025-11-16T02:00:23.745+0000] {processor.py:841} WARNING - No viable dags retrieved from /opt/airflow/dags/utils/__init__.py
[2025-11-16T02:00:23.756+0000] {processor.py:179} INFO - Processing /opt/airflow/dags/utils/__init__.py took 0.017 seconds
[2025-11-16T02:00:54.022+0000] {processor.py:157} INFO - Started process (PID=14757) to work on /opt/airflow/dags/utils/__init__.py
[2025-11-16T02:00:54.022+0000] {processor.py:829} INFO - Processing file /opt/airflow/dags/utils/__init__.py for tasks to queue
[2025-11-16T02:00:54.023+0000] {logging_mixin.py:154} INFO - [2025-11-16T02:00:54.023+0000] {dagbag.py:536} INFO - Filling up the DagBag from /opt/airflow/dags/utils/__init__.py
[2025-11-16T02:00:54.025+0000] {processor.py:841} WARNING - No viable dags retrieved from /opt/airflow/dags/utils/__init__.py
[2025-11-16T02:00:54.037+0000] {processor.py:179} INFO - Processing /opt/airflow/dags/utils/__init__.py took 0.018 seconds
[2025-11-16T02:01:24.447+0000] {processor.py:157} INFO - Started process (PID=14816) to work on /opt/airflow/dags/utils/__init__.py
[2025-11-16T02:01:24.448+0000] {processor.py:829} INFO - Processing file /opt/airflow/dags/utils/__init__.py for tasks to queue
[2025-11-16T02:01:24.448+0000] {logging_mixin.py:154} INFO - [2025-11-16T02:01:24.448+0000] {dagbag.py:536} INFO - Filling up the DagBag from /opt/airflow/dags/utils/__init__.py
[2025-11-16T02:01:24.450+0000] {processor.py:841} WARNING - No viable dags retrieved from /opt/airflow/dags/utils/__init__.py
[2025-11-16T02:01:24.462+0000] {processor.py:179} INFO - Processing /opt/airflow/dags/utils/__init__.py took 0.018 seconds
[2025-11-16T02:01:54.794+0000] {processor.py:157} INFO - Started process (PID=14875) to work on /opt/airflow/dags/utils/__init__.py
[2025-11-16T02:01:54.794+0000] {processor.py:829} INFO - Processing file /opt/airflow/dags/utils/__init__.py for tasks to queue
[2025-11-16T02:01:54.795+0000] {logging_mixin.py:154} INFO - [2025-11-16T02:01:54.795+0000] {dagbag.py:536} INFO - Filling up the DagBag from /opt/airflow/dags/utils/__init__.py
[2025-11-16T02:01:54.796+0000] {processor.py:841} WARNING - No viable dags retrieved from /opt/airflow/dags/utils/__init__.py
[2025-11-16T02:01:54.807+0000] {processor.py:179} INFO - Processing /opt/airflow/dags/utils/__init__.py took 0.017 seconds
[2025-11-16T02:02:25.111+0000] {processor.py:157} INFO - Started process (PID=14934) to work on /opt/airflow/dags/utils/__init__.py
[2025-11-16T02:02:25.111+0000] {processor.py:829} INFO - Processing file /opt/airflow/dags/utils/__init__.py for tasks to queue
[2025-11-16T02:02:25.112+0000] {logging_mixin.py:154} INFO - [2025-11-16T02:02:25.112+0000] {dagbag.py:536} INFO - Filling up the DagBag from /opt/airflow/dags/utils/__init__.py
[2025-11-16T02:02:25.114+0000] {processor.py:841} WARNING - No viable dags retrieved from /opt/airflow/dags/utils/__init__.py
[2025-11-16T02:02:25.126+0000] {processor.py:179} INFO - Processing /opt/airflow/dags/utils/__init__.py took 0.018 seconds
[2025-11-16T02:02:55.567+0000] {processor.py:157} INFO - Started process (PID=14993) to work on /opt/airflow/dags/utils/__init__.py
[2025-11-16T02:02:55.568+0000] {processor.py:829} INFO - Processing file /opt/airflow/dags/utils/__init__.py for tasks to queue
[2025-11-16T02:02:55.568+0000] {logging_mixin.py:154} INFO - [2025-11-16T02:02:55.568+0000] {dagbag.py:536} INFO - Filling up the DagBag from /opt/airflow/dags/utils/__init__.py
[2025-11-16T02:02:55.570+0000] {processor.py:841} WARNING - No viable dags retrieved from /opt/airflow/dags/utils/__init__.py
[2025-11-16T02:02:55.580+0000] {processor.py:179} INFO - Processing /opt/airflow/dags/utils/__init__.py took 0.016 seconds
[2025-11-16T02:03:25.933+0000] {processor.py:157} INFO - Started process (PID=15052) to work on /opt/airflow/dags/utils/__init__.py
[2025-11-16T02:03:25.933+0000] {processor.py:829} INFO - Processing file /opt/airflow/dags/utils/__init__.py for tasks to queue
[2025-11-16T02:03:25.934+0000] {logging_mixin.py:154} INFO - [2025-11-16T02:03:25.934+0000] {dagbag.py:536} INFO - Filling up the DagBag from /opt/airflow/dags/utils/__init__.py
[2025-11-16T02:03:25.935+0000] {processor.py:841} WARNING - No viable dags retrieved from /opt/airflow/dags/utils/__init__.py
[2025-11-16T02:03:25.945+0000] {processor.py:179} INFO - Processing /opt/airflow/dags/utils/__init__.py took 0.015 seconds
[2025-11-16T02:03:56.114+0000] {processor.py:157} INFO - Started process (PID=15111) to work on /opt/airflow/dags/utils/__init__.py
[2025-11-16T02:03:56.114+0000] {processor.py:829} INFO - Processing file /opt/airflow/dags/utils/__init__.py for tasks to queue
[2025-11-16T02:03:56.115+0000] {logging_mixin.py:154} INFO - [2025-11-16T02:03:56.114+0000] {dagbag.py:536} INFO - Filling up the DagBag from /opt/airflow/dags/utils/__init__.py
[2025-11-16T02:03:56.116+0000] {processor.py:841} WARNING - No viable dags retrieved from /opt/airflow/dags/utils/__init__.py
[2025-11-16T02:03:56.125+0000] {processor.py:179} INFO - Processing /opt/airflow/dags/utils/__init__.py took 0.014 seconds
[2025-11-16T02:04:26.370+0000] {processor.py:157} INFO - Started process (PID=15163) to work on /opt/airflow/dags/utils/__init__.py
[2025-11-16T02:04:26.370+0000] {processor.py:829} INFO - Processing file /opt/airflow/dags/utils/__init__.py for tasks to queue
[2025-11-16T02:04:26.370+0000] {logging_mixin.py:154} INFO - [2025-11-16T02:04:26.370+0000] {dagbag.py:536} INFO - Filling up the DagBag from /opt/airflow/dags/utils/__init__.py
[2025-11-16T02:04:26.372+0000] {processor.py:841} WARNING - No viable dags retrieved from /opt/airflow/dags/utils/__init__.py
[2025-11-16T02:04:26.382+0000] {processor.py:179} INFO - Processing /opt/airflow/dags/utils/__init__.py took 0.015 seconds
[2025-11-16T02:04:56.626+0000] {processor.py:157} INFO - Started process (PID=15222) to work on /opt/airflow/dags/utils/__init__.py
[2025-11-16T02:04:56.627+0000] {processor.py:829} INFO - Processing file /opt/airflow/dags/utils/__init__.py for tasks to queue
[2025-11-16T02:04:56.627+0000] {logging_mixin.py:154} INFO - [2025-11-16T02:04:56.627+0000] {dagbag.py:536} INFO - Filling up the DagBag from /opt/airflow/dags/utils/__init__.py
[2025-11-16T02:04:56.628+0000] {processor.py:841} WARNING - No viable dags retrieved from /opt/airflow/dags/utils/__init__.py
[2025-11-16T02:04:56.638+0000] {processor.py:179} INFO - Processing /opt/airflow/dags/utils/__init__.py took 0.014 seconds
[2025-11-16T02:05:26.920+0000] {processor.py:157} INFO - Started process (PID=15281) to work on /opt/airflow/dags/utils/__init__.py
[2025-11-16T02:05:26.920+0000] {processor.py:829} INFO - Processing file /opt/airflow/dags/utils/__init__.py for tasks to queue
[2025-11-16T02:05:26.921+0000] {logging_mixin.py:154} INFO - [2025-11-16T02:05:26.921+0000] {dagbag.py:536} INFO - Filling up the DagBag from /opt/airflow/dags/utils/__init__.py
[2025-11-16T02:05:26.923+0000] {processor.py:841} WARNING - No viable dags retrieved from /opt/airflow/dags/utils/__init__.py
[2025-11-16T02:05:26.932+0000] {processor.py:179} INFO - Processing /opt/airflow/dags/utils/__init__.py took 0.015 seconds
[2025-11-16T02:05:57.231+0000] {processor.py:157} INFO - Started process (PID=15323) to work on /opt/airflow/dags/utils/__init__.py
[2025-11-16T02:05:57.231+0000] {processor.py:829} INFO - Processing file /opt/airflow/dags/utils/__init__.py for tasks to queue
[2025-11-16T02:05:57.232+0000] {logging_mixin.py:154} INFO - [2025-11-16T02:05:57.232+0000] {dagbag.py:536} INFO - Filling up the DagBag from /opt/airflow/dags/utils/__init__.py
[2025-11-16T02:05:57.233+0000] {processor.py:841} WARNING - No viable dags retrieved from /opt/airflow/dags/utils/__init__.py
[2025-11-16T02:05:57.242+0000] {processor.py:179} INFO - Processing /opt/airflow/dags/utils/__init__.py took 0.013 seconds
[2025-11-16T02:06:27.294+0000] {processor.py:157} INFO - Started process (PID=15382) to work on /opt/airflow/dags/utils/__init__.py
[2025-11-16T02:06:27.295+0000] {processor.py:829} INFO - Processing file /opt/airflow/dags/utils/__init__.py for tasks to queue
[2025-11-16T02:06:27.296+0000] {logging_mixin.py:154} INFO - [2025-11-16T02:06:27.295+0000] {dagbag.py:536} INFO - Filling up the DagBag from /opt/airflow/dags/utils/__init__.py
[2025-11-16T02:06:27.297+0000] {processor.py:841} WARNING - No viable dags retrieved from /opt/airflow/dags/utils/__init__.py
[2025-11-16T02:06:27.310+0000] {processor.py:179} INFO - Processing /opt/airflow/dags/utils/__init__.py took 0.019 seconds
[2025-11-16T02:06:57.579+0000] {processor.py:157} INFO - Started process (PID=15441) to work on /opt/airflow/dags/utils/__init__.py
[2025-11-16T02:06:57.580+0000] {processor.py:829} INFO - Processing file /opt/airflow/dags/utils/__init__.py for tasks to queue
[2025-11-16T02:06:57.580+0000] {logging_mixin.py:154} INFO - [2025-11-16T02:06:57.580+0000] {dagbag.py:536} INFO - Filling up the DagBag from /opt/airflow/dags/utils/__init__.py
[2025-11-16T02:06:57.582+0000] {processor.py:841} WARNING - No viable dags retrieved from /opt/airflow/dags/utils/__init__.py
[2025-11-16T02:06:57.592+0000] {processor.py:179} INFO - Processing /opt/airflow/dags/utils/__init__.py took 0.015 seconds
[2025-11-16T02:07:27.976+0000] {processor.py:157} INFO - Started process (PID=15500) to work on /opt/airflow/dags/utils/__init__.py
[2025-11-16T02:07:27.976+0000] {processor.py:829} INFO - Processing file /opt/airflow/dags/utils/__init__.py for tasks to queue
[2025-11-16T02:07:27.976+0000] {logging_mixin.py:154} INFO - [2025-11-16T02:07:27.976+0000] {dagbag.py:536} INFO - Filling up the DagBag from /opt/airflow/dags/utils/__init__.py
[2025-11-16T02:07:27.978+0000] {processor.py:841} WARNING - No viable dags retrieved from /opt/airflow/dags/utils/__init__.py
[2025-11-16T02:07:27.986+0000] {processor.py:179} INFO - Processing /opt/airflow/dags/utils/__init__.py took 0.012 seconds
[2025-11-16T02:07:58.381+0000] {processor.py:157} INFO - Started process (PID=15559) to work on /opt/airflow/dags/utils/__init__.py
[2025-11-16T02:07:58.382+0000] {processor.py:829} INFO - Processing file /opt/airflow/dags/utils/__init__.py for tasks to queue
[2025-11-16T02:07:58.383+0000] {logging_mixin.py:154} INFO - [2025-11-16T02:07:58.382+0000] {dagbag.py:536} INFO - Filling up the DagBag from /opt/airflow/dags/utils/__init__.py
[2025-11-16T02:07:58.384+0000] {processor.py:841} WARNING - No viable dags retrieved from /opt/airflow/dags/utils/__init__.py
[2025-11-16T02:07:58.394+0000] {processor.py:179} INFO - Processing /opt/airflow/dags/utils/__init__.py took 0.016 seconds
[2025-11-16T02:08:28.722+0000] {processor.py:157} INFO - Started process (PID=15611) to work on /opt/airflow/dags/utils/__init__.py
[2025-11-16T02:08:28.723+0000] {processor.py:829} INFO - Processing file /opt/airflow/dags/utils/__init__.py for tasks to queue
[2025-11-16T02:08:28.723+0000] {logging_mixin.py:154} INFO - [2025-11-16T02:08:28.723+0000] {dagbag.py:536} INFO - Filling up the DagBag from /opt/airflow/dags/utils/__init__.py
[2025-11-16T02:08:28.725+0000] {processor.py:841} WARNING - No viable dags retrieved from /opt/airflow/dags/utils/__init__.py
[2025-11-16T02:08:28.736+0000] {processor.py:179} INFO - Processing /opt/airflow/dags/utils/__init__.py took 0.016 seconds
[2025-11-16T02:08:59.373+0000] {processor.py:157} INFO - Started process (PID=15670) to work on /opt/airflow/dags/utils/__init__.py
[2025-11-16T02:08:59.373+0000] {processor.py:829} INFO - Processing file /opt/airflow/dags/utils/__init__.py for tasks to queue
[2025-11-16T02:08:59.374+0000] {logging_mixin.py:154} INFO - [2025-11-16T02:08:59.373+0000] {dagbag.py:536} INFO - Filling up the DagBag from /opt/airflow/dags/utils/__init__.py
[2025-11-16T02:08:59.375+0000] {processor.py:841} WARNING - No viable dags retrieved from /opt/airflow/dags/utils/__init__.py
[2025-11-16T02:08:59.387+0000] {processor.py:179} INFO - Processing /opt/airflow/dags/utils/__init__.py took 0.017 seconds
[2025-11-16T02:09:29.635+0000] {processor.py:157} INFO - Started process (PID=15729) to work on /opt/airflow/dags/utils/__init__.py
[2025-11-16T02:09:29.636+0000] {processor.py:829} INFO - Processing file /opt/airflow/dags/utils/__init__.py for tasks to queue
[2025-11-16T02:09:29.637+0000] {logging_mixin.py:154} INFO - [2025-11-16T02:09:29.636+0000] {dagbag.py:536} INFO - Filling up the DagBag from /opt/airflow/dags/utils/__init__.py
[2025-11-16T02:09:29.638+0000] {processor.py:841} WARNING - No viable dags retrieved from /opt/airflow/dags/utils/__init__.py
[2025-11-16T02:09:29.649+0000] {processor.py:179} INFO - Processing /opt/airflow/dags/utils/__init__.py took 0.017 seconds
[2025-11-16T02:09:59.989+0000] {processor.py:157} INFO - Started process (PID=15788) to work on /opt/airflow/dags/utils/__init__.py
[2025-11-16T02:09:59.990+0000] {processor.py:829} INFO - Processing file /opt/airflow/dags/utils/__init__.py for tasks to queue
[2025-11-16T02:09:59.990+0000] {logging_mixin.py:154} INFO - [2025-11-16T02:09:59.990+0000] {dagbag.py:536} INFO - Filling up the DagBag from /opt/airflow/dags/utils/__init__.py
[2025-11-16T02:09:59.992+0000] {processor.py:841} WARNING - No viable dags retrieved from /opt/airflow/dags/utils/__init__.py
[2025-11-16T02:10:00.003+0000] {processor.py:179} INFO - Processing /opt/airflow/dags/utils/__init__.py took 0.016 seconds
[2025-11-16T02:10:30.354+0000] {processor.py:157} INFO - Started process (PID=15847) to work on /opt/airflow/dags/utils/__init__.py
[2025-11-16T02:10:30.355+0000] {processor.py:829} INFO - Processing file /opt/airflow/dags/utils/__init__.py for tasks to queue
[2025-11-16T02:10:30.355+0000] {logging_mixin.py:154} INFO - [2025-11-16T02:10:30.355+0000] {dagbag.py:536} INFO - Filling up the DagBag from /opt/airflow/dags/utils/__init__.py
[2025-11-16T02:10:30.356+0000] {processor.py:841} WARNING - No viable dags retrieved from /opt/airflow/dags/utils/__init__.py
[2025-11-16T02:10:30.365+0000] {processor.py:179} INFO - Processing /opt/airflow/dags/utils/__init__.py took 0.013 seconds
[2025-11-16T02:11:00.692+0000] {processor.py:157} INFO - Started process (PID=15907) to work on /opt/airflow/dags/utils/__init__.py
[2025-11-16T02:11:00.693+0000] {processor.py:829} INFO - Processing file /opt/airflow/dags/utils/__init__.py for tasks to queue
[2025-11-16T02:11:00.693+0000] {logging_mixin.py:154} INFO - [2025-11-16T02:11:00.693+0000] {dagbag.py:536} INFO - Filling up the DagBag from /opt/airflow/dags/utils/__init__.py
[2025-11-16T02:11:00.695+0000] {processor.py:841} WARNING - No viable dags retrieved from /opt/airflow/dags/utils/__init__.py
[2025-11-16T02:11:00.704+0000] {processor.py:179} INFO - Processing /opt/airflow/dags/utils/__init__.py took 0.014 seconds
[2025-11-16T02:11:31.025+0000] {processor.py:157} INFO - Started process (PID=15966) to work on /opt/airflow/dags/utils/__init__.py
[2025-11-16T02:11:31.026+0000] {processor.py:829} INFO - Processing file /opt/airflow/dags/utils/__init__.py for tasks to queue
[2025-11-16T02:11:31.026+0000] {logging_mixin.py:154} INFO - [2025-11-16T02:11:31.026+0000] {dagbag.py:536} INFO - Filling up the DagBag from /opt/airflow/dags/utils/__init__.py
[2025-11-16T02:11:31.027+0000] {processor.py:841} WARNING - No viable dags retrieved from /opt/airflow/dags/utils/__init__.py
[2025-11-16T02:11:31.038+0000] {processor.py:179} INFO - Processing /opt/airflow/dags/utils/__init__.py took 0.015 seconds
[2025-11-16T02:12:01.381+0000] {processor.py:157} INFO - Started process (PID=16025) to work on /opt/airflow/dags/utils/__init__.py
[2025-11-16T02:12:01.381+0000] {processor.py:829} INFO - Processing file /opt/airflow/dags/utils/__init__.py for tasks to queue
[2025-11-16T02:12:01.382+0000] {logging_mixin.py:154} INFO - [2025-11-16T02:12:01.381+0000] {dagbag.py:536} INFO - Filling up the DagBag from /opt/airflow/dags/utils/__init__.py
[2025-11-16T02:12:01.383+0000] {processor.py:841} WARNING - No viable dags retrieved from /opt/airflow/dags/utils/__init__.py
[2025-11-16T02:12:01.393+0000] {processor.py:179} INFO - Processing /opt/airflow/dags/utils/__init__.py took 0.015 seconds
[2025-11-16T02:12:31.802+0000] {processor.py:157} INFO - Started process (PID=16077) to work on /opt/airflow/dags/utils/__init__.py
[2025-11-16T02:12:31.803+0000] {processor.py:829} INFO - Processing file /opt/airflow/dags/utils/__init__.py for tasks to queue
[2025-11-16T02:12:31.803+0000] {logging_mixin.py:154} INFO - [2025-11-16T02:12:31.803+0000] {dagbag.py:536} INFO - Filling up the DagBag from /opt/airflow/dags/utils/__init__.py
[2025-11-16T02:12:31.805+0000] {processor.py:841} WARNING - No viable dags retrieved from /opt/airflow/dags/utils/__init__.py
[2025-11-16T02:12:31.815+0000] {processor.py:179} INFO - Processing /opt/airflow/dags/utils/__init__.py took 0.016 seconds
[2025-11-16T02:13:02.205+0000] {processor.py:157} INFO - Started process (PID=16136) to work on /opt/airflow/dags/utils/__init__.py
[2025-11-16T02:13:02.206+0000] {processor.py:829} INFO - Processing file /opt/airflow/dags/utils/__init__.py for tasks to queue
[2025-11-16T02:13:02.206+0000] {logging_mixin.py:154} INFO - [2025-11-16T02:13:02.206+0000] {dagbag.py:536} INFO - Filling up the DagBag from /opt/airflow/dags/utils/__init__.py
[2025-11-16T02:13:02.208+0000] {processor.py:841} WARNING - No viable dags retrieved from /opt/airflow/dags/utils/__init__.py
[2025-11-16T02:13:02.219+0000] {processor.py:179} INFO - Processing /opt/airflow/dags/utils/__init__.py took 0.017 seconds
[2025-11-16T02:13:32.630+0000] {processor.py:157} INFO - Started process (PID=16195) to work on /opt/airflow/dags/utils/__init__.py
[2025-11-16T02:13:32.631+0000] {processor.py:829} INFO - Processing file /opt/airflow/dags/utils/__init__.py for tasks to queue
[2025-11-16T02:13:32.631+0000] {logging_mixin.py:154} INFO - [2025-11-16T02:13:32.631+0000] {dagbag.py:536} INFO - Filling up the DagBag from /opt/airflow/dags/utils/__init__.py
[2025-11-16T02:13:32.634+0000] {processor.py:841} WARNING - No viable dags retrieved from /opt/airflow/dags/utils/__init__.py
[2025-11-16T02:13:32.647+0000] {processor.py:179} INFO - Processing /opt/airflow/dags/utils/__init__.py took 0.020 seconds
[2025-11-16T02:14:03.034+0000] {processor.py:157} INFO - Started process (PID=16254) to work on /opt/airflow/dags/utils/__init__.py
[2025-11-16T02:14:03.034+0000] {processor.py:829} INFO - Processing file /opt/airflow/dags/utils/__init__.py for tasks to queue
[2025-11-16T02:14:03.035+0000] {logging_mixin.py:154} INFO - [2025-11-16T02:14:03.035+0000] {dagbag.py:536} INFO - Filling up the DagBag from /opt/airflow/dags/utils/__init__.py
[2025-11-16T02:14:03.037+0000] {processor.py:841} WARNING - No viable dags retrieved from /opt/airflow/dags/utils/__init__.py
[2025-11-16T02:14:03.048+0000] {processor.py:179} INFO - Processing /opt/airflow/dags/utils/__init__.py took 0.016 seconds
[2025-11-16T02:14:33.406+0000] {processor.py:157} INFO - Started process (PID=16313) to work on /opt/airflow/dags/utils/__init__.py
[2025-11-16T02:14:33.407+0000] {processor.py:829} INFO - Processing file /opt/airflow/dags/utils/__init__.py for tasks to queue
[2025-11-16T02:14:33.407+0000] {logging_mixin.py:154} INFO - [2025-11-16T02:14:33.407+0000] {dagbag.py:536} INFO - Filling up the DagBag from /opt/airflow/dags/utils/__init__.py
[2025-11-16T02:14:33.409+0000] {processor.py:841} WARNING - No viable dags retrieved from /opt/airflow/dags/utils/__init__.py
[2025-11-16T02:14:33.419+0000] {processor.py:179} INFO - Processing /opt/airflow/dags/utils/__init__.py took 0.015 seconds
[2025-11-16T02:15:03.639+0000] {processor.py:157} INFO - Started process (PID=16372) to work on /opt/airflow/dags/utils/__init__.py
[2025-11-16T02:15:03.639+0000] {processor.py:829} INFO - Processing file /opt/airflow/dags/utils/__init__.py for tasks to queue
[2025-11-16T02:15:03.640+0000] {logging_mixin.py:154} INFO - [2025-11-16T02:15:03.639+0000] {dagbag.py:536} INFO - Filling up the DagBag from /opt/airflow/dags/utils/__init__.py
[2025-11-16T02:15:03.641+0000] {processor.py:841} WARNING - No viable dags retrieved from /opt/airflow/dags/utils/__init__.py
[2025-11-16T02:15:03.650+0000] {processor.py:179} INFO - Processing /opt/airflow/dags/utils/__init__.py took 0.014 seconds
[2025-11-16T02:15:34.005+0000] {processor.py:157} INFO - Started process (PID=16431) to work on /opt/airflow/dags/utils/__init__.py
[2025-11-16T02:15:34.005+0000] {processor.py:829} INFO - Processing file /opt/airflow/dags/utils/__init__.py for tasks to queue
[2025-11-16T02:15:34.006+0000] {logging_mixin.py:154} INFO - [2025-11-16T02:15:34.006+0000] {dagbag.py:536} INFO - Filling up the DagBag from /opt/airflow/dags/utils/__init__.py
[2025-11-16T02:15:34.007+0000] {processor.py:841} WARNING - No viable dags retrieved from /opt/airflow/dags/utils/__init__.py
[2025-11-16T02:15:34.018+0000] {processor.py:179} INFO - Processing /opt/airflow/dags/utils/__init__.py took 0.016 seconds
[2025-11-16T02:16:04.157+0000] {processor.py:157} INFO - Started process (PID=16490) to work on /opt/airflow/dags/utils/__init__.py
[2025-11-16T02:16:04.157+0000] {processor.py:829} INFO - Processing file /opt/airflow/dags/utils/__init__.py for tasks to queue
[2025-11-16T02:16:04.158+0000] {logging_mixin.py:154} INFO - [2025-11-16T02:16:04.158+0000] {dagbag.py:536} INFO - Filling up the DagBag from /opt/airflow/dags/utils/__init__.py
[2025-11-16T02:16:04.159+0000] {processor.py:841} WARNING - No viable dags retrieved from /opt/airflow/dags/utils/__init__.py
[2025-11-16T02:16:04.171+0000] {processor.py:179} INFO - Processing /opt/airflow/dags/utils/__init__.py took 0.017 seconds
[2025-11-16T02:16:34.448+0000] {processor.py:157} INFO - Started process (PID=16525) to work on /opt/airflow/dags/utils/__init__.py
[2025-11-16T02:16:34.448+0000] {processor.py:829} INFO - Processing file /opt/airflow/dags/utils/__init__.py for tasks to queue
[2025-11-16T02:16:34.449+0000] {logging_mixin.py:154} INFO - [2025-11-16T02:16:34.449+0000] {dagbag.py:536} INFO - Filling up the DagBag from /opt/airflow/dags/utils/__init__.py
[2025-11-16T02:16:34.450+0000] {processor.py:841} WARNING - No viable dags retrieved from /opt/airflow/dags/utils/__init__.py
[2025-11-16T02:16:34.460+0000] {processor.py:179} INFO - Processing /opt/airflow/dags/utils/__init__.py took 0.015 seconds
[2025-11-16T02:17:04.779+0000] {processor.py:157} INFO - Started process (PID=16585) to work on /opt/airflow/dags/utils/__init__.py
[2025-11-16T02:17:04.780+0000] {processor.py:829} INFO - Processing file /opt/airflow/dags/utils/__init__.py for tasks to queue
[2025-11-16T02:17:04.780+0000] {logging_mixin.py:154} INFO - [2025-11-16T02:17:04.780+0000] {dagbag.py:536} INFO - Filling up the DagBag from /opt/airflow/dags/utils/__init__.py
[2025-11-16T02:17:04.782+0000] {processor.py:841} WARNING - No viable dags retrieved from /opt/airflow/dags/utils/__init__.py
[2025-11-16T02:17:04.791+0000] {processor.py:179} INFO - Processing /opt/airflow/dags/utils/__init__.py took 0.014 seconds
[2025-11-16T02:17:35.326+0000] {processor.py:157} INFO - Started process (PID=16644) to work on /opt/airflow/dags/utils/__init__.py
[2025-11-16T02:17:35.326+0000] {processor.py:829} INFO - Processing file /opt/airflow/dags/utils/__init__.py for tasks to queue
[2025-11-16T02:17:35.327+0000] {logging_mixin.py:154} INFO - [2025-11-16T02:17:35.326+0000] {dagbag.py:536} INFO - Filling up the DagBag from /opt/airflow/dags/utils/__init__.py
[2025-11-16T02:17:35.328+0000] {processor.py:841} WARNING - No viable dags retrieved from /opt/airflow/dags/utils/__init__.py
[2025-11-16T02:17:35.340+0000] {processor.py:179} INFO - Processing /opt/airflow/dags/utils/__init__.py took 0.017 seconds
[2025-11-16T02:18:05.618+0000] {processor.py:157} INFO - Started process (PID=16703) to work on /opt/airflow/dags/utils/__init__.py
[2025-11-16T02:18:05.619+0000] {processor.py:829} INFO - Processing file /opt/airflow/dags/utils/__init__.py for tasks to queue
[2025-11-16T02:18:05.619+0000] {logging_mixin.py:154} INFO - [2025-11-16T02:18:05.619+0000] {dagbag.py:536} INFO - Filling up the DagBag from /opt/airflow/dags/utils/__init__.py
[2025-11-16T02:18:05.621+0000] {processor.py:841} WARNING - No viable dags retrieved from /opt/airflow/dags/utils/__init__.py
[2025-11-16T02:18:05.631+0000] {processor.py:179} INFO - Processing /opt/airflow/dags/utils/__init__.py took 0.016 seconds
[2025-11-16T02:18:36.012+0000] {processor.py:157} INFO - Started process (PID=16762) to work on /opt/airflow/dags/utils/__init__.py
[2025-11-16T02:18:36.012+0000] {processor.py:829} INFO - Processing file /opt/airflow/dags/utils/__init__.py for tasks to queue
[2025-11-16T02:18:36.013+0000] {logging_mixin.py:154} INFO - [2025-11-16T02:18:36.013+0000] {dagbag.py:536} INFO - Filling up the DagBag from /opt/airflow/dags/utils/__init__.py
[2025-11-16T02:18:36.014+0000] {processor.py:841} WARNING - No viable dags retrieved from /opt/airflow/dags/utils/__init__.py
[2025-11-16T02:18:36.025+0000] {processor.py:179} INFO - Processing /opt/airflow/dags/utils/__init__.py took 0.015 seconds
[2025-11-16T02:19:06.307+0000] {processor.py:157} INFO - Started process (PID=16821) to work on /opt/airflow/dags/utils/__init__.py
[2025-11-16T02:19:06.307+0000] {processor.py:829} INFO - Processing file /opt/airflow/dags/utils/__init__.py for tasks to queue
[2025-11-16T02:19:06.308+0000] {logging_mixin.py:154} INFO - [2025-11-16T02:19:06.307+0000] {dagbag.py:536} INFO - Filling up the DagBag from /opt/airflow/dags/utils/__init__.py
[2025-11-16T02:19:06.309+0000] {processor.py:841} WARNING - No viable dags retrieved from /opt/airflow/dags/utils/__init__.py
[2025-11-16T02:19:06.318+0000] {processor.py:179} INFO - Processing /opt/airflow/dags/utils/__init__.py took 0.013 seconds
[2025-11-16T02:19:36.655+0000] {processor.py:157} INFO - Started process (PID=16880) to work on /opt/airflow/dags/utils/__init__.py
[2025-11-16T02:19:36.655+0000] {processor.py:829} INFO - Processing file /opt/airflow/dags/utils/__init__.py for tasks to queue
[2025-11-16T02:19:36.656+0000] {logging_mixin.py:154} INFO - [2025-11-16T02:19:36.655+0000] {dagbag.py:536} INFO - Filling up the DagBag from /opt/airflow/dags/utils/__init__.py
[2025-11-16T02:19:36.657+0000] {processor.py:841} WARNING - No viable dags retrieved from /opt/airflow/dags/utils/__init__.py
[2025-11-16T02:19:36.669+0000] {processor.py:179} INFO - Processing /opt/airflow/dags/utils/__init__.py took 0.016 seconds
[2025-11-16T02:20:06.989+0000] {processor.py:157} INFO - Started process (PID=16939) to work on /opt/airflow/dags/utils/__init__.py
[2025-11-16T02:20:06.989+0000] {processor.py:829} INFO - Processing file /opt/airflow/dags/utils/__init__.py for tasks to queue
[2025-11-16T02:20:06.990+0000] {logging_mixin.py:154} INFO - [2025-11-16T02:20:06.990+0000] {dagbag.py:536} INFO - Filling up the DagBag from /opt/airflow/dags/utils/__init__.py
[2025-11-16T02:20:06.991+0000] {processor.py:841} WARNING - No viable dags retrieved from /opt/airflow/dags/utils/__init__.py
[2025-11-16T02:20:07.003+0000] {processor.py:179} INFO - Processing /opt/airflow/dags/utils/__init__.py took 0.017 seconds
[2025-11-16T02:20:37.200+0000] {processor.py:157} INFO - Started process (PID=16998) to work on /opt/airflow/dags/utils/__init__.py
[2025-11-16T02:20:37.200+0000] {processor.py:829} INFO - Processing file /opt/airflow/dags/utils/__init__.py for tasks to queue
[2025-11-16T02:20:37.201+0000] {logging_mixin.py:154} INFO - [2025-11-16T02:20:37.201+0000] {dagbag.py:536} INFO - Filling up the DagBag from /opt/airflow/dags/utils/__init__.py
[2025-11-16T02:20:37.203+0000] {processor.py:841} WARNING - No viable dags retrieved from /opt/airflow/dags/utils/__init__.py
[2025-11-16T02:20:37.212+0000] {processor.py:179} INFO - Processing /opt/airflow/dags/utils/__init__.py took 0.015 seconds
[2025-11-16T02:21:07.588+0000] {processor.py:157} INFO - Started process (PID=17057) to work on /opt/airflow/dags/utils/__init__.py
[2025-11-16T02:21:07.588+0000] {processor.py:829} INFO - Processing file /opt/airflow/dags/utils/__init__.py for tasks to queue
[2025-11-16T02:21:07.588+0000] {logging_mixin.py:154} INFO - [2025-11-16T02:21:07.588+0000] {dagbag.py:536} INFO - Filling up the DagBag from /opt/airflow/dags/utils/__init__.py
[2025-11-16T02:21:07.590+0000] {processor.py:841} WARNING - No viable dags retrieved from /opt/airflow/dags/utils/__init__.py
[2025-11-16T02:21:07.600+0000] {processor.py:179} INFO - Processing /opt/airflow/dags/utils/__init__.py took 0.015 seconds
[2025-11-16T02:21:38.170+0000] {processor.py:157} INFO - Started process (PID=17109) to work on /opt/airflow/dags/utils/__init__.py
[2025-11-16T02:21:38.171+0000] {processor.py:829} INFO - Processing file /opt/airflow/dags/utils/__init__.py for tasks to queue
[2025-11-16T02:21:38.171+0000] {logging_mixin.py:154} INFO - [2025-11-16T02:21:38.171+0000] {dagbag.py:536} INFO - Filling up the DagBag from /opt/airflow/dags/utils/__init__.py
[2025-11-16T02:21:38.173+0000] {processor.py:841} WARNING - No viable dags retrieved from /opt/airflow/dags/utils/__init__.py
[2025-11-16T02:21:38.188+0000] {processor.py:179} INFO - Processing /opt/airflow/dags/utils/__init__.py took 0.020 seconds
[2025-11-16T02:22:08.605+0000] {processor.py:157} INFO - Started process (PID=17168) to work on /opt/airflow/dags/utils/__init__.py
[2025-11-16T02:22:08.605+0000] {processor.py:829} INFO - Processing file /opt/airflow/dags/utils/__init__.py for tasks to queue
[2025-11-16T02:22:08.606+0000] {logging_mixin.py:154} INFO - [2025-11-16T02:22:08.605+0000] {dagbag.py:536} INFO - Filling up the DagBag from /opt/airflow/dags/utils/__init__.py
[2025-11-16T02:22:08.607+0000] {processor.py:841} WARNING - No viable dags retrieved from /opt/airflow/dags/utils/__init__.py
[2025-11-16T02:22:08.616+0000] {processor.py:179} INFO - Processing /opt/airflow/dags/utils/__init__.py took 0.014 seconds
[2025-11-16T02:22:38.775+0000] {processor.py:157} INFO - Started process (PID=17227) to work on /opt/airflow/dags/utils/__init__.py
[2025-11-16T02:22:38.775+0000] {processor.py:829} INFO - Processing file /opt/airflow/dags/utils/__init__.py for tasks to queue
[2025-11-16T02:22:38.776+0000] {logging_mixin.py:154} INFO - [2025-11-16T02:22:38.776+0000] {dagbag.py:536} INFO - Filling up the DagBag from /opt/airflow/dags/utils/__init__.py
[2025-11-16T02:22:38.777+0000] {processor.py:841} WARNING - No viable dags retrieved from /opt/airflow/dags/utils/__init__.py
[2025-11-16T02:22:38.789+0000] {processor.py:179} INFO - Processing /opt/airflow/dags/utils/__init__.py took 0.017 seconds
[2025-11-16T02:23:09.039+0000] {processor.py:157} INFO - Started process (PID=17286) to work on /opt/airflow/dags/utils/__init__.py
[2025-11-16T02:23:09.039+0000] {processor.py:829} INFO - Processing file /opt/airflow/dags/utils/__init__.py for tasks to queue
[2025-11-16T02:23:09.040+0000] {logging_mixin.py:154} INFO - [2025-11-16T02:23:09.039+0000] {dagbag.py:536} INFO - Filling up the DagBag from /opt/airflow/dags/utils/__init__.py
[2025-11-16T02:23:09.041+0000] {processor.py:841} WARNING - No viable dags retrieved from /opt/airflow/dags/utils/__init__.py
[2025-11-16T02:23:09.052+0000] {processor.py:179} INFO - Processing /opt/airflow/dags/utils/__init__.py took 0.016 seconds
[2025-11-16T02:23:39.340+0000] {processor.py:157} INFO - Started process (PID=17345) to work on /opt/airflow/dags/utils/__init__.py
[2025-11-16T02:23:39.340+0000] {processor.py:829} INFO - Processing file /opt/airflow/dags/utils/__init__.py for tasks to queue
[2025-11-16T02:23:39.341+0000] {logging_mixin.py:154} INFO - [2025-11-16T02:23:39.341+0000] {dagbag.py:536} INFO - Filling up the DagBag from /opt/airflow/dags/utils/__init__.py
[2025-11-16T02:23:39.342+0000] {processor.py:841} WARNING - No viable dags retrieved from /opt/airflow/dags/utils/__init__.py
[2025-11-16T02:23:39.354+0000] {processor.py:179} INFO - Processing /opt/airflow/dags/utils/__init__.py took 0.017 seconds
[2025-11-16T02:24:09.650+0000] {processor.py:157} INFO - Started process (PID=17404) to work on /opt/airflow/dags/utils/__init__.py
[2025-11-16T02:24:09.650+0000] {processor.py:829} INFO - Processing file /opt/airflow/dags/utils/__init__.py for tasks to queue
[2025-11-16T02:24:09.650+0000] {logging_mixin.py:154} INFO - [2025-11-16T02:24:09.650+0000] {dagbag.py:536} INFO - Filling up the DagBag from /opt/airflow/dags/utils/__init__.py
[2025-11-16T02:24:09.652+0000] {processor.py:841} WARNING - No viable dags retrieved from /opt/airflow/dags/utils/__init__.py
[2025-11-16T02:24:09.660+0000] {processor.py:179} INFO - Processing /opt/airflow/dags/utils/__init__.py took 0.012 seconds
[2025-11-16T02:24:39.946+0000] {processor.py:157} INFO - Started process (PID=17463) to work on /opt/airflow/dags/utils/__init__.py
[2025-11-16T02:24:39.947+0000] {processor.py:829} INFO - Processing file /opt/airflow/dags/utils/__init__.py for tasks to queue
[2025-11-16T02:24:39.947+0000] {logging_mixin.py:154} INFO - [2025-11-16T02:24:39.947+0000] {dagbag.py:536} INFO - Filling up the DagBag from /opt/airflow/dags/utils/__init__.py
[2025-11-16T02:24:39.948+0000] {processor.py:841} WARNING - No viable dags retrieved from /opt/airflow/dags/utils/__init__.py
[2025-11-16T02:24:39.958+0000] {processor.py:179} INFO - Processing /opt/airflow/dags/utils/__init__.py took 0.014 seconds
[2025-11-16T02:25:10.160+0000] {processor.py:157} INFO - Started process (PID=17515) to work on /opt/airflow/dags/utils/__init__.py
[2025-11-16T02:25:10.160+0000] {processor.py:829} INFO - Processing file /opt/airflow/dags/utils/__init__.py for tasks to queue
[2025-11-16T02:25:10.161+0000] {logging_mixin.py:154} INFO - [2025-11-16T02:25:10.161+0000] {dagbag.py:536} INFO - Filling up the DagBag from /opt/airflow/dags/utils/__init__.py
[2025-11-16T02:25:10.162+0000] {processor.py:841} WARNING - No viable dags retrieved from /opt/airflow/dags/utils/__init__.py
[2025-11-16T02:25:10.173+0000] {processor.py:179} INFO - Processing /opt/airflow/dags/utils/__init__.py took 0.016 seconds
[2025-11-16T02:25:40.562+0000] {processor.py:157} INFO - Started process (PID=17574) to work on /opt/airflow/dags/utils/__init__.py
[2025-11-16T02:25:40.562+0000] {processor.py:829} INFO - Processing file /opt/airflow/dags/utils/__init__.py for tasks to queue
[2025-11-16T02:25:40.563+0000] {logging_mixin.py:154} INFO - [2025-11-16T02:25:40.563+0000] {dagbag.py:536} INFO - Filling up the DagBag from /opt/airflow/dags/utils/__init__.py
[2025-11-16T02:25:40.567+0000] {processor.py:841} WARNING - No viable dags retrieved from /opt/airflow/dags/utils/__init__.py
[2025-11-16T02:25:40.583+0000] {processor.py:179} INFO - Processing /opt/airflow/dags/utils/__init__.py took 0.025 seconds
[2025-11-16T02:26:10.688+0000] {processor.py:157} INFO - Started process (PID=17633) to work on /opt/airflow/dags/utils/__init__.py
[2025-11-16T02:26:10.688+0000] {processor.py:829} INFO - Processing file /opt/airflow/dags/utils/__init__.py for tasks to queue
[2025-11-16T02:26:10.689+0000] {logging_mixin.py:154} INFO - [2025-11-16T02:26:10.688+0000] {dagbag.py:536} INFO - Filling up the DagBag from /opt/airflow/dags/utils/__init__.py
[2025-11-16T02:26:10.690+0000] {processor.py:841} WARNING - No viable dags retrieved from /opt/airflow/dags/utils/__init__.py
[2025-11-16T02:26:10.700+0000] {processor.py:179} INFO - Processing /opt/airflow/dags/utils/__init__.py took 0.015 seconds
[2025-11-16T02:26:40.782+0000] {processor.py:157} INFO - Started process (PID=17692) to work on /opt/airflow/dags/utils/__init__.py
[2025-11-16T02:26:40.782+0000] {processor.py:829} INFO - Processing file /opt/airflow/dags/utils/__init__.py for tasks to queue
[2025-11-16T02:26:40.783+0000] {logging_mixin.py:154} INFO - [2025-11-16T02:26:40.783+0000] {dagbag.py:536} INFO - Filling up the DagBag from /opt/airflow/dags/utils/__init__.py
[2025-11-16T02:26:40.785+0000] {processor.py:841} WARNING - No viable dags retrieved from /opt/airflow/dags/utils/__init__.py
[2025-11-16T02:26:40.796+0000] {processor.py:179} INFO - Processing /opt/airflow/dags/utils/__init__.py took 0.017 seconds
[2025-11-16T02:27:10.914+0000] {processor.py:157} INFO - Started process (PID=17734) to work on /opt/airflow/dags/utils/__init__.py
[2025-11-16T02:27:10.914+0000] {processor.py:829} INFO - Processing file /opt/airflow/dags/utils/__init__.py for tasks to queue
[2025-11-16T02:27:10.915+0000] {logging_mixin.py:154} INFO - [2025-11-16T02:27:10.915+0000] {dagbag.py:536} INFO - Filling up the DagBag from /opt/airflow/dags/utils/__init__.py
[2025-11-16T02:27:10.916+0000] {processor.py:841} WARNING - No viable dags retrieved from /opt/airflow/dags/utils/__init__.py
[2025-11-16T02:27:10.927+0000] {processor.py:179} INFO - Processing /opt/airflow/dags/utils/__init__.py took 0.015 seconds
[2025-11-16T02:27:41.399+0000] {processor.py:157} INFO - Started process (PID=17793) to work on /opt/airflow/dags/utils/__init__.py
[2025-11-16T02:27:41.399+0000] {processor.py:829} INFO - Processing file /opt/airflow/dags/utils/__init__.py for tasks to queue
[2025-11-16T02:27:41.400+0000] {logging_mixin.py:154} INFO - [2025-11-16T02:27:41.400+0000] {dagbag.py:536} INFO - Filling up the DagBag from /opt/airflow/dags/utils/__init__.py
[2025-11-16T02:27:41.401+0000] {processor.py:841} WARNING - No viable dags retrieved from /opt/airflow/dags/utils/__init__.py
[2025-11-16T02:27:41.411+0000] {processor.py:179} INFO - Processing /opt/airflow/dags/utils/__init__.py took 0.015 seconds
[2025-11-16T02:28:11.857+0000] {processor.py:157} INFO - Started process (PID=17852) to work on /opt/airflow/dags/utils/__init__.py
[2025-11-16T02:28:11.858+0000] {processor.py:829} INFO - Processing file /opt/airflow/dags/utils/__init__.py for tasks to queue
[2025-11-16T02:28:11.858+0000] {logging_mixin.py:154} INFO - [2025-11-16T02:28:11.858+0000] {dagbag.py:536} INFO - Filling up the DagBag from /opt/airflow/dags/utils/__init__.py
[2025-11-16T02:28:11.860+0000] {processor.py:841} WARNING - No viable dags retrieved from /opt/airflow/dags/utils/__init__.py
[2025-11-16T02:28:11.871+0000] {processor.py:179} INFO - Processing /opt/airflow/dags/utils/__init__.py took 0.016 seconds
[2025-11-16T02:28:42.363+0000] {processor.py:157} INFO - Started process (PID=17911) to work on /opt/airflow/dags/utils/__init__.py
[2025-11-16T02:28:42.364+0000] {processor.py:829} INFO - Processing file /opt/airflow/dags/utils/__init__.py for tasks to queue
[2025-11-16T02:28:42.364+0000] {logging_mixin.py:154} INFO - [2025-11-16T02:28:42.364+0000] {dagbag.py:536} INFO - Filling up the DagBag from /opt/airflow/dags/utils/__init__.py
[2025-11-16T02:28:42.366+0000] {processor.py:841} WARNING - No viable dags retrieved from /opt/airflow/dags/utils/__init__.py
[2025-11-16T02:28:42.375+0000] {processor.py:179} INFO - Processing /opt/airflow/dags/utils/__init__.py took 0.015 seconds
[2025-11-16T02:29:12.710+0000] {processor.py:157} INFO - Started process (PID=17970) to work on /opt/airflow/dags/utils/__init__.py
[2025-11-16T02:29:12.710+0000] {processor.py:829} INFO - Processing file /opt/airflow/dags/utils/__init__.py for tasks to queue
[2025-11-16T02:29:12.711+0000] {logging_mixin.py:154} INFO - [2025-11-16T02:29:12.710+0000] {dagbag.py:536} INFO - Filling up the DagBag from /opt/airflow/dags/utils/__init__.py
[2025-11-16T02:29:12.712+0000] {processor.py:841} WARNING - No viable dags retrieved from /opt/airflow/dags/utils/__init__.py
[2025-11-16T02:29:12.723+0000] {processor.py:179} INFO - Processing /opt/airflow/dags/utils/__init__.py took 0.015 seconds
[2025-11-16T02:29:43.080+0000] {processor.py:157} INFO - Started process (PID=18022) to work on /opt/airflow/dags/utils/__init__.py
[2025-11-16T02:29:43.081+0000] {processor.py:829} INFO - Processing file /opt/airflow/dags/utils/__init__.py for tasks to queue
[2025-11-16T02:29:43.081+0000] {logging_mixin.py:154} INFO - [2025-11-16T02:29:43.081+0000] {dagbag.py:536} INFO - Filling up the DagBag from /opt/airflow/dags/utils/__init__.py
[2025-11-16T02:29:43.083+0000] {processor.py:841} WARNING - No viable dags retrieved from /opt/airflow/dags/utils/__init__.py
[2025-11-16T02:29:43.096+0000] {processor.py:179} INFO - Processing /opt/airflow/dags/utils/__init__.py took 0.019 seconds
[2025-11-16T02:30:13.978+0000] {processor.py:157} INFO - Started process (PID=18081) to work on /opt/airflow/dags/utils/__init__.py
[2025-11-16T02:30:13.979+0000] {processor.py:829} INFO - Processing file /opt/airflow/dags/utils/__init__.py for tasks to queue
[2025-11-16T02:30:13.979+0000] {logging_mixin.py:154} INFO - [2025-11-16T02:30:13.979+0000] {dagbag.py:536} INFO - Filling up the DagBag from /opt/airflow/dags/utils/__init__.py
[2025-11-16T02:30:13.980+0000] {processor.py:841} WARNING - No viable dags retrieved from /opt/airflow/dags/utils/__init__.py
[2025-11-16T02:30:13.989+0000] {processor.py:179} INFO - Processing /opt/airflow/dags/utils/__init__.py took 0.013 seconds
[2025-11-16T02:30:44.335+0000] {processor.py:157} INFO - Started process (PID=18140) to work on /opt/airflow/dags/utils/__init__.py
[2025-11-16T02:30:44.335+0000] {processor.py:829} INFO - Processing file /opt/airflow/dags/utils/__init__.py for tasks to queue
[2025-11-16T02:30:44.336+0000] {logging_mixin.py:154} INFO - [2025-11-16T02:30:44.336+0000] {dagbag.py:536} INFO - Filling up the DagBag from /opt/airflow/dags/utils/__init__.py
[2025-11-16T02:30:44.337+0000] {processor.py:841} WARNING - No viable dags retrieved from /opt/airflow/dags/utils/__init__.py
[2025-11-16T02:30:44.347+0000] {processor.py:179} INFO - Processing /opt/airflow/dags/utils/__init__.py took 0.015 seconds
[2025-11-16T02:31:14.496+0000] {processor.py:157} INFO - Started process (PID=18199) to work on /opt/airflow/dags/utils/__init__.py
[2025-11-16T02:31:14.496+0000] {processor.py:829} INFO - Processing file /opt/airflow/dags/utils/__init__.py for tasks to queue
[2025-11-16T02:31:14.497+0000] {logging_mixin.py:154} INFO - [2025-11-16T02:31:14.496+0000] {dagbag.py:536} INFO - Filling up the DagBag from /opt/airflow/dags/utils/__init__.py
[2025-11-16T02:31:14.498+0000] {processor.py:841} WARNING - No viable dags retrieved from /opt/airflow/dags/utils/__init__.py
[2025-11-16T02:31:14.508+0000] {processor.py:179} INFO - Processing /opt/airflow/dags/utils/__init__.py took 0.015 seconds
[2025-11-16T02:31:44.948+0000] {processor.py:157} INFO - Started process (PID=18258) to work on /opt/airflow/dags/utils/__init__.py
[2025-11-16T02:31:44.948+0000] {processor.py:829} INFO - Processing file /opt/airflow/dags/utils/__init__.py for tasks to queue
[2025-11-16T02:31:44.949+0000] {logging_mixin.py:154} INFO - [2025-11-16T02:31:44.948+0000] {dagbag.py:536} INFO - Filling up the DagBag from /opt/airflow/dags/utils/__init__.py
[2025-11-16T02:31:44.950+0000] {processor.py:841} WARNING - No viable dags retrieved from /opt/airflow/dags/utils/__init__.py
[2025-11-16T02:31:44.960+0000] {processor.py:179} INFO - Processing /opt/airflow/dags/utils/__init__.py took 0.015 seconds
[2025-11-16T02:32:15.337+0000] {processor.py:157} INFO - Started process (PID=18317) to work on /opt/airflow/dags/utils/__init__.py
[2025-11-16T02:32:15.338+0000] {processor.py:829} INFO - Processing file /opt/airflow/dags/utils/__init__.py for tasks to queue
[2025-11-16T02:32:15.338+0000] {logging_mixin.py:154} INFO - [2025-11-16T02:32:15.338+0000] {dagbag.py:536} INFO - Filling up the DagBag from /opt/airflow/dags/utils/__init__.py
[2025-11-16T02:32:15.339+0000] {processor.py:841} WARNING - No viable dags retrieved from /opt/airflow/dags/utils/__init__.py
[2025-11-16T02:32:15.349+0000] {processor.py:179} INFO - Processing /opt/airflow/dags/utils/__init__.py took 0.014 seconds
[2025-11-16T02:32:45.750+0000] {processor.py:157} INFO - Started process (PID=18376) to work on /opt/airflow/dags/utils/__init__.py
[2025-11-16T02:32:45.751+0000] {processor.py:829} INFO - Processing file /opt/airflow/dags/utils/__init__.py for tasks to queue
[2025-11-16T02:32:45.751+0000] {logging_mixin.py:154} INFO - [2025-11-16T02:32:45.751+0000] {dagbag.py:536} INFO - Filling up the DagBag from /opt/airflow/dags/utils/__init__.py
[2025-11-16T02:32:45.753+0000] {processor.py:841} WARNING - No viable dags retrieved from /opt/airflow/dags/utils/__init__.py
[2025-11-16T02:32:45.764+0000] {processor.py:179} INFO - Processing /opt/airflow/dags/utils/__init__.py took 0.017 seconds
[2025-11-16T02:33:16.322+0000] {processor.py:157} INFO - Started process (PID=18435) to work on /opt/airflow/dags/utils/__init__.py
[2025-11-16T02:33:16.322+0000] {processor.py:829} INFO - Processing file /opt/airflow/dags/utils/__init__.py for tasks to queue
[2025-11-16T02:33:16.323+0000] {logging_mixin.py:154} INFO - [2025-11-16T02:33:16.323+0000] {dagbag.py:536} INFO - Filling up the DagBag from /opt/airflow/dags/utils/__init__.py
[2025-11-16T02:33:16.324+0000] {processor.py:841} WARNING - No viable dags retrieved from /opt/airflow/dags/utils/__init__.py
[2025-11-16T02:33:16.334+0000] {processor.py:179} INFO - Processing /opt/airflow/dags/utils/__init__.py took 0.015 seconds
[2025-11-16T02:33:46.788+0000] {processor.py:157} INFO - Started process (PID=18494) to work on /opt/airflow/dags/utils/__init__.py
[2025-11-16T02:33:46.789+0000] {processor.py:829} INFO - Processing file /opt/airflow/dags/utils/__init__.py for tasks to queue
[2025-11-16T02:33:46.789+0000] {logging_mixin.py:154} INFO - [2025-11-16T02:33:46.789+0000] {dagbag.py:536} INFO - Filling up the DagBag from /opt/airflow/dags/utils/__init__.py
[2025-11-16T02:33:46.791+0000] {processor.py:841} WARNING - No viable dags retrieved from /opt/airflow/dags/utils/__init__.py
[2025-11-16T02:33:46.802+0000] {processor.py:179} INFO - Processing /opt/airflow/dags/utils/__init__.py took 0.016 seconds
[2025-11-16T02:34:17.351+0000] {processor.py:157} INFO - Started process (PID=18546) to work on /opt/airflow/dags/utils/__init__.py
[2025-11-16T02:34:17.352+0000] {processor.py:829} INFO - Processing file /opt/airflow/dags/utils/__init__.py for tasks to queue
[2025-11-16T02:34:17.352+0000] {logging_mixin.py:154} INFO - [2025-11-16T02:34:17.352+0000] {dagbag.py:536} INFO - Filling up the DagBag from /opt/airflow/dags/utils/__init__.py
[2025-11-16T02:34:17.353+0000] {processor.py:841} WARNING - No viable dags retrieved from /opt/airflow/dags/utils/__init__.py
[2025-11-16T02:34:17.365+0000] {processor.py:179} INFO - Processing /opt/airflow/dags/utils/__init__.py took 0.016 seconds
[2025-11-16T02:34:47.927+0000] {processor.py:157} INFO - Started process (PID=18606) to work on /opt/airflow/dags/utils/__init__.py
[2025-11-16T02:34:47.928+0000] {processor.py:829} INFO - Processing file /opt/airflow/dags/utils/__init__.py for tasks to queue
[2025-11-16T02:34:47.930+0000] {logging_mixin.py:154} INFO - [2025-11-16T02:34:47.929+0000] {dagbag.py:536} INFO - Filling up the DagBag from /opt/airflow/dags/utils/__init__.py
[2025-11-16T02:34:47.932+0000] {processor.py:841} WARNING - No viable dags retrieved from /opt/airflow/dags/utils/__init__.py
[2025-11-16T02:34:47.946+0000] {processor.py:179} INFO - Processing /opt/airflow/dags/utils/__init__.py took 0.023 seconds
[2025-11-16T02:35:18.445+0000] {processor.py:157} INFO - Started process (PID=18666) to work on /opt/airflow/dags/utils/__init__.py
[2025-11-16T02:35:18.445+0000] {processor.py:829} INFO - Processing file /opt/airflow/dags/utils/__init__.py for tasks to queue
[2025-11-16T02:35:18.446+0000] {logging_mixin.py:154} INFO - [2025-11-16T02:35:18.446+0000] {dagbag.py:536} INFO - Filling up the DagBag from /opt/airflow/dags/utils/__init__.py
[2025-11-16T02:35:18.448+0000] {processor.py:841} WARNING - No viable dags retrieved from /opt/airflow/dags/utils/__init__.py
[2025-11-16T02:35:18.461+0000] {processor.py:179} INFO - Processing /opt/airflow/dags/utils/__init__.py took 0.018 seconds
[2025-11-16T02:35:48.877+0000] {processor.py:157} INFO - Started process (PID=18725) to work on /opt/airflow/dags/utils/__init__.py
[2025-11-16T02:35:48.878+0000] {processor.py:829} INFO - Processing file /opt/airflow/dags/utils/__init__.py for tasks to queue
[2025-11-16T02:35:48.878+0000] {logging_mixin.py:154} INFO - [2025-11-16T02:35:48.878+0000] {dagbag.py:536} INFO - Filling up the DagBag from /opt/airflow/dags/utils/__init__.py
[2025-11-16T02:35:48.880+0000] {processor.py:841} WARNING - No viable dags retrieved from /opt/airflow/dags/utils/__init__.py
[2025-11-16T02:35:48.890+0000] {processor.py:179} INFO - Processing /opt/airflow/dags/utils/__init__.py took 0.015 seconds
[2025-11-16T02:36:19.329+0000] {processor.py:157} INFO - Started process (PID=18784) to work on /opt/airflow/dags/utils/__init__.py
[2025-11-16T02:36:19.329+0000] {processor.py:829} INFO - Processing file /opt/airflow/dags/utils/__init__.py for tasks to queue
[2025-11-16T02:36:19.330+0000] {logging_mixin.py:154} INFO - [2025-11-16T02:36:19.329+0000] {dagbag.py:536} INFO - Filling up the DagBag from /opt/airflow/dags/utils/__init__.py
[2025-11-16T02:36:19.331+0000] {processor.py:841} WARNING - No viable dags retrieved from /opt/airflow/dags/utils/__init__.py
[2025-11-16T02:36:19.341+0000] {processor.py:179} INFO - Processing /opt/airflow/dags/utils/__init__.py took 0.015 seconds
[2025-11-16T02:36:49.745+0000] {processor.py:157} INFO - Started process (PID=18843) to work on /opt/airflow/dags/utils/__init__.py
[2025-11-16T02:36:49.746+0000] {processor.py:829} INFO - Processing file /opt/airflow/dags/utils/__init__.py for tasks to queue
[2025-11-16T02:36:49.746+0000] {logging_mixin.py:154} INFO - [2025-11-16T02:36:49.746+0000] {dagbag.py:536} INFO - Filling up the DagBag from /opt/airflow/dags/utils/__init__.py
[2025-11-16T02:36:49.748+0000] {processor.py:841} WARNING - No viable dags retrieved from /opt/airflow/dags/utils/__init__.py
[2025-11-16T02:36:49.759+0000] {processor.py:179} INFO - Processing /opt/airflow/dags/utils/__init__.py took 0.017 seconds
[2025-11-16T02:37:20.314+0000] {processor.py:157} INFO - Started process (PID=18902) to work on /opt/airflow/dags/utils/__init__.py
[2025-11-16T02:37:20.314+0000] {processor.py:829} INFO - Processing file /opt/airflow/dags/utils/__init__.py for tasks to queue
[2025-11-16T02:37:20.315+0000] {logging_mixin.py:154} INFO - [2025-11-16T02:37:20.315+0000] {dagbag.py:536} INFO - Filling up the DagBag from /opt/airflow/dags/utils/__init__.py
[2025-11-16T02:37:20.317+0000] {processor.py:841} WARNING - No viable dags retrieved from /opt/airflow/dags/utils/__init__.py
[2025-11-16T02:37:20.328+0000] {processor.py:179} INFO - Processing /opt/airflow/dags/utils/__init__.py took 0.016 seconds
[2025-11-16T02:37:50.842+0000] {processor.py:157} INFO - Started process (PID=18961) to work on /opt/airflow/dags/utils/__init__.py
[2025-11-16T02:37:50.842+0000] {processor.py:829} INFO - Processing file /opt/airflow/dags/utils/__init__.py for tasks to queue
[2025-11-16T02:37:50.843+0000] {logging_mixin.py:154} INFO - [2025-11-16T02:37:50.843+0000] {dagbag.py:536} INFO - Filling up the DagBag from /opt/airflow/dags/utils/__init__.py
[2025-11-16T02:37:50.847+0000] {processor.py:841} WARNING - No viable dags retrieved from /opt/airflow/dags/utils/__init__.py
[2025-11-16T02:37:50.863+0000] {processor.py:179} INFO - Processing /opt/airflow/dags/utils/__init__.py took 0.024 seconds
[2025-11-16T02:38:21.446+0000] {processor.py:157} INFO - Started process (PID=19020) to work on /opt/airflow/dags/utils/__init__.py
[2025-11-16T02:38:21.446+0000] {processor.py:829} INFO - Processing file /opt/airflow/dags/utils/__init__.py for tasks to queue
[2025-11-16T02:38:21.447+0000] {logging_mixin.py:154} INFO - [2025-11-16T02:38:21.447+0000] {dagbag.py:536} INFO - Filling up the DagBag from /opt/airflow/dags/utils/__init__.py
[2025-11-16T02:38:21.449+0000] {processor.py:841} WARNING - No viable dags retrieved from /opt/airflow/dags/utils/__init__.py
[2025-11-16T02:38:21.459+0000] {processor.py:179} INFO - Processing /opt/airflow/dags/utils/__init__.py took 0.016 seconds
[2025-11-16T02:38:51.543+0000] {processor.py:157} INFO - Started process (PID=19072) to work on /opt/airflow/dags/utils/__init__.py
[2025-11-16T02:38:51.543+0000] {processor.py:829} INFO - Processing file /opt/airflow/dags/utils/__init__.py for tasks to queue
[2025-11-16T02:38:51.544+0000] {logging_mixin.py:154} INFO - [2025-11-16T02:38:51.544+0000] {dagbag.py:536} INFO - Filling up the DagBag from /opt/airflow/dags/utils/__init__.py
[2025-11-16T02:38:51.545+0000] {processor.py:841} WARNING - No viable dags retrieved from /opt/airflow/dags/utils/__init__.py
[2025-11-16T02:38:51.556+0000] {processor.py:179} INFO - Processing /opt/airflow/dags/utils/__init__.py took 0.015 seconds
[2025-11-16T02:39:21.964+0000] {processor.py:157} INFO - Started process (PID=19131) to work on /opt/airflow/dags/utils/__init__.py
[2025-11-16T02:39:21.965+0000] {processor.py:829} INFO - Processing file /opt/airflow/dags/utils/__init__.py for tasks to queue
[2025-11-16T02:39:21.965+0000] {logging_mixin.py:154} INFO - [2025-11-16T02:39:21.965+0000] {dagbag.py:536} INFO - Filling up the DagBag from /opt/airflow/dags/utils/__init__.py
[2025-11-16T02:39:21.967+0000] {processor.py:841} WARNING - No viable dags retrieved from /opt/airflow/dags/utils/__init__.py
[2025-11-16T02:39:21.977+0000] {processor.py:179} INFO - Processing /opt/airflow/dags/utils/__init__.py took 0.016 seconds
[2025-11-16T02:39:52.424+0000] {processor.py:157} INFO - Started process (PID=19190) to work on /opt/airflow/dags/utils/__init__.py
[2025-11-16T02:39:52.425+0000] {processor.py:829} INFO - Processing file /opt/airflow/dags/utils/__init__.py for tasks to queue
[2025-11-16T02:39:52.425+0000] {logging_mixin.py:154} INFO - [2025-11-16T02:39:52.425+0000] {dagbag.py:536} INFO - Filling up the DagBag from /opt/airflow/dags/utils/__init__.py
[2025-11-16T02:39:52.427+0000] {processor.py:841} WARNING - No viable dags retrieved from /opt/airflow/dags/utils/__init__.py
[2025-11-16T02:39:52.437+0000] {processor.py:179} INFO - Processing /opt/airflow/dags/utils/__init__.py took 0.016 seconds
[2025-11-16T02:40:22.855+0000] {processor.py:157} INFO - Started process (PID=19249) to work on /opt/airflow/dags/utils/__init__.py
[2025-11-16T02:40:22.855+0000] {processor.py:829} INFO - Processing file /opt/airflow/dags/utils/__init__.py for tasks to queue
[2025-11-16T02:40:22.855+0000] {logging_mixin.py:154} INFO - [2025-11-16T02:40:22.855+0000] {dagbag.py:536} INFO - Filling up the DagBag from /opt/airflow/dags/utils/__init__.py
[2025-11-16T02:40:22.857+0000] {processor.py:841} WARNING - No viable dags retrieved from /opt/airflow/dags/utils/__init__.py
[2025-11-16T02:40:22.875+0000] {processor.py:179} INFO - Processing /opt/airflow/dags/utils/__init__.py took 0.023 seconds
[2025-11-16T02:40:53.329+0000] {processor.py:157} INFO - Started process (PID=19308) to work on /opt/airflow/dags/utils/__init__.py
[2025-11-16T02:40:53.330+0000] {processor.py:829} INFO - Processing file /opt/airflow/dags/utils/__init__.py for tasks to queue
[2025-11-16T02:40:53.330+0000] {logging_mixin.py:154} INFO - [2025-11-16T02:40:53.330+0000] {dagbag.py:536} INFO - Filling up the DagBag from /opt/airflow/dags/utils/__init__.py
[2025-11-16T02:40:53.332+0000] {processor.py:841} WARNING - No viable dags retrieved from /opt/airflow/dags/utils/__init__.py
[2025-11-16T02:40:53.342+0000] {processor.py:179} INFO - Processing /opt/airflow/dags/utils/__init__.py took 0.016 seconds
[2025-11-16T02:41:23.739+0000] {processor.py:157} INFO - Started process (PID=19367) to work on /opt/airflow/dags/utils/__init__.py
[2025-11-16T02:41:23.739+0000] {processor.py:829} INFO - Processing file /opt/airflow/dags/utils/__init__.py for tasks to queue
[2025-11-16T02:41:23.739+0000] {logging_mixin.py:154} INFO - [2025-11-16T02:41:23.739+0000] {dagbag.py:536} INFO - Filling up the DagBag from /opt/airflow/dags/utils/__init__.py
[2025-11-16T02:41:23.742+0000] {processor.py:841} WARNING - No viable dags retrieved from /opt/airflow/dags/utils/__init__.py
[2025-11-16T02:41:23.756+0000] {processor.py:179} INFO - Processing /opt/airflow/dags/utils/__init__.py took 0.020 seconds
[2025-11-16T02:41:53.821+0000] {processor.py:157} INFO - Started process (PID=19426) to work on /opt/airflow/dags/utils/__init__.py
[2025-11-16T02:41:53.822+0000] {processor.py:829} INFO - Processing file /opt/airflow/dags/utils/__init__.py for tasks to queue
[2025-11-16T02:41:53.823+0000] {logging_mixin.py:154} INFO - [2025-11-16T02:41:53.822+0000] {dagbag.py:536} INFO - Filling up the DagBag from /opt/airflow/dags/utils/__init__.py
[2025-11-16T02:41:53.824+0000] {processor.py:841} WARNING - No viable dags retrieved from /opt/airflow/dags/utils/__init__.py
[2025-11-16T02:41:53.836+0000] {processor.py:179} INFO - Processing /opt/airflow/dags/utils/__init__.py took 0.017 seconds
[2025-11-16T02:42:23.896+0000] {processor.py:157} INFO - Started process (PID=19461) to work on /opt/airflow/dags/utils/__init__.py
[2025-11-16T02:42:23.896+0000] {processor.py:829} INFO - Processing file /opt/airflow/dags/utils/__init__.py for tasks to queue
[2025-11-16T02:42:23.897+0000] {logging_mixin.py:154} INFO - [2025-11-16T02:42:23.896+0000] {dagbag.py:536} INFO - Filling up the DagBag from /opt/airflow/dags/utils/__init__.py
[2025-11-16T02:42:23.898+0000] {processor.py:841} WARNING - No viable dags retrieved from /opt/airflow/dags/utils/__init__.py
[2025-11-16T02:42:23.908+0000] {processor.py:179} INFO - Processing /opt/airflow/dags/utils/__init__.py took 0.015 seconds
[2025-11-16T02:42:54.326+0000] {processor.py:157} INFO - Started process (PID=19520) to work on /opt/airflow/dags/utils/__init__.py
[2025-11-16T02:42:54.326+0000] {processor.py:829} INFO - Processing file /opt/airflow/dags/utils/__init__.py for tasks to queue
[2025-11-16T02:42:54.327+0000] {logging_mixin.py:154} INFO - [2025-11-16T02:42:54.327+0000] {dagbag.py:536} INFO - Filling up the DagBag from /opt/airflow/dags/utils/__init__.py
[2025-11-16T02:42:54.328+0000] {processor.py:841} WARNING - No viable dags retrieved from /opt/airflow/dags/utils/__init__.py
[2025-11-16T02:42:54.339+0000] {processor.py:179} INFO - Processing /opt/airflow/dags/utils/__init__.py took 0.016 seconds
[2025-11-16T02:43:24.716+0000] {processor.py:157} INFO - Started process (PID=19579) to work on /opt/airflow/dags/utils/__init__.py
[2025-11-16T02:43:24.717+0000] {processor.py:829} INFO - Processing file /opt/airflow/dags/utils/__init__.py for tasks to queue
[2025-11-16T02:43:24.717+0000] {logging_mixin.py:154} INFO - [2025-11-16T02:43:24.717+0000] {dagbag.py:536} INFO - Filling up the DagBag from /opt/airflow/dags/utils/__init__.py
[2025-11-16T02:43:24.719+0000] {processor.py:841} WARNING - No viable dags retrieved from /opt/airflow/dags/utils/__init__.py
[2025-11-16T02:43:24.730+0000] {processor.py:179} INFO - Processing /opt/airflow/dags/utils/__init__.py took 0.016 seconds
[2025-11-16T02:43:55.106+0000] {processor.py:157} INFO - Started process (PID=19638) to work on /opt/airflow/dags/utils/__init__.py
[2025-11-16T02:43:55.106+0000] {processor.py:829} INFO - Processing file /opt/airflow/dags/utils/__init__.py for tasks to queue
[2025-11-16T02:43:55.106+0000] {logging_mixin.py:154} INFO - [2025-11-16T02:43:55.106+0000] {dagbag.py:536} INFO - Filling up the DagBag from /opt/airflow/dags/utils/__init__.py
[2025-11-16T02:43:55.108+0000] {processor.py:841} WARNING - No viable dags retrieved from /opt/airflow/dags/utils/__init__.py
[2025-11-16T02:43:55.117+0000] {processor.py:179} INFO - Processing /opt/airflow/dags/utils/__init__.py took 0.013 seconds
[2025-11-16T02:44:25.464+0000] {processor.py:157} INFO - Started process (PID=19697) to work on /opt/airflow/dags/utils/__init__.py
[2025-11-16T02:44:25.465+0000] {processor.py:829} INFO - Processing file /opt/airflow/dags/utils/__init__.py for tasks to queue
[2025-11-16T02:44:25.465+0000] {logging_mixin.py:154} INFO - [2025-11-16T02:44:25.465+0000] {dagbag.py:536} INFO - Filling up the DagBag from /opt/airflow/dags/utils/__init__.py
[2025-11-16T02:44:25.466+0000] {processor.py:841} WARNING - No viable dags retrieved from /opt/airflow/dags/utils/__init__.py
[2025-11-16T02:44:25.476+0000] {processor.py:179} INFO - Processing /opt/airflow/dags/utils/__init__.py took 0.014 seconds
[2025-11-16T02:44:55.872+0000] {processor.py:157} INFO - Started process (PID=19756) to work on /opt/airflow/dags/utils/__init__.py
[2025-11-16T02:44:55.872+0000] {processor.py:829} INFO - Processing file /opt/airflow/dags/utils/__init__.py for tasks to queue
[2025-11-16T02:44:55.872+0000] {logging_mixin.py:154} INFO - [2025-11-16T02:44:55.872+0000] {dagbag.py:536} INFO - Filling up the DagBag from /opt/airflow/dags/utils/__init__.py
[2025-11-16T02:44:55.874+0000] {processor.py:841} WARNING - No viable dags retrieved from /opt/airflow/dags/utils/__init__.py
[2025-11-16T02:44:55.883+0000] {processor.py:179} INFO - Processing /opt/airflow/dags/utils/__init__.py took 0.014 seconds
[2025-11-16T02:45:25.934+0000] {processor.py:157} INFO - Started process (PID=19815) to work on /opt/airflow/dags/utils/__init__.py
[2025-11-16T02:45:25.935+0000] {processor.py:829} INFO - Processing file /opt/airflow/dags/utils/__init__.py for tasks to queue
[2025-11-16T02:45:25.935+0000] {logging_mixin.py:154} INFO - [2025-11-16T02:45:25.935+0000] {dagbag.py:536} INFO - Filling up the DagBag from /opt/airflow/dags/utils/__init__.py
[2025-11-16T02:45:25.937+0000] {processor.py:841} WARNING - No viable dags retrieved from /opt/airflow/dags/utils/__init__.py
[2025-11-16T02:45:25.947+0000] {processor.py:179} INFO - Processing /opt/airflow/dags/utils/__init__.py took 0.016 seconds
[2025-11-16T02:45:56.400+0000] {processor.py:157} INFO - Started process (PID=19874) to work on /opt/airflow/dags/utils/__init__.py
[2025-11-16T02:45:56.400+0000] {processor.py:829} INFO - Processing file /opt/airflow/dags/utils/__init__.py for tasks to queue
[2025-11-16T02:45:56.401+0000] {logging_mixin.py:154} INFO - [2025-11-16T02:45:56.401+0000] {dagbag.py:536} INFO - Filling up the DagBag from /opt/airflow/dags/utils/__init__.py
[2025-11-16T02:45:56.403+0000] {processor.py:841} WARNING - No viable dags retrieved from /opt/airflow/dags/utils/__init__.py
[2025-11-16T02:45:56.413+0000] {processor.py:179} INFO - Processing /opt/airflow/dags/utils/__init__.py took 0.016 seconds
[2025-11-16T02:46:26.868+0000] {processor.py:157} INFO - Started process (PID=19926) to work on /opt/airflow/dags/utils/__init__.py
[2025-11-16T02:46:26.869+0000] {processor.py:829} INFO - Processing file /opt/airflow/dags/utils/__init__.py for tasks to queue
[2025-11-16T02:46:26.870+0000] {logging_mixin.py:154} INFO - [2025-11-16T02:46:26.869+0000] {dagbag.py:536} INFO - Filling up the DagBag from /opt/airflow/dags/utils/__init__.py
[2025-11-16T02:46:26.871+0000] {processor.py:841} WARNING - No viable dags retrieved from /opt/airflow/dags/utils/__init__.py
[2025-11-16T02:46:26.882+0000] {processor.py:179} INFO - Processing /opt/airflow/dags/utils/__init__.py took 0.017 seconds
[2025-11-16T02:46:57.316+0000] {processor.py:157} INFO - Started process (PID=19985) to work on /opt/airflow/dags/utils/__init__.py
[2025-11-16T02:46:57.316+0000] {processor.py:829} INFO - Processing file /opt/airflow/dags/utils/__init__.py for tasks to queue
[2025-11-16T02:46:57.317+0000] {logging_mixin.py:154} INFO - [2025-11-16T02:46:57.316+0000] {dagbag.py:536} INFO - Filling up the DagBag from /opt/airflow/dags/utils/__init__.py
[2025-11-16T02:46:57.318+0000] {processor.py:841} WARNING - No viable dags retrieved from /opt/airflow/dags/utils/__init__.py
[2025-11-16T02:46:57.329+0000] {processor.py:179} INFO - Processing /opt/airflow/dags/utils/__init__.py took 0.016 seconds
[2025-11-16T02:47:27.891+0000] {processor.py:157} INFO - Started process (PID=20044) to work on /opt/airflow/dags/utils/__init__.py
[2025-11-16T02:47:27.892+0000] {processor.py:829} INFO - Processing file /opt/airflow/dags/utils/__init__.py for tasks to queue
[2025-11-16T02:47:27.892+0000] {logging_mixin.py:154} INFO - [2025-11-16T02:47:27.892+0000] {dagbag.py:536} INFO - Filling up the DagBag from /opt/airflow/dags/utils/__init__.py
[2025-11-16T02:47:27.894+0000] {processor.py:841} WARNING - No viable dags retrieved from /opt/airflow/dags/utils/__init__.py
[2025-11-16T02:47:27.904+0000] {processor.py:179} INFO - Processing /opt/airflow/dags/utils/__init__.py took 0.016 seconds
[2025-11-16T02:47:58.267+0000] {processor.py:157} INFO - Started process (PID=20103) to work on /opt/airflow/dags/utils/__init__.py
[2025-11-16T02:47:58.267+0000] {processor.py:829} INFO - Processing file /opt/airflow/dags/utils/__init__.py for tasks to queue
[2025-11-16T02:47:58.268+0000] {logging_mixin.py:154} INFO - [2025-11-16T02:47:58.268+0000] {dagbag.py:536} INFO - Filling up the DagBag from /opt/airflow/dags/utils/__init__.py
[2025-11-16T02:47:58.269+0000] {processor.py:841} WARNING - No viable dags retrieved from /opt/airflow/dags/utils/__init__.py
[2025-11-16T02:47:58.280+0000] {processor.py:179} INFO - Processing /opt/airflow/dags/utils/__init__.py took 0.016 seconds
[2025-11-16T02:48:28.670+0000] {processor.py:157} INFO - Started process (PID=20162) to work on /opt/airflow/dags/utils/__init__.py
[2025-11-16T02:48:28.705+0000] {processor.py:829} INFO - Processing file /opt/airflow/dags/utils/__init__.py for tasks to queue
[2025-11-16T02:48:28.705+0000] {logging_mixin.py:154} INFO - [2025-11-16T02:48:28.705+0000] {dagbag.py:536} INFO - Filling up the DagBag from /opt/airflow/dags/utils/__init__.py
[2025-11-16T02:48:28.707+0000] {processor.py:841} WARNING - No viable dags retrieved from /opt/airflow/dags/utils/__init__.py
[2025-11-16T02:48:28.719+0000] {processor.py:179} INFO - Processing /opt/airflow/dags/utils/__init__.py took 0.052 seconds
[2025-11-16T02:48:58.833+0000] {processor.py:157} INFO - Started process (PID=20221) to work on /opt/airflow/dags/utils/__init__.py
[2025-11-16T02:48:58.833+0000] {processor.py:829} INFO - Processing file /opt/airflow/dags/utils/__init__.py for tasks to queue
[2025-11-16T02:48:58.834+0000] {logging_mixin.py:154} INFO - [2025-11-16T02:48:58.834+0000] {dagbag.py:536} INFO - Filling up the DagBag from /opt/airflow/dags/utils/__init__.py
[2025-11-16T02:48:58.835+0000] {processor.py:841} WARNING - No viable dags retrieved from /opt/airflow/dags/utils/__init__.py
[2025-11-16T02:48:58.846+0000] {processor.py:179} INFO - Processing /opt/airflow/dags/utils/__init__.py took 0.017 seconds
[2025-11-16T02:49:29.190+0000] {processor.py:157} INFO - Started process (PID=20280) to work on /opt/airflow/dags/utils/__init__.py
[2025-11-16T02:49:29.190+0000] {processor.py:829} INFO - Processing file /opt/airflow/dags/utils/__init__.py for tasks to queue
[2025-11-16T02:49:29.191+0000] {logging_mixin.py:154} INFO - [2025-11-16T02:49:29.191+0000] {dagbag.py:536} INFO - Filling up the DagBag from /opt/airflow/dags/utils/__init__.py
[2025-11-16T02:49:29.192+0000] {processor.py:841} WARNING - No viable dags retrieved from /opt/airflow/dags/utils/__init__.py
[2025-11-16T02:49:29.202+0000] {processor.py:179} INFO - Processing /opt/airflow/dags/utils/__init__.py took 0.015 seconds
[2025-11-16T02:49:59.682+0000] {processor.py:157} INFO - Started process (PID=20339) to work on /opt/airflow/dags/utils/__init__.py
[2025-11-16T02:49:59.682+0000] {processor.py:829} INFO - Processing file /opt/airflow/dags/utils/__init__.py for tasks to queue
[2025-11-16T02:49:59.683+0000] {logging_mixin.py:154} INFO - [2025-11-16T02:49:59.683+0000] {dagbag.py:536} INFO - Filling up the DagBag from /opt/airflow/dags/utils/__init__.py
[2025-11-16T02:49:59.685+0000] {processor.py:841} WARNING - No viable dags retrieved from /opt/airflow/dags/utils/__init__.py
[2025-11-16T02:49:59.697+0000] {processor.py:179} INFO - Processing /opt/airflow/dags/utils/__init__.py took 0.018 seconds
[2025-11-16T02:50:30.136+0000] {processor.py:157} INFO - Started process (PID=20398) to work on /opt/airflow/dags/utils/__init__.py
[2025-11-16T02:50:30.137+0000] {processor.py:829} INFO - Processing file /opt/airflow/dags/utils/__init__.py for tasks to queue
[2025-11-16T02:50:30.137+0000] {logging_mixin.py:154} INFO - [2025-11-16T02:50:30.137+0000] {dagbag.py:536} INFO - Filling up the DagBag from /opt/airflow/dags/utils/__init__.py
[2025-11-16T02:50:30.139+0000] {processor.py:841} WARNING - No viable dags retrieved from /opt/airflow/dags/utils/__init__.py
[2025-11-16T02:50:30.150+0000] {processor.py:179} INFO - Processing /opt/airflow/dags/utils/__init__.py took 0.016 seconds
[2025-11-16T02:51:00.800+0000] {processor.py:157} INFO - Started process (PID=20450) to work on /opt/airflow/dags/utils/__init__.py
[2025-11-16T02:51:00.801+0000] {processor.py:829} INFO - Processing file /opt/airflow/dags/utils/__init__.py for tasks to queue
[2025-11-16T02:51:00.801+0000] {logging_mixin.py:154} INFO - [2025-11-16T02:51:00.801+0000] {dagbag.py:536} INFO - Filling up the DagBag from /opt/airflow/dags/utils/__init__.py
[2025-11-16T02:51:00.803+0000] {processor.py:841} WARNING - No viable dags retrieved from /opt/airflow/dags/utils/__init__.py
[2025-11-16T02:51:00.814+0000] {processor.py:179} INFO - Processing /opt/airflow/dags/utils/__init__.py took 0.016 seconds
[2025-11-16T02:51:31.203+0000] {processor.py:157} INFO - Started process (PID=20509) to work on /opt/airflow/dags/utils/__init__.py
[2025-11-16T02:51:31.204+0000] {processor.py:829} INFO - Processing file /opt/airflow/dags/utils/__init__.py for tasks to queue
[2025-11-16T02:51:31.204+0000] {logging_mixin.py:154} INFO - [2025-11-16T02:51:31.204+0000] {dagbag.py:536} INFO - Filling up the DagBag from /opt/airflow/dags/utils/__init__.py
[2025-11-16T02:51:31.206+0000] {processor.py:841} WARNING - No viable dags retrieved from /opt/airflow/dags/utils/__init__.py
[2025-11-16T02:51:31.217+0000] {processor.py:179} INFO - Processing /opt/airflow/dags/utils/__init__.py took 0.017 seconds
[2025-11-16T02:52:01.710+0000] {processor.py:157} INFO - Started process (PID=20568) to work on /opt/airflow/dags/utils/__init__.py
[2025-11-16T02:52:01.711+0000] {processor.py:829} INFO - Processing file /opt/airflow/dags/utils/__init__.py for tasks to queue
[2025-11-16T02:52:01.711+0000] {logging_mixin.py:154} INFO - [2025-11-16T02:52:01.711+0000] {dagbag.py:536} INFO - Filling up the DagBag from /opt/airflow/dags/utils/__init__.py
[2025-11-16T02:52:01.713+0000] {processor.py:841} WARNING - No viable dags retrieved from /opt/airflow/dags/utils/__init__.py
[2025-11-16T02:52:01.723+0000] {processor.py:179} INFO - Processing /opt/airflow/dags/utils/__init__.py took 0.015 seconds
[2025-11-16T02:52:32.156+0000] {processor.py:157} INFO - Started process (PID=20627) to work on /opt/airflow/dags/utils/__init__.py
[2025-11-16T02:52:32.157+0000] {processor.py:829} INFO - Processing file /opt/airflow/dags/utils/__init__.py for tasks to queue
[2025-11-16T02:52:32.157+0000] {logging_mixin.py:154} INFO - [2025-11-16T02:52:32.157+0000] {dagbag.py:536} INFO - Filling up the DagBag from /opt/airflow/dags/utils/__init__.py
[2025-11-16T02:52:32.159+0000] {processor.py:841} WARNING - No viable dags retrieved from /opt/airflow/dags/utils/__init__.py
[2025-11-16T02:52:32.170+0000] {processor.py:179} INFO - Processing /opt/airflow/dags/utils/__init__.py took 0.017 seconds
[2025-11-16T02:53:02.635+0000] {processor.py:157} INFO - Started process (PID=20686) to work on /opt/airflow/dags/utils/__init__.py
[2025-11-16T02:53:02.635+0000] {processor.py:829} INFO - Processing file /opt/airflow/dags/utils/__init__.py for tasks to queue
[2025-11-16T02:53:02.636+0000] {logging_mixin.py:154} INFO - [2025-11-16T02:53:02.635+0000] {dagbag.py:536} INFO - Filling up the DagBag from /opt/airflow/dags/utils/__init__.py
[2025-11-16T02:53:02.637+0000] {processor.py:841} WARNING - No viable dags retrieved from /opt/airflow/dags/utils/__init__.py
[2025-11-16T02:53:02.648+0000] {processor.py:179} INFO - Processing /opt/airflow/dags/utils/__init__.py took 0.017 seconds
[2025-11-16T02:53:33.147+0000] {processor.py:157} INFO - Started process (PID=20745) to work on /opt/airflow/dags/utils/__init__.py
[2025-11-16T02:53:33.147+0000] {processor.py:829} INFO - Processing file /opt/airflow/dags/utils/__init__.py for tasks to queue
[2025-11-16T02:53:33.148+0000] {logging_mixin.py:154} INFO - [2025-11-16T02:53:33.148+0000] {dagbag.py:536} INFO - Filling up the DagBag from /opt/airflow/dags/utils/__init__.py
[2025-11-16T02:53:33.149+0000] {processor.py:841} WARNING - No viable dags retrieved from /opt/airflow/dags/utils/__init__.py
[2025-11-16T02:53:33.160+0000] {processor.py:179} INFO - Processing /opt/airflow/dags/utils/__init__.py took 0.016 seconds
[2025-11-16T02:54:03.587+0000] {processor.py:157} INFO - Started process (PID=20804) to work on /opt/airflow/dags/utils/__init__.py
[2025-11-16T02:54:03.587+0000] {processor.py:829} INFO - Processing file /opt/airflow/dags/utils/__init__.py for tasks to queue
[2025-11-16T02:54:03.588+0000] {logging_mixin.py:154} INFO - [2025-11-16T02:54:03.588+0000] {dagbag.py:536} INFO - Filling up the DagBag from /opt/airflow/dags/utils/__init__.py
[2025-11-16T02:54:03.590+0000] {processor.py:841} WARNING - No viable dags retrieved from /opt/airflow/dags/utils/__init__.py
[2025-11-16T02:54:03.602+0000] {processor.py:179} INFO - Processing /opt/airflow/dags/utils/__init__.py took 0.019 seconds
[2025-11-16T02:54:33.767+0000] {processor.py:157} INFO - Started process (PID=20863) to work on /opt/airflow/dags/utils/__init__.py
[2025-11-16T02:54:33.767+0000] {processor.py:829} INFO - Processing file /opt/airflow/dags/utils/__init__.py for tasks to queue
[2025-11-16T02:54:33.768+0000] {logging_mixin.py:154} INFO - [2025-11-16T02:54:33.768+0000] {dagbag.py:536} INFO - Filling up the DagBag from /opt/airflow/dags/utils/__init__.py
[2025-11-16T02:54:33.770+0000] {processor.py:841} WARNING - No viable dags retrieved from /opt/airflow/dags/utils/__init__.py
[2025-11-16T02:54:33.782+0000] {processor.py:179} INFO - Processing /opt/airflow/dags/utils/__init__.py took 0.019 seconds
[2025-11-16T02:55:04.262+0000] {processor.py:157} INFO - Started process (PID=20915) to work on /opt/airflow/dags/utils/__init__.py
[2025-11-16T02:55:04.263+0000] {processor.py:829} INFO - Processing file /opt/airflow/dags/utils/__init__.py for tasks to queue
[2025-11-16T02:55:04.263+0000] {logging_mixin.py:154} INFO - [2025-11-16T02:55:04.263+0000] {dagbag.py:536} INFO - Filling up the DagBag from /opt/airflow/dags/utils/__init__.py
[2025-11-16T02:55:04.265+0000] {processor.py:841} WARNING - No viable dags retrieved from /opt/airflow/dags/utils/__init__.py
[2025-11-16T02:55:04.278+0000] {processor.py:179} INFO - Processing /opt/airflow/dags/utils/__init__.py took 0.018 seconds
[2025-11-16T02:55:34.661+0000] {processor.py:157} INFO - Started process (PID=20975) to work on /opt/airflow/dags/utils/__init__.py
[2025-11-16T02:55:34.661+0000] {processor.py:829} INFO - Processing file /opt/airflow/dags/utils/__init__.py for tasks to queue
[2025-11-16T02:55:34.662+0000] {logging_mixin.py:154} INFO - [2025-11-16T02:55:34.661+0000] {dagbag.py:536} INFO - Filling up the DagBag from /opt/airflow/dags/utils/__init__.py
[2025-11-16T02:55:34.663+0000] {processor.py:841} WARNING - No viable dags retrieved from /opt/airflow/dags/utils/__init__.py
[2025-11-16T02:55:34.676+0000] {processor.py:179} INFO - Processing /opt/airflow/dags/utils/__init__.py took 0.018 seconds
[2025-11-16T02:56:04.729+0000] {processor.py:157} INFO - Started process (PID=21011) to work on /opt/airflow/dags/utils/__init__.py
[2025-11-16T02:56:04.729+0000] {processor.py:829} INFO - Processing file /opt/airflow/dags/utils/__init__.py for tasks to queue
[2025-11-16T02:56:04.730+0000] {logging_mixin.py:154} INFO - [2025-11-16T02:56:04.730+0000] {dagbag.py:536} INFO - Filling up the DagBag from /opt/airflow/dags/utils/__init__.py
[2025-11-16T02:56:04.732+0000] {processor.py:841} WARNING - No viable dags retrieved from /opt/airflow/dags/utils/__init__.py
[2025-11-16T02:56:04.747+0000] {processor.py:179} INFO - Processing /opt/airflow/dags/utils/__init__.py took 0.021 seconds
[2025-11-16T02:56:35.694+0000] {processor.py:157} INFO - Started process (PID=21070) to work on /opt/airflow/dags/utils/__init__.py
[2025-11-16T02:56:35.694+0000] {processor.py:829} INFO - Processing file /opt/airflow/dags/utils/__init__.py for tasks to queue
[2025-11-16T02:56:35.712+0000] {logging_mixin.py:154} INFO - [2025-11-16T02:56:35.709+0000] {dagbag.py:536} INFO - Filling up the DagBag from /opt/airflow/dags/utils/__init__.py
[2025-11-16T02:56:35.714+0000] {processor.py:841} WARNING - No viable dags retrieved from /opt/airflow/dags/utils/__init__.py
[2025-11-16T02:56:35.732+0000] {processor.py:179} INFO - Processing /opt/airflow/dags/utils/__init__.py took 0.051 seconds
[2025-11-16T02:57:05.834+0000] {processor.py:157} INFO - Started process (PID=21129) to work on /opt/airflow/dags/utils/__init__.py
[2025-11-16T02:57:05.834+0000] {processor.py:829} INFO - Processing file /opt/airflow/dags/utils/__init__.py for tasks to queue
[2025-11-16T02:57:05.835+0000] {logging_mixin.py:154} INFO - [2025-11-16T02:57:05.835+0000] {dagbag.py:536} INFO - Filling up the DagBag from /opt/airflow/dags/utils/__init__.py
[2025-11-16T02:57:05.837+0000] {processor.py:841} WARNING - No viable dags retrieved from /opt/airflow/dags/utils/__init__.py
[2025-11-16T02:57:05.851+0000] {processor.py:179} INFO - Processing /opt/airflow/dags/utils/__init__.py took 0.021 seconds
[2025-11-16T02:57:36.219+0000] {processor.py:157} INFO - Started process (PID=21188) to work on /opt/airflow/dags/utils/__init__.py
[2025-11-16T02:57:36.220+0000] {processor.py:829} INFO - Processing file /opt/airflow/dags/utils/__init__.py for tasks to queue
[2025-11-16T02:57:36.220+0000] {logging_mixin.py:154} INFO - [2025-11-16T02:57:36.220+0000] {dagbag.py:536} INFO - Filling up the DagBag from /opt/airflow/dags/utils/__init__.py
[2025-11-16T02:57:36.222+0000] {processor.py:841} WARNING - No viable dags retrieved from /opt/airflow/dags/utils/__init__.py
[2025-11-16T02:57:36.231+0000] {processor.py:179} INFO - Processing /opt/airflow/dags/utils/__init__.py took 0.014 seconds
[2025-11-16T02:58:06.601+0000] {processor.py:157} INFO - Started process (PID=21240) to work on /opt/airflow/dags/utils/__init__.py
[2025-11-16T02:58:06.602+0000] {processor.py:829} INFO - Processing file /opt/airflow/dags/utils/__init__.py for tasks to queue
[2025-11-16T02:58:06.603+0000] {logging_mixin.py:154} INFO - [2025-11-16T02:58:06.602+0000] {dagbag.py:536} INFO - Filling up the DagBag from /opt/airflow/dags/utils/__init__.py
[2025-11-16T02:58:06.604+0000] {processor.py:841} WARNING - No viable dags retrieved from /opt/airflow/dags/utils/__init__.py
[2025-11-16T02:58:06.617+0000] {processor.py:179} INFO - Processing /opt/airflow/dags/utils/__init__.py took 0.019 seconds
[2025-11-16T02:58:36.951+0000] {processor.py:157} INFO - Started process (PID=21299) to work on /opt/airflow/dags/utils/__init__.py
[2025-11-16T02:58:36.952+0000] {processor.py:829} INFO - Processing file /opt/airflow/dags/utils/__init__.py for tasks to queue
[2025-11-16T02:58:36.952+0000] {logging_mixin.py:154} INFO - [2025-11-16T02:58:36.952+0000] {dagbag.py:536} INFO - Filling up the DagBag from /opt/airflow/dags/utils/__init__.py
[2025-11-16T02:58:36.954+0000] {processor.py:841} WARNING - No viable dags retrieved from /opt/airflow/dags/utils/__init__.py
[2025-11-16T02:58:36.964+0000] {processor.py:179} INFO - Processing /opt/airflow/dags/utils/__init__.py took 0.016 seconds
[2025-11-16T02:59:07.284+0000] {processor.py:157} INFO - Started process (PID=21358) to work on /opt/airflow/dags/utils/__init__.py
[2025-11-16T02:59:07.284+0000] {processor.py:829} INFO - Processing file /opt/airflow/dags/utils/__init__.py for tasks to queue
[2025-11-16T02:59:07.285+0000] {logging_mixin.py:154} INFO - [2025-11-16T02:59:07.285+0000] {dagbag.py:536} INFO - Filling up the DagBag from /opt/airflow/dags/utils/__init__.py
[2025-11-16T02:59:07.286+0000] {processor.py:841} WARNING - No viable dags retrieved from /opt/airflow/dags/utils/__init__.py
[2025-11-16T02:59:07.295+0000] {processor.py:179} INFO - Processing /opt/airflow/dags/utils/__init__.py took 0.013 seconds
[2025-11-16T02:59:37.609+0000] {processor.py:157} INFO - Started process (PID=21417) to work on /opt/airflow/dags/utils/__init__.py
[2025-11-16T02:59:37.610+0000] {processor.py:829} INFO - Processing file /opt/airflow/dags/utils/__init__.py for tasks to queue
[2025-11-16T02:59:37.610+0000] {logging_mixin.py:154} INFO - [2025-11-16T02:59:37.610+0000] {dagbag.py:536} INFO - Filling up the DagBag from /opt/airflow/dags/utils/__init__.py
[2025-11-16T02:59:37.611+0000] {processor.py:841} WARNING - No viable dags retrieved from /opt/airflow/dags/utils/__init__.py
[2025-11-16T02:59:37.621+0000] {processor.py:179} INFO - Processing /opt/airflow/dags/utils/__init__.py took 0.014 seconds
[2025-11-16T03:00:07.741+0000] {processor.py:157} INFO - Started process (PID=21477) to work on /opt/airflow/dags/utils/__init__.py
[2025-11-16T03:00:07.741+0000] {processor.py:829} INFO - Processing file /opt/airflow/dags/utils/__init__.py for tasks to queue
[2025-11-16T03:00:07.742+0000] {logging_mixin.py:154} INFO - [2025-11-16T03:00:07.742+0000] {dagbag.py:536} INFO - Filling up the DagBag from /opt/airflow/dags/utils/__init__.py
[2025-11-16T03:00:07.743+0000] {processor.py:841} WARNING - No viable dags retrieved from /opt/airflow/dags/utils/__init__.py
[2025-11-16T03:00:07.753+0000] {processor.py:179} INFO - Processing /opt/airflow/dags/utils/__init__.py took 0.014 seconds
[2025-11-16T03:00:37.900+0000] {processor.py:157} INFO - Started process (PID=21537) to work on /opt/airflow/dags/utils/__init__.py
[2025-11-16T03:00:37.901+0000] {processor.py:829} INFO - Processing file /opt/airflow/dags/utils/__init__.py for tasks to queue
[2025-11-16T03:00:37.901+0000] {logging_mixin.py:154} INFO - [2025-11-16T03:00:37.901+0000] {dagbag.py:536} INFO - Filling up the DagBag from /opt/airflow/dags/utils/__init__.py
[2025-11-16T03:00:37.903+0000] {processor.py:841} WARNING - No viable dags retrieved from /opt/airflow/dags/utils/__init__.py
[2025-11-16T03:00:37.921+0000] {processor.py:179} INFO - Processing /opt/airflow/dags/utils/__init__.py took 0.024 seconds
[2025-11-16T03:01:08.146+0000] {processor.py:157} INFO - Started process (PID=21596) to work on /opt/airflow/dags/utils/__init__.py
[2025-11-16T03:01:08.146+0000] {processor.py:829} INFO - Processing file /opt/airflow/dags/utils/__init__.py for tasks to queue
[2025-11-16T03:01:08.147+0000] {logging_mixin.py:154} INFO - [2025-11-16T03:01:08.147+0000] {dagbag.py:536} INFO - Filling up the DagBag from /opt/airflow/dags/utils/__init__.py
[2025-11-16T03:01:08.148+0000] {processor.py:841} WARNING - No viable dags retrieved from /opt/airflow/dags/utils/__init__.py
[2025-11-16T03:01:08.161+0000] {processor.py:179} INFO - Processing /opt/airflow/dags/utils/__init__.py took 0.019 seconds
[2025-11-16T03:01:38.315+0000] {processor.py:157} INFO - Started process (PID=21655) to work on /opt/airflow/dags/utils/__init__.py
[2025-11-16T03:01:38.315+0000] {processor.py:829} INFO - Processing file /opt/airflow/dags/utils/__init__.py for tasks to queue
[2025-11-16T03:01:38.316+0000] {logging_mixin.py:154} INFO - [2025-11-16T03:01:38.315+0000] {dagbag.py:536} INFO - Filling up the DagBag from /opt/airflow/dags/utils/__init__.py
[2025-11-16T03:01:38.317+0000] {processor.py:841} WARNING - No viable dags retrieved from /opt/airflow/dags/utils/__init__.py
[2025-11-16T03:01:38.330+0000] {processor.py:179} INFO - Processing /opt/airflow/dags/utils/__init__.py took 0.018 seconds
[2025-11-16T03:02:08.593+0000] {processor.py:157} INFO - Started process (PID=21707) to work on /opt/airflow/dags/utils/__init__.py
[2025-11-16T03:02:08.593+0000] {processor.py:829} INFO - Processing file /opt/airflow/dags/utils/__init__.py for tasks to queue
[2025-11-16T03:02:08.594+0000] {logging_mixin.py:154} INFO - [2025-11-16T03:02:08.594+0000] {dagbag.py:536} INFO - Filling up the DagBag from /opt/airflow/dags/utils/__init__.py
[2025-11-16T03:02:08.595+0000] {processor.py:841} WARNING - No viable dags retrieved from /opt/airflow/dags/utils/__init__.py
[2025-11-16T03:02:08.605+0000] {processor.py:179} INFO - Processing /opt/airflow/dags/utils/__init__.py took 0.015 seconds
[2025-11-16T03:02:38.761+0000] {processor.py:157} INFO - Started process (PID=21766) to work on /opt/airflow/dags/utils/__init__.py
[2025-11-16T03:02:38.762+0000] {processor.py:829} INFO - Processing file /opt/airflow/dags/utils/__init__.py for tasks to queue
[2025-11-16T03:02:38.763+0000] {logging_mixin.py:154} INFO - [2025-11-16T03:02:38.762+0000] {dagbag.py:536} INFO - Filling up the DagBag from /opt/airflow/dags/utils/__init__.py
[2025-11-16T03:02:38.765+0000] {processor.py:841} WARNING - No viable dags retrieved from /opt/airflow/dags/utils/__init__.py
[2025-11-16T03:02:38.778+0000] {processor.py:179} INFO - Processing /opt/airflow/dags/utils/__init__.py took 0.020 seconds
[2025-11-16T03:03:08.974+0000] {processor.py:157} INFO - Started process (PID=21825) to work on /opt/airflow/dags/utils/__init__.py
[2025-11-16T03:03:08.974+0000] {processor.py:829} INFO - Processing file /opt/airflow/dags/utils/__init__.py for tasks to queue
[2025-11-16T03:03:08.974+0000] {logging_mixin.py:154} INFO - [2025-11-16T03:03:08.974+0000] {dagbag.py:536} INFO - Filling up the DagBag from /opt/airflow/dags/utils/__init__.py
[2025-11-16T03:03:08.976+0000] {processor.py:841} WARNING - No viable dags retrieved from /opt/airflow/dags/utils/__init__.py
[2025-11-16T03:03:08.985+0000] {processor.py:179} INFO - Processing /opt/airflow/dags/utils/__init__.py took 0.015 seconds
[2025-11-16T03:03:39.148+0000] {processor.py:157} INFO - Started process (PID=21884) to work on /opt/airflow/dags/utils/__init__.py
[2025-11-16T03:03:39.149+0000] {processor.py:829} INFO - Processing file /opt/airflow/dags/utils/__init__.py for tasks to queue
[2025-11-16T03:03:39.150+0000] {logging_mixin.py:154} INFO - [2025-11-16T03:03:39.150+0000] {dagbag.py:536} INFO - Filling up the DagBag from /opt/airflow/dags/utils/__init__.py
[2025-11-16T03:03:39.152+0000] {processor.py:841} WARNING - No viable dags retrieved from /opt/airflow/dags/utils/__init__.py
[2025-11-16T03:03:39.163+0000] {processor.py:179} INFO - Processing /opt/airflow/dags/utils/__init__.py took 0.018 seconds
[2025-11-16T03:04:09.398+0000] {processor.py:157} INFO - Started process (PID=21944) to work on /opt/airflow/dags/utils/__init__.py
[2025-11-16T03:04:09.398+0000] {processor.py:829} INFO - Processing file /opt/airflow/dags/utils/__init__.py for tasks to queue
[2025-11-16T03:04:09.399+0000] {logging_mixin.py:154} INFO - [2025-11-16T03:04:09.399+0000] {dagbag.py:536} INFO - Filling up the DagBag from /opt/airflow/dags/utils/__init__.py
[2025-11-16T03:04:09.401+0000] {processor.py:841} WARNING - No viable dags retrieved from /opt/airflow/dags/utils/__init__.py
[2025-11-16T03:04:09.411+0000] {processor.py:179} INFO - Processing /opt/airflow/dags/utils/__init__.py took 0.015 seconds
[2025-11-16T03:04:39.667+0000] {processor.py:157} INFO - Started process (PID=22003) to work on /opt/airflow/dags/utils/__init__.py
[2025-11-16T03:04:39.668+0000] {processor.py:829} INFO - Processing file /opt/airflow/dags/utils/__init__.py for tasks to queue
[2025-11-16T03:04:39.668+0000] {logging_mixin.py:154} INFO - [2025-11-16T03:04:39.668+0000] {dagbag.py:536} INFO - Filling up the DagBag from /opt/airflow/dags/utils/__init__.py
[2025-11-16T03:04:39.670+0000] {processor.py:841} WARNING - No viable dags retrieved from /opt/airflow/dags/utils/__init__.py
[2025-11-16T03:04:39.681+0000] {processor.py:179} INFO - Processing /opt/airflow/dags/utils/__init__.py took 0.016 seconds
[2025-11-16T03:05:09.920+0000] {processor.py:157} INFO - Started process (PID=22062) to work on /opt/airflow/dags/utils/__init__.py
[2025-11-16T03:05:09.921+0000] {processor.py:829} INFO - Processing file /opt/airflow/dags/utils/__init__.py for tasks to queue
[2025-11-16T03:05:09.922+0000] {logging_mixin.py:154} INFO - [2025-11-16T03:05:09.921+0000] {dagbag.py:536} INFO - Filling up the DagBag from /opt/airflow/dags/utils/__init__.py
[2025-11-16T03:05:09.924+0000] {processor.py:841} WARNING - No viable dags retrieved from /opt/airflow/dags/utils/__init__.py
[2025-11-16T03:05:09.935+0000] {processor.py:179} INFO - Processing /opt/airflow/dags/utils/__init__.py took 0.018 seconds
[2025-11-16T03:05:40.003+0000] {processor.py:157} INFO - Started process (PID=22121) to work on /opt/airflow/dags/utils/__init__.py
[2025-11-16T03:05:40.003+0000] {processor.py:829} INFO - Processing file /opt/airflow/dags/utils/__init__.py for tasks to queue
[2025-11-16T03:05:40.004+0000] {logging_mixin.py:154} INFO - [2025-11-16T03:05:40.004+0000] {dagbag.py:536} INFO - Filling up the DagBag from /opt/airflow/dags/utils/__init__.py
[2025-11-16T03:05:40.006+0000] {processor.py:841} WARNING - No viable dags retrieved from /opt/airflow/dags/utils/__init__.py
[2025-11-16T03:05:40.017+0000] {processor.py:179} INFO - Processing /opt/airflow/dags/utils/__init__.py took 0.018 seconds
[2025-11-16T03:06:10.234+0000] {processor.py:157} INFO - Started process (PID=22175) to work on /opt/airflow/dags/utils/__init__.py
[2025-11-16T03:06:10.235+0000] {processor.py:829} INFO - Processing file /opt/airflow/dags/utils/__init__.py for tasks to queue
[2025-11-16T03:06:10.235+0000] {logging_mixin.py:154} INFO - [2025-11-16T03:06:10.235+0000] {dagbag.py:536} INFO - Filling up the DagBag from /opt/airflow/dags/utils/__init__.py
[2025-11-16T03:06:10.237+0000] {processor.py:841} WARNING - No viable dags retrieved from /opt/airflow/dags/utils/__init__.py
[2025-11-16T03:06:10.248+0000] {processor.py:179} INFO - Processing /opt/airflow/dags/utils/__init__.py took 0.016 seconds
[2025-11-16T03:06:40.366+0000] {processor.py:157} INFO - Started process (PID=22215) to work on /opt/airflow/dags/utils/__init__.py
[2025-11-16T03:06:40.366+0000] {processor.py:829} INFO - Processing file /opt/airflow/dags/utils/__init__.py for tasks to queue
[2025-11-16T03:06:40.367+0000] {logging_mixin.py:154} INFO - [2025-11-16T03:06:40.366+0000] {dagbag.py:536} INFO - Filling up the DagBag from /opt/airflow/dags/utils/__init__.py
[2025-11-16T03:06:40.368+0000] {processor.py:841} WARNING - No viable dags retrieved from /opt/airflow/dags/utils/__init__.py
[2025-11-16T03:06:40.378+0000] {processor.py:179} INFO - Processing /opt/airflow/dags/utils/__init__.py took 0.015 seconds
[2025-11-16T03:07:10.420+0000] {processor.py:157} INFO - Started process (PID=22274) to work on /opt/airflow/dags/utils/__init__.py
[2025-11-16T03:07:10.421+0000] {processor.py:829} INFO - Processing file /opt/airflow/dags/utils/__init__.py for tasks to queue
[2025-11-16T03:07:10.422+0000] {logging_mixin.py:154} INFO - [2025-11-16T03:07:10.421+0000] {dagbag.py:536} INFO - Filling up the DagBag from /opt/airflow/dags/utils/__init__.py
[2025-11-16T03:07:10.423+0000] {processor.py:841} WARNING - No viable dags retrieved from /opt/airflow/dags/utils/__init__.py
[2025-11-16T03:07:10.434+0000] {processor.py:179} INFO - Processing /opt/airflow/dags/utils/__init__.py took 0.016 seconds
[2025-11-16T03:07:40.630+0000] {processor.py:157} INFO - Started process (PID=22333) to work on /opt/airflow/dags/utils/__init__.py
[2025-11-16T03:07:40.630+0000] {processor.py:829} INFO - Processing file /opt/airflow/dags/utils/__init__.py for tasks to queue
[2025-11-16T03:07:40.631+0000] {logging_mixin.py:154} INFO - [2025-11-16T03:07:40.630+0000] {dagbag.py:536} INFO - Filling up the DagBag from /opt/airflow/dags/utils/__init__.py
[2025-11-16T03:07:40.632+0000] {processor.py:841} WARNING - No viable dags retrieved from /opt/airflow/dags/utils/__init__.py
[2025-11-16T03:07:40.642+0000] {processor.py:179} INFO - Processing /opt/airflow/dags/utils/__init__.py took 0.015 seconds
[2025-11-16T03:08:11.222+0000] {processor.py:157} INFO - Started process (PID=22392) to work on /opt/airflow/dags/utils/__init__.py
[2025-11-16T03:08:11.222+0000] {processor.py:829} INFO - Processing file /opt/airflow/dags/utils/__init__.py for tasks to queue
[2025-11-16T03:08:11.223+0000] {logging_mixin.py:154} INFO - [2025-11-16T03:08:11.222+0000] {dagbag.py:536} INFO - Filling up the DagBag from /opt/airflow/dags/utils/__init__.py
[2025-11-16T03:08:11.224+0000] {processor.py:841} WARNING - No viable dags retrieved from /opt/airflow/dags/utils/__init__.py
[2025-11-16T03:08:11.235+0000] {processor.py:179} INFO - Processing /opt/airflow/dags/utils/__init__.py took 0.016 seconds
[2025-11-16T03:08:41.447+0000] {processor.py:157} INFO - Started process (PID=22451) to work on /opt/airflow/dags/utils/__init__.py
[2025-11-16T03:08:41.447+0000] {processor.py:829} INFO - Processing file /opt/airflow/dags/utils/__init__.py for tasks to queue
[2025-11-16T03:08:41.448+0000] {logging_mixin.py:154} INFO - [2025-11-16T03:08:41.448+0000] {dagbag.py:536} INFO - Filling up the DagBag from /opt/airflow/dags/utils/__init__.py
[2025-11-16T03:08:41.449+0000] {processor.py:841} WARNING - No viable dags retrieved from /opt/airflow/dags/utils/__init__.py
[2025-11-16T03:08:41.460+0000] {processor.py:179} INFO - Processing /opt/airflow/dags/utils/__init__.py took 0.016 seconds
[2025-11-16T03:09:11.814+0000] {processor.py:157} INFO - Started process (PID=22510) to work on /opt/airflow/dags/utils/__init__.py
[2025-11-16T03:09:11.815+0000] {processor.py:829} INFO - Processing file /opt/airflow/dags/utils/__init__.py for tasks to queue
[2025-11-16T03:09:11.815+0000] {logging_mixin.py:154} INFO - [2025-11-16T03:09:11.815+0000] {dagbag.py:536} INFO - Filling up the DagBag from /opt/airflow/dags/utils/__init__.py
[2025-11-16T03:09:11.817+0000] {processor.py:841} WARNING - No viable dags retrieved from /opt/airflow/dags/utils/__init__.py
[2025-11-16T03:09:11.829+0000] {processor.py:179} INFO - Processing /opt/airflow/dags/utils/__init__.py took 0.018 seconds
[2025-11-16T03:09:42.006+0000] {processor.py:157} INFO - Started process (PID=22562) to work on /opt/airflow/dags/utils/__init__.py
[2025-11-16T03:09:42.006+0000] {processor.py:829} INFO - Processing file /opt/airflow/dags/utils/__init__.py for tasks to queue
[2025-11-16T03:09:42.007+0000] {logging_mixin.py:154} INFO - [2025-11-16T03:09:42.006+0000] {dagbag.py:536} INFO - Filling up the DagBag from /opt/airflow/dags/utils/__init__.py
[2025-11-16T03:09:42.008+0000] {processor.py:841} WARNING - No viable dags retrieved from /opt/airflow/dags/utils/__init__.py
[2025-11-16T03:09:42.019+0000] {processor.py:179} INFO - Processing /opt/airflow/dags/utils/__init__.py took 0.017 seconds
[2025-11-16T03:10:12.478+0000] {processor.py:157} INFO - Started process (PID=22621) to work on /opt/airflow/dags/utils/__init__.py
[2025-11-16T03:10:12.478+0000] {processor.py:829} INFO - Processing file /opt/airflow/dags/utils/__init__.py for tasks to queue
[2025-11-16T03:10:12.479+0000] {logging_mixin.py:154} INFO - [2025-11-16T03:10:12.479+0000] {dagbag.py:536} INFO - Filling up the DagBag from /opt/airflow/dags/utils/__init__.py
[2025-11-16T03:10:12.480+0000] {processor.py:841} WARNING - No viable dags retrieved from /opt/airflow/dags/utils/__init__.py
[2025-11-16T03:10:12.491+0000] {processor.py:179} INFO - Processing /opt/airflow/dags/utils/__init__.py took 0.016 seconds
[2025-11-16T03:10:42.874+0000] {processor.py:157} INFO - Started process (PID=22680) to work on /opt/airflow/dags/utils/__init__.py
[2025-11-16T03:10:42.875+0000] {processor.py:829} INFO - Processing file /opt/airflow/dags/utils/__init__.py for tasks to queue
[2025-11-16T03:10:42.875+0000] {logging_mixin.py:154} INFO - [2025-11-16T03:10:42.875+0000] {dagbag.py:536} INFO - Filling up the DagBag from /opt/airflow/dags/utils/__init__.py
[2025-11-16T03:10:42.877+0000] {processor.py:841} WARNING - No viable dags retrieved from /opt/airflow/dags/utils/__init__.py
[2025-11-16T03:10:42.887+0000] {processor.py:179} INFO - Processing /opt/airflow/dags/utils/__init__.py took 0.015 seconds
[2025-11-16T03:11:13.050+0000] {processor.py:157} INFO - Started process (PID=22739) to work on /opt/airflow/dags/utils/__init__.py
[2025-11-16T03:11:13.050+0000] {processor.py:829} INFO - Processing file /opt/airflow/dags/utils/__init__.py for tasks to queue
[2025-11-16T03:11:13.051+0000] {logging_mixin.py:154} INFO - [2025-11-16T03:11:13.051+0000] {dagbag.py:536} INFO - Filling up the DagBag from /opt/airflow/dags/utils/__init__.py
[2025-11-16T03:11:13.052+0000] {processor.py:841} WARNING - No viable dags retrieved from /opt/airflow/dags/utils/__init__.py
[2025-11-16T03:11:13.063+0000] {processor.py:179} INFO - Processing /opt/airflow/dags/utils/__init__.py took 0.016 seconds
[2025-11-16T03:11:43.147+0000] {processor.py:157} INFO - Started process (PID=22798) to work on /opt/airflow/dags/utils/__init__.py
[2025-11-16T03:11:43.148+0000] {processor.py:829} INFO - Processing file /opt/airflow/dags/utils/__init__.py for tasks to queue
[2025-11-16T03:11:43.149+0000] {logging_mixin.py:154} INFO - [2025-11-16T03:11:43.148+0000] {dagbag.py:536} INFO - Filling up the DagBag from /opt/airflow/dags/utils/__init__.py
[2025-11-16T03:11:43.150+0000] {processor.py:841} WARNING - No viable dags retrieved from /opt/airflow/dags/utils/__init__.py
[2025-11-16T03:11:43.161+0000] {processor.py:179} INFO - Processing /opt/airflow/dags/utils/__init__.py took 0.017 seconds
[2025-11-16T03:12:13.418+0000] {processor.py:157} INFO - Started process (PID=22857) to work on /opt/airflow/dags/utils/__init__.py
[2025-11-16T03:12:13.419+0000] {processor.py:829} INFO - Processing file /opt/airflow/dags/utils/__init__.py for tasks to queue
[2025-11-16T03:12:13.419+0000] {logging_mixin.py:154} INFO - [2025-11-16T03:12:13.419+0000] {dagbag.py:536} INFO - Filling up the DagBag from /opt/airflow/dags/utils/__init__.py
[2025-11-16T03:12:13.421+0000] {processor.py:841} WARNING - No viable dags retrieved from /opt/airflow/dags/utils/__init__.py
[2025-11-16T03:12:13.432+0000] {processor.py:179} INFO - Processing /opt/airflow/dags/utils/__init__.py took 0.017 seconds
[2025-11-16T03:12:43.621+0000] {processor.py:157} INFO - Started process (PID=22916) to work on /opt/airflow/dags/utils/__init__.py
[2025-11-16T03:12:43.621+0000] {processor.py:829} INFO - Processing file /opt/airflow/dags/utils/__init__.py for tasks to queue
[2025-11-16T03:12:43.622+0000] {logging_mixin.py:154} INFO - [2025-11-16T03:12:43.622+0000] {dagbag.py:536} INFO - Filling up the DagBag from /opt/airflow/dags/utils/__init__.py
[2025-11-16T03:12:43.623+0000] {processor.py:841} WARNING - No viable dags retrieved from /opt/airflow/dags/utils/__init__.py
[2025-11-16T03:12:43.634+0000] {processor.py:179} INFO - Processing /opt/airflow/dags/utils/__init__.py took 0.016 seconds
[2025-11-16T03:13:13.855+0000] {processor.py:157} INFO - Started process (PID=22975) to work on /opt/airflow/dags/utils/__init__.py
[2025-11-16T03:13:13.855+0000] {processor.py:829} INFO - Processing file /opt/airflow/dags/utils/__init__.py for tasks to queue
[2025-11-16T03:13:13.856+0000] {logging_mixin.py:154} INFO - [2025-11-16T03:13:13.856+0000] {dagbag.py:536} INFO - Filling up the DagBag from /opt/airflow/dags/utils/__init__.py
[2025-11-16T03:13:13.857+0000] {processor.py:841} WARNING - No viable dags retrieved from /opt/airflow/dags/utils/__init__.py
[2025-11-16T03:13:13.867+0000] {processor.py:179} INFO - Processing /opt/airflow/dags/utils/__init__.py took 0.015 seconds
[2025-11-16T03:13:43.981+0000] {processor.py:157} INFO - Started process (PID=23027) to work on /opt/airflow/dags/utils/__init__.py
[2025-11-16T03:13:43.982+0000] {processor.py:829} INFO - Processing file /opt/airflow/dags/utils/__init__.py for tasks to queue
[2025-11-16T03:13:43.983+0000] {logging_mixin.py:154} INFO - [2025-11-16T03:13:43.982+0000] {dagbag.py:536} INFO - Filling up the DagBag from /opt/airflow/dags/utils/__init__.py
[2025-11-16T03:13:43.984+0000] {processor.py:841} WARNING - No viable dags retrieved from /opt/airflow/dags/utils/__init__.py
[2025-11-16T03:13:43.996+0000] {processor.py:179} INFO - Processing /opt/airflow/dags/utils/__init__.py took 0.017 seconds
[2025-11-16T03:14:14.215+0000] {processor.py:157} INFO - Started process (PID=23086) to work on /opt/airflow/dags/utils/__init__.py
[2025-11-16T03:14:14.215+0000] {processor.py:829} INFO - Processing file /opt/airflow/dags/utils/__init__.py for tasks to queue
[2025-11-16T03:14:14.216+0000] {logging_mixin.py:154} INFO - [2025-11-16T03:14:14.215+0000] {dagbag.py:536} INFO - Filling up the DagBag from /opt/airflow/dags/utils/__init__.py
[2025-11-16T03:14:14.217+0000] {processor.py:841} WARNING - No viable dags retrieved from /opt/airflow/dags/utils/__init__.py
[2025-11-16T03:14:14.227+0000] {processor.py:179} INFO - Processing /opt/airflow/dags/utils/__init__.py took 0.016 seconds
[2025-11-16T03:14:44.385+0000] {processor.py:157} INFO - Started process (PID=23146) to work on /opt/airflow/dags/utils/__init__.py
[2025-11-16T03:14:44.386+0000] {processor.py:829} INFO - Processing file /opt/airflow/dags/utils/__init__.py for tasks to queue
[2025-11-16T03:14:44.386+0000] {logging_mixin.py:154} INFO - [2025-11-16T03:14:44.386+0000] {dagbag.py:536} INFO - Filling up the DagBag from /opt/airflow/dags/utils/__init__.py
[2025-11-16T03:14:44.388+0000] {processor.py:841} WARNING - No viable dags retrieved from /opt/airflow/dags/utils/__init__.py
[2025-11-16T03:14:44.400+0000] {processor.py:179} INFO - Processing /opt/airflow/dags/utils/__init__.py took 0.018 seconds
[2025-11-16T03:15:14.615+0000] {processor.py:157} INFO - Started process (PID=23205) to work on /opt/airflow/dags/utils/__init__.py
[2025-11-16T03:15:14.615+0000] {processor.py:829} INFO - Processing file /opt/airflow/dags/utils/__init__.py for tasks to queue
[2025-11-16T03:15:14.616+0000] {logging_mixin.py:154} INFO - [2025-11-16T03:15:14.615+0000] {dagbag.py:536} INFO - Filling up the DagBag from /opt/airflow/dags/utils/__init__.py
[2025-11-16T03:15:14.617+0000] {processor.py:841} WARNING - No viable dags retrieved from /opt/airflow/dags/utils/__init__.py
[2025-11-16T03:15:14.627+0000] {processor.py:179} INFO - Processing /opt/airflow/dags/utils/__init__.py took 0.015 seconds
[2025-11-16T03:15:44.796+0000] {processor.py:157} INFO - Started process (PID=23264) to work on /opt/airflow/dags/utils/__init__.py
[2025-11-16T03:15:44.797+0000] {processor.py:829} INFO - Processing file /opt/airflow/dags/utils/__init__.py for tasks to queue
[2025-11-16T03:15:44.798+0000] {logging_mixin.py:154} INFO - [2025-11-16T03:15:44.797+0000] {dagbag.py:536} INFO - Filling up the DagBag from /opt/airflow/dags/utils/__init__.py
[2025-11-16T03:15:44.799+0000] {processor.py:841} WARNING - No viable dags retrieved from /opt/airflow/dags/utils/__init__.py
[2025-11-16T03:15:44.810+0000] {processor.py:179} INFO - Processing /opt/airflow/dags/utils/__init__.py took 0.015 seconds
[2025-11-16T03:16:14.979+0000] {processor.py:157} INFO - Started process (PID=23323) to work on /opt/airflow/dags/utils/__init__.py
[2025-11-16T03:16:14.979+0000] {processor.py:829} INFO - Processing file /opt/airflow/dags/utils/__init__.py for tasks to queue
[2025-11-16T03:16:14.980+0000] {logging_mixin.py:154} INFO - [2025-11-16T03:16:14.980+0000] {dagbag.py:536} INFO - Filling up the DagBag from /opt/airflow/dags/utils/__init__.py
[2025-11-16T03:16:14.982+0000] {processor.py:841} WARNING - No viable dags retrieved from /opt/airflow/dags/utils/__init__.py
[2025-11-16T03:16:14.992+0000] {processor.py:179} INFO - Processing /opt/airflow/dags/utils/__init__.py took 0.015 seconds
[2025-11-16T03:16:45.194+0000] {processor.py:157} INFO - Started process (PID=23382) to work on /opt/airflow/dags/utils/__init__.py
[2025-11-16T03:16:45.194+0000] {processor.py:829} INFO - Processing file /opt/airflow/dags/utils/__init__.py for tasks to queue
[2025-11-16T03:16:45.195+0000] {logging_mixin.py:154} INFO - [2025-11-16T03:16:45.195+0000] {dagbag.py:536} INFO - Filling up the DagBag from /opt/airflow/dags/utils/__init__.py
[2025-11-16T03:16:45.196+0000] {processor.py:841} WARNING - No viable dags retrieved from /opt/airflow/dags/utils/__init__.py
[2025-11-16T03:16:45.208+0000] {processor.py:179} INFO - Processing /opt/airflow/dags/utils/__init__.py took 0.018 seconds
[2025-11-16T03:17:15.261+0000] {processor.py:157} INFO - Started process (PID=23424) to work on /opt/airflow/dags/utils/__init__.py
[2025-11-16T03:17:15.261+0000] {processor.py:829} INFO - Processing file /opt/airflow/dags/utils/__init__.py for tasks to queue
[2025-11-16T03:17:15.262+0000] {logging_mixin.py:154} INFO - [2025-11-16T03:17:15.262+0000] {dagbag.py:536} INFO - Filling up the DagBag from /opt/airflow/dags/utils/__init__.py
[2025-11-16T03:17:15.263+0000] {processor.py:841} WARNING - No viable dags retrieved from /opt/airflow/dags/utils/__init__.py
[2025-11-16T03:17:15.275+0000] {processor.py:179} INFO - Processing /opt/airflow/dags/utils/__init__.py took 0.017 seconds
[2025-11-16T03:17:45.439+0000] {processor.py:157} INFO - Started process (PID=23476) to work on /opt/airflow/dags/utils/__init__.py
[2025-11-16T03:17:45.440+0000] {processor.py:829} INFO - Processing file /opt/airflow/dags/utils/__init__.py for tasks to queue
[2025-11-16T03:17:45.440+0000] {logging_mixin.py:154} INFO - [2025-11-16T03:17:45.440+0000] {dagbag.py:536} INFO - Filling up the DagBag from /opt/airflow/dags/utils/__init__.py
[2025-11-16T03:17:45.441+0000] {processor.py:841} WARNING - No viable dags retrieved from /opt/airflow/dags/utils/__init__.py
[2025-11-16T03:17:45.452+0000] {processor.py:179} INFO - Processing /opt/airflow/dags/utils/__init__.py took 0.015 seconds
[2025-11-16T03:18:15.778+0000] {processor.py:157} INFO - Started process (PID=23535) to work on /opt/airflow/dags/utils/__init__.py
[2025-11-16T03:18:15.779+0000] {processor.py:829} INFO - Processing file /opt/airflow/dags/utils/__init__.py for tasks to queue
[2025-11-16T03:18:15.780+0000] {logging_mixin.py:154} INFO - [2025-11-16T03:18:15.779+0000] {dagbag.py:536} INFO - Filling up the DagBag from /opt/airflow/dags/utils/__init__.py
[2025-11-16T03:18:15.782+0000] {processor.py:841} WARNING - No viable dags retrieved from /opt/airflow/dags/utils/__init__.py
[2025-11-16T03:18:15.797+0000] {processor.py:179} INFO - Processing /opt/airflow/dags/utils/__init__.py took 0.022 seconds
[2025-11-16T03:18:45.981+0000] {processor.py:157} INFO - Started process (PID=23594) to work on /opt/airflow/dags/utils/__init__.py
[2025-11-16T03:18:45.981+0000] {processor.py:829} INFO - Processing file /opt/airflow/dags/utils/__init__.py for tasks to queue
[2025-11-16T03:18:45.982+0000] {logging_mixin.py:154} INFO - [2025-11-16T03:18:45.982+0000] {dagbag.py:536} INFO - Filling up the DagBag from /opt/airflow/dags/utils/__init__.py
[2025-11-16T03:18:45.984+0000] {processor.py:841} WARNING - No viable dags retrieved from /opt/airflow/dags/utils/__init__.py
[2025-11-16T03:18:45.995+0000] {processor.py:179} INFO - Processing /opt/airflow/dags/utils/__init__.py took 0.017 seconds
[2025-11-16T03:19:16.233+0000] {processor.py:157} INFO - Started process (PID=23653) to work on /opt/airflow/dags/utils/__init__.py
[2025-11-16T03:19:16.234+0000] {processor.py:829} INFO - Processing file /opt/airflow/dags/utils/__init__.py for tasks to queue
[2025-11-16T03:19:16.234+0000] {logging_mixin.py:154} INFO - [2025-11-16T03:19:16.234+0000] {dagbag.py:536} INFO - Filling up the DagBag from /opt/airflow/dags/utils/__init__.py
[2025-11-16T03:19:16.236+0000] {processor.py:841} WARNING - No viable dags retrieved from /opt/airflow/dags/utils/__init__.py
[2025-11-16T03:19:16.247+0000] {processor.py:179} INFO - Processing /opt/airflow/dags/utils/__init__.py took 0.016 seconds
[2025-11-16T03:19:46.435+0000] {processor.py:157} INFO - Started process (PID=23712) to work on /opt/airflow/dags/utils/__init__.py
[2025-11-16T03:19:46.436+0000] {processor.py:829} INFO - Processing file /opt/airflow/dags/utils/__init__.py for tasks to queue
[2025-11-16T03:19:46.437+0000] {logging_mixin.py:154} INFO - [2025-11-16T03:19:46.436+0000] {dagbag.py:536} INFO - Filling up the DagBag from /opt/airflow/dags/utils/__init__.py
[2025-11-16T03:19:46.438+0000] {processor.py:841} WARNING - No viable dags retrieved from /opt/airflow/dags/utils/__init__.py
[2025-11-16T03:19:46.449+0000] {processor.py:179} INFO - Processing /opt/airflow/dags/utils/__init__.py took 0.016 seconds
[2025-11-16T03:20:16.756+0000] {processor.py:157} INFO - Started process (PID=23771) to work on /opt/airflow/dags/utils/__init__.py
[2025-11-16T03:20:16.757+0000] {processor.py:829} INFO - Processing file /opt/airflow/dags/utils/__init__.py for tasks to queue
[2025-11-16T03:20:16.757+0000] {logging_mixin.py:154} INFO - [2025-11-16T03:20:16.757+0000] {dagbag.py:536} INFO - Filling up the DagBag from /opt/airflow/dags/utils/__init__.py
[2025-11-16T03:20:16.759+0000] {processor.py:841} WARNING - No viable dags retrieved from /opt/airflow/dags/utils/__init__.py
[2025-11-16T03:20:16.771+0000] {processor.py:179} INFO - Processing /opt/airflow/dags/utils/__init__.py took 0.018 seconds
[2025-11-16T03:20:47.038+0000] {processor.py:157} INFO - Started process (PID=23823) to work on /opt/airflow/dags/utils/__init__.py
[2025-11-16T03:20:47.038+0000] {processor.py:829} INFO - Processing file /opt/airflow/dags/utils/__init__.py for tasks to queue
[2025-11-16T03:20:47.039+0000] {logging_mixin.py:154} INFO - [2025-11-16T03:20:47.039+0000] {dagbag.py:536} INFO - Filling up the DagBag from /opt/airflow/dags/utils/__init__.py
[2025-11-16T03:20:47.040+0000] {processor.py:841} WARNING - No viable dags retrieved from /opt/airflow/dags/utils/__init__.py
[2025-11-16T03:20:47.053+0000] {processor.py:179} INFO - Processing /opt/airflow/dags/utils/__init__.py took 0.018 seconds
[2025-11-16T03:21:17.358+0000] {processor.py:157} INFO - Started process (PID=23882) to work on /opt/airflow/dags/utils/__init__.py
[2025-11-16T03:21:17.358+0000] {processor.py:829} INFO - Processing file /opt/airflow/dags/utils/__init__.py for tasks to queue
[2025-11-16T03:21:17.359+0000] {logging_mixin.py:154} INFO - [2025-11-16T03:21:17.358+0000] {dagbag.py:536} INFO - Filling up the DagBag from /opt/airflow/dags/utils/__init__.py
[2025-11-16T03:21:17.360+0000] {processor.py:841} WARNING - No viable dags retrieved from /opt/airflow/dags/utils/__init__.py
[2025-11-16T03:21:17.371+0000] {processor.py:179} INFO - Processing /opt/airflow/dags/utils/__init__.py took 0.016 seconds
[2025-11-16T03:21:47.638+0000] {processor.py:157} INFO - Started process (PID=23941) to work on /opt/airflow/dags/utils/__init__.py
[2025-11-16T03:21:47.639+0000] {processor.py:829} INFO - Processing file /opt/airflow/dags/utils/__init__.py for tasks to queue
[2025-11-16T03:21:47.639+0000] {logging_mixin.py:154} INFO - [2025-11-16T03:21:47.639+0000] {dagbag.py:536} INFO - Filling up the DagBag from /opt/airflow/dags/utils/__init__.py
[2025-11-16T03:21:47.641+0000] {processor.py:841} WARNING - No viable dags retrieved from /opt/airflow/dags/utils/__init__.py
[2025-11-16T03:21:47.652+0000] {processor.py:179} INFO - Processing /opt/airflow/dags/utils/__init__.py took 0.016 seconds
[2025-11-16T03:22:17.936+0000] {processor.py:157} INFO - Started process (PID=24000) to work on /opt/airflow/dags/utils/__init__.py
[2025-11-16T03:22:17.937+0000] {processor.py:829} INFO - Processing file /opt/airflow/dags/utils/__init__.py for tasks to queue
[2025-11-16T03:22:17.937+0000] {logging_mixin.py:154} INFO - [2025-11-16T03:22:17.937+0000] {dagbag.py:536} INFO - Filling up the DagBag from /opt/airflow/dags/utils/__init__.py
[2025-11-16T03:22:17.939+0000] {processor.py:841} WARNING - No viable dags retrieved from /opt/airflow/dags/utils/__init__.py
[2025-11-16T03:22:17.949+0000] {processor.py:179} INFO - Processing /opt/airflow/dags/utils/__init__.py took 0.016 seconds
[2025-11-16T03:22:48.230+0000] {processor.py:157} INFO - Started process (PID=24059) to work on /opt/airflow/dags/utils/__init__.py
[2025-11-16T03:22:48.231+0000] {processor.py:829} INFO - Processing file /opt/airflow/dags/utils/__init__.py for tasks to queue
[2025-11-16T03:22:48.231+0000] {logging_mixin.py:154} INFO - [2025-11-16T03:22:48.231+0000] {dagbag.py:536} INFO - Filling up the DagBag from /opt/airflow/dags/utils/__init__.py
[2025-11-16T03:22:48.233+0000] {processor.py:841} WARNING - No viable dags retrieved from /opt/airflow/dags/utils/__init__.py
[2025-11-16T03:22:48.244+0000] {processor.py:179} INFO - Processing /opt/airflow/dags/utils/__init__.py took 0.016 seconds
[2025-11-16T03:23:18.470+0000] {processor.py:157} INFO - Started process (PID=24118) to work on /opt/airflow/dags/utils/__init__.py
[2025-11-16T03:23:18.471+0000] {processor.py:829} INFO - Processing file /opt/airflow/dags/utils/__init__.py for tasks to queue
[2025-11-16T03:23:18.472+0000] {logging_mixin.py:154} INFO - [2025-11-16T03:23:18.471+0000] {dagbag.py:536} INFO - Filling up the DagBag from /opt/airflow/dags/utils/__init__.py
[2025-11-16T03:23:18.473+0000] {processor.py:841} WARNING - No viable dags retrieved from /opt/airflow/dags/utils/__init__.py
[2025-11-16T03:23:18.483+0000] {processor.py:179} INFO - Processing /opt/airflow/dags/utils/__init__.py took 0.016 seconds
[2025-11-16T03:23:48.659+0000] {processor.py:157} INFO - Started process (PID=24177) to work on /opt/airflow/dags/utils/__init__.py
[2025-11-16T03:23:48.660+0000] {processor.py:829} INFO - Processing file /opt/airflow/dags/utils/__init__.py for tasks to queue
[2025-11-16T03:23:48.660+0000] {logging_mixin.py:154} INFO - [2025-11-16T03:23:48.660+0000] {dagbag.py:536} INFO - Filling up the DagBag from /opt/airflow/dags/utils/__init__.py
[2025-11-16T03:23:48.661+0000] {processor.py:841} WARNING - No viable dags retrieved from /opt/airflow/dags/utils/__init__.py
[2025-11-16T03:23:48.672+0000] {processor.py:179} INFO - Processing /opt/airflow/dags/utils/__init__.py took 0.016 seconds
[2025-11-16T03:24:18.895+0000] {processor.py:157} INFO - Started process (PID=24236) to work on /opt/airflow/dags/utils/__init__.py
[2025-11-16T03:24:18.896+0000] {processor.py:829} INFO - Processing file /opt/airflow/dags/utils/__init__.py for tasks to queue
[2025-11-16T03:24:18.896+0000] {logging_mixin.py:154} INFO - [2025-11-16T03:24:18.896+0000] {dagbag.py:536} INFO - Filling up the DagBag from /opt/airflow/dags/utils/__init__.py
[2025-11-16T03:24:18.898+0000] {processor.py:841} WARNING - No viable dags retrieved from /opt/airflow/dags/utils/__init__.py
[2025-11-16T03:24:18.909+0000] {processor.py:179} INFO - Processing /opt/airflow/dags/utils/__init__.py took 0.016 seconds
[2025-11-16T03:24:49.037+0000] {processor.py:157} INFO - Started process (PID=24295) to work on /opt/airflow/dags/utils/__init__.py
[2025-11-16T03:24:49.038+0000] {processor.py:829} INFO - Processing file /opt/airflow/dags/utils/__init__.py for tasks to queue
[2025-11-16T03:24:49.038+0000] {logging_mixin.py:154} INFO - [2025-11-16T03:24:49.038+0000] {dagbag.py:536} INFO - Filling up the DagBag from /opt/airflow/dags/utils/__init__.py
[2025-11-16T03:24:49.039+0000] {processor.py:841} WARNING - No viable dags retrieved from /opt/airflow/dags/utils/__init__.py
[2025-11-16T03:24:49.050+0000] {processor.py:179} INFO - Processing /opt/airflow/dags/utils/__init__.py took 0.015 seconds
[2025-11-16T03:25:19.299+0000] {processor.py:157} INFO - Started process (PID=24348) to work on /opt/airflow/dags/utils/__init__.py
[2025-11-16T03:25:19.300+0000] {processor.py:829} INFO - Processing file /opt/airflow/dags/utils/__init__.py for tasks to queue
[2025-11-16T03:25:19.300+0000] {logging_mixin.py:154} INFO - [2025-11-16T03:25:19.300+0000] {dagbag.py:536} INFO - Filling up the DagBag from /opt/airflow/dags/utils/__init__.py
[2025-11-16T03:25:19.302+0000] {processor.py:841} WARNING - No viable dags retrieved from /opt/airflow/dags/utils/__init__.py
[2025-11-16T03:25:19.314+0000] {processor.py:179} INFO - Processing /opt/airflow/dags/utils/__init__.py took 0.018 seconds
[2025-11-16T03:25:49.524+0000] {processor.py:157} INFO - Started process (PID=24407) to work on /opt/airflow/dags/utils/__init__.py
[2025-11-16T03:25:49.524+0000] {processor.py:829} INFO - Processing file /opt/airflow/dags/utils/__init__.py for tasks to queue
[2025-11-16T03:25:49.525+0000] {logging_mixin.py:154} INFO - [2025-11-16T03:25:49.525+0000] {dagbag.py:536} INFO - Filling up the DagBag from /opt/airflow/dags/utils/__init__.py
[2025-11-16T03:25:49.526+0000] {processor.py:841} WARNING - No viable dags retrieved from /opt/airflow/dags/utils/__init__.py
[2025-11-16T03:25:49.537+0000] {processor.py:179} INFO - Processing /opt/airflow/dags/utils/__init__.py took 0.016 seconds
[2025-11-16T03:26:19.599+0000] {processor.py:157} INFO - Started process (PID=24466) to work on /opt/airflow/dags/utils/__init__.py
[2025-11-16T03:26:19.599+0000] {processor.py:829} INFO - Processing file /opt/airflow/dags/utils/__init__.py for tasks to queue
[2025-11-16T03:26:19.600+0000] {logging_mixin.py:154} INFO - [2025-11-16T03:26:19.600+0000] {dagbag.py:536} INFO - Filling up the DagBag from /opt/airflow/dags/utils/__init__.py
[2025-11-16T03:26:19.601+0000] {processor.py:841} WARNING - No viable dags retrieved from /opt/airflow/dags/utils/__init__.py
[2025-11-16T03:26:19.614+0000] {processor.py:179} INFO - Processing /opt/airflow/dags/utils/__init__.py took 0.018 seconds
[2025-11-16T03:26:49.799+0000] {processor.py:157} INFO - Started process (PID=24508) to work on /opt/airflow/dags/utils/__init__.py
[2025-11-16T03:26:49.799+0000] {processor.py:829} INFO - Processing file /opt/airflow/dags/utils/__init__.py for tasks to queue
[2025-11-16T03:26:49.800+0000] {logging_mixin.py:154} INFO - [2025-11-16T03:26:49.800+0000] {dagbag.py:536} INFO - Filling up the DagBag from /opt/airflow/dags/utils/__init__.py
[2025-11-16T03:26:49.801+0000] {processor.py:841} WARNING - No viable dags retrieved from /opt/airflow/dags/utils/__init__.py
[2025-11-16T03:26:49.812+0000] {processor.py:179} INFO - Processing /opt/airflow/dags/utils/__init__.py took 0.016 seconds
[2025-11-16T03:27:19.988+0000] {processor.py:157} INFO - Started process (PID=24567) to work on /opt/airflow/dags/utils/__init__.py
[2025-11-16T03:27:19.989+0000] {processor.py:829} INFO - Processing file /opt/airflow/dags/utils/__init__.py for tasks to queue
[2025-11-16T03:27:19.989+0000] {logging_mixin.py:154} INFO - [2025-11-16T03:27:19.989+0000] {dagbag.py:536} INFO - Filling up the DagBag from /opt/airflow/dags/utils/__init__.py
[2025-11-16T03:27:19.991+0000] {processor.py:841} WARNING - No viable dags retrieved from /opt/airflow/dags/utils/__init__.py
[2025-11-16T03:27:20.002+0000] {processor.py:179} INFO - Processing /opt/airflow/dags/utils/__init__.py took 0.016 seconds
[2025-11-16T03:27:50.216+0000] {processor.py:157} INFO - Started process (PID=24626) to work on /opt/airflow/dags/utils/__init__.py
[2025-11-16T03:27:50.217+0000] {processor.py:829} INFO - Processing file /opt/airflow/dags/utils/__init__.py for tasks to queue
[2025-11-16T03:27:50.217+0000] {logging_mixin.py:154} INFO - [2025-11-16T03:27:50.217+0000] {dagbag.py:536} INFO - Filling up the DagBag from /opt/airflow/dags/utils/__init__.py
[2025-11-16T03:27:50.219+0000] {processor.py:841} WARNING - No viable dags retrieved from /opt/airflow/dags/utils/__init__.py
[2025-11-16T03:27:50.233+0000] {processor.py:179} INFO - Processing /opt/airflow/dags/utils/__init__.py took 0.020 seconds
[2025-11-16T03:28:20.378+0000] {processor.py:157} INFO - Started process (PID=24678) to work on /opt/airflow/dags/utils/__init__.py
[2025-11-16T03:28:20.378+0000] {processor.py:829} INFO - Processing file /opt/airflow/dags/utils/__init__.py for tasks to queue
[2025-11-16T03:28:20.379+0000] {logging_mixin.py:154} INFO - [2025-11-16T03:28:20.378+0000] {dagbag.py:536} INFO - Filling up the DagBag from /opt/airflow/dags/utils/__init__.py
[2025-11-16T03:28:20.380+0000] {processor.py:841} WARNING - No viable dags retrieved from /opt/airflow/dags/utils/__init__.py
[2025-11-16T03:28:20.392+0000] {processor.py:179} INFO - Processing /opt/airflow/dags/utils/__init__.py took 0.018 seconds
[2025-11-16T03:28:50.536+0000] {processor.py:157} INFO - Started process (PID=24744) to work on /opt/airflow/dags/utils/__init__.py
[2025-11-16T03:28:50.536+0000] {processor.py:829} INFO - Processing file /opt/airflow/dags/utils/__init__.py for tasks to queue
[2025-11-16T03:28:50.537+0000] {logging_mixin.py:154} INFO - [2025-11-16T03:28:50.537+0000] {dagbag.py:536} INFO - Filling up the DagBag from /opt/airflow/dags/utils/__init__.py
[2025-11-16T03:28:50.539+0000] {processor.py:841} WARNING - No viable dags retrieved from /opt/airflow/dags/utils/__init__.py
[2025-11-16T03:28:50.551+0000] {processor.py:179} INFO - Processing /opt/airflow/dags/utils/__init__.py took 0.019 seconds
[2025-11-16T03:29:20.798+0000] {processor.py:157} INFO - Started process (PID=24796) to work on /opt/airflow/dags/utils/__init__.py
[2025-11-16T03:29:20.799+0000] {processor.py:829} INFO - Processing file /opt/airflow/dags/utils/__init__.py for tasks to queue
[2025-11-16T03:29:20.799+0000] {logging_mixin.py:154} INFO - [2025-11-16T03:29:20.799+0000] {dagbag.py:536} INFO - Filling up the DagBag from /opt/airflow/dags/utils/__init__.py
[2025-11-16T03:29:20.801+0000] {processor.py:841} WARNING - No viable dags retrieved from /opt/airflow/dags/utils/__init__.py
[2025-11-16T03:29:20.811+0000] {processor.py:179} INFO - Processing /opt/airflow/dags/utils/__init__.py took 0.016 seconds
[2025-11-16T03:29:50.920+0000] {processor.py:157} INFO - Started process (PID=24855) to work on /opt/airflow/dags/utils/__init__.py
[2025-11-16T03:29:50.920+0000] {processor.py:829} INFO - Processing file /opt/airflow/dags/utils/__init__.py for tasks to queue
[2025-11-16T03:29:50.921+0000] {logging_mixin.py:154} INFO - [2025-11-16T03:29:50.921+0000] {dagbag.py:536} INFO - Filling up the DagBag from /opt/airflow/dags/utils/__init__.py
[2025-11-16T03:29:50.922+0000] {processor.py:841} WARNING - No viable dags retrieved from /opt/airflow/dags/utils/__init__.py
[2025-11-16T03:29:50.932+0000] {processor.py:179} INFO - Processing /opt/airflow/dags/utils/__init__.py took 0.014 seconds
[2025-11-16T03:30:21.208+0000] {processor.py:157} INFO - Started process (PID=24914) to work on /opt/airflow/dags/utils/__init__.py
[2025-11-16T03:30:21.209+0000] {processor.py:829} INFO - Processing file /opt/airflow/dags/utils/__init__.py for tasks to queue
[2025-11-16T03:30:21.210+0000] {logging_mixin.py:154} INFO - [2025-11-16T03:30:21.209+0000] {dagbag.py:536} INFO - Filling up the DagBag from /opt/airflow/dags/utils/__init__.py
[2025-11-16T03:30:21.212+0000] {processor.py:841} WARNING - No viable dags retrieved from /opt/airflow/dags/utils/__init__.py
[2025-11-16T03:30:21.222+0000] {processor.py:179} INFO - Processing /opt/airflow/dags/utils/__init__.py took 0.016 seconds
[2025-11-16T03:30:51.452+0000] {processor.py:157} INFO - Started process (PID=24973) to work on /opt/airflow/dags/utils/__init__.py
[2025-11-16T03:30:51.452+0000] {processor.py:829} INFO - Processing file /opt/airflow/dags/utils/__init__.py for tasks to queue
[2025-11-16T03:30:51.453+0000] {logging_mixin.py:154} INFO - [2025-11-16T03:30:51.453+0000] {dagbag.py:536} INFO - Filling up the DagBag from /opt/airflow/dags/utils/__init__.py
[2025-11-16T03:30:51.454+0000] {processor.py:841} WARNING - No viable dags retrieved from /opt/airflow/dags/utils/__init__.py
[2025-11-16T03:30:51.464+0000] {processor.py:179} INFO - Processing /opt/airflow/dags/utils/__init__.py took 0.014 seconds
[2025-11-16T03:31:21.779+0000] {processor.py:157} INFO - Started process (PID=25032) to work on /opt/airflow/dags/utils/__init__.py
[2025-11-16T03:31:21.780+0000] {processor.py:829} INFO - Processing file /opt/airflow/dags/utils/__init__.py for tasks to queue
[2025-11-16T03:31:21.780+0000] {logging_mixin.py:154} INFO - [2025-11-16T03:31:21.780+0000] {dagbag.py:536} INFO - Filling up the DagBag from /opt/airflow/dags/utils/__init__.py
[2025-11-16T03:31:21.782+0000] {processor.py:841} WARNING - No viable dags retrieved from /opt/airflow/dags/utils/__init__.py
[2025-11-16T03:31:21.793+0000] {processor.py:179} INFO - Processing /opt/airflow/dags/utils/__init__.py took 0.016 seconds
[2025-11-16T03:31:52.182+0000] {processor.py:157} INFO - Started process (PID=25091) to work on /opt/airflow/dags/utils/__init__.py
[2025-11-16T03:31:52.182+0000] {processor.py:829} INFO - Processing file /opt/airflow/dags/utils/__init__.py for tasks to queue
[2025-11-16T03:31:52.182+0000] {logging_mixin.py:154} INFO - [2025-11-16T03:31:52.182+0000] {dagbag.py:536} INFO - Filling up the DagBag from /opt/airflow/dags/utils/__init__.py
[2025-11-16T03:31:52.184+0000] {processor.py:841} WARNING - No viable dags retrieved from /opt/airflow/dags/utils/__init__.py
[2025-11-16T03:31:52.196+0000] {processor.py:179} INFO - Processing /opt/airflow/dags/utils/__init__.py took 0.017 seconds
[2025-11-16T03:32:22.538+0000] {processor.py:157} INFO - Started process (PID=25150) to work on /opt/airflow/dags/utils/__init__.py
[2025-11-16T03:32:22.539+0000] {processor.py:829} INFO - Processing file /opt/airflow/dags/utils/__init__.py for tasks to queue
[2025-11-16T03:32:22.539+0000] {logging_mixin.py:154} INFO - [2025-11-16T03:32:22.539+0000] {dagbag.py:536} INFO - Filling up the DagBag from /opt/airflow/dags/utils/__init__.py
[2025-11-16T03:32:22.541+0000] {processor.py:841} WARNING - No viable dags retrieved from /opt/airflow/dags/utils/__init__.py
[2025-11-16T03:32:22.552+0000] {processor.py:179} INFO - Processing /opt/airflow/dags/utils/__init__.py took 0.016 seconds
[2025-11-16T03:32:52.854+0000] {processor.py:157} INFO - Started process (PID=25208) to work on /opt/airflow/dags/utils/__init__.py
[2025-11-16T03:32:52.854+0000] {processor.py:829} INFO - Processing file /opt/airflow/dags/utils/__init__.py for tasks to queue
[2025-11-16T03:32:52.855+0000] {logging_mixin.py:154} INFO - [2025-11-16T03:32:52.855+0000] {dagbag.py:536} INFO - Filling up the DagBag from /opt/airflow/dags/utils/__init__.py
[2025-11-16T03:32:52.856+0000] {processor.py:841} WARNING - No viable dags retrieved from /opt/airflow/dags/utils/__init__.py
[2025-11-16T03:32:52.866+0000] {processor.py:179} INFO - Processing /opt/airflow/dags/utils/__init__.py took 0.015 seconds
[2025-11-16T03:33:23.191+0000] {processor.py:157} INFO - Started process (PID=25261) to work on /opt/airflow/dags/utils/__init__.py
[2025-11-16T03:33:23.192+0000] {processor.py:829} INFO - Processing file /opt/airflow/dags/utils/__init__.py for tasks to queue
[2025-11-16T03:33:23.192+0000] {logging_mixin.py:154} INFO - [2025-11-16T03:33:23.192+0000] {dagbag.py:536} INFO - Filling up the DagBag from /opt/airflow/dags/utils/__init__.py
[2025-11-16T03:33:23.193+0000] {processor.py:841} WARNING - No viable dags retrieved from /opt/airflow/dags/utils/__init__.py
[2025-11-16T03:33:23.203+0000] {processor.py:179} INFO - Processing /opt/airflow/dags/utils/__init__.py took 0.015 seconds
[2025-11-16T03:33:53.434+0000] {processor.py:157} INFO - Started process (PID=25320) to work on /opt/airflow/dags/utils/__init__.py
[2025-11-16T03:33:53.434+0000] {processor.py:829} INFO - Processing file /opt/airflow/dags/utils/__init__.py for tasks to queue
[2025-11-16T03:33:53.435+0000] {logging_mixin.py:154} INFO - [2025-11-16T03:33:53.434+0000] {dagbag.py:536} INFO - Filling up the DagBag from /opt/airflow/dags/utils/__init__.py
[2025-11-16T03:33:53.436+0000] {processor.py:841} WARNING - No viable dags retrieved from /opt/airflow/dags/utils/__init__.py
[2025-11-16T03:33:53.447+0000] {processor.py:179} INFO - Processing /opt/airflow/dags/utils/__init__.py took 0.016 seconds
[2025-11-16T03:34:24.230+0000] {processor.py:157} INFO - Started process (PID=25379) to work on /opt/airflow/dags/utils/__init__.py
[2025-11-16T03:34:24.231+0000] {processor.py:829} INFO - Processing file /opt/airflow/dags/utils/__init__.py for tasks to queue
[2025-11-16T03:34:24.231+0000] {logging_mixin.py:154} INFO - [2025-11-16T03:34:24.231+0000] {dagbag.py:536} INFO - Filling up the DagBag from /opt/airflow/dags/utils/__init__.py
[2025-11-16T03:34:24.233+0000] {processor.py:841} WARNING - No viable dags retrieved from /opt/airflow/dags/utils/__init__.py
[2025-11-16T03:34:24.244+0000] {processor.py:179} INFO - Processing /opt/airflow/dags/utils/__init__.py took 0.016 seconds
[2025-11-16T03:34:54.446+0000] {processor.py:157} INFO - Started process (PID=25438) to work on /opt/airflow/dags/utils/__init__.py
[2025-11-16T03:34:54.446+0000] {processor.py:829} INFO - Processing file /opt/airflow/dags/utils/__init__.py for tasks to queue
[2025-11-16T03:34:54.447+0000] {logging_mixin.py:154} INFO - [2025-11-16T03:34:54.447+0000] {dagbag.py:536} INFO - Filling up the DagBag from /opt/airflow/dags/utils/__init__.py
[2025-11-16T03:34:54.448+0000] {processor.py:841} WARNING - No viable dags retrieved from /opt/airflow/dags/utils/__init__.py
[2025-11-16T03:34:54.459+0000] {processor.py:179} INFO - Processing /opt/airflow/dags/utils/__init__.py took 0.016 seconds
[2025-11-16T03:35:24.740+0000] {processor.py:157} INFO - Started process (PID=25497) to work on /opt/airflow/dags/utils/__init__.py
[2025-11-16T03:35:24.741+0000] {processor.py:829} INFO - Processing file /opt/airflow/dags/utils/__init__.py for tasks to queue
[2025-11-16T03:35:24.741+0000] {logging_mixin.py:154} INFO - [2025-11-16T03:35:24.741+0000] {dagbag.py:536} INFO - Filling up the DagBag from /opt/airflow/dags/utils/__init__.py
[2025-11-16T03:35:24.743+0000] {processor.py:841} WARNING - No viable dags retrieved from /opt/airflow/dags/utils/__init__.py
[2025-11-16T03:35:24.753+0000] {processor.py:179} INFO - Processing /opt/airflow/dags/utils/__init__.py took 0.015 seconds
[2025-11-16T03:35:54.956+0000] {processor.py:157} INFO - Started process (PID=25556) to work on /opt/airflow/dags/utils/__init__.py
[2025-11-16T03:35:54.956+0000] {processor.py:829} INFO - Processing file /opt/airflow/dags/utils/__init__.py for tasks to queue
[2025-11-16T03:35:54.957+0000] {logging_mixin.py:154} INFO - [2025-11-16T03:35:54.957+0000] {dagbag.py:536} INFO - Filling up the DagBag from /opt/airflow/dags/utils/__init__.py
[2025-11-16T03:35:54.958+0000] {processor.py:841} WARNING - No viable dags retrieved from /opt/airflow/dags/utils/__init__.py
[2025-11-16T03:35:54.969+0000] {processor.py:179} INFO - Processing /opt/airflow/dags/utils/__init__.py took 0.016 seconds
[2025-11-16T03:36:25.192+0000] {processor.py:157} INFO - Started process (PID=25615) to work on /opt/airflow/dags/utils/__init__.py
[2025-11-16T03:36:25.192+0000] {processor.py:829} INFO - Processing file /opt/airflow/dags/utils/__init__.py for tasks to queue
[2025-11-16T03:36:25.193+0000] {logging_mixin.py:154} INFO - [2025-11-16T03:36:25.193+0000] {dagbag.py:536} INFO - Filling up the DagBag from /opt/airflow/dags/utils/__init__.py
[2025-11-16T03:36:25.195+0000] {processor.py:841} WARNING - No viable dags retrieved from /opt/airflow/dags/utils/__init__.py
[2025-11-16T03:36:25.205+0000] {processor.py:179} INFO - Processing /opt/airflow/dags/utils/__init__.py took 0.017 seconds
[2025-11-16T03:36:56.115+0000] {processor.py:157} INFO - Started process (PID=25651) to work on /opt/airflow/dags/utils/__init__.py
[2025-11-16T03:36:56.115+0000] {processor.py:829} INFO - Processing file /opt/airflow/dags/utils/__init__.py for tasks to queue
[2025-11-16T03:36:56.116+0000] {logging_mixin.py:154} INFO - [2025-11-16T03:36:56.115+0000] {dagbag.py:536} INFO - Filling up the DagBag from /opt/airflow/dags/utils/__init__.py
[2025-11-16T03:36:56.117+0000] {processor.py:841} WARNING - No viable dags retrieved from /opt/airflow/dags/utils/__init__.py
[2025-11-16T03:36:56.126+0000] {processor.py:179} INFO - Processing /opt/airflow/dags/utils/__init__.py took 0.013 seconds
[2025-11-16T03:37:26.335+0000] {processor.py:157} INFO - Started process (PID=25710) to work on /opt/airflow/dags/utils/__init__.py
[2025-11-16T03:37:26.336+0000] {processor.py:829} INFO - Processing file /opt/airflow/dags/utils/__init__.py for tasks to queue
[2025-11-16T03:37:26.336+0000] {logging_mixin.py:154} INFO - [2025-11-16T03:37:26.336+0000] {dagbag.py:536} INFO - Filling up the DagBag from /opt/airflow/dags/utils/__init__.py
[2025-11-16T03:37:26.338+0000] {processor.py:841} WARNING - No viable dags retrieved from /opt/airflow/dags/utils/__init__.py
[2025-11-16T03:37:26.348+0000] {processor.py:179} INFO - Processing /opt/airflow/dags/utils/__init__.py took 0.016 seconds
[2025-11-16T03:37:56.551+0000] {processor.py:157} INFO - Started process (PID=25762) to work on /opt/airflow/dags/utils/__init__.py
[2025-11-16T03:37:56.551+0000] {processor.py:829} INFO - Processing file /opt/airflow/dags/utils/__init__.py for tasks to queue
[2025-11-16T03:37:56.551+0000] {logging_mixin.py:154} INFO - [2025-11-16T03:37:56.551+0000] {dagbag.py:536} INFO - Filling up the DagBag from /opt/airflow/dags/utils/__init__.py
[2025-11-16T03:37:56.552+0000] {processor.py:841} WARNING - No viable dags retrieved from /opt/airflow/dags/utils/__init__.py
[2025-11-16T03:37:56.562+0000] {processor.py:179} INFO - Processing /opt/airflow/dags/utils/__init__.py took 0.013 seconds
[2025-11-16T03:38:26.802+0000] {processor.py:157} INFO - Started process (PID=25821) to work on /opt/airflow/dags/utils/__init__.py
[2025-11-16T03:38:26.803+0000] {processor.py:829} INFO - Processing file /opt/airflow/dags/utils/__init__.py for tasks to queue
[2025-11-16T03:38:26.803+0000] {logging_mixin.py:154} INFO - [2025-11-16T03:38:26.803+0000] {dagbag.py:536} INFO - Filling up the DagBag from /opt/airflow/dags/utils/__init__.py
[2025-11-16T03:38:26.805+0000] {processor.py:841} WARNING - No viable dags retrieved from /opt/airflow/dags/utils/__init__.py
[2025-11-16T03:38:26.814+0000] {processor.py:179} INFO - Processing /opt/airflow/dags/utils/__init__.py took 0.014 seconds
[2025-11-16T03:38:57.185+0000] {processor.py:157} INFO - Started process (PID=25880) to work on /opt/airflow/dags/utils/__init__.py
[2025-11-16T03:38:57.185+0000] {processor.py:829} INFO - Processing file /opt/airflow/dags/utils/__init__.py for tasks to queue
[2025-11-16T03:38:57.185+0000] {logging_mixin.py:154} INFO - [2025-11-16T03:38:57.185+0000] {dagbag.py:536} INFO - Filling up the DagBag from /opt/airflow/dags/utils/__init__.py
[2025-11-16T03:38:57.187+0000] {processor.py:841} WARNING - No viable dags retrieved from /opt/airflow/dags/utils/__init__.py
[2025-11-16T03:38:57.197+0000] {processor.py:179} INFO - Processing /opt/airflow/dags/utils/__init__.py took 0.015 seconds
[2025-11-16T03:39:27.342+0000] {processor.py:157} INFO - Started process (PID=25939) to work on /opt/airflow/dags/utils/__init__.py
[2025-11-16T03:39:27.343+0000] {processor.py:829} INFO - Processing file /opt/airflow/dags/utils/__init__.py for tasks to queue
[2025-11-16T03:39:27.343+0000] {logging_mixin.py:154} INFO - [2025-11-16T03:39:27.343+0000] {dagbag.py:536} INFO - Filling up the DagBag from /opt/airflow/dags/utils/__init__.py
[2025-11-16T03:39:27.345+0000] {processor.py:841} WARNING - No viable dags retrieved from /opt/airflow/dags/utils/__init__.py
[2025-11-16T03:39:27.355+0000] {processor.py:179} INFO - Processing /opt/airflow/dags/utils/__init__.py took 0.015 seconds
[2025-11-16T03:39:57.442+0000] {processor.py:157} INFO - Started process (PID=25998) to work on /opt/airflow/dags/utils/__init__.py
[2025-11-16T03:39:57.442+0000] {processor.py:829} INFO - Processing file /opt/airflow/dags/utils/__init__.py for tasks to queue
[2025-11-16T03:39:57.443+0000] {logging_mixin.py:154} INFO - [2025-11-16T03:39:57.443+0000] {dagbag.py:536} INFO - Filling up the DagBag from /opt/airflow/dags/utils/__init__.py
[2025-11-16T03:39:57.445+0000] {processor.py:841} WARNING - No viable dags retrieved from /opt/airflow/dags/utils/__init__.py
[2025-11-16T03:39:57.455+0000] {processor.py:179} INFO - Processing /opt/airflow/dags/utils/__init__.py took 0.015 seconds
[2025-11-16T03:40:27.773+0000] {processor.py:157} INFO - Started process (PID=26057) to work on /opt/airflow/dags/utils/__init__.py
[2025-11-16T03:40:27.773+0000] {processor.py:829} INFO - Processing file /opt/airflow/dags/utils/__init__.py for tasks to queue
[2025-11-16T03:40:27.773+0000] {logging_mixin.py:154} INFO - [2025-11-16T03:40:27.773+0000] {dagbag.py:536} INFO - Filling up the DagBag from /opt/airflow/dags/utils/__init__.py
[2025-11-16T03:40:27.775+0000] {processor.py:841} WARNING - No viable dags retrieved from /opt/airflow/dags/utils/__init__.py
[2025-11-16T03:40:27.788+0000] {processor.py:179} INFO - Processing /opt/airflow/dags/utils/__init__.py took 0.018 seconds
[2025-11-16T03:40:58.233+0000] {processor.py:157} INFO - Started process (PID=26116) to work on /opt/airflow/dags/utils/__init__.py
[2025-11-16T03:40:58.234+0000] {processor.py:829} INFO - Processing file /opt/airflow/dags/utils/__init__.py for tasks to queue
[2025-11-16T03:40:58.235+0000] {logging_mixin.py:154} INFO - [2025-11-16T03:40:58.235+0000] {dagbag.py:536} INFO - Filling up the DagBag from /opt/airflow/dags/utils/__init__.py
[2025-11-16T03:40:58.236+0000] {processor.py:841} WARNING - No viable dags retrieved from /opt/airflow/dags/utils/__init__.py
[2025-11-16T03:40:58.248+0000] {processor.py:179} INFO - Processing /opt/airflow/dags/utils/__init__.py took 0.018 seconds
[2025-11-16T03:41:28.673+0000] {processor.py:157} INFO - Started process (PID=26175) to work on /opt/airflow/dags/utils/__init__.py
[2025-11-16T03:41:28.673+0000] {processor.py:829} INFO - Processing file /opt/airflow/dags/utils/__init__.py for tasks to queue
[2025-11-16T03:41:28.674+0000] {logging_mixin.py:154} INFO - [2025-11-16T03:41:28.674+0000] {dagbag.py:536} INFO - Filling up the DagBag from /opt/airflow/dags/utils/__init__.py
[2025-11-16T03:41:28.676+0000] {processor.py:841} WARNING - No viable dags retrieved from /opt/airflow/dags/utils/__init__.py
[2025-11-16T03:41:28.687+0000] {processor.py:179} INFO - Processing /opt/airflow/dags/utils/__init__.py took 0.017 seconds
[2025-11-16T03:41:59.448+0000] {processor.py:157} INFO - Started process (PID=26227) to work on /opt/airflow/dags/utils/__init__.py
[2025-11-16T03:42:03.111+0000] {processor.py:829} INFO - Processing file /opt/airflow/dags/utils/__init__.py for tasks to queue
[2025-11-16T03:42:03.112+0000] {logging_mixin.py:154} INFO - [2025-11-16T03:42:03.112+0000] {dagbag.py:536} INFO - Filling up the DagBag from /opt/airflow/dags/utils/__init__.py
[2025-11-16T03:42:03.114+0000] {processor.py:841} WARNING - No viable dags retrieved from /opt/airflow/dags/utils/__init__.py
[2025-11-16T03:42:03.126+0000] {processor.py:179} INFO - Processing /opt/airflow/dags/utils/__init__.py took 3.682 seconds
[2025-11-16T03:42:33.453+0000] {processor.py:157} INFO - Started process (PID=26293) to work on /opt/airflow/dags/utils/__init__.py
[2025-11-16T03:42:33.454+0000] {processor.py:829} INFO - Processing file /opt/airflow/dags/utils/__init__.py for tasks to queue
[2025-11-16T03:42:33.455+0000] {logging_mixin.py:154} INFO - [2025-11-16T03:42:33.455+0000] {dagbag.py:536} INFO - Filling up the DagBag from /opt/airflow/dags/utils/__init__.py
[2025-11-16T03:42:33.461+0000] {processor.py:841} WARNING - No viable dags retrieved from /opt/airflow/dags/utils/__init__.py
[2025-11-16T03:42:33.485+0000] {processor.py:179} INFO - Processing /opt/airflow/dags/utils/__init__.py took 0.039 seconds
[2025-11-16T03:43:03.731+0000] {processor.py:157} INFO - Started process (PID=26345) to work on /opt/airflow/dags/utils/__init__.py
[2025-11-16T03:43:03.889+0000] {processor.py:829} INFO - Processing file /opt/airflow/dags/utils/__init__.py for tasks to queue
[2025-11-16T03:43:03.890+0000] {logging_mixin.py:154} INFO - [2025-11-16T03:43:03.889+0000] {dagbag.py:536} INFO - Filling up the DagBag from /opt/airflow/dags/utils/__init__.py
[2025-11-16T03:43:03.892+0000] {processor.py:841} WARNING - No viable dags retrieved from /opt/airflow/dags/utils/__init__.py
[2025-11-16T03:43:03.904+0000] {processor.py:179} INFO - Processing /opt/airflow/dags/utils/__init__.py took 0.178 seconds
[2025-11-16T03:43:34.794+0000] {processor.py:157} INFO - Started process (PID=26404) to work on /opt/airflow/dags/utils/__init__.py
[2025-11-16T03:43:34.794+0000] {processor.py:829} INFO - Processing file /opt/airflow/dags/utils/__init__.py for tasks to queue
[2025-11-16T03:43:34.794+0000] {logging_mixin.py:154} INFO - [2025-11-16T03:43:34.794+0000] {dagbag.py:536} INFO - Filling up the DagBag from /opt/airflow/dags/utils/__init__.py
[2025-11-16T03:43:34.795+0000] {processor.py:841} WARNING - No viable dags retrieved from /opt/airflow/dags/utils/__init__.py
[2025-11-16T03:43:34.805+0000] {processor.py:179} INFO - Processing /opt/airflow/dags/utils/__init__.py took 0.014 seconds
[2025-11-16T03:44:04.996+0000] {processor.py:157} INFO - Started process (PID=26463) to work on /opt/airflow/dags/utils/__init__.py
[2025-11-16T03:44:04.996+0000] {processor.py:829} INFO - Processing file /opt/airflow/dags/utils/__init__.py for tasks to queue
[2025-11-16T03:44:04.997+0000] {logging_mixin.py:154} INFO - [2025-11-16T03:44:04.997+0000] {dagbag.py:536} INFO - Filling up the DagBag from /opt/airflow/dags/utils/__init__.py
[2025-11-16T03:44:04.998+0000] {processor.py:841} WARNING - No viable dags retrieved from /opt/airflow/dags/utils/__init__.py
[2025-11-16T03:44:05.009+0000] {processor.py:179} INFO - Processing /opt/airflow/dags/utils/__init__.py took 0.016 seconds
[2025-11-16T03:44:35.270+0000] {processor.py:157} INFO - Started process (PID=26523) to work on /opt/airflow/dags/utils/__init__.py
[2025-11-16T03:44:35.270+0000] {processor.py:829} INFO - Processing file /opt/airflow/dags/utils/__init__.py for tasks to queue
[2025-11-16T03:44:35.270+0000] {logging_mixin.py:154} INFO - [2025-11-16T03:44:35.270+0000] {dagbag.py:536} INFO - Filling up the DagBag from /opt/airflow/dags/utils/__init__.py
[2025-11-16T03:44:35.272+0000] {processor.py:841} WARNING - No viable dags retrieved from /opt/airflow/dags/utils/__init__.py
[2025-11-16T03:44:35.283+0000] {processor.py:179} INFO - Processing /opt/airflow/dags/utils/__init__.py took 0.016 seconds
[2025-11-16T03:45:05.410+0000] {processor.py:157} INFO - Started process (PID=26582) to work on /opt/airflow/dags/utils/__init__.py
[2025-11-16T03:45:05.411+0000] {processor.py:829} INFO - Processing file /opt/airflow/dags/utils/__init__.py for tasks to queue
[2025-11-16T03:45:05.411+0000] {logging_mixin.py:154} INFO - [2025-11-16T03:45:05.411+0000] {dagbag.py:536} INFO - Filling up the DagBag from /opt/airflow/dags/utils/__init__.py
[2025-11-16T03:45:05.413+0000] {processor.py:841} WARNING - No viable dags retrieved from /opt/airflow/dags/utils/__init__.py
[2025-11-16T03:45:05.423+0000] {processor.py:179} INFO - Processing /opt/airflow/dags/utils/__init__.py took 0.016 seconds
[2025-11-16T03:45:35.655+0000] {processor.py:157} INFO - Started process (PID=26641) to work on /opt/airflow/dags/utils/__init__.py
[2025-11-16T03:45:35.656+0000] {processor.py:829} INFO - Processing file /opt/airflow/dags/utils/__init__.py for tasks to queue
[2025-11-16T03:45:35.657+0000] {logging_mixin.py:154} INFO - [2025-11-16T03:45:35.657+0000] {dagbag.py:536} INFO - Filling up the DagBag from /opt/airflow/dags/utils/__init__.py
[2025-11-16T03:45:35.658+0000] {processor.py:841} WARNING - No viable dags retrieved from /opt/airflow/dags/utils/__init__.py
[2025-11-16T03:45:35.669+0000] {processor.py:179} INFO - Processing /opt/airflow/dags/utils/__init__.py took 0.017 seconds
[2025-11-16T03:46:05.789+0000] {processor.py:157} INFO - Started process (PID=26676) to work on /opt/airflow/dags/utils/__init__.py
[2025-11-16T03:46:05.790+0000] {processor.py:829} INFO - Processing file /opt/airflow/dags/utils/__init__.py for tasks to queue
[2025-11-16T03:46:05.790+0000] {logging_mixin.py:154} INFO - [2025-11-16T03:46:05.790+0000] {dagbag.py:536} INFO - Filling up the DagBag from /opt/airflow/dags/utils/__init__.py
[2025-11-16T03:46:05.792+0000] {processor.py:841} WARNING - No viable dags retrieved from /opt/airflow/dags/utils/__init__.py
[2025-11-16T03:46:05.803+0000] {processor.py:179} INFO - Processing /opt/airflow/dags/utils/__init__.py took 0.016 seconds
