[2025-11-16T00:34:13.055+0000] {processor.py:157} INFO - Started process (PID=4932) to work on /opt/airflow/dags/pipeline_productivo.py
[2025-11-16T00:34:13.056+0000] {processor.py:829} INFO - Processing file /opt/airflow/dags/pipeline_productivo.py for tasks to queue
[2025-11-16T00:34:13.056+0000] {logging_mixin.py:154} INFO - [2025-11-16T00:34:13.056+0000] {dagbag.py:536} INFO - Filling up the DagBag from /opt/airflow/dags/pipeline_productivo.py
[2025-11-16T00:34:15.672+0000] {processor.py:839} INFO - DAG(s) dict_keys(['sodai_drinks_production_pipeline']) retrieved from /opt/airflow/dags/pipeline_productivo.py
[2025-11-16T00:34:15.689+0000] {logging_mixin.py:154} INFO - [2025-11-16T00:34:15.689+0000] {dag.py:2941} INFO - Sync 1 DAGs
[2025-11-16T00:34:15.712+0000] {logging_mixin.py:154} INFO - [2025-11-16T00:34:15.712+0000] {dag.py:3722} INFO - Setting next_dagrun for sodai_drinks_production_pipeline to 2025-11-09T00:00:00+00:00, run_after=2025-11-16T00:00:00+00:00
[2025-11-16T00:34:15.736+0000] {processor.py:179} INFO - Processing /opt/airflow/dags/pipeline_productivo.py took 2.684 seconds
[2025-11-16T00:34:46.232+0000] {processor.py:157} INFO - Started process (PID=5004) to work on /opt/airflow/dags/pipeline_productivo.py
[2025-11-16T00:34:46.232+0000] {processor.py:829} INFO - Processing file /opt/airflow/dags/pipeline_productivo.py for tasks to queue
[2025-11-16T00:34:46.233+0000] {logging_mixin.py:154} INFO - [2025-11-16T00:34:46.232+0000] {dagbag.py:536} INFO - Filling up the DagBag from /opt/airflow/dags/pipeline_productivo.py
[2025-11-16T00:34:47.544+0000] {processor.py:839} INFO - DAG(s) dict_keys(['sodai_drinks_production_pipeline']) retrieved from /opt/airflow/dags/pipeline_productivo.py
[2025-11-16T00:34:47.561+0000] {logging_mixin.py:154} INFO - [2025-11-16T00:34:47.561+0000] {dag.py:2941} INFO - Sync 1 DAGs
[2025-11-16T00:34:47.574+0000] {logging_mixin.py:154} INFO - [2025-11-16T00:34:47.574+0000] {dag.py:3722} INFO - Setting next_dagrun for sodai_drinks_production_pipeline to 2025-11-09T00:00:00+00:00, run_after=2025-11-16T00:00:00+00:00
[2025-11-16T00:34:47.585+0000] {processor.py:179} INFO - Processing /opt/airflow/dags/pipeline_productivo.py took 1.356 seconds
[2025-11-16T00:35:17.866+0000] {processor.py:157} INFO - Started process (PID=5063) to work on /opt/airflow/dags/pipeline_productivo.py
[2025-11-16T00:35:17.915+0000] {processor.py:829} INFO - Processing file /opt/airflow/dags/pipeline_productivo.py for tasks to queue
[2025-11-16T00:35:17.915+0000] {logging_mixin.py:154} INFO - [2025-11-16T00:35:17.915+0000] {dagbag.py:536} INFO - Filling up the DagBag from /opt/airflow/dags/pipeline_productivo.py
[2025-11-16T00:35:19.288+0000] {processor.py:839} INFO - DAG(s) dict_keys(['sodai_drinks_production_pipeline']) retrieved from /opt/airflow/dags/pipeline_productivo.py
[2025-11-16T00:35:19.306+0000] {logging_mixin.py:154} INFO - [2025-11-16T00:35:19.304+0000] {dag.py:2941} INFO - Sync 1 DAGs
[2025-11-16T00:35:19.318+0000] {logging_mixin.py:154} INFO - [2025-11-16T00:35:19.318+0000] {dag.py:3722} INFO - Setting next_dagrun for sodai_drinks_production_pipeline to 2025-11-09T00:00:00+00:00, run_after=2025-11-16T00:00:00+00:00
[2025-11-16T00:35:19.365+0000] {processor.py:179} INFO - Processing /opt/airflow/dags/pipeline_productivo.py took 1.502 seconds
[2025-11-16T00:35:49.457+0000] {processor.py:157} INFO - Started process (PID=5122) to work on /opt/airflow/dags/pipeline_productivo.py
[2025-11-16T00:35:49.458+0000] {processor.py:829} INFO - Processing file /opt/airflow/dags/pipeline_productivo.py for tasks to queue
[2025-11-16T00:35:49.458+0000] {logging_mixin.py:154} INFO - [2025-11-16T00:35:49.458+0000] {dagbag.py:536} INFO - Filling up the DagBag from /opt/airflow/dags/pipeline_productivo.py
[2025-11-16T00:35:48.931+0000] {processor.py:839} INFO - DAG(s) dict_keys(['sodai_drinks_production_pipeline']) retrieved from /opt/airflow/dags/pipeline_productivo.py
[2025-11-16T00:35:48.947+0000] {logging_mixin.py:154} INFO - [2025-11-16T00:35:48.947+0000] {dag.py:2941} INFO - Sync 1 DAGs
[2025-11-16T00:35:48.958+0000] {logging_mixin.py:154} INFO - [2025-11-16T00:35:48.958+0000] {dag.py:3722} INFO - Setting next_dagrun for sodai_drinks_production_pipeline to 2025-11-09T00:00:00+00:00, run_after=2025-11-16T00:00:00+00:00
[2025-11-16T00:35:48.968+0000] {processor.py:179} INFO - Processing /opt/airflow/dags/pipeline_productivo.py took 1.243 seconds
[2025-11-16T00:36:19.239+0000] {processor.py:157} INFO - Started process (PID=5182) to work on /opt/airflow/dags/pipeline_productivo.py
[2025-11-16T00:36:19.239+0000] {processor.py:829} INFO - Processing file /opt/airflow/dags/pipeline_productivo.py for tasks to queue
[2025-11-16T00:36:19.240+0000] {logging_mixin.py:154} INFO - [2025-11-16T00:36:19.240+0000] {dagbag.py:536} INFO - Filling up the DagBag from /opt/airflow/dags/pipeline_productivo.py
[2025-11-16T00:36:20.347+0000] {processor.py:839} INFO - DAG(s) dict_keys(['sodai_drinks_production_pipeline']) retrieved from /opt/airflow/dags/pipeline_productivo.py
[2025-11-16T00:36:20.362+0000] {logging_mixin.py:154} INFO - [2025-11-16T00:36:20.361+0000] {dag.py:2941} INFO - Sync 1 DAGs
[2025-11-16T00:36:20.373+0000] {logging_mixin.py:154} INFO - [2025-11-16T00:36:20.373+0000] {dag.py:3722} INFO - Setting next_dagrun for sodai_drinks_production_pipeline to 2025-11-09T00:00:00+00:00, run_after=2025-11-16T00:00:00+00:00
[2025-11-16T00:36:20.382+0000] {processor.py:179} INFO - Processing /opt/airflow/dags/pipeline_productivo.py took 1.145 seconds
[2025-11-16T00:36:50.706+0000] {processor.py:157} INFO - Started process (PID=5241) to work on /opt/airflow/dags/pipeline_productivo.py
[2025-11-16T00:36:50.706+0000] {processor.py:829} INFO - Processing file /opt/airflow/dags/pipeline_productivo.py for tasks to queue
[2025-11-16T00:36:50.707+0000] {logging_mixin.py:154} INFO - [2025-11-16T00:36:50.707+0000] {dagbag.py:536} INFO - Filling up the DagBag from /opt/airflow/dags/pipeline_productivo.py
[2025-11-16T00:36:51.949+0000] {processor.py:839} INFO - DAG(s) dict_keys(['sodai_drinks_production_pipeline']) retrieved from /opt/airflow/dags/pipeline_productivo.py
[2025-11-16T00:36:51.976+0000] {logging_mixin.py:154} INFO - [2025-11-16T00:36:51.975+0000] {dag.py:2941} INFO - Sync 1 DAGs
[2025-11-16T00:36:51.992+0000] {logging_mixin.py:154} INFO - [2025-11-16T00:36:51.992+0000] {dag.py:3722} INFO - Setting next_dagrun for sodai_drinks_production_pipeline to 2025-11-09T00:00:00+00:00, run_after=2025-11-16T00:00:00+00:00
[2025-11-16T00:36:52.004+0000] {processor.py:179} INFO - Processing /opt/airflow/dags/pipeline_productivo.py took 1.301 seconds
[2025-11-16T00:37:22.291+0000] {processor.py:157} INFO - Started process (PID=5300) to work on /opt/airflow/dags/pipeline_productivo.py
[2025-11-16T00:37:22.292+0000] {processor.py:829} INFO - Processing file /opt/airflow/dags/pipeline_productivo.py for tasks to queue
[2025-11-16T00:37:22.292+0000] {logging_mixin.py:154} INFO - [2025-11-16T00:37:22.292+0000] {dagbag.py:536} INFO - Filling up the DagBag from /opt/airflow/dags/pipeline_productivo.py
[2025-11-16T00:37:23.578+0000] {processor.py:839} INFO - DAG(s) dict_keys(['sodai_drinks_production_pipeline']) retrieved from /opt/airflow/dags/pipeline_productivo.py
[2025-11-16T00:37:23.594+0000] {logging_mixin.py:154} INFO - [2025-11-16T00:37:23.593+0000] {dag.py:2941} INFO - Sync 1 DAGs
[2025-11-16T00:37:23.605+0000] {logging_mixin.py:154} INFO - [2025-11-16T00:37:23.605+0000] {dag.py:3722} INFO - Setting next_dagrun for sodai_drinks_production_pipeline to 2025-11-09T00:00:00+00:00, run_after=2025-11-16T00:00:00+00:00
[2025-11-16T00:37:23.615+0000] {processor.py:179} INFO - Processing /opt/airflow/dags/pipeline_productivo.py took 1.327 seconds
[2025-11-16T00:37:53.978+0000] {processor.py:157} INFO - Started process (PID=5359) to work on /opt/airflow/dags/pipeline_productivo.py
[2025-11-16T00:37:53.979+0000] {processor.py:829} INFO - Processing file /opt/airflow/dags/pipeline_productivo.py for tasks to queue
[2025-11-16T00:37:53.979+0000] {logging_mixin.py:154} INFO - [2025-11-16T00:37:53.979+0000] {dagbag.py:536} INFO - Filling up the DagBag from /opt/airflow/dags/pipeline_productivo.py
[2025-11-16T00:37:55.345+0000] {processor.py:839} INFO - DAG(s) dict_keys(['sodai_drinks_production_pipeline']) retrieved from /opt/airflow/dags/pipeline_productivo.py
[2025-11-16T00:37:55.363+0000] {logging_mixin.py:154} INFO - [2025-11-16T00:37:55.363+0000] {dag.py:2941} INFO - Sync 1 DAGs
[2025-11-16T00:37:55.383+0000] {logging_mixin.py:154} INFO - [2025-11-16T00:37:55.383+0000] {dag.py:3722} INFO - Setting next_dagrun for sodai_drinks_production_pipeline to 2025-11-09T00:00:00+00:00, run_after=2025-11-16T00:00:00+00:00
[2025-11-16T00:37:55.397+0000] {processor.py:179} INFO - Processing /opt/airflow/dags/pipeline_productivo.py took 1.423 seconds
[2025-11-16T00:38:25.596+0000] {processor.py:157} INFO - Started process (PID=5418) to work on /opt/airflow/dags/pipeline_productivo.py
[2025-11-16T00:38:25.597+0000] {processor.py:829} INFO - Processing file /opt/airflow/dags/pipeline_productivo.py for tasks to queue
[2025-11-16T00:38:25.597+0000] {logging_mixin.py:154} INFO - [2025-11-16T00:38:25.597+0000] {dagbag.py:536} INFO - Filling up the DagBag from /opt/airflow/dags/pipeline_productivo.py
[2025-11-16T00:38:26.734+0000] {processor.py:839} INFO - DAG(s) dict_keys(['sodai_drinks_production_pipeline']) retrieved from /opt/airflow/dags/pipeline_productivo.py
[2025-11-16T00:38:26.749+0000] {logging_mixin.py:154} INFO - [2025-11-16T00:38:26.748+0000] {dag.py:2941} INFO - Sync 1 DAGs
[2025-11-16T00:38:26.760+0000] {logging_mixin.py:154} INFO - [2025-11-16T00:38:26.760+0000] {dag.py:3722} INFO - Setting next_dagrun for sodai_drinks_production_pipeline to 2025-11-09T00:00:00+00:00, run_after=2025-11-16T00:00:00+00:00
[2025-11-16T00:38:26.769+0000] {processor.py:179} INFO - Processing /opt/airflow/dags/pipeline_productivo.py took 1.176 seconds
[2025-11-16T00:38:57.001+0000] {processor.py:157} INFO - Started process (PID=5477) to work on /opt/airflow/dags/pipeline_productivo.py
[2025-11-16T00:38:57.002+0000] {processor.py:829} INFO - Processing file /opt/airflow/dags/pipeline_productivo.py for tasks to queue
[2025-11-16T00:38:57.002+0000] {logging_mixin.py:154} INFO - [2025-11-16T00:38:57.002+0000] {dagbag.py:536} INFO - Filling up the DagBag from /opt/airflow/dags/pipeline_productivo.py
[2025-11-16T00:38:58.228+0000] {processor.py:839} INFO - DAG(s) dict_keys(['sodai_drinks_production_pipeline']) retrieved from /opt/airflow/dags/pipeline_productivo.py
[2025-11-16T00:38:58.243+0000] {logging_mixin.py:154} INFO - [2025-11-16T00:38:58.243+0000] {dag.py:2941} INFO - Sync 1 DAGs
[2025-11-16T00:38:58.255+0000] {logging_mixin.py:154} INFO - [2025-11-16T00:38:58.254+0000] {dag.py:3722} INFO - Setting next_dagrun for sodai_drinks_production_pipeline to 2025-11-09T00:00:00+00:00, run_after=2025-11-16T00:00:00+00:00
[2025-11-16T00:38:58.264+0000] {processor.py:179} INFO - Processing /opt/airflow/dags/pipeline_productivo.py took 1.266 seconds
[2025-11-16T00:39:28.669+0000] {processor.py:157} INFO - Started process (PID=5536) to work on /opt/airflow/dags/pipeline_productivo.py
[2025-11-16T00:39:28.669+0000] {processor.py:829} INFO - Processing file /opt/airflow/dags/pipeline_productivo.py for tasks to queue
[2025-11-16T00:39:28.670+0000] {logging_mixin.py:154} INFO - [2025-11-16T00:39:28.669+0000] {dagbag.py:536} INFO - Filling up the DagBag from /opt/airflow/dags/pipeline_productivo.py
[2025-11-16T00:39:29.871+0000] {processor.py:839} INFO - DAG(s) dict_keys(['sodai_drinks_production_pipeline']) retrieved from /opt/airflow/dags/pipeline_productivo.py
[2025-11-16T00:39:29.885+0000] {logging_mixin.py:154} INFO - [2025-11-16T00:39:29.885+0000] {dag.py:2941} INFO - Sync 1 DAGs
[2025-11-16T00:39:29.896+0000] {logging_mixin.py:154} INFO - [2025-11-16T00:39:29.896+0000] {dag.py:3722} INFO - Setting next_dagrun for sodai_drinks_production_pipeline to 2025-11-09T00:00:00+00:00, run_after=2025-11-16T00:00:00+00:00
[2025-11-16T00:39:29.905+0000] {processor.py:179} INFO - Processing /opt/airflow/dags/pipeline_productivo.py took 1.239 seconds
[2025-11-16T00:40:00.034+0000] {processor.py:157} INFO - Started process (PID=5588) to work on /opt/airflow/dags/pipeline_productivo.py
[2025-11-16T00:40:00.034+0000] {processor.py:829} INFO - Processing file /opt/airflow/dags/pipeline_productivo.py for tasks to queue
[2025-11-16T00:40:00.035+0000] {logging_mixin.py:154} INFO - [2025-11-16T00:40:00.034+0000] {dagbag.py:536} INFO - Filling up the DagBag from /opt/airflow/dags/pipeline_productivo.py
[2025-11-16T00:40:01.273+0000] {processor.py:839} INFO - DAG(s) dict_keys(['sodai_drinks_production_pipeline']) retrieved from /opt/airflow/dags/pipeline_productivo.py
[2025-11-16T00:40:01.289+0000] {logging_mixin.py:154} INFO - [2025-11-16T00:40:01.288+0000] {dag.py:2941} INFO - Sync 1 DAGs
[2025-11-16T00:40:01.301+0000] {logging_mixin.py:154} INFO - [2025-11-16T00:40:01.301+0000] {dag.py:3722} INFO - Setting next_dagrun for sodai_drinks_production_pipeline to 2025-11-09T00:00:00+00:00, run_after=2025-11-16T00:00:00+00:00
[2025-11-16T00:40:01.311+0000] {processor.py:179} INFO - Processing /opt/airflow/dags/pipeline_productivo.py took 1.280 seconds
[2025-11-16T00:40:31.799+0000] {processor.py:157} INFO - Started process (PID=5654) to work on /opt/airflow/dags/pipeline_productivo.py
[2025-11-16T00:40:31.800+0000] {processor.py:829} INFO - Processing file /opt/airflow/dags/pipeline_productivo.py for tasks to queue
[2025-11-16T00:40:31.800+0000] {logging_mixin.py:154} INFO - [2025-11-16T00:40:31.800+0000] {dagbag.py:536} INFO - Filling up the DagBag from /opt/airflow/dags/pipeline_productivo.py
[2025-11-16T00:40:33.192+0000] {processor.py:839} INFO - DAG(s) dict_keys(['sodai_drinks_production_pipeline']) retrieved from /opt/airflow/dags/pipeline_productivo.py
[2025-11-16T00:40:33.208+0000] {logging_mixin.py:154} INFO - [2025-11-16T00:40:33.207+0000] {dag.py:2941} INFO - Sync 1 DAGs
[2025-11-16T00:40:33.220+0000] {logging_mixin.py:154} INFO - [2025-11-16T00:40:33.220+0000] {dag.py:3722} INFO - Setting next_dagrun for sodai_drinks_production_pipeline to 2025-11-09T00:00:00+00:00, run_after=2025-11-16T00:00:00+00:00
[2025-11-16T00:40:33.231+0000] {processor.py:179} INFO - Processing /opt/airflow/dags/pipeline_productivo.py took 1.435 seconds
[2025-11-16T00:41:03.544+0000] {processor.py:157} INFO - Started process (PID=5706) to work on /opt/airflow/dags/pipeline_productivo.py
[2025-11-16T00:41:03.545+0000] {processor.py:829} INFO - Processing file /opt/airflow/dags/pipeline_productivo.py for tasks to queue
[2025-11-16T00:41:03.545+0000] {logging_mixin.py:154} INFO - [2025-11-16T00:41:03.545+0000] {dagbag.py:536} INFO - Filling up the DagBag from /opt/airflow/dags/pipeline_productivo.py
[2025-11-16T00:41:04.783+0000] {processor.py:839} INFO - DAG(s) dict_keys(['sodai_drinks_production_pipeline']) retrieved from /opt/airflow/dags/pipeline_productivo.py
[2025-11-16T00:41:04.799+0000] {logging_mixin.py:154} INFO - [2025-11-16T00:41:04.799+0000] {dag.py:2941} INFO - Sync 1 DAGs
[2025-11-16T00:41:04.812+0000] {logging_mixin.py:154} INFO - [2025-11-16T00:41:04.812+0000] {dag.py:3722} INFO - Setting next_dagrun for sodai_drinks_production_pipeline to 2025-11-09T00:00:00+00:00, run_after=2025-11-16T00:00:00+00:00
[2025-11-16T00:41:04.822+0000] {processor.py:179} INFO - Processing /opt/airflow/dags/pipeline_productivo.py took 1.281 seconds
[2025-11-16T00:41:35.174+0000] {processor.py:157} INFO - Started process (PID=5765) to work on /opt/airflow/dags/pipeline_productivo.py
[2025-11-16T00:41:35.175+0000] {processor.py:829} INFO - Processing file /opt/airflow/dags/pipeline_productivo.py for tasks to queue
[2025-11-16T00:41:35.176+0000] {logging_mixin.py:154} INFO - [2025-11-16T00:41:35.176+0000] {dagbag.py:536} INFO - Filling up the DagBag from /opt/airflow/dags/pipeline_productivo.py
[2025-11-16T00:41:36.478+0000] {processor.py:839} INFO - DAG(s) dict_keys(['sodai_drinks_production_pipeline']) retrieved from /opt/airflow/dags/pipeline_productivo.py
[2025-11-16T00:41:36.498+0000] {logging_mixin.py:154} INFO - [2025-11-16T00:41:36.497+0000] {dag.py:2941} INFO - Sync 1 DAGs
[2025-11-16T00:41:36.510+0000] {logging_mixin.py:154} INFO - [2025-11-16T00:41:36.510+0000] {dag.py:3722} INFO - Setting next_dagrun for sodai_drinks_production_pipeline to 2025-11-09T00:00:00+00:00, run_after=2025-11-16T00:00:00+00:00
[2025-11-16T00:41:36.521+0000] {processor.py:179} INFO - Processing /opt/airflow/dags/pipeline_productivo.py took 1.349 seconds
[2025-11-16T00:42:06.816+0000] {processor.py:157} INFO - Started process (PID=5824) to work on /opt/airflow/dags/pipeline_productivo.py
[2025-11-16T00:42:06.816+0000] {processor.py:829} INFO - Processing file /opt/airflow/dags/pipeline_productivo.py for tasks to queue
[2025-11-16T00:42:06.817+0000] {logging_mixin.py:154} INFO - [2025-11-16T00:42:06.816+0000] {dagbag.py:536} INFO - Filling up the DagBag from /opt/airflow/dags/pipeline_productivo.py
[2025-11-16T00:42:08.094+0000] {processor.py:839} INFO - DAG(s) dict_keys(['sodai_drinks_production_pipeline']) retrieved from /opt/airflow/dags/pipeline_productivo.py
[2025-11-16T00:42:08.112+0000] {logging_mixin.py:154} INFO - [2025-11-16T00:42:08.112+0000] {dag.py:2941} INFO - Sync 1 DAGs
[2025-11-16T00:42:08.125+0000] {logging_mixin.py:154} INFO - [2025-11-16T00:42:08.124+0000] {dag.py:3722} INFO - Setting next_dagrun for sodai_drinks_production_pipeline to 2025-11-09T00:00:00+00:00, run_after=2025-11-16T00:00:00+00:00
[2025-11-16T00:42:08.135+0000] {processor.py:179} INFO - Processing /opt/airflow/dags/pipeline_productivo.py took 1.322 seconds
[2025-11-16T00:42:38.528+0000] {processor.py:157} INFO - Started process (PID=5883) to work on /opt/airflow/dags/pipeline_productivo.py
[2025-11-16T00:42:38.528+0000] {processor.py:829} INFO - Processing file /opt/airflow/dags/pipeline_productivo.py for tasks to queue
[2025-11-16T00:42:38.528+0000] {logging_mixin.py:154} INFO - [2025-11-16T00:42:38.528+0000] {dagbag.py:536} INFO - Filling up the DagBag from /opt/airflow/dags/pipeline_productivo.py
[2025-11-16T00:42:39.617+0000] {processor.py:839} INFO - DAG(s) dict_keys(['sodai_drinks_production_pipeline']) retrieved from /opt/airflow/dags/pipeline_productivo.py
[2025-11-16T00:42:39.633+0000] {logging_mixin.py:154} INFO - [2025-11-16T00:42:39.632+0000] {dag.py:2941} INFO - Sync 1 DAGs
[2025-11-16T00:42:39.646+0000] {logging_mixin.py:154} INFO - [2025-11-16T00:42:39.646+0000] {dag.py:3722} INFO - Setting next_dagrun for sodai_drinks_production_pipeline to 2025-11-09T00:00:00+00:00, run_after=2025-11-16T00:00:00+00:00
[2025-11-16T00:42:39.659+0000] {processor.py:179} INFO - Processing /opt/airflow/dags/pipeline_productivo.py took 1.134 seconds
[2025-11-16T00:43:09.821+0000] {processor.py:157} INFO - Started process (PID=5942) to work on /opt/airflow/dags/pipeline_productivo.py
[2025-11-16T00:43:09.822+0000] {processor.py:829} INFO - Processing file /opt/airflow/dags/pipeline_productivo.py for tasks to queue
[2025-11-16T00:43:09.823+0000] {logging_mixin.py:154} INFO - [2025-11-16T00:43:09.823+0000] {dagbag.py:536} INFO - Filling up the DagBag from /opt/airflow/dags/pipeline_productivo.py
[2025-11-16T00:43:11.061+0000] {processor.py:839} INFO - DAG(s) dict_keys(['sodai_drinks_production_pipeline']) retrieved from /opt/airflow/dags/pipeline_productivo.py
[2025-11-16T00:43:11.077+0000] {logging_mixin.py:154} INFO - [2025-11-16T00:43:11.076+0000] {dag.py:2941} INFO - Sync 1 DAGs
[2025-11-16T00:43:11.089+0000] {logging_mixin.py:154} INFO - [2025-11-16T00:43:11.089+0000] {dag.py:3722} INFO - Setting next_dagrun for sodai_drinks_production_pipeline to 2025-11-09T00:00:00+00:00, run_after=2025-11-16T00:00:00+00:00
[2025-11-16T00:43:11.099+0000] {processor.py:179} INFO - Processing /opt/airflow/dags/pipeline_productivo.py took 1.281 seconds
[2025-11-16T00:43:41.493+0000] {processor.py:157} INFO - Started process (PID=6001) to work on /opt/airflow/dags/pipeline_productivo.py
[2025-11-16T00:43:41.493+0000] {processor.py:829} INFO - Processing file /opt/airflow/dags/pipeline_productivo.py for tasks to queue
[2025-11-16T00:43:41.494+0000] {logging_mixin.py:154} INFO - [2025-11-16T00:43:41.494+0000] {dagbag.py:536} INFO - Filling up the DagBag from /opt/airflow/dags/pipeline_productivo.py
[2025-11-16T00:43:42.677+0000] {processor.py:839} INFO - DAG(s) dict_keys(['sodai_drinks_production_pipeline']) retrieved from /opt/airflow/dags/pipeline_productivo.py
[2025-11-16T00:43:42.694+0000] {logging_mixin.py:154} INFO - [2025-11-16T00:43:42.693+0000] {dag.py:2941} INFO - Sync 1 DAGs
[2025-11-16T00:43:42.709+0000] {logging_mixin.py:154} INFO - [2025-11-16T00:43:42.708+0000] {dag.py:3722} INFO - Setting next_dagrun for sodai_drinks_production_pipeline to 2025-11-09T00:00:00+00:00, run_after=2025-11-16T00:00:00+00:00
[2025-11-16T00:43:42.720+0000] {processor.py:179} INFO - Processing /opt/airflow/dags/pipeline_productivo.py took 1.231 seconds
[2025-11-16T00:44:12.777+0000] {processor.py:157} INFO - Started process (PID=6060) to work on /opt/airflow/dags/pipeline_productivo.py
[2025-11-16T00:44:12.778+0000] {processor.py:829} INFO - Processing file /opt/airflow/dags/pipeline_productivo.py for tasks to queue
[2025-11-16T00:44:12.779+0000] {logging_mixin.py:154} INFO - [2025-11-16T00:44:12.778+0000] {dagbag.py:536} INFO - Filling up the DagBag from /opt/airflow/dags/pipeline_productivo.py
[2025-11-16T00:44:14.023+0000] {processor.py:839} INFO - DAG(s) dict_keys(['sodai_drinks_production_pipeline']) retrieved from /opt/airflow/dags/pipeline_productivo.py
[2025-11-16T00:44:14.038+0000] {logging_mixin.py:154} INFO - [2025-11-16T00:44:14.038+0000] {dag.py:2941} INFO - Sync 1 DAGs
[2025-11-16T00:44:14.049+0000] {logging_mixin.py:154} INFO - [2025-11-16T00:44:14.049+0000] {dag.py:3722} INFO - Setting next_dagrun for sodai_drinks_production_pipeline to 2025-11-09T00:00:00+00:00, run_after=2025-11-16T00:00:00+00:00
[2025-11-16T00:44:14.059+0000] {processor.py:179} INFO - Processing /opt/airflow/dags/pipeline_productivo.py took 1.284 seconds
[2025-11-16T00:44:44.525+0000] {processor.py:157} INFO - Started process (PID=6119) to work on /opt/airflow/dags/pipeline_productivo.py
[2025-11-16T00:44:44.526+0000] {processor.py:829} INFO - Processing file /opt/airflow/dags/pipeline_productivo.py for tasks to queue
[2025-11-16T00:44:44.526+0000] {logging_mixin.py:154} INFO - [2025-11-16T00:44:44.526+0000] {dagbag.py:536} INFO - Filling up the DagBag from /opt/airflow/dags/pipeline_productivo.py
[2025-11-16T00:44:45.650+0000] {processor.py:839} INFO - DAG(s) dict_keys(['sodai_drinks_production_pipeline']) retrieved from /opt/airflow/dags/pipeline_productivo.py
[2025-11-16T00:44:45.665+0000] {logging_mixin.py:154} INFO - [2025-11-16T00:44:45.665+0000] {dag.py:2941} INFO - Sync 1 DAGs
[2025-11-16T00:44:45.676+0000] {logging_mixin.py:154} INFO - [2025-11-16T00:44:45.676+0000] {dag.py:3722} INFO - Setting next_dagrun for sodai_drinks_production_pipeline to 2025-11-09T00:00:00+00:00, run_after=2025-11-16T00:00:00+00:00
[2025-11-16T00:44:45.685+0000] {processor.py:179} INFO - Processing /opt/airflow/dags/pipeline_productivo.py took 1.162 seconds
[2025-11-16T00:45:15.843+0000] {processor.py:157} INFO - Started process (PID=6178) to work on /opt/airflow/dags/pipeline_productivo.py
[2025-11-16T00:45:15.843+0000] {processor.py:829} INFO - Processing file /opt/airflow/dags/pipeline_productivo.py for tasks to queue
[2025-11-16T00:45:15.844+0000] {logging_mixin.py:154} INFO - [2025-11-16T00:45:15.843+0000] {dagbag.py:536} INFO - Filling up the DagBag from /opt/airflow/dags/pipeline_productivo.py
[2025-11-16T00:45:17.073+0000] {processor.py:839} INFO - DAG(s) dict_keys(['sodai_drinks_production_pipeline']) retrieved from /opt/airflow/dags/pipeline_productivo.py
[2025-11-16T00:45:17.089+0000] {logging_mixin.py:154} INFO - [2025-11-16T00:45:17.088+0000] {dag.py:2941} INFO - Sync 1 DAGs
[2025-11-16T00:45:17.101+0000] {logging_mixin.py:154} INFO - [2025-11-16T00:45:17.101+0000] {dag.py:3722} INFO - Setting next_dagrun for sodai_drinks_production_pipeline to 2025-11-09T00:00:00+00:00, run_after=2025-11-16T00:00:00+00:00
[2025-11-16T00:45:17.111+0000] {processor.py:179} INFO - Processing /opt/airflow/dags/pipeline_productivo.py took 1.271 seconds
[2025-11-16T00:45:47.421+0000] {processor.py:157} INFO - Started process (PID=6237) to work on /opt/airflow/dags/pipeline_productivo.py
[2025-11-16T00:45:47.422+0000] {processor.py:829} INFO - Processing file /opt/airflow/dags/pipeline_productivo.py for tasks to queue
[2025-11-16T00:45:47.422+0000] {logging_mixin.py:154} INFO - [2025-11-16T00:45:47.422+0000] {dagbag.py:536} INFO - Filling up the DagBag from /opt/airflow/dags/pipeline_productivo.py
[2025-11-16T00:45:48.633+0000] {processor.py:839} INFO - DAG(s) dict_keys(['sodai_drinks_production_pipeline']) retrieved from /opt/airflow/dags/pipeline_productivo.py
[2025-11-16T00:45:48.650+0000] {logging_mixin.py:154} INFO - [2025-11-16T00:45:48.650+0000] {dag.py:2941} INFO - Sync 1 DAGs
[2025-11-16T00:45:48.662+0000] {logging_mixin.py:154} INFO - [2025-11-16T00:45:48.662+0000] {dag.py:3722} INFO - Setting next_dagrun for sodai_drinks_production_pipeline to 2025-11-09T00:00:00+00:00, run_after=2025-11-16T00:00:00+00:00
[2025-11-16T00:45:48.674+0000] {processor.py:179} INFO - Processing /opt/airflow/dags/pipeline_productivo.py took 1.257 seconds
[2025-11-16T00:46:19.054+0000] {processor.py:157} INFO - Started process (PID=6296) to work on /opt/airflow/dags/pipeline_productivo.py
[2025-11-16T00:46:19.054+0000] {processor.py:829} INFO - Processing file /opt/airflow/dags/pipeline_productivo.py for tasks to queue
[2025-11-16T00:46:19.055+0000] {logging_mixin.py:154} INFO - [2025-11-16T00:46:19.055+0000] {dagbag.py:536} INFO - Filling up the DagBag from /opt/airflow/dags/pipeline_productivo.py
[2025-11-16T00:46:20.334+0000] {processor.py:839} INFO - DAG(s) dict_keys(['sodai_drinks_production_pipeline']) retrieved from /opt/airflow/dags/pipeline_productivo.py
[2025-11-16T00:46:20.350+0000] {logging_mixin.py:154} INFO - [2025-11-16T00:46:20.349+0000] {dag.py:2941} INFO - Sync 1 DAGs
[2025-11-16T00:46:20.363+0000] {logging_mixin.py:154} INFO - [2025-11-16T00:46:20.362+0000] {dag.py:3722} INFO - Setting next_dagrun for sodai_drinks_production_pipeline to 2025-11-09T00:00:00+00:00, run_after=2025-11-16T00:00:00+00:00
[2025-11-16T00:46:20.374+0000] {processor.py:179} INFO - Processing /opt/airflow/dags/pipeline_productivo.py took 1.323 seconds
[2025-11-16T00:46:50.601+0000] {processor.py:157} INFO - Started process (PID=6355) to work on /opt/airflow/dags/pipeline_productivo.py
[2025-11-16T00:46:50.601+0000] {processor.py:829} INFO - Processing file /opt/airflow/dags/pipeline_productivo.py for tasks to queue
[2025-11-16T00:46:50.602+0000] {logging_mixin.py:154} INFO - [2025-11-16T00:46:50.602+0000] {dagbag.py:536} INFO - Filling up the DagBag from /opt/airflow/dags/pipeline_productivo.py
[2025-11-16T00:46:51.770+0000] {processor.py:839} INFO - DAG(s) dict_keys(['sodai_drinks_production_pipeline']) retrieved from /opt/airflow/dags/pipeline_productivo.py
[2025-11-16T00:46:51.785+0000] {logging_mixin.py:154} INFO - [2025-11-16T00:46:51.785+0000] {dag.py:2941} INFO - Sync 1 DAGs
[2025-11-16T00:46:51.797+0000] {logging_mixin.py:154} INFO - [2025-11-16T00:46:51.797+0000] {dag.py:3722} INFO - Setting next_dagrun for sodai_drinks_production_pipeline to 2025-11-09T00:00:00+00:00, run_after=2025-11-16T00:00:00+00:00
[2025-11-16T00:46:51.807+0000] {processor.py:179} INFO - Processing /opt/airflow/dags/pipeline_productivo.py took 1.209 seconds
[2025-11-16T00:47:21.929+0000] {processor.py:157} INFO - Started process (PID=6414) to work on /opt/airflow/dags/pipeline_productivo.py
[2025-11-16T00:47:21.930+0000] {processor.py:829} INFO - Processing file /opt/airflow/dags/pipeline_productivo.py for tasks to queue
[2025-11-16T00:47:21.930+0000] {logging_mixin.py:154} INFO - [2025-11-16T00:47:21.930+0000] {dagbag.py:536} INFO - Filling up the DagBag from /opt/airflow/dags/pipeline_productivo.py
[2025-11-16T00:47:23.188+0000] {processor.py:839} INFO - DAG(s) dict_keys(['sodai_drinks_production_pipeline']) retrieved from /opt/airflow/dags/pipeline_productivo.py
[2025-11-16T00:47:23.203+0000] {logging_mixin.py:154} INFO - [2025-11-16T00:47:23.203+0000] {dag.py:2941} INFO - Sync 1 DAGs
[2025-11-16T00:47:23.215+0000] {logging_mixin.py:154} INFO - [2025-11-16T00:47:23.215+0000] {dag.py:3722} INFO - Setting next_dagrun for sodai_drinks_production_pipeline to 2025-11-09T00:00:00+00:00, run_after=2025-11-16T00:00:00+00:00
[2025-11-16T00:47:23.225+0000] {processor.py:179} INFO - Processing /opt/airflow/dags/pipeline_productivo.py took 1.298 seconds
[2025-11-16T00:47:53.446+0000] {processor.py:157} INFO - Started process (PID=6473) to work on /opt/airflow/dags/pipeline_productivo.py
[2025-11-16T00:47:53.446+0000] {processor.py:829} INFO - Processing file /opt/airflow/dags/pipeline_productivo.py for tasks to queue
[2025-11-16T00:47:53.447+0000] {logging_mixin.py:154} INFO - [2025-11-16T00:47:53.447+0000] {dagbag.py:536} INFO - Filling up the DagBag from /opt/airflow/dags/pipeline_productivo.py
[2025-11-16T00:47:54.623+0000] {processor.py:839} INFO - DAG(s) dict_keys(['sodai_drinks_production_pipeline']) retrieved from /opt/airflow/dags/pipeline_productivo.py
[2025-11-16T00:47:54.639+0000] {logging_mixin.py:154} INFO - [2025-11-16T00:47:54.638+0000] {dag.py:2941} INFO - Sync 1 DAGs
[2025-11-16T00:47:54.649+0000] {logging_mixin.py:154} INFO - [2025-11-16T00:47:54.649+0000] {dag.py:3722} INFO - Setting next_dagrun for sodai_drinks_production_pipeline to 2025-11-09T00:00:00+00:00, run_after=2025-11-16T00:00:00+00:00
[2025-11-16T00:47:54.658+0000] {processor.py:179} INFO - Processing /opt/airflow/dags/pipeline_productivo.py took 1.215 seconds
[2025-11-16T00:48:24.741+0000] {processor.py:157} INFO - Started process (PID=6532) to work on /opt/airflow/dags/pipeline_productivo.py
[2025-11-16T00:48:24.742+0000] {processor.py:829} INFO - Processing file /opt/airflow/dags/pipeline_productivo.py for tasks to queue
[2025-11-16T00:48:24.743+0000] {logging_mixin.py:154} INFO - [2025-11-16T00:48:24.743+0000] {dagbag.py:536} INFO - Filling up the DagBag from /opt/airflow/dags/pipeline_productivo.py
[2025-11-16T00:48:26.176+0000] {processor.py:839} INFO - DAG(s) dict_keys(['sodai_drinks_production_pipeline']) retrieved from /opt/airflow/dags/pipeline_productivo.py
[2025-11-16T00:48:26.193+0000] {logging_mixin.py:154} INFO - [2025-11-16T00:48:26.192+0000] {dag.py:2941} INFO - Sync 1 DAGs
[2025-11-16T00:48:26.205+0000] {logging_mixin.py:154} INFO - [2025-11-16T00:48:26.205+0000] {dag.py:3722} INFO - Setting next_dagrun for sodai_drinks_production_pipeline to 2025-11-09T00:00:00+00:00, run_after=2025-11-16T00:00:00+00:00
[2025-11-16T00:48:26.215+0000] {processor.py:179} INFO - Processing /opt/airflow/dags/pipeline_productivo.py took 1.476 seconds
[2025-11-16T00:48:56.585+0000] {processor.py:157} INFO - Started process (PID=6591) to work on /opt/airflow/dags/pipeline_productivo.py
[2025-11-16T00:48:56.586+0000] {processor.py:829} INFO - Processing file /opt/airflow/dags/pipeline_productivo.py for tasks to queue
[2025-11-16T00:48:56.586+0000] {logging_mixin.py:154} INFO - [2025-11-16T00:48:56.586+0000] {dagbag.py:536} INFO - Filling up the DagBag from /opt/airflow/dags/pipeline_productivo.py
[2025-11-16T00:48:55.917+0000] {processor.py:839} INFO - DAG(s) dict_keys(['sodai_drinks_production_pipeline']) retrieved from /opt/airflow/dags/pipeline_productivo.py
[2025-11-16T00:48:55.934+0000] {logging_mixin.py:154} INFO - [2025-11-16T00:48:55.933+0000] {dag.py:2941} INFO - Sync 1 DAGs
[2025-11-16T00:48:55.946+0000] {logging_mixin.py:154} INFO - [2025-11-16T00:48:55.946+0000] {dag.py:3722} INFO - Setting next_dagrun for sodai_drinks_production_pipeline to 2025-11-09T00:00:00+00:00, run_after=2025-11-16T00:00:00+00:00
[2025-11-16T00:48:55.956+0000] {processor.py:179} INFO - Processing /opt/airflow/dags/pipeline_productivo.py took 1.274 seconds
[2025-11-16T00:49:26.255+0000] {processor.py:157} INFO - Started process (PID=6650) to work on /opt/airflow/dags/pipeline_productivo.py
[2025-11-16T00:49:26.255+0000] {processor.py:829} INFO - Processing file /opt/airflow/dags/pipeline_productivo.py for tasks to queue
[2025-11-16T00:49:26.256+0000] {logging_mixin.py:154} INFO - [2025-11-16T00:49:26.256+0000] {dagbag.py:536} INFO - Filling up the DagBag from /opt/airflow/dags/pipeline_productivo.py
[2025-11-16T00:49:27.429+0000] {processor.py:839} INFO - DAG(s) dict_keys(['sodai_drinks_production_pipeline']) retrieved from /opt/airflow/dags/pipeline_productivo.py
[2025-11-16T00:49:27.444+0000] {logging_mixin.py:154} INFO - [2025-11-16T00:49:27.443+0000] {dag.py:2941} INFO - Sync 1 DAGs
[2025-11-16T00:49:27.455+0000] {logging_mixin.py:154} INFO - [2025-11-16T00:49:27.455+0000] {dag.py:3722} INFO - Setting next_dagrun for sodai_drinks_production_pipeline to 2025-11-09T00:00:00+00:00, run_after=2025-11-16T00:00:00+00:00
[2025-11-16T00:49:27.464+0000] {processor.py:179} INFO - Processing /opt/airflow/dags/pipeline_productivo.py took 1.212 seconds
[2025-11-16T00:49:57.591+0000] {processor.py:157} INFO - Started process (PID=6702) to work on /opt/airflow/dags/pipeline_productivo.py
[2025-11-16T00:49:57.592+0000] {processor.py:829} INFO - Processing file /opt/airflow/dags/pipeline_productivo.py for tasks to queue
[2025-11-16T00:49:57.593+0000] {logging_mixin.py:154} INFO - [2025-11-16T00:49:57.592+0000] {dagbag.py:536} INFO - Filling up the DagBag from /opt/airflow/dags/pipeline_productivo.py
[2025-11-16T00:49:58.768+0000] {processor.py:839} INFO - DAG(s) dict_keys(['sodai_drinks_production_pipeline']) retrieved from /opt/airflow/dags/pipeline_productivo.py
[2025-11-16T00:49:58.784+0000] {logging_mixin.py:154} INFO - [2025-11-16T00:49:58.784+0000] {dag.py:2941} INFO - Sync 1 DAGs
[2025-11-16T00:49:58.795+0000] {logging_mixin.py:154} INFO - [2025-11-16T00:49:58.795+0000] {dag.py:3722} INFO - Setting next_dagrun for sodai_drinks_production_pipeline to 2025-11-09T00:00:00+00:00, run_after=2025-11-16T00:00:00+00:00
[2025-11-16T00:49:58.804+0000] {processor.py:179} INFO - Processing /opt/airflow/dags/pipeline_productivo.py took 1.215 seconds
[2025-11-16T00:50:28.873+0000] {processor.py:157} INFO - Started process (PID=6761) to work on /opt/airflow/dags/pipeline_productivo.py
[2025-11-16T00:50:28.873+0000] {processor.py:829} INFO - Processing file /opt/airflow/dags/pipeline_productivo.py for tasks to queue
[2025-11-16T00:50:28.874+0000] {logging_mixin.py:154} INFO - [2025-11-16T00:50:28.874+0000] {dagbag.py:536} INFO - Filling up the DagBag from /opt/airflow/dags/pipeline_productivo.py
[2025-11-16T00:50:30.117+0000] {processor.py:839} INFO - DAG(s) dict_keys(['sodai_drinks_production_pipeline']) retrieved from /opt/airflow/dags/pipeline_productivo.py
[2025-11-16T00:50:30.133+0000] {logging_mixin.py:154} INFO - [2025-11-16T00:50:30.133+0000] {dag.py:2941} INFO - Sync 1 DAGs
[2025-11-16T00:50:30.145+0000] {logging_mixin.py:154} INFO - [2025-11-16T00:50:30.145+0000] {dag.py:3722} INFO - Setting next_dagrun for sodai_drinks_production_pipeline to 2025-11-09T00:00:00+00:00, run_after=2025-11-16T00:00:00+00:00
[2025-11-16T00:50:30.155+0000] {processor.py:179} INFO - Processing /opt/airflow/dags/pipeline_productivo.py took 1.285 seconds
[2025-11-16T00:51:00.287+0000] {processor.py:157} INFO - Started process (PID=6830) to work on /opt/airflow/dags/pipeline_productivo.py
[2025-11-16T00:51:00.288+0000] {processor.py:829} INFO - Processing file /opt/airflow/dags/pipeline_productivo.py for tasks to queue
[2025-11-16T00:51:00.288+0000] {logging_mixin.py:154} INFO - [2025-11-16T00:51:00.288+0000] {dagbag.py:536} INFO - Filling up the DagBag from /opt/airflow/dags/pipeline_productivo.py
[2025-11-16T00:51:01.588+0000] {processor.py:839} INFO - DAG(s) dict_keys(['sodai_drinks_production_pipeline']) retrieved from /opt/airflow/dags/pipeline_productivo.py
[2025-11-16T00:51:01.604+0000] {logging_mixin.py:154} INFO - [2025-11-16T00:51:01.604+0000] {dag.py:2941} INFO - Sync 1 DAGs
[2025-11-16T00:51:01.618+0000] {logging_mixin.py:154} INFO - [2025-11-16T00:51:01.618+0000] {dag.py:3722} INFO - Setting next_dagrun for sodai_drinks_production_pipeline to 2025-11-09T00:00:00+00:00, run_after=2025-11-16T00:00:00+00:00
[2025-11-16T00:51:01.629+0000] {processor.py:179} INFO - Processing /opt/airflow/dags/pipeline_productivo.py took 1.344 seconds
[2025-11-16T00:51:32.568+0000] {processor.py:157} INFO - Started process (PID=6889) to work on /opt/airflow/dags/pipeline_productivo.py
[2025-11-16T00:51:32.568+0000] {processor.py:829} INFO - Processing file /opt/airflow/dags/pipeline_productivo.py for tasks to queue
[2025-11-16T00:51:32.569+0000] {logging_mixin.py:154} INFO - [2025-11-16T00:51:32.569+0000] {dagbag.py:536} INFO - Filling up the DagBag from /opt/airflow/dags/pipeline_productivo.py
[2025-11-16T00:51:33.866+0000] {processor.py:839} INFO - DAG(s) dict_keys(['sodai_drinks_production_pipeline']) retrieved from /opt/airflow/dags/pipeline_productivo.py
[2025-11-16T00:51:33.881+0000] {logging_mixin.py:154} INFO - [2025-11-16T00:51:33.881+0000] {dag.py:2941} INFO - Sync 1 DAGs
[2025-11-16T00:51:33.892+0000] {logging_mixin.py:154} INFO - [2025-11-16T00:51:33.892+0000] {dag.py:3722} INFO - Setting next_dagrun for sodai_drinks_production_pipeline to 2025-11-09T00:00:00+00:00, run_after=2025-11-16T00:00:00+00:00
[2025-11-16T00:51:33.902+0000] {processor.py:179} INFO - Processing /opt/airflow/dags/pipeline_productivo.py took 1.337 seconds
[2025-11-16T00:52:04.214+0000] {processor.py:157} INFO - Started process (PID=6953) to work on /opt/airflow/dags/pipeline_productivo.py
[2025-11-16T00:52:04.215+0000] {processor.py:829} INFO - Processing file /opt/airflow/dags/pipeline_productivo.py for tasks to queue
[2025-11-16T00:52:04.216+0000] {logging_mixin.py:154} INFO - [2025-11-16T00:52:04.215+0000] {dagbag.py:536} INFO - Filling up the DagBag from /opt/airflow/dags/pipeline_productivo.py
[2025-11-16T00:52:05.403+0000] {processor.py:839} INFO - DAG(s) dict_keys(['sodai_drinks_production_pipeline']) retrieved from /opt/airflow/dags/pipeline_productivo.py
[2025-11-16T00:52:05.420+0000] {logging_mixin.py:154} INFO - [2025-11-16T00:52:05.420+0000] {dag.py:2941} INFO - Sync 1 DAGs
[2025-11-16T00:52:05.432+0000] {logging_mixin.py:154} INFO - [2025-11-16T00:52:05.432+0000] {dag.py:3722} INFO - Setting next_dagrun for sodai_drinks_production_pipeline to 2025-11-09T00:00:00+00:00, run_after=2025-11-16T00:00:00+00:00
[2025-11-16T00:52:05.442+0000] {processor.py:179} INFO - Processing /opt/airflow/dags/pipeline_productivo.py took 1.230 seconds
[2025-11-16T00:52:35.715+0000] {processor.py:157} INFO - Started process (PID=7011) to work on /opt/airflow/dags/pipeline_productivo.py
[2025-11-16T00:52:35.716+0000] {processor.py:829} INFO - Processing file /opt/airflow/dags/pipeline_productivo.py for tasks to queue
[2025-11-16T00:52:35.717+0000] {logging_mixin.py:154} INFO - [2025-11-16T00:52:35.716+0000] {dagbag.py:536} INFO - Filling up the DagBag from /opt/airflow/dags/pipeline_productivo.py
[2025-11-16T00:52:37.003+0000] {processor.py:839} INFO - DAG(s) dict_keys(['sodai_drinks_production_pipeline']) retrieved from /opt/airflow/dags/pipeline_productivo.py
[2025-11-16T00:52:37.018+0000] {logging_mixin.py:154} INFO - [2025-11-16T00:52:37.017+0000] {dag.py:2941} INFO - Sync 1 DAGs
[2025-11-16T00:52:37.029+0000] {logging_mixin.py:154} INFO - [2025-11-16T00:52:37.029+0000] {dag.py:3722} INFO - Setting next_dagrun for sodai_drinks_production_pipeline to 2025-11-09T00:00:00+00:00, run_after=2025-11-16T00:00:00+00:00
[2025-11-16T00:52:37.038+0000] {processor.py:179} INFO - Processing /opt/airflow/dags/pipeline_productivo.py took 1.325 seconds
[2025-11-16T00:53:07.311+0000] {processor.py:157} INFO - Started process (PID=7070) to work on /opt/airflow/dags/pipeline_productivo.py
[2025-11-16T00:53:07.311+0000] {processor.py:829} INFO - Processing file /opt/airflow/dags/pipeline_productivo.py for tasks to queue
[2025-11-16T00:53:07.312+0000] {logging_mixin.py:154} INFO - [2025-11-16T00:53:07.312+0000] {dagbag.py:536} INFO - Filling up the DagBag from /opt/airflow/dags/pipeline_productivo.py
[2025-11-16T00:53:08.449+0000] {processor.py:839} INFO - DAG(s) dict_keys(['sodai_drinks_production_pipeline']) retrieved from /opt/airflow/dags/pipeline_productivo.py
[2025-11-16T00:53:08.466+0000] {logging_mixin.py:154} INFO - [2025-11-16T00:53:08.466+0000] {dag.py:2941} INFO - Sync 1 DAGs
[2025-11-16T00:53:08.480+0000] {logging_mixin.py:154} INFO - [2025-11-16T00:53:08.480+0000] {dag.py:3722} INFO - Setting next_dagrun for sodai_drinks_production_pipeline to 2025-11-09T00:00:00+00:00, run_after=2025-11-16T00:00:00+00:00
[2025-11-16T00:53:08.491+0000] {processor.py:179} INFO - Processing /opt/airflow/dags/pipeline_productivo.py took 1.183 seconds
[2025-11-16T00:53:38.851+0000] {processor.py:157} INFO - Started process (PID=7129) to work on /opt/airflow/dags/pipeline_productivo.py
[2025-11-16T00:53:38.855+0000] {processor.py:829} INFO - Processing file /opt/airflow/dags/pipeline_productivo.py for tasks to queue
[2025-11-16T00:53:38.856+0000] {logging_mixin.py:154} INFO - [2025-11-16T00:53:38.856+0000] {dagbag.py:536} INFO - Filling up the DagBag from /opt/airflow/dags/pipeline_productivo.py
[2025-11-16T00:53:40.019+0000] {processor.py:839} INFO - DAG(s) dict_keys(['sodai_drinks_production_pipeline']) retrieved from /opt/airflow/dags/pipeline_productivo.py
[2025-11-16T00:53:40.033+0000] {logging_mixin.py:154} INFO - [2025-11-16T00:53:40.032+0000] {dag.py:2941} INFO - Sync 1 DAGs
[2025-11-16T00:53:40.043+0000] {logging_mixin.py:154} INFO - [2025-11-16T00:53:40.043+0000] {dag.py:3722} INFO - Setting next_dagrun for sodai_drinks_production_pipeline to 2025-11-09T00:00:00+00:00, run_after=2025-11-16T00:00:00+00:00
[2025-11-16T00:53:40.051+0000] {processor.py:179} INFO - Processing /opt/airflow/dags/pipeline_productivo.py took 1.203 seconds
[2025-11-16T00:54:10.429+0000] {processor.py:157} INFO - Started process (PID=7194) to work on /opt/airflow/dags/pipeline_productivo.py
[2025-11-16T00:54:10.429+0000] {processor.py:829} INFO - Processing file /opt/airflow/dags/pipeline_productivo.py for tasks to queue
[2025-11-16T00:54:10.429+0000] {logging_mixin.py:154} INFO - [2025-11-16T00:54:10.429+0000] {dagbag.py:536} INFO - Filling up the DagBag from /opt/airflow/dags/pipeline_productivo.py
[2025-11-16T00:54:11.586+0000] {processor.py:839} INFO - DAG(s) dict_keys(['sodai_drinks_production_pipeline']) retrieved from /opt/airflow/dags/pipeline_productivo.py
[2025-11-16T00:54:11.603+0000] {logging_mixin.py:154} INFO - [2025-11-16T00:54:11.602+0000] {dag.py:2941} INFO - Sync 1 DAGs
[2025-11-16T00:54:11.614+0000] {logging_mixin.py:154} INFO - [2025-11-16T00:54:11.614+0000] {dag.py:3722} INFO - Setting next_dagrun for sodai_drinks_production_pipeline to 2025-11-09T00:00:00+00:00, run_after=2025-11-16T00:00:00+00:00
[2025-11-16T00:54:11.624+0000] {processor.py:179} INFO - Processing /opt/airflow/dags/pipeline_productivo.py took 1.198 seconds
[2025-11-16T00:54:41.779+0000] {processor.py:157} INFO - Started process (PID=7253) to work on /opt/airflow/dags/pipeline_productivo.py
[2025-11-16T00:54:41.779+0000] {processor.py:829} INFO - Processing file /opt/airflow/dags/pipeline_productivo.py for tasks to queue
[2025-11-16T00:54:41.779+0000] {logging_mixin.py:154} INFO - [2025-11-16T00:54:41.779+0000] {dagbag.py:536} INFO - Filling up the DagBag from /opt/airflow/dags/pipeline_productivo.py
[2025-11-16T00:54:42.896+0000] {processor.py:839} INFO - DAG(s) dict_keys(['sodai_drinks_production_pipeline']) retrieved from /opt/airflow/dags/pipeline_productivo.py
[2025-11-16T00:54:42.913+0000] {logging_mixin.py:154} INFO - [2025-11-16T00:54:42.912+0000] {dag.py:2941} INFO - Sync 1 DAGs
[2025-11-16T00:54:42.927+0000] {logging_mixin.py:154} INFO - [2025-11-16T00:54:42.927+0000] {dag.py:3722} INFO - Setting next_dagrun for sodai_drinks_production_pipeline to 2025-11-09T00:00:00+00:00, run_after=2025-11-16T00:00:00+00:00
[2025-11-16T00:54:42.939+0000] {processor.py:179} INFO - Processing /opt/airflow/dags/pipeline_productivo.py took 1.163 seconds
[2025-11-16T00:55:13.025+0000] {processor.py:157} INFO - Started process (PID=7312) to work on /opt/airflow/dags/pipeline_productivo.py
[2025-11-16T00:55:13.026+0000] {processor.py:829} INFO - Processing file /opt/airflow/dags/pipeline_productivo.py for tasks to queue
[2025-11-16T00:55:13.026+0000] {logging_mixin.py:154} INFO - [2025-11-16T00:55:13.026+0000] {dagbag.py:536} INFO - Filling up the DagBag from /opt/airflow/dags/pipeline_productivo.py
[2025-11-16T00:55:14.238+0000] {processor.py:839} INFO - DAG(s) dict_keys(['sodai_drinks_production_pipeline']) retrieved from /opt/airflow/dags/pipeline_productivo.py
[2025-11-16T00:55:14.252+0000] {logging_mixin.py:154} INFO - [2025-11-16T00:55:14.251+0000] {dag.py:2941} INFO - Sync 1 DAGs
[2025-11-16T00:55:14.263+0000] {logging_mixin.py:154} INFO - [2025-11-16T00:55:14.263+0000] {dag.py:3722} INFO - Setting next_dagrun for sodai_drinks_production_pipeline to 2025-11-09T00:00:00+00:00, run_after=2025-11-16T00:00:00+00:00
[2025-11-16T00:55:14.273+0000] {processor.py:179} INFO - Processing /opt/airflow/dags/pipeline_productivo.py took 1.251 seconds
[2025-11-16T00:55:44.670+0000] {processor.py:157} INFO - Started process (PID=7371) to work on /opt/airflow/dags/pipeline_productivo.py
[2025-11-16T00:55:44.671+0000] {processor.py:829} INFO - Processing file /opt/airflow/dags/pipeline_productivo.py for tasks to queue
[2025-11-16T00:55:44.671+0000] {logging_mixin.py:154} INFO - [2025-11-16T00:55:44.671+0000] {dagbag.py:536} INFO - Filling up the DagBag from /opt/airflow/dags/pipeline_productivo.py
[2025-11-16T00:55:45.798+0000] {processor.py:839} INFO - DAG(s) dict_keys(['sodai_drinks_production_pipeline']) retrieved from /opt/airflow/dags/pipeline_productivo.py
[2025-11-16T00:55:45.813+0000] {logging_mixin.py:154} INFO - [2025-11-16T00:55:45.812+0000] {dag.py:2941} INFO - Sync 1 DAGs
[2025-11-16T00:55:45.824+0000] {logging_mixin.py:154} INFO - [2025-11-16T00:55:45.824+0000] {dag.py:3722} INFO - Setting next_dagrun for sodai_drinks_production_pipeline to 2025-11-09T00:00:00+00:00, run_after=2025-11-16T00:00:00+00:00
[2025-11-16T00:55:45.833+0000] {processor.py:179} INFO - Processing /opt/airflow/dags/pipeline_productivo.py took 1.166 seconds
[2025-11-16T00:56:15.907+0000] {processor.py:157} INFO - Started process (PID=7430) to work on /opt/airflow/dags/pipeline_productivo.py
[2025-11-16T00:56:15.908+0000] {processor.py:829} INFO - Processing file /opt/airflow/dags/pipeline_productivo.py for tasks to queue
[2025-11-16T00:56:15.909+0000] {logging_mixin.py:154} INFO - [2025-11-16T00:56:15.908+0000] {dagbag.py:536} INFO - Filling up the DagBag from /opt/airflow/dags/pipeline_productivo.py
[2025-11-16T00:56:17.060+0000] {processor.py:839} INFO - DAG(s) dict_keys(['sodai_drinks_production_pipeline']) retrieved from /opt/airflow/dags/pipeline_productivo.py
[2025-11-16T00:56:17.079+0000] {logging_mixin.py:154} INFO - [2025-11-16T00:56:17.078+0000] {dag.py:2941} INFO - Sync 1 DAGs
[2025-11-16T00:56:17.095+0000] {logging_mixin.py:154} INFO - [2025-11-16T00:56:17.095+0000] {dag.py:3722} INFO - Setting next_dagrun for sodai_drinks_production_pipeline to 2025-11-09T00:00:00+00:00, run_after=2025-11-16T00:00:00+00:00
[2025-11-16T00:56:17.108+0000] {processor.py:179} INFO - Processing /opt/airflow/dags/pipeline_productivo.py took 1.203 seconds
[2025-11-16T00:56:47.520+0000] {processor.py:157} INFO - Started process (PID=7489) to work on /opt/airflow/dags/pipeline_productivo.py
[2025-11-16T00:56:47.520+0000] {processor.py:829} INFO - Processing file /opt/airflow/dags/pipeline_productivo.py for tasks to queue
[2025-11-16T00:56:47.521+0000] {logging_mixin.py:154} INFO - [2025-11-16T00:56:47.521+0000] {dagbag.py:536} INFO - Filling up the DagBag from /opt/airflow/dags/pipeline_productivo.py
[2025-11-16T00:56:48.702+0000] {processor.py:839} INFO - DAG(s) dict_keys(['sodai_drinks_production_pipeline']) retrieved from /opt/airflow/dags/pipeline_productivo.py
[2025-11-16T00:56:48.718+0000] {logging_mixin.py:154} INFO - [2025-11-16T00:56:48.717+0000] {dag.py:2941} INFO - Sync 1 DAGs
[2025-11-16T00:56:48.730+0000] {logging_mixin.py:154} INFO - [2025-11-16T00:56:48.730+0000] {dag.py:3722} INFO - Setting next_dagrun for sodai_drinks_production_pipeline to 2025-11-09T00:00:00+00:00, run_after=2025-11-16T00:00:00+00:00
[2025-11-16T00:56:48.739+0000] {processor.py:179} INFO - Processing /opt/airflow/dags/pipeline_productivo.py took 1.222 seconds
[2025-11-16T00:57:19.048+0000] {processor.py:157} INFO - Started process (PID=7548) to work on /opt/airflow/dags/pipeline_productivo.py
[2025-11-16T00:57:19.049+0000] {processor.py:829} INFO - Processing file /opt/airflow/dags/pipeline_productivo.py for tasks to queue
[2025-11-16T00:57:19.049+0000] {logging_mixin.py:154} INFO - [2025-11-16T00:57:19.049+0000] {dagbag.py:536} INFO - Filling up the DagBag from /opt/airflow/dags/pipeline_productivo.py
[2025-11-16T00:57:20.261+0000] {processor.py:839} INFO - DAG(s) dict_keys(['sodai_drinks_production_pipeline']) retrieved from /opt/airflow/dags/pipeline_productivo.py
[2025-11-16T00:57:20.276+0000] {logging_mixin.py:154} INFO - [2025-11-16T00:57:20.276+0000] {dag.py:2941} INFO - Sync 1 DAGs
[2025-11-16T00:57:20.287+0000] {logging_mixin.py:154} INFO - [2025-11-16T00:57:20.287+0000] {dag.py:3722} INFO - Setting next_dagrun for sodai_drinks_production_pipeline to 2025-11-09T00:00:00+00:00, run_after=2025-11-16T00:00:00+00:00
[2025-11-16T00:57:20.296+0000] {processor.py:179} INFO - Processing /opt/airflow/dags/pipeline_productivo.py took 1.250 seconds
[2025-11-16T00:57:50.375+0000] {processor.py:157} INFO - Started process (PID=7607) to work on /opt/airflow/dags/pipeline_productivo.py
[2025-11-16T00:57:50.375+0000] {processor.py:829} INFO - Processing file /opt/airflow/dags/pipeline_productivo.py for tasks to queue
[2025-11-16T00:57:50.376+0000] {logging_mixin.py:154} INFO - [2025-11-16T00:57:50.376+0000] {dagbag.py:536} INFO - Filling up the DagBag from /opt/airflow/dags/pipeline_productivo.py
[2025-11-16T00:57:51.597+0000] {processor.py:839} INFO - DAG(s) dict_keys(['sodai_drinks_production_pipeline']) retrieved from /opt/airflow/dags/pipeline_productivo.py
[2025-11-16T00:57:51.615+0000] {logging_mixin.py:154} INFO - [2025-11-16T00:57:51.615+0000] {dag.py:2941} INFO - Sync 1 DAGs
[2025-11-16T00:57:51.629+0000] {logging_mixin.py:154} INFO - [2025-11-16T00:57:51.629+0000] {dag.py:3722} INFO - Setting next_dagrun for sodai_drinks_production_pipeline to 2025-11-09T00:00:00+00:00, run_after=2025-11-16T00:00:00+00:00
[2025-11-16T00:57:51.642+0000] {processor.py:179} INFO - Processing /opt/airflow/dags/pipeline_productivo.py took 1.270 seconds
[2025-11-16T00:58:21.951+0000] {processor.py:157} INFO - Started process (PID=7666) to work on /opt/airflow/dags/pipeline_productivo.py
[2025-11-16T00:58:21.951+0000] {processor.py:829} INFO - Processing file /opt/airflow/dags/pipeline_productivo.py for tasks to queue
[2025-11-16T00:58:21.952+0000] {logging_mixin.py:154} INFO - [2025-11-16T00:58:21.952+0000] {dagbag.py:536} INFO - Filling up the DagBag from /opt/airflow/dags/pipeline_productivo.py
[2025-11-16T00:58:23.120+0000] {processor.py:839} INFO - DAG(s) dict_keys(['sodai_drinks_production_pipeline']) retrieved from /opt/airflow/dags/pipeline_productivo.py
[2025-11-16T00:58:23.136+0000] {logging_mixin.py:154} INFO - [2025-11-16T00:58:23.135+0000] {dag.py:2941} INFO - Sync 1 DAGs
[2025-11-16T00:58:23.147+0000] {logging_mixin.py:154} INFO - [2025-11-16T00:58:23.146+0000] {dag.py:3722} INFO - Setting next_dagrun for sodai_drinks_production_pipeline to 2025-11-09T00:00:00+00:00, run_after=2025-11-16T00:00:00+00:00
[2025-11-16T00:58:23.155+0000] {processor.py:179} INFO - Processing /opt/airflow/dags/pipeline_productivo.py took 1.206 seconds
[2025-11-16T00:58:53.252+0000] {processor.py:157} INFO - Started process (PID=7726) to work on /opt/airflow/dags/pipeline_productivo.py
[2025-11-16T00:58:53.253+0000] {processor.py:829} INFO - Processing file /opt/airflow/dags/pipeline_productivo.py for tasks to queue
[2025-11-16T00:58:53.254+0000] {logging_mixin.py:154} INFO - [2025-11-16T00:58:53.253+0000] {dagbag.py:536} INFO - Filling up the DagBag from /opt/airflow/dags/pipeline_productivo.py
[2025-11-16T00:58:54.652+0000] {processor.py:839} INFO - DAG(s) dict_keys(['sodai_drinks_production_pipeline']) retrieved from /opt/airflow/dags/pipeline_productivo.py
[2025-11-16T00:58:54.669+0000] {logging_mixin.py:154} INFO - [2025-11-16T00:58:54.668+0000] {dag.py:2941} INFO - Sync 1 DAGs
[2025-11-16T00:58:54.684+0000] {logging_mixin.py:154} INFO - [2025-11-16T00:58:54.684+0000] {dag.py:3722} INFO - Setting next_dagrun for sodai_drinks_production_pipeline to 2025-11-09T00:00:00+00:00, run_after=2025-11-16T00:00:00+00:00
[2025-11-16T00:58:54.696+0000] {processor.py:179} INFO - Processing /opt/airflow/dags/pipeline_productivo.py took 1.448 seconds
[2025-11-16T00:59:24.828+0000] {processor.py:157} INFO - Started process (PID=7785) to work on /opt/airflow/dags/pipeline_productivo.py
[2025-11-16T00:59:24.829+0000] {processor.py:829} INFO - Processing file /opt/airflow/dags/pipeline_productivo.py for tasks to queue
[2025-11-16T00:59:24.829+0000] {logging_mixin.py:154} INFO - [2025-11-16T00:59:24.829+0000] {dagbag.py:536} INFO - Filling up the DagBag from /opt/airflow/dags/pipeline_productivo.py
[2025-11-16T00:59:26.644+0000] {processor.py:839} INFO - DAG(s) dict_keys(['sodai_drinks_production_pipeline']) retrieved from /opt/airflow/dags/pipeline_productivo.py
[2025-11-16T00:59:26.661+0000] {logging_mixin.py:154} INFO - [2025-11-16T00:59:26.660+0000] {dag.py:2941} INFO - Sync 1 DAGs
[2025-11-16T00:59:26.673+0000] {logging_mixin.py:154} INFO - [2025-11-16T00:59:26.673+0000] {dag.py:3722} INFO - Setting next_dagrun for sodai_drinks_production_pipeline to 2025-11-09T00:00:00+00:00, run_after=2025-11-16T00:00:00+00:00
[2025-11-16T00:59:26.684+0000] {processor.py:179} INFO - Processing /opt/airflow/dags/pipeline_productivo.py took 1.860 seconds
[2025-11-16T00:59:56.976+0000] {processor.py:157} INFO - Started process (PID=7837) to work on /opt/airflow/dags/pipeline_productivo.py
[2025-11-16T00:59:56.976+0000] {processor.py:829} INFO - Processing file /opt/airflow/dags/pipeline_productivo.py for tasks to queue
[2025-11-16T00:59:56.977+0000] {logging_mixin.py:154} INFO - [2025-11-16T00:59:56.976+0000] {dagbag.py:536} INFO - Filling up the DagBag from /opt/airflow/dags/pipeline_productivo.py
[2025-11-16T00:59:58.277+0000] {processor.py:839} INFO - DAG(s) dict_keys(['sodai_drinks_production_pipeline']) retrieved from /opt/airflow/dags/pipeline_productivo.py
[2025-11-16T00:59:58.295+0000] {logging_mixin.py:154} INFO - [2025-11-16T00:59:58.294+0000] {dag.py:2941} INFO - Sync 1 DAGs
[2025-11-16T00:59:58.307+0000] {logging_mixin.py:154} INFO - [2025-11-16T00:59:58.307+0000] {dag.py:3722} INFO - Setting next_dagrun for sodai_drinks_production_pipeline to 2025-11-09T00:00:00+00:00, run_after=2025-11-16T00:00:00+00:00
[2025-11-16T00:59:58.317+0000] {processor.py:179} INFO - Processing /opt/airflow/dags/pipeline_productivo.py took 1.345 seconds
[2025-11-16T01:00:28.566+0000] {processor.py:157} INFO - Started process (PID=7896) to work on /opt/airflow/dags/pipeline_productivo.py
[2025-11-16T01:00:28.566+0000] {processor.py:829} INFO - Processing file /opt/airflow/dags/pipeline_productivo.py for tasks to queue
[2025-11-16T01:00:28.567+0000] {logging_mixin.py:154} INFO - [2025-11-16T01:00:28.567+0000] {dagbag.py:536} INFO - Filling up the DagBag from /opt/airflow/dags/pipeline_productivo.py
[2025-11-16T01:00:30.322+0000] {processor.py:839} INFO - DAG(s) dict_keys(['sodai_drinks_production_pipeline']) retrieved from /opt/airflow/dags/pipeline_productivo.py
[2025-11-16T01:00:30.343+0000] {logging_mixin.py:154} INFO - [2025-11-16T01:00:30.342+0000] {dag.py:2941} INFO - Sync 1 DAGs
[2025-11-16T01:00:30.357+0000] {logging_mixin.py:154} INFO - [2025-11-16T01:00:30.357+0000] {dag.py:3722} INFO - Setting next_dagrun for sodai_drinks_production_pipeline to 2025-11-09T00:00:00+00:00, run_after=2025-11-16T00:00:00+00:00
[2025-11-16T01:00:30.372+0000] {processor.py:179} INFO - Processing /opt/airflow/dags/pipeline_productivo.py took 1.810 seconds
[2025-11-16T01:01:00.651+0000] {processor.py:157} INFO - Started process (PID=7955) to work on /opt/airflow/dags/pipeline_productivo.py
[2025-11-16T01:01:00.652+0000] {processor.py:829} INFO - Processing file /opt/airflow/dags/pipeline_productivo.py for tasks to queue
[2025-11-16T01:01:00.652+0000] {logging_mixin.py:154} INFO - [2025-11-16T01:01:00.652+0000] {dagbag.py:536} INFO - Filling up the DagBag from /opt/airflow/dags/pipeline_productivo.py
[2025-11-16T01:01:01.892+0000] {processor.py:839} INFO - DAG(s) dict_keys(['sodai_drinks_production_pipeline']) retrieved from /opt/airflow/dags/pipeline_productivo.py
[2025-11-16T01:01:01.908+0000] {logging_mixin.py:154} INFO - [2025-11-16T01:01:01.908+0000] {dag.py:2941} INFO - Sync 1 DAGs
[2025-11-16T01:01:01.921+0000] {logging_mixin.py:154} INFO - [2025-11-16T01:01:01.921+0000] {dag.py:3722} INFO - Setting next_dagrun for sodai_drinks_production_pipeline to 2025-11-09T00:00:00+00:00, run_after=2025-11-16T00:00:00+00:00
[2025-11-16T01:01:01.930+0000] {processor.py:179} INFO - Processing /opt/airflow/dags/pipeline_productivo.py took 1.282 seconds
[2025-11-16T01:01:32.161+0000] {processor.py:157} INFO - Started process (PID=8014) to work on /opt/airflow/dags/pipeline_productivo.py
[2025-11-16T01:01:32.161+0000] {processor.py:829} INFO - Processing file /opt/airflow/dags/pipeline_productivo.py for tasks to queue
[2025-11-16T01:01:32.162+0000] {logging_mixin.py:154} INFO - [2025-11-16T01:01:32.162+0000] {dagbag.py:536} INFO - Filling up the DagBag from /opt/airflow/dags/pipeline_productivo.py
[2025-11-16T01:01:33.338+0000] {processor.py:839} INFO - DAG(s) dict_keys(['sodai_drinks_production_pipeline']) retrieved from /opt/airflow/dags/pipeline_productivo.py
[2025-11-16T01:01:33.354+0000] {logging_mixin.py:154} INFO - [2025-11-16T01:01:33.353+0000] {dag.py:2941} INFO - Sync 1 DAGs
[2025-11-16T01:01:33.365+0000] {logging_mixin.py:154} INFO - [2025-11-16T01:01:33.365+0000] {dag.py:3722} INFO - Setting next_dagrun for sodai_drinks_production_pipeline to 2025-11-09T00:00:00+00:00, run_after=2025-11-16T00:00:00+00:00
[2025-11-16T01:01:33.375+0000] {processor.py:179} INFO - Processing /opt/airflow/dags/pipeline_productivo.py took 1.216 seconds
[2025-11-16T01:02:03.682+0000] {processor.py:157} INFO - Started process (PID=8073) to work on /opt/airflow/dags/pipeline_productivo.py
[2025-11-16T01:02:03.683+0000] {processor.py:829} INFO - Processing file /opt/airflow/dags/pipeline_productivo.py for tasks to queue
[2025-11-16T01:02:03.684+0000] {logging_mixin.py:154} INFO - [2025-11-16T01:02:03.683+0000] {dagbag.py:536} INFO - Filling up the DagBag from /opt/airflow/dags/pipeline_productivo.py
[2025-11-16T01:02:04.777+0000] {processor.py:839} INFO - DAG(s) dict_keys(['sodai_drinks_production_pipeline']) retrieved from /opt/airflow/dags/pipeline_productivo.py
[2025-11-16T01:02:04.795+0000] {logging_mixin.py:154} INFO - [2025-11-16T01:02:04.794+0000] {dag.py:2941} INFO - Sync 1 DAGs
[2025-11-16T01:02:04.813+0000] {logging_mixin.py:154} INFO - [2025-11-16T01:02:04.812+0000] {dag.py:3722} INFO - Setting next_dagrun for sodai_drinks_production_pipeline to 2025-11-09T00:00:00+00:00, run_after=2025-11-16T00:00:00+00:00
[2025-11-16T01:02:04.826+0000] {processor.py:179} INFO - Processing /opt/airflow/dags/pipeline_productivo.py took 1.146 seconds
[2025-11-16T01:02:34.903+0000] {processor.py:157} INFO - Started process (PID=8132) to work on /opt/airflow/dags/pipeline_productivo.py
[2025-11-16T01:02:34.903+0000] {processor.py:829} INFO - Processing file /opt/airflow/dags/pipeline_productivo.py for tasks to queue
[2025-11-16T01:02:34.904+0000] {logging_mixin.py:154} INFO - [2025-11-16T01:02:34.903+0000] {dagbag.py:536} INFO - Filling up the DagBag from /opt/airflow/dags/pipeline_productivo.py
[2025-11-16T01:02:36.364+0000] {processor.py:839} INFO - DAG(s) dict_keys(['sodai_drinks_production_pipeline']) retrieved from /opt/airflow/dags/pipeline_productivo.py
[2025-11-16T01:02:36.381+0000] {logging_mixin.py:154} INFO - [2025-11-16T01:02:36.380+0000] {dag.py:2941} INFO - Sync 1 DAGs
[2025-11-16T01:02:36.395+0000] {logging_mixin.py:154} INFO - [2025-11-16T01:02:36.395+0000] {dag.py:3722} INFO - Setting next_dagrun for sodai_drinks_production_pipeline to 2025-11-09T00:00:00+00:00, run_after=2025-11-16T00:00:00+00:00
[2025-11-16T01:02:36.407+0000] {processor.py:179} INFO - Processing /opt/airflow/dags/pipeline_productivo.py took 1.507 seconds
[2025-11-16T01:03:06.473+0000] {processor.py:157} INFO - Started process (PID=8191) to work on /opt/airflow/dags/pipeline_productivo.py
[2025-11-16T01:03:06.474+0000] {processor.py:829} INFO - Processing file /opt/airflow/dags/pipeline_productivo.py for tasks to queue
[2025-11-16T01:03:06.474+0000] {logging_mixin.py:154} INFO - [2025-11-16T01:03:06.474+0000] {dagbag.py:536} INFO - Filling up the DagBag from /opt/airflow/dags/pipeline_productivo.py
[2025-11-16T01:03:07.619+0000] {processor.py:839} INFO - DAG(s) dict_keys(['sodai_drinks_production_pipeline']) retrieved from /opt/airflow/dags/pipeline_productivo.py
[2025-11-16T01:03:07.635+0000] {logging_mixin.py:154} INFO - [2025-11-16T01:03:07.634+0000] {dag.py:2941} INFO - Sync 1 DAGs
[2025-11-16T01:03:07.646+0000] {logging_mixin.py:154} INFO - [2025-11-16T01:03:07.646+0000] {dag.py:3722} INFO - Setting next_dagrun for sodai_drinks_production_pipeline to 2025-11-09T00:00:00+00:00, run_after=2025-11-16T00:00:00+00:00
[2025-11-16T01:03:07.656+0000] {processor.py:179} INFO - Processing /opt/airflow/dags/pipeline_productivo.py took 1.185 seconds
[2025-11-16T01:03:38.039+0000] {processor.py:157} INFO - Started process (PID=8250) to work on /opt/airflow/dags/pipeline_productivo.py
[2025-11-16T01:03:38.040+0000] {processor.py:829} INFO - Processing file /opt/airflow/dags/pipeline_productivo.py for tasks to queue
[2025-11-16T01:03:38.041+0000] {logging_mixin.py:154} INFO - [2025-11-16T01:03:38.041+0000] {dagbag.py:536} INFO - Filling up the DagBag from /opt/airflow/dags/pipeline_productivo.py
[2025-11-16T01:03:39.162+0000] {processor.py:839} INFO - DAG(s) dict_keys(['sodai_drinks_production_pipeline']) retrieved from /opt/airflow/dags/pipeline_productivo.py
[2025-11-16T01:03:39.179+0000] {logging_mixin.py:154} INFO - [2025-11-16T01:03:39.178+0000] {dag.py:2941} INFO - Sync 1 DAGs
[2025-11-16T01:03:39.328+0000] {logging_mixin.py:154} INFO - [2025-11-16T01:03:39.328+0000] {dag.py:3722} INFO - Setting next_dagrun for sodai_drinks_production_pipeline to 2025-11-09T00:00:00+00:00, run_after=2025-11-16T00:00:00+00:00
[2025-11-16T01:03:39.339+0000] {processor.py:179} INFO - Processing /opt/airflow/dags/pipeline_productivo.py took 1.303 seconds
[2025-11-16T01:04:09.548+0000] {processor.py:157} INFO - Started process (PID=8309) to work on /opt/airflow/dags/pipeline_productivo.py
[2025-11-16T01:04:09.549+0000] {processor.py:829} INFO - Processing file /opt/airflow/dags/pipeline_productivo.py for tasks to queue
[2025-11-16T01:04:09.549+0000] {logging_mixin.py:154} INFO - [2025-11-16T01:04:09.549+0000] {dagbag.py:536} INFO - Filling up the DagBag from /opt/airflow/dags/pipeline_productivo.py
[2025-11-16T01:04:10.817+0000] {processor.py:839} INFO - DAG(s) dict_keys(['sodai_drinks_production_pipeline']) retrieved from /opt/airflow/dags/pipeline_productivo.py
[2025-11-16T01:04:10.834+0000] {logging_mixin.py:154} INFO - [2025-11-16T01:04:10.833+0000] {dag.py:2941} INFO - Sync 1 DAGs
[2025-11-16T01:04:10.846+0000] {logging_mixin.py:154} INFO - [2025-11-16T01:04:10.846+0000] {dag.py:3722} INFO - Setting next_dagrun for sodai_drinks_production_pipeline to 2025-11-09T00:00:00+00:00, run_after=2025-11-16T00:00:00+00:00
[2025-11-16T01:04:10.855+0000] {processor.py:179} INFO - Processing /opt/airflow/dags/pipeline_productivo.py took 1.310 seconds
[2025-11-16T01:04:41.054+0000] {processor.py:157} INFO - Started process (PID=8369) to work on /opt/airflow/dags/pipeline_productivo.py
[2025-11-16T01:04:41.055+0000] {processor.py:829} INFO - Processing file /opt/airflow/dags/pipeline_productivo.py for tasks to queue
[2025-11-16T01:04:41.055+0000] {logging_mixin.py:154} INFO - [2025-11-16T01:04:41.055+0000] {dagbag.py:536} INFO - Filling up the DagBag from /opt/airflow/dags/pipeline_productivo.py
[2025-11-16T01:04:42.272+0000] {processor.py:839} INFO - DAG(s) dict_keys(['sodai_drinks_production_pipeline']) retrieved from /opt/airflow/dags/pipeline_productivo.py
[2025-11-16T01:04:42.292+0000] {logging_mixin.py:154} INFO - [2025-11-16T01:04:42.292+0000] {dag.py:2941} INFO - Sync 1 DAGs
[2025-11-16T01:04:42.306+0000] {logging_mixin.py:154} INFO - [2025-11-16T01:04:42.306+0000] {dag.py:3722} INFO - Setting next_dagrun for sodai_drinks_production_pipeline to 2025-11-09T00:00:00+00:00, run_after=2025-11-16T00:00:00+00:00
[2025-11-16T01:04:42.319+0000] {processor.py:179} INFO - Processing /opt/airflow/dags/pipeline_productivo.py took 1.267 seconds
[2025-11-16T01:05:13.012+0000] {processor.py:157} INFO - Started process (PID=8438) to work on /opt/airflow/dags/pipeline_productivo.py
[2025-11-16T01:05:13.012+0000] {processor.py:829} INFO - Processing file /opt/airflow/dags/pipeline_productivo.py for tasks to queue
[2025-11-16T01:05:13.013+0000] {logging_mixin.py:154} INFO - [2025-11-16T01:05:13.012+0000] {dagbag.py:536} INFO - Filling up the DagBag from /opt/airflow/dags/pipeline_productivo.py
[2025-11-16T01:05:14.218+0000] {processor.py:839} INFO - DAG(s) dict_keys(['sodai_drinks_production_pipeline']) retrieved from /opt/airflow/dags/pipeline_productivo.py
[2025-11-16T01:05:14.233+0000] {logging_mixin.py:154} INFO - [2025-11-16T01:05:14.232+0000] {dag.py:2941} INFO - Sync 1 DAGs
[2025-11-16T01:05:14.244+0000] {logging_mixin.py:154} INFO - [2025-11-16T01:05:14.244+0000] {dag.py:3722} INFO - Setting next_dagrun for sodai_drinks_production_pipeline to 2025-11-09T00:00:00+00:00, run_after=2025-11-16T00:00:00+00:00
[2025-11-16T01:05:14.253+0000] {processor.py:179} INFO - Processing /opt/airflow/dags/pipeline_productivo.py took 1.244 seconds
[2025-11-16T01:05:44.429+0000] {processor.py:157} INFO - Started process (PID=8497) to work on /opt/airflow/dags/pipeline_productivo.py
[2025-11-16T01:05:44.430+0000] {processor.py:829} INFO - Processing file /opt/airflow/dags/pipeline_productivo.py for tasks to queue
[2025-11-16T01:05:44.431+0000] {logging_mixin.py:154} INFO - [2025-11-16T01:05:44.430+0000] {dagbag.py:536} INFO - Filling up the DagBag from /opt/airflow/dags/pipeline_productivo.py
[2025-11-16T01:05:45.646+0000] {processor.py:839} INFO - DAG(s) dict_keys(['sodai_drinks_production_pipeline']) retrieved from /opt/airflow/dags/pipeline_productivo.py
[2025-11-16T01:05:45.661+0000] {logging_mixin.py:154} INFO - [2025-11-16T01:05:45.661+0000] {dag.py:2941} INFO - Sync 1 DAGs
[2025-11-16T01:05:45.789+0000] {logging_mixin.py:154} INFO - [2025-11-16T01:05:45.789+0000] {dag.py:3722} INFO - Setting next_dagrun for sodai_drinks_production_pipeline to 2025-11-09T00:00:00+00:00, run_after=2025-11-16T00:00:00+00:00
[2025-11-16T01:05:45.799+0000] {processor.py:179} INFO - Processing /opt/airflow/dags/pipeline_productivo.py took 1.372 seconds
[2025-11-16T01:06:15.955+0000] {processor.py:157} INFO - Started process (PID=8561) to work on /opt/airflow/dags/pipeline_productivo.py
[2025-11-16T01:06:15.955+0000] {processor.py:829} INFO - Processing file /opt/airflow/dags/pipeline_productivo.py for tasks to queue
[2025-11-16T01:06:15.956+0000] {logging_mixin.py:154} INFO - [2025-11-16T01:06:15.955+0000] {dagbag.py:536} INFO - Filling up the DagBag from /opt/airflow/dags/pipeline_productivo.py
[2025-11-16T01:06:17.079+0000] {processor.py:839} INFO - DAG(s) dict_keys(['sodai_drinks_production_pipeline']) retrieved from /opt/airflow/dags/pipeline_productivo.py
[2025-11-16T01:06:17.094+0000] {logging_mixin.py:154} INFO - [2025-11-16T01:06:17.093+0000] {dag.py:2941} INFO - Sync 1 DAGs
[2025-11-16T01:06:17.105+0000] {logging_mixin.py:154} INFO - [2025-11-16T01:06:17.104+0000] {dag.py:3722} INFO - Setting next_dagrun for sodai_drinks_production_pipeline to 2025-11-09T00:00:00+00:00, run_after=2025-11-16T00:00:00+00:00
[2025-11-16T01:06:17.114+0000] {processor.py:179} INFO - Processing /opt/airflow/dags/pipeline_productivo.py took 1.161 seconds
[2025-11-16T01:06:47.276+0000] {processor.py:157} INFO - Started process (PID=8620) to work on /opt/airflow/dags/pipeline_productivo.py
[2025-11-16T01:06:47.277+0000] {processor.py:829} INFO - Processing file /opt/airflow/dags/pipeline_productivo.py for tasks to queue
[2025-11-16T01:06:47.278+0000] {logging_mixin.py:154} INFO - [2025-11-16T01:06:47.277+0000] {dagbag.py:536} INFO - Filling up the DagBag from /opt/airflow/dags/pipeline_productivo.py
[2025-11-16T01:06:48.568+0000] {processor.py:839} INFO - DAG(s) dict_keys(['sodai_drinks_production_pipeline']) retrieved from /opt/airflow/dags/pipeline_productivo.py
[2025-11-16T01:06:48.584+0000] {logging_mixin.py:154} INFO - [2025-11-16T01:06:48.584+0000] {dag.py:2941} INFO - Sync 1 DAGs
[2025-11-16T01:06:48.597+0000] {logging_mixin.py:154} INFO - [2025-11-16T01:06:48.597+0000] {dag.py:3722} INFO - Setting next_dagrun for sodai_drinks_production_pipeline to 2025-11-09T00:00:00+00:00, run_after=2025-11-16T00:00:00+00:00
[2025-11-16T01:06:48.607+0000] {processor.py:179} INFO - Processing /opt/airflow/dags/pipeline_productivo.py took 1.334 seconds
[2025-11-16T01:07:18.863+0000] {processor.py:157} INFO - Started process (PID=8679) to work on /opt/airflow/dags/pipeline_productivo.py
[2025-11-16T01:07:18.864+0000] {processor.py:829} INFO - Processing file /opt/airflow/dags/pipeline_productivo.py for tasks to queue
[2025-11-16T01:07:18.864+0000] {logging_mixin.py:154} INFO - [2025-11-16T01:07:18.864+0000] {dagbag.py:536} INFO - Filling up the DagBag from /opt/airflow/dags/pipeline_productivo.py
[2025-11-16T01:07:20.025+0000] {processor.py:839} INFO - DAG(s) dict_keys(['sodai_drinks_production_pipeline']) retrieved from /opt/airflow/dags/pipeline_productivo.py
[2025-11-16T01:07:20.040+0000] {logging_mixin.py:154} INFO - [2025-11-16T01:07:20.040+0000] {dag.py:2941} INFO - Sync 1 DAGs
[2025-11-16T01:07:20.051+0000] {logging_mixin.py:154} INFO - [2025-11-16T01:07:20.051+0000] {dag.py:3722} INFO - Setting next_dagrun for sodai_drinks_production_pipeline to 2025-11-09T00:00:00+00:00, run_after=2025-11-16T00:00:00+00:00
[2025-11-16T01:07:20.060+0000] {processor.py:179} INFO - Processing /opt/airflow/dags/pipeline_productivo.py took 1.199 seconds
[2025-11-16T01:07:50.281+0000] {processor.py:157} INFO - Started process (PID=8738) to work on /opt/airflow/dags/pipeline_productivo.py
[2025-11-16T01:07:50.282+0000] {processor.py:829} INFO - Processing file /opt/airflow/dags/pipeline_productivo.py for tasks to queue
[2025-11-16T01:07:50.282+0000] {logging_mixin.py:154} INFO - [2025-11-16T01:07:50.282+0000] {dagbag.py:536} INFO - Filling up the DagBag from /opt/airflow/dags/pipeline_productivo.py
[2025-11-16T01:07:51.608+0000] {processor.py:839} INFO - DAG(s) dict_keys(['sodai_drinks_production_pipeline']) retrieved from /opt/airflow/dags/pipeline_productivo.py
[2025-11-16T01:07:51.625+0000] {logging_mixin.py:154} INFO - [2025-11-16T01:07:51.625+0000] {dag.py:2941} INFO - Sync 1 DAGs
[2025-11-16T01:07:51.775+0000] {logging_mixin.py:154} INFO - [2025-11-16T01:07:51.775+0000] {dag.py:3722} INFO - Setting next_dagrun for sodai_drinks_production_pipeline to 2025-11-09T00:00:00+00:00, run_after=2025-11-16T00:00:00+00:00
[2025-11-16T01:07:51.787+0000] {processor.py:179} INFO - Processing /opt/airflow/dags/pipeline_productivo.py took 1.508 seconds
[2025-11-16T01:08:22.377+0000] {processor.py:157} INFO - Started process (PID=8798) to work on /opt/airflow/dags/pipeline_productivo.py
[2025-11-16T01:08:22.377+0000] {processor.py:829} INFO - Processing file /opt/airflow/dags/pipeline_productivo.py for tasks to queue
[2025-11-16T01:08:22.377+0000] {logging_mixin.py:154} INFO - [2025-11-16T01:08:22.377+0000] {dagbag.py:536} INFO - Filling up the DagBag from /opt/airflow/dags/pipeline_productivo.py
[2025-11-16T01:08:23.586+0000] {processor.py:839} INFO - DAG(s) dict_keys(['sodai_drinks_production_pipeline']) retrieved from /opt/airflow/dags/pipeline_productivo.py
[2025-11-16T01:08:23.603+0000] {logging_mixin.py:154} INFO - [2025-11-16T01:08:23.602+0000] {dag.py:2941} INFO - Sync 1 DAGs
[2025-11-16T01:08:23.614+0000] {logging_mixin.py:154} INFO - [2025-11-16T01:08:23.614+0000] {dag.py:3722} INFO - Setting next_dagrun for sodai_drinks_production_pipeline to 2025-11-09T00:00:00+00:00, run_after=2025-11-16T00:00:00+00:00
[2025-11-16T01:08:23.623+0000] {processor.py:179} INFO - Processing /opt/airflow/dags/pipeline_productivo.py took 1.249 seconds
[2025-11-16T01:08:53.772+0000] {processor.py:157} INFO - Started process (PID=8857) to work on /opt/airflow/dags/pipeline_productivo.py
[2025-11-16T01:08:53.773+0000] {processor.py:829} INFO - Processing file /opt/airflow/dags/pipeline_productivo.py for tasks to queue
[2025-11-16T01:08:53.773+0000] {logging_mixin.py:154} INFO - [2025-11-16T01:08:53.773+0000] {dagbag.py:536} INFO - Filling up the DagBag from /opt/airflow/dags/pipeline_productivo.py
[2025-11-16T01:08:55.070+0000] {processor.py:839} INFO - DAG(s) dict_keys(['sodai_drinks_production_pipeline']) retrieved from /opt/airflow/dags/pipeline_productivo.py
[2025-11-16T01:08:55.087+0000] {logging_mixin.py:154} INFO - [2025-11-16T01:08:55.087+0000] {dag.py:2941} INFO - Sync 1 DAGs
[2025-11-16T01:08:55.101+0000] {logging_mixin.py:154} INFO - [2025-11-16T01:08:55.101+0000] {dag.py:3722} INFO - Setting next_dagrun for sodai_drinks_production_pipeline to 2025-11-09T00:00:00+00:00, run_after=2025-11-16T00:00:00+00:00
[2025-11-16T01:08:55.112+0000] {processor.py:179} INFO - Processing /opt/airflow/dags/pipeline_productivo.py took 1.342 seconds
[2025-11-16T01:09:25.993+0000] {processor.py:157} INFO - Started process (PID=8916) to work on /opt/airflow/dags/pipeline_productivo.py
[2025-11-16T01:09:25.993+0000] {processor.py:829} INFO - Processing file /opt/airflow/dags/pipeline_productivo.py for tasks to queue
[2025-11-16T01:09:25.993+0000] {logging_mixin.py:154} INFO - [2025-11-16T01:09:25.993+0000] {dagbag.py:536} INFO - Filling up the DagBag from /opt/airflow/dags/pipeline_productivo.py
[2025-11-16T01:09:27.127+0000] {processor.py:839} INFO - DAG(s) dict_keys(['sodai_drinks_production_pipeline']) retrieved from /opt/airflow/dags/pipeline_productivo.py
[2025-11-16T01:09:27.143+0000] {logging_mixin.py:154} INFO - [2025-11-16T01:09:27.143+0000] {dag.py:2941} INFO - Sync 1 DAGs
[2025-11-16T01:09:27.155+0000] {logging_mixin.py:154} INFO - [2025-11-16T01:09:27.155+0000] {dag.py:3722} INFO - Setting next_dagrun for sodai_drinks_production_pipeline to 2025-11-09T00:00:00+00:00, run_after=2025-11-16T00:00:00+00:00
[2025-11-16T01:09:27.164+0000] {processor.py:179} INFO - Processing /opt/airflow/dags/pipeline_productivo.py took 1.174 seconds
[2025-11-16T01:09:57.360+0000] {processor.py:157} INFO - Started process (PID=8975) to work on /opt/airflow/dags/pipeline_productivo.py
[2025-11-16T01:09:57.361+0000] {processor.py:829} INFO - Processing file /opt/airflow/dags/pipeline_productivo.py for tasks to queue
[2025-11-16T01:09:57.362+0000] {logging_mixin.py:154} INFO - [2025-11-16T01:09:57.362+0000] {dagbag.py:536} INFO - Filling up the DagBag from /opt/airflow/dags/pipeline_productivo.py
[2025-11-16T01:09:58.487+0000] {processor.py:839} INFO - DAG(s) dict_keys(['sodai_drinks_production_pipeline']) retrieved from /opt/airflow/dags/pipeline_productivo.py
[2025-11-16T01:09:58.503+0000] {logging_mixin.py:154} INFO - [2025-11-16T01:09:58.503+0000] {dag.py:2941} INFO - Sync 1 DAGs
[2025-11-16T01:09:57.858+0000] {logging_mixin.py:154} INFO - [2025-11-16T01:09:57.858+0000] {dag.py:3722} INFO - Setting next_dagrun for sodai_drinks_production_pipeline to 2025-11-09T00:00:00+00:00, run_after=2025-11-16T00:00:00+00:00
[2025-11-16T01:09:57.868+0000] {processor.py:179} INFO - Processing /opt/airflow/dags/pipeline_productivo.py took 1.289 seconds
[2025-11-16T01:10:28.732+0000] {processor.py:157} INFO - Started process (PID=9034) to work on /opt/airflow/dags/pipeline_productivo.py
[2025-11-16T01:10:28.732+0000] {processor.py:829} INFO - Processing file /opt/airflow/dags/pipeline_productivo.py for tasks to queue
[2025-11-16T01:10:28.732+0000] {logging_mixin.py:154} INFO - [2025-11-16T01:10:28.732+0000] {dagbag.py:536} INFO - Filling up the DagBag from /opt/airflow/dags/pipeline_productivo.py
[2025-11-16T01:10:29.877+0000] {processor.py:839} INFO - DAG(s) dict_keys(['sodai_drinks_production_pipeline']) retrieved from /opt/airflow/dags/pipeline_productivo.py
[2025-11-16T01:10:29.894+0000] {logging_mixin.py:154} INFO - [2025-11-16T01:10:29.894+0000] {dag.py:2941} INFO - Sync 1 DAGs
[2025-11-16T01:10:29.905+0000] {logging_mixin.py:154} INFO - [2025-11-16T01:10:29.904+0000] {dag.py:3722} INFO - Setting next_dagrun for sodai_drinks_production_pipeline to 2025-11-09T00:00:00+00:00, run_after=2025-11-16T00:00:00+00:00
[2025-11-16T01:10:29.913+0000] {processor.py:179} INFO - Processing /opt/airflow/dags/pipeline_productivo.py took 1.184 seconds
[2025-11-16T01:11:00.109+0000] {processor.py:157} INFO - Started process (PID=9093) to work on /opt/airflow/dags/pipeline_productivo.py
[2025-11-16T01:11:00.110+0000] {processor.py:829} INFO - Processing file /opt/airflow/dags/pipeline_productivo.py for tasks to queue
[2025-11-16T01:11:00.111+0000] {logging_mixin.py:154} INFO - [2025-11-16T01:11:00.110+0000] {dagbag.py:536} INFO - Filling up the DagBag from /opt/airflow/dags/pipeline_productivo.py
[2025-11-16T01:11:01.251+0000] {processor.py:839} INFO - DAG(s) dict_keys(['sodai_drinks_production_pipeline']) retrieved from /opt/airflow/dags/pipeline_productivo.py
[2025-11-16T01:11:01.268+0000] {logging_mixin.py:154} INFO - [2025-11-16T01:11:01.268+0000] {dag.py:2941} INFO - Sync 1 DAGs
[2025-11-16T01:11:01.280+0000] {logging_mixin.py:154} INFO - [2025-11-16T01:11:01.280+0000] {dag.py:3722} INFO - Setting next_dagrun for sodai_drinks_production_pipeline to 2025-11-09T00:00:00+00:00, run_after=2025-11-16T00:00:00+00:00
[2025-11-16T01:11:01.290+0000] {processor.py:179} INFO - Processing /opt/airflow/dags/pipeline_productivo.py took 1.182 seconds
[2025-11-16T01:11:31.529+0000] {processor.py:157} INFO - Started process (PID=9152) to work on /opt/airflow/dags/pipeline_productivo.py
[2025-11-16T01:11:31.529+0000] {processor.py:829} INFO - Processing file /opt/airflow/dags/pipeline_productivo.py for tasks to queue
[2025-11-16T01:11:31.529+0000] {logging_mixin.py:154} INFO - [2025-11-16T01:11:31.529+0000] {dagbag.py:536} INFO - Filling up the DagBag from /opt/airflow/dags/pipeline_productivo.py
[2025-11-16T01:11:32.659+0000] {processor.py:839} INFO - DAG(s) dict_keys(['sodai_drinks_production_pipeline']) retrieved from /opt/airflow/dags/pipeline_productivo.py
[2025-11-16T01:11:32.676+0000] {logging_mixin.py:154} INFO - [2025-11-16T01:11:32.676+0000] {dag.py:2941} INFO - Sync 1 DAGs
[2025-11-16T01:11:32.829+0000] {logging_mixin.py:154} INFO - [2025-11-16T01:11:32.829+0000] {dag.py:3722} INFO - Setting next_dagrun for sodai_drinks_production_pipeline to 2025-11-09T00:00:00+00:00, run_after=2025-11-16T00:00:00+00:00
[2025-11-16T01:11:32.841+0000] {processor.py:179} INFO - Processing /opt/airflow/dags/pipeline_productivo.py took 1.315 seconds
[2025-11-16T01:12:03.028+0000] {processor.py:157} INFO - Started process (PID=9211) to work on /opt/airflow/dags/pipeline_productivo.py
[2025-11-16T01:12:03.029+0000] {processor.py:829} INFO - Processing file /opt/airflow/dags/pipeline_productivo.py for tasks to queue
[2025-11-16T01:12:03.029+0000] {logging_mixin.py:154} INFO - [2025-11-16T01:12:03.029+0000] {dagbag.py:536} INFO - Filling up the DagBag from /opt/airflow/dags/pipeline_productivo.py
[2025-11-16T01:12:04.184+0000] {processor.py:839} INFO - DAG(s) dict_keys(['sodai_drinks_production_pipeline']) retrieved from /opt/airflow/dags/pipeline_productivo.py
[2025-11-16T01:12:04.206+0000] {logging_mixin.py:154} INFO - [2025-11-16T01:12:04.206+0000] {dag.py:2941} INFO - Sync 1 DAGs
[2025-11-16T01:12:04.368+0000] {logging_mixin.py:154} INFO - [2025-11-16T01:12:04.368+0000] {dag.py:3722} INFO - Setting next_dagrun for sodai_drinks_production_pipeline to 2025-11-09T00:00:00+00:00, run_after=2025-11-16T00:00:00+00:00
[2025-11-16T01:12:04.379+0000] {processor.py:179} INFO - Processing /opt/airflow/dags/pipeline_productivo.py took 1.353 seconds
[2025-11-16T01:12:34.595+0000] {processor.py:157} INFO - Started process (PID=9270) to work on /opt/airflow/dags/pipeline_productivo.py
[2025-11-16T01:12:34.596+0000] {processor.py:829} INFO - Processing file /opt/airflow/dags/pipeline_productivo.py for tasks to queue
[2025-11-16T01:12:34.597+0000] {logging_mixin.py:154} INFO - [2025-11-16T01:12:34.596+0000] {dagbag.py:536} INFO - Filling up the DagBag from /opt/airflow/dags/pipeline_productivo.py
[2025-11-16T01:12:35.843+0000] {processor.py:839} INFO - DAG(s) dict_keys(['sodai_drinks_production_pipeline']) retrieved from /opt/airflow/dags/pipeline_productivo.py
[2025-11-16T01:12:35.858+0000] {logging_mixin.py:154} INFO - [2025-11-16T01:12:35.858+0000] {dag.py:2941} INFO - Sync 1 DAGs
[2025-11-16T01:12:35.868+0000] {logging_mixin.py:154} INFO - [2025-11-16T01:12:35.868+0000] {dag.py:3722} INFO - Setting next_dagrun for sodai_drinks_production_pipeline to 2025-11-09T00:00:00+00:00, run_after=2025-11-16T00:00:00+00:00
[2025-11-16T01:12:35.877+0000] {processor.py:179} INFO - Processing /opt/airflow/dags/pipeline_productivo.py took 1.284 seconds
[2025-11-16T01:13:06.101+0000] {processor.py:157} INFO - Started process (PID=9335) to work on /opt/airflow/dags/pipeline_productivo.py
[2025-11-16T01:13:06.102+0000] {processor.py:829} INFO - Processing file /opt/airflow/dags/pipeline_productivo.py for tasks to queue
[2025-11-16T01:13:06.102+0000] {logging_mixin.py:154} INFO - [2025-11-16T01:13:06.102+0000] {dagbag.py:536} INFO - Filling up the DagBag from /opt/airflow/dags/pipeline_productivo.py
[2025-11-16T01:13:07.267+0000] {processor.py:839} INFO - DAG(s) dict_keys(['sodai_drinks_production_pipeline']) retrieved from /opt/airflow/dags/pipeline_productivo.py
[2025-11-16T01:13:07.285+0000] {logging_mixin.py:154} INFO - [2025-11-16T01:13:07.284+0000] {dag.py:2941} INFO - Sync 1 DAGs
[2025-11-16T01:13:07.299+0000] {logging_mixin.py:154} INFO - [2025-11-16T01:13:07.299+0000] {dag.py:3722} INFO - Setting next_dagrun for sodai_drinks_production_pipeline to 2025-11-09T00:00:00+00:00, run_after=2025-11-16T00:00:00+00:00
[2025-11-16T01:13:07.309+0000] {processor.py:179} INFO - Processing /opt/airflow/dags/pipeline_productivo.py took 1.211 seconds
[2025-11-16T01:13:37.687+0000] {processor.py:157} INFO - Started process (PID=9394) to work on /opt/airflow/dags/pipeline_productivo.py
[2025-11-16T01:13:37.688+0000] {processor.py:829} INFO - Processing file /opt/airflow/dags/pipeline_productivo.py for tasks to queue
[2025-11-16T01:13:37.688+0000] {logging_mixin.py:154} INFO - [2025-11-16T01:13:37.688+0000] {dagbag.py:536} INFO - Filling up the DagBag from /opt/airflow/dags/pipeline_productivo.py
[2025-11-16T01:13:38.912+0000] {processor.py:839} INFO - DAG(s) dict_keys(['sodai_drinks_production_pipeline']) retrieved from /opt/airflow/dags/pipeline_productivo.py
[2025-11-16T01:13:38.928+0000] {logging_mixin.py:154} INFO - [2025-11-16T01:13:38.927+0000] {dag.py:2941} INFO - Sync 1 DAGs
[2025-11-16T01:13:39.078+0000] {logging_mixin.py:154} INFO - [2025-11-16T01:13:39.078+0000] {dag.py:3722} INFO - Setting next_dagrun for sodai_drinks_production_pipeline to 2025-11-09T00:00:00+00:00, run_after=2025-11-16T00:00:00+00:00
[2025-11-16T01:13:39.090+0000] {processor.py:179} INFO - Processing /opt/airflow/dags/pipeline_productivo.py took 1.407 seconds
[2025-11-16T01:14:09.381+0000] {processor.py:157} INFO - Started process (PID=9453) to work on /opt/airflow/dags/pipeline_productivo.py
[2025-11-16T01:14:09.381+0000] {processor.py:829} INFO - Processing file /opt/airflow/dags/pipeline_productivo.py for tasks to queue
[2025-11-16T01:14:09.381+0000] {logging_mixin.py:154} INFO - [2025-11-16T01:14:09.381+0000] {dagbag.py:536} INFO - Filling up the DagBag from /opt/airflow/dags/pipeline_productivo.py
[2025-11-16T01:14:10.436+0000] {processor.py:839} INFO - DAG(s) dict_keys(['sodai_drinks_production_pipeline']) retrieved from /opt/airflow/dags/pipeline_productivo.py
[2025-11-16T01:14:10.452+0000] {logging_mixin.py:154} INFO - [2025-11-16T01:14:10.452+0000] {dag.py:2941} INFO - Sync 1 DAGs
[2025-11-16T01:14:09.854+0000] {logging_mixin.py:154} INFO - [2025-11-16T01:14:09.854+0000] {dag.py:3722} INFO - Setting next_dagrun for sodai_drinks_production_pipeline to 2025-11-09T00:00:00+00:00, run_after=2025-11-16T00:00:00+00:00
[2025-11-16T01:14:09.863+0000] {processor.py:179} INFO - Processing /opt/airflow/dags/pipeline_productivo.py took 1.208 seconds
[2025-11-16T01:14:39.968+0000] {processor.py:157} INFO - Started process (PID=9512) to work on /opt/airflow/dags/pipeline_productivo.py
[2025-11-16T01:14:39.968+0000] {processor.py:829} INFO - Processing file /opt/airflow/dags/pipeline_productivo.py for tasks to queue
[2025-11-16T01:14:39.969+0000] {logging_mixin.py:154} INFO - [2025-11-16T01:14:39.969+0000] {dagbag.py:536} INFO - Filling up the DagBag from /opt/airflow/dags/pipeline_productivo.py
[2025-11-16T01:14:41.088+0000] {processor.py:839} INFO - DAG(s) dict_keys(['sodai_drinks_production_pipeline']) retrieved from /opt/airflow/dags/pipeline_productivo.py
[2025-11-16T01:14:41.217+0000] {logging_mixin.py:154} INFO - [2025-11-16T01:14:41.217+0000] {dag.py:2941} INFO - Sync 1 DAGs
[2025-11-16T01:14:41.228+0000] {logging_mixin.py:154} INFO - [2025-11-16T01:14:41.228+0000] {dag.py:3722} INFO - Setting next_dagrun for sodai_drinks_production_pipeline to 2025-11-09T00:00:00+00:00, run_after=2025-11-16T00:00:00+00:00
[2025-11-16T01:14:41.238+0000] {processor.py:179} INFO - Processing /opt/airflow/dags/pipeline_productivo.py took 1.273 seconds
[2025-11-16T01:15:11.447+0000] {processor.py:157} INFO - Started process (PID=9571) to work on /opt/airflow/dags/pipeline_productivo.py
[2025-11-16T01:15:11.447+0000] {processor.py:829} INFO - Processing file /opt/airflow/dags/pipeline_productivo.py for tasks to queue
[2025-11-16T01:15:11.448+0000] {logging_mixin.py:154} INFO - [2025-11-16T01:15:11.448+0000] {dagbag.py:536} INFO - Filling up the DagBag from /opt/airflow/dags/pipeline_productivo.py
[2025-11-16T01:15:12.709+0000] {processor.py:839} INFO - DAG(s) dict_keys(['sodai_drinks_production_pipeline']) retrieved from /opt/airflow/dags/pipeline_productivo.py
[2025-11-16T01:15:12.734+0000] {logging_mixin.py:154} INFO - [2025-11-16T01:15:12.734+0000] {dag.py:2941} INFO - Sync 1 DAGs
[2025-11-16T01:15:12.751+0000] {logging_mixin.py:154} INFO - [2025-11-16T01:15:12.751+0000] {dag.py:3722} INFO - Setting next_dagrun for sodai_drinks_production_pipeline to 2025-11-09T00:00:00+00:00, run_after=2025-11-16T00:00:00+00:00
[2025-11-16T01:15:12.767+0000] {processor.py:179} INFO - Processing /opt/airflow/dags/pipeline_productivo.py took 1.323 seconds
[2025-11-16T01:15:42.966+0000] {processor.py:157} INFO - Started process (PID=9630) to work on /opt/airflow/dags/pipeline_productivo.py
[2025-11-16T01:15:42.968+0000] {processor.py:829} INFO - Processing file /opt/airflow/dags/pipeline_productivo.py for tasks to queue
[2025-11-16T01:15:42.968+0000] {logging_mixin.py:154} INFO - [2025-11-16T01:15:42.968+0000] {dagbag.py:536} INFO - Filling up the DagBag from /opt/airflow/dags/pipeline_productivo.py
[2025-11-16T01:15:44.214+0000] {processor.py:839} INFO - DAG(s) dict_keys(['sodai_drinks_production_pipeline']) retrieved from /opt/airflow/dags/pipeline_productivo.py
[2025-11-16T01:15:44.230+0000] {logging_mixin.py:154} INFO - [2025-11-16T01:15:44.230+0000] {dag.py:2941} INFO - Sync 1 DAGs
[2025-11-16T01:15:44.378+0000] {logging_mixin.py:154} INFO - [2025-11-16T01:15:44.378+0000] {dag.py:3722} INFO - Setting next_dagrun for sodai_drinks_production_pipeline to 2025-11-09T00:00:00+00:00, run_after=2025-11-16T00:00:00+00:00
[2025-11-16T01:15:44.390+0000] {processor.py:179} INFO - Processing /opt/airflow/dags/pipeline_productivo.py took 1.426 seconds
[2025-11-16T01:16:14.446+0000] {processor.py:157} INFO - Started process (PID=9689) to work on /opt/airflow/dags/pipeline_productivo.py
[2025-11-16T01:16:14.447+0000] {processor.py:829} INFO - Processing file /opt/airflow/dags/pipeline_productivo.py for tasks to queue
[2025-11-16T01:16:14.447+0000] {logging_mixin.py:154} INFO - [2025-11-16T01:16:14.447+0000] {dagbag.py:536} INFO - Filling up the DagBag from /opt/airflow/dags/pipeline_productivo.py
[2025-11-16T01:16:15.544+0000] {processor.py:839} INFO - DAG(s) dict_keys(['sodai_drinks_production_pipeline']) retrieved from /opt/airflow/dags/pipeline_productivo.py
[2025-11-16T01:16:15.684+0000] {logging_mixin.py:154} INFO - [2025-11-16T01:16:15.560+0000] {dag.py:2941} INFO - Sync 1 DAGs
[2025-11-16T01:16:15.697+0000] {logging_mixin.py:154} INFO - [2025-11-16T01:16:15.697+0000] {dag.py:3722} INFO - Setting next_dagrun for sodai_drinks_production_pipeline to 2025-11-09T00:00:00+00:00, run_after=2025-11-16T00:00:00+00:00
[2025-11-16T01:16:15.706+0000] {processor.py:179} INFO - Processing /opt/airflow/dags/pipeline_productivo.py took 1.263 seconds
[2025-11-16T01:16:45.959+0000] {processor.py:157} INFO - Started process (PID=9748) to work on /opt/airflow/dags/pipeline_productivo.py
[2025-11-16T01:16:45.961+0000] {processor.py:829} INFO - Processing file /opt/airflow/dags/pipeline_productivo.py for tasks to queue
[2025-11-16T01:16:45.961+0000] {logging_mixin.py:154} INFO - [2025-11-16T01:16:45.961+0000] {dagbag.py:536} INFO - Filling up the DagBag from /opt/airflow/dags/pipeline_productivo.py
[2025-11-16T01:16:47.308+0000] {processor.py:839} INFO - DAG(s) dict_keys(['sodai_drinks_production_pipeline']) retrieved from /opt/airflow/dags/pipeline_productivo.py
[2025-11-16T01:16:47.321+0000] {logging_mixin.py:154} INFO - [2025-11-16T01:16:47.321+0000] {dag.py:2941} INFO - Sync 1 DAGs
[2025-11-16T01:16:47.331+0000] {logging_mixin.py:154} INFO - [2025-11-16T01:16:47.331+0000] {dag.py:3722} INFO - Setting next_dagrun for sodai_drinks_production_pipeline to 2025-11-09T00:00:00+00:00, run_after=2025-11-16T00:00:00+00:00
[2025-11-16T01:16:47.340+0000] {processor.py:179} INFO - Processing /opt/airflow/dags/pipeline_productivo.py took 1.384 seconds
[2025-11-16T01:17:17.403+0000] {processor.py:157} INFO - Started process (PID=9807) to work on /opt/airflow/dags/pipeline_productivo.py
[2025-11-16T01:17:17.403+0000] {processor.py:829} INFO - Processing file /opt/airflow/dags/pipeline_productivo.py for tasks to queue
[2025-11-16T01:17:17.404+0000] {logging_mixin.py:154} INFO - [2025-11-16T01:17:17.404+0000] {dagbag.py:536} INFO - Filling up the DagBag from /opt/airflow/dags/pipeline_productivo.py
[2025-11-16T01:17:18.719+0000] {processor.py:839} INFO - DAG(s) dict_keys(['sodai_drinks_production_pipeline']) retrieved from /opt/airflow/dags/pipeline_productivo.py
[2025-11-16T01:17:18.734+0000] {logging_mixin.py:154} INFO - [2025-11-16T01:17:18.733+0000] {dag.py:2941} INFO - Sync 1 DAGs
[2025-11-16T01:17:18.745+0000] {logging_mixin.py:154} INFO - [2025-11-16T01:17:18.745+0000] {dag.py:3722} INFO - Setting next_dagrun for sodai_drinks_production_pipeline to 2025-11-09T00:00:00+00:00, run_after=2025-11-16T00:00:00+00:00
[2025-11-16T01:17:18.755+0000] {processor.py:179} INFO - Processing /opt/airflow/dags/pipeline_productivo.py took 1.356 seconds
[2025-11-16T01:17:48.961+0000] {processor.py:157} INFO - Started process (PID=9859) to work on /opt/airflow/dags/pipeline_productivo.py
[2025-11-16T01:17:48.962+0000] {processor.py:829} INFO - Processing file /opt/airflow/dags/pipeline_productivo.py for tasks to queue
[2025-11-16T01:17:48.962+0000] {logging_mixin.py:154} INFO - [2025-11-16T01:17:48.962+0000] {dagbag.py:536} INFO - Filling up the DagBag from /opt/airflow/dags/pipeline_productivo.py
[2025-11-16T01:17:50.155+0000] {processor.py:839} INFO - DAG(s) dict_keys(['sodai_drinks_production_pipeline']) retrieved from /opt/airflow/dags/pipeline_productivo.py
[2025-11-16T01:17:50.170+0000] {logging_mixin.py:154} INFO - [2025-11-16T01:17:50.170+0000] {dag.py:2941} INFO - Sync 1 DAGs
[2025-11-16T01:17:50.302+0000] {logging_mixin.py:154} INFO - [2025-11-16T01:17:50.302+0000] {dag.py:3722} INFO - Setting next_dagrun for sodai_drinks_production_pipeline to 2025-11-09T00:00:00+00:00, run_after=2025-11-16T00:00:00+00:00
[2025-11-16T01:17:50.312+0000] {processor.py:179} INFO - Processing /opt/airflow/dags/pipeline_productivo.py took 1.354 seconds
[2025-11-16T01:18:20.504+0000] {processor.py:157} INFO - Started process (PID=9918) to work on /opt/airflow/dags/pipeline_productivo.py
[2025-11-16T01:18:20.505+0000] {processor.py:829} INFO - Processing file /opt/airflow/dags/pipeline_productivo.py for tasks to queue
[2025-11-16T01:18:20.505+0000] {logging_mixin.py:154} INFO - [2025-11-16T01:18:20.505+0000] {dagbag.py:536} INFO - Filling up the DagBag from /opt/airflow/dags/pipeline_productivo.py
[2025-11-16T01:18:21.651+0000] {processor.py:839} INFO - DAG(s) dict_keys(['sodai_drinks_production_pipeline']) retrieved from /opt/airflow/dags/pipeline_productivo.py
[2025-11-16T01:18:21.786+0000] {logging_mixin.py:154} INFO - [2025-11-16T01:18:21.665+0000] {dag.py:2941} INFO - Sync 1 DAGs
[2025-11-16T01:18:21.800+0000] {logging_mixin.py:154} INFO - [2025-11-16T01:18:21.800+0000] {dag.py:3722} INFO - Setting next_dagrun for sodai_drinks_production_pipeline to 2025-11-09T00:00:00+00:00, run_after=2025-11-16T00:00:00+00:00
[2025-11-16T01:18:21.810+0000] {processor.py:179} INFO - Processing /opt/airflow/dags/pipeline_productivo.py took 1.308 seconds
[2025-11-16T01:18:51.865+0000] {processor.py:157} INFO - Started process (PID=9984) to work on /opt/airflow/dags/pipeline_productivo.py
[2025-11-16T01:18:51.865+0000] {processor.py:829} INFO - Processing file /opt/airflow/dags/pipeline_productivo.py for tasks to queue
[2025-11-16T01:18:51.866+0000] {logging_mixin.py:154} INFO - [2025-11-16T01:18:51.866+0000] {dagbag.py:536} INFO - Filling up the DagBag from /opt/airflow/dags/pipeline_productivo.py
[2025-11-16T01:18:53.133+0000] {processor.py:839} INFO - DAG(s) dict_keys(['sodai_drinks_production_pipeline']) retrieved from /opt/airflow/dags/pipeline_productivo.py
[2025-11-16T01:18:53.147+0000] {logging_mixin.py:154} INFO - [2025-11-16T01:18:53.147+0000] {dag.py:2941} INFO - Sync 1 DAGs
[2025-11-16T01:18:53.157+0000] {logging_mixin.py:154} INFO - [2025-11-16T01:18:53.157+0000] {dag.py:3722} INFO - Setting next_dagrun for sodai_drinks_production_pipeline to 2025-11-09T00:00:00+00:00, run_after=2025-11-16T00:00:00+00:00
[2025-11-16T01:18:53.166+0000] {processor.py:179} INFO - Processing /opt/airflow/dags/pipeline_productivo.py took 1.304 seconds
[2025-11-16T01:19:23.753+0000] {processor.py:157} INFO - Started process (PID=10053) to work on /opt/airflow/dags/pipeline_productivo.py
[2025-11-16T01:19:23.754+0000] {processor.py:829} INFO - Processing file /opt/airflow/dags/pipeline_productivo.py for tasks to queue
[2025-11-16T01:19:23.754+0000] {logging_mixin.py:154} INFO - [2025-11-16T01:19:23.754+0000] {dagbag.py:536} INFO - Filling up the DagBag from /opt/airflow/dags/pipeline_productivo.py
[2025-11-16T01:19:25.056+0000] {processor.py:839} INFO - DAG(s) dict_keys(['sodai_drinks_production_pipeline']) retrieved from /opt/airflow/dags/pipeline_productivo.py
[2025-11-16T01:19:25.071+0000] {logging_mixin.py:154} INFO - [2025-11-16T01:19:25.070+0000] {dag.py:2941} INFO - Sync 1 DAGs
[2025-11-16T01:19:25.082+0000] {logging_mixin.py:154} INFO - [2025-11-16T01:19:25.082+0000] {dag.py:3722} INFO - Setting next_dagrun for sodai_drinks_production_pipeline to 2025-11-09T00:00:00+00:00, run_after=2025-11-16T00:00:00+00:00
[2025-11-16T01:19:25.205+0000] {processor.py:179} INFO - Processing /opt/airflow/dags/pipeline_productivo.py took 1.455 seconds
[2025-11-16T01:19:55.370+0000] {processor.py:157} INFO - Started process (PID=10113) to work on /opt/airflow/dags/pipeline_productivo.py
[2025-11-16T01:19:55.371+0000] {processor.py:829} INFO - Processing file /opt/airflow/dags/pipeline_productivo.py for tasks to queue
[2025-11-16T01:19:55.371+0000] {logging_mixin.py:154} INFO - [2025-11-16T01:19:55.371+0000] {dagbag.py:536} INFO - Filling up the DagBag from /opt/airflow/dags/pipeline_productivo.py
[2025-11-16T01:19:56.676+0000] {processor.py:839} INFO - DAG(s) dict_keys(['sodai_drinks_production_pipeline']) retrieved from /opt/airflow/dags/pipeline_productivo.py
[2025-11-16T01:19:56.691+0000] {logging_mixin.py:154} INFO - [2025-11-16T01:19:56.691+0000] {dag.py:2941} INFO - Sync 1 DAGs
[2025-11-16T01:19:56.837+0000] {logging_mixin.py:154} INFO - [2025-11-16T01:19:56.837+0000] {dag.py:3722} INFO - Setting next_dagrun for sodai_drinks_production_pipeline to 2025-11-09T00:00:00+00:00, run_after=2025-11-16T00:00:00+00:00
[2025-11-16T01:19:56.847+0000] {processor.py:179} INFO - Processing /opt/airflow/dags/pipeline_productivo.py took 1.480 seconds
[2025-11-16T01:20:27.488+0000] {processor.py:157} INFO - Started process (PID=10170) to work on /opt/airflow/dags/pipeline_productivo.py
[2025-11-16T01:20:27.489+0000] {processor.py:829} INFO - Processing file /opt/airflow/dags/pipeline_productivo.py for tasks to queue
[2025-11-16T01:20:27.489+0000] {logging_mixin.py:154} INFO - [2025-11-16T01:20:27.489+0000] {dagbag.py:536} INFO - Filling up the DagBag from /opt/airflow/dags/pipeline_productivo.py
[2025-11-16T01:20:29.043+0000] {processor.py:839} INFO - DAG(s) dict_keys(['sodai_drinks_production_pipeline']) retrieved from /opt/airflow/dags/pipeline_productivo.py
[2025-11-16T01:20:29.232+0000] {logging_mixin.py:154} INFO - [2025-11-16T01:20:29.231+0000] {dag.py:2941} INFO - Sync 1 DAGs
[2025-11-16T01:20:29.245+0000] {logging_mixin.py:154} INFO - [2025-11-16T01:20:29.244+0000] {dag.py:3722} INFO - Setting next_dagrun for sodai_drinks_production_pipeline to 2025-11-09T00:00:00+00:00, run_after=2025-11-16T00:00:00+00:00
[2025-11-16T01:20:29.256+0000] {processor.py:179} INFO - Processing /opt/airflow/dags/pipeline_productivo.py took 1.771 seconds
[2025-11-16T01:20:59.602+0000] {processor.py:157} INFO - Started process (PID=10229) to work on /opt/airflow/dags/pipeline_productivo.py
[2025-11-16T01:20:59.603+0000] {processor.py:829} INFO - Processing file /opt/airflow/dags/pipeline_productivo.py for tasks to queue
[2025-11-16T01:20:59.603+0000] {logging_mixin.py:154} INFO - [2025-11-16T01:20:59.603+0000] {dagbag.py:536} INFO - Filling up the DagBag from /opt/airflow/dags/pipeline_productivo.py
[2025-11-16T01:21:00.817+0000] {processor.py:839} INFO - DAG(s) dict_keys(['sodai_drinks_production_pipeline']) retrieved from /opt/airflow/dags/pipeline_productivo.py
[2025-11-16T01:21:00.832+0000] {logging_mixin.py:154} INFO - [2025-11-16T01:21:00.832+0000] {dag.py:2941} INFO - Sync 1 DAGs
[2025-11-16T01:21:00.844+0000] {logging_mixin.py:154} INFO - [2025-11-16T01:21:00.844+0000] {dag.py:3722} INFO - Setting next_dagrun for sodai_drinks_production_pipeline to 2025-11-09T00:00:00+00:00, run_after=2025-11-16T00:00:00+00:00
[2025-11-16T01:21:00.854+0000] {processor.py:179} INFO - Processing /opt/airflow/dags/pipeline_productivo.py took 1.254 seconds
[2025-11-16T01:21:31.020+0000] {processor.py:157} INFO - Started process (PID=10288) to work on /opt/airflow/dags/pipeline_productivo.py
[2025-11-16T01:21:31.020+0000] {processor.py:829} INFO - Processing file /opt/airflow/dags/pipeline_productivo.py for tasks to queue
[2025-11-16T01:21:31.021+0000] {logging_mixin.py:154} INFO - [2025-11-16T01:21:31.021+0000] {dagbag.py:536} INFO - Filling up the DagBag from /opt/airflow/dags/pipeline_productivo.py
[2025-11-16T01:21:32.227+0000] {processor.py:839} INFO - DAG(s) dict_keys(['sodai_drinks_production_pipeline']) retrieved from /opt/airflow/dags/pipeline_productivo.py
[2025-11-16T01:21:32.244+0000] {logging_mixin.py:154} INFO - [2025-11-16T01:21:32.244+0000] {dag.py:2941} INFO - Sync 1 DAGs
[2025-11-16T01:21:32.377+0000] {logging_mixin.py:154} INFO - [2025-11-16T01:21:32.376+0000] {dag.py:3722} INFO - Setting next_dagrun for sodai_drinks_production_pipeline to 2025-11-09T00:00:00+00:00, run_after=2025-11-16T00:00:00+00:00
[2025-11-16T01:21:32.388+0000] {processor.py:179} INFO - Processing /opt/airflow/dags/pipeline_productivo.py took 1.370 seconds
[2025-11-16T01:22:02.605+0000] {processor.py:157} INFO - Started process (PID=10347) to work on /opt/airflow/dags/pipeline_productivo.py
[2025-11-16T01:22:02.606+0000] {processor.py:829} INFO - Processing file /opt/airflow/dags/pipeline_productivo.py for tasks to queue
[2025-11-16T01:22:02.607+0000] {logging_mixin.py:154} INFO - [2025-11-16T01:22:02.607+0000] {dagbag.py:536} INFO - Filling up the DagBag from /opt/airflow/dags/pipeline_productivo.py
[2025-11-16T01:22:03.752+0000] {processor.py:839} INFO - DAG(s) dict_keys(['sodai_drinks_production_pipeline']) retrieved from /opt/airflow/dags/pipeline_productivo.py
[2025-11-16T01:22:03.767+0000] {logging_mixin.py:154} INFO - [2025-11-16T01:22:03.767+0000] {dag.py:2941} INFO - Sync 1 DAGs
[2025-11-16T01:22:03.905+0000] {logging_mixin.py:154} INFO - [2025-11-16T01:22:03.904+0000] {dag.py:3722} INFO - Setting next_dagrun for sodai_drinks_production_pipeline to 2025-11-09T00:00:00+00:00, run_after=2025-11-16T00:00:00+00:00
[2025-11-16T01:22:03.915+0000] {processor.py:179} INFO - Processing /opt/airflow/dags/pipeline_productivo.py took 1.312 seconds
[2025-11-16T01:22:34.017+0000] {processor.py:157} INFO - Started process (PID=10413) to work on /opt/airflow/dags/pipeline_productivo.py
[2025-11-16T01:22:34.018+0000] {processor.py:829} INFO - Processing file /opt/airflow/dags/pipeline_productivo.py for tasks to queue
[2025-11-16T01:22:34.018+0000] {logging_mixin.py:154} INFO - [2025-11-16T01:22:34.018+0000] {dagbag.py:536} INFO - Filling up the DagBag from /opt/airflow/dags/pipeline_productivo.py
[2025-11-16T01:22:35.228+0000] {processor.py:839} INFO - DAG(s) dict_keys(['sodai_drinks_production_pipeline']) retrieved from /opt/airflow/dags/pipeline_productivo.py
[2025-11-16T01:22:35.351+0000] {logging_mixin.py:154} INFO - [2025-11-16T01:22:35.351+0000] {dag.py:2941} INFO - Sync 1 DAGs
[2025-11-16T01:22:35.362+0000] {logging_mixin.py:154} INFO - [2025-11-16T01:22:35.362+0000] {dag.py:3722} INFO - Setting next_dagrun for sodai_drinks_production_pipeline to 2025-11-09T00:00:00+00:00, run_after=2025-11-16T00:00:00+00:00
[2025-11-16T01:22:35.371+0000] {processor.py:179} INFO - Processing /opt/airflow/dags/pipeline_productivo.py took 1.356 seconds
[2025-11-16T01:23:05.517+0000] {processor.py:157} INFO - Started process (PID=10465) to work on /opt/airflow/dags/pipeline_productivo.py
[2025-11-16T01:23:05.518+0000] {processor.py:829} INFO - Processing file /opt/airflow/dags/pipeline_productivo.py for tasks to queue
[2025-11-16T01:23:05.518+0000] {logging_mixin.py:154} INFO - [2025-11-16T01:23:05.518+0000] {dagbag.py:536} INFO - Filling up the DagBag from /opt/airflow/dags/pipeline_productivo.py
[2025-11-16T01:23:06.791+0000] {processor.py:839} INFO - DAG(s) dict_keys(['sodai_drinks_production_pipeline']) retrieved from /opt/airflow/dags/pipeline_productivo.py
[2025-11-16T01:23:06.807+0000] {logging_mixin.py:154} INFO - [2025-11-16T01:23:06.807+0000] {dag.py:2941} INFO - Sync 1 DAGs
[2025-11-16T01:23:06.818+0000] {logging_mixin.py:154} INFO - [2025-11-16T01:23:06.818+0000] {dag.py:3722} INFO - Setting next_dagrun for sodai_drinks_production_pipeline to 2025-11-09T00:00:00+00:00, run_after=2025-11-16T00:00:00+00:00
[2025-11-16T01:23:06.827+0000] {processor.py:179} INFO - Processing /opt/airflow/dags/pipeline_productivo.py took 1.313 seconds
[2025-11-16T01:23:37.034+0000] {processor.py:157} INFO - Started process (PID=10524) to work on /opt/airflow/dags/pipeline_productivo.py
[2025-11-16T01:23:37.034+0000] {processor.py:829} INFO - Processing file /opt/airflow/dags/pipeline_productivo.py for tasks to queue
[2025-11-16T01:23:37.035+0000] {logging_mixin.py:154} INFO - [2025-11-16T01:23:37.034+0000] {dagbag.py:536} INFO - Filling up the DagBag from /opt/airflow/dags/pipeline_productivo.py
[2025-11-16T01:23:38.201+0000] {processor.py:839} INFO - DAG(s) dict_keys(['sodai_drinks_production_pipeline']) retrieved from /opt/airflow/dags/pipeline_productivo.py
[2025-11-16T01:23:38.217+0000] {logging_mixin.py:154} INFO - [2025-11-16T01:23:38.217+0000] {dag.py:2941} INFO - Sync 1 DAGs
[2025-11-16T01:23:38.358+0000] {logging_mixin.py:154} INFO - [2025-11-16T01:23:38.357+0000] {dag.py:3722} INFO - Setting next_dagrun for sodai_drinks_production_pipeline to 2025-11-09T00:00:00+00:00, run_after=2025-11-16T00:00:00+00:00
[2025-11-16T01:23:38.369+0000] {processor.py:179} INFO - Processing /opt/airflow/dags/pipeline_productivo.py took 1.339 seconds
[2025-11-16T01:24:08.536+0000] {processor.py:157} INFO - Started process (PID=10583) to work on /opt/airflow/dags/pipeline_productivo.py
[2025-11-16T01:24:08.537+0000] {processor.py:829} INFO - Processing file /opt/airflow/dags/pipeline_productivo.py for tasks to queue
[2025-11-16T01:24:08.537+0000] {logging_mixin.py:154} INFO - [2025-11-16T01:24:08.537+0000] {dagbag.py:536} INFO - Filling up the DagBag from /opt/airflow/dags/pipeline_productivo.py
[2025-11-16T01:24:09.700+0000] {processor.py:839} INFO - DAG(s) dict_keys(['sodai_drinks_production_pipeline']) retrieved from /opt/airflow/dags/pipeline_productivo.py
[2025-11-16T01:24:09.715+0000] {logging_mixin.py:154} INFO - [2025-11-16T01:24:09.715+0000] {dag.py:2941} INFO - Sync 1 DAGs
[2025-11-16T01:24:09.855+0000] {logging_mixin.py:154} INFO - [2025-11-16T01:24:09.855+0000] {dag.py:3722} INFO - Setting next_dagrun for sodai_drinks_production_pipeline to 2025-11-09T00:00:00+00:00, run_after=2025-11-16T00:00:00+00:00
[2025-11-16T01:24:09.865+0000] {processor.py:179} INFO - Processing /opt/airflow/dags/pipeline_productivo.py took 1.332 seconds
[2025-11-16T01:24:40.000+0000] {processor.py:157} INFO - Started process (PID=10642) to work on /opt/airflow/dags/pipeline_productivo.py
[2025-11-16T01:24:40.000+0000] {processor.py:829} INFO - Processing file /opt/airflow/dags/pipeline_productivo.py for tasks to queue
[2025-11-16T01:24:40.001+0000] {logging_mixin.py:154} INFO - [2025-11-16T01:24:40.001+0000] {dagbag.py:536} INFO - Filling up the DagBag from /opt/airflow/dags/pipeline_productivo.py
[2025-11-16T01:24:41.166+0000] {processor.py:839} INFO - DAG(s) dict_keys(['sodai_drinks_production_pipeline']) retrieved from /opt/airflow/dags/pipeline_productivo.py
[2025-11-16T01:24:41.297+0000] {logging_mixin.py:154} INFO - [2025-11-16T01:24:41.296+0000] {dag.py:2941} INFO - Sync 1 DAGs
[2025-11-16T01:24:41.308+0000] {logging_mixin.py:154} INFO - [2025-11-16T01:24:41.308+0000] {dag.py:3722} INFO - Setting next_dagrun for sodai_drinks_production_pipeline to 2025-11-09T00:00:00+00:00, run_after=2025-11-16T00:00:00+00:00
[2025-11-16T01:24:41.317+0000] {processor.py:179} INFO - Processing /opt/airflow/dags/pipeline_productivo.py took 1.320 seconds
[2025-11-16T01:25:11.542+0000] {processor.py:157} INFO - Started process (PID=10702) to work on /opt/airflow/dags/pipeline_productivo.py
[2025-11-16T01:25:11.542+0000] {processor.py:829} INFO - Processing file /opt/airflow/dags/pipeline_productivo.py for tasks to queue
[2025-11-16T01:25:11.543+0000] {logging_mixin.py:154} INFO - [2025-11-16T01:25:11.543+0000] {dagbag.py:536} INFO - Filling up the DagBag from /opt/airflow/dags/pipeline_productivo.py
[2025-11-16T01:25:12.711+0000] {processor.py:839} INFO - DAG(s) dict_keys(['sodai_drinks_production_pipeline']) retrieved from /opt/airflow/dags/pipeline_productivo.py
[2025-11-16T01:25:12.727+0000] {logging_mixin.py:154} INFO - [2025-11-16T01:25:12.727+0000] {dag.py:2941} INFO - Sync 1 DAGs
[2025-11-16T01:25:12.738+0000] {logging_mixin.py:154} INFO - [2025-11-16T01:25:12.738+0000] {dag.py:3722} INFO - Setting next_dagrun for sodai_drinks_production_pipeline to 2025-11-09T00:00:00+00:00, run_after=2025-11-16T00:00:00+00:00
[2025-11-16T01:25:12.746+0000] {processor.py:179} INFO - Processing /opt/airflow/dags/pipeline_productivo.py took 1.207 seconds
[2025-11-16T01:25:42.849+0000] {processor.py:157} INFO - Started process (PID=10761) to work on /opt/airflow/dags/pipeline_productivo.py
[2025-11-16T01:25:42.850+0000] {processor.py:829} INFO - Processing file /opt/airflow/dags/pipeline_productivo.py for tasks to queue
[2025-11-16T01:25:42.851+0000] {logging_mixin.py:154} INFO - [2025-11-16T01:25:42.850+0000] {dagbag.py:536} INFO - Filling up the DagBag from /opt/airflow/dags/pipeline_productivo.py
[2025-11-16T01:25:43.994+0000] {processor.py:839} INFO - DAG(s) dict_keys(['sodai_drinks_production_pipeline']) retrieved from /opt/airflow/dags/pipeline_productivo.py
[2025-11-16T01:25:44.010+0000] {logging_mixin.py:154} INFO - [2025-11-16T01:25:44.009+0000] {dag.py:2941} INFO - Sync 1 DAGs
[2025-11-16T01:25:44.138+0000] {logging_mixin.py:154} INFO - [2025-11-16T01:25:44.138+0000] {dag.py:3722} INFO - Setting next_dagrun for sodai_drinks_production_pipeline to 2025-11-09T00:00:00+00:00, run_after=2025-11-16T00:00:00+00:00
[2025-11-16T01:25:44.151+0000] {processor.py:179} INFO - Processing /opt/airflow/dags/pipeline_productivo.py took 1.304 seconds
[2025-11-16T01:26:14.357+0000] {processor.py:157} INFO - Started process (PID=10820) to work on /opt/airflow/dags/pipeline_productivo.py
[2025-11-16T01:26:14.358+0000] {processor.py:829} INFO - Processing file /opt/airflow/dags/pipeline_productivo.py for tasks to queue
[2025-11-16T01:26:14.359+0000] {logging_mixin.py:154} INFO - [2025-11-16T01:26:14.358+0000] {dagbag.py:536} INFO - Filling up the DagBag from /opt/airflow/dags/pipeline_productivo.py
[2025-11-16T01:26:15.734+0000] {processor.py:839} INFO - DAG(s) dict_keys(['sodai_drinks_production_pipeline']) retrieved from /opt/airflow/dags/pipeline_productivo.py
[2025-11-16T01:26:15.753+0000] {logging_mixin.py:154} INFO - [2025-11-16T01:26:15.753+0000] {dag.py:2941} INFO - Sync 1 DAGs
[2025-11-16T01:26:15.891+0000] {logging_mixin.py:154} INFO - [2025-11-16T01:26:15.891+0000] {dag.py:3722} INFO - Setting next_dagrun for sodai_drinks_production_pipeline to 2025-11-09T00:00:00+00:00, run_after=2025-11-16T00:00:00+00:00
[2025-11-16T01:26:15.900+0000] {processor.py:179} INFO - Processing /opt/airflow/dags/pipeline_productivo.py took 1.546 seconds
[2025-11-16T01:26:46.449+0000] {processor.py:157} INFO - Started process (PID=10879) to work on /opt/airflow/dags/pipeline_productivo.py
[2025-11-16T01:26:46.450+0000] {processor.py:829} INFO - Processing file /opt/airflow/dags/pipeline_productivo.py for tasks to queue
[2025-11-16T01:26:46.450+0000] {logging_mixin.py:154} INFO - [2025-11-16T01:26:46.450+0000] {dagbag.py:536} INFO - Filling up the DagBag from /opt/airflow/dags/pipeline_productivo.py
[2025-11-16T01:26:47.628+0000] {processor.py:839} INFO - DAG(s) dict_keys(['sodai_drinks_production_pipeline']) retrieved from /opt/airflow/dags/pipeline_productivo.py
[2025-11-16T01:26:47.760+0000] {logging_mixin.py:154} INFO - [2025-11-16T01:26:47.760+0000] {dag.py:2941} INFO - Sync 1 DAGs
[2025-11-16T01:26:47.772+0000] {logging_mixin.py:154} INFO - [2025-11-16T01:26:47.772+0000] {dag.py:3722} INFO - Setting next_dagrun for sodai_drinks_production_pipeline to 2025-11-09T00:00:00+00:00, run_after=2025-11-16T00:00:00+00:00
[2025-11-16T01:26:47.783+0000] {processor.py:179} INFO - Processing /opt/airflow/dags/pipeline_productivo.py took 1.337 seconds
[2025-11-16T01:27:18.600+0000] {processor.py:157} INFO - Started process (PID=10938) to work on /opt/airflow/dags/pipeline_productivo.py
[2025-11-16T01:27:18.601+0000] {processor.py:829} INFO - Processing file /opt/airflow/dags/pipeline_productivo.py for tasks to queue
[2025-11-16T01:27:18.601+0000] {logging_mixin.py:154} INFO - [2025-11-16T01:27:18.601+0000] {dagbag.py:536} INFO - Filling up the DagBag from /opt/airflow/dags/pipeline_productivo.py
[2025-11-16T01:27:19.714+0000] {processor.py:839} INFO - DAG(s) dict_keys(['sodai_drinks_production_pipeline']) retrieved from /opt/airflow/dags/pipeline_productivo.py
[2025-11-16T01:27:19.730+0000] {logging_mixin.py:154} INFO - [2025-11-16T01:27:19.729+0000] {dag.py:2941} INFO - Sync 1 DAGs
[2025-11-16T01:27:19.740+0000] {logging_mixin.py:154} INFO - [2025-11-16T01:27:19.740+0000] {dag.py:3722} INFO - Setting next_dagrun for sodai_drinks_production_pipeline to 2025-11-09T00:00:00+00:00, run_after=2025-11-16T00:00:00+00:00
[2025-11-16T01:27:19.749+0000] {processor.py:179} INFO - Processing /opt/airflow/dags/pipeline_productivo.py took 1.152 seconds
[2025-11-16T01:27:49.926+0000] {processor.py:157} INFO - Started process (PID=10997) to work on /opt/airflow/dags/pipeline_productivo.py
[2025-11-16T01:27:49.927+0000] {processor.py:829} INFO - Processing file /opt/airflow/dags/pipeline_productivo.py for tasks to queue
[2025-11-16T01:27:49.927+0000] {logging_mixin.py:154} INFO - [2025-11-16T01:27:49.927+0000] {dagbag.py:536} INFO - Filling up the DagBag from /opt/airflow/dags/pipeline_productivo.py
[2025-11-16T01:27:51.336+0000] {processor.py:839} INFO - DAG(s) dict_keys(['sodai_drinks_production_pipeline']) retrieved from /opt/airflow/dags/pipeline_productivo.py
[2025-11-16T01:27:51.354+0000] {logging_mixin.py:154} INFO - [2025-11-16T01:27:51.353+0000] {dag.py:2941} INFO - Sync 1 DAGs
[2025-11-16T01:27:51.510+0000] {logging_mixin.py:154} INFO - [2025-11-16T01:27:51.510+0000] {dag.py:3722} INFO - Setting next_dagrun for sodai_drinks_production_pipeline to 2025-11-09T00:00:00+00:00, run_after=2025-11-16T00:00:00+00:00
[2025-11-16T01:27:51.522+0000] {processor.py:179} INFO - Processing /opt/airflow/dags/pipeline_productivo.py took 1.598 seconds
[2025-11-16T01:28:21.834+0000] {processor.py:157} INFO - Started process (PID=11062) to work on /opt/airflow/dags/pipeline_productivo.py
[2025-11-16T01:28:21.835+0000] {processor.py:829} INFO - Processing file /opt/airflow/dags/pipeline_productivo.py for tasks to queue
[2025-11-16T01:28:21.835+0000] {logging_mixin.py:154} INFO - [2025-11-16T01:28:21.835+0000] {dagbag.py:536} INFO - Filling up the DagBag from /opt/airflow/dags/pipeline_productivo.py
[2025-11-16T01:28:22.971+0000] {processor.py:839} INFO - DAG(s) dict_keys(['sodai_drinks_production_pipeline']) retrieved from /opt/airflow/dags/pipeline_productivo.py
[2025-11-16T01:28:22.989+0000] {logging_mixin.py:154} INFO - [2025-11-16T01:28:22.987+0000] {dag.py:2941} INFO - Sync 1 DAGs
[2025-11-16T01:28:23.121+0000] {logging_mixin.py:154} INFO - [2025-11-16T01:28:23.120+0000] {dag.py:3722} INFO - Setting next_dagrun for sodai_drinks_production_pipeline to 2025-11-09T00:00:00+00:00, run_after=2025-11-16T00:00:00+00:00
[2025-11-16T01:28:23.131+0000] {processor.py:179} INFO - Processing /opt/airflow/dags/pipeline_productivo.py took 1.300 seconds
[2025-11-16T01:28:53.261+0000] {processor.py:157} INFO - Started process (PID=11121) to work on /opt/airflow/dags/pipeline_productivo.py
[2025-11-16T01:28:53.262+0000] {processor.py:829} INFO - Processing file /opt/airflow/dags/pipeline_productivo.py for tasks to queue
[2025-11-16T01:28:53.262+0000] {logging_mixin.py:154} INFO - [2025-11-16T01:28:53.262+0000] {dagbag.py:536} INFO - Filling up the DagBag from /opt/airflow/dags/pipeline_productivo.py
[2025-11-16T01:28:54.408+0000] {processor.py:839} INFO - DAG(s) dict_keys(['sodai_drinks_production_pipeline']) retrieved from /opt/airflow/dags/pipeline_productivo.py
[2025-11-16T01:28:54.542+0000] {logging_mixin.py:154} INFO - [2025-11-16T01:28:54.541+0000] {dag.py:2941} INFO - Sync 1 DAGs
[2025-11-16T01:28:54.554+0000] {logging_mixin.py:154} INFO - [2025-11-16T01:28:54.554+0000] {dag.py:3722} INFO - Setting next_dagrun for sodai_drinks_production_pipeline to 2025-11-09T00:00:00+00:00, run_after=2025-11-16T00:00:00+00:00
[2025-11-16T01:28:54.565+0000] {processor.py:179} INFO - Processing /opt/airflow/dags/pipeline_productivo.py took 1.306 seconds
[2025-11-16T01:29:24.671+0000] {processor.py:157} INFO - Started process (PID=11180) to work on /opt/airflow/dags/pipeline_productivo.py
[2025-11-16T01:29:24.672+0000] {processor.py:829} INFO - Processing file /opt/airflow/dags/pipeline_productivo.py for tasks to queue
[2025-11-16T01:29:24.673+0000] {logging_mixin.py:154} INFO - [2025-11-16T01:29:24.673+0000] {dagbag.py:536} INFO - Filling up the DagBag from /opt/airflow/dags/pipeline_productivo.py
[2025-11-16T01:29:25.882+0000] {processor.py:839} INFO - DAG(s) dict_keys(['sodai_drinks_production_pipeline']) retrieved from /opt/airflow/dags/pipeline_productivo.py
[2025-11-16T01:29:25.897+0000] {logging_mixin.py:154} INFO - [2025-11-16T01:29:25.897+0000] {dag.py:2941} INFO - Sync 1 DAGs
[2025-11-16T01:29:25.908+0000] {logging_mixin.py:154} INFO - [2025-11-16T01:29:25.908+0000] {dag.py:3722} INFO - Setting next_dagrun for sodai_drinks_production_pipeline to 2025-11-09T00:00:00+00:00, run_after=2025-11-16T00:00:00+00:00
[2025-11-16T01:29:25.918+0000] {processor.py:179} INFO - Processing /opt/airflow/dags/pipeline_productivo.py took 1.249 seconds
[2025-11-16T01:29:56.057+0000] {processor.py:157} INFO - Started process (PID=11239) to work on /opt/airflow/dags/pipeline_productivo.py
[2025-11-16T01:29:56.058+0000] {processor.py:829} INFO - Processing file /opt/airflow/dags/pipeline_productivo.py for tasks to queue
[2025-11-16T01:29:56.059+0000] {logging_mixin.py:154} INFO - [2025-11-16T01:29:56.059+0000] {dagbag.py:536} INFO - Filling up the DagBag from /opt/airflow/dags/pipeline_productivo.py
[2025-11-16T01:29:57.210+0000] {processor.py:839} INFO - DAG(s) dict_keys(['sodai_drinks_production_pipeline']) retrieved from /opt/airflow/dags/pipeline_productivo.py
[2025-11-16T01:29:57.225+0000] {logging_mixin.py:154} INFO - [2025-11-16T01:29:57.224+0000] {dag.py:2941} INFO - Sync 1 DAGs
[2025-11-16T01:29:57.361+0000] {logging_mixin.py:154} INFO - [2025-11-16T01:29:57.361+0000] {dag.py:3722} INFO - Setting next_dagrun for sodai_drinks_production_pipeline to 2025-11-09T00:00:00+00:00, run_after=2025-11-16T00:00:00+00:00
[2025-11-16T01:29:57.370+0000] {processor.py:179} INFO - Processing /opt/airflow/dags/pipeline_productivo.py took 1.315 seconds
[2025-11-16T01:30:27.432+0000] {processor.py:157} INFO - Started process (PID=11298) to work on /opt/airflow/dags/pipeline_productivo.py
[2025-11-16T01:30:27.433+0000] {processor.py:829} INFO - Processing file /opt/airflow/dags/pipeline_productivo.py for tasks to queue
[2025-11-16T01:30:27.433+0000] {logging_mixin.py:154} INFO - [2025-11-16T01:30:27.433+0000] {dagbag.py:536} INFO - Filling up the DagBag from /opt/airflow/dags/pipeline_productivo.py
[2025-11-16T01:30:28.586+0000] {processor.py:839} INFO - DAG(s) dict_keys(['sodai_drinks_production_pipeline']) retrieved from /opt/airflow/dags/pipeline_productivo.py
[2025-11-16T01:30:28.730+0000] {logging_mixin.py:154} INFO - [2025-11-16T01:30:28.603+0000] {dag.py:2941} INFO - Sync 1 DAGs
[2025-11-16T01:30:28.743+0000] {logging_mixin.py:154} INFO - [2025-11-16T01:30:28.743+0000] {dag.py:3722} INFO - Setting next_dagrun for sodai_drinks_production_pipeline to 2025-11-09T00:00:00+00:00, run_after=2025-11-16T00:00:00+00:00
[2025-11-16T01:30:28.753+0000] {processor.py:179} INFO - Processing /opt/airflow/dags/pipeline_productivo.py took 1.324 seconds
[2025-11-16T01:30:59.354+0000] {processor.py:157} INFO - Started process (PID=11357) to work on /opt/airflow/dags/pipeline_productivo.py
[2025-11-16T01:30:59.355+0000] {processor.py:829} INFO - Processing file /opt/airflow/dags/pipeline_productivo.py for tasks to queue
[2025-11-16T01:30:59.355+0000] {logging_mixin.py:154} INFO - [2025-11-16T01:30:59.355+0000] {dagbag.py:536} INFO - Filling up the DagBag from /opt/airflow/dags/pipeline_productivo.py
[2025-11-16T01:31:00.652+0000] {processor.py:839} INFO - DAG(s) dict_keys(['sodai_drinks_production_pipeline']) retrieved from /opt/airflow/dags/pipeline_productivo.py
[2025-11-16T01:31:00.668+0000] {logging_mixin.py:154} INFO - [2025-11-16T01:31:00.667+0000] {dag.py:2941} INFO - Sync 1 DAGs
[2025-11-16T01:31:00.680+0000] {logging_mixin.py:154} INFO - [2025-11-16T01:31:00.680+0000] {dag.py:3722} INFO - Setting next_dagrun for sodai_drinks_production_pipeline to 2025-11-09T00:00:00+00:00, run_after=2025-11-16T00:00:00+00:00
[2025-11-16T01:31:00.689+0000] {processor.py:179} INFO - Processing /opt/airflow/dags/pipeline_productivo.py took 1.338 seconds
[2025-11-16T01:31:30.783+0000] {processor.py:157} INFO - Started process (PID=11416) to work on /opt/airflow/dags/pipeline_productivo.py
[2025-11-16T01:31:30.784+0000] {processor.py:829} INFO - Processing file /opt/airflow/dags/pipeline_productivo.py for tasks to queue
[2025-11-16T01:31:30.785+0000] {logging_mixin.py:154} INFO - [2025-11-16T01:31:30.784+0000] {dagbag.py:536} INFO - Filling up the DagBag from /opt/airflow/dags/pipeline_productivo.py
[2025-11-16T01:31:31.930+0000] {processor.py:839} INFO - DAG(s) dict_keys(['sodai_drinks_production_pipeline']) retrieved from /opt/airflow/dags/pipeline_productivo.py
[2025-11-16T01:31:31.944+0000] {logging_mixin.py:154} INFO - [2025-11-16T01:31:31.944+0000] {dag.py:2941} INFO - Sync 1 DAGs
[2025-11-16T01:31:31.955+0000] {logging_mixin.py:154} INFO - [2025-11-16T01:31:31.955+0000] {dag.py:3722} INFO - Setting next_dagrun for sodai_drinks_production_pipeline to 2025-11-09T00:00:00+00:00, run_after=2025-11-16T00:00:00+00:00
[2025-11-16T01:31:32.076+0000] {processor.py:179} INFO - Processing /opt/airflow/dags/pipeline_productivo.py took 1.295 seconds
[2025-11-16T01:32:02.959+0000] {processor.py:157} INFO - Started process (PID=11486) to work on /opt/airflow/dags/pipeline_productivo.py
[2025-11-16T01:32:02.959+0000] {processor.py:829} INFO - Processing file /opt/airflow/dags/pipeline_productivo.py for tasks to queue
[2025-11-16T01:32:02.960+0000] {logging_mixin.py:154} INFO - [2025-11-16T01:32:02.960+0000] {dagbag.py:536} INFO - Filling up the DagBag from /opt/airflow/dags/pipeline_productivo.py
[2025-11-16T01:32:04.110+0000] {processor.py:839} INFO - DAG(s) dict_keys(['sodai_drinks_production_pipeline']) retrieved from /opt/airflow/dags/pipeline_productivo.py
[2025-11-16T01:32:04.125+0000] {logging_mixin.py:154} INFO - [2025-11-16T01:32:04.125+0000] {dag.py:2941} INFO - Sync 1 DAGs
[2025-11-16T01:32:04.262+0000] {logging_mixin.py:154} INFO - [2025-11-16T01:32:04.262+0000] {dag.py:3722} INFO - Setting next_dagrun for sodai_drinks_production_pipeline to 2025-11-09T00:00:00+00:00, run_after=2025-11-16T00:00:00+00:00
[2025-11-16T01:32:04.273+0000] {processor.py:179} INFO - Processing /opt/airflow/dags/pipeline_productivo.py took 1.317 seconds
[2025-11-16T01:32:34.344+0000] {processor.py:157} INFO - Started process (PID=11545) to work on /opt/airflow/dags/pipeline_productivo.py
[2025-11-16T01:32:34.344+0000] {processor.py:829} INFO - Processing file /opt/airflow/dags/pipeline_productivo.py for tasks to queue
[2025-11-16T01:32:34.345+0000] {logging_mixin.py:154} INFO - [2025-11-16T01:32:34.344+0000] {dagbag.py:536} INFO - Filling up the DagBag from /opt/airflow/dags/pipeline_productivo.py
[2025-11-16T01:32:35.558+0000] {processor.py:839} INFO - DAG(s) dict_keys(['sodai_drinks_production_pipeline']) retrieved from /opt/airflow/dags/pipeline_productivo.py
[2025-11-16T01:32:35.683+0000] {logging_mixin.py:154} INFO - [2025-11-16T01:32:35.573+0000] {dag.py:2941} INFO - Sync 1 DAGs
[2025-11-16T01:32:35.695+0000] {logging_mixin.py:154} INFO - [2025-11-16T01:32:35.695+0000] {dag.py:3722} INFO - Setting next_dagrun for sodai_drinks_production_pipeline to 2025-11-09T00:00:00+00:00, run_after=2025-11-16T00:00:00+00:00
[2025-11-16T01:32:35.705+0000] {processor.py:179} INFO - Processing /opt/airflow/dags/pipeline_productivo.py took 1.364 seconds
[2025-11-16T01:33:05.763+0000] {processor.py:157} INFO - Started process (PID=11609) to work on /opt/airflow/dags/pipeline_productivo.py
[2025-11-16T01:33:05.763+0000] {processor.py:829} INFO - Processing file /opt/airflow/dags/pipeline_productivo.py for tasks to queue
[2025-11-16T01:33:05.764+0000] {logging_mixin.py:154} INFO - [2025-11-16T01:33:05.764+0000] {dagbag.py:536} INFO - Filling up the DagBag from /opt/airflow/dags/pipeline_productivo.py
[2025-11-16T01:33:07.030+0000] {processor.py:839} INFO - DAG(s) dict_keys(['sodai_drinks_production_pipeline']) retrieved from /opt/airflow/dags/pipeline_productivo.py
[2025-11-16T01:33:07.044+0000] {logging_mixin.py:154} INFO - [2025-11-16T01:33:07.044+0000] {dag.py:2941} INFO - Sync 1 DAGs
[2025-11-16T01:33:07.055+0000] {logging_mixin.py:154} INFO - [2025-11-16T01:33:07.055+0000] {dag.py:3722} INFO - Setting next_dagrun for sodai_drinks_production_pipeline to 2025-11-09T00:00:00+00:00, run_after=2025-11-16T00:00:00+00:00
[2025-11-16T01:33:07.064+0000] {processor.py:179} INFO - Processing /opt/airflow/dags/pipeline_productivo.py took 1.304 seconds
[2025-11-16T01:33:37.135+0000] {processor.py:157} INFO - Started process (PID=11669) to work on /opt/airflow/dags/pipeline_productivo.py
[2025-11-16T01:33:37.136+0000] {processor.py:829} INFO - Processing file /opt/airflow/dags/pipeline_productivo.py for tasks to queue
[2025-11-16T01:33:37.136+0000] {logging_mixin.py:154} INFO - [2025-11-16T01:33:37.136+0000] {dagbag.py:536} INFO - Filling up the DagBag from /opt/airflow/dags/pipeline_productivo.py
[2025-11-16T01:33:38.393+0000] {processor.py:839} INFO - DAG(s) dict_keys(['sodai_drinks_production_pipeline']) retrieved from /opt/airflow/dags/pipeline_productivo.py
[2025-11-16T01:33:38.410+0000] {logging_mixin.py:154} INFO - [2025-11-16T01:33:38.409+0000] {dag.py:2941} INFO - Sync 1 DAGs
[2025-11-16T01:33:38.422+0000] {logging_mixin.py:154} INFO - [2025-11-16T01:33:38.422+0000] {dag.py:3722} INFO - Setting next_dagrun for sodai_drinks_production_pipeline to 2025-11-09T00:00:00+00:00, run_after=2025-11-16T00:00:00+00:00
[2025-11-16T01:33:38.570+0000] {processor.py:179} INFO - Processing /opt/airflow/dags/pipeline_productivo.py took 1.437 seconds
[2025-11-16T01:34:09.615+0000] {processor.py:157} INFO - Started process (PID=11728) to work on /opt/airflow/dags/pipeline_productivo.py
[2025-11-16T01:34:09.616+0000] {processor.py:829} INFO - Processing file /opt/airflow/dags/pipeline_productivo.py for tasks to queue
[2025-11-16T01:34:09.616+0000] {logging_mixin.py:154} INFO - [2025-11-16T01:34:09.616+0000] {dagbag.py:536} INFO - Filling up the DagBag from /opt/airflow/dags/pipeline_productivo.py
[2025-11-16T01:34:10.748+0000] {processor.py:839} INFO - DAG(s) dict_keys(['sodai_drinks_production_pipeline']) retrieved from /opt/airflow/dags/pipeline_productivo.py
[2025-11-16T01:34:10.762+0000] {logging_mixin.py:154} INFO - [2025-11-16T01:34:10.761+0000] {dag.py:2941} INFO - Sync 1 DAGs
[2025-11-16T01:34:10.883+0000] {logging_mixin.py:154} INFO - [2025-11-16T01:34:10.883+0000] {dag.py:3722} INFO - Setting next_dagrun for sodai_drinks_production_pipeline to 2025-11-09T00:00:00+00:00, run_after=2025-11-16T00:00:00+00:00
[2025-11-16T01:34:10.893+0000] {processor.py:179} INFO - Processing /opt/airflow/dags/pipeline_productivo.py took 1.280 seconds
[2025-11-16T01:34:40.974+0000] {processor.py:157} INFO - Started process (PID=11787) to work on /opt/airflow/dags/pipeline_productivo.py
[2025-11-16T01:34:40.975+0000] {processor.py:829} INFO - Processing file /opt/airflow/dags/pipeline_productivo.py for tasks to queue
[2025-11-16T01:34:40.976+0000] {logging_mixin.py:154} INFO - [2025-11-16T01:34:40.975+0000] {dagbag.py:536} INFO - Filling up the DagBag from /opt/airflow/dags/pipeline_productivo.py
[2025-11-16T01:34:42.218+0000] {processor.py:839} INFO - DAG(s) dict_keys(['sodai_drinks_production_pipeline']) retrieved from /opt/airflow/dags/pipeline_productivo.py
[2025-11-16T01:34:42.346+0000] {logging_mixin.py:154} INFO - [2025-11-16T01:34:42.234+0000] {dag.py:2941} INFO - Sync 1 DAGs
[2025-11-16T01:34:42.358+0000] {logging_mixin.py:154} INFO - [2025-11-16T01:34:42.358+0000] {dag.py:3722} INFO - Setting next_dagrun for sodai_drinks_production_pipeline to 2025-11-09T00:00:00+00:00, run_after=2025-11-16T00:00:00+00:00
[2025-11-16T01:34:42.368+0000] {processor.py:179} INFO - Processing /opt/airflow/dags/pipeline_productivo.py took 1.396 seconds
[2025-11-16T01:35:12.460+0000] {processor.py:157} INFO - Started process (PID=11847) to work on /opt/airflow/dags/pipeline_productivo.py
[2025-11-16T01:35:12.460+0000] {processor.py:829} INFO - Processing file /opt/airflow/dags/pipeline_productivo.py for tasks to queue
[2025-11-16T01:35:12.461+0000] {logging_mixin.py:154} INFO - [2025-11-16T01:35:12.461+0000] {dagbag.py:536} INFO - Filling up the DagBag from /opt/airflow/dags/pipeline_productivo.py
[2025-11-16T01:35:13.732+0000] {processor.py:839} INFO - DAG(s) dict_keys(['sodai_drinks_production_pipeline']) retrieved from /opt/airflow/dags/pipeline_productivo.py
[2025-11-16T01:35:13.747+0000] {logging_mixin.py:154} INFO - [2025-11-16T01:35:13.747+0000] {dag.py:2941} INFO - Sync 1 DAGs
[2025-11-16T01:35:13.758+0000] {logging_mixin.py:154} INFO - [2025-11-16T01:35:13.758+0000] {dag.py:3722} INFO - Setting next_dagrun for sodai_drinks_production_pipeline to 2025-11-09T00:00:00+00:00, run_after=2025-11-16T00:00:00+00:00
[2025-11-16T01:35:13.768+0000] {processor.py:179} INFO - Processing /opt/airflow/dags/pipeline_productivo.py took 1.311 seconds
[2025-11-16T01:35:43.915+0000] {processor.py:157} INFO - Started process (PID=11906) to work on /opt/airflow/dags/pipeline_productivo.py
[2025-11-16T01:35:43.916+0000] {processor.py:829} INFO - Processing file /opt/airflow/dags/pipeline_productivo.py for tasks to queue
[2025-11-16T01:35:43.917+0000] {logging_mixin.py:154} INFO - [2025-11-16T01:35:43.916+0000] {dagbag.py:536} INFO - Filling up the DagBag from /opt/airflow/dags/pipeline_productivo.py
[2025-11-16T01:35:45.130+0000] {processor.py:839} INFO - DAG(s) dict_keys(['sodai_drinks_production_pipeline']) retrieved from /opt/airflow/dags/pipeline_productivo.py
[2025-11-16T01:35:45.147+0000] {logging_mixin.py:154} INFO - [2025-11-16T01:35:45.146+0000] {dag.py:2941} INFO - Sync 1 DAGs
[2025-11-16T01:35:45.275+0000] {logging_mixin.py:154} INFO - [2025-11-16T01:35:45.274+0000] {dag.py:3722} INFO - Setting next_dagrun for sodai_drinks_production_pipeline to 2025-11-09T00:00:00+00:00, run_after=2025-11-16T00:00:00+00:00
[2025-11-16T01:35:45.286+0000] {processor.py:179} INFO - Processing /opt/airflow/dags/pipeline_productivo.py took 1.373 seconds
[2025-11-16T01:36:16.331+0000] {processor.py:157} INFO - Started process (PID=11965) to work on /opt/airflow/dags/pipeline_productivo.py
[2025-11-16T01:36:16.332+0000] {processor.py:829} INFO - Processing file /opt/airflow/dags/pipeline_productivo.py for tasks to queue
[2025-11-16T01:36:16.332+0000] {logging_mixin.py:154} INFO - [2025-11-16T01:36:16.332+0000] {dagbag.py:536} INFO - Filling up the DagBag from /opt/airflow/dags/pipeline_productivo.py
[2025-11-16T01:36:17.631+0000] {processor.py:839} INFO - DAG(s) dict_keys(['sodai_drinks_production_pipeline']) retrieved from /opt/airflow/dags/pipeline_productivo.py
[2025-11-16T01:36:17.649+0000] {logging_mixin.py:154} INFO - [2025-11-16T01:36:17.648+0000] {dag.py:2941} INFO - Sync 1 DAGs
[2025-11-16T01:36:17.781+0000] {logging_mixin.py:154} INFO - [2025-11-16T01:36:17.780+0000] {dag.py:3722} INFO - Setting next_dagrun for sodai_drinks_production_pipeline to 2025-11-09T00:00:00+00:00, run_after=2025-11-16T00:00:00+00:00
[2025-11-16T01:36:17.791+0000] {processor.py:179} INFO - Processing /opt/airflow/dags/pipeline_productivo.py took 1.464 seconds
[2025-11-16T01:36:47.971+0000] {processor.py:157} INFO - Started process (PID=12024) to work on /opt/airflow/dags/pipeline_productivo.py
[2025-11-16T01:36:47.972+0000] {processor.py:829} INFO - Processing file /opt/airflow/dags/pipeline_productivo.py for tasks to queue
[2025-11-16T01:36:47.973+0000] {logging_mixin.py:154} INFO - [2025-11-16T01:36:47.972+0000] {dagbag.py:536} INFO - Filling up the DagBag from /opt/airflow/dags/pipeline_productivo.py
[2025-11-16T01:36:49.326+0000] {processor.py:839} INFO - DAG(s) dict_keys(['sodai_drinks_production_pipeline']) retrieved from /opt/airflow/dags/pipeline_productivo.py
[2025-11-16T01:36:49.452+0000] {logging_mixin.py:154} INFO - [2025-11-16T01:36:49.452+0000] {dag.py:2941} INFO - Sync 1 DAGs
[2025-11-16T01:36:49.464+0000] {logging_mixin.py:154} INFO - [2025-11-16T01:36:49.464+0000] {dag.py:3722} INFO - Setting next_dagrun for sodai_drinks_production_pipeline to 2025-11-09T00:00:00+00:00, run_after=2025-11-16T00:00:00+00:00
[2025-11-16T01:36:49.474+0000] {processor.py:179} INFO - Processing /opt/airflow/dags/pipeline_productivo.py took 1.505 seconds
[2025-11-16T01:37:19.528+0000] {processor.py:157} INFO - Started process (PID=12083) to work on /opt/airflow/dags/pipeline_productivo.py
[2025-11-16T01:37:19.529+0000] {processor.py:829} INFO - Processing file /opt/airflow/dags/pipeline_productivo.py for tasks to queue
[2025-11-16T01:37:19.529+0000] {logging_mixin.py:154} INFO - [2025-11-16T01:37:19.529+0000] {dagbag.py:536} INFO - Filling up the DagBag from /opt/airflow/dags/pipeline_productivo.py
[2025-11-16T01:37:20.880+0000] {processor.py:839} INFO - DAG(s) dict_keys(['sodai_drinks_production_pipeline']) retrieved from /opt/airflow/dags/pipeline_productivo.py
[2025-11-16T01:37:20.897+0000] {logging_mixin.py:154} INFO - [2025-11-16T01:37:20.897+0000] {dag.py:2941} INFO - Sync 1 DAGs
[2025-11-16T01:37:20.910+0000] {logging_mixin.py:154} INFO - [2025-11-16T01:37:20.910+0000] {dag.py:3722} INFO - Setting next_dagrun for sodai_drinks_production_pipeline to 2025-11-09T00:00:00+00:00, run_after=2025-11-16T00:00:00+00:00
[2025-11-16T01:37:20.920+0000] {processor.py:179} INFO - Processing /opt/airflow/dags/pipeline_productivo.py took 1.395 seconds
[2025-11-16T01:37:51.938+0000] {processor.py:157} INFO - Started process (PID=12142) to work on /opt/airflow/dags/pipeline_productivo.py
[2025-11-16T01:37:51.939+0000] {processor.py:829} INFO - Processing file /opt/airflow/dags/pipeline_productivo.py for tasks to queue
[2025-11-16T01:37:51.940+0000] {logging_mixin.py:154} INFO - [2025-11-16T01:37:51.940+0000] {dagbag.py:536} INFO - Filling up the DagBag from /opt/airflow/dags/pipeline_productivo.py
[2025-11-16T01:37:53.055+0000] {processor.py:839} INFO - DAG(s) dict_keys(['sodai_drinks_production_pipeline']) retrieved from /opt/airflow/dags/pipeline_productivo.py
[2025-11-16T01:37:53.072+0000] {logging_mixin.py:154} INFO - [2025-11-16T01:37:53.071+0000] {dag.py:2941} INFO - Sync 1 DAGs
[2025-11-16T01:37:53.193+0000] {logging_mixin.py:154} INFO - [2025-11-16T01:37:53.193+0000] {dag.py:3722} INFO - Setting next_dagrun for sodai_drinks_production_pipeline to 2025-11-09T00:00:00+00:00, run_after=2025-11-16T00:00:00+00:00
[2025-11-16T01:37:53.204+0000] {processor.py:179} INFO - Processing /opt/airflow/dags/pipeline_productivo.py took 1.268 seconds
[2025-11-16T01:38:24.210+0000] {processor.py:157} INFO - Started process (PID=12201) to work on /opt/airflow/dags/pipeline_productivo.py
[2025-11-16T01:38:24.211+0000] {processor.py:829} INFO - Processing file /opt/airflow/dags/pipeline_productivo.py for tasks to queue
[2025-11-16T01:38:24.211+0000] {logging_mixin.py:154} INFO - [2025-11-16T01:38:24.211+0000] {dagbag.py:536} INFO - Filling up the DagBag from /opt/airflow/dags/pipeline_productivo.py
[2025-11-16T01:38:25.469+0000] {processor.py:839} INFO - DAG(s) dict_keys(['sodai_drinks_production_pipeline']) retrieved from /opt/airflow/dags/pipeline_productivo.py
[2025-11-16T01:38:25.494+0000] {logging_mixin.py:154} INFO - [2025-11-16T01:38:25.493+0000] {dag.py:2941} INFO - Sync 1 DAGs
[2025-11-16T01:38:25.641+0000] {logging_mixin.py:154} INFO - [2025-11-16T01:38:25.641+0000] {dag.py:3722} INFO - Setting next_dagrun for sodai_drinks_production_pipeline to 2025-11-09T00:00:00+00:00, run_after=2025-11-16T00:00:00+00:00
[2025-11-16T01:38:25.652+0000] {processor.py:179} INFO - Processing /opt/airflow/dags/pipeline_productivo.py took 1.444 seconds
[2025-11-16T01:38:56.693+0000] {processor.py:157} INFO - Started process (PID=12260) to work on /opt/airflow/dags/pipeline_productivo.py
[2025-11-16T01:38:56.693+0000] {processor.py:829} INFO - Processing file /opt/airflow/dags/pipeline_productivo.py for tasks to queue
[2025-11-16T01:38:56.694+0000] {logging_mixin.py:154} INFO - [2025-11-16T01:38:56.694+0000] {dagbag.py:536} INFO - Filling up the DagBag from /opt/airflow/dags/pipeline_productivo.py
[2025-11-16T01:38:57.917+0000] {processor.py:839} INFO - DAG(s) dict_keys(['sodai_drinks_production_pipeline']) retrieved from /opt/airflow/dags/pipeline_productivo.py
[2025-11-16T01:38:58.062+0000] {logging_mixin.py:154} INFO - [2025-11-16T01:38:58.061+0000] {dag.py:2941} INFO - Sync 1 DAGs
[2025-11-16T01:38:58.078+0000] {logging_mixin.py:154} INFO - [2025-11-16T01:38:58.078+0000] {dag.py:3722} INFO - Setting next_dagrun for sodai_drinks_production_pipeline to 2025-11-09T00:00:00+00:00, run_after=2025-11-16T00:00:00+00:00
[2025-11-16T01:38:58.089+0000] {processor.py:179} INFO - Processing /opt/airflow/dags/pipeline_productivo.py took 1.399 seconds
[2025-11-16T01:39:29.135+0000] {processor.py:157} INFO - Started process (PID=12326) to work on /opt/airflow/dags/pipeline_productivo.py
[2025-11-16T01:39:29.136+0000] {processor.py:829} INFO - Processing file /opt/airflow/dags/pipeline_productivo.py for tasks to queue
[2025-11-16T01:39:29.137+0000] {logging_mixin.py:154} INFO - [2025-11-16T01:39:29.136+0000] {dagbag.py:536} INFO - Filling up the DagBag from /opt/airflow/dags/pipeline_productivo.py
[2025-11-16T01:39:30.482+0000] {processor.py:839} INFO - DAG(s) dict_keys(['sodai_drinks_production_pipeline']) retrieved from /opt/airflow/dags/pipeline_productivo.py
[2025-11-16T01:39:30.497+0000] {logging_mixin.py:154} INFO - [2025-11-16T01:39:30.496+0000] {dag.py:2941} INFO - Sync 1 DAGs
[2025-11-16T01:39:30.507+0000] {logging_mixin.py:154} INFO - [2025-11-16T01:39:30.507+0000] {dag.py:3722} INFO - Setting next_dagrun for sodai_drinks_production_pipeline to 2025-11-09T00:00:00+00:00, run_after=2025-11-16T00:00:00+00:00
[2025-11-16T01:39:30.517+0000] {processor.py:179} INFO - Processing /opt/airflow/dags/pipeline_productivo.py took 1.384 seconds
[2025-11-16T01:40:00.594+0000] {processor.py:157} INFO - Started process (PID=12378) to work on /opt/airflow/dags/pipeline_productivo.py
[2025-11-16T01:40:00.595+0000] {processor.py:829} INFO - Processing file /opt/airflow/dags/pipeline_productivo.py for tasks to queue
[2025-11-16T01:40:00.596+0000] {logging_mixin.py:154} INFO - [2025-11-16T01:40:00.596+0000] {dagbag.py:536} INFO - Filling up the DagBag from /opt/airflow/dags/pipeline_productivo.py
[2025-11-16T01:40:01.986+0000] {processor.py:839} INFO - DAG(s) dict_keys(['sodai_drinks_production_pipeline']) retrieved from /opt/airflow/dags/pipeline_productivo.py
[2025-11-16T01:40:02.003+0000] {logging_mixin.py:154} INFO - [2025-11-16T01:40:02.002+0000] {dag.py:2941} INFO - Sync 1 DAGs
[2025-11-16T01:40:02.146+0000] {logging_mixin.py:154} INFO - [2025-11-16T01:40:02.146+0000] {dag.py:3722} INFO - Setting next_dagrun for sodai_drinks_production_pipeline to 2025-11-09T00:00:00+00:00, run_after=2025-11-16T00:00:00+00:00
[2025-11-16T01:40:02.157+0000] {processor.py:179} INFO - Processing /opt/airflow/dags/pipeline_productivo.py took 1.566 seconds
[2025-11-16T01:40:32.323+0000] {processor.py:157} INFO - Started process (PID=12437) to work on /opt/airflow/dags/pipeline_productivo.py
[2025-11-16T01:40:32.323+0000] {processor.py:829} INFO - Processing file /opt/airflow/dags/pipeline_productivo.py for tasks to queue
[2025-11-16T01:40:32.324+0000] {logging_mixin.py:154} INFO - [2025-11-16T01:40:32.324+0000] {dagbag.py:536} INFO - Filling up the DagBag from /opt/airflow/dags/pipeline_productivo.py
[2025-11-16T01:40:33.759+0000] {processor.py:839} INFO - DAG(s) dict_keys(['sodai_drinks_production_pipeline']) retrieved from /opt/airflow/dags/pipeline_productivo.py
[2025-11-16T01:40:33.775+0000] {logging_mixin.py:154} INFO - [2025-11-16T01:40:33.774+0000] {dag.py:2941} INFO - Sync 1 DAGs
[2025-11-16T01:40:33.923+0000] {logging_mixin.py:154} INFO - [2025-11-16T01:40:33.923+0000] {dag.py:3722} INFO - Setting next_dagrun for sodai_drinks_production_pipeline to 2025-11-09T00:00:00+00:00, run_after=2025-11-16T00:00:00+00:00
[2025-11-16T01:40:33.934+0000] {processor.py:179} INFO - Processing /opt/airflow/dags/pipeline_productivo.py took 1.613 seconds
[2025-11-16T01:41:04.119+0000] {processor.py:157} INFO - Started process (PID=12502) to work on /opt/airflow/dags/pipeline_productivo.py
[2025-11-16T01:41:04.119+0000] {processor.py:829} INFO - Processing file /opt/airflow/dags/pipeline_productivo.py for tasks to queue
[2025-11-16T01:41:04.120+0000] {logging_mixin.py:154} INFO - [2025-11-16T01:41:04.120+0000] {dagbag.py:536} INFO - Filling up the DagBag from /opt/airflow/dags/pipeline_productivo.py
[2025-11-16T01:41:05.238+0000] {processor.py:839} INFO - DAG(s) dict_keys(['sodai_drinks_production_pipeline']) retrieved from /opt/airflow/dags/pipeline_productivo.py
[2025-11-16T01:41:05.391+0000] {logging_mixin.py:154} INFO - [2025-11-16T01:41:05.391+0000] {dag.py:2941} INFO - Sync 1 DAGs
[2025-11-16T01:41:05.402+0000] {logging_mixin.py:154} INFO - [2025-11-16T01:41:05.402+0000] {dag.py:3722} INFO - Setting next_dagrun for sodai_drinks_production_pipeline to 2025-11-09T00:00:00+00:00, run_after=2025-11-16T00:00:00+00:00
[2025-11-16T01:41:05.412+0000] {processor.py:179} INFO - Processing /opt/airflow/dags/pipeline_productivo.py took 1.295 seconds
[2025-11-16T01:41:35.531+0000] {processor.py:157} INFO - Started process (PID=12561) to work on /opt/airflow/dags/pipeline_productivo.py
[2025-11-16T01:41:35.532+0000] {processor.py:829} INFO - Processing file /opt/airflow/dags/pipeline_productivo.py for tasks to queue
[2025-11-16T01:41:35.533+0000] {logging_mixin.py:154} INFO - [2025-11-16T01:41:35.533+0000] {dagbag.py:536} INFO - Filling up the DagBag from /opt/airflow/dags/pipeline_productivo.py
[2025-11-16T01:41:36.916+0000] {processor.py:839} INFO - DAG(s) dict_keys(['sodai_drinks_production_pipeline']) retrieved from /opt/airflow/dags/pipeline_productivo.py
[2025-11-16T01:41:36.932+0000] {logging_mixin.py:154} INFO - [2025-11-16T01:41:36.931+0000] {dag.py:2941} INFO - Sync 1 DAGs
[2025-11-16T01:41:36.944+0000] {logging_mixin.py:154} INFO - [2025-11-16T01:41:36.944+0000] {dag.py:3722} INFO - Setting next_dagrun for sodai_drinks_production_pipeline to 2025-11-09T00:00:00+00:00, run_after=2025-11-16T00:00:00+00:00
[2025-11-16T01:41:36.954+0000] {processor.py:179} INFO - Processing /opt/airflow/dags/pipeline_productivo.py took 1.426 seconds
[2025-11-16T01:42:07.401+0000] {processor.py:157} INFO - Started process (PID=12620) to work on /opt/airflow/dags/pipeline_productivo.py
[2025-11-16T01:42:07.401+0000] {processor.py:829} INFO - Processing file /opt/airflow/dags/pipeline_productivo.py for tasks to queue
[2025-11-16T01:42:07.401+0000] {logging_mixin.py:154} INFO - [2025-11-16T01:42:07.401+0000] {dagbag.py:536} INFO - Filling up the DagBag from /opt/airflow/dags/pipeline_productivo.py
[2025-11-16T01:42:08.654+0000] {processor.py:839} INFO - DAG(s) dict_keys(['sodai_drinks_production_pipeline']) retrieved from /opt/airflow/dags/pipeline_productivo.py
[2025-11-16T01:42:08.670+0000] {logging_mixin.py:154} INFO - [2025-11-16T01:42:08.670+0000] {dag.py:2941} INFO - Sync 1 DAGs
[2025-11-16T01:42:08.813+0000] {logging_mixin.py:154} INFO - [2025-11-16T01:42:08.813+0000] {dag.py:3722} INFO - Setting next_dagrun for sodai_drinks_production_pipeline to 2025-11-09T00:00:00+00:00, run_after=2025-11-16T00:00:00+00:00
[2025-11-16T01:42:08.824+0000] {processor.py:179} INFO - Processing /opt/airflow/dags/pipeline_productivo.py took 1.426 seconds
[2025-11-16T01:42:39.187+0000] {processor.py:157} INFO - Started process (PID=12679) to work on /opt/airflow/dags/pipeline_productivo.py
[2025-11-16T01:42:39.189+0000] {processor.py:829} INFO - Processing file /opt/airflow/dags/pipeline_productivo.py for tasks to queue
[2025-11-16T01:42:39.190+0000] {logging_mixin.py:154} INFO - [2025-11-16T01:42:39.189+0000] {dagbag.py:536} INFO - Filling up the DagBag from /opt/airflow/dags/pipeline_productivo.py
[2025-11-16T01:42:40.432+0000] {processor.py:839} INFO - DAG(s) dict_keys(['sodai_drinks_production_pipeline']) retrieved from /opt/airflow/dags/pipeline_productivo.py
[2025-11-16T01:42:40.574+0000] {logging_mixin.py:154} INFO - [2025-11-16T01:42:40.448+0000] {dag.py:2941} INFO - Sync 1 DAGs
[2025-11-16T01:42:40.588+0000] {logging_mixin.py:154} INFO - [2025-11-16T01:42:40.588+0000] {dag.py:3722} INFO - Setting next_dagrun for sodai_drinks_production_pipeline to 2025-11-09T00:00:00+00:00, run_after=2025-11-16T00:00:00+00:00
[2025-11-16T01:42:40.599+0000] {processor.py:179} INFO - Processing /opt/airflow/dags/pipeline_productivo.py took 1.414 seconds
[2025-11-16T01:43:11.210+0000] {processor.py:157} INFO - Started process (PID=12738) to work on /opt/airflow/dags/pipeline_productivo.py
[2025-11-16T01:43:11.211+0000] {processor.py:829} INFO - Processing file /opt/airflow/dags/pipeline_productivo.py for tasks to queue
[2025-11-16T01:43:11.211+0000] {logging_mixin.py:154} INFO - [2025-11-16T01:43:11.211+0000] {dagbag.py:536} INFO - Filling up the DagBag from /opt/airflow/dags/pipeline_productivo.py
[2025-11-16T01:43:12.584+0000] {processor.py:839} INFO - DAG(s) dict_keys(['sodai_drinks_production_pipeline']) retrieved from /opt/airflow/dags/pipeline_productivo.py
[2025-11-16T01:43:12.602+0000] {logging_mixin.py:154} INFO - [2025-11-16T01:43:12.602+0000] {dag.py:2941} INFO - Sync 1 DAGs
[2025-11-16T01:43:12.614+0000] {logging_mixin.py:154} INFO - [2025-11-16T01:43:12.614+0000] {dag.py:3722} INFO - Setting next_dagrun for sodai_drinks_production_pipeline to 2025-11-09T00:00:00+00:00, run_after=2025-11-16T00:00:00+00:00
[2025-11-16T01:43:12.625+0000] {processor.py:179} INFO - Processing /opt/airflow/dags/pipeline_productivo.py took 1.417 seconds
[2025-11-16T01:43:43.646+0000] {processor.py:157} INFO - Started process (PID=12814) to work on /opt/airflow/dags/pipeline_productivo.py
[2025-11-16T01:43:43.646+0000] {processor.py:829} INFO - Processing file /opt/airflow/dags/pipeline_productivo.py for tasks to queue
[2025-11-16T01:43:43.647+0000] {logging_mixin.py:154} INFO - [2025-11-16T01:43:43.647+0000] {dagbag.py:536} INFO - Filling up the DagBag from /opt/airflow/dags/pipeline_productivo.py
[2025-11-16T01:43:44.950+0000] {processor.py:839} INFO - DAG(s) dict_keys(['sodai_drinks_production_pipeline']) retrieved from /opt/airflow/dags/pipeline_productivo.py
[2025-11-16T01:43:44.965+0000] {logging_mixin.py:154} INFO - [2025-11-16T01:43:44.964+0000] {dag.py:2941} INFO - Sync 1 DAGs
[2025-11-16T01:43:44.976+0000] {logging_mixin.py:154} INFO - [2025-11-16T01:43:44.976+0000] {dag.py:3722} INFO - Setting next_dagrun for sodai_drinks_production_pipeline to 2025-11-09T00:00:00+00:00, run_after=2025-11-16T00:00:00+00:00
[2025-11-16T01:43:44.985+0000] {processor.py:179} INFO - Processing /opt/airflow/dags/pipeline_productivo.py took 1.343 seconds
[2025-11-16T01:44:16.016+0000] {processor.py:157} INFO - Started process (PID=12878) to work on /opt/airflow/dags/pipeline_productivo.py
[2025-11-16T01:44:16.017+0000] {processor.py:829} INFO - Processing file /opt/airflow/dags/pipeline_productivo.py for tasks to queue
[2025-11-16T01:44:16.017+0000] {logging_mixin.py:154} INFO - [2025-11-16T01:44:16.017+0000] {dagbag.py:536} INFO - Filling up the DagBag from /opt/airflow/dags/pipeline_productivo.py
[2025-11-16T01:44:17.224+0000] {processor.py:839} INFO - DAG(s) dict_keys(['sodai_drinks_production_pipeline']) retrieved from /opt/airflow/dags/pipeline_productivo.py
[2025-11-16T01:44:17.239+0000] {logging_mixin.py:154} INFO - [2025-11-16T01:44:17.239+0000] {dag.py:2941} INFO - Sync 1 DAGs
[2025-11-16T01:44:17.370+0000] {logging_mixin.py:154} INFO - [2025-11-16T01:44:17.369+0000] {dag.py:3722} INFO - Setting next_dagrun for sodai_drinks_production_pipeline to 2025-11-09T00:00:00+00:00, run_after=2025-11-16T00:00:00+00:00
[2025-11-16T01:44:17.380+0000] {processor.py:179} INFO - Processing /opt/airflow/dags/pipeline_productivo.py took 1.367 seconds
[2025-11-16T01:44:47.475+0000] {processor.py:157} INFO - Started process (PID=12930) to work on /opt/airflow/dags/pipeline_productivo.py
[2025-11-16T01:44:47.477+0000] {processor.py:829} INFO - Processing file /opt/airflow/dags/pipeline_productivo.py for tasks to queue
[2025-11-16T01:44:47.477+0000] {logging_mixin.py:154} INFO - [2025-11-16T01:44:47.477+0000] {dagbag.py:536} INFO - Filling up the DagBag from /opt/airflow/dags/pipeline_productivo.py
[2025-11-16T01:44:48.713+0000] {processor.py:839} INFO - DAG(s) dict_keys(['sodai_drinks_production_pipeline']) retrieved from /opt/airflow/dags/pipeline_productivo.py
[2025-11-16T01:44:48.849+0000] {logging_mixin.py:154} INFO - [2025-11-16T01:44:48.728+0000] {dag.py:2941} INFO - Sync 1 DAGs
[2025-11-16T01:44:48.861+0000] {logging_mixin.py:154} INFO - [2025-11-16T01:44:48.861+0000] {dag.py:3722} INFO - Setting next_dagrun for sodai_drinks_production_pipeline to 2025-11-09T00:00:00+00:00, run_after=2025-11-16T00:00:00+00:00
[2025-11-16T01:44:48.871+0000] {processor.py:179} INFO - Processing /opt/airflow/dags/pipeline_productivo.py took 1.398 seconds
[2025-11-16T01:45:18.922+0000] {processor.py:157} INFO - Started process (PID=12989) to work on /opt/airflow/dags/pipeline_productivo.py
[2025-11-16T01:45:18.923+0000] {processor.py:829} INFO - Processing file /opt/airflow/dags/pipeline_productivo.py for tasks to queue
[2025-11-16T01:45:18.923+0000] {logging_mixin.py:154} INFO - [2025-11-16T01:45:18.923+0000] {dagbag.py:536} INFO - Filling up the DagBag from /opt/airflow/dags/pipeline_productivo.py
[2025-11-16T01:45:20.168+0000] {processor.py:839} INFO - DAG(s) dict_keys(['sodai_drinks_production_pipeline']) retrieved from /opt/airflow/dags/pipeline_productivo.py
[2025-11-16T01:45:20.184+0000] {logging_mixin.py:154} INFO - [2025-11-16T01:45:20.184+0000] {dag.py:2941} INFO - Sync 1 DAGs
[2025-11-16T01:45:20.195+0000] {logging_mixin.py:154} INFO - [2025-11-16T01:45:20.195+0000] {dag.py:3722} INFO - Setting next_dagrun for sodai_drinks_production_pipeline to 2025-11-09T00:00:00+00:00, run_after=2025-11-16T00:00:00+00:00
[2025-11-16T01:45:20.204+0000] {processor.py:179} INFO - Processing /opt/airflow/dags/pipeline_productivo.py took 1.285 seconds
[2025-11-16T01:45:51.135+0000] {processor.py:157} INFO - Started process (PID=13055) to work on /opt/airflow/dags/pipeline_productivo.py
[2025-11-16T01:45:51.136+0000] {processor.py:829} INFO - Processing file /opt/airflow/dags/pipeline_productivo.py for tasks to queue
[2025-11-16T01:45:51.136+0000] {logging_mixin.py:154} INFO - [2025-11-16T01:45:51.136+0000] {dagbag.py:536} INFO - Filling up the DagBag from /opt/airflow/dags/pipeline_productivo.py
[2025-11-16T01:45:52.318+0000] {processor.py:839} INFO - DAG(s) dict_keys(['sodai_drinks_production_pipeline']) retrieved from /opt/airflow/dags/pipeline_productivo.py
[2025-11-16T01:45:52.333+0000] {logging_mixin.py:154} INFO - [2025-11-16T01:45:52.333+0000] {dag.py:2941} INFO - Sync 1 DAGs
[2025-11-16T01:45:52.345+0000] {logging_mixin.py:154} INFO - [2025-11-16T01:45:52.345+0000] {dag.py:3722} INFO - Setting next_dagrun for sodai_drinks_production_pipeline to 2025-11-09T00:00:00+00:00, run_after=2025-11-16T00:00:00+00:00
[2025-11-16T01:45:52.354+0000] {processor.py:179} INFO - Processing /opt/airflow/dags/pipeline_productivo.py took 1.221 seconds
[2025-11-16T01:46:23.370+0000] {processor.py:157} INFO - Started process (PID=13114) to work on /opt/airflow/dags/pipeline_productivo.py
[2025-11-16T01:46:23.370+0000] {processor.py:829} INFO - Processing file /opt/airflow/dags/pipeline_productivo.py for tasks to queue
[2025-11-16T01:46:23.370+0000] {logging_mixin.py:154} INFO - [2025-11-16T01:46:23.370+0000] {dagbag.py:536} INFO - Filling up the DagBag from /opt/airflow/dags/pipeline_productivo.py
[2025-11-16T01:46:24.476+0000] {processor.py:839} INFO - DAG(s) dict_keys(['sodai_drinks_production_pipeline']) retrieved from /opt/airflow/dags/pipeline_productivo.py
[2025-11-16T01:46:24.491+0000] {logging_mixin.py:154} INFO - [2025-11-16T01:46:24.491+0000] {dag.py:2941} INFO - Sync 1 DAGs
[2025-11-16T01:46:24.616+0000] {logging_mixin.py:154} INFO - [2025-11-16T01:46:24.616+0000] {dag.py:3722} INFO - Setting next_dagrun for sodai_drinks_production_pipeline to 2025-11-09T00:00:00+00:00, run_after=2025-11-16T00:00:00+00:00
[2025-11-16T01:46:24.628+0000] {processor.py:179} INFO - Processing /opt/airflow/dags/pipeline_productivo.py took 1.260 seconds
[2025-11-16T01:46:54.688+0000] {processor.py:157} INFO - Started process (PID=13173) to work on /opt/airflow/dags/pipeline_productivo.py
[2025-11-16T01:46:54.688+0000] {processor.py:829} INFO - Processing file /opt/airflow/dags/pipeline_productivo.py for tasks to queue
[2025-11-16T01:46:54.689+0000] {logging_mixin.py:154} INFO - [2025-11-16T01:46:54.689+0000] {dagbag.py:536} INFO - Filling up the DagBag from /opt/airflow/dags/pipeline_productivo.py
[2025-11-16T01:46:55.853+0000] {processor.py:839} INFO - DAG(s) dict_keys(['sodai_drinks_production_pipeline']) retrieved from /opt/airflow/dags/pipeline_productivo.py
[2025-11-16T01:46:55.974+0000] {logging_mixin.py:154} INFO - [2025-11-16T01:46:55.868+0000] {dag.py:2941} INFO - Sync 1 DAGs
[2025-11-16T01:46:55.986+0000] {logging_mixin.py:154} INFO - [2025-11-16T01:46:55.986+0000] {dag.py:3722} INFO - Setting next_dagrun for sodai_drinks_production_pipeline to 2025-11-09T00:00:00+00:00, run_after=2025-11-16T00:00:00+00:00
[2025-11-16T01:46:55.996+0000] {processor.py:179} INFO - Processing /opt/airflow/dags/pipeline_productivo.py took 1.311 seconds
[2025-11-16T01:47:26.116+0000] {processor.py:157} INFO - Started process (PID=13232) to work on /opt/airflow/dags/pipeline_productivo.py
[2025-11-16T01:47:26.117+0000] {processor.py:829} INFO - Processing file /opt/airflow/dags/pipeline_productivo.py for tasks to queue
[2025-11-16T01:47:26.118+0000] {logging_mixin.py:154} INFO - [2025-11-16T01:47:26.117+0000] {dagbag.py:536} INFO - Filling up the DagBag from /opt/airflow/dags/pipeline_productivo.py
[2025-11-16T01:47:27.324+0000] {processor.py:839} INFO - DAG(s) dict_keys(['sodai_drinks_production_pipeline']) retrieved from /opt/airflow/dags/pipeline_productivo.py
[2025-11-16T01:47:27.339+0000] {logging_mixin.py:154} INFO - [2025-11-16T01:47:27.338+0000] {dag.py:2941} INFO - Sync 1 DAGs
[2025-11-16T01:47:27.350+0000] {logging_mixin.py:154} INFO - [2025-11-16T01:47:27.350+0000] {dag.py:3722} INFO - Setting next_dagrun for sodai_drinks_production_pipeline to 2025-11-09T00:00:00+00:00, run_after=2025-11-16T00:00:00+00:00
[2025-11-16T01:47:27.359+0000] {processor.py:179} INFO - Processing /opt/airflow/dags/pipeline_productivo.py took 1.246 seconds
[2025-11-16T01:47:57.419+0000] {processor.py:157} INFO - Started process (PID=13291) to work on /opt/airflow/dags/pipeline_productivo.py
[2025-11-16T01:47:57.419+0000] {processor.py:829} INFO - Processing file /opt/airflow/dags/pipeline_productivo.py for tasks to queue
[2025-11-16T01:47:57.420+0000] {logging_mixin.py:154} INFO - [2025-11-16T01:47:57.420+0000] {dagbag.py:536} INFO - Filling up the DagBag from /opt/airflow/dags/pipeline_productivo.py
[2025-11-16T01:47:58.676+0000] {processor.py:839} INFO - DAG(s) dict_keys(['sodai_drinks_production_pipeline']) retrieved from /opt/airflow/dags/pipeline_productivo.py
[2025-11-16T01:47:58.693+0000] {logging_mixin.py:154} INFO - [2025-11-16T01:47:58.692+0000] {dag.py:2941} INFO - Sync 1 DAGs
[2025-11-16T01:47:58.705+0000] {logging_mixin.py:154} INFO - [2025-11-16T01:47:58.705+0000] {dag.py:3722} INFO - Setting next_dagrun for sodai_drinks_production_pipeline to 2025-11-09T00:00:00+00:00, run_after=2025-11-16T00:00:00+00:00
[2025-11-16T01:47:58.714+0000] {processor.py:179} INFO - Processing /opt/airflow/dags/pipeline_productivo.py took 1.298 seconds
[2025-11-16T01:48:29.750+0000] {processor.py:157} INFO - Started process (PID=13350) to work on /opt/airflow/dags/pipeline_productivo.py
[2025-11-16T01:48:29.750+0000] {processor.py:829} INFO - Processing file /opt/airflow/dags/pipeline_productivo.py for tasks to queue
[2025-11-16T01:48:29.751+0000] {logging_mixin.py:154} INFO - [2025-11-16T01:48:29.750+0000] {dagbag.py:536} INFO - Filling up the DagBag from /opt/airflow/dags/pipeline_productivo.py
[2025-11-16T01:48:30.964+0000] {processor.py:839} INFO - DAG(s) dict_keys(['sodai_drinks_production_pipeline']) retrieved from /opt/airflow/dags/pipeline_productivo.py
[2025-11-16T01:48:30.980+0000] {logging_mixin.py:154} INFO - [2025-11-16T01:48:30.980+0000] {dag.py:2941} INFO - Sync 1 DAGs
[2025-11-16T01:48:31.130+0000] {logging_mixin.py:154} INFO - [2025-11-16T01:48:31.129+0000] {dag.py:3722} INFO - Setting next_dagrun for sodai_drinks_production_pipeline to 2025-11-09T00:00:00+00:00, run_after=2025-11-16T00:00:00+00:00
[2025-11-16T01:48:31.139+0000] {processor.py:179} INFO - Processing /opt/airflow/dags/pipeline_productivo.py took 1.393 seconds
[2025-11-16T01:49:01.265+0000] {processor.py:157} INFO - Started process (PID=13409) to work on /opt/airflow/dags/pipeline_productivo.py
[2025-11-16T01:49:01.265+0000] {processor.py:829} INFO - Processing file /opt/airflow/dags/pipeline_productivo.py for tasks to queue
[2025-11-16T01:49:01.266+0000] {logging_mixin.py:154} INFO - [2025-11-16T01:49:01.265+0000] {dagbag.py:536} INFO - Filling up the DagBag from /opt/airflow/dags/pipeline_productivo.py
[2025-11-16T01:49:02.449+0000] {processor.py:839} INFO - DAG(s) dict_keys(['sodai_drinks_production_pipeline']) retrieved from /opt/airflow/dags/pipeline_productivo.py
[2025-11-16T01:49:02.590+0000] {logging_mixin.py:154} INFO - [2025-11-16T01:49:02.589+0000] {dag.py:2941} INFO - Sync 1 DAGs
[2025-11-16T01:49:02.602+0000] {logging_mixin.py:154} INFO - [2025-11-16T01:49:02.602+0000] {dag.py:3722} INFO - Setting next_dagrun for sodai_drinks_production_pipeline to 2025-11-09T00:00:00+00:00, run_after=2025-11-16T00:00:00+00:00
[2025-11-16T01:49:02.612+0000] {processor.py:179} INFO - Processing /opt/airflow/dags/pipeline_productivo.py took 1.349 seconds
[2025-11-16T01:49:33.468+0000] {processor.py:157} INFO - Started process (PID=13468) to work on /opt/airflow/dags/pipeline_productivo.py
[2025-11-16T01:49:33.468+0000] {processor.py:829} INFO - Processing file /opt/airflow/dags/pipeline_productivo.py for tasks to queue
[2025-11-16T01:49:33.469+0000] {logging_mixin.py:154} INFO - [2025-11-16T01:49:33.469+0000] {dagbag.py:536} INFO - Filling up the DagBag from /opt/airflow/dags/pipeline_productivo.py
[2025-11-16T01:49:34.811+0000] {processor.py:839} INFO - DAG(s) dict_keys(['sodai_drinks_production_pipeline']) retrieved from /opt/airflow/dags/pipeline_productivo.py
[2025-11-16T01:49:34.829+0000] {logging_mixin.py:154} INFO - [2025-11-16T01:49:34.828+0000] {dag.py:2941} INFO - Sync 1 DAGs
[2025-11-16T01:49:34.842+0000] {logging_mixin.py:154} INFO - [2025-11-16T01:49:34.842+0000] {dag.py:3722} INFO - Setting next_dagrun for sodai_drinks_production_pipeline to 2025-11-09T00:00:00+00:00, run_after=2025-11-16T00:00:00+00:00
[2025-11-16T01:49:34.852+0000] {processor.py:179} INFO - Processing /opt/airflow/dags/pipeline_productivo.py took 1.387 seconds
[2025-11-16T01:50:04.943+0000] {processor.py:157} INFO - Started process (PID=13527) to work on /opt/airflow/dags/pipeline_productivo.py
[2025-11-16T01:50:04.944+0000] {processor.py:829} INFO - Processing file /opt/airflow/dags/pipeline_productivo.py for tasks to queue
[2025-11-16T01:50:04.944+0000] {logging_mixin.py:154} INFO - [2025-11-16T01:50:04.944+0000] {dagbag.py:536} INFO - Filling up the DagBag from /opt/airflow/dags/pipeline_productivo.py
[2025-11-16T01:50:06.409+0000] {processor.py:839} INFO - DAG(s) dict_keys(['sodai_drinks_production_pipeline']) retrieved from /opt/airflow/dags/pipeline_productivo.py
[2025-11-16T01:50:06.430+0000] {logging_mixin.py:154} INFO - [2025-11-16T01:50:06.429+0000] {dag.py:2941} INFO - Sync 1 DAGs
[2025-11-16T01:50:06.444+0000] {logging_mixin.py:154} INFO - [2025-11-16T01:50:06.444+0000] {dag.py:3722} INFO - Setting next_dagrun for sodai_drinks_production_pipeline to 2025-11-09T00:00:00+00:00, run_after=2025-11-16T00:00:00+00:00
[2025-11-16T01:50:06.455+0000] {processor.py:179} INFO - Processing /opt/airflow/dags/pipeline_productivo.py took 1.514 seconds
[2025-11-16T01:50:37.461+0000] {processor.py:157} INFO - Started process (PID=13586) to work on /opt/airflow/dags/pipeline_productivo.py
[2025-11-16T01:50:37.462+0000] {processor.py:829} INFO - Processing file /opt/airflow/dags/pipeline_productivo.py for tasks to queue
[2025-11-16T01:50:37.463+0000] {logging_mixin.py:154} INFO - [2025-11-16T01:50:37.463+0000] {dagbag.py:536} INFO - Filling up the DagBag from /opt/airflow/dags/pipeline_productivo.py
[2025-11-16T01:50:38.888+0000] {processor.py:839} INFO - DAG(s) dict_keys(['sodai_drinks_production_pipeline']) retrieved from /opt/airflow/dags/pipeline_productivo.py
[2025-11-16T01:50:38.916+0000] {logging_mixin.py:154} INFO - [2025-11-16T01:50:38.915+0000] {dag.py:2941} INFO - Sync 1 DAGs
[2025-11-16T01:50:39.086+0000] {logging_mixin.py:154} INFO - [2025-11-16T01:50:39.085+0000] {dag.py:3722} INFO - Setting next_dagrun for sodai_drinks_production_pipeline to 2025-11-09T00:00:00+00:00, run_after=2025-11-16T00:00:00+00:00
[2025-11-16T01:50:39.100+0000] {processor.py:179} INFO - Processing /opt/airflow/dags/pipeline_productivo.py took 1.640 seconds
[2025-11-16T01:51:09.526+0000] {processor.py:157} INFO - Started process (PID=13645) to work on /opt/airflow/dags/pipeline_productivo.py
[2025-11-16T01:51:09.527+0000] {processor.py:829} INFO - Processing file /opt/airflow/dags/pipeline_productivo.py for tasks to queue
[2025-11-16T01:51:09.527+0000] {logging_mixin.py:154} INFO - [2025-11-16T01:51:09.527+0000] {dagbag.py:536} INFO - Filling up the DagBag from /opt/airflow/dags/pipeline_productivo.py
[2025-11-16T01:51:10.692+0000] {processor.py:839} INFO - DAG(s) dict_keys(['sodai_drinks_production_pipeline']) retrieved from /opt/airflow/dags/pipeline_productivo.py
[2025-11-16T01:51:10.828+0000] {logging_mixin.py:154} INFO - [2025-11-16T01:51:10.828+0000] {dag.py:2941} INFO - Sync 1 DAGs
[2025-11-16T01:51:10.841+0000] {logging_mixin.py:154} INFO - [2025-11-16T01:51:10.841+0000] {dag.py:3722} INFO - Setting next_dagrun for sodai_drinks_production_pipeline to 2025-11-09T00:00:00+00:00, run_after=2025-11-16T00:00:00+00:00
[2025-11-16T01:51:10.851+0000] {processor.py:179} INFO - Processing /opt/airflow/dags/pipeline_productivo.py took 1.327 seconds
[2025-11-16T01:51:40.919+0000] {processor.py:157} INFO - Started process (PID=13704) to work on /opt/airflow/dags/pipeline_productivo.py
[2025-11-16T01:51:40.920+0000] {processor.py:829} INFO - Processing file /opt/airflow/dags/pipeline_productivo.py for tasks to queue
[2025-11-16T01:51:40.920+0000] {logging_mixin.py:154} INFO - [2025-11-16T01:51:40.920+0000] {dagbag.py:536} INFO - Filling up the DagBag from /opt/airflow/dags/pipeline_productivo.py
[2025-11-16T01:51:42.158+0000] {processor.py:839} INFO - DAG(s) dict_keys(['sodai_drinks_production_pipeline']) retrieved from /opt/airflow/dags/pipeline_productivo.py
[2025-11-16T01:51:42.173+0000] {logging_mixin.py:154} INFO - [2025-11-16T01:51:42.173+0000] {dag.py:2941} INFO - Sync 1 DAGs
[2025-11-16T01:51:42.186+0000] {logging_mixin.py:154} INFO - [2025-11-16T01:51:42.186+0000] {dag.py:3722} INFO - Setting next_dagrun for sodai_drinks_production_pipeline to 2025-11-09T00:00:00+00:00, run_after=2025-11-16T00:00:00+00:00
[2025-11-16T01:51:42.196+0000] {processor.py:179} INFO - Processing /opt/airflow/dags/pipeline_productivo.py took 1.280 seconds
[2025-11-16T01:52:13.144+0000] {processor.py:157} INFO - Started process (PID=13763) to work on /opt/airflow/dags/pipeline_productivo.py
[2025-11-16T01:52:13.144+0000] {processor.py:829} INFO - Processing file /opt/airflow/dags/pipeline_productivo.py for tasks to queue
[2025-11-16T01:52:13.145+0000] {logging_mixin.py:154} INFO - [2025-11-16T01:52:13.144+0000] {dagbag.py:536} INFO - Filling up the DagBag from /opt/airflow/dags/pipeline_productivo.py
[2025-11-16T01:52:14.684+0000] {processor.py:839} INFO - DAG(s) dict_keys(['sodai_drinks_production_pipeline']) retrieved from /opt/airflow/dags/pipeline_productivo.py
[2025-11-16T01:52:14.701+0000] {logging_mixin.py:154} INFO - [2025-11-16T01:52:14.701+0000] {dag.py:2941} INFO - Sync 1 DAGs
[2025-11-16T01:52:14.715+0000] {logging_mixin.py:154} INFO - [2025-11-16T01:52:14.714+0000] {dag.py:3722} INFO - Setting next_dagrun for sodai_drinks_production_pipeline to 2025-11-09T00:00:00+00:00, run_after=2025-11-16T00:00:00+00:00
[2025-11-16T01:52:14.725+0000] {processor.py:179} INFO - Processing /opt/airflow/dags/pipeline_productivo.py took 1.584 seconds
[2025-11-16T01:52:45.746+0000] {processor.py:157} INFO - Started process (PID=13822) to work on /opt/airflow/dags/pipeline_productivo.py
[2025-11-16T01:52:45.746+0000] {processor.py:829} INFO - Processing file /opt/airflow/dags/pipeline_productivo.py for tasks to queue
[2025-11-16T01:52:45.747+0000] {logging_mixin.py:154} INFO - [2025-11-16T01:52:45.747+0000] {dagbag.py:536} INFO - Filling up the DagBag from /opt/airflow/dags/pipeline_productivo.py
[2025-11-16T01:52:44.797+0000] {processor.py:839} INFO - DAG(s) dict_keys(['sodai_drinks_production_pipeline']) retrieved from /opt/airflow/dags/pipeline_productivo.py
[2025-11-16T01:52:44.811+0000] {logging_mixin.py:154} INFO - [2025-11-16T01:52:44.811+0000] {dag.py:2941} INFO - Sync 1 DAGs
[2025-11-16T01:52:44.823+0000] {logging_mixin.py:154} INFO - [2025-11-16T01:52:44.823+0000] {dag.py:3722} INFO - Setting next_dagrun for sodai_drinks_production_pipeline to 2025-11-09T00:00:00+00:00, run_after=2025-11-16T00:00:00+00:00
[2025-11-16T01:52:44.832+0000] {processor.py:179} INFO - Processing /opt/airflow/dags/pipeline_productivo.py took 1.301 seconds
[2025-11-16T01:53:15.878+0000] {processor.py:157} INFO - Started process (PID=13882) to work on /opt/airflow/dags/pipeline_productivo.py
[2025-11-16T01:53:15.879+0000] {processor.py:829} INFO - Processing file /opt/airflow/dags/pipeline_productivo.py for tasks to queue
[2025-11-16T01:53:15.880+0000] {logging_mixin.py:154} INFO - [2025-11-16T01:53:15.879+0000] {dagbag.py:536} INFO - Filling up the DagBag from /opt/airflow/dags/pipeline_productivo.py
[2025-11-16T01:53:16.988+0000] {processor.py:839} INFO - DAG(s) dict_keys(['sodai_drinks_production_pipeline']) retrieved from /opt/airflow/dags/pipeline_productivo.py
[2025-11-16T01:53:17.133+0000] {logging_mixin.py:154} INFO - [2025-11-16T01:53:17.133+0000] {dag.py:2941} INFO - Sync 1 DAGs
[2025-11-16T01:53:17.145+0000] {logging_mixin.py:154} INFO - [2025-11-16T01:53:17.145+0000] {dag.py:3722} INFO - Setting next_dagrun for sodai_drinks_production_pipeline to 2025-11-09T00:00:00+00:00, run_after=2025-11-16T00:00:00+00:00
[2025-11-16T01:53:17.155+0000] {processor.py:179} INFO - Processing /opt/airflow/dags/pipeline_productivo.py took 1.279 seconds
[2025-11-16T01:53:48.169+0000] {processor.py:157} INFO - Started process (PID=13941) to work on /opt/airflow/dags/pipeline_productivo.py
[2025-11-16T01:53:48.169+0000] {processor.py:829} INFO - Processing file /opt/airflow/dags/pipeline_productivo.py for tasks to queue
[2025-11-16T01:53:48.169+0000] {logging_mixin.py:154} INFO - [2025-11-16T01:53:48.169+0000] {dagbag.py:536} INFO - Filling up the DagBag from /opt/airflow/dags/pipeline_productivo.py
[2025-11-16T01:53:49.502+0000] {processor.py:839} INFO - DAG(s) dict_keys(['sodai_drinks_production_pipeline']) retrieved from /opt/airflow/dags/pipeline_productivo.py
[2025-11-16T01:53:49.517+0000] {logging_mixin.py:154} INFO - [2025-11-16T01:53:49.516+0000] {dag.py:2941} INFO - Sync 1 DAGs
[2025-11-16T01:53:49.528+0000] {logging_mixin.py:154} INFO - [2025-11-16T01:53:49.528+0000] {dag.py:3722} INFO - Setting next_dagrun for sodai_drinks_production_pipeline to 2025-11-09T00:00:00+00:00, run_after=2025-11-16T00:00:00+00:00
[2025-11-16T01:53:49.538+0000] {processor.py:179} INFO - Processing /opt/airflow/dags/pipeline_productivo.py took 1.372 seconds
[2025-11-16T01:54:19.676+0000] {processor.py:157} INFO - Started process (PID=14010) to work on /opt/airflow/dags/pipeline_productivo.py
[2025-11-16T01:54:19.677+0000] {processor.py:829} INFO - Processing file /opt/airflow/dags/pipeline_productivo.py for tasks to queue
[2025-11-16T01:54:19.677+0000] {logging_mixin.py:154} INFO - [2025-11-16T01:54:19.677+0000] {dagbag.py:536} INFO - Filling up the DagBag from /opt/airflow/dags/pipeline_productivo.py
[2025-11-16T01:54:21.018+0000] {processor.py:839} INFO - DAG(s) dict_keys(['sodai_drinks_production_pipeline']) retrieved from /opt/airflow/dags/pipeline_productivo.py
[2025-11-16T01:54:21.033+0000] {logging_mixin.py:154} INFO - [2025-11-16T01:54:21.032+0000] {dag.py:2941} INFO - Sync 1 DAGs
[2025-11-16T01:54:21.045+0000] {logging_mixin.py:154} INFO - [2025-11-16T01:54:21.045+0000] {dag.py:3722} INFO - Setting next_dagrun for sodai_drinks_production_pipeline to 2025-11-09T00:00:00+00:00, run_after=2025-11-16T00:00:00+00:00
[2025-11-16T01:54:21.054+0000] {processor.py:179} INFO - Processing /opt/airflow/dags/pipeline_productivo.py took 1.381 seconds
[2025-11-16T01:54:51.400+0000] {processor.py:157} INFO - Started process (PID=14075) to work on /opt/airflow/dags/pipeline_productivo.py
[2025-11-16T01:54:51.401+0000] {processor.py:829} INFO - Processing file /opt/airflow/dags/pipeline_productivo.py for tasks to queue
[2025-11-16T01:54:51.401+0000] {logging_mixin.py:154} INFO - [2025-11-16T01:54:51.401+0000] {dagbag.py:536} INFO - Filling up the DagBag from /opt/airflow/dags/pipeline_productivo.py
[2025-11-16T01:54:52.824+0000] {processor.py:839} INFO - DAG(s) dict_keys(['sodai_drinks_production_pipeline']) retrieved from /opt/airflow/dags/pipeline_productivo.py
[2025-11-16T01:54:52.847+0000] {logging_mixin.py:154} INFO - [2025-11-16T01:54:52.846+0000] {dag.py:2941} INFO - Sync 1 DAGs
[2025-11-16T01:54:52.865+0000] {logging_mixin.py:154} INFO - [2025-11-16T01:54:52.865+0000] {dag.py:3722} INFO - Setting next_dagrun for sodai_drinks_production_pipeline to 2025-11-09T00:00:00+00:00, run_after=2025-11-16T00:00:00+00:00
[2025-11-16T01:54:52.879+0000] {processor.py:179} INFO - Processing /opt/airflow/dags/pipeline_productivo.py took 1.481 seconds
[2025-11-16T01:55:23.694+0000] {processor.py:157} INFO - Started process (PID=14139) to work on /opt/airflow/dags/pipeline_productivo.py
[2025-11-16T01:55:23.695+0000] {processor.py:829} INFO - Processing file /opt/airflow/dags/pipeline_productivo.py for tasks to queue
[2025-11-16T01:55:23.696+0000] {logging_mixin.py:154} INFO - [2025-11-16T01:55:23.695+0000] {dagbag.py:536} INFO - Filling up the DagBag from /opt/airflow/dags/pipeline_productivo.py
[2025-11-16T01:55:24.862+0000] {processor.py:839} INFO - DAG(s) dict_keys(['sodai_drinks_production_pipeline']) retrieved from /opt/airflow/dags/pipeline_productivo.py
[2025-11-16T01:55:25.004+0000] {logging_mixin.py:154} INFO - [2025-11-16T01:55:25.004+0000] {dag.py:2941} INFO - Sync 1 DAGs
[2025-11-16T01:55:25.017+0000] {logging_mixin.py:154} INFO - [2025-11-16T01:55:25.017+0000] {dag.py:3722} INFO - Setting next_dagrun for sodai_drinks_production_pipeline to 2025-11-09T00:00:00+00:00, run_after=2025-11-16T00:00:00+00:00
[2025-11-16T01:55:25.027+0000] {processor.py:179} INFO - Processing /opt/airflow/dags/pipeline_productivo.py took 1.336 seconds
[2025-11-16T01:55:55.081+0000] {processor.py:157} INFO - Started process (PID=14198) to work on /opt/airflow/dags/pipeline_productivo.py
[2025-11-16T01:55:55.081+0000] {processor.py:829} INFO - Processing file /opt/airflow/dags/pipeline_productivo.py for tasks to queue
[2025-11-16T01:55:55.082+0000] {logging_mixin.py:154} INFO - [2025-11-16T01:55:55.081+0000] {dagbag.py:536} INFO - Filling up the DagBag from /opt/airflow/dags/pipeline_productivo.py
[2025-11-16T01:55:56.401+0000] {processor.py:839} INFO - DAG(s) dict_keys(['sodai_drinks_production_pipeline']) retrieved from /opt/airflow/dags/pipeline_productivo.py
[2025-11-16T01:55:56.417+0000] {logging_mixin.py:154} INFO - [2025-11-16T01:55:56.416+0000] {dag.py:2941} INFO - Sync 1 DAGs
[2025-11-16T01:55:56.428+0000] {logging_mixin.py:154} INFO - [2025-11-16T01:55:56.428+0000] {dag.py:3722} INFO - Setting next_dagrun for sodai_drinks_production_pipeline to 2025-11-09T00:00:00+00:00, run_after=2025-11-16T00:00:00+00:00
[2025-11-16T01:55:56.439+0000] {processor.py:179} INFO - Processing /opt/airflow/dags/pipeline_productivo.py took 1.361 seconds
[2025-11-16T01:56:27.058+0000] {processor.py:157} INFO - Started process (PID=14257) to work on /opt/airflow/dags/pipeline_productivo.py
[2025-11-16T01:56:27.058+0000] {processor.py:829} INFO - Processing file /opt/airflow/dags/pipeline_productivo.py for tasks to queue
[2025-11-16T01:56:27.059+0000] {logging_mixin.py:154} INFO - [2025-11-16T01:56:27.059+0000] {dagbag.py:536} INFO - Filling up the DagBag from /opt/airflow/dags/pipeline_productivo.py
[2025-11-16T01:56:28.351+0000] {processor.py:839} INFO - DAG(s) dict_keys(['sodai_drinks_production_pipeline']) retrieved from /opt/airflow/dags/pipeline_productivo.py
[2025-11-16T01:56:28.367+0000] {logging_mixin.py:154} INFO - [2025-11-16T01:56:28.366+0000] {dag.py:2941} INFO - Sync 1 DAGs
[2025-11-16T01:56:28.378+0000] {logging_mixin.py:154} INFO - [2025-11-16T01:56:28.378+0000] {dag.py:3722} INFO - Setting next_dagrun for sodai_drinks_production_pipeline to 2025-11-09T00:00:00+00:00, run_after=2025-11-16T00:00:00+00:00
[2025-11-16T01:56:28.387+0000] {processor.py:179} INFO - Processing /opt/airflow/dags/pipeline_productivo.py took 1.332 seconds
[2025-11-16T01:56:58.621+0000] {processor.py:157} INFO - Started process (PID=14316) to work on /opt/airflow/dags/pipeline_productivo.py
[2025-11-16T01:56:58.621+0000] {processor.py:829} INFO - Processing file /opt/airflow/dags/pipeline_productivo.py for tasks to queue
[2025-11-16T01:56:58.622+0000] {logging_mixin.py:154} INFO - [2025-11-16T01:56:58.621+0000] {dagbag.py:536} INFO - Filling up the DagBag from /opt/airflow/dags/pipeline_productivo.py
[2025-11-16T01:56:59.927+0000] {processor.py:839} INFO - DAG(s) dict_keys(['sodai_drinks_production_pipeline']) retrieved from /opt/airflow/dags/pipeline_productivo.py
[2025-11-16T01:56:59.944+0000] {logging_mixin.py:154} INFO - [2025-11-16T01:56:59.943+0000] {dag.py:2941} INFO - Sync 1 DAGs
[2025-11-16T01:56:59.956+0000] {logging_mixin.py:154} INFO - [2025-11-16T01:56:59.956+0000] {dag.py:3722} INFO - Setting next_dagrun for sodai_drinks_production_pipeline to 2025-11-09T00:00:00+00:00, run_after=2025-11-16T00:00:00+00:00
[2025-11-16T01:56:59.966+0000] {processor.py:179} INFO - Processing /opt/airflow/dags/pipeline_productivo.py took 1.347 seconds
[2025-11-16T01:57:30.677+0000] {processor.py:157} INFO - Started process (PID=14375) to work on /opt/airflow/dags/pipeline_productivo.py
[2025-11-16T01:57:30.677+0000] {processor.py:829} INFO - Processing file /opt/airflow/dags/pipeline_productivo.py for tasks to queue
[2025-11-16T01:57:30.678+0000] {logging_mixin.py:154} INFO - [2025-11-16T01:57:30.677+0000] {dagbag.py:536} INFO - Filling up the DagBag from /opt/airflow/dags/pipeline_productivo.py
[2025-11-16T01:57:31.943+0000] {processor.py:839} INFO - DAG(s) dict_keys(['sodai_drinks_production_pipeline']) retrieved from /opt/airflow/dags/pipeline_productivo.py
[2025-11-16T01:57:31.960+0000] {logging_mixin.py:154} INFO - [2025-11-16T01:57:31.959+0000] {dag.py:2941} INFO - Sync 1 DAGs
[2025-11-16T01:57:31.972+0000] {logging_mixin.py:154} INFO - [2025-11-16T01:57:31.972+0000] {dag.py:3722} INFO - Setting next_dagrun for sodai_drinks_production_pipeline to 2025-11-09T00:00:00+00:00, run_after=2025-11-16T00:00:00+00:00
[2025-11-16T01:57:31.982+0000] {processor.py:179} INFO - Processing /opt/airflow/dags/pipeline_productivo.py took 1.308 seconds
[2025-11-16T01:58:02.074+0000] {processor.py:157} INFO - Started process (PID=14435) to work on /opt/airflow/dags/pipeline_productivo.py
[2025-11-16T01:58:02.076+0000] {processor.py:829} INFO - Processing file /opt/airflow/dags/pipeline_productivo.py for tasks to queue
[2025-11-16T01:58:02.076+0000] {logging_mixin.py:154} INFO - [2025-11-16T01:58:02.076+0000] {dagbag.py:536} INFO - Filling up the DagBag from /opt/airflow/dags/pipeline_productivo.py
[2025-11-16T01:58:03.330+0000] {processor.py:839} INFO - DAG(s) dict_keys(['sodai_drinks_production_pipeline']) retrieved from /opt/airflow/dags/pipeline_productivo.py
[2025-11-16T01:58:03.346+0000] {logging_mixin.py:154} INFO - [2025-11-16T01:58:03.346+0000] {dag.py:2941} INFO - Sync 1 DAGs
[2025-11-16T01:58:03.358+0000] {logging_mixin.py:154} INFO - [2025-11-16T01:58:03.358+0000] {dag.py:3722} INFO - Setting next_dagrun for sodai_drinks_production_pipeline to 2025-11-09T00:00:00+00:00, run_after=2025-11-16T00:00:00+00:00
[2025-11-16T01:58:03.369+0000] {processor.py:179} INFO - Processing /opt/airflow/dags/pipeline_productivo.py took 1.298 seconds
[2025-11-16T01:58:33.482+0000] {processor.py:157} INFO - Started process (PID=14494) to work on /opt/airflow/dags/pipeline_productivo.py
[2025-11-16T01:58:33.482+0000] {processor.py:829} INFO - Processing file /opt/airflow/dags/pipeline_productivo.py for tasks to queue
[2025-11-16T01:58:33.483+0000] {logging_mixin.py:154} INFO - [2025-11-16T01:58:33.483+0000] {dagbag.py:536} INFO - Filling up the DagBag from /opt/airflow/dags/pipeline_productivo.py
[2025-11-16T01:58:34.858+0000] {processor.py:839} INFO - DAG(s) dict_keys(['sodai_drinks_production_pipeline']) retrieved from /opt/airflow/dags/pipeline_productivo.py
[2025-11-16T01:58:34.875+0000] {logging_mixin.py:154} INFO - [2025-11-16T01:58:34.874+0000] {dag.py:2941} INFO - Sync 1 DAGs
[2025-11-16T01:58:34.888+0000] {logging_mixin.py:154} INFO - [2025-11-16T01:58:34.888+0000] {dag.py:3722} INFO - Setting next_dagrun for sodai_drinks_production_pipeline to 2025-11-09T00:00:00+00:00, run_after=2025-11-16T00:00:00+00:00
[2025-11-16T01:58:34.899+0000] {processor.py:179} INFO - Processing /opt/airflow/dags/pipeline_productivo.py took 1.420 seconds
[2025-11-16T01:59:05.231+0000] {processor.py:157} INFO - Started process (PID=14553) to work on /opt/airflow/dags/pipeline_productivo.py
[2025-11-16T01:59:05.231+0000] {processor.py:829} INFO - Processing file /opt/airflow/dags/pipeline_productivo.py for tasks to queue
[2025-11-16T01:59:05.232+0000] {logging_mixin.py:154} INFO - [2025-11-16T01:59:05.232+0000] {dagbag.py:536} INFO - Filling up the DagBag from /opt/airflow/dags/pipeline_productivo.py
[2025-11-16T01:59:06.945+0000] {processor.py:839} INFO - DAG(s) dict_keys(['sodai_drinks_production_pipeline']) retrieved from /opt/airflow/dags/pipeline_productivo.py
[2025-11-16T01:59:06.964+0000] {logging_mixin.py:154} INFO - [2025-11-16T01:59:06.963+0000] {dag.py:2941} INFO - Sync 1 DAGs
[2025-11-16T01:59:06.982+0000] {logging_mixin.py:154} INFO - [2025-11-16T01:59:06.982+0000] {dag.py:3722} INFO - Setting next_dagrun for sodai_drinks_production_pipeline to 2025-11-09T00:00:00+00:00, run_after=2025-11-16T00:00:00+00:00
[2025-11-16T01:59:06.994+0000] {processor.py:179} INFO - Processing /opt/airflow/dags/pipeline_productivo.py took 1.767 seconds
[2025-11-16T01:59:37.365+0000] {processor.py:157} INFO - Started process (PID=14612) to work on /opt/airflow/dags/pipeline_productivo.py
[2025-11-16T01:59:37.366+0000] {processor.py:829} INFO - Processing file /opt/airflow/dags/pipeline_productivo.py for tasks to queue
[2025-11-16T01:59:37.367+0000] {logging_mixin.py:154} INFO - [2025-11-16T01:59:37.367+0000] {dagbag.py:536} INFO - Filling up the DagBag from /opt/airflow/dags/pipeline_productivo.py
[2025-11-16T01:59:38.713+0000] {processor.py:839} INFO - DAG(s) dict_keys(['sodai_drinks_production_pipeline']) retrieved from /opt/airflow/dags/pipeline_productivo.py
[2025-11-16T01:59:38.728+0000] {logging_mixin.py:154} INFO - [2025-11-16T01:59:38.727+0000] {dag.py:2941} INFO - Sync 1 DAGs
[2025-11-16T01:59:38.740+0000] {logging_mixin.py:154} INFO - [2025-11-16T01:59:38.739+0000] {dag.py:3722} INFO - Setting next_dagrun for sodai_drinks_production_pipeline to 2025-11-09T00:00:00+00:00, run_after=2025-11-16T00:00:00+00:00
[2025-11-16T01:59:38.751+0000] {processor.py:179} INFO - Processing /opt/airflow/dags/pipeline_productivo.py took 1.388 seconds
[2025-11-16T02:00:09.503+0000] {processor.py:157} INFO - Started process (PID=14671) to work on /opt/airflow/dags/pipeline_productivo.py
[2025-11-16T02:00:09.503+0000] {processor.py:829} INFO - Processing file /opt/airflow/dags/pipeline_productivo.py for tasks to queue
[2025-11-16T02:00:09.503+0000] {logging_mixin.py:154} INFO - [2025-11-16T02:00:09.503+0000] {dagbag.py:536} INFO - Filling up the DagBag from /opt/airflow/dags/pipeline_productivo.py
[2025-11-16T02:00:10.750+0000] {processor.py:839} INFO - DAG(s) dict_keys(['sodai_drinks_production_pipeline']) retrieved from /opt/airflow/dags/pipeline_productivo.py
[2025-11-16T02:00:10.766+0000] {logging_mixin.py:154} INFO - [2025-11-16T02:00:10.765+0000] {dag.py:2941} INFO - Sync 1 DAGs
[2025-11-16T02:00:10.778+0000] {logging_mixin.py:154} INFO - [2025-11-16T02:00:10.778+0000] {dag.py:3722} INFO - Setting next_dagrun for sodai_drinks_production_pipeline to 2025-11-09T00:00:00+00:00, run_after=2025-11-16T00:00:00+00:00
[2025-11-16T02:00:10.788+0000] {processor.py:179} INFO - Processing /opt/airflow/dags/pipeline_productivo.py took 1.288 seconds
[2025-11-16T02:00:40.963+0000] {processor.py:157} INFO - Started process (PID=14730) to work on /opt/airflow/dags/pipeline_productivo.py
[2025-11-16T02:00:40.964+0000] {processor.py:829} INFO - Processing file /opt/airflow/dags/pipeline_productivo.py for tasks to queue
[2025-11-16T02:00:40.964+0000] {logging_mixin.py:154} INFO - [2025-11-16T02:00:40.964+0000] {dagbag.py:536} INFO - Filling up the DagBag from /opt/airflow/dags/pipeline_productivo.py
[2025-11-16T02:00:42.338+0000] {processor.py:839} INFO - DAG(s) dict_keys(['sodai_drinks_production_pipeline']) retrieved from /opt/airflow/dags/pipeline_productivo.py
[2025-11-16T02:00:42.355+0000] {logging_mixin.py:154} INFO - [2025-11-16T02:00:42.355+0000] {dag.py:2941} INFO - Sync 1 DAGs
[2025-11-16T02:00:42.369+0000] {logging_mixin.py:154} INFO - [2025-11-16T02:00:42.368+0000] {dag.py:3722} INFO - Setting next_dagrun for sodai_drinks_production_pipeline to 2025-11-09T00:00:00+00:00, run_after=2025-11-16T00:00:00+00:00
[2025-11-16T02:00:42.379+0000] {processor.py:179} INFO - Processing /opt/airflow/dags/pipeline_productivo.py took 1.418 seconds
[2025-11-16T02:01:13.012+0000] {processor.py:157} INFO - Started process (PID=14789) to work on /opt/airflow/dags/pipeline_productivo.py
[2025-11-16T02:01:13.013+0000] {processor.py:829} INFO - Processing file /opt/airflow/dags/pipeline_productivo.py for tasks to queue
[2025-11-16T02:01:13.013+0000] {logging_mixin.py:154} INFO - [2025-11-16T02:01:13.013+0000] {dagbag.py:536} INFO - Filling up the DagBag from /opt/airflow/dags/pipeline_productivo.py
[2025-11-16T02:01:14.354+0000] {processor.py:839} INFO - DAG(s) dict_keys(['sodai_drinks_production_pipeline']) retrieved from /opt/airflow/dags/pipeline_productivo.py
[2025-11-16T02:01:14.370+0000] {logging_mixin.py:154} INFO - [2025-11-16T02:01:14.370+0000] {dag.py:2941} INFO - Sync 1 DAGs
[2025-11-16T02:01:14.382+0000] {logging_mixin.py:154} INFO - [2025-11-16T02:01:14.382+0000] {dag.py:3722} INFO - Setting next_dagrun for sodai_drinks_production_pipeline to 2025-11-09T00:00:00+00:00, run_after=2025-11-16T00:00:00+00:00
[2025-11-16T02:01:14.392+0000] {processor.py:179} INFO - Processing /opt/airflow/dags/pipeline_productivo.py took 1.383 seconds
[2025-11-16T02:01:44.459+0000] {processor.py:157} INFO - Started process (PID=14848) to work on /opt/airflow/dags/pipeline_productivo.py
[2025-11-16T02:01:44.459+0000] {processor.py:829} INFO - Processing file /opt/airflow/dags/pipeline_productivo.py for tasks to queue
[2025-11-16T02:01:44.460+0000] {logging_mixin.py:154} INFO - [2025-11-16T02:01:44.460+0000] {dagbag.py:536} INFO - Filling up the DagBag from /opt/airflow/dags/pipeline_productivo.py
[2025-11-16T02:01:45.816+0000] {processor.py:839} INFO - DAG(s) dict_keys(['sodai_drinks_production_pipeline']) retrieved from /opt/airflow/dags/pipeline_productivo.py
[2025-11-16T02:01:45.832+0000] {logging_mixin.py:154} INFO - [2025-11-16T02:01:45.832+0000] {dag.py:2941} INFO - Sync 1 DAGs
[2025-11-16T02:01:45.844+0000] {logging_mixin.py:154} INFO - [2025-11-16T02:01:45.844+0000] {dag.py:3722} INFO - Setting next_dagrun for sodai_drinks_production_pipeline to 2025-11-09T00:00:00+00:00, run_after=2025-11-16T00:00:00+00:00
[2025-11-16T02:01:45.855+0000] {processor.py:179} INFO - Processing /opt/airflow/dags/pipeline_productivo.py took 1.399 seconds
[2025-11-16T02:02:16.040+0000] {processor.py:157} INFO - Started process (PID=14907) to work on /opt/airflow/dags/pipeline_productivo.py
[2025-11-16T02:02:16.042+0000] {processor.py:829} INFO - Processing file /opt/airflow/dags/pipeline_productivo.py for tasks to queue
[2025-11-16T02:02:16.042+0000] {logging_mixin.py:154} INFO - [2025-11-16T02:02:16.042+0000] {dagbag.py:536} INFO - Filling up the DagBag from /opt/airflow/dags/pipeline_productivo.py
[2025-11-16T02:02:17.409+0000] {processor.py:839} INFO - DAG(s) dict_keys(['sodai_drinks_production_pipeline']) retrieved from /opt/airflow/dags/pipeline_productivo.py
[2025-11-16T02:02:17.428+0000] {logging_mixin.py:154} INFO - [2025-11-16T02:02:17.427+0000] {dag.py:2941} INFO - Sync 1 DAGs
[2025-11-16T02:02:17.440+0000] {logging_mixin.py:154} INFO - [2025-11-16T02:02:17.439+0000] {dag.py:3722} INFO - Setting next_dagrun for sodai_drinks_production_pipeline to 2025-11-09T00:00:00+00:00, run_after=2025-11-16T00:00:00+00:00
[2025-11-16T02:02:17.449+0000] {processor.py:179} INFO - Processing /opt/airflow/dags/pipeline_productivo.py took 1.411 seconds
[2025-11-16T02:02:47.527+0000] {processor.py:157} INFO - Started process (PID=14966) to work on /opt/airflow/dags/pipeline_productivo.py
[2025-11-16T02:02:47.527+0000] {processor.py:829} INFO - Processing file /opt/airflow/dags/pipeline_productivo.py for tasks to queue
[2025-11-16T02:02:47.528+0000] {logging_mixin.py:154} INFO - [2025-11-16T02:02:47.528+0000] {dagbag.py:536} INFO - Filling up the DagBag from /opt/airflow/dags/pipeline_productivo.py
[2025-11-16T02:02:48.894+0000] {processor.py:839} INFO - DAG(s) dict_keys(['sodai_drinks_production_pipeline']) retrieved from /opt/airflow/dags/pipeline_productivo.py
[2025-11-16T02:02:48.912+0000] {logging_mixin.py:154} INFO - [2025-11-16T02:02:48.911+0000] {dag.py:2941} INFO - Sync 1 DAGs
[2025-11-16T02:02:48.925+0000] {logging_mixin.py:154} INFO - [2025-11-16T02:02:48.925+0000] {dag.py:3722} INFO - Setting next_dagrun for sodai_drinks_production_pipeline to 2025-11-09T00:00:00+00:00, run_after=2025-11-16T00:00:00+00:00
[2025-11-16T02:02:48.936+0000] {processor.py:179} INFO - Processing /opt/airflow/dags/pipeline_productivo.py took 1.412 seconds
[2025-11-16T02:03:19.564+0000] {processor.py:157} INFO - Started process (PID=15025) to work on /opt/airflow/dags/pipeline_productivo.py
[2025-11-16T02:03:19.565+0000] {processor.py:829} INFO - Processing file /opt/airflow/dags/pipeline_productivo.py for tasks to queue
[2025-11-16T02:03:19.565+0000] {logging_mixin.py:154} INFO - [2025-11-16T02:03:19.565+0000] {dagbag.py:536} INFO - Filling up the DagBag from /opt/airflow/dags/pipeline_productivo.py
[2025-11-16T02:03:20.902+0000] {processor.py:839} INFO - DAG(s) dict_keys(['sodai_drinks_production_pipeline']) retrieved from /opt/airflow/dags/pipeline_productivo.py
[2025-11-16T02:03:20.917+0000] {logging_mixin.py:154} INFO - [2025-11-16T02:03:20.916+0000] {dag.py:2941} INFO - Sync 1 DAGs
[2025-11-16T02:03:20.930+0000] {logging_mixin.py:154} INFO - [2025-11-16T02:03:20.929+0000] {dag.py:3722} INFO - Setting next_dagrun for sodai_drinks_production_pipeline to 2025-11-09T00:00:00+00:00, run_after=2025-11-16T00:00:00+00:00
[2025-11-16T02:03:20.941+0000] {processor.py:179} INFO - Processing /opt/airflow/dags/pipeline_productivo.py took 1.379 seconds
[2025-11-16T02:03:51.232+0000] {processor.py:157} INFO - Started process (PID=15084) to work on /opt/airflow/dags/pipeline_productivo.py
[2025-11-16T02:03:51.232+0000] {processor.py:829} INFO - Processing file /opt/airflow/dags/pipeline_productivo.py for tasks to queue
[2025-11-16T02:03:51.232+0000] {logging_mixin.py:154} INFO - [2025-11-16T02:03:51.232+0000] {dagbag.py:536} INFO - Filling up the DagBag from /opt/airflow/dags/pipeline_productivo.py
[2025-11-16T02:03:52.474+0000] {processor.py:839} INFO - DAG(s) dict_keys(['sodai_drinks_production_pipeline']) retrieved from /opt/airflow/dags/pipeline_productivo.py
[2025-11-16T02:03:52.490+0000] {logging_mixin.py:154} INFO - [2025-11-16T02:03:52.489+0000] {dag.py:2941} INFO - Sync 1 DAGs
[2025-11-16T02:03:52.502+0000] {logging_mixin.py:154} INFO - [2025-11-16T02:03:52.502+0000] {dag.py:3722} INFO - Setting next_dagrun for sodai_drinks_production_pipeline to 2025-11-09T00:00:00+00:00, run_after=2025-11-16T00:00:00+00:00
[2025-11-16T02:03:52.512+0000] {processor.py:179} INFO - Processing /opt/airflow/dags/pipeline_productivo.py took 1.283 seconds
[2025-11-16T02:04:23.071+0000] {processor.py:157} INFO - Started process (PID=15143) to work on /opt/airflow/dags/pipeline_productivo.py
[2025-11-16T02:04:23.072+0000] {processor.py:829} INFO - Processing file /opt/airflow/dags/pipeline_productivo.py for tasks to queue
[2025-11-16T02:04:23.073+0000] {logging_mixin.py:154} INFO - [2025-11-16T02:04:23.072+0000] {dagbag.py:536} INFO - Filling up the DagBag from /opt/airflow/dags/pipeline_productivo.py
[2025-11-16T02:04:24.334+0000] {processor.py:839} INFO - DAG(s) dict_keys(['sodai_drinks_production_pipeline']) retrieved from /opt/airflow/dags/pipeline_productivo.py
[2025-11-16T02:04:24.349+0000] {logging_mixin.py:154} INFO - [2025-11-16T02:04:24.349+0000] {dag.py:2941} INFO - Sync 1 DAGs
[2025-11-16T02:04:24.360+0000] {logging_mixin.py:154} INFO - [2025-11-16T02:04:24.360+0000] {dag.py:3722} INFO - Setting next_dagrun for sodai_drinks_production_pipeline to 2025-11-09T00:00:00+00:00, run_after=2025-11-16T00:00:00+00:00
[2025-11-16T02:04:24.369+0000] {processor.py:179} INFO - Processing /opt/airflow/dags/pipeline_productivo.py took 1.300 seconds
[2025-11-16T02:04:54.610+0000] {processor.py:157} INFO - Started process (PID=15202) to work on /opt/airflow/dags/pipeline_productivo.py
[2025-11-16T02:04:54.610+0000] {processor.py:829} INFO - Processing file /opt/airflow/dags/pipeline_productivo.py for tasks to queue
[2025-11-16T02:04:54.611+0000] {logging_mixin.py:154} INFO - [2025-11-16T02:04:54.610+0000] {dagbag.py:536} INFO - Filling up the DagBag from /opt/airflow/dags/pipeline_productivo.py
[2025-11-16T02:04:55.828+0000] {processor.py:839} INFO - DAG(s) dict_keys(['sodai_drinks_production_pipeline']) retrieved from /opt/airflow/dags/pipeline_productivo.py
[2025-11-16T02:04:55.843+0000] {logging_mixin.py:154} INFO - [2025-11-16T02:04:55.843+0000] {dag.py:2941} INFO - Sync 1 DAGs
[2025-11-16T02:04:55.854+0000] {logging_mixin.py:154} INFO - [2025-11-16T02:04:55.854+0000] {dag.py:3722} INFO - Setting next_dagrun for sodai_drinks_production_pipeline to 2025-11-09T00:00:00+00:00, run_after=2025-11-16T00:00:00+00:00
[2025-11-16T02:04:55.863+0000] {processor.py:179} INFO - Processing /opt/airflow/dags/pipeline_productivo.py took 1.255 seconds
[2025-11-16T02:05:26.568+0000] {processor.py:157} INFO - Started process (PID=15261) to work on /opt/airflow/dags/pipeline_productivo.py
[2025-11-16T02:05:26.569+0000] {processor.py:829} INFO - Processing file /opt/airflow/dags/pipeline_productivo.py for tasks to queue
[2025-11-16T02:05:26.570+0000] {logging_mixin.py:154} INFO - [2025-11-16T02:05:26.570+0000] {dagbag.py:536} INFO - Filling up the DagBag from /opt/airflow/dags/pipeline_productivo.py
[2025-11-16T02:05:27.813+0000] {processor.py:839} INFO - DAG(s) dict_keys(['sodai_drinks_production_pipeline']) retrieved from /opt/airflow/dags/pipeline_productivo.py
[2025-11-16T02:05:27.829+0000] {logging_mixin.py:154} INFO - [2025-11-16T02:05:27.828+0000] {dag.py:2941} INFO - Sync 1 DAGs
[2025-11-16T02:05:27.839+0000] {logging_mixin.py:154} INFO - [2025-11-16T02:05:27.839+0000] {dag.py:3722} INFO - Setting next_dagrun for sodai_drinks_production_pipeline to 2025-11-09T00:00:00+00:00, run_after=2025-11-16T00:00:00+00:00
[2025-11-16T02:05:27.848+0000] {processor.py:179} INFO - Processing /opt/airflow/dags/pipeline_productivo.py took 1.283 seconds
[2025-11-16T02:05:58.246+0000] {processor.py:157} INFO - Started process (PID=15330) to work on /opt/airflow/dags/pipeline_productivo.py
[2025-11-16T02:05:58.247+0000] {processor.py:829} INFO - Processing file /opt/airflow/dags/pipeline_productivo.py for tasks to queue
[2025-11-16T02:05:58.247+0000] {logging_mixin.py:154} INFO - [2025-11-16T02:05:58.247+0000] {dagbag.py:536} INFO - Filling up the DagBag from /opt/airflow/dags/pipeline_productivo.py
[2025-11-16T02:05:59.563+0000] {processor.py:839} INFO - DAG(s) dict_keys(['sodai_drinks_production_pipeline']) retrieved from /opt/airflow/dags/pipeline_productivo.py
[2025-11-16T02:05:59.577+0000] {logging_mixin.py:154} INFO - [2025-11-16T02:05:59.577+0000] {dag.py:2941} INFO - Sync 1 DAGs
[2025-11-16T02:05:59.589+0000] {logging_mixin.py:154} INFO - [2025-11-16T02:05:59.589+0000] {dag.py:3722} INFO - Setting next_dagrun for sodai_drinks_production_pipeline to 2025-11-09T00:00:00+00:00, run_after=2025-11-16T00:00:00+00:00
[2025-11-16T02:05:59.599+0000] {processor.py:179} INFO - Processing /opt/airflow/dags/pipeline_productivo.py took 1.356 seconds
[2025-11-16T02:06:30.350+0000] {processor.py:157} INFO - Started process (PID=15394) to work on /opt/airflow/dags/pipeline_productivo.py
[2025-11-16T02:06:30.351+0000] {processor.py:829} INFO - Processing file /opt/airflow/dags/pipeline_productivo.py for tasks to queue
[2025-11-16T02:06:30.352+0000] {logging_mixin.py:154} INFO - [2025-11-16T02:06:30.352+0000] {dagbag.py:536} INFO - Filling up the DagBag from /opt/airflow/dags/pipeline_productivo.py
[2025-11-16T02:06:31.588+0000] {processor.py:839} INFO - DAG(s) dict_keys(['sodai_drinks_production_pipeline']) retrieved from /opt/airflow/dags/pipeline_productivo.py
[2025-11-16T02:06:31.602+0000] {logging_mixin.py:154} INFO - [2025-11-16T02:06:31.602+0000] {dag.py:2941} INFO - Sync 1 DAGs
[2025-11-16T02:06:31.616+0000] {logging_mixin.py:154} INFO - [2025-11-16T02:06:31.616+0000] {dag.py:3722} INFO - Setting next_dagrun for sodai_drinks_production_pipeline to 2025-11-09T00:00:00+00:00, run_after=2025-11-16T00:00:00+00:00
[2025-11-16T02:06:31.627+0000] {processor.py:179} INFO - Processing /opt/airflow/dags/pipeline_productivo.py took 1.279 seconds
[2025-11-16T02:07:02.647+0000] {processor.py:157} INFO - Started process (PID=15453) to work on /opt/airflow/dags/pipeline_productivo.py
[2025-11-16T02:07:02.647+0000] {processor.py:829} INFO - Processing file /opt/airflow/dags/pipeline_productivo.py for tasks to queue
[2025-11-16T02:07:02.647+0000] {logging_mixin.py:154} INFO - [2025-11-16T02:07:02.647+0000] {dagbag.py:536} INFO - Filling up the DagBag from /opt/airflow/dags/pipeline_productivo.py
[2025-11-16T02:07:03.891+0000] {processor.py:839} INFO - DAG(s) dict_keys(['sodai_drinks_production_pipeline']) retrieved from /opt/airflow/dags/pipeline_productivo.py
[2025-11-16T02:07:03.909+0000] {logging_mixin.py:154} INFO - [2025-11-16T02:07:03.909+0000] {dag.py:2941} INFO - Sync 1 DAGs
[2025-11-16T02:07:03.922+0000] {logging_mixin.py:154} INFO - [2025-11-16T02:07:03.922+0000] {dag.py:3722} INFO - Setting next_dagrun for sodai_drinks_production_pipeline to 2025-11-09T00:00:00+00:00, run_after=2025-11-16T00:00:00+00:00
[2025-11-16T02:07:03.932+0000] {processor.py:179} INFO - Processing /opt/airflow/dags/pipeline_productivo.py took 1.288 seconds
[2025-11-16T02:07:34.032+0000] {processor.py:157} INFO - Started process (PID=15512) to work on /opt/airflow/dags/pipeline_productivo.py
[2025-11-16T02:07:34.033+0000] {processor.py:829} INFO - Processing file /opt/airflow/dags/pipeline_productivo.py for tasks to queue
[2025-11-16T02:07:34.033+0000] {logging_mixin.py:154} INFO - [2025-11-16T02:07:34.033+0000] {dagbag.py:536} INFO - Filling up the DagBag from /opt/airflow/dags/pipeline_productivo.py
[2025-11-16T02:07:35.342+0000] {processor.py:839} INFO - DAG(s) dict_keys(['sodai_drinks_production_pipeline']) retrieved from /opt/airflow/dags/pipeline_productivo.py
[2025-11-16T02:07:35.359+0000] {logging_mixin.py:154} INFO - [2025-11-16T02:07:35.358+0000] {dag.py:2941} INFO - Sync 1 DAGs
[2025-11-16T02:07:35.370+0000] {logging_mixin.py:154} INFO - [2025-11-16T02:07:35.370+0000] {dag.py:3722} INFO - Setting next_dagrun for sodai_drinks_production_pipeline to 2025-11-09T00:00:00+00:00, run_after=2025-11-16T00:00:00+00:00
[2025-11-16T02:07:35.380+0000] {processor.py:179} INFO - Processing /opt/airflow/dags/pipeline_productivo.py took 1.350 seconds
[2025-11-16T02:08:06.250+0000] {processor.py:157} INFO - Started process (PID=15571) to work on /opt/airflow/dags/pipeline_productivo.py
[2025-11-16T02:08:06.250+0000] {processor.py:829} INFO - Processing file /opt/airflow/dags/pipeline_productivo.py for tasks to queue
[2025-11-16T02:08:06.251+0000] {logging_mixin.py:154} INFO - [2025-11-16T02:08:06.251+0000] {dagbag.py:536} INFO - Filling up the DagBag from /opt/airflow/dags/pipeline_productivo.py
[2025-11-16T02:08:07.543+0000] {processor.py:839} INFO - DAG(s) dict_keys(['sodai_drinks_production_pipeline']) retrieved from /opt/airflow/dags/pipeline_productivo.py
[2025-11-16T02:08:07.558+0000] {logging_mixin.py:154} INFO - [2025-11-16T02:08:07.558+0000] {dag.py:2941} INFO - Sync 1 DAGs
[2025-11-16T02:08:07.571+0000] {logging_mixin.py:154} INFO - [2025-11-16T02:08:07.570+0000] {dag.py:3722} INFO - Setting next_dagrun for sodai_drinks_production_pipeline to 2025-11-09T00:00:00+00:00, run_after=2025-11-16T00:00:00+00:00
[2025-11-16T02:08:07.580+0000] {processor.py:179} INFO - Processing /opt/airflow/dags/pipeline_productivo.py took 1.334 seconds
[2025-11-16T02:08:37.729+0000] {processor.py:157} INFO - Started process (PID=15630) to work on /opt/airflow/dags/pipeline_productivo.py
[2025-11-16T02:08:37.730+0000] {processor.py:829} INFO - Processing file /opt/airflow/dags/pipeline_productivo.py for tasks to queue
[2025-11-16T02:08:37.731+0000] {logging_mixin.py:154} INFO - [2025-11-16T02:08:37.730+0000] {dagbag.py:536} INFO - Filling up the DagBag from /opt/airflow/dags/pipeline_productivo.py
[2025-11-16T02:08:39.181+0000] {processor.py:839} INFO - DAG(s) dict_keys(['sodai_drinks_production_pipeline']) retrieved from /opt/airflow/dags/pipeline_productivo.py
[2025-11-16T02:08:39.198+0000] {logging_mixin.py:154} INFO - [2025-11-16T02:08:39.197+0000] {dag.py:2941} INFO - Sync 1 DAGs
[2025-11-16T02:08:39.211+0000] {logging_mixin.py:154} INFO - [2025-11-16T02:08:39.211+0000] {dag.py:3722} INFO - Setting next_dagrun for sodai_drinks_production_pipeline to 2025-11-09T00:00:00+00:00, run_after=2025-11-16T00:00:00+00:00
[2025-11-16T02:08:39.222+0000] {processor.py:179} INFO - Processing /opt/airflow/dags/pipeline_productivo.py took 1.496 seconds
[2025-11-16T02:09:10.232+0000] {processor.py:157} INFO - Started process (PID=15689) to work on /opt/airflow/dags/pipeline_productivo.py
[2025-11-16T02:09:10.232+0000] {processor.py:829} INFO - Processing file /opt/airflow/dags/pipeline_productivo.py for tasks to queue
[2025-11-16T02:09:10.233+0000] {logging_mixin.py:154} INFO - [2025-11-16T02:09:10.233+0000] {dagbag.py:536} INFO - Filling up the DagBag from /opt/airflow/dags/pipeline_productivo.py
[2025-11-16T02:09:11.806+0000] {processor.py:839} INFO - DAG(s) dict_keys(['sodai_drinks_production_pipeline']) retrieved from /opt/airflow/dags/pipeline_productivo.py
[2025-11-16T02:09:11.823+0000] {logging_mixin.py:154} INFO - [2025-11-16T02:09:11.822+0000] {dag.py:2941} INFO - Sync 1 DAGs
[2025-11-16T02:09:11.835+0000] {logging_mixin.py:154} INFO - [2025-11-16T02:09:11.835+0000] {dag.py:3722} INFO - Setting next_dagrun for sodai_drinks_production_pipeline to 2025-11-09T00:00:00+00:00, run_after=2025-11-16T00:00:00+00:00
[2025-11-16T02:09:11.845+0000] {processor.py:179} INFO - Processing /opt/airflow/dags/pipeline_productivo.py took 1.617 seconds
[2025-11-16T02:09:42.043+0000] {processor.py:157} INFO - Started process (PID=15754) to work on /opt/airflow/dags/pipeline_productivo.py
[2025-11-16T02:09:42.044+0000] {processor.py:829} INFO - Processing file /opt/airflow/dags/pipeline_productivo.py for tasks to queue
[2025-11-16T02:09:42.044+0000] {logging_mixin.py:154} INFO - [2025-11-16T02:09:42.044+0000] {dagbag.py:536} INFO - Filling up the DagBag from /opt/airflow/dags/pipeline_productivo.py
[2025-11-16T02:09:43.326+0000] {processor.py:839} INFO - DAG(s) dict_keys(['sodai_drinks_production_pipeline']) retrieved from /opt/airflow/dags/pipeline_productivo.py
[2025-11-16T02:09:43.342+0000] {logging_mixin.py:154} INFO - [2025-11-16T02:09:43.342+0000] {dag.py:2941} INFO - Sync 1 DAGs
[2025-11-16T02:09:43.353+0000] {logging_mixin.py:154} INFO - [2025-11-16T02:09:43.353+0000] {dag.py:3722} INFO - Setting next_dagrun for sodai_drinks_production_pipeline to 2025-11-09T00:00:00+00:00, run_after=2025-11-16T00:00:00+00:00
[2025-11-16T02:09:43.363+0000] {processor.py:179} INFO - Processing /opt/airflow/dags/pipeline_productivo.py took 1.322 seconds
[2025-11-16T02:10:14.115+0000] {processor.py:157} INFO - Started process (PID=15813) to work on /opt/airflow/dags/pipeline_productivo.py
[2025-11-16T02:10:14.115+0000] {processor.py:829} INFO - Processing file /opt/airflow/dags/pipeline_productivo.py for tasks to queue
[2025-11-16T02:10:14.116+0000] {logging_mixin.py:154} INFO - [2025-11-16T02:10:14.116+0000] {dagbag.py:536} INFO - Filling up the DagBag from /opt/airflow/dags/pipeline_productivo.py
[2025-11-16T02:10:15.347+0000] {processor.py:839} INFO - DAG(s) dict_keys(['sodai_drinks_production_pipeline']) retrieved from /opt/airflow/dags/pipeline_productivo.py
[2025-11-16T02:10:15.362+0000] {logging_mixin.py:154} INFO - [2025-11-16T02:10:15.362+0000] {dag.py:2941} INFO - Sync 1 DAGs
[2025-11-16T02:10:15.374+0000] {logging_mixin.py:154} INFO - [2025-11-16T02:10:15.374+0000] {dag.py:3722} INFO - Setting next_dagrun for sodai_drinks_production_pipeline to 2025-11-09T00:00:00+00:00, run_after=2025-11-16T00:00:00+00:00
[2025-11-16T02:10:15.383+0000] {processor.py:179} INFO - Processing /opt/airflow/dags/pipeline_productivo.py took 1.271 seconds
[2025-11-16T02:10:45.462+0000] {processor.py:157} INFO - Started process (PID=15872) to work on /opt/airflow/dags/pipeline_productivo.py
[2025-11-16T02:10:45.462+0000] {processor.py:829} INFO - Processing file /opt/airflow/dags/pipeline_productivo.py for tasks to queue
[2025-11-16T02:10:45.463+0000] {logging_mixin.py:154} INFO - [2025-11-16T02:10:45.463+0000] {dagbag.py:536} INFO - Filling up the DagBag from /opt/airflow/dags/pipeline_productivo.py
[2025-11-16T02:10:46.706+0000] {processor.py:839} INFO - DAG(s) dict_keys(['sodai_drinks_production_pipeline']) retrieved from /opt/airflow/dags/pipeline_productivo.py
[2025-11-16T02:10:46.722+0000] {logging_mixin.py:154} INFO - [2025-11-16T02:10:46.721+0000] {dag.py:2941} INFO - Sync 1 DAGs
[2025-11-16T02:10:46.734+0000] {logging_mixin.py:154} INFO - [2025-11-16T02:10:46.734+0000] {dag.py:3722} INFO - Setting next_dagrun for sodai_drinks_production_pipeline to 2025-11-09T00:00:00+00:00, run_after=2025-11-16T00:00:00+00:00
[2025-11-16T02:10:46.743+0000] {processor.py:179} INFO - Processing /opt/airflow/dags/pipeline_productivo.py took 1.283 seconds
[2025-11-16T02:11:16.799+0000] {processor.py:157} INFO - Started process (PID=15932) to work on /opt/airflow/dags/pipeline_productivo.py
[2025-11-16T02:11:16.800+0000] {processor.py:829} INFO - Processing file /opt/airflow/dags/pipeline_productivo.py for tasks to queue
[2025-11-16T02:11:16.800+0000] {logging_mixin.py:154} INFO - [2025-11-16T02:11:16.800+0000] {dagbag.py:536} INFO - Filling up the DagBag from /opt/airflow/dags/pipeline_productivo.py
[2025-11-16T02:11:18.066+0000] {processor.py:839} INFO - DAG(s) dict_keys(['sodai_drinks_production_pipeline']) retrieved from /opt/airflow/dags/pipeline_productivo.py
[2025-11-16T02:11:18.081+0000] {logging_mixin.py:154} INFO - [2025-11-16T02:11:18.081+0000] {dag.py:2941} INFO - Sync 1 DAGs
[2025-11-16T02:11:18.093+0000] {logging_mixin.py:154} INFO - [2025-11-16T02:11:18.093+0000] {dag.py:3722} INFO - Setting next_dagrun for sodai_drinks_production_pipeline to 2025-11-09T00:00:00+00:00, run_after=2025-11-16T00:00:00+00:00
[2025-11-16T02:11:18.102+0000] {processor.py:179} INFO - Processing /opt/airflow/dags/pipeline_productivo.py took 1.305 seconds
[2025-11-16T02:11:48.318+0000] {processor.py:157} INFO - Started process (PID=15991) to work on /opt/airflow/dags/pipeline_productivo.py
[2025-11-16T02:11:48.318+0000] {processor.py:829} INFO - Processing file /opt/airflow/dags/pipeline_productivo.py for tasks to queue
[2025-11-16T02:11:48.318+0000] {logging_mixin.py:154} INFO - [2025-11-16T02:11:48.318+0000] {dagbag.py:536} INFO - Filling up the DagBag from /opt/airflow/dags/pipeline_productivo.py
[2025-11-16T02:11:49.676+0000] {processor.py:839} INFO - DAG(s) dict_keys(['sodai_drinks_production_pipeline']) retrieved from /opt/airflow/dags/pipeline_productivo.py
[2025-11-16T02:11:49.692+0000] {logging_mixin.py:154} INFO - [2025-11-16T02:11:49.692+0000] {dag.py:2941} INFO - Sync 1 DAGs
[2025-11-16T02:11:49.704+0000] {logging_mixin.py:154} INFO - [2025-11-16T02:11:49.704+0000] {dag.py:3722} INFO - Setting next_dagrun for sodai_drinks_production_pipeline to 2025-11-09T00:00:00+00:00, run_after=2025-11-16T00:00:00+00:00
[2025-11-16T02:11:49.716+0000] {processor.py:179} INFO - Processing /opt/airflow/dags/pipeline_productivo.py took 1.401 seconds
[2025-11-16T02:12:20.428+0000] {processor.py:157} INFO - Started process (PID=16050) to work on /opt/airflow/dags/pipeline_productivo.py
[2025-11-16T02:12:20.429+0000] {processor.py:829} INFO - Processing file /opt/airflow/dags/pipeline_productivo.py for tasks to queue
[2025-11-16T02:12:20.430+0000] {logging_mixin.py:154} INFO - [2025-11-16T02:12:20.429+0000] {dagbag.py:536} INFO - Filling up the DagBag from /opt/airflow/dags/pipeline_productivo.py
[2025-11-16T02:12:22.118+0000] {processor.py:839} INFO - DAG(s) dict_keys(['sodai_drinks_production_pipeline']) retrieved from /opt/airflow/dags/pipeline_productivo.py
[2025-11-16T02:12:22.143+0000] {logging_mixin.py:154} INFO - [2025-11-16T02:12:22.142+0000] {dag.py:2941} INFO - Sync 1 DAGs
[2025-11-16T02:12:22.164+0000] {logging_mixin.py:154} INFO - [2025-11-16T02:12:22.164+0000] {dag.py:3722} INFO - Setting next_dagrun for sodai_drinks_production_pipeline to 2025-11-09T00:00:00+00:00, run_after=2025-11-16T00:00:00+00:00
[2025-11-16T02:12:22.178+0000] {processor.py:179} INFO - Processing /opt/airflow/dags/pipeline_productivo.py took 1.753 seconds
[2025-11-16T02:12:52.839+0000] {processor.py:157} INFO - Started process (PID=16115) to work on /opt/airflow/dags/pipeline_productivo.py
[2025-11-16T02:12:52.840+0000] {processor.py:829} INFO - Processing file /opt/airflow/dags/pipeline_productivo.py for tasks to queue
[2025-11-16T02:12:52.840+0000] {logging_mixin.py:154} INFO - [2025-11-16T02:12:52.840+0000] {dagbag.py:536} INFO - Filling up the DagBag from /opt/airflow/dags/pipeline_productivo.py
[2025-11-16T02:12:54.280+0000] {processor.py:839} INFO - DAG(s) dict_keys(['sodai_drinks_production_pipeline']) retrieved from /opt/airflow/dags/pipeline_productivo.py
[2025-11-16T02:12:54.300+0000] {logging_mixin.py:154} INFO - [2025-11-16T02:12:54.298+0000] {dag.py:2941} INFO - Sync 1 DAGs
[2025-11-16T02:12:54.312+0000] {logging_mixin.py:154} INFO - [2025-11-16T02:12:54.312+0000] {dag.py:3722} INFO - Setting next_dagrun for sodai_drinks_production_pipeline to 2025-11-09T00:00:00+00:00, run_after=2025-11-16T00:00:00+00:00
[2025-11-16T02:12:54.323+0000] {processor.py:179} INFO - Processing /opt/airflow/dags/pipeline_productivo.py took 1.487 seconds
[2025-11-16T02:13:24.584+0000] {processor.py:157} INFO - Started process (PID=16168) to work on /opt/airflow/dags/pipeline_productivo.py
[2025-11-16T02:13:24.584+0000] {processor.py:829} INFO - Processing file /opt/airflow/dags/pipeline_productivo.py for tasks to queue
[2025-11-16T02:13:24.585+0000] {logging_mixin.py:154} INFO - [2025-11-16T02:13:24.585+0000] {dagbag.py:536} INFO - Filling up the DagBag from /opt/airflow/dags/pipeline_productivo.py
[2025-11-16T02:13:26.054+0000] {processor.py:839} INFO - DAG(s) dict_keys(['sodai_drinks_production_pipeline']) retrieved from /opt/airflow/dags/pipeline_productivo.py
[2025-11-16T02:13:26.069+0000] {logging_mixin.py:154} INFO - [2025-11-16T02:13:26.069+0000] {dag.py:2941} INFO - Sync 1 DAGs
[2025-11-16T02:13:26.086+0000] {logging_mixin.py:154} INFO - [2025-11-16T02:13:26.086+0000] {dag.py:3722} INFO - Setting next_dagrun for sodai_drinks_production_pipeline to 2025-11-09T00:00:00+00:00, run_after=2025-11-16T00:00:00+00:00
[2025-11-16T02:13:26.099+0000] {processor.py:179} INFO - Processing /opt/airflow/dags/pipeline_productivo.py took 1.518 seconds
[2025-11-16T02:13:56.691+0000] {processor.py:157} INFO - Started process (PID=16227) to work on /opt/airflow/dags/pipeline_productivo.py
[2025-11-16T02:13:56.691+0000] {processor.py:829} INFO - Processing file /opt/airflow/dags/pipeline_productivo.py for tasks to queue
[2025-11-16T02:13:56.692+0000] {logging_mixin.py:154} INFO - [2025-11-16T02:13:56.692+0000] {dagbag.py:536} INFO - Filling up the DagBag from /opt/airflow/dags/pipeline_productivo.py
[2025-11-16T02:13:58.251+0000] {processor.py:839} INFO - DAG(s) dict_keys(['sodai_drinks_production_pipeline']) retrieved from /opt/airflow/dags/pipeline_productivo.py
[2025-11-16T02:13:58.278+0000] {logging_mixin.py:154} INFO - [2025-11-16T02:13:58.278+0000] {dag.py:2941} INFO - Sync 1 DAGs
[2025-11-16T02:13:58.299+0000] {logging_mixin.py:154} INFO - [2025-11-16T02:13:58.299+0000] {dag.py:3722} INFO - Setting next_dagrun for sodai_drinks_production_pipeline to 2025-11-09T00:00:00+00:00, run_after=2025-11-16T00:00:00+00:00
[2025-11-16T02:13:58.313+0000] {processor.py:179} INFO - Processing /opt/airflow/dags/pipeline_productivo.py took 1.625 seconds
[2025-11-16T02:14:28.375+0000] {processor.py:157} INFO - Started process (PID=16286) to work on /opt/airflow/dags/pipeline_productivo.py
[2025-11-16T02:14:28.376+0000] {processor.py:829} INFO - Processing file /opt/airflow/dags/pipeline_productivo.py for tasks to queue
[2025-11-16T02:14:28.376+0000] {logging_mixin.py:154} INFO - [2025-11-16T02:14:28.376+0000] {dagbag.py:536} INFO - Filling up the DagBag from /opt/airflow/dags/pipeline_productivo.py
[2025-11-16T02:14:29.641+0000] {processor.py:839} INFO - DAG(s) dict_keys(['sodai_drinks_production_pipeline']) retrieved from /opt/airflow/dags/pipeline_productivo.py
[2025-11-16T02:14:29.657+0000] {logging_mixin.py:154} INFO - [2025-11-16T02:14:29.657+0000] {dag.py:2941} INFO - Sync 1 DAGs
[2025-11-16T02:14:29.669+0000] {logging_mixin.py:154} INFO - [2025-11-16T02:14:29.669+0000] {dag.py:3722} INFO - Setting next_dagrun for sodai_drinks_production_pipeline to 2025-11-09T00:00:00+00:00, run_after=2025-11-16T00:00:00+00:00
[2025-11-16T02:14:29.678+0000] {processor.py:179} INFO - Processing /opt/airflow/dags/pipeline_productivo.py took 1.305 seconds
[2025-11-16T02:14:59.825+0000] {processor.py:157} INFO - Started process (PID=16345) to work on /opt/airflow/dags/pipeline_productivo.py
[2025-11-16T02:14:59.826+0000] {processor.py:829} INFO - Processing file /opt/airflow/dags/pipeline_productivo.py for tasks to queue
[2025-11-16T02:14:59.827+0000] {logging_mixin.py:154} INFO - [2025-11-16T02:14:59.826+0000] {dagbag.py:536} INFO - Filling up the DagBag from /opt/airflow/dags/pipeline_productivo.py
[2025-11-16T02:15:01.110+0000] {processor.py:839} INFO - DAG(s) dict_keys(['sodai_drinks_production_pipeline']) retrieved from /opt/airflow/dags/pipeline_productivo.py
[2025-11-16T02:15:01.129+0000] {logging_mixin.py:154} INFO - [2025-11-16T02:15:01.128+0000] {dag.py:2941} INFO - Sync 1 DAGs
[2025-11-16T02:15:01.143+0000] {logging_mixin.py:154} INFO - [2025-11-16T02:15:01.143+0000] {dag.py:3722} INFO - Setting next_dagrun for sodai_drinks_production_pipeline to 2025-11-09T00:00:00+00:00, run_after=2025-11-16T00:00:00+00:00
[2025-11-16T02:15:01.152+0000] {processor.py:179} INFO - Processing /opt/airflow/dags/pipeline_productivo.py took 1.330 seconds
[2025-11-16T02:15:31.674+0000] {processor.py:157} INFO - Started process (PID=16411) to work on /opt/airflow/dags/pipeline_productivo.py
[2025-11-16T02:15:31.676+0000] {processor.py:829} INFO - Processing file /opt/airflow/dags/pipeline_productivo.py for tasks to queue
[2025-11-16T02:15:31.677+0000] {logging_mixin.py:154} INFO - [2025-11-16T02:15:31.677+0000] {dagbag.py:536} INFO - Filling up the DagBag from /opt/airflow/dags/pipeline_productivo.py
[2025-11-16T02:15:32.971+0000] {processor.py:839} INFO - DAG(s) dict_keys(['sodai_drinks_production_pipeline']) retrieved from /opt/airflow/dags/pipeline_productivo.py
[2025-11-16T02:15:32.985+0000] {logging_mixin.py:154} INFO - [2025-11-16T02:15:32.985+0000] {dag.py:2941} INFO - Sync 1 DAGs
[2025-11-16T02:15:32.996+0000] {logging_mixin.py:154} INFO - [2025-11-16T02:15:32.996+0000] {dag.py:3722} INFO - Setting next_dagrun for sodai_drinks_production_pipeline to 2025-11-09T00:00:00+00:00, run_after=2025-11-16T00:00:00+00:00
[2025-11-16T02:15:33.006+0000] {processor.py:179} INFO - Processing /opt/airflow/dags/pipeline_productivo.py took 1.335 seconds
[2025-11-16T02:16:03.110+0000] {processor.py:157} INFO - Started process (PID=16470) to work on /opt/airflow/dags/pipeline_productivo.py
[2025-11-16T02:16:03.111+0000] {processor.py:829} INFO - Processing file /opt/airflow/dags/pipeline_productivo.py for tasks to queue
[2025-11-16T02:16:03.111+0000] {logging_mixin.py:154} INFO - [2025-11-16T02:16:03.111+0000] {dagbag.py:536} INFO - Filling up the DagBag from /opt/airflow/dags/pipeline_productivo.py
[2025-11-16T02:16:04.413+0000] {processor.py:839} INFO - DAG(s) dict_keys(['sodai_drinks_production_pipeline']) retrieved from /opt/airflow/dags/pipeline_productivo.py
[2025-11-16T02:16:04.427+0000] {logging_mixin.py:154} INFO - [2025-11-16T02:16:04.427+0000] {dag.py:2941} INFO - Sync 1 DAGs
[2025-11-16T02:16:04.438+0000] {logging_mixin.py:154} INFO - [2025-11-16T02:16:04.438+0000] {dag.py:3722} INFO - Setting next_dagrun for sodai_drinks_production_pipeline to 2025-11-09T00:00:00+00:00, run_after=2025-11-16T00:00:00+00:00
[2025-11-16T02:16:04.448+0000] {processor.py:179} INFO - Processing /opt/airflow/dags/pipeline_productivo.py took 1.340 seconds
[2025-11-16T02:16:35.483+0000] {processor.py:157} INFO - Started process (PID=16539) to work on /opt/airflow/dags/pipeline_productivo.py
[2025-11-16T02:16:35.483+0000] {processor.py:829} INFO - Processing file /opt/airflow/dags/pipeline_productivo.py for tasks to queue
[2025-11-16T02:16:35.484+0000] {logging_mixin.py:154} INFO - [2025-11-16T02:16:35.484+0000] {dagbag.py:536} INFO - Filling up the DagBag from /opt/airflow/dags/pipeline_productivo.py
[2025-11-16T02:16:36.737+0000] {processor.py:839} INFO - DAG(s) dict_keys(['sodai_drinks_production_pipeline']) retrieved from /opt/airflow/dags/pipeline_productivo.py
[2025-11-16T02:16:36.751+0000] {logging_mixin.py:154} INFO - [2025-11-16T02:16:36.751+0000] {dag.py:2941} INFO - Sync 1 DAGs
[2025-11-16T02:16:36.762+0000] {logging_mixin.py:154} INFO - [2025-11-16T02:16:36.762+0000] {dag.py:3722} INFO - Setting next_dagrun for sodai_drinks_production_pipeline to 2025-11-09T00:00:00+00:00, run_after=2025-11-16T00:00:00+00:00
[2025-11-16T02:16:36.771+0000] {processor.py:179} INFO - Processing /opt/airflow/dags/pipeline_productivo.py took 1.290 seconds
[2025-11-16T02:17:06.822+0000] {processor.py:157} INFO - Started process (PID=16599) to work on /opt/airflow/dags/pipeline_productivo.py
[2025-11-16T02:17:06.822+0000] {processor.py:829} INFO - Processing file /opt/airflow/dags/pipeline_productivo.py for tasks to queue
[2025-11-16T02:17:06.823+0000] {logging_mixin.py:154} INFO - [2025-11-16T02:17:06.823+0000] {dagbag.py:536} INFO - Filling up the DagBag from /opt/airflow/dags/pipeline_productivo.py
[2025-11-16T02:17:08.278+0000] {processor.py:839} INFO - DAG(s) dict_keys(['sodai_drinks_production_pipeline']) retrieved from /opt/airflow/dags/pipeline_productivo.py
[2025-11-16T02:17:08.293+0000] {logging_mixin.py:154} INFO - [2025-11-16T02:17:08.293+0000] {dag.py:2941} INFO - Sync 1 DAGs
[2025-11-16T02:17:08.303+0000] {logging_mixin.py:154} INFO - [2025-11-16T02:17:08.303+0000] {dag.py:3722} INFO - Setting next_dagrun for sodai_drinks_production_pipeline to 2025-11-09T00:00:00+00:00, run_after=2025-11-16T00:00:00+00:00
[2025-11-16T02:17:08.312+0000] {processor.py:179} INFO - Processing /opt/airflow/dags/pipeline_productivo.py took 1.494 seconds
[2025-11-16T02:17:38.380+0000] {processor.py:157} INFO - Started process (PID=16663) to work on /opt/airflow/dags/pipeline_productivo.py
[2025-11-16T02:17:38.380+0000] {processor.py:829} INFO - Processing file /opt/airflow/dags/pipeline_productivo.py for tasks to queue
[2025-11-16T02:17:38.381+0000] {logging_mixin.py:154} INFO - [2025-11-16T02:17:38.381+0000] {dagbag.py:536} INFO - Filling up the DagBag from /opt/airflow/dags/pipeline_productivo.py
[2025-11-16T02:17:39.726+0000] {processor.py:839} INFO - DAG(s) dict_keys(['sodai_drinks_production_pipeline']) retrieved from /opt/airflow/dags/pipeline_productivo.py
[2025-11-16T02:17:39.742+0000] {logging_mixin.py:154} INFO - [2025-11-16T02:17:39.741+0000] {dag.py:2941} INFO - Sync 1 DAGs
[2025-11-16T02:17:39.752+0000] {logging_mixin.py:154} INFO - [2025-11-16T02:17:39.752+0000] {dag.py:3722} INFO - Setting next_dagrun for sodai_drinks_production_pipeline to 2025-11-09T00:00:00+00:00, run_after=2025-11-16T00:00:00+00:00
[2025-11-16T02:17:39.761+0000] {processor.py:179} INFO - Processing /opt/airflow/dags/pipeline_productivo.py took 1.385 seconds
[2025-11-16T02:18:10.671+0000] {processor.py:157} INFO - Started process (PID=16722) to work on /opt/airflow/dags/pipeline_productivo.py
[2025-11-16T02:18:10.672+0000] {processor.py:829} INFO - Processing file /opt/airflow/dags/pipeline_productivo.py for tasks to queue
[2025-11-16T02:18:10.673+0000] {logging_mixin.py:154} INFO - [2025-11-16T02:18:10.673+0000] {dagbag.py:536} INFO - Filling up the DagBag from /opt/airflow/dags/pipeline_productivo.py
[2025-11-16T02:18:11.987+0000] {processor.py:839} INFO - DAG(s) dict_keys(['sodai_drinks_production_pipeline']) retrieved from /opt/airflow/dags/pipeline_productivo.py
[2025-11-16T02:18:12.006+0000] {logging_mixin.py:154} INFO - [2025-11-16T02:18:12.005+0000] {dag.py:2941} INFO - Sync 1 DAGs
[2025-11-16T02:18:12.019+0000] {logging_mixin.py:154} INFO - [2025-11-16T02:18:12.018+0000] {dag.py:3722} INFO - Setting next_dagrun for sodai_drinks_production_pipeline to 2025-11-09T00:00:00+00:00, run_after=2025-11-16T00:00:00+00:00
[2025-11-16T02:18:12.028+0000] {processor.py:179} INFO - Processing /opt/airflow/dags/pipeline_productivo.py took 1.359 seconds
[2025-11-16T02:18:43.070+0000] {processor.py:157} INFO - Started process (PID=16781) to work on /opt/airflow/dags/pipeline_productivo.py
[2025-11-16T02:18:43.071+0000] {processor.py:829} INFO - Processing file /opt/airflow/dags/pipeline_productivo.py for tasks to queue
[2025-11-16T02:18:43.071+0000] {logging_mixin.py:154} INFO - [2025-11-16T02:18:43.071+0000] {dagbag.py:536} INFO - Filling up the DagBag from /opt/airflow/dags/pipeline_productivo.py
[2025-11-16T02:18:44.290+0000] {processor.py:839} INFO - DAG(s) dict_keys(['sodai_drinks_production_pipeline']) retrieved from /opt/airflow/dags/pipeline_productivo.py
[2025-11-16T02:18:44.305+0000] {logging_mixin.py:154} INFO - [2025-11-16T02:18:44.305+0000] {dag.py:2941} INFO - Sync 1 DAGs
[2025-11-16T02:18:44.317+0000] {logging_mixin.py:154} INFO - [2025-11-16T02:18:44.317+0000] {dag.py:3722} INFO - Setting next_dagrun for sodai_drinks_production_pipeline to 2025-11-09T00:00:00+00:00, run_after=2025-11-16T00:00:00+00:00
[2025-11-16T02:18:44.327+0000] {processor.py:179} INFO - Processing /opt/airflow/dags/pipeline_productivo.py took 1.259 seconds
[2025-11-16T02:19:15.229+0000] {processor.py:157} INFO - Started process (PID=16840) to work on /opt/airflow/dags/pipeline_productivo.py
[2025-11-16T02:19:15.229+0000] {processor.py:829} INFO - Processing file /opt/airflow/dags/pipeline_productivo.py for tasks to queue
[2025-11-16T02:19:15.230+0000] {logging_mixin.py:154} INFO - [2025-11-16T02:19:15.229+0000] {dagbag.py:536} INFO - Filling up the DagBag from /opt/airflow/dags/pipeline_productivo.py
[2025-11-16T02:19:16.462+0000] {processor.py:839} INFO - DAG(s) dict_keys(['sodai_drinks_production_pipeline']) retrieved from /opt/airflow/dags/pipeline_productivo.py
[2025-11-16T02:19:16.481+0000] {logging_mixin.py:154} INFO - [2025-11-16T02:19:16.481+0000] {dag.py:2941} INFO - Sync 1 DAGs
[2025-11-16T02:19:16.497+0000] {logging_mixin.py:154} INFO - [2025-11-16T02:19:16.496+0000] {dag.py:3722} INFO - Setting next_dagrun for sodai_drinks_production_pipeline to 2025-11-09T00:00:00+00:00, run_after=2025-11-16T00:00:00+00:00
[2025-11-16T02:19:16.513+0000] {processor.py:179} INFO - Processing /opt/airflow/dags/pipeline_productivo.py took 1.287 seconds
[2025-11-16T02:19:47.546+0000] {processor.py:157} INFO - Started process (PID=16899) to work on /opt/airflow/dags/pipeline_productivo.py
[2025-11-16T02:19:47.546+0000] {processor.py:829} INFO - Processing file /opt/airflow/dags/pipeline_productivo.py for tasks to queue
[2025-11-16T02:19:47.547+0000] {logging_mixin.py:154} INFO - [2025-11-16T02:19:47.546+0000] {dagbag.py:536} INFO - Filling up the DagBag from /opt/airflow/dags/pipeline_productivo.py
[2025-11-16T02:19:48.778+0000] {processor.py:839} INFO - DAG(s) dict_keys(['sodai_drinks_production_pipeline']) retrieved from /opt/airflow/dags/pipeline_productivo.py
[2025-11-16T02:19:48.795+0000] {logging_mixin.py:154} INFO - [2025-11-16T02:19:48.795+0000] {dag.py:2941} INFO - Sync 1 DAGs
[2025-11-16T02:19:48.817+0000] {logging_mixin.py:154} INFO - [2025-11-16T02:19:48.817+0000] {dag.py:3722} INFO - Setting next_dagrun for sodai_drinks_production_pipeline to 2025-11-09T00:00:00+00:00, run_after=2025-11-16T00:00:00+00:00
[2025-11-16T02:19:48.831+0000] {processor.py:179} INFO - Processing /opt/airflow/dags/pipeline_productivo.py took 1.288 seconds
[2025-11-16T02:20:18.886+0000] {processor.py:157} INFO - Started process (PID=16958) to work on /opt/airflow/dags/pipeline_productivo.py
[2025-11-16T02:20:18.887+0000] {processor.py:829} INFO - Processing file /opt/airflow/dags/pipeline_productivo.py for tasks to queue
[2025-11-16T02:20:18.887+0000] {logging_mixin.py:154} INFO - [2025-11-16T02:20:18.887+0000] {dagbag.py:536} INFO - Filling up the DagBag from /opt/airflow/dags/pipeline_productivo.py
[2025-11-16T02:20:20.199+0000] {processor.py:839} INFO - DAG(s) dict_keys(['sodai_drinks_production_pipeline']) retrieved from /opt/airflow/dags/pipeline_productivo.py
[2025-11-16T02:20:20.215+0000] {logging_mixin.py:154} INFO - [2025-11-16T02:20:20.214+0000] {dag.py:2941} INFO - Sync 1 DAGs
[2025-11-16T02:20:20.226+0000] {logging_mixin.py:154} INFO - [2025-11-16T02:20:20.226+0000] {dag.py:3722} INFO - Setting next_dagrun for sodai_drinks_production_pipeline to 2025-11-09T00:00:00+00:00, run_after=2025-11-16T00:00:00+00:00
[2025-11-16T02:20:20.236+0000] {processor.py:179} INFO - Processing /opt/airflow/dags/pipeline_productivo.py took 1.352 seconds
[2025-11-16T02:20:51.286+0000] {processor.py:157} INFO - Started process (PID=17017) to work on /opt/airflow/dags/pipeline_productivo.py
[2025-11-16T02:20:51.287+0000] {processor.py:829} INFO - Processing file /opt/airflow/dags/pipeline_productivo.py for tasks to queue
[2025-11-16T02:20:51.288+0000] {logging_mixin.py:154} INFO - [2025-11-16T02:20:51.288+0000] {dagbag.py:536} INFO - Filling up the DagBag from /opt/airflow/dags/pipeline_productivo.py
[2025-11-16T02:20:52.564+0000] {processor.py:839} INFO - DAG(s) dict_keys(['sodai_drinks_production_pipeline']) retrieved from /opt/airflow/dags/pipeline_productivo.py
[2025-11-16T02:20:52.580+0000] {logging_mixin.py:154} INFO - [2025-11-16T02:20:52.579+0000] {dag.py:2941} INFO - Sync 1 DAGs
[2025-11-16T02:20:52.592+0000] {logging_mixin.py:154} INFO - [2025-11-16T02:20:52.592+0000] {dag.py:3722} INFO - Setting next_dagrun for sodai_drinks_production_pipeline to 2025-11-09T00:00:00+00:00, run_after=2025-11-16T00:00:00+00:00
[2025-11-16T02:20:52.601+0000] {processor.py:179} INFO - Processing /opt/airflow/dags/pipeline_productivo.py took 1.317 seconds
[2025-11-16T02:21:22.691+0000] {processor.py:157} INFO - Started process (PID=17076) to work on /opt/airflow/dags/pipeline_productivo.py
[2025-11-16T02:21:22.692+0000] {processor.py:829} INFO - Processing file /opt/airflow/dags/pipeline_productivo.py for tasks to queue
[2025-11-16T02:21:22.692+0000] {logging_mixin.py:154} INFO - [2025-11-16T02:21:22.692+0000] {dagbag.py:536} INFO - Filling up the DagBag from /opt/airflow/dags/pipeline_productivo.py
[2025-11-16T02:21:24.130+0000] {processor.py:839} INFO - DAG(s) dict_keys(['sodai_drinks_production_pipeline']) retrieved from /opt/airflow/dags/pipeline_productivo.py
[2025-11-16T02:21:24.147+0000] {logging_mixin.py:154} INFO - [2025-11-16T02:21:24.147+0000] {dag.py:2941} INFO - Sync 1 DAGs
[2025-11-16T02:21:24.160+0000] {logging_mixin.py:154} INFO - [2025-11-16T02:21:24.159+0000] {dag.py:3722} INFO - Setting next_dagrun for sodai_drinks_production_pipeline to 2025-11-09T00:00:00+00:00, run_after=2025-11-16T00:00:00+00:00
[2025-11-16T02:21:24.171+0000] {processor.py:179} INFO - Processing /opt/airflow/dags/pipeline_productivo.py took 1.482 seconds
[2025-11-16T02:21:54.293+0000] {processor.py:157} INFO - Started process (PID=17135) to work on /opt/airflow/dags/pipeline_productivo.py
[2025-11-16T02:21:54.294+0000] {processor.py:829} INFO - Processing file /opt/airflow/dags/pipeline_productivo.py for tasks to queue
[2025-11-16T02:21:54.295+0000] {logging_mixin.py:154} INFO - [2025-11-16T02:21:54.294+0000] {dagbag.py:536} INFO - Filling up the DagBag from /opt/airflow/dags/pipeline_productivo.py
[2025-11-16T02:21:55.655+0000] {processor.py:839} INFO - DAG(s) dict_keys(['sodai_drinks_production_pipeline']) retrieved from /opt/airflow/dags/pipeline_productivo.py
[2025-11-16T02:21:55.671+0000] {logging_mixin.py:154} INFO - [2025-11-16T02:21:55.670+0000] {dag.py:2941} INFO - Sync 1 DAGs
[2025-11-16T02:21:55.682+0000] {logging_mixin.py:154} INFO - [2025-11-16T02:21:55.682+0000] {dag.py:3722} INFO - Setting next_dagrun for sodai_drinks_production_pipeline to 2025-11-09T00:00:00+00:00, run_after=2025-11-16T00:00:00+00:00
[2025-11-16T02:21:55.692+0000] {processor.py:179} INFO - Processing /opt/airflow/dags/pipeline_productivo.py took 1.401 seconds
[2025-11-16T02:22:26.736+0000] {processor.py:157} INFO - Started process (PID=17194) to work on /opt/airflow/dags/pipeline_productivo.py
[2025-11-16T02:22:26.737+0000] {processor.py:829} INFO - Processing file /opt/airflow/dags/pipeline_productivo.py for tasks to queue
[2025-11-16T02:22:26.737+0000] {logging_mixin.py:154} INFO - [2025-11-16T02:22:26.737+0000] {dagbag.py:536} INFO - Filling up the DagBag from /opt/airflow/dags/pipeline_productivo.py
[2025-11-16T02:22:28.006+0000] {processor.py:839} INFO - DAG(s) dict_keys(['sodai_drinks_production_pipeline']) retrieved from /opt/airflow/dags/pipeline_productivo.py
[2025-11-16T02:22:28.021+0000] {logging_mixin.py:154} INFO - [2025-11-16T02:22:28.021+0000] {dag.py:2941} INFO - Sync 1 DAGs
[2025-11-16T02:22:28.032+0000] {logging_mixin.py:154} INFO - [2025-11-16T02:22:28.032+0000] {dag.py:3722} INFO - Setting next_dagrun for sodai_drinks_production_pipeline to 2025-11-09T00:00:00+00:00, run_after=2025-11-16T00:00:00+00:00
[2025-11-16T02:22:28.041+0000] {processor.py:179} INFO - Processing /opt/airflow/dags/pipeline_productivo.py took 1.307 seconds
[2025-11-16T02:22:58.697+0000] {processor.py:157} INFO - Started process (PID=17259) to work on /opt/airflow/dags/pipeline_productivo.py
[2025-11-16T02:22:58.697+0000] {processor.py:829} INFO - Processing file /opt/airflow/dags/pipeline_productivo.py for tasks to queue
[2025-11-16T02:22:58.698+0000] {logging_mixin.py:154} INFO - [2025-11-16T02:22:58.698+0000] {dagbag.py:536} INFO - Filling up the DagBag from /opt/airflow/dags/pipeline_productivo.py
[2025-11-16T02:23:00.006+0000] {processor.py:839} INFO - DAG(s) dict_keys(['sodai_drinks_production_pipeline']) retrieved from /opt/airflow/dags/pipeline_productivo.py
[2025-11-16T02:23:00.021+0000] {logging_mixin.py:154} INFO - [2025-11-16T02:23:00.020+0000] {dag.py:2941} INFO - Sync 1 DAGs
[2025-11-16T02:23:00.032+0000] {logging_mixin.py:154} INFO - [2025-11-16T02:23:00.032+0000] {dag.py:3722} INFO - Setting next_dagrun for sodai_drinks_production_pipeline to 2025-11-09T00:00:00+00:00, run_after=2025-11-16T00:00:00+00:00
[2025-11-16T02:23:00.041+0000] {processor.py:179} INFO - Processing /opt/airflow/dags/pipeline_productivo.py took 1.348 seconds
[2025-11-16T02:23:30.292+0000] {processor.py:157} INFO - Started process (PID=17318) to work on /opt/airflow/dags/pipeline_productivo.py
[2025-11-16T02:23:30.293+0000] {processor.py:829} INFO - Processing file /opt/airflow/dags/pipeline_productivo.py for tasks to queue
[2025-11-16T02:23:30.293+0000] {logging_mixin.py:154} INFO - [2025-11-16T02:23:30.293+0000] {dagbag.py:536} INFO - Filling up the DagBag from /opt/airflow/dags/pipeline_productivo.py
[2025-11-16T02:23:31.532+0000] {processor.py:839} INFO - DAG(s) dict_keys(['sodai_drinks_production_pipeline']) retrieved from /opt/airflow/dags/pipeline_productivo.py
[2025-11-16T02:23:31.549+0000] {logging_mixin.py:154} INFO - [2025-11-16T02:23:31.549+0000] {dag.py:2941} INFO - Sync 1 DAGs
[2025-11-16T02:23:31.560+0000] {logging_mixin.py:154} INFO - [2025-11-16T02:23:31.560+0000] {dag.py:3722} INFO - Setting next_dagrun for sodai_drinks_production_pipeline to 2025-11-09T00:00:00+00:00, run_after=2025-11-16T00:00:00+00:00
[2025-11-16T02:23:31.570+0000] {processor.py:179} INFO - Processing /opt/airflow/dags/pipeline_productivo.py took 1.280 seconds
[2025-11-16T02:24:02.315+0000] {processor.py:157} INFO - Started process (PID=17377) to work on /opt/airflow/dags/pipeline_productivo.py
[2025-11-16T02:24:02.316+0000] {processor.py:829} INFO - Processing file /opt/airflow/dags/pipeline_productivo.py for tasks to queue
[2025-11-16T02:24:02.317+0000] {logging_mixin.py:154} INFO - [2025-11-16T02:24:02.317+0000] {dagbag.py:536} INFO - Filling up the DagBag from /opt/airflow/dags/pipeline_productivo.py
[2025-11-16T02:24:03.547+0000] {processor.py:839} INFO - DAG(s) dict_keys(['sodai_drinks_production_pipeline']) retrieved from /opt/airflow/dags/pipeline_productivo.py
[2025-11-16T02:24:03.562+0000] {logging_mixin.py:154} INFO - [2025-11-16T02:24:03.562+0000] {dag.py:2941} INFO - Sync 1 DAGs
[2025-11-16T02:24:03.575+0000] {logging_mixin.py:154} INFO - [2025-11-16T02:24:03.574+0000] {dag.py:3722} INFO - Setting next_dagrun for sodai_drinks_production_pipeline to 2025-11-09T00:00:00+00:00, run_after=2025-11-16T00:00:00+00:00
[2025-11-16T02:24:03.585+0000] {processor.py:179} INFO - Processing /opt/airflow/dags/pipeline_productivo.py took 1.272 seconds
[2025-11-16T02:24:33.914+0000] {processor.py:157} INFO - Started process (PID=17436) to work on /opt/airflow/dags/pipeline_productivo.py
[2025-11-16T02:24:33.915+0000] {processor.py:829} INFO - Processing file /opt/airflow/dags/pipeline_productivo.py for tasks to queue
[2025-11-16T02:24:33.915+0000] {logging_mixin.py:154} INFO - [2025-11-16T02:24:33.915+0000] {dagbag.py:536} INFO - Filling up the DagBag from /opt/airflow/dags/pipeline_productivo.py
[2025-11-16T02:24:35.186+0000] {processor.py:839} INFO - DAG(s) dict_keys(['sodai_drinks_production_pipeline']) retrieved from /opt/airflow/dags/pipeline_productivo.py
[2025-11-16T02:24:35.202+0000] {logging_mixin.py:154} INFO - [2025-11-16T02:24:35.202+0000] {dag.py:2941} INFO - Sync 1 DAGs
[2025-11-16T02:24:35.214+0000] {logging_mixin.py:154} INFO - [2025-11-16T02:24:35.214+0000] {dag.py:3722} INFO - Setting next_dagrun for sodai_drinks_production_pipeline to 2025-11-09T00:00:00+00:00, run_after=2025-11-16T00:00:00+00:00
[2025-11-16T02:24:35.224+0000] {processor.py:179} INFO - Processing /opt/airflow/dags/pipeline_productivo.py took 1.312 seconds
[2025-11-16T02:25:05.831+0000] {processor.py:157} INFO - Started process (PID=17495) to work on /opt/airflow/dags/pipeline_productivo.py
[2025-11-16T02:25:05.831+0000] {processor.py:829} INFO - Processing file /opt/airflow/dags/pipeline_productivo.py for tasks to queue
[2025-11-16T02:25:05.832+0000] {logging_mixin.py:154} INFO - [2025-11-16T02:25:05.832+0000] {dagbag.py:536} INFO - Filling up the DagBag from /opt/airflow/dags/pipeline_productivo.py
[2025-11-16T02:25:07.142+0000] {processor.py:839} INFO - DAG(s) dict_keys(['sodai_drinks_production_pipeline']) retrieved from /opt/airflow/dags/pipeline_productivo.py
[2025-11-16T02:25:07.157+0000] {logging_mixin.py:154} INFO - [2025-11-16T02:25:07.157+0000] {dag.py:2941} INFO - Sync 1 DAGs
[2025-11-16T02:25:07.169+0000] {logging_mixin.py:154} INFO - [2025-11-16T02:25:07.168+0000] {dag.py:3722} INFO - Setting next_dagrun for sodai_drinks_production_pipeline to 2025-11-09T00:00:00+00:00, run_after=2025-11-16T00:00:00+00:00
[2025-11-16T02:25:07.177+0000] {processor.py:179} INFO - Processing /opt/airflow/dags/pipeline_productivo.py took 1.349 seconds
[2025-11-16T02:25:37.539+0000] {processor.py:157} INFO - Started process (PID=17554) to work on /opt/airflow/dags/pipeline_productivo.py
[2025-11-16T02:25:37.539+0000] {processor.py:829} INFO - Processing file /opt/airflow/dags/pipeline_productivo.py for tasks to queue
[2025-11-16T02:25:37.540+0000] {logging_mixin.py:154} INFO - [2025-11-16T02:25:37.540+0000] {dagbag.py:536} INFO - Filling up the DagBag from /opt/airflow/dags/pipeline_productivo.py
[2025-11-16T02:25:39.003+0000] {processor.py:839} INFO - DAG(s) dict_keys(['sodai_drinks_production_pipeline']) retrieved from /opt/airflow/dags/pipeline_productivo.py
[2025-11-16T02:25:39.019+0000] {logging_mixin.py:154} INFO - [2025-11-16T02:25:39.019+0000] {dag.py:2941} INFO - Sync 1 DAGs
[2025-11-16T02:25:39.032+0000] {logging_mixin.py:154} INFO - [2025-11-16T02:25:39.031+0000] {dag.py:3722} INFO - Setting next_dagrun for sodai_drinks_production_pipeline to 2025-11-09T00:00:00+00:00, run_after=2025-11-16T00:00:00+00:00
[2025-11-16T02:25:39.042+0000] {processor.py:179} INFO - Processing /opt/airflow/dags/pipeline_productivo.py took 1.505 seconds
[2025-11-16T02:26:09.455+0000] {processor.py:157} INFO - Started process (PID=17613) to work on /opt/airflow/dags/pipeline_productivo.py
[2025-11-16T02:26:09.455+0000] {processor.py:829} INFO - Processing file /opt/airflow/dags/pipeline_productivo.py for tasks to queue
[2025-11-16T02:26:09.456+0000] {logging_mixin.py:154} INFO - [2025-11-16T02:26:09.456+0000] {dagbag.py:536} INFO - Filling up the DagBag from /opt/airflow/dags/pipeline_productivo.py
[2025-11-16T02:26:09.894+0000] {processor.py:839} INFO - DAG(s) dict_keys(['sodai_drinks_production_pipeline']) retrieved from /opt/airflow/dags/pipeline_productivo.py
[2025-11-16T02:26:09.909+0000] {logging_mixin.py:154} INFO - [2025-11-16T02:26:09.909+0000] {dag.py:2941} INFO - Sync 1 DAGs
[2025-11-16T02:26:09.922+0000] {logging_mixin.py:154} INFO - [2025-11-16T02:26:09.921+0000] {dag.py:3722} INFO - Setting next_dagrun for sodai_drinks_production_pipeline to 2025-11-09T00:00:00+00:00, run_after=2025-11-16T00:00:00+00:00
[2025-11-16T02:26:09.930+0000] {processor.py:179} INFO - Processing /opt/airflow/dags/pipeline_productivo.py took 1.269 seconds
[2025-11-16T02:26:40.054+0000] {processor.py:157} INFO - Started process (PID=17672) to work on /opt/airflow/dags/pipeline_productivo.py
[2025-11-16T02:26:40.055+0000] {processor.py:829} INFO - Processing file /opt/airflow/dags/pipeline_productivo.py for tasks to queue
[2025-11-16T02:26:40.055+0000] {logging_mixin.py:154} INFO - [2025-11-16T02:26:40.055+0000] {dagbag.py:536} INFO - Filling up the DagBag from /opt/airflow/dags/pipeline_productivo.py
[2025-11-16T02:26:41.270+0000] {processor.py:839} INFO - DAG(s) dict_keys(['sodai_drinks_production_pipeline']) retrieved from /opt/airflow/dags/pipeline_productivo.py
[2025-11-16T02:26:41.286+0000] {logging_mixin.py:154} INFO - [2025-11-16T02:26:41.285+0000] {dag.py:2941} INFO - Sync 1 DAGs
[2025-11-16T02:26:41.298+0000] {logging_mixin.py:154} INFO - [2025-11-16T02:26:41.298+0000] {dag.py:3722} INFO - Setting next_dagrun for sodai_drinks_production_pipeline to 2025-11-09T00:00:00+00:00, run_after=2025-11-16T00:00:00+00:00
[2025-11-16T02:26:41.307+0000] {processor.py:179} INFO - Processing /opt/airflow/dags/pipeline_productivo.py took 1.255 seconds
[2025-11-16T02:27:11.951+0000] {processor.py:157} INFO - Started process (PID=17741) to work on /opt/airflow/dags/pipeline_productivo.py
[2025-11-16T02:27:11.951+0000] {processor.py:829} INFO - Processing file /opt/airflow/dags/pipeline_productivo.py for tasks to queue
[2025-11-16T02:27:11.951+0000] {logging_mixin.py:154} INFO - [2025-11-16T02:27:11.951+0000] {dagbag.py:536} INFO - Filling up the DagBag from /opt/airflow/dags/pipeline_productivo.py
[2025-11-16T02:27:13.286+0000] {processor.py:839} INFO - DAG(s) dict_keys(['sodai_drinks_production_pipeline']) retrieved from /opt/airflow/dags/pipeline_productivo.py
[2025-11-16T02:27:13.310+0000] {logging_mixin.py:154} INFO - [2025-11-16T02:27:13.310+0000] {dag.py:2941} INFO - Sync 1 DAGs
[2025-11-16T02:27:13.326+0000] {logging_mixin.py:154} INFO - [2025-11-16T02:27:13.326+0000] {dag.py:3722} INFO - Setting next_dagrun for sodai_drinks_production_pipeline to 2025-11-09T00:00:00+00:00, run_after=2025-11-16T00:00:00+00:00
[2025-11-16T02:27:13.338+0000] {processor.py:179} INFO - Processing /opt/airflow/dags/pipeline_productivo.py took 1.390 seconds
[2025-11-16T02:27:43.424+0000] {processor.py:157} INFO - Started process (PID=17800) to work on /opt/airflow/dags/pipeline_productivo.py
[2025-11-16T02:27:43.425+0000] {processor.py:829} INFO - Processing file /opt/airflow/dags/pipeline_productivo.py for tasks to queue
[2025-11-16T02:27:43.425+0000] {logging_mixin.py:154} INFO - [2025-11-16T02:27:43.425+0000] {dagbag.py:536} INFO - Filling up the DagBag from /opt/airflow/dags/pipeline_productivo.py
[2025-11-16T02:27:44.832+0000] {processor.py:839} INFO - DAG(s) dict_keys(['sodai_drinks_production_pipeline']) retrieved from /opt/airflow/dags/pipeline_productivo.py
[2025-11-16T02:27:44.849+0000] {logging_mixin.py:154} INFO - [2025-11-16T02:27:44.848+0000] {dag.py:2941} INFO - Sync 1 DAGs
[2025-11-16T02:27:44.863+0000] {logging_mixin.py:154} INFO - [2025-11-16T02:27:44.862+0000] {dag.py:3722} INFO - Setting next_dagrun for sodai_drinks_production_pipeline to 2025-11-09T00:00:00+00:00, run_after=2025-11-16T00:00:00+00:00
[2025-11-16T02:27:44.877+0000] {processor.py:179} INFO - Processing /opt/airflow/dags/pipeline_productivo.py took 1.456 seconds
[2025-11-16T02:28:14.935+0000] {processor.py:157} INFO - Started process (PID=17864) to work on /opt/airflow/dags/pipeline_productivo.py
[2025-11-16T02:28:14.935+0000] {processor.py:829} INFO - Processing file /opt/airflow/dags/pipeline_productivo.py for tasks to queue
[2025-11-16T02:28:14.936+0000] {logging_mixin.py:154} INFO - [2025-11-16T02:28:14.936+0000] {dagbag.py:536} INFO - Filling up the DagBag from /opt/airflow/dags/pipeline_productivo.py
[2025-11-16T02:28:16.257+0000] {processor.py:839} INFO - DAG(s) dict_keys(['sodai_drinks_production_pipeline']) retrieved from /opt/airflow/dags/pipeline_productivo.py
[2025-11-16T02:28:16.273+0000] {logging_mixin.py:154} INFO - [2025-11-16T02:28:16.273+0000] {dag.py:2941} INFO - Sync 1 DAGs
[2025-11-16T02:28:16.286+0000] {logging_mixin.py:154} INFO - [2025-11-16T02:28:16.285+0000] {dag.py:3722} INFO - Setting next_dagrun for sodai_drinks_production_pipeline to 2025-11-09T00:00:00+00:00, run_after=2025-11-16T00:00:00+00:00
[2025-11-16T02:28:16.297+0000] {processor.py:179} INFO - Processing /opt/airflow/dags/pipeline_productivo.py took 1.365 seconds
[2025-11-16T02:28:46.413+0000] {processor.py:157} INFO - Started process (PID=17923) to work on /opt/airflow/dags/pipeline_productivo.py
[2025-11-16T02:28:46.414+0000] {processor.py:829} INFO - Processing file /opt/airflow/dags/pipeline_productivo.py for tasks to queue
[2025-11-16T02:28:46.414+0000] {logging_mixin.py:154} INFO - [2025-11-16T02:28:46.414+0000] {dagbag.py:536} INFO - Filling up the DagBag from /opt/airflow/dags/pipeline_productivo.py
[2025-11-16T02:28:47.727+0000] {processor.py:839} INFO - DAG(s) dict_keys(['sodai_drinks_production_pipeline']) retrieved from /opt/airflow/dags/pipeline_productivo.py
[2025-11-16T02:28:47.747+0000] {logging_mixin.py:154} INFO - [2025-11-16T02:28:47.747+0000] {dag.py:2941} INFO - Sync 1 DAGs
[2025-11-16T02:28:47.763+0000] {logging_mixin.py:154} INFO - [2025-11-16T02:28:47.763+0000] {dag.py:3722} INFO - Setting next_dagrun for sodai_drinks_production_pipeline to 2025-11-09T00:00:00+00:00, run_after=2025-11-16T00:00:00+00:00
[2025-11-16T02:28:47.777+0000] {processor.py:179} INFO - Processing /opt/airflow/dags/pipeline_productivo.py took 1.366 seconds
[2025-11-16T02:29:18.773+0000] {processor.py:157} INFO - Started process (PID=17982) to work on /opt/airflow/dags/pipeline_productivo.py
[2025-11-16T02:29:18.774+0000] {processor.py:829} INFO - Processing file /opt/airflow/dags/pipeline_productivo.py for tasks to queue
[2025-11-16T02:29:18.775+0000] {logging_mixin.py:154} INFO - [2025-11-16T02:29:18.774+0000] {dagbag.py:536} INFO - Filling up the DagBag from /opt/airflow/dags/pipeline_productivo.py
[2025-11-16T02:29:20.021+0000] {processor.py:839} INFO - DAG(s) dict_keys(['sodai_drinks_production_pipeline']) retrieved from /opt/airflow/dags/pipeline_productivo.py
[2025-11-16T02:29:20.036+0000] {logging_mixin.py:154} INFO - [2025-11-16T02:29:20.036+0000] {dag.py:2941} INFO - Sync 1 DAGs
[2025-11-16T02:29:20.047+0000] {logging_mixin.py:154} INFO - [2025-11-16T02:29:20.047+0000] {dag.py:3722} INFO - Setting next_dagrun for sodai_drinks_production_pipeline to 2025-11-09T00:00:00+00:00, run_after=2025-11-16T00:00:00+00:00
[2025-11-16T02:29:20.057+0000] {processor.py:179} INFO - Processing /opt/airflow/dags/pipeline_productivo.py took 1.286 seconds
[2025-11-16T02:29:50.152+0000] {processor.py:157} INFO - Started process (PID=18041) to work on /opt/airflow/dags/pipeline_productivo.py
[2025-11-16T02:29:50.153+0000] {processor.py:829} INFO - Processing file /opt/airflow/dags/pipeline_productivo.py for tasks to queue
[2025-11-16T02:29:50.153+0000] {logging_mixin.py:154} INFO - [2025-11-16T02:29:50.153+0000] {dagbag.py:536} INFO - Filling up the DagBag from /opt/airflow/dags/pipeline_productivo.py
[2025-11-16T02:29:51.465+0000] {processor.py:839} INFO - DAG(s) dict_keys(['sodai_drinks_production_pipeline']) retrieved from /opt/airflow/dags/pipeline_productivo.py
[2025-11-16T02:29:51.480+0000] {logging_mixin.py:154} INFO - [2025-11-16T02:29:51.480+0000] {dag.py:2941} INFO - Sync 1 DAGs
[2025-11-16T02:29:51.492+0000] {logging_mixin.py:154} INFO - [2025-11-16T02:29:51.492+0000] {dag.py:3722} INFO - Setting next_dagrun for sodai_drinks_production_pipeline to 2025-11-09T00:00:00+00:00, run_after=2025-11-16T00:00:00+00:00
[2025-11-16T02:29:51.502+0000] {processor.py:179} INFO - Processing /opt/airflow/dags/pipeline_productivo.py took 1.352 seconds
[2025-11-16T02:30:21.252+0000] {processor.py:157} INFO - Started process (PID=18100) to work on /opt/airflow/dags/pipeline_productivo.py
[2025-11-16T02:30:21.252+0000] {processor.py:829} INFO - Processing file /opt/airflow/dags/pipeline_productivo.py for tasks to queue
[2025-11-16T02:30:21.253+0000] {logging_mixin.py:154} INFO - [2025-11-16T02:30:21.253+0000] {dagbag.py:536} INFO - Filling up the DagBag from /opt/airflow/dags/pipeline_productivo.py
[2025-11-16T02:30:21.176+0000] {processor.py:839} INFO - DAG(s) dict_keys(['sodai_drinks_production_pipeline']) retrieved from /opt/airflow/dags/pipeline_productivo.py
[2025-11-16T02:30:21.190+0000] {logging_mixin.py:154} INFO - [2025-11-16T02:30:21.190+0000] {dag.py:2941} INFO - Sync 1 DAGs
[2025-11-16T02:30:21.202+0000] {logging_mixin.py:154} INFO - [2025-11-16T02:30:21.202+0000] {dag.py:3722} INFO - Setting next_dagrun for sodai_drinks_production_pipeline to 2025-11-09T00:00:00+00:00, run_after=2025-11-16T00:00:00+00:00
[2025-11-16T02:30:21.211+0000] {processor.py:179} INFO - Processing /opt/airflow/dags/pipeline_productivo.py took 1.256 seconds
[2025-11-16T02:30:51.384+0000] {processor.py:157} INFO - Started process (PID=18159) to work on /opt/airflow/dags/pipeline_productivo.py
[2025-11-16T02:30:51.384+0000] {processor.py:829} INFO - Processing file /opt/airflow/dags/pipeline_productivo.py for tasks to queue
[2025-11-16T02:30:51.385+0000] {logging_mixin.py:154} INFO - [2025-11-16T02:30:51.384+0000] {dagbag.py:536} INFO - Filling up the DagBag from /opt/airflow/dags/pipeline_productivo.py
[2025-11-16T02:30:52.649+0000] {processor.py:839} INFO - DAG(s) dict_keys(['sodai_drinks_production_pipeline']) retrieved from /opt/airflow/dags/pipeline_productivo.py
[2025-11-16T02:30:52.665+0000] {logging_mixin.py:154} INFO - [2025-11-16T02:30:52.665+0000] {dag.py:2941} INFO - Sync 1 DAGs
[2025-11-16T02:30:52.676+0000] {logging_mixin.py:154} INFO - [2025-11-16T02:30:52.676+0000] {dag.py:3722} INFO - Setting next_dagrun for sodai_drinks_production_pipeline to 2025-11-09T00:00:00+00:00, run_after=2025-11-16T00:00:00+00:00
[2025-11-16T02:30:52.685+0000] {processor.py:179} INFO - Processing /opt/airflow/dags/pipeline_productivo.py took 1.303 seconds
[2025-11-16T02:31:23.510+0000] {processor.py:157} INFO - Started process (PID=18218) to work on /opt/airflow/dags/pipeline_productivo.py
[2025-11-16T02:31:23.511+0000] {processor.py:829} INFO - Processing file /opt/airflow/dags/pipeline_productivo.py for tasks to queue
[2025-11-16T02:31:23.511+0000] {logging_mixin.py:154} INFO - [2025-11-16T02:31:23.511+0000] {dagbag.py:536} INFO - Filling up the DagBag from /opt/airflow/dags/pipeline_productivo.py
[2025-11-16T02:31:24.768+0000] {processor.py:839} INFO - DAG(s) dict_keys(['sodai_drinks_production_pipeline']) retrieved from /opt/airflow/dags/pipeline_productivo.py
[2025-11-16T02:31:24.786+0000] {logging_mixin.py:154} INFO - [2025-11-16T02:31:24.786+0000] {dag.py:2941} INFO - Sync 1 DAGs
[2025-11-16T02:31:24.799+0000] {logging_mixin.py:154} INFO - [2025-11-16T02:31:24.798+0000] {dag.py:3722} INFO - Setting next_dagrun for sodai_drinks_production_pipeline to 2025-11-09T00:00:00+00:00, run_after=2025-11-16T00:00:00+00:00
[2025-11-16T02:31:24.808+0000] {processor.py:179} INFO - Processing /opt/airflow/dags/pipeline_productivo.py took 1.300 seconds
[2025-11-16T02:31:54.951+0000] {processor.py:157} INFO - Started process (PID=18277) to work on /opt/airflow/dags/pipeline_productivo.py
[2025-11-16T02:31:54.952+0000] {processor.py:829} INFO - Processing file /opt/airflow/dags/pipeline_productivo.py for tasks to queue
[2025-11-16T02:31:54.953+0000] {logging_mixin.py:154} INFO - [2025-11-16T02:31:54.952+0000] {dagbag.py:536} INFO - Filling up the DagBag from /opt/airflow/dags/pipeline_productivo.py
[2025-11-16T02:31:56.202+0000] {processor.py:839} INFO - DAG(s) dict_keys(['sodai_drinks_production_pipeline']) retrieved from /opt/airflow/dags/pipeline_productivo.py
[2025-11-16T02:31:56.217+0000] {logging_mixin.py:154} INFO - [2025-11-16T02:31:56.217+0000] {dag.py:2941} INFO - Sync 1 DAGs
[2025-11-16T02:31:56.228+0000] {logging_mixin.py:154} INFO - [2025-11-16T02:31:56.228+0000] {dag.py:3722} INFO - Setting next_dagrun for sodai_drinks_production_pipeline to 2025-11-09T00:00:00+00:00, run_after=2025-11-16T00:00:00+00:00
[2025-11-16T02:31:56.237+0000] {processor.py:179} INFO - Processing /opt/airflow/dags/pipeline_productivo.py took 1.288 seconds
[2025-11-16T02:32:26.421+0000] {processor.py:157} INFO - Started process (PID=18336) to work on /opt/airflow/dags/pipeline_productivo.py
[2025-11-16T02:32:26.421+0000] {processor.py:829} INFO - Processing file /opt/airflow/dags/pipeline_productivo.py for tasks to queue
[2025-11-16T02:32:26.422+0000] {logging_mixin.py:154} INFO - [2025-11-16T02:32:26.422+0000] {dagbag.py:536} INFO - Filling up the DagBag from /opt/airflow/dags/pipeline_productivo.py
[2025-11-16T02:32:27.654+0000] {processor.py:839} INFO - DAG(s) dict_keys(['sodai_drinks_production_pipeline']) retrieved from /opt/airflow/dags/pipeline_productivo.py
[2025-11-16T02:32:27.670+0000] {logging_mixin.py:154} INFO - [2025-11-16T02:32:27.670+0000] {dag.py:2941} INFO - Sync 1 DAGs
[2025-11-16T02:32:27.682+0000] {logging_mixin.py:154} INFO - [2025-11-16T02:32:27.682+0000] {dag.py:3722} INFO - Setting next_dagrun for sodai_drinks_production_pipeline to 2025-11-09T00:00:00+00:00, run_after=2025-11-16T00:00:00+00:00
[2025-11-16T02:32:27.691+0000] {processor.py:179} INFO - Processing /opt/airflow/dags/pipeline_productivo.py took 1.273 seconds
[2025-11-16T02:32:57.840+0000] {processor.py:157} INFO - Started process (PID=18395) to work on /opt/airflow/dags/pipeline_productivo.py
[2025-11-16T02:32:57.841+0000] {processor.py:829} INFO - Processing file /opt/airflow/dags/pipeline_productivo.py for tasks to queue
[2025-11-16T02:32:57.841+0000] {logging_mixin.py:154} INFO - [2025-11-16T02:32:57.841+0000] {dagbag.py:536} INFO - Filling up the DagBag from /opt/airflow/dags/pipeline_productivo.py
[2025-11-16T02:32:59.154+0000] {processor.py:839} INFO - DAG(s) dict_keys(['sodai_drinks_production_pipeline']) retrieved from /opt/airflow/dags/pipeline_productivo.py
[2025-11-16T02:32:59.172+0000] {logging_mixin.py:154} INFO - [2025-11-16T02:32:59.171+0000] {dag.py:2941} INFO - Sync 1 DAGs
[2025-11-16T02:32:59.183+0000] {logging_mixin.py:154} INFO - [2025-11-16T02:32:59.183+0000] {dag.py:3722} INFO - Setting next_dagrun for sodai_drinks_production_pipeline to 2025-11-09T00:00:00+00:00, run_after=2025-11-16T00:00:00+00:00
[2025-11-16T02:32:59.195+0000] {processor.py:179} INFO - Processing /opt/airflow/dags/pipeline_productivo.py took 1.357 seconds
[2025-11-16T02:33:29.412+0000] {processor.py:157} INFO - Started process (PID=18454) to work on /opt/airflow/dags/pipeline_productivo.py
[2025-11-16T02:33:29.412+0000] {processor.py:829} INFO - Processing file /opt/airflow/dags/pipeline_productivo.py for tasks to queue
[2025-11-16T02:33:29.413+0000] {logging_mixin.py:154} INFO - [2025-11-16T02:33:29.413+0000] {dagbag.py:536} INFO - Filling up the DagBag from /opt/airflow/dags/pipeline_productivo.py
[2025-11-16T02:33:30.713+0000] {processor.py:839} INFO - DAG(s) dict_keys(['sodai_drinks_production_pipeline']) retrieved from /opt/airflow/dags/pipeline_productivo.py
[2025-11-16T02:33:30.729+0000] {logging_mixin.py:154} INFO - [2025-11-16T02:33:30.729+0000] {dag.py:2941} INFO - Sync 1 DAGs
[2025-11-16T02:33:30.741+0000] {logging_mixin.py:154} INFO - [2025-11-16T02:33:30.741+0000] {dag.py:3722} INFO - Setting next_dagrun for sodai_drinks_production_pipeline to 2025-11-09T00:00:00+00:00, run_after=2025-11-16T00:00:00+00:00
[2025-11-16T02:33:30.751+0000] {processor.py:179} INFO - Processing /opt/airflow/dags/pipeline_productivo.py took 1.342 seconds
[2025-11-16T02:34:00.874+0000] {processor.py:157} INFO - Started process (PID=18513) to work on /opt/airflow/dags/pipeline_productivo.py
[2025-11-16T02:34:00.874+0000] {processor.py:829} INFO - Processing file /opt/airflow/dags/pipeline_productivo.py for tasks to queue
[2025-11-16T02:34:00.875+0000] {logging_mixin.py:154} INFO - [2025-11-16T02:34:00.875+0000] {dagbag.py:536} INFO - Filling up the DagBag from /opt/airflow/dags/pipeline_productivo.py
[2025-11-16T02:34:02.192+0000] {processor.py:839} INFO - DAG(s) dict_keys(['sodai_drinks_production_pipeline']) retrieved from /opt/airflow/dags/pipeline_productivo.py
[2025-11-16T02:34:02.208+0000] {logging_mixin.py:154} INFO - [2025-11-16T02:34:02.207+0000] {dag.py:2941} INFO - Sync 1 DAGs
[2025-11-16T02:34:02.219+0000] {logging_mixin.py:154} INFO - [2025-11-16T02:34:02.218+0000] {dag.py:3722} INFO - Setting next_dagrun for sodai_drinks_production_pipeline to 2025-11-09T00:00:00+00:00, run_after=2025-11-16T00:00:00+00:00
[2025-11-16T02:34:02.228+0000] {processor.py:179} INFO - Processing /opt/airflow/dags/pipeline_productivo.py took 1.356 seconds
[2025-11-16T02:34:32.457+0000] {processor.py:157} INFO - Started process (PID=18572) to work on /opt/airflow/dags/pipeline_productivo.py
[2025-11-16T02:34:32.458+0000] {processor.py:829} INFO - Processing file /opt/airflow/dags/pipeline_productivo.py for tasks to queue
[2025-11-16T02:34:32.459+0000] {logging_mixin.py:154} INFO - [2025-11-16T02:34:32.458+0000] {dagbag.py:536} INFO - Filling up the DagBag from /opt/airflow/dags/pipeline_productivo.py
[2025-11-16T02:34:31.755+0000] {processor.py:839} INFO - DAG(s) dict_keys(['sodai_drinks_production_pipeline']) retrieved from /opt/airflow/dags/pipeline_productivo.py
[2025-11-16T02:34:31.773+0000] {logging_mixin.py:154} INFO - [2025-11-16T02:34:31.772+0000] {dag.py:2941} INFO - Sync 1 DAGs
[2025-11-16T02:34:31.786+0000] {logging_mixin.py:154} INFO - [2025-11-16T02:34:31.786+0000] {dag.py:3722} INFO - Setting next_dagrun for sodai_drinks_production_pipeline to 2025-11-09T00:00:00+00:00, run_after=2025-11-16T00:00:00+00:00
[2025-11-16T02:34:31.797+0000] {processor.py:179} INFO - Processing /opt/airflow/dags/pipeline_productivo.py took 1.400 seconds
[2025-11-16T02:35:01.853+0000] {processor.py:157} INFO - Started process (PID=18633) to work on /opt/airflow/dags/pipeline_productivo.py
[2025-11-16T02:35:01.853+0000] {processor.py:829} INFO - Processing file /opt/airflow/dags/pipeline_productivo.py for tasks to queue
[2025-11-16T02:35:01.854+0000] {logging_mixin.py:154} INFO - [2025-11-16T02:35:01.854+0000] {dagbag.py:536} INFO - Filling up the DagBag from /opt/airflow/dags/pipeline_productivo.py
[2025-11-16T02:35:03.271+0000] {processor.py:839} INFO - DAG(s) dict_keys(['sodai_drinks_production_pipeline']) retrieved from /opt/airflow/dags/pipeline_productivo.py
[2025-11-16T02:35:03.288+0000] {logging_mixin.py:154} INFO - [2025-11-16T02:35:03.288+0000] {dag.py:2941} INFO - Sync 1 DAGs
[2025-11-16T02:35:03.302+0000] {logging_mixin.py:154} INFO - [2025-11-16T02:35:03.301+0000] {dag.py:3722} INFO - Setting next_dagrun for sodai_drinks_production_pipeline to 2025-11-09T00:00:00+00:00, run_after=2025-11-16T00:00:00+00:00
[2025-11-16T02:35:03.312+0000] {processor.py:179} INFO - Processing /opt/airflow/dags/pipeline_productivo.py took 1.462 seconds
[2025-11-16T02:35:33.427+0000] {processor.py:157} INFO - Started process (PID=18692) to work on /opt/airflow/dags/pipeline_productivo.py
[2025-11-16T02:35:33.428+0000] {processor.py:829} INFO - Processing file /opt/airflow/dags/pipeline_productivo.py for tasks to queue
[2025-11-16T02:35:33.428+0000] {logging_mixin.py:154} INFO - [2025-11-16T02:35:33.428+0000] {dagbag.py:536} INFO - Filling up the DagBag from /opt/airflow/dags/pipeline_productivo.py
[2025-11-16T02:35:34.722+0000] {processor.py:839} INFO - DAG(s) dict_keys(['sodai_drinks_production_pipeline']) retrieved from /opt/airflow/dags/pipeline_productivo.py
[2025-11-16T02:35:34.738+0000] {logging_mixin.py:154} INFO - [2025-11-16T02:35:34.738+0000] {dag.py:2941} INFO - Sync 1 DAGs
[2025-11-16T02:35:34.749+0000] {logging_mixin.py:154} INFO - [2025-11-16T02:35:34.749+0000] {dag.py:3722} INFO - Setting next_dagrun for sodai_drinks_production_pipeline to 2025-11-09T00:00:00+00:00, run_after=2025-11-16T00:00:00+00:00
[2025-11-16T02:35:34.758+0000] {processor.py:179} INFO - Processing /opt/airflow/dags/pipeline_productivo.py took 1.333 seconds
[2025-11-16T02:36:04.901+0000] {processor.py:157} INFO - Started process (PID=18751) to work on /opt/airflow/dags/pipeline_productivo.py
[2025-11-16T02:36:04.902+0000] {processor.py:829} INFO - Processing file /opt/airflow/dags/pipeline_productivo.py for tasks to queue
[2025-11-16T02:36:04.902+0000] {logging_mixin.py:154} INFO - [2025-11-16T02:36:04.902+0000] {dagbag.py:536} INFO - Filling up the DagBag from /opt/airflow/dags/pipeline_productivo.py
[2025-11-16T02:36:06.189+0000] {processor.py:839} INFO - DAG(s) dict_keys(['sodai_drinks_production_pipeline']) retrieved from /opt/airflow/dags/pipeline_productivo.py
[2025-11-16T02:36:06.204+0000] {logging_mixin.py:154} INFO - [2025-11-16T02:36:06.204+0000] {dag.py:2941} INFO - Sync 1 DAGs
[2025-11-16T02:36:06.215+0000] {logging_mixin.py:154} INFO - [2025-11-16T02:36:06.215+0000] {dag.py:3722} INFO - Setting next_dagrun for sodai_drinks_production_pipeline to 2025-11-09T00:00:00+00:00, run_after=2025-11-16T00:00:00+00:00
[2025-11-16T02:36:06.224+0000] {processor.py:179} INFO - Processing /opt/airflow/dags/pipeline_productivo.py took 1.326 seconds
[2025-11-16T02:36:36.343+0000] {processor.py:157} INFO - Started process (PID=18810) to work on /opt/airflow/dags/pipeline_productivo.py
[2025-11-16T02:36:36.343+0000] {processor.py:829} INFO - Processing file /opt/airflow/dags/pipeline_productivo.py for tasks to queue
[2025-11-16T02:36:36.344+0000] {logging_mixin.py:154} INFO - [2025-11-16T02:36:36.343+0000] {dagbag.py:536} INFO - Filling up the DagBag from /opt/airflow/dags/pipeline_productivo.py
[2025-11-16T02:36:37.599+0000] {processor.py:839} INFO - DAG(s) dict_keys(['sodai_drinks_production_pipeline']) retrieved from /opt/airflow/dags/pipeline_productivo.py
[2025-11-16T02:36:37.615+0000] {logging_mixin.py:154} INFO - [2025-11-16T02:36:37.614+0000] {dag.py:2941} INFO - Sync 1 DAGs
[2025-11-16T02:36:37.626+0000] {logging_mixin.py:154} INFO - [2025-11-16T02:36:37.626+0000] {dag.py:3722} INFO - Setting next_dagrun for sodai_drinks_production_pipeline to 2025-11-09T00:00:00+00:00, run_after=2025-11-16T00:00:00+00:00
[2025-11-16T02:36:37.636+0000] {processor.py:179} INFO - Processing /opt/airflow/dags/pipeline_productivo.py took 1.296 seconds
[2025-11-16T02:37:07.773+0000] {processor.py:157} INFO - Started process (PID=18869) to work on /opt/airflow/dags/pipeline_productivo.py
[2025-11-16T02:37:07.775+0000] {processor.py:829} INFO - Processing file /opt/airflow/dags/pipeline_productivo.py for tasks to queue
[2025-11-16T02:37:07.775+0000] {logging_mixin.py:154} INFO - [2025-11-16T02:37:07.775+0000] {dagbag.py:536} INFO - Filling up the DagBag from /opt/airflow/dags/pipeline_productivo.py
[2025-11-16T02:37:09.171+0000] {processor.py:839} INFO - DAG(s) dict_keys(['sodai_drinks_production_pipeline']) retrieved from /opt/airflow/dags/pipeline_productivo.py
[2025-11-16T02:37:09.186+0000] {logging_mixin.py:154} INFO - [2025-11-16T02:37:09.186+0000] {dag.py:2941} INFO - Sync 1 DAGs
[2025-11-16T02:37:09.198+0000] {logging_mixin.py:154} INFO - [2025-11-16T02:37:09.198+0000] {dag.py:3722} INFO - Setting next_dagrun for sodai_drinks_production_pipeline to 2025-11-09T00:00:00+00:00, run_after=2025-11-16T00:00:00+00:00
[2025-11-16T02:37:09.209+0000] {processor.py:179} INFO - Processing /opt/airflow/dags/pipeline_productivo.py took 1.438 seconds
[2025-11-16T02:37:39.399+0000] {processor.py:157} INFO - Started process (PID=18928) to work on /opt/airflow/dags/pipeline_productivo.py
[2025-11-16T02:37:39.399+0000] {processor.py:829} INFO - Processing file /opt/airflow/dags/pipeline_productivo.py for tasks to queue
[2025-11-16T02:37:39.400+0000] {logging_mixin.py:154} INFO - [2025-11-16T02:37:39.400+0000] {dagbag.py:536} INFO - Filling up the DagBag from /opt/airflow/dags/pipeline_productivo.py
[2025-11-16T02:37:40.769+0000] {processor.py:839} INFO - DAG(s) dict_keys(['sodai_drinks_production_pipeline']) retrieved from /opt/airflow/dags/pipeline_productivo.py
[2025-11-16T02:37:40.785+0000] {logging_mixin.py:154} INFO - [2025-11-16T02:37:40.785+0000] {dag.py:2941} INFO - Sync 1 DAGs
[2025-11-16T02:37:40.795+0000] {logging_mixin.py:154} INFO - [2025-11-16T02:37:40.795+0000] {dag.py:3722} INFO - Setting next_dagrun for sodai_drinks_production_pipeline to 2025-11-09T00:00:00+00:00, run_after=2025-11-16T00:00:00+00:00
[2025-11-16T02:37:40.806+0000] {processor.py:179} INFO - Processing /opt/airflow/dags/pipeline_productivo.py took 1.409 seconds
[2025-11-16T02:38:10.974+0000] {processor.py:157} INFO - Started process (PID=18980) to work on /opt/airflow/dags/pipeline_productivo.py
[2025-11-16T02:38:10.975+0000] {processor.py:829} INFO - Processing file /opt/airflow/dags/pipeline_productivo.py for tasks to queue
[2025-11-16T02:38:10.975+0000] {logging_mixin.py:154} INFO - [2025-11-16T02:38:10.975+0000] {dagbag.py:536} INFO - Filling up the DagBag from /opt/airflow/dags/pipeline_productivo.py
[2025-11-16T02:38:12.410+0000] {processor.py:839} INFO - DAG(s) dict_keys(['sodai_drinks_production_pipeline']) retrieved from /opt/airflow/dags/pipeline_productivo.py
[2025-11-16T02:38:12.426+0000] {logging_mixin.py:154} INFO - [2025-11-16T02:38:12.426+0000] {dag.py:2941} INFO - Sync 1 DAGs
[2025-11-16T02:38:12.438+0000] {logging_mixin.py:154} INFO - [2025-11-16T02:38:12.437+0000] {dag.py:3722} INFO - Setting next_dagrun for sodai_drinks_production_pipeline to 2025-11-09T00:00:00+00:00, run_after=2025-11-16T00:00:00+00:00
[2025-11-16T02:38:12.448+0000] {processor.py:179} INFO - Processing /opt/airflow/dags/pipeline_productivo.py took 1.477 seconds
[2025-11-16T02:38:42.569+0000] {processor.py:157} INFO - Started process (PID=19039) to work on /opt/airflow/dags/pipeline_productivo.py
[2025-11-16T02:38:42.570+0000] {processor.py:829} INFO - Processing file /opt/airflow/dags/pipeline_productivo.py for tasks to queue
[2025-11-16T02:38:42.570+0000] {logging_mixin.py:154} INFO - [2025-11-16T02:38:42.570+0000] {dagbag.py:536} INFO - Filling up the DagBag from /opt/airflow/dags/pipeline_productivo.py
[2025-11-16T02:38:43.836+0000] {processor.py:839} INFO - DAG(s) dict_keys(['sodai_drinks_production_pipeline']) retrieved from /opt/airflow/dags/pipeline_productivo.py
[2025-11-16T02:38:43.852+0000] {logging_mixin.py:154} INFO - [2025-11-16T02:38:43.851+0000] {dag.py:2941} INFO - Sync 1 DAGs
[2025-11-16T02:38:43.864+0000] {logging_mixin.py:154} INFO - [2025-11-16T02:38:43.864+0000] {dag.py:3722} INFO - Setting next_dagrun for sodai_drinks_production_pipeline to 2025-11-09T00:00:00+00:00, run_after=2025-11-16T00:00:00+00:00
[2025-11-16T02:38:43.874+0000] {processor.py:179} INFO - Processing /opt/airflow/dags/pipeline_productivo.py took 1.307 seconds
[2025-11-16T02:39:14.576+0000] {processor.py:157} INFO - Started process (PID=19105) to work on /opt/airflow/dags/pipeline_productivo.py
[2025-11-16T02:39:14.576+0000] {processor.py:829} INFO - Processing file /opt/airflow/dags/pipeline_productivo.py for tasks to queue
[2025-11-16T02:39:14.576+0000] {logging_mixin.py:154} INFO - [2025-11-16T02:39:14.576+0000] {dagbag.py:536} INFO - Filling up the DagBag from /opt/airflow/dags/pipeline_productivo.py
[2025-11-16T02:39:15.826+0000] {processor.py:839} INFO - DAG(s) dict_keys(['sodai_drinks_production_pipeline']) retrieved from /opt/airflow/dags/pipeline_productivo.py
[2025-11-16T02:39:15.842+0000] {logging_mixin.py:154} INFO - [2025-11-16T02:39:15.841+0000] {dag.py:2941} INFO - Sync 1 DAGs
[2025-11-16T02:39:15.853+0000] {logging_mixin.py:154} INFO - [2025-11-16T02:39:15.853+0000] {dag.py:3722} INFO - Setting next_dagrun for sodai_drinks_production_pipeline to 2025-11-09T00:00:00+00:00, run_after=2025-11-16T00:00:00+00:00
[2025-11-16T02:39:15.863+0000] {processor.py:179} INFO - Processing /opt/airflow/dags/pipeline_productivo.py took 1.289 seconds
[2025-11-16T02:39:46.019+0000] {processor.py:157} INFO - Started process (PID=19164) to work on /opt/airflow/dags/pipeline_productivo.py
[2025-11-16T02:39:46.020+0000] {processor.py:829} INFO - Processing file /opt/airflow/dags/pipeline_productivo.py for tasks to queue
[2025-11-16T02:39:46.021+0000] {logging_mixin.py:154} INFO - [2025-11-16T02:39:46.020+0000] {dagbag.py:536} INFO - Filling up the DagBag from /opt/airflow/dags/pipeline_productivo.py
[2025-11-16T02:39:47.301+0000] {processor.py:839} INFO - DAG(s) dict_keys(['sodai_drinks_production_pipeline']) retrieved from /opt/airflow/dags/pipeline_productivo.py
[2025-11-16T02:39:47.317+0000] {logging_mixin.py:154} INFO - [2025-11-16T02:39:47.317+0000] {dag.py:2941} INFO - Sync 1 DAGs
[2025-11-16T02:39:47.329+0000] {logging_mixin.py:154} INFO - [2025-11-16T02:39:47.329+0000] {dag.py:3722} INFO - Setting next_dagrun for sodai_drinks_production_pipeline to 2025-11-09T00:00:00+00:00, run_after=2025-11-16T00:00:00+00:00
[2025-11-16T02:39:47.339+0000] {processor.py:179} INFO - Processing /opt/airflow/dags/pipeline_productivo.py took 1.322 seconds
[2025-11-16T02:40:17.478+0000] {processor.py:157} INFO - Started process (PID=19223) to work on /opt/airflow/dags/pipeline_productivo.py
[2025-11-16T02:40:17.478+0000] {processor.py:829} INFO - Processing file /opt/airflow/dags/pipeline_productivo.py for tasks to queue
[2025-11-16T02:40:17.478+0000] {logging_mixin.py:154} INFO - [2025-11-16T02:40:17.478+0000] {dagbag.py:536} INFO - Filling up the DagBag from /opt/airflow/dags/pipeline_productivo.py
[2025-11-16T02:40:18.870+0000] {processor.py:839} INFO - DAG(s) dict_keys(['sodai_drinks_production_pipeline']) retrieved from /opt/airflow/dags/pipeline_productivo.py
[2025-11-16T02:40:18.892+0000] {logging_mixin.py:154} INFO - [2025-11-16T02:40:18.892+0000] {dag.py:2941} INFO - Sync 1 DAGs
[2025-11-16T02:40:18.908+0000] {logging_mixin.py:154} INFO - [2025-11-16T02:40:18.908+0000] {dag.py:3722} INFO - Setting next_dagrun for sodai_drinks_production_pipeline to 2025-11-09T00:00:00+00:00, run_after=2025-11-16T00:00:00+00:00
[2025-11-16T02:40:18.920+0000] {processor.py:179} INFO - Processing /opt/airflow/dags/pipeline_productivo.py took 1.445 seconds
[2025-11-16T02:40:49.298+0000] {processor.py:157} INFO - Started process (PID=19288) to work on /opt/airflow/dags/pipeline_productivo.py
[2025-11-16T02:40:49.299+0000] {processor.py:829} INFO - Processing file /opt/airflow/dags/pipeline_productivo.py for tasks to queue
[2025-11-16T02:40:49.300+0000] {logging_mixin.py:154} INFO - [2025-11-16T02:40:49.299+0000] {dagbag.py:536} INFO - Filling up the DagBag from /opt/airflow/dags/pipeline_productivo.py
[2025-11-16T02:40:50.674+0000] {processor.py:839} INFO - DAG(s) dict_keys(['sodai_drinks_production_pipeline']) retrieved from /opt/airflow/dags/pipeline_productivo.py
[2025-11-16T02:40:50.689+0000] {logging_mixin.py:154} INFO - [2025-11-16T02:40:50.689+0000] {dag.py:2941} INFO - Sync 1 DAGs
[2025-11-16T02:40:50.700+0000] {logging_mixin.py:154} INFO - [2025-11-16T02:40:50.700+0000] {dag.py:3722} INFO - Setting next_dagrun for sodai_drinks_production_pipeline to 2025-11-09T00:00:00+00:00, run_after=2025-11-16T00:00:00+00:00
[2025-11-16T02:40:50.709+0000] {processor.py:179} INFO - Processing /opt/airflow/dags/pipeline_productivo.py took 1.413 seconds
[2025-11-16T02:41:21.391+0000] {processor.py:157} INFO - Started process (PID=19346) to work on /opt/airflow/dags/pipeline_productivo.py
[2025-11-16T02:41:21.391+0000] {processor.py:829} INFO - Processing file /opt/airflow/dags/pipeline_productivo.py for tasks to queue
[2025-11-16T02:41:21.392+0000] {logging_mixin.py:154} INFO - [2025-11-16T02:41:21.391+0000] {dagbag.py:536} INFO - Filling up the DagBag from /opt/airflow/dags/pipeline_productivo.py
[2025-11-16T02:41:22.822+0000] {processor.py:839} INFO - DAG(s) dict_keys(['sodai_drinks_production_pipeline']) retrieved from /opt/airflow/dags/pipeline_productivo.py
[2025-11-16T02:41:22.839+0000] {logging_mixin.py:154} INFO - [2025-11-16T02:41:22.838+0000] {dag.py:2941} INFO - Sync 1 DAGs
[2025-11-16T02:41:22.855+0000] {logging_mixin.py:154} INFO - [2025-11-16T02:41:22.855+0000] {dag.py:3722} INFO - Setting next_dagrun for sodai_drinks_production_pipeline to 2025-11-09T00:00:00+00:00, run_after=2025-11-16T00:00:00+00:00
[2025-11-16T02:41:22.865+0000] {processor.py:179} INFO - Processing /opt/airflow/dags/pipeline_productivo.py took 1.477 seconds
[2025-11-16T02:41:53.088+0000] {processor.py:157} INFO - Started process (PID=19399) to work on /opt/airflow/dags/pipeline_productivo.py
[2025-11-16T02:41:53.089+0000] {processor.py:829} INFO - Processing file /opt/airflow/dags/pipeline_productivo.py for tasks to queue
[2025-11-16T02:41:53.089+0000] {logging_mixin.py:154} INFO - [2025-11-16T02:41:53.089+0000] {dagbag.py:536} INFO - Filling up the DagBag from /opt/airflow/dags/pipeline_productivo.py
[2025-11-16T02:41:54.377+0000] {processor.py:839} INFO - DAG(s) dict_keys(['sodai_drinks_production_pipeline']) retrieved from /opt/airflow/dags/pipeline_productivo.py
[2025-11-16T02:41:54.393+0000] {logging_mixin.py:154} INFO - [2025-11-16T02:41:54.392+0000] {dag.py:2941} INFO - Sync 1 DAGs
[2025-11-16T02:41:54.405+0000] {logging_mixin.py:154} INFO - [2025-11-16T02:41:54.405+0000] {dag.py:3722} INFO - Setting next_dagrun for sodai_drinks_production_pipeline to 2025-11-09T00:00:00+00:00, run_after=2025-11-16T00:00:00+00:00
[2025-11-16T02:41:54.415+0000] {processor.py:179} INFO - Processing /opt/airflow/dags/pipeline_productivo.py took 1.330 seconds
[2025-11-16T02:42:24.931+0000] {processor.py:157} INFO - Started process (PID=19468) to work on /opt/airflow/dags/pipeline_productivo.py
[2025-11-16T02:42:24.931+0000] {processor.py:829} INFO - Processing file /opt/airflow/dags/pipeline_productivo.py for tasks to queue
[2025-11-16T02:42:24.931+0000] {logging_mixin.py:154} INFO - [2025-11-16T02:42:24.931+0000] {dagbag.py:536} INFO - Filling up the DagBag from /opt/airflow/dags/pipeline_productivo.py
[2025-11-16T02:42:26.268+0000] {processor.py:839} INFO - DAG(s) dict_keys(['sodai_drinks_production_pipeline']) retrieved from /opt/airflow/dags/pipeline_productivo.py
[2025-11-16T02:42:26.291+0000] {logging_mixin.py:154} INFO - [2025-11-16T02:42:26.291+0000] {dag.py:2941} INFO - Sync 1 DAGs
[2025-11-16T02:42:26.307+0000] {logging_mixin.py:154} INFO - [2025-11-16T02:42:26.307+0000] {dag.py:3722} INFO - Setting next_dagrun for sodai_drinks_production_pipeline to 2025-11-09T00:00:00+00:00, run_after=2025-11-16T00:00:00+00:00
[2025-11-16T02:42:26.318+0000] {processor.py:179} INFO - Processing /opt/airflow/dags/pipeline_productivo.py took 1.389 seconds
[2025-11-16T02:42:57.271+0000] {processor.py:157} INFO - Started process (PID=19539) to work on /opt/airflow/dags/pipeline_productivo.py
[2025-11-16T02:42:57.272+0000] {processor.py:829} INFO - Processing file /opt/airflow/dags/pipeline_productivo.py for tasks to queue
[2025-11-16T02:42:57.272+0000] {logging_mixin.py:154} INFO - [2025-11-16T02:42:57.272+0000] {dagbag.py:536} INFO - Filling up the DagBag from /opt/airflow/dags/pipeline_productivo.py
[2025-11-16T02:42:58.632+0000] {processor.py:839} INFO - DAG(s) dict_keys(['sodai_drinks_production_pipeline']) retrieved from /opt/airflow/dags/pipeline_productivo.py
[2025-11-16T02:42:58.657+0000] {logging_mixin.py:154} INFO - [2025-11-16T02:42:58.657+0000] {dag.py:2941} INFO - Sync 1 DAGs
[2025-11-16T02:42:58.677+0000] {logging_mixin.py:154} INFO - [2025-11-16T02:42:58.677+0000] {dag.py:3722} INFO - Setting next_dagrun for sodai_drinks_production_pipeline to 2025-11-09T00:00:00+00:00, run_after=2025-11-16T00:00:00+00:00
[2025-11-16T02:42:58.691+0000] {processor.py:179} INFO - Processing /opt/airflow/dags/pipeline_productivo.py took 1.423 seconds
[2025-11-16T02:43:28.776+0000] {processor.py:157} INFO - Started process (PID=19598) to work on /opt/airflow/dags/pipeline_productivo.py
[2025-11-16T02:43:28.776+0000] {processor.py:829} INFO - Processing file /opt/airflow/dags/pipeline_productivo.py for tasks to queue
[2025-11-16T02:43:28.776+0000] {logging_mixin.py:154} INFO - [2025-11-16T02:43:28.776+0000] {dagbag.py:536} INFO - Filling up the DagBag from /opt/airflow/dags/pipeline_productivo.py
[2025-11-16T02:43:30.022+0000] {processor.py:839} INFO - DAG(s) dict_keys(['sodai_drinks_production_pipeline']) retrieved from /opt/airflow/dags/pipeline_productivo.py
[2025-11-16T02:43:30.039+0000] {logging_mixin.py:154} INFO - [2025-11-16T02:43:30.038+0000] {dag.py:2941} INFO - Sync 1 DAGs
[2025-11-16T02:43:30.050+0000] {logging_mixin.py:154} INFO - [2025-11-16T02:43:30.050+0000] {dag.py:3722} INFO - Setting next_dagrun for sodai_drinks_production_pipeline to 2025-11-09T00:00:00+00:00, run_after=2025-11-16T00:00:00+00:00
[2025-11-16T02:43:30.059+0000] {processor.py:179} INFO - Processing /opt/airflow/dags/pipeline_productivo.py took 1.286 seconds
[2025-11-16T02:44:00.155+0000] {processor.py:157} INFO - Started process (PID=19657) to work on /opt/airflow/dags/pipeline_productivo.py
[2025-11-16T02:44:00.156+0000] {processor.py:829} INFO - Processing file /opt/airflow/dags/pipeline_productivo.py for tasks to queue
[2025-11-16T02:44:00.157+0000] {logging_mixin.py:154} INFO - [2025-11-16T02:44:00.157+0000] {dagbag.py:536} INFO - Filling up the DagBag from /opt/airflow/dags/pipeline_productivo.py
[2025-11-16T02:44:01.435+0000] {processor.py:839} INFO - DAG(s) dict_keys(['sodai_drinks_production_pipeline']) retrieved from /opt/airflow/dags/pipeline_productivo.py
[2025-11-16T02:44:01.450+0000] {logging_mixin.py:154} INFO - [2025-11-16T02:44:01.450+0000] {dag.py:2941} INFO - Sync 1 DAGs
[2025-11-16T02:44:01.461+0000] {logging_mixin.py:154} INFO - [2025-11-16T02:44:01.461+0000] {dag.py:3722} INFO - Setting next_dagrun for sodai_drinks_production_pipeline to 2025-11-09T00:00:00+00:00, run_after=2025-11-16T00:00:00+00:00
[2025-11-16T02:44:01.470+0000] {processor.py:179} INFO - Processing /opt/airflow/dags/pipeline_productivo.py took 1.317 seconds
[2025-11-16T02:44:31.533+0000] {processor.py:157} INFO - Started process (PID=19716) to work on /opt/airflow/dags/pipeline_productivo.py
[2025-11-16T02:44:31.533+0000] {processor.py:829} INFO - Processing file /opt/airflow/dags/pipeline_productivo.py for tasks to queue
[2025-11-16T02:44:31.534+0000] {logging_mixin.py:154} INFO - [2025-11-16T02:44:31.534+0000] {dagbag.py:536} INFO - Filling up the DagBag from /opt/airflow/dags/pipeline_productivo.py
[2025-11-16T02:44:32.816+0000] {processor.py:839} INFO - DAG(s) dict_keys(['sodai_drinks_production_pipeline']) retrieved from /opt/airflow/dags/pipeline_productivo.py
[2025-11-16T02:44:32.830+0000] {logging_mixin.py:154} INFO - [2025-11-16T02:44:32.830+0000] {dag.py:2941} INFO - Sync 1 DAGs
[2025-11-16T02:44:32.842+0000] {logging_mixin.py:154} INFO - [2025-11-16T02:44:32.841+0000] {dag.py:3722} INFO - Setting next_dagrun for sodai_drinks_production_pipeline to 2025-11-09T00:00:00+00:00, run_after=2025-11-16T00:00:00+00:00
[2025-11-16T02:44:32.851+0000] {processor.py:179} INFO - Processing /opt/airflow/dags/pipeline_productivo.py took 1.321 seconds
[2025-11-16T02:45:02.946+0000] {processor.py:157} INFO - Started process (PID=19775) to work on /opt/airflow/dags/pipeline_productivo.py
[2025-11-16T02:45:02.946+0000] {processor.py:829} INFO - Processing file /opt/airflow/dags/pipeline_productivo.py for tasks to queue
[2025-11-16T02:45:02.947+0000] {logging_mixin.py:154} INFO - [2025-11-16T02:45:02.947+0000] {dagbag.py:536} INFO - Filling up the DagBag from /opt/airflow/dags/pipeline_productivo.py
[2025-11-16T02:45:04.349+0000] {processor.py:839} INFO - DAG(s) dict_keys(['sodai_drinks_production_pipeline']) retrieved from /opt/airflow/dags/pipeline_productivo.py
[2025-11-16T02:45:04.365+0000] {logging_mixin.py:154} INFO - [2025-11-16T02:45:04.364+0000] {dag.py:2941} INFO - Sync 1 DAGs
[2025-11-16T02:45:04.377+0000] {logging_mixin.py:154} INFO - [2025-11-16T02:45:04.377+0000] {dag.py:3722} INFO - Setting next_dagrun for sodai_drinks_production_pipeline to 2025-11-09T00:00:00+00:00, run_after=2025-11-16T00:00:00+00:00
[2025-11-16T02:45:04.386+0000] {processor.py:179} INFO - Processing /opt/airflow/dags/pipeline_productivo.py took 1.443 seconds
[2025-11-16T02:45:35.000+0000] {processor.py:157} INFO - Started process (PID=19834) to work on /opt/airflow/dags/pipeline_productivo.py
[2025-11-16T02:45:35.001+0000] {processor.py:829} INFO - Processing file /opt/airflow/dags/pipeline_productivo.py for tasks to queue
[2025-11-16T02:45:35.002+0000] {logging_mixin.py:154} INFO - [2025-11-16T02:45:35.001+0000] {dagbag.py:536} INFO - Filling up the DagBag from /opt/airflow/dags/pipeline_productivo.py
[2025-11-16T02:45:36.346+0000] {processor.py:839} INFO - DAG(s) dict_keys(['sodai_drinks_production_pipeline']) retrieved from /opt/airflow/dags/pipeline_productivo.py
[2025-11-16T02:45:36.362+0000] {logging_mixin.py:154} INFO - [2025-11-16T02:45:36.362+0000] {dag.py:2941} INFO - Sync 1 DAGs
[2025-11-16T02:45:36.374+0000] {logging_mixin.py:154} INFO - [2025-11-16T02:45:36.374+0000] {dag.py:3722} INFO - Setting next_dagrun for sodai_drinks_production_pipeline to 2025-11-09T00:00:00+00:00, run_after=2025-11-16T00:00:00+00:00
[2025-11-16T02:45:36.383+0000] {processor.py:179} INFO - Processing /opt/airflow/dags/pipeline_productivo.py took 1.385 seconds
[2025-11-16T02:46:06.490+0000] {processor.py:157} INFO - Started process (PID=19886) to work on /opt/airflow/dags/pipeline_productivo.py
[2025-11-16T02:46:06.490+0000] {processor.py:829} INFO - Processing file /opt/airflow/dags/pipeline_productivo.py for tasks to queue
[2025-11-16T02:46:06.491+0000] {logging_mixin.py:154} INFO - [2025-11-16T02:46:06.491+0000] {dagbag.py:536} INFO - Filling up the DagBag from /opt/airflow/dags/pipeline_productivo.py
[2025-11-16T02:46:07.819+0000] {processor.py:839} INFO - DAG(s) dict_keys(['sodai_drinks_production_pipeline']) retrieved from /opt/airflow/dags/pipeline_productivo.py
[2025-11-16T02:46:07.836+0000] {logging_mixin.py:154} INFO - [2025-11-16T02:46:07.836+0000] {dag.py:2941} INFO - Sync 1 DAGs
[2025-11-16T02:46:07.851+0000] {logging_mixin.py:154} INFO - [2025-11-16T02:46:07.851+0000] {dag.py:3722} INFO - Setting next_dagrun for sodai_drinks_production_pipeline to 2025-11-09T00:00:00+00:00, run_after=2025-11-16T00:00:00+00:00
[2025-11-16T02:46:07.861+0000] {processor.py:179} INFO - Processing /opt/airflow/dags/pipeline_productivo.py took 1.374 seconds
[2025-11-16T02:46:37.950+0000] {processor.py:157} INFO - Started process (PID=19945) to work on /opt/airflow/dags/pipeline_productivo.py
[2025-11-16T02:46:37.951+0000] {processor.py:829} INFO - Processing file /opt/airflow/dags/pipeline_productivo.py for tasks to queue
[2025-11-16T02:46:37.952+0000] {logging_mixin.py:154} INFO - [2025-11-16T02:46:37.952+0000] {dagbag.py:536} INFO - Filling up the DagBag from /opt/airflow/dags/pipeline_productivo.py
[2025-11-16T02:46:37.144+0000] {processor.py:839} INFO - DAG(s) dict_keys(['sodai_drinks_production_pipeline']) retrieved from /opt/airflow/dags/pipeline_productivo.py
[2025-11-16T02:46:37.160+0000] {logging_mixin.py:154} INFO - [2025-11-16T02:46:37.160+0000] {dag.py:2941} INFO - Sync 1 DAGs
[2025-11-16T02:46:37.172+0000] {logging_mixin.py:154} INFO - [2025-11-16T02:46:37.172+0000] {dag.py:3722} INFO - Setting next_dagrun for sodai_drinks_production_pipeline to 2025-11-09T00:00:00+00:00, run_after=2025-11-16T00:00:00+00:00
[2025-11-16T02:46:37.182+0000] {processor.py:179} INFO - Processing /opt/airflow/dags/pipeline_productivo.py took 1.365 seconds
[2025-11-16T02:47:07.273+0000] {processor.py:157} INFO - Started process (PID=20004) to work on /opt/airflow/dags/pipeline_productivo.py
[2025-11-16T02:47:07.275+0000] {processor.py:829} INFO - Processing file /opt/airflow/dags/pipeline_productivo.py for tasks to queue
[2025-11-16T02:47:07.275+0000] {logging_mixin.py:154} INFO - [2025-11-16T02:47:07.275+0000] {dagbag.py:536} INFO - Filling up the DagBag from /opt/airflow/dags/pipeline_productivo.py
[2025-11-16T02:47:08.688+0000] {processor.py:839} INFO - DAG(s) dict_keys(['sodai_drinks_production_pipeline']) retrieved from /opt/airflow/dags/pipeline_productivo.py
[2025-11-16T02:47:08.707+0000] {logging_mixin.py:154} INFO - [2025-11-16T02:47:08.706+0000] {dag.py:2941} INFO - Sync 1 DAGs
[2025-11-16T02:47:08.721+0000] {logging_mixin.py:154} INFO - [2025-11-16T02:47:08.721+0000] {dag.py:3722} INFO - Setting next_dagrun for sodai_drinks_production_pipeline to 2025-11-09T00:00:00+00:00, run_after=2025-11-16T00:00:00+00:00
[2025-11-16T02:47:08.733+0000] {processor.py:179} INFO - Processing /opt/airflow/dags/pipeline_productivo.py took 1.462 seconds
[2025-11-16T02:47:38.815+0000] {processor.py:157} INFO - Started process (PID=20063) to work on /opt/airflow/dags/pipeline_productivo.py
[2025-11-16T02:47:38.816+0000] {processor.py:829} INFO - Processing file /opt/airflow/dags/pipeline_productivo.py for tasks to queue
[2025-11-16T02:47:38.816+0000] {logging_mixin.py:154} INFO - [2025-11-16T02:47:38.816+0000] {dagbag.py:536} INFO - Filling up the DagBag from /opt/airflow/dags/pipeline_productivo.py
[2025-11-16T02:47:40.108+0000] {processor.py:839} INFO - DAG(s) dict_keys(['sodai_drinks_production_pipeline']) retrieved from /opt/airflow/dags/pipeline_productivo.py
[2025-11-16T02:47:40.123+0000] {logging_mixin.py:154} INFO - [2025-11-16T02:47:40.123+0000] {dag.py:2941} INFO - Sync 1 DAGs
[2025-11-16T02:47:40.135+0000] {logging_mixin.py:154} INFO - [2025-11-16T02:47:40.135+0000] {dag.py:3722} INFO - Setting next_dagrun for sodai_drinks_production_pipeline to 2025-11-09T00:00:00+00:00, run_after=2025-11-16T00:00:00+00:00
[2025-11-16T02:47:40.145+0000] {processor.py:179} INFO - Processing /opt/airflow/dags/pipeline_productivo.py took 1.333 seconds
[2025-11-16T02:48:10.226+0000] {processor.py:157} INFO - Started process (PID=20122) to work on /opt/airflow/dags/pipeline_productivo.py
[2025-11-16T02:48:10.226+0000] {processor.py:829} INFO - Processing file /opt/airflow/dags/pipeline_productivo.py for tasks to queue
[2025-11-16T02:48:10.227+0000] {logging_mixin.py:154} INFO - [2025-11-16T02:48:10.227+0000] {dagbag.py:536} INFO - Filling up the DagBag from /opt/airflow/dags/pipeline_productivo.py
[2025-11-16T02:48:11.487+0000] {processor.py:839} INFO - DAG(s) dict_keys(['sodai_drinks_production_pipeline']) retrieved from /opt/airflow/dags/pipeline_productivo.py
[2025-11-16T02:48:11.503+0000] {logging_mixin.py:154} INFO - [2025-11-16T02:48:11.502+0000] {dag.py:2941} INFO - Sync 1 DAGs
[2025-11-16T02:48:11.514+0000] {logging_mixin.py:154} INFO - [2025-11-16T02:48:11.514+0000] {dag.py:3722} INFO - Setting next_dagrun for sodai_drinks_production_pipeline to 2025-11-09T00:00:00+00:00, run_after=2025-11-16T00:00:00+00:00
[2025-11-16T02:48:11.523+0000] {processor.py:179} INFO - Processing /opt/airflow/dags/pipeline_productivo.py took 1.300 seconds
[2025-11-16T02:48:42.542+0000] {processor.py:157} INFO - Started process (PID=20181) to work on /opt/airflow/dags/pipeline_productivo.py
[2025-11-16T02:48:42.542+0000] {processor.py:829} INFO - Processing file /opt/airflow/dags/pipeline_productivo.py for tasks to queue
[2025-11-16T02:48:42.543+0000] {logging_mixin.py:154} INFO - [2025-11-16T02:48:42.543+0000] {dagbag.py:536} INFO - Filling up the DagBag from /opt/airflow/dags/pipeline_productivo.py
[2025-11-16T02:48:43.803+0000] {processor.py:839} INFO - DAG(s) dict_keys(['sodai_drinks_production_pipeline']) retrieved from /opt/airflow/dags/pipeline_productivo.py
[2025-11-16T02:48:43.819+0000] {logging_mixin.py:154} INFO - [2025-11-16T02:48:43.819+0000] {dag.py:2941} INFO - Sync 1 DAGs
[2025-11-16T02:48:43.831+0000] {logging_mixin.py:154} INFO - [2025-11-16T02:48:43.831+0000] {dag.py:3722} INFO - Setting next_dagrun for sodai_drinks_production_pipeline to 2025-11-09T00:00:00+00:00, run_after=2025-11-16T00:00:00+00:00
[2025-11-16T02:48:43.855+0000] {processor.py:179} INFO - Processing /opt/airflow/dags/pipeline_productivo.py took 1.315 seconds
[2025-11-16T02:49:13.939+0000] {processor.py:157} INFO - Started process (PID=20240) to work on /opt/airflow/dags/pipeline_productivo.py
[2025-11-16T02:49:13.940+0000] {processor.py:829} INFO - Processing file /opt/airflow/dags/pipeline_productivo.py for tasks to queue
[2025-11-16T02:49:13.940+0000] {logging_mixin.py:154} INFO - [2025-11-16T02:49:13.940+0000] {dagbag.py:536} INFO - Filling up the DagBag from /opt/airflow/dags/pipeline_productivo.py
[2025-11-16T02:49:15.231+0000] {processor.py:839} INFO - DAG(s) dict_keys(['sodai_drinks_production_pipeline']) retrieved from /opt/airflow/dags/pipeline_productivo.py
[2025-11-16T02:49:15.247+0000] {logging_mixin.py:154} INFO - [2025-11-16T02:49:15.247+0000] {dag.py:2941} INFO - Sync 1 DAGs
[2025-11-16T02:49:15.258+0000] {logging_mixin.py:154} INFO - [2025-11-16T02:49:15.258+0000] {dag.py:3722} INFO - Setting next_dagrun for sodai_drinks_production_pipeline to 2025-11-09T00:00:00+00:00, run_after=2025-11-16T00:00:00+00:00
[2025-11-16T02:49:15.268+0000] {processor.py:179} INFO - Processing /opt/airflow/dags/pipeline_productivo.py took 1.332 seconds
[2025-11-16T02:49:46.302+0000] {processor.py:157} INFO - Started process (PID=20299) to work on /opt/airflow/dags/pipeline_productivo.py
[2025-11-16T02:49:46.302+0000] {processor.py:829} INFO - Processing file /opt/airflow/dags/pipeline_productivo.py for tasks to queue
[2025-11-16T02:49:46.303+0000] {logging_mixin.py:154} INFO - [2025-11-16T02:49:46.302+0000] {dagbag.py:536} INFO - Filling up the DagBag from /opt/airflow/dags/pipeline_productivo.py
[2025-11-16T02:49:47.644+0000] {processor.py:839} INFO - DAG(s) dict_keys(['sodai_drinks_production_pipeline']) retrieved from /opt/airflow/dags/pipeline_productivo.py
[2025-11-16T02:49:47.660+0000] {logging_mixin.py:154} INFO - [2025-11-16T02:49:47.660+0000] {dag.py:2941} INFO - Sync 1 DAGs
[2025-11-16T02:49:47.673+0000] {logging_mixin.py:154} INFO - [2025-11-16T02:49:47.673+0000] {dag.py:3722} INFO - Setting next_dagrun for sodai_drinks_production_pipeline to 2025-11-09T00:00:00+00:00, run_after=2025-11-16T00:00:00+00:00
[2025-11-16T02:49:47.683+0000] {processor.py:179} INFO - Processing /opt/airflow/dags/pipeline_productivo.py took 1.383 seconds
[2025-11-16T02:50:17.811+0000] {processor.py:157} INFO - Started process (PID=20358) to work on /opt/airflow/dags/pipeline_productivo.py
[2025-11-16T02:50:17.812+0000] {processor.py:829} INFO - Processing file /opt/airflow/dags/pipeline_productivo.py for tasks to queue
[2025-11-16T02:50:17.812+0000] {logging_mixin.py:154} INFO - [2025-11-16T02:50:17.812+0000] {dagbag.py:536} INFO - Filling up the DagBag from /opt/airflow/dags/pipeline_productivo.py
[2025-11-16T02:50:19.161+0000] {processor.py:839} INFO - DAG(s) dict_keys(['sodai_drinks_production_pipeline']) retrieved from /opt/airflow/dags/pipeline_productivo.py
[2025-11-16T02:50:19.179+0000] {logging_mixin.py:154} INFO - [2025-11-16T02:50:19.178+0000] {dag.py:2941} INFO - Sync 1 DAGs
[2025-11-16T02:50:19.195+0000] {logging_mixin.py:154} INFO - [2025-11-16T02:50:19.195+0000] {dag.py:3722} INFO - Setting next_dagrun for sodai_drinks_production_pipeline to 2025-11-09T00:00:00+00:00, run_after=2025-11-16T00:00:00+00:00
[2025-11-16T02:50:19.207+0000] {processor.py:179} INFO - Processing /opt/airflow/dags/pipeline_productivo.py took 1.398 seconds
[2025-11-16T02:50:50.127+0000] {processor.py:157} INFO - Started process (PID=20424) to work on /opt/airflow/dags/pipeline_productivo.py
[2025-11-16T02:50:50.127+0000] {processor.py:829} INFO - Processing file /opt/airflow/dags/pipeline_productivo.py for tasks to queue
[2025-11-16T02:50:50.128+0000] {logging_mixin.py:154} INFO - [2025-11-16T02:50:50.128+0000] {dagbag.py:536} INFO - Filling up the DagBag from /opt/airflow/dags/pipeline_productivo.py
[2025-11-16T02:50:51.665+0000] {processor.py:839} INFO - DAG(s) dict_keys(['sodai_drinks_production_pipeline']) retrieved from /opt/airflow/dags/pipeline_productivo.py
[2025-11-16T02:50:51.680+0000] {logging_mixin.py:154} INFO - [2025-11-16T02:50:51.680+0000] {dag.py:2941} INFO - Sync 1 DAGs
[2025-11-16T02:50:51.691+0000] {logging_mixin.py:154} INFO - [2025-11-16T02:50:51.691+0000] {dag.py:3722} INFO - Setting next_dagrun for sodai_drinks_production_pipeline to 2025-11-09T00:00:00+00:00, run_after=2025-11-16T00:00:00+00:00
[2025-11-16T02:50:51.701+0000] {processor.py:179} INFO - Processing /opt/airflow/dags/pipeline_productivo.py took 1.576 seconds
[2025-11-16T02:51:22.740+0000] {processor.py:157} INFO - Started process (PID=20483) to work on /opt/airflow/dags/pipeline_productivo.py
[2025-11-16T02:51:22.742+0000] {processor.py:829} INFO - Processing file /opt/airflow/dags/pipeline_productivo.py for tasks to queue
[2025-11-16T02:51:22.742+0000] {logging_mixin.py:154} INFO - [2025-11-16T02:51:22.742+0000] {dagbag.py:536} INFO - Filling up the DagBag from /opt/airflow/dags/pipeline_productivo.py
[2025-11-16T02:51:24.081+0000] {processor.py:839} INFO - DAG(s) dict_keys(['sodai_drinks_production_pipeline']) retrieved from /opt/airflow/dags/pipeline_productivo.py
[2025-11-16T02:51:24.095+0000] {logging_mixin.py:154} INFO - [2025-11-16T02:51:24.095+0000] {dag.py:2941} INFO - Sync 1 DAGs
[2025-11-16T02:51:24.106+0000] {logging_mixin.py:154} INFO - [2025-11-16T02:51:24.106+0000] {dag.py:3722} INFO - Setting next_dagrun for sodai_drinks_production_pipeline to 2025-11-09T00:00:00+00:00, run_after=2025-11-16T00:00:00+00:00
[2025-11-16T02:51:24.116+0000] {processor.py:179} INFO - Processing /opt/airflow/dags/pipeline_productivo.py took 1.378 seconds
[2025-11-16T02:51:54.245+0000] {processor.py:157} INFO - Started process (PID=20535) to work on /opt/airflow/dags/pipeline_productivo.py
[2025-11-16T02:51:54.245+0000] {processor.py:829} INFO - Processing file /opt/airflow/dags/pipeline_productivo.py for tasks to queue
[2025-11-16T02:51:54.246+0000] {logging_mixin.py:154} INFO - [2025-11-16T02:51:54.245+0000] {dagbag.py:536} INFO - Filling up the DagBag from /opt/airflow/dags/pipeline_productivo.py
[2025-11-16T02:51:55.582+0000] {processor.py:839} INFO - DAG(s) dict_keys(['sodai_drinks_production_pipeline']) retrieved from /opt/airflow/dags/pipeline_productivo.py
[2025-11-16T02:51:55.598+0000] {logging_mixin.py:154} INFO - [2025-11-16T02:51:55.598+0000] {dag.py:2941} INFO - Sync 1 DAGs
[2025-11-16T02:51:55.611+0000] {logging_mixin.py:154} INFO - [2025-11-16T02:51:55.611+0000] {dag.py:3722} INFO - Setting next_dagrun for sodai_drinks_production_pipeline to 2025-11-09T00:00:00+00:00, run_after=2025-11-16T00:00:00+00:00
[2025-11-16T02:51:55.621+0000] {processor.py:179} INFO - Processing /opt/airflow/dags/pipeline_productivo.py took 1.379 seconds
[2025-11-16T02:52:25.677+0000] {processor.py:157} INFO - Started process (PID=20594) to work on /opt/airflow/dags/pipeline_productivo.py
[2025-11-16T02:52:25.677+0000] {processor.py:829} INFO - Processing file /opt/airflow/dags/pipeline_productivo.py for tasks to queue
[2025-11-16T02:52:25.678+0000] {logging_mixin.py:154} INFO - [2025-11-16T02:52:25.678+0000] {dagbag.py:536} INFO - Filling up the DagBag from /opt/airflow/dags/pipeline_productivo.py
[2025-11-16T02:52:27.027+0000] {processor.py:839} INFO - DAG(s) dict_keys(['sodai_drinks_production_pipeline']) retrieved from /opt/airflow/dags/pipeline_productivo.py
[2025-11-16T02:52:27.044+0000] {logging_mixin.py:154} INFO - [2025-11-16T02:52:27.044+0000] {dag.py:2941} INFO - Sync 1 DAGs
[2025-11-16T02:52:27.056+0000] {logging_mixin.py:154} INFO - [2025-11-16T02:52:27.056+0000] {dag.py:3722} INFO - Setting next_dagrun for sodai_drinks_production_pipeline to 2025-11-09T00:00:00+00:00, run_after=2025-11-16T00:00:00+00:00
[2025-11-16T02:52:27.067+0000] {processor.py:179} INFO - Processing /opt/airflow/dags/pipeline_productivo.py took 1.393 seconds
[2025-11-16T02:52:57.180+0000] {processor.py:157} INFO - Started process (PID=20653) to work on /opt/airflow/dags/pipeline_productivo.py
[2025-11-16T02:52:57.181+0000] {processor.py:829} INFO - Processing file /opt/airflow/dags/pipeline_productivo.py for tasks to queue
[2025-11-16T02:52:57.182+0000] {logging_mixin.py:154} INFO - [2025-11-16T02:52:57.182+0000] {dagbag.py:536} INFO - Filling up the DagBag from /opt/airflow/dags/pipeline_productivo.py
[2025-11-16T02:52:58.508+0000] {processor.py:839} INFO - DAG(s) dict_keys(['sodai_drinks_production_pipeline']) retrieved from /opt/airflow/dags/pipeline_productivo.py
[2025-11-16T02:52:58.525+0000] {logging_mixin.py:154} INFO - [2025-11-16T02:52:58.524+0000] {dag.py:2941} INFO - Sync 1 DAGs
[2025-11-16T02:52:58.538+0000] {logging_mixin.py:154} INFO - [2025-11-16T02:52:58.538+0000] {dag.py:3722} INFO - Setting next_dagrun for sodai_drinks_production_pipeline to 2025-11-09T00:00:00+00:00, run_after=2025-11-16T00:00:00+00:00
[2025-11-16T02:52:58.548+0000] {processor.py:179} INFO - Processing /opt/airflow/dags/pipeline_productivo.py took 1.371 seconds
[2025-11-16T02:53:28.644+0000] {processor.py:157} INFO - Started process (PID=20712) to work on /opt/airflow/dags/pipeline_productivo.py
[2025-11-16T02:53:28.645+0000] {processor.py:829} INFO - Processing file /opt/airflow/dags/pipeline_productivo.py for tasks to queue
[2025-11-16T02:53:28.645+0000] {logging_mixin.py:154} INFO - [2025-11-16T02:53:28.645+0000] {dagbag.py:536} INFO - Filling up the DagBag from /opt/airflow/dags/pipeline_productivo.py
[2025-11-16T02:53:30.027+0000] {processor.py:839} INFO - DAG(s) dict_keys(['sodai_drinks_production_pipeline']) retrieved from /opt/airflow/dags/pipeline_productivo.py
[2025-11-16T02:53:30.043+0000] {logging_mixin.py:154} INFO - [2025-11-16T02:53:30.043+0000] {dag.py:2941} INFO - Sync 1 DAGs
[2025-11-16T02:53:30.057+0000] {logging_mixin.py:154} INFO - [2025-11-16T02:53:30.057+0000] {dag.py:3722} INFO - Setting next_dagrun for sodai_drinks_production_pipeline to 2025-11-09T00:00:00+00:00, run_after=2025-11-16T00:00:00+00:00
[2025-11-16T02:53:30.068+0000] {processor.py:179} INFO - Processing /opt/airflow/dags/pipeline_productivo.py took 1.427 seconds
[2025-11-16T02:54:00.143+0000] {processor.py:157} INFO - Started process (PID=20771) to work on /opt/airflow/dags/pipeline_productivo.py
[2025-11-16T02:54:00.144+0000] {processor.py:829} INFO - Processing file /opt/airflow/dags/pipeline_productivo.py for tasks to queue
[2025-11-16T02:54:00.144+0000] {logging_mixin.py:154} INFO - [2025-11-16T02:54:00.144+0000] {dagbag.py:536} INFO - Filling up the DagBag from /opt/airflow/dags/pipeline_productivo.py
[2025-11-16T02:54:01.472+0000] {processor.py:839} INFO - DAG(s) dict_keys(['sodai_drinks_production_pipeline']) retrieved from /opt/airflow/dags/pipeline_productivo.py
[2025-11-16T02:54:01.488+0000] {logging_mixin.py:154} INFO - [2025-11-16T02:54:01.488+0000] {dag.py:2941} INFO - Sync 1 DAGs
[2025-11-16T02:54:01.499+0000] {logging_mixin.py:154} INFO - [2025-11-16T02:54:01.499+0000] {dag.py:3722} INFO - Setting next_dagrun for sodai_drinks_production_pipeline to 2025-11-09T00:00:00+00:00, run_after=2025-11-16T00:00:00+00:00
[2025-11-16T02:54:01.509+0000] {processor.py:179} INFO - Processing /opt/airflow/dags/pipeline_productivo.py took 1.368 seconds
[2025-11-16T02:54:31.621+0000] {processor.py:157} INFO - Started process (PID=20830) to work on /opt/airflow/dags/pipeline_productivo.py
[2025-11-16T02:54:31.623+0000] {processor.py:829} INFO - Processing file /opt/airflow/dags/pipeline_productivo.py for tasks to queue
[2025-11-16T02:54:31.624+0000] {logging_mixin.py:154} INFO - [2025-11-16T02:54:31.623+0000] {dagbag.py:536} INFO - Filling up the DagBag from /opt/airflow/dags/pipeline_productivo.py
[2025-11-16T02:54:30.703+0000] {processor.py:839} INFO - DAG(s) dict_keys(['sodai_drinks_production_pipeline']) retrieved from /opt/airflow/dags/pipeline_productivo.py
[2025-11-16T02:54:30.720+0000] {logging_mixin.py:154} INFO - [2025-11-16T02:54:30.719+0000] {dag.py:2941} INFO - Sync 1 DAGs
[2025-11-16T02:54:30.732+0000] {logging_mixin.py:154} INFO - [2025-11-16T02:54:30.732+0000] {dag.py:3722} INFO - Setting next_dagrun for sodai_drinks_production_pipeline to 2025-11-09T00:00:00+00:00, run_after=2025-11-16T00:00:00+00:00
[2025-11-16T02:54:30.742+0000] {processor.py:179} INFO - Processing /opt/airflow/dags/pipeline_productivo.py took 1.330 seconds
[2025-11-16T02:55:01.780+0000] {processor.py:157} INFO - Started process (PID=20889) to work on /opt/airflow/dags/pipeline_productivo.py
[2025-11-16T02:55:01.780+0000] {processor.py:829} INFO - Processing file /opt/airflow/dags/pipeline_productivo.py for tasks to queue
[2025-11-16T02:55:01.781+0000] {logging_mixin.py:154} INFO - [2025-11-16T02:55:01.780+0000] {dagbag.py:536} INFO - Filling up the DagBag from /opt/airflow/dags/pipeline_productivo.py
[2025-11-16T02:55:03.533+0000] {processor.py:839} INFO - DAG(s) dict_keys(['sodai_drinks_production_pipeline']) retrieved from /opt/airflow/dags/pipeline_productivo.py
[2025-11-16T02:55:03.550+0000] {logging_mixin.py:154} INFO - [2025-11-16T02:55:03.550+0000] {dag.py:2941} INFO - Sync 1 DAGs
[2025-11-16T02:55:03.564+0000] {logging_mixin.py:154} INFO - [2025-11-16T02:55:03.564+0000] {dag.py:3722} INFO - Setting next_dagrun for sodai_drinks_production_pipeline to 2025-11-09T00:00:00+00:00, run_after=2025-11-16T00:00:00+00:00
[2025-11-16T02:55:03.573+0000] {processor.py:179} INFO - Processing /opt/airflow/dags/pipeline_productivo.py took 1.796 seconds
[2025-11-16T02:55:34.251+0000] {processor.py:157} INFO - Started process (PID=20949) to work on /opt/airflow/dags/pipeline_productivo.py
[2025-11-16T02:55:34.252+0000] {processor.py:829} INFO - Processing file /opt/airflow/dags/pipeline_productivo.py for tasks to queue
[2025-11-16T02:55:34.252+0000] {logging_mixin.py:154} INFO - [2025-11-16T02:55:34.252+0000] {dagbag.py:536} INFO - Filling up the DagBag from /opt/airflow/dags/pipeline_productivo.py
[2025-11-16T02:55:35.660+0000] {processor.py:839} INFO - DAG(s) dict_keys(['sodai_drinks_production_pipeline']) retrieved from /opt/airflow/dags/pipeline_productivo.py
[2025-11-16T02:55:35.676+0000] {logging_mixin.py:154} INFO - [2025-11-16T02:55:35.676+0000] {dag.py:2941} INFO - Sync 1 DAGs
[2025-11-16T02:55:35.688+0000] {logging_mixin.py:154} INFO - [2025-11-16T02:55:35.688+0000] {dag.py:3722} INFO - Setting next_dagrun for sodai_drinks_production_pipeline to 2025-11-09T00:00:00+00:00, run_after=2025-11-16T00:00:00+00:00
[2025-11-16T02:55:35.698+0000] {processor.py:179} INFO - Processing /opt/airflow/dags/pipeline_productivo.py took 1.450 seconds
[2025-11-16T02:56:05.780+0000] {processor.py:157} INFO - Started process (PID=21024) to work on /opt/airflow/dags/pipeline_productivo.py
[2025-11-16T02:56:05.782+0000] {processor.py:829} INFO - Processing file /opt/airflow/dags/pipeline_productivo.py for tasks to queue
[2025-11-16T02:56:05.782+0000] {logging_mixin.py:154} INFO - [2025-11-16T02:56:05.782+0000] {dagbag.py:536} INFO - Filling up the DagBag from /opt/airflow/dags/pipeline_productivo.py
[2025-11-16T02:56:07.584+0000] {processor.py:839} INFO - DAG(s) dict_keys(['sodai_drinks_production_pipeline']) retrieved from /opt/airflow/dags/pipeline_productivo.py
[2025-11-16T02:56:07.610+0000] {logging_mixin.py:154} INFO - [2025-11-16T02:56:07.609+0000] {dag.py:2941} INFO - Sync 1 DAGs
[2025-11-16T02:56:07.637+0000] {logging_mixin.py:154} INFO - [2025-11-16T02:56:07.637+0000] {dag.py:3722} INFO - Setting next_dagrun for sodai_drinks_production_pipeline to 2025-11-09T00:00:00+00:00, run_after=2025-11-16T00:00:00+00:00
[2025-11-16T02:56:07.653+0000] {processor.py:179} INFO - Processing /opt/airflow/dags/pipeline_productivo.py took 1.877 seconds
[2025-11-16T02:56:38.218+0000] {processor.py:157} INFO - Started process (PID=21088) to work on /opt/airflow/dags/pipeline_productivo.py
[2025-11-16T02:56:38.219+0000] {processor.py:829} INFO - Processing file /opt/airflow/dags/pipeline_productivo.py for tasks to queue
[2025-11-16T02:56:38.219+0000] {logging_mixin.py:154} INFO - [2025-11-16T02:56:38.219+0000] {dagbag.py:536} INFO - Filling up the DagBag from /opt/airflow/dags/pipeline_productivo.py
[2025-11-16T02:56:39.756+0000] {processor.py:839} INFO - DAG(s) dict_keys(['sodai_drinks_production_pipeline']) retrieved from /opt/airflow/dags/pipeline_productivo.py
[2025-11-16T02:56:39.773+0000] {logging_mixin.py:154} INFO - [2025-11-16T02:56:39.772+0000] {dag.py:2941} INFO - Sync 1 DAGs
[2025-11-16T02:56:39.785+0000] {logging_mixin.py:154} INFO - [2025-11-16T02:56:39.785+0000] {dag.py:3722} INFO - Setting next_dagrun for sodai_drinks_production_pipeline to 2025-11-09T00:00:00+00:00, run_after=2025-11-16T00:00:00+00:00
[2025-11-16T02:56:39.795+0000] {processor.py:179} INFO - Processing /opt/airflow/dags/pipeline_productivo.py took 1.582 seconds
[2025-11-16T02:57:09.931+0000] {processor.py:157} INFO - Started process (PID=21147) to work on /opt/airflow/dags/pipeline_productivo.py
[2025-11-16T02:57:09.931+0000] {processor.py:829} INFO - Processing file /opt/airflow/dags/pipeline_productivo.py for tasks to queue
[2025-11-16T02:57:09.932+0000] {logging_mixin.py:154} INFO - [2025-11-16T02:57:09.932+0000] {dagbag.py:536} INFO - Filling up the DagBag from /opt/airflow/dags/pipeline_productivo.py
[2025-11-16T02:57:11.246+0000] {processor.py:839} INFO - DAG(s) dict_keys(['sodai_drinks_production_pipeline']) retrieved from /opt/airflow/dags/pipeline_productivo.py
[2025-11-16T02:57:11.262+0000] {logging_mixin.py:154} INFO - [2025-11-16T02:57:11.262+0000] {dag.py:2941} INFO - Sync 1 DAGs
[2025-11-16T02:57:11.274+0000] {logging_mixin.py:154} INFO - [2025-11-16T02:57:11.274+0000] {dag.py:3722} INFO - Setting next_dagrun for sodai_drinks_production_pipeline to 2025-11-09T00:00:00+00:00, run_after=2025-11-16T00:00:00+00:00
[2025-11-16T02:57:11.284+0000] {processor.py:179} INFO - Processing /opt/airflow/dags/pipeline_productivo.py took 1.355 seconds
[2025-11-16T02:57:41.571+0000] {processor.py:157} INFO - Started process (PID=21206) to work on /opt/airflow/dags/pipeline_productivo.py
[2025-11-16T02:57:41.572+0000] {processor.py:829} INFO - Processing file /opt/airflow/dags/pipeline_productivo.py for tasks to queue
[2025-11-16T02:57:41.572+0000] {logging_mixin.py:154} INFO - [2025-11-16T02:57:41.572+0000] {dagbag.py:536} INFO - Filling up the DagBag from /opt/airflow/dags/pipeline_productivo.py
[2025-11-16T02:57:42.908+0000] {processor.py:839} INFO - DAG(s) dict_keys(['sodai_drinks_production_pipeline']) retrieved from /opt/airflow/dags/pipeline_productivo.py
[2025-11-16T02:57:42.922+0000] {logging_mixin.py:154} INFO - [2025-11-16T02:57:42.922+0000] {dag.py:2941} INFO - Sync 1 DAGs
[2025-11-16T02:57:42.934+0000] {logging_mixin.py:154} INFO - [2025-11-16T02:57:42.934+0000] {dag.py:3722} INFO - Setting next_dagrun for sodai_drinks_production_pipeline to 2025-11-09T00:00:00+00:00, run_after=2025-11-16T00:00:00+00:00
[2025-11-16T02:57:42.943+0000] {processor.py:179} INFO - Processing /opt/airflow/dags/pipeline_productivo.py took 1.375 seconds
[2025-11-16T02:58:13.005+0000] {processor.py:157} INFO - Started process (PID=21265) to work on /opt/airflow/dags/pipeline_productivo.py
[2025-11-16T02:58:13.006+0000] {processor.py:829} INFO - Processing file /opt/airflow/dags/pipeline_productivo.py for tasks to queue
[2025-11-16T02:58:13.006+0000] {logging_mixin.py:154} INFO - [2025-11-16T02:58:13.006+0000] {dagbag.py:536} INFO - Filling up the DagBag from /opt/airflow/dags/pipeline_productivo.py
[2025-11-16T02:58:14.259+0000] {processor.py:839} INFO - DAG(s) dict_keys(['sodai_drinks_production_pipeline']) retrieved from /opt/airflow/dags/pipeline_productivo.py
[2025-11-16T02:58:14.275+0000] {logging_mixin.py:154} INFO - [2025-11-16T02:58:14.275+0000] {dag.py:2941} INFO - Sync 1 DAGs
[2025-11-16T02:58:14.286+0000] {logging_mixin.py:154} INFO - [2025-11-16T02:58:14.286+0000] {dag.py:3722} INFO - Setting next_dagrun for sodai_drinks_production_pipeline to 2025-11-09T00:00:00+00:00, run_after=2025-11-16T00:00:00+00:00
[2025-11-16T02:58:14.295+0000] {processor.py:179} INFO - Processing /opt/airflow/dags/pipeline_productivo.py took 1.292 seconds
[2025-11-16T02:58:44.894+0000] {processor.py:157} INFO - Started process (PID=21324) to work on /opt/airflow/dags/pipeline_productivo.py
[2025-11-16T02:58:44.895+0000] {processor.py:829} INFO - Processing file /opt/airflow/dags/pipeline_productivo.py for tasks to queue
[2025-11-16T02:58:44.896+0000] {logging_mixin.py:154} INFO - [2025-11-16T02:58:44.895+0000] {dagbag.py:536} INFO - Filling up the DagBag from /opt/airflow/dags/pipeline_productivo.py
[2025-11-16T02:58:46.122+0000] {processor.py:839} INFO - DAG(s) dict_keys(['sodai_drinks_production_pipeline']) retrieved from /opt/airflow/dags/pipeline_productivo.py
[2025-11-16T02:58:46.137+0000] {logging_mixin.py:154} INFO - [2025-11-16T02:58:46.137+0000] {dag.py:2941} INFO - Sync 1 DAGs
[2025-11-16T02:58:46.148+0000] {logging_mixin.py:154} INFO - [2025-11-16T02:58:46.148+0000] {dag.py:3722} INFO - Setting next_dagrun for sodai_drinks_production_pipeline to 2025-11-09T00:00:00+00:00, run_after=2025-11-16T00:00:00+00:00
[2025-11-16T02:58:46.157+0000] {processor.py:179} INFO - Processing /opt/airflow/dags/pipeline_productivo.py took 1.266 seconds
[2025-11-16T02:59:16.508+0000] {processor.py:157} INFO - Started process (PID=21383) to work on /opt/airflow/dags/pipeline_productivo.py
[2025-11-16T02:59:16.510+0000] {processor.py:829} INFO - Processing file /opt/airflow/dags/pipeline_productivo.py for tasks to queue
[2025-11-16T02:59:16.510+0000] {logging_mixin.py:154} INFO - [2025-11-16T02:59:16.510+0000] {dagbag.py:536} INFO - Filling up the DagBag from /opt/airflow/dags/pipeline_productivo.py
[2025-11-16T02:59:17.755+0000] {processor.py:839} INFO - DAG(s) dict_keys(['sodai_drinks_production_pipeline']) retrieved from /opt/airflow/dags/pipeline_productivo.py
[2025-11-16T02:59:17.771+0000] {logging_mixin.py:154} INFO - [2025-11-16T02:59:17.770+0000] {dag.py:2941} INFO - Sync 1 DAGs
[2025-11-16T02:59:17.782+0000] {logging_mixin.py:154} INFO - [2025-11-16T02:59:17.782+0000] {dag.py:3722} INFO - Setting next_dagrun for sodai_drinks_production_pipeline to 2025-11-09T00:00:00+00:00, run_after=2025-11-16T00:00:00+00:00
[2025-11-16T02:59:17.791+0000] {processor.py:179} INFO - Processing /opt/airflow/dags/pipeline_productivo.py took 1.285 seconds
[2025-11-16T02:59:48.651+0000] {processor.py:157} INFO - Started process (PID=21442) to work on /opt/airflow/dags/pipeline_productivo.py
[2025-11-16T02:59:48.652+0000] {processor.py:829} INFO - Processing file /opt/airflow/dags/pipeline_productivo.py for tasks to queue
[2025-11-16T02:59:48.652+0000] {logging_mixin.py:154} INFO - [2025-11-16T02:59:48.652+0000] {dagbag.py:536} INFO - Filling up the DagBag from /opt/airflow/dags/pipeline_productivo.py
[2025-11-16T02:59:49.877+0000] {processor.py:839} INFO - DAG(s) dict_keys(['sodai_drinks_production_pipeline']) retrieved from /opt/airflow/dags/pipeline_productivo.py
[2025-11-16T02:59:49.895+0000] {logging_mixin.py:154} INFO - [2025-11-16T02:59:49.895+0000] {dag.py:2941} INFO - Sync 1 DAGs
[2025-11-16T02:59:49.906+0000] {logging_mixin.py:154} INFO - [2025-11-16T02:59:49.906+0000] {dag.py:3722} INFO - Setting next_dagrun for sodai_drinks_production_pipeline to 2025-11-09T00:00:00+00:00, run_after=2025-11-16T00:00:00+00:00
[2025-11-16T02:59:49.916+0000] {processor.py:179} INFO - Processing /opt/airflow/dags/pipeline_productivo.py took 1.267 seconds
[2025-11-16T03:00:20.007+0000] {processor.py:157} INFO - Started process (PID=21503) to work on /opt/airflow/dags/pipeline_productivo.py
[2025-11-16T03:00:20.008+0000] {processor.py:829} INFO - Processing file /opt/airflow/dags/pipeline_productivo.py for tasks to queue
[2025-11-16T03:00:20.008+0000] {logging_mixin.py:154} INFO - [2025-11-16T03:00:20.008+0000] {dagbag.py:536} INFO - Filling up the DagBag from /opt/airflow/dags/pipeline_productivo.py
[2025-11-16T03:00:21.227+0000] {processor.py:839} INFO - DAG(s) dict_keys(['sodai_drinks_production_pipeline']) retrieved from /opt/airflow/dags/pipeline_productivo.py
[2025-11-16T03:00:21.244+0000] {logging_mixin.py:154} INFO - [2025-11-16T03:00:21.244+0000] {dag.py:2941} INFO - Sync 1 DAGs
[2025-11-16T03:00:21.258+0000] {logging_mixin.py:154} INFO - [2025-11-16T03:00:21.257+0000] {dag.py:3722} INFO - Setting next_dagrun for sodai_drinks_production_pipeline to 2025-11-09T00:00:00+00:00, run_after=2025-11-16T00:00:00+00:00
[2025-11-16T03:00:21.268+0000] {processor.py:179} INFO - Processing /opt/airflow/dags/pipeline_productivo.py took 1.264 seconds
[2025-11-16T03:00:52.011+0000] {processor.py:157} INFO - Started process (PID=21562) to work on /opt/airflow/dags/pipeline_productivo.py
[2025-11-16T03:00:52.013+0000] {processor.py:829} INFO - Processing file /opt/airflow/dags/pipeline_productivo.py for tasks to queue
[2025-11-16T03:00:52.015+0000] {logging_mixin.py:154} INFO - [2025-11-16T03:00:52.014+0000] {dagbag.py:536} INFO - Filling up the DagBag from /opt/airflow/dags/pipeline_productivo.py
[2025-11-16T03:00:53.696+0000] {processor.py:839} INFO - DAG(s) dict_keys(['sodai_drinks_production_pipeline']) retrieved from /opt/airflow/dags/pipeline_productivo.py
[2025-11-16T03:00:53.717+0000] {logging_mixin.py:154} INFO - [2025-11-16T03:00:53.717+0000] {dag.py:2941} INFO - Sync 1 DAGs
[2025-11-16T03:00:53.733+0000] {logging_mixin.py:154} INFO - [2025-11-16T03:00:53.733+0000] {dag.py:3722} INFO - Setting next_dagrun for sodai_drinks_production_pipeline to 2025-11-09T00:00:00+00:00, run_after=2025-11-16T00:00:00+00:00
[2025-11-16T03:00:53.746+0000] {processor.py:179} INFO - Processing /opt/airflow/dags/pipeline_productivo.py took 1.739 seconds
[2025-11-16T03:01:24.304+0000] {processor.py:157} INFO - Started process (PID=21621) to work on /opt/airflow/dags/pipeline_productivo.py
[2025-11-16T03:01:24.304+0000] {processor.py:829} INFO - Processing file /opt/airflow/dags/pipeline_productivo.py for tasks to queue
[2025-11-16T03:01:24.305+0000] {logging_mixin.py:154} INFO - [2025-11-16T03:01:24.305+0000] {dagbag.py:536} INFO - Filling up the DagBag from /opt/airflow/dags/pipeline_productivo.py
[2025-11-16T03:01:25.615+0000] {processor.py:839} INFO - DAG(s) dict_keys(['sodai_drinks_production_pipeline']) retrieved from /opt/airflow/dags/pipeline_productivo.py
[2025-11-16T03:01:25.633+0000] {logging_mixin.py:154} INFO - [2025-11-16T03:01:25.632+0000] {dag.py:2941} INFO - Sync 1 DAGs
[2025-11-16T03:01:25.647+0000] {logging_mixin.py:154} INFO - [2025-11-16T03:01:25.647+0000] {dag.py:3722} INFO - Setting next_dagrun for sodai_drinks_production_pipeline to 2025-11-09T00:00:00+00:00, run_after=2025-11-16T00:00:00+00:00
[2025-11-16T03:01:25.660+0000] {processor.py:179} INFO - Processing /opt/airflow/dags/pipeline_productivo.py took 1.359 seconds
[2025-11-16T03:01:56.434+0000] {processor.py:157} INFO - Started process (PID=21680) to work on /opt/airflow/dags/pipeline_productivo.py
[2025-11-16T03:01:56.435+0000] {processor.py:829} INFO - Processing file /opt/airflow/dags/pipeline_productivo.py for tasks to queue
[2025-11-16T03:01:56.435+0000] {logging_mixin.py:154} INFO - [2025-11-16T03:01:56.435+0000] {dagbag.py:536} INFO - Filling up the DagBag from /opt/airflow/dags/pipeline_productivo.py
[2025-11-16T03:01:55.494+0000] {processor.py:839} INFO - DAG(s) dict_keys(['sodai_drinks_production_pipeline']) retrieved from /opt/airflow/dags/pipeline_productivo.py
[2025-11-16T03:01:55.516+0000] {logging_mixin.py:154} INFO - [2025-11-16T03:01:55.516+0000] {dag.py:2941} INFO - Sync 1 DAGs
[2025-11-16T03:01:55.532+0000] {logging_mixin.py:154} INFO - [2025-11-16T03:01:55.532+0000] {dag.py:3722} INFO - Setting next_dagrun for sodai_drinks_production_pipeline to 2025-11-09T00:00:00+00:00, run_after=2025-11-16T00:00:00+00:00
[2025-11-16T03:01:55.544+0000] {processor.py:179} INFO - Processing /opt/airflow/dags/pipeline_productivo.py took 1.264 seconds
[2025-11-16T03:02:25.695+0000] {processor.py:157} INFO - Started process (PID=21739) to work on /opt/airflow/dags/pipeline_productivo.py
[2025-11-16T03:02:25.695+0000] {processor.py:829} INFO - Processing file /opt/airflow/dags/pipeline_productivo.py for tasks to queue
[2025-11-16T03:02:25.696+0000] {logging_mixin.py:154} INFO - [2025-11-16T03:02:25.695+0000] {dagbag.py:536} INFO - Filling up the DagBag from /opt/airflow/dags/pipeline_productivo.py
[2025-11-16T03:02:26.850+0000] {processor.py:839} INFO - DAG(s) dict_keys(['sodai_drinks_production_pipeline']) retrieved from /opt/airflow/dags/pipeline_productivo.py
[2025-11-16T03:02:26.866+0000] {logging_mixin.py:154} INFO - [2025-11-16T03:02:26.866+0000] {dag.py:2941} INFO - Sync 1 DAGs
[2025-11-16T03:02:26.878+0000] {logging_mixin.py:154} INFO - [2025-11-16T03:02:26.878+0000] {dag.py:3722} INFO - Setting next_dagrun for sodai_drinks_production_pipeline to 2025-11-09T00:00:00+00:00, run_after=2025-11-16T00:00:00+00:00
[2025-11-16T03:02:26.887+0000] {processor.py:179} INFO - Processing /opt/airflow/dags/pipeline_productivo.py took 1.195 seconds
[2025-11-16T03:02:57.733+0000] {processor.py:157} INFO - Started process (PID=21798) to work on /opt/airflow/dags/pipeline_productivo.py
[2025-11-16T03:02:57.734+0000] {processor.py:829} INFO - Processing file /opt/airflow/dags/pipeline_productivo.py for tasks to queue
[2025-11-16T03:02:57.735+0000] {logging_mixin.py:154} INFO - [2025-11-16T03:02:57.735+0000] {dagbag.py:536} INFO - Filling up the DagBag from /opt/airflow/dags/pipeline_productivo.py
[2025-11-16T03:02:59.041+0000] {processor.py:839} INFO - DAG(s) dict_keys(['sodai_drinks_production_pipeline']) retrieved from /opt/airflow/dags/pipeline_productivo.py
[2025-11-16T03:02:59.058+0000] {logging_mixin.py:154} INFO - [2025-11-16T03:02:59.058+0000] {dag.py:2941} INFO - Sync 1 DAGs
[2025-11-16T03:02:59.072+0000] {logging_mixin.py:154} INFO - [2025-11-16T03:02:59.072+0000] {dag.py:3722} INFO - Setting next_dagrun for sodai_drinks_production_pipeline to 2025-11-09T00:00:00+00:00, run_after=2025-11-16T00:00:00+00:00
[2025-11-16T03:02:59.082+0000] {processor.py:179} INFO - Processing /opt/airflow/dags/pipeline_productivo.py took 1.351 seconds
[2025-11-16T03:03:29.919+0000] {processor.py:157} INFO - Started process (PID=21857) to work on /opt/airflow/dags/pipeline_productivo.py
[2025-11-16T03:03:29.920+0000] {processor.py:829} INFO - Processing file /opt/airflow/dags/pipeline_productivo.py for tasks to queue
[2025-11-16T03:03:29.920+0000] {logging_mixin.py:154} INFO - [2025-11-16T03:03:29.920+0000] {dagbag.py:536} INFO - Filling up the DagBag from /opt/airflow/dags/pipeline_productivo.py
[2025-11-16T03:03:31.165+0000] {processor.py:839} INFO - DAG(s) dict_keys(['sodai_drinks_production_pipeline']) retrieved from /opt/airflow/dags/pipeline_productivo.py
[2025-11-16T03:03:31.182+0000] {logging_mixin.py:154} INFO - [2025-11-16T03:03:31.181+0000] {dag.py:2941} INFO - Sync 1 DAGs
[2025-11-16T03:03:31.194+0000] {logging_mixin.py:154} INFO - [2025-11-16T03:03:31.194+0000] {dag.py:3722} INFO - Setting next_dagrun for sodai_drinks_production_pipeline to 2025-11-09T00:00:00+00:00, run_after=2025-11-16T00:00:00+00:00
[2025-11-16T03:03:31.204+0000] {processor.py:179} INFO - Processing /opt/airflow/dags/pipeline_productivo.py took 1.287 seconds
[2025-11-16T03:04:01.349+0000] {processor.py:157} INFO - Started process (PID=21916) to work on /opt/airflow/dags/pipeline_productivo.py
[2025-11-16T03:04:01.350+0000] {processor.py:829} INFO - Processing file /opt/airflow/dags/pipeline_productivo.py for tasks to queue
[2025-11-16T03:04:01.350+0000] {logging_mixin.py:154} INFO - [2025-11-16T03:04:01.350+0000] {dagbag.py:536} INFO - Filling up the DagBag from /opt/airflow/dags/pipeline_productivo.py
[2025-11-16T03:04:02.625+0000] {processor.py:839} INFO - DAG(s) dict_keys(['sodai_drinks_production_pipeline']) retrieved from /opt/airflow/dags/pipeline_productivo.py
[2025-11-16T03:04:02.642+0000] {logging_mixin.py:154} INFO - [2025-11-16T03:04:02.642+0000] {dag.py:2941} INFO - Sync 1 DAGs
[2025-11-16T03:04:02.654+0000] {logging_mixin.py:154} INFO - [2025-11-16T03:04:02.654+0000] {dag.py:3722} INFO - Setting next_dagrun for sodai_drinks_production_pipeline to 2025-11-09T00:00:00+00:00, run_after=2025-11-16T00:00:00+00:00
[2025-11-16T03:04:02.663+0000] {processor.py:179} INFO - Processing /opt/airflow/dags/pipeline_productivo.py took 1.317 seconds
[2025-11-16T03:04:33.392+0000] {processor.py:157} INFO - Started process (PID=21976) to work on /opt/airflow/dags/pipeline_productivo.py
[2025-11-16T03:04:33.392+0000] {processor.py:829} INFO - Processing file /opt/airflow/dags/pipeline_productivo.py for tasks to queue
[2025-11-16T03:04:33.392+0000] {logging_mixin.py:154} INFO - [2025-11-16T03:04:33.392+0000] {dagbag.py:536} INFO - Filling up the DagBag from /opt/airflow/dags/pipeline_productivo.py
[2025-11-16T03:04:34.603+0000] {processor.py:839} INFO - DAG(s) dict_keys(['sodai_drinks_production_pipeline']) retrieved from /opt/airflow/dags/pipeline_productivo.py
[2025-11-16T03:04:34.622+0000] {logging_mixin.py:154} INFO - [2025-11-16T03:04:34.621+0000] {dag.py:2941} INFO - Sync 1 DAGs
[2025-11-16T03:04:34.633+0000] {logging_mixin.py:154} INFO - [2025-11-16T03:04:34.633+0000] {dag.py:3722} INFO - Setting next_dagrun for sodai_drinks_production_pipeline to 2025-11-09T00:00:00+00:00, run_after=2025-11-16T00:00:00+00:00
[2025-11-16T03:04:34.646+0000] {processor.py:179} INFO - Processing /opt/airflow/dags/pipeline_productivo.py took 1.257 seconds
[2025-11-16T03:05:04.888+0000] {processor.py:157} INFO - Started process (PID=22035) to work on /opt/airflow/dags/pipeline_productivo.py
[2025-11-16T03:05:04.888+0000] {processor.py:829} INFO - Processing file /opt/airflow/dags/pipeline_productivo.py for tasks to queue
[2025-11-16T03:05:04.889+0000] {logging_mixin.py:154} INFO - [2025-11-16T03:05:04.889+0000] {dagbag.py:536} INFO - Filling up the DagBag from /opt/airflow/dags/pipeline_productivo.py
[2025-11-16T03:05:06.058+0000] {processor.py:839} INFO - DAG(s) dict_keys(['sodai_drinks_production_pipeline']) retrieved from /opt/airflow/dags/pipeline_productivo.py
[2025-11-16T03:05:06.074+0000] {logging_mixin.py:154} INFO - [2025-11-16T03:05:06.074+0000] {dag.py:2941} INFO - Sync 1 DAGs
[2025-11-16T03:05:06.085+0000] {logging_mixin.py:154} INFO - [2025-11-16T03:05:06.085+0000] {dag.py:3722} INFO - Setting next_dagrun for sodai_drinks_production_pipeline to 2025-11-09T00:00:00+00:00, run_after=2025-11-16T00:00:00+00:00
[2025-11-16T03:05:06.095+0000] {processor.py:179} INFO - Processing /opt/airflow/dags/pipeline_productivo.py took 1.211 seconds
[2025-11-16T03:05:36.901+0000] {processor.py:157} INFO - Started process (PID=22094) to work on /opt/airflow/dags/pipeline_productivo.py
[2025-11-16T03:05:36.901+0000] {processor.py:829} INFO - Processing file /opt/airflow/dags/pipeline_productivo.py for tasks to queue
[2025-11-16T03:05:36.902+0000] {logging_mixin.py:154} INFO - [2025-11-16T03:05:36.902+0000] {dagbag.py:536} INFO - Filling up the DagBag from /opt/airflow/dags/pipeline_productivo.py
[2025-11-16T03:05:38.106+0000] {processor.py:839} INFO - DAG(s) dict_keys(['sodai_drinks_production_pipeline']) retrieved from /opt/airflow/dags/pipeline_productivo.py
[2025-11-16T03:05:38.121+0000] {logging_mixin.py:154} INFO - [2025-11-16T03:05:38.121+0000] {dag.py:2941} INFO - Sync 1 DAGs
[2025-11-16T03:05:38.134+0000] {logging_mixin.py:154} INFO - [2025-11-16T03:05:38.134+0000] {dag.py:3722} INFO - Setting next_dagrun for sodai_drinks_production_pipeline to 2025-11-09T00:00:00+00:00, run_after=2025-11-16T00:00:00+00:00
[2025-11-16T03:05:38.144+0000] {processor.py:179} INFO - Processing /opt/airflow/dags/pipeline_productivo.py took 1.245 seconds
[2025-11-16T03:06:09.000+0000] {processor.py:157} INFO - Started process (PID=22153) to work on /opt/airflow/dags/pipeline_productivo.py
[2025-11-16T03:06:09.001+0000] {processor.py:829} INFO - Processing file /opt/airflow/dags/pipeline_productivo.py for tasks to queue
[2025-11-16T03:06:09.001+0000] {logging_mixin.py:154} INFO - [2025-11-16T03:06:09.001+0000] {dagbag.py:536} INFO - Filling up the DagBag from /opt/airflow/dags/pipeline_productivo.py
[2025-11-16T03:06:10.181+0000] {processor.py:839} INFO - DAG(s) dict_keys(['sodai_drinks_production_pipeline']) retrieved from /opt/airflow/dags/pipeline_productivo.py
[2025-11-16T03:06:10.198+0000] {logging_mixin.py:154} INFO - [2025-11-16T03:06:10.197+0000] {dag.py:2941} INFO - Sync 1 DAGs
[2025-11-16T03:06:10.209+0000] {logging_mixin.py:154} INFO - [2025-11-16T03:06:10.209+0000] {dag.py:3722} INFO - Setting next_dagrun for sodai_drinks_production_pipeline to 2025-11-09T00:00:00+00:00, run_after=2025-11-16T00:00:00+00:00
[2025-11-16T03:06:10.219+0000] {processor.py:179} INFO - Processing /opt/airflow/dags/pipeline_productivo.py took 1.221 seconds
[2025-11-16T03:06:40.397+0000] {processor.py:157} INFO - Started process (PID=22222) to work on /opt/airflow/dags/pipeline_productivo.py
[2025-11-16T03:06:40.397+0000] {processor.py:829} INFO - Processing file /opt/airflow/dags/pipeline_productivo.py for tasks to queue
[2025-11-16T03:06:40.398+0000] {logging_mixin.py:154} INFO - [2025-11-16T03:06:40.397+0000] {dagbag.py:536} INFO - Filling up the DagBag from /opt/airflow/dags/pipeline_productivo.py
[2025-11-16T03:06:41.670+0000] {processor.py:839} INFO - DAG(s) dict_keys(['sodai_drinks_production_pipeline']) retrieved from /opt/airflow/dags/pipeline_productivo.py
[2025-11-16T03:06:41.686+0000] {logging_mixin.py:154} INFO - [2025-11-16T03:06:41.686+0000] {dag.py:2941} INFO - Sync 1 DAGs
[2025-11-16T03:06:41.699+0000] {logging_mixin.py:154} INFO - [2025-11-16T03:06:41.699+0000] {dag.py:3722} INFO - Setting next_dagrun for sodai_drinks_production_pipeline to 2025-11-09T00:00:00+00:00, run_after=2025-11-16T00:00:00+00:00
[2025-11-16T03:06:41.709+0000] {processor.py:179} INFO - Processing /opt/airflow/dags/pipeline_productivo.py took 1.314 seconds
[2025-11-16T03:07:12.436+0000] {processor.py:157} INFO - Started process (PID=22281) to work on /opt/airflow/dags/pipeline_productivo.py
[2025-11-16T03:07:12.437+0000] {processor.py:829} INFO - Processing file /opt/airflow/dags/pipeline_productivo.py for tasks to queue
[2025-11-16T03:07:12.438+0000] {logging_mixin.py:154} INFO - [2025-11-16T03:07:12.438+0000] {dagbag.py:536} INFO - Filling up the DagBag from /opt/airflow/dags/pipeline_productivo.py
[2025-11-16T03:07:13.638+0000] {processor.py:839} INFO - DAG(s) dict_keys(['sodai_drinks_production_pipeline']) retrieved from /opt/airflow/dags/pipeline_productivo.py
[2025-11-16T03:07:13.661+0000] {logging_mixin.py:154} INFO - [2025-11-16T03:07:13.660+0000] {dag.py:2941} INFO - Sync 1 DAGs
[2025-11-16T03:07:13.678+0000] {logging_mixin.py:154} INFO - [2025-11-16T03:07:13.678+0000] {dag.py:3722} INFO - Setting next_dagrun for sodai_drinks_production_pipeline to 2025-11-09T00:00:00+00:00, run_after=2025-11-16T00:00:00+00:00
[2025-11-16T03:07:13.692+0000] {processor.py:179} INFO - Processing /opt/airflow/dags/pipeline_productivo.py took 1.260 seconds
[2025-11-16T03:07:44.687+0000] {processor.py:157} INFO - Started process (PID=22345) to work on /opt/airflow/dags/pipeline_productivo.py
[2025-11-16T03:07:44.688+0000] {processor.py:829} INFO - Processing file /opt/airflow/dags/pipeline_productivo.py for tasks to queue
[2025-11-16T03:07:44.688+0000] {logging_mixin.py:154} INFO - [2025-11-16T03:07:44.688+0000] {dagbag.py:536} INFO - Filling up the DagBag from /opt/airflow/dags/pipeline_productivo.py
[2025-11-16T03:07:46.157+0000] {processor.py:839} INFO - DAG(s) dict_keys(['sodai_drinks_production_pipeline']) retrieved from /opt/airflow/dags/pipeline_productivo.py
[2025-11-16T03:07:46.176+0000] {logging_mixin.py:154} INFO - [2025-11-16T03:07:46.176+0000] {dag.py:2941} INFO - Sync 1 DAGs
[2025-11-16T03:07:46.191+0000] {logging_mixin.py:154} INFO - [2025-11-16T03:07:46.190+0000] {dag.py:3722} INFO - Setting next_dagrun for sodai_drinks_production_pipeline to 2025-11-09T00:00:00+00:00, run_after=2025-11-16T00:00:00+00:00
[2025-11-16T03:07:46.202+0000] {processor.py:179} INFO - Processing /opt/airflow/dags/pipeline_productivo.py took 1.518 seconds
[2025-11-16T03:08:16.278+0000] {processor.py:157} INFO - Started process (PID=22404) to work on /opt/airflow/dags/pipeline_productivo.py
[2025-11-16T03:08:16.278+0000] {processor.py:829} INFO - Processing file /opt/airflow/dags/pipeline_productivo.py for tasks to queue
[2025-11-16T03:08:16.279+0000] {logging_mixin.py:154} INFO - [2025-11-16T03:08:16.279+0000] {dagbag.py:536} INFO - Filling up the DagBag from /opt/airflow/dags/pipeline_productivo.py
[2025-11-16T03:08:17.469+0000] {processor.py:839} INFO - DAG(s) dict_keys(['sodai_drinks_production_pipeline']) retrieved from /opt/airflow/dags/pipeline_productivo.py
[2025-11-16T03:08:17.485+0000] {logging_mixin.py:154} INFO - [2025-11-16T03:08:17.484+0000] {dag.py:2941} INFO - Sync 1 DAGs
[2025-11-16T03:08:17.495+0000] {logging_mixin.py:154} INFO - [2025-11-16T03:08:17.495+0000] {dag.py:3722} INFO - Setting next_dagrun for sodai_drinks_production_pipeline to 2025-11-09T00:00:00+00:00, run_after=2025-11-16T00:00:00+00:00
[2025-11-16T03:08:17.504+0000] {processor.py:179} INFO - Processing /opt/airflow/dags/pipeline_productivo.py took 1.229 seconds
[2025-11-16T03:08:48.506+0000] {processor.py:157} INFO - Started process (PID=22463) to work on /opt/airflow/dags/pipeline_productivo.py
[2025-11-16T03:08:48.506+0000] {processor.py:829} INFO - Processing file /opt/airflow/dags/pipeline_productivo.py for tasks to queue
[2025-11-16T03:08:48.507+0000] {logging_mixin.py:154} INFO - [2025-11-16T03:08:48.507+0000] {dagbag.py:536} INFO - Filling up the DagBag from /opt/airflow/dags/pipeline_productivo.py
[2025-11-16T03:08:49.772+0000] {processor.py:839} INFO - DAG(s) dict_keys(['sodai_drinks_production_pipeline']) retrieved from /opt/airflow/dags/pipeline_productivo.py
[2025-11-16T03:08:49.791+0000] {logging_mixin.py:154} INFO - [2025-11-16T03:08:49.790+0000] {dag.py:2941} INFO - Sync 1 DAGs
[2025-11-16T03:08:49.803+0000] {logging_mixin.py:154} INFO - [2025-11-16T03:08:49.803+0000] {dag.py:3722} INFO - Setting next_dagrun for sodai_drinks_production_pipeline to 2025-11-09T00:00:00+00:00, run_after=2025-11-16T00:00:00+00:00
[2025-11-16T03:08:49.813+0000] {processor.py:179} INFO - Processing /opt/airflow/dags/pipeline_productivo.py took 1.310 seconds
[2025-11-16T03:09:19.882+0000] {processor.py:157} INFO - Started process (PID=22522) to work on /opt/airflow/dags/pipeline_productivo.py
[2025-11-16T03:09:19.882+0000] {processor.py:829} INFO - Processing file /opt/airflow/dags/pipeline_productivo.py for tasks to queue
[2025-11-16T03:09:19.883+0000] {logging_mixin.py:154} INFO - [2025-11-16T03:09:19.883+0000] {dagbag.py:536} INFO - Filling up the DagBag from /opt/airflow/dags/pipeline_productivo.py
[2025-11-16T03:09:21.111+0000] {processor.py:839} INFO - DAG(s) dict_keys(['sodai_drinks_production_pipeline']) retrieved from /opt/airflow/dags/pipeline_productivo.py
[2025-11-16T03:09:21.125+0000] {logging_mixin.py:154} INFO - [2025-11-16T03:09:21.125+0000] {dag.py:2941} INFO - Sync 1 DAGs
[2025-11-16T03:09:21.137+0000] {logging_mixin.py:154} INFO - [2025-11-16T03:09:21.137+0000] {dag.py:3722} INFO - Setting next_dagrun for sodai_drinks_production_pipeline to 2025-11-09T00:00:00+00:00, run_after=2025-11-16T00:00:00+00:00
[2025-11-16T03:09:21.146+0000] {processor.py:179} INFO - Processing /opt/airflow/dags/pipeline_productivo.py took 1.267 seconds
[2025-11-16T03:09:51.923+0000] {processor.py:157} INFO - Started process (PID=22588) to work on /opt/airflow/dags/pipeline_productivo.py
[2025-11-16T03:09:51.925+0000] {processor.py:829} INFO - Processing file /opt/airflow/dags/pipeline_productivo.py for tasks to queue
[2025-11-16T03:09:51.925+0000] {logging_mixin.py:154} INFO - [2025-11-16T03:09:51.925+0000] {dagbag.py:536} INFO - Filling up the DagBag from /opt/airflow/dags/pipeline_productivo.py
[2025-11-16T03:09:53.268+0000] {processor.py:839} INFO - DAG(s) dict_keys(['sodai_drinks_production_pipeline']) retrieved from /opt/airflow/dags/pipeline_productivo.py
[2025-11-16T03:09:53.284+0000] {logging_mixin.py:154} INFO - [2025-11-16T03:09:53.283+0000] {dag.py:2941} INFO - Sync 1 DAGs
[2025-11-16T03:09:53.296+0000] {logging_mixin.py:154} INFO - [2025-11-16T03:09:53.296+0000] {dag.py:3722} INFO - Setting next_dagrun for sodai_drinks_production_pipeline to 2025-11-09T00:00:00+00:00, run_after=2025-11-16T00:00:00+00:00
[2025-11-16T03:09:53.308+0000] {processor.py:179} INFO - Processing /opt/airflow/dags/pipeline_productivo.py took 1.386 seconds
[2025-11-16T03:10:23.383+0000] {processor.py:157} INFO - Started process (PID=22640) to work on /opt/airflow/dags/pipeline_productivo.py
[2025-11-16T03:10:23.383+0000] {processor.py:829} INFO - Processing file /opt/airflow/dags/pipeline_productivo.py for tasks to queue
[2025-11-16T03:10:23.384+0000] {logging_mixin.py:154} INFO - [2025-11-16T03:10:23.384+0000] {dagbag.py:536} INFO - Filling up the DagBag from /opt/airflow/dags/pipeline_productivo.py
[2025-11-16T03:10:24.692+0000] {processor.py:839} INFO - DAG(s) dict_keys(['sodai_drinks_production_pipeline']) retrieved from /opt/airflow/dags/pipeline_productivo.py
[2025-11-16T03:10:24.708+0000] {logging_mixin.py:154} INFO - [2025-11-16T03:10:24.707+0000] {dag.py:2941} INFO - Sync 1 DAGs
[2025-11-16T03:10:24.719+0000] {logging_mixin.py:154} INFO - [2025-11-16T03:10:24.718+0000] {dag.py:3722} INFO - Setting next_dagrun for sodai_drinks_production_pipeline to 2025-11-09T00:00:00+00:00, run_after=2025-11-16T00:00:00+00:00
[2025-11-16T03:10:24.729+0000] {processor.py:179} INFO - Processing /opt/airflow/dags/pipeline_productivo.py took 1.348 seconds
[2025-11-16T03:10:55.748+0000] {processor.py:157} INFO - Started process (PID=22706) to work on /opt/airflow/dags/pipeline_productivo.py
[2025-11-16T03:10:55.749+0000] {processor.py:829} INFO - Processing file /opt/airflow/dags/pipeline_productivo.py for tasks to queue
[2025-11-16T03:10:55.750+0000] {logging_mixin.py:154} INFO - [2025-11-16T03:10:55.749+0000] {dagbag.py:536} INFO - Filling up the DagBag from /opt/airflow/dags/pipeline_productivo.py
[2025-11-16T03:10:57.082+0000] {processor.py:839} INFO - DAG(s) dict_keys(['sodai_drinks_production_pipeline']) retrieved from /opt/airflow/dags/pipeline_productivo.py
[2025-11-16T03:10:57.099+0000] {logging_mixin.py:154} INFO - [2025-11-16T03:10:57.099+0000] {dag.py:2941} INFO - Sync 1 DAGs
[2025-11-16T03:10:57.111+0000] {logging_mixin.py:154} INFO - [2025-11-16T03:10:57.111+0000] {dag.py:3722} INFO - Setting next_dagrun for sodai_drinks_production_pipeline to 2025-11-09T00:00:00+00:00, run_after=2025-11-16T00:00:00+00:00
[2025-11-16T03:10:57.122+0000] {processor.py:179} INFO - Processing /opt/airflow/dags/pipeline_productivo.py took 1.376 seconds
[2025-11-16T03:11:27.974+0000] {processor.py:157} INFO - Started process (PID=22771) to work on /opt/airflow/dags/pipeline_productivo.py
[2025-11-16T03:11:27.974+0000] {processor.py:829} INFO - Processing file /opt/airflow/dags/pipeline_productivo.py for tasks to queue
[2025-11-16T03:11:27.975+0000] {logging_mixin.py:154} INFO - [2025-11-16T03:11:27.974+0000] {dagbag.py:536} INFO - Filling up the DagBag from /opt/airflow/dags/pipeline_productivo.py
[2025-11-16T03:11:29.231+0000] {processor.py:839} INFO - DAG(s) dict_keys(['sodai_drinks_production_pipeline']) retrieved from /opt/airflow/dags/pipeline_productivo.py
[2025-11-16T03:11:29.247+0000] {logging_mixin.py:154} INFO - [2025-11-16T03:11:29.247+0000] {dag.py:2941} INFO - Sync 1 DAGs
[2025-11-16T03:11:29.258+0000] {logging_mixin.py:154} INFO - [2025-11-16T03:11:29.258+0000] {dag.py:3722} INFO - Setting next_dagrun for sodai_drinks_production_pipeline to 2025-11-09T00:00:00+00:00, run_after=2025-11-16T00:00:00+00:00
[2025-11-16T03:11:29.268+0000] {processor.py:179} INFO - Processing /opt/airflow/dags/pipeline_productivo.py took 1.297 seconds
[2025-11-16T03:11:59.528+0000] {processor.py:157} INFO - Started process (PID=22829) to work on /opt/airflow/dags/pipeline_productivo.py
[2025-11-16T03:11:59.529+0000] {processor.py:829} INFO - Processing file /opt/airflow/dags/pipeline_productivo.py for tasks to queue
[2025-11-16T03:11:59.529+0000] {logging_mixin.py:154} INFO - [2025-11-16T03:11:59.529+0000] {dagbag.py:536} INFO - Filling up the DagBag from /opt/airflow/dags/pipeline_productivo.py
[2025-11-16T03:12:01.116+0000] {processor.py:839} INFO - DAG(s) dict_keys(['sodai_drinks_production_pipeline']) retrieved from /opt/airflow/dags/pipeline_productivo.py
[2025-11-16T03:12:01.136+0000] {logging_mixin.py:154} INFO - [2025-11-16T03:12:01.135+0000] {dag.py:2941} INFO - Sync 1 DAGs
[2025-11-16T03:12:01.157+0000] {logging_mixin.py:154} INFO - [2025-11-16T03:12:01.157+0000] {dag.py:3722} INFO - Setting next_dagrun for sodai_drinks_production_pipeline to 2025-11-09T00:00:00+00:00, run_after=2025-11-16T00:00:00+00:00
[2025-11-16T03:12:01.172+0000] {processor.py:179} INFO - Processing /opt/airflow/dags/pipeline_productivo.py took 1.647 seconds
[2025-11-16T03:12:31.562+0000] {processor.py:157} INFO - Started process (PID=22882) to work on /opt/airflow/dags/pipeline_productivo.py
[2025-11-16T03:12:31.562+0000] {processor.py:829} INFO - Processing file /opt/airflow/dags/pipeline_productivo.py for tasks to queue
[2025-11-16T03:12:31.563+0000] {logging_mixin.py:154} INFO - [2025-11-16T03:12:31.562+0000] {dagbag.py:536} INFO - Filling up the DagBag from /opt/airflow/dags/pipeline_productivo.py
[2025-11-16T03:12:32.934+0000] {processor.py:839} INFO - DAG(s) dict_keys(['sodai_drinks_production_pipeline']) retrieved from /opt/airflow/dags/pipeline_productivo.py
[2025-11-16T03:12:32.951+0000] {logging_mixin.py:154} INFO - [2025-11-16T03:12:32.951+0000] {dag.py:2941} INFO - Sync 1 DAGs
[2025-11-16T03:12:32.964+0000] {logging_mixin.py:154} INFO - [2025-11-16T03:12:32.964+0000] {dag.py:3722} INFO - Setting next_dagrun for sodai_drinks_production_pipeline to 2025-11-09T00:00:00+00:00, run_after=2025-11-16T00:00:00+00:00
[2025-11-16T03:12:32.975+0000] {processor.py:179} INFO - Processing /opt/airflow/dags/pipeline_productivo.py took 1.416 seconds
[2025-11-16T03:13:03.757+0000] {processor.py:157} INFO - Started process (PID=22941) to work on /opt/airflow/dags/pipeline_productivo.py
[2025-11-16T03:13:03.758+0000] {processor.py:829} INFO - Processing file /opt/airflow/dags/pipeline_productivo.py for tasks to queue
[2025-11-16T03:13:03.759+0000] {logging_mixin.py:154} INFO - [2025-11-16T03:13:03.758+0000] {dagbag.py:536} INFO - Filling up the DagBag from /opt/airflow/dags/pipeline_productivo.py
[2025-11-16T03:13:02.852+0000] {processor.py:839} INFO - DAG(s) dict_keys(['sodai_drinks_production_pipeline']) retrieved from /opt/airflow/dags/pipeline_productivo.py
[2025-11-16T03:13:02.868+0000] {logging_mixin.py:154} INFO - [2025-11-16T03:13:02.868+0000] {dag.py:2941} INFO - Sync 1 DAGs
[2025-11-16T03:13:02.881+0000] {logging_mixin.py:154} INFO - [2025-11-16T03:13:02.881+0000] {dag.py:3722} INFO - Setting next_dagrun for sodai_drinks_production_pipeline to 2025-11-09T00:00:00+00:00, run_after=2025-11-16T00:00:00+00:00
[2025-11-16T03:13:02.891+0000] {processor.py:179} INFO - Processing /opt/airflow/dags/pipeline_productivo.py took 1.295 seconds
[2025-11-16T03:13:33.745+0000] {processor.py:157} INFO - Started process (PID=23000) to work on /opt/airflow/dags/pipeline_productivo.py
[2025-11-16T03:13:33.745+0000] {processor.py:829} INFO - Processing file /opt/airflow/dags/pipeline_productivo.py for tasks to queue
[2025-11-16T03:13:33.745+0000] {logging_mixin.py:154} INFO - [2025-11-16T03:13:33.745+0000] {dagbag.py:536} INFO - Filling up the DagBag from /opt/airflow/dags/pipeline_productivo.py
[2025-11-16T03:13:34.980+0000] {processor.py:839} INFO - DAG(s) dict_keys(['sodai_drinks_production_pipeline']) retrieved from /opt/airflow/dags/pipeline_productivo.py
[2025-11-16T03:13:34.998+0000] {logging_mixin.py:154} INFO - [2025-11-16T03:13:34.997+0000] {dag.py:2941} INFO - Sync 1 DAGs
[2025-11-16T03:13:35.012+0000] {logging_mixin.py:154} INFO - [2025-11-16T03:13:35.012+0000] {dag.py:3722} INFO - Setting next_dagrun for sodai_drinks_production_pipeline to 2025-11-09T00:00:00+00:00, run_after=2025-11-16T00:00:00+00:00
[2025-11-16T03:13:35.022+0000] {processor.py:179} INFO - Processing /opt/airflow/dags/pipeline_productivo.py took 1.280 seconds
[2025-11-16T03:14:05.162+0000] {processor.py:157} INFO - Started process (PID=23059) to work on /opt/airflow/dags/pipeline_productivo.py
[2025-11-16T03:14:05.163+0000] {processor.py:829} INFO - Processing file /opt/airflow/dags/pipeline_productivo.py for tasks to queue
[2025-11-16T03:14:05.163+0000] {logging_mixin.py:154} INFO - [2025-11-16T03:14:05.163+0000] {dagbag.py:536} INFO - Filling up the DagBag from /opt/airflow/dags/pipeline_productivo.py
[2025-11-16T03:14:06.411+0000] {processor.py:839} INFO - DAG(s) dict_keys(['sodai_drinks_production_pipeline']) retrieved from /opt/airflow/dags/pipeline_productivo.py
[2025-11-16T03:14:06.428+0000] {logging_mixin.py:154} INFO - [2025-11-16T03:14:06.427+0000] {dag.py:2941} INFO - Sync 1 DAGs
[2025-11-16T03:14:06.439+0000] {logging_mixin.py:154} INFO - [2025-11-16T03:14:06.439+0000] {dag.py:3722} INFO - Setting next_dagrun for sodai_drinks_production_pipeline to 2025-11-09T00:00:00+00:00, run_after=2025-11-16T00:00:00+00:00
[2025-11-16T03:14:06.449+0000] {processor.py:179} INFO - Processing /opt/airflow/dags/pipeline_productivo.py took 1.291 seconds
[2025-11-16T03:14:37.164+0000] {processor.py:157} INFO - Started process (PID=23118) to work on /opt/airflow/dags/pipeline_productivo.py
[2025-11-16T03:14:37.165+0000] {processor.py:829} INFO - Processing file /opt/airflow/dags/pipeline_productivo.py for tasks to queue
[2025-11-16T03:14:37.165+0000] {logging_mixin.py:154} INFO - [2025-11-16T03:14:37.165+0000] {dagbag.py:536} INFO - Filling up the DagBag from /opt/airflow/dags/pipeline_productivo.py
[2025-11-16T03:14:38.397+0000] {processor.py:839} INFO - DAG(s) dict_keys(['sodai_drinks_production_pipeline']) retrieved from /opt/airflow/dags/pipeline_productivo.py
[2025-11-16T03:14:38.412+0000] {logging_mixin.py:154} INFO - [2025-11-16T03:14:38.411+0000] {dag.py:2941} INFO - Sync 1 DAGs
[2025-11-16T03:14:38.423+0000] {logging_mixin.py:154} INFO - [2025-11-16T03:14:38.423+0000] {dag.py:3722} INFO - Setting next_dagrun for sodai_drinks_production_pipeline to 2025-11-09T00:00:00+00:00, run_after=2025-11-16T00:00:00+00:00
[2025-11-16T03:14:38.432+0000] {processor.py:179} INFO - Processing /opt/airflow/dags/pipeline_productivo.py took 1.270 seconds
[2025-11-16T03:15:08.583+0000] {processor.py:157} INFO - Started process (PID=23178) to work on /opt/airflow/dags/pipeline_productivo.py
[2025-11-16T03:15:08.583+0000] {processor.py:829} INFO - Processing file /opt/airflow/dags/pipeline_productivo.py for tasks to queue
[2025-11-16T03:15:08.584+0000] {logging_mixin.py:154} INFO - [2025-11-16T03:15:08.584+0000] {dagbag.py:536} INFO - Filling up the DagBag from /opt/airflow/dags/pipeline_productivo.py
[2025-11-16T03:15:09.857+0000] {processor.py:839} INFO - DAG(s) dict_keys(['sodai_drinks_production_pipeline']) retrieved from /opt/airflow/dags/pipeline_productivo.py
[2025-11-16T03:15:09.877+0000] {logging_mixin.py:154} INFO - [2025-11-16T03:15:09.877+0000] {dag.py:2941} INFO - Sync 1 DAGs
[2025-11-16T03:15:09.894+0000] {logging_mixin.py:154} INFO - [2025-11-16T03:15:09.894+0000] {dag.py:3722} INFO - Setting next_dagrun for sodai_drinks_production_pipeline to 2025-11-09T00:00:00+00:00, run_after=2025-11-16T00:00:00+00:00
[2025-11-16T03:15:09.905+0000] {processor.py:179} INFO - Processing /opt/airflow/dags/pipeline_productivo.py took 1.325 seconds
[2025-11-16T03:15:40.582+0000] {processor.py:157} INFO - Started process (PID=23237) to work on /opt/airflow/dags/pipeline_productivo.py
[2025-11-16T03:15:40.583+0000] {processor.py:829} INFO - Processing file /opt/airflow/dags/pipeline_productivo.py for tasks to queue
[2025-11-16T03:15:40.583+0000] {logging_mixin.py:154} INFO - [2025-11-16T03:15:40.583+0000] {dagbag.py:536} INFO - Filling up the DagBag from /opt/airflow/dags/pipeline_productivo.py
[2025-11-16T03:15:41.789+0000] {processor.py:839} INFO - DAG(s) dict_keys(['sodai_drinks_production_pipeline']) retrieved from /opt/airflow/dags/pipeline_productivo.py
[2025-11-16T03:15:41.806+0000] {logging_mixin.py:154} INFO - [2025-11-16T03:15:41.806+0000] {dag.py:2941} INFO - Sync 1 DAGs
[2025-11-16T03:15:41.818+0000] {logging_mixin.py:154} INFO - [2025-11-16T03:15:41.818+0000] {dag.py:3722} INFO - Setting next_dagrun for sodai_drinks_production_pipeline to 2025-11-09T00:00:00+00:00, run_after=2025-11-16T00:00:00+00:00
[2025-11-16T03:15:41.827+0000] {processor.py:179} INFO - Processing /opt/airflow/dags/pipeline_productivo.py took 1.248 seconds
[2025-11-16T03:16:11.957+0000] {processor.py:157} INFO - Started process (PID=23296) to work on /opt/airflow/dags/pipeline_productivo.py
[2025-11-16T03:16:11.957+0000] {processor.py:829} INFO - Processing file /opt/airflow/dags/pipeline_productivo.py for tasks to queue
[2025-11-16T03:16:11.958+0000] {logging_mixin.py:154} INFO - [2025-11-16T03:16:11.958+0000] {dagbag.py:536} INFO - Filling up the DagBag from /opt/airflow/dags/pipeline_productivo.py
[2025-11-16T03:16:13.194+0000] {processor.py:839} INFO - DAG(s) dict_keys(['sodai_drinks_production_pipeline']) retrieved from /opt/airflow/dags/pipeline_productivo.py
[2025-11-16T03:16:13.210+0000] {logging_mixin.py:154} INFO - [2025-11-16T03:16:13.209+0000] {dag.py:2941} INFO - Sync 1 DAGs
[2025-11-16T03:16:13.221+0000] {logging_mixin.py:154} INFO - [2025-11-16T03:16:13.221+0000] {dag.py:3722} INFO - Setting next_dagrun for sodai_drinks_production_pipeline to 2025-11-09T00:00:00+00:00, run_after=2025-11-16T00:00:00+00:00
[2025-11-16T03:16:13.230+0000] {processor.py:179} INFO - Processing /opt/airflow/dags/pipeline_productivo.py took 1.276 seconds
[2025-11-16T03:16:43.954+0000] {processor.py:157} INFO - Started process (PID=23355) to work on /opt/airflow/dags/pipeline_productivo.py
[2025-11-16T03:16:43.956+0000] {processor.py:829} INFO - Processing file /opt/airflow/dags/pipeline_productivo.py for tasks to queue
[2025-11-16T03:16:43.956+0000] {logging_mixin.py:154} INFO - [2025-11-16T03:16:43.956+0000] {dagbag.py:536} INFO - Filling up the DagBag from /opt/airflow/dags/pipeline_productivo.py
[2025-11-16T03:16:45.242+0000] {processor.py:839} INFO - DAG(s) dict_keys(['sodai_drinks_production_pipeline']) retrieved from /opt/airflow/dags/pipeline_productivo.py
[2025-11-16T03:16:45.257+0000] {logging_mixin.py:154} INFO - [2025-11-16T03:16:45.257+0000] {dag.py:2941} INFO - Sync 1 DAGs
[2025-11-16T03:16:45.268+0000] {logging_mixin.py:154} INFO - [2025-11-16T03:16:45.268+0000] {dag.py:3722} INFO - Setting next_dagrun for sodai_drinks_production_pipeline to 2025-11-09T00:00:00+00:00, run_after=2025-11-16T00:00:00+00:00
[2025-11-16T03:16:45.278+0000] {processor.py:179} INFO - Processing /opt/airflow/dags/pipeline_productivo.py took 1.326 seconds
[2025-11-16T03:17:16.296+0000] {processor.py:157} INFO - Started process (PID=23431) to work on /opt/airflow/dags/pipeline_productivo.py
[2025-11-16T03:17:16.297+0000] {processor.py:829} INFO - Processing file /opt/airflow/dags/pipeline_productivo.py for tasks to queue
[2025-11-16T03:17:16.298+0000] {logging_mixin.py:154} INFO - [2025-11-16T03:17:16.298+0000] {dagbag.py:536} INFO - Filling up the DagBag from /opt/airflow/dags/pipeline_productivo.py
[2025-11-16T03:17:17.525+0000] {processor.py:839} INFO - DAG(s) dict_keys(['sodai_drinks_production_pipeline']) retrieved from /opt/airflow/dags/pipeline_productivo.py
[2025-11-16T03:17:17.543+0000] {logging_mixin.py:154} INFO - [2025-11-16T03:17:17.543+0000] {dag.py:2941} INFO - Sync 1 DAGs
[2025-11-16T03:17:17.556+0000] {logging_mixin.py:154} INFO - [2025-11-16T03:17:17.556+0000] {dag.py:3722} INFO - Setting next_dagrun for sodai_drinks_production_pipeline to 2025-11-09T00:00:00+00:00, run_after=2025-11-16T00:00:00+00:00
[2025-11-16T03:17:17.567+0000] {processor.py:179} INFO - Processing /opt/airflow/dags/pipeline_productivo.py took 1.273 seconds
[2025-11-16T03:17:48.461+0000] {processor.py:157} INFO - Started process (PID=23490) to work on /opt/airflow/dags/pipeline_productivo.py
[2025-11-16T03:17:48.461+0000] {processor.py:829} INFO - Processing file /opt/airflow/dags/pipeline_productivo.py for tasks to queue
[2025-11-16T03:17:48.462+0000] {logging_mixin.py:154} INFO - [2025-11-16T03:17:48.462+0000] {dagbag.py:536} INFO - Filling up the DagBag from /opt/airflow/dags/pipeline_productivo.py
[2025-11-16T03:17:49.722+0000] {processor.py:839} INFO - DAG(s) dict_keys(['sodai_drinks_production_pipeline']) retrieved from /opt/airflow/dags/pipeline_productivo.py
[2025-11-16T03:17:49.740+0000] {logging_mixin.py:154} INFO - [2025-11-16T03:17:49.739+0000] {dag.py:2941} INFO - Sync 1 DAGs
[2025-11-16T03:17:49.754+0000] {logging_mixin.py:154} INFO - [2025-11-16T03:17:49.754+0000] {dag.py:3722} INFO - Setting next_dagrun for sodai_drinks_production_pipeline to 2025-11-09T00:00:00+00:00, run_after=2025-11-16T00:00:00+00:00
[2025-11-16T03:17:49.765+0000] {processor.py:179} INFO - Processing /opt/airflow/dags/pipeline_productivo.py took 1.308 seconds
[2025-11-16T03:18:19.849+0000] {processor.py:157} INFO - Started process (PID=23554) to work on /opt/airflow/dags/pipeline_productivo.py
[2025-11-16T03:18:19.850+0000] {processor.py:829} INFO - Processing file /opt/airflow/dags/pipeline_productivo.py for tasks to queue
[2025-11-16T03:18:19.851+0000] {logging_mixin.py:154} INFO - [2025-11-16T03:18:19.851+0000] {dagbag.py:536} INFO - Filling up the DagBag from /opt/airflow/dags/pipeline_productivo.py
[2025-11-16T03:18:21.112+0000] {processor.py:839} INFO - DAG(s) dict_keys(['sodai_drinks_production_pipeline']) retrieved from /opt/airflow/dags/pipeline_productivo.py
[2025-11-16T03:18:21.127+0000] {logging_mixin.py:154} INFO - [2025-11-16T03:18:21.126+0000] {dag.py:2941} INFO - Sync 1 DAGs
[2025-11-16T03:18:21.137+0000] {logging_mixin.py:154} INFO - [2025-11-16T03:18:21.137+0000] {dag.py:3722} INFO - Setting next_dagrun for sodai_drinks_production_pipeline to 2025-11-09T00:00:00+00:00, run_after=2025-11-16T00:00:00+00:00
[2025-11-16T03:18:21.146+0000] {processor.py:179} INFO - Processing /opt/airflow/dags/pipeline_productivo.py took 1.299 seconds
[2025-11-16T03:18:52.051+0000] {processor.py:157} INFO - Started process (PID=23613) to work on /opt/airflow/dags/pipeline_productivo.py
[2025-11-16T03:18:52.051+0000] {processor.py:829} INFO - Processing file /opt/airflow/dags/pipeline_productivo.py for tasks to queue
[2025-11-16T03:18:52.052+0000] {logging_mixin.py:154} INFO - [2025-11-16T03:18:52.052+0000] {dagbag.py:536} INFO - Filling up the DagBag from /opt/airflow/dags/pipeline_productivo.py
[2025-11-16T03:18:53.364+0000] {processor.py:839} INFO - DAG(s) dict_keys(['sodai_drinks_production_pipeline']) retrieved from /opt/airflow/dags/pipeline_productivo.py
[2025-11-16T03:18:53.379+0000] {logging_mixin.py:154} INFO - [2025-11-16T03:18:53.379+0000] {dag.py:2941} INFO - Sync 1 DAGs
[2025-11-16T03:18:53.391+0000] {logging_mixin.py:154} INFO - [2025-11-16T03:18:53.390+0000] {dag.py:3722} INFO - Setting next_dagrun for sodai_drinks_production_pipeline to 2025-11-09T00:00:00+00:00, run_after=2025-11-16T00:00:00+00:00
[2025-11-16T03:18:53.400+0000] {processor.py:179} INFO - Processing /opt/airflow/dags/pipeline_productivo.py took 1.352 seconds
[2025-11-16T03:19:24.317+0000] {processor.py:157} INFO - Started process (PID=23672) to work on /opt/airflow/dags/pipeline_productivo.py
[2025-11-16T03:19:24.317+0000] {processor.py:829} INFO - Processing file /opt/airflow/dags/pipeline_productivo.py for tasks to queue
[2025-11-16T03:19:24.317+0000] {logging_mixin.py:154} INFO - [2025-11-16T03:19:24.317+0000] {dagbag.py:536} INFO - Filling up the DagBag from /opt/airflow/dags/pipeline_productivo.py
[2025-11-16T03:19:25.492+0000] {processor.py:839} INFO - DAG(s) dict_keys(['sodai_drinks_production_pipeline']) retrieved from /opt/airflow/dags/pipeline_productivo.py
[2025-11-16T03:19:25.509+0000] {logging_mixin.py:154} INFO - [2025-11-16T03:19:25.508+0000] {dag.py:2941} INFO - Sync 1 DAGs
[2025-11-16T03:19:25.523+0000] {logging_mixin.py:154} INFO - [2025-11-16T03:19:25.523+0000] {dag.py:3722} INFO - Setting next_dagrun for sodai_drinks_production_pipeline to 2025-11-09T00:00:00+00:00, run_after=2025-11-16T00:00:00+00:00
[2025-11-16T03:19:25.532+0000] {processor.py:179} INFO - Processing /opt/airflow/dags/pipeline_productivo.py took 1.219 seconds
[2025-11-16T03:19:56.518+0000] {processor.py:157} INFO - Started process (PID=23731) to work on /opt/airflow/dags/pipeline_productivo.py
[2025-11-16T03:19:56.520+0000] {processor.py:829} INFO - Processing file /opt/airflow/dags/pipeline_productivo.py for tasks to queue
[2025-11-16T03:19:56.520+0000] {logging_mixin.py:154} INFO - [2025-11-16T03:19:56.520+0000] {dagbag.py:536} INFO - Filling up the DagBag from /opt/airflow/dags/pipeline_productivo.py
[2025-11-16T03:19:57.716+0000] {processor.py:839} INFO - DAG(s) dict_keys(['sodai_drinks_production_pipeline']) retrieved from /opt/airflow/dags/pipeline_productivo.py
[2025-11-16T03:19:57.734+0000] {logging_mixin.py:154} INFO - [2025-11-16T03:19:57.734+0000] {dag.py:2941} INFO - Sync 1 DAGs
[2025-11-16T03:19:57.746+0000] {logging_mixin.py:154} INFO - [2025-11-16T03:19:57.746+0000] {dag.py:3722} INFO - Setting next_dagrun for sodai_drinks_production_pipeline to 2025-11-09T00:00:00+00:00, run_after=2025-11-16T00:00:00+00:00
[2025-11-16T03:19:57.757+0000] {processor.py:179} INFO - Processing /opt/airflow/dags/pipeline_productivo.py took 1.242 seconds
[2025-11-16T03:20:27.844+0000] {processor.py:157} INFO - Started process (PID=23790) to work on /opt/airflow/dags/pipeline_productivo.py
[2025-11-16T03:20:27.844+0000] {processor.py:829} INFO - Processing file /opt/airflow/dags/pipeline_productivo.py for tasks to queue
[2025-11-16T03:20:27.845+0000] {logging_mixin.py:154} INFO - [2025-11-16T03:20:27.844+0000] {dagbag.py:536} INFO - Filling up the DagBag from /opt/airflow/dags/pipeline_productivo.py
[2025-11-16T03:20:29.075+0000] {processor.py:839} INFO - DAG(s) dict_keys(['sodai_drinks_production_pipeline']) retrieved from /opt/airflow/dags/pipeline_productivo.py
[2025-11-16T03:20:29.092+0000] {logging_mixin.py:154} INFO - [2025-11-16T03:20:29.091+0000] {dag.py:2941} INFO - Sync 1 DAGs
[2025-11-16T03:20:29.103+0000] {logging_mixin.py:154} INFO - [2025-11-16T03:20:29.103+0000] {dag.py:3722} INFO - Setting next_dagrun for sodai_drinks_production_pipeline to 2025-11-09T00:00:00+00:00, run_after=2025-11-16T00:00:00+00:00
[2025-11-16T03:20:29.113+0000] {processor.py:179} INFO - Processing /opt/airflow/dags/pipeline_productivo.py took 1.272 seconds
[2025-11-16T03:20:59.957+0000] {processor.py:157} INFO - Started process (PID=23849) to work on /opt/airflow/dags/pipeline_productivo.py
[2025-11-16T03:20:59.958+0000] {processor.py:829} INFO - Processing file /opt/airflow/dags/pipeline_productivo.py for tasks to queue
[2025-11-16T03:20:59.958+0000] {logging_mixin.py:154} INFO - [2025-11-16T03:20:59.958+0000] {dagbag.py:536} INFO - Filling up the DagBag from /opt/airflow/dags/pipeline_productivo.py
[2025-11-16T03:21:01.195+0000] {processor.py:839} INFO - DAG(s) dict_keys(['sodai_drinks_production_pipeline']) retrieved from /opt/airflow/dags/pipeline_productivo.py
[2025-11-16T03:21:01.210+0000] {logging_mixin.py:154} INFO - [2025-11-16T03:21:01.210+0000] {dag.py:2941} INFO - Sync 1 DAGs
[2025-11-16T03:21:01.222+0000] {logging_mixin.py:154} INFO - [2025-11-16T03:21:01.222+0000] {dag.py:3722} INFO - Setting next_dagrun for sodai_drinks_production_pipeline to 2025-11-09T00:00:00+00:00, run_after=2025-11-16T00:00:00+00:00
[2025-11-16T03:21:01.232+0000] {processor.py:179} INFO - Processing /opt/airflow/dags/pipeline_productivo.py took 1.277 seconds
[2025-11-16T03:21:32.269+0000] {processor.py:157} INFO - Started process (PID=23908) to work on /opt/airflow/dags/pipeline_productivo.py
[2025-11-16T03:21:32.270+0000] {processor.py:829} INFO - Processing file /opt/airflow/dags/pipeline_productivo.py for tasks to queue
[2025-11-16T03:21:32.271+0000] {logging_mixin.py:154} INFO - [2025-11-16T03:21:32.271+0000] {dagbag.py:536} INFO - Filling up the DagBag from /opt/airflow/dags/pipeline_productivo.py
[2025-11-16T03:21:33.479+0000] {processor.py:839} INFO - DAG(s) dict_keys(['sodai_drinks_production_pipeline']) retrieved from /opt/airflow/dags/pipeline_productivo.py
[2025-11-16T03:21:33.494+0000] {logging_mixin.py:154} INFO - [2025-11-16T03:21:33.494+0000] {dag.py:2941} INFO - Sync 1 DAGs
[2025-11-16T03:21:33.506+0000] {logging_mixin.py:154} INFO - [2025-11-16T03:21:33.505+0000] {dag.py:3722} INFO - Setting next_dagrun for sodai_drinks_production_pipeline to 2025-11-09T00:00:00+00:00, run_after=2025-11-16T00:00:00+00:00
[2025-11-16T03:21:33.515+0000] {processor.py:179} INFO - Processing /opt/airflow/dags/pipeline_productivo.py took 1.248 seconds
[2025-11-16T03:22:04.543+0000] {processor.py:157} INFO - Started process (PID=23967) to work on /opt/airflow/dags/pipeline_productivo.py
[2025-11-16T03:22:04.543+0000] {processor.py:829} INFO - Processing file /opt/airflow/dags/pipeline_productivo.py for tasks to queue
[2025-11-16T03:22:04.544+0000] {logging_mixin.py:154} INFO - [2025-11-16T03:22:04.544+0000] {dagbag.py:536} INFO - Filling up the DagBag from /opt/airflow/dags/pipeline_productivo.py
[2025-11-16T03:22:05.791+0000] {processor.py:839} INFO - DAG(s) dict_keys(['sodai_drinks_production_pipeline']) retrieved from /opt/airflow/dags/pipeline_productivo.py
[2025-11-16T03:22:05.809+0000] {logging_mixin.py:154} INFO - [2025-11-16T03:22:05.808+0000] {dag.py:2941} INFO - Sync 1 DAGs
[2025-11-16T03:22:05.820+0000] {logging_mixin.py:154} INFO - [2025-11-16T03:22:05.820+0000] {dag.py:3722} INFO - Setting next_dagrun for sodai_drinks_production_pipeline to 2025-11-09T00:00:00+00:00, run_after=2025-11-16T00:00:00+00:00
[2025-11-16T03:22:05.830+0000] {processor.py:179} INFO - Processing /opt/airflow/dags/pipeline_productivo.py took 1.289 seconds
[2025-11-16T03:22:36.864+0000] {processor.py:157} INFO - Started process (PID=24026) to work on /opt/airflow/dags/pipeline_productivo.py
[2025-11-16T03:22:36.865+0000] {processor.py:829} INFO - Processing file /opt/airflow/dags/pipeline_productivo.py for tasks to queue
[2025-11-16T03:22:36.865+0000] {logging_mixin.py:154} INFO - [2025-11-16T03:22:36.865+0000] {dagbag.py:536} INFO - Filling up the DagBag from /opt/airflow/dags/pipeline_productivo.py
[2025-11-16T03:22:38.089+0000] {processor.py:839} INFO - DAG(s) dict_keys(['sodai_drinks_production_pipeline']) retrieved from /opt/airflow/dags/pipeline_productivo.py
[2025-11-16T03:22:38.104+0000] {logging_mixin.py:154} INFO - [2025-11-16T03:22:38.104+0000] {dag.py:2941} INFO - Sync 1 DAGs
[2025-11-16T03:22:38.116+0000] {logging_mixin.py:154} INFO - [2025-11-16T03:22:38.116+0000] {dag.py:3722} INFO - Setting next_dagrun for sodai_drinks_production_pipeline to 2025-11-09T00:00:00+00:00, run_after=2025-11-16T00:00:00+00:00
[2025-11-16T03:22:38.125+0000] {processor.py:179} INFO - Processing /opt/airflow/dags/pipeline_productivo.py took 1.263 seconds
[2025-11-16T03:23:09.111+0000] {processor.py:157} INFO - Started process (PID=24085) to work on /opt/airflow/dags/pipeline_productivo.py
[2025-11-16T03:23:09.112+0000] {processor.py:829} INFO - Processing file /opt/airflow/dags/pipeline_productivo.py for tasks to queue
[2025-11-16T03:23:09.112+0000] {logging_mixin.py:154} INFO - [2025-11-16T03:23:09.112+0000] {dagbag.py:536} INFO - Filling up the DagBag from /opt/airflow/dags/pipeline_productivo.py
[2025-11-16T03:23:10.308+0000] {processor.py:839} INFO - DAG(s) dict_keys(['sodai_drinks_production_pipeline']) retrieved from /opt/airflow/dags/pipeline_productivo.py
[2025-11-16T03:23:10.323+0000] {logging_mixin.py:154} INFO - [2025-11-16T03:23:10.323+0000] {dag.py:2941} INFO - Sync 1 DAGs
[2025-11-16T03:23:10.336+0000] {logging_mixin.py:154} INFO - [2025-11-16T03:23:10.335+0000] {dag.py:3722} INFO - Setting next_dagrun for sodai_drinks_production_pipeline to 2025-11-09T00:00:00+00:00, run_after=2025-11-16T00:00:00+00:00
[2025-11-16T03:23:10.345+0000] {processor.py:179} INFO - Processing /opt/airflow/dags/pipeline_productivo.py took 1.237 seconds
[2025-11-16T03:23:40.652+0000] {processor.py:157} INFO - Started process (PID=24144) to work on /opt/airflow/dags/pipeline_productivo.py
[2025-11-16T03:23:40.652+0000] {processor.py:829} INFO - Processing file /opt/airflow/dags/pipeline_productivo.py for tasks to queue
[2025-11-16T03:23:40.653+0000] {logging_mixin.py:154} INFO - [2025-11-16T03:23:40.652+0000] {dagbag.py:536} INFO - Filling up the DagBag from /opt/airflow/dags/pipeline_productivo.py
[2025-11-16T03:23:41.880+0000] {processor.py:839} INFO - DAG(s) dict_keys(['sodai_drinks_production_pipeline']) retrieved from /opt/airflow/dags/pipeline_productivo.py
[2025-11-16T03:23:41.895+0000] {logging_mixin.py:154} INFO - [2025-11-16T03:23:41.895+0000] {dag.py:2941} INFO - Sync 1 DAGs
[2025-11-16T03:23:41.907+0000] {logging_mixin.py:154} INFO - [2025-11-16T03:23:41.907+0000] {dag.py:3722} INFO - Setting next_dagrun for sodai_drinks_production_pipeline to 2025-11-09T00:00:00+00:00, run_after=2025-11-16T00:00:00+00:00
[2025-11-16T03:23:41.916+0000] {processor.py:179} INFO - Processing /opt/airflow/dags/pipeline_productivo.py took 1.266 seconds
[2025-11-16T03:24:12.651+0000] {processor.py:157} INFO - Started process (PID=24203) to work on /opt/airflow/dags/pipeline_productivo.py
[2025-11-16T03:24:12.652+0000] {processor.py:829} INFO - Processing file /opt/airflow/dags/pipeline_productivo.py for tasks to queue
[2025-11-16T03:24:12.653+0000] {logging_mixin.py:154} INFO - [2025-11-16T03:24:12.653+0000] {dagbag.py:536} INFO - Filling up the DagBag from /opt/airflow/dags/pipeline_productivo.py
[2025-11-16T03:24:13.863+0000] {processor.py:839} INFO - DAG(s) dict_keys(['sodai_drinks_production_pipeline']) retrieved from /opt/airflow/dags/pipeline_productivo.py
[2025-11-16T03:24:13.881+0000] {logging_mixin.py:154} INFO - [2025-11-16T03:24:13.880+0000] {dag.py:2941} INFO - Sync 1 DAGs
[2025-11-16T03:24:13.893+0000] {logging_mixin.py:154} INFO - [2025-11-16T03:24:13.893+0000] {dag.py:3722} INFO - Setting next_dagrun for sodai_drinks_production_pipeline to 2025-11-09T00:00:00+00:00, run_after=2025-11-16T00:00:00+00:00
[2025-11-16T03:24:13.902+0000] {processor.py:179} INFO - Processing /opt/airflow/dags/pipeline_productivo.py took 1.253 seconds
[2025-11-16T03:24:44.004+0000] {processor.py:157} INFO - Started process (PID=24268) to work on /opt/airflow/dags/pipeline_productivo.py
[2025-11-16T03:24:44.005+0000] {processor.py:829} INFO - Processing file /opt/airflow/dags/pipeline_productivo.py for tasks to queue
[2025-11-16T03:24:44.005+0000] {logging_mixin.py:154} INFO - [2025-11-16T03:24:44.005+0000] {dagbag.py:536} INFO - Filling up the DagBag from /opt/airflow/dags/pipeline_productivo.py
[2025-11-16T03:24:45.156+0000] {processor.py:839} INFO - DAG(s) dict_keys(['sodai_drinks_production_pipeline']) retrieved from /opt/airflow/dags/pipeline_productivo.py
[2025-11-16T03:24:45.171+0000] {logging_mixin.py:154} INFO - [2025-11-16T03:24:45.171+0000] {dag.py:2941} INFO - Sync 1 DAGs
[2025-11-16T03:24:45.183+0000] {logging_mixin.py:154} INFO - [2025-11-16T03:24:45.183+0000] {dag.py:3722} INFO - Setting next_dagrun for sodai_drinks_production_pipeline to 2025-11-09T00:00:00+00:00, run_after=2025-11-16T00:00:00+00:00
[2025-11-16T03:24:45.193+0000] {processor.py:179} INFO - Processing /opt/airflow/dags/pipeline_productivo.py took 1.191 seconds
[2025-11-16T03:25:15.269+0000] {processor.py:157} INFO - Started process (PID=24328) to work on /opt/airflow/dags/pipeline_productivo.py
[2025-11-16T03:25:15.270+0000] {processor.py:829} INFO - Processing file /opt/airflow/dags/pipeline_productivo.py for tasks to queue
[2025-11-16T03:25:15.270+0000] {logging_mixin.py:154} INFO - [2025-11-16T03:25:15.270+0000] {dagbag.py:536} INFO - Filling up the DagBag from /opt/airflow/dags/pipeline_productivo.py
[2025-11-16T03:25:16.581+0000] {processor.py:839} INFO - DAG(s) dict_keys(['sodai_drinks_production_pipeline']) retrieved from /opt/airflow/dags/pipeline_productivo.py
[2025-11-16T03:25:16.599+0000] {logging_mixin.py:154} INFO - [2025-11-16T03:25:16.598+0000] {dag.py:2941} INFO - Sync 1 DAGs
[2025-11-16T03:25:16.612+0000] {logging_mixin.py:154} INFO - [2025-11-16T03:25:16.612+0000] {dag.py:3722} INFO - Setting next_dagrun for sodai_drinks_production_pipeline to 2025-11-09T00:00:00+00:00, run_after=2025-11-16T00:00:00+00:00
[2025-11-16T03:25:16.626+0000] {processor.py:179} INFO - Processing /opt/airflow/dags/pipeline_productivo.py took 1.359 seconds
[2025-11-16T03:25:47.264+0000] {processor.py:157} INFO - Started process (PID=24387) to work on /opt/airflow/dags/pipeline_productivo.py
[2025-11-16T03:25:47.265+0000] {processor.py:829} INFO - Processing file /opt/airflow/dags/pipeline_productivo.py for tasks to queue
[2025-11-16T03:25:47.266+0000] {logging_mixin.py:154} INFO - [2025-11-16T03:25:47.266+0000] {dagbag.py:536} INFO - Filling up the DagBag from /opt/airflow/dags/pipeline_productivo.py
[2025-11-16T03:25:48.593+0000] {processor.py:839} INFO - DAG(s) dict_keys(['sodai_drinks_production_pipeline']) retrieved from /opt/airflow/dags/pipeline_productivo.py
[2025-11-16T03:25:48.608+0000] {logging_mixin.py:154} INFO - [2025-11-16T03:25:48.608+0000] {dag.py:2941} INFO - Sync 1 DAGs
[2025-11-16T03:25:48.621+0000] {logging_mixin.py:154} INFO - [2025-11-16T03:25:48.621+0000] {dag.py:3722} INFO - Setting next_dagrun for sodai_drinks_production_pipeline to 2025-11-09T00:00:00+00:00, run_after=2025-11-16T00:00:00+00:00
[2025-11-16T03:25:48.631+0000] {processor.py:179} INFO - Processing /opt/airflow/dags/pipeline_productivo.py took 1.371 seconds
[2025-11-16T03:26:18.762+0000] {processor.py:157} INFO - Started process (PID=24446) to work on /opt/airflow/dags/pipeline_productivo.py
[2025-11-16T03:26:18.762+0000] {processor.py:829} INFO - Processing file /opt/airflow/dags/pipeline_productivo.py for tasks to queue
[2025-11-16T03:26:18.763+0000] {logging_mixin.py:154} INFO - [2025-11-16T03:26:18.763+0000] {dagbag.py:536} INFO - Filling up the DagBag from /opt/airflow/dags/pipeline_productivo.py
[2025-11-16T03:26:19.961+0000] {processor.py:839} INFO - DAG(s) dict_keys(['sodai_drinks_production_pipeline']) retrieved from /opt/airflow/dags/pipeline_productivo.py
[2025-11-16T03:26:19.977+0000] {logging_mixin.py:154} INFO - [2025-11-16T03:26:19.977+0000] {dag.py:2941} INFO - Sync 1 DAGs
[2025-11-16T03:26:19.988+0000] {logging_mixin.py:154} INFO - [2025-11-16T03:26:19.988+0000] {dag.py:3722} INFO - Setting next_dagrun for sodai_drinks_production_pipeline to 2025-11-09T00:00:00+00:00, run_after=2025-11-16T00:00:00+00:00
[2025-11-16T03:26:19.998+0000] {processor.py:179} INFO - Processing /opt/airflow/dags/pipeline_productivo.py took 1.238 seconds
[2025-11-16T03:26:50.833+0000] {processor.py:157} INFO - Started process (PID=24515) to work on /opt/airflow/dags/pipeline_productivo.py
[2025-11-16T03:26:50.833+0000] {processor.py:829} INFO - Processing file /opt/airflow/dags/pipeline_productivo.py for tasks to queue
[2025-11-16T03:26:50.834+0000] {logging_mixin.py:154} INFO - [2025-11-16T03:26:50.833+0000] {dagbag.py:536} INFO - Filling up the DagBag from /opt/airflow/dags/pipeline_productivo.py
[2025-11-16T03:26:52.035+0000] {processor.py:839} INFO - DAG(s) dict_keys(['sodai_drinks_production_pipeline']) retrieved from /opt/airflow/dags/pipeline_productivo.py
[2025-11-16T03:26:52.051+0000] {logging_mixin.py:154} INFO - [2025-11-16T03:26:52.051+0000] {dag.py:2941} INFO - Sync 1 DAGs
[2025-11-16T03:26:52.063+0000] {logging_mixin.py:154} INFO - [2025-11-16T03:26:52.063+0000] {dag.py:3722} INFO - Setting next_dagrun for sodai_drinks_production_pipeline to 2025-11-09T00:00:00+00:00, run_after=2025-11-16T00:00:00+00:00
[2025-11-16T03:26:52.072+0000] {processor.py:179} INFO - Processing /opt/airflow/dags/pipeline_productivo.py took 1.242 seconds
[2025-11-16T03:27:23.032+0000] {processor.py:157} INFO - Started process (PID=24574) to work on /opt/airflow/dags/pipeline_productivo.py
[2025-11-16T03:27:23.032+0000] {processor.py:829} INFO - Processing file /opt/airflow/dags/pipeline_productivo.py for tasks to queue
[2025-11-16T03:27:23.033+0000] {logging_mixin.py:154} INFO - [2025-11-16T03:27:23.033+0000] {dagbag.py:536} INFO - Filling up the DagBag from /opt/airflow/dags/pipeline_productivo.py
[2025-11-16T03:27:24.226+0000] {processor.py:839} INFO - DAG(s) dict_keys(['sodai_drinks_production_pipeline']) retrieved from /opt/airflow/dags/pipeline_productivo.py
[2025-11-16T03:27:24.241+0000] {logging_mixin.py:154} INFO - [2025-11-16T03:27:24.241+0000] {dag.py:2941} INFO - Sync 1 DAGs
[2025-11-16T03:27:24.252+0000] {logging_mixin.py:154} INFO - [2025-11-16T03:27:24.252+0000] {dag.py:3722} INFO - Setting next_dagrun for sodai_drinks_production_pipeline to 2025-11-09T00:00:00+00:00, run_after=2025-11-16T00:00:00+00:00
[2025-11-16T03:27:24.262+0000] {processor.py:179} INFO - Processing /opt/airflow/dags/pipeline_productivo.py took 1.233 seconds
[2025-11-16T03:27:55.033+0000] {processor.py:157} INFO - Started process (PID=24638) to work on /opt/airflow/dags/pipeline_productivo.py
[2025-11-16T03:27:55.033+0000] {processor.py:829} INFO - Processing file /opt/airflow/dags/pipeline_productivo.py for tasks to queue
[2025-11-16T03:27:55.034+0000] {logging_mixin.py:154} INFO - [2025-11-16T03:27:55.034+0000] {dagbag.py:536} INFO - Filling up the DagBag from /opt/airflow/dags/pipeline_productivo.py
[2025-11-16T03:27:56.205+0000] {processor.py:839} INFO - DAG(s) dict_keys(['sodai_drinks_production_pipeline']) retrieved from /opt/airflow/dags/pipeline_productivo.py
[2025-11-16T03:27:56.221+0000] {logging_mixin.py:154} INFO - [2025-11-16T03:27:56.220+0000] {dag.py:2941} INFO - Sync 1 DAGs
[2025-11-16T03:27:56.232+0000] {logging_mixin.py:154} INFO - [2025-11-16T03:27:56.232+0000] {dag.py:3722} INFO - Setting next_dagrun for sodai_drinks_production_pipeline to 2025-11-09T00:00:00+00:00, run_after=2025-11-16T00:00:00+00:00
[2025-11-16T03:27:56.240+0000] {processor.py:179} INFO - Processing /opt/airflow/dags/pipeline_productivo.py took 1.209 seconds
[2025-11-16T03:28:27.246+0000] {processor.py:157} INFO - Started process (PID=24697) to work on /opt/airflow/dags/pipeline_productivo.py
[2025-11-16T03:28:27.246+0000] {processor.py:829} INFO - Processing file /opt/airflow/dags/pipeline_productivo.py for tasks to queue
[2025-11-16T03:28:27.247+0000] {logging_mixin.py:154} INFO - [2025-11-16T03:28:27.246+0000] {dagbag.py:536} INFO - Filling up the DagBag from /opt/airflow/dags/pipeline_productivo.py
[2025-11-16T03:28:28.427+0000] {processor.py:839} INFO - DAG(s) dict_keys(['sodai_drinks_production_pipeline']) retrieved from /opt/airflow/dags/pipeline_productivo.py
[2025-11-16T03:28:28.444+0000] {logging_mixin.py:154} INFO - [2025-11-16T03:28:28.444+0000] {dag.py:2941} INFO - Sync 1 DAGs
[2025-11-16T03:28:28.456+0000] {logging_mixin.py:154} INFO - [2025-11-16T03:28:28.456+0000] {dag.py:3722} INFO - Setting next_dagrun for sodai_drinks_production_pipeline to 2025-11-09T00:00:00+00:00, run_after=2025-11-16T00:00:00+00:00
[2025-11-16T03:28:28.466+0000] {processor.py:179} INFO - Processing /opt/airflow/dags/pipeline_productivo.py took 1.223 seconds
[2025-11-16T03:28:58.612+0000] {processor.py:157} INFO - Started process (PID=24756) to work on /opt/airflow/dags/pipeline_productivo.py
[2025-11-16T03:28:58.613+0000] {processor.py:829} INFO - Processing file /opt/airflow/dags/pipeline_productivo.py for tasks to queue
[2025-11-16T03:28:58.613+0000] {logging_mixin.py:154} INFO - [2025-11-16T03:28:58.613+0000] {dagbag.py:536} INFO - Filling up the DagBag from /opt/airflow/dags/pipeline_productivo.py
[2025-11-16T03:28:59.802+0000] {processor.py:839} INFO - DAG(s) dict_keys(['sodai_drinks_production_pipeline']) retrieved from /opt/airflow/dags/pipeline_productivo.py
[2025-11-16T03:28:59.818+0000] {logging_mixin.py:154} INFO - [2025-11-16T03:28:59.818+0000] {dag.py:2941} INFO - Sync 1 DAGs
[2025-11-16T03:28:59.833+0000] {logging_mixin.py:154} INFO - [2025-11-16T03:28:59.832+0000] {dag.py:3722} INFO - Setting next_dagrun for sodai_drinks_production_pipeline to 2025-11-09T00:00:00+00:00, run_after=2025-11-16T00:00:00+00:00
[2025-11-16T03:28:59.843+0000] {processor.py:179} INFO - Processing /opt/airflow/dags/pipeline_productivo.py took 1.233 seconds
[2025-11-16T03:29:30.887+0000] {processor.py:157} INFO - Started process (PID=24815) to work on /opt/airflow/dags/pipeline_productivo.py
[2025-11-16T03:29:30.887+0000] {processor.py:829} INFO - Processing file /opt/airflow/dags/pipeline_productivo.py for tasks to queue
[2025-11-16T03:29:30.887+0000] {logging_mixin.py:154} INFO - [2025-11-16T03:29:30.887+0000] {dagbag.py:536} INFO - Filling up the DagBag from /opt/airflow/dags/pipeline_productivo.py
[2025-11-16T03:29:32.052+0000] {processor.py:839} INFO - DAG(s) dict_keys(['sodai_drinks_production_pipeline']) retrieved from /opt/airflow/dags/pipeline_productivo.py
[2025-11-16T03:29:32.068+0000] {logging_mixin.py:154} INFO - [2025-11-16T03:29:32.067+0000] {dag.py:2941} INFO - Sync 1 DAGs
[2025-11-16T03:29:32.080+0000] {logging_mixin.py:154} INFO - [2025-11-16T03:29:32.080+0000] {dag.py:3722} INFO - Setting next_dagrun for sodai_drinks_production_pipeline to 2025-11-09T00:00:00+00:00, run_after=2025-11-16T00:00:00+00:00
[2025-11-16T03:29:32.089+0000] {processor.py:179} INFO - Processing /opt/airflow/dags/pipeline_productivo.py took 1.205 seconds
[2025-11-16T03:30:02.999+0000] {processor.py:157} INFO - Started process (PID=24874) to work on /opt/airflow/dags/pipeline_productivo.py
[2025-11-16T03:30:02.999+0000] {processor.py:829} INFO - Processing file /opt/airflow/dags/pipeline_productivo.py for tasks to queue
[2025-11-16T03:30:03.000+0000] {logging_mixin.py:154} INFO - [2025-11-16T03:30:03.000+0000] {dagbag.py:536} INFO - Filling up the DagBag from /opt/airflow/dags/pipeline_productivo.py
[2025-11-16T03:30:04.210+0000] {processor.py:839} INFO - DAG(s) dict_keys(['sodai_drinks_production_pipeline']) retrieved from /opt/airflow/dags/pipeline_productivo.py
[2025-11-16T03:30:04.227+0000] {logging_mixin.py:154} INFO - [2025-11-16T03:30:04.226+0000] {dag.py:2941} INFO - Sync 1 DAGs
[2025-11-16T03:30:04.239+0000] {logging_mixin.py:154} INFO - [2025-11-16T03:30:04.239+0000] {dag.py:3722} INFO - Setting next_dagrun for sodai_drinks_production_pipeline to 2025-11-09T00:00:00+00:00, run_after=2025-11-16T00:00:00+00:00
[2025-11-16T03:30:04.249+0000] {processor.py:179} INFO - Processing /opt/airflow/dags/pipeline_productivo.py took 1.253 seconds
[2025-11-16T03:30:35.292+0000] {processor.py:157} INFO - Started process (PID=24933) to work on /opt/airflow/dags/pipeline_productivo.py
[2025-11-16T03:30:35.293+0000] {processor.py:829} INFO - Processing file /opt/airflow/dags/pipeline_productivo.py for tasks to queue
[2025-11-16T03:30:35.293+0000] {logging_mixin.py:154} INFO - [2025-11-16T03:30:35.293+0000] {dagbag.py:536} INFO - Filling up the DagBag from /opt/airflow/dags/pipeline_productivo.py
[2025-11-16T03:30:36.523+0000] {processor.py:839} INFO - DAG(s) dict_keys(['sodai_drinks_production_pipeline']) retrieved from /opt/airflow/dags/pipeline_productivo.py
[2025-11-16T03:30:36.541+0000] {logging_mixin.py:154} INFO - [2025-11-16T03:30:36.540+0000] {dag.py:2941} INFO - Sync 1 DAGs
[2025-11-16T03:30:36.552+0000] {logging_mixin.py:154} INFO - [2025-11-16T03:30:36.552+0000] {dag.py:3722} INFO - Setting next_dagrun for sodai_drinks_production_pipeline to 2025-11-09T00:00:00+00:00, run_after=2025-11-16T00:00:00+00:00
[2025-11-16T03:30:36.561+0000] {processor.py:179} INFO - Processing /opt/airflow/dags/pipeline_productivo.py took 1.272 seconds
[2025-11-16T03:31:07.548+0000] {processor.py:157} INFO - Started process (PID=24992) to work on /opt/airflow/dags/pipeline_productivo.py
[2025-11-16T03:31:07.549+0000] {processor.py:829} INFO - Processing file /opt/airflow/dags/pipeline_productivo.py for tasks to queue
[2025-11-16T03:31:07.549+0000] {logging_mixin.py:154} INFO - [2025-11-16T03:31:07.549+0000] {dagbag.py:536} INFO - Filling up the DagBag from /opt/airflow/dags/pipeline_productivo.py
[2025-11-16T03:31:06.623+0000] {processor.py:839} INFO - DAG(s) dict_keys(['sodai_drinks_production_pipeline']) retrieved from /opt/airflow/dags/pipeline_productivo.py
[2025-11-16T03:31:06.639+0000] {logging_mixin.py:154} INFO - [2025-11-16T03:31:06.639+0000] {dag.py:2941} INFO - Sync 1 DAGs
[2025-11-16T03:31:06.651+0000] {logging_mixin.py:154} INFO - [2025-11-16T03:31:06.651+0000] {dag.py:3722} INFO - Setting next_dagrun for sodai_drinks_production_pipeline to 2025-11-09T00:00:00+00:00, run_after=2025-11-16T00:00:00+00:00
[2025-11-16T03:31:06.661+0000] {processor.py:179} INFO - Processing /opt/airflow/dags/pipeline_productivo.py took 1.286 seconds
[2025-11-16T03:31:37.661+0000] {processor.py:157} INFO - Started process (PID=25051) to work on /opt/airflow/dags/pipeline_productivo.py
[2025-11-16T03:31:37.662+0000] {processor.py:829} INFO - Processing file /opt/airflow/dags/pipeline_productivo.py for tasks to queue
[2025-11-16T03:31:37.663+0000] {logging_mixin.py:154} INFO - [2025-11-16T03:31:37.662+0000] {dagbag.py:536} INFO - Filling up the DagBag from /opt/airflow/dags/pipeline_productivo.py
[2025-11-16T03:31:38.987+0000] {processor.py:839} INFO - DAG(s) dict_keys(['sodai_drinks_production_pipeline']) retrieved from /opt/airflow/dags/pipeline_productivo.py
[2025-11-16T03:31:39.040+0000] {logging_mixin.py:154} INFO - [2025-11-16T03:31:39.039+0000] {dag.py:2941} INFO - Sync 1 DAGs
[2025-11-16T03:31:39.058+0000] {logging_mixin.py:154} INFO - [2025-11-16T03:31:39.058+0000] {dag.py:3722} INFO - Setting next_dagrun for sodai_drinks_production_pipeline to 2025-11-09T00:00:00+00:00, run_after=2025-11-16T00:00:00+00:00
[2025-11-16T03:31:39.070+0000] {processor.py:179} INFO - Processing /opt/airflow/dags/pipeline_productivo.py took 1.411 seconds
[2025-11-16T03:32:09.125+0000] {processor.py:157} INFO - Started process (PID=25110) to work on /opt/airflow/dags/pipeline_productivo.py
[2025-11-16T03:32:09.125+0000] {processor.py:829} INFO - Processing file /opt/airflow/dags/pipeline_productivo.py for tasks to queue
[2025-11-16T03:32:09.126+0000] {logging_mixin.py:154} INFO - [2025-11-16T03:32:09.126+0000] {dagbag.py:536} INFO - Filling up the DagBag from /opt/airflow/dags/pipeline_productivo.py
[2025-11-16T03:32:10.368+0000] {processor.py:839} INFO - DAG(s) dict_keys(['sodai_drinks_production_pipeline']) retrieved from /opt/airflow/dags/pipeline_productivo.py
[2025-11-16T03:32:10.394+0000] {logging_mixin.py:154} INFO - [2025-11-16T03:32:10.394+0000] {dag.py:2941} INFO - Sync 1 DAGs
[2025-11-16T03:32:10.406+0000] {logging_mixin.py:154} INFO - [2025-11-16T03:32:10.406+0000] {dag.py:3722} INFO - Setting next_dagrun for sodai_drinks_production_pipeline to 2025-11-09T00:00:00+00:00, run_after=2025-11-16T00:00:00+00:00
[2025-11-16T03:32:10.416+0000] {processor.py:179} INFO - Processing /opt/airflow/dags/pipeline_productivo.py took 1.294 seconds
[2025-11-16T03:32:41.465+0000] {processor.py:157} INFO - Started process (PID=25176) to work on /opt/airflow/dags/pipeline_productivo.py
[2025-11-16T03:32:41.466+0000] {processor.py:829} INFO - Processing file /opt/airflow/dags/pipeline_productivo.py for tasks to queue
[2025-11-16T03:32:41.467+0000] {logging_mixin.py:154} INFO - [2025-11-16T03:32:41.466+0000] {dagbag.py:536} INFO - Filling up the DagBag from /opt/airflow/dags/pipeline_productivo.py
[2025-11-16T03:32:42.704+0000] {processor.py:839} INFO - DAG(s) dict_keys(['sodai_drinks_production_pipeline']) retrieved from /opt/airflow/dags/pipeline_productivo.py
[2025-11-16T03:32:42.719+0000] {logging_mixin.py:154} INFO - [2025-11-16T03:32:42.719+0000] {dag.py:2941} INFO - Sync 1 DAGs
[2025-11-16T03:32:42.732+0000] {logging_mixin.py:154} INFO - [2025-11-16T03:32:42.732+0000] {dag.py:3722} INFO - Setting next_dagrun for sodai_drinks_production_pipeline to 2025-11-09T00:00:00+00:00, run_after=2025-11-16T00:00:00+00:00
[2025-11-16T03:32:42.743+0000] {processor.py:179} INFO - Processing /opt/airflow/dags/pipeline_productivo.py took 1.280 seconds
[2025-11-16T03:33:13.784+0000] {processor.py:157} INFO - Started process (PID=25235) to work on /opt/airflow/dags/pipeline_productivo.py
[2025-11-16T03:33:13.785+0000] {processor.py:829} INFO - Processing file /opt/airflow/dags/pipeline_productivo.py for tasks to queue
[2025-11-16T03:33:13.785+0000] {logging_mixin.py:154} INFO - [2025-11-16T03:33:13.785+0000] {dagbag.py:536} INFO - Filling up the DagBag from /opt/airflow/dags/pipeline_productivo.py
[2025-11-16T03:33:15.063+0000] {processor.py:839} INFO - DAG(s) dict_keys(['sodai_drinks_production_pipeline']) retrieved from /opt/airflow/dags/pipeline_productivo.py
[2025-11-16T03:33:15.078+0000] {logging_mixin.py:154} INFO - [2025-11-16T03:33:15.078+0000] {dag.py:2941} INFO - Sync 1 DAGs
[2025-11-16T03:33:15.089+0000] {logging_mixin.py:154} INFO - [2025-11-16T03:33:15.089+0000] {dag.py:3722} INFO - Setting next_dagrun for sodai_drinks_production_pipeline to 2025-11-09T00:00:00+00:00, run_after=2025-11-16T00:00:00+00:00
[2025-11-16T03:33:15.099+0000] {processor.py:179} INFO - Processing /opt/airflow/dags/pipeline_productivo.py took 1.318 seconds
[2025-11-16T03:33:46.110+0000] {processor.py:157} INFO - Started process (PID=25294) to work on /opt/airflow/dags/pipeline_productivo.py
[2025-11-16T03:33:46.111+0000] {processor.py:829} INFO - Processing file /opt/airflow/dags/pipeline_productivo.py for tasks to queue
[2025-11-16T03:33:46.111+0000] {logging_mixin.py:154} INFO - [2025-11-16T03:33:46.111+0000] {dagbag.py:536} INFO - Filling up the DagBag from /opt/airflow/dags/pipeline_productivo.py
[2025-11-16T03:33:47.292+0000] {processor.py:839} INFO - DAG(s) dict_keys(['sodai_drinks_production_pipeline']) retrieved from /opt/airflow/dags/pipeline_productivo.py
[2025-11-16T03:33:47.310+0000] {logging_mixin.py:154} INFO - [2025-11-16T03:33:47.309+0000] {dag.py:2941} INFO - Sync 1 DAGs
[2025-11-16T03:33:47.323+0000] {logging_mixin.py:154} INFO - [2025-11-16T03:33:47.323+0000] {dag.py:3722} INFO - Setting next_dagrun for sodai_drinks_production_pipeline to 2025-11-09T00:00:00+00:00, run_after=2025-11-16T00:00:00+00:00
[2025-11-16T03:33:47.335+0000] {processor.py:179} INFO - Processing /opt/airflow/dags/pipeline_productivo.py took 1.227 seconds
[2025-11-16T03:34:18.362+0000] {processor.py:157} INFO - Started process (PID=25353) to work on /opt/airflow/dags/pipeline_productivo.py
[2025-11-16T03:34:18.362+0000] {processor.py:829} INFO - Processing file /opt/airflow/dags/pipeline_productivo.py for tasks to queue
[2025-11-16T03:34:18.363+0000] {logging_mixin.py:154} INFO - [2025-11-16T03:34:18.362+0000] {dagbag.py:536} INFO - Filling up the DagBag from /opt/airflow/dags/pipeline_productivo.py
[2025-11-16T03:34:19.545+0000] {processor.py:839} INFO - DAG(s) dict_keys(['sodai_drinks_production_pipeline']) retrieved from /opt/airflow/dags/pipeline_productivo.py
[2025-11-16T03:34:19.561+0000] {logging_mixin.py:154} INFO - [2025-11-16T03:34:19.561+0000] {dag.py:2941} INFO - Sync 1 DAGs
[2025-11-16T03:34:19.572+0000] {logging_mixin.py:154} INFO - [2025-11-16T03:34:19.572+0000] {dag.py:3722} INFO - Setting next_dagrun for sodai_drinks_production_pipeline to 2025-11-09T00:00:00+00:00, run_after=2025-11-16T00:00:00+00:00
[2025-11-16T03:34:19.581+0000] {processor.py:179} INFO - Processing /opt/airflow/dags/pipeline_productivo.py took 1.222 seconds
[2025-11-16T03:34:50.387+0000] {processor.py:157} INFO - Started process (PID=25412) to work on /opt/airflow/dags/pipeline_productivo.py
[2025-11-16T03:34:50.387+0000] {processor.py:829} INFO - Processing file /opt/airflow/dags/pipeline_productivo.py for tasks to queue
[2025-11-16T03:34:50.388+0000] {logging_mixin.py:154} INFO - [2025-11-16T03:34:50.388+0000] {dagbag.py:536} INFO - Filling up the DagBag from /opt/airflow/dags/pipeline_productivo.py
[2025-11-16T03:34:49.311+0000] {processor.py:839} INFO - DAG(s) dict_keys(['sodai_drinks_production_pipeline']) retrieved from /opt/airflow/dags/pipeline_productivo.py
[2025-11-16T03:34:49.332+0000] {logging_mixin.py:154} INFO - [2025-11-16T03:34:49.332+0000] {dag.py:2941} INFO - Sync 1 DAGs
[2025-11-16T03:34:49.349+0000] {logging_mixin.py:154} INFO - [2025-11-16T03:34:49.349+0000] {dag.py:3722} INFO - Setting next_dagrun for sodai_drinks_production_pipeline to 2025-11-09T00:00:00+00:00, run_after=2025-11-16T00:00:00+00:00
[2025-11-16T03:34:49.363+0000] {processor.py:179} INFO - Processing /opt/airflow/dags/pipeline_productivo.py took 1.247 seconds
[2025-11-16T03:35:20.409+0000] {processor.py:157} INFO - Started process (PID=25471) to work on /opt/airflow/dags/pipeline_productivo.py
[2025-11-16T03:35:20.410+0000] {processor.py:829} INFO - Processing file /opt/airflow/dags/pipeline_productivo.py for tasks to queue
[2025-11-16T03:35:20.411+0000] {logging_mixin.py:154} INFO - [2025-11-16T03:35:20.410+0000] {dagbag.py:536} INFO - Filling up the DagBag from /opt/airflow/dags/pipeline_productivo.py
[2025-11-16T03:35:21.623+0000] {processor.py:839} INFO - DAG(s) dict_keys(['sodai_drinks_production_pipeline']) retrieved from /opt/airflow/dags/pipeline_productivo.py
[2025-11-16T03:35:21.641+0000] {logging_mixin.py:154} INFO - [2025-11-16T03:35:21.641+0000] {dag.py:2941} INFO - Sync 1 DAGs
[2025-11-16T03:35:21.653+0000] {logging_mixin.py:154} INFO - [2025-11-16T03:35:21.653+0000] {dag.py:3722} INFO - Setting next_dagrun for sodai_drinks_production_pipeline to 2025-11-09T00:00:00+00:00, run_after=2025-11-16T00:00:00+00:00
[2025-11-16T03:35:21.663+0000] {processor.py:179} INFO - Processing /opt/airflow/dags/pipeline_productivo.py took 1.257 seconds
[2025-11-16T03:35:52.653+0000] {processor.py:157} INFO - Started process (PID=25530) to work on /opt/airflow/dags/pipeline_productivo.py
[2025-11-16T03:35:52.654+0000] {processor.py:829} INFO - Processing file /opt/airflow/dags/pipeline_productivo.py for tasks to queue
[2025-11-16T03:35:52.654+0000] {logging_mixin.py:154} INFO - [2025-11-16T03:35:52.654+0000] {dagbag.py:536} INFO - Filling up the DagBag from /opt/airflow/dags/pipeline_productivo.py
[2025-11-16T03:35:53.853+0000] {processor.py:839} INFO - DAG(s) dict_keys(['sodai_drinks_production_pipeline']) retrieved from /opt/airflow/dags/pipeline_productivo.py
[2025-11-16T03:35:53.869+0000] {logging_mixin.py:154} INFO - [2025-11-16T03:35:53.869+0000] {dag.py:2941} INFO - Sync 1 DAGs
[2025-11-16T03:35:53.881+0000] {logging_mixin.py:154} INFO - [2025-11-16T03:35:53.881+0000] {dag.py:3722} INFO - Setting next_dagrun for sodai_drinks_production_pipeline to 2025-11-09T00:00:00+00:00, run_after=2025-11-16T00:00:00+00:00
[2025-11-16T03:35:53.890+0000] {processor.py:179} INFO - Processing /opt/airflow/dags/pipeline_productivo.py took 1.239 seconds
[2025-11-16T03:36:24.944+0000] {processor.py:157} INFO - Started process (PID=25589) to work on /opt/airflow/dags/pipeline_productivo.py
[2025-11-16T03:36:24.945+0000] {processor.py:829} INFO - Processing file /opt/airflow/dags/pipeline_productivo.py for tasks to queue
[2025-11-16T03:36:24.946+0000] {logging_mixin.py:154} INFO - [2025-11-16T03:36:24.946+0000] {dagbag.py:536} INFO - Filling up the DagBag from /opt/airflow/dags/pipeline_productivo.py
[2025-11-16T03:36:26.089+0000] {processor.py:839} INFO - DAG(s) dict_keys(['sodai_drinks_production_pipeline']) retrieved from /opt/airflow/dags/pipeline_productivo.py
[2025-11-16T03:36:26.105+0000] {logging_mixin.py:154} INFO - [2025-11-16T03:36:26.104+0000] {dag.py:2941} INFO - Sync 1 DAGs
[2025-11-16T03:36:26.116+0000] {logging_mixin.py:154} INFO - [2025-11-16T03:36:26.116+0000] {dag.py:3722} INFO - Setting next_dagrun for sodai_drinks_production_pipeline to 2025-11-09T00:00:00+00:00, run_after=2025-11-16T00:00:00+00:00
[2025-11-16T03:36:26.125+0000] {processor.py:179} INFO - Processing /opt/airflow/dags/pipeline_productivo.py took 1.184 seconds
[2025-11-16T03:36:56.344+0000] {processor.py:157} INFO - Started process (PID=25664) to work on /opt/airflow/dags/pipeline_productivo.py
[2025-11-16T03:36:56.345+0000] {processor.py:829} INFO - Processing file /opt/airflow/dags/pipeline_productivo.py for tasks to queue
[2025-11-16T03:36:56.345+0000] {logging_mixin.py:154} INFO - [2025-11-16T03:36:56.345+0000] {dagbag.py:536} INFO - Filling up the DagBag from /opt/airflow/dags/pipeline_productivo.py
[2025-11-16T03:36:57.519+0000] {processor.py:839} INFO - DAG(s) dict_keys(['sodai_drinks_production_pipeline']) retrieved from /opt/airflow/dags/pipeline_productivo.py
[2025-11-16T03:36:57.534+0000] {logging_mixin.py:154} INFO - [2025-11-16T03:36:57.534+0000] {dag.py:2941} INFO - Sync 1 DAGs
[2025-11-16T03:36:57.545+0000] {logging_mixin.py:154} INFO - [2025-11-16T03:36:57.545+0000] {dag.py:3722} INFO - Setting next_dagrun for sodai_drinks_production_pipeline to 2025-11-09T00:00:00+00:00, run_after=2025-11-16T00:00:00+00:00
[2025-11-16T03:36:57.554+0000] {processor.py:179} INFO - Processing /opt/airflow/dags/pipeline_productivo.py took 1.212 seconds
[2025-11-16T03:37:27.646+0000] {processor.py:157} INFO - Started process (PID=25723) to work on /opt/airflow/dags/pipeline_productivo.py
[2025-11-16T03:37:27.646+0000] {processor.py:829} INFO - Processing file /opt/airflow/dags/pipeline_productivo.py for tasks to queue
[2025-11-16T03:37:27.647+0000] {logging_mixin.py:154} INFO - [2025-11-16T03:37:27.647+0000] {dagbag.py:536} INFO - Filling up the DagBag from /opt/airflow/dags/pipeline_productivo.py
[2025-11-16T03:37:29.224+0000] {processor.py:839} INFO - DAG(s) dict_keys(['sodai_drinks_production_pipeline']) retrieved from /opt/airflow/dags/pipeline_productivo.py
[2025-11-16T03:37:29.244+0000] {logging_mixin.py:154} INFO - [2025-11-16T03:37:29.243+0000] {dag.py:2941} INFO - Sync 1 DAGs
[2025-11-16T03:37:29.260+0000] {logging_mixin.py:154} INFO - [2025-11-16T03:37:29.260+0000] {dag.py:3722} INFO - Setting next_dagrun for sodai_drinks_production_pipeline to 2025-11-09T00:00:00+00:00, run_after=2025-11-16T00:00:00+00:00
[2025-11-16T03:37:29.273+0000] {processor.py:179} INFO - Processing /opt/airflow/dags/pipeline_productivo.py took 1.631 seconds
[2025-11-16T03:37:59.594+0000] {processor.py:157} INFO - Started process (PID=25782) to work on /opt/airflow/dags/pipeline_productivo.py
[2025-11-16T03:37:59.594+0000] {processor.py:829} INFO - Processing file /opt/airflow/dags/pipeline_productivo.py for tasks to queue
[2025-11-16T03:37:59.595+0000] {logging_mixin.py:154} INFO - [2025-11-16T03:37:59.594+0000] {dagbag.py:536} INFO - Filling up the DagBag from /opt/airflow/dags/pipeline_productivo.py
[2025-11-16T03:38:00.795+0000] {processor.py:839} INFO - DAG(s) dict_keys(['sodai_drinks_production_pipeline']) retrieved from /opt/airflow/dags/pipeline_productivo.py
[2025-11-16T03:38:00.811+0000] {logging_mixin.py:154} INFO - [2025-11-16T03:38:00.811+0000] {dag.py:2941} INFO - Sync 1 DAGs
[2025-11-16T03:38:00.823+0000] {logging_mixin.py:154} INFO - [2025-11-16T03:38:00.822+0000] {dag.py:3722} INFO - Setting next_dagrun for sodai_drinks_production_pipeline to 2025-11-09T00:00:00+00:00, run_after=2025-11-16T00:00:00+00:00
[2025-11-16T03:38:00.833+0000] {processor.py:179} INFO - Processing /opt/airflow/dags/pipeline_productivo.py took 1.242 seconds
[2025-11-16T03:38:30.901+0000] {processor.py:157} INFO - Started process (PID=25846) to work on /opt/airflow/dags/pipeline_productivo.py
[2025-11-16T03:38:30.902+0000] {processor.py:829} INFO - Processing file /opt/airflow/dags/pipeline_productivo.py for tasks to queue
[2025-11-16T03:38:30.902+0000] {logging_mixin.py:154} INFO - [2025-11-16T03:38:30.902+0000] {dagbag.py:536} INFO - Filling up the DagBag from /opt/airflow/dags/pipeline_productivo.py
[2025-11-16T03:38:32.208+0000] {processor.py:839} INFO - DAG(s) dict_keys(['sodai_drinks_production_pipeline']) retrieved from /opt/airflow/dags/pipeline_productivo.py
[2025-11-16T03:38:32.226+0000] {logging_mixin.py:154} INFO - [2025-11-16T03:38:32.225+0000] {dag.py:2941} INFO - Sync 1 DAGs
[2025-11-16T03:38:32.237+0000] {logging_mixin.py:154} INFO - [2025-11-16T03:38:32.237+0000] {dag.py:3722} INFO - Setting next_dagrun for sodai_drinks_production_pipeline to 2025-11-09T00:00:00+00:00, run_after=2025-11-16T00:00:00+00:00
[2025-11-16T03:38:32.247+0000] {processor.py:179} INFO - Processing /opt/airflow/dags/pipeline_productivo.py took 1.348 seconds
[2025-11-16T03:39:03.004+0000] {processor.py:157} INFO - Started process (PID=25905) to work on /opt/airflow/dags/pipeline_productivo.py
[2025-11-16T03:39:03.004+0000] {processor.py:829} INFO - Processing file /opt/airflow/dags/pipeline_productivo.py for tasks to queue
[2025-11-16T03:39:03.005+0000] {logging_mixin.py:154} INFO - [2025-11-16T03:39:03.004+0000] {dagbag.py:536} INFO - Filling up the DagBag from /opt/airflow/dags/pipeline_productivo.py
[2025-11-16T03:39:04.171+0000] {processor.py:839} INFO - DAG(s) dict_keys(['sodai_drinks_production_pipeline']) retrieved from /opt/airflow/dags/pipeline_productivo.py
[2025-11-16T03:39:04.186+0000] {logging_mixin.py:154} INFO - [2025-11-16T03:39:04.185+0000] {dag.py:2941} INFO - Sync 1 DAGs
[2025-11-16T03:39:04.197+0000] {logging_mixin.py:154} INFO - [2025-11-16T03:39:04.197+0000] {dag.py:3722} INFO - Setting next_dagrun for sodai_drinks_production_pipeline to 2025-11-09T00:00:00+00:00, run_after=2025-11-16T00:00:00+00:00
[2025-11-16T03:39:04.206+0000] {processor.py:179} INFO - Processing /opt/airflow/dags/pipeline_productivo.py took 1.205 seconds
[2025-11-16T03:39:34.361+0000] {processor.py:157} INFO - Started process (PID=25964) to work on /opt/airflow/dags/pipeline_productivo.py
[2025-11-16T03:39:34.362+0000] {processor.py:829} INFO - Processing file /opt/airflow/dags/pipeline_productivo.py for tasks to queue
[2025-11-16T03:39:34.363+0000] {logging_mixin.py:154} INFO - [2025-11-16T03:39:34.363+0000] {dagbag.py:536} INFO - Filling up the DagBag from /opt/airflow/dags/pipeline_productivo.py
[2025-11-16T03:39:35.514+0000] {processor.py:839} INFO - DAG(s) dict_keys(['sodai_drinks_production_pipeline']) retrieved from /opt/airflow/dags/pipeline_productivo.py
[2025-11-16T03:39:35.528+0000] {logging_mixin.py:154} INFO - [2025-11-16T03:39:35.528+0000] {dag.py:2941} INFO - Sync 1 DAGs
[2025-11-16T03:39:35.543+0000] {logging_mixin.py:154} INFO - [2025-11-16T03:39:35.543+0000] {dag.py:3722} INFO - Setting next_dagrun for sodai_drinks_production_pipeline to 2025-11-09T00:00:00+00:00, run_after=2025-11-16T00:00:00+00:00
[2025-11-16T03:39:35.553+0000] {processor.py:179} INFO - Processing /opt/airflow/dags/pipeline_productivo.py took 1.194 seconds
[2025-11-16T03:40:06.524+0000] {processor.py:157} INFO - Started process (PID=26023) to work on /opt/airflow/dags/pipeline_productivo.py
[2025-11-16T03:40:06.525+0000] {processor.py:829} INFO - Processing file /opt/airflow/dags/pipeline_productivo.py for tasks to queue
[2025-11-16T03:40:06.525+0000] {logging_mixin.py:154} INFO - [2025-11-16T03:40:06.525+0000] {dagbag.py:536} INFO - Filling up the DagBag from /opt/airflow/dags/pipeline_productivo.py
[2025-11-16T03:40:07.802+0000] {processor.py:839} INFO - DAG(s) dict_keys(['sodai_drinks_production_pipeline']) retrieved from /opt/airflow/dags/pipeline_productivo.py
[2025-11-16T03:40:07.820+0000] {logging_mixin.py:154} INFO - [2025-11-16T03:40:07.819+0000] {dag.py:2941} INFO - Sync 1 DAGs
[2025-11-16T03:40:07.834+0000] {logging_mixin.py:154} INFO - [2025-11-16T03:40:07.834+0000] {dag.py:3722} INFO - Setting next_dagrun for sodai_drinks_production_pipeline to 2025-11-09T00:00:00+00:00, run_after=2025-11-16T00:00:00+00:00
[2025-11-16T03:40:07.845+0000] {processor.py:179} INFO - Processing /opt/airflow/dags/pipeline_productivo.py took 1.323 seconds
[2025-11-16T03:40:38.862+0000] {processor.py:157} INFO - Started process (PID=26082) to work on /opt/airflow/dags/pipeline_productivo.py
[2025-11-16T03:40:38.862+0000] {processor.py:829} INFO - Processing file /opt/airflow/dags/pipeline_productivo.py for tasks to queue
[2025-11-16T03:40:38.863+0000] {logging_mixin.py:154} INFO - [2025-11-16T03:40:38.863+0000] {dagbag.py:536} INFO - Filling up the DagBag from /opt/airflow/dags/pipeline_productivo.py
[2025-11-16T03:40:40.347+0000] {processor.py:839} INFO - DAG(s) dict_keys(['sodai_drinks_production_pipeline']) retrieved from /opt/airflow/dags/pipeline_productivo.py
[2025-11-16T03:40:40.364+0000] {logging_mixin.py:154} INFO - [2025-11-16T03:40:40.364+0000] {dag.py:2941} INFO - Sync 1 DAGs
[2025-11-16T03:40:40.377+0000] {logging_mixin.py:154} INFO - [2025-11-16T03:40:40.377+0000] {dag.py:3722} INFO - Setting next_dagrun for sodai_drinks_production_pipeline to 2025-11-09T00:00:00+00:00, run_after=2025-11-16T00:00:00+00:00
[2025-11-16T03:40:40.389+0000] {processor.py:179} INFO - Processing /opt/airflow/dags/pipeline_productivo.py took 1.530 seconds
[2025-11-16T03:41:11.333+0000] {processor.py:157} INFO - Started process (PID=26141) to work on /opt/airflow/dags/pipeline_productivo.py
[2025-11-16T03:41:11.333+0000] {processor.py:829} INFO - Processing file /opt/airflow/dags/pipeline_productivo.py for tasks to queue
[2025-11-16T03:41:11.334+0000] {logging_mixin.py:154} INFO - [2025-11-16T03:41:11.334+0000] {dagbag.py:536} INFO - Filling up the DagBag from /opt/airflow/dags/pipeline_productivo.py
[2025-11-16T03:41:12.681+0000] {processor.py:839} INFO - DAG(s) dict_keys(['sodai_drinks_production_pipeline']) retrieved from /opt/airflow/dags/pipeline_productivo.py
[2025-11-16T03:41:12.696+0000] {logging_mixin.py:154} INFO - [2025-11-16T03:41:12.696+0000] {dag.py:2941} INFO - Sync 1 DAGs
[2025-11-16T03:41:12.709+0000] {logging_mixin.py:154} INFO - [2025-11-16T03:41:12.709+0000] {dag.py:3722} INFO - Setting next_dagrun for sodai_drinks_production_pipeline to 2025-11-09T00:00:00+00:00, run_after=2025-11-16T00:00:00+00:00
[2025-11-16T03:41:12.719+0000] {processor.py:179} INFO - Processing /opt/airflow/dags/pipeline_productivo.py took 1.389 seconds
[2025-11-16T03:41:42.785+0000] {processor.py:157} INFO - Started process (PID=26200) to work on /opt/airflow/dags/pipeline_productivo.py
[2025-11-16T03:41:42.787+0000] {processor.py:829} INFO - Processing file /opt/airflow/dags/pipeline_productivo.py for tasks to queue
[2025-11-16T03:41:42.787+0000] {logging_mixin.py:154} INFO - [2025-11-16T03:41:42.787+0000] {dagbag.py:536} INFO - Filling up the DagBag from /opt/airflow/dags/pipeline_productivo.py
[2025-11-16T03:41:44.190+0000] {processor.py:839} INFO - DAG(s) dict_keys(['sodai_drinks_production_pipeline']) retrieved from /opt/airflow/dags/pipeline_productivo.py
[2025-11-16T03:41:44.211+0000] {logging_mixin.py:154} INFO - [2025-11-16T03:41:44.211+0000] {dag.py:2941} INFO - Sync 1 DAGs
[2025-11-16T03:41:44.225+0000] {logging_mixin.py:154} INFO - [2025-11-16T03:41:44.225+0000] {dag.py:3722} INFO - Setting next_dagrun for sodai_drinks_production_pipeline to 2025-11-09T00:00:00+00:00, run_after=2025-11-16T00:00:00+00:00
[2025-11-16T03:41:44.236+0000] {processor.py:179} INFO - Processing /opt/airflow/dags/pipeline_productivo.py took 1.454 seconds
[2025-11-16T03:42:14.524+0000] {processor.py:157} INFO - Started process (PID=26259) to work on /opt/airflow/dags/pipeline_productivo.py
[2025-11-16T03:42:14.525+0000] {processor.py:829} INFO - Processing file /opt/airflow/dags/pipeline_productivo.py for tasks to queue
[2025-11-16T03:42:14.526+0000] {logging_mixin.py:154} INFO - [2025-11-16T03:42:14.526+0000] {dagbag.py:536} INFO - Filling up the DagBag from /opt/airflow/dags/pipeline_productivo.py
[2025-11-16T03:42:13.753+0000] {processor.py:839} INFO - DAG(s) dict_keys(['sodai_drinks_production_pipeline']) retrieved from /opt/airflow/dags/pipeline_productivo.py
[2025-11-16T03:42:13.770+0000] {logging_mixin.py:154} INFO - [2025-11-16T03:42:13.769+0000] {dag.py:2941} INFO - Sync 1 DAGs
[2025-11-16T03:42:13.782+0000] {logging_mixin.py:154} INFO - [2025-11-16T03:42:13.782+0000] {dag.py:3722} INFO - Setting next_dagrun for sodai_drinks_production_pipeline to 2025-11-09T00:00:00+00:00, run_after=2025-11-16T00:00:00+00:00
[2025-11-16T03:42:13.792+0000] {processor.py:179} INFO - Processing /opt/airflow/dags/pipeline_productivo.py took 1.437 seconds
[2025-11-16T03:42:43.958+0000] {processor.py:157} INFO - Started process (PID=26318) to work on /opt/airflow/dags/pipeline_productivo.py
[2025-11-16T03:42:43.958+0000] {processor.py:829} INFO - Processing file /opt/airflow/dags/pipeline_productivo.py for tasks to queue
[2025-11-16T03:42:43.959+0000] {logging_mixin.py:154} INFO - [2025-11-16T03:42:43.959+0000] {dagbag.py:536} INFO - Filling up the DagBag from /opt/airflow/dags/pipeline_productivo.py
[2025-11-16T03:42:46.568+0000] {processor.py:839} INFO - DAG(s) dict_keys(['sodai_drinks_production_pipeline']) retrieved from /opt/airflow/dags/pipeline_productivo.py
[2025-11-16T03:42:46.586+0000] {logging_mixin.py:154} INFO - [2025-11-16T03:42:46.585+0000] {dag.py:2941} INFO - Sync 1 DAGs
[2025-11-16T03:42:46.597+0000] {logging_mixin.py:154} INFO - [2025-11-16T03:42:46.597+0000] {dag.py:3722} INFO - Setting next_dagrun for sodai_drinks_production_pipeline to 2025-11-09T00:00:00+00:00, run_after=2025-11-16T00:00:00+00:00
[2025-11-16T03:42:46.606+0000] {processor.py:179} INFO - Processing /opt/airflow/dags/pipeline_productivo.py took 2.651 seconds
[2025-11-16T03:43:16.723+0000] {processor.py:157} INFO - Started process (PID=26377) to work on /opt/airflow/dags/pipeline_productivo.py
[2025-11-16T03:43:16.724+0000] {processor.py:829} INFO - Processing file /opt/airflow/dags/pipeline_productivo.py for tasks to queue
[2025-11-16T03:43:16.725+0000] {logging_mixin.py:154} INFO - [2025-11-16T03:43:16.725+0000] {dagbag.py:536} INFO - Filling up the DagBag from /opt/airflow/dags/pipeline_productivo.py
[2025-11-16T03:43:28.659+0000] {processor.py:839} INFO - DAG(s) dict_keys(['sodai_drinks_production_pipeline']) retrieved from /opt/airflow/dags/pipeline_productivo.py
[2025-11-16T03:43:28.679+0000] {logging_mixin.py:154} INFO - [2025-11-16T03:43:28.679+0000] {dag.py:2941} INFO - Sync 1 DAGs
[2025-11-16T03:43:28.698+0000] {logging_mixin.py:154} INFO - [2025-11-16T03:43:28.698+0000] {dag.py:3722} INFO - Setting next_dagrun for sodai_drinks_production_pipeline to 2025-11-09T00:00:00+00:00, run_after=2025-11-16T00:00:00+00:00
[2025-11-16T03:43:28.710+0000] {processor.py:179} INFO - Processing /opt/airflow/dags/pipeline_productivo.py took 11.989 seconds
[2025-11-16T03:43:58.963+0000] {processor.py:157} INFO - Started process (PID=26436) to work on /opt/airflow/dags/pipeline_productivo.py
[2025-11-16T03:43:58.964+0000] {processor.py:829} INFO - Processing file /opt/airflow/dags/pipeline_productivo.py for tasks to queue
[2025-11-16T03:43:58.964+0000] {logging_mixin.py:154} INFO - [2025-11-16T03:43:58.964+0000] {dagbag.py:536} INFO - Filling up the DagBag from /opt/airflow/dags/pipeline_productivo.py
[2025-11-16T03:44:00.193+0000] {processor.py:839} INFO - DAG(s) dict_keys(['sodai_drinks_production_pipeline']) retrieved from /opt/airflow/dags/pipeline_productivo.py
[2025-11-16T03:44:00.212+0000] {logging_mixin.py:154} INFO - [2025-11-16T03:44:00.211+0000] {dag.py:2941} INFO - Sync 1 DAGs
[2025-11-16T03:44:00.225+0000] {logging_mixin.py:154} INFO - [2025-11-16T03:44:00.225+0000] {dag.py:3722} INFO - Setting next_dagrun for sodai_drinks_production_pipeline to 2025-11-09T00:00:00+00:00, run_after=2025-11-16T00:00:00+00:00
[2025-11-16T03:44:00.234+0000] {processor.py:179} INFO - Processing /opt/airflow/dags/pipeline_productivo.py took 1.274 seconds
[2025-11-16T03:44:30.927+0000] {processor.py:157} INFO - Started process (PID=26495) to work on /opt/airflow/dags/pipeline_productivo.py
[2025-11-16T03:44:30.928+0000] {processor.py:829} INFO - Processing file /opt/airflow/dags/pipeline_productivo.py for tasks to queue
[2025-11-16T03:44:30.928+0000] {logging_mixin.py:154} INFO - [2025-11-16T03:44:30.928+0000] {dagbag.py:536} INFO - Filling up the DagBag from /opt/airflow/dags/pipeline_productivo.py
[2025-11-16T03:44:32.370+0000] {processor.py:839} INFO - DAG(s) dict_keys(['sodai_drinks_production_pipeline']) retrieved from /opt/airflow/dags/pipeline_productivo.py
[2025-11-16T03:44:32.387+0000] {logging_mixin.py:154} INFO - [2025-11-16T03:44:32.387+0000] {dag.py:2941} INFO - Sync 1 DAGs
[2025-11-16T03:44:32.400+0000] {logging_mixin.py:154} INFO - [2025-11-16T03:44:32.400+0000] {dag.py:3722} INFO - Setting next_dagrun for sodai_drinks_production_pipeline to 2025-11-09T00:00:00+00:00, run_after=2025-11-16T00:00:00+00:00
[2025-11-16T03:44:32.410+0000] {processor.py:179} INFO - Processing /opt/airflow/dags/pipeline_productivo.py took 1.487 seconds
[2025-11-16T03:45:03.180+0000] {processor.py:157} INFO - Started process (PID=26562) to work on /opt/airflow/dags/pipeline_productivo.py
[2025-11-16T03:45:03.180+0000] {processor.py:829} INFO - Processing file /opt/airflow/dags/pipeline_productivo.py for tasks to queue
[2025-11-16T03:45:03.181+0000] {logging_mixin.py:154} INFO - [2025-11-16T03:45:03.181+0000] {dagbag.py:536} INFO - Filling up the DagBag from /opt/airflow/dags/pipeline_productivo.py
[2025-11-16T03:45:04.407+0000] {processor.py:839} INFO - DAG(s) dict_keys(['sodai_drinks_production_pipeline']) retrieved from /opt/airflow/dags/pipeline_productivo.py
[2025-11-16T03:45:04.424+0000] {logging_mixin.py:154} INFO - [2025-11-16T03:45:04.423+0000] {dag.py:2941} INFO - Sync 1 DAGs
[2025-11-16T03:45:04.437+0000] {logging_mixin.py:154} INFO - [2025-11-16T03:45:04.436+0000] {dag.py:3722} INFO - Setting next_dagrun for sodai_drinks_production_pipeline to 2025-11-09T00:00:00+00:00, run_after=2025-11-16T00:00:00+00:00
[2025-11-16T03:45:04.448+0000] {processor.py:179} INFO - Processing /opt/airflow/dags/pipeline_productivo.py took 1.271 seconds
[2025-11-16T03:45:34.601+0000] {processor.py:157} INFO - Started process (PID=26621) to work on /opt/airflow/dags/pipeline_productivo.py
[2025-11-16T03:45:34.602+0000] {processor.py:829} INFO - Processing file /opt/airflow/dags/pipeline_productivo.py for tasks to queue
[2025-11-16T03:45:34.602+0000] {logging_mixin.py:154} INFO - [2025-11-16T03:45:34.602+0000] {dagbag.py:536} INFO - Filling up the DagBag from /opt/airflow/dags/pipeline_productivo.py
[2025-11-16T03:45:35.917+0000] {processor.py:839} INFO - DAG(s) dict_keys(['sodai_drinks_production_pipeline']) retrieved from /opt/airflow/dags/pipeline_productivo.py
[2025-11-16T03:45:35.932+0000] {logging_mixin.py:154} INFO - [2025-11-16T03:45:35.932+0000] {dag.py:2941} INFO - Sync 1 DAGs
[2025-11-16T03:45:35.944+0000] {logging_mixin.py:154} INFO - [2025-11-16T03:45:35.944+0000] {dag.py:3722} INFO - Setting next_dagrun for sodai_drinks_production_pipeline to 2025-11-09T00:00:00+00:00, run_after=2025-11-16T00:00:00+00:00
[2025-11-16T03:45:35.954+0000] {processor.py:179} INFO - Processing /opt/airflow/dags/pipeline_productivo.py took 1.355 seconds
[2025-11-16T03:46:06.827+0000] {processor.py:157} INFO - Started process (PID=26690) to work on /opt/airflow/dags/pipeline_productivo.py
[2025-11-16T03:46:06.828+0000] {processor.py:829} INFO - Processing file /opt/airflow/dags/pipeline_productivo.py for tasks to queue
[2025-11-16T03:46:06.828+0000] {logging_mixin.py:154} INFO - [2025-11-16T03:46:06.828+0000] {dagbag.py:536} INFO - Filling up the DagBag from /opt/airflow/dags/pipeline_productivo.py
[2025-11-16T03:46:08.008+0000] {processor.py:839} INFO - DAG(s) dict_keys(['sodai_drinks_production_pipeline']) retrieved from /opt/airflow/dags/pipeline_productivo.py
[2025-11-16T03:46:08.022+0000] {logging_mixin.py:154} INFO - [2025-11-16T03:46:08.022+0000] {dag.py:2941} INFO - Sync 1 DAGs
[2025-11-16T03:46:08.034+0000] {logging_mixin.py:154} INFO - [2025-11-16T03:46:08.034+0000] {dag.py:3722} INFO - Setting next_dagrun for sodai_drinks_production_pipeline to 2025-11-09T00:00:00+00:00, run_after=2025-11-16T00:00:00+00:00
[2025-11-16T03:46:08.043+0000] {processor.py:179} INFO - Processing /opt/airflow/dags/pipeline_productivo.py took 1.218 seconds
