[2025-12-05T00:02:24.296+0000] {processor.py:157} INFO - Started process (PID=16528) to work on /opt/airflow/dags/utils/__init__.py
[2025-12-05T00:02:24.298+0000] {processor.py:829} INFO - Processing file /opt/airflow/dags/utils/__init__.py for tasks to queue
[2025-12-05T00:02:24.299+0000] {logging_mixin.py:154} INFO - [2025-12-05T00:02:24.298+0000] {dagbag.py:536} INFO - Filling up the DagBag from /opt/airflow/dags/utils/__init__.py
[2025-12-05T00:02:24.302+0000] {processor.py:841} WARNING - No viable dags retrieved from /opt/airflow/dags/utils/__init__.py
[2025-12-05T00:02:24.360+0000] {processor.py:179} INFO - Processing /opt/airflow/dags/utils/__init__.py took 0.071 seconds
[2025-12-05T00:02:55.382+0000] {processor.py:157} INFO - Started process (PID=16586) to work on /opt/airflow/dags/utils/__init__.py
[2025-12-05T00:02:55.383+0000] {processor.py:829} INFO - Processing file /opt/airflow/dags/utils/__init__.py for tasks to queue
[2025-12-05T00:02:55.384+0000] {logging_mixin.py:154} INFO - [2025-12-05T00:02:55.383+0000] {dagbag.py:536} INFO - Filling up the DagBag from /opt/airflow/dags/utils/__init__.py
[2025-12-05T00:02:55.386+0000] {processor.py:841} WARNING - No viable dags retrieved from /opt/airflow/dags/utils/__init__.py
[2025-12-05T00:02:55.399+0000] {processor.py:179} INFO - Processing /opt/airflow/dags/utils/__init__.py took 0.020 seconds
[2025-12-05T00:03:25.528+0000] {processor.py:157} INFO - Started process (PID=16645) to work on /opt/airflow/dags/utils/__init__.py
[2025-12-05T00:03:25.529+0000] {processor.py:829} INFO - Processing file /opt/airflow/dags/utils/__init__.py for tasks to queue
[2025-12-05T00:03:25.530+0000] {logging_mixin.py:154} INFO - [2025-12-05T00:03:25.529+0000] {dagbag.py:536} INFO - Filling up the DagBag from /opt/airflow/dags/utils/__init__.py
[2025-12-05T00:03:25.531+0000] {processor.py:841} WARNING - No viable dags retrieved from /opt/airflow/dags/utils/__init__.py
[2025-12-05T00:03:25.546+0000] {processor.py:179} INFO - Processing /opt/airflow/dags/utils/__init__.py took 0.021 seconds
[2025-12-05T00:03:55.625+0000] {processor.py:157} INFO - Started process (PID=16705) to work on /opt/airflow/dags/utils/__init__.py
[2025-12-05T00:03:55.626+0000] {processor.py:829} INFO - Processing file /opt/airflow/dags/utils/__init__.py for tasks to queue
[2025-12-05T00:03:55.627+0000] {logging_mixin.py:154} INFO - [2025-12-05T00:03:55.626+0000] {dagbag.py:536} INFO - Filling up the DagBag from /opt/airflow/dags/utils/__init__.py
[2025-12-05T00:03:55.628+0000] {processor.py:841} WARNING - No viable dags retrieved from /opt/airflow/dags/utils/__init__.py
[2025-12-05T00:03:55.640+0000] {processor.py:179} INFO - Processing /opt/airflow/dags/utils/__init__.py took 0.019 seconds
[2025-12-05T00:04:25.825+0000] {processor.py:157} INFO - Started process (PID=16764) to work on /opt/airflow/dags/utils/__init__.py
[2025-12-05T00:04:25.826+0000] {processor.py:829} INFO - Processing file /opt/airflow/dags/utils/__init__.py for tasks to queue
[2025-12-05T00:04:25.827+0000] {logging_mixin.py:154} INFO - [2025-12-05T00:04:25.827+0000] {dagbag.py:536} INFO - Filling up the DagBag from /opt/airflow/dags/utils/__init__.py
[2025-12-05T00:04:25.829+0000] {processor.py:841} WARNING - No viable dags retrieved from /opt/airflow/dags/utils/__init__.py
[2025-12-05T00:04:25.840+0000] {processor.py:179} INFO - Processing /opt/airflow/dags/utils/__init__.py took 0.017 seconds
[2025-12-05T00:04:55.877+0000] {processor.py:157} INFO - Started process (PID=16816) to work on /opt/airflow/dags/utils/__init__.py
[2025-12-05T00:04:55.878+0000] {processor.py:829} INFO - Processing file /opt/airflow/dags/utils/__init__.py for tasks to queue
[2025-12-05T00:04:55.878+0000] {logging_mixin.py:154} INFO - [2025-12-05T00:04:55.878+0000] {dagbag.py:536} INFO - Filling up the DagBag from /opt/airflow/dags/utils/__init__.py
[2025-12-05T00:04:55.880+0000] {processor.py:841} WARNING - No viable dags retrieved from /opt/airflow/dags/utils/__init__.py
[2025-12-05T00:04:55.893+0000] {processor.py:179} INFO - Processing /opt/airflow/dags/utils/__init__.py took 0.020 seconds
[2025-12-05T00:05:26.193+0000] {processor.py:157} INFO - Started process (PID=16875) to work on /opt/airflow/dags/utils/__init__.py
[2025-12-05T00:05:26.194+0000] {processor.py:829} INFO - Processing file /opt/airflow/dags/utils/__init__.py for tasks to queue
[2025-12-05T00:05:26.195+0000] {logging_mixin.py:154} INFO - [2025-12-05T00:05:26.194+0000] {dagbag.py:536} INFO - Filling up the DagBag from /opt/airflow/dags/utils/__init__.py
[2025-12-05T00:05:26.196+0000] {processor.py:841} WARNING - No viable dags retrieved from /opt/airflow/dags/utils/__init__.py
[2025-12-05T00:05:26.207+0000] {processor.py:179} INFO - Processing /opt/airflow/dags/utils/__init__.py took 0.018 seconds
[2025-12-05T00:05:56.389+0000] {processor.py:157} INFO - Started process (PID=16934) to work on /opt/airflow/dags/utils/__init__.py
[2025-12-05T00:05:56.391+0000] {processor.py:829} INFO - Processing file /opt/airflow/dags/utils/__init__.py for tasks to queue
[2025-12-05T00:05:56.392+0000] {logging_mixin.py:154} INFO - [2025-12-05T00:05:56.391+0000] {dagbag.py:536} INFO - Filling up the DagBag from /opt/airflow/dags/utils/__init__.py
[2025-12-05T00:05:56.394+0000] {processor.py:841} WARNING - No viable dags retrieved from /opt/airflow/dags/utils/__init__.py
[2025-12-05T00:05:56.410+0000] {processor.py:179} INFO - Processing /opt/airflow/dags/utils/__init__.py took 0.024 seconds
[2025-12-05T00:06:26.482+0000] {processor.py:157} INFO - Started process (PID=16993) to work on /opt/airflow/dags/utils/__init__.py
[2025-12-05T00:06:26.483+0000] {processor.py:829} INFO - Processing file /opt/airflow/dags/utils/__init__.py for tasks to queue
[2025-12-05T00:06:26.483+0000] {logging_mixin.py:154} INFO - [2025-12-05T00:06:26.483+0000] {dagbag.py:536} INFO - Filling up the DagBag from /opt/airflow/dags/utils/__init__.py
[2025-12-05T00:06:26.485+0000] {processor.py:841} WARNING - No viable dags retrieved from /opt/airflow/dags/utils/__init__.py
[2025-12-05T00:06:26.496+0000] {processor.py:179} INFO - Processing /opt/airflow/dags/utils/__init__.py took 0.018 seconds
[2025-12-05T00:06:57.080+0000] {processor.py:157} INFO - Started process (PID=17052) to work on /opt/airflow/dags/utils/__init__.py
[2025-12-05T00:06:57.081+0000] {processor.py:829} INFO - Processing file /opt/airflow/dags/utils/__init__.py for tasks to queue
[2025-12-05T00:06:57.081+0000] {logging_mixin.py:154} INFO - [2025-12-05T00:06:57.081+0000] {dagbag.py:536} INFO - Filling up the DagBag from /opt/airflow/dags/utils/__init__.py
[2025-12-05T00:06:57.083+0000] {processor.py:841} WARNING - No viable dags retrieved from /opt/airflow/dags/utils/__init__.py
[2025-12-05T00:06:57.095+0000] {processor.py:179} INFO - Processing /opt/airflow/dags/utils/__init__.py took 0.018 seconds
[2025-12-05T00:07:27.121+0000] {processor.py:157} INFO - Started process (PID=17111) to work on /opt/airflow/dags/utils/__init__.py
[2025-12-05T00:07:27.122+0000] {processor.py:829} INFO - Processing file /opt/airflow/dags/utils/__init__.py for tasks to queue
[2025-12-05T00:07:27.123+0000] {logging_mixin.py:154} INFO - [2025-12-05T00:07:27.123+0000] {dagbag.py:536} INFO - Filling up the DagBag from /opt/airflow/dags/utils/__init__.py
[2025-12-05T00:07:27.124+0000] {processor.py:841} WARNING - No viable dags retrieved from /opt/airflow/dags/utils/__init__.py
[2025-12-05T00:07:27.137+0000] {processor.py:179} INFO - Processing /opt/airflow/dags/utils/__init__.py took 0.019 seconds
[2025-12-05T00:07:58.086+0000] {processor.py:157} INFO - Started process (PID=17170) to work on /opt/airflow/dags/utils/__init__.py
[2025-12-05T00:07:58.088+0000] {processor.py:829} INFO - Processing file /opt/airflow/dags/utils/__init__.py for tasks to queue
[2025-12-05T00:07:58.088+0000] {logging_mixin.py:154} INFO - [2025-12-05T00:07:58.088+0000] {dagbag.py:536} INFO - Filling up the DagBag from /opt/airflow/dags/utils/__init__.py
[2025-12-05T00:07:58.090+0000] {processor.py:841} WARNING - No viable dags retrieved from /opt/airflow/dags/utils/__init__.py
[2025-12-05T00:07:58.101+0000] {processor.py:179} INFO - Processing /opt/airflow/dags/utils/__init__.py took 0.018 seconds
[2025-12-05T00:08:28.342+0000] {processor.py:157} INFO - Started process (PID=17229) to work on /opt/airflow/dags/utils/__init__.py
[2025-12-05T00:08:28.343+0000] {processor.py:829} INFO - Processing file /opt/airflow/dags/utils/__init__.py for tasks to queue
[2025-12-05T00:08:28.344+0000] {logging_mixin.py:154} INFO - [2025-12-05T00:08:28.344+0000] {dagbag.py:536} INFO - Filling up the DagBag from /opt/airflow/dags/utils/__init__.py
[2025-12-05T00:08:28.346+0000] {processor.py:841} WARNING - No viable dags retrieved from /opt/airflow/dags/utils/__init__.py
[2025-12-05T00:08:28.358+0000] {processor.py:179} INFO - Processing /opt/airflow/dags/utils/__init__.py took 0.019 seconds
[2025-12-05T00:08:58.519+0000] {processor.py:157} INFO - Started process (PID=17288) to work on /opt/airflow/dags/utils/__init__.py
[2025-12-05T00:08:58.520+0000] {processor.py:829} INFO - Processing file /opt/airflow/dags/utils/__init__.py for tasks to queue
[2025-12-05T00:08:58.521+0000] {logging_mixin.py:154} INFO - [2025-12-05T00:08:58.521+0000] {dagbag.py:536} INFO - Filling up the DagBag from /opt/airflow/dags/utils/__init__.py
[2025-12-05T00:08:58.522+0000] {processor.py:841} WARNING - No viable dags retrieved from /opt/airflow/dags/utils/__init__.py
[2025-12-05T00:08:58.534+0000] {processor.py:179} INFO - Processing /opt/airflow/dags/utils/__init__.py took 0.017 seconds
[2025-12-05T00:09:28.663+0000] {processor.py:157} INFO - Started process (PID=17340) to work on /opt/airflow/dags/utils/__init__.py
[2025-12-05T00:09:28.664+0000] {processor.py:829} INFO - Processing file /opt/airflow/dags/utils/__init__.py for tasks to queue
[2025-12-05T00:09:28.664+0000] {logging_mixin.py:154} INFO - [2025-12-05T00:09:28.664+0000] {dagbag.py:536} INFO - Filling up the DagBag from /opt/airflow/dags/utils/__init__.py
[2025-12-05T00:09:28.666+0000] {processor.py:841} WARNING - No viable dags retrieved from /opt/airflow/dags/utils/__init__.py
[2025-12-05T00:09:28.678+0000] {processor.py:179} INFO - Processing /opt/airflow/dags/utils/__init__.py took 0.018 seconds
[2025-12-05T00:09:58.981+0000] {processor.py:157} INFO - Started process (PID=17399) to work on /opt/airflow/dags/utils/__init__.py
[2025-12-05T00:09:58.982+0000] {processor.py:829} INFO - Processing file /opt/airflow/dags/utils/__init__.py for tasks to queue
[2025-12-05T00:09:58.982+0000] {logging_mixin.py:154} INFO - [2025-12-05T00:09:58.982+0000] {dagbag.py:536} INFO - Filling up the DagBag from /opt/airflow/dags/utils/__init__.py
[2025-12-05T00:09:58.983+0000] {processor.py:841} WARNING - No viable dags retrieved from /opt/airflow/dags/utils/__init__.py
[2025-12-05T00:09:58.995+0000] {processor.py:179} INFO - Processing /opt/airflow/dags/utils/__init__.py took 0.018 seconds
[2025-12-05T00:10:29.145+0000] {processor.py:157} INFO - Started process (PID=17458) to work on /opt/airflow/dags/utils/__init__.py
[2025-12-05T00:10:29.146+0000] {processor.py:829} INFO - Processing file /opt/airflow/dags/utils/__init__.py for tasks to queue
[2025-12-05T00:10:29.147+0000] {logging_mixin.py:154} INFO - [2025-12-05T00:10:29.147+0000] {dagbag.py:536} INFO - Filling up the DagBag from /opt/airflow/dags/utils/__init__.py
[2025-12-05T00:10:29.148+0000] {processor.py:841} WARNING - No viable dags retrieved from /opt/airflow/dags/utils/__init__.py
[2025-12-05T00:10:29.160+0000] {processor.py:179} INFO - Processing /opt/airflow/dags/utils/__init__.py took 0.018 seconds
[2025-12-05T00:10:59.367+0000] {processor.py:157} INFO - Started process (PID=17517) to work on /opt/airflow/dags/utils/__init__.py
[2025-12-05T00:10:59.368+0000] {processor.py:829} INFO - Processing file /opt/airflow/dags/utils/__init__.py for tasks to queue
[2025-12-05T00:10:59.369+0000] {logging_mixin.py:154} INFO - [2025-12-05T00:10:59.369+0000] {dagbag.py:536} INFO - Filling up the DagBag from /opt/airflow/dags/utils/__init__.py
[2025-12-05T00:10:59.371+0000] {processor.py:841} WARNING - No viable dags retrieved from /opt/airflow/dags/utils/__init__.py
[2025-12-05T00:10:59.383+0000] {processor.py:179} INFO - Processing /opt/airflow/dags/utils/__init__.py took 0.019 seconds
[2025-12-05T00:11:30.160+0000] {processor.py:157} INFO - Started process (PID=17563) to work on /opt/airflow/dags/utils/__init__.py
[2025-12-05T00:11:30.162+0000] {processor.py:829} INFO - Processing file /opt/airflow/dags/utils/__init__.py for tasks to queue
[2025-12-05T00:11:30.163+0000] {logging_mixin.py:154} INFO - [2025-12-05T00:11:30.162+0000] {dagbag.py:536} INFO - Filling up the DagBag from /opt/airflow/dags/utils/__init__.py
[2025-12-05T00:11:30.164+0000] {processor.py:841} WARNING - No viable dags retrieved from /opt/airflow/dags/utils/__init__.py
[2025-12-05T00:11:30.177+0000] {processor.py:179} INFO - Processing /opt/airflow/dags/utils/__init__.py took 0.020 seconds
[2025-12-05T00:12:00.461+0000] {processor.py:157} INFO - Started process (PID=17619) to work on /opt/airflow/dags/utils/__init__.py
[2025-12-05T00:12:00.462+0000] {processor.py:829} INFO - Processing file /opt/airflow/dags/utils/__init__.py for tasks to queue
[2025-12-05T00:12:00.463+0000] {logging_mixin.py:154} INFO - [2025-12-05T00:12:00.463+0000] {dagbag.py:536} INFO - Filling up the DagBag from /opt/airflow/dags/utils/__init__.py
[2025-12-05T00:12:00.465+0000] {processor.py:841} WARNING - No viable dags retrieved from /opt/airflow/dags/utils/__init__.py
[2025-12-05T00:12:00.477+0000] {processor.py:179} INFO - Processing /opt/airflow/dags/utils/__init__.py took 0.019 seconds
[2025-12-05T00:12:31.272+0000] {processor.py:157} INFO - Started process (PID=17678) to work on /opt/airflow/dags/utils/__init__.py
[2025-12-05T00:12:31.274+0000] {processor.py:829} INFO - Processing file /opt/airflow/dags/utils/__init__.py for tasks to queue
[2025-12-05T00:12:31.274+0000] {logging_mixin.py:154} INFO - [2025-12-05T00:12:31.274+0000] {dagbag.py:536} INFO - Filling up the DagBag from /opt/airflow/dags/utils/__init__.py
[2025-12-05T00:12:31.276+0000] {processor.py:841} WARNING - No viable dags retrieved from /opt/airflow/dags/utils/__init__.py
[2025-12-05T00:12:31.287+0000] {processor.py:179} INFO - Processing /opt/airflow/dags/utils/__init__.py took 0.018 seconds
[2025-12-05T00:13:02.068+0000] {processor.py:157} INFO - Started process (PID=17737) to work on /opt/airflow/dags/utils/__init__.py
[2025-12-05T00:13:02.069+0000] {processor.py:829} INFO - Processing file /opt/airflow/dags/utils/__init__.py for tasks to queue
[2025-12-05T00:13:02.070+0000] {logging_mixin.py:154} INFO - [2025-12-05T00:13:02.069+0000] {dagbag.py:536} INFO - Filling up the DagBag from /opt/airflow/dags/utils/__init__.py
[2025-12-05T00:13:02.071+0000] {processor.py:841} WARNING - No viable dags retrieved from /opt/airflow/dags/utils/__init__.py
[2025-12-05T00:13:02.084+0000] {processor.py:179} INFO - Processing /opt/airflow/dags/utils/__init__.py took 0.019 seconds
[2025-12-05T00:13:32.854+0000] {processor.py:157} INFO - Started process (PID=17796) to work on /opt/airflow/dags/utils/__init__.py
[2025-12-05T00:13:32.856+0000] {processor.py:829} INFO - Processing file /opt/airflow/dags/utils/__init__.py for tasks to queue
[2025-12-05T00:13:32.857+0000] {logging_mixin.py:154} INFO - [2025-12-05T00:13:32.856+0000] {dagbag.py:536} INFO - Filling up the DagBag from /opt/airflow/dags/utils/__init__.py
[2025-12-05T00:13:32.858+0000] {processor.py:841} WARNING - No viable dags retrieved from /opt/airflow/dags/utils/__init__.py
[2025-12-05T00:13:32.871+0000] {processor.py:179} INFO - Processing /opt/airflow/dags/utils/__init__.py took 0.020 seconds
[2025-12-05T00:14:03.089+0000] {processor.py:157} INFO - Started process (PID=17855) to work on /opt/airflow/dags/utils/__init__.py
[2025-12-05T00:14:03.091+0000] {processor.py:829} INFO - Processing file /opt/airflow/dags/utils/__init__.py for tasks to queue
[2025-12-05T00:14:03.091+0000] {logging_mixin.py:154} INFO - [2025-12-05T00:14:03.091+0000] {dagbag.py:536} INFO - Filling up the DagBag from /opt/airflow/dags/utils/__init__.py
[2025-12-05T00:14:03.094+0000] {processor.py:841} WARNING - No viable dags retrieved from /opt/airflow/dags/utils/__init__.py
[2025-12-05T00:14:03.108+0000] {processor.py:179} INFO - Processing /opt/airflow/dags/utils/__init__.py took 0.022 seconds
[2025-12-05T00:14:33.858+0000] {processor.py:157} INFO - Started process (PID=17907) to work on /opt/airflow/dags/utils/__init__.py
[2025-12-05T00:14:33.859+0000] {processor.py:829} INFO - Processing file /opt/airflow/dags/utils/__init__.py for tasks to queue
[2025-12-05T00:14:33.859+0000] {logging_mixin.py:154} INFO - [2025-12-05T00:14:33.859+0000] {dagbag.py:536} INFO - Filling up the DagBag from /opt/airflow/dags/utils/__init__.py
[2025-12-05T00:14:33.861+0000] {processor.py:841} WARNING - No viable dags retrieved from /opt/airflow/dags/utils/__init__.py
[2025-12-05T00:14:33.873+0000] {processor.py:179} INFO - Processing /opt/airflow/dags/utils/__init__.py took 0.018 seconds
[2025-12-05T00:15:04.602+0000] {processor.py:157} INFO - Started process (PID=17966) to work on /opt/airflow/dags/utils/__init__.py
[2025-12-05T00:15:04.604+0000] {processor.py:829} INFO - Processing file /opt/airflow/dags/utils/__init__.py for tasks to queue
[2025-12-05T00:15:04.604+0000] {logging_mixin.py:154} INFO - [2025-12-05T00:15:04.604+0000] {dagbag.py:536} INFO - Filling up the DagBag from /opt/airflow/dags/utils/__init__.py
[2025-12-05T00:15:04.606+0000] {processor.py:841} WARNING - No viable dags retrieved from /opt/airflow/dags/utils/__init__.py
[2025-12-05T00:15:04.620+0000] {processor.py:179} INFO - Processing /opt/airflow/dags/utils/__init__.py took 0.021 seconds
[2025-12-05T00:15:34.668+0000] {processor.py:157} INFO - Started process (PID=18025) to work on /opt/airflow/dags/utils/__init__.py
[2025-12-05T00:15:34.670+0000] {processor.py:829} INFO - Processing file /opt/airflow/dags/utils/__init__.py for tasks to queue
[2025-12-05T00:15:34.671+0000] {logging_mixin.py:154} INFO - [2025-12-05T00:15:34.670+0000] {dagbag.py:536} INFO - Filling up the DagBag from /opt/airflow/dags/utils/__init__.py
[2025-12-05T00:15:34.672+0000] {processor.py:841} WARNING - No viable dags retrieved from /opt/airflow/dags/utils/__init__.py
[2025-12-05T00:15:34.684+0000] {processor.py:179} INFO - Processing /opt/airflow/dags/utils/__init__.py took 0.019 seconds
[2025-12-05T00:16:04.726+0000] {processor.py:157} INFO - Started process (PID=18084) to work on /opt/airflow/dags/utils/__init__.py
[2025-12-05T00:16:04.727+0000] {processor.py:829} INFO - Processing file /opt/airflow/dags/utils/__init__.py for tasks to queue
[2025-12-05T00:16:04.728+0000] {logging_mixin.py:154} INFO - [2025-12-05T00:16:04.727+0000] {dagbag.py:536} INFO - Filling up the DagBag from /opt/airflow/dags/utils/__init__.py
[2025-12-05T00:16:04.729+0000] {processor.py:841} WARNING - No viable dags retrieved from /opt/airflow/dags/utils/__init__.py
[2025-12-05T00:16:04.742+0000] {processor.py:179} INFO - Processing /opt/airflow/dags/utils/__init__.py took 0.019 seconds
[2025-12-05T00:16:34.863+0000] {processor.py:157} INFO - Started process (PID=18143) to work on /opt/airflow/dags/utils/__init__.py
[2025-12-05T00:16:34.864+0000] {processor.py:829} INFO - Processing file /opt/airflow/dags/utils/__init__.py for tasks to queue
[2025-12-05T00:16:34.864+0000] {logging_mixin.py:154} INFO - [2025-12-05T00:16:34.864+0000] {dagbag.py:536} INFO - Filling up the DagBag from /opt/airflow/dags/utils/__init__.py
[2025-12-05T00:16:34.866+0000] {processor.py:841} WARNING - No viable dags retrieved from /opt/airflow/dags/utils/__init__.py
[2025-12-05T00:16:34.877+0000] {processor.py:179} INFO - Processing /opt/airflow/dags/utils/__init__.py took 0.017 seconds
[2025-12-05T00:17:05.044+0000] {processor.py:157} INFO - Started process (PID=18202) to work on /opt/airflow/dags/utils/__init__.py
[2025-12-05T00:17:05.045+0000] {processor.py:829} INFO - Processing file /opt/airflow/dags/utils/__init__.py for tasks to queue
[2025-12-05T00:17:05.045+0000] {logging_mixin.py:154} INFO - [2025-12-05T00:17:05.045+0000] {dagbag.py:536} INFO - Filling up the DagBag from /opt/airflow/dags/utils/__init__.py
[2025-12-05T00:17:05.047+0000] {processor.py:841} WARNING - No viable dags retrieved from /opt/airflow/dags/utils/__init__.py
[2025-12-05T00:17:05.060+0000] {processor.py:179} INFO - Processing /opt/airflow/dags/utils/__init__.py took 0.020 seconds
[2025-12-05T00:17:35.536+0000] {processor.py:157} INFO - Started process (PID=18261) to work on /opt/airflow/dags/utils/__init__.py
[2025-12-05T00:17:35.538+0000] {processor.py:829} INFO - Processing file /opt/airflow/dags/utils/__init__.py for tasks to queue
[2025-12-05T00:17:35.539+0000] {logging_mixin.py:154} INFO - [2025-12-05T00:17:35.538+0000] {dagbag.py:536} INFO - Filling up the DagBag from /opt/airflow/dags/utils/__init__.py
[2025-12-05T00:17:35.540+0000] {processor.py:841} WARNING - No viable dags retrieved from /opt/airflow/dags/utils/__init__.py
[2025-12-05T00:17:35.554+0000] {processor.py:179} INFO - Processing /opt/airflow/dags/utils/__init__.py took 0.022 seconds
[2025-12-05T00:18:05.738+0000] {processor.py:157} INFO - Started process (PID=18320) to work on /opt/airflow/dags/utils/__init__.py
[2025-12-05T00:18:05.739+0000] {processor.py:829} INFO - Processing file /opt/airflow/dags/utils/__init__.py for tasks to queue
[2025-12-05T00:18:05.739+0000] {logging_mixin.py:154} INFO - [2025-12-05T00:18:05.739+0000] {dagbag.py:536} INFO - Filling up the DagBag from /opt/airflow/dags/utils/__init__.py
[2025-12-05T00:18:05.741+0000] {processor.py:841} WARNING - No viable dags retrieved from /opt/airflow/dags/utils/__init__.py
[2025-12-05T00:18:05.751+0000] {processor.py:179} INFO - Processing /opt/airflow/dags/utils/__init__.py took 0.016 seconds
[2025-12-05T00:18:36.090+0000] {processor.py:157} INFO - Started process (PID=18379) to work on /opt/airflow/dags/utils/__init__.py
[2025-12-05T00:18:36.091+0000] {processor.py:829} INFO - Processing file /opt/airflow/dags/utils/__init__.py for tasks to queue
[2025-12-05T00:18:36.092+0000] {logging_mixin.py:154} INFO - [2025-12-05T00:18:36.091+0000] {dagbag.py:536} INFO - Filling up the DagBag from /opt/airflow/dags/utils/__init__.py
[2025-12-05T00:18:36.093+0000] {processor.py:841} WARNING - No viable dags retrieved from /opt/airflow/dags/utils/__init__.py
[2025-12-05T00:18:36.104+0000] {processor.py:179} INFO - Processing /opt/airflow/dags/utils/__init__.py took 0.017 seconds
[2025-12-05T00:19:06.371+0000] {processor.py:157} INFO - Started process (PID=18431) to work on /opt/airflow/dags/utils/__init__.py
[2025-12-05T00:19:06.372+0000] {processor.py:829} INFO - Processing file /opt/airflow/dags/utils/__init__.py for tasks to queue
[2025-12-05T00:19:06.373+0000] {logging_mixin.py:154} INFO - [2025-12-05T00:19:06.373+0000] {dagbag.py:536} INFO - Filling up the DagBag from /opt/airflow/dags/utils/__init__.py
[2025-12-05T00:19:06.375+0000] {processor.py:841} WARNING - No viable dags retrieved from /opt/airflow/dags/utils/__init__.py
[2025-12-05T00:19:06.388+0000] {processor.py:179} INFO - Processing /opt/airflow/dags/utils/__init__.py took 0.021 seconds
[2025-12-05T00:19:36.608+0000] {processor.py:157} INFO - Started process (PID=18490) to work on /opt/airflow/dags/utils/__init__.py
[2025-12-05T00:19:36.609+0000] {processor.py:829} INFO - Processing file /opt/airflow/dags/utils/__init__.py for tasks to queue
[2025-12-05T00:19:36.610+0000] {logging_mixin.py:154} INFO - [2025-12-05T00:19:36.610+0000] {dagbag.py:536} INFO - Filling up the DagBag from /opt/airflow/dags/utils/__init__.py
[2025-12-05T00:19:36.612+0000] {processor.py:841} WARNING - No viable dags retrieved from /opt/airflow/dags/utils/__init__.py
[2025-12-05T00:19:36.624+0000] {processor.py:179} INFO - Processing /opt/airflow/dags/utils/__init__.py took 0.020 seconds
[2025-12-05T00:20:06.900+0000] {processor.py:157} INFO - Started process (PID=18549) to work on /opt/airflow/dags/utils/__init__.py
[2025-12-05T00:20:06.901+0000] {processor.py:829} INFO - Processing file /opt/airflow/dags/utils/__init__.py for tasks to queue
[2025-12-05T00:20:06.901+0000] {logging_mixin.py:154} INFO - [2025-12-05T00:20:06.901+0000] {dagbag.py:536} INFO - Filling up the DagBag from /opt/airflow/dags/utils/__init__.py
[2025-12-05T00:20:06.903+0000] {processor.py:841} WARNING - No viable dags retrieved from /opt/airflow/dags/utils/__init__.py
[2025-12-05T00:20:06.914+0000] {processor.py:179} INFO - Processing /opt/airflow/dags/utils/__init__.py took 0.017 seconds
[2025-12-05T00:20:27.426+0000] {processor.py:157} INFO - Started process (PID=175) to work on /opt/airflow/dags/utils/__init__.py
[2025-12-05T00:20:27.427+0000] {processor.py:829} INFO - Processing file /opt/airflow/dags/utils/__init__.py for tasks to queue
[2025-12-05T00:20:27.427+0000] {logging_mixin.py:154} INFO - [2025-12-05T00:20:27.427+0000] {dagbag.py:536} INFO - Filling up the DagBag from /opt/airflow/dags/utils/__init__.py
[2025-12-05T00:20:27.429+0000] {processor.py:841} WARNING - No viable dags retrieved from /opt/airflow/dags/utils/__init__.py
[2025-12-05T00:20:27.440+0000] {processor.py:179} INFO - Processing /opt/airflow/dags/utils/__init__.py took 0.018 seconds
[2025-12-05T00:20:57.495+0000] {processor.py:157} INFO - Started process (PID=229) to work on /opt/airflow/dags/utils/__init__.py
[2025-12-05T00:20:57.496+0000] {processor.py:829} INFO - Processing file /opt/airflow/dags/utils/__init__.py for tasks to queue
[2025-12-05T00:20:57.497+0000] {logging_mixin.py:154} INFO - [2025-12-05T00:20:57.497+0000] {dagbag.py:536} INFO - Filling up the DagBag from /opt/airflow/dags/utils/__init__.py
[2025-12-05T00:20:57.498+0000] {processor.py:841} WARNING - No viable dags retrieved from /opt/airflow/dags/utils/__init__.py
[2025-12-05T00:20:57.511+0000] {processor.py:179} INFO - Processing /opt/airflow/dags/utils/__init__.py took 0.019 seconds
[2025-12-05T00:21:27.596+0000] {processor.py:157} INFO - Started process (PID=288) to work on /opt/airflow/dags/utils/__init__.py
[2025-12-05T00:21:27.596+0000] {processor.py:829} INFO - Processing file /opt/airflow/dags/utils/__init__.py for tasks to queue
[2025-12-05T00:21:27.597+0000] {logging_mixin.py:154} INFO - [2025-12-05T00:21:27.597+0000] {dagbag.py:536} INFO - Filling up the DagBag from /opt/airflow/dags/utils/__init__.py
[2025-12-05T00:21:27.598+0000] {processor.py:841} WARNING - No viable dags retrieved from /opt/airflow/dags/utils/__init__.py
[2025-12-05T00:21:27.609+0000] {processor.py:179} INFO - Processing /opt/airflow/dags/utils/__init__.py took 0.016 seconds
[2025-12-05T00:21:57.679+0000] {processor.py:157} INFO - Started process (PID=347) to work on /opt/airflow/dags/utils/__init__.py
[2025-12-05T00:21:57.681+0000] {processor.py:829} INFO - Processing file /opt/airflow/dags/utils/__init__.py for tasks to queue
[2025-12-05T00:21:57.681+0000] {logging_mixin.py:154} INFO - [2025-12-05T00:21:57.681+0000] {dagbag.py:536} INFO - Filling up the DagBag from /opt/airflow/dags/utils/__init__.py
[2025-12-05T00:21:57.683+0000] {processor.py:841} WARNING - No viable dags retrieved from /opt/airflow/dags/utils/__init__.py
[2025-12-05T00:21:57.695+0000] {processor.py:179} INFO - Processing /opt/airflow/dags/utils/__init__.py took 0.019 seconds
[2025-12-05T00:22:27.795+0000] {processor.py:157} INFO - Started process (PID=399) to work on /opt/airflow/dags/utils/__init__.py
[2025-12-05T00:22:27.796+0000] {processor.py:829} INFO - Processing file /opt/airflow/dags/utils/__init__.py for tasks to queue
[2025-12-05T00:22:27.796+0000] {logging_mixin.py:154} INFO - [2025-12-05T00:22:27.796+0000] {dagbag.py:536} INFO - Filling up the DagBag from /opt/airflow/dags/utils/__init__.py
[2025-12-05T00:22:27.798+0000] {processor.py:841} WARNING - No viable dags retrieved from /opt/airflow/dags/utils/__init__.py
[2025-12-05T00:22:27.810+0000] {processor.py:179} INFO - Processing /opt/airflow/dags/utils/__init__.py took 0.018 seconds
[2025-12-05T00:22:57.889+0000] {processor.py:157} INFO - Started process (PID=458) to work on /opt/airflow/dags/utils/__init__.py
[2025-12-05T00:22:57.889+0000] {processor.py:829} INFO - Processing file /opt/airflow/dags/utils/__init__.py for tasks to queue
[2025-12-05T00:22:57.890+0000] {logging_mixin.py:154} INFO - [2025-12-05T00:22:57.889+0000] {dagbag.py:536} INFO - Filling up the DagBag from /opt/airflow/dags/utils/__init__.py
[2025-12-05T00:22:57.891+0000] {processor.py:841} WARNING - No viable dags retrieved from /opt/airflow/dags/utils/__init__.py
[2025-12-05T00:22:57.901+0000] {processor.py:179} INFO - Processing /opt/airflow/dags/utils/__init__.py took 0.015 seconds
[2025-12-05T00:23:28.054+0000] {processor.py:157} INFO - Started process (PID=518) to work on /opt/airflow/dags/utils/__init__.py
[2025-12-05T00:23:28.055+0000] {processor.py:829} INFO - Processing file /opt/airflow/dags/utils/__init__.py for tasks to queue
[2025-12-05T00:23:28.055+0000] {logging_mixin.py:154} INFO - [2025-12-05T00:23:28.055+0000] {dagbag.py:536} INFO - Filling up the DagBag from /opt/airflow/dags/utils/__init__.py
[2025-12-05T00:23:28.057+0000] {processor.py:841} WARNING - No viable dags retrieved from /opt/airflow/dags/utils/__init__.py
[2025-12-05T00:23:28.067+0000] {processor.py:179} INFO - Processing /opt/airflow/dags/utils/__init__.py took 0.016 seconds
[2025-12-05T00:23:58.374+0000] {processor.py:157} INFO - Started process (PID=1120) to work on /opt/airflow/dags/utils/__init__.py
[2025-12-05T00:23:58.374+0000] {processor.py:829} INFO - Processing file /opt/airflow/dags/utils/__init__.py for tasks to queue
[2025-12-05T00:23:58.375+0000] {logging_mixin.py:154} INFO - [2025-12-05T00:23:58.375+0000] {dagbag.py:536} INFO - Filling up the DagBag from /opt/airflow/dags/utils/__init__.py
[2025-12-05T00:23:58.377+0000] {processor.py:841} WARNING - No viable dags retrieved from /opt/airflow/dags/utils/__init__.py
[2025-12-05T00:23:58.397+0000] {processor.py:179} INFO - Processing /opt/airflow/dags/utils/__init__.py took 0.030 seconds
[2025-12-05T00:24:29.011+0000] {processor.py:157} INFO - Started process (PID=1179) to work on /opt/airflow/dags/utils/__init__.py
[2025-12-05T00:24:29.023+0000] {processor.py:829} INFO - Processing file /opt/airflow/dags/utils/__init__.py for tasks to queue
[2025-12-05T00:24:29.024+0000] {logging_mixin.py:154} INFO - [2025-12-05T00:24:29.024+0000] {dagbag.py:536} INFO - Filling up the DagBag from /opt/airflow/dags/utils/__init__.py
[2025-12-05T00:24:29.027+0000] {processor.py:841} WARNING - No viable dags retrieved from /opt/airflow/dags/utils/__init__.py
[2025-12-05T00:24:29.045+0000] {processor.py:179} INFO - Processing /opt/airflow/dags/utils/__init__.py took 0.037 seconds
[2025-12-05T00:24:59.344+0000] {processor.py:157} INFO - Started process (PID=1230) to work on /opt/airflow/dags/utils/__init__.py
[2025-12-05T00:24:59.346+0000] {processor.py:829} INFO - Processing file /opt/airflow/dags/utils/__init__.py for tasks to queue
[2025-12-05T00:24:59.347+0000] {logging_mixin.py:154} INFO - [2025-12-05T00:24:59.347+0000] {dagbag.py:536} INFO - Filling up the DagBag from /opt/airflow/dags/utils/__init__.py
[2025-12-05T00:24:59.352+0000] {processor.py:841} WARNING - No viable dags retrieved from /opt/airflow/dags/utils/__init__.py
[2025-12-05T00:24:59.376+0000] {processor.py:179} INFO - Processing /opt/airflow/dags/utils/__init__.py took 0.038 seconds
[2025-12-05T00:25:29.691+0000] {processor.py:157} INFO - Started process (PID=1288) to work on /opt/airflow/dags/utils/__init__.py
[2025-12-05T00:25:29.693+0000] {processor.py:829} INFO - Processing file /opt/airflow/dags/utils/__init__.py for tasks to queue
[2025-12-05T00:25:29.694+0000] {logging_mixin.py:154} INFO - [2025-12-05T00:25:29.694+0000] {dagbag.py:536} INFO - Filling up the DagBag from /opt/airflow/dags/utils/__init__.py
[2025-12-05T00:25:29.696+0000] {processor.py:841} WARNING - No viable dags retrieved from /opt/airflow/dags/utils/__init__.py
[2025-12-05T00:25:29.721+0000] {processor.py:179} INFO - Processing /opt/airflow/dags/utils/__init__.py took 0.034 seconds
[2025-12-05T00:25:59.866+0000] {processor.py:157} INFO - Started process (PID=1346) to work on /opt/airflow/dags/utils/__init__.py
[2025-12-05T00:25:59.867+0000] {processor.py:829} INFO - Processing file /opt/airflow/dags/utils/__init__.py for tasks to queue
[2025-12-05T00:25:59.867+0000] {logging_mixin.py:154} INFO - [2025-12-05T00:25:59.867+0000] {dagbag.py:536} INFO - Filling up the DagBag from /opt/airflow/dags/utils/__init__.py
[2025-12-05T00:25:59.869+0000] {processor.py:841} WARNING - No viable dags retrieved from /opt/airflow/dags/utils/__init__.py
[2025-12-05T00:25:59.888+0000] {processor.py:179} INFO - Processing /opt/airflow/dags/utils/__init__.py took 0.031 seconds
[2025-12-05T00:26:30.254+0000] {processor.py:157} INFO - Started process (PID=1398) to work on /opt/airflow/dags/utils/__init__.py
[2025-12-05T00:26:30.259+0000] {processor.py:829} INFO - Processing file /opt/airflow/dags/utils/__init__.py for tasks to queue
[2025-12-05T00:26:30.260+0000] {logging_mixin.py:154} INFO - [2025-12-05T00:26:30.259+0000] {dagbag.py:536} INFO - Filling up the DagBag from /opt/airflow/dags/utils/__init__.py
[2025-12-05T00:26:30.262+0000] {processor.py:841} WARNING - No viable dags retrieved from /opt/airflow/dags/utils/__init__.py
[2025-12-05T00:26:30.276+0000] {processor.py:179} INFO - Processing /opt/airflow/dags/utils/__init__.py took 0.027 seconds
[2025-12-05T00:27:00.659+0000] {processor.py:157} INFO - Started process (PID=1458) to work on /opt/airflow/dags/utils/__init__.py
[2025-12-05T00:27:00.663+0000] {processor.py:829} INFO - Processing file /opt/airflow/dags/utils/__init__.py for tasks to queue
[2025-12-05T00:27:00.664+0000] {logging_mixin.py:154} INFO - [2025-12-05T00:27:00.663+0000] {dagbag.py:536} INFO - Filling up the DagBag from /opt/airflow/dags/utils/__init__.py
[2025-12-05T00:27:00.667+0000] {processor.py:841} WARNING - No viable dags retrieved from /opt/airflow/dags/utils/__init__.py
[2025-12-05T00:27:00.684+0000] {processor.py:179} INFO - Processing /opt/airflow/dags/utils/__init__.py took 0.038 seconds
[2025-12-05T00:27:59.083+0000] {processor.py:157} INFO - Started process (PID=175) to work on /opt/airflow/dags/utils/__init__.py
[2025-12-05T00:27:59.084+0000] {processor.py:829} INFO - Processing file /opt/airflow/dags/utils/__init__.py for tasks to queue
[2025-12-05T00:27:59.085+0000] {logging_mixin.py:154} INFO - [2025-12-05T00:27:59.085+0000] {dagbag.py:536} INFO - Filling up the DagBag from /opt/airflow/dags/utils/__init__.py
[2025-12-05T00:27:59.087+0000] {processor.py:841} WARNING - No viable dags retrieved from /opt/airflow/dags/utils/__init__.py
[2025-12-05T00:27:59.108+0000] {processor.py:179} INFO - Processing /opt/airflow/dags/utils/__init__.py took 0.028 seconds
[2025-12-05T00:28:29.134+0000] {processor.py:157} INFO - Started process (PID=233) to work on /opt/airflow/dags/utils/__init__.py
[2025-12-05T00:28:29.135+0000] {processor.py:829} INFO - Processing file /opt/airflow/dags/utils/__init__.py for tasks to queue
[2025-12-05T00:28:29.136+0000] {logging_mixin.py:154} INFO - [2025-12-05T00:28:29.136+0000] {dagbag.py:536} INFO - Filling up the DagBag from /opt/airflow/dags/utils/__init__.py
[2025-12-05T00:28:29.137+0000] {processor.py:841} WARNING - No viable dags retrieved from /opt/airflow/dags/utils/__init__.py
[2025-12-05T00:28:29.147+0000] {processor.py:179} INFO - Processing /opt/airflow/dags/utils/__init__.py took 0.015 seconds
[2025-12-05T00:28:59.185+0000] {processor.py:157} INFO - Started process (PID=290) to work on /opt/airflow/dags/utils/__init__.py
[2025-12-05T00:28:59.185+0000] {processor.py:829} INFO - Processing file /opt/airflow/dags/utils/__init__.py for tasks to queue
[2025-12-05T00:28:59.186+0000] {logging_mixin.py:154} INFO - [2025-12-05T00:28:59.186+0000] {dagbag.py:536} INFO - Filling up the DagBag from /opt/airflow/dags/utils/__init__.py
[2025-12-05T00:28:59.188+0000] {processor.py:841} WARNING - No viable dags retrieved from /opt/airflow/dags/utils/__init__.py
[2025-12-05T00:28:59.198+0000] {processor.py:179} INFO - Processing /opt/airflow/dags/utils/__init__.py took 0.016 seconds
[2025-12-05T00:29:29.239+0000] {processor.py:157} INFO - Started process (PID=349) to work on /opt/airflow/dags/utils/__init__.py
[2025-12-05T00:29:29.240+0000] {processor.py:829} INFO - Processing file /opt/airflow/dags/utils/__init__.py for tasks to queue
[2025-12-05T00:29:29.241+0000] {logging_mixin.py:154} INFO - [2025-12-05T00:29:29.240+0000] {dagbag.py:536} INFO - Filling up the DagBag from /opt/airflow/dags/utils/__init__.py
[2025-12-05T00:29:29.242+0000] {processor.py:841} WARNING - No viable dags retrieved from /opt/airflow/dags/utils/__init__.py
[2025-12-05T00:29:29.253+0000] {processor.py:179} INFO - Processing /opt/airflow/dags/utils/__init__.py took 0.017 seconds
[2025-12-05T00:29:59.387+0000] {processor.py:157} INFO - Started process (PID=408) to work on /opt/airflow/dags/utils/__init__.py
[2025-12-05T00:29:59.388+0000] {processor.py:829} INFO - Processing file /opt/airflow/dags/utils/__init__.py for tasks to queue
[2025-12-05T00:29:59.388+0000] {logging_mixin.py:154} INFO - [2025-12-05T00:29:59.388+0000] {dagbag.py:536} INFO - Filling up the DagBag from /opt/airflow/dags/utils/__init__.py
[2025-12-05T00:29:59.390+0000] {processor.py:841} WARNING - No viable dags retrieved from /opt/airflow/dags/utils/__init__.py
[2025-12-05T00:29:59.400+0000] {processor.py:179} INFO - Processing /opt/airflow/dags/utils/__init__.py took 0.016 seconds
[2025-12-05T00:30:30.105+0000] {processor.py:157} INFO - Started process (PID=715) to work on /opt/airflow/dags/utils/__init__.py
[2025-12-05T00:30:30.107+0000] {processor.py:829} INFO - Processing file /opt/airflow/dags/utils/__init__.py for tasks to queue
[2025-12-05T00:30:30.108+0000] {logging_mixin.py:154} INFO - [2025-12-05T00:30:30.108+0000] {dagbag.py:536} INFO - Filling up the DagBag from /opt/airflow/dags/utils/__init__.py
[2025-12-05T00:30:30.115+0000] {processor.py:841} WARNING - No viable dags retrieved from /opt/airflow/dags/utils/__init__.py
[2025-12-05T00:30:30.130+0000] {processor.py:179} INFO - Processing /opt/airflow/dags/utils/__init__.py took 0.029 seconds
[2025-12-05T00:31:00.441+0000] {processor.py:157} INFO - Started process (PID=773) to work on /opt/airflow/dags/utils/__init__.py
[2025-12-05T00:31:00.443+0000] {processor.py:829} INFO - Processing file /opt/airflow/dags/utils/__init__.py for tasks to queue
[2025-12-05T00:31:00.445+0000] {logging_mixin.py:154} INFO - [2025-12-05T00:31:00.445+0000] {dagbag.py:536} INFO - Filling up the DagBag from /opt/airflow/dags/utils/__init__.py
[2025-12-05T00:31:00.453+0000] {processor.py:841} WARNING - No viable dags retrieved from /opt/airflow/dags/utils/__init__.py
[2025-12-05T00:31:00.477+0000] {processor.py:179} INFO - Processing /opt/airflow/dags/utils/__init__.py took 0.053 seconds
[2025-12-05T00:31:30.684+0000] {processor.py:157} INFO - Started process (PID=936) to work on /opt/airflow/dags/utils/__init__.py
[2025-12-05T00:31:30.684+0000] {processor.py:829} INFO - Processing file /opt/airflow/dags/utils/__init__.py for tasks to queue
[2025-12-05T00:31:30.685+0000] {logging_mixin.py:154} INFO - [2025-12-05T00:31:30.685+0000] {dagbag.py:536} INFO - Filling up the DagBag from /opt/airflow/dags/utils/__init__.py
[2025-12-05T00:31:30.687+0000] {processor.py:841} WARNING - No viable dags retrieved from /opt/airflow/dags/utils/__init__.py
[2025-12-05T00:31:30.698+0000] {processor.py:179} INFO - Processing /opt/airflow/dags/utils/__init__.py took 0.017 seconds
[2025-12-05T00:32:00.731+0000] {processor.py:157} INFO - Started process (PID=994) to work on /opt/airflow/dags/utils/__init__.py
[2025-12-05T00:32:00.732+0000] {processor.py:829} INFO - Processing file /opt/airflow/dags/utils/__init__.py for tasks to queue
[2025-12-05T00:32:00.732+0000] {logging_mixin.py:154} INFO - [2025-12-05T00:32:00.732+0000] {dagbag.py:536} INFO - Filling up the DagBag from /opt/airflow/dags/utils/__init__.py
[2025-12-05T00:32:00.734+0000] {processor.py:841} WARNING - No viable dags retrieved from /opt/airflow/dags/utils/__init__.py
[2025-12-05T00:32:00.745+0000] {processor.py:179} INFO - Processing /opt/airflow/dags/utils/__init__.py took 0.017 seconds
[2025-12-05T00:32:30.926+0000] {processor.py:157} INFO - Started process (PID=1233) to work on /opt/airflow/dags/utils/__init__.py
[2025-12-05T00:32:30.928+0000] {processor.py:829} INFO - Processing file /opt/airflow/dags/utils/__init__.py for tasks to queue
[2025-12-05T00:32:30.930+0000] {logging_mixin.py:154} INFO - [2025-12-05T00:32:30.929+0000] {dagbag.py:536} INFO - Filling up the DagBag from /opt/airflow/dags/utils/__init__.py
[2025-12-05T00:32:30.933+0000] {processor.py:841} WARNING - No viable dags retrieved from /opt/airflow/dags/utils/__init__.py
[2025-12-05T00:32:30.951+0000] {processor.py:179} INFO - Processing /opt/airflow/dags/utils/__init__.py took 0.034 seconds
[2025-12-05T00:33:01.291+0000] {processor.py:157} INFO - Started process (PID=1410) to work on /opt/airflow/dags/utils/__init__.py
[2025-12-05T00:33:01.292+0000] {processor.py:829} INFO - Processing file /opt/airflow/dags/utils/__init__.py for tasks to queue
[2025-12-05T00:33:01.293+0000] {logging_mixin.py:154} INFO - [2025-12-05T00:33:01.292+0000] {dagbag.py:536} INFO - Filling up the DagBag from /opt/airflow/dags/utils/__init__.py
[2025-12-05T00:33:01.294+0000] {processor.py:841} WARNING - No viable dags retrieved from /opt/airflow/dags/utils/__init__.py
[2025-12-05T00:33:01.306+0000] {processor.py:179} INFO - Processing /opt/airflow/dags/utils/__init__.py took 0.018 seconds
[2025-12-05T00:33:32.047+0000] {processor.py:157} INFO - Started process (PID=1469) to work on /opt/airflow/dags/utils/__init__.py
[2025-12-05T00:33:32.048+0000] {processor.py:829} INFO - Processing file /opt/airflow/dags/utils/__init__.py for tasks to queue
[2025-12-05T00:33:32.049+0000] {logging_mixin.py:154} INFO - [2025-12-05T00:33:32.049+0000] {dagbag.py:536} INFO - Filling up the DagBag from /opt/airflow/dags/utils/__init__.py
[2025-12-05T00:33:32.051+0000] {processor.py:841} WARNING - No viable dags retrieved from /opt/airflow/dags/utils/__init__.py
[2025-12-05T00:33:32.062+0000] {processor.py:179} INFO - Processing /opt/airflow/dags/utils/__init__.py took 0.017 seconds
[2025-12-05T00:34:02.254+0000] {processor.py:157} INFO - Started process (PID=1559) to work on /opt/airflow/dags/utils/__init__.py
[2025-12-05T00:34:02.255+0000] {processor.py:829} INFO - Processing file /opt/airflow/dags/utils/__init__.py for tasks to queue
[2025-12-05T00:34:02.256+0000] {logging_mixin.py:154} INFO - [2025-12-05T00:34:02.256+0000] {dagbag.py:536} INFO - Filling up the DagBag from /opt/airflow/dags/utils/__init__.py
[2025-12-05T00:34:02.257+0000] {processor.py:841} WARNING - No viable dags retrieved from /opt/airflow/dags/utils/__init__.py
[2025-12-05T00:34:02.270+0000] {processor.py:179} INFO - Processing /opt/airflow/dags/utils/__init__.py took 0.018 seconds
[2025-12-05T00:34:32.385+0000] {processor.py:157} INFO - Started process (PID=1747) to work on /opt/airflow/dags/utils/__init__.py
[2025-12-05T00:34:32.390+0000] {processor.py:829} INFO - Processing file /opt/airflow/dags/utils/__init__.py for tasks to queue
[2025-12-05T00:34:32.391+0000] {logging_mixin.py:154} INFO - [2025-12-05T00:34:32.390+0000] {dagbag.py:536} INFO - Filling up the DagBag from /opt/airflow/dags/utils/__init__.py
[2025-12-05T00:34:32.393+0000] {processor.py:841} WARNING - No viable dags retrieved from /opt/airflow/dags/utils/__init__.py
[2025-12-05T00:34:32.411+0000] {processor.py:179} INFO - Processing /opt/airflow/dags/utils/__init__.py took 0.030 seconds
[2025-12-05T00:35:02.765+0000] {processor.py:157} INFO - Started process (PID=1925) to work on /opt/airflow/dags/utils/__init__.py
[2025-12-05T00:35:02.766+0000] {processor.py:829} INFO - Processing file /opt/airflow/dags/utils/__init__.py for tasks to queue
[2025-12-05T00:35:02.767+0000] {logging_mixin.py:154} INFO - [2025-12-05T00:35:02.767+0000] {dagbag.py:536} INFO - Filling up the DagBag from /opt/airflow/dags/utils/__init__.py
[2025-12-05T00:35:02.769+0000] {processor.py:841} WARNING - No viable dags retrieved from /opt/airflow/dags/utils/__init__.py
[2025-12-05T00:35:02.782+0000] {processor.py:179} INFO - Processing /opt/airflow/dags/utils/__init__.py took 0.020 seconds
[2025-12-05T00:35:32.962+0000] {processor.py:157} INFO - Started process (PID=1984) to work on /opt/airflow/dags/utils/__init__.py
[2025-12-05T00:35:32.963+0000] {processor.py:829} INFO - Processing file /opt/airflow/dags/utils/__init__.py for tasks to queue
[2025-12-05T00:35:32.964+0000] {logging_mixin.py:154} INFO - [2025-12-05T00:35:32.963+0000] {dagbag.py:536} INFO - Filling up the DagBag from /opt/airflow/dags/utils/__init__.py
[2025-12-05T00:35:32.965+0000] {processor.py:841} WARNING - No viable dags retrieved from /opt/airflow/dags/utils/__init__.py
[2025-12-05T00:35:32.977+0000] {processor.py:179} INFO - Processing /opt/airflow/dags/utils/__init__.py took 0.019 seconds
[2025-12-05T00:36:03.135+0000] {processor.py:157} INFO - Started process (PID=2222) to work on /opt/airflow/dags/utils/__init__.py
[2025-12-05T00:36:03.138+0000] {processor.py:829} INFO - Processing file /opt/airflow/dags/utils/__init__.py for tasks to queue
[2025-12-05T00:36:03.139+0000] {logging_mixin.py:154} INFO - [2025-12-05T00:36:03.139+0000] {dagbag.py:536} INFO - Filling up the DagBag from /opt/airflow/dags/utils/__init__.py
[2025-12-05T00:36:03.141+0000] {processor.py:841} WARNING - No viable dags retrieved from /opt/airflow/dags/utils/__init__.py
[2025-12-05T00:36:03.155+0000] {processor.py:179} INFO - Processing /opt/airflow/dags/utils/__init__.py took 0.031 seconds
[2025-12-05T00:36:33.410+0000] {processor.py:157} INFO - Started process (PID=2399) to work on /opt/airflow/dags/utils/__init__.py
[2025-12-05T00:36:33.411+0000] {processor.py:829} INFO - Processing file /opt/airflow/dags/utils/__init__.py for tasks to queue
[2025-12-05T00:36:33.411+0000] {logging_mixin.py:154} INFO - [2025-12-05T00:36:33.411+0000] {dagbag.py:536} INFO - Filling up the DagBag from /opt/airflow/dags/utils/__init__.py
[2025-12-05T00:36:33.413+0000] {processor.py:841} WARNING - No viable dags retrieved from /opt/airflow/dags/utils/__init__.py
[2025-12-05T00:36:33.423+0000] {processor.py:179} INFO - Processing /opt/airflow/dags/utils/__init__.py took 0.017 seconds
[2025-12-05T00:37:03.534+0000] {processor.py:157} INFO - Started process (PID=2488) to work on /opt/airflow/dags/utils/__init__.py
[2025-12-05T00:37:03.535+0000] {processor.py:829} INFO - Processing file /opt/airflow/dags/utils/__init__.py for tasks to queue
[2025-12-05T00:37:03.536+0000] {logging_mixin.py:154} INFO - [2025-12-05T00:37:03.536+0000] {dagbag.py:536} INFO - Filling up the DagBag from /opt/airflow/dags/utils/__init__.py
[2025-12-05T00:37:03.538+0000] {processor.py:841} WARNING - No viable dags retrieved from /opt/airflow/dags/utils/__init__.py
[2025-12-05T00:37:03.551+0000] {processor.py:179} INFO - Processing /opt/airflow/dags/utils/__init__.py took 0.020 seconds
[2025-12-05T00:37:34.328+0000] {processor.py:157} INFO - Started process (PID=2690) to work on /opt/airflow/dags/utils/__init__.py
[2025-12-05T00:37:34.331+0000] {processor.py:829} INFO - Processing file /opt/airflow/dags/utils/__init__.py for tasks to queue
[2025-12-05T00:37:34.332+0000] {logging_mixin.py:154} INFO - [2025-12-05T00:37:34.332+0000] {dagbag.py:536} INFO - Filling up the DagBag from /opt/airflow/dags/utils/__init__.py
[2025-12-05T00:37:34.335+0000] {processor.py:841} WARNING - No viable dags retrieved from /opt/airflow/dags/utils/__init__.py
[2025-12-05T00:37:34.352+0000] {processor.py:179} INFO - Processing /opt/airflow/dags/utils/__init__.py took 0.030 seconds
[2025-12-05T00:38:05.238+0000] {processor.py:157} INFO - Started process (PID=2869) to work on /opt/airflow/dags/utils/__init__.py
[2025-12-05T00:38:05.239+0000] {processor.py:829} INFO - Processing file /opt/airflow/dags/utils/__init__.py for tasks to queue
[2025-12-05T00:38:05.239+0000] {logging_mixin.py:154} INFO - [2025-12-05T00:38:05.239+0000] {dagbag.py:536} INFO - Filling up the DagBag from /opt/airflow/dags/utils/__init__.py
[2025-12-05T00:38:05.240+0000] {processor.py:841} WARNING - No viable dags retrieved from /opt/airflow/dags/utils/__init__.py
[2025-12-05T00:38:05.252+0000] {processor.py:179} INFO - Processing /opt/airflow/dags/utils/__init__.py took 0.018 seconds
[2025-12-05T00:38:35.346+0000] {processor.py:157} INFO - Started process (PID=2929) to work on /opt/airflow/dags/utils/__init__.py
[2025-12-05T00:38:35.347+0000] {processor.py:829} INFO - Processing file /opt/airflow/dags/utils/__init__.py for tasks to queue
[2025-12-05T00:38:35.348+0000] {logging_mixin.py:154} INFO - [2025-12-05T00:38:35.347+0000] {dagbag.py:536} INFO - Filling up the DagBag from /opt/airflow/dags/utils/__init__.py
[2025-12-05T00:38:35.350+0000] {processor.py:841} WARNING - No viable dags retrieved from /opt/airflow/dags/utils/__init__.py
[2025-12-05T00:38:35.363+0000] {processor.py:179} INFO - Processing /opt/airflow/dags/utils/__init__.py took 0.020 seconds
[2025-12-05T00:39:05.551+0000] {processor.py:157} INFO - Started process (PID=2988) to work on /opt/airflow/dags/utils/__init__.py
[2025-12-05T00:39:05.553+0000] {processor.py:829} INFO - Processing file /opt/airflow/dags/utils/__init__.py for tasks to queue
[2025-12-05T00:39:05.554+0000] {logging_mixin.py:154} INFO - [2025-12-05T00:39:05.554+0000] {dagbag.py:536} INFO - Filling up the DagBag from /opt/airflow/dags/utils/__init__.py
[2025-12-05T00:39:05.556+0000] {processor.py:841} WARNING - No viable dags retrieved from /opt/airflow/dags/utils/__init__.py
[2025-12-05T00:39:05.570+0000] {processor.py:179} INFO - Processing /opt/airflow/dags/utils/__init__.py took 0.024 seconds
[2025-12-05T00:39:34.809+0000] {processor.py:157} INFO - Started process (PID=3047) to work on /opt/airflow/dags/utils/__init__.py
[2025-12-05T00:39:34.810+0000] {processor.py:829} INFO - Processing file /opt/airflow/dags/utils/__init__.py for tasks to queue
[2025-12-05T00:39:34.811+0000] {logging_mixin.py:154} INFO - [2025-12-05T00:39:34.811+0000] {dagbag.py:536} INFO - Filling up the DagBag from /opt/airflow/dags/utils/__init__.py
[2025-12-05T00:39:34.813+0000] {processor.py:841} WARNING - No viable dags retrieved from /opt/airflow/dags/utils/__init__.py
[2025-12-05T00:39:34.825+0000] {processor.py:179} INFO - Processing /opt/airflow/dags/utils/__init__.py took 0.019 seconds
[2025-12-05T00:40:05.103+0000] {processor.py:157} INFO - Started process (PID=3094) to work on /opt/airflow/dags/utils/__init__.py
[2025-12-05T00:40:05.104+0000] {processor.py:829} INFO - Processing file /opt/airflow/dags/utils/__init__.py for tasks to queue
[2025-12-05T00:40:05.105+0000] {logging_mixin.py:154} INFO - [2025-12-05T00:40:05.104+0000] {dagbag.py:536} INFO - Filling up the DagBag from /opt/airflow/dags/utils/__init__.py
[2025-12-05T00:40:05.106+0000] {processor.py:841} WARNING - No viable dags retrieved from /opt/airflow/dags/utils/__init__.py
[2025-12-05T00:40:05.118+0000] {processor.py:179} INFO - Processing /opt/airflow/dags/utils/__init__.py took 0.018 seconds
[2025-12-05T00:40:35.274+0000] {processor.py:157} INFO - Started process (PID=3141) to work on /opt/airflow/dags/utils/__init__.py
[2025-12-05T00:40:35.275+0000] {processor.py:829} INFO - Processing file /opt/airflow/dags/utils/__init__.py for tasks to queue
[2025-12-05T00:40:35.276+0000] {logging_mixin.py:154} INFO - [2025-12-05T00:40:35.276+0000] {dagbag.py:536} INFO - Filling up the DagBag from /opt/airflow/dags/utils/__init__.py
[2025-12-05T00:40:35.277+0000] {processor.py:841} WARNING - No viable dags retrieved from /opt/airflow/dags/utils/__init__.py
[2025-12-05T00:40:35.288+0000] {processor.py:179} INFO - Processing /opt/airflow/dags/utils/__init__.py took 0.017 seconds
[2025-12-05T00:41:05.512+0000] {processor.py:157} INFO - Started process (PID=3200) to work on /opt/airflow/dags/utils/__init__.py
[2025-12-05T00:41:05.513+0000] {processor.py:829} INFO - Processing file /opt/airflow/dags/utils/__init__.py for tasks to queue
[2025-12-05T00:41:05.513+0000] {logging_mixin.py:154} INFO - [2025-12-05T00:41:05.513+0000] {dagbag.py:536} INFO - Filling up the DagBag from /opt/airflow/dags/utils/__init__.py
[2025-12-05T00:41:05.515+0000] {processor.py:841} WARNING - No viable dags retrieved from /opt/airflow/dags/utils/__init__.py
[2025-12-05T00:41:05.526+0000] {processor.py:179} INFO - Processing /opt/airflow/dags/utils/__init__.py took 0.017 seconds
[2025-12-05T00:41:35.798+0000] {processor.py:157} INFO - Started process (PID=3259) to work on /opt/airflow/dags/utils/__init__.py
[2025-12-05T00:41:35.799+0000] {processor.py:829} INFO - Processing file /opt/airflow/dags/utils/__init__.py for tasks to queue
[2025-12-05T00:41:35.800+0000] {logging_mixin.py:154} INFO - [2025-12-05T00:41:35.800+0000] {dagbag.py:536} INFO - Filling up the DagBag from /opt/airflow/dags/utils/__init__.py
[2025-12-05T00:41:35.802+0000] {processor.py:841} WARNING - No viable dags retrieved from /opt/airflow/dags/utils/__init__.py
[2025-12-05T00:41:35.813+0000] {processor.py:179} INFO - Processing /opt/airflow/dags/utils/__init__.py took 0.018 seconds
[2025-12-05T00:42:05.931+0000] {processor.py:157} INFO - Started process (PID=3318) to work on /opt/airflow/dags/utils/__init__.py
[2025-12-05T00:42:05.932+0000] {processor.py:829} INFO - Processing file /opt/airflow/dags/utils/__init__.py for tasks to queue
[2025-12-05T00:42:05.932+0000] {logging_mixin.py:154} INFO - [2025-12-05T00:42:05.932+0000] {dagbag.py:536} INFO - Filling up the DagBag from /opt/airflow/dags/utils/__init__.py
[2025-12-05T00:42:05.934+0000] {processor.py:841} WARNING - No viable dags retrieved from /opt/airflow/dags/utils/__init__.py
[2025-12-05T00:42:05.945+0000] {processor.py:179} INFO - Processing /opt/airflow/dags/utils/__init__.py took 0.017 seconds
[2025-12-05T00:42:36.062+0000] {processor.py:157} INFO - Started process (PID=3377) to work on /opt/airflow/dags/utils/__init__.py
[2025-12-05T00:42:36.063+0000] {processor.py:829} INFO - Processing file /opt/airflow/dags/utils/__init__.py for tasks to queue
[2025-12-05T00:42:36.064+0000] {logging_mixin.py:154} INFO - [2025-12-05T00:42:36.063+0000] {dagbag.py:536} INFO - Filling up the DagBag from /opt/airflow/dags/utils/__init__.py
[2025-12-05T00:42:36.065+0000] {processor.py:841} WARNING - No viable dags retrieved from /opt/airflow/dags/utils/__init__.py
[2025-12-05T00:42:36.076+0000] {processor.py:179} INFO - Processing /opt/airflow/dags/utils/__init__.py took 0.017 seconds
[2025-12-05T00:43:06.142+0000] {processor.py:157} INFO - Started process (PID=3436) to work on /opt/airflow/dags/utils/__init__.py
[2025-12-05T00:43:06.143+0000] {processor.py:829} INFO - Processing file /opt/airflow/dags/utils/__init__.py for tasks to queue
[2025-12-05T00:43:06.143+0000] {logging_mixin.py:154} INFO - [2025-12-05T00:43:06.143+0000] {dagbag.py:536} INFO - Filling up the DagBag from /opt/airflow/dags/utils/__init__.py
[2025-12-05T00:43:06.145+0000] {processor.py:841} WARNING - No viable dags retrieved from /opt/airflow/dags/utils/__init__.py
[2025-12-05T00:43:06.155+0000] {processor.py:179} INFO - Processing /opt/airflow/dags/utils/__init__.py took 0.016 seconds
[2025-12-05T00:43:36.370+0000] {processor.py:157} INFO - Started process (PID=3495) to work on /opt/airflow/dags/utils/__init__.py
[2025-12-05T00:43:36.371+0000] {processor.py:829} INFO - Processing file /opt/airflow/dags/utils/__init__.py for tasks to queue
[2025-12-05T00:43:36.371+0000] {logging_mixin.py:154} INFO - [2025-12-05T00:43:36.371+0000] {dagbag.py:536} INFO - Filling up the DagBag from /opt/airflow/dags/utils/__init__.py
[2025-12-05T00:43:36.373+0000] {processor.py:841} WARNING - No viable dags retrieved from /opt/airflow/dags/utils/__init__.py
[2025-12-05T00:43:36.383+0000] {processor.py:179} INFO - Processing /opt/airflow/dags/utils/__init__.py took 0.016 seconds
[2025-12-05T00:44:06.455+0000] {processor.py:157} INFO - Started process (PID=3547) to work on /opt/airflow/dags/utils/__init__.py
[2025-12-05T00:44:06.456+0000] {processor.py:829} INFO - Processing file /opt/airflow/dags/utils/__init__.py for tasks to queue
[2025-12-05T00:44:06.456+0000] {logging_mixin.py:154} INFO - [2025-12-05T00:44:06.456+0000] {dagbag.py:536} INFO - Filling up the DagBag from /opt/airflow/dags/utils/__init__.py
[2025-12-05T00:44:06.458+0000] {processor.py:841} WARNING - No viable dags retrieved from /opt/airflow/dags/utils/__init__.py
[2025-12-05T00:44:06.471+0000] {processor.py:179} INFO - Processing /opt/airflow/dags/utils/__init__.py took 0.020 seconds
[2025-12-05T00:44:36.965+0000] {processor.py:157} INFO - Started process (PID=3607) to work on /opt/airflow/dags/utils/__init__.py
[2025-12-05T00:44:36.966+0000] {processor.py:829} INFO - Processing file /opt/airflow/dags/utils/__init__.py for tasks to queue
[2025-12-05T00:44:36.967+0000] {logging_mixin.py:154} INFO - [2025-12-05T00:44:36.967+0000] {dagbag.py:536} INFO - Filling up the DagBag from /opt/airflow/dags/utils/__init__.py
[2025-12-05T00:44:36.969+0000] {processor.py:841} WARNING - No viable dags retrieved from /opt/airflow/dags/utils/__init__.py
[2025-12-05T00:44:36.980+0000] {processor.py:179} INFO - Processing /opt/airflow/dags/utils/__init__.py took 0.018 seconds
[2025-12-05T00:45:07.330+0000] {processor.py:157} INFO - Started process (PID=3667) to work on /opt/airflow/dags/utils/__init__.py
[2025-12-05T00:45:07.331+0000] {processor.py:829} INFO - Processing file /opt/airflow/dags/utils/__init__.py for tasks to queue
[2025-12-05T00:45:07.332+0000] {logging_mixin.py:154} INFO - [2025-12-05T00:45:07.332+0000] {dagbag.py:536} INFO - Filling up the DagBag from /opt/airflow/dags/utils/__init__.py
[2025-12-05T00:45:07.334+0000] {processor.py:841} WARNING - No viable dags retrieved from /opt/airflow/dags/utils/__init__.py
[2025-12-05T00:45:07.345+0000] {processor.py:179} INFO - Processing /opt/airflow/dags/utils/__init__.py took 0.017 seconds
[2025-12-05T00:45:37.533+0000] {processor.py:157} INFO - Started process (PID=3726) to work on /opt/airflow/dags/utils/__init__.py
[2025-12-05T00:45:37.534+0000] {processor.py:829} INFO - Processing file /opt/airflow/dags/utils/__init__.py for tasks to queue
[2025-12-05T00:45:37.534+0000] {logging_mixin.py:154} INFO - [2025-12-05T00:45:37.534+0000] {dagbag.py:536} INFO - Filling up the DagBag from /opt/airflow/dags/utils/__init__.py
[2025-12-05T00:45:37.536+0000] {processor.py:841} WARNING - No viable dags retrieved from /opt/airflow/dags/utils/__init__.py
[2025-12-05T00:45:37.547+0000] {processor.py:179} INFO - Processing /opt/airflow/dags/utils/__init__.py took 0.017 seconds
[2025-12-05T00:46:07.593+0000] {processor.py:157} INFO - Started process (PID=3785) to work on /opt/airflow/dags/utils/__init__.py
[2025-12-05T00:46:07.594+0000] {processor.py:829} INFO - Processing file /opt/airflow/dags/utils/__init__.py for tasks to queue
[2025-12-05T00:46:07.595+0000] {logging_mixin.py:154} INFO - [2025-12-05T00:46:07.595+0000] {dagbag.py:536} INFO - Filling up the DagBag from /opt/airflow/dags/utils/__init__.py
[2025-12-05T00:46:07.597+0000] {processor.py:841} WARNING - No viable dags retrieved from /opt/airflow/dags/utils/__init__.py
[2025-12-05T00:46:07.612+0000] {processor.py:179} INFO - Processing /opt/airflow/dags/utils/__init__.py took 0.021 seconds
[2025-12-05T00:46:37.771+0000] {processor.py:157} INFO - Started process (PID=3844) to work on /opt/airflow/dags/utils/__init__.py
[2025-12-05T00:46:37.771+0000] {processor.py:829} INFO - Processing file /opt/airflow/dags/utils/__init__.py for tasks to queue
[2025-12-05T00:46:37.772+0000] {logging_mixin.py:154} INFO - [2025-12-05T00:46:37.772+0000] {dagbag.py:536} INFO - Filling up the DagBag from /opt/airflow/dags/utils/__init__.py
[2025-12-05T00:46:37.773+0000] {processor.py:841} WARNING - No viable dags retrieved from /opt/airflow/dags/utils/__init__.py
[2025-12-05T00:46:37.784+0000] {processor.py:179} INFO - Processing /opt/airflow/dags/utils/__init__.py took 0.016 seconds
[2025-12-05T00:47:07.836+0000] {processor.py:157} INFO - Started process (PID=3905) to work on /opt/airflow/dags/utils/__init__.py
[2025-12-05T00:47:07.837+0000] {processor.py:829} INFO - Processing file /opt/airflow/dags/utils/__init__.py for tasks to queue
[2025-12-05T00:47:07.838+0000] {logging_mixin.py:154} INFO - [2025-12-05T00:47:07.837+0000] {dagbag.py:536} INFO - Filling up the DagBag from /opt/airflow/dags/utils/__init__.py
[2025-12-05T00:47:07.839+0000] {processor.py:841} WARNING - No viable dags retrieved from /opt/airflow/dags/utils/__init__.py
[2025-12-05T00:47:07.850+0000] {processor.py:179} INFO - Processing /opt/airflow/dags/utils/__init__.py took 0.017 seconds
[2025-12-05T00:47:37.948+0000] {processor.py:157} INFO - Started process (PID=3962) to work on /opt/airflow/dags/utils/__init__.py
[2025-12-05T00:47:37.949+0000] {processor.py:829} INFO - Processing file /opt/airflow/dags/utils/__init__.py for tasks to queue
[2025-12-05T00:47:37.949+0000] {logging_mixin.py:154} INFO - [2025-12-05T00:47:37.949+0000] {dagbag.py:536} INFO - Filling up the DagBag from /opt/airflow/dags/utils/__init__.py
[2025-12-05T00:47:37.951+0000] {processor.py:841} WARNING - No viable dags retrieved from /opt/airflow/dags/utils/__init__.py
[2025-12-05T00:47:37.962+0000] {processor.py:179} INFO - Processing /opt/airflow/dags/utils/__init__.py took 0.017 seconds
[2025-12-05T00:48:08.071+0000] {processor.py:157} INFO - Started process (PID=4014) to work on /opt/airflow/dags/utils/__init__.py
[2025-12-05T00:48:08.072+0000] {processor.py:829} INFO - Processing file /opt/airflow/dags/utils/__init__.py for tasks to queue
[2025-12-05T00:48:08.073+0000] {logging_mixin.py:154} INFO - [2025-12-05T00:48:08.073+0000] {dagbag.py:536} INFO - Filling up the DagBag from /opt/airflow/dags/utils/__init__.py
[2025-12-05T00:48:08.075+0000] {processor.py:841} WARNING - No viable dags retrieved from /opt/airflow/dags/utils/__init__.py
[2025-12-05T00:48:08.090+0000] {processor.py:179} INFO - Processing /opt/airflow/dags/utils/__init__.py took 0.022 seconds
[2025-12-05T00:48:38.153+0000] {processor.py:157} INFO - Started process (PID=4056) to work on /opt/airflow/dags/utils/__init__.py
[2025-12-05T00:48:38.154+0000] {processor.py:829} INFO - Processing file /opt/airflow/dags/utils/__init__.py for tasks to queue
[2025-12-05T00:48:38.155+0000] {logging_mixin.py:154} INFO - [2025-12-05T00:48:38.154+0000] {dagbag.py:536} INFO - Filling up the DagBag from /opt/airflow/dags/utils/__init__.py
[2025-12-05T00:48:38.156+0000] {processor.py:841} WARNING - No viable dags retrieved from /opt/airflow/dags/utils/__init__.py
[2025-12-05T00:48:38.167+0000] {processor.py:179} INFO - Processing /opt/airflow/dags/utils/__init__.py took 0.017 seconds
[2025-12-05T00:49:08.239+0000] {processor.py:157} INFO - Started process (PID=4115) to work on /opt/airflow/dags/utils/__init__.py
[2025-12-05T00:49:08.240+0000] {processor.py:829} INFO - Processing file /opt/airflow/dags/utils/__init__.py for tasks to queue
[2025-12-05T00:49:08.241+0000] {logging_mixin.py:154} INFO - [2025-12-05T00:49:08.241+0000] {dagbag.py:536} INFO - Filling up the DagBag from /opt/airflow/dags/utils/__init__.py
[2025-12-05T00:49:08.243+0000] {processor.py:841} WARNING - No viable dags retrieved from /opt/airflow/dags/utils/__init__.py
[2025-12-05T00:49:08.252+0000] {processor.py:179} INFO - Processing /opt/airflow/dags/utils/__init__.py took 0.016 seconds
[2025-12-05T00:49:38.952+0000] {processor.py:157} INFO - Started process (PID=4174) to work on /opt/airflow/dags/utils/__init__.py
[2025-12-05T00:49:38.952+0000] {processor.py:829} INFO - Processing file /opt/airflow/dags/utils/__init__.py for tasks to queue
[2025-12-05T00:49:38.953+0000] {logging_mixin.py:154} INFO - [2025-12-05T00:49:38.953+0000] {dagbag.py:536} INFO - Filling up the DagBag from /opt/airflow/dags/utils/__init__.py
[2025-12-05T00:49:38.955+0000] {processor.py:841} WARNING - No viable dags retrieved from /opt/airflow/dags/utils/__init__.py
[2025-12-05T00:49:38.965+0000] {processor.py:179} INFO - Processing /opt/airflow/dags/utils/__init__.py took 0.016 seconds
[2025-12-05T00:50:09.046+0000] {processor.py:157} INFO - Started process (PID=4233) to work on /opt/airflow/dags/utils/__init__.py
[2025-12-05T00:50:09.048+0000] {processor.py:829} INFO - Processing file /opt/airflow/dags/utils/__init__.py for tasks to queue
[2025-12-05T00:50:09.049+0000] {logging_mixin.py:154} INFO - [2025-12-05T00:50:09.048+0000] {dagbag.py:536} INFO - Filling up the DagBag from /opt/airflow/dags/utils/__init__.py
[2025-12-05T00:50:09.051+0000] {processor.py:841} WARNING - No viable dags retrieved from /opt/airflow/dags/utils/__init__.py
[2025-12-05T00:50:09.068+0000] {processor.py:179} INFO - Processing /opt/airflow/dags/utils/__init__.py took 0.026 seconds
[2025-12-05T00:50:39.426+0000] {processor.py:157} INFO - Started process (PID=4292) to work on /opt/airflow/dags/utils/__init__.py
[2025-12-05T00:50:39.427+0000] {processor.py:829} INFO - Processing file /opt/airflow/dags/utils/__init__.py for tasks to queue
[2025-12-05T00:50:39.428+0000] {logging_mixin.py:154} INFO - [2025-12-05T00:50:39.427+0000] {dagbag.py:536} INFO - Filling up the DagBag from /opt/airflow/dags/utils/__init__.py
[2025-12-05T00:50:39.429+0000] {processor.py:841} WARNING - No viable dags retrieved from /opt/airflow/dags/utils/__init__.py
[2025-12-05T00:50:39.439+0000] {processor.py:179} INFO - Processing /opt/airflow/dags/utils/__init__.py took 0.016 seconds
[2025-12-05T00:51:09.677+0000] {processor.py:157} INFO - Started process (PID=4346) to work on /opt/airflow/dags/utils/__init__.py
[2025-12-05T00:51:09.678+0000] {processor.py:829} INFO - Processing file /opt/airflow/dags/utils/__init__.py for tasks to queue
[2025-12-05T00:51:09.679+0000] {logging_mixin.py:154} INFO - [2025-12-05T00:51:09.678+0000] {dagbag.py:536} INFO - Filling up the DagBag from /opt/airflow/dags/utils/__init__.py
[2025-12-05T00:51:09.680+0000] {processor.py:841} WARNING - No viable dags retrieved from /opt/airflow/dags/utils/__init__.py
[2025-12-05T00:51:09.689+0000] {processor.py:179} INFO - Processing /opt/airflow/dags/utils/__init__.py took 0.014 seconds
[2025-12-05T00:51:39.738+0000] {processor.py:157} INFO - Started process (PID=4405) to work on /opt/airflow/dags/utils/__init__.py
[2025-12-05T00:51:39.739+0000] {processor.py:829} INFO - Processing file /opt/airflow/dags/utils/__init__.py for tasks to queue
[2025-12-05T00:51:39.739+0000] {logging_mixin.py:154} INFO - [2025-12-05T00:51:39.739+0000] {dagbag.py:536} INFO - Filling up the DagBag from /opt/airflow/dags/utils/__init__.py
[2025-12-05T00:51:39.741+0000] {processor.py:841} WARNING - No viable dags retrieved from /opt/airflow/dags/utils/__init__.py
[2025-12-05T00:51:39.752+0000] {processor.py:179} INFO - Processing /opt/airflow/dags/utils/__init__.py took 0.018 seconds
[2025-12-05T00:52:10.063+0000] {processor.py:157} INFO - Started process (PID=4464) to work on /opt/airflow/dags/utils/__init__.py
[2025-12-05T00:52:10.064+0000] {processor.py:829} INFO - Processing file /opt/airflow/dags/utils/__init__.py for tasks to queue
[2025-12-05T00:52:10.065+0000] {logging_mixin.py:154} INFO - [2025-12-05T00:52:10.064+0000] {dagbag.py:536} INFO - Filling up the DagBag from /opt/airflow/dags/utils/__init__.py
[2025-12-05T00:52:10.066+0000] {processor.py:841} WARNING - No viable dags retrieved from /opt/airflow/dags/utils/__init__.py
[2025-12-05T00:52:10.077+0000] {processor.py:179} INFO - Processing /opt/airflow/dags/utils/__init__.py took 0.017 seconds
[2025-12-05T00:52:40.180+0000] {processor.py:157} INFO - Started process (PID=4523) to work on /opt/airflow/dags/utils/__init__.py
[2025-12-05T00:52:40.181+0000] {processor.py:829} INFO - Processing file /opt/airflow/dags/utils/__init__.py for tasks to queue
[2025-12-05T00:52:40.182+0000] {logging_mixin.py:154} INFO - [2025-12-05T00:52:40.181+0000] {dagbag.py:536} INFO - Filling up the DagBag from /opt/airflow/dags/utils/__init__.py
[2025-12-05T00:52:40.183+0000] {processor.py:841} WARNING - No viable dags retrieved from /opt/airflow/dags/utils/__init__.py
[2025-12-05T00:52:40.195+0000] {processor.py:179} INFO - Processing /opt/airflow/dags/utils/__init__.py took 0.018 seconds
[2025-12-05T00:53:10.416+0000] {processor.py:157} INFO - Started process (PID=4575) to work on /opt/airflow/dags/utils/__init__.py
[2025-12-05T00:53:10.417+0000] {processor.py:829} INFO - Processing file /opt/airflow/dags/utils/__init__.py for tasks to queue
[2025-12-05T00:53:10.417+0000] {logging_mixin.py:154} INFO - [2025-12-05T00:53:10.417+0000] {dagbag.py:536} INFO - Filling up the DagBag from /opt/airflow/dags/utils/__init__.py
[2025-12-05T00:53:10.419+0000] {processor.py:841} WARNING - No viable dags retrieved from /opt/airflow/dags/utils/__init__.py
[2025-12-05T00:53:10.430+0000] {processor.py:179} INFO - Processing /opt/airflow/dags/utils/__init__.py took 0.016 seconds
[2025-12-05T00:53:40.630+0000] {processor.py:157} INFO - Started process (PID=4635) to work on /opt/airflow/dags/utils/__init__.py
[2025-12-05T00:53:40.630+0000] {processor.py:829} INFO - Processing file /opt/airflow/dags/utils/__init__.py for tasks to queue
[2025-12-05T00:53:40.631+0000] {logging_mixin.py:154} INFO - [2025-12-05T00:53:40.631+0000] {dagbag.py:536} INFO - Filling up the DagBag from /opt/airflow/dags/utils/__init__.py
[2025-12-05T00:53:40.633+0000] {processor.py:841} WARNING - No viable dags retrieved from /opt/airflow/dags/utils/__init__.py
[2025-12-05T00:53:40.644+0000] {processor.py:179} INFO - Processing /opt/airflow/dags/utils/__init__.py took 0.017 seconds
[2025-12-05T00:54:10.855+0000] {processor.py:157} INFO - Started process (PID=4694) to work on /opt/airflow/dags/utils/__init__.py
[2025-12-05T00:54:10.856+0000] {processor.py:829} INFO - Processing file /opt/airflow/dags/utils/__init__.py for tasks to queue
[2025-12-05T00:54:10.857+0000] {logging_mixin.py:154} INFO - [2025-12-05T00:54:10.857+0000] {dagbag.py:536} INFO - Filling up the DagBag from /opt/airflow/dags/utils/__init__.py
[2025-12-05T00:54:10.859+0000] {processor.py:841} WARNING - No viable dags retrieved from /opt/airflow/dags/utils/__init__.py
[2025-12-05T00:54:10.870+0000] {processor.py:179} INFO - Processing /opt/airflow/dags/utils/__init__.py took 0.018 seconds
[2025-12-05T00:54:41.115+0000] {processor.py:157} INFO - Started process (PID=4753) to work on /opt/airflow/dags/utils/__init__.py
[2025-12-05T00:54:41.116+0000] {processor.py:829} INFO - Processing file /opt/airflow/dags/utils/__init__.py for tasks to queue
[2025-12-05T00:54:41.117+0000] {logging_mixin.py:154} INFO - [2025-12-05T00:54:41.117+0000] {dagbag.py:536} INFO - Filling up the DagBag from /opt/airflow/dags/utils/__init__.py
[2025-12-05T00:54:41.119+0000] {processor.py:841} WARNING - No viable dags retrieved from /opt/airflow/dags/utils/__init__.py
[2025-12-05T00:54:41.129+0000] {processor.py:179} INFO - Processing /opt/airflow/dags/utils/__init__.py took 0.017 seconds
[2025-12-05T00:55:11.195+0000] {processor.py:157} INFO - Started process (PID=4812) to work on /opt/airflow/dags/utils/__init__.py
[2025-12-05T00:55:11.196+0000] {processor.py:829} INFO - Processing file /opt/airflow/dags/utils/__init__.py for tasks to queue
[2025-12-05T00:55:11.197+0000] {logging_mixin.py:154} INFO - [2025-12-05T00:55:11.196+0000] {dagbag.py:536} INFO - Filling up the DagBag from /opt/airflow/dags/utils/__init__.py
[2025-12-05T00:55:11.198+0000] {processor.py:841} WARNING - No viable dags retrieved from /opt/airflow/dags/utils/__init__.py
[2025-12-05T00:55:11.208+0000] {processor.py:179} INFO - Processing /opt/airflow/dags/utils/__init__.py took 0.016 seconds
[2025-12-05T00:55:41.857+0000] {processor.py:157} INFO - Started process (PID=4871) to work on /opt/airflow/dags/utils/__init__.py
[2025-12-05T00:55:41.858+0000] {processor.py:829} INFO - Processing file /opt/airflow/dags/utils/__init__.py for tasks to queue
[2025-12-05T00:55:41.859+0000] {logging_mixin.py:154} INFO - [2025-12-05T00:55:41.858+0000] {dagbag.py:536} INFO - Filling up the DagBag from /opt/airflow/dags/utils/__init__.py
[2025-12-05T00:55:41.861+0000] {processor.py:841} WARNING - No viable dags retrieved from /opt/airflow/dags/utils/__init__.py
[2025-12-05T00:55:41.873+0000] {processor.py:179} INFO - Processing /opt/airflow/dags/utils/__init__.py took 0.020 seconds
[2025-12-05T00:56:11.987+0000] {processor.py:157} INFO - Started process (PID=4930) to work on /opt/airflow/dags/utils/__init__.py
[2025-12-05T00:56:11.988+0000] {processor.py:829} INFO - Processing file /opt/airflow/dags/utils/__init__.py for tasks to queue
[2025-12-05T00:56:11.989+0000] {logging_mixin.py:154} INFO - [2025-12-05T00:56:11.989+0000] {dagbag.py:536} INFO - Filling up the DagBag from /opt/airflow/dags/utils/__init__.py
[2025-12-05T00:56:11.991+0000] {processor.py:841} WARNING - No viable dags retrieved from /opt/airflow/dags/utils/__init__.py
[2025-12-05T00:56:12.001+0000] {processor.py:179} INFO - Processing /opt/airflow/dags/utils/__init__.py took 0.016 seconds
[2025-12-05T00:57:25.841+0000] {processor.py:157} INFO - Started process (PID=4973) to work on /opt/airflow/dags/utils/__init__.py
[2025-12-05T00:57:25.843+0000] {processor.py:829} INFO - Processing file /opt/airflow/dags/utils/__init__.py for tasks to queue
[2025-12-05T00:57:25.844+0000] {logging_mixin.py:154} INFO - [2025-12-05T00:57:25.844+0000] {dagbag.py:536} INFO - Filling up the DagBag from /opt/airflow/dags/utils/__init__.py
[2025-12-05T00:57:25.846+0000] {processor.py:841} WARNING - No viable dags retrieved from /opt/airflow/dags/utils/__init__.py
[2025-12-05T00:57:25.961+0000] {processor.py:179} INFO - Processing /opt/airflow/dags/utils/__init__.py took 0.124 seconds
[2025-12-05T00:57:56.520+0000] {processor.py:157} INFO - Started process (PID=5020) to work on /opt/airflow/dags/utils/__init__.py
[2025-12-05T00:57:56.520+0000] {processor.py:829} INFO - Processing file /opt/airflow/dags/utils/__init__.py for tasks to queue
[2025-12-05T00:57:56.521+0000] {logging_mixin.py:154} INFO - [2025-12-05T00:57:56.521+0000] {dagbag.py:536} INFO - Filling up the DagBag from /opt/airflow/dags/utils/__init__.py
[2025-12-05T00:57:56.522+0000] {processor.py:841} WARNING - No viable dags retrieved from /opt/airflow/dags/utils/__init__.py
[2025-12-05T00:57:56.533+0000] {processor.py:179} INFO - Processing /opt/airflow/dags/utils/__init__.py took 0.016 seconds
[2025-12-05T00:58:26.825+0000] {processor.py:157} INFO - Started process (PID=5079) to work on /opt/airflow/dags/utils/__init__.py
[2025-12-05T00:58:26.826+0000] {processor.py:829} INFO - Processing file /opt/airflow/dags/utils/__init__.py for tasks to queue
[2025-12-05T00:58:26.827+0000] {logging_mixin.py:154} INFO - [2025-12-05T00:58:26.826+0000] {dagbag.py:536} INFO - Filling up the DagBag from /opt/airflow/dags/utils/__init__.py
[2025-12-05T00:58:26.829+0000] {processor.py:841} WARNING - No viable dags retrieved from /opt/airflow/dags/utils/__init__.py
[2025-12-05T00:58:26.848+0000] {processor.py:179} INFO - Processing /opt/airflow/dags/utils/__init__.py took 0.028 seconds
[2025-12-05T00:58:57.735+0000] {processor.py:157} INFO - Started process (PID=5138) to work on /opt/airflow/dags/utils/__init__.py
[2025-12-05T00:58:57.736+0000] {processor.py:829} INFO - Processing file /opt/airflow/dags/utils/__init__.py for tasks to queue
[2025-12-05T00:58:57.736+0000] {logging_mixin.py:154} INFO - [2025-12-05T00:58:57.736+0000] {dagbag.py:536} INFO - Filling up the DagBag from /opt/airflow/dags/utils/__init__.py
[2025-12-05T00:58:57.738+0000] {processor.py:841} WARNING - No viable dags retrieved from /opt/airflow/dags/utils/__init__.py
[2025-12-05T00:58:57.747+0000] {processor.py:179} INFO - Processing /opt/airflow/dags/utils/__init__.py took 0.015 seconds
[2025-12-05T00:59:27.831+0000] {processor.py:157} INFO - Started process (PID=5197) to work on /opt/airflow/dags/utils/__init__.py
[2025-12-05T00:59:27.832+0000] {processor.py:829} INFO - Processing file /opt/airflow/dags/utils/__init__.py for tasks to queue
[2025-12-05T00:59:27.833+0000] {logging_mixin.py:154} INFO - [2025-12-05T00:59:27.832+0000] {dagbag.py:536} INFO - Filling up the DagBag from /opt/airflow/dags/utils/__init__.py
[2025-12-05T00:59:27.834+0000] {processor.py:841} WARNING - No viable dags retrieved from /opt/airflow/dags/utils/__init__.py
[2025-12-05T00:59:27.845+0000] {processor.py:179} INFO - Processing /opt/airflow/dags/utils/__init__.py took 0.016 seconds
[2025-12-05T00:59:57.966+0000] {processor.py:157} INFO - Started process (PID=5256) to work on /opt/airflow/dags/utils/__init__.py
[2025-12-05T00:59:57.967+0000] {processor.py:829} INFO - Processing file /opt/airflow/dags/utils/__init__.py for tasks to queue
[2025-12-05T00:59:57.968+0000] {logging_mixin.py:154} INFO - [2025-12-05T00:59:57.968+0000] {dagbag.py:536} INFO - Filling up the DagBag from /opt/airflow/dags/utils/__init__.py
[2025-12-05T00:59:57.970+0000] {processor.py:841} WARNING - No viable dags retrieved from /opt/airflow/dags/utils/__init__.py
[2025-12-05T00:59:57.981+0000] {processor.py:179} INFO - Processing /opt/airflow/dags/utils/__init__.py took 0.020 seconds
[2025-12-05T01:00:28.265+0000] {processor.py:157} INFO - Started process (PID=5315) to work on /opt/airflow/dags/utils/__init__.py
[2025-12-05T01:00:28.267+0000] {processor.py:829} INFO - Processing file /opt/airflow/dags/utils/__init__.py for tasks to queue
[2025-12-05T01:00:28.267+0000] {logging_mixin.py:154} INFO - [2025-12-05T01:00:28.267+0000] {dagbag.py:536} INFO - Filling up the DagBag from /opt/airflow/dags/utils/__init__.py
[2025-12-05T01:00:28.270+0000] {processor.py:841} WARNING - No viable dags retrieved from /opt/airflow/dags/utils/__init__.py
[2025-12-05T01:00:28.285+0000] {processor.py:179} INFO - Processing /opt/airflow/dags/utils/__init__.py took 0.024 seconds
[2025-12-05T01:00:59.076+0000] {processor.py:157} INFO - Started process (PID=5374) to work on /opt/airflow/dags/utils/__init__.py
[2025-12-05T01:00:59.077+0000] {processor.py:829} INFO - Processing file /opt/airflow/dags/utils/__init__.py for tasks to queue
[2025-12-05T01:00:59.077+0000] {logging_mixin.py:154} INFO - [2025-12-05T01:00:59.077+0000] {dagbag.py:536} INFO - Filling up the DagBag from /opt/airflow/dags/utils/__init__.py
[2025-12-05T01:00:59.079+0000] {processor.py:841} WARNING - No viable dags retrieved from /opt/airflow/dags/utils/__init__.py
[2025-12-05T01:00:59.088+0000] {processor.py:179} INFO - Processing /opt/airflow/dags/utils/__init__.py took 0.015 seconds
[2025-12-05T01:01:29.389+0000] {processor.py:157} INFO - Started process (PID=5426) to work on /opt/airflow/dags/utils/__init__.py
[2025-12-05T01:01:29.389+0000] {processor.py:829} INFO - Processing file /opt/airflow/dags/utils/__init__.py for tasks to queue
[2025-12-05T01:01:29.390+0000] {logging_mixin.py:154} INFO - [2025-12-05T01:01:29.390+0000] {dagbag.py:536} INFO - Filling up the DagBag from /opt/airflow/dags/utils/__init__.py
[2025-12-05T01:01:29.391+0000] {processor.py:841} WARNING - No viable dags retrieved from /opt/airflow/dags/utils/__init__.py
[2025-12-05T01:01:29.401+0000] {processor.py:179} INFO - Processing /opt/airflow/dags/utils/__init__.py took 0.015 seconds
[2025-12-05T01:01:59.577+0000] {processor.py:157} INFO - Started process (PID=5485) to work on /opt/airflow/dags/utils/__init__.py
[2025-12-05T01:01:59.578+0000] {processor.py:829} INFO - Processing file /opt/airflow/dags/utils/__init__.py for tasks to queue
[2025-12-05T01:01:59.579+0000] {logging_mixin.py:154} INFO - [2025-12-05T01:01:59.579+0000] {dagbag.py:536} INFO - Filling up the DagBag from /opt/airflow/dags/utils/__init__.py
[2025-12-05T01:01:59.581+0000] {processor.py:841} WARNING - No viable dags retrieved from /opt/airflow/dags/utils/__init__.py
[2025-12-05T01:01:59.591+0000] {processor.py:179} INFO - Processing /opt/airflow/dags/utils/__init__.py took 0.017 seconds
[2025-12-05T01:02:29.816+0000] {processor.py:157} INFO - Started process (PID=5544) to work on /opt/airflow/dags/utils/__init__.py
[2025-12-05T01:02:29.816+0000] {processor.py:829} INFO - Processing file /opt/airflow/dags/utils/__init__.py for tasks to queue
[2025-12-05T01:02:29.817+0000] {logging_mixin.py:154} INFO - [2025-12-05T01:02:29.817+0000] {dagbag.py:536} INFO - Filling up the DagBag from /opt/airflow/dags/utils/__init__.py
[2025-12-05T01:02:29.818+0000] {processor.py:841} WARNING - No viable dags retrieved from /opt/airflow/dags/utils/__init__.py
[2025-12-05T01:02:29.829+0000] {processor.py:179} INFO - Processing /opt/airflow/dags/utils/__init__.py took 0.016 seconds
[2025-12-05T01:03:00.013+0000] {processor.py:157} INFO - Started process (PID=5603) to work on /opt/airflow/dags/utils/__init__.py
[2025-12-05T01:03:00.014+0000] {processor.py:829} INFO - Processing file /opt/airflow/dags/utils/__init__.py for tasks to queue
[2025-12-05T01:03:00.015+0000] {logging_mixin.py:154} INFO - [2025-12-05T01:03:00.014+0000] {dagbag.py:536} INFO - Filling up the DagBag from /opt/airflow/dags/utils/__init__.py
[2025-12-05T01:03:00.017+0000] {processor.py:841} WARNING - No viable dags retrieved from /opt/airflow/dags/utils/__init__.py
[2025-12-05T01:03:00.032+0000] {processor.py:179} INFO - Processing /opt/airflow/dags/utils/__init__.py took 0.023 seconds
[2025-12-05T01:03:30.158+0000] {processor.py:157} INFO - Started process (PID=5662) to work on /opt/airflow/dags/utils/__init__.py
[2025-12-05T01:03:30.158+0000] {processor.py:829} INFO - Processing file /opt/airflow/dags/utils/__init__.py for tasks to queue
[2025-12-05T01:03:30.159+0000] {logging_mixin.py:154} INFO - [2025-12-05T01:03:30.159+0000] {dagbag.py:536} INFO - Filling up the DagBag from /opt/airflow/dags/utils/__init__.py
[2025-12-05T01:03:30.160+0000] {processor.py:841} WARNING - No viable dags retrieved from /opt/airflow/dags/utils/__init__.py
[2025-12-05T01:03:30.171+0000] {processor.py:179} INFO - Processing /opt/airflow/dags/utils/__init__.py took 0.016 seconds
[2025-12-05T01:04:01.041+0000] {processor.py:157} INFO - Started process (PID=5721) to work on /opt/airflow/dags/utils/__init__.py
[2025-12-05T01:04:01.042+0000] {processor.py:829} INFO - Processing file /opt/airflow/dags/utils/__init__.py for tasks to queue
[2025-12-05T01:04:01.042+0000] {logging_mixin.py:154} INFO - [2025-12-05T01:04:01.042+0000] {dagbag.py:536} INFO - Filling up the DagBag from /opt/airflow/dags/utils/__init__.py
[2025-12-05T01:04:01.044+0000] {processor.py:841} WARNING - No viable dags retrieved from /opt/airflow/dags/utils/__init__.py
[2025-12-05T01:04:01.055+0000] {processor.py:179} INFO - Processing /opt/airflow/dags/utils/__init__.py took 0.019 seconds
[2025-12-05T01:04:31.283+0000] {processor.py:157} INFO - Started process (PID=5779) to work on /opt/airflow/dags/utils/__init__.py
[2025-12-05T01:04:31.284+0000] {processor.py:829} INFO - Processing file /opt/airflow/dags/utils/__init__.py for tasks to queue
[2025-12-05T01:04:31.284+0000] {logging_mixin.py:154} INFO - [2025-12-05T01:04:31.284+0000] {dagbag.py:536} INFO - Filling up the DagBag from /opt/airflow/dags/utils/__init__.py
[2025-12-05T01:04:31.286+0000] {processor.py:841} WARNING - No viable dags retrieved from /opt/airflow/dags/utils/__init__.py
[2025-12-05T01:04:31.297+0000] {processor.py:179} INFO - Processing /opt/airflow/dags/utils/__init__.py took 0.017 seconds
[2025-12-05T01:05:01.497+0000] {processor.py:157} INFO - Started process (PID=5838) to work on /opt/airflow/dags/utils/__init__.py
[2025-12-05T01:05:01.498+0000] {processor.py:829} INFO - Processing file /opt/airflow/dags/utils/__init__.py for tasks to queue
[2025-12-05T01:05:01.499+0000] {logging_mixin.py:154} INFO - [2025-12-05T01:05:01.499+0000] {dagbag.py:536} INFO - Filling up the DagBag from /opt/airflow/dags/utils/__init__.py
[2025-12-05T01:05:01.501+0000] {processor.py:841} WARNING - No viable dags retrieved from /opt/airflow/dags/utils/__init__.py
[2025-12-05T01:05:01.513+0000] {processor.py:179} INFO - Processing /opt/airflow/dags/utils/__init__.py took 0.019 seconds
[2025-12-05T01:05:31.769+0000] {processor.py:157} INFO - Started process (PID=5891) to work on /opt/airflow/dags/utils/__init__.py
[2025-12-05T01:05:31.770+0000] {processor.py:829} INFO - Processing file /opt/airflow/dags/utils/__init__.py for tasks to queue
[2025-12-05T01:05:31.771+0000] {logging_mixin.py:154} INFO - [2025-12-05T01:05:31.771+0000] {dagbag.py:536} INFO - Filling up the DagBag from /opt/airflow/dags/utils/__init__.py
[2025-12-05T01:05:31.773+0000] {processor.py:841} WARNING - No viable dags retrieved from /opt/airflow/dags/utils/__init__.py
[2025-12-05T01:05:31.784+0000] {processor.py:179} INFO - Processing /opt/airflow/dags/utils/__init__.py took 0.017 seconds
[2025-12-05T01:06:02.009+0000] {processor.py:157} INFO - Started process (PID=5951) to work on /opt/airflow/dags/utils/__init__.py
[2025-12-05T01:06:02.010+0000] {processor.py:829} INFO - Processing file /opt/airflow/dags/utils/__init__.py for tasks to queue
[2025-12-05T01:06:02.011+0000] {logging_mixin.py:154} INFO - [2025-12-05T01:06:02.011+0000] {dagbag.py:536} INFO - Filling up the DagBag from /opt/airflow/dags/utils/__init__.py
[2025-12-05T01:06:02.012+0000] {processor.py:841} WARNING - No viable dags retrieved from /opt/airflow/dags/utils/__init__.py
[2025-12-05T01:06:02.024+0000] {processor.py:179} INFO - Processing /opt/airflow/dags/utils/__init__.py took 0.018 seconds
[2025-12-05T01:06:32.294+0000] {processor.py:157} INFO - Started process (PID=6010) to work on /opt/airflow/dags/utils/__init__.py
[2025-12-05T01:06:32.295+0000] {processor.py:829} INFO - Processing file /opt/airflow/dags/utils/__init__.py for tasks to queue
[2025-12-05T01:06:32.295+0000] {logging_mixin.py:154} INFO - [2025-12-05T01:06:32.295+0000] {dagbag.py:536} INFO - Filling up the DagBag from /opt/airflow/dags/utils/__init__.py
[2025-12-05T01:06:32.297+0000] {processor.py:841} WARNING - No viable dags retrieved from /opt/airflow/dags/utils/__init__.py
[2025-12-05T01:06:32.309+0000] {processor.py:179} INFO - Processing /opt/airflow/dags/utils/__init__.py took 0.018 seconds
[2025-12-05T01:07:02.367+0000] {processor.py:157} INFO - Started process (PID=6071) to work on /opt/airflow/dags/utils/__init__.py
[2025-12-05T01:07:02.369+0000] {processor.py:829} INFO - Processing file /opt/airflow/dags/utils/__init__.py for tasks to queue
[2025-12-05T01:07:02.369+0000] {logging_mixin.py:154} INFO - [2025-12-05T01:07:02.369+0000] {dagbag.py:536} INFO - Filling up the DagBag from /opt/airflow/dags/utils/__init__.py
[2025-12-05T01:07:02.371+0000] {processor.py:841} WARNING - No viable dags retrieved from /opt/airflow/dags/utils/__init__.py
[2025-12-05T01:07:02.384+0000] {processor.py:179} INFO - Processing /opt/airflow/dags/utils/__init__.py took 0.020 seconds
[2025-12-05T01:07:32.535+0000] {processor.py:157} INFO - Started process (PID=6128) to work on /opt/airflow/dags/utils/__init__.py
[2025-12-05T01:07:32.535+0000] {processor.py:829} INFO - Processing file /opt/airflow/dags/utils/__init__.py for tasks to queue
[2025-12-05T01:07:32.536+0000] {logging_mixin.py:154} INFO - [2025-12-05T01:07:32.536+0000] {dagbag.py:536} INFO - Filling up the DagBag from /opt/airflow/dags/utils/__init__.py
[2025-12-05T01:07:32.538+0000] {processor.py:841} WARNING - No viable dags retrieved from /opt/airflow/dags/utils/__init__.py
[2025-12-05T01:07:32.548+0000] {processor.py:179} INFO - Processing /opt/airflow/dags/utils/__init__.py took 0.016 seconds
[2025-12-05T01:08:02.755+0000] {processor.py:157} INFO - Started process (PID=6180) to work on /opt/airflow/dags/utils/__init__.py
[2025-12-05T01:08:02.756+0000] {processor.py:829} INFO - Processing file /opt/airflow/dags/utils/__init__.py for tasks to queue
[2025-12-05T01:08:02.756+0000] {logging_mixin.py:154} INFO - [2025-12-05T01:08:02.756+0000] {dagbag.py:536} INFO - Filling up the DagBag from /opt/airflow/dags/utils/__init__.py
[2025-12-05T01:08:02.758+0000] {processor.py:841} WARNING - No viable dags retrieved from /opt/airflow/dags/utils/__init__.py
[2025-12-05T01:08:02.769+0000] {processor.py:179} INFO - Processing /opt/airflow/dags/utils/__init__.py took 0.016 seconds
[2025-12-05T01:08:33.035+0000] {processor.py:157} INFO - Started process (PID=6239) to work on /opt/airflow/dags/utils/__init__.py
[2025-12-05T01:08:33.035+0000] {processor.py:829} INFO - Processing file /opt/airflow/dags/utils/__init__.py for tasks to queue
[2025-12-05T01:08:33.036+0000] {logging_mixin.py:154} INFO - [2025-12-05T01:08:33.036+0000] {dagbag.py:536} INFO - Filling up the DagBag from /opt/airflow/dags/utils/__init__.py
[2025-12-05T01:08:33.037+0000] {processor.py:841} WARNING - No viable dags retrieved from /opt/airflow/dags/utils/__init__.py
[2025-12-05T01:08:33.048+0000] {processor.py:179} INFO - Processing /opt/airflow/dags/utils/__init__.py took 0.016 seconds
[2025-12-05T01:09:03.354+0000] {processor.py:157} INFO - Started process (PID=6298) to work on /opt/airflow/dags/utils/__init__.py
[2025-12-05T01:09:03.355+0000] {processor.py:829} INFO - Processing file /opt/airflow/dags/utils/__init__.py for tasks to queue
[2025-12-05T01:09:03.356+0000] {logging_mixin.py:154} INFO - [2025-12-05T01:09:03.355+0000] {dagbag.py:536} INFO - Filling up the DagBag from /opt/airflow/dags/utils/__init__.py
[2025-12-05T01:09:03.357+0000] {processor.py:841} WARNING - No viable dags retrieved from /opt/airflow/dags/utils/__init__.py
[2025-12-05T01:09:03.368+0000] {processor.py:179} INFO - Processing /opt/airflow/dags/utils/__init__.py took 0.017 seconds
[2025-12-05T01:09:33.405+0000] {processor.py:157} INFO - Started process (PID=6340) to work on /opt/airflow/dags/utils/__init__.py
[2025-12-05T01:09:33.406+0000] {processor.py:829} INFO - Processing file /opt/airflow/dags/utils/__init__.py for tasks to queue
[2025-12-05T01:09:33.406+0000] {logging_mixin.py:154} INFO - [2025-12-05T01:09:33.406+0000] {dagbag.py:536} INFO - Filling up the DagBag from /opt/airflow/dags/utils/__init__.py
[2025-12-05T01:09:33.408+0000] {processor.py:841} WARNING - No viable dags retrieved from /opt/airflow/dags/utils/__init__.py
[2025-12-05T01:09:33.420+0000] {processor.py:179} INFO - Processing /opt/airflow/dags/utils/__init__.py took 0.018 seconds
[2025-12-05T01:10:03.820+0000] {processor.py:157} INFO - Started process (PID=6400) to work on /opt/airflow/dags/utils/__init__.py
[2025-12-05T01:10:03.822+0000] {processor.py:829} INFO - Processing file /opt/airflow/dags/utils/__init__.py for tasks to queue
[2025-12-05T01:10:03.822+0000] {logging_mixin.py:154} INFO - [2025-12-05T01:10:03.822+0000] {dagbag.py:536} INFO - Filling up the DagBag from /opt/airflow/dags/utils/__init__.py
[2025-12-05T01:10:03.824+0000] {processor.py:841} WARNING - No viable dags retrieved from /opt/airflow/dags/utils/__init__.py
[2025-12-05T01:10:03.835+0000] {processor.py:179} INFO - Processing /opt/airflow/dags/utils/__init__.py took 0.019 seconds
[2025-12-05T01:10:34.367+0000] {processor.py:157} INFO - Started process (PID=6459) to work on /opt/airflow/dags/utils/__init__.py
[2025-12-05T01:10:34.368+0000] {processor.py:829} INFO - Processing file /opt/airflow/dags/utils/__init__.py for tasks to queue
[2025-12-05T01:10:34.369+0000] {logging_mixin.py:154} INFO - [2025-12-05T01:10:34.368+0000] {dagbag.py:536} INFO - Filling up the DagBag from /opt/airflow/dags/utils/__init__.py
[2025-12-05T01:10:34.371+0000] {processor.py:841} WARNING - No viable dags retrieved from /opt/airflow/dags/utils/__init__.py
[2025-12-05T01:10:34.382+0000] {processor.py:179} INFO - Processing /opt/airflow/dags/utils/__init__.py took 0.017 seconds
[2025-12-05T01:11:04.639+0000] {processor.py:157} INFO - Started process (PID=6518) to work on /opt/airflow/dags/utils/__init__.py
[2025-12-05T01:11:04.639+0000] {processor.py:829} INFO - Processing file /opt/airflow/dags/utils/__init__.py for tasks to queue
[2025-12-05T01:11:04.640+0000] {logging_mixin.py:154} INFO - [2025-12-05T01:11:04.640+0000] {dagbag.py:536} INFO - Filling up the DagBag from /opt/airflow/dags/utils/__init__.py
[2025-12-05T01:11:04.642+0000] {processor.py:841} WARNING - No viable dags retrieved from /opt/airflow/dags/utils/__init__.py
[2025-12-05T01:11:04.652+0000] {processor.py:179} INFO - Processing /opt/airflow/dags/utils/__init__.py took 0.018 seconds
[2025-12-05T01:11:35.035+0000] {processor.py:157} INFO - Started process (PID=6577) to work on /opt/airflow/dags/utils/__init__.py
[2025-12-05T01:11:35.036+0000] {processor.py:829} INFO - Processing file /opt/airflow/dags/utils/__init__.py for tasks to queue
[2025-12-05T01:11:35.037+0000] {logging_mixin.py:154} INFO - [2025-12-05T01:11:35.036+0000] {dagbag.py:536} INFO - Filling up the DagBag from /opt/airflow/dags/utils/__init__.py
[2025-12-05T01:11:35.038+0000] {processor.py:841} WARNING - No viable dags retrieved from /opt/airflow/dags/utils/__init__.py
[2025-12-05T01:11:35.050+0000] {processor.py:179} INFO - Processing /opt/airflow/dags/utils/__init__.py took 0.018 seconds
[2025-12-05T01:12:05.606+0000] {processor.py:157} INFO - Started process (PID=6629) to work on /opt/airflow/dags/utils/__init__.py
[2025-12-05T01:12:05.607+0000] {processor.py:829} INFO - Processing file /opt/airflow/dags/utils/__init__.py for tasks to queue
[2025-12-05T01:12:05.608+0000] {logging_mixin.py:154} INFO - [2025-12-05T01:12:05.607+0000] {dagbag.py:536} INFO - Filling up the DagBag from /opt/airflow/dags/utils/__init__.py
[2025-12-05T01:12:05.609+0000] {processor.py:841} WARNING - No viable dags retrieved from /opt/airflow/dags/utils/__init__.py
[2025-12-05T01:12:05.620+0000] {processor.py:179} INFO - Processing /opt/airflow/dags/utils/__init__.py took 0.016 seconds
[2025-12-05T01:12:36.469+0000] {processor.py:157} INFO - Started process (PID=6688) to work on /opt/airflow/dags/utils/__init__.py
[2025-12-05T01:12:36.469+0000] {processor.py:829} INFO - Processing file /opt/airflow/dags/utils/__init__.py for tasks to queue
[2025-12-05T01:12:36.470+0000] {logging_mixin.py:154} INFO - [2025-12-05T01:12:36.470+0000] {dagbag.py:536} INFO - Filling up the DagBag from /opt/airflow/dags/utils/__init__.py
[2025-12-05T01:12:36.472+0000] {processor.py:841} WARNING - No viable dags retrieved from /opt/airflow/dags/utils/__init__.py
[2025-12-05T01:12:36.482+0000] {processor.py:179} INFO - Processing /opt/airflow/dags/utils/__init__.py took 0.017 seconds
[2025-12-05T01:13:06.992+0000] {processor.py:157} INFO - Started process (PID=6747) to work on /opt/airflow/dags/utils/__init__.py
[2025-12-05T01:13:06.998+0000] {processor.py:829} INFO - Processing file /opt/airflow/dags/utils/__init__.py for tasks to queue
[2025-12-05T01:13:06.999+0000] {logging_mixin.py:154} INFO - [2025-12-05T01:13:06.998+0000] {dagbag.py:536} INFO - Filling up the DagBag from /opt/airflow/dags/utils/__init__.py
[2025-12-05T01:13:07.000+0000] {processor.py:841} WARNING - No viable dags retrieved from /opt/airflow/dags/utils/__init__.py
[2025-12-05T01:13:07.011+0000] {processor.py:179} INFO - Processing /opt/airflow/dags/utils/__init__.py took 0.022 seconds
[2025-12-05T01:13:37.463+0000] {processor.py:157} INFO - Started process (PID=6806) to work on /opt/airflow/dags/utils/__init__.py
[2025-12-05T01:13:37.464+0000] {processor.py:829} INFO - Processing file /opt/airflow/dags/utils/__init__.py for tasks to queue
[2025-12-05T01:13:37.464+0000] {logging_mixin.py:154} INFO - [2025-12-05T01:13:37.464+0000] {dagbag.py:536} INFO - Filling up the DagBag from /opt/airflow/dags/utils/__init__.py
[2025-12-05T01:13:37.466+0000] {processor.py:841} WARNING - No viable dags retrieved from /opt/airflow/dags/utils/__init__.py
[2025-12-05T01:13:37.477+0000] {processor.py:179} INFO - Processing /opt/airflow/dags/utils/__init__.py took 0.017 seconds
[2025-12-05T01:14:08.009+0000] {processor.py:157} INFO - Started process (PID=6866) to work on /opt/airflow/dags/utils/__init__.py
[2025-12-05T01:14:08.010+0000] {processor.py:829} INFO - Processing file /opt/airflow/dags/utils/__init__.py for tasks to queue
[2025-12-05T01:14:08.010+0000] {logging_mixin.py:154} INFO - [2025-12-05T01:14:08.010+0000] {dagbag.py:536} INFO - Filling up the DagBag from /opt/airflow/dags/utils/__init__.py
[2025-12-05T01:14:08.012+0000] {processor.py:841} WARNING - No viable dags retrieved from /opt/airflow/dags/utils/__init__.py
[2025-12-05T01:14:08.023+0000] {processor.py:179} INFO - Processing /opt/airflow/dags/utils/__init__.py took 0.017 seconds
[2025-12-05T01:14:38.222+0000] {processor.py:157} INFO - Started process (PID=6926) to work on /opt/airflow/dags/utils/__init__.py
[2025-12-05T01:14:38.224+0000] {processor.py:829} INFO - Processing file /opt/airflow/dags/utils/__init__.py for tasks to queue
[2025-12-05T01:14:38.224+0000] {logging_mixin.py:154} INFO - [2025-12-05T01:14:38.224+0000] {dagbag.py:536} INFO - Filling up the DagBag from /opt/airflow/dags/utils/__init__.py
[2025-12-05T01:14:38.226+0000] {processor.py:841} WARNING - No viable dags retrieved from /opt/airflow/dags/utils/__init__.py
[2025-12-05T01:14:38.239+0000] {processor.py:179} INFO - Processing /opt/airflow/dags/utils/__init__.py took 0.020 seconds
[2025-12-05T01:15:08.739+0000] {processor.py:157} INFO - Started process (PID=6986) to work on /opt/airflow/dags/utils/__init__.py
[2025-12-05T01:15:08.739+0000] {processor.py:829} INFO - Processing file /opt/airflow/dags/utils/__init__.py for tasks to queue
[2025-12-05T01:15:08.740+0000] {logging_mixin.py:154} INFO - [2025-12-05T01:15:08.740+0000] {dagbag.py:536} INFO - Filling up the DagBag from /opt/airflow/dags/utils/__init__.py
[2025-12-05T01:15:08.742+0000] {processor.py:841} WARNING - No viable dags retrieved from /opt/airflow/dags/utils/__init__.py
[2025-12-05T01:15:08.753+0000] {processor.py:179} INFO - Processing /opt/airflow/dags/utils/__init__.py took 0.017 seconds
[2025-12-05T01:15:39.012+0000] {processor.py:157} INFO - Started process (PID=7045) to work on /opt/airflow/dags/utils/__init__.py
[2025-12-05T01:15:39.013+0000] {processor.py:829} INFO - Processing file /opt/airflow/dags/utils/__init__.py for tasks to queue
[2025-12-05T01:15:39.013+0000] {logging_mixin.py:154} INFO - [2025-12-05T01:15:39.013+0000] {dagbag.py:536} INFO - Filling up the DagBag from /opt/airflow/dags/utils/__init__.py
[2025-12-05T01:15:39.015+0000] {processor.py:841} WARNING - No viable dags retrieved from /opt/airflow/dags/utils/__init__.py
[2025-12-05T01:15:39.027+0000] {processor.py:179} INFO - Processing /opt/airflow/dags/utils/__init__.py took 0.018 seconds
[2025-12-05T01:16:09.277+0000] {processor.py:157} INFO - Started process (PID=7097) to work on /opt/airflow/dags/utils/__init__.py
[2025-12-05T01:16:09.278+0000] {processor.py:829} INFO - Processing file /opt/airflow/dags/utils/__init__.py for tasks to queue
[2025-12-05T01:16:09.278+0000] {logging_mixin.py:154} INFO - [2025-12-05T01:16:09.278+0000] {dagbag.py:536} INFO - Filling up the DagBag from /opt/airflow/dags/utils/__init__.py
[2025-12-05T01:16:09.280+0000] {processor.py:841} WARNING - No viable dags retrieved from /opt/airflow/dags/utils/__init__.py
[2025-12-05T01:16:09.294+0000] {processor.py:179} INFO - Processing /opt/airflow/dags/utils/__init__.py took 0.020 seconds
[2025-12-05T01:16:39.565+0000] {processor.py:157} INFO - Started process (PID=7157) to work on /opt/airflow/dags/utils/__init__.py
[2025-12-05T01:16:39.566+0000] {processor.py:829} INFO - Processing file /opt/airflow/dags/utils/__init__.py for tasks to queue
[2025-12-05T01:16:39.567+0000] {logging_mixin.py:154} INFO - [2025-12-05T01:16:39.567+0000] {dagbag.py:536} INFO - Filling up the DagBag from /opt/airflow/dags/utils/__init__.py
[2025-12-05T01:16:39.569+0000] {processor.py:841} WARNING - No viable dags retrieved from /opt/airflow/dags/utils/__init__.py
[2025-12-05T01:16:39.581+0000] {processor.py:179} INFO - Processing /opt/airflow/dags/utils/__init__.py took 0.019 seconds
[2025-12-05T01:17:10.491+0000] {processor.py:157} INFO - Started process (PID=7217) to work on /opt/airflow/dags/utils/__init__.py
[2025-12-05T01:17:10.492+0000] {processor.py:829} INFO - Processing file /opt/airflow/dags/utils/__init__.py for tasks to queue
[2025-12-05T01:17:10.492+0000] {logging_mixin.py:154} INFO - [2025-12-05T01:17:10.492+0000] {dagbag.py:536} INFO - Filling up the DagBag from /opt/airflow/dags/utils/__init__.py
[2025-12-05T01:17:10.494+0000] {processor.py:841} WARNING - No viable dags retrieved from /opt/airflow/dags/utils/__init__.py
[2025-12-05T01:17:10.505+0000] {processor.py:179} INFO - Processing /opt/airflow/dags/utils/__init__.py took 0.017 seconds
[2025-12-05T01:17:40.757+0000] {processor.py:157} INFO - Started process (PID=7276) to work on /opt/airflow/dags/utils/__init__.py
[2025-12-05T01:17:40.758+0000] {processor.py:829} INFO - Processing file /opt/airflow/dags/utils/__init__.py for tasks to queue
[2025-12-05T01:17:40.759+0000] {logging_mixin.py:154} INFO - [2025-12-05T01:17:40.759+0000] {dagbag.py:536} INFO - Filling up the DagBag from /opt/airflow/dags/utils/__init__.py
[2025-12-05T01:17:40.761+0000] {processor.py:841} WARNING - No viable dags retrieved from /opt/airflow/dags/utils/__init__.py
[2025-12-05T01:17:40.772+0000] {processor.py:179} INFO - Processing /opt/airflow/dags/utils/__init__.py took 0.019 seconds
[2025-12-05T01:18:11.296+0000] {processor.py:157} INFO - Started process (PID=7335) to work on /opt/airflow/dags/utils/__init__.py
[2025-12-05T01:18:11.297+0000] {processor.py:829} INFO - Processing file /opt/airflow/dags/utils/__init__.py for tasks to queue
[2025-12-05T01:18:11.298+0000] {logging_mixin.py:154} INFO - [2025-12-05T01:18:11.298+0000] {dagbag.py:536} INFO - Filling up the DagBag from /opt/airflow/dags/utils/__init__.py
[2025-12-05T01:18:11.299+0000] {processor.py:841} WARNING - No viable dags retrieved from /opt/airflow/dags/utils/__init__.py
[2025-12-05T01:18:11.310+0000] {processor.py:179} INFO - Processing /opt/airflow/dags/utils/__init__.py took 0.017 seconds
[2025-12-05T01:18:41.636+0000] {processor.py:157} INFO - Started process (PID=7394) to work on /opt/airflow/dags/utils/__init__.py
[2025-12-05T01:18:41.637+0000] {processor.py:829} INFO - Processing file /opt/airflow/dags/utils/__init__.py for tasks to queue
[2025-12-05T01:18:41.637+0000] {logging_mixin.py:154} INFO - [2025-12-05T01:18:41.637+0000] {dagbag.py:536} INFO - Filling up the DagBag from /opt/airflow/dags/utils/__init__.py
[2025-12-05T01:18:41.639+0000] {processor.py:841} WARNING - No viable dags retrieved from /opt/airflow/dags/utils/__init__.py
[2025-12-05T01:18:41.652+0000] {processor.py:179} INFO - Processing /opt/airflow/dags/utils/__init__.py took 0.019 seconds
[2025-12-05T01:19:11.720+0000] {processor.py:157} INFO - Started process (PID=7429) to work on /opt/airflow/dags/utils/__init__.py
[2025-12-05T01:19:11.721+0000] {processor.py:829} INFO - Processing file /opt/airflow/dags/utils/__init__.py for tasks to queue
[2025-12-05T01:19:11.721+0000] {logging_mixin.py:154} INFO - [2025-12-05T01:19:11.721+0000] {dagbag.py:536} INFO - Filling up the DagBag from /opt/airflow/dags/utils/__init__.py
[2025-12-05T01:19:11.723+0000] {processor.py:841} WARNING - No viable dags retrieved from /opt/airflow/dags/utils/__init__.py
[2025-12-05T01:19:11.734+0000] {processor.py:179} INFO - Processing /opt/airflow/dags/utils/__init__.py took 0.017 seconds
[2025-12-05T01:19:41.837+0000] {processor.py:157} INFO - Started process (PID=7488) to work on /opt/airflow/dags/utils/__init__.py
[2025-12-05T01:19:41.838+0000] {processor.py:829} INFO - Processing file /opt/airflow/dags/utils/__init__.py for tasks to queue
[2025-12-05T01:19:41.839+0000] {logging_mixin.py:154} INFO - [2025-12-05T01:19:41.839+0000] {dagbag.py:536} INFO - Filling up the DagBag from /opt/airflow/dags/utils/__init__.py
[2025-12-05T01:19:41.841+0000] {processor.py:841} WARNING - No viable dags retrieved from /opt/airflow/dags/utils/__init__.py
[2025-12-05T01:19:41.853+0000] {processor.py:179} INFO - Processing /opt/airflow/dags/utils/__init__.py took 0.019 seconds
[2025-12-05T01:20:12.148+0000] {processor.py:157} INFO - Started process (PID=7547) to work on /opt/airflow/dags/utils/__init__.py
[2025-12-05T01:20:12.149+0000] {processor.py:829} INFO - Processing file /opt/airflow/dags/utils/__init__.py for tasks to queue
[2025-12-05T01:20:12.150+0000] {logging_mixin.py:154} INFO - [2025-12-05T01:20:12.150+0000] {dagbag.py:536} INFO - Filling up the DagBag from /opt/airflow/dags/utils/__init__.py
[2025-12-05T01:20:12.152+0000] {processor.py:841} WARNING - No viable dags retrieved from /opt/airflow/dags/utils/__init__.py
[2025-12-05T01:20:12.165+0000] {processor.py:179} INFO - Processing /opt/airflow/dags/utils/__init__.py took 0.019 seconds
[2025-12-05T01:20:43.038+0000] {processor.py:157} INFO - Started process (PID=7606) to work on /opt/airflow/dags/utils/__init__.py
[2025-12-05T01:20:43.039+0000] {processor.py:829} INFO - Processing file /opt/airflow/dags/utils/__init__.py for tasks to queue
[2025-12-05T01:20:43.040+0000] {logging_mixin.py:154} INFO - [2025-12-05T01:20:43.039+0000] {dagbag.py:536} INFO - Filling up the DagBag from /opt/airflow/dags/utils/__init__.py
[2025-12-05T01:20:43.041+0000] {processor.py:841} WARNING - No viable dags retrieved from /opt/airflow/dags/utils/__init__.py
[2025-12-05T01:20:43.051+0000] {processor.py:179} INFO - Processing /opt/airflow/dags/utils/__init__.py took 0.015 seconds
[2025-12-05T01:21:13.517+0000] {processor.py:157} INFO - Started process (PID=7665) to work on /opt/airflow/dags/utils/__init__.py
[2025-12-05T01:21:13.518+0000] {processor.py:829} INFO - Processing file /opt/airflow/dags/utils/__init__.py for tasks to queue
[2025-12-05T01:21:13.519+0000] {logging_mixin.py:154} INFO - [2025-12-05T01:21:13.519+0000] {dagbag.py:536} INFO - Filling up the DagBag from /opt/airflow/dags/utils/__init__.py
[2025-12-05T01:21:13.521+0000] {processor.py:841} WARNING - No viable dags retrieved from /opt/airflow/dags/utils/__init__.py
[2025-12-05T01:21:13.532+0000] {processor.py:179} INFO - Processing /opt/airflow/dags/utils/__init__.py took 0.018 seconds
[2025-12-05T01:21:44.031+0000] {processor.py:157} INFO - Started process (PID=7724) to work on /opt/airflow/dags/utils/__init__.py
[2025-12-05T01:21:44.032+0000] {processor.py:829} INFO - Processing file /opt/airflow/dags/utils/__init__.py for tasks to queue
[2025-12-05T01:21:44.033+0000] {logging_mixin.py:154} INFO - [2025-12-05T01:21:44.033+0000] {dagbag.py:536} INFO - Filling up the DagBag from /opt/airflow/dags/utils/__init__.py
[2025-12-05T01:21:44.035+0000] {processor.py:841} WARNING - No viable dags retrieved from /opt/airflow/dags/utils/__init__.py
[2025-12-05T01:21:44.046+0000] {processor.py:179} INFO - Processing /opt/airflow/dags/utils/__init__.py took 0.017 seconds
[2025-12-05T01:22:14.487+0000] {processor.py:157} INFO - Started process (PID=7783) to work on /opt/airflow/dags/utils/__init__.py
[2025-12-05T01:22:14.488+0000] {processor.py:829} INFO - Processing file /opt/airflow/dags/utils/__init__.py for tasks to queue
[2025-12-05T01:22:14.488+0000] {logging_mixin.py:154} INFO - [2025-12-05T01:22:14.488+0000] {dagbag.py:536} INFO - Filling up the DagBag from /opt/airflow/dags/utils/__init__.py
[2025-12-05T01:22:14.490+0000] {processor.py:841} WARNING - No viable dags retrieved from /opt/airflow/dags/utils/__init__.py
[2025-12-05T01:22:14.501+0000] {processor.py:179} INFO - Processing /opt/airflow/dags/utils/__init__.py took 0.017 seconds
[2025-12-05T01:22:44.936+0000] {processor.py:157} INFO - Started process (PID=7835) to work on /opt/airflow/dags/utils/__init__.py
[2025-12-05T01:22:44.937+0000] {processor.py:829} INFO - Processing file /opt/airflow/dags/utils/__init__.py for tasks to queue
[2025-12-05T01:22:44.937+0000] {logging_mixin.py:154} INFO - [2025-12-05T01:22:44.937+0000] {dagbag.py:536} INFO - Filling up the DagBag from /opt/airflow/dags/utils/__init__.py
[2025-12-05T01:22:44.939+0000] {processor.py:841} WARNING - No viable dags retrieved from /opt/airflow/dags/utils/__init__.py
[2025-12-05T01:22:44.950+0000] {processor.py:179} INFO - Processing /opt/airflow/dags/utils/__init__.py took 0.017 seconds
[2025-12-05T01:23:15.281+0000] {processor.py:157} INFO - Started process (PID=7894) to work on /opt/airflow/dags/utils/__init__.py
[2025-12-05T01:23:15.282+0000] {processor.py:829} INFO - Processing file /opt/airflow/dags/utils/__init__.py for tasks to queue
[2025-12-05T01:23:15.282+0000] {logging_mixin.py:154} INFO - [2025-12-05T01:23:15.282+0000] {dagbag.py:536} INFO - Filling up the DagBag from /opt/airflow/dags/utils/__init__.py
[2025-12-05T01:23:15.284+0000] {processor.py:841} WARNING - No viable dags retrieved from /opt/airflow/dags/utils/__init__.py
[2025-12-05T01:23:15.296+0000] {processor.py:179} INFO - Processing /opt/airflow/dags/utils/__init__.py took 0.018 seconds
[2025-12-05T01:23:45.738+0000] {processor.py:157} INFO - Started process (PID=7953) to work on /opt/airflow/dags/utils/__init__.py
[2025-12-05T01:23:45.739+0000] {processor.py:829} INFO - Processing file /opt/airflow/dags/utils/__init__.py for tasks to queue
[2025-12-05T01:23:45.739+0000] {logging_mixin.py:154} INFO - [2025-12-05T01:23:45.739+0000] {dagbag.py:536} INFO - Filling up the DagBag from /opt/airflow/dags/utils/__init__.py
[2025-12-05T01:23:45.741+0000] {processor.py:841} WARNING - No viable dags retrieved from /opt/airflow/dags/utils/__init__.py
[2025-12-05T01:23:45.753+0000] {processor.py:179} INFO - Processing /opt/airflow/dags/utils/__init__.py took 0.018 seconds
[2025-12-05T01:24:16.156+0000] {processor.py:157} INFO - Started process (PID=8012) to work on /opt/airflow/dags/utils/__init__.py
[2025-12-05T01:24:16.157+0000] {processor.py:829} INFO - Processing file /opt/airflow/dags/utils/__init__.py for tasks to queue
[2025-12-05T01:24:16.158+0000] {logging_mixin.py:154} INFO - [2025-12-05T01:24:16.157+0000] {dagbag.py:536} INFO - Filling up the DagBag from /opt/airflow/dags/utils/__init__.py
[2025-12-05T01:24:16.160+0000] {processor.py:841} WARNING - No viable dags retrieved from /opt/airflow/dags/utils/__init__.py
[2025-12-05T01:24:16.176+0000] {processor.py:179} INFO - Processing /opt/airflow/dags/utils/__init__.py took 0.023 seconds
[2025-12-05T01:24:46.246+0000] {processor.py:157} INFO - Started process (PID=8071) to work on /opt/airflow/dags/utils/__init__.py
[2025-12-05T01:24:46.247+0000] {processor.py:829} INFO - Processing file /opt/airflow/dags/utils/__init__.py for tasks to queue
[2025-12-05T01:24:46.248+0000] {logging_mixin.py:154} INFO - [2025-12-05T01:24:46.247+0000] {dagbag.py:536} INFO - Filling up the DagBag from /opt/airflow/dags/utils/__init__.py
[2025-12-05T01:24:46.249+0000] {processor.py:841} WARNING - No viable dags retrieved from /opt/airflow/dags/utils/__init__.py
[2025-12-05T01:24:46.261+0000] {processor.py:179} INFO - Processing /opt/airflow/dags/utils/__init__.py took 0.018 seconds
[2025-12-05T01:25:16.538+0000] {processor.py:157} INFO - Started process (PID=8130) to work on /opt/airflow/dags/utils/__init__.py
[2025-12-05T01:25:16.539+0000] {processor.py:829} INFO - Processing file /opt/airflow/dags/utils/__init__.py for tasks to queue
[2025-12-05T01:25:16.540+0000] {logging_mixin.py:154} INFO - [2025-12-05T01:25:16.539+0000] {dagbag.py:536} INFO - Filling up the DagBag from /opt/airflow/dags/utils/__init__.py
[2025-12-05T01:25:16.542+0000] {processor.py:841} WARNING - No viable dags retrieved from /opt/airflow/dags/utils/__init__.py
[2025-12-05T01:25:16.556+0000] {processor.py:179} INFO - Processing /opt/airflow/dags/utils/__init__.py took 0.023 seconds
[2025-12-05T01:25:46.980+0000] {processor.py:157} INFO - Started process (PID=8189) to work on /opt/airflow/dags/utils/__init__.py
[2025-12-05T01:25:46.980+0000] {processor.py:829} INFO - Processing file /opt/airflow/dags/utils/__init__.py for tasks to queue
[2025-12-05T01:25:46.981+0000] {logging_mixin.py:154} INFO - [2025-12-05T01:25:46.981+0000] {dagbag.py:536} INFO - Filling up the DagBag from /opt/airflow/dags/utils/__init__.py
[2025-12-05T01:25:46.982+0000] {processor.py:841} WARNING - No viable dags retrieved from /opt/airflow/dags/utils/__init__.py
[2025-12-05T01:25:46.994+0000] {processor.py:179} INFO - Processing /opt/airflow/dags/utils/__init__.py took 0.017 seconds
[2025-12-05T01:26:17.507+0000] {processor.py:157} INFO - Started process (PID=8248) to work on /opt/airflow/dags/utils/__init__.py
[2025-12-05T01:26:17.508+0000] {processor.py:829} INFO - Processing file /opt/airflow/dags/utils/__init__.py for tasks to queue
[2025-12-05T01:26:17.508+0000] {logging_mixin.py:154} INFO - [2025-12-05T01:26:17.508+0000] {dagbag.py:536} INFO - Filling up the DagBag from /opt/airflow/dags/utils/__init__.py
[2025-12-05T01:26:17.510+0000] {processor.py:841} WARNING - No viable dags retrieved from /opt/airflow/dags/utils/__init__.py
[2025-12-05T01:26:17.521+0000] {processor.py:179} INFO - Processing /opt/airflow/dags/utils/__init__.py took 0.017 seconds
[2025-12-05T01:26:47.742+0000] {processor.py:157} INFO - Started process (PID=8300) to work on /opt/airflow/dags/utils/__init__.py
[2025-12-05T01:26:47.743+0000] {processor.py:829} INFO - Processing file /opt/airflow/dags/utils/__init__.py for tasks to queue
[2025-12-05T01:26:47.744+0000] {logging_mixin.py:154} INFO - [2025-12-05T01:26:47.743+0000] {dagbag.py:536} INFO - Filling up the DagBag from /opt/airflow/dags/utils/__init__.py
[2025-12-05T01:26:47.746+0000] {processor.py:841} WARNING - No viable dags retrieved from /opt/airflow/dags/utils/__init__.py
[2025-12-05T01:26:47.757+0000] {processor.py:179} INFO - Processing /opt/airflow/dags/utils/__init__.py took 0.019 seconds
[2025-12-05T01:27:18.260+0000] {processor.py:157} INFO - Started process (PID=8353) to work on /opt/airflow/dags/utils/__init__.py
[2025-12-05T01:27:18.261+0000] {processor.py:829} INFO - Processing file /opt/airflow/dags/utils/__init__.py for tasks to queue
[2025-12-05T01:27:18.261+0000] {logging_mixin.py:154} INFO - [2025-12-05T01:27:18.261+0000] {dagbag.py:536} INFO - Filling up the DagBag from /opt/airflow/dags/utils/__init__.py
[2025-12-05T01:27:18.263+0000] {processor.py:841} WARNING - No viable dags retrieved from /opt/airflow/dags/utils/__init__.py
[2025-12-05T01:27:18.274+0000] {processor.py:179} INFO - Processing /opt/airflow/dags/utils/__init__.py took 0.017 seconds
[2025-12-05T01:27:48.537+0000] {processor.py:157} INFO - Started process (PID=8400) to work on /opt/airflow/dags/utils/__init__.py
[2025-12-05T01:27:48.538+0000] {processor.py:829} INFO - Processing file /opt/airflow/dags/utils/__init__.py for tasks to queue
[2025-12-05T01:27:48.538+0000] {logging_mixin.py:154} INFO - [2025-12-05T01:27:48.538+0000] {dagbag.py:536} INFO - Filling up the DagBag from /opt/airflow/dags/utils/__init__.py
[2025-12-05T01:27:48.540+0000] {processor.py:841} WARNING - No viable dags retrieved from /opt/airflow/dags/utils/__init__.py
[2025-12-05T01:27:48.551+0000] {processor.py:179} INFO - Processing /opt/airflow/dags/utils/__init__.py took 0.017 seconds
[2025-12-05T01:28:18.808+0000] {processor.py:157} INFO - Started process (PID=8454) to work on /opt/airflow/dags/utils/__init__.py
[2025-12-05T01:28:18.809+0000] {processor.py:829} INFO - Processing file /opt/airflow/dags/utils/__init__.py for tasks to queue
[2025-12-05T01:28:18.810+0000] {logging_mixin.py:154} INFO - [2025-12-05T01:28:18.809+0000] {dagbag.py:536} INFO - Filling up the DagBag from /opt/airflow/dags/utils/__init__.py
[2025-12-05T01:28:18.811+0000] {processor.py:841} WARNING - No viable dags retrieved from /opt/airflow/dags/utils/__init__.py
[2025-12-05T01:28:18.821+0000] {processor.py:179} INFO - Processing /opt/airflow/dags/utils/__init__.py took 0.015 seconds
[2025-12-05T01:28:49.059+0000] {processor.py:157} INFO - Started process (PID=8513) to work on /opt/airflow/dags/utils/__init__.py
[2025-12-05T01:28:49.059+0000] {processor.py:829} INFO - Processing file /opt/airflow/dags/utils/__init__.py for tasks to queue
[2025-12-05T01:28:49.060+0000] {logging_mixin.py:154} INFO - [2025-12-05T01:28:49.060+0000] {dagbag.py:536} INFO - Filling up the DagBag from /opt/airflow/dags/utils/__init__.py
[2025-12-05T01:28:49.061+0000] {processor.py:841} WARNING - No viable dags retrieved from /opt/airflow/dags/utils/__init__.py
[2025-12-05T01:28:49.072+0000] {processor.py:179} INFO - Processing /opt/airflow/dags/utils/__init__.py took 0.017 seconds
[2025-12-05T01:29:19.248+0000] {processor.py:157} INFO - Started process (PID=8572) to work on /opt/airflow/dags/utils/__init__.py
[2025-12-05T01:29:19.249+0000] {processor.py:829} INFO - Processing file /opt/airflow/dags/utils/__init__.py for tasks to queue
[2025-12-05T01:29:19.249+0000] {logging_mixin.py:154} INFO - [2025-12-05T01:29:19.249+0000] {dagbag.py:536} INFO - Filling up the DagBag from /opt/airflow/dags/utils/__init__.py
[2025-12-05T01:29:19.251+0000] {processor.py:841} WARNING - No viable dags retrieved from /opt/airflow/dags/utils/__init__.py
[2025-12-05T01:29:19.262+0000] {processor.py:179} INFO - Processing /opt/airflow/dags/utils/__init__.py took 0.017 seconds
[2025-12-05T01:29:49.562+0000] {processor.py:157} INFO - Started process (PID=8631) to work on /opt/airflow/dags/utils/__init__.py
[2025-12-05T01:29:49.563+0000] {processor.py:829} INFO - Processing file /opt/airflow/dags/utils/__init__.py for tasks to queue
[2025-12-05T01:29:49.563+0000] {logging_mixin.py:154} INFO - [2025-12-05T01:29:49.563+0000] {dagbag.py:536} INFO - Filling up the DagBag from /opt/airflow/dags/utils/__init__.py
[2025-12-05T01:29:49.565+0000] {processor.py:841} WARNING - No viable dags retrieved from /opt/airflow/dags/utils/__init__.py
[2025-12-05T01:29:49.575+0000] {processor.py:179} INFO - Processing /opt/airflow/dags/utils/__init__.py took 0.016 seconds
[2025-12-05T01:30:20.074+0000] {processor.py:157} INFO - Started process (PID=8690) to work on /opt/airflow/dags/utils/__init__.py
[2025-12-05T01:30:20.075+0000] {processor.py:829} INFO - Processing file /opt/airflow/dags/utils/__init__.py for tasks to queue
[2025-12-05T01:30:20.075+0000] {logging_mixin.py:154} INFO - [2025-12-05T01:30:20.075+0000] {dagbag.py:536} INFO - Filling up the DagBag from /opt/airflow/dags/utils/__init__.py
[2025-12-05T01:30:20.077+0000] {processor.py:841} WARNING - No viable dags retrieved from /opt/airflow/dags/utils/__init__.py
[2025-12-05T01:30:20.090+0000] {processor.py:179} INFO - Processing /opt/airflow/dags/utils/__init__.py took 0.020 seconds
[2025-12-05T01:30:50.994+0000] {processor.py:157} INFO - Started process (PID=8742) to work on /opt/airflow/dags/utils/__init__.py
[2025-12-05T01:30:50.995+0000] {processor.py:829} INFO - Processing file /opt/airflow/dags/utils/__init__.py for tasks to queue
[2025-12-05T01:30:50.996+0000] {logging_mixin.py:154} INFO - [2025-12-05T01:30:50.995+0000] {dagbag.py:536} INFO - Filling up the DagBag from /opt/airflow/dags/utils/__init__.py
[2025-12-05T01:30:50.997+0000] {processor.py:841} WARNING - No viable dags retrieved from /opt/airflow/dags/utils/__init__.py
[2025-12-05T01:30:51.007+0000] {processor.py:179} INFO - Processing /opt/airflow/dags/utils/__init__.py took 0.016 seconds
[2025-12-05T01:31:21.299+0000] {processor.py:157} INFO - Started process (PID=8801) to work on /opt/airflow/dags/utils/__init__.py
[2025-12-05T01:31:21.299+0000] {processor.py:829} INFO - Processing file /opt/airflow/dags/utils/__init__.py for tasks to queue
[2025-12-05T01:31:21.300+0000] {logging_mixin.py:154} INFO - [2025-12-05T01:31:21.300+0000] {dagbag.py:536} INFO - Filling up the DagBag from /opt/airflow/dags/utils/__init__.py
[2025-12-05T01:31:21.302+0000] {processor.py:841} WARNING - No viable dags retrieved from /opt/airflow/dags/utils/__init__.py
[2025-12-05T01:31:21.313+0000] {processor.py:179} INFO - Processing /opt/airflow/dags/utils/__init__.py took 0.017 seconds
[2025-12-05T01:31:51.582+0000] {processor.py:157} INFO - Started process (PID=8860) to work on /opt/airflow/dags/utils/__init__.py
[2025-12-05T01:31:51.583+0000] {processor.py:829} INFO - Processing file /opt/airflow/dags/utils/__init__.py for tasks to queue
[2025-12-05T01:31:51.584+0000] {logging_mixin.py:154} INFO - [2025-12-05T01:31:51.584+0000] {dagbag.py:536} INFO - Filling up the DagBag from /opt/airflow/dags/utils/__init__.py
[2025-12-05T01:31:51.586+0000] {processor.py:841} WARNING - No viable dags retrieved from /opt/airflow/dags/utils/__init__.py
[2025-12-05T01:31:51.599+0000] {processor.py:179} INFO - Processing /opt/airflow/dags/utils/__init__.py took 0.020 seconds
[2025-12-05T01:32:21.839+0000] {processor.py:157} INFO - Started process (PID=8919) to work on /opt/airflow/dags/utils/__init__.py
[2025-12-05T01:32:21.840+0000] {processor.py:829} INFO - Processing file /opt/airflow/dags/utils/__init__.py for tasks to queue
[2025-12-05T01:32:21.841+0000] {logging_mixin.py:154} INFO - [2025-12-05T01:32:21.840+0000] {dagbag.py:536} INFO - Filling up the DagBag from /opt/airflow/dags/utils/__init__.py
[2025-12-05T01:32:21.842+0000] {processor.py:841} WARNING - No viable dags retrieved from /opt/airflow/dags/utils/__init__.py
[2025-12-05T01:32:21.855+0000] {processor.py:179} INFO - Processing /opt/airflow/dags/utils/__init__.py took 0.019 seconds
[2025-12-05T01:32:52.082+0000] {processor.py:157} INFO - Started process (PID=8978) to work on /opt/airflow/dags/utils/__init__.py
[2025-12-05T01:32:52.083+0000] {processor.py:829} INFO - Processing file /opt/airflow/dags/utils/__init__.py for tasks to queue
[2025-12-05T01:32:52.083+0000] {logging_mixin.py:154} INFO - [2025-12-05T01:32:52.083+0000] {dagbag.py:536} INFO - Filling up the DagBag from /opt/airflow/dags/utils/__init__.py
[2025-12-05T01:32:52.085+0000] {processor.py:841} WARNING - No viable dags retrieved from /opt/airflow/dags/utils/__init__.py
[2025-12-05T01:32:52.099+0000] {processor.py:179} INFO - Processing /opt/airflow/dags/utils/__init__.py took 0.022 seconds
[2025-12-05T01:33:22.333+0000] {processor.py:157} INFO - Started process (PID=9037) to work on /opt/airflow/dags/utils/__init__.py
[2025-12-05T01:33:22.334+0000] {processor.py:829} INFO - Processing file /opt/airflow/dags/utils/__init__.py for tasks to queue
[2025-12-05T01:33:22.336+0000] {logging_mixin.py:154} INFO - [2025-12-05T01:33:22.336+0000] {dagbag.py:536} INFO - Filling up the DagBag from /opt/airflow/dags/utils/__init__.py
[2025-12-05T01:33:22.338+0000] {processor.py:841} WARNING - No viable dags retrieved from /opt/airflow/dags/utils/__init__.py
[2025-12-05T01:33:22.351+0000] {processor.py:179} INFO - Processing /opt/airflow/dags/utils/__init__.py took 0.021 seconds
[2025-12-05T01:33:52.636+0000] {processor.py:157} INFO - Started process (PID=9089) to work on /opt/airflow/dags/utils/__init__.py
[2025-12-05T01:33:52.637+0000] {processor.py:829} INFO - Processing file /opt/airflow/dags/utils/__init__.py for tasks to queue
[2025-12-05T01:33:52.638+0000] {logging_mixin.py:154} INFO - [2025-12-05T01:33:52.638+0000] {dagbag.py:536} INFO - Filling up the DagBag from /opt/airflow/dags/utils/__init__.py
[2025-12-05T01:33:52.639+0000] {processor.py:841} WARNING - No viable dags retrieved from /opt/airflow/dags/utils/__init__.py
[2025-12-05T01:33:52.652+0000] {processor.py:179} INFO - Processing /opt/airflow/dags/utils/__init__.py took 0.019 seconds
[2025-12-05T01:34:22.851+0000] {processor.py:157} INFO - Started process (PID=9148) to work on /opt/airflow/dags/utils/__init__.py
[2025-12-05T01:34:22.852+0000] {processor.py:829} INFO - Processing file /opt/airflow/dags/utils/__init__.py for tasks to queue
[2025-12-05T01:34:22.853+0000] {logging_mixin.py:154} INFO - [2025-12-05T01:34:22.852+0000] {dagbag.py:536} INFO - Filling up the DagBag from /opt/airflow/dags/utils/__init__.py
[2025-12-05T01:34:22.854+0000] {processor.py:841} WARNING - No viable dags retrieved from /opt/airflow/dags/utils/__init__.py
[2025-12-05T01:34:22.866+0000] {processor.py:179} INFO - Processing /opt/airflow/dags/utils/__init__.py took 0.018 seconds
[2025-12-05T01:34:53.160+0000] {processor.py:157} INFO - Started process (PID=9207) to work on /opt/airflow/dags/utils/__init__.py
[2025-12-05T01:34:53.161+0000] {processor.py:829} INFO - Processing file /opt/airflow/dags/utils/__init__.py for tasks to queue
[2025-12-05T01:34:53.161+0000] {logging_mixin.py:154} INFO - [2025-12-05T01:34:53.161+0000] {dagbag.py:536} INFO - Filling up the DagBag from /opt/airflow/dags/utils/__init__.py
[2025-12-05T01:34:53.163+0000] {processor.py:841} WARNING - No viable dags retrieved from /opt/airflow/dags/utils/__init__.py
[2025-12-05T01:34:53.175+0000] {processor.py:179} INFO - Processing /opt/airflow/dags/utils/__init__.py took 0.018 seconds
[2025-12-05T01:35:23.466+0000] {processor.py:157} INFO - Started process (PID=9266) to work on /opt/airflow/dags/utils/__init__.py
[2025-12-05T01:35:23.467+0000] {processor.py:829} INFO - Processing file /opt/airflow/dags/utils/__init__.py for tasks to queue
[2025-12-05T01:35:23.467+0000] {logging_mixin.py:154} INFO - [2025-12-05T01:35:23.467+0000] {dagbag.py:536} INFO - Filling up the DagBag from /opt/airflow/dags/utils/__init__.py
[2025-12-05T01:35:23.469+0000] {processor.py:841} WARNING - No viable dags retrieved from /opt/airflow/dags/utils/__init__.py
[2025-12-05T01:35:23.479+0000] {processor.py:179} INFO - Processing /opt/airflow/dags/utils/__init__.py took 0.017 seconds
[2025-12-05T01:35:53.103+0000] {processor.py:157} INFO - Started process (PID=175) to work on /opt/airflow/dags/utils/__init__.py
[2025-12-05T01:35:53.104+0000] {processor.py:829} INFO - Processing file /opt/airflow/dags/utils/__init__.py for tasks to queue
[2025-12-05T01:35:53.105+0000] {logging_mixin.py:154} INFO - [2025-12-05T01:35:53.104+0000] {dagbag.py:536} INFO - Filling up the DagBag from /opt/airflow/dags/utils/__init__.py
[2025-12-05T01:35:53.106+0000] {processor.py:841} WARNING - No viable dags retrieved from /opt/airflow/dags/utils/__init__.py
[2025-12-05T01:35:53.126+0000] {processor.py:179} INFO - Processing /opt/airflow/dags/utils/__init__.py took 0.026 seconds
[2025-12-05T01:36:23.327+0000] {processor.py:157} INFO - Started process (PID=229) to work on /opt/airflow/dags/utils/__init__.py
[2025-12-05T01:36:23.328+0000] {processor.py:829} INFO - Processing file /opt/airflow/dags/utils/__init__.py for tasks to queue
[2025-12-05T01:36:23.329+0000] {logging_mixin.py:154} INFO - [2025-12-05T01:36:23.329+0000] {dagbag.py:536} INFO - Filling up the DagBag from /opt/airflow/dags/utils/__init__.py
[2025-12-05T01:36:23.331+0000] {processor.py:841} WARNING - No viable dags retrieved from /opt/airflow/dags/utils/__init__.py
[2025-12-05T01:36:23.342+0000] {processor.py:179} INFO - Processing /opt/airflow/dags/utils/__init__.py took 0.019 seconds
[2025-12-05T01:36:53.485+0000] {processor.py:157} INFO - Started process (PID=477) to work on /opt/airflow/dags/utils/__init__.py
[2025-12-05T01:36:53.486+0000] {processor.py:829} INFO - Processing file /opt/airflow/dags/utils/__init__.py for tasks to queue
[2025-12-05T01:36:53.487+0000] {logging_mixin.py:154} INFO - [2025-12-05T01:36:53.487+0000] {dagbag.py:536} INFO - Filling up the DagBag from /opt/airflow/dags/utils/__init__.py
[2025-12-05T01:36:53.489+0000] {processor.py:841} WARNING - No viable dags retrieved from /opt/airflow/dags/utils/__init__.py
[2025-12-05T01:36:53.509+0000] {processor.py:179} INFO - Processing /opt/airflow/dags/utils/__init__.py took 0.028 seconds
[2025-12-05T01:37:23.680+0000] {processor.py:157} INFO - Started process (PID=529) to work on /opt/airflow/dags/utils/__init__.py
[2025-12-05T01:37:23.681+0000] {processor.py:829} INFO - Processing file /opt/airflow/dags/utils/__init__.py for tasks to queue
[2025-12-05T01:37:23.682+0000] {logging_mixin.py:154} INFO - [2025-12-05T01:37:23.682+0000] {dagbag.py:536} INFO - Filling up the DagBag from /opt/airflow/dags/utils/__init__.py
[2025-12-05T01:37:23.685+0000] {processor.py:841} WARNING - No viable dags retrieved from /opt/airflow/dags/utils/__init__.py
[2025-12-05T01:37:23.712+0000] {processor.py:179} INFO - Processing /opt/airflow/dags/utils/__init__.py took 0.042 seconds
[2025-12-05T01:37:54.037+0000] {processor.py:157} INFO - Started process (PID=613) to work on /opt/airflow/dags/utils/__init__.py
[2025-12-05T01:37:54.038+0000] {processor.py:829} INFO - Processing file /opt/airflow/dags/utils/__init__.py for tasks to queue
[2025-12-05T01:37:54.038+0000] {logging_mixin.py:154} INFO - [2025-12-05T01:37:54.038+0000] {dagbag.py:536} INFO - Filling up the DagBag from /opt/airflow/dags/utils/__init__.py
[2025-12-05T01:37:54.040+0000] {processor.py:841} WARNING - No viable dags retrieved from /opt/airflow/dags/utils/__init__.py
[2025-12-05T01:37:54.051+0000] {processor.py:179} INFO - Processing /opt/airflow/dags/utils/__init__.py took 0.018 seconds
[2025-12-05T01:38:24.129+0000] {processor.py:157} INFO - Started process (PID=758) to work on /opt/airflow/dags/utils/__init__.py
[2025-12-05T01:38:24.130+0000] {processor.py:829} INFO - Processing file /opt/airflow/dags/utils/__init__.py for tasks to queue
[2025-12-05T01:38:24.130+0000] {logging_mixin.py:154} INFO - [2025-12-05T01:38:24.130+0000] {dagbag.py:536} INFO - Filling up the DagBag from /opt/airflow/dags/utils/__init__.py
[2025-12-05T01:38:24.132+0000] {processor.py:841} WARNING - No viable dags retrieved from /opt/airflow/dags/utils/__init__.py
[2025-12-05T01:38:24.142+0000] {processor.py:179} INFO - Processing /opt/airflow/dags/utils/__init__.py took 0.016 seconds
[2025-12-05T01:38:54.397+0000] {processor.py:157} INFO - Started process (PID=998) to work on /opt/airflow/dags/utils/__init__.py
[2025-12-05T01:38:54.404+0000] {processor.py:829} INFO - Processing file /opt/airflow/dags/utils/__init__.py for tasks to queue
[2025-12-05T01:38:54.405+0000] {logging_mixin.py:154} INFO - [2025-12-05T01:38:54.405+0000] {dagbag.py:536} INFO - Filling up the DagBag from /opt/airflow/dags/utils/__init__.py
[2025-12-05T01:38:54.407+0000] {processor.py:841} WARNING - No viable dags retrieved from /opt/airflow/dags/utils/__init__.py
[2025-12-05T01:38:54.424+0000] {processor.py:179} INFO - Processing /opt/airflow/dags/utils/__init__.py took 0.031 seconds
[2025-12-05T01:39:24.544+0000] {processor.py:157} INFO - Started process (PID=1168) to work on /opt/airflow/dags/utils/__init__.py
[2025-12-05T01:39:24.545+0000] {processor.py:829} INFO - Processing file /opt/airflow/dags/utils/__init__.py for tasks to queue
[2025-12-05T01:39:24.545+0000] {logging_mixin.py:154} INFO - [2025-12-05T01:39:24.545+0000] {dagbag.py:536} INFO - Filling up the DagBag from /opt/airflow/dags/utils/__init__.py
[2025-12-05T01:39:24.547+0000] {processor.py:841} WARNING - No viable dags retrieved from /opt/airflow/dags/utils/__init__.py
[2025-12-05T01:39:24.558+0000] {processor.py:179} INFO - Processing /opt/airflow/dags/utils/__init__.py took 0.017 seconds
[2025-12-05T01:39:54.708+0000] {processor.py:157} INFO - Started process (PID=1227) to work on /opt/airflow/dags/utils/__init__.py
[2025-12-05T01:39:54.709+0000] {processor.py:829} INFO - Processing file /opt/airflow/dags/utils/__init__.py for tasks to queue
[2025-12-05T01:39:54.709+0000] {logging_mixin.py:154} INFO - [2025-12-05T01:39:54.709+0000] {dagbag.py:536} INFO - Filling up the DagBag from /opt/airflow/dags/utils/__init__.py
[2025-12-05T01:39:54.711+0000] {processor.py:841} WARNING - No viable dags retrieved from /opt/airflow/dags/utils/__init__.py
[2025-12-05T01:39:54.724+0000] {processor.py:179} INFO - Processing /opt/airflow/dags/utils/__init__.py took 0.019 seconds
[2025-12-05T01:40:24.832+0000] {processor.py:157} INFO - Started process (PID=1286) to work on /opt/airflow/dags/utils/__init__.py
[2025-12-05T01:40:24.834+0000] {processor.py:829} INFO - Processing file /opt/airflow/dags/utils/__init__.py for tasks to queue
[2025-12-05T01:40:24.835+0000] {logging_mixin.py:154} INFO - [2025-12-05T01:40:24.834+0000] {dagbag.py:536} INFO - Filling up the DagBag from /opt/airflow/dags/utils/__init__.py
[2025-12-05T01:40:24.837+0000] {processor.py:841} WARNING - No viable dags retrieved from /opt/airflow/dags/utils/__init__.py
[2025-12-05T01:40:24.853+0000] {processor.py:179} INFO - Processing /opt/airflow/dags/utils/__init__.py took 0.024 seconds
[2025-12-05T01:40:54.975+0000] {processor.py:157} INFO - Started process (PID=1345) to work on /opt/airflow/dags/utils/__init__.py
[2025-12-05T01:40:54.976+0000] {processor.py:829} INFO - Processing file /opt/airflow/dags/utils/__init__.py for tasks to queue
[2025-12-05T01:40:54.977+0000] {logging_mixin.py:154} INFO - [2025-12-05T01:40:54.977+0000] {dagbag.py:536} INFO - Filling up the DagBag from /opt/airflow/dags/utils/__init__.py
[2025-12-05T01:40:54.978+0000] {processor.py:841} WARNING - No viable dags retrieved from /opt/airflow/dags/utils/__init__.py
[2025-12-05T01:40:54.990+0000] {processor.py:179} INFO - Processing /opt/airflow/dags/utils/__init__.py took 0.018 seconds
[2025-12-05T01:41:25.062+0000] {processor.py:157} INFO - Started process (PID=1404) to work on /opt/airflow/dags/utils/__init__.py
[2025-12-05T01:41:25.063+0000] {processor.py:829} INFO - Processing file /opt/airflow/dags/utils/__init__.py for tasks to queue
[2025-12-05T01:41:25.064+0000] {logging_mixin.py:154} INFO - [2025-12-05T01:41:25.063+0000] {dagbag.py:536} INFO - Filling up the DagBag from /opt/airflow/dags/utils/__init__.py
[2025-12-05T01:41:25.065+0000] {processor.py:841} WARNING - No viable dags retrieved from /opt/airflow/dags/utils/__init__.py
[2025-12-05T01:41:25.077+0000] {processor.py:179} INFO - Processing /opt/airflow/dags/utils/__init__.py took 0.018 seconds
[2025-12-05T01:44:37.507+0000] {processor.py:157} INFO - Started process (PID=175) to work on /opt/airflow/dags/utils/__init__.py
[2025-12-05T01:44:37.508+0000] {processor.py:829} INFO - Processing file /opt/airflow/dags/utils/__init__.py for tasks to queue
[2025-12-05T01:44:37.509+0000] {logging_mixin.py:154} INFO - [2025-12-05T01:44:37.509+0000] {dagbag.py:536} INFO - Filling up the DagBag from /opt/airflow/dags/utils/__init__.py
[2025-12-05T01:44:37.511+0000] {processor.py:841} WARNING - No viable dags retrieved from /opt/airflow/dags/utils/__init__.py
[2025-12-05T01:44:36.676+0000] {processor.py:179} INFO - Processing /opt/airflow/dags/utils/__init__.py took 0.020 seconds
[2025-12-05T01:45:07.595+0000] {processor.py:157} INFO - Started process (PID=237) to work on /opt/airflow/dags/utils/__init__.py
[2025-12-05T01:45:07.636+0000] {processor.py:829} INFO - Processing file /opt/airflow/dags/utils/__init__.py for tasks to queue
[2025-12-05T01:45:07.636+0000] {logging_mixin.py:154} INFO - [2025-12-05T01:45:07.636+0000] {dagbag.py:536} INFO - Filling up the DagBag from /opt/airflow/dags/utils/__init__.py
[2025-12-05T01:45:07.638+0000] {processor.py:841} WARNING - No viable dags retrieved from /opt/airflow/dags/utils/__init__.py
[2025-12-05T01:45:07.651+0000] {processor.py:179} INFO - Processing /opt/airflow/dags/utils/__init__.py took 0.059 seconds
[2025-12-05T01:45:38.485+0000] {processor.py:157} INFO - Started process (PID=296) to work on /opt/airflow/dags/utils/__init__.py
[2025-12-05T01:45:38.486+0000] {processor.py:829} INFO - Processing file /opt/airflow/dags/utils/__init__.py for tasks to queue
[2025-12-05T01:45:38.487+0000] {logging_mixin.py:154} INFO - [2025-12-05T01:45:38.487+0000] {dagbag.py:536} INFO - Filling up the DagBag from /opt/airflow/dags/utils/__init__.py
[2025-12-05T01:45:38.488+0000] {processor.py:841} WARNING - No viable dags retrieved from /opt/airflow/dags/utils/__init__.py
[2025-12-05T01:45:38.500+0000] {processor.py:179} INFO - Processing /opt/airflow/dags/utils/__init__.py took 0.017 seconds
[2025-12-05T01:46:08.760+0000] {processor.py:157} INFO - Started process (PID=355) to work on /opt/airflow/dags/utils/__init__.py
[2025-12-05T01:46:08.761+0000] {processor.py:829} INFO - Processing file /opt/airflow/dags/utils/__init__.py for tasks to queue
[2025-12-05T01:46:08.762+0000] {logging_mixin.py:154} INFO - [2025-12-05T01:46:08.761+0000] {dagbag.py:536} INFO - Filling up the DagBag from /opt/airflow/dags/utils/__init__.py
[2025-12-05T01:46:08.763+0000] {processor.py:841} WARNING - No viable dags retrieved from /opt/airflow/dags/utils/__init__.py
[2025-12-05T01:46:08.775+0000] {processor.py:179} INFO - Processing /opt/airflow/dags/utils/__init__.py took 0.017 seconds
[2025-12-05T01:46:39.262+0000] {processor.py:157} INFO - Started process (PID=414) to work on /opt/airflow/dags/utils/__init__.py
[2025-12-05T01:46:39.263+0000] {processor.py:829} INFO - Processing file /opt/airflow/dags/utils/__init__.py for tasks to queue
[2025-12-05T01:46:39.264+0000] {logging_mixin.py:154} INFO - [2025-12-05T01:46:39.264+0000] {dagbag.py:536} INFO - Filling up the DagBag from /opt/airflow/dags/utils/__init__.py
[2025-12-05T01:46:39.267+0000] {processor.py:841} WARNING - No viable dags retrieved from /opt/airflow/dags/utils/__init__.py
[2025-12-05T01:46:39.286+0000] {processor.py:179} INFO - Processing /opt/airflow/dags/utils/__init__.py took 0.029 seconds
[2025-12-05T01:47:09.352+0000] {processor.py:157} INFO - Started process (PID=473) to work on /opt/airflow/dags/utils/__init__.py
[2025-12-05T01:47:09.353+0000] {processor.py:829} INFO - Processing file /opt/airflow/dags/utils/__init__.py for tasks to queue
[2025-12-05T01:47:09.354+0000] {logging_mixin.py:154} INFO - [2025-12-05T01:47:09.353+0000] {dagbag.py:536} INFO - Filling up the DagBag from /opt/airflow/dags/utils/__init__.py
[2025-12-05T01:47:09.355+0000] {processor.py:841} WARNING - No viable dags retrieved from /opt/airflow/dags/utils/__init__.py
[2025-12-05T01:47:09.368+0000] {processor.py:179} INFO - Processing /opt/airflow/dags/utils/__init__.py took 0.020 seconds
[2025-12-05T01:47:39.762+0000] {processor.py:157} INFO - Started process (PID=519) to work on /opt/airflow/dags/utils/__init__.py
[2025-12-05T01:47:39.764+0000] {processor.py:829} INFO - Processing file /opt/airflow/dags/utils/__init__.py for tasks to queue
[2025-12-05T01:47:39.764+0000] {logging_mixin.py:154} INFO - [2025-12-05T01:47:39.764+0000] {dagbag.py:536} INFO - Filling up the DagBag from /opt/airflow/dags/utils/__init__.py
[2025-12-05T01:47:39.766+0000] {processor.py:841} WARNING - No viable dags retrieved from /opt/airflow/dags/utils/__init__.py
[2025-12-05T01:47:39.779+0000] {processor.py:179} INFO - Processing /opt/airflow/dags/utils/__init__.py took 0.021 seconds
[2025-12-05T01:48:10.112+0000] {processor.py:157} INFO - Started process (PID=578) to work on /opt/airflow/dags/utils/__init__.py
[2025-12-05T01:48:10.113+0000] {processor.py:829} INFO - Processing file /opt/airflow/dags/utils/__init__.py for tasks to queue
[2025-12-05T01:48:10.114+0000] {logging_mixin.py:154} INFO - [2025-12-05T01:48:10.113+0000] {dagbag.py:536} INFO - Filling up the DagBag from /opt/airflow/dags/utils/__init__.py
[2025-12-05T01:48:10.116+0000] {processor.py:841} WARNING - No viable dags retrieved from /opt/airflow/dags/utils/__init__.py
[2025-12-05T01:48:10.128+0000] {processor.py:179} INFO - Processing /opt/airflow/dags/utils/__init__.py took 0.020 seconds
[2025-12-05T01:48:40.413+0000] {processor.py:157} INFO - Started process (PID=637) to work on /opt/airflow/dags/utils/__init__.py
[2025-12-05T01:48:40.414+0000] {processor.py:829} INFO - Processing file /opt/airflow/dags/utils/__init__.py for tasks to queue
[2025-12-05T01:48:40.415+0000] {logging_mixin.py:154} INFO - [2025-12-05T01:48:40.414+0000] {dagbag.py:536} INFO - Filling up the DagBag from /opt/airflow/dags/utils/__init__.py
[2025-12-05T01:48:40.417+0000] {processor.py:841} WARNING - No viable dags retrieved from /opt/airflow/dags/utils/__init__.py
[2025-12-05T01:48:40.429+0000] {processor.py:179} INFO - Processing /opt/airflow/dags/utils/__init__.py took 0.020 seconds
[2025-12-05T01:49:10.745+0000] {processor.py:157} INFO - Started process (PID=696) to work on /opt/airflow/dags/utils/__init__.py
[2025-12-05T01:49:10.746+0000] {processor.py:829} INFO - Processing file /opt/airflow/dags/utils/__init__.py for tasks to queue
[2025-12-05T01:49:10.747+0000] {logging_mixin.py:154} INFO - [2025-12-05T01:49:10.746+0000] {dagbag.py:536} INFO - Filling up the DagBag from /opt/airflow/dags/utils/__init__.py
[2025-12-05T01:49:10.749+0000] {processor.py:841} WARNING - No viable dags retrieved from /opt/airflow/dags/utils/__init__.py
[2025-12-05T01:49:10.761+0000] {processor.py:179} INFO - Processing /opt/airflow/dags/utils/__init__.py took 0.019 seconds
[2025-12-05T01:49:41.068+0000] {processor.py:157} INFO - Started process (PID=755) to work on /opt/airflow/dags/utils/__init__.py
[2025-12-05T01:49:41.069+0000] {processor.py:829} INFO - Processing file /opt/airflow/dags/utils/__init__.py for tasks to queue
[2025-12-05T01:49:41.070+0000] {logging_mixin.py:154} INFO - [2025-12-05T01:49:41.069+0000] {dagbag.py:536} INFO - Filling up the DagBag from /opt/airflow/dags/utils/__init__.py
[2025-12-05T01:49:41.071+0000] {processor.py:841} WARNING - No viable dags retrieved from /opt/airflow/dags/utils/__init__.py
[2025-12-05T01:49:41.082+0000] {processor.py:179} INFO - Processing /opt/airflow/dags/utils/__init__.py took 0.016 seconds
[2025-12-05T01:58:48.358+0000] {processor.py:157} INFO - Started process (PID=175) to work on /opt/airflow/dags/utils/__init__.py
[2025-12-05T01:58:48.359+0000] {processor.py:829} INFO - Processing file /opt/airflow/dags/utils/__init__.py for tasks to queue
[2025-12-05T01:58:48.360+0000] {logging_mixin.py:154} INFO - [2025-12-05T01:58:48.359+0000] {dagbag.py:536} INFO - Filling up the DagBag from /opt/airflow/dags/utils/__init__.py
[2025-12-05T01:58:48.362+0000] {processor.py:841} WARNING - No viable dags retrieved from /opt/airflow/dags/utils/__init__.py
[2025-12-05T01:58:48.375+0000] {processor.py:179} INFO - Processing /opt/airflow/dags/utils/__init__.py took 0.020 seconds
[2025-12-05T01:59:18.701+0000] {processor.py:157} INFO - Started process (PID=267) to work on /opt/airflow/dags/utils/__init__.py
[2025-12-05T01:59:18.702+0000] {processor.py:829} INFO - Processing file /opt/airflow/dags/utils/__init__.py for tasks to queue
[2025-12-05T01:59:18.703+0000] {logging_mixin.py:154} INFO - [2025-12-05T01:59:18.702+0000] {dagbag.py:536} INFO - Filling up the DagBag from /opt/airflow/dags/utils/__init__.py
[2025-12-05T01:59:18.705+0000] {processor.py:841} WARNING - No viable dags retrieved from /opt/airflow/dags/utils/__init__.py
[2025-12-05T01:59:18.718+0000] {processor.py:179} INFO - Processing /opt/airflow/dags/utils/__init__.py took 0.021 seconds
[2025-12-05T01:59:49.045+0000] {processor.py:157} INFO - Started process (PID=499) to work on /opt/airflow/dags/utils/__init__.py
[2025-12-05T01:59:49.046+0000] {processor.py:829} INFO - Processing file /opt/airflow/dags/utils/__init__.py for tasks to queue
[2025-12-05T01:59:49.050+0000] {logging_mixin.py:154} INFO - [2025-12-05T01:59:49.050+0000] {dagbag.py:536} INFO - Filling up the DagBag from /opt/airflow/dags/utils/__init__.py
[2025-12-05T01:59:49.054+0000] {processor.py:841} WARNING - No viable dags retrieved from /opt/airflow/dags/utils/__init__.py
[2025-12-05T01:59:49.078+0000] {processor.py:179} INFO - Processing /opt/airflow/dags/utils/__init__.py took 0.039 seconds
[2025-12-05T02:00:19.247+0000] {processor.py:157} INFO - Started process (PID=571) to work on /opt/airflow/dags/utils/__init__.py
[2025-12-05T02:00:19.248+0000] {processor.py:829} INFO - Processing file /opt/airflow/dags/utils/__init__.py for tasks to queue
[2025-12-05T02:00:19.249+0000] {logging_mixin.py:154} INFO - [2025-12-05T02:00:19.248+0000] {dagbag.py:536} INFO - Filling up the DagBag from /opt/airflow/dags/utils/__init__.py
[2025-12-05T02:00:19.252+0000] {processor.py:841} WARNING - No viable dags retrieved from /opt/airflow/dags/utils/__init__.py
[2025-12-05T02:00:19.271+0000] {processor.py:179} INFO - Processing /opt/airflow/dags/utils/__init__.py took 0.028 seconds
[2025-12-05T02:00:49.649+0000] {processor.py:157} INFO - Started process (PID=733) to work on /opt/airflow/dags/utils/__init__.py
[2025-12-05T02:00:49.659+0000] {processor.py:829} INFO - Processing file /opt/airflow/dags/utils/__init__.py for tasks to queue
[2025-12-05T02:00:49.660+0000] {logging_mixin.py:154} INFO - [2025-12-05T02:00:49.660+0000] {dagbag.py:536} INFO - Filling up the DagBag from /opt/airflow/dags/utils/__init__.py
[2025-12-05T02:00:49.662+0000] {processor.py:841} WARNING - No viable dags retrieved from /opt/airflow/dags/utils/__init__.py
[2025-12-05T02:00:49.674+0000] {processor.py:179} INFO - Processing /opt/airflow/dags/utils/__init__.py took 0.028 seconds
[2025-12-05T02:01:20.027+0000] {processor.py:157} INFO - Started process (PID=968) to work on /opt/airflow/dags/utils/__init__.py
[2025-12-05T02:01:20.029+0000] {processor.py:829} INFO - Processing file /opt/airflow/dags/utils/__init__.py for tasks to queue
[2025-12-05T02:01:20.029+0000] {logging_mixin.py:154} INFO - [2025-12-05T02:01:20.029+0000] {dagbag.py:536} INFO - Filling up the DagBag from /opt/airflow/dags/utils/__init__.py
[2025-12-05T02:01:20.031+0000] {processor.py:841} WARNING - No viable dags retrieved from /opt/airflow/dags/utils/__init__.py
[2025-12-05T02:01:20.049+0000] {processor.py:179} INFO - Processing /opt/airflow/dags/utils/__init__.py took 0.025 seconds
[2025-12-05T02:01:50.554+0000] {processor.py:157} INFO - Started process (PID=1146) to work on /opt/airflow/dags/utils/__init__.py
[2025-12-05T02:01:50.555+0000] {processor.py:829} INFO - Processing file /opt/airflow/dags/utils/__init__.py for tasks to queue
[2025-12-05T02:01:50.555+0000] {logging_mixin.py:154} INFO - [2025-12-05T02:01:50.555+0000] {dagbag.py:536} INFO - Filling up the DagBag from /opt/airflow/dags/utils/__init__.py
[2025-12-05T02:01:50.557+0000] {processor.py:841} WARNING - No viable dags retrieved from /opt/airflow/dags/utils/__init__.py
[2025-12-05T02:01:50.568+0000] {processor.py:179} INFO - Processing /opt/airflow/dags/utils/__init__.py took 0.017 seconds
[2025-12-05T02:02:20.865+0000] {processor.py:157} INFO - Started process (PID=1205) to work on /opt/airflow/dags/utils/__init__.py
[2025-12-05T02:02:20.866+0000] {processor.py:829} INFO - Processing file /opt/airflow/dags/utils/__init__.py for tasks to queue
[2025-12-05T02:02:20.866+0000] {logging_mixin.py:154} INFO - [2025-12-05T02:02:20.866+0000] {dagbag.py:536} INFO - Filling up the DagBag from /opt/airflow/dags/utils/__init__.py
[2025-12-05T02:02:20.868+0000] {processor.py:841} WARNING - No viable dags retrieved from /opt/airflow/dags/utils/__init__.py
[2025-12-05T02:02:20.880+0000] {processor.py:179} INFO - Processing /opt/airflow/dags/utils/__init__.py took 0.017 seconds
[2025-12-05T02:02:51.124+0000] {processor.py:157} INFO - Started process (PID=1264) to work on /opt/airflow/dags/utils/__init__.py
[2025-12-05T02:02:51.126+0000] {processor.py:829} INFO - Processing file /opt/airflow/dags/utils/__init__.py for tasks to queue
[2025-12-05T02:02:51.127+0000] {logging_mixin.py:154} INFO - [2025-12-05T02:02:51.126+0000] {dagbag.py:536} INFO - Filling up the DagBag from /opt/airflow/dags/utils/__init__.py
[2025-12-05T02:02:51.129+0000] {processor.py:841} WARNING - No viable dags retrieved from /opt/airflow/dags/utils/__init__.py
[2025-12-05T02:02:51.146+0000] {processor.py:179} INFO - Processing /opt/airflow/dags/utils/__init__.py took 0.026 seconds
[2025-12-05T02:03:21.397+0000] {processor.py:157} INFO - Started process (PID=1323) to work on /opt/airflow/dags/utils/__init__.py
[2025-12-05T02:03:21.398+0000] {processor.py:829} INFO - Processing file /opt/airflow/dags/utils/__init__.py for tasks to queue
[2025-12-05T02:03:21.398+0000] {logging_mixin.py:154} INFO - [2025-12-05T02:03:21.398+0000] {dagbag.py:536} INFO - Filling up the DagBag from /opt/airflow/dags/utils/__init__.py
[2025-12-05T02:03:21.400+0000] {processor.py:841} WARNING - No viable dags retrieved from /opt/airflow/dags/utils/__init__.py
[2025-12-05T02:03:21.411+0000] {processor.py:179} INFO - Processing /opt/airflow/dags/utils/__init__.py took 0.018 seconds
[2025-12-05T02:03:51.667+0000] {processor.py:157} INFO - Started process (PID=1381) to work on /opt/airflow/dags/utils/__init__.py
[2025-12-05T02:03:51.668+0000] {processor.py:829} INFO - Processing file /opt/airflow/dags/utils/__init__.py for tasks to queue
[2025-12-05T02:03:51.669+0000] {logging_mixin.py:154} INFO - [2025-12-05T02:03:51.669+0000] {dagbag.py:536} INFO - Filling up the DagBag from /opt/airflow/dags/utils/__init__.py
[2025-12-05T02:03:51.671+0000] {processor.py:841} WARNING - No viable dags retrieved from /opt/airflow/dags/utils/__init__.py
[2025-12-05T02:03:51.683+0000] {processor.py:179} INFO - Processing /opt/airflow/dags/utils/__init__.py took 0.019 seconds
[2025-12-05T02:04:21.865+0000] {processor.py:157} INFO - Started process (PID=1440) to work on /opt/airflow/dags/utils/__init__.py
[2025-12-05T02:04:21.865+0000] {processor.py:829} INFO - Processing file /opt/airflow/dags/utils/__init__.py for tasks to queue
[2025-12-05T02:04:21.866+0000] {logging_mixin.py:154} INFO - [2025-12-05T02:04:21.866+0000] {dagbag.py:536} INFO - Filling up the DagBag from /opt/airflow/dags/utils/__init__.py
[2025-12-05T02:04:21.868+0000] {processor.py:841} WARNING - No viable dags retrieved from /opt/airflow/dags/utils/__init__.py
[2025-12-05T02:04:21.879+0000] {processor.py:179} INFO - Processing /opt/airflow/dags/utils/__init__.py took 0.017 seconds
[2025-12-05T02:04:52.122+0000] {processor.py:157} INFO - Started process (PID=1499) to work on /opt/airflow/dags/utils/__init__.py
[2025-12-05T02:04:52.123+0000] {processor.py:829} INFO - Processing file /opt/airflow/dags/utils/__init__.py for tasks to queue
[2025-12-05T02:04:52.123+0000] {logging_mixin.py:154} INFO - [2025-12-05T02:04:52.123+0000] {dagbag.py:536} INFO - Filling up the DagBag from /opt/airflow/dags/utils/__init__.py
[2025-12-05T02:04:52.125+0000] {processor.py:841} WARNING - No viable dags retrieved from /opt/airflow/dags/utils/__init__.py
[2025-12-05T02:04:52.138+0000] {processor.py:179} INFO - Processing /opt/airflow/dags/utils/__init__.py took 0.020 seconds
[2025-12-05T02:05:22.369+0000] {processor.py:157} INFO - Started process (PID=1558) to work on /opt/airflow/dags/utils/__init__.py
[2025-12-05T02:05:22.370+0000] {processor.py:829} INFO - Processing file /opt/airflow/dags/utils/__init__.py for tasks to queue
[2025-12-05T02:05:22.371+0000] {logging_mixin.py:154} INFO - [2025-12-05T02:05:22.371+0000] {dagbag.py:536} INFO - Filling up the DagBag from /opt/airflow/dags/utils/__init__.py
[2025-12-05T02:05:22.373+0000] {processor.py:841} WARNING - No viable dags retrieved from /opt/airflow/dags/utils/__init__.py
[2025-12-05T02:05:22.384+0000] {processor.py:179} INFO - Processing /opt/airflow/dags/utils/__init__.py took 0.017 seconds
[2025-12-05T02:05:52.414+0000] {processor.py:157} INFO - Started process (PID=1623) to work on /opt/airflow/dags/utils/__init__.py
[2025-12-05T02:05:52.415+0000] {processor.py:829} INFO - Processing file /opt/airflow/dags/utils/__init__.py for tasks to queue
[2025-12-05T02:05:52.416+0000] {logging_mixin.py:154} INFO - [2025-12-05T02:05:52.416+0000] {dagbag.py:536} INFO - Filling up the DagBag from /opt/airflow/dags/utils/__init__.py
[2025-12-05T02:05:52.417+0000] {processor.py:841} WARNING - No viable dags retrieved from /opt/airflow/dags/utils/__init__.py
[2025-12-05T02:05:52.428+0000] {processor.py:179} INFO - Processing /opt/airflow/dags/utils/__init__.py took 0.017 seconds
[2025-12-05T02:06:22.680+0000] {processor.py:157} INFO - Started process (PID=1700) to work on /opt/airflow/dags/utils/__init__.py
[2025-12-05T02:06:22.681+0000] {processor.py:829} INFO - Processing file /opt/airflow/dags/utils/__init__.py for tasks to queue
[2025-12-05T02:06:22.681+0000] {logging_mixin.py:154} INFO - [2025-12-05T02:06:22.681+0000] {dagbag.py:536} INFO - Filling up the DagBag from /opt/airflow/dags/utils/__init__.py
[2025-12-05T02:06:22.683+0000] {processor.py:841} WARNING - No viable dags retrieved from /opt/airflow/dags/utils/__init__.py
[2025-12-05T02:06:22.694+0000] {processor.py:179} INFO - Processing /opt/airflow/dags/utils/__init__.py took 0.017 seconds
[2025-12-05T02:06:52.916+0000] {processor.py:157} INFO - Started process (PID=1759) to work on /opt/airflow/dags/utils/__init__.py
[2025-12-05T02:06:52.917+0000] {processor.py:829} INFO - Processing file /opt/airflow/dags/utils/__init__.py for tasks to queue
[2025-12-05T02:06:52.918+0000] {logging_mixin.py:154} INFO - [2025-12-05T02:06:52.918+0000] {dagbag.py:536} INFO - Filling up the DagBag from /opt/airflow/dags/utils/__init__.py
[2025-12-05T02:06:52.919+0000] {processor.py:841} WARNING - No viable dags retrieved from /opt/airflow/dags/utils/__init__.py
[2025-12-05T02:06:52.930+0000] {processor.py:179} INFO - Processing /opt/airflow/dags/utils/__init__.py took 0.016 seconds
[2025-12-05T02:07:23.222+0000] {processor.py:157} INFO - Started process (PID=1818) to work on /opt/airflow/dags/utils/__init__.py
[2025-12-05T02:07:23.223+0000] {processor.py:829} INFO - Processing file /opt/airflow/dags/utils/__init__.py for tasks to queue
[2025-12-05T02:07:23.224+0000] {logging_mixin.py:154} INFO - [2025-12-05T02:07:23.224+0000] {dagbag.py:536} INFO - Filling up the DagBag from /opt/airflow/dags/utils/__init__.py
[2025-12-05T02:07:23.226+0000] {processor.py:841} WARNING - No viable dags retrieved from /opt/airflow/dags/utils/__init__.py
[2025-12-05T02:07:23.238+0000] {processor.py:179} INFO - Processing /opt/airflow/dags/utils/__init__.py took 0.019 seconds
[2025-12-05T02:07:54.149+0000] {processor.py:157} INFO - Started process (PID=1870) to work on /opt/airflow/dags/utils/__init__.py
[2025-12-05T02:07:54.150+0000] {processor.py:829} INFO - Processing file /opt/airflow/dags/utils/__init__.py for tasks to queue
[2025-12-05T02:07:54.150+0000] {logging_mixin.py:154} INFO - [2025-12-05T02:07:54.150+0000] {dagbag.py:536} INFO - Filling up the DagBag from /opt/airflow/dags/utils/__init__.py
[2025-12-05T02:07:54.152+0000] {processor.py:841} WARNING - No viable dags retrieved from /opt/airflow/dags/utils/__init__.py
[2025-12-05T02:07:54.162+0000] {processor.py:179} INFO - Processing /opt/airflow/dags/utils/__init__.py took 0.016 seconds
[2025-12-05T02:13:39.611+0000] {processor.py:157} INFO - Started process (PID=175) to work on /opt/airflow/dags/utils/__init__.py
[2025-12-05T02:13:39.612+0000] {processor.py:829} INFO - Processing file /opt/airflow/dags/utils/__init__.py for tasks to queue
[2025-12-05T02:13:39.613+0000] {logging_mixin.py:154} INFO - [2025-12-05T02:13:39.613+0000] {dagbag.py:536} INFO - Filling up the DagBag from /opt/airflow/dags/utils/__init__.py
[2025-12-05T02:13:39.615+0000] {processor.py:841} WARNING - No viable dags retrieved from /opt/airflow/dags/utils/__init__.py
[2025-12-05T02:13:39.628+0000] {processor.py:179} INFO - Processing /opt/airflow/dags/utils/__init__.py took 0.019 seconds
[2025-12-05T02:14:09.775+0000] {processor.py:157} INFO - Started process (PID=356) to work on /opt/airflow/dags/utils/__init__.py
[2025-12-05T02:14:09.776+0000] {processor.py:829} INFO - Processing file /opt/airflow/dags/utils/__init__.py for tasks to queue
[2025-12-05T02:14:09.777+0000] {logging_mixin.py:154} INFO - [2025-12-05T02:14:09.777+0000] {dagbag.py:536} INFO - Filling up the DagBag from /opt/airflow/dags/utils/__init__.py
[2025-12-05T02:14:09.779+0000] {processor.py:841} WARNING - No viable dags retrieved from /opt/airflow/dags/utils/__init__.py
[2025-12-05T02:14:09.791+0000] {processor.py:179} INFO - Processing /opt/airflow/dags/utils/__init__.py took 0.019 seconds
[2025-12-05T02:14:39.911+0000] {processor.py:157} INFO - Started process (PID=674) to work on /opt/airflow/dags/utils/__init__.py
[2025-12-05T02:14:39.913+0000] {processor.py:829} INFO - Processing file /opt/airflow/dags/utils/__init__.py for tasks to queue
[2025-12-05T02:14:39.914+0000] {logging_mixin.py:154} INFO - [2025-12-05T02:14:39.913+0000] {dagbag.py:536} INFO - Filling up the DagBag from /opt/airflow/dags/utils/__init__.py
[2025-12-05T02:14:39.919+0000] {processor.py:841} WARNING - No viable dags retrieved from /opt/airflow/dags/utils/__init__.py
[2025-12-05T02:14:39.938+0000] {processor.py:179} INFO - Processing /opt/airflow/dags/utils/__init__.py took 0.032 seconds
[2025-12-05T02:15:10.738+0000] {processor.py:157} INFO - Started process (PID=733) to work on /opt/airflow/dags/utils/__init__.py
[2025-12-05T02:15:10.741+0000] {processor.py:829} INFO - Processing file /opt/airflow/dags/utils/__init__.py for tasks to queue
[2025-12-05T02:15:10.742+0000] {logging_mixin.py:154} INFO - [2025-12-05T02:15:10.741+0000] {dagbag.py:536} INFO - Filling up the DagBag from /opt/airflow/dags/utils/__init__.py
[2025-12-05T02:15:10.744+0000] {processor.py:841} WARNING - No viable dags retrieved from /opt/airflow/dags/utils/__init__.py
[2025-12-05T02:15:10.759+0000] {processor.py:179} INFO - Processing /opt/airflow/dags/utils/__init__.py took 0.038 seconds
[2025-12-05T02:15:40.909+0000] {processor.py:157} INFO - Started process (PID=786) to work on /opt/airflow/dags/utils/__init__.py
[2025-12-05T02:15:40.911+0000] {processor.py:829} INFO - Processing file /opt/airflow/dags/utils/__init__.py for tasks to queue
[2025-12-05T02:15:40.912+0000] {logging_mixin.py:154} INFO - [2025-12-05T02:15:40.911+0000] {dagbag.py:536} INFO - Filling up the DagBag from /opt/airflow/dags/utils/__init__.py
[2025-12-05T02:15:40.914+0000] {processor.py:841} WARNING - No viable dags retrieved from /opt/airflow/dags/utils/__init__.py
[2025-12-05T02:15:40.931+0000] {processor.py:179} INFO - Processing /opt/airflow/dags/utils/__init__.py took 0.025 seconds
[2025-12-05T02:16:11.088+0000] {processor.py:157} INFO - Started process (PID=852) to work on /opt/airflow/dags/utils/__init__.py
[2025-12-05T02:16:11.094+0000] {processor.py:829} INFO - Processing file /opt/airflow/dags/utils/__init__.py for tasks to queue
[2025-12-05T02:16:11.095+0000] {logging_mixin.py:154} INFO - [2025-12-05T02:16:11.095+0000] {dagbag.py:536} INFO - Filling up the DagBag from /opt/airflow/dags/utils/__init__.py
[2025-12-05T02:16:11.098+0000] {processor.py:841} WARNING - No viable dags retrieved from /opt/airflow/dags/utils/__init__.py
[2025-12-05T02:16:11.123+0000] {processor.py:179} INFO - Processing /opt/airflow/dags/utils/__init__.py took 0.039 seconds
[2025-12-05T02:16:41.823+0000] {processor.py:157} INFO - Started process (PID=909) to work on /opt/airflow/dags/utils/__init__.py
[2025-12-05T02:16:41.833+0000] {processor.py:829} INFO - Processing file /opt/airflow/dags/utils/__init__.py for tasks to queue
[2025-12-05T02:16:41.833+0000] {logging_mixin.py:154} INFO - [2025-12-05T02:16:41.833+0000] {dagbag.py:536} INFO - Filling up the DagBag from /opt/airflow/dags/utils/__init__.py
[2025-12-05T02:16:41.835+0000] {processor.py:841} WARNING - No viable dags retrieved from /opt/airflow/dags/utils/__init__.py
[2025-12-05T02:16:41.848+0000] {processor.py:179} INFO - Processing /opt/airflow/dags/utils/__init__.py took 0.027 seconds
[2025-12-05T02:17:11.927+0000] {processor.py:157} INFO - Started process (PID=965) to work on /opt/airflow/dags/utils/__init__.py
[2025-12-05T02:17:11.946+0000] {processor.py:829} INFO - Processing file /opt/airflow/dags/utils/__init__.py for tasks to queue
[2025-12-05T02:17:11.947+0000] {logging_mixin.py:154} INFO - [2025-12-05T02:17:11.947+0000] {dagbag.py:536} INFO - Filling up the DagBag from /opt/airflow/dags/utils/__init__.py
[2025-12-05T02:17:11.949+0000] {processor.py:841} WARNING - No viable dags retrieved from /opt/airflow/dags/utils/__init__.py
[2025-12-05T02:17:11.970+0000] {processor.py:179} INFO - Processing /opt/airflow/dags/utils/__init__.py took 0.047 seconds
[2025-12-05T02:17:42.231+0000] {processor.py:157} INFO - Started process (PID=1024) to work on /opt/airflow/dags/utils/__init__.py
[2025-12-05T02:17:42.233+0000] {processor.py:829} INFO - Processing file /opt/airflow/dags/utils/__init__.py for tasks to queue
[2025-12-05T02:17:42.234+0000] {logging_mixin.py:154} INFO - [2025-12-05T02:17:42.234+0000] {dagbag.py:536} INFO - Filling up the DagBag from /opt/airflow/dags/utils/__init__.py
[2025-12-05T02:17:42.236+0000] {processor.py:841} WARNING - No viable dags retrieved from /opt/airflow/dags/utils/__init__.py
[2025-12-05T02:17:42.255+0000] {processor.py:179} INFO - Processing /opt/airflow/dags/utils/__init__.py took 0.028 seconds
[2025-12-05T02:18:12.432+0000] {processor.py:157} INFO - Started process (PID=1090) to work on /opt/airflow/dags/utils/__init__.py
[2025-12-05T02:18:12.433+0000] {processor.py:829} INFO - Processing file /opt/airflow/dags/utils/__init__.py for tasks to queue
[2025-12-05T02:18:12.434+0000] {logging_mixin.py:154} INFO - [2025-12-05T02:18:12.434+0000] {dagbag.py:536} INFO - Filling up the DagBag from /opt/airflow/dags/utils/__init__.py
[2025-12-05T02:18:12.436+0000] {processor.py:841} WARNING - No viable dags retrieved from /opt/airflow/dags/utils/__init__.py
[2025-12-05T02:18:12.451+0000] {processor.py:179} INFO - Processing /opt/airflow/dags/utils/__init__.py took 0.024 seconds
[2025-12-05T02:18:43.021+0000] {processor.py:157} INFO - Started process (PID=1142) to work on /opt/airflow/dags/utils/__init__.py
[2025-12-05T02:18:43.025+0000] {processor.py:829} INFO - Processing file /opt/airflow/dags/utils/__init__.py for tasks to queue
[2025-12-05T02:18:43.026+0000] {logging_mixin.py:154} INFO - [2025-12-05T02:18:43.026+0000] {dagbag.py:536} INFO - Filling up the DagBag from /opt/airflow/dags/utils/__init__.py
[2025-12-05T02:18:43.028+0000] {processor.py:841} WARNING - No viable dags retrieved from /opt/airflow/dags/utils/__init__.py
[2025-12-05T02:18:43.059+0000] {processor.py:179} INFO - Processing /opt/airflow/dags/utils/__init__.py took 0.045 seconds
[2025-12-05T02:19:13.141+0000] {processor.py:157} INFO - Started process (PID=1207) to work on /opt/airflow/dags/utils/__init__.py
[2025-12-05T02:19:13.153+0000] {processor.py:829} INFO - Processing file /opt/airflow/dags/utils/__init__.py for tasks to queue
[2025-12-05T02:19:13.154+0000] {logging_mixin.py:154} INFO - [2025-12-05T02:19:13.153+0000] {dagbag.py:536} INFO - Filling up the DagBag from /opt/airflow/dags/utils/__init__.py
[2025-12-05T02:19:13.156+0000] {processor.py:841} WARNING - No viable dags retrieved from /opt/airflow/dags/utils/__init__.py
[2025-12-05T02:19:13.182+0000] {processor.py:179} INFO - Processing /opt/airflow/dags/utils/__init__.py took 0.044 seconds
[2025-12-05T02:19:43.303+0000] {processor.py:157} INFO - Started process (PID=1266) to work on /opt/airflow/dags/utils/__init__.py
[2025-12-05T02:19:43.308+0000] {processor.py:829} INFO - Processing file /opt/airflow/dags/utils/__init__.py for tasks to queue
[2025-12-05T02:19:43.308+0000] {logging_mixin.py:154} INFO - [2025-12-05T02:19:43.308+0000] {dagbag.py:536} INFO - Filling up the DagBag from /opt/airflow/dags/utils/__init__.py
[2025-12-05T02:19:43.310+0000] {processor.py:841} WARNING - No viable dags retrieved from /opt/airflow/dags/utils/__init__.py
[2025-12-05T02:19:43.328+0000] {processor.py:179} INFO - Processing /opt/airflow/dags/utils/__init__.py took 0.032 seconds
[2025-12-05T02:20:13.687+0000] {processor.py:157} INFO - Started process (PID=1317) to work on /opt/airflow/dags/utils/__init__.py
[2025-12-05T02:20:13.690+0000] {processor.py:829} INFO - Processing file /opt/airflow/dags/utils/__init__.py for tasks to queue
[2025-12-05T02:20:13.690+0000] {logging_mixin.py:154} INFO - [2025-12-05T02:20:13.690+0000] {dagbag.py:536} INFO - Filling up the DagBag from /opt/airflow/dags/utils/__init__.py
[2025-12-05T02:20:13.693+0000] {processor.py:841} WARNING - No viable dags retrieved from /opt/airflow/dags/utils/__init__.py
[2025-12-05T02:20:13.706+0000] {processor.py:179} INFO - Processing /opt/airflow/dags/utils/__init__.py took 0.022 seconds
[2025-12-05T02:20:44.279+0000] {processor.py:157} INFO - Started process (PID=1384) to work on /opt/airflow/dags/utils/__init__.py
[2025-12-05T02:20:44.283+0000] {processor.py:829} INFO - Processing file /opt/airflow/dags/utils/__init__.py for tasks to queue
[2025-12-05T02:20:44.283+0000] {logging_mixin.py:154} INFO - [2025-12-05T02:20:44.283+0000] {dagbag.py:536} INFO - Filling up the DagBag from /opt/airflow/dags/utils/__init__.py
[2025-12-05T02:20:44.286+0000] {processor.py:841} WARNING - No viable dags retrieved from /opt/airflow/dags/utils/__init__.py
[2025-12-05T02:20:44.308+0000] {processor.py:179} INFO - Processing /opt/airflow/dags/utils/__init__.py took 0.038 seconds
[2025-12-05T02:21:14.552+0000] {processor.py:157} INFO - Started process (PID=1443) to work on /opt/airflow/dags/utils/__init__.py
[2025-12-05T02:21:14.566+0000] {processor.py:829} INFO - Processing file /opt/airflow/dags/utils/__init__.py for tasks to queue
[2025-12-05T02:21:14.571+0000] {logging_mixin.py:154} INFO - [2025-12-05T02:21:14.570+0000] {dagbag.py:536} INFO - Filling up the DagBag from /opt/airflow/dags/utils/__init__.py
[2025-12-05T02:21:14.573+0000] {processor.py:841} WARNING - No viable dags retrieved from /opt/airflow/dags/utils/__init__.py
[2025-12-05T02:21:14.592+0000] {processor.py:179} INFO - Processing /opt/airflow/dags/utils/__init__.py took 0.044 seconds
[2025-12-05T02:21:45.020+0000] {processor.py:157} INFO - Started process (PID=1478) to work on /opt/airflow/dags/utils/__init__.py
[2025-12-05T02:21:45.021+0000] {processor.py:829} INFO - Processing file /opt/airflow/dags/utils/__init__.py for tasks to queue
[2025-12-05T02:21:45.022+0000] {logging_mixin.py:154} INFO - [2025-12-05T02:21:45.022+0000] {dagbag.py:536} INFO - Filling up the DagBag from /opt/airflow/dags/utils/__init__.py
[2025-12-05T02:21:45.025+0000] {processor.py:841} WARNING - No viable dags retrieved from /opt/airflow/dags/utils/__init__.py
[2025-12-05T02:21:45.049+0000] {processor.py:179} INFO - Processing /opt/airflow/dags/utils/__init__.py took 0.033 seconds
[2025-12-05T02:22:15.174+0000] {processor.py:157} INFO - Started process (PID=1542) to work on /opt/airflow/dags/utils/__init__.py
[2025-12-05T02:22:15.177+0000] {processor.py:829} INFO - Processing file /opt/airflow/dags/utils/__init__.py for tasks to queue
[2025-12-05T02:22:15.178+0000] {logging_mixin.py:154} INFO - [2025-12-05T02:22:15.178+0000] {dagbag.py:536} INFO - Filling up the DagBag from /opt/airflow/dags/utils/__init__.py
[2025-12-05T02:22:15.181+0000] {processor.py:841} WARNING - No viable dags retrieved from /opt/airflow/dags/utils/__init__.py
[2025-12-05T02:22:15.199+0000] {processor.py:179} INFO - Processing /opt/airflow/dags/utils/__init__.py took 0.028 seconds
[2025-12-05T02:22:45.317+0000] {processor.py:157} INFO - Started process (PID=1601) to work on /opt/airflow/dags/utils/__init__.py
[2025-12-05T02:22:45.328+0000] {processor.py:829} INFO - Processing file /opt/airflow/dags/utils/__init__.py for tasks to queue
[2025-12-05T02:22:45.328+0000] {logging_mixin.py:154} INFO - [2025-12-05T02:22:45.328+0000] {dagbag.py:536} INFO - Filling up the DagBag from /opt/airflow/dags/utils/__init__.py
[2025-12-05T02:22:45.330+0000] {processor.py:841} WARNING - No viable dags retrieved from /opt/airflow/dags/utils/__init__.py
[2025-12-05T02:22:45.352+0000] {processor.py:179} INFO - Processing /opt/airflow/dags/utils/__init__.py took 0.039 seconds
[2025-12-05T02:23:15.503+0000] {processor.py:157} INFO - Started process (PID=1660) to work on /opt/airflow/dags/utils/__init__.py
[2025-12-05T02:23:15.505+0000] {processor.py:829} INFO - Processing file /opt/airflow/dags/utils/__init__.py for tasks to queue
[2025-12-05T02:23:15.506+0000] {logging_mixin.py:154} INFO - [2025-12-05T02:23:15.506+0000] {dagbag.py:536} INFO - Filling up the DagBag from /opt/airflow/dags/utils/__init__.py
[2025-12-05T02:23:15.508+0000] {processor.py:841} WARNING - No viable dags retrieved from /opt/airflow/dags/utils/__init__.py
[2025-12-05T02:23:15.522+0000] {processor.py:179} INFO - Processing /opt/airflow/dags/utils/__init__.py took 0.022 seconds
[2025-12-05T02:23:45.713+0000] {processor.py:157} INFO - Started process (PID=1725) to work on /opt/airflow/dags/utils/__init__.py
[2025-12-05T02:23:45.716+0000] {processor.py:829} INFO - Processing file /opt/airflow/dags/utils/__init__.py for tasks to queue
[2025-12-05T02:23:45.717+0000] {logging_mixin.py:154} INFO - [2025-12-05T02:23:45.717+0000] {dagbag.py:536} INFO - Filling up the DagBag from /opt/airflow/dags/utils/__init__.py
[2025-12-05T02:23:45.719+0000] {processor.py:841} WARNING - No viable dags retrieved from /opt/airflow/dags/utils/__init__.py
[2025-12-05T02:23:45.737+0000] {processor.py:179} INFO - Processing /opt/airflow/dags/utils/__init__.py took 0.034 seconds
[2025-12-05T02:24:15.801+0000] {processor.py:157} INFO - Started process (PID=1905) to work on /opt/airflow/dags/utils/__init__.py
[2025-12-05T02:24:15.802+0000] {processor.py:829} INFO - Processing file /opt/airflow/dags/utils/__init__.py for tasks to queue
[2025-12-05T02:24:15.802+0000] {logging_mixin.py:154} INFO - [2025-12-05T02:24:15.802+0000] {dagbag.py:536} INFO - Filling up the DagBag from /opt/airflow/dags/utils/__init__.py
[2025-12-05T02:24:15.804+0000] {processor.py:841} WARNING - No viable dags retrieved from /opt/airflow/dags/utils/__init__.py
[2025-12-05T02:24:15.816+0000] {processor.py:179} INFO - Processing /opt/airflow/dags/utils/__init__.py took 0.019 seconds
[2025-12-05T02:24:46.162+0000] {processor.py:157} INFO - Started process (PID=1970) to work on /opt/airflow/dags/utils/__init__.py
[2025-12-05T02:24:46.163+0000] {processor.py:829} INFO - Processing file /opt/airflow/dags/utils/__init__.py for tasks to queue
[2025-12-05T02:24:46.164+0000] {logging_mixin.py:154} INFO - [2025-12-05T02:24:46.164+0000] {dagbag.py:536} INFO - Filling up the DagBag from /opt/airflow/dags/utils/__init__.py
[2025-12-05T02:24:46.165+0000] {processor.py:841} WARNING - No viable dags retrieved from /opt/airflow/dags/utils/__init__.py
[2025-12-05T02:24:46.177+0000] {processor.py:179} INFO - Processing /opt/airflow/dags/utils/__init__.py took 0.017 seconds
[2025-12-05T02:25:16.342+0000] {processor.py:157} INFO - Started process (PID=2029) to work on /opt/airflow/dags/utils/__init__.py
[2025-12-05T02:25:16.343+0000] {processor.py:829} INFO - Processing file /opt/airflow/dags/utils/__init__.py for tasks to queue
[2025-12-05T02:25:16.344+0000] {logging_mixin.py:154} INFO - [2025-12-05T02:25:16.344+0000] {dagbag.py:536} INFO - Filling up the DagBag from /opt/airflow/dags/utils/__init__.py
[2025-12-05T02:25:16.346+0000] {processor.py:841} WARNING - No viable dags retrieved from /opt/airflow/dags/utils/__init__.py
[2025-12-05T02:25:16.357+0000] {processor.py:179} INFO - Processing /opt/airflow/dags/utils/__init__.py took 0.017 seconds
[2025-12-05T02:25:46.585+0000] {processor.py:157} INFO - Started process (PID=2088) to work on /opt/airflow/dags/utils/__init__.py
[2025-12-05T02:25:46.587+0000] {processor.py:829} INFO - Processing file /opt/airflow/dags/utils/__init__.py for tasks to queue
[2025-12-05T02:25:46.587+0000] {logging_mixin.py:154} INFO - [2025-12-05T02:25:46.587+0000] {dagbag.py:536} INFO - Filling up the DagBag from /opt/airflow/dags/utils/__init__.py
[2025-12-05T02:25:46.589+0000] {processor.py:841} WARNING - No viable dags retrieved from /opt/airflow/dags/utils/__init__.py
[2025-12-05T02:25:46.603+0000] {processor.py:179} INFO - Processing /opt/airflow/dags/utils/__init__.py took 0.021 seconds
[2025-12-05T02:28:44.519+0000] {processor.py:157} INFO - Started process (PID=174) to work on /opt/airflow/dags/utils/__init__.py
[2025-12-05T02:28:44.520+0000] {processor.py:829} INFO - Processing file /opt/airflow/dags/utils/__init__.py for tasks to queue
[2025-12-05T02:28:44.521+0000] {logging_mixin.py:154} INFO - [2025-12-05T02:28:44.521+0000] {dagbag.py:536} INFO - Filling up the DagBag from /opt/airflow/dags/utils/__init__.py
[2025-12-05T02:28:44.523+0000] {processor.py:841} WARNING - No viable dags retrieved from /opt/airflow/dags/utils/__init__.py
[2025-12-05T02:28:44.536+0000] {processor.py:179} INFO - Processing /opt/airflow/dags/utils/__init__.py took 0.019 seconds
[2025-12-05T02:29:14.588+0000] {processor.py:157} INFO - Started process (PID=232) to work on /opt/airflow/dags/utils/__init__.py
[2025-12-05T02:29:14.589+0000] {processor.py:829} INFO - Processing file /opt/airflow/dags/utils/__init__.py for tasks to queue
[2025-12-05T02:29:14.589+0000] {logging_mixin.py:154} INFO - [2025-12-05T02:29:14.589+0000] {dagbag.py:536} INFO - Filling up the DagBag from /opt/airflow/dags/utils/__init__.py
[2025-12-05T02:29:14.592+0000] {processor.py:841} WARNING - No viable dags retrieved from /opt/airflow/dags/utils/__init__.py
[2025-12-05T02:29:14.604+0000] {processor.py:179} INFO - Processing /opt/airflow/dags/utils/__init__.py took 0.019 seconds
[2025-12-05T02:29:44.914+0000] {processor.py:157} INFO - Started process (PID=296) to work on /opt/airflow/dags/utils/__init__.py
[2025-12-05T02:29:44.915+0000] {processor.py:829} INFO - Processing file /opt/airflow/dags/utils/__init__.py for tasks to queue
[2025-12-05T02:29:44.915+0000] {logging_mixin.py:154} INFO - [2025-12-05T02:29:44.915+0000] {dagbag.py:536} INFO - Filling up the DagBag from /opt/airflow/dags/utils/__init__.py
[2025-12-05T02:29:44.917+0000] {processor.py:841} WARNING - No viable dags retrieved from /opt/airflow/dags/utils/__init__.py
[2025-12-05T02:29:44.931+0000] {processor.py:179} INFO - Processing /opt/airflow/dags/utils/__init__.py took 0.021 seconds
[2025-12-05T02:30:14.978+0000] {processor.py:157} INFO - Started process (PID=355) to work on /opt/airflow/dags/utils/__init__.py
[2025-12-05T02:30:14.979+0000] {processor.py:829} INFO - Processing file /opt/airflow/dags/utils/__init__.py for tasks to queue
[2025-12-05T02:30:14.980+0000] {logging_mixin.py:154} INFO - [2025-12-05T02:30:14.979+0000] {dagbag.py:536} INFO - Filling up the DagBag from /opt/airflow/dags/utils/__init__.py
[2025-12-05T02:30:14.981+0000] {processor.py:841} WARNING - No viable dags retrieved from /opt/airflow/dags/utils/__init__.py
[2025-12-05T02:30:14.993+0000] {processor.py:179} INFO - Processing /opt/airflow/dags/utils/__init__.py took 0.019 seconds
[2025-12-05T02:30:45.238+0000] {processor.py:157} INFO - Started process (PID=414) to work on /opt/airflow/dags/utils/__init__.py
[2025-12-05T02:30:45.239+0000] {processor.py:829} INFO - Processing file /opt/airflow/dags/utils/__init__.py for tasks to queue
[2025-12-05T02:30:45.240+0000] {logging_mixin.py:154} INFO - [2025-12-05T02:30:45.239+0000] {dagbag.py:536} INFO - Filling up the DagBag from /opt/airflow/dags/utils/__init__.py
[2025-12-05T02:30:45.241+0000] {processor.py:841} WARNING - No viable dags retrieved from /opt/airflow/dags/utils/__init__.py
[2025-12-05T02:30:45.252+0000] {processor.py:179} INFO - Processing /opt/airflow/dags/utils/__init__.py took 0.017 seconds
[2025-12-05T02:31:15.510+0000] {processor.py:157} INFO - Started process (PID=466) to work on /opt/airflow/dags/utils/__init__.py
[2025-12-05T02:31:15.511+0000] {processor.py:829} INFO - Processing file /opt/airflow/dags/utils/__init__.py for tasks to queue
[2025-12-05T02:31:15.511+0000] {logging_mixin.py:154} INFO - [2025-12-05T02:31:15.511+0000] {dagbag.py:536} INFO - Filling up the DagBag from /opt/airflow/dags/utils/__init__.py
[2025-12-05T02:31:15.514+0000] {processor.py:841} WARNING - No viable dags retrieved from /opt/airflow/dags/utils/__init__.py
[2025-12-05T02:31:15.525+0000] {processor.py:179} INFO - Processing /opt/airflow/dags/utils/__init__.py took 0.019 seconds
[2025-12-05T02:31:45.975+0000] {processor.py:157} INFO - Started process (PID=525) to work on /opt/airflow/dags/utils/__init__.py
[2025-12-05T02:31:45.976+0000] {processor.py:829} INFO - Processing file /opt/airflow/dags/utils/__init__.py for tasks to queue
[2025-12-05T02:31:45.977+0000] {logging_mixin.py:154} INFO - [2025-12-05T02:31:45.977+0000] {dagbag.py:536} INFO - Filling up the DagBag from /opt/airflow/dags/utils/__init__.py
[2025-12-05T02:31:45.979+0000] {processor.py:841} WARNING - No viable dags retrieved from /opt/airflow/dags/utils/__init__.py
[2025-12-05T02:31:45.998+0000] {processor.py:179} INFO - Processing /opt/airflow/dags/utils/__init__.py took 0.028 seconds
[2025-12-05T02:32:16.412+0000] {processor.py:157} INFO - Started process (PID=584) to work on /opt/airflow/dags/utils/__init__.py
[2025-12-05T02:32:16.413+0000] {processor.py:829} INFO - Processing file /opt/airflow/dags/utils/__init__.py for tasks to queue
[2025-12-05T02:32:16.413+0000] {logging_mixin.py:154} INFO - [2025-12-05T02:32:16.413+0000] {dagbag.py:536} INFO - Filling up the DagBag from /opt/airflow/dags/utils/__init__.py
[2025-12-05T02:32:16.415+0000] {processor.py:841} WARNING - No viable dags retrieved from /opt/airflow/dags/utils/__init__.py
[2025-12-05T02:32:16.427+0000] {processor.py:179} INFO - Processing /opt/airflow/dags/utils/__init__.py took 0.018 seconds
[2025-12-05T02:32:46.658+0000] {processor.py:157} INFO - Started process (PID=643) to work on /opt/airflow/dags/utils/__init__.py
[2025-12-05T02:32:46.659+0000] {processor.py:829} INFO - Processing file /opt/airflow/dags/utils/__init__.py for tasks to queue
[2025-12-05T02:32:46.660+0000] {logging_mixin.py:154} INFO - [2025-12-05T02:32:46.660+0000] {dagbag.py:536} INFO - Filling up the DagBag from /opt/airflow/dags/utils/__init__.py
[2025-12-05T02:32:46.661+0000] {processor.py:841} WARNING - No viable dags retrieved from /opt/airflow/dags/utils/__init__.py
[2025-12-05T02:32:46.673+0000] {processor.py:179} INFO - Processing /opt/airflow/dags/utils/__init__.py took 0.017 seconds
[2025-12-05T02:33:16.958+0000] {processor.py:157} INFO - Started process (PID=702) to work on /opt/airflow/dags/utils/__init__.py
[2025-12-05T02:33:16.965+0000] {processor.py:829} INFO - Processing file /opt/airflow/dags/utils/__init__.py for tasks to queue
[2025-12-05T02:33:16.966+0000] {logging_mixin.py:154} INFO - [2025-12-05T02:33:16.965+0000] {dagbag.py:536} INFO - Filling up the DagBag from /opt/airflow/dags/utils/__init__.py
[2025-12-05T02:33:16.967+0000] {processor.py:841} WARNING - No viable dags retrieved from /opt/airflow/dags/utils/__init__.py
[2025-12-05T02:33:16.980+0000] {processor.py:179} INFO - Processing /opt/airflow/dags/utils/__init__.py took 0.025 seconds
[2025-12-05T02:33:47.246+0000] {processor.py:157} INFO - Started process (PID=767) to work on /opt/airflow/dags/utils/__init__.py
[2025-12-05T02:33:47.247+0000] {processor.py:829} INFO - Processing file /opt/airflow/dags/utils/__init__.py for tasks to queue
[2025-12-05T02:33:47.248+0000] {logging_mixin.py:154} INFO - [2025-12-05T02:33:47.248+0000] {dagbag.py:536} INFO - Filling up the DagBag from /opt/airflow/dags/utils/__init__.py
[2025-12-05T02:33:47.249+0000] {processor.py:841} WARNING - No viable dags retrieved from /opt/airflow/dags/utils/__init__.py
[2025-12-05T02:33:47.261+0000] {processor.py:179} INFO - Processing /opt/airflow/dags/utils/__init__.py took 0.017 seconds
[2025-12-05T02:34:17.609+0000] {processor.py:157} INFO - Started process (PID=1111) to work on /opt/airflow/dags/utils/__init__.py
[2025-12-05T02:34:17.621+0000] {processor.py:829} INFO - Processing file /opt/airflow/dags/utils/__init__.py for tasks to queue
[2025-12-05T02:34:17.621+0000] {logging_mixin.py:154} INFO - [2025-12-05T02:34:17.621+0000] {dagbag.py:536} INFO - Filling up the DagBag from /opt/airflow/dags/utils/__init__.py
[2025-12-05T02:34:17.624+0000] {processor.py:841} WARNING - No viable dags retrieved from /opt/airflow/dags/utils/__init__.py
[2025-12-05T02:34:17.642+0000] {processor.py:179} INFO - Processing /opt/airflow/dags/utils/__init__.py took 0.037 seconds
[2025-12-05T02:34:48.055+0000] {processor.py:157} INFO - Started process (PID=1289) to work on /opt/airflow/dags/utils/__init__.py
[2025-12-05T02:34:48.057+0000] {processor.py:829} INFO - Processing file /opt/airflow/dags/utils/__init__.py for tasks to queue
[2025-12-05T02:34:48.058+0000] {logging_mixin.py:154} INFO - [2025-12-05T02:34:48.058+0000] {dagbag.py:536} INFO - Filling up the DagBag from /opt/airflow/dags/utils/__init__.py
[2025-12-05T02:34:48.060+0000] {processor.py:841} WARNING - No viable dags retrieved from /opt/airflow/dags/utils/__init__.py
[2025-12-05T02:34:48.074+0000] {processor.py:179} INFO - Processing /opt/airflow/dags/utils/__init__.py took 0.022 seconds
[2025-12-05T02:35:18.682+0000] {processor.py:157} INFO - Started process (PID=1353) to work on /opt/airflow/dags/utils/__init__.py
[2025-12-05T02:35:18.686+0000] {processor.py:829} INFO - Processing file /opt/airflow/dags/utils/__init__.py for tasks to queue
[2025-12-05T02:35:18.687+0000] {logging_mixin.py:154} INFO - [2025-12-05T02:35:18.687+0000] {dagbag.py:536} INFO - Filling up the DagBag from /opt/airflow/dags/utils/__init__.py
[2025-12-05T02:35:18.689+0000] {processor.py:841} WARNING - No viable dags retrieved from /opt/airflow/dags/utils/__init__.py
[2025-12-05T02:35:18.712+0000] {processor.py:179} INFO - Processing /opt/airflow/dags/utils/__init__.py took 0.037 seconds
[2025-12-05T02:35:49.167+0000] {processor.py:157} INFO - Started process (PID=1418) to work on /opt/airflow/dags/utils/__init__.py
[2025-12-05T02:35:49.169+0000] {processor.py:829} INFO - Processing file /opt/airflow/dags/utils/__init__.py for tasks to queue
[2025-12-05T02:35:49.170+0000] {logging_mixin.py:154} INFO - [2025-12-05T02:35:49.170+0000] {dagbag.py:536} INFO - Filling up the DagBag from /opt/airflow/dags/utils/__init__.py
[2025-12-05T02:35:49.172+0000] {processor.py:841} WARNING - No viable dags retrieved from /opt/airflow/dags/utils/__init__.py
[2025-12-05T02:35:49.191+0000] {processor.py:179} INFO - Processing /opt/airflow/dags/utils/__init__.py took 0.027 seconds
[2025-12-05T02:36:19.369+0000] {processor.py:157} INFO - Started process (PID=1709) to work on /opt/airflow/dags/utils/__init__.py
[2025-12-05T02:36:19.370+0000] {processor.py:829} INFO - Processing file /opt/airflow/dags/utils/__init__.py for tasks to queue
[2025-12-05T02:36:19.370+0000] {logging_mixin.py:154} INFO - [2025-12-05T02:36:19.370+0000] {dagbag.py:536} INFO - Filling up the DagBag from /opt/airflow/dags/utils/__init__.py
[2025-12-05T02:36:19.372+0000] {processor.py:841} WARNING - No viable dags retrieved from /opt/airflow/dags/utils/__init__.py
[2025-12-05T02:36:19.384+0000] {processor.py:179} INFO - Processing /opt/airflow/dags/utils/__init__.py took 0.018 seconds
[2025-12-05T02:36:49.702+0000] {processor.py:157} INFO - Started process (PID=1768) to work on /opt/airflow/dags/utils/__init__.py
[2025-12-05T02:36:49.702+0000] {processor.py:829} INFO - Processing file /opt/airflow/dags/utils/__init__.py for tasks to queue
[2025-12-05T02:36:49.703+0000] {logging_mixin.py:154} INFO - [2025-12-05T02:36:49.703+0000] {dagbag.py:536} INFO - Filling up the DagBag from /opt/airflow/dags/utils/__init__.py
[2025-12-05T02:36:49.705+0000] {processor.py:841} WARNING - No viable dags retrieved from /opt/airflow/dags/utils/__init__.py
[2025-12-05T02:36:49.717+0000] {processor.py:179} INFO - Processing /opt/airflow/dags/utils/__init__.py took 0.018 seconds
[2025-12-05T02:37:19.985+0000] {processor.py:157} INFO - Started process (PID=1827) to work on /opt/airflow/dags/utils/__init__.py
[2025-12-05T02:37:19.986+0000] {processor.py:829} INFO - Processing file /opt/airflow/dags/utils/__init__.py for tasks to queue
[2025-12-05T02:37:19.987+0000] {logging_mixin.py:154} INFO - [2025-12-05T02:37:19.986+0000] {dagbag.py:536} INFO - Filling up the DagBag from /opt/airflow/dags/utils/__init__.py
[2025-12-05T02:37:19.988+0000] {processor.py:841} WARNING - No viable dags retrieved from /opt/airflow/dags/utils/__init__.py
[2025-12-05T02:37:19.999+0000] {processor.py:179} INFO - Processing /opt/airflow/dags/utils/__init__.py took 0.016 seconds
[2025-12-05T02:37:50.245+0000] {processor.py:157} INFO - Started process (PID=1886) to work on /opt/airflow/dags/utils/__init__.py
[2025-12-05T02:37:50.246+0000] {processor.py:829} INFO - Processing file /opt/airflow/dags/utils/__init__.py for tasks to queue
[2025-12-05T02:37:50.247+0000] {logging_mixin.py:154} INFO - [2025-12-05T02:37:50.246+0000] {dagbag.py:536} INFO - Filling up the DagBag from /opt/airflow/dags/utils/__init__.py
[2025-12-05T02:37:50.249+0000] {processor.py:841} WARNING - No viable dags retrieved from /opt/airflow/dags/utils/__init__.py
[2025-12-05T02:37:50.261+0000] {processor.py:179} INFO - Processing /opt/airflow/dags/utils/__init__.py took 0.019 seconds
[2025-12-05T02:38:20.761+0000] {processor.py:157} INFO - Started process (PID=1928) to work on /opt/airflow/dags/utils/__init__.py
[2025-12-05T02:38:20.762+0000] {processor.py:829} INFO - Processing file /opt/airflow/dags/utils/__init__.py for tasks to queue
[2025-12-05T02:38:20.763+0000] {logging_mixin.py:154} INFO - [2025-12-05T02:38:20.763+0000] {dagbag.py:536} INFO - Filling up the DagBag from /opt/airflow/dags/utils/__init__.py
[2025-12-05T02:38:20.765+0000] {processor.py:841} WARNING - No viable dags retrieved from /opt/airflow/dags/utils/__init__.py
[2025-12-05T02:38:20.774+0000] {processor.py:179} INFO - Processing /opt/airflow/dags/utils/__init__.py took 0.016 seconds
[2025-12-05T02:38:51.124+0000] {processor.py:157} INFO - Started process (PID=1987) to work on /opt/airflow/dags/utils/__init__.py
[2025-12-05T02:38:51.125+0000] {processor.py:829} INFO - Processing file /opt/airflow/dags/utils/__init__.py for tasks to queue
[2025-12-05T02:38:51.125+0000] {logging_mixin.py:154} INFO - [2025-12-05T02:38:51.125+0000] {dagbag.py:536} INFO - Filling up the DagBag from /opt/airflow/dags/utils/__init__.py
[2025-12-05T02:38:51.127+0000] {processor.py:841} WARNING - No viable dags retrieved from /opt/airflow/dags/utils/__init__.py
[2025-12-05T02:38:51.138+0000] {processor.py:179} INFO - Processing /opt/airflow/dags/utils/__init__.py took 0.017 seconds
[2025-12-05T02:39:21.250+0000] {processor.py:157} INFO - Started process (PID=2052) to work on /opt/airflow/dags/utils/__init__.py
[2025-12-05T02:39:21.251+0000] {processor.py:829} INFO - Processing file /opt/airflow/dags/utils/__init__.py for tasks to queue
[2025-12-05T02:39:21.252+0000] {logging_mixin.py:154} INFO - [2025-12-05T02:39:21.252+0000] {dagbag.py:536} INFO - Filling up the DagBag from /opt/airflow/dags/utils/__init__.py
[2025-12-05T02:39:21.253+0000] {processor.py:841} WARNING - No viable dags retrieved from /opt/airflow/dags/utils/__init__.py
[2025-12-05T02:39:21.267+0000] {processor.py:179} INFO - Processing /opt/airflow/dags/utils/__init__.py took 0.020 seconds
[2025-12-05T02:39:51.522+0000] {processor.py:157} INFO - Started process (PID=2104) to work on /opt/airflow/dags/utils/__init__.py
[2025-12-05T02:39:51.523+0000] {processor.py:829} INFO - Processing file /opt/airflow/dags/utils/__init__.py for tasks to queue
[2025-12-05T02:39:51.523+0000] {logging_mixin.py:154} INFO - [2025-12-05T02:39:51.523+0000] {dagbag.py:536} INFO - Filling up the DagBag from /opt/airflow/dags/utils/__init__.py
[2025-12-05T02:39:51.525+0000] {processor.py:841} WARNING - No viable dags retrieved from /opt/airflow/dags/utils/__init__.py
[2025-12-05T02:39:51.538+0000] {processor.py:179} INFO - Processing /opt/airflow/dags/utils/__init__.py took 0.019 seconds
[2025-12-05T02:40:21.773+0000] {processor.py:157} INFO - Started process (PID=2163) to work on /opt/airflow/dags/utils/__init__.py
[2025-12-05T02:40:21.774+0000] {processor.py:829} INFO - Processing file /opt/airflow/dags/utils/__init__.py for tasks to queue
[2025-12-05T02:40:21.775+0000] {logging_mixin.py:154} INFO - [2025-12-05T02:40:21.774+0000] {dagbag.py:536} INFO - Filling up the DagBag from /opt/airflow/dags/utils/__init__.py
[2025-12-05T02:40:21.776+0000] {processor.py:841} WARNING - No viable dags retrieved from /opt/airflow/dags/utils/__init__.py
[2025-12-05T02:40:21.788+0000] {processor.py:179} INFO - Processing /opt/airflow/dags/utils/__init__.py took 0.019 seconds
[2025-12-05T02:40:52.223+0000] {processor.py:157} INFO - Started process (PID=2222) to work on /opt/airflow/dags/utils/__init__.py
[2025-12-05T02:40:52.224+0000] {processor.py:829} INFO - Processing file /opt/airflow/dags/utils/__init__.py for tasks to queue
[2025-12-05T02:40:52.225+0000] {logging_mixin.py:154} INFO - [2025-12-05T02:40:52.225+0000] {dagbag.py:536} INFO - Filling up the DagBag from /opt/airflow/dags/utils/__init__.py
[2025-12-05T02:40:52.226+0000] {processor.py:841} WARNING - No viable dags retrieved from /opt/airflow/dags/utils/__init__.py
[2025-12-05T02:40:52.239+0000] {processor.py:179} INFO - Processing /opt/airflow/dags/utils/__init__.py took 0.019 seconds
[2025-12-05T02:41:22.506+0000] {processor.py:157} INFO - Started process (PID=2281) to work on /opt/airflow/dags/utils/__init__.py
[2025-12-05T02:41:22.507+0000] {processor.py:829} INFO - Processing file /opt/airflow/dags/utils/__init__.py for tasks to queue
[2025-12-05T02:41:22.507+0000] {logging_mixin.py:154} INFO - [2025-12-05T02:41:22.507+0000] {dagbag.py:536} INFO - Filling up the DagBag from /opt/airflow/dags/utils/__init__.py
[2025-12-05T02:41:22.509+0000] {processor.py:841} WARNING - No viable dags retrieved from /opt/airflow/dags/utils/__init__.py
[2025-12-05T02:41:22.519+0000] {processor.py:179} INFO - Processing /opt/airflow/dags/utils/__init__.py took 0.015 seconds
[2025-12-05T02:41:52.564+0000] {processor.py:157} INFO - Started process (PID=2340) to work on /opt/airflow/dags/utils/__init__.py
[2025-12-05T02:41:52.565+0000] {processor.py:829} INFO - Processing file /opt/airflow/dags/utils/__init__.py for tasks to queue
[2025-12-05T02:41:52.565+0000] {logging_mixin.py:154} INFO - [2025-12-05T02:41:52.565+0000] {dagbag.py:536} INFO - Filling up the DagBag from /opt/airflow/dags/utils/__init__.py
[2025-12-05T02:41:52.567+0000] {processor.py:841} WARNING - No viable dags retrieved from /opt/airflow/dags/utils/__init__.py
[2025-12-05T02:41:52.578+0000] {processor.py:179} INFO - Processing /opt/airflow/dags/utils/__init__.py took 0.017 seconds
[2025-12-05T02:42:23.533+0000] {processor.py:157} INFO - Started process (PID=2399) to work on /opt/airflow/dags/utils/__init__.py
[2025-12-05T02:42:23.534+0000] {processor.py:829} INFO - Processing file /opt/airflow/dags/utils/__init__.py for tasks to queue
[2025-12-05T02:42:23.535+0000] {logging_mixin.py:154} INFO - [2025-12-05T02:42:23.534+0000] {dagbag.py:536} INFO - Filling up the DagBag from /opt/airflow/dags/utils/__init__.py
[2025-12-05T02:42:23.536+0000] {processor.py:841} WARNING - No viable dags retrieved from /opt/airflow/dags/utils/__init__.py
[2025-12-05T02:42:23.546+0000] {processor.py:179} INFO - Processing /opt/airflow/dags/utils/__init__.py took 0.016 seconds
[2025-12-05T02:42:53.765+0000] {processor.py:157} INFO - Started process (PID=2458) to work on /opt/airflow/dags/utils/__init__.py
[2025-12-05T02:42:53.766+0000] {processor.py:829} INFO - Processing file /opt/airflow/dags/utils/__init__.py for tasks to queue
[2025-12-05T02:42:53.766+0000] {logging_mixin.py:154} INFO - [2025-12-05T02:42:53.766+0000] {dagbag.py:536} INFO - Filling up the DagBag from /opt/airflow/dags/utils/__init__.py
[2025-12-05T02:42:53.768+0000] {processor.py:841} WARNING - No viable dags retrieved from /opt/airflow/dags/utils/__init__.py
[2025-12-05T02:42:53.780+0000] {processor.py:179} INFO - Processing /opt/airflow/dags/utils/__init__.py took 0.018 seconds
[2025-12-05T02:43:23.959+0000] {processor.py:157} INFO - Started process (PID=2510) to work on /opt/airflow/dags/utils/__init__.py
[2025-12-05T02:43:23.960+0000] {processor.py:829} INFO - Processing file /opt/airflow/dags/utils/__init__.py for tasks to queue
[2025-12-05T02:43:23.960+0000] {logging_mixin.py:154} INFO - [2025-12-05T02:43:23.960+0000] {dagbag.py:536} INFO - Filling up the DagBag from /opt/airflow/dags/utils/__init__.py
[2025-12-05T02:43:23.962+0000] {processor.py:841} WARNING - No viable dags retrieved from /opt/airflow/dags/utils/__init__.py
[2025-12-05T02:43:23.974+0000] {processor.py:179} INFO - Processing /opt/airflow/dags/utils/__init__.py took 0.018 seconds
[2025-12-05T02:43:54.220+0000] {processor.py:157} INFO - Started process (PID=2569) to work on /opt/airflow/dags/utils/__init__.py
[2025-12-05T02:43:54.221+0000] {processor.py:829} INFO - Processing file /opt/airflow/dags/utils/__init__.py for tasks to queue
[2025-12-05T02:43:54.221+0000] {logging_mixin.py:154} INFO - [2025-12-05T02:43:54.221+0000] {dagbag.py:536} INFO - Filling up the DagBag from /opt/airflow/dags/utils/__init__.py
[2025-12-05T02:43:54.223+0000] {processor.py:841} WARNING - No viable dags retrieved from /opt/airflow/dags/utils/__init__.py
[2025-12-05T02:43:54.233+0000] {processor.py:179} INFO - Processing /opt/airflow/dags/utils/__init__.py took 0.016 seconds
[2025-12-05T02:44:24.421+0000] {processor.py:157} INFO - Started process (PID=2628) to work on /opt/airflow/dags/utils/__init__.py
[2025-12-05T02:44:24.422+0000] {processor.py:829} INFO - Processing file /opt/airflow/dags/utils/__init__.py for tasks to queue
[2025-12-05T02:44:24.422+0000] {logging_mixin.py:154} INFO - [2025-12-05T02:44:24.422+0000] {dagbag.py:536} INFO - Filling up the DagBag from /opt/airflow/dags/utils/__init__.py
[2025-12-05T02:44:24.424+0000] {processor.py:841} WARNING - No viable dags retrieved from /opt/airflow/dags/utils/__init__.py
[2025-12-05T02:44:24.435+0000] {processor.py:179} INFO - Processing /opt/airflow/dags/utils/__init__.py took 0.017 seconds
[2025-12-05T02:44:54.696+0000] {processor.py:157} INFO - Started process (PID=2687) to work on /opt/airflow/dags/utils/__init__.py
[2025-12-05T02:44:54.697+0000] {processor.py:829} INFO - Processing file /opt/airflow/dags/utils/__init__.py for tasks to queue
[2025-12-05T02:44:54.698+0000] {logging_mixin.py:154} INFO - [2025-12-05T02:44:54.698+0000] {dagbag.py:536} INFO - Filling up the DagBag from /opt/airflow/dags/utils/__init__.py
[2025-12-05T02:44:54.700+0000] {processor.py:841} WARNING - No viable dags retrieved from /opt/airflow/dags/utils/__init__.py
[2025-12-05T02:44:54.713+0000] {processor.py:179} INFO - Processing /opt/airflow/dags/utils/__init__.py took 0.020 seconds
[2025-12-05T02:45:24.960+0000] {processor.py:157} INFO - Started process (PID=2746) to work on /opt/airflow/dags/utils/__init__.py
[2025-12-05T02:45:24.961+0000] {processor.py:829} INFO - Processing file /opt/airflow/dags/utils/__init__.py for tasks to queue
[2025-12-05T02:45:24.961+0000] {logging_mixin.py:154} INFO - [2025-12-05T02:45:24.961+0000] {dagbag.py:536} INFO - Filling up the DagBag from /opt/airflow/dags/utils/__init__.py
[2025-12-05T02:45:24.963+0000] {processor.py:841} WARNING - No viable dags retrieved from /opt/airflow/dags/utils/__init__.py
[2025-12-05T02:45:24.975+0000] {processor.py:179} INFO - Processing /opt/airflow/dags/utils/__init__.py took 0.018 seconds
[2025-12-05T02:45:55.286+0000] {processor.py:157} INFO - Started process (PID=2805) to work on /opt/airflow/dags/utils/__init__.py
[2025-12-05T02:45:55.287+0000] {processor.py:829} INFO - Processing file /opt/airflow/dags/utils/__init__.py for tasks to queue
[2025-12-05T02:45:55.287+0000] {logging_mixin.py:154} INFO - [2025-12-05T02:45:55.287+0000] {dagbag.py:536} INFO - Filling up the DagBag from /opt/airflow/dags/utils/__init__.py
[2025-12-05T02:45:55.289+0000] {processor.py:841} WARNING - No viable dags retrieved from /opt/airflow/dags/utils/__init__.py
[2025-12-05T02:45:55.299+0000] {processor.py:179} INFO - Processing /opt/airflow/dags/utils/__init__.py took 0.016 seconds
[2025-12-05T02:46:25.544+0000] {processor.py:157} INFO - Started process (PID=2864) to work on /opt/airflow/dags/utils/__init__.py
[2025-12-05T02:46:25.545+0000] {processor.py:829} INFO - Processing file /opt/airflow/dags/utils/__init__.py for tasks to queue
[2025-12-05T02:46:25.545+0000] {logging_mixin.py:154} INFO - [2025-12-05T02:46:25.545+0000] {dagbag.py:536} INFO - Filling up the DagBag from /opt/airflow/dags/utils/__init__.py
[2025-12-05T02:46:25.547+0000] {processor.py:841} WARNING - No viable dags retrieved from /opt/airflow/dags/utils/__init__.py
[2025-12-05T02:46:25.559+0000] {processor.py:179} INFO - Processing /opt/airflow/dags/utils/__init__.py took 0.018 seconds
[2025-12-05T02:46:55.819+0000] {processor.py:157} INFO - Started process (PID=3005) to work on /opt/airflow/dags/utils/__init__.py
[2025-12-05T02:46:55.820+0000] {processor.py:829} INFO - Processing file /opt/airflow/dags/utils/__init__.py for tasks to queue
[2025-12-05T02:46:55.821+0000] {logging_mixin.py:154} INFO - [2025-12-05T02:46:55.821+0000] {dagbag.py:536} INFO - Filling up the DagBag from /opt/airflow/dags/utils/__init__.py
[2025-12-05T02:46:55.823+0000] {processor.py:841} WARNING - No viable dags retrieved from /opt/airflow/dags/utils/__init__.py
[2025-12-05T02:46:55.835+0000] {processor.py:179} INFO - Processing /opt/airflow/dags/utils/__init__.py took 0.020 seconds
[2025-12-05T02:47:26.460+0000] {processor.py:157} INFO - Started process (PID=3191) to work on /opt/airflow/dags/utils/__init__.py
[2025-12-05T02:47:26.462+0000] {processor.py:829} INFO - Processing file /opt/airflow/dags/utils/__init__.py for tasks to queue
[2025-12-05T02:47:26.462+0000] {logging_mixin.py:154} INFO - [2025-12-05T02:47:26.462+0000] {dagbag.py:536} INFO - Filling up the DagBag from /opt/airflow/dags/utils/__init__.py
[2025-12-05T02:47:26.464+0000] {processor.py:841} WARNING - No viable dags retrieved from /opt/airflow/dags/utils/__init__.py
[2025-12-05T02:47:26.477+0000] {processor.py:179} INFO - Processing /opt/airflow/dags/utils/__init__.py took 0.021 seconds
[2025-12-05T02:47:56.748+0000] {processor.py:157} INFO - Started process (PID=3374) to work on /opt/airflow/dags/utils/__init__.py
[2025-12-05T02:47:56.748+0000] {processor.py:829} INFO - Processing file /opt/airflow/dags/utils/__init__.py for tasks to queue
[2025-12-05T02:47:56.749+0000] {logging_mixin.py:154} INFO - [2025-12-05T02:47:56.749+0000] {dagbag.py:536} INFO - Filling up the DagBag from /opt/airflow/dags/utils/__init__.py
[2025-12-05T02:47:56.751+0000] {processor.py:841} WARNING - No viable dags retrieved from /opt/airflow/dags/utils/__init__.py
[2025-12-05T02:47:56.763+0000] {processor.py:179} INFO - Processing /opt/airflow/dags/utils/__init__.py took 0.018 seconds
[2025-12-05T02:48:45.608+0000] {processor.py:157} INFO - Started process (PID=175) to work on /opt/airflow/dags/utils/__init__.py
[2025-12-05T02:48:45.609+0000] {processor.py:829} INFO - Processing file /opt/airflow/dags/utils/__init__.py for tasks to queue
[2025-12-05T02:48:45.609+0000] {logging_mixin.py:154} INFO - [2025-12-05T02:48:45.609+0000] {dagbag.py:536} INFO - Filling up the DagBag from /opt/airflow/dags/utils/__init__.py
[2025-12-05T02:48:45.612+0000] {processor.py:841} WARNING - No viable dags retrieved from /opt/airflow/dags/utils/__init__.py
[2025-12-05T02:48:45.625+0000] {processor.py:179} INFO - Processing /opt/airflow/dags/utils/__init__.py took 0.021 seconds
[2025-12-05T02:49:16.219+0000] {processor.py:157} INFO - Started process (PID=231) to work on /opt/airflow/dags/utils/__init__.py
[2025-12-05T02:49:16.220+0000] {processor.py:829} INFO - Processing file /opt/airflow/dags/utils/__init__.py for tasks to queue
[2025-12-05T02:49:16.220+0000] {logging_mixin.py:154} INFO - [2025-12-05T02:49:16.220+0000] {dagbag.py:536} INFO - Filling up the DagBag from /opt/airflow/dags/utils/__init__.py
[2025-12-05T02:49:16.222+0000] {processor.py:841} WARNING - No viable dags retrieved from /opt/airflow/dags/utils/__init__.py
[2025-12-05T02:49:16.232+0000] {processor.py:179} INFO - Processing /opt/airflow/dags/utils/__init__.py took 0.016 seconds
[2025-12-05T02:49:46.513+0000] {processor.py:157} INFO - Started process (PID=296) to work on /opt/airflow/dags/utils/__init__.py
[2025-12-05T02:49:46.514+0000] {processor.py:829} INFO - Processing file /opt/airflow/dags/utils/__init__.py for tasks to queue
[2025-12-05T02:49:46.514+0000] {logging_mixin.py:154} INFO - [2025-12-05T02:49:46.514+0000] {dagbag.py:536} INFO - Filling up the DagBag from /opt/airflow/dags/utils/__init__.py
[2025-12-05T02:49:46.516+0000] {processor.py:841} WARNING - No viable dags retrieved from /opt/airflow/dags/utils/__init__.py
[2025-12-05T02:49:46.527+0000] {processor.py:179} INFO - Processing /opt/airflow/dags/utils/__init__.py took 0.016 seconds
[2025-12-05T02:50:46.663+0000] {processor.py:157} INFO - Started process (PID=175) to work on /opt/airflow/dags/utils/__init__.py
[2025-12-05T02:50:46.664+0000] {processor.py:829} INFO - Processing file /opt/airflow/dags/utils/__init__.py for tasks to queue
[2025-12-05T02:50:46.665+0000] {logging_mixin.py:154} INFO - [2025-12-05T02:50:46.664+0000] {dagbag.py:536} INFO - Filling up the DagBag from /opt/airflow/dags/utils/__init__.py
[2025-12-05T02:50:46.667+0000] {processor.py:841} WARNING - No viable dags retrieved from /opt/airflow/dags/utils/__init__.py
[2025-12-05T02:50:46.678+0000] {processor.py:179} INFO - Processing /opt/airflow/dags/utils/__init__.py took 0.019 seconds
[2025-12-05T02:51:17.589+0000] {processor.py:157} INFO - Started process (PID=231) to work on /opt/airflow/dags/utils/__init__.py
[2025-12-05T02:51:17.590+0000] {processor.py:829} INFO - Processing file /opt/airflow/dags/utils/__init__.py for tasks to queue
[2025-12-05T02:51:17.590+0000] {logging_mixin.py:154} INFO - [2025-12-05T02:51:17.590+0000] {dagbag.py:536} INFO - Filling up the DagBag from /opt/airflow/dags/utils/__init__.py
[2025-12-05T02:51:17.592+0000] {processor.py:841} WARNING - No viable dags retrieved from /opt/airflow/dags/utils/__init__.py
[2025-12-05T02:51:17.604+0000] {processor.py:179} INFO - Processing /opt/airflow/dags/utils/__init__.py took 0.018 seconds
[2025-12-05T02:51:47.808+0000] {processor.py:157} INFO - Started process (PID=314) to work on /opt/airflow/dags/utils/__init__.py
[2025-12-05T02:51:47.809+0000] {processor.py:829} INFO - Processing file /opt/airflow/dags/utils/__init__.py for tasks to queue
[2025-12-05T02:51:47.810+0000] {logging_mixin.py:154} INFO - [2025-12-05T02:51:47.810+0000] {dagbag.py:536} INFO - Filling up the DagBag from /opt/airflow/dags/utils/__init__.py
[2025-12-05T02:51:47.811+0000] {processor.py:841} WARNING - No viable dags retrieved from /opt/airflow/dags/utils/__init__.py
[2025-12-05T02:51:47.824+0000] {processor.py:179} INFO - Processing /opt/airflow/dags/utils/__init__.py took 0.019 seconds
[2025-12-05T02:52:18.021+0000] {processor.py:157} INFO - Started process (PID=379) to work on /opt/airflow/dags/utils/__init__.py
[2025-12-05T02:52:18.022+0000] {processor.py:829} INFO - Processing file /opt/airflow/dags/utils/__init__.py for tasks to queue
[2025-12-05T02:52:18.022+0000] {logging_mixin.py:154} INFO - [2025-12-05T02:52:18.022+0000] {dagbag.py:536} INFO - Filling up the DagBag from /opt/airflow/dags/utils/__init__.py
[2025-12-05T02:52:18.024+0000] {processor.py:841} WARNING - No viable dags retrieved from /opt/airflow/dags/utils/__init__.py
[2025-12-05T02:52:18.037+0000] {processor.py:179} INFO - Processing /opt/airflow/dags/utils/__init__.py took 0.019 seconds
[2025-12-05T02:52:48.263+0000] {processor.py:157} INFO - Started process (PID=810) to work on /opt/airflow/dags/utils/__init__.py
[2025-12-05T02:52:48.270+0000] {processor.py:829} INFO - Processing file /opt/airflow/dags/utils/__init__.py for tasks to queue
[2025-12-05T02:52:48.270+0000] {logging_mixin.py:154} INFO - [2025-12-05T02:52:48.270+0000] {dagbag.py:536} INFO - Filling up the DagBag from /opt/airflow/dags/utils/__init__.py
[2025-12-05T02:52:48.279+0000] {processor.py:841} WARNING - No viable dags retrieved from /opt/airflow/dags/utils/__init__.py
[2025-12-05T02:52:48.304+0000] {processor.py:179} INFO - Processing /opt/airflow/dags/utils/__init__.py took 0.046 seconds
[2025-12-05T02:53:18.937+0000] {processor.py:157} INFO - Started process (PID=880) to work on /opt/airflow/dags/utils/__init__.py
[2025-12-05T02:53:18.944+0000] {processor.py:829} INFO - Processing file /opt/airflow/dags/utils/__init__.py for tasks to queue
[2025-12-05T02:53:18.945+0000] {logging_mixin.py:154} INFO - [2025-12-05T02:53:18.945+0000] {dagbag.py:536} INFO - Filling up the DagBag from /opt/airflow/dags/utils/__init__.py
[2025-12-05T02:53:18.947+0000] {processor.py:841} WARNING - No viable dags retrieved from /opt/airflow/dags/utils/__init__.py
[2025-12-05T02:53:18.960+0000] {processor.py:179} INFO - Processing /opt/airflow/dags/utils/__init__.py took 0.035 seconds
[2025-12-05T02:53:49.775+0000] {processor.py:157} INFO - Started process (PID=939) to work on /opt/airflow/dags/utils/__init__.py
[2025-12-05T02:53:49.779+0000] {processor.py:829} INFO - Processing file /opt/airflow/dags/utils/__init__.py for tasks to queue
[2025-12-05T02:53:49.780+0000] {logging_mixin.py:154} INFO - [2025-12-05T02:53:49.780+0000] {dagbag.py:536} INFO - Filling up the DagBag from /opt/airflow/dags/utils/__init__.py
[2025-12-05T02:53:49.782+0000] {processor.py:841} WARNING - No viable dags retrieved from /opt/airflow/dags/utils/__init__.py
[2025-12-05T02:53:49.800+0000] {processor.py:179} INFO - Processing /opt/airflow/dags/utils/__init__.py took 0.029 seconds
[2025-12-05T02:54:20.332+0000] {processor.py:157} INFO - Started process (PID=1020) to work on /opt/airflow/dags/utils/__init__.py
[2025-12-05T02:54:20.333+0000] {processor.py:829} INFO - Processing file /opt/airflow/dags/utils/__init__.py for tasks to queue
[2025-12-05T02:54:20.334+0000] {logging_mixin.py:154} INFO - [2025-12-05T02:54:20.333+0000] {dagbag.py:536} INFO - Filling up the DagBag from /opt/airflow/dags/utils/__init__.py
[2025-12-05T02:54:20.336+0000] {processor.py:841} WARNING - No viable dags retrieved from /opt/airflow/dags/utils/__init__.py
[2025-12-05T02:54:20.349+0000] {processor.py:179} INFO - Processing /opt/airflow/dags/utils/__init__.py took 0.021 seconds
[2025-12-05T02:54:50.412+0000] {processor.py:157} INFO - Started process (PID=1103) to work on /opt/airflow/dags/utils/__init__.py
[2025-12-05T02:54:50.413+0000] {processor.py:829} INFO - Processing file /opt/airflow/dags/utils/__init__.py for tasks to queue
[2025-12-05T02:54:50.414+0000] {logging_mixin.py:154} INFO - [2025-12-05T02:54:50.414+0000] {dagbag.py:536} INFO - Filling up the DagBag from /opt/airflow/dags/utils/__init__.py
[2025-12-05T02:54:50.415+0000] {processor.py:841} WARNING - No viable dags retrieved from /opt/airflow/dags/utils/__init__.py
[2025-12-05T02:54:50.428+0000] {processor.py:179} INFO - Processing /opt/airflow/dags/utils/__init__.py took 0.019 seconds
[2025-12-05T02:55:20.748+0000] {processor.py:157} INFO - Started process (PID=1155) to work on /opt/airflow/dags/utils/__init__.py
[2025-12-05T02:55:20.749+0000] {processor.py:829} INFO - Processing file /opt/airflow/dags/utils/__init__.py for tasks to queue
[2025-12-05T02:55:20.749+0000] {logging_mixin.py:154} INFO - [2025-12-05T02:55:20.749+0000] {dagbag.py:536} INFO - Filling up the DagBag from /opt/airflow/dags/utils/__init__.py
[2025-12-05T02:55:20.751+0000] {processor.py:841} WARNING - No viable dags retrieved from /opt/airflow/dags/utils/__init__.py
[2025-12-05T02:55:20.764+0000] {processor.py:179} INFO - Processing /opt/airflow/dags/utils/__init__.py took 0.019 seconds
[2025-12-05T02:55:50.998+0000] {processor.py:157} INFO - Started process (PID=1232) to work on /opt/airflow/dags/utils/__init__.py
[2025-12-05T02:55:50.999+0000] {processor.py:829} INFO - Processing file /opt/airflow/dags/utils/__init__.py for tasks to queue
[2025-12-05T02:55:51.000+0000] {logging_mixin.py:154} INFO - [2025-12-05T02:55:51.000+0000] {dagbag.py:536} INFO - Filling up the DagBag from /opt/airflow/dags/utils/__init__.py
[2025-12-05T02:55:51.002+0000] {processor.py:841} WARNING - No viable dags retrieved from /opt/airflow/dags/utils/__init__.py
[2025-12-05T02:55:51.012+0000] {processor.py:179} INFO - Processing /opt/airflow/dags/utils/__init__.py took 0.016 seconds
[2025-12-05T02:56:21.225+0000] {processor.py:157} INFO - Started process (PID=1291) to work on /opt/airflow/dags/utils/__init__.py
[2025-12-05T02:56:21.226+0000] {processor.py:829} INFO - Processing file /opt/airflow/dags/utils/__init__.py for tasks to queue
[2025-12-05T02:56:21.227+0000] {logging_mixin.py:154} INFO - [2025-12-05T02:56:21.226+0000] {dagbag.py:536} INFO - Filling up the DagBag from /opt/airflow/dags/utils/__init__.py
[2025-12-05T02:56:21.229+0000] {processor.py:841} WARNING - No viable dags retrieved from /opt/airflow/dags/utils/__init__.py
[2025-12-05T02:56:21.241+0000] {processor.py:179} INFO - Processing /opt/airflow/dags/utils/__init__.py took 0.021 seconds
[2025-12-05T02:57:25.757+0000] {processor.py:157} INFO - Started process (PID=182) to work on /opt/airflow/dags/utils/__init__.py
[2025-12-05T02:57:25.758+0000] {processor.py:829} INFO - Processing file /opt/airflow/dags/utils/__init__.py for tasks to queue
[2025-12-05T02:57:25.759+0000] {logging_mixin.py:154} INFO - [2025-12-05T02:57:25.759+0000] {dagbag.py:536} INFO - Filling up the DagBag from /opt/airflow/dags/utils/__init__.py
[2025-12-05T02:57:25.763+0000] {processor.py:841} WARNING - No viable dags retrieved from /opt/airflow/dags/utils/__init__.py
[2025-12-05T02:57:25.783+0000] {processor.py:179} INFO - Processing /opt/airflow/dags/utils/__init__.py took 0.033 seconds
[2025-12-05T02:57:56.692+0000] {processor.py:157} INFO - Started process (PID=238) to work on /opt/airflow/dags/utils/__init__.py
[2025-12-05T02:57:56.693+0000] {processor.py:829} INFO - Processing file /opt/airflow/dags/utils/__init__.py for tasks to queue
[2025-12-05T02:57:56.694+0000] {logging_mixin.py:154} INFO - [2025-12-05T02:57:56.693+0000] {dagbag.py:536} INFO - Filling up the DagBag from /opt/airflow/dags/utils/__init__.py
[2025-12-05T02:57:56.695+0000] {processor.py:841} WARNING - No viable dags retrieved from /opt/airflow/dags/utils/__init__.py
[2025-12-05T02:57:56.707+0000] {processor.py:179} INFO - Processing /opt/airflow/dags/utils/__init__.py took 0.017 seconds
[2025-12-05T02:58:27.665+0000] {processor.py:157} INFO - Started process (PID=643) to work on /opt/airflow/dags/utils/__init__.py
[2025-12-05T02:58:27.666+0000] {processor.py:829} INFO - Processing file /opt/airflow/dags/utils/__init__.py for tasks to queue
[2025-12-05T02:58:27.667+0000] {logging_mixin.py:154} INFO - [2025-12-05T02:58:27.666+0000] {dagbag.py:536} INFO - Filling up the DagBag from /opt/airflow/dags/utils/__init__.py
[2025-12-05T02:58:27.669+0000] {processor.py:841} WARNING - No viable dags retrieved from /opt/airflow/dags/utils/__init__.py
[2025-12-05T02:58:27.693+0000] {processor.py:179} INFO - Processing /opt/airflow/dags/utils/__init__.py took 0.031 seconds
[2025-12-05T02:58:58.434+0000] {processor.py:157} INFO - Started process (PID=733) to work on /opt/airflow/dags/utils/__init__.py
[2025-12-05T02:58:58.435+0000] {processor.py:829} INFO - Processing file /opt/airflow/dags/utils/__init__.py for tasks to queue
[2025-12-05T02:58:58.436+0000] {logging_mixin.py:154} INFO - [2025-12-05T02:58:58.436+0000] {dagbag.py:536} INFO - Filling up the DagBag from /opt/airflow/dags/utils/__init__.py
[2025-12-05T02:58:58.438+0000] {processor.py:841} WARNING - No viable dags retrieved from /opt/airflow/dags/utils/__init__.py
[2025-12-05T02:58:58.450+0000] {processor.py:179} INFO - Processing /opt/airflow/dags/utils/__init__.py took 0.019 seconds
[2025-12-05T02:59:28.745+0000] {processor.py:157} INFO - Started process (PID=878) to work on /opt/airflow/dags/utils/__init__.py
[2025-12-05T02:59:28.746+0000] {processor.py:829} INFO - Processing file /opt/airflow/dags/utils/__init__.py for tasks to queue
[2025-12-05T02:59:28.746+0000] {logging_mixin.py:154} INFO - [2025-12-05T02:59:28.746+0000] {dagbag.py:536} INFO - Filling up the DagBag from /opt/airflow/dags/utils/__init__.py
[2025-12-05T02:59:28.748+0000] {processor.py:841} WARNING - No viable dags retrieved from /opt/airflow/dags/utils/__init__.py
[2025-12-05T02:59:28.760+0000] {processor.py:179} INFO - Processing /opt/airflow/dags/utils/__init__.py took 0.018 seconds
[2025-12-05T02:59:58.997+0000] {processor.py:157} INFO - Started process (PID=939) to work on /opt/airflow/dags/utils/__init__.py
[2025-12-05T02:59:58.998+0000] {processor.py:829} INFO - Processing file /opt/airflow/dags/utils/__init__.py for tasks to queue
[2025-12-05T02:59:58.998+0000] {logging_mixin.py:154} INFO - [2025-12-05T02:59:58.998+0000] {dagbag.py:536} INFO - Filling up the DagBag from /opt/airflow/dags/utils/__init__.py
[2025-12-05T02:59:59.000+0000] {processor.py:841} WARNING - No viable dags retrieved from /opt/airflow/dags/utils/__init__.py
[2025-12-05T02:59:59.010+0000] {processor.py:179} INFO - Processing /opt/airflow/dags/utils/__init__.py took 0.016 seconds
[2025-12-05T03:00:29.232+0000] {processor.py:157} INFO - Started process (PID=998) to work on /opt/airflow/dags/utils/__init__.py
[2025-12-05T03:00:29.233+0000] {processor.py:829} INFO - Processing file /opt/airflow/dags/utils/__init__.py for tasks to queue
[2025-12-05T03:00:29.234+0000] {logging_mixin.py:154} INFO - [2025-12-05T03:00:29.233+0000] {dagbag.py:536} INFO - Filling up the DagBag from /opt/airflow/dags/utils/__init__.py
[2025-12-05T03:00:29.235+0000] {processor.py:841} WARNING - No viable dags retrieved from /opt/airflow/dags/utils/__init__.py
[2025-12-05T03:00:29.246+0000] {processor.py:179} INFO - Processing /opt/airflow/dags/utils/__init__.py took 0.017 seconds
[2025-12-05T03:00:59.502+0000] {processor.py:157} INFO - Started process (PID=1057) to work on /opt/airflow/dags/utils/__init__.py
[2025-12-05T03:00:59.504+0000] {processor.py:829} INFO - Processing file /opt/airflow/dags/utils/__init__.py for tasks to queue
[2025-12-05T03:00:59.504+0000] {logging_mixin.py:154} INFO - [2025-12-05T03:00:59.504+0000] {dagbag.py:536} INFO - Filling up the DagBag from /opt/airflow/dags/utils/__init__.py
[2025-12-05T03:00:59.507+0000] {processor.py:841} WARNING - No viable dags retrieved from /opt/airflow/dags/utils/__init__.py
[2025-12-05T03:00:59.521+0000] {processor.py:179} INFO - Processing /opt/airflow/dags/utils/__init__.py took 0.022 seconds
[2025-12-05T03:01:29.766+0000] {processor.py:157} INFO - Started process (PID=1116) to work on /opt/airflow/dags/utils/__init__.py
[2025-12-05T03:01:29.766+0000] {processor.py:829} INFO - Processing file /opt/airflow/dags/utils/__init__.py for tasks to queue
[2025-12-05T03:01:29.767+0000] {logging_mixin.py:154} INFO - [2025-12-05T03:01:29.767+0000] {dagbag.py:536} INFO - Filling up the DagBag from /opt/airflow/dags/utils/__init__.py
[2025-12-05T03:01:29.768+0000] {processor.py:841} WARNING - No viable dags retrieved from /opt/airflow/dags/utils/__init__.py
[2025-12-05T03:01:29.782+0000] {processor.py:179} INFO - Processing /opt/airflow/dags/utils/__init__.py took 0.019 seconds
[2025-12-05T03:01:59.995+0000] {processor.py:157} INFO - Started process (PID=1174) to work on /opt/airflow/dags/utils/__init__.py
[2025-12-05T03:01:59.996+0000] {processor.py:829} INFO - Processing file /opt/airflow/dags/utils/__init__.py for tasks to queue
[2025-12-05T03:01:59.997+0000] {logging_mixin.py:154} INFO - [2025-12-05T03:01:59.997+0000] {dagbag.py:536} INFO - Filling up the DagBag from /opt/airflow/dags/utils/__init__.py
[2025-12-05T03:01:59.999+0000] {processor.py:841} WARNING - No viable dags retrieved from /opt/airflow/dags/utils/__init__.py
[2025-12-05T03:02:00.014+0000] {processor.py:179} INFO - Processing /opt/airflow/dags/utils/__init__.py took 0.024 seconds
[2025-12-05T03:02:30.937+0000] {processor.py:157} INFO - Started process (PID=1240) to work on /opt/airflow/dags/utils/__init__.py
[2025-12-05T03:02:30.938+0000] {processor.py:829} INFO - Processing file /opt/airflow/dags/utils/__init__.py for tasks to queue
[2025-12-05T03:02:30.938+0000] {logging_mixin.py:154} INFO - [2025-12-05T03:02:30.938+0000] {dagbag.py:536} INFO - Filling up the DagBag from /opt/airflow/dags/utils/__init__.py
[2025-12-05T03:02:30.940+0000] {processor.py:841} WARNING - No viable dags retrieved from /opt/airflow/dags/utils/__init__.py
[2025-12-05T03:02:30.951+0000] {processor.py:179} INFO - Processing /opt/airflow/dags/utils/__init__.py took 0.017 seconds
[2025-12-05T03:03:01.148+0000] {processor.py:157} INFO - Started process (PID=1298) to work on /opt/airflow/dags/utils/__init__.py
[2025-12-05T03:03:01.149+0000] {processor.py:829} INFO - Processing file /opt/airflow/dags/utils/__init__.py for tasks to queue
[2025-12-05T03:03:01.150+0000] {logging_mixin.py:154} INFO - [2025-12-05T03:03:01.150+0000] {dagbag.py:536} INFO - Filling up the DagBag from /opt/airflow/dags/utils/__init__.py
[2025-12-05T03:03:01.152+0000] {processor.py:841} WARNING - No viable dags retrieved from /opt/airflow/dags/utils/__init__.py
[2025-12-05T03:03:01.164+0000] {processor.py:179} INFO - Processing /opt/airflow/dags/utils/__init__.py took 0.019 seconds
[2025-12-05T03:03:31.476+0000] {processor.py:157} INFO - Started process (PID=1424) to work on /opt/airflow/dags/utils/__init__.py
[2025-12-05T03:03:31.477+0000] {processor.py:829} INFO - Processing file /opt/airflow/dags/utils/__init__.py for tasks to queue
[2025-12-05T03:03:31.481+0000] {logging_mixin.py:154} INFO - [2025-12-05T03:03:31.481+0000] {dagbag.py:536} INFO - Filling up the DagBag from /opt/airflow/dags/utils/__init__.py
[2025-12-05T03:03:31.484+0000] {processor.py:841} WARNING - No viable dags retrieved from /opt/airflow/dags/utils/__init__.py
[2025-12-05T03:03:31.502+0000] {processor.py:179} INFO - Processing /opt/airflow/dags/utils/__init__.py took 0.029 seconds
[2025-12-05T03:04:01.836+0000] {processor.py:157} INFO - Started process (PID=1525) to work on /opt/airflow/dags/utils/__init__.py
[2025-12-05T03:04:01.837+0000] {processor.py:829} INFO - Processing file /opt/airflow/dags/utils/__init__.py for tasks to queue
[2025-12-05T03:04:01.838+0000] {logging_mixin.py:154} INFO - [2025-12-05T03:04:01.838+0000] {dagbag.py:536} INFO - Filling up the DagBag from /opt/airflow/dags/utils/__init__.py
[2025-12-05T03:04:01.840+0000] {processor.py:841} WARNING - No viable dags retrieved from /opt/airflow/dags/utils/__init__.py
[2025-12-05T03:04:01.852+0000] {processor.py:179} INFO - Processing /opt/airflow/dags/utils/__init__.py took 0.019 seconds
[2025-12-05T03:04:32.354+0000] {processor.py:157} INFO - Started process (PID=1669) to work on /opt/airflow/dags/utils/__init__.py
[2025-12-05T03:04:32.355+0000] {processor.py:829} INFO - Processing file /opt/airflow/dags/utils/__init__.py for tasks to queue
[2025-12-05T03:04:32.356+0000] {logging_mixin.py:154} INFO - [2025-12-05T03:04:32.356+0000] {dagbag.py:536} INFO - Filling up the DagBag from /opt/airflow/dags/utils/__init__.py
[2025-12-05T03:04:32.358+0000] {processor.py:841} WARNING - No viable dags retrieved from /opt/airflow/dags/utils/__init__.py
[2025-12-05T03:04:32.370+0000] {processor.py:179} INFO - Processing /opt/airflow/dags/utils/__init__.py took 0.019 seconds
[2025-12-05T03:05:02.565+0000] {processor.py:157} INFO - Started process (PID=1728) to work on /opt/airflow/dags/utils/__init__.py
[2025-12-05T03:05:02.565+0000] {processor.py:829} INFO - Processing file /opt/airflow/dags/utils/__init__.py for tasks to queue
[2025-12-05T03:05:02.566+0000] {logging_mixin.py:154} INFO - [2025-12-05T03:05:02.566+0000] {dagbag.py:536} INFO - Filling up the DagBag from /opt/airflow/dags/utils/__init__.py
[2025-12-05T03:05:02.568+0000] {processor.py:841} WARNING - No viable dags retrieved from /opt/airflow/dags/utils/__init__.py
[2025-12-05T03:05:02.578+0000] {processor.py:179} INFO - Processing /opt/airflow/dags/utils/__init__.py took 0.017 seconds
[2025-12-05T03:07:04.278+0000] {processor.py:157} INFO - Started process (PID=175) to work on /opt/airflow/dags/utils/__init__.py
[2025-12-05T03:07:04.279+0000] {processor.py:829} INFO - Processing file /opt/airflow/dags/utils/__init__.py for tasks to queue
[2025-12-05T03:07:04.280+0000] {logging_mixin.py:154} INFO - [2025-12-05T03:07:04.279+0000] {dagbag.py:536} INFO - Filling up the DagBag from /opt/airflow/dags/utils/__init__.py
[2025-12-05T03:07:04.283+0000] {processor.py:841} WARNING - No viable dags retrieved from /opt/airflow/dags/utils/__init__.py
[2025-12-05T03:07:04.302+0000] {processor.py:179} INFO - Processing /opt/airflow/dags/utils/__init__.py took 0.029 seconds
[2025-12-05T03:07:34.359+0000] {processor.py:157} INFO - Started process (PID=231) to work on /opt/airflow/dags/utils/__init__.py
[2025-12-05T03:07:34.360+0000] {processor.py:829} INFO - Processing file /opt/airflow/dags/utils/__init__.py for tasks to queue
[2025-12-05T03:07:34.360+0000] {logging_mixin.py:154} INFO - [2025-12-05T03:07:34.360+0000] {dagbag.py:536} INFO - Filling up the DagBag from /opt/airflow/dags/utils/__init__.py
[2025-12-05T03:07:34.362+0000] {processor.py:841} WARNING - No viable dags retrieved from /opt/airflow/dags/utils/__init__.py
[2025-12-05T03:07:34.373+0000] {processor.py:179} INFO - Processing /opt/airflow/dags/utils/__init__.py took 0.017 seconds
[2025-12-05T03:08:04.577+0000] {processor.py:157} INFO - Started process (PID=325) to work on /opt/airflow/dags/utils/__init__.py
[2025-12-05T03:08:04.578+0000] {processor.py:829} INFO - Processing file /opt/airflow/dags/utils/__init__.py for tasks to queue
[2025-12-05T03:08:04.579+0000] {logging_mixin.py:154} INFO - [2025-12-05T03:08:04.578+0000] {dagbag.py:536} INFO - Filling up the DagBag from /opt/airflow/dags/utils/__init__.py
[2025-12-05T03:08:04.581+0000] {processor.py:841} WARNING - No viable dags retrieved from /opt/airflow/dags/utils/__init__.py
[2025-12-05T03:08:04.592+0000] {processor.py:179} INFO - Processing /opt/airflow/dags/utils/__init__.py took 0.019 seconds
[2025-12-05T03:08:34.787+0000] {processor.py:157} INFO - Started process (PID=629) to work on /opt/airflow/dags/utils/__init__.py
[2025-12-05T03:08:34.788+0000] {processor.py:829} INFO - Processing file /opt/airflow/dags/utils/__init__.py for tasks to queue
[2025-12-05T03:08:34.789+0000] {logging_mixin.py:154} INFO - [2025-12-05T03:08:34.789+0000] {dagbag.py:536} INFO - Filling up the DagBag from /opt/airflow/dags/utils/__init__.py
[2025-12-05T03:08:34.791+0000] {processor.py:841} WARNING - No viable dags retrieved from /opt/airflow/dags/utils/__init__.py
[2025-12-05T03:08:34.803+0000] {processor.py:179} INFO - Processing /opt/airflow/dags/utils/__init__.py took 0.018 seconds
[2025-12-05T03:09:05.218+0000] {processor.py:157} INFO - Started process (PID=829) to work on /opt/airflow/dags/utils/__init__.py
[2025-12-05T03:09:05.219+0000] {processor.py:829} INFO - Processing file /opt/airflow/dags/utils/__init__.py for tasks to queue
[2025-12-05T03:09:05.221+0000] {logging_mixin.py:154} INFO - [2025-12-05T03:09:05.220+0000] {dagbag.py:536} INFO - Filling up the DagBag from /opt/airflow/dags/utils/__init__.py
[2025-12-05T03:09:05.225+0000] {processor.py:841} WARNING - No viable dags retrieved from /opt/airflow/dags/utils/__init__.py
[2025-12-05T03:09:05.239+0000] {processor.py:179} INFO - Processing /opt/airflow/dags/utils/__init__.py took 0.029 seconds
[2025-12-05T03:09:35.870+0000] {processor.py:157} INFO - Started process (PID=906) to work on /opt/airflow/dags/utils/__init__.py
[2025-12-05T03:09:35.876+0000] {processor.py:829} INFO - Processing file /opt/airflow/dags/utils/__init__.py for tasks to queue
[2025-12-05T03:09:35.877+0000] {logging_mixin.py:154} INFO - [2025-12-05T03:09:35.877+0000] {dagbag.py:536} INFO - Filling up the DagBag from /opt/airflow/dags/utils/__init__.py
[2025-12-05T03:09:35.880+0000] {processor.py:841} WARNING - No viable dags retrieved from /opt/airflow/dags/utils/__init__.py
[2025-12-05T03:09:35.900+0000] {processor.py:179} INFO - Processing /opt/airflow/dags/utils/__init__.py took 0.033 seconds
[2025-12-05T03:10:16.992+0000] {processor.py:157} INFO - Started process (PID=175) to work on /opt/airflow/dags/utils/__init__.py
[2025-12-05T03:10:16.993+0000] {processor.py:829} INFO - Processing file /opt/airflow/dags/utils/__init__.py for tasks to queue
[2025-12-05T03:10:16.993+0000] {logging_mixin.py:154} INFO - [2025-12-05T03:10:16.993+0000] {dagbag.py:536} INFO - Filling up the DagBag from /opt/airflow/dags/utils/__init__.py
[2025-12-05T03:10:16.995+0000] {processor.py:841} WARNING - No viable dags retrieved from /opt/airflow/dags/utils/__init__.py
[2025-12-05T03:10:17.008+0000] {processor.py:179} INFO - Processing /opt/airflow/dags/utils/__init__.py took 0.019 seconds
[2025-12-05T03:10:47.919+0000] {processor.py:157} INFO - Started process (PID=231) to work on /opt/airflow/dags/utils/__init__.py
[2025-12-05T03:10:47.920+0000] {processor.py:829} INFO - Processing file /opt/airflow/dags/utils/__init__.py for tasks to queue
[2025-12-05T03:10:47.920+0000] {logging_mixin.py:154} INFO - [2025-12-05T03:10:47.920+0000] {dagbag.py:536} INFO - Filling up the DagBag from /opt/airflow/dags/utils/__init__.py
[2025-12-05T03:10:47.922+0000] {processor.py:841} WARNING - No viable dags retrieved from /opt/airflow/dags/utils/__init__.py
[2025-12-05T03:10:47.932+0000] {processor.py:179} INFO - Processing /opt/airflow/dags/utils/__init__.py took 0.016 seconds
[2025-12-05T03:11:18.215+0000] {processor.py:157} INFO - Started process (PID=290) to work on /opt/airflow/dags/utils/__init__.py
[2025-12-05T03:11:18.223+0000] {processor.py:829} INFO - Processing file /opt/airflow/dags/utils/__init__.py for tasks to queue
[2025-12-05T03:11:18.224+0000] {logging_mixin.py:154} INFO - [2025-12-05T03:11:18.223+0000] {dagbag.py:536} INFO - Filling up the DagBag from /opt/airflow/dags/utils/__init__.py
[2025-12-05T03:11:18.225+0000] {processor.py:841} WARNING - No viable dags retrieved from /opt/airflow/dags/utils/__init__.py
[2025-12-05T03:11:18.238+0000] {processor.py:179} INFO - Processing /opt/airflow/dags/utils/__init__.py took 0.027 seconds
[2025-12-05T03:11:48.484+0000] {processor.py:157} INFO - Started process (PID=372) to work on /opt/airflow/dags/utils/__init__.py
[2025-12-05T03:11:48.485+0000] {processor.py:829} INFO - Processing file /opt/airflow/dags/utils/__init__.py for tasks to queue
[2025-12-05T03:11:48.486+0000] {logging_mixin.py:154} INFO - [2025-12-05T03:11:48.485+0000] {dagbag.py:536} INFO - Filling up the DagBag from /opt/airflow/dags/utils/__init__.py
[2025-12-05T03:11:48.488+0000] {processor.py:841} WARNING - No viable dags retrieved from /opt/airflow/dags/utils/__init__.py
[2025-12-05T03:11:48.500+0000] {processor.py:179} INFO - Processing /opt/airflow/dags/utils/__init__.py took 0.019 seconds
[2025-12-05T03:12:18.780+0000] {processor.py:157} INFO - Started process (PID=443) to work on /opt/airflow/dags/utils/__init__.py
[2025-12-05T03:12:18.781+0000] {processor.py:829} INFO - Processing file /opt/airflow/dags/utils/__init__.py for tasks to queue
[2025-12-05T03:12:18.782+0000] {logging_mixin.py:154} INFO - [2025-12-05T03:12:18.782+0000] {dagbag.py:536} INFO - Filling up the DagBag from /opt/airflow/dags/utils/__init__.py
[2025-12-05T03:12:18.784+0000] {processor.py:841} WARNING - No viable dags retrieved from /opt/airflow/dags/utils/__init__.py
[2025-12-05T03:12:18.795+0000] {processor.py:179} INFO - Processing /opt/airflow/dags/utils/__init__.py took 0.017 seconds
[2025-12-05T03:12:49.129+0000] {processor.py:157} INFO - Started process (PID=543) to work on /opt/airflow/dags/utils/__init__.py
[2025-12-05T03:12:49.130+0000] {processor.py:829} INFO - Processing file /opt/airflow/dags/utils/__init__.py for tasks to queue
[2025-12-05T03:12:49.130+0000] {logging_mixin.py:154} INFO - [2025-12-05T03:12:49.130+0000] {dagbag.py:536} INFO - Filling up the DagBag from /opt/airflow/dags/utils/__init__.py
[2025-12-05T03:12:49.132+0000] {processor.py:841} WARNING - No viable dags retrieved from /opt/airflow/dags/utils/__init__.py
[2025-12-05T03:12:49.142+0000] {processor.py:179} INFO - Processing /opt/airflow/dags/utils/__init__.py took 0.016 seconds
[2025-12-05T03:13:19.420+0000] {processor.py:157} INFO - Started process (PID=619) to work on /opt/airflow/dags/utils/__init__.py
[2025-12-05T03:13:19.421+0000] {processor.py:829} INFO - Processing file /opt/airflow/dags/utils/__init__.py for tasks to queue
[2025-12-05T03:13:19.422+0000] {logging_mixin.py:154} INFO - [2025-12-05T03:13:19.422+0000] {dagbag.py:536} INFO - Filling up the DagBag from /opt/airflow/dags/utils/__init__.py
[2025-12-05T03:13:19.424+0000] {processor.py:841} WARNING - No viable dags retrieved from /opt/airflow/dags/utils/__init__.py
[2025-12-05T03:13:19.436+0000] {processor.py:179} INFO - Processing /opt/airflow/dags/utils/__init__.py took 0.019 seconds
[2025-12-05T03:13:49.612+0000] {processor.py:157} INFO - Started process (PID=706) to work on /opt/airflow/dags/utils/__init__.py
[2025-12-05T03:13:49.613+0000] {processor.py:829} INFO - Processing file /opt/airflow/dags/utils/__init__.py for tasks to queue
[2025-12-05T03:13:49.614+0000] {logging_mixin.py:154} INFO - [2025-12-05T03:13:49.613+0000] {dagbag.py:536} INFO - Filling up the DagBag from /opt/airflow/dags/utils/__init__.py
[2025-12-05T03:13:49.615+0000] {processor.py:841} WARNING - No viable dags retrieved from /opt/airflow/dags/utils/__init__.py
[2025-12-05T03:13:49.627+0000] {processor.py:179} INFO - Processing /opt/airflow/dags/utils/__init__.py took 0.018 seconds
[2025-12-05T03:14:20.432+0000] {processor.py:157} INFO - Started process (PID=842) to work on /opt/airflow/dags/utils/__init__.py
[2025-12-05T03:14:20.434+0000] {processor.py:829} INFO - Processing file /opt/airflow/dags/utils/__init__.py for tasks to queue
[2025-12-05T03:14:20.434+0000] {logging_mixin.py:154} INFO - [2025-12-05T03:14:20.434+0000] {dagbag.py:536} INFO - Filling up the DagBag from /opt/airflow/dags/utils/__init__.py
[2025-12-05T03:14:20.436+0000] {processor.py:841} WARNING - No viable dags retrieved from /opt/airflow/dags/utils/__init__.py
[2025-12-05T03:14:20.447+0000] {processor.py:179} INFO - Processing /opt/airflow/dags/utils/__init__.py took 0.019 seconds
[2025-12-05T03:15:05.876+0000] {processor.py:157} INFO - Started process (PID=175) to work on /opt/airflow/dags/utils/__init__.py
[2025-12-05T03:15:05.877+0000] {processor.py:829} INFO - Processing file /opt/airflow/dags/utils/__init__.py for tasks to queue
[2025-12-05T03:15:05.878+0000] {logging_mixin.py:154} INFO - [2025-12-05T03:15:05.878+0000] {dagbag.py:536} INFO - Filling up the DagBag from /opt/airflow/dags/utils/__init__.py
[2025-12-05T03:15:05.880+0000] {processor.py:841} WARNING - No viable dags retrieved from /opt/airflow/dags/utils/__init__.py
[2025-12-05T03:15:05.894+0000] {processor.py:179} INFO - Processing /opt/airflow/dags/utils/__init__.py took 0.022 seconds
[2025-12-05T03:15:36.033+0000] {processor.py:157} INFO - Started process (PID=231) to work on /opt/airflow/dags/utils/__init__.py
[2025-12-05T03:15:36.033+0000] {processor.py:829} INFO - Processing file /opt/airflow/dags/utils/__init__.py for tasks to queue
[2025-12-05T03:15:36.034+0000] {logging_mixin.py:154} INFO - [2025-12-05T03:15:36.034+0000] {dagbag.py:536} INFO - Filling up the DagBag from /opt/airflow/dags/utils/__init__.py
[2025-12-05T03:15:36.036+0000] {processor.py:841} WARNING - No viable dags retrieved from /opt/airflow/dags/utils/__init__.py
[2025-12-05T03:15:36.048+0000] {processor.py:179} INFO - Processing /opt/airflow/dags/utils/__init__.py took 0.018 seconds
[2025-12-05T03:16:06.274+0000] {processor.py:157} INFO - Started process (PID=313) to work on /opt/airflow/dags/utils/__init__.py
[2025-12-05T03:16:06.275+0000] {processor.py:829} INFO - Processing file /opt/airflow/dags/utils/__init__.py for tasks to queue
[2025-12-05T03:16:06.276+0000] {logging_mixin.py:154} INFO - [2025-12-05T03:16:06.276+0000] {dagbag.py:536} INFO - Filling up the DagBag from /opt/airflow/dags/utils/__init__.py
[2025-12-05T03:16:06.278+0000] {processor.py:841} WARNING - No viable dags retrieved from /opt/airflow/dags/utils/__init__.py
[2025-12-05T03:16:06.292+0000] {processor.py:179} INFO - Processing /opt/airflow/dags/utils/__init__.py took 0.021 seconds
[2025-12-05T03:16:36.482+0000] {processor.py:157} INFO - Started process (PID=638) to work on /opt/airflow/dags/utils/__init__.py
[2025-12-05T03:16:36.483+0000] {processor.py:829} INFO - Processing file /opt/airflow/dags/utils/__init__.py for tasks to queue
[2025-12-05T03:16:36.483+0000] {logging_mixin.py:154} INFO - [2025-12-05T03:16:36.483+0000] {dagbag.py:536} INFO - Filling up the DagBag from /opt/airflow/dags/utils/__init__.py
[2025-12-05T03:16:36.485+0000] {processor.py:841} WARNING - No viable dags retrieved from /opt/airflow/dags/utils/__init__.py
[2025-12-05T03:16:36.496+0000] {processor.py:179} INFO - Processing /opt/airflow/dags/utils/__init__.py took 0.017 seconds
[2025-12-05T03:17:07.178+0000] {processor.py:157} INFO - Started process (PID=829) to work on /opt/airflow/dags/utils/__init__.py
[2025-12-05T03:17:07.179+0000] {processor.py:829} INFO - Processing file /opt/airflow/dags/utils/__init__.py for tasks to queue
[2025-12-05T03:17:07.180+0000] {logging_mixin.py:154} INFO - [2025-12-05T03:17:07.180+0000] {dagbag.py:536} INFO - Filling up the DagBag from /opt/airflow/dags/utils/__init__.py
[2025-12-05T03:17:07.183+0000] {processor.py:841} WARNING - No viable dags retrieved from /opt/airflow/dags/utils/__init__.py
[2025-12-05T03:17:07.204+0000] {processor.py:179} INFO - Processing /opt/airflow/dags/utils/__init__.py took 0.030 seconds
[2025-12-05T03:17:37.721+0000] {processor.py:157} INFO - Started process (PID=865) to work on /opt/airflow/dags/utils/__init__.py
[2025-12-05T03:17:37.722+0000] {processor.py:829} INFO - Processing file /opt/airflow/dags/utils/__init__.py for tasks to queue
[2025-12-05T03:17:37.723+0000] {logging_mixin.py:154} INFO - [2025-12-05T03:17:37.722+0000] {dagbag.py:536} INFO - Filling up the DagBag from /opt/airflow/dags/utils/__init__.py
[2025-12-05T03:17:37.725+0000] {processor.py:841} WARNING - No viable dags retrieved from /opt/airflow/dags/utils/__init__.py
[2025-12-05T03:17:37.745+0000] {processor.py:179} INFO - Processing /opt/airflow/dags/utils/__init__.py took 0.028 seconds
[2025-12-05T03:18:16.366+0000] {processor.py:157} INFO - Started process (PID=176) to work on /opt/airflow/dags/utils/__init__.py
[2025-12-05T03:18:16.367+0000] {processor.py:829} INFO - Processing file /opt/airflow/dags/utils/__init__.py for tasks to queue
[2025-12-05T03:18:16.367+0000] {logging_mixin.py:154} INFO - [2025-12-05T03:18:16.367+0000] {dagbag.py:536} INFO - Filling up the DagBag from /opt/airflow/dags/utils/__init__.py
[2025-12-05T03:18:16.369+0000] {processor.py:841} WARNING - No viable dags retrieved from /opt/airflow/dags/utils/__init__.py
[2025-12-05T03:18:16.381+0000] {processor.py:179} INFO - Processing /opt/airflow/dags/utils/__init__.py took 0.018 seconds
[2025-12-05T03:18:46.418+0000] {processor.py:157} INFO - Started process (PID=234) to work on /opt/airflow/dags/utils/__init__.py
[2025-12-05T03:18:46.419+0000] {processor.py:829} INFO - Processing file /opt/airflow/dags/utils/__init__.py for tasks to queue
[2025-12-05T03:18:46.420+0000] {logging_mixin.py:154} INFO - [2025-12-05T03:18:46.420+0000] {dagbag.py:536} INFO - Filling up the DagBag from /opt/airflow/dags/utils/__init__.py
[2025-12-05T03:18:46.422+0000] {processor.py:841} WARNING - No viable dags retrieved from /opt/airflow/dags/utils/__init__.py
[2025-12-05T03:18:46.434+0000] {processor.py:179} INFO - Processing /opt/airflow/dags/utils/__init__.py took 0.018 seconds
[2025-12-05T03:19:17.358+0000] {processor.py:157} INFO - Started process (PID=374) to work on /opt/airflow/dags/utils/__init__.py
[2025-12-05T03:19:17.359+0000] {processor.py:829} INFO - Processing file /opt/airflow/dags/utils/__init__.py for tasks to queue
[2025-12-05T03:19:17.360+0000] {logging_mixin.py:154} INFO - [2025-12-05T03:19:17.359+0000] {dagbag.py:536} INFO - Filling up the DagBag from /opt/airflow/dags/utils/__init__.py
[2025-12-05T03:19:17.362+0000] {processor.py:841} WARNING - No viable dags retrieved from /opt/airflow/dags/utils/__init__.py
[2025-12-05T03:19:17.374+0000] {processor.py:179} INFO - Processing /opt/airflow/dags/utils/__init__.py took 0.020 seconds
[2025-12-05T03:19:47.446+0000] {processor.py:157} INFO - Started process (PID=557) to work on /opt/airflow/dags/utils/__init__.py
[2025-12-05T03:19:47.456+0000] {processor.py:829} INFO - Processing file /opt/airflow/dags/utils/__init__.py for tasks to queue
[2025-12-05T03:19:47.457+0000] {logging_mixin.py:154} INFO - [2025-12-05T03:19:47.456+0000] {dagbag.py:536} INFO - Filling up the DagBag from /opt/airflow/dags/utils/__init__.py
[2025-12-05T03:19:47.459+0000] {processor.py:841} WARNING - No viable dags retrieved from /opt/airflow/dags/utils/__init__.py
[2025-12-05T03:19:47.475+0000] {processor.py:179} INFO - Processing /opt/airflow/dags/utils/__init__.py took 0.033 seconds
[2025-12-05T03:20:17.719+0000] {processor.py:157} INFO - Started process (PID=616) to work on /opt/airflow/dags/utils/__init__.py
[2025-12-05T03:20:17.720+0000] {processor.py:829} INFO - Processing file /opt/airflow/dags/utils/__init__.py for tasks to queue
[2025-12-05T03:20:17.721+0000] {logging_mixin.py:154} INFO - [2025-12-05T03:20:17.721+0000] {dagbag.py:536} INFO - Filling up the DagBag from /opt/airflow/dags/utils/__init__.py
[2025-12-05T03:20:17.723+0000] {processor.py:841} WARNING - No viable dags retrieved from /opt/airflow/dags/utils/__init__.py
[2025-12-05T03:20:17.736+0000] {processor.py:179} INFO - Processing /opt/airflow/dags/utils/__init__.py took 0.021 seconds
[2025-12-05T03:20:47.973+0000] {processor.py:157} INFO - Started process (PID=779) to work on /opt/airflow/dags/utils/__init__.py
[2025-12-05T03:20:47.974+0000] {processor.py:829} INFO - Processing file /opt/airflow/dags/utils/__init__.py for tasks to queue
[2025-12-05T03:20:47.975+0000] {logging_mixin.py:154} INFO - [2025-12-05T03:20:47.975+0000] {dagbag.py:536} INFO - Filling up the DagBag from /opt/airflow/dags/utils/__init__.py
[2025-12-05T03:20:47.976+0000] {processor.py:841} WARNING - No viable dags retrieved from /opt/airflow/dags/utils/__init__.py
[2025-12-05T03:20:47.988+0000] {processor.py:179} INFO - Processing /opt/airflow/dags/utils/__init__.py took 0.018 seconds
[2025-12-05T03:21:18.177+0000] {processor.py:157} INFO - Started process (PID=838) to work on /opt/airflow/dags/utils/__init__.py
[2025-12-05T03:21:18.178+0000] {processor.py:829} INFO - Processing file /opt/airflow/dags/utils/__init__.py for tasks to queue
[2025-12-05T03:21:18.179+0000] {logging_mixin.py:154} INFO - [2025-12-05T03:21:18.179+0000] {dagbag.py:536} INFO - Filling up the DagBag from /opt/airflow/dags/utils/__init__.py
[2025-12-05T03:21:18.181+0000] {processor.py:841} WARNING - No viable dags retrieved from /opt/airflow/dags/utils/__init__.py
[2025-12-05T03:21:18.192+0000] {processor.py:179} INFO - Processing /opt/airflow/dags/utils/__init__.py took 0.017 seconds
[2025-12-05T03:21:48.389+0000] {processor.py:157} INFO - Started process (PID=903) to work on /opt/airflow/dags/utils/__init__.py
[2025-12-05T03:21:48.389+0000] {processor.py:829} INFO - Processing file /opt/airflow/dags/utils/__init__.py for tasks to queue
[2025-12-05T03:21:48.390+0000] {logging_mixin.py:154} INFO - [2025-12-05T03:21:48.390+0000] {dagbag.py:536} INFO - Filling up the DagBag from /opt/airflow/dags/utils/__init__.py
[2025-12-05T03:21:48.391+0000] {processor.py:841} WARNING - No viable dags retrieved from /opt/airflow/dags/utils/__init__.py
[2025-12-05T03:21:48.402+0000] {processor.py:179} INFO - Processing /opt/airflow/dags/utils/__init__.py took 0.016 seconds
[2025-12-05T03:22:18.610+0000] {processor.py:157} INFO - Started process (PID=963) to work on /opt/airflow/dags/utils/__init__.py
[2025-12-05T03:22:18.611+0000] {processor.py:829} INFO - Processing file /opt/airflow/dags/utils/__init__.py for tasks to queue
[2025-12-05T03:22:18.611+0000] {logging_mixin.py:154} INFO - [2025-12-05T03:22:18.611+0000] {dagbag.py:536} INFO - Filling up the DagBag from /opt/airflow/dags/utils/__init__.py
[2025-12-05T03:22:18.613+0000] {processor.py:841} WARNING - No viable dags retrieved from /opt/airflow/dags/utils/__init__.py
[2025-12-05T03:22:18.623+0000] {processor.py:179} INFO - Processing /opt/airflow/dags/utils/__init__.py took 0.015 seconds
[2025-12-05T03:22:48.777+0000] {processor.py:157} INFO - Started process (PID=1022) to work on /opt/airflow/dags/utils/__init__.py
[2025-12-05T03:22:48.778+0000] {processor.py:829} INFO - Processing file /opt/airflow/dags/utils/__init__.py for tasks to queue
[2025-12-05T03:22:48.778+0000] {logging_mixin.py:154} INFO - [2025-12-05T03:22:48.778+0000] {dagbag.py:536} INFO - Filling up the DagBag from /opt/airflow/dags/utils/__init__.py
[2025-12-05T03:22:48.780+0000] {processor.py:841} WARNING - No viable dags retrieved from /opt/airflow/dags/utils/__init__.py
[2025-12-05T03:22:48.791+0000] {processor.py:179} INFO - Processing /opt/airflow/dags/utils/__init__.py took 0.017 seconds
[2025-12-05T03:23:19.041+0000] {processor.py:157} INFO - Started process (PID=1271) to work on /opt/airflow/dags/utils/__init__.py
[2025-12-05T03:23:19.042+0000] {processor.py:829} INFO - Processing file /opt/airflow/dags/utils/__init__.py for tasks to queue
[2025-12-05T03:23:19.043+0000] {logging_mixin.py:154} INFO - [2025-12-05T03:23:19.043+0000] {dagbag.py:536} INFO - Filling up the DagBag from /opt/airflow/dags/utils/__init__.py
[2025-12-05T03:23:19.045+0000] {processor.py:841} WARNING - No viable dags retrieved from /opt/airflow/dags/utils/__init__.py
[2025-12-05T03:23:19.058+0000] {processor.py:179} INFO - Processing /opt/airflow/dags/utils/__init__.py took 0.024 seconds
[2025-12-05T03:23:49.405+0000] {processor.py:157} INFO - Started process (PID=1457) to work on /opt/airflow/dags/utils/__init__.py
[2025-12-05T03:23:49.406+0000] {processor.py:829} INFO - Processing file /opt/airflow/dags/utils/__init__.py for tasks to queue
[2025-12-05T03:23:49.407+0000] {logging_mixin.py:154} INFO - [2025-12-05T03:23:49.407+0000] {dagbag.py:536} INFO - Filling up the DagBag from /opt/airflow/dags/utils/__init__.py
[2025-12-05T03:23:49.409+0000] {processor.py:841} WARNING - No viable dags retrieved from /opt/airflow/dags/utils/__init__.py
[2025-12-05T03:23:49.420+0000] {processor.py:179} INFO - Processing /opt/airflow/dags/utils/__init__.py took 0.017 seconds
[2025-12-05T03:24:19.696+0000] {processor.py:157} INFO - Started process (PID=1516) to work on /opt/airflow/dags/utils/__init__.py
[2025-12-05T03:24:19.697+0000] {processor.py:829} INFO - Processing file /opt/airflow/dags/utils/__init__.py for tasks to queue
[2025-12-05T03:24:19.697+0000] {logging_mixin.py:154} INFO - [2025-12-05T03:24:19.697+0000] {dagbag.py:536} INFO - Filling up the DagBag from /opt/airflow/dags/utils/__init__.py
[2025-12-05T03:24:19.699+0000] {processor.py:841} WARNING - No viable dags retrieved from /opt/airflow/dags/utils/__init__.py
[2025-12-05T03:24:19.710+0000] {processor.py:179} INFO - Processing /opt/airflow/dags/utils/__init__.py took 0.017 seconds
[2025-12-05T03:24:50.642+0000] {processor.py:157} INFO - Started process (PID=1581) to work on /opt/airflow/dags/utils/__init__.py
[2025-12-05T03:24:50.643+0000] {processor.py:829} INFO - Processing file /opt/airflow/dags/utils/__init__.py for tasks to queue
[2025-12-05T03:24:50.643+0000] {logging_mixin.py:154} INFO - [2025-12-05T03:24:50.643+0000] {dagbag.py:536} INFO - Filling up the DagBag from /opt/airflow/dags/utils/__init__.py
[2025-12-05T03:24:50.645+0000] {processor.py:841} WARNING - No viable dags retrieved from /opt/airflow/dags/utils/__init__.py
[2025-12-05T03:24:50.654+0000] {processor.py:179} INFO - Processing /opt/airflow/dags/utils/__init__.py took 0.015 seconds
[2025-12-05T03:25:20.878+0000] {processor.py:157} INFO - Started process (PID=1646) to work on /opt/airflow/dags/utils/__init__.py
[2025-12-05T03:25:20.879+0000] {processor.py:829} INFO - Processing file /opt/airflow/dags/utils/__init__.py for tasks to queue
[2025-12-05T03:25:20.880+0000] {logging_mixin.py:154} INFO - [2025-12-05T03:25:20.879+0000] {dagbag.py:536} INFO - Filling up the DagBag from /opt/airflow/dags/utils/__init__.py
[2025-12-05T03:25:20.881+0000] {processor.py:841} WARNING - No viable dags retrieved from /opt/airflow/dags/utils/__init__.py
[2025-12-05T03:25:20.893+0000] {processor.py:179} INFO - Processing /opt/airflow/dags/utils/__init__.py took 0.019 seconds
[2025-12-05T03:25:51.821+0000] {processor.py:157} INFO - Started process (PID=1881) to work on /opt/airflow/dags/utils/__init__.py
[2025-12-05T03:25:51.825+0000] {processor.py:829} INFO - Processing file /opt/airflow/dags/utils/__init__.py for tasks to queue
[2025-12-05T03:25:51.826+0000] {logging_mixin.py:154} INFO - [2025-12-05T03:25:51.825+0000] {dagbag.py:536} INFO - Filling up the DagBag from /opt/airflow/dags/utils/__init__.py
[2025-12-05T03:25:51.828+0000] {processor.py:841} WARNING - No viable dags retrieved from /opt/airflow/dags/utils/__init__.py
[2025-12-05T03:25:51.842+0000] {processor.py:179} INFO - Processing /opt/airflow/dags/utils/__init__.py took 0.028 seconds
[2025-12-05T03:26:22.114+0000] {processor.py:157} INFO - Started process (PID=2059) to work on /opt/airflow/dags/utils/__init__.py
[2025-12-05T03:26:22.115+0000] {processor.py:829} INFO - Processing file /opt/airflow/dags/utils/__init__.py for tasks to queue
[2025-12-05T03:26:22.116+0000] {logging_mixin.py:154} INFO - [2025-12-05T03:26:22.116+0000] {dagbag.py:536} INFO - Filling up the DagBag from /opt/airflow/dags/utils/__init__.py
[2025-12-05T03:26:22.117+0000] {processor.py:841} WARNING - No viable dags retrieved from /opt/airflow/dags/utils/__init__.py
[2025-12-05T03:26:22.130+0000] {processor.py:179} INFO - Processing /opt/airflow/dags/utils/__init__.py took 0.018 seconds
[2025-12-05T03:26:52.329+0000] {processor.py:157} INFO - Started process (PID=2125) to work on /opt/airflow/dags/utils/__init__.py
[2025-12-05T03:26:52.330+0000] {processor.py:829} INFO - Processing file /opt/airflow/dags/utils/__init__.py for tasks to queue
[2025-12-05T03:26:52.331+0000] {logging_mixin.py:154} INFO - [2025-12-05T03:26:52.331+0000] {dagbag.py:536} INFO - Filling up the DagBag from /opt/airflow/dags/utils/__init__.py
[2025-12-05T03:26:52.333+0000] {processor.py:841} WARNING - No viable dags retrieved from /opt/airflow/dags/utils/__init__.py
[2025-12-05T03:26:52.343+0000] {processor.py:179} INFO - Processing /opt/airflow/dags/utils/__init__.py took 0.017 seconds
[2025-12-05T03:27:22.549+0000] {processor.py:157} INFO - Started process (PID=2273) to work on /opt/airflow/dags/utils/__init__.py
[2025-12-05T03:27:22.550+0000] {processor.py:829} INFO - Processing file /opt/airflow/dags/utils/__init__.py for tasks to queue
[2025-12-05T03:27:22.550+0000] {logging_mixin.py:154} INFO - [2025-12-05T03:27:22.550+0000] {dagbag.py:536} INFO - Filling up the DagBag from /opt/airflow/dags/utils/__init__.py
[2025-12-05T03:27:22.552+0000] {processor.py:841} WARNING - No viable dags retrieved from /opt/airflow/dags/utils/__init__.py
[2025-12-05T03:27:22.562+0000] {processor.py:179} INFO - Processing /opt/airflow/dags/utils/__init__.py took 0.016 seconds
[2025-12-05T03:27:52.869+0000] {processor.py:157} INFO - Started process (PID=2550) to work on /opt/airflow/dags/utils/__init__.py
[2025-12-05T03:27:52.870+0000] {processor.py:829} INFO - Processing file /opt/airflow/dags/utils/__init__.py for tasks to queue
[2025-12-05T03:27:52.870+0000] {logging_mixin.py:154} INFO - [2025-12-05T03:27:52.870+0000] {dagbag.py:536} INFO - Filling up the DagBag from /opt/airflow/dags/utils/__init__.py
[2025-12-05T03:27:52.872+0000] {processor.py:841} WARNING - No viable dags retrieved from /opt/airflow/dags/utils/__init__.py
[2025-12-05T03:27:52.882+0000] {processor.py:179} INFO - Processing /opt/airflow/dags/utils/__init__.py took 0.016 seconds
[2025-12-05T03:28:23.170+0000] {processor.py:157} INFO - Started process (PID=2609) to work on /opt/airflow/dags/utils/__init__.py
[2025-12-05T03:28:23.171+0000] {processor.py:829} INFO - Processing file /opt/airflow/dags/utils/__init__.py for tasks to queue
[2025-12-05T03:28:23.172+0000] {logging_mixin.py:154} INFO - [2025-12-05T03:28:23.171+0000] {dagbag.py:536} INFO - Filling up the DagBag from /opt/airflow/dags/utils/__init__.py
[2025-12-05T03:28:23.173+0000] {processor.py:841} WARNING - No viable dags retrieved from /opt/airflow/dags/utils/__init__.py
[2025-12-05T03:28:23.185+0000] {processor.py:179} INFO - Processing /opt/airflow/dags/utils/__init__.py took 0.018 seconds
[2025-12-05T03:28:53.417+0000] {processor.py:157} INFO - Started process (PID=2668) to work on /opt/airflow/dags/utils/__init__.py
[2025-12-05T03:28:53.418+0000] {processor.py:829} INFO - Processing file /opt/airflow/dags/utils/__init__.py for tasks to queue
[2025-12-05T03:28:53.419+0000] {logging_mixin.py:154} INFO - [2025-12-05T03:28:53.419+0000] {dagbag.py:536} INFO - Filling up the DagBag from /opt/airflow/dags/utils/__init__.py
[2025-12-05T03:28:53.421+0000] {processor.py:841} WARNING - No viable dags retrieved from /opt/airflow/dags/utils/__init__.py
[2025-12-05T03:28:53.436+0000] {processor.py:179} INFO - Processing /opt/airflow/dags/utils/__init__.py took 0.023 seconds
[2025-12-05T03:29:23.682+0000] {processor.py:157} INFO - Started process (PID=2716) to work on /opt/airflow/dags/utils/__init__.py
[2025-12-05T03:29:23.683+0000] {processor.py:829} INFO - Processing file /opt/airflow/dags/utils/__init__.py for tasks to queue
[2025-12-05T03:29:23.684+0000] {logging_mixin.py:154} INFO - [2025-12-05T03:29:23.683+0000] {dagbag.py:536} INFO - Filling up the DagBag from /opt/airflow/dags/utils/__init__.py
[2025-12-05T03:29:23.685+0000] {processor.py:841} WARNING - No viable dags retrieved from /opt/airflow/dags/utils/__init__.py
[2025-12-05T03:29:23.696+0000] {processor.py:179} INFO - Processing /opt/airflow/dags/utils/__init__.py took 0.016 seconds
[2025-12-05T03:29:53.909+0000] {processor.py:157} INFO - Started process (PID=2775) to work on /opt/airflow/dags/utils/__init__.py
[2025-12-05T03:29:53.909+0000] {processor.py:829} INFO - Processing file /opt/airflow/dags/utils/__init__.py for tasks to queue
[2025-12-05T03:29:53.910+0000] {logging_mixin.py:154} INFO - [2025-12-05T03:29:53.910+0000] {dagbag.py:536} INFO - Filling up the DagBag from /opt/airflow/dags/utils/__init__.py
[2025-12-05T03:29:53.912+0000] {processor.py:841} WARNING - No viable dags retrieved from /opt/airflow/dags/utils/__init__.py
[2025-12-05T03:29:53.922+0000] {processor.py:179} INFO - Processing /opt/airflow/dags/utils/__init__.py took 0.017 seconds
[2025-12-05T03:30:24.191+0000] {processor.py:157} INFO - Started process (PID=3027) to work on /opt/airflow/dags/utils/__init__.py
[2025-12-05T03:30:24.194+0000] {processor.py:829} INFO - Processing file /opt/airflow/dags/utils/__init__.py for tasks to queue
[2025-12-05T03:30:24.194+0000] {logging_mixin.py:154} INFO - [2025-12-05T03:30:24.194+0000] {dagbag.py:536} INFO - Filling up the DagBag from /opt/airflow/dags/utils/__init__.py
[2025-12-05T03:30:24.196+0000] {processor.py:841} WARNING - No viable dags retrieved from /opt/airflow/dags/utils/__init__.py
[2025-12-05T03:30:24.218+0000] {processor.py:179} INFO - Processing /opt/airflow/dags/utils/__init__.py took 0.034 seconds
[2025-12-05T03:30:54.490+0000] {processor.py:157} INFO - Started process (PID=3198) to work on /opt/airflow/dags/utils/__init__.py
[2025-12-05T03:30:54.491+0000] {processor.py:829} INFO - Processing file /opt/airflow/dags/utils/__init__.py for tasks to queue
[2025-12-05T03:30:54.492+0000] {logging_mixin.py:154} INFO - [2025-12-05T03:30:54.492+0000] {dagbag.py:536} INFO - Filling up the DagBag from /opt/airflow/dags/utils/__init__.py
[2025-12-05T03:30:54.494+0000] {processor.py:841} WARNING - No viable dags retrieved from /opt/airflow/dags/utils/__init__.py
[2025-12-05T03:30:54.507+0000] {processor.py:179} INFO - Processing /opt/airflow/dags/utils/__init__.py took 0.021 seconds
[2025-12-05T03:31:24.682+0000] {processor.py:157} INFO - Started process (PID=3263) to work on /opt/airflow/dags/utils/__init__.py
[2025-12-05T03:31:24.683+0000] {processor.py:829} INFO - Processing file /opt/airflow/dags/utils/__init__.py for tasks to queue
[2025-12-05T03:31:24.684+0000] {logging_mixin.py:154} INFO - [2025-12-05T03:31:24.683+0000] {dagbag.py:536} INFO - Filling up the DagBag from /opt/airflow/dags/utils/__init__.py
[2025-12-05T03:31:24.685+0000] {processor.py:841} WARNING - No viable dags retrieved from /opt/airflow/dags/utils/__init__.py
[2025-12-05T03:31:24.696+0000] {processor.py:179} INFO - Processing /opt/airflow/dags/utils/__init__.py took 0.017 seconds
[2025-12-05T03:31:54.883+0000] {processor.py:157} INFO - Started process (PID=3322) to work on /opt/airflow/dags/utils/__init__.py
[2025-12-05T03:31:54.884+0000] {processor.py:829} INFO - Processing file /opt/airflow/dags/utils/__init__.py for tasks to queue
[2025-12-05T03:31:54.885+0000] {logging_mixin.py:154} INFO - [2025-12-05T03:31:54.884+0000] {dagbag.py:536} INFO - Filling up the DagBag from /opt/airflow/dags/utils/__init__.py
[2025-12-05T03:31:54.886+0000] {processor.py:841} WARNING - No viable dags retrieved from /opt/airflow/dags/utils/__init__.py
[2025-12-05T03:31:54.897+0000] {processor.py:179} INFO - Processing /opt/airflow/dags/utils/__init__.py took 0.017 seconds
[2025-12-05T03:32:25.372+0000] {processor.py:157} INFO - Started process (PID=3381) to work on /opt/airflow/dags/utils/__init__.py
[2025-12-05T03:32:25.373+0000] {processor.py:829} INFO - Processing file /opt/airflow/dags/utils/__init__.py for tasks to queue
[2025-12-05T03:32:25.373+0000] {logging_mixin.py:154} INFO - [2025-12-05T03:32:25.373+0000] {dagbag.py:536} INFO - Filling up the DagBag from /opt/airflow/dags/utils/__init__.py
[2025-12-05T03:32:25.375+0000] {processor.py:841} WARNING - No viable dags retrieved from /opt/airflow/dags/utils/__init__.py
[2025-12-05T03:32:25.387+0000] {processor.py:179} INFO - Processing /opt/airflow/dags/utils/__init__.py took 0.019 seconds
[2025-12-05T03:32:55.744+0000] {processor.py:157} INFO - Started process (PID=3440) to work on /opt/airflow/dags/utils/__init__.py
[2025-12-05T03:32:55.745+0000] {processor.py:829} INFO - Processing file /opt/airflow/dags/utils/__init__.py for tasks to queue
[2025-12-05T03:32:55.746+0000] {logging_mixin.py:154} INFO - [2025-12-05T03:32:55.746+0000] {dagbag.py:536} INFO - Filling up the DagBag from /opt/airflow/dags/utils/__init__.py
[2025-12-05T03:32:55.747+0000] {processor.py:841} WARNING - No viable dags retrieved from /opt/airflow/dags/utils/__init__.py
[2025-12-05T03:32:55.758+0000] {processor.py:179} INFO - Processing /opt/airflow/dags/utils/__init__.py took 0.017 seconds
[2025-12-05T03:33:25.870+0000] {processor.py:157} INFO - Started process (PID=3499) to work on /opt/airflow/dags/utils/__init__.py
[2025-12-05T03:33:25.871+0000] {processor.py:829} INFO - Processing file /opt/airflow/dags/utils/__init__.py for tasks to queue
[2025-12-05T03:33:25.872+0000] {logging_mixin.py:154} INFO - [2025-12-05T03:33:25.872+0000] {dagbag.py:536} INFO - Filling up the DagBag from /opt/airflow/dags/utils/__init__.py
[2025-12-05T03:33:25.874+0000] {processor.py:841} WARNING - No viable dags retrieved from /opt/airflow/dags/utils/__init__.py
[2025-12-05T03:33:25.884+0000] {processor.py:179} INFO - Processing /opt/airflow/dags/utils/__init__.py took 0.017 seconds
[2025-12-05T03:33:56.277+0000] {processor.py:157} INFO - Started process (PID=3558) to work on /opt/airflow/dags/utils/__init__.py
[2025-12-05T03:33:56.278+0000] {processor.py:829} INFO - Processing file /opt/airflow/dags/utils/__init__.py for tasks to queue
[2025-12-05T03:33:56.279+0000] {logging_mixin.py:154} INFO - [2025-12-05T03:33:56.278+0000] {dagbag.py:536} INFO - Filling up the DagBag from /opt/airflow/dags/utils/__init__.py
[2025-12-05T03:33:56.281+0000] {processor.py:841} WARNING - No viable dags retrieved from /opt/airflow/dags/utils/__init__.py
[2025-12-05T03:33:56.292+0000] {processor.py:179} INFO - Processing /opt/airflow/dags/utils/__init__.py took 0.019 seconds
