customer_id,product_id,prediction,probability,prediction_week
72930,1370,1,0.9412861,2024-01-14T00:00:00
172704,1370,1,0.9380731,2024-01-14T00:00:00
194790,1370,1,0.93714833,2024-01-14T00:00:00
187797,1372,1,0.93469447,2024-01-14T00:00:00
128526,1370,1,0.93439597,2024-01-14T00:00:00
212211,1370,1,0.9342217,2024-01-14T00:00:00
62817,1370,1,0.9339904,2024-01-14T00:00:00
186177,1370,1,0.9335994,2024-01-14T00:00:00
60888,1370,1,0.93313706,2024-01-14T00:00:00
232410,1370,1,0.9317231,2024-01-14T00:00:00
203673,1370,1,0.9309972,2024-01-14T00:00:00
225672,1370,1,0.9308396,2024-01-14T00:00:00
188787,1370,1,0.9307627,2024-01-14T00:00:00
187101,1370,1,0.9303263,2024-01-14T00:00:00
217494,1370,1,0.9302962,2024-01-14T00:00:00
198873,1370,1,0.9291597,2024-01-14T00:00:00
212526,1370,1,0.9288813,2024-01-14T00:00:00
208347,1370,1,0.92884415,2024-01-14T00:00:00
72930,1372,1,0.9281738,2024-01-14T00:00:00
194883,1370,1,0.92761457,2024-01-14T00:00:00
232068,1370,1,0.9273615,2024-01-14T00:00:00
194229,1370,1,0.9273548,2024-01-14T00:00:00
183789,1370,1,0.92708284,2024-01-14T00:00:00
64299,1370,1,0.92669487,2024-01-14T00:00:00
188685,1370,1,0.92669487,2024-01-14T00:00:00
219021,1370,1,0.92662376,2024-01-14T00:00:00
56868,1370,1,0.9263353,2024-01-14T00:00:00
205722,1370,1,0.92569077,2024-01-14T00:00:00
231459,1370,1,0.9256204,2024-01-14T00:00:00
164007,1370,1,0.9256204,2024-01-14T00:00:00
219030,1370,1,0.9255574,2024-01-14T00:00:00
224925,1370,1,0.9255574,2024-01-14T00:00:00
187797,48574,1,0.92360497,2024-01-14T00:00:00
62817,1372,1,0.92173696,2024-01-14T00:00:00
237252,1370,1,0.92169684,2024-01-14T00:00:00
196722,1370,1,0.9208509,2024-01-14T00:00:00
203145,1370,1,0.9208509,2024-01-14T00:00:00
212112,1370,1,0.9208509,2024-01-14T00:00:00
203256,1370,1,0.9208509,2024-01-14T00:00:00
203271,1370,1,0.9208509,2024-01-14T00:00:00
203454,1370,1,0.9208509,2024-01-14T00:00:00
203451,1370,1,0.9208509,2024-01-14T00:00:00
203274,1370,1,0.9208509,2024-01-14T00:00:00
227292,1370,1,0.92082447,2024-01-14T00:00:00
153303,1370,1,0.9207673,2024-01-14T00:00:00
60888,1372,1,0.9207386,2024-01-14T00:00:00
154890,1370,1,0.9202802,2024-01-14T00:00:00
227238,1370,1,0.9202271,2024-01-14T00:00:00
72930,11262,1,0.9201824,2024-01-14T00:00:00
96444,1370,1,0.919649,2024-01-14T00:00:00
224280,1370,1,0.91923374,2024-01-14T00:00:00
210882,1370,1,0.91923374,2024-01-14T00:00:00
205905,1370,1,0.91896325,2024-01-14T00:00:00
218061,1370,1,0.91896325,2024-01-14T00:00:00
179496,1370,1,0.91887516,2024-01-14T00:00:00
236226,1370,1,0.91853046,2024-01-14T00:00:00
128526,11262,1,0.9184295,2024-01-14T00:00:00
217848,11262,1,0.9181513,2024-01-14T00:00:00
61908,1370,1,0.91795564,2024-01-14T00:00:00
203199,1370,1,0.9176462,2024-01-14T00:00:00
203796,1370,1,0.9171944,2024-01-14T00:00:00
208341,1370,1,0.9171944,2024-01-14T00:00:00
203829,1370,1,0.91715604,2024-01-14T00:00:00
25749,1370,1,0.91689646,2024-01-14T00:00:00
183573,1370,1,0.9167181,2024-01-14T00:00:00
208116,1370,1,0.9164593,2024-01-14T00:00:00
203445,1370,1,0.9164593,2024-01-14T00:00:00
203439,1370,1,0.9164593,2024-01-14T00:00:00
203790,1370,1,0.9163323,2024-01-14T00:00:00
204222,1370,1,0.9160112,2024-01-14T00:00:00
188787,1372,1,0.9141075,2024-01-14T00:00:00
232827,1370,1,0.9139311,2024-01-14T00:00:00
203259,1370,1,0.91391647,2024-01-14T00:00:00
209073,11262,1,0.9138849,2024-01-14T00:00:00
232410,48574,1,0.91385674,2024-01-14T00:00:00
198573,1370,1,0.91372305,2024-01-14T00:00:00
236226,1372,1,0.91356194,2024-01-14T00:00:00
206376,11262,1,0.9135517,2024-01-14T00:00:00
161208,1370,1,0.91347766,2024-01-14T00:00:00
77484,1370,1,0.9131721,2024-01-14T00:00:00
222204,1370,1,0.9130414,2024-01-14T00:00:00
217752,1370,1,0.91283894,2024-01-14T00:00:00
198981,1370,1,0.9128261,2024-01-14T00:00:00
212211,1372,1,0.9125239,2024-01-14T00:00:00
208350,1370,1,0.912065,2024-01-14T00:00:00
225672,1372,1,0.9119557,2024-01-14T00:00:00
203166,1370,1,0.91182446,2024-01-14T00:00:00
198873,1372,1,0.91173506,2024-01-14T00:00:00
191232,1370,1,0.9117315,2024-01-14T00:00:00
198873,48574,1,0.9115835,2024-01-14T00:00:00
71766,1370,1,0.911424,2024-01-14T00:00:00
181101,1370,1,0.91126907,2024-01-14T00:00:00
207600,1370,1,0.91126597,2024-01-14T00:00:00
220728,11262,1,0.911197,2024-01-14T00:00:00
232269,11262,1,0.911197,2024-01-14T00:00:00
61305,1370,1,0.9111079,2024-01-14T00:00:00
25749,1372,1,0.9110275,2024-01-14T00:00:00
164871,1370,1,0.9109409,2024-01-14T00:00:00
198573,11262,1,0.9109238,2024-01-14T00:00:00
153756,1370,1,0.9107883,2024-01-14T00:00:00
198279,1370,1,0.91075224,2024-01-14T00:00:00
161058,1370,1,0.91075224,2024-01-14T00:00:00
204657,1370,1,0.91047573,2024-01-14T00:00:00
228315,1370,1,0.9103904,2024-01-14T00:00:00
64734,1370,1,0.9103362,2024-01-14T00:00:00
72930,48574,1,0.9103359,2024-01-14T00:00:00
209622,1370,1,0.9102635,2024-01-14T00:00:00
227295,1370,1,0.91015536,2024-01-14T00:00:00
212430,1370,1,0.91015536,2024-01-14T00:00:00
128502,11262,1,0.9099866,2024-01-14T00:00:00
209994,1370,1,0.9098179,2024-01-14T00:00:00
215298,1372,1,0.909142,2024-01-14T00:00:00
203724,48574,1,0.909025,2024-01-14T00:00:00
174468,11262,1,0.9090101,2024-01-14T00:00:00
72930,30500,1,0.9089974,2024-01-14T00:00:00
236226,48574,1,0.90891606,2024-01-14T00:00:00
233559,1370,1,0.9088228,2024-01-14T00:00:00
61353,1370,1,0.90864325,2024-01-14T00:00:00
25749,11262,1,0.90860444,2024-01-14T00:00:00
174468,1370,1,0.9084443,2024-01-14T00:00:00
204795,48574,1,0.90834254,2024-01-14T00:00:00
231663,1370,1,0.90828985,2024-01-14T00:00:00
198573,1372,1,0.90827125,2024-01-14T00:00:00
203142,1370,1,0.9080209,2024-01-14T00:00:00
230028,11262,1,0.9079096,2024-01-14T00:00:00
210978,1370,1,0.9078171,2024-01-14T00:00:00
61692,1370,1,0.9071249,2024-01-14T00:00:00
202959,48574,1,0.9070607,2024-01-14T00:00:00
140277,1370,1,0.9069622,2024-01-14T00:00:00
203178,1370,1,0.90664893,2024-01-14T00:00:00
194229,48574,1,0.9063079,2024-01-14T00:00:00
232410,1372,1,0.9063073,2024-01-14T00:00:00
25749,48574,1,0.9062413,2024-01-14T00:00:00
203511,1370,1,0.9061092,2024-01-14T00:00:00
72918,1370,1,0.90606266,2024-01-14T00:00:00
161787,1370,1,0.9060218,2024-01-14T00:00:00
213102,1370,1,0.9057663,2024-01-14T00:00:00
225747,1370,1,0.9057254,2024-01-14T00:00:00
225501,1370,1,0.9055913,2024-01-14T00:00:00
197673,1370,1,0.90533495,2024-01-14T00:00:00
66918,1370,1,0.9052738,2024-01-14T00:00:00
64218,1370,1,0.9050455,2024-01-14T00:00:00
173940,1370,1,0.9048853,2024-01-14T00:00:00
212211,48574,1,0.90480477,2024-01-14T00:00:00
186078,1370,1,0.9047587,2024-01-14T00:00:00
153402,1370,1,0.90472543,2024-01-14T00:00:00
88920,1370,1,0.9044154,2024-01-14T00:00:00
217380,1370,1,0.9043982,2024-01-14T00:00:00
225480,1370,1,0.9043476,2024-01-14T00:00:00
205659,1370,1,0.9043476,2024-01-14T00:00:00
188961,1370,1,0.904226,2024-01-14T00:00:00
217293,1370,1,0.9041168,2024-01-14T00:00:00
188100,1370,1,0.9040915,2024-01-14T00:00:00
212892,1370,1,0.9040155,2024-01-14T00:00:00
232410,1304,1,0.9040031,2024-01-14T00:00:00
59700,1370,1,0.9039987,2024-01-14T00:00:00
234021,11262,1,0.9037828,2024-01-14T00:00:00
161403,1370,1,0.90369517,2024-01-14T00:00:00
153381,1370,1,0.9036623,2024-01-14T00:00:00
62817,48574,1,0.90365326,2024-01-14T00:00:00
65637,1370,1,0.90363467,2024-01-14T00:00:00
209829,1370,1,0.9034701,2024-01-14T00:00:00
209976,1370,1,0.9034701,2024-01-14T00:00:00
198573,48574,1,0.9033525,2024-01-14T00:00:00
227664,1370,1,0.9031715,2024-01-14T00:00:00
234120,1370,1,0.90294236,2024-01-14T00:00:00
157767,1370,1,0.9026713,2024-01-14T00:00:00
198981,48574,1,0.9024341,2024-01-14T00:00:00
187806,1370,1,0.90220565,2024-01-14T00:00:00
153279,1370,1,0.90209603,2024-01-14T00:00:00
192564,1370,1,0.90189815,2024-01-14T00:00:00
167316,1370,1,0.9018257,2024-01-14T00:00:00
183387,1370,1,0.90172094,2024-01-14T00:00:00
222906,1370,1,0.9016426,2024-01-14T00:00:00
206304,1370,1,0.901203,2024-01-14T00:00:00
211476,48574,1,0.9009932,2024-01-14T00:00:00
225276,1370,1,0.9009655,2024-01-14T00:00:00
198573,60978,1,0.9005029,2024-01-14T00:00:00
206748,11262,1,0.90045094,2024-01-14T00:00:00
213102,48574,1,0.90044403,2024-01-14T00:00:00
66465,1370,1,0.9001991,2024-01-14T00:00:00
205812,1370,1,0.89996976,2024-01-14T00:00:00
188844,1370,1,0.8999142,2024-01-14T00:00:00
157224,1370,1,0.8997876,2024-01-14T00:00:00
183105,1370,1,0.89978,2024-01-14T00:00:00
212220,1370,1,0.89978,2024-01-14T00:00:00
153315,1370,1,0.89977974,2024-01-14T00:00:00
203700,1370,1,0.899771,2024-01-14T00:00:00
196845,1370,1,0.899771,2024-01-14T00:00:00
185067,1370,1,0.8994135,2024-01-14T00:00:00
154473,1370,1,0.8994135,2024-01-14T00:00:00
60882,1370,1,0.8991663,2024-01-14T00:00:00
232035,48574,1,0.89910805,2024-01-14T00:00:00
72930,44302,1,0.89901525,2024-01-14T00:00:00
205815,1370,1,0.8988562,2024-01-14T00:00:00
72045,1370,1,0.89841986,2024-01-14T00:00:00
206439,11262,1,0.8984088,2024-01-14T00:00:00
153084,1370,1,0.8983778,2024-01-14T00:00:00
69249,1370,1,0.8983672,2024-01-14T00:00:00
223968,1370,1,0.8980873,2024-01-14T00:00:00
154113,1370,1,0.8980831,2024-01-14T00:00:00
25749,60978,1,0.89794266,2024-01-14T00:00:00
223104,1370,1,0.89773816,2024-01-14T00:00:00
154146,1370,1,0.89773816,2024-01-14T00:00:00
166002,1370,1,0.89773345,2024-01-14T00:00:00
204228,1370,1,0.89766735,2024-01-14T00:00:00
233427,1370,1,0.8976212,2024-01-14T00:00:00
234297,48574,1,0.8973554,2024-01-14T00:00:00
153072,1370,1,0.89734507,2024-01-14T00:00:00
162603,1370,1,0.897334,2024-01-14T00:00:00
72558,1370,1,0.8970837,2024-01-14T00:00:00
219132,1370,1,0.8970123,2024-01-14T00:00:00
128901,1370,1,0.89700466,2024-01-14T00:00:00
217494,11262,1,0.89697367,2024-01-14T00:00:00
166005,1370,1,0.89692765,2024-01-14T00:00:00
205191,1370,1,0.89687884,2024-01-14T00:00:00
175266,1370,1,0.8968201,2024-01-14T00:00:00
202818,1370,1,0.8967907,2024-01-14T00:00:00
187806,1372,1,0.8965944,2024-01-14T00:00:00
154869,1370,1,0.89652246,2024-01-14T00:00:00
226662,1370,1,0.8964095,2024-01-14T00:00:00
225390,1370,1,0.89636886,2024-01-14T00:00:00
220269,1370,1,0.89636827,2024-01-14T00:00:00
198882,48574,1,0.896277,2024-01-14T00:00:00
154041,1370,1,0.89621687,2024-01-14T00:00:00
154113,11262,1,0.8961001,2024-01-14T00:00:00
188604,1370,1,0.8960888,2024-01-14T00:00:00
204795,60978,1,0.8960219,2024-01-14T00:00:00
203724,1304,1,0.89601415,2024-01-14T00:00:00
203724,59822,1,0.89601415,2024-01-14T00:00:00
128685,1370,1,0.8958623,2024-01-14T00:00:00
194883,48574,1,0.8958446,2024-01-14T00:00:00
219381,1370,1,0.89582145,2024-01-14T00:00:00
187734,1370,1,0.89582145,2024-01-14T00:00:00
238887,1370,1,0.89582145,2024-01-14T00:00:00
220011,1370,1,0.89577085,2024-01-14T00:00:00
212283,1370,1,0.89575917,2024-01-14T00:00:00
222906,48574,1,0.8957394,2024-01-14T00:00:00
204243,1370,1,0.8955782,2024-01-14T00:00:00
175899,1370,1,0.89554095,2024-01-14T00:00:00
203724,60978,1,0.89553833,2024-01-14T00:00:00
72930,10652,1,0.89543474,2024-01-14T00:00:00
187806,11262,1,0.8954338,2024-01-14T00:00:00
177474,1370,1,0.89536256,2024-01-14T00:00:00
217752,1372,1,0.89535236,2024-01-14T00:00:00
198867,11262,1,0.89530504,2024-01-14T00:00:00
165762,1370,1,0.8952805,2024-01-14T00:00:00
203796,48574,1,0.8952803,2024-01-14T00:00:00
203790,48574,1,0.8952803,2024-01-14T00:00:00
204795,1304,1,0.89524543,2024-01-14T00:00:00
64218,11262,1,0.89517987,2024-01-14T00:00:00
154011,1370,1,0.8951753,2024-01-14T00:00:00
188730,1370,1,0.8951753,2024-01-14T00:00:00
72930,60978,1,0.8950652,2024-01-14T00:00:00
228729,1370,1,0.8948844,2024-01-14T00:00:00
206427,11262,1,0.8948098,2024-01-14T00:00:00
61824,48574,1,0.89478636,2024-01-14T00:00:00
187707,1370,1,0.89474136,2024-01-14T00:00:00
65631,11262,1,0.894706,2024-01-14T00:00:00
184950,1304,1,0.89467645,2024-01-14T00:00:00
25734,11262,1,0.8946407,2024-01-14T00:00:00
153288,1370,1,0.8944809,2024-01-14T00:00:00
186216,1370,1,0.8943251,2024-01-14T00:00:00
176577,1370,1,0.8943138,2024-01-14T00:00:00
72918,1304,1,0.894292,2024-01-14T00:00:00
172704,44302,1,0.8942548,2024-01-14T00:00:00
153882,1370,1,0.8941328,2024-01-14T00:00:00
175878,1370,1,0.8941328,2024-01-14T00:00:00
172704,60978,1,0.89412695,2024-01-14T00:00:00
154881,1370,1,0.89410317,2024-01-14T00:00:00
206442,11262,1,0.8940679,2024-01-14T00:00:00
197595,1370,1,0.8938515,2024-01-14T00:00:00
206433,11262,1,0.89374524,2024-01-14T00:00:00
209622,48574,1,0.89368963,2024-01-14T00:00:00
156225,1370,1,0.8933488,2024-01-14T00:00:00
202959,60978,1,0.89331716,2024-01-14T00:00:00
172704,11262,1,0.89312786,2024-01-14T00:00:00
203811,1370,1,0.8930941,2024-01-14T00:00:00
232404,11262,1,0.8929567,2024-01-14T00:00:00
231102,1370,1,0.89295036,2024-01-14T00:00:00
217620,1370,1,0.89294684,2024-01-14T00:00:00
188637,1370,1,0.8928965,2024-01-14T00:00:00
172587,1370,1,0.89288193,2024-01-14T00:00:00
176643,1370,1,0.89288193,2024-01-14T00:00:00
193323,11262,1,0.892794,2024-01-14T00:00:00
225672,48574,1,0.89263415,2024-01-14T00:00:00
194229,1304,1,0.89258754,2024-01-14T00:00:00
88920,11262,1,0.89253753,2024-01-14T00:00:00
172704,10652,1,0.892479,2024-01-14T00:00:00
226662,11262,1,0.89246064,2024-01-14T00:00:00
202959,1304,1,0.8923836,2024-01-14T00:00:00
173796,1370,1,0.8923682,2024-01-14T00:00:00
162795,1370,1,0.8923328,2024-01-14T00:00:00
219132,1304,1,0.8922933,2024-01-14T00:00:00
197529,11262,1,0.89217854,2024-01-14T00:00:00
56871,1370,1,0.8921764,2024-01-14T00:00:00
203178,48574,1,0.8920979,2024-01-14T00:00:00
183195,1370,1,0.89194775,2024-01-14T00:00:00
167451,1370,1,0.8919372,2024-01-14T00:00:00
195249,1370,1,0.8917264,2024-01-14T00:00:00
205722,11262,1,0.8917234,2024-01-14T00:00:00
176319,1370,1,0.8916368,2024-01-14T00:00:00
191226,1370,1,0.89158416,2024-01-14T00:00:00
228753,1370,1,0.8914517,2024-01-14T00:00:00
153888,1370,1,0.89141876,2024-01-14T00:00:00
223776,1370,1,0.89141876,2024-01-14T00:00:00
223071,1370,1,0.89141876,2024-01-14T00:00:00
153312,1370,1,0.89111525,2024-01-14T00:00:00
213987,1370,1,0.8910948,2024-01-14T00:00:00
197835,1370,1,0.89068854,2024-01-14T00:00:00
207993,1370,1,0.8906651,2024-01-14T00:00:00
212469,1370,1,0.89065677,2024-01-14T00:00:00
129081,1370,1,0.89065677,2024-01-14T00:00:00
153204,1370,1,0.8904435,2024-01-14T00:00:00
128334,11262,1,0.8904027,2024-01-14T00:00:00
66777,1370,1,0.89036965,2024-01-14T00:00:00
154890,11262,1,0.8901105,2024-01-14T00:00:00
157398,1370,1,0.889798,2024-01-14T00:00:00
187797,60978,1,0.88979703,2024-01-14T00:00:00
198573,10652,1,0.88961977,2024-01-14T00:00:00
221115,1370,1,0.88941485,2024-01-14T00:00:00
187707,48574,1,0.8893549,2024-01-14T00:00:00
155097,1370,1,0.88919973,2024-01-14T00:00:00
232035,60978,1,0.8888728,2024-01-14T00:00:00
226623,1304,1,0.88870686,2024-01-14T00:00:00
209154,1304,1,0.88870686,2024-01-14T00:00:00
176472,1370,1,0.88864917,2024-01-14T00:00:00
176403,56714,1,0.88852227,2024-01-14T00:00:00
25749,10652,1,0.8885135,2024-01-14T00:00:00
164661,1370,1,0.88848096,2024-01-14T00:00:00
184950,1370,1,0.88826936,2024-01-14T00:00:00
154797,1370,1,0.88790315,2024-01-14T00:00:00
234018,1304,1,0.8877392,2024-01-14T00:00:00
203133,11262,1,0.88742864,2024-01-14T00:00:00
154068,1370,1,0.8874273,2024-01-14T00:00:00
223518,11262,1,0.8873902,2024-01-14T00:00:00
149634,11262,1,0.8873902,2024-01-14T00:00:00
209154,1370,1,0.8871465,2024-01-14T00:00:00
226623,1370,1,0.8871465,2024-01-14T00:00:00
72045,48574,1,0.8871005,2024-01-14T00:00:00
209622,1304,1,0.8870423,2024-01-14T00:00:00
198882,60978,1,0.88703465,2024-01-14T00:00:00
211989,1304,1,0.88695484,2024-01-14T00:00:00
203727,1304,1,0.88695484,2024-01-14T00:00:00
200508,1304,1,0.88695484,2024-01-14T00:00:00
215298,48574,1,0.8869529,2024-01-14T00:00:00
205191,48574,1,0.88679856,2024-01-14T00:00:00
231096,1304,1,0.88665617,2024-01-14T00:00:00
230028,1304,1,0.88659424,2024-01-14T00:00:00
89013,1370,1,0.88658947,2024-01-14T00:00:00
61899,1372,1,0.8865865,2024-01-14T00:00:00
217494,1304,1,0.8865597,2024-01-14T00:00:00
183672,1370,1,0.8864092,2024-01-14T00:00:00
226827,48574,1,0.8862294,2024-01-14T00:00:00
227292,1372,1,0.8862207,2024-01-14T00:00:00
206670,11262,1,0.8861136,2024-01-14T00:00:00
206664,11262,1,0.8861136,2024-01-14T00:00:00
96138,1370,1,0.88607895,2024-01-14T00:00:00
236655,1370,1,0.88599163,2024-01-14T00:00:00
198867,1370,1,0.8858982,2024-01-14T00:00:00
178818,1370,1,0.88577414,2024-01-14T00:00:00
222906,1372,1,0.88571626,2024-01-14T00:00:00
192735,1370,1,0.885676,2024-01-14T00:00:00
162843,1370,1,0.885676,2024-01-14T00:00:00
154803,1370,1,0.88546634,2024-01-14T00:00:00
205821,1370,1,0.88540053,2024-01-14T00:00:00
182292,1370,1,0.8853785,2024-01-14T00:00:00
62817,11262,1,0.8853388,2024-01-14T00:00:00
216948,1370,1,0.88528055,2024-01-14T00:00:00
179853,11262,1,0.88505316,2024-01-14T00:00:00
205332,1370,1,0.8850524,2024-01-14T00:00:00
155043,1370,1,0.88501483,2024-01-14T00:00:00
184113,1370,1,0.88493186,2024-01-14T00:00:00
232614,1370,1,0.88485193,2024-01-14T00:00:00
207390,1304,1,0.88483524,2024-01-14T00:00:00
204657,11262,1,0.8846933,2024-01-14T00:00:00
232788,1304,1,0.8845253,2024-01-14T00:00:00
208758,60978,1,0.8844364,2024-01-14T00:00:00
187806,48574,1,0.884122,2024-01-14T00:00:00
222438,1370,1,0.884103,2024-01-14T00:00:00
194082,48574,1,0.8840965,2024-01-14T00:00:00
212430,11262,1,0.8839968,2024-01-14T00:00:00
207996,1370,1,0.8839705,2024-01-14T00:00:00
224931,1370,1,0.8835496,2024-01-14T00:00:00
208449,1370,1,0.88345534,2024-01-14T00:00:00
187707,1372,1,0.8834515,2024-01-14T00:00:00
220269,1372,1,0.8834429,2024-01-14T00:00:00
232455,1370,1,0.88338,2024-01-14T00:00:00
224631,1370,1,0.8833583,2024-01-14T00:00:00
206376,1304,1,0.88326454,2024-01-14T00:00:00
206376,59822,1,0.88326454,2024-01-14T00:00:00
184674,1304,1,0.8832357,2024-01-14T00:00:00
220218,1370,1,0.8832094,2024-01-14T00:00:00
172503,1370,1,0.88308007,2024-01-14T00:00:00
227343,1370,1,0.8829262,2024-01-14T00:00:00
230286,1370,1,0.88283473,2024-01-14T00:00:00
231096,1370,1,0.8826849,2024-01-14T00:00:00
165927,1370,1,0.8825425,2024-01-14T00:00:00
211533,48574,1,0.8825099,2024-01-14T00:00:00
204795,44302,1,0.88248,2024-01-14T00:00:00
204762,11262,1,0.8824571,2024-01-14T00:00:00
227973,11262,1,0.8824571,2024-01-14T00:00:00
203256,11262,1,0.8821801,2024-01-14T00:00:00
203271,11262,1,0.8821801,2024-01-14T00:00:00
203454,11262,1,0.8821801,2024-01-14T00:00:00
203268,11262,1,0.8821801,2024-01-14T00:00:00
184509,1370,1,0.8820589,2024-01-14T00:00:00
203724,44302,1,0.8819418,2024-01-14T00:00:00
203073,11262,1,0.88178205,2024-01-14T00:00:00
203082,11262,1,0.88178205,2024-01-14T00:00:00
216108,11262,1,0.88173395,2024-01-14T00:00:00
233970,11262,1,0.88173395,2024-01-14T00:00:00
216498,1370,1,0.8817142,2024-01-14T00:00:00
61935,1370,1,0.88154715,2024-01-14T00:00:00
186177,11262,1,0.8813312,2024-01-14T00:00:00
208788,48574,1,0.88099915,2024-01-14T00:00:00
165717,1370,1,0.88090557,2024-01-14T00:00:00
192564,48574,1,0.8808195,2024-01-14T00:00:00
222894,1370,1,0.8807544,2024-01-14T00:00:00
210342,1370,1,0.88069457,2024-01-14T00:00:00
153138,1370,1,0.88069457,2024-01-14T00:00:00
210633,48574,1,0.8806823,2024-01-14T00:00:00
153645,1370,1,0.88060915,2024-01-14T00:00:00
178257,1370,1,0.88058275,2024-01-14T00:00:00
177903,1370,1,0.88053614,2024-01-14T00:00:00
65640,1370,1,0.88034,2024-01-14T00:00:00
188937,1370,1,0.88014394,2024-01-14T00:00:00
208758,11262,1,0.88005155,2024-01-14T00:00:00
227295,11262,1,0.8799569,2024-01-14T00:00:00
203277,11262,1,0.87987584,2024-01-14T00:00:00
210882,11262,1,0.87987584,2024-01-14T00:00:00
224280,11262,1,0.87987584,2024-01-14T00:00:00
96444,11262,1,0.87987584,2024-01-14T00:00:00
154485,1370,1,0.879815,2024-01-14T00:00:00
234972,1304,1,0.879799,2024-01-14T00:00:00
212721,48574,1,0.8797598,2024-01-14T00:00:00
72117,48574,1,0.87975395,2024-01-14T00:00:00
187224,1370,1,0.87970597,2024-01-14T00:00:00
202959,44302,1,0.87947035,2024-01-14T00:00:00
172695,1370,1,0.87938684,2024-01-14T00:00:00
154494,1370,1,0.8793827,2024-01-14T00:00:00
238608,1370,1,0.8793116,2024-01-14T00:00:00
188685,11262,1,0.8791881,2024-01-14T00:00:00
236490,1304,1,0.87910694,2024-01-14T00:00:00
61908,11262,1,0.878986,2024-01-14T00:00:00
153303,11262,1,0.87874144,2024-01-14T00:00:00
203871,1370,1,0.8787012,2024-01-14T00:00:00
219456,1304,1,0.8786417,2024-01-14T00:00:00
72930,33886,1,0.87859684,2024-01-14T00:00:00
184674,1370,1,0.87858725,2024-01-14T00:00:00
66879,1370,1,0.87835187,2024-01-14T00:00:00
228753,11262,1,0.8783438,2024-01-14T00:00:00
196845,48574,1,0.87829685,2024-01-14T00:00:00
182565,1370,1,0.8782206,2024-01-14T00:00:00
217848,1304,1,0.8781757,2024-01-14T00:00:00
218265,11262,1,0.8781257,2024-01-14T00:00:00
204093,1370,1,0.87806803,2024-01-14T00:00:00
155055,1370,1,0.8778723,2024-01-14T00:00:00
155052,1370,1,0.8778723,2024-01-14T00:00:00
72645,1370,1,0.8778687,2024-01-14T00:00:00
172590,1370,1,0.87785834,2024-01-14T00:00:00
212526,11262,1,0.877857,2024-01-14T00:00:00
205722,1304,1,0.8777144,2024-01-14T00:00:00
154119,11262,1,0.87767136,2024-01-14T00:00:00
183912,1370,1,0.87759864,2024-01-14T00:00:00
66915,1370,1,0.87747747,2024-01-14T00:00:00
206940,1304,1,0.8774353,2024-01-14T00:00:00
154167,1370,1,0.8774017,2024-01-14T00:00:00
198945,1370,1,0.8773519,2024-01-14T00:00:00
155085,1370,1,0.87721384,2024-01-14T00:00:00
231708,1370,1,0.87714285,2024-01-14T00:00:00
194790,11262,1,0.87696034,2024-01-14T00:00:00
157767,48574,1,0.8764328,2024-01-14T00:00:00
206421,11262,1,0.8762503,2024-01-14T00:00:00
212640,11262,1,0.8762503,2024-01-14T00:00:00
206418,11262,1,0.8762503,2024-01-14T00:00:00
230178,1370,1,0.87619364,2024-01-14T00:00:00
183789,11262,1,0.8760898,2024-01-14T00:00:00
189045,1370,1,0.8760621,2024-01-14T00:00:00
194790,1304,1,0.8760433,2024-01-14T00:00:00
178458,1370,1,0.87588185,2024-01-14T00:00:00
219231,11262,1,0.87586164,2024-01-14T00:00:00
172590,11262,1,0.8758494,2024-01-14T00:00:00
232068,11262,1,0.8758398,2024-01-14T00:00:00
228687,1370,1,0.8758363,2024-01-14T00:00:00
183387,11262,1,0.87582684,2024-01-14T00:00:00
204771,11262,1,0.87575424,2024-01-14T00:00:00
207600,11262,1,0.87575424,2024-01-14T00:00:00
203259,11262,1,0.87573135,2024-01-14T00:00:00
219420,1370,1,0.8756949,2024-01-14T00:00:00
183213,1304,1,0.87561214,2024-01-14T00:00:00
183576,1370,1,0.8754194,2024-01-14T00:00:00
172161,1370,1,0.8753108,2024-01-14T00:00:00
211767,1370,1,0.8752518,2024-01-14T00:00:00
226827,60978,1,0.87517434,2024-01-14T00:00:00
206823,11262,1,0.875126,2024-01-14T00:00:00
194208,11262,1,0.875126,2024-01-14T00:00:00
210843,11262,1,0.875126,2024-01-14T00:00:00
158610,11262,1,0.875126,2024-01-14T00:00:00
207366,11262,1,0.875126,2024-01-14T00:00:00
206355,11262,1,0.875126,2024-01-14T00:00:00
206358,11262,1,0.875126,2024-01-14T00:00:00
206988,11262,1,0.875126,2024-01-14T00:00:00
238032,59822,1,0.8750757,2024-01-14T00:00:00
209976,11262,1,0.87504476,2024-01-14T00:00:00
209622,1372,1,0.87491196,2024-01-14T00:00:00
191232,11262,1,0.8748058,2024-01-14T00:00:00
219021,11262,1,0.87477684,2024-01-14T00:00:00
206625,11262,1,0.8747539,2024-01-14T00:00:00
198210,1370,1,0.8746634,2024-01-14T00:00:00
163377,1370,1,0.8745494,2024-01-14T00:00:00
197286,48574,1,0.87429404,2024-01-14T00:00:00
206748,1304,1,0.87400836,2024-01-14T00:00:00
201798,11262,1,0.87399894,2024-01-14T00:00:00
154542,1370,1,0.8739131,2024-01-14T00:00:00
194904,44302,1,0.8739036,2024-01-14T00:00:00
226827,11262,1,0.8737216,2024-01-14T00:00:00
128334,1370,1,0.87369764,2024-01-14T00:00:00
206637,11262,1,0.87365663,2024-01-14T00:00:00
183195,1372,1,0.873592,2024-01-14T00:00:00
207999,1370,1,0.8735379,2024-01-14T00:00:00
236226,11262,1,0.87336403,2024-01-14T00:00:00
204522,1370,1,0.8731408,2024-01-14T00:00:00
177672,1370,1,0.8730713,2024-01-14T00:00:00
212211,60978,1,0.8730301,2024-01-14T00:00:00
195894,11262,1,0.8727015,2024-01-14T00:00:00
153756,11262,1,0.8726857,2024-01-14T00:00:00
231909,1370,1,0.8726399,2024-01-14T00:00:00
154275,1370,1,0.8724936,2024-01-14T00:00:00
183489,1370,1,0.8724162,2024-01-14T00:00:00
206364,11262,1,0.87230986,2024-01-14T00:00:00
197529,1370,1,0.87197375,2024-01-14T00:00:00
219048,1370,1,0.8719182,2024-01-14T00:00:00
60888,11262,1,0.8718862,2024-01-14T00:00:00
61824,1372,1,0.87187314,2024-01-14T00:00:00
195723,60978,1,0.87182736,2024-01-14T00:00:00
208575,48574,1,0.87161946,2024-01-14T00:00:00
197802,11262,1,0.87121654,2024-01-14T00:00:00
165750,1370,1,0.87114114,2024-01-14T00:00:00
223389,11262,1,0.8708714,2024-01-14T00:00:00
232035,1304,1,0.8708301,2024-01-14T00:00:00
226827,1372,1,0.870725,2024-01-14T00:00:00
198981,1372,1,0.87065727,2024-01-14T00:00:00
211632,1370,1,0.87064844,2024-01-14T00:00:00
206646,11262,1,0.8706203,2024-01-14T00:00:00
207078,11262,1,0.8706203,2024-01-14T00:00:00
210897,11262,1,0.8706203,2024-01-14T00:00:00
65631,1370,1,0.8705158,2024-01-14T00:00:00
154758,11262,1,0.8704826,2024-01-14T00:00:00
183492,11262,1,0.8703367,2024-01-14T00:00:00
154098,1370,1,0.87024796,2024-01-14T00:00:00
175293,1370,1,0.87024355,2024-01-14T00:00:00
154890,1372,1,0.87021166,2024-01-14T00:00:00
208788,60978,1,0.86984944,2024-01-14T00:00:00
184710,1370,1,0.8698362,2024-01-14T00:00:00
211524,1304,1,0.8697032,2024-01-14T00:00:00
237252,1304,1,0.86969244,2024-01-14T00:00:00
238263,48574,1,0.86968386,2024-01-14T00:00:00
181101,11262,1,0.86967415,2024-01-14T00:00:00
198882,44302,1,0.8695197,2024-01-14T00:00:00
183573,11262,1,0.86939263,2024-01-14T00:00:00
233970,1370,1,0.8693124,2024-01-14T00:00:00
216108,1370,1,0.8693124,2024-01-14T00:00:00
186657,1370,1,0.86930853,2024-01-14T00:00:00
238218,48574,1,0.86921537,2024-01-14T00:00:00
65328,1370,1,0.8689861,2024-01-14T00:00:00
156063,1370,1,0.8689643,2024-01-14T00:00:00
212775,1370,1,0.86890835,2024-01-14T00:00:00
195063,1370,1,0.8687548,2024-01-14T00:00:00
64353,1370,1,0.8687094,2024-01-14T00:00:00
210045,1370,1,0.86862016,2024-01-14T00:00:00
75723,11262,1,0.8685588,2024-01-14T00:00:00
203133,1370,1,0.86845064,2024-01-14T00:00:00
203247,1370,1,0.8684226,2024-01-14T00:00:00
210834,1370,1,0.8684226,2024-01-14T00:00:00
217002,1370,1,0.8683958,2024-01-14T00:00:00
231663,11262,1,0.86823547,2024-01-14T00:00:00
231162,1370,1,0.86782944,2024-01-14T00:00:00
163101,11262,1,0.86775804,2024-01-14T00:00:00
64299,1372,1,0.8675554,2024-01-14T00:00:00
176403,1372,1,0.86750424,2024-01-14T00:00:00
71766,1304,1,0.86737,2024-01-14T00:00:00
204483,1370,1,0.8672823,2024-01-14T00:00:00
211413,1370,1,0.8672429,2024-01-14T00:00:00
183789,1372,1,0.8670771,2024-01-14T00:00:00
183492,30500,1,0.86670876,2024-01-14T00:00:00
236226,30500,1,0.86670876,2024-01-14T00:00:00
207618,1370,1,0.8666674,2024-01-14T00:00:00
223968,48574,1,0.86660016,2024-01-14T00:00:00
72558,11262,1,0.8665775,2024-01-14T00:00:00
227973,1370,1,0.86653954,2024-01-14T00:00:00
204762,1370,1,0.86653954,2024-01-14T00:00:00
238611,1370,1,0.8664046,2024-01-14T00:00:00
232827,1372,1,0.8663252,2024-01-14T00:00:00
224787,11262,1,0.86631745,2024-01-14T00:00:00
186990,1370,1,0.86608434,2024-01-14T00:00:00
64299,11262,1,0.86605465,2024-01-14T00:00:00
181149,1370,1,0.8660216,2024-01-14T00:00:00
237057,1370,1,0.86595535,2024-01-14T00:00:00
208575,60978,1,0.8658478,2024-01-14T00:00:00
216981,1370,1,0.86572456,2024-01-14T00:00:00
191892,56714,1,0.8656303,2024-01-14T00:00:00
203073,1370,1,0.86562955,2024-01-14T00:00:00
178458,48574,1,0.8656106,2024-01-14T00:00:00
188937,11262,1,0.86558235,2024-01-14T00:00:00
225747,11262,1,0.86557716,2024-01-14T00:00:00
163044,1370,1,0.8654896,2024-01-14T00:00:00
227988,1370,1,0.8653241,2024-01-14T00:00:00
217848,33886,1,0.86517626,2024-01-14T00:00:00
228438,11262,1,0.8650485,2024-01-14T00:00:00
225501,11262,1,0.864924,2024-01-14T00:00:00
229527,56714,1,0.8645276,2024-01-14T00:00:00
187101,11262,1,0.86448956,2024-01-14T00:00:00
174468,30500,1,0.8644852,2024-01-14T00:00:00
165762,1304,1,0.8644103,2024-01-14T00:00:00
236490,48574,1,0.86433893,2024-01-14T00:00:00
203094,11262,1,0.8643074,2024-01-14T00:00:00
140277,11262,1,0.8643074,2024-01-14T00:00:00
233427,11262,1,0.8643074,2024-01-14T00:00:00
25743,1370,1,0.86428475,2024-01-14T00:00:00
196845,1372,1,0.86416143,2024-01-14T00:00:00
211533,1372,1,0.8641563,2024-01-14T00:00:00
72117,1370,1,0.8640325,2024-01-14T00:00:00
172035,1370,1,0.86400676,2024-01-14T00:00:00
203082,1370,1,0.8638217,2024-01-14T00:00:00
192714,1370,1,0.8638217,2024-01-14T00:00:00
184698,1370,1,0.86381733,2024-01-14T00:00:00
154707,11262,1,0.8637965,2024-01-14T00:00:00
167316,1304,1,0.86375713,2024-01-14T00:00:00
154119,1370,1,0.8637293,2024-01-14T00:00:00
222750,1370,1,0.86372465,2024-01-14T00:00:00
129135,1370,1,0.8637185,2024-01-14T00:00:00
129264,11262,1,0.86357874,2024-01-14T00:00:00
77484,11262,1,0.86355233,2024-01-14T00:00:00
203724,11262,1,0.86344266,2024-01-14T00:00:00
153885,11262,1,0.8633521,2024-01-14T00:00:00
204759,1370,1,0.8633487,2024-01-14T00:00:00
212721,1372,1,0.86307055,2024-01-14T00:00:00
167316,11262,1,0.8629378,2024-01-14T00:00:00
204411,11262,1,0.8628763,2024-01-14T00:00:00
211413,1304,1,0.8627906,2024-01-14T00:00:00
129081,48574,1,0.8627413,2024-01-14T00:00:00
200259,48574,1,0.86255014,2024-01-14T00:00:00
191247,1304,1,0.8625204,2024-01-14T00:00:00
208599,1304,1,0.86251384,2024-01-14T00:00:00
187806,60978,1,0.86243176,2024-01-14T00:00:00
233559,1304,1,0.86237067,2024-01-14T00:00:00
188196,1370,1,0.8622928,2024-01-14T00:00:00
166995,1370,1,0.8622793,2024-01-14T00:00:00
171702,1370,1,0.8621843,2024-01-14T00:00:00
72930,39186,1,0.8621403,2024-01-14T00:00:00
187839,1370,1,0.8621215,2024-01-14T00:00:00
203178,1372,1,0.86193436,2024-01-14T00:00:00
208515,48574,1,0.86188823,2024-01-14T00:00:00
234030,48574,1,0.86188823,2024-01-14T00:00:00
224925,11262,1,0.8617821,2024-01-14T00:00:00
219030,11262,1,0.8617821,2024-01-14T00:00:00
208758,48574,1,0.86168355,2024-01-14T00:00:00
177873,59822,1,0.8616698,2024-01-14T00:00:00
177873,1304,1,0.8616698,2024-01-14T00:00:00
219231,48574,1,0.86157274,2024-01-14T00:00:00
186174,1370,1,0.86154646,2024-01-14T00:00:00
237057,1372,1,0.8615237,2024-01-14T00:00:00
160029,48574,1,0.8613833,2024-01-14T00:00:00
198882,11262,1,0.86123824,2024-01-14T00:00:00
176403,11262,1,0.86122227,2024-01-14T00:00:00
172161,11262,1,0.8611116,2024-01-14T00:00:00
195723,11262,1,0.861097,2024-01-14T00:00:00
227469,1370,1,0.86108536,2024-01-14T00:00:00
204276,11262,1,0.86103266,2024-01-14T00:00:00
128763,1370,1,0.8610257,2024-01-14T00:00:00
218265,1370,1,0.86095256,2024-01-14T00:00:00
230073,33886,1,0.8608151,2024-01-14T00:00:00
225672,11262,1,0.86079586,2024-01-14T00:00:00
203532,1304,1,0.8607474,2024-01-14T00:00:00
203706,1304,1,0.8607474,2024-01-14T00:00:00
201564,1304,1,0.8607474,2024-01-14T00:00:00
203709,1304,1,0.8607474,2024-01-14T00:00:00
195507,1304,1,0.8607474,2024-01-14T00:00:00
195507,59822,1,0.8607474,2024-01-14T00:00:00
203706,59822,1,0.8607474,2024-01-14T00:00:00
232035,11262,1,0.8607433,2024-01-14T00:00:00
226827,30500,1,0.86072713,2024-01-14T00:00:00
217848,30500,1,0.86059946,2024-01-14T00:00:00
237252,11262,1,0.86043626,2024-01-14T00:00:00
228438,1370,1,0.8603105,2024-01-14T00:00:00
197286,60978,1,0.86018854,2024-01-14T00:00:00
72117,1372,1,0.8595476,2024-01-14T00:00:00
232269,1304,1,0.8593496,2024-01-14T00:00:00
220728,1304,1,0.8593496,2024-01-14T00:00:00
188787,44302,1,0.85933983,2024-01-14T00:00:00
221115,1304,1,0.8592054,2024-01-14T00:00:00
212211,11262,1,0.8592009,2024-01-14T00:00:00
236226,60978,1,0.85910344,2024-01-14T00:00:00
128763,11262,1,0.85906464,2024-01-14T00:00:00
221115,11262,1,0.8590591,2024-01-14T00:00:00
187806,44302,1,0.859,2024-01-14T00:00:00
231459,1372,1,0.85899717,2024-01-14T00:00:00
155097,1304,1,0.8588246,2024-01-14T00:00:00
164970,11262,1,0.85878336,2024-01-14T00:00:00
229539,48574,1,0.85870373,2024-01-14T00:00:00
198882,1304,1,0.8586964,2024-01-14T00:00:00
216108,30500,1,0.85859555,2024-01-14T00:00:00
206748,33886,1,0.85858464,2024-01-14T00:00:00
154434,1370,1,0.85849035,2024-01-14T00:00:00
220269,48574,1,0.85837317,2024-01-14T00:00:00
178830,1370,1,0.85835373,2024-01-14T00:00:00
71766,11262,1,0.8583461,2024-01-14T00:00:00
68676,11262,1,0.8583346,2024-01-14T00:00:00
219522,1370,1,0.8579917,2024-01-14T00:00:00
155403,11262,1,0.85787666,2024-01-14T00:00:00
61902,1370,1,0.8578707,2024-01-14T00:00:00
206952,11262,1,0.85767317,2024-01-14T00:00:00
183105,1372,1,0.8574028,2024-01-14T00:00:00
212745,1370,1,0.85701054,2024-01-14T00:00:00
219450,1370,1,0.85700184,2024-01-14T00:00:00
165183,1370,1,0.85692495,2024-01-14T00:00:00
154890,30500,1,0.856791,2024-01-14T00:00:00
154707,1370,1,0.8565632,2024-01-14T00:00:00
206787,11262,1,0.8564413,2024-01-14T00:00:00
238827,11262,1,0.8564413,2024-01-14T00:00:00
206772,11262,1,0.8564413,2024-01-14T00:00:00
216366,11262,1,0.8564413,2024-01-14T00:00:00
206856,11262,1,0.8564413,2024-01-14T00:00:00
196302,11262,1,0.8564413,2024-01-14T00:00:00
206955,11262,1,0.8564413,2024-01-14T00:00:00
61977,11262,1,0.8564413,2024-01-14T00:00:00
167571,11262,1,0.85641646,2024-01-14T00:00:00
61353,1304,1,0.85638887,2024-01-14T00:00:00
203088,1370,1,0.8563595,2024-01-14T00:00:00
171939,1370,1,0.8562926,2024-01-14T00:00:00
210141,11262,1,0.85618216,2024-01-14T00:00:00
228729,1304,1,0.85616004,2024-01-14T00:00:00
167571,1370,1,0.8561243,2024-01-14T00:00:00
212721,1370,1,0.85611063,2024-01-14T00:00:00
154476,1370,1,0.8560417,2024-01-14T00:00:00
212442,11262,1,0.8560074,2024-01-14T00:00:00
188937,1304,1,0.85594356,2024-01-14T00:00:00
183492,60978,1,0.8557915,2024-01-14T00:00:00
174279,11262,1,0.8557283,2024-01-14T00:00:00
25749,44302,1,0.8555981,2024-01-14T00:00:00
226827,1304,1,0.85559225,2024-01-14T00:00:00
167316,1372,1,0.8552601,2024-01-14T00:00:00
212745,1304,1,0.8551367,2024-01-14T00:00:00
208536,1304,1,0.85505843,2024-01-14T00:00:00
237765,1304,1,0.85505843,2024-01-14T00:00:00
238689,1304,1,0.85505843,2024-01-14T00:00:00
203301,1304,1,0.85505843,2024-01-14T00:00:00
203295,1304,1,0.85505843,2024-01-14T00:00:00
235842,1370,1,0.8550139,2024-01-14T00:00:00
165717,1304,1,0.85468286,2024-01-14T00:00:00
186327,1370,1,0.8542384,2024-01-14T00:00:00
205740,1370,1,0.85387987,2024-01-14T00:00:00
200259,1372,1,0.8538192,2024-01-14T00:00:00
232614,11262,1,0.85359746,2024-01-14T00:00:00
208899,1304,1,0.85352993,2024-01-14T00:00:00
206940,30500,1,0.8534973,2024-01-14T00:00:00
206748,30500,1,0.8534973,2024-01-14T00:00:00
234018,1370,1,0.8534844,2024-01-14T00:00:00
186378,1370,1,0.8534775,2024-01-14T00:00:00
163578,1370,1,0.85346705,2024-01-14T00:00:00
183195,48574,1,0.8531235,2024-01-14T00:00:00
194904,1304,1,0.8528626,2024-01-14T00:00:00
224841,11262,1,0.85279346,2024-01-14T00:00:00
72045,11262,1,0.85254675,2024-01-14T00:00:00
205191,11262,1,0.85254675,2024-01-14T00:00:00
200508,1370,1,0.85253954,2024-01-14T00:00:00
208545,1304,1,0.8524815,2024-01-14T00:00:00
206376,33886,1,0.85247535,2024-01-14T00:00:00
222204,11262,1,0.8524391,2024-01-14T00:00:00
221115,1372,1,0.85238767,2024-01-14T00:00:00
194229,11262,1,0.85236984,2024-01-14T00:00:00
235335,11262,1,0.85233426,2024-01-14T00:00:00
67764,1304,1,0.8523322,2024-01-14T00:00:00
128685,1304,1,0.85227066,2024-01-14T00:00:00
210981,11262,1,0.8521562,2024-01-14T00:00:00
182565,11262,1,0.8520909,2024-01-14T00:00:00
211473,11262,1,0.8519546,2024-01-14T00:00:00
212211,10652,1,0.8518523,2024-01-14T00:00:00
223104,1372,1,0.8518195,2024-01-14T00:00:00
210627,1370,1,0.8516866,2024-01-14T00:00:00
238032,33886,1,0.8515525,2024-01-14T00:00:00
153885,1370,1,0.8514362,2024-01-14T00:00:00
220728,1370,1,0.8514276,2024-01-14T00:00:00
232269,1370,1,0.8514276,2024-01-14T00:00:00
209976,1304,1,0.851388,2024-01-14T00:00:00
209829,1304,1,0.851388,2024-01-14T00:00:00
166356,11262,1,0.85131717,2024-01-14T00:00:00
222906,60978,1,0.8512511,2024-01-14T00:00:00
178230,1370,1,0.85120153,2024-01-14T00:00:00
207996,11262,1,0.85111505,2024-01-14T00:00:00
232503,1372,1,0.8509955,2024-01-14T00:00:00
206868,11262,1,0.8506754,2024-01-14T00:00:00
238878,1370,1,0.8506553,2024-01-14T00:00:00
208500,1304,1,0.8504983,2024-01-14T00:00:00
208806,1304,1,0.8504983,2024-01-14T00:00:00
212430,1304,1,0.8504353,2024-01-14T00:00:00
232068,1304,1,0.8503979,2024-01-14T00:00:00
183213,1370,1,0.8503565,2024-01-14T00:00:00
228729,11262,1,0.85032034,2024-01-14T00:00:00
188853,11262,1,0.85032034,2024-01-14T00:00:00
204222,11262,1,0.85014707,2024-01-14T00:00:00
208788,44302,1,0.85012007,2024-01-14T00:00:00
154098,11262,1,0.8500817,2024-01-14T00:00:00
203517,1370,1,0.8499451,2024-01-14T00:00:00
65640,11262,1,0.8499177,2024-01-14T00:00:00
187395,1370,1,0.84985864,2024-01-14T00:00:00
188853,1304,1,0.8498509,2024-01-14T00:00:00
154146,1372,1,0.8497741,2024-01-14T00:00:00
188637,11262,1,0.84959275,2024-01-14T00:00:00
195723,1370,1,0.84948087,2024-01-14T00:00:00
210111,1370,1,0.84943336,2024-01-14T00:00:00
176472,11262,1,0.84937644,2024-01-14T00:00:00
232035,1370,1,0.84930676,2024-01-14T00:00:00
186384,1370,1,0.84926164,2024-01-14T00:00:00
66843,1370,1,0.8492306,2024-01-14T00:00:00
211473,1304,1,0.84913987,2024-01-14T00:00:00
204144,1370,1,0.8491011,2024-01-14T00:00:00
166362,1370,1,0.8491011,2024-01-14T00:00:00
185244,1370,1,0.84908706,2024-01-14T00:00:00
184485,1370,1,0.84905154,2024-01-14T00:00:00
219030,1372,1,0.84889233,2024-01-14T00:00:00
224925,1372,1,0.84889233,2024-01-14T00:00:00
157767,1372,1,0.8488472,2024-01-14T00:00:00
203820,11262,1,0.84878016,2024-01-14T00:00:00
220179,11262,1,0.8487147,2024-01-14T00:00:00
224208,11262,1,0.8486747,2024-01-14T00:00:00
159831,1370,1,0.8485765,2024-01-14T00:00:00
207927,1370,1,0.8485765,2024-01-14T00:00:00
201837,59822,1,0.8483745,2024-01-14T00:00:00
235191,1304,1,0.8483745,2024-01-14T00:00:00
201837,1304,1,0.8483745,2024-01-14T00:00:00
232827,60978,1,0.8480652,2024-01-14T00:00:00
187797,39186,1,0.8479901,2024-01-14T00:00:00
208758,44302,1,0.847795,2024-01-14T00:00:00
177873,11262,1,0.847766,2024-01-14T00:00:00
227292,1304,1,0.84775496,2024-01-14T00:00:00
186951,1304,1,0.8475251,2024-01-14T00:00:00
163554,11262,1,0.8475187,2024-01-14T00:00:00
206748,60978,1,0.8475171,2024-01-14T00:00:00
72558,1304,1,0.84730536,2024-01-14T00:00:00
212256,1304,1,0.847264,2024-01-14T00:00:00
197802,30500,1,0.8472106,2024-01-14T00:00:00
227295,1304,1,0.8472065,2024-01-14T00:00:00
167316,48574,1,0.8471729,2024-01-14T00:00:00
188730,11262,1,0.8470282,2024-01-14T00:00:00
198573,30500,1,0.8470235,2024-01-14T00:00:00
223518,1370,1,0.8469576,2024-01-14T00:00:00
128901,1304,1,0.84691113,2024-01-14T00:00:00
183675,1370,1,0.84691095,2024-01-14T00:00:00
208206,1370,1,0.8468925,2024-01-14T00:00:00
61353,11262,1,0.8468088,2024-01-14T00:00:00
210876,1370,1,0.84674186,2024-01-14T00:00:00
188730,1304,1,0.8464815,2024-01-14T00:00:00
154011,1304,1,0.8464815,2024-01-14T00:00:00
187734,1304,1,0.8464815,2024-01-14T00:00:00
238887,1304,1,0.8464815,2024-01-14T00:00:00
212256,1370,1,0.8464323,2024-01-14T00:00:00
187734,11262,1,0.84637374,2024-01-14T00:00:00
154011,11262,1,0.84637374,2024-01-14T00:00:00
208053,11262,1,0.8463607,2024-01-14T00:00:00
207498,11262,1,0.846313,2024-01-14T00:00:00
192618,1304,1,0.8461357,2024-01-14T00:00:00
211476,1304,1,0.84600943,2024-01-14T00:00:00
206343,30500,1,0.84590924,2024-01-14T00:00:00
25749,30500,1,0.84589416,2024-01-14T00:00:00
210876,1304,1,0.8458789,2024-01-14T00:00:00
67740,11262,1,0.8458312,2024-01-14T00:00:00
222906,11262,1,0.8457207,2024-01-14T00:00:00
208575,44302,1,0.8456195,2024-01-14T00:00:00
238032,30500,1,0.84545183,2024-01-14T00:00:00
162624,1370,1,0.8454071,2024-01-14T00:00:00
198882,1370,1,0.8453187,2024-01-14T00:00:00
187974,1370,1,0.8452514,2024-01-14T00:00:00
163131,1370,1,0.84523183,2024-01-14T00:00:00
184485,1304,1,0.84510374,2024-01-14T00:00:00
172161,30500,1,0.84503907,2024-01-14T00:00:00
208491,1304,1,0.84500754,2024-01-14T00:00:00
208506,1304,1,0.84500754,2024-01-14T00:00:00
208524,1304,1,0.84500754,2024-01-14T00:00:00
212571,1304,1,0.84500754,2024-01-14T00:00:00
209976,30500,1,0.8449023,2024-01-14T00:00:00
225393,1304,1,0.8447697,2024-01-14T00:00:00
203256,48574,1,0.84474957,2024-01-14T00:00:00
203454,48574,1,0.84474957,2024-01-14T00:00:00
212112,48574,1,0.84474957,2024-01-14T00:00:00
203268,48574,1,0.84474957,2024-01-14T00:00:00
188637,1304,1,0.8444441,2024-01-14T00:00:00
222516,1304,1,0.84425676,2024-01-14T00:00:00
222516,59822,1,0.84425676,2024-01-14T00:00:00
61692,11262,1,0.84420794,2024-01-14T00:00:00
221115,48574,1,0.84416926,2024-01-14T00:00:00
179838,1304,1,0.8439526,2024-01-14T00:00:00
179838,59822,1,0.8439526,2024-01-14T00:00:00
210120,1370,1,0.84371036,2024-01-14T00:00:00
225699,1370,1,0.8435849,2024-01-14T00:00:00
165927,1372,1,0.8434692,2024-01-14T00:00:00
183213,48574,1,0.843378,2024-01-14T00:00:00
213513,1304,1,0.84324193,2024-01-14T00:00:00
66777,1372,1,0.8432183,2024-01-14T00:00:00
203724,10652,1,0.84308034,2024-01-14T00:00:00
183675,1304,1,0.8429176,2024-01-14T00:00:00
96444,48574,1,0.8425896,2024-01-14T00:00:00
228753,1304,1,0.84252053,2024-01-14T00:00:00
60864,1370,1,0.84211355,2024-01-14T00:00:00
220632,1370,1,0.84211355,2024-01-14T00:00:00
205821,1372,1,0.84207517,2024-01-14T00:00:00
210882,48574,1,0.84184456,2024-01-14T00:00:00
224280,48574,1,0.84184456,2024-01-14T00:00:00
184863,48574,1,0.8418108,2024-01-14T00:00:00
165927,48574,1,0.8416465,2024-01-14T00:00:00
194904,10652,1,0.84163076,2024-01-14T00:00:00
209697,11262,1,0.8416009,2024-01-14T00:00:00
211527,1304,1,0.8415221,2024-01-14T00:00:00
206760,1304,1,0.8415221,2024-01-14T00:00:00
187974,1304,1,0.84122276,2024-01-14T00:00:00
187974,59822,1,0.84122276,2024-01-14T00:00:00
161208,1304,1,0.84110713,2024-01-14T00:00:00
198573,39186,1,0.84101075,2024-01-14T00:00:00
222711,1370,1,0.8409842,2024-01-14T00:00:00
164457,1370,1,0.84076107,2024-01-14T00:00:00
225501,48574,1,0.8406119,2024-01-14T00:00:00
202818,11262,1,0.8405636,2024-01-14T00:00:00
153888,11262,1,0.8405169,2024-01-14T00:00:00
194904,30500,1,0.8405165,2024-01-14T00:00:00
164337,11262,1,0.84046525,2024-01-14T00:00:00
166362,11262,1,0.84046525,2024-01-14T00:00:00
177873,48574,1,0.84040326,2024-01-14T00:00:00
186078,1372,1,0.8403107,2024-01-14T00:00:00
184863,1372,1,0.840258,2024-01-14T00:00:00
217848,56714,1,0.8401265,2024-01-14T00:00:00
207240,1370,1,0.84002614,2024-01-14T00:00:00
179496,1304,1,0.83993447,2024-01-14T00:00:00
188787,60978,1,0.839812,2024-01-14T00:00:00
228438,30500,1,0.8397528,2024-01-14T00:00:00
67764,11262,1,0.83962655,2024-01-14T00:00:00
204795,1372,1,0.83952487,2024-01-14T00:00:00
207345,11262,1,0.8395047,2024-01-14T00:00:00
162957,1370,1,0.83943105,2024-01-14T00:00:00
197286,11262,1,0.8393993,2024-01-14T00:00:00
203661,48574,1,0.8393971,2024-01-14T00:00:00
218061,48574,1,0.8393971,2024-01-14T00:00:00
197286,44302,1,0.83926535,2024-01-14T00:00:00
207216,1370,1,0.83925074,2024-01-14T00:00:00
207330,1370,1,0.8391914,2024-01-14T00:00:00
220713,1370,1,0.83913946,2024-01-14T00:00:00
186438,1370,1,0.83913714,2024-01-14T00:00:00
72045,60978,1,0.8389763,2024-01-14T00:00:00
207387,11262,1,0.8389259,2024-01-14T00:00:00
225501,56714,1,0.8388032,2024-01-14T00:00:00
166002,1304,1,0.83873475,2024-01-14T00:00:00
172695,1372,1,0.83862865,2024-01-14T00:00:00
211812,1304,1,0.8384953,2024-01-14T00:00:00
153084,1372,1,0.8384772,2024-01-14T00:00:00
184488,1304,1,0.8383708,2024-01-14T00:00:00
153756,1372,1,0.8382306,2024-01-14T00:00:00
198981,1304,1,0.8382049,2024-01-14T00:00:00
187806,10652,1,0.83809847,2024-01-14T00:00:00
228729,30500,1,0.8380976,2024-01-14T00:00:00
229473,1304,1,0.8380538,2024-01-14T00:00:00
187101,1372,1,0.83793765,2024-01-14T00:00:00
154068,11262,1,0.83785546,2024-01-14T00:00:00
204144,11262,1,0.83775574,2024-01-14T00:00:00
207129,1304,1,0.8376613,2024-01-14T00:00:00
206664,1304,1,0.8376613,2024-01-14T00:00:00
206670,1304,1,0.8376613,2024-01-14T00:00:00
206838,1304,1,0.8376613,2024-01-14T00:00:00
165744,1370,1,0.8376047,2024-01-14T00:00:00
188700,1370,1,0.8376047,2024-01-14T00:00:00
166005,1304,1,0.83754814,2024-01-14T00:00:00
188853,48574,1,0.837386,2024-01-14T00:00:00
186174,11262,1,0.8372264,2024-01-14T00:00:00
230010,1370,1,0.83703274,2024-01-14T00:00:00
205191,60978,1,0.83694214,2024-01-14T00:00:00
200259,11262,1,0.83681214,2024-01-14T00:00:00
178257,1304,1,0.8367415,2024-01-14T00:00:00
188700,1304,1,0.83670026,2024-01-14T00:00:00
226848,1304,1,0.83670026,2024-01-14T00:00:00
232827,1304,1,0.8365562,2024-01-14T00:00:00
235299,1304,1,0.8364487,2024-01-14T00:00:00
211473,48574,1,0.8364477,2024-01-14T00:00:00
210141,48574,1,0.8364477,2024-01-14T00:00:00
206418,1304,1,0.8363231,2024-01-14T00:00:00
206421,1304,1,0.8363231,2024-01-14T00:00:00
206418,59822,1,0.8363231,2024-01-14T00:00:00
206421,59822,1,0.8363231,2024-01-14T00:00:00
61344,11262,1,0.8362939,2024-01-14T00:00:00
203727,48574,1,0.836197,2024-01-14T00:00:00
211989,48574,1,0.836197,2024-01-14T00:00:00
165927,1304,1,0.83616483,2024-01-14T00:00:00
208116,48574,1,0.83612335,2024-01-14T00:00:00
220011,1304,1,0.8360376,2024-01-14T00:00:00
223782,1304,1,0.8359946,2024-01-14T00:00:00
156057,11262,1,0.83593655,2024-01-14T00:00:00
161667,11262,1,0.8356545,2024-01-14T00:00:00
203829,11262,1,0.8356103,2024-01-14T00:00:00
212211,44302,1,0.8355959,2024-01-14T00:00:00
177873,30500,1,0.83552,2024-01-14T00:00:00
208758,1304,1,0.83548504,2024-01-14T00:00:00
175899,11262,1,0.8353672,2024-01-14T00:00:00
163101,1370,1,0.83518016,2024-01-14T00:00:00
210981,1370,1,0.83518016,2024-01-14T00:00:00
176472,1304,1,0.8349069,2024-01-14T00:00:00
59700,1304,1,0.83484536,2024-01-14T00:00:00
59700,59822,1,0.83484536,2024-01-14T00:00:00
188937,48574,1,0.8348391,2024-01-14T00:00:00
153204,1372,1,0.8347776,2024-01-14T00:00:00
225699,11262,1,0.8347661,2024-01-14T00:00:00
178458,1372,1,0.8346787,2024-01-14T00:00:00
161208,48574,1,0.83462375,2024-01-14T00:00:00
128502,1304,1,0.83452296,2024-01-14T00:00:00
212526,48574,1,0.8344392,2024-01-14T00:00:00
236226,56714,1,0.8343904,2024-01-14T00:00:00
153960,11262,1,0.83406824,2024-01-14T00:00:00
157398,11262,1,0.83406097,2024-01-14T00:00:00
206376,56714,1,0.83380735,2024-01-14T00:00:00
164007,48574,1,0.8337955,2024-01-14T00:00:00
191256,1370,1,0.83373094,2024-01-14T00:00:00
238218,1370,1,0.8336623,2024-01-14T00:00:00
183105,48574,1,0.8335845,2024-01-14T00:00:00
212220,48574,1,0.8335845,2024-01-14T00:00:00
158610,1304,1,0.83337075,2024-01-14T00:00:00
210843,1304,1,0.83337075,2024-01-14T00:00:00
206823,59822,1,0.83337075,2024-01-14T00:00:00
207366,1304,1,0.83337075,2024-01-14T00:00:00
166437,1372,1,0.833272,2024-01-14T00:00:00
209697,1370,1,0.83316857,2024-01-14T00:00:00
222438,11262,1,0.8331316,2024-01-14T00:00:00
219381,11262,1,0.83303124,2024-01-14T00:00:00
198279,1304,1,0.83292735,2024-01-14T00:00:00
220728,56714,1,0.8328511,2024-01-14T00:00:00
164661,1304,1,0.8328473,2024-01-14T00:00:00
187806,56714,1,0.8325848,2024-01-14T00:00:00
230073,30500,1,0.8324661,2024-01-14T00:00:00
181860,1304,1,0.83239895,2024-01-14T00:00:00
186987,11262,1,0.8323955,2024-01-14T00:00:00
165927,30500,1,0.8322054,2024-01-14T00:00:00
229473,11262,1,0.83212584,2024-01-14T00:00:00
203439,48574,1,0.8320957,2024-01-14T00:00:00
210978,1372,1,0.8318765,2024-01-14T00:00:00
210141,30500,1,0.83182126,2024-01-14T00:00:00
62337,11262,1,0.83169097,2024-01-14T00:00:00
186174,48574,1,0.83166,2024-01-14T00:00:00
66465,1304,1,0.8315167,2024-01-14T00:00:00
128502,1370,1,0.8314562,2024-01-14T00:00:00
225393,48574,1,0.83136183,2024-01-14T00:00:00
161208,11262,1,0.8312786,2024-01-14T00:00:00
184863,1370,1,0.83105665,2024-01-14T00:00:00
191232,1304,1,0.8310254,2024-01-14T00:00:00
189045,11262,1,0.830968,2024-01-14T00:00:00
157224,11262,1,0.83096474,2024-01-14T00:00:00
204093,1304,1,0.83075637,2024-01-14T00:00:00
153882,1304,1,0.83061093,2024-01-14T00:00:00
203811,11262,1,0.8304174,2024-01-14T00:00:00
66465,1372,1,0.8301795,2024-01-14T00:00:00
194229,33886,1,0.82986045,2024-01-14T00:00:00
60888,1304,1,0.8297141,2024-01-14T00:00:00
192159,1370,1,0.82963216,2024-01-14T00:00:00
210840,11262,1,0.82959163,2024-01-14T00:00:00
206673,11262,1,0.82959163,2024-01-14T00:00:00
232269,56714,1,0.82955265,2024-01-14T00:00:00
68496,1370,1,0.8294798,2024-01-14T00:00:00
206376,60978,1,0.8294144,2024-01-14T00:00:00
66843,48574,1,0.82927954,2024-01-14T00:00:00
157500,1370,1,0.8289505,2024-01-14T00:00:00
160770,48574,1,0.82891345,2024-01-14T00:00:00
62817,60978,1,0.828728,2024-01-14T00:00:00
183387,1304,1,0.82856727,2024-01-14T00:00:00
207219,1370,1,0.8284701,2024-01-14T00:00:00
167652,1370,1,0.828463,2024-01-14T00:00:00
219030,48574,1,0.8283769,2024-01-14T00:00:00
219420,11262,1,0.82836986,2024-01-14T00:00:00
61353,48574,1,0.8283533,2024-01-14T00:00:00
195723,10652,1,0.8282146,2024-01-14T00:00:00
69249,11262,1,0.8281827,2024-01-14T00:00:00
153315,1304,1,0.8280172,2024-01-14T00:00:00
128685,11262,1,0.8279613,2024-01-14T00:00:00
178257,48574,1,0.8279062,2024-01-14T00:00:00
188604,1304,1,0.82747704,2024-01-14T00:00:00
206868,1304,1,0.8274487,2024-01-14T00:00:00
172587,11262,1,0.8273791,2024-01-14T00:00:00
206937,11262,1,0.82729393,2024-01-14T00:00:00
187101,1304,1,0.8271842,2024-01-14T00:00:00
211473,30500,1,0.82702225,2024-01-14T00:00:00
59700,48574,1,0.8270192,2024-01-14T00:00:00
236226,10652,1,0.827011,2024-01-14T00:00:00
153072,1372,1,0.82657886,2024-01-14T00:00:00
200259,60978,1,0.8265492,2024-01-14T00:00:00
194229,30500,1,0.8262567,2024-01-14T00:00:00
238218,1304,1,0.82617307,2024-01-14T00:00:00
238536,1372,1,0.8261634,2024-01-14T00:00:00
188331,44302,1,0.8260451,2024-01-14T00:00:00
206760,48574,1,0.82596064,2024-01-14T00:00:00
210186,48574,1,0.82596064,2024-01-14T00:00:00
206940,44302,1,0.8259502,2024-01-14T00:00:00
206748,44302,1,0.8259502,2024-01-14T00:00:00
173940,59822,1,0.82556087,2024-01-14T00:00:00
173940,1304,1,0.82556087,2024-01-14T00:00:00
155100,11262,1,0.82555693,2024-01-14T00:00:00
186078,11262,1,0.82553,2024-01-14T00:00:00
172719,11262,1,0.8253552,2024-01-14T00:00:00
211524,56714,1,0.825036,2024-01-14T00:00:00
174468,1372,1,0.82492745,2024-01-14T00:00:00
234297,1370,1,0.82486767,2024-01-14T00:00:00
171702,48574,1,0.8245864,2024-01-14T00:00:00
209073,1370,1,0.8243739,2024-01-14T00:00:00
208812,11262,1,0.82434064,2024-01-14T00:00:00
60882,30500,1,0.8241563,2024-01-14T00:00:00
223968,30500,1,0.8241563,2024-01-14T00:00:00
183492,10652,1,0.8240804,2024-01-14T00:00:00
187224,30500,1,0.82399124,2024-01-14T00:00:00
198522,1304,1,0.82398206,2024-01-14T00:00:00
128334,30500,1,0.82396436,2024-01-14T00:00:00
226662,33886,1,0.8238873,2024-01-14T00:00:00
166128,30500,1,0.8238211,2024-01-14T00:00:00
153303,1372,1,0.8235627,2024-01-14T00:00:00
178230,11262,1,0.8235513,2024-01-14T00:00:00
62817,1304,1,0.8235189,2024-01-14T00:00:00
206427,1304,1,0.8235118,2024-01-14T00:00:00
225393,11262,1,0.82349664,2024-01-14T00:00:00
206940,39186,1,0.8234488,2024-01-14T00:00:00
206439,1304,1,0.82334274,2024-01-14T00:00:00
194790,1372,1,0.82319313,2024-01-14T00:00:00
217782,11262,1,0.82309604,2024-01-14T00:00:00
128502,30500,1,0.82300454,2024-01-14T00:00:00
60882,11262,1,0.82291025,2024-01-14T00:00:00
223968,11262,1,0.82291025,2024-01-14T00:00:00
179790,1304,1,0.8229038,2024-01-14T00:00:00
153279,59822,1,0.82289016,2024-01-14T00:00:00
153279,1304,1,0.82289016,2024-01-14T00:00:00
128469,48574,1,0.8228818,2024-01-14T00:00:00
128526,60978,1,0.8228556,2024-01-14T00:00:00
154887,1372,1,0.82272637,2024-01-14T00:00:00
205812,1372,1,0.8227209,2024-01-14T00:00:00
203259,48574,1,0.8227024,2024-01-14T00:00:00
205821,11262,1,0.8225716,2024-01-14T00:00:00
154956,11262,1,0.8224375,2024-01-14T00:00:00
232827,11262,1,0.8221451,2024-01-14T00:00:00
200964,11262,1,0.82198805,2024-01-14T00:00:00
209184,11262,1,0.82198805,2024-01-14T00:00:00
232404,1304,1,0.8218978,2024-01-14T00:00:00
157224,1304,1,0.8218923,2024-01-14T00:00:00
128538,56714,1,0.8216233,2024-01-14T00:00:00
165726,1370,1,0.8215972,2024-01-14T00:00:00
208341,11262,1,0.8215811,2024-01-14T00:00:00
203796,11262,1,0.8215811,2024-01-14T00:00:00
175878,1304,1,0.821491,2024-01-14T00:00:00
225276,1304,1,0.82147187,2024-01-14T00:00:00
234972,1370,1,0.8213934,2024-01-14T00:00:00
195507,48574,1,0.8213446,2024-01-14T00:00:00
204228,1372,1,0.821157,2024-01-14T00:00:00
156057,1372,1,0.8210914,2024-01-14T00:00:00
230091,11262,1,0.82106376,2024-01-14T00:00:00
234093,11262,1,0.821059,2024-01-14T00:00:00
153402,11262,1,0.82102543,2024-01-14T00:00:00
156057,1370,1,0.8210125,2024-01-14T00:00:00
153312,1304,1,0.82100326,2024-01-14T00:00:00
230331,1304,1,0.8209839,2024-01-14T00:00:00
232269,1372,1,0.8207383,2024-01-14T00:00:00
207390,60978,1,0.82039815,2024-01-14T00:00:00
166029,11262,1,0.8203613,2024-01-14T00:00:00
217848,39186,1,0.8202344,2024-01-14T00:00:00
208350,48574,1,0.82011,2024-01-14T00:00:00
208758,10652,1,0.81998116,2024-01-14T00:00:00
211527,11262,1,0.8198989,2024-01-14T00:00:00
206760,11262,1,0.8198989,2024-01-14T00:00:00
207993,1304,1,0.8198361,2024-01-14T00:00:00
188331,60978,1,0.8198078,2024-01-14T00:00:00
227988,1304,1,0.81977946,2024-01-14T00:00:00
187839,1304,1,0.81977314,2024-01-14T00:00:00
176472,48574,1,0.8196544,2024-01-14T00:00:00
194208,1304,1,0.8196135,2024-01-14T00:00:00
206358,1304,1,0.8196135,2024-01-14T00:00:00
208788,1370,1,0.81954604,2024-01-14T00:00:00
172503,1304,1,0.819524,2024-01-14T00:00:00
154890,1304,1,0.81943774,2024-01-14T00:00:00
153756,48574,1,0.8193714,2024-01-14T00:00:00
161208,1372,1,0.81936866,2024-01-14T00:00:00
236766,11262,1,0.819337,2024-01-14T00:00:00
80925,11262,1,0.819337,2024-01-14T00:00:00
194388,11262,1,0.819337,2024-01-14T00:00:00
191232,30500,1,0.81928796,2024-01-14T00:00:00
209073,1304,1,0.8192012,2024-01-14T00:00:00
178830,56714,1,0.81919104,2024-01-14T00:00:00
227292,30500,1,0.8191122,2024-01-14T00:00:00
212337,60978,1,0.81909865,2024-01-14T00:00:00
195507,60978,1,0.81909865,2024-01-14T00:00:00
206847,1370,1,0.8190161,2024-01-14T00:00:00
155388,1372,1,0.8189156,2024-01-14T00:00:00
235299,48574,1,0.8188007,2024-01-14T00:00:00
208692,11262,1,0.81867224,2024-01-14T00:00:00
207999,11262,1,0.81866604,2024-01-14T00:00:00
165762,48574,1,0.81864166,2024-01-14T00:00:00
178458,11262,1,0.81863326,2024-01-14T00:00:00
228060,1304,1,0.81838375,2024-01-14T00:00:00
206460,1304,1,0.81838375,2024-01-14T00:00:00
230028,56714,1,0.8183402,2024-01-14T00:00:00
209994,11262,1,0.8183254,2024-01-14T00:00:00
66777,1304,1,0.81829244,2024-01-14T00:00:00
235932,1304,1,0.8182116,2024-01-14T00:00:00
201564,48574,1,0.8181578,2024-01-14T00:00:00
216498,11262,1,0.81791604,2024-01-14T00:00:00
206673,1304,1,0.8179087,2024-01-14T00:00:00
210840,1304,1,0.8179087,2024-01-14T00:00:00
224787,60978,1,0.8178691,2024-01-14T00:00:00
230073,10652,1,0.81779146,2024-01-14T00:00:00
229527,48574,1,0.8175588,2024-01-14T00:00:00
208911,1304,1,0.81737113,2024-01-14T00:00:00
203517,11262,1,0.8172917,2024-01-14T00:00:00
164640,1304,1,0.8172466,2024-01-14T00:00:00
229539,30500,1,0.81705403,2024-01-14T00:00:00
213102,1304,1,0.81678927,2024-01-14T00:00:00
65637,11262,1,0.8167791,2024-01-14T00:00:00
198882,1372,1,0.8165516,2024-01-14T00:00:00
217293,11262,1,0.8162938,2024-01-14T00:00:00
191247,48574,1,0.8162494,2024-01-14T00:00:00
60882,44302,1,0.81608635,2024-01-14T00:00:00
223968,44302,1,0.81608635,2024-01-14T00:00:00
154953,11262,1,0.81607836,2024-01-14T00:00:00
154275,1372,1,0.81604815,2024-01-14T00:00:00
166995,11262,1,0.81586814,2024-01-14T00:00:00
61899,30500,1,0.8157631,2024-01-14T00:00:00
201564,60978,1,0.8157372,2024-01-14T00:00:00
163131,48574,1,0.8156957,2024-01-14T00:00:00
206433,1304,1,0.8156551,2024-01-14T00:00:00
206349,1304,1,0.8156551,2024-01-14T00:00:00
154473,1372,1,0.81552225,2024-01-14T00:00:00
206979,11262,1,0.8154807,2024-01-14T00:00:00
205821,48574,1,0.81534874,2024-01-14T00:00:00
207078,1304,1,0.8153192,2024-01-14T00:00:00
210897,1304,1,0.8153192,2024-01-14T00:00:00
206646,1304,1,0.8153192,2024-01-14T00:00:00
65637,1304,1,0.8153153,2024-01-14T00:00:00
72918,11262,1,0.8152703,2024-01-14T00:00:00
154167,1372,1,0.8152563,2024-01-14T00:00:00
222750,1304,1,0.8149934,2024-01-14T00:00:00
176472,30500,1,0.81484663,2024-01-14T00:00:00
197799,1370,1,0.814588,2024-01-14T00:00:00
212379,11262,1,0.8145564,2024-01-14T00:00:00
128763,1304,1,0.81450295,2024-01-14T00:00:00
212448,60978,1,0.8143391,2024-01-14T00:00:00
162795,1304,1,0.81432223,2024-01-14T00:00:00
207084,1304,1,0.8142873,2024-01-14T00:00:00
206367,1304,1,0.8142873,2024-01-14T00:00:00
72900,11262,1,0.81423724,2024-01-14T00:00:00
205812,1304,1,0.81418836,2024-01-14T00:00:00
171702,1304,1,0.81402254,2024-01-14T00:00:00
195723,30500,1,0.81395096,2024-01-14T00:00:00
208599,11262,1,0.8135898,2024-01-14T00:00:00
232266,1370,1,0.81349117,2024-01-14T00:00:00
203058,11262,1,0.8133737,2024-01-14T00:00:00
203889,11262,1,0.8133737,2024-01-14T00:00:00
229521,11262,1,0.8133737,2024-01-14T00:00:00
220170,11262,1,0.8133737,2024-01-14T00:00:00
203574,11262,1,0.8133737,2024-01-14T00:00:00
199860,11262,1,0.8133737,2024-01-14T00:00:00
203052,11262,1,0.8133737,2024-01-14T00:00:00
129153,11262,1,0.8133737,2024-01-14T00:00:00
192771,11262,1,0.8133737,2024-01-14T00:00:00
203502,11262,1,0.8133737,2024-01-14T00:00:00
175878,1372,1,0.81331134,2024-01-14T00:00:00
65328,1372,1,0.81320447,2024-01-14T00:00:00
219450,48574,1,0.81307423,2024-01-14T00:00:00
231057,11262,1,0.8129389,2024-01-14T00:00:00
206346,11262,1,0.8129389,2024-01-14T00:00:00
198867,33886,1,0.81283677,2024-01-14T00:00:00
231102,1372,1,0.81276107,2024-01-14T00:00:00
206448,1304,1,0.8126766,2024-01-14T00:00:00
178230,1372,1,0.8125937,2024-01-14T00:00:00
194229,60978,1,0.81244636,2024-01-14T00:00:00
219132,11262,1,0.8124281,2024-01-14T00:00:00
208491,48574,1,0.8123701,2024-01-14T00:00:00
172419,1370,1,0.8123513,2024-01-14T00:00:00
184710,1304,1,0.81232214,2024-01-14T00:00:00
209625,1372,1,0.8122694,2024-01-14T00:00:00
128526,33886,1,0.812248,2024-01-14T00:00:00
206484,11262,1,0.8122263,2024-01-14T00:00:00
171702,11262,1,0.81215435,2024-01-14T00:00:00
72045,44302,1,0.8119482,2024-01-14T00:00:00
225393,1372,1,0.8119362,2024-01-14T00:00:00
181101,30500,1,0.8119142,2024-01-14T00:00:00
165132,1304,1,0.81191105,2024-01-14T00:00:00
206376,44302,1,0.811793,2024-01-14T00:00:00
186078,59822,1,0.8116974,2024-01-14T00:00:00
186078,1304,1,0.8116974,2024-01-14T00:00:00
194229,44302,1,0.8116467,2024-01-14T00:00:00
25743,11262,1,0.81151736,2024-01-14T00:00:00
209154,11262,1,0.8114853,2024-01-14T00:00:00
211761,11262,1,0.8112324,2024-01-14T00:00:00
238068,11262,1,0.8112324,2024-01-14T00:00:00
232029,1370,1,0.8111467,2024-01-14T00:00:00
197286,1370,1,0.81111556,2024-01-14T00:00:00
201282,59822,1,0.8110578,2024-01-14T00:00:00
201282,1304,1,0.8110578,2024-01-14T00:00:00
237765,60978,1,0.8109594,2024-01-14T00:00:00
210141,1372,1,0.8109271,2024-01-14T00:00:00
203142,48574,1,0.81090117,2024-01-14T00:00:00
153315,1372,1,0.8107647,2024-01-14T00:00:00
154890,48574,1,0.810717,2024-01-14T00:00:00
232269,60978,1,0.81047034,2024-01-14T00:00:00
212397,11262,1,0.8102195,2024-01-14T00:00:00
204519,1372,1,0.8101668,2024-01-14T00:00:00
71766,30500,1,0.8099887,2024-01-14T00:00:00
233970,1304,1,0.809922,2024-01-14T00:00:00
216108,1304,1,0.809922,2024-01-14T00:00:00
212526,1304,1,0.809858,2024-01-14T00:00:00
158658,48574,1,0.8097248,2024-01-14T00:00:00
216309,1370,1,0.8096953,2024-01-14T00:00:00
61344,1304,1,0.8096468,2024-01-14T00:00:00
208599,1370,1,0.8094803,2024-01-14T00:00:00
177474,59822,1,0.80941415,2024-01-14T00:00:00
187962,11262,1,0.8093394,2024-01-14T00:00:00
205722,48574,1,0.8091712,2024-01-14T00:00:00
156486,1370,1,0.8091577,2024-01-14T00:00:00
173796,11262,1,0.8091498,2024-01-14T00:00:00
212571,48574,1,0.8091276,2024-01-14T00:00:00
211548,48574,1,0.8091276,2024-01-14T00:00:00
176643,1304,1,0.80887765,2024-01-14T00:00:00
172587,1304,1,0.80887765,2024-01-14T00:00:00
207105,11262,1,0.80885845,2024-01-14T00:00:00
164007,1304,1,0.80880904,2024-01-14T00:00:00
206637,1304,1,0.808636,2024-01-14T00:00:00
206304,1372,1,0.80854017,2024-01-14T00:00:00
204093,1372,1,0.8085162,2024-01-14T00:00:00
186174,30500,1,0.80850685,2024-01-14T00:00:00
207087,1304,1,0.8083751,2024-01-14T00:00:00
178458,60978,1,0.80821216,2024-01-14T00:00:00
201564,11262,1,0.8081669,2024-01-14T00:00:00
194229,10652,1,0.8080764,2024-01-14T00:00:00
228438,1304,1,0.8080733,2024-01-14T00:00:00
197673,11262,1,0.80795616,2024-01-14T00:00:00
203295,48574,1,0.8076694,2024-01-14T00:00:00
203301,48574,1,0.8076694,2024-01-14T00:00:00
204411,30500,1,0.80746627,2024-01-14T00:00:00
208758,30500,1,0.8074189,2024-01-14T00:00:00
232035,33886,1,0.8073504,2024-01-14T00:00:00
204228,59822,1,0.807278,2024-01-14T00:00:00
205812,48574,1,0.80727744,2024-01-14T00:00:00
166995,1304,1,0.807259,2024-01-14T00:00:00
208599,48574,1,0.80695635,2024-01-14T00:00:00
191256,11262,1,0.8068418,2024-01-14T00:00:00
208524,48574,1,0.8067537,2024-01-14T00:00:00
203295,11262,1,0.80674183,2024-01-14T00:00:00
208536,11262,1,0.80674183,2024-01-14T00:00:00
203301,11262,1,0.80674183,2024-01-14T00:00:00
186177,60978,1,0.8066233,2024-01-14T00:00:00
231459,1304,1,0.80650055,2024-01-14T00:00:00
208575,1370,1,0.806387,2024-01-14T00:00:00
211761,1370,1,0.806167,2024-01-14T00:00:00
211527,1372,1,0.8060579,2024-01-14T00:00:00
206760,1372,1,0.8060579,2024-01-14T00:00:00
210186,1372,1,0.8060579,2024-01-14T00:00:00
204657,1372,1,0.80604696,2024-01-14T00:00:00
183573,30500,1,0.8060207,2024-01-14T00:00:00
234018,11262,1,0.8059937,2024-01-14T00:00:00
211413,11262,1,0.805988,2024-01-14T00:00:00
208500,48574,1,0.8059558,2024-01-14T00:00:00
173940,11262,1,0.80586934,2024-01-14T00:00:00
212586,1372,1,0.8058323,2024-01-14T00:00:00
194904,33886,1,0.80581635,2024-01-14T00:00:00
208539,48574,1,0.8057546,2024-01-14T00:00:00
217002,48574,1,0.8057194,2024-01-14T00:00:00
223728,1304,1,0.80570406,2024-01-14T00:00:00
211383,11262,1,0.8056789,2024-01-14T00:00:00
207219,1304,1,0.80561966,2024-01-14T00:00:00
233970,48574,1,0.8055907,2024-01-14T00:00:00
216108,48574,1,0.8055907,2024-01-14T00:00:00
62817,10652,1,0.8055195,2024-01-14T00:00:00
187839,1372,1,0.8054377,2024-01-14T00:00:00
222306,11262,1,0.8053365,2024-01-14T00:00:00
205662,11262,1,0.8053365,2024-01-14T00:00:00
203310,11262,1,0.8053365,2024-01-14T00:00:00
203316,11262,1,0.8053365,2024-01-14T00:00:00
234093,60978,1,0.8052135,2024-01-14T00:00:00
203106,60978,1,0.8052135,2024-01-14T00:00:00
183489,48574,1,0.8051924,2024-01-14T00:00:00
179088,1372,1,0.8050687,2024-01-14T00:00:00
217620,1372,1,0.8050687,2024-01-14T00:00:00
234864,11262,1,0.8046353,2024-01-14T00:00:00
193323,1304,1,0.8044942,2024-01-14T00:00:00
193323,59822,1,0.8044942,2024-01-14T00:00:00
208545,48574,1,0.80444264,2024-01-14T00:00:00
235335,30500,1,0.80439097,2024-01-14T00:00:00
210633,1304,1,0.80437946,2024-01-14T00:00:00
188331,30500,1,0.80427814,2024-01-14T00:00:00
210981,48574,1,0.8041702,2024-01-14T00:00:00
161667,1372,1,0.8041472,2024-01-14T00:00:00
212337,11262,1,0.8041235,2024-01-14T00:00:00
203532,11262,1,0.8041235,2024-01-14T00:00:00
195507,11262,1,0.8041235,2024-01-14T00:00:00
230010,48574,1,0.8040877,2024-01-14T00:00:00
204222,1372,1,0.8040258,2024-01-14T00:00:00
207345,1304,1,0.8040254,2024-01-14T00:00:00
197835,11262,1,0.8038026,2024-01-14T00:00:00
222906,44302,1,0.8037482,2024-01-14T00:00:00
206484,1304,1,0.80363876,2024-01-14T00:00:00
238032,60978,1,0.80361086,2024-01-14T00:00:00
188847,11262,1,0.80334115,2024-01-14T00:00:00
212748,11262,1,0.8033165,2024-01-14T00:00:00
206376,39186,1,0.8031525,2024-01-14T00:00:00
237300,11262,1,0.80307704,2024-01-14T00:00:00
166995,48574,1,0.80288196,2024-01-14T00:00:00
166029,1372,1,0.80277115,2024-01-14T00:00:00
163101,48574,1,0.8026018,2024-01-14T00:00:00
208524,11262,1,0.80252165,2024-01-14T00:00:00
209184,1370,1,0.8024553,2024-01-14T00:00:00
160770,1370,1,0.80240345,2024-01-14T00:00:00
208599,60978,1,0.8023844,2024-01-14T00:00:00
191226,1372,1,0.80235755,2024-01-14T00:00:00
61824,44302,1,0.8023129,2024-01-14T00:00:00
62817,30500,1,0.8022908,2024-01-14T00:00:00
207345,60978,1,0.80228335,2024-01-14T00:00:00
219420,1304,1,0.8022334,2024-01-14T00:00:00
187806,39186,1,0.8022117,2024-01-14T00:00:00
212211,30500,1,0.80220956,2024-01-14T00:00:00
207390,11262,1,0.8021081,2024-01-14T00:00:00
212478,11262,1,0.8020602,2024-01-14T00:00:00
25749,1304,1,0.80173993,2024-01-14T00:00:00
226662,48574,1,0.80170834,2024-01-14T00:00:00
213114,1304,1,0.80168235,2024-01-14T00:00:00
206952,1304,1,0.80168235,2024-01-14T00:00:00
225393,60978,1,0.8016549,2024-01-14T00:00:00
206748,10652,1,0.8015928,2024-01-14T00:00:00
198882,30500,1,0.8015794,2024-01-14T00:00:00
154473,1304,1,0.80157715,2024-01-14T00:00:00
204483,1304,1,0.8015029,2024-01-14T00:00:00
64734,11262,1,0.80128026,2024-01-14T00:00:00
209073,60978,1,0.80107087,2024-01-14T00:00:00
197835,1372,1,0.80088943,2024-01-14T00:00:00
72312,11262,1,0.8008414,2024-01-14T00:00:00
214968,11262,1,0.8008414,2024-01-14T00:00:00
153381,1372,1,0.8008395,2024-01-14T00:00:00
154881,11262,1,0.80074286,2024-01-14T00:00:00
182292,1372,1,0.80064607,2024-01-14T00:00:00
186933,60978,1,0.80056393,2024-01-14T00:00:00
187101,48574,1,0.800538,2024-01-14T00:00:00
129081,11262,1,0.80048263,2024-01-14T00:00:00
212211,39186,1,0.8004539,2024-01-14T00:00:00
225393,33886,1,0.80042434,2024-01-14T00:00:00
198522,48574,1,0.80034775,2024-01-14T00:00:00
210114,1370,1,0.80032736,2024-01-14T00:00:00
212220,46632,1,0.8002138,2024-01-14T00:00:00
203796,59822,1,0.8001635,2024-01-14T00:00:00
203796,1304,1,0.8001635,2024-01-14T00:00:00
203790,1304,1,0.8001635,2024-01-14T00:00:00
183789,1304,1,0.80014133,2024-01-14T00:00:00
237057,1304,1,0.80005074,2024-01-14T00:00:00
128901,11262,1,0.7998024,2024-01-14T00:00:00
208509,1370,1,0.7996309,2024-01-14T00:00:00
205905,60978,1,0.7994865,2024-01-14T00:00:00
208500,11262,1,0.7993626,2024-01-14T00:00:00
208806,11262,1,0.7993626,2024-01-14T00:00:00
208893,11262,1,0.7993626,2024-01-14T00:00:00
128901,60978,1,0.79930556,2024-01-14T00:00:00
208872,11262,1,0.7991324,2024-01-14T00:00:00
208488,11262,1,0.7991324,2024-01-14T00:00:00
205332,1372,1,0.79906696,2024-01-14T00:00:00
200259,1304,1,0.79898673,2024-01-14T00:00:00
162984,11262,1,0.7989362,2024-01-14T00:00:00
189012,1372,1,0.7989268,2024-01-14T00:00:00
187839,48574,1,0.7989188,2024-01-14T00:00:00
183468,1372,1,0.79890853,2024-01-14T00:00:00
213513,1370,1,0.79890424,2024-01-14T00:00:00
224841,1370,1,0.79890424,2024-01-14T00:00:00
208617,1304,1,0.7988951,2024-01-14T00:00:00
154869,1372,1,0.7986791,2024-01-14T00:00:00
71766,48574,1,0.7984957,2024-01-14T00:00:00
183468,11262,1,0.7983737,2024-01-14T00:00:00
217002,11262,1,0.79835695,2024-01-14T00:00:00
200502,48574,1,0.7983301,2024-01-14T00:00:00
228741,59822,1,0.7982564,2024-01-14T00:00:00
228741,1304,1,0.7982564,2024-01-14T00:00:00
60888,60978,1,0.7982261,2024-01-14T00:00:00
208488,48574,1,0.79819584,2024-01-14T00:00:00
208821,11262,1,0.79803765,2024-01-14T00:00:00
208761,11262,1,0.79803765,2024-01-14T00:00:00
200502,11262,1,0.79803765,2024-01-14T00:00:00
160029,1370,1,0.79802626,2024-01-14T00:00:00
225393,30500,1,0.79786164,2024-01-14T00:00:00
206667,1304,1,0.7974898,2024-01-14T00:00:00
208899,11262,1,0.79745436,2024-01-14T00:00:00
208539,11262,1,0.79745436,2024-01-14T00:00:00
154167,11262,1,0.7973889,2024-01-14T00:00:00
128526,44302,1,0.79734975,2024-01-14T00:00:00
207618,1372,1,0.79711294,2024-01-14T00:00:00
208722,48574,1,0.7968027,2024-01-14T00:00:00
208476,48574,1,0.7968027,2024-01-14T00:00:00
216498,60978,1,0.79669386,2024-01-14T00:00:00
187221,1304,1,0.7966723,2024-01-14T00:00:00
208491,11262,1,0.7965958,2024-01-14T00:00:00
212571,11262,1,0.7965958,2024-01-14T00:00:00
206496,1304,1,0.79652727,2024-01-14T00:00:00
80925,1304,1,0.79649734,2024-01-14T00:00:00
236766,1304,1,0.79649734,2024-01-14T00:00:00
228438,48574,1,0.79647356,2024-01-14T00:00:00
198573,1304,1,0.79635495,2024-01-14T00:00:00
238068,1370,1,0.7962548,2024-01-14T00:00:00
222306,48574,1,0.7961592,2024-01-14T00:00:00
66843,1372,1,0.7961364,2024-01-14T00:00:00
208545,11262,1,0.7961005,2024-01-14T00:00:00
154146,59822,1,0.7958979,2024-01-14T00:00:00
154146,1304,1,0.7958979,2024-01-14T00:00:00
176319,1372,1,0.7958038,2024-01-14T00:00:00
212430,1372,1,0.7956719,2024-01-14T00:00:00
226662,56714,1,0.79559505,2024-01-14T00:00:00
211527,60978,1,0.79553616,2024-01-14T00:00:00
210186,60978,1,0.79553616,2024-01-14T00:00:00
206760,60978,1,0.79553616,2024-01-14T00:00:00
236655,1372,1,0.7955066,2024-01-14T00:00:00
211950,48574,1,0.79545134,2024-01-14T00:00:00
187707,10652,1,0.79543465,2024-01-14T00:00:00
208758,1372,1,0.79539394,2024-01-14T00:00:00
203727,11262,1,0.79534376,2024-01-14T00:00:00
200508,11262,1,0.79534376,2024-01-14T00:00:00
211989,11262,1,0.79534376,2024-01-14T00:00:00
220170,60978,1,0.7952921,2024-01-14T00:00:00
203574,60978,1,0.7952921,2024-01-14T00:00:00
229521,60978,1,0.7952921,2024-01-14T00:00:00
129153,60978,1,0.7952921,2024-01-14T00:00:00
203052,60978,1,0.7952921,2024-01-14T00:00:00
63582,60978,1,0.7952921,2024-01-14T00:00:00
210846,60978,1,0.7952921,2024-01-14T00:00:00
66378,60978,1,0.7952921,2024-01-14T00:00:00
203889,60978,1,0.7952921,2024-01-14T00:00:00
204243,1304,1,0.795267,2024-01-14T00:00:00
219048,1304,1,0.795222,2024-01-14T00:00:00
237195,1304,1,0.7951367,2024-01-14T00:00:00
181101,1304,1,0.7950154,2024-01-14T00:00:00
128526,39186,1,0.7949823,2024-01-14T00:00:00
195894,59822,1,0.7949095,2024-01-14T00:00:00
204375,48574,1,0.7948813,2024-01-14T00:00:00
188685,1304,1,0.79488015,2024-01-14T00:00:00
208524,60978,1,0.7948779,2024-01-14T00:00:00
208506,60978,1,0.7948779,2024-01-14T00:00:00
165717,48574,1,0.7948738,2024-01-14T00:00:00
212469,56714,1,0.7948639,2024-01-14T00:00:00
129081,56714,1,0.7948639,2024-01-14T00:00:00
153867,1304,1,0.79482645,2024-01-14T00:00:00
184863,11262,1,0.79482126,2024-01-14T00:00:00
229812,11262,1,0.7947286,2024-01-14T00:00:00
158499,1370,1,0.79471886,2024-01-14T00:00:00
219420,30500,1,0.7946723,2024-01-14T00:00:00
203178,59822,1,0.79452354,2024-01-14T00:00:00
203178,1304,1,0.79452354,2024-01-14T00:00:00
153204,11262,1,0.7944182,2024-01-14T00:00:00
230028,1372,1,0.79436344,2024-01-14T00:00:00
172161,1372,1,0.7943352,2024-01-14T00:00:00
187797,1304,1,0.79425865,2024-01-14T00:00:00
198882,50268,1,0.79421806,2024-01-14T00:00:00
198882,35732,1,0.79421806,2024-01-14T00:00:00
163101,60978,1,0.79414886,2024-01-14T00:00:00
212430,30500,1,0.79404426,2024-01-14T00:00:00
65067,11262,1,0.79403514,2024-01-14T00:00:00
217494,48574,1,0.7939868,2024-01-14T00:00:00
183489,11262,1,0.79361594,2024-01-14T00:00:00
208533,48574,1,0.7935595,2024-01-14T00:00:00
153303,1304,1,0.79352874,2024-01-14T00:00:00
228741,1370,1,0.79339755,2024-01-14T00:00:00
203316,48574,1,0.7933466,2024-01-14T00:00:00
72117,1304,1,0.79332715,2024-01-14T00:00:00
153999,1304,1,0.79317683,2024-01-14T00:00:00
208488,1370,1,0.79316956,2024-01-14T00:00:00
208872,1370,1,0.79316956,2024-01-14T00:00:00
212448,30500,1,0.79315585,2024-01-14T00:00:00
63690,1304,1,0.7931176,2024-01-14T00:00:00
206850,1304,1,0.7931176,2024-01-14T00:00:00
227829,1304,1,0.7931176,2024-01-14T00:00:00
227115,11262,1,0.79310733,2024-01-14T00:00:00
183363,11262,1,0.7930678,2024-01-14T00:00:00
201837,11262,1,0.7930178,2024-01-14T00:00:00
198522,11262,1,0.7930153,2024-01-14T00:00:00
172695,11262,1,0.79296494,2024-01-14T00:00:00
163131,1372,1,0.79293853,2024-01-14T00:00:00
209094,1372,1,0.792933,2024-01-14T00:00:00
158499,11262,1,0.792873,2024-01-14T00:00:00
214968,1370,1,0.79281956,2024-01-14T00:00:00
206346,60978,1,0.79277116,2024-01-14T00:00:00
197673,60978,1,0.79276997,2024-01-14T00:00:00
187962,59822,1,0.7927456,2024-01-14T00:00:00
178830,48574,1,0.79271865,2024-01-14T00:00:00
211950,1370,1,0.7927109,2024-01-14T00:00:00
203724,33886,1,0.79267,2024-01-14T00:00:00
208893,60978,1,0.79266804,2024-01-14T00:00:00
208806,60978,1,0.79266804,2024-01-14T00:00:00
191247,11262,1,0.79253894,2024-01-14T00:00:00
227295,30500,1,0.7924792,2024-01-14T00:00:00
236226,39186,1,0.7924749,2024-01-14T00:00:00
184113,11262,1,0.79243195,2024-01-14T00:00:00
154485,11262,1,0.79243195,2024-01-14T00:00:00
234972,11262,1,0.7922726,2024-01-14T00:00:00
208788,1372,1,0.79225266,2024-01-14T00:00:00
163101,30500,1,0.79219484,2024-01-14T00:00:00
96138,1372,1,0.792111,2024-01-14T00:00:00
171372,11262,1,0.7920189,2024-01-14T00:00:00
220218,1372,1,0.7918398,2024-01-14T00:00:00
183387,30500,1,0.7917579,2024-01-14T00:00:00
206412,11262,1,0.79174906,2024-01-14T00:00:00
224787,30500,1,0.79173136,2024-01-14T00:00:00
223728,11262,1,0.7916822,2024-01-14T00:00:00
165927,11262,1,0.7916728,2024-01-14T00:00:00
153381,1304,1,0.7916652,2024-01-14T00:00:00
206760,30500,1,0.7916563,2024-01-14T00:00:00
211527,30500,1,0.7916563,2024-01-14T00:00:00
204657,48574,1,0.79164654,2024-01-14T00:00:00
232035,30500,1,0.7916157,2024-01-14T00:00:00
232029,48574,1,0.79159915,2024-01-14T00:00:00
186657,1304,1,0.7915422,2024-01-14T00:00:00
206376,48574,1,0.7915361,2024-01-14T00:00:00
154803,1372,1,0.7914603,2024-01-14T00:00:00
68496,1304,1,0.7914081,2024-01-14T00:00:00
162843,1372,1,0.79130065,2024-01-14T00:00:00
192735,1372,1,0.79130065,2024-01-14T00:00:00
224631,1372,1,0.7912756,2024-01-14T00:00:00
204189,60978,1,0.791148,2024-01-14T00:00:00
206943,1304,1,0.79105425,2024-01-14T00:00:00
232035,35732,1,0.7910323,2024-01-14T00:00:00
61482,1370,1,0.7909834,2024-01-14T00:00:00
183645,1372,1,0.7909612,2024-01-14T00:00:00
212301,11262,1,0.7909585,2024-01-14T00:00:00
182556,1304,1,0.79091275,2024-01-14T00:00:00
162603,11262,1,0.79090166,2024-01-14T00:00:00
210678,48574,1,0.7907713,2024-01-14T00:00:00
232269,44302,1,0.7906986,2024-01-14T00:00:00
222906,1304,1,0.79067785,2024-01-14T00:00:00
202959,33886,1,0.790677,2024-01-14T00:00:00
154245,11262,1,0.7904393,2024-01-14T00:00:00
217002,1372,1,0.7903835,2024-01-14T00:00:00
160770,1304,1,0.79031914,2024-01-14T00:00:00
203268,1304,1,0.79031664,2024-01-14T00:00:00
203256,1304,1,0.79031664,2024-01-14T00:00:00
196722,1304,1,0.79031664,2024-01-14T00:00:00
203145,1304,1,0.79031664,2024-01-14T00:00:00
212112,59822,1,0.79031664,2024-01-14T00:00:00
167316,30500,1,0.7902381,2024-01-14T00:00:00
238878,1372,1,0.7899292,2024-01-14T00:00:00
186177,30500,1,0.7898521,2024-01-14T00:00:00
222894,1304,1,0.78936553,2024-01-14T00:00:00
197286,33886,1,0.7893333,2024-01-14T00:00:00
188331,56714,1,0.7890309,2024-01-14T00:00:00
61824,1304,1,0.78901434,2024-01-14T00:00:00
198873,1304,1,0.7890126,2024-01-14T00:00:00
186942,1304,1,0.7889762,2024-01-14T00:00:00
72900,48574,1,0.78895634,2024-01-14T00:00:00
225672,10652,1,0.788843,2024-01-14T00:00:00
173613,1372,1,0.78883094,2024-01-14T00:00:00
197673,44302,1,0.78879565,2024-01-14T00:00:00
238689,1370,1,0.7887252,2024-01-14T00:00:00
211641,1304,1,0.78851056,2024-01-14T00:00:00
60864,1304,1,0.788422,2024-01-14T00:00:00
196455,48574,1,0.78830713,2024-01-14T00:00:00
186174,60978,1,0.7882512,2024-01-14T00:00:00
210114,1304,1,0.7881496,2024-01-14T00:00:00
154494,11262,1,0.7879637,2024-01-14T00:00:00
183573,1304,1,0.787757,2024-01-14T00:00:00
208524,1370,1,0.78774303,2024-01-14T00:00:00
212571,1370,1,0.78774303,2024-01-14T00:00:00
208491,1370,1,0.78774303,2024-01-14T00:00:00
208347,1304,1,0.78772324,2024-01-14T00:00:00
231162,1372,1,0.78772044,2024-01-14T00:00:00
96444,1304,1,0.7875899,2024-01-14T00:00:00
72483,1304,1,0.7872646,2024-01-14T00:00:00
221526,11262,1,0.7870952,2024-01-14T00:00:00
208503,11262,1,0.7870952,2024-01-14T00:00:00
236973,11262,1,0.7870952,2024-01-14T00:00:00
208476,11262,1,0.7870952,2024-01-14T00:00:00
128469,1304,1,0.7870253,2024-01-14T00:00:00
66777,11262,1,0.7870238,2024-01-14T00:00:00
191226,11262,1,0.7869933,2024-01-14T00:00:00
208116,59822,1,0.7869433,2024-01-14T00:00:00
203199,1304,1,0.7869229,2024-01-14T00:00:00
212586,48574,1,0.78690964,2024-01-14T00:00:00
178458,1304,1,0.7869002,2024-01-14T00:00:00
178458,59822,1,0.7869002,2024-01-14T00:00:00
128502,33886,1,0.78682375,2024-01-14T00:00:00
167451,1372,1,0.7867916,2024-01-14T00:00:00
154797,1372,1,0.78669554,2024-01-14T00:00:00
207339,1304,1,0.7866048,2024-01-14T00:00:00
197286,10652,1,0.78652614,2024-01-14T00:00:00
198945,1372,1,0.78643435,2024-01-14T00:00:00
206412,1304,1,0.7862448,2024-01-14T00:00:00
72900,1370,1,0.78615236,2024-01-14T00:00:00
236226,1304,1,0.7860072,2024-01-14T00:00:00
212442,30500,1,0.78599244,2024-01-14T00:00:00
154743,1372,1,0.78582793,2024-01-14T00:00:00
157500,48574,1,0.7857819,2024-01-14T00:00:00
203268,60978,1,0.7857737,2024-01-14T00:00:00
203256,60978,1,0.7857737,2024-01-14T00:00:00
212112,60978,1,0.7857737,2024-01-14T00:00:00
203145,60978,1,0.7857737,2024-01-14T00:00:00
61482,11262,1,0.78571886,2024-01-14T00:00:00
162603,1304,1,0.7856532,2024-01-14T00:00:00
153072,1304,1,0.7855202,2024-01-14T00:00:00
235842,11262,1,0.78537714,2024-01-14T00:00:00
179436,1372,1,0.78536093,2024-01-14T00:00:00
212550,1372,1,0.78535914,2024-01-14T00:00:00
221115,30500,1,0.7852179,2024-01-14T00:00:00
208812,1304,1,0.7851752,2024-01-14T00:00:00
208812,59822,1,0.7851752,2024-01-14T00:00:00
153402,1304,1,0.78511125,2024-01-14T00:00:00
171372,1372,1,0.7849775,2024-01-14T00:00:00
206937,1304,1,0.7849486,2024-01-14T00:00:00
208758,1370,1,0.7846053,2024-01-14T00:00:00
162984,48574,1,0.7845624,2024-01-14T00:00:00
212721,1304,1,0.784446,2024-01-14T00:00:00
166599,11262,1,0.78420794,2024-01-14T00:00:00
219450,1372,1,0.7839787,2024-01-14T00:00:00
165183,1372,1,0.7838723,2024-01-14T00:00:00
181149,1304,1,0.7837624,2024-01-14T00:00:00
175266,59822,1,0.7836737,2024-01-14T00:00:00
175266,1304,1,0.7836737,2024-01-14T00:00:00
237195,48574,1,0.7836333,2024-01-14T00:00:00
207114,1304,1,0.7835038,2024-01-14T00:00:00
198990,1304,1,0.7835038,2024-01-14T00:00:00
206415,1304,1,0.7835038,2024-01-14T00:00:00
236520,48574,1,0.78341246,2024-01-14T00:00:00
197673,33886,1,0.78340673,2024-01-14T00:00:00
72900,60978,1,0.7833675,2024-01-14T00:00:00
230028,60978,1,0.7832844,2024-01-14T00:00:00
205815,1304,1,0.78308904,2024-01-14T00:00:00
88920,60978,1,0.7830868,2024-01-14T00:00:00
156057,56714,1,0.78308,2024-01-14T00:00:00
229527,60978,1,0.78300226,2024-01-14T00:00:00
185067,48574,1,0.7829993,2024-01-14T00:00:00
157767,11262,1,0.78295785,2024-01-14T00:00:00
229527,30500,1,0.7829423,2024-01-14T00:00:00
179436,1304,1,0.78293663,2024-01-14T00:00:00
223776,1304,1,0.7829127,2024-01-14T00:00:00
63690,11262,1,0.7829007,2024-01-14T00:00:00
227829,11262,1,0.7829007,2024-01-14T00:00:00
206850,11262,1,0.7829007,2024-01-14T00:00:00
66879,1372,1,0.782466,2024-01-14T00:00:00
166362,1304,1,0.7822895,2024-01-14T00:00:00
212448,44302,1,0.78217834,2024-01-14T00:00:00
96444,60978,1,0.7820499,2024-01-14T00:00:00
210882,60978,1,0.7820499,2024-01-14T00:00:00
224280,60978,1,0.7820499,2024-01-14T00:00:00
192564,1304,1,0.78204894,2024-01-14T00:00:00
186990,1304,1,0.781943,2024-01-14T00:00:00
208206,1372,1,0.7818168,2024-01-14T00:00:00
183195,11262,1,0.7818109,2024-01-14T00:00:00
219231,33886,1,0.7817754,2024-01-14T00:00:00
227292,60978,1,0.78175443,2024-01-14T00:00:00
184698,1304,1,0.78162605,2024-01-14T00:00:00
230178,11262,1,0.7816252,2024-01-14T00:00:00
72918,60978,1,0.7815874,2024-01-14T00:00:00
186216,1304,1,0.7815295,2024-01-14T00:00:00
164064,11262,1,0.7811123,2024-01-14T00:00:00
222669,11262,1,0.7810579,2024-01-14T00:00:00
211476,44302,1,0.7810068,2024-01-14T00:00:00
66465,11262,1,0.78097254,2024-01-14T00:00:00
205662,60978,1,0.7809519,2024-01-14T00:00:00
222306,60978,1,0.7809519,2024-01-14T00:00:00
203310,60978,1,0.7809519,2024-01-14T00:00:00
217848,46632,1,0.7809302,2024-01-14T00:00:00
183387,1372,1,0.7808946,2024-01-14T00:00:00
222750,11262,1,0.7807846,2024-01-14T00:00:00
72918,48574,1,0.7805615,2024-01-14T00:00:00
165717,11262,1,0.7805023,2024-01-14T00:00:00
206940,48574,1,0.7803901,2024-01-14T00:00:00
210981,1372,1,0.7803731,2024-01-14T00:00:00
185244,1372,1,0.78037304,2024-01-14T00:00:00
205659,30500,1,0.78025526,2024-01-14T00:00:00
194229,39186,1,0.7800598,2024-01-14T00:00:00
203700,1304,1,0.77991027,2024-01-14T00:00:00
196845,1304,1,0.77991027,2024-01-14T00:00:00
227292,10652,1,0.77962285,2024-01-14T00:00:00
218265,33886,1,0.7794035,2024-01-14T00:00:00
66924,1372,1,0.7793897,2024-01-14T00:00:00
177672,1372,1,0.7793643,2024-01-14T00:00:00
207339,11262,1,0.77931774,2024-01-14T00:00:00
221610,1304,1,0.7792635,2024-01-14T00:00:00
61908,1304,1,0.77904034,2024-01-14T00:00:00
72558,48574,1,0.77895886,2024-01-14T00:00:00
61908,60978,1,0.77889955,2024-01-14T00:00:00
231162,44302,1,0.77884674,2024-01-14T00:00:00
204243,48574,1,0.7787904,2024-01-14T00:00:00
161403,11262,1,0.7787228,2024-01-14T00:00:00
236655,1304,1,0.77871144,2024-01-14T00:00:00
88821,11262,1,0.7786744,2024-01-14T00:00:00
163101,1372,1,0.77866656,2024-01-14T00:00:00
206376,10652,1,0.77853936,2024-01-14T00:00:00
154542,1372,1,0.77838296,2024-01-14T00:00:00
154887,1304,1,0.7783647,2024-01-14T00:00:00
211641,11262,1,0.7781298,2024-01-14T00:00:00
208758,39186,1,0.77810866,2024-01-14T00:00:00
178458,44302,1,0.7779586,2024-01-14T00:00:00
195063,11262,1,0.77783656,2024-01-14T00:00:00
64734,1304,1,0.7778035,2024-01-14T00:00:00
184863,56714,1,0.7777606,2024-01-14T00:00:00
206304,1304,1,0.7777403,2024-01-14T00:00:00
210981,30500,1,0.77769345,2024-01-14T00:00:00
212571,60978,1,0.77749723,2024-01-14T00:00:00
208491,60978,1,0.77749723,2024-01-14T00:00:00
237300,60978,1,0.7774192,2024-01-14T00:00:00
153813,1372,1,0.77735764,2024-01-14T00:00:00
153999,1372,1,0.7773479,2024-01-14T00:00:00
207339,1372,1,0.7772349,2024-01-14T00:00:00
211749,56714,1,0.777072,2024-01-14T00:00:00
237252,1372,1,0.77682096,2024-01-14T00:00:00
209697,1304,1,0.77678293,2024-01-14T00:00:00
186657,11262,1,0.7767692,2024-01-14T00:00:00
195249,1304,1,0.77672476,2024-01-14T00:00:00
153084,11262,1,0.77666354,2024-01-14T00:00:00
88920,56714,1,0.7766383,2024-01-14T00:00:00
157767,1304,1,0.7766343,2024-01-14T00:00:00
198867,60978,1,0.7765899,2024-01-14T00:00:00
211533,33886,1,0.7765372,2024-01-14T00:00:00
212586,60978,1,0.7764766,2024-01-14T00:00:00
157398,1304,1,0.77645546,2024-01-14T00:00:00
203673,1304,1,0.77631795,2024-01-14T00:00:00
210678,1370,1,0.7761953,2024-01-14T00:00:00
188961,1372,1,0.7761025,2024-01-14T00:00:00
234297,1304,1,0.77587867,2024-01-14T00:00:00
61692,48574,1,0.7758107,2024-01-14T00:00:00
223968,59822,1,0.7757906,2024-01-14T00:00:00
223968,1304,1,0.7757906,2024-01-14T00:00:00
200502,60978,1,0.77572435,2024-01-14T00:00:00
208821,60978,1,0.77572435,2024-01-14T00:00:00
208761,60978,1,0.77572435,2024-01-14T00:00:00
203133,33886,1,0.77566963,2024-01-14T00:00:00
228315,1304,1,0.7755867,2024-01-14T00:00:00
210114,11262,1,0.775392,2024-01-14T00:00:00
177903,11262,1,0.77528846,2024-01-14T00:00:00
224787,39186,1,0.77526575,2024-01-14T00:00:00
198279,48574,1,0.7751763,2024-01-14T00:00:00
176319,1304,1,0.77501506,2024-01-14T00:00:00
216981,1304,1,0.7749918,2024-01-14T00:00:00
204276,30500,1,0.77498335,2024-01-14T00:00:00
206748,48574,1,0.7749457,2024-01-14T00:00:00
204519,30500,1,0.77494144,2024-01-14T00:00:00
184674,11262,1,0.77493,2024-01-14T00:00:00
187395,1372,1,0.77482456,2024-01-14T00:00:00
209880,1372,1,0.77482456,2024-01-14T00:00:00
66918,11262,1,0.7748066,2024-01-14T00:00:00
153204,1304,1,0.7746299,2024-01-14T00:00:00
61344,30500,1,0.77462506,2024-01-14T00:00:00
186942,1372,1,0.7744714,2024-01-14T00:00:00
195723,1304,1,0.77446645,2024-01-14T00:00:00
205815,11262,1,0.7744033,2024-01-14T00:00:00
238263,1304,1,0.77439106,2024-01-14T00:00:00
224631,1304,1,0.7742316,2024-01-14T00:00:00
163131,11262,1,0.7741916,2024-01-14T00:00:00
67335,1304,1,0.7741778,2024-01-14T00:00:00
65631,1304,1,0.77415335,2024-01-14T00:00:00
210846,1370,1,0.77405477,2024-01-14T00:00:00
66378,1370,1,0.77405477,2024-01-14T00:00:00
192771,1370,1,0.77405477,2024-01-14T00:00:00
203058,1370,1,0.77405477,2024-01-14T00:00:00
210981,60978,1,0.7739594,2024-01-14T00:00:00
64218,56714,1,0.7739247,2024-01-14T00:00:00
225747,48574,1,0.77388865,2024-01-14T00:00:00
203322,1370,1,0.77388555,2024-01-14T00:00:00
230010,1372,1,0.773871,2024-01-14T00:00:00
183645,11262,1,0.773869,2024-01-14T00:00:00
166437,59822,1,0.773846,2024-01-14T00:00:00
68496,48574,1,0.7735189,2024-01-14T00:00:00
227343,30500,1,0.77313,2024-01-14T00:00:00
172035,1304,1,0.7731121,2024-01-14T00:00:00
210393,48574,1,0.77310383,2024-01-14T00:00:00
234093,48574,1,0.77310383,2024-01-14T00:00:00
197673,30500,1,0.77301663,2024-01-14T00:00:00
206376,46632,1,0.7729037,2024-01-14T00:00:00
224787,48574,1,0.77275527,2024-01-14T00:00:00
206346,48574,1,0.77275527,2024-01-14T00:00:00
183468,1304,1,0.77274215,2024-01-14T00:00:00
186987,1304,1,0.77270377,2024-01-14T00:00:00
223968,60978,1,0.77256715,2024-01-14T00:00:00
212748,60978,1,0.77245116,2024-01-14T00:00:00
207498,59822,1,0.77244633,2024-01-14T00:00:00
218061,1372,1,0.7724318,2024-01-14T00:00:00
222306,1370,1,0.7723377,2024-01-14T00:00:00
212448,1304,1,0.7722745,2024-01-14T00:00:00
207219,48574,1,0.7722689,2024-01-14T00:00:00
206784,1304,1,0.7721046,2024-01-14T00:00:00
192942,1304,1,0.7721046,2024-01-14T00:00:00
186078,48574,1,0.77203417,2024-01-14T00:00:00
204189,1372,1,0.7719456,2024-01-14T00:00:00
96138,11262,1,0.771699,2024-01-14T00:00:00
178458,10652,1,0.7716166,2024-01-14T00:00:00
162603,1372,1,0.77157056,2024-01-14T00:00:00
66843,11262,1,0.77122086,2024-01-14T00:00:00
72117,11262,1,0.77112246,2024-01-14T00:00:00
156057,30500,1,0.7711073,2024-01-14T00:00:00
203259,59822,1,0.7710792,2024-01-14T00:00:00
203259,1304,1,0.7710792,2024-01-14T00:00:00
157938,1372,1,0.7710178,2024-01-14T00:00:00
209637,1304,1,0.7709622,2024-01-14T00:00:00
128763,30500,1,0.77076995,2024-01-14T00:00:00
206940,1372,1,0.77058506,2024-01-14T00:00:00
224169,11262,1,0.77053,2024-01-14T00:00:00
183492,1304,1,0.7703407,2024-01-14T00:00:00
183492,59822,1,0.7703407,2024-01-14T00:00:00
203724,30500,1,0.77022463,2024-01-14T00:00:00
88920,1372,1,0.7701031,2024-01-14T00:00:00
206346,33886,1,0.7700071,2024-01-14T00:00:00
64218,1372,1,0.769971,2024-01-14T00:00:00
197835,48574,1,0.7698876,2024-01-14T00:00:00
208473,11262,1,0.7698544,2024-01-14T00:00:00
164457,30500,1,0.76977736,2024-01-14T00:00:00
238263,11262,1,0.7697146,2024-01-14T00:00:00
208488,60978,1,0.76967037,2024-01-14T00:00:00
208872,60978,1,0.76967037,2024-01-14T00:00:00
197286,30500,1,0.7696458,2024-01-14T00:00:00
154167,48574,1,0.76952684,2024-01-14T00:00:00
210627,11262,1,0.7694907,2024-01-14T00:00:00
212892,48574,1,0.7694225,2024-01-14T00:00:00
128502,60978,1,0.76933706,2024-01-14T00:00:00
60864,1372,1,0.76932645,2024-01-14T00:00:00
128763,48574,1,0.76918197,2024-01-14T00:00:00
192300,11262,1,0.76894045,2024-01-14T00:00:00
208206,11262,1,0.7688222,2024-01-14T00:00:00
181149,48574,1,0.76880485,2024-01-14T00:00:00
217848,1370,1,0.7687438,2024-01-14T00:00:00
238032,48574,1,0.7687051,2024-01-14T00:00:00
225393,44302,1,0.7687012,2024-01-14T00:00:00
186174,33886,1,0.7686349,2024-01-14T00:00:00
211533,44302,1,0.76851726,2024-01-14T00:00:00
160029,1372,1,0.7683978,2024-01-14T00:00:00
212211,1304,1,0.7682994,2024-01-14T00:00:00
212211,59822,1,0.7682994,2024-01-14T00:00:00
154119,1372,1,0.7682919,2024-01-14T00:00:00
233559,48574,1,0.7682486,2024-01-14T00:00:00
202818,48574,1,0.76805836,2024-01-14T00:00:00
208758,33886,1,0.76795715,2024-01-14T00:00:00
208572,1370,1,0.7678399,2024-01-14T00:00:00
236973,1370,1,0.7678399,2024-01-14T00:00:00
221526,1370,1,0.7678399,2024-01-14T00:00:00
204657,60978,1,0.7677835,2024-01-14T00:00:00
205740,48574,1,0.7676482,2024-01-14T00:00:00
206748,56714,1,0.76740235,2024-01-14T00:00:00
210933,1372,1,0.76728815,2024-01-14T00:00:00
203166,48574,1,0.7672668,2024-01-14T00:00:00
96444,1372,1,0.76715297,2024-01-14T00:00:00
72930,1304,1,0.7671519,2024-01-14T00:00:00
60888,30500,1,0.76693594,2024-01-14T00:00:00
72108,1304,1,0.7667466,2024-01-14T00:00:00
227343,1372,1,0.7663906,2024-01-14T00:00:00
223728,1372,1,0.7663815,2024-01-14T00:00:00
213102,60978,1,0.76632637,2024-01-14T00:00:00
206346,30500,1,0.76621175,2024-01-14T00:00:00
231057,30500,1,0.76621175,2024-01-14T00:00:00
227469,30500,1,0.766134,2024-01-14T00:00:00
229812,59822,1,0.76576906,2024-01-14T00:00:00
229812,1304,1,0.76576906,2024-01-14T00:00:00
96138,1304,1,0.76575565,2024-01-14T00:00:00
218061,1304,1,0.7654845,2024-01-14T00:00:00
203574,48574,1,0.7654137,2024-01-14T00:00:00
63582,48574,1,0.7654137,2024-01-14T00:00:00
66378,48574,1,0.7654137,2024-01-14T00:00:00
192771,48574,1,0.7654137,2024-01-14T00:00:00
203058,48574,1,0.7654137,2024-01-14T00:00:00
229521,48574,1,0.7654137,2024-01-14T00:00:00
59703,48574,1,0.7654137,2024-01-14T00:00:00
192768,48574,1,0.7654137,2024-01-14T00:00:00
207114,11262,1,0.76507527,2024-01-14T00:00:00
198990,11262,1,0.76507527,2024-01-14T00:00:00
206406,11262,1,0.76507527,2024-01-14T00:00:00
206784,11262,1,0.76507527,2024-01-14T00:00:00
225699,1304,1,0.7650442,2024-01-14T00:00:00
192300,1372,1,0.7649864,2024-01-14T00:00:00
206748,1372,1,0.7649707,2024-01-14T00:00:00
129135,1372,1,0.76492846,2024-01-14T00:00:00
226662,60978,1,0.7648546,2024-01-14T00:00:00
225672,1304,1,0.7648399,2024-01-14T00:00:00
211767,11262,1,0.7647421,2024-01-14T00:00:00
223728,1370,1,0.7643607,2024-01-14T00:00:00
128469,1370,1,0.76429677,2024-01-14T00:00:00
154578,11262,1,0.7642583,2024-01-14T00:00:00
212748,33886,1,0.7641526,2024-01-14T00:00:00
210045,1304,1,0.7639964,2024-01-14T00:00:00
208350,1304,1,0.76399386,2024-01-14T00:00:00
209637,11262,1,0.763955,2024-01-14T00:00:00
208503,60978,1,0.7639305,2024-01-14T00:00:00
208722,60978,1,0.7639305,2024-01-14T00:00:00
236973,60978,1,0.7639305,2024-01-14T00:00:00
221526,60978,1,0.7639305,2024-01-14T00:00:00
208485,60978,1,0.7639305,2024-01-14T00:00:00
196455,60978,1,0.7639305,2024-01-14T00:00:00
210690,60978,1,0.7639305,2024-01-14T00:00:00
181149,30500,1,0.7638709,2024-01-14T00:00:00
210342,1372,1,0.76385844,2024-01-14T00:00:00
165762,1372,1,0.7638421,2024-01-14T00:00:00
194082,11262,1,0.7637985,2024-01-14T00:00:00
198882,50270,1,0.7637853,2024-01-14T00:00:00
209154,48574,1,0.7637566,2024-01-14T00:00:00
207330,1372,1,0.7636433,2024-01-14T00:00:00
203724,50270,1,0.7636232,2024-01-14T00:00:00
206343,48574,1,0.76357186,2024-01-14T00:00:00
211524,46632,1,0.76352173,2024-01-14T00:00:00
128502,48574,1,0.7634148,2024-01-14T00:00:00
154770,48574,1,0.7633605,2024-01-14T00:00:00
164064,30500,1,0.7632711,2024-01-14T00:00:00
203724,50268,1,0.7632517,2024-01-14T00:00:00
203724,35732,1,0.7632517,2024-01-14T00:00:00
227295,48574,1,0.7631905,2024-01-14T00:00:00
162624,1304,1,0.7630317,2024-01-14T00:00:00
232029,1372,1,0.7626516,2024-01-14T00:00:00
181149,1372,1,0.7626311,2024-01-14T00:00:00
56871,30500,1,0.7626293,2024-01-14T00:00:00
206376,1370,1,0.7625664,2024-01-14T00:00:00
155043,1372,1,0.76241165,2024-01-14T00:00:00
67056,1372,1,0.7623489,2024-01-14T00:00:00
210186,44302,1,0.76186794,2024-01-14T00:00:00
211527,44302,1,0.76186794,2024-01-14T00:00:00
195894,60978,1,0.7617245,2024-01-14T00:00:00
157500,1372,1,0.7615675,2024-01-14T00:00:00
216498,30500,1,0.7614959,2024-01-14T00:00:00
66924,1304,1,0.76143765,2024-01-14T00:00:00
202959,50270,1,0.76143503,2024-01-14T00:00:00
208788,50268,1,0.76121336,2024-01-14T00:00:00
208788,35732,1,0.76121336,2024-01-14T00:00:00
191247,1372,1,0.7609382,2024-01-14T00:00:00
153756,60978,1,0.76091105,2024-01-14T00:00:00
153084,1304,1,0.760813,2024-01-14T00:00:00
208812,60978,1,0.76066726,2024-01-14T00:00:00
238032,39186,1,0.76024836,2024-01-14T00:00:00
154956,30500,1,0.7602335,2024-01-14T00:00:00
231057,44302,1,0.7600889,2024-01-14T00:00:00
204483,48574,1,0.75998074,2024-01-14T00:00:00
153303,48574,1,0.75997496,2024-01-14T00:00:00
191892,42132,1,0.75990105,2024-01-14T00:00:00
153885,30500,1,0.7597105,2024-01-14T00:00:00
89013,1304,1,0.75970036,2024-01-14T00:00:00
211761,1372,1,0.7596921,2024-01-14T00:00:00
223968,56714,1,0.7594752,2024-01-14T00:00:00
156057,60978,1,0.75907415,2024-01-14T00:00:00
184113,48574,1,0.75903785,2024-01-14T00:00:00
194229,16358,1,0.75893533,2024-01-14T00:00:00
215298,46632,1,0.75873137,2024-01-14T00:00:00
187806,1304,1,0.758569,2024-01-14T00:00:00
208485,1370,1,0.75850046,2024-01-14T00:00:00
61692,1304,1,0.7584283,2024-01-14T00:00:00
203820,1304,1,0.7584283,2024-01-14T00:00:00
225699,60978,1,0.7581866,2024-01-14T00:00:00
187395,1304,1,0.7581316,2024-01-14T00:00:00
187395,59822,1,0.7581316,2024-01-14T00:00:00
208515,60978,1,0.7581176,2024-01-14T00:00:00
211965,60978,1,0.7581176,2024-01-14T00:00:00
61482,1372,1,0.7580926,2024-01-14T00:00:00
200964,48574,1,0.7579984,2024-01-14T00:00:00
210627,1372,1,0.7578404,2024-01-14T00:00:00
225393,39186,1,0.7577737,2024-01-14T00:00:00
194229,56714,1,0.75769806,2024-01-14T00:00:00
218265,56714,1,0.7574722,2024-01-14T00:00:00
203700,11262,1,0.757453,2024-01-14T00:00:00
128526,16358,1,0.75712717,2024-01-14T00:00:00
155481,60978,1,0.75709623,2024-01-14T00:00:00
160770,11262,1,0.756995,2024-01-14T00:00:00
198279,1372,1,0.7569106,2024-01-14T00:00:00
154494,48574,1,0.7568965,2024-01-14T00:00:00
66843,1304,1,0.75687873,2024-01-14T00:00:00
212745,11262,1,0.7568005,2024-01-14T00:00:00
206343,46632,1,0.75677145,2024-01-14T00:00:00
157938,1304,1,0.7566807,2024-01-14T00:00:00
191247,10652,1,0.75626093,2024-01-14T00:00:00
197529,56714,1,0.7562507,2024-01-14T00:00:00
202959,35732,1,0.7562467,2024-01-14T00:00:00
222843,11262,1,0.7562182,2024-01-14T00:00:00
206799,11262,1,0.7562182,2024-01-14T00:00:00
211638,11262,1,0.7562182,2024-01-14T00:00:00
66843,60978,1,0.7562079,2024-01-14T00:00:00
205332,1304,1,0.7561802,2024-01-14T00:00:00
208488,59822,1,0.75617737,2024-01-14T00:00:00
208488,1304,1,0.75617737,2024-01-14T00:00:00
207618,33886,1,0.756042,2024-01-14T00:00:00
154275,48574,1,0.7558869,2024-01-14T00:00:00
164337,1304,1,0.755838,2024-01-14T00:00:00
212256,11262,1,0.7557622,2024-01-14T00:00:00
203511,1304,1,0.75573975,2024-01-14T00:00:00
217782,60978,1,0.75562334,2024-01-14T00:00:00
220728,46632,1,0.7555368,2024-01-14T00:00:00
227115,60978,1,0.7554531,2024-01-14T00:00:00
211950,60978,1,0.75543684,2024-01-14T00:00:00
235842,1304,1,0.7553712,2024-01-14T00:00:00
191553,48574,1,0.75534827,2024-01-14T00:00:00
238032,1370,1,0.7553003,2024-01-14T00:00:00
229737,1304,1,0.7552155,2024-01-14T00:00:00
157938,11262,1,0.7552059,2024-01-14T00:00:00
225669,11262,1,0.7551927,2024-01-14T00:00:00
196311,11262,1,0.7551927,2024-01-14T00:00:00
198882,39186,1,0.75515103,2024-01-14T00:00:00
225393,56714,1,0.7550936,2024-01-14T00:00:00
203106,1304,1,0.7547974,2024-01-14T00:00:00
234093,1304,1,0.7547974,2024-01-14T00:00:00
166437,48574,1,0.75456583,2024-01-14T00:00:00
224787,1304,1,0.7545179,2024-01-14T00:00:00
153204,48574,1,0.75437945,2024-01-14T00:00:00
232269,39186,1,0.7543565,2024-01-14T00:00:00
174468,1304,1,0.7542183,2024-01-14T00:00:00
208872,1304,1,0.75417316,2024-01-14T00:00:00
229527,46632,1,0.7541597,2024-01-14T00:00:00
201798,56714,1,0.75415707,2024-01-14T00:00:00
212892,59822,1,0.7538082,2024-01-14T00:00:00
211524,1370,1,0.7537397,2024-01-14T00:00:00
203175,33886,1,0.7536559,2024-01-14T00:00:00
184509,59822,1,0.75320476,2024-01-14T00:00:00
60864,48574,1,0.7531224,2024-01-14T00:00:00
214968,1372,1,0.75292194,2024-01-14T00:00:00
219021,60978,1,0.75288737,2024-01-14T00:00:00
72561,1304,1,0.7525652,2024-01-14T00:00:00
205107,11262,1,0.7525262,2024-01-14T00:00:00
207828,11262,1,0.7525262,2024-01-14T00:00:00
215985,11262,1,0.7525262,2024-01-14T00:00:00
176403,42132,1,0.7524958,2024-01-14T00:00:00
140277,1304,1,0.7523789,2024-01-14T00:00:00
72045,56714,1,0.75234234,2024-01-14T00:00:00
219450,11262,1,0.7523198,2024-01-14T00:00:00
68676,1304,1,0.75220025,2024-01-14T00:00:00
225390,1304,1,0.7521446,2024-01-14T00:00:00
183363,1372,1,0.75208986,2024-01-14T00:00:00
198873,39186,1,0.7520492,2024-01-14T00:00:00
206343,1370,1,0.752027,2024-01-14T00:00:00
178458,30500,1,0.75199914,2024-01-14T00:00:00
205659,1304,1,0.7519292,2024-01-14T00:00:00
205659,59822,1,0.7519292,2024-01-14T00:00:00
231876,11262,1,0.75178283,2024-01-14T00:00:00
184113,1304,1,0.7515349,2024-01-14T00:00:00
155403,1304,1,0.75149864,2024-01-14T00:00:00
191232,10652,1,0.7514315,2024-01-14T00:00:00
204222,48574,1,0.7514279,2024-01-14T00:00:00
188100,60978,1,0.75136214,2024-01-14T00:00:00
211950,1304,1,0.7512736,2024-01-14T00:00:00
208509,1304,1,0.75121814,2024-01-14T00:00:00
206484,60978,1,0.75116557,2024-01-14T00:00:00
206514,60978,1,0.75116557,2024-01-14T00:00:00
205740,59822,1,0.7510522,2024-01-14T00:00:00
205740,1304,1,0.7510522,2024-01-14T00:00:00
204768,1304,1,0.7510522,2024-01-14T00:00:00
153381,11262,1,0.75101745,2024-01-14T00:00:00
2061063,60978,1,0.75095904,2024-01-14T00:00:00
230178,1372,1,0.75094694,2024-01-14T00:00:00
203199,1372,1,0.7508941,2024-01-14T00:00:00
211527,39186,1,0.7507222,2024-01-14T00:00:00
206760,39186,1,0.7507222,2024-01-14T00:00:00
163101,33886,1,0.7506635,2024-01-14T00:00:00
154887,48574,1,0.7506368,2024-01-14T00:00:00
207600,48574,1,0.7504735,2024-01-14T00:00:00
203328,1370,1,0.7503998,2024-01-14T00:00:00
208692,60978,1,0.7503659,2024-01-14T00:00:00
203322,60978,1,0.75030774,2024-01-14T00:00:00
178818,59822,1,0.750296,2024-01-14T00:00:00
178818,1304,1,0.750296,2024-01-14T00:00:00
205332,48574,1,0.75020844,2024-01-14T00:00:00
213987,59822,1,0.7499553,2024-01-14T00:00:00
213987,1304,1,0.7499553,2024-01-14T00:00:00
2061063,48574,1,0.74993795,2024-01-14T00:00:00
206406,1304,1,0.7498973,2024-01-14T00:00:00
207150,1304,1,0.7498973,2024-01-14T00:00:00
207150,59822,1,0.7498973,2024-01-14T00:00:00
64353,1304,1,0.7498888,2024-01-14T00:00:00
217620,48574,1,0.74980944,2024-01-14T00:00:00
224931,1304,1,0.74966246,2024-01-14T00:00:00
210111,1372,1,0.74963117,2024-01-14T00:00:00
210876,11262,1,0.74962807,2024-01-14T00:00:00
236655,11262,1,0.74960476,2024-01-14T00:00:00
224631,11262,1,0.74960476,2024-01-14T00:00:00
227664,1304,1,0.74944013,2024-01-14T00:00:00
154494,1304,1,0.7493487,2024-01-14T00:00:00
192771,59822,1,0.74901587,2024-01-14T00:00:00
210846,1304,1,0.74901587,2024-01-14T00:00:00
66378,1304,1,0.74901587,2024-01-14T00:00:00
203052,1304,1,0.74901587,2024-01-14T00:00:00
203889,1304,1,0.74901587,2024-01-14T00:00:00
59703,1304,1,0.74901587,2024-01-14T00:00:00
203058,1304,1,0.74901587,2024-01-14T00:00:00
203574,1304,1,0.74901587,2024-01-14T00:00:00
212505,1304,1,0.74901587,2024-01-14T00:00:00
129153,1304,1,0.74901587,2024-01-14T00:00:00
192768,59822,1,0.74901587,2024-01-14T00:00:00
199860,1304,1,0.74901587,2024-01-14T00:00:00
220170,1304,1,0.74901587,2024-01-14T00:00:00
192771,1304,1,0.74901587,2024-01-14T00:00:00
192768,1304,1,0.74901587,2024-01-14T00:00:00
192756,1304,1,0.74901587,2024-01-14T00:00:00
229521,1304,1,0.74901587,2024-01-14T00:00:00
203502,59822,1,0.74901587,2024-01-14T00:00:00
154011,56714,1,0.74899626,2024-01-14T00:00:00
238878,1304,1,0.74893814,2024-01-14T00:00:00
222204,48574,1,0.74893796,2024-01-14T00:00:00
72108,1370,1,0.7487292,2024-01-14T00:00:00
176403,30500,1,0.74864596,2024-01-14T00:00:00
187101,60978,1,0.7485392,2024-01-14T00:00:00
227664,48574,1,0.74846673,2024-01-14T00:00:00
192735,1304,1,0.7484417,2024-01-14T00:00:00
206346,1372,1,0.7484079,2024-01-14T00:00:00
161667,30500,1,0.74826574,2024-01-14T00:00:00
183213,60978,1,0.7482282,2024-01-14T00:00:00
208206,1304,1,0.748021,2024-01-14T00:00:00
197529,60978,1,0.7479659,2024-01-14T00:00:00
154797,1304,1,0.7477576,2024-01-14T00:00:00
187734,56714,1,0.7476289,2024-01-14T00:00:00
184863,1304,1,0.7476027,2024-01-14T00:00:00
211413,48574,1,0.7475393,2024-01-14T00:00:00
208788,1304,1,0.7474973,2024-01-14T00:00:00
208788,59822,1,0.7474973,2024-01-14T00:00:00
66924,11262,1,0.7474891,2024-01-14T00:00:00
212220,42132,1,0.7473417,2024-01-14T00:00:00
238608,11262,1,0.7472738,2024-01-14T00:00:00
66915,11262,1,0.7472738,2024-01-14T00:00:00
154881,48574,1,0.7472235,2024-01-14T00:00:00
220218,1304,1,0.74706244,2024-01-14T00:00:00
210051,48574,1,0.7467679,2024-01-14T00:00:00
203175,60978,1,0.74676687,2024-01-14T00:00:00
163131,1304,1,0.74642223,2024-01-14T00:00:00
225501,1304,1,0.74618155,2024-01-14T00:00:00
173940,48574,1,0.74616367,2024-01-14T00:00:00
206346,39186,1,0.7461193,2024-01-14T00:00:00
231057,39186,1,0.7461193,2024-01-14T00:00:00
222669,60978,1,0.7460883,2024-01-14T00:00:00
206427,30500,1,0.7459183,2024-01-14T00:00:00
204093,11262,1,0.7458864,2024-01-14T00:00:00
197286,35732,1,0.7458448,2024-01-14T00:00:00
25743,1304,1,0.7457775,2024-01-14T00:00:00
207345,30500,1,0.7457635,2024-01-14T00:00:00
67056,1304,1,0.74534076,2024-01-14T00:00:00
222669,1304,1,0.7452471,2024-01-14T00:00:00
166599,48574,1,0.7450831,2024-01-14T00:00:00
227310,1304,1,0.74498445,2024-01-14T00:00:00
203673,33886,1,0.7448774,2024-01-14T00:00:00
174468,60978,1,0.74485457,2024-01-14T00:00:00
185244,1304,1,0.7446433,2024-01-14T00:00:00
185244,59822,1,0.7446433,2024-01-14T00:00:00
183105,42132,1,0.7445524,2024-01-14T00:00:00
182565,1304,1,0.74444443,2024-01-14T00:00:00
61692,1372,1,0.74443954,2024-01-14T00:00:00
153912,1304,1,0.74435616,2024-01-14T00:00:00
187974,11262,1,0.74420905,2024-01-14T00:00:00
203088,56714,1,0.7441228,2024-01-14T00:00:00
166029,1304,1,0.74400204,2024-01-14T00:00:00
166029,59822,1,0.74400204,2024-01-14T00:00:00
154770,1304,1,0.7439627,2024-01-14T00:00:00
187806,35732,1,0.74385566,2024-01-14T00:00:00
187806,50268,1,0.74385566,2024-01-14T00:00:00
154476,1372,1,0.7438188,2024-01-14T00:00:00
154803,1304,1,0.7437334,2024-01-14T00:00:00
160770,1372,1,0.74370694,2024-01-14T00:00:00
203517,1304,1,0.7436999,2024-01-14T00:00:00
203517,59822,1,0.7436999,2024-01-14T00:00:00
238032,1372,1,0.74366075,2024-01-14T00:00:00
230091,44302,1,0.74347293,2024-01-14T00:00:00
72558,60978,1,0.7434363,2024-01-14T00:00:00
163101,1304,1,0.74323267,2024-01-14T00:00:00
72045,30500,1,0.7431863,2024-01-14T00:00:00
69060,48574,1,0.74316347,2024-01-14T00:00:00
230010,11262,1,0.74314135,2024-01-14T00:00:00
129204,1304,1,0.74313813,2024-01-14T00:00:00
157680,1304,1,0.74313813,2024-01-14T00:00:00
203322,1304,1,0.74313813,2024-01-14T00:00:00
197529,48574,1,0.74295723,2024-01-14T00:00:00
208911,11262,1,0.74294597,2024-01-14T00:00:00
212442,1304,1,0.742891,2024-01-14T00:00:00
206346,1304,1,0.742891,2024-01-14T00:00:00
192159,60978,1,0.7426969,2024-01-14T00:00:00
149634,60978,1,0.7426969,2024-01-14T00:00:00
204375,1304,1,0.74264085,2024-01-14T00:00:00
162957,1304,1,0.74264085,2024-01-14T00:00:00
184863,30500,1,0.74252516,2024-01-14T00:00:00
61935,1304,1,0.7424083,2024-01-14T00:00:00
189012,1304,1,0.7423012,2024-01-14T00:00:00
157500,11262,1,0.74224883,2024-01-14T00:00:00
191232,60978,1,0.74214894,2024-01-14T00:00:00
162960,11262,1,0.7420797,2024-01-14T00:00:00
208116,60978,1,0.7420655,2024-01-14T00:00:00
186216,1372,1,0.7420035,2024-01-14T00:00:00
186174,56714,1,0.74191666,2024-01-14T00:00:00
162603,48574,1,0.7418002,2024-01-14T00:00:00
155085,1372,1,0.74175185,2024-01-14T00:00:00
205191,30500,1,0.74157643,2024-01-14T00:00:00
209994,48574,1,0.74155027,2024-01-14T00:00:00
207339,60978,1,0.7415159,2024-01-14T00:00:00
227469,1372,1,0.7414778,2024-01-14T00:00:00
154578,1304,1,0.7414739,2024-01-14T00:00:00
222306,1304,1,0.7414501,2024-01-14T00:00:00
154578,48574,1,0.74122506,2024-01-14T00:00:00
210114,1372,1,0.741213,2024-01-14T00:00:00
157398,48574,1,0.74120843,2024-01-14T00:00:00
204522,1372,1,0.74119306,2024-01-14T00:00:00
204276,1304,1,0.74119127,2024-01-14T00:00:00
156057,50270,1,0.7409319,2024-01-14T00:00:00
203133,60978,1,0.7407824,2024-01-14T00:00:00
200964,60978,1,0.7406756,2024-01-14T00:00:00
209184,60978,1,0.7406756,2024-01-14T00:00:00
154068,59822,1,0.74067,2024-01-14T00:00:00
154068,1304,1,0.74067,2024-01-14T00:00:00
211383,60978,1,0.74057966,2024-01-14T00:00:00
186174,1304,1,0.74033195,2024-01-14T00:00:00
203133,48574,1,0.74011797,2024-01-14T00:00:00
214968,48574,1,0.7401024,2024-01-14T00:00:00
234021,60978,1,0.7400673,2024-01-14T00:00:00
177474,48574,1,0.7400083,2024-01-14T00:00:00
207600,33886,1,0.7399593,2024-01-14T00:00:00
192564,44302,1,0.73985004,2024-01-14T00:00:00
213102,44302,1,0.73979175,2024-01-14T00:00:00
197799,59822,1,0.739482,2024-01-14T00:00:00
197799,1304,1,0.739482,2024-01-14T00:00:00
187707,1304,1,0.739383,2024-01-14T00:00:00
204375,11262,1,0.7393197,2024-01-14T00:00:00
179088,1304,1,0.7392791,2024-01-14T00:00:00
217620,1304,1,0.7392791,2024-01-14T00:00:00
177903,1304,1,0.7392117,2024-01-14T00:00:00
208722,1304,1,0.7390236,2024-01-14T00:00:00
236973,1304,1,0.7390236,2024-01-14T00:00:00
171939,11262,1,0.73894507,2024-01-14T00:00:00
233427,1304,1,0.7388706,2024-01-14T00:00:00
191232,48574,1,0.7388394,2024-01-14T00:00:00
192159,48574,1,0.7388191,2024-01-14T00:00:00
212469,1304,1,0.7385402,2024-01-14T00:00:00
227310,50270,1,0.73853374,2024-01-14T00:00:00
188787,33886,1,0.7385095,2024-01-14T00:00:00
208554,1304,1,0.7383819,2024-01-14T00:00:00
208821,1304,1,0.7383819,2024-01-14T00:00:00
200502,1304,1,0.7383819,2024-01-14T00:00:00
200502,59822,1,0.7383819,2024-01-14T00:00:00
208482,1304,1,0.7383819,2024-01-14T00:00:00
208533,1304,1,0.7383819,2024-01-14T00:00:00
204762,48574,1,0.73810244,2024-01-14T00:00:00
207999,1304,1,0.7379634,2024-01-14T00:00:00
205659,33886,1,0.7379376,2024-01-14T00:00:00
227664,33886,1,0.73792857,2024-01-14T00:00:00
212892,1372,1,0.7374599,2024-01-14T00:00:00
225393,10652,1,0.7374575,2024-01-14T00:00:00
238878,48574,1,0.73741233,2024-01-14T00:00:00
80925,60978,1,0.7369653,2024-01-14T00:00:00
155481,1304,1,0.73696274,2024-01-14T00:00:00
207999,48574,1,0.73643625,2024-01-14T00:00:00
174468,10652,1,0.7361968,2024-01-14T00:00:00
211965,44302,1,0.7361622,2024-01-14T00:00:00
206811,1304,1,0.7361403,2024-01-14T00:00:00
222204,1304,1,0.7359728,2024-01-14T00:00:00
225747,60978,1,0.7359489,2024-01-14T00:00:00
229527,44302,1,0.7359141,2024-01-14T00:00:00
211632,1304,1,0.7354813,2024-01-14T00:00:00
198867,30500,1,0.73543423,2024-01-14T00:00:00
204780,33886,1,0.7353871,2024-01-14T00:00:00
183912,11262,1,0.7352953,2024-01-14T00:00:00
207996,1304,1,0.7352782,2024-01-14T00:00:00
196845,44302,1,0.7352406,2024-01-14T00:00:00
172590,59822,1,0.7351406,2024-01-14T00:00:00
172590,1304,1,0.7351406,2024-01-14T00:00:00
224169,30500,1,0.7350845,2024-01-14T00:00:00
156057,1304,1,0.73504794,2024-01-14T00:00:00
229539,39186,1,0.73485297,2024-01-14T00:00:00
226848,11262,1,0.73477083,2024-01-14T00:00:00
184509,48574,1,0.7346426,2024-01-14T00:00:00
232827,39186,1,0.73439026,2024-01-14T00:00:00
72045,1304,1,0.7340506,2024-01-14T00:00:00
72045,59822,1,0.7340506,2024-01-14T00:00:00
182292,48574,1,0.73387986,2024-01-14T00:00:00
207216,60978,1,0.7337756,2024-01-14T00:00:00
187806,46632,1,0.7337175,2024-01-14T00:00:00
191247,30500,1,0.73365587,2024-01-14T00:00:00
226623,1372,1,0.73359764,2024-01-14T00:00:00
209154,1372,1,0.73359764,2024-01-14T00:00:00
230010,1304,1,0.7334834,2024-01-14T00:00:00
61824,30500,1,0.73330647,2024-01-14T00:00:00
184863,44302,1,0.73322177,2024-01-14T00:00:00
206304,48574,1,0.733167,2024-01-14T00:00:00
154956,1372,1,0.7330845,2024-01-14T00:00:00
72900,1304,1,0.73305225,2024-01-14T00:00:00
197286,1304,1,0.73303336,2024-01-14T00:00:00
238218,11262,1,0.7329514,2024-01-14T00:00:00
229527,39186,1,0.7329387,2024-01-14T00:00:00
232404,60978,1,0.7328666,2024-01-14T00:00:00
65067,48574,1,0.73260343,2024-01-14T00:00:00
154113,1304,1,0.73249775,2024-01-14T00:00:00
62817,50270,1,0.7324961,2024-01-14T00:00:00
237057,11262,1,0.7324686,2024-01-14T00:00:00
166362,1372,1,0.7324471,2024-01-14T00:00:00
237300,1304,1,0.73231477,2024-01-14T00:00:00
72930,35732,1,0.7320988,2024-01-14T00:00:00
207345,33886,1,0.7320577,2024-01-14T00:00:00
216498,10652,1,0.73197174,2024-01-14T00:00:00
186177,50270,1,0.73192495,2024-01-14T00:00:00
206847,11262,1,0.7318964,2024-01-14T00:00:00
165750,33886,1,0.73187,2024-01-14T00:00:00
230331,1372,1,0.7318144,2024-01-14T00:00:00
183489,50274,1,0.73151976,2024-01-14T00:00:00
232455,59822,1,0.7313941,2024-01-14T00:00:00
162960,59822,1,0.7313,2024-01-14T00:00:00
153645,60978,1,0.73123664,2024-01-14T00:00:00
65640,59822,1,0.73119754,2024-01-14T00:00:00
238611,48574,1,0.7311027,2024-01-14T00:00:00
154707,1372,1,0.7308274,2024-01-14T00:00:00
207240,1304,1,0.7308013,2024-01-14T00:00:00
207087,56714,1,0.7307999,2024-01-14T00:00:00
234030,1304,1,0.7305124,2024-01-14T00:00:00
208515,1304,1,0.7305124,2024-01-14T00:00:00
202818,60978,1,0.73020893,2024-01-14T00:00:00
160029,1304,1,0.73014176,2024-01-14T00:00:00
208515,11262,1,0.73005617,2024-01-14T00:00:00
211527,10652,1,0.7300254,2024-01-14T00:00:00
210186,10652,1,0.7300254,2024-01-14T00:00:00
184863,60978,1,0.72969115,2024-01-14T00:00:00
153315,11262,1,0.7296155,2024-01-14T00:00:00
153138,1304,1,0.72921425,2024-01-14T00:00:00
188844,1304,1,0.72884196,2024-01-14T00:00:00
154743,1304,1,0.72875416,2024-01-14T00:00:00
208617,60978,1,0.72873175,2024-01-14T00:00:00
129135,48574,1,0.7286245,2024-01-14T00:00:00
225501,46632,1,0.72856736,2024-01-14T00:00:00
230091,60978,1,0.7285232,2024-01-14T00:00:00
179853,60978,1,0.7284561,2024-01-14T00:00:00
175293,48574,1,0.7284524,2024-01-14T00:00:00
208575,59822,1,0.72828734,2024-01-14T00:00:00
208575,1304,1,0.72828734,2024-01-14T00:00:00
183492,46632,1,0.72823304,2024-01-14T00:00:00
222669,33886,1,0.7281631,2024-01-14T00:00:00
174468,48574,1,0.72810346,2024-01-14T00:00:00
184710,30500,1,0.7280925,2024-01-14T00:00:00
206979,60978,1,0.7280463,2024-01-14T00:00:00
187395,11262,1,0.72803444,2024-01-14T00:00:00
232455,33886,1,0.72787654,2024-01-14T00:00:00
160029,11262,1,0.7278276,2024-01-14T00:00:00
222204,60978,1,0.727812,2024-01-14T00:00:00
212397,1372,1,0.72749835,2024-01-14T00:00:00
60870,11262,1,0.72731155,2024-01-14T00:00:00
154275,11262,1,0.72723883,2024-01-14T00:00:00
203316,1304,1,0.72720397,2024-01-14T00:00:00
205662,59822,1,0.72720397,2024-01-14T00:00:00
205662,1304,1,0.72720397,2024-01-14T00:00:00
172161,48574,1,0.7271928,2024-01-14T00:00:00
222669,30500,1,0.7269686,2024-01-14T00:00:00
206868,60978,1,0.72674894,2024-01-14T00:00:00
192714,48574,1,0.72672904,2024-01-14T00:00:00
210342,1304,1,0.726716,2024-01-14T00:00:00
203328,1304,1,0.7267043,2024-01-14T00:00:00
208485,1304,1,0.7264005,2024-01-14T00:00:00
209793,60978,1,0.7262814,2024-01-14T00:00:00
187101,30500,1,0.72620136,2024-01-14T00:00:00
72645,1304,1,0.72593045,2024-01-14T00:00:00
72645,59822,1,0.72593045,2024-01-14T00:00:00
204780,1304,1,0.72593045,2024-01-14T00:00:00
162984,30500,1,0.7256953,2024-01-14T00:00:00
224631,48574,1,0.7256268,2024-01-14T00:00:00
203142,56714,1,0.72536796,2024-01-14T00:00:00
61344,33886,1,0.72530985,2024-01-14T00:00:00
96138,48574,1,0.72507113,2024-01-14T00:00:00
208524,33886,1,0.7248415,2024-01-14T00:00:00
220269,44302,1,0.724792,2024-01-14T00:00:00
217494,10652,1,0.7247064,2024-01-14T00:00:00
207345,39186,1,0.7246911,2024-01-14T00:00:00
197286,50270,1,0.7245929,2024-01-14T00:00:00
216498,56714,1,0.7245902,2024-01-14T00:00:00
225501,30500,1,0.7244588,2024-01-14T00:00:00
231162,1304,1,0.72443914,2024-01-14T00:00:00
231162,59822,1,0.72443914,2024-01-14T00:00:00
212748,39186,1,0.7243308,2024-01-14T00:00:00
187221,30500,1,0.7240807,2024-01-14T00:00:00
163101,10652,1,0.72401327,2024-01-14T00:00:00
196302,60978,1,0.7236445,2024-01-14T00:00:00
206787,60978,1,0.7236445,2024-01-14T00:00:00
223389,1304,1,0.7235838,2024-01-14T00:00:00
188730,30500,1,0.72335196,2024-01-14T00:00:00
153888,30500,1,0.72328675,2024-01-14T00:00:00
223104,11262,1,0.7232465,2024-01-14T00:00:00
209184,1304,1,0.72313094,2024-01-14T00:00:00
218265,48574,1,0.72307324,2024-01-14T00:00:00
229527,10652,1,0.72303796,2024-01-14T00:00:00
69060,60978,1,0.7230356,2024-01-14T00:00:00
203259,60978,1,0.7230356,2024-01-14T00:00:00
155097,1372,1,0.72299904,2024-01-14T00:00:00
72645,11262,1,0.722827,2024-01-14T00:00:00
203811,59822,1,0.7224939,2024-01-14T00:00:00
203811,1304,1,0.7224939,2024-01-14T00:00:00
182292,1304,1,0.722365,2024-01-14T00:00:00
182292,59822,1,0.722365,2024-01-14T00:00:00
187734,30500,1,0.7223417,2024-01-14T00:00:00
154011,30500,1,0.7223417,2024-01-14T00:00:00
212379,44302,1,0.72232914,2024-01-14T00:00:00
183576,1304,1,0.72200733,2024-01-14T00:00:00
183576,59822,1,0.72200733,2024-01-14T00:00:00
207345,1372,1,0.7219334,2024-01-14T00:00:00
191892,44302,1,0.72174597,2024-01-14T00:00:00
227310,39186,1,0.721483,2024-01-14T00:00:00
201798,48574,1,0.72144157,2024-01-14T00:00:00
192549,56714,1,0.72103804,2024-01-14T00:00:00
231663,33886,1,0.7209647,2024-01-14T00:00:00
154797,30500,1,0.7207578,2024-01-14T00:00:00
200502,33886,1,0.7207405,2024-01-14T00:00:00
210051,60978,1,0.7205614,2024-01-14T00:00:00
238263,10652,1,0.72048813,2024-01-14T00:00:00
211761,1304,1,0.72043324,2024-01-14T00:00:00
212445,56714,1,0.7202575,2024-01-14T00:00:00
206952,60978,1,0.7201558,2024-01-14T00:00:00
66879,1304,1,0.72012943,2024-01-14T00:00:00
231663,60978,1,0.7201139,2024-01-14T00:00:00
183672,1304,1,0.7200109,2024-01-14T00:00:00
203142,33886,1,0.7198762,2024-01-14T00:00:00
154869,1304,1,0.71980864,2024-01-14T00:00:00
64218,48574,1,0.7198068,2024-01-14T00:00:00
238608,1304,1,0.719665,2024-01-14T00:00:00
234018,60978,1,0.7195897,2024-01-14T00:00:00
174468,56714,1,0.71956414,2024-01-14T00:00:00
208509,11262,1,0.7195541,2024-01-14T00:00:00
60864,11262,1,0.7194815,2024-01-14T00:00:00
210627,48574,1,0.719447,2024-01-14T00:00:00
62817,56714,1,0.7191886,2024-01-14T00:00:00
212550,11262,1,0.7191794,2024-01-14T00:00:00
227664,60978,1,0.7190997,2024-01-14T00:00:00
230091,10652,1,0.7189273,2024-01-14T00:00:00
232404,30500,1,0.7189224,2024-01-14T00:00:00
186327,1304,1,0.71881187,2024-01-14T00:00:00
185244,48574,1,0.71861875,2024-01-14T00:00:00
217380,56714,1,0.71843714,2024-01-14T00:00:00
60888,50270,1,0.71835184,2024-01-14T00:00:00
153867,48574,1,0.71834207,2024-01-14T00:00:00
66843,44302,1,0.71829325,2024-01-14T00:00:00
153867,1372,1,0.71809095,2024-01-14T00:00:00
204243,11262,1,0.7178945,2024-01-14T00:00:00
232827,50268,1,0.7177927,2024-01-14T00:00:00
232827,35732,1,0.7177927,2024-01-14T00:00:00
198945,48574,1,0.71754014,2024-01-14T00:00:00
197529,30500,1,0.71751654,2024-01-14T00:00:00
231909,30500,1,0.71748006,2024-01-14T00:00:00
208491,33886,1,0.7174055,2024-01-14T00:00:00
155337,60978,1,0.7172803,2024-01-14T00:00:00
238068,1304,1,0.71726197,2024-01-14T00:00:00
158499,1304,1,0.71726197,2024-01-14T00:00:00
223071,30500,1,0.7171749,2024-01-14T00:00:00
227115,1304,1,0.7171725,2024-01-14T00:00:00
179088,30500,1,0.7170198,2024-01-14T00:00:00
174279,60978,1,0.71691585,2024-01-14T00:00:00
213102,10652,1,0.71682894,2024-01-14T00:00:00
208500,33886,1,0.7167805,2024-01-14T00:00:00
208806,33886,1,0.7167805,2024-01-14T00:00:00
208893,33886,1,0.7167805,2024-01-14T00:00:00
172704,35732,1,0.7166876,2024-01-14T00:00:00
187734,48574,1,0.71662575,2024-01-14T00:00:00
181101,60978,1,0.7166042,2024-01-14T00:00:00
188637,56714,1,0.7165159,2024-01-14T00:00:00
176403,16358,1,0.7164472,2024-01-14T00:00:00
188196,1372,1,0.71639633,2024-01-14T00:00:00
188730,56714,1,0.7163834,2024-01-14T00:00:00
193323,30500,1,0.71630293,2024-01-14T00:00:00
66915,1304,1,0.71618783,2024-01-14T00:00:00
229812,60978,1,0.7160093,2024-01-14T00:00:00
128502,1372,1,0.7158276,2024-01-14T00:00:00
72930,50270,1,0.7156934,2024-01-14T00:00:00
61344,10652,1,0.7155131,2024-01-14T00:00:00
72930,16358,1,0.71534985,2024-01-14T00:00:00
154011,48574,1,0.71522146,2024-01-14T00:00:00
188730,48574,1,0.71522146,2024-01-14T00:00:00
214968,59822,1,0.71502566,2024-01-14T00:00:00
72312,59822,1,0.71502566,2024-01-14T00:00:00
226662,1372,1,0.7149242,2024-01-14T00:00:00
208794,1370,1,0.7147256,2024-01-14T00:00:00
208812,1370,1,0.7147256,2024-01-14T00:00:00
192564,60978,1,0.71464187,2024-01-14T00:00:00
208488,33886,1,0.7144637,2024-01-14T00:00:00
211383,48574,1,0.7144019,2024-01-14T00:00:00
208350,33886,1,0.7143863,2024-01-14T00:00:00
215517,60978,1,0.71429855,2024-01-14T00:00:00
162624,11262,1,0.7142902,2024-01-14T00:00:00
212220,16358,1,0.71388036,2024-01-14T00:00:00
220269,1304,1,0.7138739,2024-01-14T00:00:00
207339,44302,1,0.7137708,2024-01-14T00:00:00
198522,44302,1,0.71375346,2024-01-14T00:00:00
65631,60978,1,0.71367043,2024-01-14T00:00:00
176403,1304,1,0.7135332,2024-01-14T00:00:00
212220,1304,1,0.7135332,2024-01-14T00:00:00
163131,30500,1,0.71348864,2024-01-14T00:00:00
207600,60978,1,0.7131818,2024-01-14T00:00:00
161667,1304,1,0.71313095,2024-01-14T00:00:00
210978,1304,1,0.7130748,2024-01-14T00:00:00
208485,33886,1,0.7129846,2024-01-14T00:00:00
209880,48574,1,0.7120857,2024-01-14T00:00:00
209622,56714,1,0.7119252,2024-01-14T00:00:00
203820,30500,1,0.71174824,2024-01-14T00:00:00
212448,48574,1,0.7113117,2024-01-14T00:00:00
188100,48574,1,0.7112525,2024-01-14T00:00:00
206433,30500,1,0.7112105,2024-01-14T00:00:00
211947,1304,1,0.7111283,2024-01-14T00:00:00
183105,16358,1,0.71086454,2024-01-14T00:00:00
236775,1370,1,0.71063894,2024-01-14T00:00:00
230331,1370,1,0.71063894,2024-01-14T00:00:00
227343,1304,1,0.71060634,2024-01-14T00:00:00
227343,59822,1,0.71060634,2024-01-14T00:00:00
203199,35732,1,0.7105965,2024-01-14T00:00:00
210690,33886,1,0.71027774,2024-01-14T00:00:00
208503,33886,1,0.71027774,2024-01-14T00:00:00
174279,1304,1,0.7102488,2024-01-14T00:00:00
203178,10652,1,0.70986277,2024-01-14T00:00:00
211533,39186,1,0.7098308,2024-01-14T00:00:00
211761,60978,1,0.70978767,2024-01-14T00:00:00
203700,60978,1,0.70976096,2024-01-14T00:00:00
186882,30500,1,0.70972407,2024-01-14T00:00:00
66777,30500,1,0.70972407,2024-01-14T00:00:00
204771,35732,1,0.70954627,2024-01-14T00:00:00
163131,60978,1,0.70939624,2024-01-14T00:00:00
183489,30500,1,0.7091168,2024-01-14T00:00:00
72117,30500,1,0.7090142,2024-01-14T00:00:00
231102,1304,1,0.7087322,2024-01-14T00:00:00
197286,39186,1,0.7086392,2024-01-14T00:00:00
206868,56714,1,0.7084546,2024-01-14T00:00:00
25749,56714,1,0.7083382,2024-01-14T00:00:00
195894,10652,1,0.7082686,2024-01-14T00:00:00
153885,59822,1,0.70809704,2024-01-14T00:00:00
153885,1304,1,0.70809704,2024-01-14T00:00:00
203700,35732,1,0.70804876,2024-01-14T00:00:00
203700,50268,1,0.70804876,2024-01-14T00:00:00
153303,56714,1,0.70730096,2024-01-14T00:00:00
223776,1372,1,0.70706254,2024-01-14T00:00:00
223071,48574,1,0.7070353,2024-01-14T00:00:00
210876,48574,1,0.7068795,2024-01-14T00:00:00
204144,30500,1,0.70675766,2024-01-14T00:00:00
164970,1304,1,0.7066833,2024-01-14T00:00:00
154881,30500,1,0.7066312,2024-01-14T00:00:00
204780,48574,1,0.7064485,2024-01-14T00:00:00
203871,48574,1,0.7064485,2024-01-14T00:00:00
72645,48574,1,0.7064485,2024-01-14T00:00:00
236775,60978,1,0.7057679,2024-01-14T00:00:00
153888,48574,1,0.70565474,2024-01-14T00:00:00
156063,1304,1,0.70556504,2024-01-14T00:00:00
66843,10652,1,0.7052923,2024-01-14T00:00:00
25734,33886,1,0.7052057,2024-01-14T00:00:00
203310,33886,1,0.7050424,2024-01-14T00:00:00
212379,10652,1,0.7048758,2024-01-14T00:00:00
206484,1372,1,0.70480937,2024-01-14T00:00:00
154098,1304,1,0.7047979,2024-01-14T00:00:00
210120,11262,1,0.7047765,2024-01-14T00:00:00
165717,30500,1,0.7046093,2024-01-14T00:00:00
165750,30500,1,0.704442,2024-01-14T00:00:00
212256,48574,1,0.70437384,2024-01-14T00:00:00
207345,1370,1,0.70432395,2024-01-14T00:00:00
154707,56714,1,0.70393187,2024-01-14T00:00:00
191553,33886,1,0.7036673,2024-01-14T00:00:00
183213,39186,1,0.7036551,2024-01-14T00:00:00
188730,60978,1,0.70346844,2024-01-14T00:00:00
154011,60978,1,0.70346844,2024-01-14T00:00:00
217848,50270,1,0.7033759,2024-01-14T00:00:00
66879,48574,1,0.703279,2024-01-14T00:00:00
186384,48574,1,0.70322174,2024-01-14T00:00:00
211476,56714,1,0.7031048,2024-01-14T00:00:00
212586,10652,1,0.70302725,2024-01-14T00:00:00
153312,48574,1,0.7029266,2024-01-14T00:00:00
232068,35732,1,0.70278716,2024-01-14T00:00:00
225501,60978,1,0.70268357,2024-01-14T00:00:00
209622,16358,1,0.70265573,2024-01-14T00:00:00
205821,1304,1,0.7023183,2024-01-14T00:00:00
203106,33886,1,0.7022608,2024-01-14T00:00:00
210393,33886,1,0.7022608,2024-01-14T00:00:00
187806,33886,1,0.7019184,2024-01-14T00:00:00
177672,48574,1,0.70185274,2024-01-14T00:00:00
192564,50268,1,0.7017169,2024-01-14T00:00:00
183672,11262,1,0.70157915,2024-01-14T00:00:00
209994,60978,1,0.70149815,2024-01-14T00:00:00
211533,16358,1,0.7014864,2024-01-14T00:00:00
186216,48574,1,0.7013659,2024-01-14T00:00:00
65637,30500,1,0.7009996,2024-01-14T00:00:00
227238,10652,1,0.7009979,2024-01-14T00:00:00
162624,48574,1,0.7007908,2024-01-14T00:00:00
206484,30500,1,0.70056516,2024-01-14T00:00:00
227469,59822,1,0.7004421,2024-01-14T00:00:00
227469,1304,1,0.7004421,2024-01-14T00:00:00
231162,56714,1,0.7004313,2024-01-14T00:00:00
194904,35732,1,0.7001307,2024-01-14T00:00:00
163101,56714,1,0.6998135,2024-01-14T00:00:00
62817,50268,1,0.69981325,2024-01-14T00:00:00
62817,35732,1,0.69981325,2024-01-14T00:00:00
210981,10652,1,0.69954747,2024-01-14T00:00:00
203073,30500,1,0.6994976,2024-01-14T00:00:00
238608,48574,1,0.6993748,2024-01-14T00:00:00
230091,39186,1,0.69917923,2024-01-14T00:00:00
193323,33886,1,0.69895214,2024-01-14T00:00:00
186657,48574,1,0.6987871,2024-01-14T00:00:00
176403,60978,1,0.6987849,2024-01-14T00:00:00
154275,1304,1,0.6987723,2024-01-14T00:00:00
216564,56714,1,0.698706,2024-01-14T00:00:00
222438,48574,1,0.6985146,2024-01-14T00:00:00
154758,60978,1,0.6982919,2024-01-14T00:00:00
163578,1304,1,0.6982199,2024-01-14T00:00:00
128901,30500,1,0.6981461,2024-01-14T00:00:00
236520,30500,1,0.6979839,2024-01-14T00:00:00
213978,1304,1,0.6978399,2024-01-14T00:00:00
66843,30500,1,0.697779,2024-01-14T00:00:00
195894,33886,1,0.6976905,2024-01-14T00:00:00
186177,56714,1,0.69766515,2024-01-14T00:00:00
204189,59822,1,0.69764084,2024-01-14T00:00:00
204189,1304,1,0.69764084,2024-01-14T00:00:00
72930,46632,1,0.6969587,2024-01-14T00:00:00
223389,35732,1,0.6967905,2024-01-14T00:00:00
219381,48574,1,0.69660866,2024-01-14T00:00:00
60888,50268,1,0.69555074,2024-01-14T00:00:00
172719,59822,1,0.6954249,2024-01-14T00:00:00
154698,60978,1,0.69540375,2024-01-14T00:00:00
229527,50274,1,0.6953601,2024-01-14T00:00:00
203517,60978,1,0.6953176,2024-01-14T00:00:00
237195,1372,1,0.6952991,2024-01-14T00:00:00
231909,11262,1,0.6950023,2024-01-14T00:00:00
214968,60978,1,0.6949903,2024-01-14T00:00:00
172704,50724,1,0.6948088,2024-01-14T00:00:00
226662,1304,1,0.69446385,2024-01-14T00:00:00
25749,35732,1,0.69397205,2024-01-14T00:00:00
217494,33886,1,0.69387776,2024-01-14T00:00:00
156486,30500,1,0.6937817,2024-01-14T00:00:00
206433,33886,1,0.6936814,2024-01-14T00:00:00
206442,33886,1,0.6936814,2024-01-14T00:00:00
72483,60978,1,0.69352883,2024-01-14T00:00:00
200964,30500,1,0.6934163,2024-01-14T00:00:00
163377,1304,1,0.69337547,2024-01-14T00:00:00
128334,59822,1,0.6930305,2024-01-14T00:00:00
222669,39186,1,0.69299686,2024-01-14T00:00:00
212397,1304,1,0.692972,2024-01-14T00:00:00
211413,1372,1,0.6929119,2024-01-14T00:00:00
232827,30500,1,0.6928197,2024-01-14T00:00:00
184863,35732,1,0.6928168,2024-01-14T00:00:00
206496,1372,1,0.69261104,2024-01-14T00:00:00
183105,60978,1,0.69255924,2024-01-14T00:00:00
226848,48574,1,0.6924327,2024-01-14T00:00:00
225501,33886,1,0.69223696,2024-01-14T00:00:00
224208,1304,1,0.69217813,2024-01-14T00:00:00
153669,1304,1,0.69199574,2024-01-14T00:00:00
234972,60978,1,0.6917712,2024-01-14T00:00:00
189045,48574,1,0.6916915,2024-01-14T00:00:00
219420,60978,1,0.6916302,2024-01-14T00:00:00
212721,56714,1,0.6915452,2024-01-14T00:00:00
186438,1304,1,0.6911855,2024-01-14T00:00:00
198981,56714,1,0.6911668,2024-01-14T00:00:00
183489,60978,1,0.69104314,2024-01-14T00:00:00
157500,59822,1,0.6905282,2024-01-14T00:00:00
206448,33886,1,0.6905249,2024-01-14T00:00:00
186174,39186,1,0.6905238,2024-01-14T00:00:00
179496,10652,1,0.6903613,2024-01-14T00:00:00
221247,1372,1,0.6903523,2024-01-14T00:00:00
61344,39186,1,0.6902009,2024-01-14T00:00:00
178230,50274,1,0.69008034,2024-01-14T00:00:00
193323,60978,1,0.6899287,2024-01-14T00:00:00
172161,1304,1,0.6897491,2024-01-14T00:00:00
206748,50270,1,0.6894025,2024-01-14T00:00:00
172161,60978,1,0.6893233,2024-01-14T00:00:00
155052,48574,1,0.6889794,2024-01-14T00:00:00
206343,50270,1,0.6887461,2024-01-14T00:00:00
211383,30500,1,0.6887186,2024-01-14T00:00:00
192564,50270,1,0.68840015,2024-01-14T00:00:00
186933,48574,1,0.6883743,2024-01-14T00:00:00
229527,33886,1,0.6881314,2024-01-14T00:00:00
227292,39186,1,0.68807787,2024-01-14T00:00:00
206346,56714,1,0.6879701,2024-01-14T00:00:00
222204,33886,1,0.6875561,2024-01-14T00:00:00
237300,33886,1,0.6875181,2024-01-14T00:00:00
203133,30500,1,0.68742615,2024-01-14T00:00:00
187797,35732,1,0.6873239,2024-01-14T00:00:00
223968,39186,1,0.6868434,2024-01-14T00:00:00
183492,50268,1,0.6864884,2024-01-14T00:00:00
67335,1372,1,0.686353,2024-01-14T00:00:00
153141,1304,1,0.68629,2024-01-14T00:00:00
203790,33886,1,0.68625486,2024-01-14T00:00:00
217782,1304,1,0.68623984,2024-01-14T00:00:00
156057,10652,1,0.6859816,2024-01-14T00:00:00
212775,1304,1,0.6859049,2024-01-14T00:00:00
212775,59822,1,0.6859049,2024-01-14T00:00:00
176643,60978,1,0.68588287,2024-01-14T00:00:00
212448,1372,1,0.685818,2024-01-14T00:00:00
183576,48574,1,0.6856833,2024-01-14T00:00:00
227115,33886,1,0.6855913,2024-01-14T00:00:00
64299,33886,1,0.685482,2024-01-14T00:00:00
154245,48574,1,0.68543017,2024-01-14T00:00:00
192768,33886,1,0.6853362,2024-01-14T00:00:00
59703,33886,1,0.6853362,2024-01-14T00:00:00
66378,33886,1,0.6853362,2024-01-14T00:00:00
203052,33886,1,0.6853362,2024-01-14T00:00:00
192771,33886,1,0.6853362,2024-01-14T00:00:00
212505,33886,1,0.6853362,2024-01-14T00:00:00
198573,56714,1,0.68532777,2024-01-14T00:00:00
204768,30500,1,0.6849954,2024-01-14T00:00:00
217782,46632,1,0.6849109,2024-01-14T00:00:00
205659,50268,1,0.6848291,2024-01-14T00:00:00
176643,48574,1,0.68471557,2024-01-14T00:00:00
187806,50270,1,0.6845925,2024-01-14T00:00:00
75723,59822,1,0.6843203,2024-01-14T00:00:00
153960,1304,1,0.68429387,2024-01-14T00:00:00
188847,59822,1,0.6842917,2024-01-14T00:00:00
188847,1304,1,0.6842917,2024-01-14T00:00:00
72483,33886,1,0.68414456,2024-01-14T00:00:00
194904,56714,1,0.6841394,2024-01-14T00:00:00
206376,50270,1,0.6841095,2024-01-14T00:00:00
66465,60978,1,0.68410516,2024-01-14T00:00:00
25743,60978,1,0.6840356,2024-01-14T00:00:00
220269,10652,1,0.6839105,2024-01-14T00:00:00
194229,35846,1,0.6836812,2024-01-14T00:00:00
227469,35732,1,0.68309814,2024-01-14T00:00:00
206484,1370,1,0.6828556,2024-01-14T00:00:00
194229,46632,1,0.68285,2024-01-14T00:00:00
206484,33886,1,0.68266547,2024-01-14T00:00:00
206514,33886,1,0.68266547,2024-01-14T00:00:00
208533,33886,1,0.682501,2024-01-14T00:00:00
153303,60978,1,0.6821285,2024-01-14T00:00:00
206937,60978,1,0.682016,2024-01-14T00:00:00
232269,50270,1,0.68198246,2024-01-14T00:00:00
165762,35846,1,0.68184125,2024-01-14T00:00:00
155100,1304,1,0.6813517,2024-01-14T00:00:00
154113,48574,1,0.6812193,2024-01-14T00:00:00
160770,60978,1,0.6810382,2024-01-14T00:00:00
222204,10652,1,0.6810018,2024-01-14T00:00:00
164640,11262,1,0.68077636,2024-01-14T00:00:00
195894,48574,1,0.68064034,2024-01-14T00:00:00
206478,48574,1,0.68053216,2024-01-14T00:00:00
222906,30500,1,0.6804615,2024-01-14T00:00:00
129264,30500,1,0.6803784,2024-01-14T00:00:00
206406,48574,1,0.68020904,2024-01-14T00:00:00
154707,35732,1,0.68012714,2024-01-14T00:00:00
197529,1304,1,0.68007916,2024-01-14T00:00:00
198867,1304,1,0.68004125,2024-01-14T00:00:00
231096,48574,1,0.6799558,2024-01-14T00:00:00
230178,59822,1,0.6796069,2024-01-14T00:00:00
233970,60978,1,0.67947334,2024-01-14T00:00:00
208524,30500,1,0.67941093,2024-01-14T00:00:00
203811,60978,1,0.6793704,2024-01-14T00:00:00
155097,48574,1,0.67922014,2024-01-14T00:00:00
191892,10652,1,0.6791917,2024-01-14T00:00:00
213114,60978,1,0.6791411,2024-01-14T00:00:00
225276,11262,1,0.6791212,2024-01-14T00:00:00
183789,10652,1,0.679093,2024-01-14T00:00:00
188331,50270,1,0.67907333,2024-01-14T00:00:00
203454,10652,1,0.6786855,2024-01-14T00:00:00
219021,10652,1,0.6786735,2024-01-14T00:00:00
60888,56714,1,0.6785084,2024-01-14T00:00:00
191247,35846,1,0.6783536,2024-01-14T00:00:00
156486,1304,1,0.6782239,2024-01-14T00:00:00
156486,59822,1,0.6782239,2024-01-14T00:00:00
200502,30500,1,0.6781382,2024-01-14T00:00:00
178230,10652,1,0.67797995,2024-01-14T00:00:00
216108,10652,1,0.6777722,2024-01-14T00:00:00
233970,10652,1,0.6777722,2024-01-14T00:00:00
172035,48574,1,0.6777,2024-01-14T00:00:00
192942,48574,1,0.6776777,2024-01-14T00:00:00
194883,50270,1,0.6775538,2024-01-14T00:00:00
211749,59822,1,0.6775388,2024-01-14T00:00:00
69060,59822,1,0.67746043,2024-01-14T00:00:00
156063,11262,1,0.6773799,2024-01-14T00:00:00
206364,30500,1,0.6772281,2024-01-14T00:00:00
72483,44302,1,0.6770913,2024-01-14T00:00:00
205905,33886,1,0.6770606,2024-01-14T00:00:00
161667,33886,1,0.67704,2024-01-14T00:00:00
203133,1304,1,0.67684746,2024-01-14T00:00:00
56868,35732,1,0.67679924,2024-01-14T00:00:00
68496,60978,1,0.6765618,2024-01-14T00:00:00
192159,59822,1,0.676451,2024-01-14T00:00:00
149634,1304,1,0.676451,2024-01-14T00:00:00
223518,1304,1,0.676451,2024-01-14T00:00:00
193965,10652,1,0.6760876,2024-01-14T00:00:00
167571,56714,1,0.675644,2024-01-14T00:00:00
206952,30500,1,0.67538136,2024-01-14T00:00:00
224787,56714,1,0.6751877,2024-01-14T00:00:00
129135,1304,1,0.6751516,2024-01-14T00:00:00
166356,1304,1,0.6751012,2024-01-14T00:00:00
206415,48574,1,0.6749059,2024-01-14T00:00:00
201282,39186,1,0.67483795,2024-01-14T00:00:00
219048,1372,1,0.6748183,2024-01-14T00:00:00
206514,35846,1,0.67478395,2024-01-14T00:00:00
219132,10652,1,0.67459524,2024-01-14T00:00:00
140277,60978,1,0.6745181,2024-01-14T00:00:00
206964,1304,1,0.6744177,2024-01-14T00:00:00
206772,59822,1,0.6744177,2024-01-14T00:00:00
206772,1304,1,0.6744177,2024-01-14T00:00:00
210633,30500,1,0.67422724,2024-01-14T00:00:00
213102,30500,1,0.67415404,2024-01-14T00:00:00
238878,11262,1,0.6739245,2024-01-14T00:00:00
210882,10652,1,0.67387277,2024-01-14T00:00:00
186378,30500,1,0.6737825,2024-01-14T00:00:00
154707,60978,1,0.6737552,2024-01-14T00:00:00
155052,1304,1,0.673752,2024-01-14T00:00:00
208449,1304,1,0.6737234,2024-01-14T00:00:00
220179,60978,1,0.6734473,2024-01-14T00:00:00
204762,1304,1,0.6732003,2024-01-14T00:00:00
68568,59822,1,0.67279226,2024-01-14T00:00:00
225672,50270,1,0.6727858,2024-01-14T00:00:00
224208,30500,1,0.6726423,2024-01-14T00:00:00
232455,30500,1,0.67264205,2024-01-14T00:00:00
234297,56714,1,0.6725555,2024-01-14T00:00:00
206412,1372,1,0.6724071,2024-01-14T00:00:00
222204,30500,1,0.6722943,2024-01-14T00:00:00
184485,1372,1,0.6719499,2024-01-14T00:00:00
208872,30500,1,0.67172056,2024-01-14T00:00:00
165762,44302,1,0.6715138,2024-01-14T00:00:00
212445,60978,1,0.67100686,2024-01-14T00:00:00
157767,56714,1,0.6706559,2024-01-14T00:00:00
232455,16358,1,0.670646,2024-01-14T00:00:00
212301,60978,1,0.67064,2024-01-14T00:00:00
208806,30500,1,0.67062384,2024-01-14T00:00:00
197799,48574,1,0.6706154,2024-01-14T00:00:00
201798,30500,1,0.6706058,2024-01-14T00:00:00
203256,33886,1,0.67050004,2024-01-14T00:00:00
211383,33886,1,0.6704439,2024-01-14T00:00:00
216309,60978,1,0.6702817,2024-01-14T00:00:00
208053,1304,1,0.6702638,2024-01-14T00:00:00
207927,59822,1,0.6701055,2024-01-14T00:00:00
211533,35846,1,0.6700113,2024-01-14T00:00:00
232503,44302,1,0.66977173,2024-01-14T00:00:00
196455,30500,1,0.6697413,2024-01-14T00:00:00
172419,30500,1,0.6695874,2024-01-14T00:00:00
229527,42132,1,0.6695501,2024-01-14T00:00:00
208599,30500,1,0.6693387,2024-01-14T00:00:00
212379,57804,1,0.66927135,2024-01-14T00:00:00
206667,60978,1,0.6691997,2024-01-14T00:00:00
155403,48574,1,0.66908836,2024-01-14T00:00:00
187806,42132,1,0.6690146,2024-01-14T00:00:00
184698,1372,1,0.66879255,2024-01-14T00:00:00
175899,56714,1,0.6687705,2024-01-14T00:00:00
203451,33886,1,0.6687462,2024-01-14T00:00:00
198867,10652,1,0.6686715,2024-01-14T00:00:00
157224,56714,1,0.6684997,2024-01-14T00:00:00
203301,33886,1,0.668424,2024-01-14T00:00:00
203295,33886,1,0.668424,2024-01-14T00:00:00
153792,1304,1,0.6683907,2024-01-14T00:00:00
210876,33886,1,0.668377,2024-01-14T00:00:00
149634,30500,1,0.66834074,2024-01-14T00:00:00
223518,30500,1,0.66834074,2024-01-14T00:00:00
192159,30500,1,0.66834074,2024-01-14T00:00:00
154041,56714,1,0.6682379,2024-01-14T00:00:00
207345,10652,1,0.66807956,2024-01-14T00:00:00
61344,56714,1,0.66795087,2024-01-14T00:00:00
208347,30500,1,0.6678946,2024-01-14T00:00:00
129081,16358,1,0.66786546,2024-01-14T00:00:00
203871,60978,1,0.667711,2024-01-14T00:00:00
212256,1372,1,0.6674613,2024-01-14T00:00:00
210393,35732,1,0.66739917,2024-01-14T00:00:00
234093,50268,1,0.66739917,2024-01-14T00:00:00
229539,33886,1,0.66725016,2024-01-14T00:00:00
189012,11262,1,0.66700804,2024-01-14T00:00:00
211524,35846,1,0.66688776,2024-01-14T00:00:00
153303,10652,1,0.6668731,2024-01-14T00:00:00
203820,33886,1,0.66682947,2024-01-14T00:00:00
208476,30500,1,0.6668171,2024-01-14T00:00:00
65631,10652,1,0.666776,2024-01-14T00:00:00
25743,56714,1,0.66664183,2024-01-14T00:00:00
176643,56714,1,0.6665017,2024-01-14T00:00:00
226827,46632,1,0.66646254,2024-01-14T00:00:00
181101,10652,1,0.66636026,2024-01-14T00:00:00
61899,50270,1,0.66625994,2024-01-14T00:00:00
206823,30500,1,0.6661084,2024-01-14T00:00:00
206988,30500,1,0.6661084,2024-01-14T00:00:00
204222,33886,1,0.6659825,2024-01-14T00:00:00
203700,10652,1,0.66594875,2024-01-14T00:00:00
185244,11262,1,0.6658943,2024-01-14T00:00:00
96444,33886,1,0.6658124,2024-01-14T00:00:00
210882,33886,1,0.6658124,2024-01-14T00:00:00
206673,60978,1,0.66579574,2024-01-14T00:00:00
219522,30500,1,0.6657754,2024-01-14T00:00:00
72558,56714,1,0.66576093,2024-01-14T00:00:00
238887,1372,1,0.66570073,2024-01-14T00:00:00
61902,1304,1,0.66555524,2024-01-14T00:00:00
188730,1372,1,0.66542727,2024-01-14T00:00:00
206664,60978,1,0.66516715,2024-01-14T00:00:00
210876,1372,1,0.6650902,2024-01-14T00:00:00
154119,59822,1,0.6647968,2024-01-14T00:00:00
172704,50270,1,0.6647528,2024-01-14T00:00:00
183195,56714,1,0.6645629,2024-01-14T00:00:00
225393,46632,1,0.6645477,2024-01-14T00:00:00
232404,56714,1,0.6640598,2024-01-14T00:00:00
228060,56714,1,0.6640598,2024-01-14T00:00:00
183213,42132,1,0.6639839,2024-01-14T00:00:00
128334,10652,1,0.66396165,2024-01-14T00:00:00
188196,59822,1,0.66376597,2024-01-14T00:00:00
165750,35846,1,0.66361684,2024-01-14T00:00:00
212640,30500,1,0.6635512,2024-01-14T00:00:00
206418,30500,1,0.6635512,2024-01-14T00:00:00
206421,30500,1,0.6635512,2024-01-14T00:00:00
202818,10652,1,0.66339517,2024-01-14T00:00:00
225393,35846,1,0.663377,2024-01-14T00:00:00
213978,50274,1,0.66275465,2024-01-14T00:00:00
183489,50270,1,0.6627344,2024-01-14T00:00:00
229737,60978,1,0.6626224,2024-01-14T00:00:00
206664,33886,1,0.66254556,2024-01-14T00:00:00
203166,60978,1,0.66248745,2024-01-14T00:00:00
225501,44302,1,0.66241825,2024-01-14T00:00:00
238263,30500,1,0.6622085,2024-01-14T00:00:00
206952,33886,1,0.6617144,2024-01-14T00:00:00
219420,10652,1,0.6615848,2024-01-14T00:00:00
207996,10652,1,0.66156226,2024-01-14T00:00:00
186174,44302,1,0.661518,2024-01-14T00:00:00
72900,30500,1,0.66141796,2024-01-14T00:00:00
154119,10652,1,0.6613019,2024-01-14T00:00:00
238068,30500,1,0.66106457,2024-01-14T00:00:00
61977,30500,1,0.6607387,2024-01-14T00:00:00
206955,30500,1,0.6607387,2024-01-14T00:00:00
70890,30500,1,0.6607387,2024-01-14T00:00:00
196302,30500,1,0.6607387,2024-01-14T00:00:00
234093,30500,1,0.6600651,2024-01-14T00:00:00
195723,50268,1,0.6599916,2024-01-14T00:00:00
230010,60978,1,0.65994686,2024-01-14T00:00:00
72117,56714,1,0.6599276,2024-01-14T00:00:00
186933,30500,1,0.65990084,2024-01-14T00:00:00
225501,16358,1,0.65986174,2024-01-14T00:00:00
128502,56714,1,0.65981936,2024-01-14T00:00:00
234021,33886,1,0.6594688,2024-01-14T00:00:00
159831,60978,1,0.65911883,2024-01-14T00:00:00
203673,30500,1,0.6589801,2024-01-14T00:00:00
210876,30500,1,0.6589586,2024-01-14T00:00:00
234018,1372,1,0.65882576,2024-01-14T00:00:00
206697,33886,1,0.65868944,2024-01-14T00:00:00
208449,11262,1,0.6584589,2024-01-14T00:00:00
203502,35732,1,0.65825117,2024-01-14T00:00:00
203502,50268,1,0.65825117,2024-01-14T00:00:00
212505,35732,1,0.65825117,2024-01-14T00:00:00
59703,50268,1,0.65825117,2024-01-14T00:00:00
63582,35732,1,0.65825117,2024-01-14T00:00:00
192756,35732,1,0.65825117,2024-01-14T00:00:00
203058,50268,1,0.65825117,2024-01-14T00:00:00
61344,44302,1,0.6582199,2024-01-14T00:00:00
236766,1372,1,0.6582086,2024-01-14T00:00:00
206364,33886,1,0.65813744,2024-01-14T00:00:00
208899,33886,1,0.6580977,2024-01-14T00:00:00
208539,33886,1,0.6580977,2024-01-14T00:00:00
165762,39186,1,0.6580526,2024-01-14T00:00:00
211527,35846,1,0.6578714,2024-01-14T00:00:00
173796,60978,1,0.6576864,2024-01-14T00:00:00
66465,44302,1,0.6573804,2024-01-14T00:00:00
232269,35732,1,0.6573265,2024-01-14T00:00:00
176403,57804,1,0.6573048,2024-01-14T00:00:00
206637,30500,1,0.6571572,2024-01-14T00:00:00
165717,35846,1,0.6569004,2024-01-14T00:00:00
214968,30500,1,0.65669876,2024-01-14T00:00:00
72312,30500,1,0.65669876,2024-01-14T00:00:00
72117,39186,1,0.65622675,2024-01-14T00:00:00
195723,56714,1,0.6561874,2024-01-14T00:00:00
207087,33886,1,0.65616226,2024-01-14T00:00:00
206760,46632,1,0.65601426,2024-01-14T00:00:00
71766,60978,1,0.6557067,2024-01-14T00:00:00
203310,30500,1,0.6554299,2024-01-14T00:00:00
222306,30500,1,0.6554299,2024-01-14T00:00:00
203316,30500,1,0.6554299,2024-01-14T00:00:00
205662,30500,1,0.6554299,2024-01-14T00:00:00
208758,50270,1,0.655416,2024-01-14T00:00:00
203829,50268,1,0.65539116,2024-01-14T00:00:00
198522,56714,1,0.655273,2024-01-14T00:00:00
206955,59822,1,0.6552517,2024-01-14T00:00:00
238827,1304,1,0.6552517,2024-01-14T00:00:00
220728,35846,1,0.6550199,2024-01-14T00:00:00
218265,1304,1,0.6549993,2024-01-14T00:00:00
218265,59822,1,0.6549993,2024-01-14T00:00:00
178830,44302,1,0.6549361,2024-01-14T00:00:00
204780,60978,1,0.6548111,2024-01-14T00:00:00
204483,11262,1,0.6547931,2024-01-14T00:00:00
232614,48574,1,0.6544538,2024-01-14T00:00:00
192942,1372,1,0.6544401,2024-01-14T00:00:00
191247,39186,1,0.65443635,2024-01-14T00:00:00
188331,46632,1,0.65430254,2024-01-14T00:00:00
154146,30500,1,0.6542436,2024-01-14T00:00:00
174279,1372,1,0.6536704,2024-01-14T00:00:00
171702,10652,1,0.653484,2024-01-14T00:00:00
72558,10652,1,0.65331286,2024-01-14T00:00:00
165744,33886,1,0.65296423,2024-01-14T00:00:00
166128,60978,1,0.6528243,2024-01-14T00:00:00
213987,44302,1,0.65277255,2024-01-14T00:00:00
208515,33886,1,0.65268266,2024-01-14T00:00:00
211965,33886,1,0.65268266,2024-01-14T00:00:00
234030,33886,1,0.65268266,2024-01-14T00:00:00
212256,30500,1,0.6522572,2024-01-14T00:00:00
188700,60978,1,0.65171486,2024-01-14T00:00:00
206415,1372,1,0.6515712,2024-01-14T00:00:00
204189,30500,1,0.65118545,2024-01-14T00:00:00
77484,35732,1,0.651141,2024-01-14T00:00:00
203871,50268,1,0.6509581,2024-01-14T00:00:00
200259,35732,1,0.6509216,2024-01-14T00:00:00
225669,1304,1,0.6508989,2024-01-14T00:00:00
196311,1304,1,0.6508989,2024-01-14T00:00:00
183363,1304,1,0.65001434,2024-01-14T00:00:00
77484,10652,1,0.6499872,2024-01-14T00:00:00
209994,10652,1,0.6494246,2024-01-14T00:00:00
184863,10652,1,0.6493311,2024-01-14T00:00:00
235842,48574,1,0.649264,2024-01-14T00:00:00
206412,1370,1,0.6492428,2024-01-14T00:00:00
195378,1304,1,0.64909816,2024-01-14T00:00:00
211638,1304,1,0.64909816,2024-01-14T00:00:00
207156,1304,1,0.64909816,2024-01-14T00:00:00
211638,59822,1,0.64909816,2024-01-14T00:00:00
206745,1304,1,0.64909816,2024-01-14T00:00:00
222843,59822,1,0.64909816,2024-01-14T00:00:00
222843,1304,1,0.64909816,2024-01-14T00:00:00
197673,35846,1,0.6490678,2024-01-14T00:00:00
200964,10652,1,0.64867634,2024-01-14T00:00:00
208473,60978,1,0.64840525,2024-01-14T00:00:00
206367,30500,1,0.64814895,2024-01-14T00:00:00
183213,16358,1,0.64806855,2024-01-14T00:00:00
154956,48574,1,0.6476578,2024-01-14T00:00:00
213987,10652,1,0.64758146,2024-01-14T00:00:00
206670,30500,1,0.64756984,2024-01-14T00:00:00
153141,1372,1,0.64739394,2024-01-14T00:00:00
153885,1372,1,0.6472977,2024-01-14T00:00:00
179853,33886,1,0.64723694,2024-01-14T00:00:00
163044,30500,1,0.6469844,2024-01-14T00:00:00
212397,48574,1,0.64684963,2024-01-14T00:00:00
203532,1372,1,0.6468077,2024-01-14T00:00:00
195507,1372,1,0.6468077,2024-01-14T00:00:00
61977,33886,1,0.6467776,2024-01-14T00:00:00
238827,33886,1,0.6467776,2024-01-14T00:00:00
70890,33886,1,0.6467776,2024-01-14T00:00:00
184485,35846,1,0.64661926,2024-01-14T00:00:00
154167,30500,1,0.64644754,2024-01-14T00:00:00
153885,60978,1,0.6464244,2024-01-14T00:00:00
204375,60978,1,0.64621025,2024-01-14T00:00:00
210141,56714,1,0.6461189,2024-01-14T00:00:00
211473,56714,1,0.6461189,2024-01-14T00:00:00
216309,50268,1,0.6459553,2024-01-14T00:00:00
163131,56714,1,0.6456862,2024-01-14T00:00:00
204189,39186,1,0.6456717,2024-01-14T00:00:00
236655,60978,1,0.6455403,2024-01-14T00:00:00
224631,60978,1,0.6455403,2024-01-14T00:00:00
211950,30500,1,0.645328,2024-01-14T00:00:00
165726,30500,1,0.6452013,2024-01-14T00:00:00
156225,60978,1,0.6451399,2024-01-14T00:00:00
215985,1372,1,0.6450307,2024-01-14T00:00:00
226662,10652,1,0.64474714,2024-01-14T00:00:00
203829,60978,1,0.6446872,2024-01-14T00:00:00
183213,35846,1,0.64450693,2024-01-14T00:00:00
203673,39186,1,0.6444043,2024-01-14T00:00:00
210627,1304,1,0.64435005,2024-01-14T00:00:00
196302,1304,1,0.6442717,2024-01-14T00:00:00
211524,50268,1,0.6440962,2024-01-14T00:00:00
186378,60978,1,0.64404404,2024-01-14T00:00:00
172419,59822,1,0.6439283,2024-01-14T00:00:00
203700,56714,1,0.6438561,2024-01-14T00:00:00
208617,30500,1,0.6437317,2024-01-14T00:00:00
212220,57804,1,0.64368445,2024-01-14T00:00:00
25749,46632,1,0.6434569,2024-01-14T00:00:00
165726,1372,1,0.6434208,2024-01-14T00:00:00
203700,39186,1,0.6433388,2024-01-14T00:00:00
228729,56714,1,0.6426135,2024-01-14T00:00:00
183105,39186,1,0.6425234,2024-01-14T00:00:00
128334,48574,1,0.6423262,2024-01-14T00:00:00
206478,60978,1,0.6422646,2024-01-14T00:00:00
203073,1304,1,0.64224017,2024-01-14T00:00:00
203055,1304,1,0.64224017,2024-01-14T00:00:00
187707,35732,1,0.6418276,2024-01-14T00:00:00
216366,1304,1,0.64176804,2024-01-14T00:00:00
61977,1304,1,0.64176804,2024-01-14T00:00:00
206856,1304,1,0.64176804,2024-01-14T00:00:00
203502,30500,1,0.6415686,2024-01-14T00:00:00
66378,30500,1,0.6415686,2024-01-14T00:00:00
199860,30500,1,0.6415686,2024-01-14T00:00:00
229521,30500,1,0.6415686,2024-01-14T00:00:00
210846,30500,1,0.6415686,2024-01-14T00:00:00
212505,30500,1,0.6415686,2024-01-14T00:00:00
203574,30500,1,0.6415686,2024-01-14T00:00:00
192771,30500,1,0.6415686,2024-01-14T00:00:00
129153,30500,1,0.6415686,2024-01-14T00:00:00
179838,10652,1,0.6411509,2024-01-14T00:00:00
60882,46632,1,0.64107203,2024-01-14T00:00:00
157938,30500,1,0.6409355,2024-01-14T00:00:00
88920,30500,1,0.64083165,2024-01-14T00:00:00
206664,48574,1,0.640453,2024-01-14T00:00:00
217752,35732,1,0.64020175,2024-01-14T00:00:00
194229,50270,1,0.6401589,2024-01-14T00:00:00
179838,35846,1,0.6400795,2024-01-14T00:00:00
166995,33886,1,0.63974863,2024-01-14T00:00:00
216948,50268,1,0.63957167,2024-01-14T00:00:00
129264,60978,1,0.6395312,2024-01-14T00:00:00
231876,1304,1,0.63937646,2024-01-14T00:00:00
206667,56714,1,0.6392343,2024-01-14T00:00:00
206937,33886,1,0.63913816,2024-01-14T00:00:00
183105,50274,1,0.6389803,2024-01-14T00:00:00
72645,33886,1,0.6389263,2024-01-14T00:00:00
183489,57804,1,0.6388902,2024-01-14T00:00:00
71766,35732,1,0.63875806,2024-01-14T00:00:00
149634,10652,1,0.6385726,2024-01-14T00:00:00
66465,10652,1,0.6379383,2024-01-14T00:00:00
187806,16358,1,0.6378894,2024-01-14T00:00:00
187974,35846,1,0.63756377,2024-01-14T00:00:00
206673,30500,1,0.63753736,2024-01-14T00:00:00
165762,16358,1,0.6374401,2024-01-14T00:00:00
212379,50272,1,0.63737583,2024-01-14T00:00:00
206667,48574,1,0.63708025,2024-01-14T00:00:00
189045,60978,1,0.6370134,2024-01-14T00:00:00
204762,56714,1,0.6368662,2024-01-14T00:00:00
198882,56714,1,0.63665277,2024-01-14T00:00:00
237300,30500,1,0.63647777,2024-01-14T00:00:00
227469,48574,1,0.63632405,2024-01-14T00:00:00
235335,10652,1,0.63630533,2024-01-14T00:00:00
199242,35732,1,0.63606393,2024-01-14T00:00:00
72045,50268,1,0.63606393,2024-01-14T00:00:00
72045,35732,1,0.63606393,2024-01-14T00:00:00
178257,56714,1,0.6359616,2024-01-14T00:00:00
184509,60978,1,0.6356983,2024-01-14T00:00:00
206355,33886,1,0.63548404,2024-01-14T00:00:00
206637,33886,1,0.63548404,2024-01-14T00:00:00
194208,33886,1,0.63548404,2024-01-14T00:00:00
206697,1304,1,0.6354436,2024-01-14T00:00:00
206427,10652,1,0.635369,2024-01-14T00:00:00
226848,30500,1,0.63529575,2024-01-14T00:00:00
197835,60978,1,0.6351933,2024-01-14T00:00:00
88920,39186,1,0.63458884,2024-01-14T00:00:00
206868,48574,1,0.6344757,2024-01-14T00:00:00
227115,30500,1,0.63440365,2024-01-14T00:00:00
65637,10652,1,0.6342359,2024-01-14T00:00:00
210876,60978,1,0.6342224,2024-01-14T00:00:00
210981,44302,1,0.6341742,2024-01-14T00:00:00
187974,10652,1,0.63414955,2024-01-14T00:00:00
203673,50268,1,0.63407123,2024-01-14T00:00:00
203673,35732,1,0.63407123,2024-01-14T00:00:00
238263,39186,1,0.63403255,2024-01-14T00:00:00
212448,50268,1,0.6339231,2024-01-14T00:00:00
183492,50270,1,0.63383913,2024-01-14T00:00:00
192159,56714,1,0.6338034,2024-01-14T00:00:00
212430,60978,1,0.6335667,2024-01-14T00:00:00
178830,35732,1,0.6335417,2024-01-14T00:00:00
231663,30500,1,0.6335069,2024-01-14T00:00:00
184863,46632,1,0.6334761,2024-01-14T00:00:00
207105,1304,1,0.63323116,2024-01-14T00:00:00
153084,56714,1,0.63312835,2024-01-14T00:00:00
71766,56714,1,0.63310146,2024-01-14T00:00:00
62337,1304,1,0.63306004,2024-01-14T00:00:00
72483,10652,1,0.6329026,2024-01-14T00:00:00
232503,60978,1,0.63274,2024-01-14T00:00:00
192159,10652,1,0.6327048,2024-01-14T00:00:00
212256,10652,1,0.6325927,2024-01-14T00:00:00
188853,56714,1,0.63210046,2024-01-14T00:00:00
215517,59822,1,0.63183635,2024-01-14T00:00:00
215517,1304,1,0.63183635,2024-01-14T00:00:00
228687,60978,1,0.6315727,2024-01-14T00:00:00
2061063,30500,1,0.6315375,2024-01-14T00:00:00
203829,10652,1,0.6315122,2024-01-14T00:00:00
61482,44302,1,0.63131815,2024-01-14T00:00:00
220632,60978,1,0.631312,2024-01-14T00:00:00
68568,60978,1,0.6308821,2024-01-14T00:00:00
153885,48574,1,0.63059837,2024-01-14T00:00:00
234021,30500,1,0.63055664,2024-01-14T00:00:00
156057,57804,1,0.63035715,2024-01-14T00:00:00
210834,30500,1,0.6301405,2024-01-14T00:00:00
238608,30500,1,0.62955266,2024-01-14T00:00:00
197799,10652,1,0.6294805,2024-01-14T00:00:00
167316,60978,1,0.6294697,2024-01-14T00:00:00
186378,35846,1,0.62892437,2024-01-14T00:00:00
238887,10652,1,0.6287658,2024-01-14T00:00:00
61899,35846,1,0.62823707,2024-01-14T00:00:00
207105,30500,1,0.6282134,2024-01-14T00:00:00
213114,56714,1,0.628189,2024-01-14T00:00:00
171702,33886,1,0.6281846,2024-01-14T00:00:00
209976,60978,1,0.628064,2024-01-14T00:00:00
204144,60978,1,0.6279024,2024-01-14T00:00:00
183489,50272,1,0.62780523,2024-01-14T00:00:00
69060,1372,1,0.62765115,2024-01-14T00:00:00
171702,39186,1,0.6275875,2024-01-14T00:00:00
203247,10652,1,0.6275803,2024-01-14T00:00:00
212586,39186,1,0.62752396,2024-01-14T00:00:00
212445,33886,1,0.6272875,2024-01-14T00:00:00
232035,56714,1,0.62717414,2024-01-14T00:00:00
231876,60978,1,0.6270735,2024-01-14T00:00:00
203133,1372,1,0.6269956,2024-01-14T00:00:00
165717,39186,1,0.62633353,2024-01-14T00:00:00
204762,30500,1,0.62631446,2024-01-14T00:00:00
235335,60978,1,0.626308,2024-01-14T00:00:00
208515,30500,1,0.62627125,2024-01-14T00:00:00
206367,33886,1,0.62623024,2024-01-14T00:00:00
206697,39186,1,0.6262203,2024-01-14T00:00:00
176403,10808,1,0.6261614,2024-01-14T00:00:00
203256,35732,1,0.6258239,2024-01-14T00:00:00
223518,50268,1,0.6257634,2024-01-14T00:00:00
154068,1372,1,0.6255276,2024-01-14T00:00:00
230091,50270,1,0.6253014,2024-01-14T00:00:00
187839,56714,1,0.62520945,2024-01-14T00:00:00
206343,16358,1,0.6251917,2024-01-14T00:00:00
188700,35846,1,0.6251763,2024-01-14T00:00:00
188685,30500,1,0.6250641,2024-01-14T00:00:00
206979,35846,1,0.62505716,2024-01-14T00:00:00
236766,1370,1,0.62495434,2024-01-14T00:00:00
194388,1370,1,0.62495434,2024-01-14T00:00:00
213114,33886,1,0.62490267,2024-01-14T00:00:00
204276,48574,1,0.6248488,2024-01-14T00:00:00
154707,48574,1,0.6248014,2024-01-14T00:00:00
206406,60978,1,0.6246348,2024-01-14T00:00:00
209793,1304,1,0.6245249,2024-01-14T00:00:00
153141,48574,1,0.6242262,2024-01-14T00:00:00
206979,39186,1,0.6241871,2024-01-14T00:00:00
203175,44302,1,0.6241425,2024-01-14T00:00:00
206952,39186,1,0.62408996,2024-01-14T00:00:00
64299,10652,1,0.6239494,2024-01-14T00:00:00
154434,1372,1,0.6237741,2024-01-14T00:00:00
201837,30500,1,0.62347806,2024-01-14T00:00:00
208545,30500,1,0.62347806,2024-01-14T00:00:00
221610,60978,1,0.6233771,2024-01-14T00:00:00
67056,30500,1,0.6232101,2024-01-14T00:00:00
186438,1372,1,0.62313396,2024-01-14T00:00:00
61482,39186,1,0.6231067,2024-01-14T00:00:00
204762,1372,1,0.6230991,2024-01-14T00:00:00
206868,1372,1,0.6229649,2024-01-14T00:00:00
235335,33886,1,0.62295294,2024-01-14T00:00:00
192942,1370,1,0.6229418,2024-01-14T00:00:00
206784,1370,1,0.6229418,2024-01-14T00:00:00
167364,60978,1,0.6228447,2024-01-14T00:00:00
211533,50270,1,0.62247854,2024-01-14T00:00:00
206406,1370,1,0.6223371,2024-01-14T00:00:00
237300,50268,1,0.6221611,2024-01-14T00:00:00
237300,35732,1,0.6221611,2024-01-14T00:00:00
212721,39186,1,0.6221571,2024-01-14T00:00:00
225393,42132,1,0.62213504,2024-01-14T00:00:00
155100,48574,1,0.6218957,2024-01-14T00:00:00
212112,50268,1,0.62189424,2024-01-14T00:00:00
208341,30500,1,0.6218216,2024-01-14T00:00:00
203790,30500,1,0.6218216,2024-01-14T00:00:00
210045,48574,1,0.6217142,2024-01-14T00:00:00
172419,35732,1,0.62164176,2024-01-14T00:00:00
178230,57804,1,0.62159956,2024-01-14T00:00:00
203700,33886,1,0.6215585,2024-01-14T00:00:00
205812,10652,1,0.6214879,2024-01-14T00:00:00
232455,44302,1,0.6211335,2024-01-14T00:00:00
222438,60978,1,0.6209173,2024-01-14T00:00:00
233163,60978,1,0.62080353,2024-01-14T00:00:00
206838,35846,1,0.6207331,2024-01-14T00:00:00
192159,1372,1,0.6206401,2024-01-14T00:00:00
149634,1372,1,0.6206401,2024-01-14T00:00:00
188331,57804,1,0.62062377,2024-01-14T00:00:00
206745,60978,1,0.6203936,2024-01-14T00:00:00
195378,60978,1,0.6203936,2024-01-14T00:00:00
66465,46632,1,0.62005484,2024-01-14T00:00:00
206415,1370,1,0.6199634,2024-01-14T00:00:00
207114,1370,1,0.6199634,2024-01-14T00:00:00
178830,10652,1,0.61991316,2024-01-14T00:00:00
129081,50270,1,0.6197938,2024-01-14T00:00:00
201564,44302,1,0.61966586,2024-01-14T00:00:00
165762,56714,1,0.6195763,2024-01-14T00:00:00
166995,60978,1,0.619513,2024-01-14T00:00:00
220632,35846,1,0.6191477,2024-01-14T00:00:00
187839,10652,1,0.61897224,2024-01-14T00:00:00
188787,56714,1,0.6186668,2024-01-14T00:00:00
175293,11262,1,0.6185985,2024-01-14T00:00:00
128469,30500,1,0.61849993,2024-01-14T00:00:00
206418,35846,1,0.61842114,2024-01-14T00:00:00
187806,57804,1,0.61841273,2024-01-14T00:00:00
207387,48574,1,0.6183409,2024-01-14T00:00:00
218061,50268,1,0.61828566,2024-01-14T00:00:00
163554,60978,1,0.618138,2024-01-14T00:00:00
221115,60978,1,0.6181023,2024-01-14T00:00:00
183468,33886,1,0.6178763,2024-01-14T00:00:00
68676,56714,1,0.6178581,2024-01-14T00:00:00
186933,33886,1,0.61783546,2024-01-14T00:00:00
212379,59822,1,0.6176968,2024-01-14T00:00:00
233163,50268,1,0.6176348,2024-01-14T00:00:00
233163,35732,1,0.6176348,2024-01-14T00:00:00
184863,39186,1,0.6174842,2024-01-14T00:00:00
211950,1372,1,0.6174732,2024-01-14T00:00:00
212220,10808,1,0.61730355,2024-01-14T00:00:00
202818,56714,1,0.6172826,2024-01-14T00:00:00
238068,10652,1,0.6169346,2024-01-14T00:00:00
203247,35732,1,0.616881,2024-01-14T00:00:00
204762,50268,1,0.616881,2024-01-14T00:00:00
204762,35732,1,0.616881,2024-01-14T00:00:00
208488,1372,1,0.6168586,2024-01-14T00:00:00
191232,35732,1,0.6167696,2024-01-14T00:00:00
206988,35846,1,0.61668164,2024-01-14T00:00:00
201564,50268,1,0.61667526,2024-01-14T00:00:00
153303,35732,1,0.6164419,2024-01-14T00:00:00
25734,1370,1,0.6163863,2024-01-14T00:00:00
187839,60978,1,0.6162129,2024-01-14T00:00:00
60888,42132,1,0.6157815,2024-01-14T00:00:00
161667,60978,1,0.6156957,2024-01-14T00:00:00
172704,42132,1,0.61459506,2024-01-14T00:00:00
210843,35846,1,0.61439323,2024-01-14T00:00:00
210141,10652,1,0.6142686,2024-01-14T00:00:00
196302,39186,1,0.61416143,2024-01-14T00:00:00
194904,46632,1,0.61411613,2024-01-14T00:00:00
230073,35732,1,0.61384237,2024-01-14T00:00:00
204189,16358,1,0.61379117,2024-01-14T00:00:00
207084,60978,1,0.61364615,2024-01-14T00:00:00
220269,50274,1,0.6135759,2024-01-14T00:00:00
206838,60978,1,0.613397,2024-01-14T00:00:00
207129,60978,1,0.613397,2024-01-14T00:00:00
184863,57804,1,0.61333346,2024-01-14T00:00:00
210141,60978,1,0.61331683,2024-01-14T00:00:00
206760,42132,1,0.6131509,2024-01-14T00:00:00
211527,42132,1,0.6131509,2024-01-14T00:00:00
203517,10652,1,0.61306745,2024-01-14T00:00:00
154167,60978,1,0.61304235,2024-01-14T00:00:00
207267,48574,1,0.6130386,2024-01-14T00:00:00
212640,48574,1,0.6130386,2024-01-14T00:00:00
206427,1370,1,0.61265606,2024-01-14T00:00:00
153960,60978,1,0.6126421,2024-01-14T00:00:00
212526,39186,1,0.61241704,2024-01-14T00:00:00
220218,60978,1,0.6121716,2024-01-14T00:00:00
210978,39186,1,0.6121713,2024-01-14T00:00:00
225393,50270,1,0.6121501,2024-01-14T00:00:00
154758,33886,1,0.61198306,2024-01-14T00:00:00
183576,60978,1,0.61196005,2024-01-14T00:00:00
206376,50274,1,0.6118065,2024-01-14T00:00:00
155481,39186,1,0.6116875,2024-01-14T00:00:00
206412,30500,1,0.61168545,2024-01-14T00:00:00
211140,50274,1,0.61164033,2024-01-14T00:00:00
165726,35846,1,0.61121786,2024-01-14T00:00:00
203706,10652,1,0.6110417,2024-01-14T00:00:00
206988,60978,1,0.6105073,2024-01-14T00:00:00
206625,60978,1,0.61031044,2024-01-14T00:00:00
216564,50274,1,0.6098291,2024-01-14T00:00:00
208341,39186,1,0.6097593,2024-01-14T00:00:00
173940,10652,1,0.6096932,2024-01-14T00:00:00
188604,35732,1,0.60924935,2024-01-14T00:00:00
203310,50268,1,0.60887337,2024-01-14T00:00:00
195723,50270,1,0.6088701,2024-01-14T00:00:00
207105,33886,1,0.6088393,2024-01-14T00:00:00
205722,30500,1,0.60882664,2024-01-14T00:00:00
230286,56714,1,0.6087831,2024-01-14T00:00:00
203259,10652,1,0.60877734,2024-01-14T00:00:00
191892,50270,1,0.6077726,2024-01-14T00:00:00
212640,60978,1,0.6077612,2024-01-14T00:00:00
206418,60978,1,0.6077612,2024-01-14T00:00:00
216498,16358,1,0.6077418,2024-01-14T00:00:00
206496,56714,1,0.60773134,2024-01-14T00:00:00
203451,50268,1,0.6076925,2024-01-14T00:00:00
203274,50268,1,0.6076925,2024-01-14T00:00:00
203301,30500,1,0.6076129,2024-01-14T00:00:00
207927,1372,1,0.60758746,2024-01-14T00:00:00
227115,50268,1,0.6075085,2024-01-14T00:00:00
72483,39186,1,0.6074288,2024-01-14T00:00:00
179790,48574,1,0.6072078,2024-01-14T00:00:00
184488,35846,1,0.60717255,2024-01-14T00:00:00
216948,56714,1,0.60716695,2024-01-14T00:00:00
207330,35846,1,0.60707617,2024-01-14T00:00:00
203706,35732,1,0.6070451,2024-01-14T00:00:00
71766,10652,1,0.6070374,2024-01-14T00:00:00
217752,50270,1,0.60669935,2024-01-14T00:00:00
206760,50270,1,0.6063039,2024-01-14T00:00:00
163377,10652,1,0.6062692,2024-01-14T00:00:00
2061063,50268,1,0.60623324,2024-01-14T00:00:00
2061063,35732,1,0.60623324,2024-01-14T00:00:00
175899,30500,1,0.60611665,2024-01-14T00:00:00
213513,33886,1,0.6060652,2024-01-14T00:00:00
25749,50270,1,0.6059003,2024-01-14T00:00:00
187797,50270,1,0.6053577,2024-01-14T00:00:00
206991,60978,1,0.60529643,2024-01-14T00:00:00
211473,60978,1,0.60524166,2024-01-14T00:00:00
229527,16358,1,0.605233,2024-01-14T00:00:00
213978,57804,1,0.60518616,2024-01-14T00:00:00
154041,48574,1,0.6048211,2024-01-14T00:00:00
163578,10652,1,0.60476375,2024-01-14T00:00:00
213102,39186,1,0.6045821,2024-01-14T00:00:00
193323,56714,1,0.60453224,2024-01-14T00:00:00
157500,60978,1,0.6041331,2024-01-14T00:00:00
176472,10652,1,0.6039531,2024-01-14T00:00:00
206868,44302,1,0.60375446,2024-01-14T00:00:00
61899,57804,1,0.60369885,2024-01-14T00:00:00
166002,60978,1,0.6036654,2024-01-14T00:00:00
197286,56714,1,0.60366535,2024-01-14T00:00:00
186987,33886,1,0.6033744,2024-01-14T00:00:00
212112,56714,1,0.60313404,2024-01-14T00:00:00
196722,56714,1,0.60313404,2024-01-14T00:00:00
203256,56714,1,0.60313404,2024-01-14T00:00:00
203706,33886,1,0.60312164,2024-01-14T00:00:00
203532,33886,1,0.60312164,2024-01-14T00:00:00
201741,33886,1,0.6029404,2024-01-14T00:00:00
225699,56714,1,0.60276717,2024-01-14T00:00:00
206421,1370,1,0.602294,2024-01-14T00:00:00
129081,60978,1,0.60196733,2024-01-14T00:00:00
68676,60978,1,0.60177225,2024-01-14T00:00:00
201564,10652,1,0.60176754,2024-01-14T00:00:00
157398,60978,1,0.60162246,2024-01-14T00:00:00
158610,60978,1,0.601481,2024-01-14T00:00:00
154167,10652,1,0.6014577,2024-01-14T00:00:00
209697,56714,1,0.60130554,2024-01-14T00:00:00
181101,44302,1,0.6012787,2024-01-14T00:00:00
61977,56714,1,0.60120374,2024-01-14T00:00:00
206667,1370,1,0.60114187,2024-01-14T00:00:00
192564,50274,1,0.601067,2024-01-14T00:00:00
187707,33886,1,0.60088193,2024-01-14T00:00:00
207096,48574,1,0.6008002,2024-01-14T00:00:00
195378,48574,1,0.6008002,2024-01-14T00:00:00
153885,10652,1,0.60078794,2024-01-14T00:00:00
61692,33886,1,0.60075337,2024-01-14T00:00:00
230010,30500,1,0.60035354,2024-01-14T00:00:00
208899,44302,1,0.6003374,2024-01-14T00:00:00
186378,10652,1,0.6002223,2024-01-14T00:00:00
25743,30500,1,0.60022,2024-01-14T00:00:00
157767,50268,1,0.60021317,2024-01-14T00:00:00
157767,35732,1,0.60021317,2024-01-14T00:00:00
204276,10652,1,0.6001776,2024-01-14T00:00:00
192771,10652,1,0.5999251,2024-01-14T00:00:00
229521,10652,1,0.5999251,2024-01-14T00:00:00
203502,10652,1,0.5999251,2024-01-14T00:00:00
212301,30500,1,0.59980077,2024-01-14T00:00:00
208341,35732,1,0.59937036,2024-01-14T00:00:00
208341,50268,1,0.59937036,2024-01-14T00:00:00
183573,35732,1,0.59906024,2024-01-14T00:00:00
227310,56714,1,0.59905463,2024-01-14T00:00:00
232029,56714,1,0.59900606,2024-01-14T00:00:00
166437,60978,1,0.5989145,2024-01-14T00:00:00
206439,48574,1,0.5989122,2024-01-14T00:00:00
221247,33886,1,0.5988446,2024-01-14T00:00:00
206433,56714,1,0.5985579,2024-01-14T00:00:00
164457,1372,1,0.5983691,2024-01-14T00:00:00
194229,124,1,0.5983264,2024-01-14T00:00:00
226662,35732,1,0.5981082,2024-01-14T00:00:00
154041,1372,1,0.59791094,2024-01-14T00:00:00
164457,56714,1,0.5978883,2024-01-14T00:00:00
187707,42132,1,0.5974537,2024-01-14T00:00:00
232404,48574,1,0.5972781,2024-01-14T00:00:00
60888,46632,1,0.5972561,2024-01-14T00:00:00
204411,10652,1,0.5970543,2024-01-14T00:00:00
163131,39186,1,0.59702826,2024-01-14T00:00:00
203094,30500,1,0.5969343,2024-01-14T00:00:00
206484,10652,1,0.59691733,2024-01-14T00:00:00
206514,10652,1,0.59691733,2024-01-14T00:00:00
203445,56714,1,0.59654427,2024-01-14T00:00:00
194790,16358,1,0.596385,2024-01-14T00:00:00
208893,50268,1,0.5962452,2024-01-14T00:00:00
210843,48574,1,0.59620327,2024-01-14T00:00:00
212571,50268,1,0.596019,2024-01-14T00:00:00
153960,48574,1,0.595734,2024-01-14T00:00:00
207498,56714,1,0.59530294,2024-01-14T00:00:00
61899,42132,1,0.5948579,2024-01-14T00:00:00
188937,33886,1,0.59459317,2024-01-14T00:00:00
207366,48574,1,0.59431,2024-01-14T00:00:00
203082,35732,1,0.59409624,2024-01-14T00:00:00
203073,35732,1,0.59409624,2024-01-14T00:00:00
167316,44302,1,0.59400576,2024-01-14T00:00:00
157398,33886,1,0.5938706,2024-01-14T00:00:00
72045,42132,1,0.5937031,2024-01-14T00:00:00
204189,42132,1,0.593684,2024-01-14T00:00:00
203106,44302,1,0.5932594,2024-01-14T00:00:00
188853,60978,1,0.5931856,2024-01-14T00:00:00
229539,50270,1,0.59315014,2024-01-14T00:00:00
204276,60978,1,0.59299344,2024-01-14T00:00:00
206514,44302,1,0.5927152,2024-01-14T00:00:00
236226,57804,1,0.5926619,2024-01-14T00:00:00
235191,50268,1,0.59224105,2024-01-14T00:00:00
204093,60978,1,0.5920715,2024-01-14T00:00:00
198981,39186,1,0.59188163,2024-01-14T00:00:00
230010,56714,1,0.5917849,2024-01-14T00:00:00
96444,56714,1,0.591769,2024-01-14T00:00:00
128502,44302,1,0.5915807,2024-01-14T00:00:00
206412,33886,1,0.59157014,2024-01-14T00:00:00
217782,33886,1,0.591569,2024-01-14T00:00:00
197673,35732,1,0.5909474,2024-01-14T00:00:00
197673,50268,1,0.5909474,2024-01-14T00:00:00
72483,50270,1,0.59085304,2024-01-14T00:00:00
207996,30500,1,0.5906354,2024-01-14T00:00:00
154698,50274,1,0.5905642,2024-01-14T00:00:00
67740,60978,1,0.5902695,2024-01-14T00:00:00
211632,60978,1,0.5902582,2024-01-14T00:00:00
203106,1372,1,0.5902223,2024-01-14T00:00:00
212748,46632,1,0.590009,2024-01-14T00:00:00
205107,48574,1,0.58996636,2024-01-14T00:00:00
183492,57804,1,0.58977944,2024-01-14T00:00:00
208524,44302,1,0.589749,2024-01-14T00:00:00
208506,44302,1,0.589749,2024-01-14T00:00:00
206748,35846,1,0.58974135,2024-01-14T00:00:00
217848,50724,1,0.58957344,2024-01-14T00:00:00
211749,50270,1,0.589317,2024-01-14T00:00:00
187806,10808,1,0.5892161,2024-01-14T00:00:00
227469,10652,1,0.58877504,2024-01-14T00:00:00
153813,35732,1,0.58874315,2024-01-14T00:00:00
207387,56714,1,0.5886903,2024-01-14T00:00:00
206748,50724,1,0.5884396,2024-01-14T00:00:00
65640,56714,1,0.58820707,2024-01-14T00:00:00
206799,1372,1,0.5879069,2024-01-14T00:00:00
206838,56714,1,0.5878968,2024-01-14T00:00:00
207129,56714,1,0.5878968,2024-01-14T00:00:00
206343,50274,1,0.5878054,2024-01-14T00:00:00
221247,50274,1,0.58774394,2024-01-14T00:00:00
158658,60978,1,0.58771867,2024-01-14T00:00:00
77484,56714,1,0.58756614,2024-01-14T00:00:00
183363,30500,1,0.5875306,2024-01-14T00:00:00
207387,1372,1,0.5866852,2024-01-14T00:00:00
192618,60978,1,0.5865581,2024-01-14T00:00:00
212211,50270,1,0.58640295,2024-01-14T00:00:00
172719,50268,1,0.58638924,2024-01-14T00:00:00
208812,10652,1,0.58630645,2024-01-14T00:00:00
211533,35732,1,0.58612216,2024-01-14T00:00:00
166437,56714,1,0.58589125,2024-01-14T00:00:00
166002,30500,1,0.5857666,2024-01-14T00:00:00
218265,35732,1,0.58572227,2024-01-14T00:00:00
188844,10652,1,0.58562785,2024-01-14T00:00:00
183105,35846,1,0.58552617,2024-01-14T00:00:00
164457,48574,1,0.58551925,2024-01-14T00:00:00
208545,44302,1,0.5853895,2024-01-14T00:00:00
208806,44302,1,0.58523905,2024-01-14T00:00:00
227238,44302,1,0.5851607,2024-01-14T00:00:00
229737,10652,1,0.58452517,2024-01-14T00:00:00
208488,50268,1,0.58452135,2024-01-14T00:00:00
157224,30500,1,0.5843592,2024-01-14T00:00:00
61344,35846,1,0.58431983,2024-01-14T00:00:00
207498,60978,1,0.5842138,2024-01-14T00:00:00
66843,33886,1,0.5838793,2024-01-14T00:00:00
224841,10652,1,0.583243,2024-01-14T00:00:00
203145,44302,1,0.58322215,2024-01-14T00:00:00
206346,46632,1,0.58316946,2024-01-14T00:00:00
166362,56714,1,0.58315223,2024-01-14T00:00:00
200502,35732,1,0.58292735,2024-01-14T00:00:00
208761,35732,1,0.58292735,2024-01-14T00:00:00
208761,50268,1,0.58292735,2024-01-14T00:00:00
201564,30500,1,0.5827104,2024-01-14T00:00:00
153885,56714,1,0.58258605,2024-01-14T00:00:00
203082,10652,1,0.5823787,2024-01-14T00:00:00
203295,1372,1,0.58221173,2024-01-14T00:00:00
238689,1372,1,0.58221173,2024-01-14T00:00:00
224208,48574,1,0.5820343,2024-01-14T00:00:00
206937,39186,1,0.5818759,2024-01-14T00:00:00
191553,35732,1,0.58152175,2024-01-14T00:00:00
216498,44302,1,0.58135045,2024-01-14T00:00:00
167652,60978,1,0.5812782,2024-01-14T00:00:00
210897,56714,1,0.5811524,2024-01-14T00:00:00
207078,56714,1,0.5811524,2024-01-14T00:00:00
204144,56714,1,0.5811388,2024-01-14T00:00:00
206823,1370,1,0.5808688,2024-01-14T00:00:00
206670,1372,1,0.5807959,2024-01-14T00:00:00
208524,1372,1,0.58077985,2024-01-14T00:00:00
187101,44302,1,0.58058447,2024-01-14T00:00:00
186177,35846,1,0.5805803,2024-01-14T00:00:00
226662,44302,1,0.5796003,2024-01-14T00:00:00
208500,1372,1,0.5795352,2024-01-14T00:00:00
222438,30500,1,0.5794307,2024-01-14T00:00:00
208899,1372,1,0.5792217,2024-01-14T00:00:00
219522,50268,1,0.5790791,2024-01-14T00:00:00
212301,1372,1,0.57902926,2024-01-14T00:00:00
204519,60978,1,0.5789861,2024-01-14T00:00:00
206847,56714,1,0.5789644,2024-01-14T00:00:00
217848,50272,1,0.5789542,2024-01-14T00:00:00
222438,10652,1,0.57888114,2024-01-14T00:00:00
153315,60978,1,0.57812345,2024-01-14T00:00:00
206346,50270,1,0.5780582,2024-01-14T00:00:00
228060,1372,1,0.5780522,2024-01-14T00:00:00
199242,16358,1,0.577935,2024-01-14T00:00:00
154890,44302,1,0.5775813,2024-01-14T00:00:00
154245,33886,1,0.5775559,2024-01-14T00:00:00
211749,42132,1,0.57738864,2024-01-14T00:00:00
219048,10652,1,0.57737845,2024-01-14T00:00:00
217494,44302,1,0.57685786,2024-01-14T00:00:00
195378,1372,1,0.5767025,2024-01-14T00:00:00
164337,56714,1,0.5766192,2024-01-14T00:00:00
172503,30500,1,0.57656145,2024-01-14T00:00:00
206838,1372,1,0.5765247,2024-01-14T00:00:00
207129,1372,1,0.5765247,2024-01-14T00:00:00
207618,10652,1,0.576434,2024-01-14T00:00:00
207390,33886,1,0.57642686,2024-01-14T00:00:00
128685,60978,1,0.57568526,2024-01-14T00:00:00
161208,10652,1,0.57555026,2024-01-14T00:00:00
188844,60978,1,0.57504797,2024-01-14T00:00:00
182565,56714,1,0.5749892,2024-01-14T00:00:00
203178,35846,1,0.5749577,2024-01-14T00:00:00
203661,56714,1,0.57481533,2024-01-14T00:00:00
210882,44302,1,0.57480174,2024-01-14T00:00:00
224280,44302,1,0.57480174,2024-01-14T00:00:00
186951,10652,1,0.57463384,2024-01-14T00:00:00
222711,60978,1,0.5746331,2024-01-14T00:00:00
166599,10652,1,0.5743049,2024-01-14T00:00:00
228729,10652,1,0.57424164,2024-01-14T00:00:00
203268,30500,1,0.5742264,2024-01-14T00:00:00
203256,30500,1,0.5742264,2024-01-14T00:00:00
182565,10652,1,0.57338923,2024-01-14T00:00:00
208617,1372,1,0.573379,2024-01-14T00:00:00
207498,50268,1,0.5733745,2024-01-14T00:00:00
200502,44302,1,0.57330245,2024-01-14T00:00:00
72918,33886,1,0.5732023,2024-01-14T00:00:00
222894,10652,1,0.5731998,2024-01-14T00:00:00
128526,50724,1,0.57307583,2024-01-14T00:00:00
206799,30500,1,0.5729465,2024-01-14T00:00:00
80925,30500,1,0.5729207,2024-01-14T00:00:00
201282,50268,1,0.5727094,2024-01-14T00:00:00
224925,39186,1,0.57265097,2024-01-14T00:00:00
64299,56714,1,0.5725119,2024-01-14T00:00:00
192771,44302,1,0.5724095,2024-01-14T00:00:00
59703,44302,1,0.5724095,2024-01-14T00:00:00
66378,44302,1,0.5724095,2024-01-14T00:00:00
229521,44302,1,0.5724095,2024-01-14T00:00:00
203058,44302,1,0.5724095,2024-01-14T00:00:00
203454,30500,1,0.57228696,2024-01-14T00:00:00
203301,10652,1,0.5722268,2024-01-14T00:00:00
208524,56714,1,0.5721258,2024-01-14T00:00:00
208491,56714,1,0.5721258,2024-01-14T00:00:00
212571,44302,1,0.5721238,2024-01-14T00:00:00
208488,44302,1,0.57199323,2024-01-14T00:00:00
216108,35732,1,0.5717244,2024-01-14T00:00:00
222843,1372,1,0.5717214,2024-01-14T00:00:00
222306,1372,1,0.5716915,2024-01-14T00:00:00
203310,1372,1,0.5716915,2024-01-14T00:00:00
166029,30500,1,0.57146335,2024-01-14T00:00:00
196845,35846,1,0.5713717,2024-01-14T00:00:00
206376,50272,1,0.571287,2024-01-14T00:00:00
193323,35846,1,0.57119125,2024-01-14T00:00:00
189045,10652,1,0.5709327,2024-01-14T00:00:00
165927,44302,1,0.57045037,2024-01-14T00:00:00
191553,60978,1,0.57042223,2024-01-14T00:00:00
216564,1372,1,0.5702759,2024-01-14T00:00:00
231663,10652,1,0.5702697,2024-01-14T00:00:00
187224,60978,1,0.57017535,2024-01-14T00:00:00
230178,60978,1,0.56925803,2024-01-14T00:00:00
217620,50268,1,0.56914276,2024-01-14T00:00:00
61692,44302,1,0.5691242,2024-01-14T00:00:00
179790,56714,1,0.5685667,2024-01-14T00:00:00
232455,35732,1,0.5683362,2024-01-14T00:00:00
174279,39186,1,0.5681139,2024-01-14T00:00:00
212469,35732,1,0.56780076,2024-01-14T00:00:00
207999,35732,1,0.5677531,2024-01-14T00:00:00
204093,30500,1,0.5677062,2024-01-14T00:00:00
200964,33886,1,0.56765944,2024-01-14T00:00:00
209184,33886,1,0.56765944,2024-01-14T00:00:00
237300,1372,1,0.56749195,2024-01-14T00:00:00
129204,35732,1,0.56748843,2024-01-14T00:00:00
205662,1372,1,0.5674643,2024-01-14T00:00:00
61899,16358,1,0.56738365,2024-01-14T00:00:00
212397,50268,1,0.56734407,2024-01-14T00:00:00
62817,10808,1,0.56726176,2024-01-14T00:00:00
205821,50270,1,0.56719977,2024-01-14T00:00:00
155085,60978,1,0.5671427,2024-01-14T00:00:00
212220,33534,1,0.5669493,2024-01-14T00:00:00
206772,35846,1,0.5668653,2024-01-14T00:00:00
208554,56714,1,0.5668364,2024-01-14T00:00:00
216498,35732,1,0.5665147,2024-01-14T00:00:00
167451,35732,1,0.5664233,2024-01-14T00:00:00
167451,50268,1,0.5664233,2024-01-14T00:00:00
160029,56714,1,0.56641376,2024-01-14T00:00:00
178230,50272,1,0.5663797,2024-01-14T00:00:00
155085,30500,1,0.5661742,2024-01-14T00:00:00
231876,33886,1,0.56567115,2024-01-14T00:00:00
207267,1372,1,0.56563234,2024-01-14T00:00:00
211524,3382,1,0.5654757,2024-01-14T00:00:00
211950,44302,1,0.56525743,2024-01-14T00:00:00
69249,30500,1,0.5652111,2024-01-14T00:00:00
232404,44302,1,0.56499636,2024-01-14T00:00:00
225699,33886,1,0.5649753,2024-01-14T00:00:00
207087,39186,1,0.56486136,2024-01-14T00:00:00
203310,44302,1,0.5647032,2024-01-14T00:00:00
203316,44302,1,0.5647032,2024-01-14T00:00:00
172035,60978,1,0.56464356,2024-01-14T00:00:00
205107,1372,1,0.5644693,2024-01-14T00:00:00
233163,33886,1,0.56441367,2024-01-14T00:00:00
213102,56714,1,0.564086,2024-01-14T00:00:00
223782,10652,1,0.5627087,2024-01-14T00:00:00
208503,35732,1,0.5626684,2024-01-14T00:00:00
165717,56714,1,0.5621218,2024-01-14T00:00:00
232404,10652,1,0.561996,2024-01-14T00:00:00
62337,50274,1,0.56179506,2024-01-14T00:00:00
154887,35732,1,0.5617698,2024-01-14T00:00:00
210690,1372,1,0.5614839,2024-01-14T00:00:00
128901,50268,1,0.5611983,2024-01-14T00:00:00
207600,44302,1,0.5605936,2024-01-14T00:00:00
194082,56714,1,0.5605254,2024-01-14T00:00:00
128526,35846,1,0.5603139,2024-01-14T00:00:00
208515,39186,1,0.56022733,2024-01-14T00:00:00
203439,30500,1,0.5601981,2024-01-14T00:00:00
69060,30500,1,0.5601981,2024-01-14T00:00:00
203166,44302,1,0.55978656,2024-01-14T00:00:00
65328,30500,1,0.559732,2024-01-14T00:00:00
207240,44302,1,0.5596027,2024-01-14T00:00:00
191892,35732,1,0.5593708,2024-01-14T00:00:00
208485,56714,1,0.55935484,2024-01-14T00:00:00
191256,35732,1,0.5591036,2024-01-14T00:00:00
179853,39186,1,0.558881,2024-01-14T00:00:00
202818,44302,1,0.558294,2024-01-14T00:00:00
210690,44302,1,0.5582836,2024-01-14T00:00:00
208476,44302,1,0.5582836,2024-01-14T00:00:00
207996,39186,1,0.5581851,2024-01-14T00:00:00
211473,33886,1,0.5581821,2024-01-14T00:00:00
227664,44302,1,0.55795944,2024-01-14T00:00:00
206343,50272,1,0.55773556,2024-01-14T00:00:00
232503,50268,1,0.55763453,2024-01-14T00:00:00
186078,10652,1,0.55720097,2024-01-14T00:00:00
211527,50274,1,0.55695856,2024-01-14T00:00:00
161058,30500,1,0.55635965,2024-01-14T00:00:00
179088,60978,1,0.55630815,2024-01-14T00:00:00
61899,50272,1,0.556209,2024-01-14T00:00:00
176319,30500,1,0.5561842,2024-01-14T00:00:00
206433,39186,1,0.55590254,2024-01-14T00:00:00
236655,10652,1,0.5558231,2024-01-14T00:00:00
224631,10652,1,0.5558231,2024-01-14T00:00:00
208599,56714,1,0.555192,2024-01-14T00:00:00
220728,50272,1,0.55515534,2024-01-14T00:00:00
211641,30500,1,0.554447,2024-01-14T00:00:00
204657,30500,1,0.55416924,2024-01-14T00:00:00
217620,60978,1,0.55401057,2024-01-14T00:00:00
197799,1372,1,0.5539829,2024-01-14T00:00:00
153138,30500,1,0.5539802,2024-01-14T00:00:00
128901,56714,1,0.55352986,2024-01-14T00:00:00
212586,33886,1,0.55338055,2024-01-14T00:00:00
203811,33886,1,0.553139,2024-01-14T00:00:00
167571,35732,1,0.5529801,2024-01-14T00:00:00
186990,30500,1,0.55284685,2024-01-14T00:00:00
154113,30500,1,0.5527416,2024-01-14T00:00:00
212526,30500,1,0.55257255,2024-01-14T00:00:00
72918,44302,1,0.5524064,2024-01-14T00:00:00
219450,30500,1,0.5523211,2024-01-14T00:00:00
212775,30500,1,0.552152,2024-01-14T00:00:00
234021,35732,1,0.5519478,2024-01-14T00:00:00
212211,16358,1,0.55182105,2024-01-14T00:00:00
204657,44302,1,0.55153203,2024-01-14T00:00:00
59700,60978,1,0.5514929,2024-01-14T00:00:00
208476,56714,1,0.55143154,2024-01-14T00:00:00
228753,35732,1,0.5509298,2024-01-14T00:00:00
198981,33886,1,0.550863,2024-01-14T00:00:00
172503,48574,1,0.550863,2024-01-14T00:00:00
207219,35732,1,0.55066407,2024-01-14T00:00:00
210843,1372,1,0.55046356,2024-01-14T00:00:00
208533,56714,1,0.5503071,2024-01-14T00:00:00
230286,48574,1,0.55027556,2024-01-14T00:00:00
210978,30500,1,0.54979336,2024-01-14T00:00:00
219021,30500,1,0.5497925,2024-01-14T00:00:00
210690,56714,1,0.54978156,2024-01-14T00:00:00
227292,35732,1,0.5497169,2024-01-14T00:00:00
186378,39186,1,0.5496872,2024-01-14T00:00:00
208488,56714,1,0.54957485,2024-01-14T00:00:00
203574,1372,1,0.5495115,2024-01-14T00:00:00
229521,1372,1,0.5495115,2024-01-14T00:00:00
59703,1372,1,0.5495115,2024-01-14T00:00:00
225747,30500,1,0.5495016,2024-01-14T00:00:00
155085,10652,1,0.5493367,2024-01-14T00:00:00
198210,56714,1,0.5490207,2024-01-14T00:00:00
154881,10652,1,0.5489401,2024-01-14T00:00:00
167316,56714,1,0.5488689,2024-01-14T00:00:00
206448,1372,1,0.54873294,2024-01-14T00:00:00
62337,30500,1,0.5485833,2024-01-14T00:00:00
186951,60978,1,0.548385,2024-01-14T00:00:00
62817,50272,1,0.54837424,2024-01-14T00:00:00
208872,56714,1,0.54830754,2024-01-14T00:00:00
232827,56714,1,0.5480534,2024-01-14T00:00:00
204093,10652,1,0.5479457,2024-01-14T00:00:00
209637,56714,1,0.5478322,2024-01-14T00:00:00
219021,44302,1,0.5478284,2024-01-14T00:00:00
221115,56714,1,0.54773027,2024-01-14T00:00:00
233970,56714,1,0.5475928,2024-01-14T00:00:00
60888,10808,1,0.54758507,2024-01-14T00:00:00
206952,44302,1,0.54753757,2024-01-14T00:00:00
154803,10652,1,0.5473693,2024-01-14T00:00:00
235842,10652,1,0.5472271,2024-01-14T00:00:00
172503,1372,1,0.5470133,2024-01-14T00:00:00
233559,35732,1,0.54696167,2024-01-14T00:00:00
203724,56714,1,0.5466001,2024-01-14T00:00:00
208554,44302,1,0.5464906,2024-01-14T00:00:00
192735,60978,1,0.54641736,2024-01-14T00:00:00
231459,16358,1,0.5462231,2024-01-14T00:00:00
208617,56714,1,0.54566944,2024-01-14T00:00:00
187797,50720,1,0.5456347,2024-01-14T00:00:00
206955,35846,1,0.5456336,2024-01-14T00:00:00
155052,35732,1,0.54543436,2024-01-14T00:00:00
183789,30500,1,0.54533774,2024-01-14T00:00:00
182565,48574,1,0.54507023,2024-01-14T00:00:00
56868,46632,1,0.54480225,2024-01-14T00:00:00
206952,10652,1,0.54476184,2024-01-14T00:00:00
72045,50270,1,0.544673,2024-01-14T00:00:00
206850,30500,1,0.544549,2024-01-14T00:00:00
61482,35846,1,0.54453284,2024-01-14T00:00:00
187806,50724,1,0.54451764,2024-01-14T00:00:00
65640,48574,1,0.5443543,2024-01-14T00:00:00
182565,30500,1,0.5440506,2024-01-14T00:00:00
212586,44302,1,0.54370755,2024-01-14T00:00:00
202959,56714,1,0.5436037,2024-01-14T00:00:00
222906,50270,1,0.54323316,2024-01-14T00:00:00
206799,33886,1,0.542851,2024-01-14T00:00:00
203724,35846,1,0.54284817,2024-01-14T00:00:00
159831,48574,1,0.5424098,2024-01-14T00:00:00
238032,10808,1,0.54228354,2024-01-14T00:00:00
196311,56714,1,0.54218245,2024-01-14T00:00:00
222306,56714,1,0.542072,2024-01-14T00:00:00
203310,56714,1,0.542072,2024-01-14T00:00:00
205662,56714,1,0.542072,2024-01-14T00:00:00
154881,60978,1,0.5420069,2024-01-14T00:00:00
232404,1370,1,0.5417587,2024-01-14T00:00:00
204189,44302,1,0.54157794,2024-01-14T00:00:00
188730,39186,1,0.5414935,2024-01-14T00:00:00
220218,10652,1,0.5414091,2024-01-14T00:00:00
183195,35732,1,0.54075444,2024-01-14T00:00:00
183195,50268,1,0.54075444,2024-01-14T00:00:00
153204,10652,1,0.5405931,2024-01-14T00:00:00
198522,50270,1,0.539901,2024-01-14T00:00:00
188937,50268,1,0.53976995,2024-01-14T00:00:00
206343,50724,1,0.5396198,2024-01-14T00:00:00
226623,44302,1,0.5396086,2024-01-14T00:00:00
153867,56714,1,0.53944796,2024-01-14T00:00:00
213114,48574,1,0.5394027,2024-01-14T00:00:00
206952,48574,1,0.5394027,2024-01-14T00:00:00
206346,50268,1,0.5391714,2024-01-14T00:00:00
164970,50268,1,0.538744,2024-01-14T00:00:00
212337,30500,1,0.5386013,2024-01-14T00:00:00
195507,30500,1,0.5386013,2024-01-14T00:00:00
156486,10652,1,0.53844833,2024-01-14T00:00:00
208506,10652,1,0.53817374,2024-01-14T00:00:00
224925,30500,1,0.5373523,2024-01-14T00:00:00
67764,10652,1,0.5373463,2024-01-14T00:00:00
184950,30500,1,0.5371417,2024-01-14T00:00:00
211767,60978,1,0.5368547,2024-01-14T00:00:00
220269,42132,1,0.5367618,2024-01-14T00:00:00
182565,1372,1,0.5367194,2024-01-14T00:00:00
204375,30500,1,0.536563,2024-01-14T00:00:00
204795,35846,1,0.53621185,2024-01-14T00:00:00
167652,10652,1,0.5359795,2024-01-14T00:00:00
231459,39186,1,0.5358868,2024-01-14T00:00:00
208758,46632,1,0.5357495,2024-01-14T00:00:00
206784,30500,1,0.53566074,2024-01-14T00:00:00
198522,35732,1,0.53536606,2024-01-14T00:00:00
238032,3382,1,0.5352697,2024-01-14T00:00:00
204795,56714,1,0.53515065,2024-01-14T00:00:00
167451,10652,1,0.53507274,2024-01-14T00:00:00
219021,56714,1,0.53504664,2024-01-14T00:00:00
158658,44302,1,0.5348994,2024-01-14T00:00:00
153315,10652,1,0.53476536,2024-01-14T00:00:00
60882,50268,1,0.5346765,2024-01-14T00:00:00
205722,56714,1,0.5342526,2024-01-14T00:00:00
191247,42132,1,0.53416854,2024-01-14T00:00:00
186174,16358,1,0.534076,2024-01-14T00:00:00
207339,50270,1,0.53398985,2024-01-14T00:00:00
206460,1370,1,0.5339244,2024-01-14T00:00:00
228060,1370,1,0.5339244,2024-01-14T00:00:00
212469,10652,1,0.53364515,2024-01-14T00:00:00
209994,56714,1,0.5334691,2024-01-14T00:00:00
212478,60978,1,0.5332015,2024-01-14T00:00:00
207219,44302,1,0.5330565,2024-01-14T00:00:00
207084,1372,1,0.5328675,2024-01-14T00:00:00
186882,56714,1,0.53277004,2024-01-14T00:00:00
179088,33886,1,0.5322355,2024-01-14T00:00:00
154797,60978,1,0.53166276,2024-01-14T00:00:00
192564,50272,1,0.53150356,2024-01-14T00:00:00
212721,42132,1,0.53115296,2024-01-14T00:00:00
163377,48574,1,0.5307549,2024-01-14T00:00:00
193323,48574,1,0.53071904,2024-01-14T00:00:00
197802,44302,1,0.53053075,2024-01-14T00:00:00
210882,39186,1,0.53041255,2024-01-14T00:00:00
183213,33534,1,0.5296687,2024-01-14T00:00:00
89013,50268,1,0.5293418,2024-01-14T00:00:00
187806,50272,1,0.52933556,2024-01-14T00:00:00
225669,33886,1,0.528935,2024-01-14T00:00:00
196311,33886,1,0.528935,2024-01-14T00:00:00
234120,10652,1,0.52871805,2024-01-14T00:00:00
183213,10808,1,0.52871275,2024-01-14T00:00:00
192300,60978,1,0.52864784,2024-01-14T00:00:00
128685,56714,1,0.5286327,2024-01-14T00:00:00
238827,10652,1,0.5283419,2024-01-14T00:00:00
128502,35846,1,0.52831674,2024-01-14T00:00:00
179790,35732,1,0.52816486,2024-01-14T00:00:00
61692,50270,1,0.52807033,2024-01-14T00:00:00
154068,39186,1,0.52794886,2024-01-14T00:00:00
72930,50720,1,0.5279236,2024-01-14T00:00:00
206349,48574,1,0.52773833,2024-01-14T00:00:00
206433,48574,1,0.52773833,2024-01-14T00:00:00
203709,30500,1,0.52765244,2024-01-14T00:00:00
179838,16358,1,0.5276016,2024-01-14T00:00:00
206952,1372,1,0.52749795,2024-01-14T00:00:00
67740,44302,1,0.52743495,2024-01-14T00:00:00
205107,1370,1,0.5271168,2024-01-14T00:00:00
210114,10652,1,0.52707654,2024-01-14T00:00:00
206442,35732,1,0.52707565,2024-01-14T00:00:00
206349,35732,1,0.52707565,2024-01-14T00:00:00
166995,44302,1,0.52699,2024-01-14T00:00:00
72045,35846,1,0.5268861,2024-01-14T00:00:00
199242,35846,1,0.5268861,2024-01-14T00:00:00
161208,56714,1,0.5266017,2024-01-14T00:00:00
77484,35846,1,0.52655435,2024-01-14T00:00:00
182565,50268,1,0.52649903,2024-01-14T00:00:00
228438,35732,1,0.5254911,2024-01-14T00:00:00
2061063,1372,1,0.52533114,2024-01-14T00:00:00
203439,44302,1,0.52520776,2024-01-14T00:00:00
227115,44302,1,0.5247964,2024-01-14T00:00:00
153888,56714,1,0.524748,2024-01-14T00:00:00
212745,16358,1,0.52462006,2024-01-14T00:00:00
211413,30500,1,0.5245099,2024-01-14T00:00:00
232455,39186,1,0.52441424,2024-01-14T00:00:00
224169,60978,1,0.52439636,2024-01-14T00:00:00
205662,10652,1,0.5243315,2024-01-14T00:00:00
222306,10652,1,0.5243315,2024-01-14T00:00:00
211641,33886,1,0.5241306,2024-01-14T00:00:00
179436,10652,1,0.52404064,2024-01-14T00:00:00
219456,30500,1,0.5236073,2024-01-14T00:00:00
204657,56714,1,0.5233623,2024-01-14T00:00:00
234018,44302,1,0.52328,2024-01-14T00:00:00
128538,48574,1,0.5232132,2024-01-14T00:00:00
153312,10652,1,0.522983,2024-01-14T00:00:00
210876,16358,1,0.52281004,2024-01-14T00:00:00
220632,33886,1,0.5227863,2024-01-14T00:00:00
206427,50268,1,0.52278125,2024-01-14T00:00:00
206937,1372,1,0.5226365,2024-01-14T00:00:00
208599,35846,1,0.52245355,2024-01-14T00:00:00
195723,46632,1,0.5224365,2024-01-14T00:00:00
206697,10652,1,0.5223051,2024-01-14T00:00:00
187224,44302,1,0.52220374,2024-01-14T00:00:00
174468,35846,1,0.52207094,2024-01-14T00:00:00
153792,48574,1,0.5216689,2024-01-14T00:00:00
192300,10652,1,0.52162653,2024-01-14T00:00:00
153204,33886,1,0.52147466,2024-01-14T00:00:00
219048,60978,1,0.52141327,2024-01-14T00:00:00
153888,60978,1,0.52127117,2024-01-14T00:00:00
207387,35732,1,0.5208895,2024-01-14T00:00:00
224169,10652,1,0.5204195,2024-01-14T00:00:00
237252,16358,1,0.52021474,2024-01-14T00:00:00
65631,48574,1,0.5201884,2024-01-14T00:00:00
223071,60978,1,0.52007264,2024-01-14T00:00:00
215985,30500,1,0.51999843,2024-01-14T00:00:00
226623,30500,1,0.5198022,2024-01-14T00:00:00
153792,35732,1,0.51935637,2024-01-14T00:00:00
153792,50268,1,0.51935637,2024-01-14T00:00:00
217752,42132,1,0.5191904,2024-01-14T00:00:00
210876,56714,1,0.51917696,2024-01-14T00:00:00
72930,35846,1,0.51877135,2024-01-14T00:00:00
208692,44302,1,0.5187341,2024-01-14T00:00:00
176403,35732,1,0.51869124,2024-01-14T00:00:00
204519,35732,1,0.5186801,2024-01-14T00:00:00
165183,10652,1,0.5186055,2024-01-14T00:00:00
223968,16358,1,0.51748914,2024-01-14T00:00:00
65631,1372,1,0.517477,2024-01-14T00:00:00
237057,46632,1,0.51737934,2024-01-14T00:00:00
224208,50268,1,0.51734394,2024-01-14T00:00:00
226827,10808,1,0.517334,2024-01-14T00:00:00
201741,35732,1,0.51673204,2024-01-14T00:00:00
206943,48574,1,0.51667035,2024-01-14T00:00:00
212775,48574,1,0.51664674,2024-01-14T00:00:00
154542,60978,1,0.51637906,2024-01-14T00:00:00
234093,50270,1,0.5163534,2024-01-14T00:00:00
186378,16358,1,0.51608044,2024-01-14T00:00:00
230010,39186,1,0.51604706,2024-01-14T00:00:00
175266,33886,1,0.5160037,2024-01-14T00:00:00
88920,44302,1,0.51577014,2024-01-14T00:00:00
206451,44302,1,0.51567954,2024-01-14T00:00:00
154275,60978,1,0.5154396,2024-01-14T00:00:00
154098,48574,1,0.51520133,2024-01-14T00:00:00
2061063,44302,1,0.51511514,2024-01-14T00:00:00
156057,36722,1,0.5150657,2024-01-14T00:00:00
156057,36720,1,0.5150657,2024-01-14T00:00:00
222711,1372,1,0.51502204,2024-01-14T00:00:00
217494,50268,1,0.5147188,2024-01-14T00:00:00
193323,44302,1,0.51471704,2024-01-14T00:00:00
225393,50272,1,0.51459885,2024-01-14T00:00:00
172161,44302,1,0.51435965,2024-01-14T00:00:00
208545,56714,1,0.51432115,2024-01-14T00:00:00
208539,56714,1,0.51432115,2024-01-14T00:00:00
208899,56714,1,0.51432115,2024-01-14T00:00:00
216108,39186,1,0.51423335,2024-01-14T00:00:00
63690,33886,1,0.5141492,2024-01-14T00:00:00
173940,30500,1,0.51405954,2024-01-14T00:00:00
153867,60978,1,0.51366496,2024-01-14T00:00:00
206673,1370,1,0.51335317,2024-01-14T00:00:00
154032,35732,1,0.5127761,2024-01-14T00:00:00
198573,50720,1,0.5127617,2024-01-14T00:00:00
193323,10652,1,0.51272404,2024-01-14T00:00:00
198882,46632,1,0.5126066,2024-01-14T00:00:00
212445,44302,1,0.51258546,2024-01-14T00:00:00
204189,35732,1,0.5122132,2024-01-14T00:00:00
65637,56714,1,0.51191235,2024-01-14T00:00:00
192159,44302,1,0.5119051,2024-01-14T00:00:00
195894,35732,1,0.5112281,2024-01-14T00:00:00
195894,50268,1,0.5112281,2024-01-14T00:00:00
203295,56714,1,0.51096624,2024-01-14T00:00:00
205191,35846,1,0.5104731,2024-01-14T00:00:00
230331,56714,1,0.5104655,2024-01-14T00:00:00
204276,33886,1,0.5104192,2024-01-14T00:00:00
163377,16358,1,0.51035076,2024-01-14T00:00:00
228741,10652,1,0.5098938,2024-01-14T00:00:00
88920,35732,1,0.5098819,2024-01-14T00:00:00
212220,3382,1,0.5097298,2024-01-14T00:00:00
236226,33534,1,0.509723,2024-01-14T00:00:00
206304,56714,1,0.5095954,2024-01-14T00:00:00
163377,50268,1,0.5093142,2024-01-14T00:00:00
187221,60978,1,0.5091342,2024-01-14T00:00:00
203175,39186,1,0.5091086,2024-01-14T00:00:00
208911,56714,1,0.50884116,2024-01-14T00:00:00
211140,48574,1,0.50879496,2024-01-14T00:00:00
212448,42132,1,0.50869036,2024-01-14T00:00:00
206952,35732,1,0.5084826,2024-01-14T00:00:00
211527,50272,1,0.5084629,2024-01-14T00:00:00
188331,16358,1,0.5082088,2024-01-14T00:00:00
212430,35732,1,0.5074477,2024-01-14T00:00:00
212430,50268,1,0.5074477,2024-01-14T00:00:00
206760,50724,1,0.5072597,2024-01-14T00:00:00
188844,44302,1,0.50723934,2024-01-14T00:00:00
207078,39186,1,0.5071723,2024-01-14T00:00:00
200508,30500,1,0.50714004,2024-01-14T00:00:00
211989,30500,1,0.50714004,2024-01-14T00:00:00
206799,39186,1,0.5070137,2024-01-14T00:00:00
196302,48574,1,0.5070103,2024-01-14T00:00:00
203709,35846,1,0.50695866,2024-01-14T00:00:00
88821,50268,1,0.50670356,2024-01-14T00:00:00
206406,33886,1,0.5066387,2024-01-14T00:00:00
154869,60978,1,0.50657475,2024-01-14T00:00:00
229527,36722,1,0.50641555,2024-01-14T00:00:00
238218,33886,1,0.5063911,2024-01-14T00:00:00
154797,35732,1,0.5063692,2024-01-14T00:00:00
205821,35846,1,0.50627196,2024-01-14T00:00:00
212301,1370,1,0.506148,2024-01-14T00:00:00
203178,42132,1,0.5060264,2024-01-14T00:00:00
227295,35732,1,0.50566685,2024-01-14T00:00:00
188700,16358,1,0.5056358,2024-01-14T00:00:00
165744,16358,1,0.5056358,2024-01-14T00:00:00
198882,35846,1,0.50542384,2024-01-14T00:00:00
196845,42132,1,0.505348,2024-01-14T00:00:00
206784,33886,1,0.50520676,2024-01-14T00:00:00
203820,39186,1,0.50509524,2024-01-14T00:00:00
179853,44302,1,0.5046251,2024-01-14T00:00:00
187974,39186,1,0.50454915,2024-01-14T00:00:00
212469,39186,1,0.5044713,2024-01-14T00:00:00
128538,50268,1,0.50443023,2024-01-14T00:00:00
154956,35732,1,0.50442696,2024-01-14T00:00:00
184863,42132,1,0.5044036,2024-01-14T00:00:00
186378,44302,1,0.5042931,2024-01-14T00:00:00
219132,30500,1,0.50426155,2024-01-14T00:00:00
64218,44302,1,0.50411314,2024-01-14T00:00:00
186174,46632,1,0.5038088,2024-01-14T00:00:00
205740,16358,1,0.5033645,2024-01-14T00:00:00
206451,50268,1,0.5029868,2024-01-14T00:00:00
210114,30500,1,0.5028142,2024-01-14T00:00:00
208509,10652,1,0.50253326,2024-01-14T00:00:00
236766,56714,1,0.50245214,2024-01-14T00:00:00
194388,56714,1,0.50245214,2024-01-14T00:00:00
234018,30500,1,0.50231564,2024-01-14T00:00:00
153072,33886,1,0.50227237,2024-01-14T00:00:00
207618,35732,1,0.5022624,2024-01-14T00:00:00
165744,56714,1,0.5019965,2024-01-14T00:00:00
153885,33886,1,0.5019389,2024-01-14T00:00:00
206955,35732,1,0.50181043,2024-01-14T00:00:00
238827,35732,1,0.50181043,2024-01-14T00:00:00
188730,44302,1,0.5016672,2024-01-14T00:00:00
229539,50274,1,0.50137204,2024-01-14T00:00:00
165726,39186,1,0.5012109,2024-01-14T00:00:00
59703,50270,1,0.5011072,2024-01-14T00:00:00
66378,50270,1,0.5011072,2024-01-14T00:00:00
192771,50270,1,0.5011072,2024-01-14T00:00:00
206784,39186,1,0.50100386,2024-01-14T00:00:00
155337,42132,1,0.5003568,2024-01-14T00:00:00
206664,39186,1,0.5003156,2024-01-14T00:00:00
204657,16358,1,0.5001137,2024-01-14T00:00:00
205191,50274,1,0.5000805,2024-01-14T00:00:00
192714,16358,1,0.5000237,2024-01-14T00:00:00
