[2025-11-18T00:02:56.291+0000] {processor.py:157} INFO - Started process (PID=201) to work on /opt/airflow/dags/utils/__init__.py
[2025-11-18T00:02:56.292+0000] {processor.py:829} INFO - Processing file /opt/airflow/dags/utils/__init__.py for tasks to queue
[2025-11-18T00:02:56.292+0000] {logging_mixin.py:154} INFO - [2025-11-18T00:02:56.292+0000] {dagbag.py:536} INFO - Filling up the DagBag from /opt/airflow/dags/utils/__init__.py
[2025-11-18T00:02:56.294+0000] {processor.py:841} WARNING - No viable dags retrieved from /opt/airflow/dags/utils/__init__.py
[2025-11-18T00:02:56.306+0000] {processor.py:179} INFO - Processing /opt/airflow/dags/utils/__init__.py took 0.018 seconds
[2025-11-18T00:03:26.813+0000] {processor.py:157} INFO - Started process (PID=267) to work on /opt/airflow/dags/utils/__init__.py
[2025-11-18T00:03:26.814+0000] {processor.py:829} INFO - Processing file /opt/airflow/dags/utils/__init__.py for tasks to queue
[2025-11-18T00:03:26.814+0000] {logging_mixin.py:154} INFO - [2025-11-18T00:03:26.814+0000] {dagbag.py:536} INFO - Filling up the DagBag from /opt/airflow/dags/utils/__init__.py
[2025-11-18T00:03:26.816+0000] {processor.py:841} WARNING - No viable dags retrieved from /opt/airflow/dags/utils/__init__.py
[2025-11-18T00:03:26.827+0000] {processor.py:179} INFO - Processing /opt/airflow/dags/utils/__init__.py took 0.017 seconds
[2025-11-18T00:11:57.429+0000] {processor.py:157} INFO - Started process (PID=201) to work on /opt/airflow/dags/utils/__init__.py
[2025-11-18T00:11:57.429+0000] {processor.py:829} INFO - Processing file /opt/airflow/dags/utils/__init__.py for tasks to queue
[2025-11-18T00:11:57.430+0000] {logging_mixin.py:154} INFO - [2025-11-18T00:11:57.430+0000] {dagbag.py:536} INFO - Filling up the DagBag from /opt/airflow/dags/utils/__init__.py
[2025-11-18T00:11:57.432+0000] {processor.py:841} WARNING - No viable dags retrieved from /opt/airflow/dags/utils/__init__.py
[2025-11-18T00:11:57.445+0000] {processor.py:179} INFO - Processing /opt/airflow/dags/utils/__init__.py took 0.020 seconds
[2025-11-18T00:12:27.914+0000] {processor.py:157} INFO - Started process (PID=251) to work on /opt/airflow/dags/utils/__init__.py
[2025-11-18T00:12:27.914+0000] {processor.py:829} INFO - Processing file /opt/airflow/dags/utils/__init__.py for tasks to queue
[2025-11-18T00:12:27.915+0000] {logging_mixin.py:154} INFO - [2025-11-18T00:12:27.915+0000] {dagbag.py:536} INFO - Filling up the DagBag from /opt/airflow/dags/utils/__init__.py
[2025-11-18T00:12:27.917+0000] {processor.py:841} WARNING - No viable dags retrieved from /opt/airflow/dags/utils/__init__.py
[2025-11-18T00:12:27.929+0000] {processor.py:179} INFO - Processing /opt/airflow/dags/utils/__init__.py took 0.019 seconds
[2025-11-18T00:12:58.332+0000] {processor.py:157} INFO - Started process (PID=318) to work on /opt/airflow/dags/utils/__init__.py
[2025-11-18T00:12:58.332+0000] {processor.py:829} INFO - Processing file /opt/airflow/dags/utils/__init__.py for tasks to queue
[2025-11-18T00:12:58.333+0000] {logging_mixin.py:154} INFO - [2025-11-18T00:12:58.333+0000] {dagbag.py:536} INFO - Filling up the DagBag from /opt/airflow/dags/utils/__init__.py
[2025-11-18T00:12:58.334+0000] {processor.py:841} WARNING - No viable dags retrieved from /opt/airflow/dags/utils/__init__.py
[2025-11-18T00:12:58.344+0000] {processor.py:179} INFO - Processing /opt/airflow/dags/utils/__init__.py took 0.015 seconds
[2025-11-18T00:13:28.746+0000] {processor.py:157} INFO - Started process (PID=381) to work on /opt/airflow/dags/utils/__init__.py
[2025-11-18T00:13:28.747+0000] {processor.py:829} INFO - Processing file /opt/airflow/dags/utils/__init__.py for tasks to queue
[2025-11-18T00:13:28.748+0000] {logging_mixin.py:154} INFO - [2025-11-18T00:13:28.747+0000] {dagbag.py:536} INFO - Filling up the DagBag from /opt/airflow/dags/utils/__init__.py
[2025-11-18T00:13:28.749+0000] {processor.py:841} WARNING - No viable dags retrieved from /opt/airflow/dags/utils/__init__.py
[2025-11-18T00:13:28.760+0000] {processor.py:179} INFO - Processing /opt/airflow/dags/utils/__init__.py took 0.016 seconds
[2025-11-18T00:13:59.469+0000] {processor.py:157} INFO - Started process (PID=503) to work on /opt/airflow/dags/utils/__init__.py
[2025-11-18T00:13:59.469+0000] {processor.py:829} INFO - Processing file /opt/airflow/dags/utils/__init__.py for tasks to queue
[2025-11-18T00:13:59.470+0000] {logging_mixin.py:154} INFO - [2025-11-18T00:13:59.470+0000] {dagbag.py:536} INFO - Filling up the DagBag from /opt/airflow/dags/utils/__init__.py
[2025-11-18T00:13:59.471+0000] {processor.py:841} WARNING - No viable dags retrieved from /opt/airflow/dags/utils/__init__.py
[2025-11-18T00:13:59.482+0000] {processor.py:179} INFO - Processing /opt/airflow/dags/utils/__init__.py took 0.015 seconds
[2025-11-18T00:14:29.995+0000] {processor.py:157} INFO - Started process (PID=663) to work on /opt/airflow/dags/utils/__init__.py
[2025-11-18T00:14:29.996+0000] {processor.py:829} INFO - Processing file /opt/airflow/dags/utils/__init__.py for tasks to queue
[2025-11-18T00:14:29.997+0000] {logging_mixin.py:154} INFO - [2025-11-18T00:14:29.996+0000] {dagbag.py:536} INFO - Filling up the DagBag from /opt/airflow/dags/utils/__init__.py
[2025-11-18T00:14:29.998+0000] {processor.py:841} WARNING - No viable dags retrieved from /opt/airflow/dags/utils/__init__.py
[2025-11-18T00:14:30.028+0000] {processor.py:179} INFO - Processing /opt/airflow/dags/utils/__init__.py took 0.039 seconds
[2025-11-18T00:15:00.140+0000] {processor.py:157} INFO - Started process (PID=835) to work on /opt/airflow/dags/utils/__init__.py
[2025-11-18T00:15:00.141+0000] {processor.py:829} INFO - Processing file /opt/airflow/dags/utils/__init__.py for tasks to queue
[2025-11-18T00:15:00.142+0000] {logging_mixin.py:154} INFO - [2025-11-18T00:15:00.141+0000] {dagbag.py:536} INFO - Filling up the DagBag from /opt/airflow/dags/utils/__init__.py
[2025-11-18T00:15:00.143+0000] {processor.py:841} WARNING - No viable dags retrieved from /opt/airflow/dags/utils/__init__.py
[2025-11-18T00:15:00.156+0000] {processor.py:179} INFO - Processing /opt/airflow/dags/utils/__init__.py took 0.018 seconds
[2025-11-18T00:15:30.521+0000] {processor.py:157} INFO - Started process (PID=899) to work on /opt/airflow/dags/utils/__init__.py
[2025-11-18T00:15:30.522+0000] {processor.py:829} INFO - Processing file /opt/airflow/dags/utils/__init__.py for tasks to queue
[2025-11-18T00:15:30.522+0000] {logging_mixin.py:154} INFO - [2025-11-18T00:15:30.522+0000] {dagbag.py:536} INFO - Filling up the DagBag from /opt/airflow/dags/utils/__init__.py
[2025-11-18T00:15:30.524+0000] {processor.py:841} WARNING - No viable dags retrieved from /opt/airflow/dags/utils/__init__.py
[2025-11-18T00:15:30.536+0000] {processor.py:179} INFO - Processing /opt/airflow/dags/utils/__init__.py took 0.018 seconds
[2025-11-18T00:16:00.925+0000] {processor.py:157} INFO - Started process (PID=957) to work on /opt/airflow/dags/utils/__init__.py
[2025-11-18T00:16:00.925+0000] {processor.py:829} INFO - Processing file /opt/airflow/dags/utils/__init__.py for tasks to queue
[2025-11-18T00:16:00.926+0000] {logging_mixin.py:154} INFO - [2025-11-18T00:16:00.926+0000] {dagbag.py:536} INFO - Filling up the DagBag from /opt/airflow/dags/utils/__init__.py
[2025-11-18T00:16:00.927+0000] {processor.py:841} WARNING - No viable dags retrieved from /opt/airflow/dags/utils/__init__.py
[2025-11-18T00:16:00.938+0000] {processor.py:179} INFO - Processing /opt/airflow/dags/utils/__init__.py took 0.016 seconds
[2025-11-18T00:16:31.175+0000] {processor.py:157} INFO - Started process (PID=1017) to work on /opt/airflow/dags/utils/__init__.py
[2025-11-18T00:16:31.175+0000] {processor.py:829} INFO - Processing file /opt/airflow/dags/utils/__init__.py for tasks to queue
[2025-11-18T00:16:31.176+0000] {logging_mixin.py:154} INFO - [2025-11-18T00:16:31.176+0000] {dagbag.py:536} INFO - Filling up the DagBag from /opt/airflow/dags/utils/__init__.py
[2025-11-18T00:16:31.177+0000] {processor.py:841} WARNING - No viable dags retrieved from /opt/airflow/dags/utils/__init__.py
[2025-11-18T00:16:31.188+0000] {processor.py:179} INFO - Processing /opt/airflow/dags/utils/__init__.py took 0.016 seconds
[2025-11-18T00:17:01.908+0000] {processor.py:157} INFO - Started process (PID=1087) to work on /opt/airflow/dags/utils/__init__.py
[2025-11-18T00:17:01.909+0000] {processor.py:829} INFO - Processing file /opt/airflow/dags/utils/__init__.py for tasks to queue
[2025-11-18T00:17:01.909+0000] {logging_mixin.py:154} INFO - [2025-11-18T00:17:01.909+0000] {dagbag.py:536} INFO - Filling up the DagBag from /opt/airflow/dags/utils/__init__.py
[2025-11-18T00:17:01.911+0000] {processor.py:841} WARNING - No viable dags retrieved from /opt/airflow/dags/utils/__init__.py
[2025-11-18T00:17:01.922+0000] {processor.py:179} INFO - Processing /opt/airflow/dags/utils/__init__.py took 0.016 seconds
[2025-11-18T00:17:32.277+0000] {processor.py:157} INFO - Started process (PID=1158) to work on /opt/airflow/dags/utils/__init__.py
[2025-11-18T00:17:32.278+0000] {processor.py:829} INFO - Processing file /opt/airflow/dags/utils/__init__.py for tasks to queue
[2025-11-18T00:17:32.278+0000] {logging_mixin.py:154} INFO - [2025-11-18T00:17:32.278+0000] {dagbag.py:536} INFO - Filling up the DagBag from /opt/airflow/dags/utils/__init__.py
[2025-11-18T00:17:32.280+0000] {processor.py:841} WARNING - No viable dags retrieved from /opt/airflow/dags/utils/__init__.py
[2025-11-18T00:17:32.291+0000] {processor.py:179} INFO - Processing /opt/airflow/dags/utils/__init__.py took 0.018 seconds
[2025-11-18T00:18:02.673+0000] {processor.py:157} INFO - Started process (PID=1223) to work on /opt/airflow/dags/utils/__init__.py
[2025-11-18T00:18:02.673+0000] {processor.py:829} INFO - Processing file /opt/airflow/dags/utils/__init__.py for tasks to queue
[2025-11-18T00:18:02.674+0000] {logging_mixin.py:154} INFO - [2025-11-18T00:18:02.674+0000] {dagbag.py:536} INFO - Filling up the DagBag from /opt/airflow/dags/utils/__init__.py
[2025-11-18T00:18:02.676+0000] {processor.py:841} WARNING - No viable dags retrieved from /opt/airflow/dags/utils/__init__.py
[2025-11-18T00:18:02.686+0000] {processor.py:179} INFO - Processing /opt/airflow/dags/utils/__init__.py took 0.016 seconds
[2025-11-18T00:18:33.048+0000] {processor.py:157} INFO - Started process (PID=1281) to work on /opt/airflow/dags/utils/__init__.py
[2025-11-18T00:18:33.049+0000] {processor.py:829} INFO - Processing file /opt/airflow/dags/utils/__init__.py for tasks to queue
[2025-11-18T00:18:33.049+0000] {logging_mixin.py:154} INFO - [2025-11-18T00:18:33.049+0000] {dagbag.py:536} INFO - Filling up the DagBag from /opt/airflow/dags/utils/__init__.py
[2025-11-18T00:18:33.051+0000] {processor.py:841} WARNING - No viable dags retrieved from /opt/airflow/dags/utils/__init__.py
[2025-11-18T00:18:33.062+0000] {processor.py:179} INFO - Processing /opt/airflow/dags/utils/__init__.py took 0.017 seconds
[2025-11-18T00:43:15.592+0000] {processor.py:157} INFO - Started process (PID=200) to work on /opt/airflow/dags/utils/__init__.py
[2025-11-18T00:43:15.593+0000] {processor.py:829} INFO - Processing file /opt/airflow/dags/utils/__init__.py for tasks to queue
[2025-11-18T00:43:15.594+0000] {logging_mixin.py:154} INFO - [2025-11-18T00:43:15.594+0000] {dagbag.py:536} INFO - Filling up the DagBag from /opt/airflow/dags/utils/__init__.py
[2025-11-18T00:43:15.595+0000] {processor.py:841} WARNING - No viable dags retrieved from /opt/airflow/dags/utils/__init__.py
[2025-11-18T00:43:15.607+0000] {processor.py:179} INFO - Processing /opt/airflow/dags/utils/__init__.py took 0.017 seconds
[2025-11-18T00:43:46.233+0000] {processor.py:157} INFO - Started process (PID=264) to work on /opt/airflow/dags/utils/__init__.py
[2025-11-18T00:43:46.233+0000] {processor.py:829} INFO - Processing file /opt/airflow/dags/utils/__init__.py for tasks to queue
[2025-11-18T00:43:46.234+0000] {logging_mixin.py:154} INFO - [2025-11-18T00:43:46.234+0000] {dagbag.py:536} INFO - Filling up the DagBag from /opt/airflow/dags/utils/__init__.py
[2025-11-18T00:43:46.235+0000] {processor.py:841} WARNING - No viable dags retrieved from /opt/airflow/dags/utils/__init__.py
[2025-11-18T00:43:46.247+0000] {processor.py:179} INFO - Processing /opt/airflow/dags/utils/__init__.py took 0.018 seconds
[2025-11-18T00:44:17.208+0000] {processor.py:157} INFO - Started process (PID=364) to work on /opt/airflow/dags/utils/__init__.py
[2025-11-18T00:44:17.208+0000] {processor.py:829} INFO - Processing file /opt/airflow/dags/utils/__init__.py for tasks to queue
[2025-11-18T00:44:17.209+0000] {logging_mixin.py:154} INFO - [2025-11-18T00:44:17.209+0000] {dagbag.py:536} INFO - Filling up the DagBag from /opt/airflow/dags/utils/__init__.py
[2025-11-18T00:44:17.210+0000] {processor.py:841} WARNING - No viable dags retrieved from /opt/airflow/dags/utils/__init__.py
[2025-11-18T00:44:17.220+0000] {processor.py:179} INFO - Processing /opt/airflow/dags/utils/__init__.py took 0.015 seconds
[2025-11-18T00:44:48.152+0000] {processor.py:157} INFO - Started process (PID=608) to work on /opt/airflow/dags/utils/__init__.py
[2025-11-18T00:44:48.153+0000] {processor.py:829} INFO - Processing file /opt/airflow/dags/utils/__init__.py for tasks to queue
[2025-11-18T00:44:48.154+0000] {logging_mixin.py:154} INFO - [2025-11-18T00:44:48.153+0000] {dagbag.py:536} INFO - Filling up the DagBag from /opt/airflow/dags/utils/__init__.py
[2025-11-18T00:44:48.156+0000] {processor.py:841} WARNING - No viable dags retrieved from /opt/airflow/dags/utils/__init__.py
[2025-11-18T00:44:48.170+0000] {processor.py:179} INFO - Processing /opt/airflow/dags/utils/__init__.py took 0.022 seconds
[2025-11-18T00:45:19.323+0000] {processor.py:157} INFO - Started process (PID=715) to work on /opt/airflow/dags/utils/__init__.py
[2025-11-18T00:45:19.323+0000] {processor.py:829} INFO - Processing file /opt/airflow/dags/utils/__init__.py for tasks to queue
[2025-11-18T00:45:19.324+0000] {logging_mixin.py:154} INFO - [2025-11-18T00:45:19.324+0000] {dagbag.py:536} INFO - Filling up the DagBag from /opt/airflow/dags/utils/__init__.py
[2025-11-18T00:45:19.326+0000] {processor.py:841} WARNING - No viable dags retrieved from /opt/airflow/dags/utils/__init__.py
[2025-11-18T00:45:19.336+0000] {processor.py:179} INFO - Processing /opt/airflow/dags/utils/__init__.py took 0.016 seconds
[2025-11-18T00:45:49.863+0000] {processor.py:157} INFO - Started process (PID=860) to work on /opt/airflow/dags/utils/__init__.py
[2025-11-18T00:45:49.864+0000] {processor.py:829} INFO - Processing file /opt/airflow/dags/utils/__init__.py for tasks to queue
[2025-11-18T00:45:49.864+0000] {logging_mixin.py:154} INFO - [2025-11-18T00:45:49.864+0000] {dagbag.py:536} INFO - Filling up the DagBag from /opt/airflow/dags/utils/__init__.py
[2025-11-18T00:45:49.866+0000] {processor.py:841} WARNING - No viable dags retrieved from /opt/airflow/dags/utils/__init__.py
[2025-11-18T00:45:49.877+0000] {processor.py:179} INFO - Processing /opt/airflow/dags/utils/__init__.py took 0.017 seconds
[2025-11-18T00:46:20.489+0000] {processor.py:157} INFO - Started process (PID=942) to work on /opt/airflow/dags/utils/__init__.py
[2025-11-18T00:46:20.490+0000] {processor.py:829} INFO - Processing file /opt/airflow/dags/utils/__init__.py for tasks to queue
[2025-11-18T00:46:20.490+0000] {logging_mixin.py:154} INFO - [2025-11-18T00:46:20.490+0000] {dagbag.py:536} INFO - Filling up the DagBag from /opt/airflow/dags/utils/__init__.py
[2025-11-18T00:46:20.492+0000] {processor.py:841} WARNING - No viable dags retrieved from /opt/airflow/dags/utils/__init__.py
[2025-11-18T00:46:20.502+0000] {processor.py:179} INFO - Processing /opt/airflow/dags/utils/__init__.py took 0.017 seconds
[2025-11-18T00:46:51.112+0000] {processor.py:157} INFO - Started process (PID=1009) to work on /opt/airflow/dags/utils/__init__.py
[2025-11-18T00:46:51.113+0000] {processor.py:829} INFO - Processing file /opt/airflow/dags/utils/__init__.py for tasks to queue
[2025-11-18T00:46:51.114+0000] {logging_mixin.py:154} INFO - [2025-11-18T00:46:51.113+0000] {dagbag.py:536} INFO - Filling up the DagBag from /opt/airflow/dags/utils/__init__.py
[2025-11-18T00:46:51.115+0000] {processor.py:841} WARNING - No viable dags retrieved from /opt/airflow/dags/utils/__init__.py
[2025-11-18T00:46:51.126+0000] {processor.py:179} INFO - Processing /opt/airflow/dags/utils/__init__.py took 0.017 seconds
[2025-11-18T00:47:21.729+0000] {processor.py:157} INFO - Started process (PID=1073) to work on /opt/airflow/dags/utils/__init__.py
[2025-11-18T00:47:21.730+0000] {processor.py:829} INFO - Processing file /opt/airflow/dags/utils/__init__.py for tasks to queue
[2025-11-18T00:47:21.730+0000] {logging_mixin.py:154} INFO - [2025-11-18T00:47:21.730+0000] {dagbag.py:536} INFO - Filling up the DagBag from /opt/airflow/dags/utils/__init__.py
[2025-11-18T00:47:21.732+0000] {processor.py:841} WARNING - No viable dags retrieved from /opt/airflow/dags/utils/__init__.py
[2025-11-18T00:47:21.743+0000] {processor.py:179} INFO - Processing /opt/airflow/dags/utils/__init__.py took 0.016 seconds
[2025-11-18T00:47:52.458+0000] {processor.py:157} INFO - Started process (PID=1131) to work on /opt/airflow/dags/utils/__init__.py
[2025-11-18T00:47:52.459+0000] {processor.py:829} INFO - Processing file /opt/airflow/dags/utils/__init__.py for tasks to queue
[2025-11-18T00:47:52.459+0000] {logging_mixin.py:154} INFO - [2025-11-18T00:47:52.459+0000] {dagbag.py:536} INFO - Filling up the DagBag from /opt/airflow/dags/utils/__init__.py
[2025-11-18T00:47:52.461+0000] {processor.py:841} WARNING - No viable dags retrieved from /opt/airflow/dags/utils/__init__.py
[2025-11-18T00:47:52.471+0000] {processor.py:179} INFO - Processing /opt/airflow/dags/utils/__init__.py took 0.016 seconds
[2025-11-18T00:48:23.067+0000] {processor.py:157} INFO - Started process (PID=1198) to work on /opt/airflow/dags/utils/__init__.py
[2025-11-18T00:48:23.067+0000] {processor.py:829} INFO - Processing file /opt/airflow/dags/utils/__init__.py for tasks to queue
[2025-11-18T00:48:23.068+0000] {logging_mixin.py:154} INFO - [2025-11-18T00:48:23.068+0000] {dagbag.py:536} INFO - Filling up the DagBag from /opt/airflow/dags/utils/__init__.py
[2025-11-18T00:48:23.071+0000] {processor.py:841} WARNING - No viable dags retrieved from /opt/airflow/dags/utils/__init__.py
[2025-11-18T00:48:23.083+0000] {processor.py:179} INFO - Processing /opt/airflow/dags/utils/__init__.py took 0.020 seconds
[2025-11-18T00:48:53.596+0000] {processor.py:157} INFO - Started process (PID=1263) to work on /opt/airflow/dags/utils/__init__.py
[2025-11-18T00:48:53.596+0000] {processor.py:829} INFO - Processing file /opt/airflow/dags/utils/__init__.py for tasks to queue
[2025-11-18T00:48:53.597+0000] {logging_mixin.py:154} INFO - [2025-11-18T00:48:53.597+0000] {dagbag.py:536} INFO - Filling up the DagBag from /opt/airflow/dags/utils/__init__.py
[2025-11-18T00:48:53.599+0000] {processor.py:841} WARNING - No viable dags retrieved from /opt/airflow/dags/utils/__init__.py
[2025-11-18T00:48:53.610+0000] {processor.py:179} INFO - Processing /opt/airflow/dags/utils/__init__.py took 0.016 seconds
[2025-11-18T00:49:24.215+0000] {processor.py:157} INFO - Started process (PID=1328) to work on /opt/airflow/dags/utils/__init__.py
[2025-11-18T00:49:24.215+0000] {processor.py:829} INFO - Processing file /opt/airflow/dags/utils/__init__.py for tasks to queue
[2025-11-18T00:49:24.216+0000] {logging_mixin.py:154} INFO - [2025-11-18T00:49:24.216+0000] {dagbag.py:536} INFO - Filling up the DagBag from /opt/airflow/dags/utils/__init__.py
[2025-11-18T00:49:24.217+0000] {processor.py:841} WARNING - No viable dags retrieved from /opt/airflow/dags/utils/__init__.py
[2025-11-18T00:49:24.228+0000] {processor.py:179} INFO - Processing /opt/airflow/dags/utils/__init__.py took 0.017 seconds
[2025-11-18T00:49:54.901+0000] {processor.py:157} INFO - Started process (PID=1391) to work on /opt/airflow/dags/utils/__init__.py
[2025-11-18T00:49:54.902+0000] {processor.py:829} INFO - Processing file /opt/airflow/dags/utils/__init__.py for tasks to queue
[2025-11-18T00:49:54.902+0000] {logging_mixin.py:154} INFO - [2025-11-18T00:49:54.902+0000] {dagbag.py:536} INFO - Filling up the DagBag from /opt/airflow/dags/utils/__init__.py
[2025-11-18T00:49:54.904+0000] {processor.py:841} WARNING - No viable dags retrieved from /opt/airflow/dags/utils/__init__.py
[2025-11-18T00:49:54.914+0000] {processor.py:179} INFO - Processing /opt/airflow/dags/utils/__init__.py took 0.016 seconds
[2025-11-18T00:50:25.460+0000] {processor.py:157} INFO - Started process (PID=1451) to work on /opt/airflow/dags/utils/__init__.py
[2025-11-18T00:50:25.461+0000] {processor.py:829} INFO - Processing file /opt/airflow/dags/utils/__init__.py for tasks to queue
[2025-11-18T00:50:25.461+0000] {logging_mixin.py:154} INFO - [2025-11-18T00:50:25.461+0000] {dagbag.py:536} INFO - Filling up the DagBag from /opt/airflow/dags/utils/__init__.py
[2025-11-18T00:50:25.463+0000] {processor.py:841} WARNING - No viable dags retrieved from /opt/airflow/dags/utils/__init__.py
[2025-11-18T00:50:25.474+0000] {processor.py:179} INFO - Processing /opt/airflow/dags/utils/__init__.py took 0.017 seconds
[2025-11-18T00:50:56.365+0000] {processor.py:157} INFO - Started process (PID=1516) to work on /opt/airflow/dags/utils/__init__.py
[2025-11-18T00:50:56.365+0000] {processor.py:829} INFO - Processing file /opt/airflow/dags/utils/__init__.py for tasks to queue
[2025-11-18T00:50:56.366+0000] {logging_mixin.py:154} INFO - [2025-11-18T00:50:56.365+0000] {dagbag.py:536} INFO - Filling up the DagBag from /opt/airflow/dags/utils/__init__.py
[2025-11-18T00:50:56.367+0000] {processor.py:841} WARNING - No viable dags retrieved from /opt/airflow/dags/utils/__init__.py
[2025-11-18T00:50:56.378+0000] {processor.py:179} INFO - Processing /opt/airflow/dags/utils/__init__.py took 0.016 seconds
[2025-11-18T00:51:26.870+0000] {processor.py:157} INFO - Started process (PID=1581) to work on /opt/airflow/dags/utils/__init__.py
[2025-11-18T00:51:26.870+0000] {processor.py:829} INFO - Processing file /opt/airflow/dags/utils/__init__.py for tasks to queue
[2025-11-18T00:51:26.871+0000] {logging_mixin.py:154} INFO - [2025-11-18T00:51:26.870+0000] {dagbag.py:536} INFO - Filling up the DagBag from /opt/airflow/dags/utils/__init__.py
[2025-11-18T00:51:26.872+0000] {processor.py:841} WARNING - No viable dags retrieved from /opt/airflow/dags/utils/__init__.py
[2025-11-18T00:51:26.884+0000] {processor.py:179} INFO - Processing /opt/airflow/dags/utils/__init__.py took 0.017 seconds
[2025-11-18T00:51:57.502+0000] {processor.py:157} INFO - Started process (PID=1646) to work on /opt/airflow/dags/utils/__init__.py
[2025-11-18T00:51:57.503+0000] {processor.py:829} INFO - Processing file /opt/airflow/dags/utils/__init__.py for tasks to queue
[2025-11-18T00:51:57.504+0000] {logging_mixin.py:154} INFO - [2025-11-18T00:51:57.503+0000] {dagbag.py:536} INFO - Filling up the DagBag from /opt/airflow/dags/utils/__init__.py
[2025-11-18T00:51:57.505+0000] {processor.py:841} WARNING - No viable dags retrieved from /opt/airflow/dags/utils/__init__.py
[2025-11-18T00:51:57.516+0000] {processor.py:179} INFO - Processing /opt/airflow/dags/utils/__init__.py took 0.017 seconds
[2025-11-18T00:52:28.150+0000] {processor.py:157} INFO - Started process (PID=1711) to work on /opt/airflow/dags/utils/__init__.py
[2025-11-18T00:52:28.150+0000] {processor.py:829} INFO - Processing file /opt/airflow/dags/utils/__init__.py for tasks to queue
[2025-11-18T00:52:28.151+0000] {logging_mixin.py:154} INFO - [2025-11-18T00:52:28.151+0000] {dagbag.py:536} INFO - Filling up the DagBag from /opt/airflow/dags/utils/__init__.py
[2025-11-18T00:52:28.152+0000] {processor.py:841} WARNING - No viable dags retrieved from /opt/airflow/dags/utils/__init__.py
[2025-11-18T00:52:28.163+0000] {processor.py:179} INFO - Processing /opt/airflow/dags/utils/__init__.py took 0.016 seconds
[2025-11-18T00:52:58.756+0000] {processor.py:157} INFO - Started process (PID=1776) to work on /opt/airflow/dags/utils/__init__.py
[2025-11-18T00:52:58.757+0000] {processor.py:829} INFO - Processing file /opt/airflow/dags/utils/__init__.py for tasks to queue
[2025-11-18T00:52:58.757+0000] {logging_mixin.py:154} INFO - [2025-11-18T00:52:58.757+0000] {dagbag.py:536} INFO - Filling up the DagBag from /opt/airflow/dags/utils/__init__.py
[2025-11-18T00:52:58.759+0000] {processor.py:841} WARNING - No viable dags retrieved from /opt/airflow/dags/utils/__init__.py
[2025-11-18T00:52:58.769+0000] {processor.py:179} INFO - Processing /opt/airflow/dags/utils/__init__.py took 0.016 seconds
[2025-11-18T00:53:29.502+0000] {processor.py:157} INFO - Started process (PID=1834) to work on /opt/airflow/dags/utils/__init__.py
[2025-11-18T00:53:29.503+0000] {processor.py:829} INFO - Processing file /opt/airflow/dags/utils/__init__.py for tasks to queue
[2025-11-18T00:53:29.503+0000] {logging_mixin.py:154} INFO - [2025-11-18T00:53:29.503+0000] {dagbag.py:536} INFO - Filling up the DagBag from /opt/airflow/dags/utils/__init__.py
[2025-11-18T00:53:29.505+0000] {processor.py:841} WARNING - No viable dags retrieved from /opt/airflow/dags/utils/__init__.py
[2025-11-18T00:53:29.515+0000] {processor.py:179} INFO - Processing /opt/airflow/dags/utils/__init__.py took 0.016 seconds
[2025-11-18T00:54:00.171+0000] {processor.py:157} INFO - Started process (PID=1897) to work on /opt/airflow/dags/utils/__init__.py
[2025-11-18T00:54:00.172+0000] {processor.py:829} INFO - Processing file /opt/airflow/dags/utils/__init__.py for tasks to queue
[2025-11-18T00:54:00.172+0000] {logging_mixin.py:154} INFO - [2025-11-18T00:54:00.172+0000] {dagbag.py:536} INFO - Filling up the DagBag from /opt/airflow/dags/utils/__init__.py
[2025-11-18T00:54:00.174+0000] {processor.py:841} WARNING - No viable dags retrieved from /opt/airflow/dags/utils/__init__.py
[2025-11-18T00:54:00.183+0000] {processor.py:179} INFO - Processing /opt/airflow/dags/utils/__init__.py took 0.015 seconds
[2025-11-18T00:54:30.669+0000] {processor.py:157} INFO - Started process (PID=1964) to work on /opt/airflow/dags/utils/__init__.py
[2025-11-18T00:54:30.670+0000] {processor.py:829} INFO - Processing file /opt/airflow/dags/utils/__init__.py for tasks to queue
[2025-11-18T00:54:30.670+0000] {logging_mixin.py:154} INFO - [2025-11-18T00:54:30.670+0000] {dagbag.py:536} INFO - Filling up the DagBag from /opt/airflow/dags/utils/__init__.py
[2025-11-18T00:54:30.672+0000] {processor.py:841} WARNING - No viable dags retrieved from /opt/airflow/dags/utils/__init__.py
[2025-11-18T00:54:30.683+0000] {processor.py:179} INFO - Processing /opt/airflow/dags/utils/__init__.py took 0.016 seconds
[2025-11-18T00:55:01.419+0000] {processor.py:157} INFO - Started process (PID=2029) to work on /opt/airflow/dags/utils/__init__.py
[2025-11-18T00:55:01.419+0000] {processor.py:829} INFO - Processing file /opt/airflow/dags/utils/__init__.py for tasks to queue
[2025-11-18T00:55:01.420+0000] {logging_mixin.py:154} INFO - [2025-11-18T00:55:01.419+0000] {dagbag.py:536} INFO - Filling up the DagBag from /opt/airflow/dags/utils/__init__.py
[2025-11-18T00:55:01.421+0000] {processor.py:841} WARNING - No viable dags retrieved from /opt/airflow/dags/utils/__init__.py
[2025-11-18T00:55:01.432+0000] {processor.py:179} INFO - Processing /opt/airflow/dags/utils/__init__.py took 0.016 seconds
[2025-11-18T00:55:32.056+0000] {processor.py:157} INFO - Started process (PID=2094) to work on /opt/airflow/dags/utils/__init__.py
[2025-11-18T00:55:32.056+0000] {processor.py:829} INFO - Processing file /opt/airflow/dags/utils/__init__.py for tasks to queue
[2025-11-18T00:55:32.057+0000] {logging_mixin.py:154} INFO - [2025-11-18T00:55:32.057+0000] {dagbag.py:536} INFO - Filling up the DagBag from /opt/airflow/dags/utils/__init__.py
[2025-11-18T00:55:32.059+0000] {processor.py:841} WARNING - No viable dags retrieved from /opt/airflow/dags/utils/__init__.py
[2025-11-18T00:55:32.069+0000] {processor.py:179} INFO - Processing /opt/airflow/dags/utils/__init__.py took 0.016 seconds
[2025-11-18T00:56:02.930+0000] {processor.py:157} INFO - Started process (PID=2152) to work on /opt/airflow/dags/utils/__init__.py
[2025-11-18T00:56:02.930+0000] {processor.py:829} INFO - Processing file /opt/airflow/dags/utils/__init__.py for tasks to queue
[2025-11-18T00:56:02.931+0000] {logging_mixin.py:154} INFO - [2025-11-18T00:56:02.930+0000] {dagbag.py:536} INFO - Filling up the DagBag from /opt/airflow/dags/utils/__init__.py
[2025-11-18T00:56:02.932+0000] {processor.py:841} WARNING - No viable dags retrieved from /opt/airflow/dags/utils/__init__.py
[2025-11-18T00:56:02.943+0000] {processor.py:179} INFO - Processing /opt/airflow/dags/utils/__init__.py took 0.017 seconds
[2025-11-18T00:56:33.759+0000] {processor.py:157} INFO - Started process (PID=2217) to work on /opt/airflow/dags/utils/__init__.py
[2025-11-18T00:56:33.759+0000] {processor.py:829} INFO - Processing file /opt/airflow/dags/utils/__init__.py for tasks to queue
[2025-11-18T00:56:33.760+0000] {logging_mixin.py:154} INFO - [2025-11-18T00:56:33.760+0000] {dagbag.py:536} INFO - Filling up the DagBag from /opt/airflow/dags/utils/__init__.py
[2025-11-18T00:56:33.762+0000] {processor.py:841} WARNING - No viable dags retrieved from /opt/airflow/dags/utils/__init__.py
[2025-11-18T00:56:33.774+0000] {processor.py:179} INFO - Processing /opt/airflow/dags/utils/__init__.py took 0.018 seconds
[2025-11-18T00:57:04.696+0000] {processor.py:157} INFO - Started process (PID=2282) to work on /opt/airflow/dags/utils/__init__.py
[2025-11-18T00:57:04.696+0000] {processor.py:829} INFO - Processing file /opt/airflow/dags/utils/__init__.py for tasks to queue
[2025-11-18T00:57:04.697+0000] {logging_mixin.py:154} INFO - [2025-11-18T00:57:04.697+0000] {dagbag.py:536} INFO - Filling up the DagBag from /opt/airflow/dags/utils/__init__.py
[2025-11-18T00:57:04.699+0000] {processor.py:841} WARNING - No viable dags retrieved from /opt/airflow/dags/utils/__init__.py
[2025-11-18T00:57:04.712+0000] {processor.py:179} INFO - Processing /opt/airflow/dags/utils/__init__.py took 0.019 seconds
[2025-11-18T00:57:35.546+0000] {processor.py:157} INFO - Started process (PID=2348) to work on /opt/airflow/dags/utils/__init__.py
[2025-11-18T00:57:35.546+0000] {processor.py:829} INFO - Processing file /opt/airflow/dags/utils/__init__.py for tasks to queue
[2025-11-18T00:57:35.547+0000] {logging_mixin.py:154} INFO - [2025-11-18T00:57:35.547+0000] {dagbag.py:536} INFO - Filling up the DagBag from /opt/airflow/dags/utils/__init__.py
[2025-11-18T00:57:35.548+0000] {processor.py:841} WARNING - No viable dags retrieved from /opt/airflow/dags/utils/__init__.py
[2025-11-18T00:57:35.559+0000] {processor.py:179} INFO - Processing /opt/airflow/dags/utils/__init__.py took 0.016 seconds
[2025-11-18T00:58:06.790+0000] {processor.py:157} INFO - Started process (PID=2411) to work on /opt/airflow/dags/utils/__init__.py
[2025-11-18T00:58:06.790+0000] {processor.py:829} INFO - Processing file /opt/airflow/dags/utils/__init__.py for tasks to queue
[2025-11-18T00:58:06.791+0000] {logging_mixin.py:154} INFO - [2025-11-18T00:58:06.790+0000] {dagbag.py:536} INFO - Filling up the DagBag from /opt/airflow/dags/utils/__init__.py
[2025-11-18T00:58:06.793+0000] {processor.py:841} WARNING - No viable dags retrieved from /opt/airflow/dags/utils/__init__.py
[2025-11-18T00:58:06.804+0000] {processor.py:179} INFO - Processing /opt/airflow/dags/utils/__init__.py took 0.017 seconds
[2025-11-18T00:58:37.054+0000] {processor.py:157} INFO - Started process (PID=2458) to work on /opt/airflow/dags/utils/__init__.py
[2025-11-18T00:58:37.055+0000] {processor.py:829} INFO - Processing file /opt/airflow/dags/utils/__init__.py for tasks to queue
[2025-11-18T00:58:37.055+0000] {logging_mixin.py:154} INFO - [2025-11-18T00:58:37.055+0000] {dagbag.py:536} INFO - Filling up the DagBag from /opt/airflow/dags/utils/__init__.py
[2025-11-18T00:58:37.057+0000] {processor.py:841} WARNING - No viable dags retrieved from /opt/airflow/dags/utils/__init__.py
[2025-11-18T00:58:37.067+0000] {processor.py:179} INFO - Processing /opt/airflow/dags/utils/__init__.py took 0.016 seconds
[2025-11-18T00:59:07.162+0000] {processor.py:157} INFO - Started process (PID=2510) to work on /opt/airflow/dags/utils/__init__.py
[2025-11-18T00:59:07.162+0000] {processor.py:829} INFO - Processing file /opt/airflow/dags/utils/__init__.py for tasks to queue
[2025-11-18T00:59:07.162+0000] {logging_mixin.py:154} INFO - [2025-11-18T00:59:07.162+0000] {dagbag.py:536} INFO - Filling up the DagBag from /opt/airflow/dags/utils/__init__.py
[2025-11-18T00:59:07.164+0000] {processor.py:841} WARNING - No viable dags retrieved from /opt/airflow/dags/utils/__init__.py
[2025-11-18T00:59:07.175+0000] {processor.py:179} INFO - Processing /opt/airflow/dags/utils/__init__.py took 0.016 seconds
[2025-11-18T00:59:37.654+0000] {processor.py:157} INFO - Started process (PID=2575) to work on /opt/airflow/dags/utils/__init__.py
[2025-11-18T00:59:37.655+0000] {processor.py:829} INFO - Processing file /opt/airflow/dags/utils/__init__.py for tasks to queue
[2025-11-18T00:59:37.656+0000] {logging_mixin.py:154} INFO - [2025-11-18T00:59:37.655+0000] {dagbag.py:536} INFO - Filling up the DagBag from /opt/airflow/dags/utils/__init__.py
[2025-11-18T00:59:37.657+0000] {processor.py:841} WARNING - No viable dags retrieved from /opt/airflow/dags/utils/__init__.py
[2025-11-18T00:59:37.669+0000] {processor.py:179} INFO - Processing /opt/airflow/dags/utils/__init__.py took 0.017 seconds
[2025-11-18T01:00:07.753+0000] {processor.py:157} INFO - Started process (PID=2635) to work on /opt/airflow/dags/utils/__init__.py
[2025-11-18T01:00:07.764+0000] {processor.py:829} INFO - Processing file /opt/airflow/dags/utils/__init__.py for tasks to queue
[2025-11-18T01:00:07.765+0000] {logging_mixin.py:154} INFO - [2025-11-18T01:00:07.765+0000] {dagbag.py:536} INFO - Filling up the DagBag from /opt/airflow/dags/utils/__init__.py
[2025-11-18T01:00:07.766+0000] {processor.py:841} WARNING - No viable dags retrieved from /opt/airflow/dags/utils/__init__.py
[2025-11-18T01:00:07.776+0000] {processor.py:179} INFO - Processing /opt/airflow/dags/utils/__init__.py took 0.025 seconds
[2025-11-18T01:00:37.956+0000] {processor.py:157} INFO - Started process (PID=2700) to work on /opt/airflow/dags/utils/__init__.py
[2025-11-18T01:00:37.956+0000] {processor.py:829} INFO - Processing file /opt/airflow/dags/utils/__init__.py for tasks to queue
[2025-11-18T01:00:37.956+0000] {logging_mixin.py:154} INFO - [2025-11-18T01:00:37.956+0000] {dagbag.py:536} INFO - Filling up the DagBag from /opt/airflow/dags/utils/__init__.py
[2025-11-18T01:00:37.958+0000] {processor.py:841} WARNING - No viable dags retrieved from /opt/airflow/dags/utils/__init__.py
[2025-11-18T01:00:37.968+0000] {processor.py:179} INFO - Processing /opt/airflow/dags/utils/__init__.py took 0.015 seconds
[2025-11-18T01:01:08.220+0000] {processor.py:157} INFO - Started process (PID=2758) to work on /opt/airflow/dags/utils/__init__.py
[2025-11-18T01:01:08.221+0000] {processor.py:829} INFO - Processing file /opt/airflow/dags/utils/__init__.py for tasks to queue
[2025-11-18T01:01:08.222+0000] {logging_mixin.py:154} INFO - [2025-11-18T01:01:08.221+0000] {dagbag.py:536} INFO - Filling up the DagBag from /opt/airflow/dags/utils/__init__.py
[2025-11-18T01:01:08.223+0000] {processor.py:841} WARNING - No viable dags retrieved from /opt/airflow/dags/utils/__init__.py
[2025-11-18T01:01:08.233+0000] {processor.py:179} INFO - Processing /opt/airflow/dags/utils/__init__.py took 0.015 seconds
[2025-11-18T01:01:38.408+0000] {processor.py:157} INFO - Started process (PID=2823) to work on /opt/airflow/dags/utils/__init__.py
[2025-11-18T01:01:38.408+0000] {processor.py:829} INFO - Processing file /opt/airflow/dags/utils/__init__.py for tasks to queue
[2025-11-18T01:01:38.409+0000] {logging_mixin.py:154} INFO - [2025-11-18T01:01:38.409+0000] {dagbag.py:536} INFO - Filling up the DagBag from /opt/airflow/dags/utils/__init__.py
[2025-11-18T01:01:38.411+0000] {processor.py:841} WARNING - No viable dags retrieved from /opt/airflow/dags/utils/__init__.py
[2025-11-18T01:01:38.421+0000] {processor.py:179} INFO - Processing /opt/airflow/dags/utils/__init__.py took 0.016 seconds
[2025-11-18T01:02:08.567+0000] {processor.py:157} INFO - Started process (PID=2888) to work on /opt/airflow/dags/utils/__init__.py
[2025-11-18T01:02:08.567+0000] {processor.py:829} INFO - Processing file /opt/airflow/dags/utils/__init__.py for tasks to queue
[2025-11-18T01:02:08.567+0000] {logging_mixin.py:154} INFO - [2025-11-18T01:02:08.567+0000] {dagbag.py:536} INFO - Filling up the DagBag from /opt/airflow/dags/utils/__init__.py
[2025-11-18T01:02:08.569+0000] {processor.py:841} WARNING - No viable dags retrieved from /opt/airflow/dags/utils/__init__.py
[2025-11-18T01:02:08.579+0000] {processor.py:179} INFO - Processing /opt/airflow/dags/utils/__init__.py took 0.015 seconds
[2025-11-18T01:02:38.727+0000] {processor.py:157} INFO - Started process (PID=2953) to work on /opt/airflow/dags/utils/__init__.py
[2025-11-18T01:02:38.728+0000] {processor.py:829} INFO - Processing file /opt/airflow/dags/utils/__init__.py for tasks to queue
[2025-11-18T01:02:38.729+0000] {logging_mixin.py:154} INFO - [2025-11-18T01:02:38.729+0000] {dagbag.py:536} INFO - Filling up the DagBag from /opt/airflow/dags/utils/__init__.py
[2025-11-18T01:02:38.731+0000] {processor.py:841} WARNING - No viable dags retrieved from /opt/airflow/dags/utils/__init__.py
[2025-11-18T01:02:38.744+0000] {processor.py:179} INFO - Processing /opt/airflow/dags/utils/__init__.py took 0.019 seconds
[2025-11-18T01:03:08.924+0000] {processor.py:157} INFO - Started process (PID=3018) to work on /opt/airflow/dags/utils/__init__.py
[2025-11-18T01:03:08.925+0000] {processor.py:829} INFO - Processing file /opt/airflow/dags/utils/__init__.py for tasks to queue
[2025-11-18T01:03:08.925+0000] {logging_mixin.py:154} INFO - [2025-11-18T01:03:08.925+0000] {dagbag.py:536} INFO - Filling up the DagBag from /opt/airflow/dags/utils/__init__.py
[2025-11-18T01:03:08.927+0000] {processor.py:841} WARNING - No viable dags retrieved from /opt/airflow/dags/utils/__init__.py
[2025-11-18T01:03:08.937+0000] {processor.py:179} INFO - Processing /opt/airflow/dags/utils/__init__.py took 0.015 seconds
[2025-11-18T01:03:39.154+0000] {processor.py:157} INFO - Started process (PID=3076) to work on /opt/airflow/dags/utils/__init__.py
[2025-11-18T01:03:39.155+0000] {processor.py:829} INFO - Processing file /opt/airflow/dags/utils/__init__.py for tasks to queue
[2025-11-18T01:03:39.155+0000] {logging_mixin.py:154} INFO - [2025-11-18T01:03:39.155+0000] {dagbag.py:536} INFO - Filling up the DagBag from /opt/airflow/dags/utils/__init__.py
[2025-11-18T01:03:39.157+0000] {processor.py:841} WARNING - No viable dags retrieved from /opt/airflow/dags/utils/__init__.py
[2025-11-18T01:03:39.167+0000] {processor.py:179} INFO - Processing /opt/airflow/dags/utils/__init__.py took 0.016 seconds
[2025-11-18T01:04:09.303+0000] {processor.py:157} INFO - Started process (PID=3141) to work on /opt/airflow/dags/utils/__init__.py
[2025-11-18T01:04:09.303+0000] {processor.py:829} INFO - Processing file /opt/airflow/dags/utils/__init__.py for tasks to queue
[2025-11-18T01:04:09.304+0000] {logging_mixin.py:154} INFO - [2025-11-18T01:04:09.303+0000] {dagbag.py:536} INFO - Filling up the DagBag from /opt/airflow/dags/utils/__init__.py
[2025-11-18T01:04:09.305+0000] {processor.py:841} WARNING - No viable dags retrieved from /opt/airflow/dags/utils/__init__.py
[2025-11-18T01:04:09.316+0000] {processor.py:179} INFO - Processing /opt/airflow/dags/utils/__init__.py took 0.016 seconds
[2025-11-18T01:04:39.488+0000] {processor.py:157} INFO - Started process (PID=3206) to work on /opt/airflow/dags/utils/__init__.py
[2025-11-18T01:04:39.488+0000] {processor.py:829} INFO - Processing file /opt/airflow/dags/utils/__init__.py for tasks to queue
[2025-11-18T01:04:39.489+0000] {logging_mixin.py:154} INFO - [2025-11-18T01:04:39.489+0000] {dagbag.py:536} INFO - Filling up the DagBag from /opt/airflow/dags/utils/__init__.py
[2025-11-18T01:04:39.491+0000] {processor.py:841} WARNING - No viable dags retrieved from /opt/airflow/dags/utils/__init__.py
[2025-11-18T01:04:39.500+0000] {processor.py:179} INFO - Processing /opt/airflow/dags/utils/__init__.py took 0.015 seconds
[2025-11-18T01:05:09.674+0000] {processor.py:157} INFO - Started process (PID=3271) to work on /opt/airflow/dags/utils/__init__.py
[2025-11-18T01:05:09.675+0000] {processor.py:829} INFO - Processing file /opt/airflow/dags/utils/__init__.py for tasks to queue
[2025-11-18T01:05:09.675+0000] {logging_mixin.py:154} INFO - [2025-11-18T01:05:09.675+0000] {dagbag.py:536} INFO - Filling up the DagBag from /opt/airflow/dags/utils/__init__.py
[2025-11-18T01:05:09.677+0000] {processor.py:841} WARNING - No viable dags retrieved from /opt/airflow/dags/utils/__init__.py
[2025-11-18T01:05:09.686+0000] {processor.py:179} INFO - Processing /opt/airflow/dags/utils/__init__.py took 0.014 seconds
[2025-11-18T01:05:39.799+0000] {processor.py:157} INFO - Started process (PID=3329) to work on /opt/airflow/dags/utils/__init__.py
[2025-11-18T01:05:39.799+0000] {processor.py:829} INFO - Processing file /opt/airflow/dags/utils/__init__.py for tasks to queue
[2025-11-18T01:05:39.800+0000] {logging_mixin.py:154} INFO - [2025-11-18T01:05:39.800+0000] {dagbag.py:536} INFO - Filling up the DagBag from /opt/airflow/dags/utils/__init__.py
[2025-11-18T01:05:39.802+0000] {processor.py:841} WARNING - No viable dags retrieved from /opt/airflow/dags/utils/__init__.py
[2025-11-18T01:05:39.812+0000] {processor.py:179} INFO - Processing /opt/airflow/dags/utils/__init__.py took 0.016 seconds
[2025-11-18T01:06:09.975+0000] {processor.py:157} INFO - Started process (PID=3394) to work on /opt/airflow/dags/utils/__init__.py
[2025-11-18T01:06:09.975+0000] {processor.py:829} INFO - Processing file /opt/airflow/dags/utils/__init__.py for tasks to queue
[2025-11-18T01:06:09.975+0000] {logging_mixin.py:154} INFO - [2025-11-18T01:06:09.975+0000] {dagbag.py:536} INFO - Filling up the DagBag from /opt/airflow/dags/utils/__init__.py
[2025-11-18T01:06:09.977+0000] {processor.py:841} WARNING - No viable dags retrieved from /opt/airflow/dags/utils/__init__.py
[2025-11-18T01:06:09.986+0000] {processor.py:179} INFO - Processing /opt/airflow/dags/utils/__init__.py took 0.014 seconds
[2025-11-18T01:06:40.146+0000] {processor.py:157} INFO - Started process (PID=3460) to work on /opt/airflow/dags/utils/__init__.py
[2025-11-18T01:06:40.147+0000] {processor.py:829} INFO - Processing file /opt/airflow/dags/utils/__init__.py for tasks to queue
[2025-11-18T01:06:40.148+0000] {logging_mixin.py:154} INFO - [2025-11-18T01:06:40.148+0000] {dagbag.py:536} INFO - Filling up the DagBag from /opt/airflow/dags/utils/__init__.py
[2025-11-18T01:06:40.150+0000] {processor.py:841} WARNING - No viable dags retrieved from /opt/airflow/dags/utils/__init__.py
[2025-11-18T01:06:40.165+0000] {processor.py:179} INFO - Processing /opt/airflow/dags/utils/__init__.py took 0.022 seconds
[2025-11-18T01:07:10.622+0000] {processor.py:157} INFO - Started process (PID=3525) to work on /opt/airflow/dags/utils/__init__.py
[2025-11-18T01:07:10.623+0000] {processor.py:829} INFO - Processing file /opt/airflow/dags/utils/__init__.py for tasks to queue
[2025-11-18T01:07:10.623+0000] {logging_mixin.py:154} INFO - [2025-11-18T01:07:10.623+0000] {dagbag.py:536} INFO - Filling up the DagBag from /opt/airflow/dags/utils/__init__.py
[2025-11-18T01:07:10.625+0000] {processor.py:841} WARNING - No viable dags retrieved from /opt/airflow/dags/utils/__init__.py
[2025-11-18T01:07:10.635+0000] {processor.py:179} INFO - Processing /opt/airflow/dags/utils/__init__.py took 0.015 seconds
[2025-11-18T01:07:40.742+0000] {processor.py:157} INFO - Started process (PID=3589) to work on /opt/airflow/dags/utils/__init__.py
[2025-11-18T01:07:40.743+0000] {processor.py:829} INFO - Processing file /opt/airflow/dags/utils/__init__.py for tasks to queue
[2025-11-18T01:07:40.744+0000] {logging_mixin.py:154} INFO - [2025-11-18T01:07:40.743+0000] {dagbag.py:536} INFO - Filling up the DagBag from /opt/airflow/dags/utils/__init__.py
[2025-11-18T01:07:40.745+0000] {processor.py:841} WARNING - No viable dags retrieved from /opt/airflow/dags/utils/__init__.py
[2025-11-18T01:07:40.756+0000] {processor.py:179} INFO - Processing /opt/airflow/dags/utils/__init__.py took 0.016 seconds
[2025-11-18T01:08:10.923+0000] {processor.py:157} INFO - Started process (PID=3648) to work on /opt/airflow/dags/utils/__init__.py
[2025-11-18T01:08:10.923+0000] {processor.py:829} INFO - Processing file /opt/airflow/dags/utils/__init__.py for tasks to queue
[2025-11-18T01:08:10.924+0000] {logging_mixin.py:154} INFO - [2025-11-18T01:08:10.924+0000] {dagbag.py:536} INFO - Filling up the DagBag from /opt/airflow/dags/utils/__init__.py
[2025-11-18T01:08:10.925+0000] {processor.py:841} WARNING - No viable dags retrieved from /opt/airflow/dags/utils/__init__.py
[2025-11-18T01:08:10.937+0000] {processor.py:179} INFO - Processing /opt/airflow/dags/utils/__init__.py took 0.016 seconds
[2025-11-18T01:08:41.442+0000] {processor.py:157} INFO - Started process (PID=3701) to work on /opt/airflow/dags/utils/__init__.py
[2025-11-18T01:08:41.443+0000] {processor.py:829} INFO - Processing file /opt/airflow/dags/utils/__init__.py for tasks to queue
[2025-11-18T01:08:41.443+0000] {logging_mixin.py:154} INFO - [2025-11-18T01:08:41.443+0000] {dagbag.py:536} INFO - Filling up the DagBag from /opt/airflow/dags/utils/__init__.py
[2025-11-18T01:08:41.445+0000] {processor.py:841} WARNING - No viable dags retrieved from /opt/airflow/dags/utils/__init__.py
[2025-11-18T01:08:41.456+0000] {processor.py:179} INFO - Processing /opt/airflow/dags/utils/__init__.py took 0.017 seconds
[2025-11-18T01:09:11.606+0000] {processor.py:157} INFO - Started process (PID=3761) to work on /opt/airflow/dags/utils/__init__.py
[2025-11-18T01:09:11.606+0000] {processor.py:829} INFO - Processing file /opt/airflow/dags/utils/__init__.py for tasks to queue
[2025-11-18T01:09:11.607+0000] {logging_mixin.py:154} INFO - [2025-11-18T01:09:11.607+0000] {dagbag.py:536} INFO - Filling up the DagBag from /opt/airflow/dags/utils/__init__.py
[2025-11-18T01:09:11.609+0000] {processor.py:841} WARNING - No viable dags retrieved from /opt/airflow/dags/utils/__init__.py
[2025-11-18T01:09:11.619+0000] {processor.py:179} INFO - Processing /opt/airflow/dags/utils/__init__.py took 0.016 seconds
[2025-11-18T01:09:42.423+0000] {processor.py:157} INFO - Started process (PID=3826) to work on /opt/airflow/dags/utils/__init__.py
[2025-11-18T01:09:42.423+0000] {processor.py:829} INFO - Processing file /opt/airflow/dags/utils/__init__.py for tasks to queue
[2025-11-18T01:09:42.424+0000] {logging_mixin.py:154} INFO - [2025-11-18T01:09:42.424+0000] {dagbag.py:536} INFO - Filling up the DagBag from /opt/airflow/dags/utils/__init__.py
[2025-11-18T01:09:42.425+0000] {processor.py:841} WARNING - No viable dags retrieved from /opt/airflow/dags/utils/__init__.py
[2025-11-18T01:09:42.435+0000] {processor.py:179} INFO - Processing /opt/airflow/dags/utils/__init__.py took 0.015 seconds
[2025-11-18T01:10:13.004+0000] {processor.py:157} INFO - Started process (PID=3884) to work on /opt/airflow/dags/utils/__init__.py
[2025-11-18T01:10:13.005+0000] {processor.py:829} INFO - Processing file /opt/airflow/dags/utils/__init__.py for tasks to queue
[2025-11-18T01:10:13.005+0000] {logging_mixin.py:154} INFO - [2025-11-18T01:10:13.005+0000] {dagbag.py:536} INFO - Filling up the DagBag from /opt/airflow/dags/utils/__init__.py
[2025-11-18T01:10:13.007+0000] {processor.py:841} WARNING - No viable dags retrieved from /opt/airflow/dags/utils/__init__.py
[2025-11-18T01:10:13.016+0000] {processor.py:179} INFO - Processing /opt/airflow/dags/utils/__init__.py took 0.015 seconds
[2025-11-18T01:10:43.159+0000] {processor.py:157} INFO - Started process (PID=3949) to work on /opt/airflow/dags/utils/__init__.py
[2025-11-18T01:10:43.160+0000] {processor.py:829} INFO - Processing file /opt/airflow/dags/utils/__init__.py for tasks to queue
[2025-11-18T01:10:43.160+0000] {logging_mixin.py:154} INFO - [2025-11-18T01:10:43.160+0000] {dagbag.py:536} INFO - Filling up the DagBag from /opt/airflow/dags/utils/__init__.py
[2025-11-18T01:10:43.162+0000] {processor.py:841} WARNING - No viable dags retrieved from /opt/airflow/dags/utils/__init__.py
[2025-11-18T01:10:43.174+0000] {processor.py:179} INFO - Processing /opt/airflow/dags/utils/__init__.py took 0.019 seconds
[2025-11-18T01:11:13.309+0000] {processor.py:157} INFO - Started process (PID=4015) to work on /opt/airflow/dags/utils/__init__.py
[2025-11-18T01:11:13.310+0000] {processor.py:829} INFO - Processing file /opt/airflow/dags/utils/__init__.py for tasks to queue
[2025-11-18T01:11:13.310+0000] {logging_mixin.py:154} INFO - [2025-11-18T01:11:13.310+0000] {dagbag.py:536} INFO - Filling up the DagBag from /opt/airflow/dags/utils/__init__.py
[2025-11-18T01:11:13.312+0000] {processor.py:841} WARNING - No viable dags retrieved from /opt/airflow/dags/utils/__init__.py
[2025-11-18T01:11:13.324+0000] {processor.py:179} INFO - Processing /opt/airflow/dags/utils/__init__.py took 0.019 seconds
[2025-11-18T01:11:43.516+0000] {processor.py:157} INFO - Started process (PID=4080) to work on /opt/airflow/dags/utils/__init__.py
[2025-11-18T01:11:43.516+0000] {processor.py:829} INFO - Processing file /opt/airflow/dags/utils/__init__.py for tasks to queue
[2025-11-18T01:11:43.517+0000] {logging_mixin.py:154} INFO - [2025-11-18T01:11:43.516+0000] {dagbag.py:536} INFO - Filling up the DagBag from /opt/airflow/dags/utils/__init__.py
[2025-11-18T01:11:43.518+0000] {processor.py:841} WARNING - No viable dags retrieved from /opt/airflow/dags/utils/__init__.py
[2025-11-18T01:11:43.529+0000] {processor.py:179} INFO - Processing /opt/airflow/dags/utils/__init__.py took 0.016 seconds
[2025-11-18T01:12:14.283+0000] {processor.py:157} INFO - Started process (PID=4138) to work on /opt/airflow/dags/utils/__init__.py
[2025-11-18T01:12:14.284+0000] {processor.py:829} INFO - Processing file /opt/airflow/dags/utils/__init__.py for tasks to queue
[2025-11-18T01:12:14.285+0000] {logging_mixin.py:154} INFO - [2025-11-18T01:12:14.284+0000] {dagbag.py:536} INFO - Filling up the DagBag from /opt/airflow/dags/utils/__init__.py
[2025-11-18T01:12:14.286+0000] {processor.py:841} WARNING - No viable dags retrieved from /opt/airflow/dags/utils/__init__.py
[2025-11-18T01:12:14.296+0000] {processor.py:179} INFO - Processing /opt/airflow/dags/utils/__init__.py took 0.016 seconds
[2025-11-18T01:12:44.925+0000] {processor.py:157} INFO - Started process (PID=4203) to work on /opt/airflow/dags/utils/__init__.py
[2025-11-18T01:12:44.925+0000] {processor.py:829} INFO - Processing file /opt/airflow/dags/utils/__init__.py for tasks to queue
[2025-11-18T01:12:44.926+0000] {logging_mixin.py:154} INFO - [2025-11-18T01:12:44.926+0000] {dagbag.py:536} INFO - Filling up the DagBag from /opt/airflow/dags/utils/__init__.py
[2025-11-18T01:12:44.927+0000] {processor.py:841} WARNING - No viable dags retrieved from /opt/airflow/dags/utils/__init__.py
[2025-11-18T01:12:44.936+0000] {processor.py:179} INFO - Processing /opt/airflow/dags/utils/__init__.py took 0.014 seconds
[2025-11-18T01:13:15.257+0000] {processor.py:157} INFO - Started process (PID=4268) to work on /opt/airflow/dags/utils/__init__.py
[2025-11-18T01:13:15.257+0000] {processor.py:829} INFO - Processing file /opt/airflow/dags/utils/__init__.py for tasks to queue
[2025-11-18T01:13:15.258+0000] {logging_mixin.py:154} INFO - [2025-11-18T01:13:15.258+0000] {dagbag.py:536} INFO - Filling up the DagBag from /opt/airflow/dags/utils/__init__.py
[2025-11-18T01:13:15.259+0000] {processor.py:841} WARNING - No viable dags retrieved from /opt/airflow/dags/utils/__init__.py
[2025-11-18T01:13:15.270+0000] {processor.py:179} INFO - Processing /opt/airflow/dags/utils/__init__.py took 0.016 seconds
[2025-11-18T01:13:45.311+0000] {processor.py:157} INFO - Started process (PID=4333) to work on /opt/airflow/dags/utils/__init__.py
[2025-11-18T01:13:45.311+0000] {processor.py:829} INFO - Processing file /opt/airflow/dags/utils/__init__.py for tasks to queue
[2025-11-18T01:13:45.312+0000] {logging_mixin.py:154} INFO - [2025-11-18T01:13:45.312+0000] {dagbag.py:536} INFO - Filling up the DagBag from /opt/airflow/dags/utils/__init__.py
[2025-11-18T01:13:45.314+0000] {processor.py:841} WARNING - No viable dags retrieved from /opt/airflow/dags/utils/__init__.py
[2025-11-18T01:13:45.326+0000] {processor.py:179} INFO - Processing /opt/airflow/dags/utils/__init__.py took 0.018 seconds
[2025-11-18T01:14:15.843+0000] {processor.py:157} INFO - Started process (PID=4398) to work on /opt/airflow/dags/utils/__init__.py
[2025-11-18T01:14:15.843+0000] {processor.py:829} INFO - Processing file /opt/airflow/dags/utils/__init__.py for tasks to queue
[2025-11-18T01:14:15.844+0000] {logging_mixin.py:154} INFO - [2025-11-18T01:14:15.843+0000] {dagbag.py:536} INFO - Filling up the DagBag from /opt/airflow/dags/utils/__init__.py
[2025-11-18T01:14:15.845+0000] {processor.py:841} WARNING - No viable dags retrieved from /opt/airflow/dags/utils/__init__.py
[2025-11-18T01:14:15.857+0000] {processor.py:179} INFO - Processing /opt/airflow/dags/utils/__init__.py took 0.018 seconds
[2025-11-18T01:14:46.427+0000] {processor.py:157} INFO - Started process (PID=4456) to work on /opt/airflow/dags/utils/__init__.py
[2025-11-18T01:14:46.427+0000] {processor.py:829} INFO - Processing file /opt/airflow/dags/utils/__init__.py for tasks to queue
[2025-11-18T01:14:46.428+0000] {logging_mixin.py:154} INFO - [2025-11-18T01:14:46.428+0000] {dagbag.py:536} INFO - Filling up the DagBag from /opt/airflow/dags/utils/__init__.py
[2025-11-18T01:14:46.429+0000] {processor.py:841} WARNING - No viable dags retrieved from /opt/airflow/dags/utils/__init__.py
[2025-11-18T01:14:46.440+0000] {processor.py:179} INFO - Processing /opt/airflow/dags/utils/__init__.py took 0.016 seconds
[2025-11-18T01:15:17.249+0000] {processor.py:157} INFO - Started process (PID=4521) to work on /opt/airflow/dags/utils/__init__.py
[2025-11-18T01:15:17.249+0000] {processor.py:829} INFO - Processing file /opt/airflow/dags/utils/__init__.py for tasks to queue
[2025-11-18T01:15:17.250+0000] {logging_mixin.py:154} INFO - [2025-11-18T01:15:17.250+0000] {dagbag.py:536} INFO - Filling up the DagBag from /opt/airflow/dags/utils/__init__.py
[2025-11-18T01:15:17.251+0000] {processor.py:841} WARNING - No viable dags retrieved from /opt/airflow/dags/utils/__init__.py
[2025-11-18T01:15:17.262+0000] {processor.py:179} INFO - Processing /opt/airflow/dags/utils/__init__.py took 0.016 seconds
[2025-11-18T01:15:47.428+0000] {processor.py:157} INFO - Started process (PID=4586) to work on /opt/airflow/dags/utils/__init__.py
[2025-11-18T01:15:47.428+0000] {processor.py:829} INFO - Processing file /opt/airflow/dags/utils/__init__.py for tasks to queue
[2025-11-18T01:15:47.429+0000] {logging_mixin.py:154} INFO - [2025-11-18T01:15:47.429+0000] {dagbag.py:536} INFO - Filling up the DagBag from /opt/airflow/dags/utils/__init__.py
[2025-11-18T01:15:47.431+0000] {processor.py:841} WARNING - No viable dags retrieved from /opt/airflow/dags/utils/__init__.py
[2025-11-18T01:15:47.442+0000] {processor.py:179} INFO - Processing /opt/airflow/dags/utils/__init__.py took 0.017 seconds
[2025-11-18T01:16:17.598+0000] {processor.py:157} INFO - Started process (PID=4652) to work on /opt/airflow/dags/utils/__init__.py
[2025-11-18T01:16:17.598+0000] {processor.py:829} INFO - Processing file /opt/airflow/dags/utils/__init__.py for tasks to queue
[2025-11-18T01:16:17.599+0000] {logging_mixin.py:154} INFO - [2025-11-18T01:16:17.599+0000] {dagbag.py:536} INFO - Filling up the DagBag from /opt/airflow/dags/utils/__init__.py
[2025-11-18T01:16:17.601+0000] {processor.py:841} WARNING - No viable dags retrieved from /opt/airflow/dags/utils/__init__.py
[2025-11-18T01:16:17.612+0000] {processor.py:179} INFO - Processing /opt/airflow/dags/utils/__init__.py took 0.018 seconds
[2025-11-18T01:16:47.645+0000] {processor.py:157} INFO - Started process (PID=4710) to work on /opt/airflow/dags/utils/__init__.py
[2025-11-18T01:16:47.645+0000] {processor.py:829} INFO - Processing file /opt/airflow/dags/utils/__init__.py for tasks to queue
[2025-11-18T01:16:47.646+0000] {logging_mixin.py:154} INFO - [2025-11-18T01:16:47.646+0000] {dagbag.py:536} INFO - Filling up the DagBag from /opt/airflow/dags/utils/__init__.py
[2025-11-18T01:16:47.648+0000] {processor.py:841} WARNING - No viable dags retrieved from /opt/airflow/dags/utils/__init__.py
[2025-11-18T01:16:47.658+0000] {processor.py:179} INFO - Processing /opt/airflow/dags/utils/__init__.py took 0.015 seconds
[2025-11-18T01:17:18.455+0000] {processor.py:157} INFO - Started process (PID=4775) to work on /opt/airflow/dags/utils/__init__.py
[2025-11-18T01:17:18.456+0000] {processor.py:829} INFO - Processing file /opt/airflow/dags/utils/__init__.py for tasks to queue
[2025-11-18T01:17:18.456+0000] {logging_mixin.py:154} INFO - [2025-11-18T01:17:18.456+0000] {dagbag.py:536} INFO - Filling up the DagBag from /opt/airflow/dags/utils/__init__.py
[2025-11-18T01:17:18.458+0000] {processor.py:841} WARNING - No viable dags retrieved from /opt/airflow/dags/utils/__init__.py
[2025-11-18T01:17:18.470+0000] {processor.py:179} INFO - Processing /opt/airflow/dags/utils/__init__.py took 0.018 seconds
[2025-11-18T01:17:48.549+0000] {processor.py:157} INFO - Started process (PID=4840) to work on /opt/airflow/dags/utils/__init__.py
[2025-11-18T01:17:48.550+0000] {processor.py:829} INFO - Processing file /opt/airflow/dags/utils/__init__.py for tasks to queue
[2025-11-18T01:17:48.550+0000] {logging_mixin.py:154} INFO - [2025-11-18T01:17:48.550+0000] {dagbag.py:536} INFO - Filling up the DagBag from /opt/airflow/dags/utils/__init__.py
[2025-11-18T01:17:48.552+0000] {processor.py:841} WARNING - No viable dags retrieved from /opt/airflow/dags/utils/__init__.py
[2025-11-18T01:17:48.566+0000] {processor.py:179} INFO - Processing /opt/airflow/dags/utils/__init__.py took 0.019 seconds
[2025-11-18T01:18:19.194+0000] {processor.py:157} INFO - Started process (PID=4898) to work on /opt/airflow/dags/utils/__init__.py
[2025-11-18T01:18:19.195+0000] {processor.py:829} INFO - Processing file /opt/airflow/dags/utils/__init__.py for tasks to queue
[2025-11-18T01:18:19.195+0000] {logging_mixin.py:154} INFO - [2025-11-18T01:18:19.195+0000] {dagbag.py:536} INFO - Filling up the DagBag from /opt/airflow/dags/utils/__init__.py
[2025-11-18T01:18:19.197+0000] {processor.py:841} WARNING - No viable dags retrieved from /opt/airflow/dags/utils/__init__.py
[2025-11-18T01:18:19.217+0000] {processor.py:179} INFO - Processing /opt/airflow/dags/utils/__init__.py took 0.029 seconds
[2025-11-18T01:18:49.552+0000] {processor.py:157} INFO - Started process (PID=4946) to work on /opt/airflow/dags/utils/__init__.py
[2025-11-18T01:18:49.554+0000] {processor.py:829} INFO - Processing file /opt/airflow/dags/utils/__init__.py for tasks to queue
[2025-11-18T01:18:49.555+0000] {logging_mixin.py:154} INFO - [2025-11-18T01:18:49.554+0000] {dagbag.py:536} INFO - Filling up the DagBag from /opt/airflow/dags/utils/__init__.py
[2025-11-18T01:18:49.563+0000] {processor.py:841} WARNING - No viable dags retrieved from /opt/airflow/dags/utils/__init__.py
[2025-11-18T01:18:49.580+0000] {processor.py:179} INFO - Processing /opt/airflow/dags/utils/__init__.py took 0.042 seconds
[2025-11-18T01:19:19.756+0000] {processor.py:157} INFO - Started process (PID=5012) to work on /opt/airflow/dags/utils/__init__.py
[2025-11-18T01:19:19.757+0000] {processor.py:829} INFO - Processing file /opt/airflow/dags/utils/__init__.py for tasks to queue
[2025-11-18T01:19:19.757+0000] {logging_mixin.py:154} INFO - [2025-11-18T01:19:19.757+0000] {dagbag.py:536} INFO - Filling up the DagBag from /opt/airflow/dags/utils/__init__.py
[2025-11-18T01:19:19.759+0000] {processor.py:841} WARNING - No viable dags retrieved from /opt/airflow/dags/utils/__init__.py
[2025-11-18T01:19:19.771+0000] {processor.py:179} INFO - Processing /opt/airflow/dags/utils/__init__.py took 0.019 seconds
[2025-11-18T01:19:50.086+0000] {processor.py:157} INFO - Started process (PID=5069) to work on /opt/airflow/dags/utils/__init__.py
[2025-11-18T01:19:50.087+0000] {processor.py:829} INFO - Processing file /opt/airflow/dags/utils/__init__.py for tasks to queue
[2025-11-18T01:19:50.087+0000] {logging_mixin.py:154} INFO - [2025-11-18T01:19:50.087+0000] {dagbag.py:536} INFO - Filling up the DagBag from /opt/airflow/dags/utils/__init__.py
[2025-11-18T01:19:50.089+0000] {processor.py:841} WARNING - No viable dags retrieved from /opt/airflow/dags/utils/__init__.py
[2025-11-18T01:19:50.098+0000] {processor.py:179} INFO - Processing /opt/airflow/dags/utils/__init__.py took 0.014 seconds
[2025-11-18T01:20:20.618+0000] {processor.py:157} INFO - Started process (PID=5135) to work on /opt/airflow/dags/utils/__init__.py
[2025-11-18T01:20:20.618+0000] {processor.py:829} INFO - Processing file /opt/airflow/dags/utils/__init__.py for tasks to queue
[2025-11-18T01:20:20.619+0000] {logging_mixin.py:154} INFO - [2025-11-18T01:20:20.619+0000] {dagbag.py:536} INFO - Filling up the DagBag from /opt/airflow/dags/utils/__init__.py
[2025-11-18T01:20:20.622+0000] {processor.py:841} WARNING - No viable dags retrieved from /opt/airflow/dags/utils/__init__.py
[2025-11-18T01:20:20.635+0000] {processor.py:179} INFO - Processing /opt/airflow/dags/utils/__init__.py took 0.021 seconds
[2025-11-18T01:20:50.850+0000] {processor.py:157} INFO - Started process (PID=5200) to work on /opt/airflow/dags/utils/__init__.py
[2025-11-18T01:20:50.851+0000] {processor.py:829} INFO - Processing file /opt/airflow/dags/utils/__init__.py for tasks to queue
[2025-11-18T01:20:50.852+0000] {logging_mixin.py:154} INFO - [2025-11-18T01:20:50.852+0000] {dagbag.py:536} INFO - Filling up the DagBag from /opt/airflow/dags/utils/__init__.py
[2025-11-18T01:20:50.854+0000] {processor.py:841} WARNING - No viable dags retrieved from /opt/airflow/dags/utils/__init__.py
[2025-11-18T01:20:50.870+0000] {processor.py:179} INFO - Processing /opt/airflow/dags/utils/__init__.py took 0.023 seconds
[2025-11-18T01:21:21.019+0000] {processor.py:157} INFO - Started process (PID=5258) to work on /opt/airflow/dags/utils/__init__.py
[2025-11-18T01:21:21.020+0000] {processor.py:829} INFO - Processing file /opt/airflow/dags/utils/__init__.py for tasks to queue
[2025-11-18T01:21:21.020+0000] {logging_mixin.py:154} INFO - [2025-11-18T01:21:21.020+0000] {dagbag.py:536} INFO - Filling up the DagBag from /opt/airflow/dags/utils/__init__.py
[2025-11-18T01:21:21.022+0000] {processor.py:841} WARNING - No viable dags retrieved from /opt/airflow/dags/utils/__init__.py
[2025-11-18T01:21:21.034+0000] {processor.py:179} INFO - Processing /opt/airflow/dags/utils/__init__.py took 0.018 seconds
[2025-11-18T01:21:51.835+0000] {processor.py:157} INFO - Started process (PID=5323) to work on /opt/airflow/dags/utils/__init__.py
[2025-11-18T01:21:51.836+0000] {processor.py:829} INFO - Processing file /opt/airflow/dags/utils/__init__.py for tasks to queue
[2025-11-18T01:21:51.837+0000] {logging_mixin.py:154} INFO - [2025-11-18T01:21:51.837+0000] {dagbag.py:536} INFO - Filling up the DagBag from /opt/airflow/dags/utils/__init__.py
[2025-11-18T01:21:51.839+0000] {processor.py:841} WARNING - No viable dags retrieved from /opt/airflow/dags/utils/__init__.py
[2025-11-18T01:21:51.857+0000] {processor.py:179} INFO - Processing /opt/airflow/dags/utils/__init__.py took 0.026 seconds
[2025-11-18T01:22:22.188+0000] {processor.py:157} INFO - Started process (PID=5388) to work on /opt/airflow/dags/utils/__init__.py
[2025-11-18T01:22:22.189+0000] {processor.py:829} INFO - Processing file /opt/airflow/dags/utils/__init__.py for tasks to queue
[2025-11-18T01:22:22.190+0000] {logging_mixin.py:154} INFO - [2025-11-18T01:22:22.189+0000] {dagbag.py:536} INFO - Filling up the DagBag from /opt/airflow/dags/utils/__init__.py
[2025-11-18T01:22:22.192+0000] {processor.py:841} WARNING - No viable dags retrieved from /opt/airflow/dags/utils/__init__.py
[2025-11-18T01:22:22.206+0000] {processor.py:179} INFO - Processing /opt/airflow/dags/utils/__init__.py took 0.022 seconds
[2025-11-18T01:22:52.791+0000] {processor.py:157} INFO - Started process (PID=5446) to work on /opt/airflow/dags/utils/__init__.py
[2025-11-18T01:22:52.791+0000] {processor.py:829} INFO - Processing file /opt/airflow/dags/utils/__init__.py for tasks to queue
[2025-11-18T01:22:52.792+0000] {logging_mixin.py:154} INFO - [2025-11-18T01:22:52.792+0000] {dagbag.py:536} INFO - Filling up the DagBag from /opt/airflow/dags/utils/__init__.py
[2025-11-18T01:22:52.793+0000] {processor.py:841} WARNING - No viable dags retrieved from /opt/airflow/dags/utils/__init__.py
[2025-11-18T01:22:52.805+0000] {processor.py:179} INFO - Processing /opt/airflow/dags/utils/__init__.py took 0.017 seconds
[2025-11-18T01:23:23.007+0000] {processor.py:157} INFO - Started process (PID=5511) to work on /opt/airflow/dags/utils/__init__.py
[2025-11-18T01:23:23.008+0000] {processor.py:829} INFO - Processing file /opt/airflow/dags/utils/__init__.py for tasks to queue
[2025-11-18T01:23:23.009+0000] {logging_mixin.py:154} INFO - [2025-11-18T01:23:23.008+0000] {dagbag.py:536} INFO - Filling up the DagBag from /opt/airflow/dags/utils/__init__.py
[2025-11-18T01:23:22.408+0000] {processor.py:841} WARNING - No viable dags retrieved from /opt/airflow/dags/utils/__init__.py
[2025-11-18T01:23:22.420+0000] {processor.py:179} INFO - Processing /opt/airflow/dags/utils/__init__.py took 0.018 seconds
[2025-11-18T01:23:52.910+0000] {processor.py:157} INFO - Started process (PID=5576) to work on /opt/airflow/dags/utils/__init__.py
[2025-11-18T01:23:52.911+0000] {processor.py:829} INFO - Processing file /opt/airflow/dags/utils/__init__.py for tasks to queue
[2025-11-18T01:23:52.911+0000] {logging_mixin.py:154} INFO - [2025-11-18T01:23:52.911+0000] {dagbag.py:536} INFO - Filling up the DagBag from /opt/airflow/dags/utils/__init__.py
[2025-11-18T01:23:52.913+0000] {processor.py:841} WARNING - No viable dags retrieved from /opt/airflow/dags/utils/__init__.py
[2025-11-18T01:23:52.924+0000] {processor.py:179} INFO - Processing /opt/airflow/dags/utils/__init__.py took 0.017 seconds
[2025-11-18T01:24:23.166+0000] {processor.py:157} INFO - Started process (PID=5641) to work on /opt/airflow/dags/utils/__init__.py
[2025-11-18T01:24:23.167+0000] {processor.py:829} INFO - Processing file /opt/airflow/dags/utils/__init__.py for tasks to queue
[2025-11-18T01:24:23.168+0000] {logging_mixin.py:154} INFO - [2025-11-18T01:24:23.167+0000] {dagbag.py:536} INFO - Filling up the DagBag from /opt/airflow/dags/utils/__init__.py
[2025-11-18T01:24:23.176+0000] {processor.py:841} WARNING - No viable dags retrieved from /opt/airflow/dags/utils/__init__.py
[2025-11-18T01:24:23.201+0000] {processor.py:179} INFO - Processing /opt/airflow/dags/utils/__init__.py took 0.037 seconds
[2025-11-18T01:24:53.284+0000] {processor.py:157} INFO - Started process (PID=5699) to work on /opt/airflow/dags/utils/__init__.py
[2025-11-18T01:24:53.285+0000] {processor.py:829} INFO - Processing file /opt/airflow/dags/utils/__init__.py for tasks to queue
[2025-11-18T01:24:53.285+0000] {logging_mixin.py:154} INFO - [2025-11-18T01:24:53.285+0000] {dagbag.py:536} INFO - Filling up the DagBag from /opt/airflow/dags/utils/__init__.py
[2025-11-18T01:24:53.287+0000] {processor.py:841} WARNING - No viable dags retrieved from /opt/airflow/dags/utils/__init__.py
[2025-11-18T01:24:53.298+0000] {processor.py:179} INFO - Processing /opt/airflow/dags/utils/__init__.py took 0.016 seconds
[2025-11-18T01:25:24.165+0000] {processor.py:157} INFO - Started process (PID=5764) to work on /opt/airflow/dags/utils/__init__.py
[2025-11-18T01:25:24.165+0000] {processor.py:829} INFO - Processing file /opt/airflow/dags/utils/__init__.py for tasks to queue
[2025-11-18T01:25:24.166+0000] {logging_mixin.py:154} INFO - [2025-11-18T01:25:24.166+0000] {dagbag.py:536} INFO - Filling up the DagBag from /opt/airflow/dags/utils/__init__.py
[2025-11-18T01:25:24.168+0000] {processor.py:841} WARNING - No viable dags retrieved from /opt/airflow/dags/utils/__init__.py
[2025-11-18T01:25:24.180+0000] {processor.py:179} INFO - Processing /opt/airflow/dags/utils/__init__.py took 0.018 seconds
[2025-11-18T01:25:54.974+0000] {processor.py:157} INFO - Started process (PID=5829) to work on /opt/airflow/dags/utils/__init__.py
[2025-11-18T01:25:54.975+0000] {processor.py:829} INFO - Processing file /opt/airflow/dags/utils/__init__.py for tasks to queue
[2025-11-18T01:25:54.975+0000] {logging_mixin.py:154} INFO - [2025-11-18T01:25:54.975+0000] {dagbag.py:536} INFO - Filling up the DagBag from /opt/airflow/dags/utils/__init__.py
[2025-11-18T01:25:54.977+0000] {processor.py:841} WARNING - No viable dags retrieved from /opt/airflow/dags/utils/__init__.py
[2025-11-18T01:25:54.985+0000] {processor.py:179} INFO - Processing /opt/airflow/dags/utils/__init__.py took 0.013 seconds
[2025-11-18T01:26:25.264+0000] {processor.py:157} INFO - Started process (PID=5894) to work on /opt/airflow/dags/utils/__init__.py
[2025-11-18T01:26:25.265+0000] {processor.py:829} INFO - Processing file /opt/airflow/dags/utils/__init__.py for tasks to queue
[2025-11-18T01:26:25.265+0000] {logging_mixin.py:154} INFO - [2025-11-18T01:26:25.265+0000] {dagbag.py:536} INFO - Filling up the DagBag from /opt/airflow/dags/utils/__init__.py
[2025-11-18T01:26:25.267+0000] {processor.py:841} WARNING - No viable dags retrieved from /opt/airflow/dags/utils/__init__.py
[2025-11-18T01:26:25.277+0000] {processor.py:179} INFO - Processing /opt/airflow/dags/utils/__init__.py took 0.016 seconds
[2025-11-18T01:26:55.859+0000] {processor.py:157} INFO - Started process (PID=5952) to work on /opt/airflow/dags/utils/__init__.py
[2025-11-18T01:26:55.859+0000] {processor.py:829} INFO - Processing file /opt/airflow/dags/utils/__init__.py for tasks to queue
[2025-11-18T01:26:55.860+0000] {logging_mixin.py:154} INFO - [2025-11-18T01:26:55.859+0000] {dagbag.py:536} INFO - Filling up the DagBag from /opt/airflow/dags/utils/__init__.py
[2025-11-18T01:26:55.861+0000] {processor.py:841} WARNING - No viable dags retrieved from /opt/airflow/dags/utils/__init__.py
[2025-11-18T01:26:55.872+0000] {processor.py:179} INFO - Processing /opt/airflow/dags/utils/__init__.py took 0.017 seconds
[2025-11-18T01:27:26.103+0000] {processor.py:157} INFO - Started process (PID=5999) to work on /opt/airflow/dags/utils/__init__.py
[2025-11-18T01:27:26.104+0000] {processor.py:829} INFO - Processing file /opt/airflow/dags/utils/__init__.py for tasks to queue
[2025-11-18T01:27:26.105+0000] {logging_mixin.py:154} INFO - [2025-11-18T01:27:26.104+0000] {dagbag.py:536} INFO - Filling up the DagBag from /opt/airflow/dags/utils/__init__.py
[2025-11-18T01:27:26.106+0000] {processor.py:841} WARNING - No viable dags retrieved from /opt/airflow/dags/utils/__init__.py
[2025-11-18T01:27:26.117+0000] {processor.py:179} INFO - Processing /opt/airflow/dags/utils/__init__.py took 0.017 seconds
[2025-11-18T01:27:56.227+0000] {processor.py:157} INFO - Started process (PID=6058) to work on /opt/airflow/dags/utils/__init__.py
[2025-11-18T01:27:56.227+0000] {processor.py:829} INFO - Processing file /opt/airflow/dags/utils/__init__.py for tasks to queue
[2025-11-18T01:27:56.228+0000] {logging_mixin.py:154} INFO - [2025-11-18T01:27:56.228+0000] {dagbag.py:536} INFO - Filling up the DagBag from /opt/airflow/dags/utils/__init__.py
[2025-11-18T01:27:56.230+0000] {processor.py:841} WARNING - No viable dags retrieved from /opt/airflow/dags/utils/__init__.py
[2025-11-18T01:27:56.241+0000] {processor.py:179} INFO - Processing /opt/airflow/dags/utils/__init__.py took 0.017 seconds
[2025-11-18T01:28:26.640+0000] {processor.py:157} INFO - Started process (PID=6123) to work on /opt/airflow/dags/utils/__init__.py
[2025-11-18T01:28:26.640+0000] {processor.py:829} INFO - Processing file /opt/airflow/dags/utils/__init__.py for tasks to queue
[2025-11-18T01:28:26.641+0000] {logging_mixin.py:154} INFO - [2025-11-18T01:28:26.641+0000] {dagbag.py:536} INFO - Filling up the DagBag from /opt/airflow/dags/utils/__init__.py
[2025-11-18T01:28:26.643+0000] {processor.py:841} WARNING - No viable dags retrieved from /opt/airflow/dags/utils/__init__.py
[2025-11-18T01:28:26.653+0000] {processor.py:179} INFO - Processing /opt/airflow/dags/utils/__init__.py took 0.017 seconds
[2025-11-18T01:28:57.046+0000] {processor.py:157} INFO - Started process (PID=6188) to work on /opt/airflow/dags/utils/__init__.py
[2025-11-18T01:28:57.046+0000] {processor.py:829} INFO - Processing file /opt/airflow/dags/utils/__init__.py for tasks to queue
[2025-11-18T01:28:57.047+0000] {logging_mixin.py:154} INFO - [2025-11-18T01:28:57.047+0000] {dagbag.py:536} INFO - Filling up the DagBag from /opt/airflow/dags/utils/__init__.py
[2025-11-18T01:28:57.048+0000] {processor.py:841} WARNING - No viable dags retrieved from /opt/airflow/dags/utils/__init__.py
[2025-11-18T01:28:57.059+0000] {processor.py:179} INFO - Processing /opt/airflow/dags/utils/__init__.py took 0.016 seconds
[2025-11-18T01:29:27.519+0000] {processor.py:157} INFO - Started process (PID=6246) to work on /opt/airflow/dags/utils/__init__.py
[2025-11-18T01:29:27.520+0000] {processor.py:829} INFO - Processing file /opt/airflow/dags/utils/__init__.py for tasks to queue
[2025-11-18T01:29:27.520+0000] {logging_mixin.py:154} INFO - [2025-11-18T01:29:27.520+0000] {dagbag.py:536} INFO - Filling up the DagBag from /opt/airflow/dags/utils/__init__.py
[2025-11-18T01:29:27.522+0000] {processor.py:841} WARNING - No viable dags retrieved from /opt/airflow/dags/utils/__init__.py
[2025-11-18T01:29:27.533+0000] {processor.py:179} INFO - Processing /opt/airflow/dags/utils/__init__.py took 0.017 seconds
[2025-11-18T01:29:58.042+0000] {processor.py:157} INFO - Started process (PID=6311) to work on /opt/airflow/dags/utils/__init__.py
[2025-11-18T01:29:58.042+0000] {processor.py:829} INFO - Processing file /opt/airflow/dags/utils/__init__.py for tasks to queue
[2025-11-18T01:29:58.043+0000] {logging_mixin.py:154} INFO - [2025-11-18T01:29:58.043+0000] {dagbag.py:536} INFO - Filling up the DagBag from /opt/airflow/dags/utils/__init__.py
[2025-11-18T01:29:58.045+0000] {processor.py:841} WARNING - No viable dags retrieved from /opt/airflow/dags/utils/__init__.py
[2025-11-18T01:29:58.056+0000] {processor.py:179} INFO - Processing /opt/airflow/dags/utils/__init__.py took 0.017 seconds
[2025-11-18T01:30:28.439+0000] {processor.py:157} INFO - Started process (PID=6377) to work on /opt/airflow/dags/utils/__init__.py
[2025-11-18T01:30:28.440+0000] {processor.py:829} INFO - Processing file /opt/airflow/dags/utils/__init__.py for tasks to queue
[2025-11-18T01:30:28.440+0000] {logging_mixin.py:154} INFO - [2025-11-18T01:30:28.440+0000] {dagbag.py:536} INFO - Filling up the DagBag from /opt/airflow/dags/utils/__init__.py
[2025-11-18T01:30:28.442+0000] {processor.py:841} WARNING - No viable dags retrieved from /opt/airflow/dags/utils/__init__.py
[2025-11-18T01:30:28.452+0000] {processor.py:179} INFO - Processing /opt/airflow/dags/utils/__init__.py took 0.016 seconds
[2025-11-18T01:30:58.819+0000] {processor.py:157} INFO - Started process (PID=6442) to work on /opt/airflow/dags/utils/__init__.py
[2025-11-18T01:30:58.819+0000] {processor.py:829} INFO - Processing file /opt/airflow/dags/utils/__init__.py for tasks to queue
[2025-11-18T01:30:58.820+0000] {logging_mixin.py:154} INFO - [2025-11-18T01:30:58.819+0000] {dagbag.py:536} INFO - Filling up the DagBag from /opt/airflow/dags/utils/__init__.py
[2025-11-18T01:30:58.821+0000] {processor.py:841} WARNING - No viable dags retrieved from /opt/airflow/dags/utils/__init__.py
[2025-11-18T01:30:58.832+0000] {processor.py:179} INFO - Processing /opt/airflow/dags/utils/__init__.py took 0.015 seconds
[2025-11-18T01:31:29.182+0000] {processor.py:157} INFO - Started process (PID=6506) to work on /opt/airflow/dags/utils/__init__.py
[2025-11-18T01:31:29.183+0000] {processor.py:829} INFO - Processing file /opt/airflow/dags/utils/__init__.py for tasks to queue
[2025-11-18T01:31:29.183+0000] {logging_mixin.py:154} INFO - [2025-11-18T01:31:29.183+0000] {dagbag.py:536} INFO - Filling up the DagBag from /opt/airflow/dags/utils/__init__.py
[2025-11-18T01:31:29.185+0000] {processor.py:841} WARNING - No viable dags retrieved from /opt/airflow/dags/utils/__init__.py
[2025-11-18T01:31:29.196+0000] {processor.py:179} INFO - Processing /opt/airflow/dags/utils/__init__.py took 0.017 seconds
[2025-11-18T01:31:59.262+0000] {processor.py:157} INFO - Started process (PID=6604) to work on /opt/airflow/dags/utils/__init__.py
[2025-11-18T01:31:59.262+0000] {processor.py:829} INFO - Processing file /opt/airflow/dags/utils/__init__.py for tasks to queue
[2025-11-18T01:31:59.263+0000] {logging_mixin.py:154} INFO - [2025-11-18T01:31:59.263+0000] {dagbag.py:536} INFO - Filling up the DagBag from /opt/airflow/dags/utils/__init__.py
[2025-11-18T01:31:59.264+0000] {processor.py:841} WARNING - No viable dags retrieved from /opt/airflow/dags/utils/__init__.py
[2025-11-18T01:31:59.276+0000] {processor.py:179} INFO - Processing /opt/airflow/dags/utils/__init__.py took 0.017 seconds
[2025-11-18T01:32:30.172+0000] {processor.py:157} INFO - Started process (PID=6856) to work on /opt/airflow/dags/utils/__init__.py
[2025-11-18T01:32:30.176+0000] {processor.py:829} INFO - Processing file /opt/airflow/dags/utils/__init__.py for tasks to queue
[2025-11-18T01:32:30.177+0000] {logging_mixin.py:154} INFO - [2025-11-18T01:32:30.176+0000] {dagbag.py:536} INFO - Filling up the DagBag from /opt/airflow/dags/utils/__init__.py
[2025-11-18T01:32:30.179+0000] {processor.py:841} WARNING - No viable dags retrieved from /opt/airflow/dags/utils/__init__.py
[2025-11-18T01:32:30.197+0000] {processor.py:179} INFO - Processing /opt/airflow/dags/utils/__init__.py took 0.028 seconds
[2025-11-18T01:33:00.534+0000] {processor.py:157} INFO - Started process (PID=7036) to work on /opt/airflow/dags/utils/__init__.py
[2025-11-18T01:33:00.534+0000] {processor.py:829} INFO - Processing file /opt/airflow/dags/utils/__init__.py for tasks to queue
[2025-11-18T01:33:00.534+0000] {logging_mixin.py:154} INFO - [2025-11-18T01:33:00.534+0000] {dagbag.py:536} INFO - Filling up the DagBag from /opt/airflow/dags/utils/__init__.py
[2025-11-18T01:33:00.536+0000] {processor.py:841} WARNING - No viable dags retrieved from /opt/airflow/dags/utils/__init__.py
[2025-11-18T01:33:00.547+0000] {processor.py:179} INFO - Processing /opt/airflow/dags/utils/__init__.py took 0.016 seconds
[2025-11-18T01:33:31.421+0000] {processor.py:157} INFO - Started process (PID=7109) to work on /opt/airflow/dags/utils/__init__.py
[2025-11-18T01:33:31.422+0000] {processor.py:829} INFO - Processing file /opt/airflow/dags/utils/__init__.py for tasks to queue
[2025-11-18T01:33:31.423+0000] {logging_mixin.py:154} INFO - [2025-11-18T01:33:31.423+0000] {dagbag.py:536} INFO - Filling up the DagBag from /opt/airflow/dags/utils/__init__.py
[2025-11-18T01:33:31.425+0000] {processor.py:841} WARNING - No viable dags retrieved from /opt/airflow/dags/utils/__init__.py
[2025-11-18T01:33:31.436+0000] {processor.py:179} INFO - Processing /opt/airflow/dags/utils/__init__.py took 0.017 seconds
[2025-11-18T01:34:01.554+0000] {processor.py:157} INFO - Started process (PID=7170) to work on /opt/airflow/dags/utils/__init__.py
[2025-11-18T01:34:01.554+0000] {processor.py:829} INFO - Processing file /opt/airflow/dags/utils/__init__.py for tasks to queue
[2025-11-18T01:34:01.555+0000] {logging_mixin.py:154} INFO - [2025-11-18T01:34:01.555+0000] {dagbag.py:536} INFO - Filling up the DagBag from /opt/airflow/dags/utils/__init__.py
[2025-11-18T01:34:01.557+0000] {processor.py:841} WARNING - No viable dags retrieved from /opt/airflow/dags/utils/__init__.py
[2025-11-18T01:34:01.571+0000] {processor.py:179} INFO - Processing /opt/airflow/dags/utils/__init__.py took 0.021 seconds
[2025-11-18T01:34:32.016+0000] {processor.py:157} INFO - Started process (PID=7235) to work on /opt/airflow/dags/utils/__init__.py
[2025-11-18T01:34:32.017+0000] {processor.py:829} INFO - Processing file /opt/airflow/dags/utils/__init__.py for tasks to queue
[2025-11-18T01:34:32.018+0000] {logging_mixin.py:154} INFO - [2025-11-18T01:34:32.017+0000] {dagbag.py:536} INFO - Filling up the DagBag from /opt/airflow/dags/utils/__init__.py
[2025-11-18T01:34:32.019+0000] {processor.py:841} WARNING - No viable dags retrieved from /opt/airflow/dags/utils/__init__.py
[2025-11-18T01:34:32.032+0000] {processor.py:179} INFO - Processing /opt/airflow/dags/utils/__init__.py took 0.020 seconds
[2025-11-18T01:35:02.425+0000] {processor.py:157} INFO - Started process (PID=7301) to work on /opt/airflow/dags/utils/__init__.py
[2025-11-18T01:35:02.425+0000] {processor.py:829} INFO - Processing file /opt/airflow/dags/utils/__init__.py for tasks to queue
[2025-11-18T01:35:02.426+0000] {logging_mixin.py:154} INFO - [2025-11-18T01:35:02.426+0000] {dagbag.py:536} INFO - Filling up the DagBag from /opt/airflow/dags/utils/__init__.py
[2025-11-18T01:35:02.427+0000] {processor.py:841} WARNING - No viable dags retrieved from /opt/airflow/dags/utils/__init__.py
[2025-11-18T01:35:02.439+0000] {processor.py:179} INFO - Processing /opt/airflow/dags/utils/__init__.py took 0.016 seconds
[2025-11-18T01:35:32.833+0000] {processor.py:157} INFO - Started process (PID=7366) to work on /opt/airflow/dags/utils/__init__.py
[2025-11-18T01:35:32.833+0000] {processor.py:829} INFO - Processing file /opt/airflow/dags/utils/__init__.py for tasks to queue
[2025-11-18T01:35:32.834+0000] {logging_mixin.py:154} INFO - [2025-11-18T01:35:32.834+0000] {dagbag.py:536} INFO - Filling up the DagBag from /opt/airflow/dags/utils/__init__.py
[2025-11-18T01:35:32.836+0000] {processor.py:841} WARNING - No viable dags retrieved from /opt/airflow/dags/utils/__init__.py
[2025-11-18T01:35:32.846+0000] {processor.py:179} INFO - Processing /opt/airflow/dags/utils/__init__.py took 0.017 seconds
[2025-11-18T01:36:03.271+0000] {processor.py:157} INFO - Started process (PID=7431) to work on /opt/airflow/dags/utils/__init__.py
[2025-11-18T01:36:03.271+0000] {processor.py:829} INFO - Processing file /opt/airflow/dags/utils/__init__.py for tasks to queue
[2025-11-18T01:36:03.272+0000] {logging_mixin.py:154} INFO - [2025-11-18T01:36:03.271+0000] {dagbag.py:536} INFO - Filling up the DagBag from /opt/airflow/dags/utils/__init__.py
[2025-11-18T01:36:03.273+0000] {processor.py:841} WARNING - No viable dags retrieved from /opt/airflow/dags/utils/__init__.py
[2025-11-18T01:36:03.284+0000] {processor.py:179} INFO - Processing /opt/airflow/dags/utils/__init__.py took 0.016 seconds
[2025-11-18T01:36:33.682+0000] {processor.py:157} INFO - Started process (PID=7489) to work on /opt/airflow/dags/utils/__init__.py
[2025-11-18T01:36:33.683+0000] {processor.py:829} INFO - Processing file /opt/airflow/dags/utils/__init__.py for tasks to queue
[2025-11-18T01:36:33.683+0000] {logging_mixin.py:154} INFO - [2025-11-18T01:36:33.683+0000] {dagbag.py:536} INFO - Filling up the DagBag from /opt/airflow/dags/utils/__init__.py
[2025-11-18T01:36:33.685+0000] {processor.py:841} WARNING - No viable dags retrieved from /opt/airflow/dags/utils/__init__.py
[2025-11-18T01:36:33.696+0000] {processor.py:179} INFO - Processing /opt/airflow/dags/utils/__init__.py took 0.017 seconds
[2025-11-18T01:37:04.088+0000] {processor.py:157} INFO - Started process (PID=7553) to work on /opt/airflow/dags/utils/__init__.py
[2025-11-18T01:37:04.089+0000] {processor.py:829} INFO - Processing file /opt/airflow/dags/utils/__init__.py for tasks to queue
[2025-11-18T01:37:04.089+0000] {logging_mixin.py:154} INFO - [2025-11-18T01:37:04.089+0000] {dagbag.py:536} INFO - Filling up the DagBag from /opt/airflow/dags/utils/__init__.py
[2025-11-18T01:37:04.090+0000] {processor.py:841} WARNING - No viable dags retrieved from /opt/airflow/dags/utils/__init__.py
[2025-11-18T01:37:04.101+0000] {processor.py:179} INFO - Processing /opt/airflow/dags/utils/__init__.py took 0.016 seconds
[2025-11-18T01:37:34.477+0000] {processor.py:157} INFO - Started process (PID=7618) to work on /opt/airflow/dags/utils/__init__.py
[2025-11-18T01:37:34.477+0000] {processor.py:829} INFO - Processing file /opt/airflow/dags/utils/__init__.py for tasks to queue
[2025-11-18T01:37:34.478+0000] {logging_mixin.py:154} INFO - [2025-11-18T01:37:34.477+0000] {dagbag.py:536} INFO - Filling up the DagBag from /opt/airflow/dags/utils/__init__.py
[2025-11-18T01:37:34.479+0000] {processor.py:841} WARNING - No viable dags retrieved from /opt/airflow/dags/utils/__init__.py
[2025-11-18T01:37:34.492+0000] {processor.py:179} INFO - Processing /opt/airflow/dags/utils/__init__.py took 0.018 seconds
[2025-11-18T01:38:04.523+0000] {processor.py:157} INFO - Started process (PID=7680) to work on /opt/airflow/dags/utils/__init__.py
[2025-11-18T01:38:04.524+0000] {processor.py:829} INFO - Processing file /opt/airflow/dags/utils/__init__.py for tasks to queue
[2025-11-18T01:38:04.524+0000] {logging_mixin.py:154} INFO - [2025-11-18T01:38:04.524+0000] {dagbag.py:536} INFO - Filling up the DagBag from /opt/airflow/dags/utils/__init__.py
[2025-11-18T01:38:04.526+0000] {processor.py:841} WARNING - No viable dags retrieved from /opt/airflow/dags/utils/__init__.py
[2025-11-18T01:38:04.535+0000] {processor.py:179} INFO - Processing /opt/airflow/dags/utils/__init__.py took 0.015 seconds
[2025-11-18T01:38:34.696+0000] {processor.py:157} INFO - Started process (PID=7736) to work on /opt/airflow/dags/utils/__init__.py
[2025-11-18T01:38:34.696+0000] {processor.py:829} INFO - Processing file /opt/airflow/dags/utils/__init__.py for tasks to queue
[2025-11-18T01:38:34.697+0000] {logging_mixin.py:154} INFO - [2025-11-18T01:38:34.697+0000] {dagbag.py:536} INFO - Filling up the DagBag from /opt/airflow/dags/utils/__init__.py
[2025-11-18T01:38:34.698+0000] {processor.py:841} WARNING - No viable dags retrieved from /opt/airflow/dags/utils/__init__.py
[2025-11-18T01:38:34.710+0000] {processor.py:179} INFO - Processing /opt/airflow/dags/utils/__init__.py took 0.018 seconds
[2025-11-18T01:39:05.243+0000] {processor.py:157} INFO - Started process (PID=7789) to work on /opt/airflow/dags/utils/__init__.py
[2025-11-18T01:39:05.244+0000] {processor.py:829} INFO - Processing file /opt/airflow/dags/utils/__init__.py for tasks to queue
[2025-11-18T01:39:05.244+0000] {logging_mixin.py:154} INFO - [2025-11-18T01:39:05.244+0000] {dagbag.py:536} INFO - Filling up the DagBag from /opt/airflow/dags/utils/__init__.py
[2025-11-18T01:39:05.246+0000] {processor.py:841} WARNING - No viable dags retrieved from /opt/airflow/dags/utils/__init__.py
[2025-11-18T01:39:05.257+0000] {processor.py:179} INFO - Processing /opt/airflow/dags/utils/__init__.py took 0.017 seconds
[2025-11-18T01:39:35.424+0000] {processor.py:157} INFO - Started process (PID=7849) to work on /opt/airflow/dags/utils/__init__.py
[2025-11-18T01:39:35.424+0000] {processor.py:829} INFO - Processing file /opt/airflow/dags/utils/__init__.py for tasks to queue
[2025-11-18T01:39:35.425+0000] {logging_mixin.py:154} INFO - [2025-11-18T01:39:35.425+0000] {dagbag.py:536} INFO - Filling up the DagBag from /opt/airflow/dags/utils/__init__.py
[2025-11-18T01:39:35.427+0000] {processor.py:841} WARNING - No viable dags retrieved from /opt/airflow/dags/utils/__init__.py
[2025-11-18T01:39:35.439+0000] {processor.py:179} INFO - Processing /opt/airflow/dags/utils/__init__.py took 0.019 seconds
[2025-11-18T01:40:05.584+0000] {processor.py:157} INFO - Started process (PID=7914) to work on /opt/airflow/dags/utils/__init__.py
[2025-11-18T01:40:05.585+0000] {processor.py:829} INFO - Processing file /opt/airflow/dags/utils/__init__.py for tasks to queue
[2025-11-18T01:40:05.585+0000] {logging_mixin.py:154} INFO - [2025-11-18T01:40:05.585+0000] {dagbag.py:536} INFO - Filling up the DagBag from /opt/airflow/dags/utils/__init__.py
[2025-11-18T01:40:05.587+0000] {processor.py:841} WARNING - No viable dags retrieved from /opt/airflow/dags/utils/__init__.py
[2025-11-18T01:40:05.598+0000] {processor.py:179} INFO - Processing /opt/airflow/dags/utils/__init__.py took 0.017 seconds
[2025-11-18T01:40:36.078+0000] {processor.py:157} INFO - Started process (PID=7979) to work on /opt/airflow/dags/utils/__init__.py
[2025-11-18T01:40:36.079+0000] {processor.py:829} INFO - Processing file /opt/airflow/dags/utils/__init__.py for tasks to queue
[2025-11-18T01:40:36.079+0000] {logging_mixin.py:154} INFO - [2025-11-18T01:40:36.079+0000] {dagbag.py:536} INFO - Filling up the DagBag from /opt/airflow/dags/utils/__init__.py
[2025-11-18T01:40:36.081+0000] {processor.py:841} WARNING - No viable dags retrieved from /opt/airflow/dags/utils/__init__.py
[2025-11-18T01:40:36.092+0000] {processor.py:179} INFO - Processing /opt/airflow/dags/utils/__init__.py took 0.016 seconds
[2025-11-18T01:41:06.151+0000] {processor.py:157} INFO - Started process (PID=8037) to work on /opt/airflow/dags/utils/__init__.py
[2025-11-18T01:41:06.152+0000] {processor.py:829} INFO - Processing file /opt/airflow/dags/utils/__init__.py for tasks to queue
[2025-11-18T01:41:06.152+0000] {logging_mixin.py:154} INFO - [2025-11-18T01:41:06.152+0000] {dagbag.py:536} INFO - Filling up the DagBag from /opt/airflow/dags/utils/__init__.py
[2025-11-18T01:41:06.154+0000] {processor.py:841} WARNING - No viable dags retrieved from /opt/airflow/dags/utils/__init__.py
[2025-11-18T01:41:06.165+0000] {processor.py:179} INFO - Processing /opt/airflow/dags/utils/__init__.py took 0.016 seconds
[2025-11-18T01:41:36.948+0000] {processor.py:157} INFO - Started process (PID=8102) to work on /opt/airflow/dags/utils/__init__.py
[2025-11-18T01:41:36.949+0000] {processor.py:829} INFO - Processing file /opt/airflow/dags/utils/__init__.py for tasks to queue
[2025-11-18T01:41:36.949+0000] {logging_mixin.py:154} INFO - [2025-11-18T01:41:36.949+0000] {dagbag.py:536} INFO - Filling up the DagBag from /opt/airflow/dags/utils/__init__.py
[2025-11-18T01:41:36.951+0000] {processor.py:841} WARNING - No viable dags retrieved from /opt/airflow/dags/utils/__init__.py
[2025-11-18T01:41:36.961+0000] {processor.py:179} INFO - Processing /opt/airflow/dags/utils/__init__.py took 0.016 seconds
[2025-11-18T01:42:07.144+0000] {processor.py:157} INFO - Started process (PID=8167) to work on /opt/airflow/dags/utils/__init__.py
[2025-11-18T01:42:07.145+0000] {processor.py:829} INFO - Processing file /opt/airflow/dags/utils/__init__.py for tasks to queue
[2025-11-18T01:42:07.145+0000] {logging_mixin.py:154} INFO - [2025-11-18T01:42:07.145+0000] {dagbag.py:536} INFO - Filling up the DagBag from /opt/airflow/dags/utils/__init__.py
[2025-11-18T01:42:07.147+0000] {processor.py:841} WARNING - No viable dags retrieved from /opt/airflow/dags/utils/__init__.py
[2025-11-18T01:42:07.161+0000] {processor.py:179} INFO - Processing /opt/airflow/dags/utils/__init__.py took 0.019 seconds
[2025-11-18T01:42:37.269+0000] {processor.py:157} INFO - Started process (PID=8232) to work on /opt/airflow/dags/utils/__init__.py
[2025-11-18T01:42:37.270+0000] {processor.py:829} INFO - Processing file /opt/airflow/dags/utils/__init__.py for tasks to queue
[2025-11-18T01:42:37.270+0000] {logging_mixin.py:154} INFO - [2025-11-18T01:42:37.270+0000] {dagbag.py:536} INFO - Filling up the DagBag from /opt/airflow/dags/utils/__init__.py
[2025-11-18T01:42:37.272+0000] {processor.py:841} WARNING - No viable dags retrieved from /opt/airflow/dags/utils/__init__.py
[2025-11-18T01:42:37.283+0000] {processor.py:179} INFO - Processing /opt/airflow/dags/utils/__init__.py took 0.016 seconds
[2025-11-18T01:43:07.363+0000] {processor.py:157} INFO - Started process (PID=8297) to work on /opt/airflow/dags/utils/__init__.py
[2025-11-18T01:43:07.364+0000] {processor.py:829} INFO - Processing file /opt/airflow/dags/utils/__init__.py for tasks to queue
[2025-11-18T01:43:07.364+0000] {logging_mixin.py:154} INFO - [2025-11-18T01:43:07.364+0000] {dagbag.py:536} INFO - Filling up the DagBag from /opt/airflow/dags/utils/__init__.py
[2025-11-18T01:43:07.366+0000] {processor.py:841} WARNING - No viable dags retrieved from /opt/airflow/dags/utils/__init__.py
[2025-11-18T01:43:07.376+0000] {processor.py:179} INFO - Processing /opt/airflow/dags/utils/__init__.py took 0.016 seconds
[2025-11-18T01:43:37.498+0000] {processor.py:157} INFO - Started process (PID=8355) to work on /opt/airflow/dags/utils/__init__.py
[2025-11-18T01:43:37.498+0000] {processor.py:829} INFO - Processing file /opt/airflow/dags/utils/__init__.py for tasks to queue
[2025-11-18T01:43:37.499+0000] {logging_mixin.py:154} INFO - [2025-11-18T01:43:37.499+0000] {dagbag.py:536} INFO - Filling up the DagBag from /opt/airflow/dags/utils/__init__.py
[2025-11-18T01:43:37.501+0000] {processor.py:841} WARNING - No viable dags retrieved from /opt/airflow/dags/utils/__init__.py
[2025-11-18T01:43:37.511+0000] {processor.py:179} INFO - Processing /opt/airflow/dags/utils/__init__.py took 0.016 seconds
[2025-11-18T01:44:07.621+0000] {processor.py:157} INFO - Started process (PID=8420) to work on /opt/airflow/dags/utils/__init__.py
[2025-11-18T01:44:07.622+0000] {processor.py:829} INFO - Processing file /opt/airflow/dags/utils/__init__.py for tasks to queue
[2025-11-18T01:44:07.622+0000] {logging_mixin.py:154} INFO - [2025-11-18T01:44:07.622+0000] {dagbag.py:536} INFO - Filling up the DagBag from /opt/airflow/dags/utils/__init__.py
[2025-11-18T01:44:07.624+0000] {processor.py:841} WARNING - No viable dags retrieved from /opt/airflow/dags/utils/__init__.py
[2025-11-18T01:44:07.635+0000] {processor.py:179} INFO - Processing /opt/airflow/dags/utils/__init__.py took 0.018 seconds
[2025-11-18T01:44:37.696+0000] {processor.py:157} INFO - Started process (PID=8485) to work on /opt/airflow/dags/utils/__init__.py
[2025-11-18T01:44:37.697+0000] {processor.py:829} INFO - Processing file /opt/airflow/dags/utils/__init__.py for tasks to queue
[2025-11-18T01:44:37.697+0000] {logging_mixin.py:154} INFO - [2025-11-18T01:44:37.697+0000] {dagbag.py:536} INFO - Filling up the DagBag from /opt/airflow/dags/utils/__init__.py
[2025-11-18T01:44:37.699+0000] {processor.py:841} WARNING - No viable dags retrieved from /opt/airflow/dags/utils/__init__.py
[2025-11-18T01:44:37.710+0000] {processor.py:179} INFO - Processing /opt/airflow/dags/utils/__init__.py took 0.017 seconds
[2025-11-18T01:45:07.859+0000] {processor.py:157} INFO - Started process (PID=8543) to work on /opt/airflow/dags/utils/__init__.py
[2025-11-18T01:45:07.859+0000] {processor.py:829} INFO - Processing file /opt/airflow/dags/utils/__init__.py for tasks to queue
[2025-11-18T01:45:07.859+0000] {logging_mixin.py:154} INFO - [2025-11-18T01:45:07.859+0000] {dagbag.py:536} INFO - Filling up the DagBag from /opt/airflow/dags/utils/__init__.py
[2025-11-18T01:45:07.861+0000] {processor.py:841} WARNING - No viable dags retrieved from /opt/airflow/dags/utils/__init__.py
[2025-11-18T01:45:07.871+0000] {processor.py:179} INFO - Processing /opt/airflow/dags/utils/__init__.py took 0.015 seconds
[2025-11-18T01:45:38.000+0000] {processor.py:157} INFO - Started process (PID=8608) to work on /opt/airflow/dags/utils/__init__.py
[2025-11-18T01:45:38.000+0000] {processor.py:829} INFO - Processing file /opt/airflow/dags/utils/__init__.py for tasks to queue
[2025-11-18T01:45:38.001+0000] {logging_mixin.py:154} INFO - [2025-11-18T01:45:38.001+0000] {dagbag.py:536} INFO - Filling up the DagBag from /opt/airflow/dags/utils/__init__.py
[2025-11-18T01:45:38.003+0000] {processor.py:841} WARNING - No viable dags retrieved from /opt/airflow/dags/utils/__init__.py
[2025-11-18T01:45:38.016+0000] {processor.py:179} INFO - Processing /opt/airflow/dags/utils/__init__.py took 0.019 seconds
[2025-11-18T01:46:08.113+0000] {processor.py:157} INFO - Started process (PID=8673) to work on /opt/airflow/dags/utils/__init__.py
[2025-11-18T01:46:08.113+0000] {processor.py:829} INFO - Processing file /opt/airflow/dags/utils/__init__.py for tasks to queue
[2025-11-18T01:46:08.113+0000] {logging_mixin.py:154} INFO - [2025-11-18T01:46:08.113+0000] {dagbag.py:536} INFO - Filling up the DagBag from /opt/airflow/dags/utils/__init__.py
[2025-11-18T01:46:08.115+0000] {processor.py:841} WARNING - No viable dags retrieved from /opt/airflow/dags/utils/__init__.py
[2025-11-18T01:46:08.124+0000] {processor.py:179} INFO - Processing /opt/airflow/dags/utils/__init__.py took 0.015 seconds
[2025-11-18T02:27:34.246+0000] {processor.py:157} INFO - Started process (PID=167) to work on /opt/airflow/dags/utils/__init__.py
[2025-11-18T02:27:34.247+0000] {processor.py:829} INFO - Processing file /opt/airflow/dags/utils/__init__.py for tasks to queue
[2025-11-18T02:27:34.250+0000] {logging_mixin.py:154} INFO - [2025-11-18T02:27:34.250+0000] {dagbag.py:536} INFO - Filling up the DagBag from /opt/airflow/dags/utils/__init__.py
[2025-11-18T02:27:34.252+0000] {processor.py:841} WARNING - No viable dags retrieved from /opt/airflow/dags/utils/__init__.py
[2025-11-18T02:27:34.265+0000] {processor.py:179} INFO - Processing /opt/airflow/dags/utils/__init__.py took 0.022 seconds
[2025-11-18T02:28:04.363+0000] {processor.py:157} INFO - Started process (PID=297) to work on /opt/airflow/dags/utils/__init__.py
[2025-11-18T02:28:04.364+0000] {processor.py:829} INFO - Processing file /opt/airflow/dags/utils/__init__.py for tasks to queue
[2025-11-18T02:28:04.364+0000] {logging_mixin.py:154} INFO - [2025-11-18T02:28:04.364+0000] {dagbag.py:536} INFO - Filling up the DagBag from /opt/airflow/dags/utils/__init__.py
[2025-11-18T02:28:04.367+0000] {processor.py:841} WARNING - No viable dags retrieved from /opt/airflow/dags/utils/__init__.py
[2025-11-18T02:28:04.383+0000] {processor.py:179} INFO - Processing /opt/airflow/dags/utils/__init__.py took 0.022 seconds
[2025-11-18T02:28:34.523+0000] {processor.py:157} INFO - Started process (PID=435) to work on /opt/airflow/dags/utils/__init__.py
[2025-11-18T02:28:34.538+0000] {processor.py:829} INFO - Processing file /opt/airflow/dags/utils/__init__.py for tasks to queue
[2025-11-18T02:28:34.539+0000] {logging_mixin.py:154} INFO - [2025-11-18T02:28:34.539+0000] {dagbag.py:536} INFO - Filling up the DagBag from /opt/airflow/dags/utils/__init__.py
[2025-11-18T02:28:34.541+0000] {processor.py:841} WARNING - No viable dags retrieved from /opt/airflow/dags/utils/__init__.py
[2025-11-18T02:28:34.553+0000] {processor.py:179} INFO - Processing /opt/airflow/dags/utils/__init__.py took 0.032 seconds
[2025-11-18T02:29:05.330+0000] {processor.py:157} INFO - Started process (PID=552) to work on /opt/airflow/dags/utils/__init__.py
[2025-11-18T02:29:05.333+0000] {processor.py:829} INFO - Processing file /opt/airflow/dags/utils/__init__.py for tasks to queue
[2025-11-18T02:29:05.334+0000] {logging_mixin.py:154} INFO - [2025-11-18T02:29:05.334+0000] {dagbag.py:536} INFO - Filling up the DagBag from /opt/airflow/dags/utils/__init__.py
[2025-11-18T02:29:05.336+0000] {processor.py:841} WARNING - No viable dags retrieved from /opt/airflow/dags/utils/__init__.py
[2025-11-18T02:29:05.350+0000] {processor.py:179} INFO - Processing /opt/airflow/dags/utils/__init__.py took 0.023 seconds
[2025-11-18T02:29:35.652+0000] {processor.py:157} INFO - Started process (PID=615) to work on /opt/airflow/dags/utils/__init__.py
[2025-11-18T02:29:35.659+0000] {processor.py:829} INFO - Processing file /opt/airflow/dags/utils/__init__.py for tasks to queue
[2025-11-18T02:29:35.660+0000] {logging_mixin.py:154} INFO - [2025-11-18T02:29:35.659+0000] {dagbag.py:536} INFO - Filling up the DagBag from /opt/airflow/dags/utils/__init__.py
[2025-11-18T02:29:35.661+0000] {processor.py:841} WARNING - No viable dags retrieved from /opt/airflow/dags/utils/__init__.py
[2025-11-18T02:29:35.674+0000] {processor.py:179} INFO - Processing /opt/airflow/dags/utils/__init__.py took 0.025 seconds
[2025-11-18T02:30:06.120+0000] {processor.py:157} INFO - Started process (PID=680) to work on /opt/airflow/dags/utils/__init__.py
[2025-11-18T02:30:06.121+0000] {processor.py:829} INFO - Processing file /opt/airflow/dags/utils/__init__.py for tasks to queue
[2025-11-18T02:30:06.122+0000] {logging_mixin.py:154} INFO - [2025-11-18T02:30:06.122+0000] {dagbag.py:536} INFO - Filling up the DagBag from /opt/airflow/dags/utils/__init__.py
[2025-11-18T02:30:06.124+0000] {processor.py:841} WARNING - No viable dags retrieved from /opt/airflow/dags/utils/__init__.py
[2025-11-18T02:30:06.137+0000] {processor.py:179} INFO - Processing /opt/airflow/dags/utils/__init__.py took 0.020 seconds
[2025-11-18T02:30:36.401+0000] {processor.py:157} INFO - Started process (PID=737) to work on /opt/airflow/dags/utils/__init__.py
[2025-11-18T02:30:36.402+0000] {processor.py:829} INFO - Processing file /opt/airflow/dags/utils/__init__.py for tasks to queue
[2025-11-18T02:30:36.403+0000] {logging_mixin.py:154} INFO - [2025-11-18T02:30:36.403+0000] {dagbag.py:536} INFO - Filling up the DagBag from /opt/airflow/dags/utils/__init__.py
[2025-11-18T02:30:36.405+0000] {processor.py:841} WARNING - No viable dags retrieved from /opt/airflow/dags/utils/__init__.py
[2025-11-18T02:30:36.425+0000] {processor.py:179} INFO - Processing /opt/airflow/dags/utils/__init__.py took 0.027 seconds
[2025-11-18T02:31:06.499+0000] {processor.py:157} INFO - Started process (PID=801) to work on /opt/airflow/dags/utils/__init__.py
[2025-11-18T02:31:06.506+0000] {processor.py:829} INFO - Processing file /opt/airflow/dags/utils/__init__.py for tasks to queue
[2025-11-18T02:31:06.507+0000] {logging_mixin.py:154} INFO - [2025-11-18T02:31:06.507+0000] {dagbag.py:536} INFO - Filling up the DagBag from /opt/airflow/dags/utils/__init__.py
[2025-11-18T02:31:06.509+0000] {processor.py:841} WARNING - No viable dags retrieved from /opt/airflow/dags/utils/__init__.py
[2025-11-18T02:31:06.534+0000] {processor.py:179} INFO - Processing /opt/airflow/dags/utils/__init__.py took 0.038 seconds
[2025-11-18T02:31:36.685+0000] {processor.py:157} INFO - Started process (PID=979) to work on /opt/airflow/dags/utils/__init__.py
[2025-11-18T02:31:36.685+0000] {processor.py:829} INFO - Processing file /opt/airflow/dags/utils/__init__.py for tasks to queue
[2025-11-18T02:31:36.686+0000] {logging_mixin.py:154} INFO - [2025-11-18T02:31:36.686+0000] {dagbag.py:536} INFO - Filling up the DagBag from /opt/airflow/dags/utils/__init__.py
[2025-11-18T02:31:36.688+0000] {processor.py:841} WARNING - No viable dags retrieved from /opt/airflow/dags/utils/__init__.py
[2025-11-18T02:31:36.700+0000] {processor.py:179} INFO - Processing /opt/airflow/dags/utils/__init__.py took 0.019 seconds
[2025-11-18T02:32:06.746+0000] {processor.py:157} INFO - Started process (PID=1044) to work on /opt/airflow/dags/utils/__init__.py
[2025-11-18T02:32:06.747+0000] {processor.py:829} INFO - Processing file /opt/airflow/dags/utils/__init__.py for tasks to queue
[2025-11-18T02:32:06.748+0000] {logging_mixin.py:154} INFO - [2025-11-18T02:32:06.747+0000] {dagbag.py:536} INFO - Filling up the DagBag from /opt/airflow/dags/utils/__init__.py
[2025-11-18T02:32:06.751+0000] {processor.py:841} WARNING - No viable dags retrieved from /opt/airflow/dags/utils/__init__.py
[2025-11-18T02:32:06.767+0000] {processor.py:179} INFO - Processing /opt/airflow/dags/utils/__init__.py took 0.025 seconds
[2025-11-18T02:32:36.881+0000] {processor.py:157} INFO - Started process (PID=1102) to work on /opt/airflow/dags/utils/__init__.py
[2025-11-18T02:32:36.881+0000] {processor.py:829} INFO - Processing file /opt/airflow/dags/utils/__init__.py for tasks to queue
[2025-11-18T02:32:36.882+0000] {logging_mixin.py:154} INFO - [2025-11-18T02:32:36.882+0000] {dagbag.py:536} INFO - Filling up the DagBag from /opt/airflow/dags/utils/__init__.py
[2025-11-18T02:32:36.884+0000] {processor.py:841} WARNING - No viable dags retrieved from /opt/airflow/dags/utils/__init__.py
[2025-11-18T02:32:36.896+0000] {processor.py:179} INFO - Processing /opt/airflow/dags/utils/__init__.py took 0.019 seconds
[2025-11-18T02:33:06.977+0000] {processor.py:157} INFO - Started process (PID=1167) to work on /opt/airflow/dags/utils/__init__.py
[2025-11-18T02:33:06.977+0000] {processor.py:829} INFO - Processing file /opt/airflow/dags/utils/__init__.py for tasks to queue
[2025-11-18T02:33:06.978+0000] {logging_mixin.py:154} INFO - [2025-11-18T02:33:06.978+0000] {dagbag.py:536} INFO - Filling up the DagBag from /opt/airflow/dags/utils/__init__.py
[2025-11-18T02:33:06.981+0000] {processor.py:841} WARNING - No viable dags retrieved from /opt/airflow/dags/utils/__init__.py
[2025-11-18T02:33:06.993+0000] {processor.py:179} INFO - Processing /opt/airflow/dags/utils/__init__.py took 0.019 seconds
[2025-11-18T02:33:37.173+0000] {processor.py:157} INFO - Started process (PID=1232) to work on /opt/airflow/dags/utils/__init__.py
[2025-11-18T02:33:37.173+0000] {processor.py:829} INFO - Processing file /opt/airflow/dags/utils/__init__.py for tasks to queue
[2025-11-18T02:33:37.174+0000] {logging_mixin.py:154} INFO - [2025-11-18T02:33:37.174+0000] {dagbag.py:536} INFO - Filling up the DagBag from /opt/airflow/dags/utils/__init__.py
[2025-11-18T02:33:37.176+0000] {processor.py:841} WARNING - No viable dags retrieved from /opt/airflow/dags/utils/__init__.py
[2025-11-18T02:33:37.189+0000] {processor.py:179} INFO - Processing /opt/airflow/dags/utils/__init__.py took 0.018 seconds
[2025-11-18T02:34:07.331+0000] {processor.py:157} INFO - Started process (PID=1297) to work on /opt/airflow/dags/utils/__init__.py
[2025-11-18T02:34:07.332+0000] {processor.py:829} INFO - Processing file /opt/airflow/dags/utils/__init__.py for tasks to queue
[2025-11-18T02:34:07.332+0000] {logging_mixin.py:154} INFO - [2025-11-18T02:34:07.332+0000] {dagbag.py:536} INFO - Filling up the DagBag from /opt/airflow/dags/utils/__init__.py
[2025-11-18T02:34:07.334+0000] {processor.py:841} WARNING - No viable dags retrieved from /opt/airflow/dags/utils/__init__.py
[2025-11-18T02:34:07.345+0000] {processor.py:179} INFO - Processing /opt/airflow/dags/utils/__init__.py took 0.017 seconds
[2025-11-18T02:34:37.486+0000] {processor.py:157} INFO - Started process (PID=1355) to work on /opt/airflow/dags/utils/__init__.py
[2025-11-18T02:34:37.487+0000] {processor.py:829} INFO - Processing file /opt/airflow/dags/utils/__init__.py for tasks to queue
[2025-11-18T02:34:37.488+0000] {logging_mixin.py:154} INFO - [2025-11-18T02:34:37.487+0000] {dagbag.py:536} INFO - Filling up the DagBag from /opt/airflow/dags/utils/__init__.py
[2025-11-18T02:34:37.489+0000] {processor.py:841} WARNING - No viable dags retrieved from /opt/airflow/dags/utils/__init__.py
[2025-11-18T02:34:37.500+0000] {processor.py:179} INFO - Processing /opt/airflow/dags/utils/__init__.py took 0.017 seconds
[2025-11-18T02:35:07.570+0000] {processor.py:157} INFO - Started process (PID=1421) to work on /opt/airflow/dags/utils/__init__.py
[2025-11-18T02:35:07.570+0000] {processor.py:829} INFO - Processing file /opt/airflow/dags/utils/__init__.py for tasks to queue
[2025-11-18T02:35:07.571+0000] {logging_mixin.py:154} INFO - [2025-11-18T02:35:07.571+0000] {dagbag.py:536} INFO - Filling up the DagBag from /opt/airflow/dags/utils/__init__.py
[2025-11-18T02:35:07.573+0000] {processor.py:841} WARNING - No viable dags retrieved from /opt/airflow/dags/utils/__init__.py
[2025-11-18T02:35:07.585+0000] {processor.py:179} INFO - Processing /opt/airflow/dags/utils/__init__.py took 0.019 seconds
[2025-11-18T02:35:37.624+0000] {processor.py:157} INFO - Started process (PID=1486) to work on /opt/airflow/dags/utils/__init__.py
[2025-11-18T02:35:37.625+0000] {processor.py:829} INFO - Processing file /opt/airflow/dags/utils/__init__.py for tasks to queue
[2025-11-18T02:35:37.626+0000] {logging_mixin.py:154} INFO - [2025-11-18T02:35:37.625+0000] {dagbag.py:536} INFO - Filling up the DagBag from /opt/airflow/dags/utils/__init__.py
[2025-11-18T02:35:37.627+0000] {processor.py:841} WARNING - No viable dags retrieved from /opt/airflow/dags/utils/__init__.py
[2025-11-18T02:35:37.638+0000] {processor.py:179} INFO - Processing /opt/airflow/dags/utils/__init__.py took 0.017 seconds
[2025-11-18T02:36:07.693+0000] {processor.py:157} INFO - Started process (PID=1534) to work on /opt/airflow/dags/utils/__init__.py
[2025-11-18T02:36:07.693+0000] {processor.py:829} INFO - Processing file /opt/airflow/dags/utils/__init__.py for tasks to queue
[2025-11-18T02:36:07.694+0000] {logging_mixin.py:154} INFO - [2025-11-18T02:36:07.694+0000] {dagbag.py:536} INFO - Filling up the DagBag from /opt/airflow/dags/utils/__init__.py
[2025-11-18T02:36:07.696+0000] {processor.py:841} WARNING - No viable dags retrieved from /opt/airflow/dags/utils/__init__.py
[2025-11-18T02:36:07.717+0000] {processor.py:179} INFO - Processing /opt/airflow/dags/utils/__init__.py took 0.026 seconds
[2025-11-18T02:36:37.985+0000] {processor.py:157} INFO - Started process (PID=1599) to work on /opt/airflow/dags/utils/__init__.py
[2025-11-18T02:36:37.987+0000] {processor.py:829} INFO - Processing file /opt/airflow/dags/utils/__init__.py for tasks to queue
[2025-11-18T02:36:37.987+0000] {logging_mixin.py:154} INFO - [2025-11-18T02:36:37.987+0000] {dagbag.py:536} INFO - Filling up the DagBag from /opt/airflow/dags/utils/__init__.py
[2025-11-18T02:36:37.989+0000] {processor.py:841} WARNING - No viable dags retrieved from /opt/airflow/dags/utils/__init__.py
[2025-11-18T02:36:38.000+0000] {processor.py:179} INFO - Processing /opt/airflow/dags/utils/__init__.py took 0.017 seconds
[2025-11-18T02:37:08.074+0000] {processor.py:157} INFO - Started process (PID=1658) to work on /opt/airflow/dags/utils/__init__.py
[2025-11-18T02:37:08.076+0000] {processor.py:829} INFO - Processing file /opt/airflow/dags/utils/__init__.py for tasks to queue
[2025-11-18T02:37:08.076+0000] {logging_mixin.py:154} INFO - [2025-11-18T02:37:08.076+0000] {dagbag.py:536} INFO - Filling up the DagBag from /opt/airflow/dags/utils/__init__.py
[2025-11-18T02:37:08.078+0000] {processor.py:841} WARNING - No viable dags retrieved from /opt/airflow/dags/utils/__init__.py
[2025-11-18T02:37:08.089+0000] {processor.py:179} INFO - Processing /opt/airflow/dags/utils/__init__.py took 0.018 seconds
[2025-11-18T02:37:38.234+0000] {processor.py:157} INFO - Started process (PID=1723) to work on /opt/airflow/dags/utils/__init__.py
[2025-11-18T02:37:38.234+0000] {processor.py:829} INFO - Processing file /opt/airflow/dags/utils/__init__.py for tasks to queue
[2025-11-18T02:37:38.235+0000] {logging_mixin.py:154} INFO - [2025-11-18T02:37:38.235+0000] {dagbag.py:536} INFO - Filling up the DagBag from /opt/airflow/dags/utils/__init__.py
[2025-11-18T02:37:38.237+0000] {processor.py:841} WARNING - No viable dags retrieved from /opt/airflow/dags/utils/__init__.py
[2025-11-18T02:37:38.250+0000] {processor.py:179} INFO - Processing /opt/airflow/dags/utils/__init__.py took 0.020 seconds
[2025-11-18T02:38:08.347+0000] {processor.py:157} INFO - Started process (PID=1788) to work on /opt/airflow/dags/utils/__init__.py
[2025-11-18T02:38:08.348+0000] {processor.py:829} INFO - Processing file /opt/airflow/dags/utils/__init__.py for tasks to queue
[2025-11-18T02:38:08.349+0000] {logging_mixin.py:154} INFO - [2025-11-18T02:38:08.348+0000] {dagbag.py:536} INFO - Filling up the DagBag from /opt/airflow/dags/utils/__init__.py
[2025-11-18T02:38:08.350+0000] {processor.py:841} WARNING - No viable dags retrieved from /opt/airflow/dags/utils/__init__.py
[2025-11-18T02:38:08.363+0000] {processor.py:179} INFO - Processing /opt/airflow/dags/utils/__init__.py took 0.018 seconds
[2025-11-18T02:38:38.618+0000] {processor.py:157} INFO - Started process (PID=1853) to work on /opt/airflow/dags/utils/__init__.py
[2025-11-18T02:38:38.619+0000] {processor.py:829} INFO - Processing file /opt/airflow/dags/utils/__init__.py for tasks to queue
[2025-11-18T02:38:38.620+0000] {logging_mixin.py:154} INFO - [2025-11-18T02:38:38.619+0000] {dagbag.py:536} INFO - Filling up the DagBag from /opt/airflow/dags/utils/__init__.py
[2025-11-18T02:38:38.622+0000] {processor.py:841} WARNING - No viable dags retrieved from /opt/airflow/dags/utils/__init__.py
[2025-11-18T02:38:38.645+0000] {processor.py:179} INFO - Processing /opt/airflow/dags/utils/__init__.py took 0.032 seconds
[2025-11-18T02:39:09.575+0000] {processor.py:157} INFO - Started process (PID=1911) to work on /opt/airflow/dags/utils/__init__.py
[2025-11-18T02:39:09.576+0000] {processor.py:829} INFO - Processing file /opt/airflow/dags/utils/__init__.py for tasks to queue
[2025-11-18T02:39:09.576+0000] {logging_mixin.py:154} INFO - [2025-11-18T02:39:09.576+0000] {dagbag.py:536} INFO - Filling up the DagBag from /opt/airflow/dags/utils/__init__.py
[2025-11-18T02:39:09.580+0000] {processor.py:841} WARNING - No viable dags retrieved from /opt/airflow/dags/utils/__init__.py
[2025-11-18T02:39:09.599+0000] {processor.py:179} INFO - Processing /opt/airflow/dags/utils/__init__.py took 0.033 seconds
[2025-11-18T02:39:39.924+0000] {processor.py:157} INFO - Started process (PID=1976) to work on /opt/airflow/dags/utils/__init__.py
[2025-11-18T02:39:39.924+0000] {processor.py:829} INFO - Processing file /opt/airflow/dags/utils/__init__.py for tasks to queue
[2025-11-18T02:39:39.925+0000] {logging_mixin.py:154} INFO - [2025-11-18T02:39:39.925+0000] {dagbag.py:536} INFO - Filling up the DagBag from /opt/airflow/dags/utils/__init__.py
[2025-11-18T02:39:39.927+0000] {processor.py:841} WARNING - No viable dags retrieved from /opt/airflow/dags/utils/__init__.py
[2025-11-18T02:39:39.939+0000] {processor.py:179} INFO - Processing /opt/airflow/dags/utils/__init__.py took 0.018 seconds
[2025-11-18T02:40:10.653+0000] {processor.py:157} INFO - Started process (PID=2041) to work on /opt/airflow/dags/utils/__init__.py
[2025-11-18T02:40:10.654+0000] {processor.py:829} INFO - Processing file /opt/airflow/dags/utils/__init__.py for tasks to queue
[2025-11-18T02:40:10.655+0000] {logging_mixin.py:154} INFO - [2025-11-18T02:40:10.655+0000] {dagbag.py:536} INFO - Filling up the DagBag from /opt/airflow/dags/utils/__init__.py
[2025-11-18T02:40:10.656+0000] {processor.py:841} WARNING - No viable dags retrieved from /opt/airflow/dags/utils/__init__.py
[2025-11-18T02:40:10.668+0000] {processor.py:179} INFO - Processing /opt/airflow/dags/utils/__init__.py took 0.017 seconds
[2025-11-18T02:40:41.289+0000] {processor.py:157} INFO - Started process (PID=2106) to work on /opt/airflow/dags/utils/__init__.py
[2025-11-18T02:40:41.298+0000] {processor.py:829} INFO - Processing file /opt/airflow/dags/utils/__init__.py for tasks to queue
[2025-11-18T02:40:41.299+0000] {logging_mixin.py:154} INFO - [2025-11-18T02:40:41.299+0000] {dagbag.py:536} INFO - Filling up the DagBag from /opt/airflow/dags/utils/__init__.py
[2025-11-18T02:40:41.301+0000] {processor.py:841} WARNING - No viable dags retrieved from /opt/airflow/dags/utils/__init__.py
[2025-11-18T02:40:41.313+0000] {processor.py:179} INFO - Processing /opt/airflow/dags/utils/__init__.py took 0.028 seconds
[2025-11-18T02:41:11.948+0000] {processor.py:157} INFO - Started process (PID=2171) to work on /opt/airflow/dags/utils/__init__.py
[2025-11-18T02:41:11.948+0000] {processor.py:829} INFO - Processing file /opt/airflow/dags/utils/__init__.py for tasks to queue
[2025-11-18T02:41:11.949+0000] {logging_mixin.py:154} INFO - [2025-11-18T02:41:11.949+0000] {dagbag.py:536} INFO - Filling up the DagBag from /opt/airflow/dags/utils/__init__.py
[2025-11-18T02:41:11.950+0000] {processor.py:841} WARNING - No viable dags retrieved from /opt/airflow/dags/utils/__init__.py
[2025-11-18T02:41:11.961+0000] {processor.py:179} INFO - Processing /opt/airflow/dags/utils/__init__.py took 0.016 seconds
[2025-11-18T02:41:42.338+0000] {processor.py:157} INFO - Started process (PID=2229) to work on /opt/airflow/dags/utils/__init__.py
[2025-11-18T02:41:42.344+0000] {processor.py:829} INFO - Processing file /opt/airflow/dags/utils/__init__.py for tasks to queue
[2025-11-18T02:41:42.344+0000] {logging_mixin.py:154} INFO - [2025-11-18T02:41:42.344+0000] {dagbag.py:536} INFO - Filling up the DagBag from /opt/airflow/dags/utils/__init__.py
[2025-11-18T02:41:42.346+0000] {processor.py:841} WARNING - No viable dags retrieved from /opt/airflow/dags/utils/__init__.py
[2025-11-18T02:41:42.357+0000] {processor.py:179} INFO - Processing /opt/airflow/dags/utils/__init__.py took 0.022 seconds
[2025-11-18T02:42:12.441+0000] {processor.py:157} INFO - Started process (PID=2294) to work on /opt/airflow/dags/utils/__init__.py
[2025-11-18T02:42:12.441+0000] {processor.py:829} INFO - Processing file /opt/airflow/dags/utils/__init__.py for tasks to queue
[2025-11-18T02:42:12.442+0000] {logging_mixin.py:154} INFO - [2025-11-18T02:42:12.441+0000] {dagbag.py:536} INFO - Filling up the DagBag from /opt/airflow/dags/utils/__init__.py
[2025-11-18T02:42:12.443+0000] {processor.py:841} WARNING - No viable dags retrieved from /opt/airflow/dags/utils/__init__.py
[2025-11-18T02:42:12.454+0000] {processor.py:179} INFO - Processing /opt/airflow/dags/utils/__init__.py took 0.016 seconds
[2025-11-18T02:42:42.589+0000] {processor.py:157} INFO - Started process (PID=2360) to work on /opt/airflow/dags/utils/__init__.py
[2025-11-18T02:42:42.589+0000] {processor.py:829} INFO - Processing file /opt/airflow/dags/utils/__init__.py for tasks to queue
[2025-11-18T02:42:42.590+0000] {logging_mixin.py:154} INFO - [2025-11-18T02:42:42.590+0000] {dagbag.py:536} INFO - Filling up the DagBag from /opt/airflow/dags/utils/__init__.py
[2025-11-18T02:42:42.592+0000] {processor.py:841} WARNING - No viable dags retrieved from /opt/airflow/dags/utils/__init__.py
[2025-11-18T02:42:42.603+0000] {processor.py:179} INFO - Processing /opt/airflow/dags/utils/__init__.py took 0.017 seconds
[2025-11-18T02:43:12.677+0000] {processor.py:157} INFO - Started process (PID=2425) to work on /opt/airflow/dags/utils/__init__.py
[2025-11-18T02:43:12.678+0000] {processor.py:829} INFO - Processing file /opt/airflow/dags/utils/__init__.py for tasks to queue
[2025-11-18T02:43:12.678+0000] {logging_mixin.py:154} INFO - [2025-11-18T02:43:12.678+0000] {dagbag.py:536} INFO - Filling up the DagBag from /opt/airflow/dags/utils/__init__.py
[2025-11-18T02:43:12.680+0000] {processor.py:841} WARNING - No viable dags retrieved from /opt/airflow/dags/utils/__init__.py
[2025-11-18T02:43:12.692+0000] {processor.py:179} INFO - Processing /opt/airflow/dags/utils/__init__.py took 0.017 seconds
[2025-11-18T02:43:42.830+0000] {processor.py:157} INFO - Started process (PID=2483) to work on /opt/airflow/dags/utils/__init__.py
[2025-11-18T02:43:42.831+0000] {processor.py:829} INFO - Processing file /opt/airflow/dags/utils/__init__.py for tasks to queue
[2025-11-18T02:43:42.832+0000] {logging_mixin.py:154} INFO - [2025-11-18T02:43:42.831+0000] {dagbag.py:536} INFO - Filling up the DagBag from /opt/airflow/dags/utils/__init__.py
[2025-11-18T02:43:42.833+0000] {processor.py:841} WARNING - No viable dags retrieved from /opt/airflow/dags/utils/__init__.py
[2025-11-18T02:43:42.845+0000] {processor.py:179} INFO - Processing /opt/airflow/dags/utils/__init__.py took 0.018 seconds
[2025-11-18T02:44:12.934+0000] {processor.py:157} INFO - Started process (PID=2548) to work on /opt/airflow/dags/utils/__init__.py
[2025-11-18T02:44:12.935+0000] {processor.py:829} INFO - Processing file /opt/airflow/dags/utils/__init__.py for tasks to queue
[2025-11-18T02:44:12.936+0000] {logging_mixin.py:154} INFO - [2025-11-18T02:44:12.935+0000] {dagbag.py:536} INFO - Filling up the DagBag from /opt/airflow/dags/utils/__init__.py
[2025-11-18T02:44:12.937+0000] {processor.py:841} WARNING - No viable dags retrieved from /opt/airflow/dags/utils/__init__.py
[2025-11-18T02:44:12.950+0000] {processor.py:179} INFO - Processing /opt/airflow/dags/utils/__init__.py took 0.018 seconds
[2025-11-18T02:44:43.048+0000] {processor.py:157} INFO - Started process (PID=2613) to work on /opt/airflow/dags/utils/__init__.py
[2025-11-18T02:44:43.048+0000] {processor.py:829} INFO - Processing file /opt/airflow/dags/utils/__init__.py for tasks to queue
[2025-11-18T02:44:43.049+0000] {logging_mixin.py:154} INFO - [2025-11-18T02:44:43.049+0000] {dagbag.py:536} INFO - Filling up the DagBag from /opt/airflow/dags/utils/__init__.py
[2025-11-18T02:44:43.050+0000] {processor.py:841} WARNING - No viable dags retrieved from /opt/airflow/dags/utils/__init__.py
[2025-11-18T02:44:43.064+0000] {processor.py:179} INFO - Processing /opt/airflow/dags/utils/__init__.py took 0.019 seconds
[2025-11-18T02:45:13.116+0000] {processor.py:157} INFO - Started process (PID=2676) to work on /opt/airflow/dags/utils/__init__.py
[2025-11-18T02:45:13.117+0000] {processor.py:829} INFO - Processing file /opt/airflow/dags/utils/__init__.py for tasks to queue
[2025-11-18T02:45:13.117+0000] {logging_mixin.py:154} INFO - [2025-11-18T02:45:13.117+0000] {dagbag.py:536} INFO - Filling up the DagBag from /opt/airflow/dags/utils/__init__.py
[2025-11-18T02:45:13.119+0000] {processor.py:841} WARNING - No viable dags retrieved from /opt/airflow/dags/utils/__init__.py
[2025-11-18T02:45:13.129+0000] {processor.py:179} INFO - Processing /opt/airflow/dags/utils/__init__.py took 0.015 seconds
[2025-11-18T02:45:43.250+0000] {processor.py:157} INFO - Started process (PID=2719) to work on /opt/airflow/dags/utils/__init__.py
[2025-11-18T02:45:43.251+0000] {processor.py:829} INFO - Processing file /opt/airflow/dags/utils/__init__.py for tasks to queue
[2025-11-18T02:45:43.252+0000] {logging_mixin.py:154} INFO - [2025-11-18T02:45:43.251+0000] {dagbag.py:536} INFO - Filling up the DagBag from /opt/airflow/dags/utils/__init__.py
[2025-11-18T02:45:43.253+0000] {processor.py:841} WARNING - No viable dags retrieved from /opt/airflow/dags/utils/__init__.py
[2025-11-18T02:45:43.267+0000] {processor.py:179} INFO - Processing /opt/airflow/dags/utils/__init__.py took 0.020 seconds
[2025-11-18T02:46:13.950+0000] {processor.py:157} INFO - Started process (PID=2784) to work on /opt/airflow/dags/utils/__init__.py
[2025-11-18T02:46:13.951+0000] {processor.py:829} INFO - Processing file /opt/airflow/dags/utils/__init__.py for tasks to queue
[2025-11-18T02:46:13.951+0000] {logging_mixin.py:154} INFO - [2025-11-18T02:46:13.951+0000] {dagbag.py:536} INFO - Filling up the DagBag from /opt/airflow/dags/utils/__init__.py
[2025-11-18T02:46:13.953+0000] {processor.py:841} WARNING - No viable dags retrieved from /opt/airflow/dags/utils/__init__.py
[2025-11-18T02:46:13.965+0000] {processor.py:179} INFO - Processing /opt/airflow/dags/utils/__init__.py took 0.018 seconds
[2025-11-18T02:46:44.210+0000] {processor.py:157} INFO - Started process (PID=2849) to work on /opt/airflow/dags/utils/__init__.py
[2025-11-18T02:46:44.211+0000] {processor.py:829} INFO - Processing file /opt/airflow/dags/utils/__init__.py for tasks to queue
[2025-11-18T02:46:44.212+0000] {logging_mixin.py:154} INFO - [2025-11-18T02:46:44.211+0000] {dagbag.py:536} INFO - Filling up the DagBag from /opt/airflow/dags/utils/__init__.py
[2025-11-18T02:46:44.213+0000] {processor.py:841} WARNING - No viable dags retrieved from /opt/airflow/dags/utils/__init__.py
[2025-11-18T02:46:44.224+0000] {processor.py:179} INFO - Processing /opt/airflow/dags/utils/__init__.py took 0.017 seconds
[2025-11-18T02:47:14.478+0000] {processor.py:157} INFO - Started process (PID=2914) to work on /opt/airflow/dags/utils/__init__.py
[2025-11-18T02:47:14.478+0000] {processor.py:829} INFO - Processing file /opt/airflow/dags/utils/__init__.py for tasks to queue
[2025-11-18T02:47:14.479+0000] {logging_mixin.py:154} INFO - [2025-11-18T02:47:14.479+0000] {dagbag.py:536} INFO - Filling up the DagBag from /opt/airflow/dags/utils/__init__.py
[2025-11-18T02:47:14.480+0000] {processor.py:841} WARNING - No viable dags retrieved from /opt/airflow/dags/utils/__init__.py
[2025-11-18T02:47:14.492+0000] {processor.py:179} INFO - Processing /opt/airflow/dags/utils/__init__.py took 0.017 seconds
[2025-11-18T02:47:44.602+0000] {processor.py:157} INFO - Started process (PID=2979) to work on /opt/airflow/dags/utils/__init__.py
[2025-11-18T02:47:44.603+0000] {processor.py:829} INFO - Processing file /opt/airflow/dags/utils/__init__.py for tasks to queue
[2025-11-18T02:47:44.604+0000] {logging_mixin.py:154} INFO - [2025-11-18T02:47:44.603+0000] {dagbag.py:536} INFO - Filling up the DagBag from /opt/airflow/dags/utils/__init__.py
[2025-11-18T02:47:44.605+0000] {processor.py:841} WARNING - No viable dags retrieved from /opt/airflow/dags/utils/__init__.py
[2025-11-18T02:47:44.617+0000] {processor.py:179} INFO - Processing /opt/airflow/dags/utils/__init__.py took 0.017 seconds
[2025-11-18T02:48:14.759+0000] {processor.py:157} INFO - Started process (PID=3037) to work on /opt/airflow/dags/utils/__init__.py
[2025-11-18T02:48:14.759+0000] {processor.py:829} INFO - Processing file /opt/airflow/dags/utils/__init__.py for tasks to queue
[2025-11-18T02:48:14.760+0000] {logging_mixin.py:154} INFO - [2025-11-18T02:48:14.760+0000] {dagbag.py:536} INFO - Filling up the DagBag from /opt/airflow/dags/utils/__init__.py
[2025-11-18T02:48:14.761+0000] {processor.py:841} WARNING - No viable dags retrieved from /opt/airflow/dags/utils/__init__.py
[2025-11-18T02:48:14.773+0000] {processor.py:179} INFO - Processing /opt/airflow/dags/utils/__init__.py took 0.017 seconds
[2025-11-18T02:48:44.840+0000] {processor.py:157} INFO - Started process (PID=3101) to work on /opt/airflow/dags/utils/__init__.py
[2025-11-18T02:48:44.841+0000] {processor.py:829} INFO - Processing file /opt/airflow/dags/utils/__init__.py for tasks to queue
[2025-11-18T02:48:44.841+0000] {logging_mixin.py:154} INFO - [2025-11-18T02:48:44.841+0000] {dagbag.py:536} INFO - Filling up the DagBag from /opt/airflow/dags/utils/__init__.py
[2025-11-18T02:48:44.843+0000] {processor.py:841} WARNING - No viable dags retrieved from /opt/airflow/dags/utils/__init__.py
[2025-11-18T02:48:44.855+0000] {processor.py:179} INFO - Processing /opt/airflow/dags/utils/__init__.py took 0.018 seconds
[2025-11-18T02:49:15.507+0000] {processor.py:157} INFO - Started process (PID=3166) to work on /opt/airflow/dags/utils/__init__.py
[2025-11-18T02:49:15.507+0000] {processor.py:829} INFO - Processing file /opt/airflow/dags/utils/__init__.py for tasks to queue
[2025-11-18T02:49:15.508+0000] {logging_mixin.py:154} INFO - [2025-11-18T02:49:15.508+0000] {dagbag.py:536} INFO - Filling up the DagBag from /opt/airflow/dags/utils/__init__.py
[2025-11-18T02:49:15.510+0000] {processor.py:841} WARNING - No viable dags retrieved from /opt/airflow/dags/utils/__init__.py
[2025-11-18T02:49:15.520+0000] {processor.py:179} INFO - Processing /opt/airflow/dags/utils/__init__.py took 0.016 seconds
[2025-11-18T02:49:46.158+0000] {processor.py:157} INFO - Started process (PID=3231) to work on /opt/airflow/dags/utils/__init__.py
[2025-11-18T02:49:46.160+0000] {processor.py:829} INFO - Processing file /opt/airflow/dags/utils/__init__.py for tasks to queue
[2025-11-18T02:49:46.160+0000] {logging_mixin.py:154} INFO - [2025-11-18T02:49:46.160+0000] {dagbag.py:536} INFO - Filling up the DagBag from /opt/airflow/dags/utils/__init__.py
[2025-11-18T02:49:46.162+0000] {processor.py:841} WARNING - No viable dags retrieved from /opt/airflow/dags/utils/__init__.py
[2025-11-18T02:49:46.173+0000] {processor.py:179} INFO - Processing /opt/airflow/dags/utils/__init__.py took 0.018 seconds
[2025-11-18T02:50:16.371+0000] {processor.py:157} INFO - Started process (PID=3296) to work on /opt/airflow/dags/utils/__init__.py
[2025-11-18T02:50:16.371+0000] {processor.py:829} INFO - Processing file /opt/airflow/dags/utils/__init__.py for tasks to queue
[2025-11-18T02:50:16.372+0000] {logging_mixin.py:154} INFO - [2025-11-18T02:50:16.372+0000] {dagbag.py:536} INFO - Filling up the DagBag from /opt/airflow/dags/utils/__init__.py
[2025-11-18T02:50:16.374+0000] {processor.py:841} WARNING - No viable dags retrieved from /opt/airflow/dags/utils/__init__.py
[2025-11-18T02:50:16.389+0000] {processor.py:179} INFO - Processing /opt/airflow/dags/utils/__init__.py took 0.021 seconds
[2025-11-18T02:50:46.475+0000] {processor.py:157} INFO - Started process (PID=3354) to work on /opt/airflow/dags/utils/__init__.py
[2025-11-18T02:50:46.476+0000] {processor.py:829} INFO - Processing file /opt/airflow/dags/utils/__init__.py for tasks to queue
[2025-11-18T02:50:46.477+0000] {logging_mixin.py:154} INFO - [2025-11-18T02:50:46.477+0000] {dagbag.py:536} INFO - Filling up the DagBag from /opt/airflow/dags/utils/__init__.py
[2025-11-18T02:50:46.478+0000] {processor.py:841} WARNING - No viable dags retrieved from /opt/airflow/dags/utils/__init__.py
[2025-11-18T02:50:46.490+0000] {processor.py:179} INFO - Processing /opt/airflow/dags/utils/__init__.py took 0.017 seconds
[2025-11-18T02:51:17.011+0000] {processor.py:157} INFO - Started process (PID=3419) to work on /opt/airflow/dags/utils/__init__.py
[2025-11-18T02:51:17.011+0000] {processor.py:829} INFO - Processing file /opt/airflow/dags/utils/__init__.py for tasks to queue
[2025-11-18T02:51:17.012+0000] {logging_mixin.py:154} INFO - [2025-11-18T02:51:17.012+0000] {dagbag.py:536} INFO - Filling up the DagBag from /opt/airflow/dags/utils/__init__.py
[2025-11-18T02:51:17.013+0000] {processor.py:841} WARNING - No viable dags retrieved from /opt/airflow/dags/utils/__init__.py
[2025-11-18T02:51:17.024+0000] {processor.py:179} INFO - Processing /opt/airflow/dags/utils/__init__.py took 0.016 seconds
[2025-11-18T02:51:47.359+0000] {processor.py:157} INFO - Started process (PID=3484) to work on /opt/airflow/dags/utils/__init__.py
[2025-11-18T02:51:47.361+0000] {processor.py:829} INFO - Processing file /opt/airflow/dags/utils/__init__.py for tasks to queue
[2025-11-18T02:51:47.362+0000] {logging_mixin.py:154} INFO - [2025-11-18T02:51:47.361+0000] {dagbag.py:536} INFO - Filling up the DagBag from /opt/airflow/dags/utils/__init__.py
[2025-11-18T02:51:47.363+0000] {processor.py:841} WARNING - No viable dags retrieved from /opt/airflow/dags/utils/__init__.py
[2025-11-18T02:51:47.375+0000] {processor.py:179} INFO - Processing /opt/airflow/dags/utils/__init__.py took 0.019 seconds
[2025-11-18T02:52:17.477+0000] {processor.py:157} INFO - Started process (PID=3549) to work on /opt/airflow/dags/utils/__init__.py
[2025-11-18T02:52:17.477+0000] {processor.py:829} INFO - Processing file /opt/airflow/dags/utils/__init__.py for tasks to queue
[2025-11-18T02:52:17.478+0000] {logging_mixin.py:154} INFO - [2025-11-18T02:52:17.478+0000] {dagbag.py:536} INFO - Filling up the DagBag from /opt/airflow/dags/utils/__init__.py
[2025-11-18T02:52:17.480+0000] {processor.py:841} WARNING - No viable dags retrieved from /opt/airflow/dags/utils/__init__.py
[2025-11-18T02:52:17.494+0000] {processor.py:179} INFO - Processing /opt/airflow/dags/utils/__init__.py took 0.021 seconds
[2025-11-18T02:52:47.709+0000] {processor.py:157} INFO - Started process (PID=3607) to work on /opt/airflow/dags/utils/__init__.py
[2025-11-18T02:52:47.710+0000] {processor.py:829} INFO - Processing file /opt/airflow/dags/utils/__init__.py for tasks to queue
[2025-11-18T02:52:47.710+0000] {logging_mixin.py:154} INFO - [2025-11-18T02:52:47.710+0000] {dagbag.py:536} INFO - Filling up the DagBag from /opt/airflow/dags/utils/__init__.py
[2025-11-18T02:52:47.712+0000] {processor.py:841} WARNING - No viable dags retrieved from /opt/airflow/dags/utils/__init__.py
[2025-11-18T02:52:47.724+0000] {processor.py:179} INFO - Processing /opt/airflow/dags/utils/__init__.py took 0.017 seconds
[2025-11-18T02:53:17.862+0000] {processor.py:157} INFO - Started process (PID=3672) to work on /opt/airflow/dags/utils/__init__.py
[2025-11-18T02:53:17.862+0000] {processor.py:829} INFO - Processing file /opt/airflow/dags/utils/__init__.py for tasks to queue
[2025-11-18T02:53:17.863+0000] {logging_mixin.py:154} INFO - [2025-11-18T02:53:17.863+0000] {dagbag.py:536} INFO - Filling up the DagBag from /opt/airflow/dags/utils/__init__.py
[2025-11-18T02:53:17.864+0000] {processor.py:841} WARNING - No viable dags retrieved from /opt/airflow/dags/utils/__init__.py
[2025-11-18T02:53:17.876+0000] {processor.py:179} INFO - Processing /opt/airflow/dags/utils/__init__.py took 0.017 seconds
[2025-11-18T02:53:48.019+0000] {processor.py:157} INFO - Started process (PID=3737) to work on /opt/airflow/dags/utils/__init__.py
[2025-11-18T02:53:48.020+0000] {processor.py:829} INFO - Processing file /opt/airflow/dags/utils/__init__.py for tasks to queue
[2025-11-18T02:53:48.021+0000] {logging_mixin.py:154} INFO - [2025-11-18T02:53:48.020+0000] {dagbag.py:536} INFO - Filling up the DagBag from /opt/airflow/dags/utils/__init__.py
[2025-11-18T02:53:48.022+0000] {processor.py:841} WARNING - No viable dags retrieved from /opt/airflow/dags/utils/__init__.py
[2025-11-18T02:53:48.033+0000] {processor.py:179} INFO - Processing /opt/airflow/dags/utils/__init__.py took 0.017 seconds
[2025-11-18T02:54:18.270+0000] {processor.py:157} INFO - Started process (PID=3799) to work on /opt/airflow/dags/utils/__init__.py
[2025-11-18T02:54:18.270+0000] {processor.py:829} INFO - Processing file /opt/airflow/dags/utils/__init__.py for tasks to queue
[2025-11-18T02:54:18.271+0000] {logging_mixin.py:154} INFO - [2025-11-18T02:54:18.271+0000] {dagbag.py:536} INFO - Filling up the DagBag from /opt/airflow/dags/utils/__init__.py
[2025-11-18T02:54:18.273+0000] {processor.py:841} WARNING - No viable dags retrieved from /opt/airflow/dags/utils/__init__.py
[2025-11-18T02:54:18.285+0000] {processor.py:179} INFO - Processing /opt/airflow/dags/utils/__init__.py took 0.018 seconds
[2025-11-18T02:54:48.523+0000] {processor.py:157} INFO - Started process (PID=3837) to work on /opt/airflow/dags/utils/__init__.py
[2025-11-18T02:54:48.524+0000] {processor.py:829} INFO - Processing file /opt/airflow/dags/utils/__init__.py for tasks to queue
[2025-11-18T02:54:48.524+0000] {logging_mixin.py:154} INFO - [2025-11-18T02:54:48.524+0000] {dagbag.py:536} INFO - Filling up the DagBag from /opt/airflow/dags/utils/__init__.py
[2025-11-18T02:54:48.526+0000] {processor.py:841} WARNING - No viable dags retrieved from /opt/airflow/dags/utils/__init__.py
[2025-11-18T02:54:48.537+0000] {processor.py:179} INFO - Processing /opt/airflow/dags/utils/__init__.py took 0.016 seconds
[2025-11-18T02:55:18.634+0000] {processor.py:157} INFO - Started process (PID=3896) to work on /opt/airflow/dags/utils/__init__.py
[2025-11-18T02:55:18.635+0000] {processor.py:829} INFO - Processing file /opt/airflow/dags/utils/__init__.py for tasks to queue
[2025-11-18T02:55:18.635+0000] {logging_mixin.py:154} INFO - [2025-11-18T02:55:18.635+0000] {dagbag.py:536} INFO - Filling up the DagBag from /opt/airflow/dags/utils/__init__.py
[2025-11-18T02:55:18.637+0000] {processor.py:841} WARNING - No viable dags retrieved from /opt/airflow/dags/utils/__init__.py
[2025-11-18T02:55:18.650+0000] {processor.py:179} INFO - Processing /opt/airflow/dags/utils/__init__.py took 0.019 seconds
[2025-11-18T02:55:48.827+0000] {processor.py:157} INFO - Started process (PID=3961) to work on /opt/airflow/dags/utils/__init__.py
[2025-11-18T02:55:48.829+0000] {processor.py:829} INFO - Processing file /opt/airflow/dags/utils/__init__.py for tasks to queue
[2025-11-18T02:55:48.829+0000] {logging_mixin.py:154} INFO - [2025-11-18T02:55:48.829+0000] {dagbag.py:536} INFO - Filling up the DagBag from /opt/airflow/dags/utils/__init__.py
[2025-11-18T02:55:48.831+0000] {processor.py:841} WARNING - No viable dags retrieved from /opt/airflow/dags/utils/__init__.py
[2025-11-18T02:55:48.843+0000] {processor.py:179} INFO - Processing /opt/airflow/dags/utils/__init__.py took 0.018 seconds
[2025-11-18T02:56:18.904+0000] {processor.py:157} INFO - Started process (PID=4026) to work on /opt/airflow/dags/utils/__init__.py
[2025-11-18T02:56:18.904+0000] {processor.py:829} INFO - Processing file /opt/airflow/dags/utils/__init__.py for tasks to queue
[2025-11-18T02:56:18.905+0000] {logging_mixin.py:154} INFO - [2025-11-18T02:56:18.905+0000] {dagbag.py:536} INFO - Filling up the DagBag from /opt/airflow/dags/utils/__init__.py
[2025-11-18T02:56:18.906+0000] {processor.py:841} WARNING - No viable dags retrieved from /opt/airflow/dags/utils/__init__.py
[2025-11-18T02:56:18.918+0000] {processor.py:179} INFO - Processing /opt/airflow/dags/utils/__init__.py took 0.018 seconds
[2025-11-18T02:56:49.001+0000] {processor.py:157} INFO - Started process (PID=4091) to work on /opt/airflow/dags/utils/__init__.py
[2025-11-18T02:56:49.002+0000] {processor.py:829} INFO - Processing file /opt/airflow/dags/utils/__init__.py for tasks to queue
[2025-11-18T02:56:49.003+0000] {logging_mixin.py:154} INFO - [2025-11-18T02:56:49.003+0000] {dagbag.py:536} INFO - Filling up the DagBag from /opt/airflow/dags/utils/__init__.py
[2025-11-18T02:56:49.005+0000] {processor.py:841} WARNING - No viable dags retrieved from /opt/airflow/dags/utils/__init__.py
[2025-11-18T02:56:49.016+0000] {processor.py:179} INFO - Processing /opt/airflow/dags/utils/__init__.py took 0.018 seconds
[2025-11-18T02:57:19.078+0000] {processor.py:157} INFO - Started process (PID=4149) to work on /opt/airflow/dags/utils/__init__.py
[2025-11-18T02:57:19.078+0000] {processor.py:829} INFO - Processing file /opt/airflow/dags/utils/__init__.py for tasks to queue
[2025-11-18T02:57:19.079+0000] {logging_mixin.py:154} INFO - [2025-11-18T02:57:19.079+0000] {dagbag.py:536} INFO - Filling up the DagBag from /opt/airflow/dags/utils/__init__.py
[2025-11-18T02:57:19.080+0000] {processor.py:841} WARNING - No viable dags retrieved from /opt/airflow/dags/utils/__init__.py
[2025-11-18T02:57:19.091+0000] {processor.py:179} INFO - Processing /opt/airflow/dags/utils/__init__.py took 0.016 seconds
[2025-11-18T02:57:49.153+0000] {processor.py:157} INFO - Started process (PID=4214) to work on /opt/airflow/dags/utils/__init__.py
[2025-11-18T02:57:49.155+0000] {processor.py:829} INFO - Processing file /opt/airflow/dags/utils/__init__.py for tasks to queue
[2025-11-18T02:57:49.156+0000] {logging_mixin.py:154} INFO - [2025-11-18T02:57:49.155+0000] {dagbag.py:536} INFO - Filling up the DagBag from /opt/airflow/dags/utils/__init__.py
[2025-11-18T02:57:49.158+0000] {processor.py:841} WARNING - No viable dags retrieved from /opt/airflow/dags/utils/__init__.py
[2025-11-18T02:57:49.172+0000] {processor.py:179} INFO - Processing /opt/airflow/dags/utils/__init__.py took 0.023 seconds
[2025-11-18T02:58:19.233+0000] {processor.py:157} INFO - Started process (PID=4279) to work on /opt/airflow/dags/utils/__init__.py
[2025-11-18T02:58:19.233+0000] {processor.py:829} INFO - Processing file /opt/airflow/dags/utils/__init__.py for tasks to queue
[2025-11-18T02:58:19.234+0000] {logging_mixin.py:154} INFO - [2025-11-18T02:58:19.234+0000] {dagbag.py:536} INFO - Filling up the DagBag from /opt/airflow/dags/utils/__init__.py
[2025-11-18T02:58:19.236+0000] {processor.py:841} WARNING - No viable dags retrieved from /opt/airflow/dags/utils/__init__.py
[2025-11-18T02:58:19.248+0000] {processor.py:179} INFO - Processing /opt/airflow/dags/utils/__init__.py took 0.018 seconds
[2025-11-18T02:58:49.326+0000] {processor.py:157} INFO - Started process (PID=4344) to work on /opt/airflow/dags/utils/__init__.py
[2025-11-18T02:58:49.327+0000] {processor.py:829} INFO - Processing file /opt/airflow/dags/utils/__init__.py for tasks to queue
[2025-11-18T02:58:49.328+0000] {logging_mixin.py:154} INFO - [2025-11-18T02:58:49.328+0000] {dagbag.py:536} INFO - Filling up the DagBag from /opt/airflow/dags/utils/__init__.py
[2025-11-18T02:58:49.329+0000] {processor.py:841} WARNING - No viable dags retrieved from /opt/airflow/dags/utils/__init__.py
[2025-11-18T02:58:49.340+0000] {processor.py:179} INFO - Processing /opt/airflow/dags/utils/__init__.py took 0.016 seconds
[2025-11-18T02:59:19.429+0000] {processor.py:157} INFO - Started process (PID=4402) to work on /opt/airflow/dags/utils/__init__.py
[2025-11-18T02:59:19.429+0000] {processor.py:829} INFO - Processing file /opt/airflow/dags/utils/__init__.py for tasks to queue
[2025-11-18T02:59:19.430+0000] {logging_mixin.py:154} INFO - [2025-11-18T02:59:19.429+0000] {dagbag.py:536} INFO - Filling up the DagBag from /opt/airflow/dags/utils/__init__.py
[2025-11-18T02:59:19.431+0000] {processor.py:841} WARNING - No viable dags retrieved from /opt/airflow/dags/utils/__init__.py
[2025-11-18T02:59:19.442+0000] {processor.py:179} INFO - Processing /opt/airflow/dags/utils/__init__.py took 0.016 seconds
[2025-11-18T02:59:49.531+0000] {processor.py:157} INFO - Started process (PID=4467) to work on /opt/airflow/dags/utils/__init__.py
[2025-11-18T02:59:49.532+0000] {processor.py:829} INFO - Processing file /opt/airflow/dags/utils/__init__.py for tasks to queue
[2025-11-18T02:59:49.533+0000] {logging_mixin.py:154} INFO - [2025-11-18T02:59:49.532+0000] {dagbag.py:536} INFO - Filling up the DagBag from /opt/airflow/dags/utils/__init__.py
[2025-11-18T02:59:49.535+0000] {processor.py:841} WARNING - No viable dags retrieved from /opt/airflow/dags/utils/__init__.py
[2025-11-18T02:59:49.554+0000] {processor.py:179} INFO - Processing /opt/airflow/dags/utils/__init__.py took 0.026 seconds
[2025-11-18T03:00:19.621+0000] {processor.py:157} INFO - Started process (PID=4532) to work on /opt/airflow/dags/utils/__init__.py
[2025-11-18T03:00:19.622+0000] {processor.py:829} INFO - Processing file /opt/airflow/dags/utils/__init__.py for tasks to queue
[2025-11-18T03:00:19.623+0000] {logging_mixin.py:154} INFO - [2025-11-18T03:00:19.622+0000] {dagbag.py:536} INFO - Filling up the DagBag from /opt/airflow/dags/utils/__init__.py
[2025-11-18T03:00:19.624+0000] {processor.py:841} WARNING - No viable dags retrieved from /opt/airflow/dags/utils/__init__.py
[2025-11-18T03:00:19.636+0000] {processor.py:179} INFO - Processing /opt/airflow/dags/utils/__init__.py took 0.018 seconds
[2025-11-18T03:00:49.725+0000] {processor.py:157} INFO - Started process (PID=4597) to work on /opt/airflow/dags/utils/__init__.py
[2025-11-18T03:00:49.725+0000] {processor.py:829} INFO - Processing file /opt/airflow/dags/utils/__init__.py for tasks to queue
[2025-11-18T03:00:49.726+0000] {logging_mixin.py:154} INFO - [2025-11-18T03:00:49.726+0000] {dagbag.py:536} INFO - Filling up the DagBag from /opt/airflow/dags/utils/__init__.py
[2025-11-18T03:00:49.728+0000] {processor.py:841} WARNING - No viable dags retrieved from /opt/airflow/dags/utils/__init__.py
[2025-11-18T03:00:49.742+0000] {processor.py:179} INFO - Processing /opt/airflow/dags/utils/__init__.py took 0.019 seconds
[2025-11-18T03:01:19.782+0000] {processor.py:157} INFO - Started process (PID=4656) to work on /opt/airflow/dags/utils/__init__.py
[2025-11-18T03:01:19.783+0000] {processor.py:829} INFO - Processing file /opt/airflow/dags/utils/__init__.py for tasks to queue
[2025-11-18T03:01:19.784+0000] {logging_mixin.py:154} INFO - [2025-11-18T03:01:19.784+0000] {dagbag.py:536} INFO - Filling up the DagBag from /opt/airflow/dags/utils/__init__.py
[2025-11-18T03:01:19.786+0000] {processor.py:841} WARNING - No viable dags retrieved from /opt/airflow/dags/utils/__init__.py
[2025-11-18T03:01:19.798+0000] {processor.py:179} INFO - Processing /opt/airflow/dags/utils/__init__.py took 0.019 seconds
[2025-11-18T03:01:49.865+0000] {processor.py:157} INFO - Started process (PID=4721) to work on /opt/airflow/dags/utils/__init__.py
[2025-11-18T03:01:49.866+0000] {processor.py:829} INFO - Processing file /opt/airflow/dags/utils/__init__.py for tasks to queue
[2025-11-18T03:01:49.866+0000] {logging_mixin.py:154} INFO - [2025-11-18T03:01:49.866+0000] {dagbag.py:536} INFO - Filling up the DagBag from /opt/airflow/dags/utils/__init__.py
[2025-11-18T03:01:49.868+0000] {processor.py:841} WARNING - No viable dags retrieved from /opt/airflow/dags/utils/__init__.py
[2025-11-18T03:01:49.879+0000] {processor.py:179} INFO - Processing /opt/airflow/dags/utils/__init__.py took 0.017 seconds
[2025-11-18T03:02:20.058+0000] {processor.py:157} INFO - Started process (PID=4786) to work on /opt/airflow/dags/utils/__init__.py
[2025-11-18T03:02:20.059+0000] {processor.py:829} INFO - Processing file /opt/airflow/dags/utils/__init__.py for tasks to queue
[2025-11-18T03:02:20.060+0000] {logging_mixin.py:154} INFO - [2025-11-18T03:02:20.059+0000] {dagbag.py:536} INFO - Filling up the DagBag from /opt/airflow/dags/utils/__init__.py
[2025-11-18T03:02:20.062+0000] {processor.py:841} WARNING - No viable dags retrieved from /opt/airflow/dags/utils/__init__.py
[2025-11-18T03:02:20.081+0000] {processor.py:179} INFO - Processing /opt/airflow/dags/utils/__init__.py took 0.027 seconds
[2025-11-18T03:02:50.214+0000] {processor.py:157} INFO - Started process (PID=4851) to work on /opt/airflow/dags/utils/__init__.py
[2025-11-18T03:02:50.215+0000] {processor.py:829} INFO - Processing file /opt/airflow/dags/utils/__init__.py for tasks to queue
[2025-11-18T03:02:50.216+0000] {logging_mixin.py:154} INFO - [2025-11-18T03:02:50.216+0000] {dagbag.py:536} INFO - Filling up the DagBag from /opt/airflow/dags/utils/__init__.py
[2025-11-18T03:02:50.217+0000] {processor.py:841} WARNING - No viable dags retrieved from /opt/airflow/dags/utils/__init__.py
[2025-11-18T03:02:50.229+0000] {processor.py:179} INFO - Processing /opt/airflow/dags/utils/__init__.py took 0.017 seconds
[2025-11-18T03:03:20.288+0000] {processor.py:157} INFO - Started process (PID=4907) to work on /opt/airflow/dags/utils/__init__.py
[2025-11-18T03:03:20.288+0000] {processor.py:829} INFO - Processing file /opt/airflow/dags/utils/__init__.py for tasks to queue
[2025-11-18T03:03:20.289+0000] {logging_mixin.py:154} INFO - [2025-11-18T03:03:20.289+0000] {dagbag.py:536} INFO - Filling up the DagBag from /opt/airflow/dags/utils/__init__.py
[2025-11-18T03:03:20.291+0000] {processor.py:841} WARNING - No viable dags retrieved from /opt/airflow/dags/utils/__init__.py
[2025-11-18T03:03:20.302+0000] {processor.py:179} INFO - Processing /opt/airflow/dags/utils/__init__.py took 0.017 seconds
[2025-11-18T03:03:50.514+0000] {processor.py:157} INFO - Started process (PID=4957) to work on /opt/airflow/dags/utils/__init__.py
[2025-11-18T03:03:50.515+0000] {processor.py:829} INFO - Processing file /opt/airflow/dags/utils/__init__.py for tasks to queue
[2025-11-18T03:03:50.515+0000] {logging_mixin.py:154} INFO - [2025-11-18T03:03:50.515+0000] {dagbag.py:536} INFO - Filling up the DagBag from /opt/airflow/dags/utils/__init__.py
[2025-11-18T03:03:50.517+0000] {processor.py:841} WARNING - No viable dags retrieved from /opt/airflow/dags/utils/__init__.py
[2025-11-18T03:03:50.530+0000] {processor.py:179} INFO - Processing /opt/airflow/dags/utils/__init__.py took 0.020 seconds
[2025-11-18T03:04:21.537+0000] {processor.py:157} INFO - Started process (PID=5022) to work on /opt/airflow/dags/utils/__init__.py
[2025-11-18T03:04:21.538+0000] {processor.py:829} INFO - Processing file /opt/airflow/dags/utils/__init__.py for tasks to queue
[2025-11-18T03:04:21.538+0000] {logging_mixin.py:154} INFO - [2025-11-18T03:04:21.538+0000] {dagbag.py:536} INFO - Filling up the DagBag from /opt/airflow/dags/utils/__init__.py
[2025-11-18T03:04:21.540+0000] {processor.py:841} WARNING - No viable dags retrieved from /opt/airflow/dags/utils/__init__.py
[2025-11-18T03:04:21.551+0000] {processor.py:179} INFO - Processing /opt/airflow/dags/utils/__init__.py took 0.016 seconds
[2025-11-18T03:04:51.727+0000] {processor.py:157} INFO - Started process (PID=5087) to work on /opt/airflow/dags/utils/__init__.py
[2025-11-18T03:04:51.727+0000] {processor.py:829} INFO - Processing file /opt/airflow/dags/utils/__init__.py for tasks to queue
[2025-11-18T03:04:51.728+0000] {logging_mixin.py:154} INFO - [2025-11-18T03:04:51.728+0000] {dagbag.py:536} INFO - Filling up the DagBag from /opt/airflow/dags/utils/__init__.py
[2025-11-18T03:04:51.729+0000] {processor.py:841} WARNING - No viable dags retrieved from /opt/airflow/dags/utils/__init__.py
[2025-11-18T03:04:51.740+0000] {processor.py:179} INFO - Processing /opt/airflow/dags/utils/__init__.py took 0.015 seconds
[2025-11-18T03:05:21.813+0000] {processor.py:157} INFO - Started process (PID=5152) to work on /opt/airflow/dags/utils/__init__.py
[2025-11-18T03:05:21.815+0000] {processor.py:829} INFO - Processing file /opt/airflow/dags/utils/__init__.py for tasks to queue
[2025-11-18T03:05:21.817+0000] {logging_mixin.py:154} INFO - [2025-11-18T03:05:21.817+0000] {dagbag.py:536} INFO - Filling up the DagBag from /opt/airflow/dags/utils/__init__.py
[2025-11-18T03:05:21.819+0000] {processor.py:841} WARNING - No viable dags retrieved from /opt/airflow/dags/utils/__init__.py
[2025-11-18T03:05:21.831+0000] {processor.py:179} INFO - Processing /opt/airflow/dags/utils/__init__.py took 0.022 seconds
[2025-11-18T03:05:52.544+0000] {processor.py:157} INFO - Started process (PID=5217) to work on /opt/airflow/dags/utils/__init__.py
[2025-11-18T03:05:52.545+0000] {processor.py:829} INFO - Processing file /opt/airflow/dags/utils/__init__.py for tasks to queue
[2025-11-18T03:05:52.546+0000] {logging_mixin.py:154} INFO - [2025-11-18T03:05:52.546+0000] {dagbag.py:536} INFO - Filling up the DagBag from /opt/airflow/dags/utils/__init__.py
[2025-11-18T03:05:52.548+0000] {processor.py:841} WARNING - No viable dags retrieved from /opt/airflow/dags/utils/__init__.py
[2025-11-18T03:05:52.559+0000] {processor.py:179} INFO - Processing /opt/airflow/dags/utils/__init__.py took 0.017 seconds
[2025-11-18T03:06:22.805+0000] {processor.py:157} INFO - Started process (PID=5275) to work on /opt/airflow/dags/utils/__init__.py
[2025-11-18T03:06:22.806+0000] {processor.py:829} INFO - Processing file /opt/airflow/dags/utils/__init__.py for tasks to queue
[2025-11-18T03:06:22.806+0000] {logging_mixin.py:154} INFO - [2025-11-18T03:06:22.806+0000] {dagbag.py:536} INFO - Filling up the DagBag from /opt/airflow/dags/utils/__init__.py
[2025-11-18T03:06:22.808+0000] {processor.py:841} WARNING - No viable dags retrieved from /opt/airflow/dags/utils/__init__.py
[2025-11-18T03:06:22.819+0000] {processor.py:179} INFO - Processing /opt/airflow/dags/utils/__init__.py took 0.017 seconds
[2025-11-18T03:06:52.896+0000] {processor.py:157} INFO - Started process (PID=5340) to work on /opt/airflow/dags/utils/__init__.py
[2025-11-18T03:06:52.896+0000] {processor.py:829} INFO - Processing file /opt/airflow/dags/utils/__init__.py for tasks to queue
[2025-11-18T03:06:52.897+0000] {logging_mixin.py:154} INFO - [2025-11-18T03:06:52.897+0000] {dagbag.py:536} INFO - Filling up the DagBag from /opt/airflow/dags/utils/__init__.py
[2025-11-18T03:06:52.898+0000] {processor.py:841} WARNING - No viable dags retrieved from /opt/airflow/dags/utils/__init__.py
[2025-11-18T03:06:52.909+0000] {processor.py:179} INFO - Processing /opt/airflow/dags/utils/__init__.py took 0.016 seconds
[2025-11-18T03:07:22.983+0000] {processor.py:157} INFO - Started process (PID=5405) to work on /opt/airflow/dags/utils/__init__.py
[2025-11-18T03:07:22.984+0000] {processor.py:829} INFO - Processing file /opt/airflow/dags/utils/__init__.py for tasks to queue
[2025-11-18T03:07:22.984+0000] {logging_mixin.py:154} INFO - [2025-11-18T03:07:22.984+0000] {dagbag.py:536} INFO - Filling up the DagBag from /opt/airflow/dags/utils/__init__.py
[2025-11-18T03:07:22.986+0000] {processor.py:841} WARNING - No viable dags retrieved from /opt/airflow/dags/utils/__init__.py
[2025-11-18T03:07:22.997+0000] {processor.py:179} INFO - Processing /opt/airflow/dags/utils/__init__.py took 0.016 seconds
[2025-11-18T03:07:53.218+0000] {processor.py:157} INFO - Started process (PID=5470) to work on /opt/airflow/dags/utils/__init__.py
[2025-11-18T03:07:53.218+0000] {processor.py:829} INFO - Processing file /opt/airflow/dags/utils/__init__.py for tasks to queue
[2025-11-18T03:07:53.219+0000] {logging_mixin.py:154} INFO - [2025-11-18T03:07:53.218+0000] {dagbag.py:536} INFO - Filling up the DagBag from /opt/airflow/dags/utils/__init__.py
[2025-11-18T03:07:53.220+0000] {processor.py:841} WARNING - No viable dags retrieved from /opt/airflow/dags/utils/__init__.py
[2025-11-18T03:07:53.234+0000] {processor.py:179} INFO - Processing /opt/airflow/dags/utils/__init__.py took 0.020 seconds
[2025-11-18T03:08:23.284+0000] {processor.py:157} INFO - Started process (PID=5528) to work on /opt/airflow/dags/utils/__init__.py
[2025-11-18T03:08:23.285+0000] {processor.py:829} INFO - Processing file /opt/airflow/dags/utils/__init__.py for tasks to queue
[2025-11-18T03:08:23.285+0000] {logging_mixin.py:154} INFO - [2025-11-18T03:08:23.285+0000] {dagbag.py:536} INFO - Filling up the DagBag from /opt/airflow/dags/utils/__init__.py
[2025-11-18T03:08:23.287+0000] {processor.py:841} WARNING - No viable dags retrieved from /opt/airflow/dags/utils/__init__.py
[2025-11-18T03:08:23.299+0000] {processor.py:179} INFO - Processing /opt/airflow/dags/utils/__init__.py took 0.017 seconds
[2025-11-18T03:08:53.987+0000] {processor.py:157} INFO - Started process (PID=5593) to work on /opt/airflow/dags/utils/__init__.py
[2025-11-18T03:08:53.988+0000] {processor.py:829} INFO - Processing file /opt/airflow/dags/utils/__init__.py for tasks to queue
[2025-11-18T03:08:53.988+0000] {logging_mixin.py:154} INFO - [2025-11-18T03:08:53.988+0000] {dagbag.py:536} INFO - Filling up the DagBag from /opt/airflow/dags/utils/__init__.py
[2025-11-18T03:08:53.990+0000] {processor.py:841} WARNING - No viable dags retrieved from /opt/airflow/dags/utils/__init__.py
[2025-11-18T03:08:54.001+0000] {processor.py:179} INFO - Processing /opt/airflow/dags/utils/__init__.py took 0.017 seconds
[2025-11-18T03:09:24.552+0000] {processor.py:157} INFO - Started process (PID=5658) to work on /opt/airflow/dags/utils/__init__.py
[2025-11-18T03:09:24.553+0000] {processor.py:829} INFO - Processing file /opt/airflow/dags/utils/__init__.py for tasks to queue
[2025-11-18T03:09:24.553+0000] {logging_mixin.py:154} INFO - [2025-11-18T03:09:24.553+0000] {dagbag.py:536} INFO - Filling up the DagBag from /opt/airflow/dags/utils/__init__.py
[2025-11-18T03:09:24.555+0000] {processor.py:841} WARNING - No viable dags retrieved from /opt/airflow/dags/utils/__init__.py
[2025-11-18T03:09:24.567+0000] {processor.py:179} INFO - Processing /opt/airflow/dags/utils/__init__.py took 0.017 seconds
[2025-11-18T03:09:55.253+0000] {processor.py:157} INFO - Started process (PID=5723) to work on /opt/airflow/dags/utils/__init__.py
[2025-11-18T03:09:55.254+0000] {processor.py:829} INFO - Processing file /opt/airflow/dags/utils/__init__.py for tasks to queue
[2025-11-18T03:09:55.255+0000] {logging_mixin.py:154} INFO - [2025-11-18T03:09:55.254+0000] {dagbag.py:536} INFO - Filling up the DagBag from /opt/airflow/dags/utils/__init__.py
[2025-11-18T03:09:55.256+0000] {processor.py:841} WARNING - No viable dags retrieved from /opt/airflow/dags/utils/__init__.py
[2025-11-18T03:09:55.269+0000] {processor.py:179} INFO - Processing /opt/airflow/dags/utils/__init__.py took 0.018 seconds
[2025-11-18T03:10:25.963+0000] {processor.py:157} INFO - Started process (PID=5788) to work on /opt/airflow/dags/utils/__init__.py
[2025-11-18T03:10:25.964+0000] {processor.py:829} INFO - Processing file /opt/airflow/dags/utils/__init__.py for tasks to queue
[2025-11-18T03:10:25.965+0000] {logging_mixin.py:154} INFO - [2025-11-18T03:10:25.965+0000] {dagbag.py:536} INFO - Filling up the DagBag from /opt/airflow/dags/utils/__init__.py
[2025-11-18T03:10:25.966+0000] {processor.py:841} WARNING - No viable dags retrieved from /opt/airflow/dags/utils/__init__.py
[2025-11-18T03:10:25.978+0000] {processor.py:179} INFO - Processing /opt/airflow/dags/utils/__init__.py took 0.018 seconds
[2025-11-18T03:10:56.134+0000] {processor.py:157} INFO - Started process (PID=5846) to work on /opt/airflow/dags/utils/__init__.py
[2025-11-18T03:10:56.134+0000] {processor.py:829} INFO - Processing file /opt/airflow/dags/utils/__init__.py for tasks to queue
[2025-11-18T03:10:56.135+0000] {logging_mixin.py:154} INFO - [2025-11-18T03:10:56.135+0000] {dagbag.py:536} INFO - Filling up the DagBag from /opt/airflow/dags/utils/__init__.py
[2025-11-18T03:10:56.137+0000] {processor.py:841} WARNING - No viable dags retrieved from /opt/airflow/dags/utils/__init__.py
[2025-11-18T03:10:56.148+0000] {processor.py:179} INFO - Processing /opt/airflow/dags/utils/__init__.py took 0.017 seconds
[2025-11-18T03:11:26.180+0000] {processor.py:157} INFO - Started process (PID=5911) to work on /opt/airflow/dags/utils/__init__.py
[2025-11-18T03:11:26.180+0000] {processor.py:829} INFO - Processing file /opt/airflow/dags/utils/__init__.py for tasks to queue
[2025-11-18T03:11:26.181+0000] {logging_mixin.py:154} INFO - [2025-11-18T03:11:26.181+0000] {dagbag.py:536} INFO - Filling up the DagBag from /opt/airflow/dags/utils/__init__.py
[2025-11-18T03:11:26.183+0000] {processor.py:841} WARNING - No viable dags retrieved from /opt/airflow/dags/utils/__init__.py
[2025-11-18T03:11:26.195+0000] {processor.py:179} INFO - Processing /opt/airflow/dags/utils/__init__.py took 0.017 seconds
[2025-11-18T03:11:56.773+0000] {processor.py:157} INFO - Started process (PID=5976) to work on /opt/airflow/dags/utils/__init__.py
[2025-11-18T03:11:56.774+0000] {processor.py:829} INFO - Processing file /opt/airflow/dags/utils/__init__.py for tasks to queue
[2025-11-18T03:11:56.774+0000] {logging_mixin.py:154} INFO - [2025-11-18T03:11:56.774+0000] {dagbag.py:536} INFO - Filling up the DagBag from /opt/airflow/dags/utils/__init__.py
[2025-11-18T03:11:56.776+0000] {processor.py:841} WARNING - No viable dags retrieved from /opt/airflow/dags/utils/__init__.py
[2025-11-18T03:11:56.787+0000] {processor.py:179} INFO - Processing /opt/airflow/dags/utils/__init__.py took 0.016 seconds
[2025-11-18T03:12:26.818+0000] {processor.py:157} INFO - Started process (PID=6041) to work on /opt/airflow/dags/utils/__init__.py
[2025-11-18T03:12:26.818+0000] {processor.py:829} INFO - Processing file /opt/airflow/dags/utils/__init__.py for tasks to queue
[2025-11-18T03:12:26.818+0000] {logging_mixin.py:154} INFO - [2025-11-18T03:12:26.818+0000] {dagbag.py:536} INFO - Filling up the DagBag from /opt/airflow/dags/utils/__init__.py
[2025-11-18T03:12:26.820+0000] {processor.py:841} WARNING - No viable dags retrieved from /opt/airflow/dags/utils/__init__.py
[2025-11-18T03:12:26.831+0000] {processor.py:179} INFO - Processing /opt/airflow/dags/utils/__init__.py took 0.015 seconds
[2025-11-18T03:12:56.906+0000] {processor.py:157} INFO - Started process (PID=6106) to work on /opt/airflow/dags/utils/__init__.py
[2025-11-18T03:12:56.907+0000] {processor.py:829} INFO - Processing file /opt/airflow/dags/utils/__init__.py for tasks to queue
[2025-11-18T03:12:56.908+0000] {logging_mixin.py:154} INFO - [2025-11-18T03:12:56.908+0000] {dagbag.py:536} INFO - Filling up the DagBag from /opt/airflow/dags/utils/__init__.py
[2025-11-18T03:12:56.910+0000] {processor.py:841} WARNING - No viable dags retrieved from /opt/airflow/dags/utils/__init__.py
[2025-11-18T03:12:56.922+0000] {processor.py:179} INFO - Processing /opt/airflow/dags/utils/__init__.py took 0.020 seconds
[2025-11-18T03:13:26.984+0000] {processor.py:157} INFO - Started process (PID=6164) to work on /opt/airflow/dags/utils/__init__.py
[2025-11-18T03:13:26.985+0000] {processor.py:829} INFO - Processing file /opt/airflow/dags/utils/__init__.py for tasks to queue
[2025-11-18T03:13:26.985+0000] {logging_mixin.py:154} INFO - [2025-11-18T03:13:26.985+0000] {dagbag.py:536} INFO - Filling up the DagBag from /opt/airflow/dags/utils/__init__.py
[2025-11-18T03:13:26.987+0000] {processor.py:841} WARNING - No viable dags retrieved from /opt/airflow/dags/utils/__init__.py
[2025-11-18T03:13:27.000+0000] {processor.py:179} INFO - Processing /opt/airflow/dags/utils/__init__.py took 0.019 seconds
[2025-11-18T03:13:57.029+0000] {processor.py:157} INFO - Started process (PID=6212) to work on /opt/airflow/dags/utils/__init__.py
[2025-11-18T03:13:57.030+0000] {processor.py:829} INFO - Processing file /opt/airflow/dags/utils/__init__.py for tasks to queue
[2025-11-18T03:13:57.030+0000] {logging_mixin.py:154} INFO - [2025-11-18T03:13:57.030+0000] {dagbag.py:536} INFO - Filling up the DagBag from /opt/airflow/dags/utils/__init__.py
[2025-11-18T03:13:57.032+0000] {processor.py:841} WARNING - No viable dags retrieved from /opt/airflow/dags/utils/__init__.py
[2025-11-18T03:13:57.042+0000] {processor.py:179} INFO - Processing /opt/airflow/dags/utils/__init__.py took 0.016 seconds
[2025-11-18T03:14:27.103+0000] {processor.py:157} INFO - Started process (PID=6277) to work on /opt/airflow/dags/utils/__init__.py
[2025-11-18T03:14:27.103+0000] {processor.py:829} INFO - Processing file /opt/airflow/dags/utils/__init__.py for tasks to queue
[2025-11-18T03:14:27.104+0000] {logging_mixin.py:154} INFO - [2025-11-18T03:14:27.104+0000] {dagbag.py:536} INFO - Filling up the DagBag from /opt/airflow/dags/utils/__init__.py
[2025-11-18T03:14:27.106+0000] {processor.py:841} WARNING - No viable dags retrieved from /opt/airflow/dags/utils/__init__.py
[2025-11-18T03:14:27.118+0000] {processor.py:179} INFO - Processing /opt/airflow/dags/utils/__init__.py took 0.017 seconds
[2025-11-18T03:14:57.788+0000] {processor.py:157} INFO - Started process (PID=6342) to work on /opt/airflow/dags/utils/__init__.py
[2025-11-18T03:14:57.788+0000] {processor.py:829} INFO - Processing file /opt/airflow/dags/utils/__init__.py for tasks to queue
[2025-11-18T03:14:57.789+0000] {logging_mixin.py:154} INFO - [2025-11-18T03:14:57.789+0000] {dagbag.py:536} INFO - Filling up the DagBag from /opt/airflow/dags/utils/__init__.py
[2025-11-18T03:14:57.791+0000] {processor.py:841} WARNING - No viable dags retrieved from /opt/airflow/dags/utils/__init__.py
[2025-11-18T03:14:57.802+0000] {processor.py:179} INFO - Processing /opt/airflow/dags/utils/__init__.py took 0.017 seconds
[2025-11-18T03:15:27.874+0000] {processor.py:157} INFO - Started process (PID=6400) to work on /opt/airflow/dags/utils/__init__.py
[2025-11-18T03:15:27.875+0000] {processor.py:829} INFO - Processing file /opt/airflow/dags/utils/__init__.py for tasks to queue
[2025-11-18T03:15:27.875+0000] {logging_mixin.py:154} INFO - [2025-11-18T03:15:27.875+0000] {dagbag.py:536} INFO - Filling up the DagBag from /opt/airflow/dags/utils/__init__.py
[2025-11-18T03:15:27.877+0000] {processor.py:841} WARNING - No viable dags retrieved from /opt/airflow/dags/utils/__init__.py
[2025-11-18T03:15:27.888+0000] {processor.py:179} INFO - Processing /opt/airflow/dags/utils/__init__.py took 0.017 seconds
[2025-11-18T03:15:58.007+0000] {processor.py:157} INFO - Started process (PID=6465) to work on /opt/airflow/dags/utils/__init__.py
[2025-11-18T03:15:58.008+0000] {processor.py:829} INFO - Processing file /opt/airflow/dags/utils/__init__.py for tasks to queue
[2025-11-18T03:15:58.008+0000] {logging_mixin.py:154} INFO - [2025-11-18T03:15:58.008+0000] {dagbag.py:536} INFO - Filling up the DagBag from /opt/airflow/dags/utils/__init__.py
[2025-11-18T03:15:58.010+0000] {processor.py:841} WARNING - No viable dags retrieved from /opt/airflow/dags/utils/__init__.py
[2025-11-18T03:15:58.021+0000] {processor.py:179} INFO - Processing /opt/airflow/dags/utils/__init__.py took 0.017 seconds
[2025-11-18T03:16:28.077+0000] {processor.py:157} INFO - Started process (PID=6530) to work on /opt/airflow/dags/utils/__init__.py
[2025-11-18T03:16:28.078+0000] {processor.py:829} INFO - Processing file /opt/airflow/dags/utils/__init__.py for tasks to queue
[2025-11-18T03:16:28.078+0000] {logging_mixin.py:154} INFO - [2025-11-18T03:16:28.078+0000] {dagbag.py:536} INFO - Filling up the DagBag from /opt/airflow/dags/utils/__init__.py
[2025-11-18T03:16:28.080+0000] {processor.py:841} WARNING - No viable dags retrieved from /opt/airflow/dags/utils/__init__.py
[2025-11-18T03:16:28.091+0000] {processor.py:179} INFO - Processing /opt/airflow/dags/utils/__init__.py took 0.016 seconds
[2025-11-18T03:16:58.574+0000] {processor.py:157} INFO - Started process (PID=6595) to work on /opt/airflow/dags/utils/__init__.py
[2025-11-18T03:16:58.576+0000] {processor.py:829} INFO - Processing file /opt/airflow/dags/utils/__init__.py for tasks to queue
[2025-11-18T03:16:58.576+0000] {logging_mixin.py:154} INFO - [2025-11-18T03:16:58.576+0000] {dagbag.py:536} INFO - Filling up the DagBag from /opt/airflow/dags/utils/__init__.py
[2025-11-18T03:16:58.578+0000] {processor.py:841} WARNING - No viable dags retrieved from /opt/airflow/dags/utils/__init__.py
[2025-11-18T03:16:58.589+0000] {processor.py:179} INFO - Processing /opt/airflow/dags/utils/__init__.py took 0.018 seconds
[2025-11-18T03:17:29.237+0000] {processor.py:157} INFO - Started process (PID=6660) to work on /opt/airflow/dags/utils/__init__.py
[2025-11-18T03:17:29.237+0000] {processor.py:829} INFO - Processing file /opt/airflow/dags/utils/__init__.py for tasks to queue
[2025-11-18T03:17:29.238+0000] {logging_mixin.py:154} INFO - [2025-11-18T03:17:29.237+0000] {dagbag.py:536} INFO - Filling up the DagBag from /opt/airflow/dags/utils/__init__.py
[2025-11-18T03:17:29.239+0000] {processor.py:841} WARNING - No viable dags retrieved from /opt/airflow/dags/utils/__init__.py
[2025-11-18T03:17:29.250+0000] {processor.py:179} INFO - Processing /opt/airflow/dags/utils/__init__.py took 0.017 seconds
[2025-11-18T03:17:59.873+0000] {processor.py:157} INFO - Started process (PID=6718) to work on /opt/airflow/dags/utils/__init__.py
[2025-11-18T03:17:59.873+0000] {processor.py:829} INFO - Processing file /opt/airflow/dags/utils/__init__.py for tasks to queue
[2025-11-18T03:17:59.874+0000] {logging_mixin.py:154} INFO - [2025-11-18T03:17:59.874+0000] {dagbag.py:536} INFO - Filling up the DagBag from /opt/airflow/dags/utils/__init__.py
[2025-11-18T03:17:59.876+0000] {processor.py:841} WARNING - No viable dags retrieved from /opt/airflow/dags/utils/__init__.py
[2025-11-18T03:17:59.887+0000] {processor.py:179} INFO - Processing /opt/airflow/dags/utils/__init__.py took 0.017 seconds
[2025-11-18T03:18:30.539+0000] {processor.py:157} INFO - Started process (PID=6783) to work on /opt/airflow/dags/utils/__init__.py
[2025-11-18T03:18:30.540+0000] {processor.py:829} INFO - Processing file /opt/airflow/dags/utils/__init__.py for tasks to queue
[2025-11-18T03:18:30.541+0000] {logging_mixin.py:154} INFO - [2025-11-18T03:18:30.540+0000] {dagbag.py:536} INFO - Filling up the DagBag from /opt/airflow/dags/utils/__init__.py
[2025-11-18T03:18:30.542+0000] {processor.py:841} WARNING - No viable dags retrieved from /opt/airflow/dags/utils/__init__.py
[2025-11-18T03:18:30.553+0000] {processor.py:179} INFO - Processing /opt/airflow/dags/utils/__init__.py took 0.017 seconds
[2025-11-18T03:19:00.754+0000] {processor.py:157} INFO - Started process (PID=6848) to work on /opt/airflow/dags/utils/__init__.py
[2025-11-18T03:19:00.755+0000] {processor.py:829} INFO - Processing file /opt/airflow/dags/utils/__init__.py for tasks to queue
[2025-11-18T03:19:00.755+0000] {logging_mixin.py:154} INFO - [2025-11-18T03:19:00.755+0000] {dagbag.py:536} INFO - Filling up the DagBag from /opt/airflow/dags/utils/__init__.py
[2025-11-18T03:19:00.757+0000] {processor.py:841} WARNING - No viable dags retrieved from /opt/airflow/dags/utils/__init__.py
[2025-11-18T03:19:00.768+0000] {processor.py:179} INFO - Processing /opt/airflow/dags/utils/__init__.py took 0.017 seconds
[2025-11-18T03:19:30.795+0000] {processor.py:157} INFO - Started process (PID=6914) to work on /opt/airflow/dags/utils/__init__.py
[2025-11-18T03:19:30.795+0000] {processor.py:829} INFO - Processing file /opt/airflow/dags/utils/__init__.py for tasks to queue
[2025-11-18T03:19:30.795+0000] {logging_mixin.py:154} INFO - [2025-11-18T03:19:30.795+0000] {dagbag.py:536} INFO - Filling up the DagBag from /opt/airflow/dags/utils/__init__.py
[2025-11-18T03:19:30.797+0000] {processor.py:841} WARNING - No viable dags retrieved from /opt/airflow/dags/utils/__init__.py
[2025-11-18T03:19:30.808+0000] {processor.py:179} INFO - Processing /opt/airflow/dags/utils/__init__.py took 0.016 seconds
[2025-11-18T03:20:01.173+0000] {processor.py:157} INFO - Started process (PID=6979) to work on /opt/airflow/dags/utils/__init__.py
[2025-11-18T03:20:01.174+0000] {processor.py:829} INFO - Processing file /opt/airflow/dags/utils/__init__.py for tasks to queue
[2025-11-18T03:20:01.174+0000] {logging_mixin.py:154} INFO - [2025-11-18T03:20:01.174+0000] {dagbag.py:536} INFO - Filling up the DagBag from /opt/airflow/dags/utils/__init__.py
[2025-11-18T03:20:01.176+0000] {processor.py:841} WARNING - No viable dags retrieved from /opt/airflow/dags/utils/__init__.py
[2025-11-18T03:20:01.187+0000] {processor.py:179} INFO - Processing /opt/airflow/dags/utils/__init__.py took 0.017 seconds
[2025-11-18T03:20:31.868+0000] {processor.py:157} INFO - Started process (PID=7037) to work on /opt/airflow/dags/utils/__init__.py
[2025-11-18T03:20:31.868+0000] {processor.py:829} INFO - Processing file /opt/airflow/dags/utils/__init__.py for tasks to queue
[2025-11-18T03:20:31.868+0000] {logging_mixin.py:154} INFO - [2025-11-18T03:20:31.868+0000] {dagbag.py:536} INFO - Filling up the DagBag from /opt/airflow/dags/utils/__init__.py
[2025-11-18T03:20:31.870+0000] {processor.py:841} WARNING - No viable dags retrieved from /opt/airflow/dags/utils/__init__.py
[2025-11-18T03:20:31.881+0000] {processor.py:179} INFO - Processing /opt/airflow/dags/utils/__init__.py took 0.017 seconds
[2025-11-18T03:21:01.926+0000] {processor.py:157} INFO - Started process (PID=7102) to work on /opt/airflow/dags/utils/__init__.py
[2025-11-18T03:21:01.927+0000] {processor.py:829} INFO - Processing file /opt/airflow/dags/utils/__init__.py for tasks to queue
[2025-11-18T03:21:01.928+0000] {logging_mixin.py:154} INFO - [2025-11-18T03:21:01.928+0000] {dagbag.py:536} INFO - Filling up the DagBag from /opt/airflow/dags/utils/__init__.py
[2025-11-18T03:21:01.930+0000] {processor.py:841} WARNING - No viable dags retrieved from /opt/airflow/dags/utils/__init__.py
[2025-11-18T03:21:01.941+0000] {processor.py:179} INFO - Processing /opt/airflow/dags/utils/__init__.py took 0.018 seconds
[2025-11-18T03:21:32.561+0000] {processor.py:157} INFO - Started process (PID=7167) to work on /opt/airflow/dags/utils/__init__.py
[2025-11-18T03:21:32.561+0000] {processor.py:829} INFO - Processing file /opt/airflow/dags/utils/__init__.py for tasks to queue
[2025-11-18T03:21:32.562+0000] {logging_mixin.py:154} INFO - [2025-11-18T03:21:32.561+0000] {dagbag.py:536} INFO - Filling up the DagBag from /opt/airflow/dags/utils/__init__.py
[2025-11-18T03:21:32.563+0000] {processor.py:841} WARNING - No viable dags retrieved from /opt/airflow/dags/utils/__init__.py
[2025-11-18T03:21:32.574+0000] {processor.py:179} INFO - Processing /opt/airflow/dags/utils/__init__.py took 0.016 seconds
[2025-11-18T03:22:03.127+0000] {processor.py:157} INFO - Started process (PID=7232) to work on /opt/airflow/dags/utils/__init__.py
[2025-11-18T03:22:03.128+0000] {processor.py:829} INFO - Processing file /opt/airflow/dags/utils/__init__.py for tasks to queue
[2025-11-18T03:22:03.129+0000] {logging_mixin.py:154} INFO - [2025-11-18T03:22:03.128+0000] {dagbag.py:536} INFO - Filling up the DagBag from /opt/airflow/dags/utils/__init__.py
[2025-11-18T03:22:03.130+0000] {processor.py:841} WARNING - No viable dags retrieved from /opt/airflow/dags/utils/__init__.py
[2025-11-18T03:22:03.141+0000] {processor.py:179} INFO - Processing /opt/airflow/dags/utils/__init__.py took 0.017 seconds
[2025-11-18T03:22:33.569+0000] {processor.py:157} INFO - Started process (PID=7297) to work on /opt/airflow/dags/utils/__init__.py
[2025-11-18T03:22:33.570+0000] {processor.py:829} INFO - Processing file /opt/airflow/dags/utils/__init__.py for tasks to queue
[2025-11-18T03:22:33.570+0000] {logging_mixin.py:154} INFO - [2025-11-18T03:22:33.570+0000] {dagbag.py:536} INFO - Filling up the DagBag from /opt/airflow/dags/utils/__init__.py
[2025-11-18T03:22:33.572+0000] {processor.py:841} WARNING - No viable dags retrieved from /opt/airflow/dags/utils/__init__.py
[2025-11-18T03:22:33.582+0000] {processor.py:179} INFO - Processing /opt/airflow/dags/utils/__init__.py took 0.015 seconds
[2025-11-18T03:23:04.042+0000] {processor.py:157} INFO - Started process (PID=7355) to work on /opt/airflow/dags/utils/__init__.py
[2025-11-18T03:23:04.043+0000] {processor.py:829} INFO - Processing file /opt/airflow/dags/utils/__init__.py for tasks to queue
[2025-11-18T03:23:04.044+0000] {logging_mixin.py:154} INFO - [2025-11-18T03:23:04.043+0000] {dagbag.py:536} INFO - Filling up the DagBag from /opt/airflow/dags/utils/__init__.py
[2025-11-18T03:23:04.045+0000] {processor.py:841} WARNING - No viable dags retrieved from /opt/airflow/dags/utils/__init__.py
[2025-11-18T03:23:04.057+0000] {processor.py:179} INFO - Processing /opt/airflow/dags/utils/__init__.py took 0.017 seconds
[2025-11-18T03:23:34.622+0000] {processor.py:157} INFO - Started process (PID=7420) to work on /opt/airflow/dags/utils/__init__.py
[2025-11-18T03:23:34.623+0000] {processor.py:829} INFO - Processing file /opt/airflow/dags/utils/__init__.py for tasks to queue
[2025-11-18T03:23:34.623+0000] {logging_mixin.py:154} INFO - [2025-11-18T03:23:34.623+0000] {dagbag.py:536} INFO - Filling up the DagBag from /opt/airflow/dags/utils/__init__.py
[2025-11-18T03:23:34.625+0000] {processor.py:841} WARNING - No viable dags retrieved from /opt/airflow/dags/utils/__init__.py
[2025-11-18T03:23:34.636+0000] {processor.py:179} INFO - Processing /opt/airflow/dags/utils/__init__.py took 0.017 seconds
[2025-11-18T03:24:05.291+0000] {processor.py:157} INFO - Started process (PID=7485) to work on /opt/airflow/dags/utils/__init__.py
[2025-11-18T03:24:05.292+0000] {processor.py:829} INFO - Processing file /opt/airflow/dags/utils/__init__.py for tasks to queue
[2025-11-18T03:24:05.293+0000] {logging_mixin.py:154} INFO - [2025-11-18T03:24:05.292+0000] {dagbag.py:536} INFO - Filling up the DagBag from /opt/airflow/dags/utils/__init__.py
[2025-11-18T03:24:05.294+0000] {processor.py:841} WARNING - No viable dags retrieved from /opt/airflow/dags/utils/__init__.py
[2025-11-18T03:24:05.305+0000] {processor.py:179} INFO - Processing /opt/airflow/dags/utils/__init__.py took 0.018 seconds
[2025-11-18T03:24:36.090+0000] {processor.py:157} INFO - Started process (PID=7550) to work on /opt/airflow/dags/utils/__init__.py
[2025-11-18T03:24:36.091+0000] {processor.py:829} INFO - Processing file /opt/airflow/dags/utils/__init__.py for tasks to queue
[2025-11-18T03:24:36.091+0000] {logging_mixin.py:154} INFO - [2025-11-18T03:24:36.091+0000] {dagbag.py:536} INFO - Filling up the DagBag from /opt/airflow/dags/utils/__init__.py
[2025-11-18T03:24:36.093+0000] {processor.py:841} WARNING - No viable dags retrieved from /opt/airflow/dags/utils/__init__.py
[2025-11-18T03:24:36.105+0000] {processor.py:179} INFO - Processing /opt/airflow/dags/utils/__init__.py took 0.017 seconds
[2025-11-18T03:25:06.321+0000] {processor.py:157} INFO - Started process (PID=7615) to work on /opt/airflow/dags/utils/__init__.py
[2025-11-18T03:25:06.322+0000] {processor.py:829} INFO - Processing file /opt/airflow/dags/utils/__init__.py for tasks to queue
[2025-11-18T03:25:06.322+0000] {logging_mixin.py:154} INFO - [2025-11-18T03:25:06.322+0000] {dagbag.py:536} INFO - Filling up the DagBag from /opt/airflow/dags/utils/__init__.py
[2025-11-18T03:25:06.324+0000] {processor.py:841} WARNING - No viable dags retrieved from /opt/airflow/dags/utils/__init__.py
[2025-11-18T03:25:06.336+0000] {processor.py:179} INFO - Processing /opt/airflow/dags/utils/__init__.py took 0.019 seconds
[2025-11-18T03:25:36.567+0000] {processor.py:157} INFO - Started process (PID=7674) to work on /opt/airflow/dags/utils/__init__.py
[2025-11-18T03:25:36.568+0000] {processor.py:829} INFO - Processing file /opt/airflow/dags/utils/__init__.py for tasks to queue
[2025-11-18T03:25:36.568+0000] {logging_mixin.py:154} INFO - [2025-11-18T03:25:36.568+0000] {dagbag.py:536} INFO - Filling up the DagBag from /opt/airflow/dags/utils/__init__.py
[2025-11-18T03:25:36.570+0000] {processor.py:841} WARNING - No viable dags retrieved from /opt/airflow/dags/utils/__init__.py
[2025-11-18T03:25:36.582+0000] {processor.py:179} INFO - Processing /opt/airflow/dags/utils/__init__.py took 0.017 seconds
[2025-11-18T03:26:07.267+0000] {processor.py:157} INFO - Started process (PID=7737) to work on /opt/airflow/dags/utils/__init__.py
[2025-11-18T03:26:07.267+0000] {processor.py:829} INFO - Processing file /opt/airflow/dags/utils/__init__.py for tasks to queue
[2025-11-18T03:26:07.268+0000] {logging_mixin.py:154} INFO - [2025-11-18T03:26:07.268+0000] {dagbag.py:536} INFO - Filling up the DagBag from /opt/airflow/dags/utils/__init__.py
[2025-11-18T03:26:07.270+0000] {processor.py:841} WARNING - No viable dags retrieved from /opt/airflow/dags/utils/__init__.py
[2025-11-18T03:26:07.281+0000] {processor.py:179} INFO - Processing /opt/airflow/dags/utils/__init__.py took 0.017 seconds
[2025-11-18T03:26:38.057+0000] {processor.py:157} INFO - Started process (PID=7787) to work on /opt/airflow/dags/utils/__init__.py
[2025-11-18T03:26:38.057+0000] {processor.py:829} INFO - Processing file /opt/airflow/dags/utils/__init__.py for tasks to queue
[2025-11-18T03:26:38.058+0000] {logging_mixin.py:154} INFO - [2025-11-18T03:26:38.058+0000] {dagbag.py:536} INFO - Filling up the DagBag from /opt/airflow/dags/utils/__init__.py
[2025-11-18T03:26:38.059+0000] {processor.py:841} WARNING - No viable dags retrieved from /opt/airflow/dags/utils/__init__.py
[2025-11-18T03:26:38.070+0000] {processor.py:179} INFO - Processing /opt/airflow/dags/utils/__init__.py took 0.016 seconds
[2025-11-18T03:27:08.996+0000] {processor.py:157} INFO - Started process (PID=7853) to work on /opt/airflow/dags/utils/__init__.py
[2025-11-18T03:27:08.996+0000] {processor.py:829} INFO - Processing file /opt/airflow/dags/utils/__init__.py for tasks to queue
[2025-11-18T03:27:08.997+0000] {logging_mixin.py:154} INFO - [2025-11-18T03:27:08.997+0000] {dagbag.py:536} INFO - Filling up the DagBag from /opt/airflow/dags/utils/__init__.py
[2025-11-18T03:27:08.999+0000] {processor.py:841} WARNING - No viable dags retrieved from /opt/airflow/dags/utils/__init__.py
[2025-11-18T03:27:09.010+0000] {processor.py:179} INFO - Processing /opt/airflow/dags/utils/__init__.py took 0.017 seconds
[2025-11-18T03:27:39.676+0000] {processor.py:157} INFO - Started process (PID=7918) to work on /opt/airflow/dags/utils/__init__.py
[2025-11-18T03:27:39.677+0000] {processor.py:829} INFO - Processing file /opt/airflow/dags/utils/__init__.py for tasks to queue
[2025-11-18T03:27:39.677+0000] {logging_mixin.py:154} INFO - [2025-11-18T03:27:39.677+0000] {dagbag.py:536} INFO - Filling up the DagBag from /opt/airflow/dags/utils/__init__.py
[2025-11-18T03:27:39.679+0000] {processor.py:841} WARNING - No viable dags retrieved from /opt/airflow/dags/utils/__init__.py
[2025-11-18T03:27:39.692+0000] {processor.py:179} INFO - Processing /opt/airflow/dags/utils/__init__.py took 0.018 seconds
[2025-11-18T03:28:09.759+0000] {processor.py:157} INFO - Started process (PID=7983) to work on /opt/airflow/dags/utils/__init__.py
[2025-11-18T03:28:09.760+0000] {processor.py:829} INFO - Processing file /opt/airflow/dags/utils/__init__.py for tasks to queue
[2025-11-18T03:28:09.760+0000] {logging_mixin.py:154} INFO - [2025-11-18T03:28:09.760+0000] {dagbag.py:536} INFO - Filling up the DagBag from /opt/airflow/dags/utils/__init__.py
[2025-11-18T03:28:09.762+0000] {processor.py:841} WARNING - No viable dags retrieved from /opt/airflow/dags/utils/__init__.py
[2025-11-18T03:28:09.773+0000] {processor.py:179} INFO - Processing /opt/airflow/dags/utils/__init__.py took 0.017 seconds
[2025-11-18T03:28:39.976+0000] {processor.py:157} INFO - Started process (PID=8041) to work on /opt/airflow/dags/utils/__init__.py
[2025-11-18T03:28:39.976+0000] {processor.py:829} INFO - Processing file /opt/airflow/dags/utils/__init__.py for tasks to queue
[2025-11-18T03:28:39.977+0000] {logging_mixin.py:154} INFO - [2025-11-18T03:28:39.976+0000] {dagbag.py:536} INFO - Filling up the DagBag from /opt/airflow/dags/utils/__init__.py
[2025-11-18T03:28:39.978+0000] {processor.py:841} WARNING - No viable dags retrieved from /opt/airflow/dags/utils/__init__.py
[2025-11-18T03:28:39.990+0000] {processor.py:179} INFO - Processing /opt/airflow/dags/utils/__init__.py took 0.017 seconds
[2025-11-18T03:29:10.058+0000] {processor.py:157} INFO - Started process (PID=8106) to work on /opt/airflow/dags/utils/__init__.py
[2025-11-18T03:29:10.058+0000] {processor.py:829} INFO - Processing file /opt/airflow/dags/utils/__init__.py for tasks to queue
[2025-11-18T03:29:10.059+0000] {logging_mixin.py:154} INFO - [2025-11-18T03:29:10.059+0000] {dagbag.py:536} INFO - Filling up the DagBag from /opt/airflow/dags/utils/__init__.py
[2025-11-18T03:29:10.061+0000] {processor.py:841} WARNING - No viable dags retrieved from /opt/airflow/dags/utils/__init__.py
[2025-11-18T03:29:10.072+0000] {processor.py:179} INFO - Processing /opt/airflow/dags/utils/__init__.py took 0.016 seconds
[2025-11-18T03:29:40.213+0000] {processor.py:157} INFO - Started process (PID=8159) to work on /opt/airflow/dags/utils/__init__.py
[2025-11-18T03:29:40.213+0000] {processor.py:829} INFO - Processing file /opt/airflow/dags/utils/__init__.py for tasks to queue
[2025-11-18T03:29:40.214+0000] {logging_mixin.py:154} INFO - [2025-11-18T03:29:40.213+0000] {dagbag.py:536} INFO - Filling up the DagBag from /opt/airflow/dags/utils/__init__.py
[2025-11-18T03:29:40.215+0000] {processor.py:841} WARNING - No viable dags retrieved from /opt/airflow/dags/utils/__init__.py
[2025-11-18T03:29:40.227+0000] {processor.py:179} INFO - Processing /opt/airflow/dags/utils/__init__.py took 0.017 seconds
[2025-11-18T03:30:10.867+0000] {processor.py:157} INFO - Started process (PID=8224) to work on /opt/airflow/dags/utils/__init__.py
[2025-11-18T03:30:10.868+0000] {processor.py:829} INFO - Processing file /opt/airflow/dags/utils/__init__.py for tasks to queue
[2025-11-18T03:30:10.869+0000] {logging_mixin.py:154} INFO - [2025-11-18T03:30:10.869+0000] {dagbag.py:536} INFO - Filling up the DagBag from /opt/airflow/dags/utils/__init__.py
[2025-11-18T03:30:10.873+0000] {processor.py:841} WARNING - No viable dags retrieved from /opt/airflow/dags/utils/__init__.py
[2025-11-18T03:30:10.887+0000] {processor.py:179} INFO - Processing /opt/airflow/dags/utils/__init__.py took 0.024 seconds
[2025-11-18T03:30:40.921+0000] {processor.py:157} INFO - Started process (PID=8282) to work on /opt/airflow/dags/utils/__init__.py
[2025-11-18T03:30:40.921+0000] {processor.py:829} INFO - Processing file /opt/airflow/dags/utils/__init__.py for tasks to queue
[2025-11-18T03:30:40.922+0000] {logging_mixin.py:154} INFO - [2025-11-18T03:30:40.922+0000] {dagbag.py:536} INFO - Filling up the DagBag from /opt/airflow/dags/utils/__init__.py
[2025-11-18T03:30:40.924+0000] {processor.py:841} WARNING - No viable dags retrieved from /opt/airflow/dags/utils/__init__.py
[2025-11-18T03:30:40.936+0000] {processor.py:179} INFO - Processing /opt/airflow/dags/utils/__init__.py took 0.018 seconds
[2025-11-18T03:31:11.455+0000] {processor.py:157} INFO - Started process (PID=8347) to work on /opt/airflow/dags/utils/__init__.py
[2025-11-18T03:31:11.456+0000] {processor.py:829} INFO - Processing file /opt/airflow/dags/utils/__init__.py for tasks to queue
[2025-11-18T03:31:11.456+0000] {logging_mixin.py:154} INFO - [2025-11-18T03:31:11.456+0000] {dagbag.py:536} INFO - Filling up the DagBag from /opt/airflow/dags/utils/__init__.py
[2025-11-18T03:31:11.458+0000] {processor.py:841} WARNING - No viable dags retrieved from /opt/airflow/dags/utils/__init__.py
[2025-11-18T03:31:11.470+0000] {processor.py:179} INFO - Processing /opt/airflow/dags/utils/__init__.py took 0.018 seconds
[2025-11-18T03:31:41.534+0000] {processor.py:157} INFO - Started process (PID=8412) to work on /opt/airflow/dags/utils/__init__.py
[2025-11-18T03:31:41.534+0000] {processor.py:829} INFO - Processing file /opt/airflow/dags/utils/__init__.py for tasks to queue
[2025-11-18T03:31:41.535+0000] {logging_mixin.py:154} INFO - [2025-11-18T03:31:41.535+0000] {dagbag.py:536} INFO - Filling up the DagBag from /opt/airflow/dags/utils/__init__.py
[2025-11-18T03:31:41.537+0000] {processor.py:841} WARNING - No viable dags retrieved from /opt/airflow/dags/utils/__init__.py
[2025-11-18T03:31:41.548+0000] {processor.py:179} INFO - Processing /opt/airflow/dags/utils/__init__.py took 0.017 seconds
[2025-11-18T03:32:11.571+0000] {processor.py:157} INFO - Started process (PID=8477) to work on /opt/airflow/dags/utils/__init__.py
[2025-11-18T03:32:11.571+0000] {processor.py:829} INFO - Processing file /opt/airflow/dags/utils/__init__.py for tasks to queue
[2025-11-18T03:32:11.572+0000] {logging_mixin.py:154} INFO - [2025-11-18T03:32:11.572+0000] {dagbag.py:536} INFO - Filling up the DagBag from /opt/airflow/dags/utils/__init__.py
[2025-11-18T03:32:11.574+0000] {processor.py:841} WARNING - No viable dags retrieved from /opt/airflow/dags/utils/__init__.py
[2025-11-18T03:32:11.585+0000] {processor.py:179} INFO - Processing /opt/airflow/dags/utils/__init__.py took 0.016 seconds
[2025-11-18T03:32:41.625+0000] {processor.py:157} INFO - Started process (PID=8542) to work on /opt/airflow/dags/utils/__init__.py
[2025-11-18T03:32:41.625+0000] {processor.py:829} INFO - Processing file /opt/airflow/dags/utils/__init__.py for tasks to queue
[2025-11-18T03:32:41.626+0000] {logging_mixin.py:154} INFO - [2025-11-18T03:32:41.625+0000] {dagbag.py:536} INFO - Filling up the DagBag from /opt/airflow/dags/utils/__init__.py
[2025-11-18T03:32:41.628+0000] {processor.py:841} WARNING - No viable dags retrieved from /opt/airflow/dags/utils/__init__.py
[2025-11-18T03:32:41.640+0000] {processor.py:179} INFO - Processing /opt/airflow/dags/utils/__init__.py took 0.018 seconds
[2025-11-18T03:33:11.903+0000] {processor.py:157} INFO - Started process (PID=8600) to work on /opt/airflow/dags/utils/__init__.py
[2025-11-18T03:33:11.904+0000] {processor.py:829} INFO - Processing file /opt/airflow/dags/utils/__init__.py for tasks to queue
[2025-11-18T03:33:11.905+0000] {logging_mixin.py:154} INFO - [2025-11-18T03:33:11.904+0000] {dagbag.py:536} INFO - Filling up the DagBag from /opt/airflow/dags/utils/__init__.py
[2025-11-18T03:33:11.906+0000] {processor.py:841} WARNING - No viable dags retrieved from /opt/airflow/dags/utils/__init__.py
[2025-11-18T03:33:11.917+0000] {processor.py:179} INFO - Processing /opt/airflow/dags/utils/__init__.py took 0.017 seconds
[2025-11-18T03:33:41.981+0000] {processor.py:157} INFO - Started process (PID=8665) to work on /opt/airflow/dags/utils/__init__.py
[2025-11-18T03:33:41.981+0000] {processor.py:829} INFO - Processing file /opt/airflow/dags/utils/__init__.py for tasks to queue
[2025-11-18T03:33:41.982+0000] {logging_mixin.py:154} INFO - [2025-11-18T03:33:41.982+0000] {dagbag.py:536} INFO - Filling up the DagBag from /opt/airflow/dags/utils/__init__.py
[2025-11-18T03:33:41.983+0000] {processor.py:841} WARNING - No viable dags retrieved from /opt/airflow/dags/utils/__init__.py
[2025-11-18T03:33:41.995+0000] {processor.py:179} INFO - Processing /opt/airflow/dags/utils/__init__.py took 0.017 seconds
