[2025-11-18T00:02:55.504+0000] {processor.py:157} INFO - Started process (PID=172) to work on /opt/airflow/dags/pipeline_productivo.py
[2025-11-18T00:02:55.504+0000] {processor.py:829} INFO - Processing file /opt/airflow/dags/pipeline_productivo.py for tasks to queue
[2025-11-18T00:02:55.505+0000] {logging_mixin.py:154} INFO - [2025-11-18T00:02:55.505+0000] {dagbag.py:536} INFO - Filling up the DagBag from /opt/airflow/dags/pipeline_productivo.py
[2025-11-18T00:02:57.141+0000] {logging_mixin.py:154} INFO - [2025-11-18T00:02:57.141+0000] {font_manager.py:1578} INFO - generated new fontManager
[2025-11-18T00:02:57.337+0000] {processor.py:839} INFO - DAG(s) dict_keys(['sodai_drinks_production_pipeline']) retrieved from /opt/airflow/dags/pipeline_productivo.py
[2025-11-18T00:02:57.519+0000] {logging_mixin.py:154} INFO - [2025-11-18T00:02:57.518+0000] {dag.py:2941} INFO - Sync 1 DAGs
[2025-11-18T00:02:57.689+0000] {logging_mixin.py:154} INFO - [2025-11-18T00:02:57.688+0000] {dag.py:3722} INFO - Setting next_dagrun for sodai_drinks_production_pipeline to 2025-11-16T00:00:00+00:00, run_after=2025-11-23T00:00:00+00:00
[2025-11-18T00:02:57.699+0000] {processor.py:179} INFO - Processing /opt/airflow/dags/pipeline_productivo.py took 2.199 seconds
[2025-11-18T00:03:28.741+0000] {processor.py:157} INFO - Started process (PID=277) to work on /opt/airflow/dags/pipeline_productivo.py
[2025-11-18T00:03:28.741+0000] {processor.py:829} INFO - Processing file /opt/airflow/dags/pipeline_productivo.py for tasks to queue
[2025-11-18T00:03:28.742+0000] {logging_mixin.py:154} INFO - [2025-11-18T00:03:28.742+0000] {dagbag.py:536} INFO - Filling up the DagBag from /opt/airflow/dags/pipeline_productivo.py
[2025-11-18T00:03:30.142+0000] {processor.py:839} INFO - DAG(s) dict_keys(['sodai_drinks_production_pipeline']) retrieved from /opt/airflow/dags/pipeline_productivo.py
[2025-11-18T00:03:30.160+0000] {logging_mixin.py:154} INFO - [2025-11-18T00:03:30.159+0000] {dag.py:2941} INFO - Sync 1 DAGs
[2025-11-18T00:03:30.173+0000] {logging_mixin.py:154} INFO - [2025-11-18T00:03:30.173+0000] {dag.py:3722} INFO - Setting next_dagrun for sodai_drinks_production_pipeline to 2025-11-16T00:00:00+00:00, run_after=2025-11-23T00:00:00+00:00
[2025-11-18T00:03:30.184+0000] {processor.py:179} INFO - Processing /opt/airflow/dags/pipeline_productivo.py took 1.447 seconds
[2025-11-18T00:11:56.721+0000] {processor.py:157} INFO - Started process (PID=172) to work on /opt/airflow/dags/pipeline_productivo.py
[2025-11-18T00:11:56.721+0000] {processor.py:829} INFO - Processing file /opt/airflow/dags/pipeline_productivo.py for tasks to queue
[2025-11-18T00:11:56.722+0000] {logging_mixin.py:154} INFO - [2025-11-18T00:11:56.722+0000] {dagbag.py:536} INFO - Filling up the DagBag from /opt/airflow/dags/pipeline_productivo.py
[2025-11-18T00:11:58.230+0000] {logging_mixin.py:154} INFO - [2025-11-18T00:11:58.230+0000] {font_manager.py:1578} INFO - generated new fontManager
[2025-11-18T00:11:58.484+0000] {processor.py:839} INFO - DAG(s) dict_keys(['sodai_drinks_production_pipeline']) retrieved from /opt/airflow/dags/pipeline_productivo.py
[2025-11-18T00:11:58.636+0000] {logging_mixin.py:154} INFO - [2025-11-18T00:11:58.635+0000] {dag.py:2941} INFO - Sync 1 DAGs
[2025-11-18T00:11:58.790+0000] {logging_mixin.py:154} INFO - [2025-11-18T00:11:58.790+0000] {dag.py:3722} INFO - Setting next_dagrun for sodai_drinks_production_pipeline to 2025-11-16T00:00:00+00:00, run_after=2025-11-23T00:00:00+00:00
[2025-11-18T00:11:58.801+0000] {processor.py:179} INFO - Processing /opt/airflow/dags/pipeline_productivo.py took 2.083 seconds
[2025-11-18T00:12:28.959+0000] {processor.py:157} INFO - Started process (PID=263) to work on /opt/airflow/dags/pipeline_productivo.py
[2025-11-18T00:12:28.959+0000] {processor.py:829} INFO - Processing file /opt/airflow/dags/pipeline_productivo.py for tasks to queue
[2025-11-18T00:12:28.960+0000] {logging_mixin.py:154} INFO - [2025-11-18T00:12:28.960+0000] {dagbag.py:536} INFO - Filling up the DagBag from /opt/airflow/dags/pipeline_productivo.py
[2025-11-18T00:12:30.208+0000] {processor.py:839} INFO - DAG(s) dict_keys(['sodai_drinks_production_pipeline']) retrieved from /opt/airflow/dags/pipeline_productivo.py
[2025-11-18T00:12:30.226+0000] {logging_mixin.py:154} INFO - [2025-11-18T00:12:30.225+0000] {dag.py:2941} INFO - Sync 1 DAGs
[2025-11-18T00:12:30.238+0000] {logging_mixin.py:154} INFO - [2025-11-18T00:12:30.237+0000] {dag.py:3722} INFO - Setting next_dagrun for sodai_drinks_production_pipeline to 2025-11-16T00:00:00+00:00, run_after=2025-11-23T00:00:00+00:00
[2025-11-18T00:12:30.248+0000] {processor.py:179} INFO - Processing /opt/airflow/dags/pipeline_productivo.py took 1.292 seconds
[2025-11-18T00:13:00.374+0000] {processor.py:157} INFO - Started process (PID=328) to work on /opt/airflow/dags/pipeline_productivo.py
[2025-11-18T00:13:00.375+0000] {processor.py:829} INFO - Processing file /opt/airflow/dags/pipeline_productivo.py for tasks to queue
[2025-11-18T00:13:00.375+0000] {logging_mixin.py:154} INFO - [2025-11-18T00:13:00.375+0000] {dagbag.py:536} INFO - Filling up the DagBag from /opt/airflow/dags/pipeline_productivo.py
[2025-11-18T00:13:01.610+0000] {processor.py:839} INFO - DAG(s) dict_keys(['sodai_drinks_production_pipeline']) retrieved from /opt/airflow/dags/pipeline_productivo.py
[2025-11-18T00:13:01.625+0000] {logging_mixin.py:154} INFO - [2025-11-18T00:13:01.624+0000] {dag.py:2941} INFO - Sync 1 DAGs
[2025-11-18T00:13:01.761+0000] {logging_mixin.py:154} INFO - [2025-11-18T00:13:01.760+0000] {dag.py:3722} INFO - Setting next_dagrun for sodai_drinks_production_pipeline to 2025-11-16T00:00:00+00:00, run_after=2025-11-23T00:00:00+00:00
[2025-11-18T00:13:01.771+0000] {processor.py:179} INFO - Processing /opt/airflow/dags/pipeline_productivo.py took 1.399 seconds
[2025-11-18T00:13:31.828+0000] {processor.py:157} INFO - Started process (PID=393) to work on /opt/airflow/dags/pipeline_productivo.py
[2025-11-18T00:13:31.829+0000] {processor.py:829} INFO - Processing file /opt/airflow/dags/pipeline_productivo.py for tasks to queue
[2025-11-18T00:13:31.829+0000] {logging_mixin.py:154} INFO - [2025-11-18T00:13:31.829+0000] {dagbag.py:536} INFO - Filling up the DagBag from /opt/airflow/dags/pipeline_productivo.py
[2025-11-18T00:13:33.116+0000] {processor.py:839} INFO - DAG(s) dict_keys(['sodai_drinks_production_pipeline']) retrieved from /opt/airflow/dags/pipeline_productivo.py
[2025-11-18T00:13:33.132+0000] {logging_mixin.py:154} INFO - [2025-11-18T00:13:33.132+0000] {dag.py:2941} INFO - Sync 1 DAGs
[2025-11-18T00:13:33.144+0000] {logging_mixin.py:154} INFO - [2025-11-18T00:13:33.143+0000] {dag.py:3722} INFO - Setting next_dagrun for sodai_drinks_production_pipeline to 2025-11-16T00:00:00+00:00, run_after=2025-11-23T00:00:00+00:00
[2025-11-18T00:13:33.153+0000] {processor.py:179} INFO - Processing /opt/airflow/dags/pipeline_productivo.py took 1.328 seconds
[2025-11-18T00:14:03.286+0000] {processor.py:157} INFO - Started process (PID=540) to work on /opt/airflow/dags/pipeline_productivo.py
[2025-11-18T00:14:03.286+0000] {processor.py:829} INFO - Processing file /opt/airflow/dags/pipeline_productivo.py for tasks to queue
[2025-11-18T00:14:03.287+0000] {logging_mixin.py:154} INFO - [2025-11-18T00:14:03.287+0000] {dagbag.py:536} INFO - Filling up the DagBag from /opt/airflow/dags/pipeline_productivo.py
[2025-11-18T00:14:04.812+0000] {processor.py:839} INFO - DAG(s) dict_keys(['sodai_drinks_production_pipeline']) retrieved from /opt/airflow/dags/pipeline_productivo.py
[2025-11-18T00:14:04.827+0000] {logging_mixin.py:154} INFO - [2025-11-18T00:14:04.827+0000] {dag.py:2941} INFO - Sync 1 DAGs
[2025-11-18T00:14:04.839+0000] {logging_mixin.py:154} INFO - [2025-11-18T00:14:04.839+0000] {dag.py:3722} INFO - Setting next_dagrun for sodai_drinks_production_pipeline to 2025-11-16T00:00:00+00:00, run_after=2025-11-23T00:00:00+00:00
[2025-11-18T00:14:05.018+0000] {processor.py:179} INFO - Processing /opt/airflow/dags/pipeline_productivo.py took 1.735 seconds
[2025-11-18T00:14:35.252+0000] {processor.py:157} INFO - Started process (PID=683) to work on /opt/airflow/dags/pipeline_productivo.py
[2025-11-18T00:14:35.253+0000] {processor.py:829} INFO - Processing file /opt/airflow/dags/pipeline_productivo.py for tasks to queue
[2025-11-18T00:14:35.254+0000] {logging_mixin.py:154} INFO - [2025-11-18T00:14:35.253+0000] {dagbag.py:536} INFO - Filling up the DagBag from /opt/airflow/dags/pipeline_productivo.py
[2025-11-18T00:14:37.024+0000] {processor.py:839} INFO - DAG(s) dict_keys(['sodai_drinks_production_pipeline']) retrieved from /opt/airflow/dags/pipeline_productivo.py
[2025-11-18T00:14:37.050+0000] {logging_mixin.py:154} INFO - [2025-11-18T00:14:37.050+0000] {dag.py:2941} INFO - Sync 1 DAGs
[2025-11-18T00:14:37.065+0000] {logging_mixin.py:154} INFO - [2025-11-18T00:14:37.065+0000] {dag.py:3722} INFO - Setting next_dagrun for sodai_drinks_production_pipeline to 2025-11-16T00:00:00+00:00, run_after=2025-11-23T00:00:00+00:00
[2025-11-18T00:14:37.081+0000] {processor.py:179} INFO - Processing /opt/airflow/dags/pipeline_productivo.py took 1.832 seconds
[2025-11-18T00:15:07.342+0000] {processor.py:157} INFO - Started process (PID=853) to work on /opt/airflow/dags/pipeline_productivo.py
[2025-11-18T00:15:07.343+0000] {processor.py:829} INFO - Processing file /opt/airflow/dags/pipeline_productivo.py for tasks to queue
[2025-11-18T00:15:07.344+0000] {logging_mixin.py:154} INFO - [2025-11-18T00:15:07.344+0000] {dagbag.py:536} INFO - Filling up the DagBag from /opt/airflow/dags/pipeline_productivo.py
[2025-11-18T00:15:08.659+0000] {processor.py:839} INFO - DAG(s) dict_keys(['sodai_drinks_production_pipeline']) retrieved from /opt/airflow/dags/pipeline_productivo.py
[2025-11-18T00:15:08.674+0000] {logging_mixin.py:154} INFO - [2025-11-18T00:15:08.674+0000] {dag.py:2941} INFO - Sync 1 DAGs
[2025-11-18T00:15:08.686+0000] {logging_mixin.py:154} INFO - [2025-11-18T00:15:08.686+0000] {dag.py:3722} INFO - Setting next_dagrun for sodai_drinks_production_pipeline to 2025-11-16T00:00:00+00:00, run_after=2025-11-23T00:00:00+00:00
[2025-11-18T00:15:08.696+0000] {processor.py:179} INFO - Processing /opt/airflow/dags/pipeline_productivo.py took 1.356 seconds
[2025-11-18T00:15:38.851+0000] {processor.py:157} INFO - Started process (PID=918) to work on /opt/airflow/dags/pipeline_productivo.py
[2025-11-18T00:15:38.852+0000] {processor.py:829} INFO - Processing file /opt/airflow/dags/pipeline_productivo.py for tasks to queue
[2025-11-18T00:15:38.853+0000] {logging_mixin.py:154} INFO - [2025-11-18T00:15:38.852+0000] {dagbag.py:536} INFO - Filling up the DagBag from /opt/airflow/dags/pipeline_productivo.py
[2025-11-18T00:15:40.232+0000] {processor.py:839} INFO - DAG(s) dict_keys(['sodai_drinks_production_pipeline']) retrieved from /opt/airflow/dags/pipeline_productivo.py
[2025-11-18T00:15:40.249+0000] {logging_mixin.py:154} INFO - [2025-11-18T00:15:40.248+0000] {dag.py:2941} INFO - Sync 1 DAGs
[2025-11-18T00:15:40.261+0000] {logging_mixin.py:154} INFO - [2025-11-18T00:15:40.261+0000] {dag.py:3722} INFO - Setting next_dagrun for sodai_drinks_production_pipeline to 2025-11-16T00:00:00+00:00, run_after=2025-11-23T00:00:00+00:00
[2025-11-18T00:15:40.422+0000] {processor.py:179} INFO - Processing /opt/airflow/dags/pipeline_productivo.py took 1.574 seconds
[2025-11-18T00:16:11.278+0000] {processor.py:157} INFO - Started process (PID=983) to work on /opt/airflow/dags/pipeline_productivo.py
[2025-11-18T00:16:11.284+0000] {processor.py:829} INFO - Processing file /opt/airflow/dags/pipeline_productivo.py for tasks to queue
[2025-11-18T00:16:11.285+0000] {logging_mixin.py:154} INFO - [2025-11-18T00:16:11.285+0000] {dagbag.py:536} INFO - Filling up the DagBag from /opt/airflow/dags/pipeline_productivo.py
[2025-11-18T00:16:12.531+0000] {processor.py:839} INFO - DAG(s) dict_keys(['sodai_drinks_production_pipeline']) retrieved from /opt/airflow/dags/pipeline_productivo.py
[2025-11-18T00:16:12.545+0000] {logging_mixin.py:154} INFO - [2025-11-18T00:16:12.545+0000] {dag.py:2941} INFO - Sync 1 DAGs
[2025-11-18T00:16:12.683+0000] {logging_mixin.py:154} INFO - [2025-11-18T00:16:12.682+0000] {dag.py:3722} INFO - Setting next_dagrun for sodai_drinks_production_pipeline to 2025-11-16T00:00:00+00:00, run_after=2025-11-23T00:00:00+00:00
[2025-11-18T00:16:12.692+0000] {processor.py:179} INFO - Processing /opt/airflow/dags/pipeline_productivo.py took 1.417 seconds
[2025-11-18T00:16:42.960+0000] {processor.py:157} INFO - Started process (PID=1048) to work on /opt/airflow/dags/pipeline_productivo.py
[2025-11-18T00:16:42.961+0000] {processor.py:829} INFO - Processing file /opt/airflow/dags/pipeline_productivo.py for tasks to queue
[2025-11-18T00:16:42.961+0000] {logging_mixin.py:154} INFO - [2025-11-18T00:16:42.961+0000] {dagbag.py:536} INFO - Filling up the DagBag from /opt/airflow/dags/pipeline_productivo.py
[2025-11-18T00:16:44.229+0000] {processor.py:839} INFO - DAG(s) dict_keys(['sodai_drinks_production_pipeline']) retrieved from /opt/airflow/dags/pipeline_productivo.py
[2025-11-18T00:16:44.245+0000] {logging_mixin.py:154} INFO - [2025-11-18T00:16:44.244+0000] {dag.py:2941} INFO - Sync 1 DAGs
[2025-11-18T00:16:44.255+0000] {logging_mixin.py:154} INFO - [2025-11-18T00:16:44.255+0000] {dag.py:3722} INFO - Setting next_dagrun for sodai_drinks_production_pipeline to 2025-11-16T00:00:00+00:00, run_after=2025-11-23T00:00:00+00:00
[2025-11-18T00:16:44.265+0000] {processor.py:179} INFO - Processing /opt/airflow/dags/pipeline_productivo.py took 1.307 seconds
[2025-11-18T00:17:14.350+0000] {processor.py:157} INFO - Started process (PID=1113) to work on /opt/airflow/dags/pipeline_productivo.py
[2025-11-18T00:17:14.351+0000] {processor.py:829} INFO - Processing file /opt/airflow/dags/pipeline_productivo.py for tasks to queue
[2025-11-18T00:17:14.352+0000] {logging_mixin.py:154} INFO - [2025-11-18T00:17:14.352+0000] {dagbag.py:536} INFO - Filling up the DagBag from /opt/airflow/dags/pipeline_productivo.py
[2025-11-18T00:17:15.659+0000] {processor.py:839} INFO - DAG(s) dict_keys(['sodai_drinks_production_pipeline']) retrieved from /opt/airflow/dags/pipeline_productivo.py
[2025-11-18T00:17:15.675+0000] {logging_mixin.py:154} INFO - [2025-11-18T00:17:15.674+0000] {dag.py:2941} INFO - Sync 1 DAGs
[2025-11-18T00:17:15.686+0000] {logging_mixin.py:154} INFO - [2025-11-18T00:17:15.686+0000] {dag.py:3722} INFO - Setting next_dagrun for sodai_drinks_production_pipeline to 2025-11-16T00:00:00+00:00, run_after=2025-11-23T00:00:00+00:00
[2025-11-18T00:17:15.823+0000] {processor.py:179} INFO - Processing /opt/airflow/dags/pipeline_productivo.py took 1.475 seconds
[2025-11-18T00:17:46.666+0000] {processor.py:157} INFO - Started process (PID=1184) to work on /opt/airflow/dags/pipeline_productivo.py
[2025-11-18T00:17:46.666+0000] {processor.py:829} INFO - Processing file /opt/airflow/dags/pipeline_productivo.py for tasks to queue
[2025-11-18T00:17:46.667+0000] {logging_mixin.py:154} INFO - [2025-11-18T00:17:46.667+0000] {dagbag.py:536} INFO - Filling up the DagBag from /opt/airflow/dags/pipeline_productivo.py
[2025-11-18T00:17:48.177+0000] {processor.py:839} INFO - DAG(s) dict_keys(['sodai_drinks_production_pipeline']) retrieved from /opt/airflow/dags/pipeline_productivo.py
[2025-11-18T00:17:48.194+0000] {logging_mixin.py:154} INFO - [2025-11-18T00:17:48.194+0000] {dag.py:2941} INFO - Sync 1 DAGs
[2025-11-18T00:17:48.347+0000] {logging_mixin.py:154} INFO - [2025-11-18T00:17:48.346+0000] {dag.py:3722} INFO - Setting next_dagrun for sodai_drinks_production_pipeline to 2025-11-16T00:00:00+00:00, run_after=2025-11-23T00:00:00+00:00
[2025-11-18T00:17:48.357+0000] {processor.py:179} INFO - Processing /opt/airflow/dags/pipeline_productivo.py took 1.694 seconds
[2025-11-18T00:18:19.037+0000] {processor.py:157} INFO - Started process (PID=1249) to work on /opt/airflow/dags/pipeline_productivo.py
[2025-11-18T00:18:19.038+0000] {processor.py:829} INFO - Processing file /opt/airflow/dags/pipeline_productivo.py for tasks to queue
[2025-11-18T00:18:19.039+0000] {logging_mixin.py:154} INFO - [2025-11-18T00:18:19.039+0000] {dagbag.py:536} INFO - Filling up the DagBag from /opt/airflow/dags/pipeline_productivo.py
[2025-11-18T00:18:20.227+0000] {processor.py:839} INFO - DAG(s) dict_keys(['sodai_drinks_production_pipeline']) retrieved from /opt/airflow/dags/pipeline_productivo.py
[2025-11-18T00:18:20.248+0000] {logging_mixin.py:154} INFO - [2025-11-18T00:18:20.247+0000] {dag.py:2941} INFO - Sync 1 DAGs
[2025-11-18T00:18:20.261+0000] {logging_mixin.py:154} INFO - [2025-11-18T00:18:20.261+0000] {dag.py:3722} INFO - Setting next_dagrun for sodai_drinks_production_pipeline to 2025-11-16T00:00:00+00:00, run_after=2025-11-23T00:00:00+00:00
[2025-11-18T00:18:20.271+0000] {processor.py:179} INFO - Processing /opt/airflow/dags/pipeline_productivo.py took 1.236 seconds
[2025-11-18T00:18:50.436+0000] {processor.py:157} INFO - Started process (PID=1314) to work on /opt/airflow/dags/pipeline_productivo.py
[2025-11-18T00:18:50.437+0000] {processor.py:829} INFO - Processing file /opt/airflow/dags/pipeline_productivo.py for tasks to queue
[2025-11-18T00:18:50.438+0000] {logging_mixin.py:154} INFO - [2025-11-18T00:18:50.438+0000] {dagbag.py:536} INFO - Filling up the DagBag from /opt/airflow/dags/pipeline_productivo.py
[2025-11-18T00:18:50.485+0000] {processor.py:839} INFO - DAG(s) dict_keys(['sodai_drinks_production_pipeline']) retrieved from /opt/airflow/dags/pipeline_productivo.py
[2025-11-18T00:18:50.501+0000] {logging_mixin.py:154} INFO - [2025-11-18T00:18:50.500+0000] {dag.py:2941} INFO - Sync 1 DAGs
[2025-11-18T00:18:50.511+0000] {logging_mixin.py:154} INFO - [2025-11-18T00:18:50.511+0000] {dag.py:3722} INFO - Setting next_dagrun for sodai_drinks_production_pipeline to 2025-11-16T00:00:00+00:00, run_after=2025-11-23T00:00:00+00:00
[2025-11-18T00:18:50.651+0000] {processor.py:179} INFO - Processing /opt/airflow/dags/pipeline_productivo.py took 1.458 seconds
[2025-11-18T00:43:15.409+0000] {processor.py:157} INFO - Started process (PID=171) to work on /opt/airflow/dags/pipeline_productivo.py
[2025-11-18T00:43:15.410+0000] {processor.py:829} INFO - Processing file /opt/airflow/dags/pipeline_productivo.py for tasks to queue
[2025-11-18T00:43:15.410+0000] {logging_mixin.py:154} INFO - [2025-11-18T00:43:15.410+0000] {dagbag.py:536} INFO - Filling up the DagBag from /opt/airflow/dags/pipeline_productivo.py
[2025-11-18T00:43:15.882+0000] {logging_mixin.py:154} INFO - [2025-11-18T00:43:15.882+0000] {font_manager.py:1578} INFO - generated new fontManager
[2025-11-18T00:43:16.092+0000] {processor.py:839} INFO - DAG(s) dict_keys(['sodai_drinks_production_pipeline']) retrieved from /opt/airflow/dags/pipeline_productivo.py
[2025-11-18T00:43:16.302+0000] {logging_mixin.py:154} INFO - [2025-11-18T00:43:16.301+0000] {dag.py:2941} INFO - Sync 1 DAGs
[2025-11-18T00:43:16.471+0000] {logging_mixin.py:154} INFO - [2025-11-18T00:43:16.471+0000] {dag.py:3722} INFO - Setting next_dagrun for sodai_drinks_production_pipeline to 2025-11-16T00:00:00+00:00, run_after=2025-11-23T00:00:00+00:00
[2025-11-18T00:43:16.486+0000] {processor.py:179} INFO - Processing /opt/airflow/dags/pipeline_productivo.py took 2.369 seconds
[2025-11-18T00:43:47.246+0000] {processor.py:157} INFO - Started process (PID=274) to work on /opt/airflow/dags/pipeline_productivo.py
[2025-11-18T00:43:47.247+0000] {processor.py:829} INFO - Processing file /opt/airflow/dags/pipeline_productivo.py for tasks to queue
[2025-11-18T00:43:47.247+0000] {logging_mixin.py:154} INFO - [2025-11-18T00:43:47.247+0000] {dagbag.py:536} INFO - Filling up the DagBag from /opt/airflow/dags/pipeline_productivo.py
[2025-11-18T00:43:48.809+0000] {processor.py:839} INFO - DAG(s) dict_keys(['sodai_drinks_production_pipeline']) retrieved from /opt/airflow/dags/pipeline_productivo.py
[2025-11-18T00:43:48.826+0000] {logging_mixin.py:154} INFO - [2025-11-18T00:43:48.825+0000] {dag.py:2941} INFO - Sync 1 DAGs
[2025-11-18T00:43:48.837+0000] {logging_mixin.py:154} INFO - [2025-11-18T00:43:48.837+0000] {dag.py:3722} INFO - Setting next_dagrun for sodai_drinks_production_pipeline to 2025-11-16T00:00:00+00:00, run_after=2025-11-23T00:00:00+00:00
[2025-11-18T00:43:48.846+0000] {processor.py:179} INFO - Processing /opt/airflow/dags/pipeline_productivo.py took 1.602 seconds
[2025-11-18T00:44:19.254+0000] {processor.py:157} INFO - Started process (PID=376) to work on /opt/airflow/dags/pipeline_productivo.py
[2025-11-18T00:44:19.255+0000] {processor.py:829} INFO - Processing file /opt/airflow/dags/pipeline_productivo.py for tasks to queue
[2025-11-18T00:44:19.255+0000] {logging_mixin.py:154} INFO - [2025-11-18T00:44:19.255+0000] {dagbag.py:536} INFO - Filling up the DagBag from /opt/airflow/dags/pipeline_productivo.py
[2025-11-18T00:44:20.500+0000] {processor.py:839} INFO - DAG(s) dict_keys(['sodai_drinks_production_pipeline']) retrieved from /opt/airflow/dags/pipeline_productivo.py
[2025-11-18T00:44:20.516+0000] {logging_mixin.py:154} INFO - [2025-11-18T00:44:20.516+0000] {dag.py:2941} INFO - Sync 1 DAGs
[2025-11-18T00:44:20.661+0000] {logging_mixin.py:154} INFO - [2025-11-18T00:44:20.661+0000] {dag.py:3722} INFO - Setting next_dagrun for sodai_drinks_production_pipeline to 2025-11-16T00:00:00+00:00, run_after=2025-11-23T00:00:00+00:00
[2025-11-18T00:44:20.671+0000] {processor.py:179} INFO - Processing /opt/airflow/dags/pipeline_productivo.py took 1.420 seconds
[2025-11-18T00:44:51.231+0000] {processor.py:157} INFO - Started process (PID=618) to work on /opt/airflow/dags/pipeline_productivo.py
[2025-11-18T00:44:51.232+0000] {processor.py:829} INFO - Processing file /opt/airflow/dags/pipeline_productivo.py for tasks to queue
[2025-11-18T00:44:51.233+0000] {logging_mixin.py:154} INFO - [2025-11-18T00:44:51.233+0000] {dagbag.py:536} INFO - Filling up the DagBag from /opt/airflow/dags/pipeline_productivo.py
[2025-11-18T00:44:52.935+0000] {processor.py:839} INFO - DAG(s) dict_keys(['sodai_drinks_production_pipeline']) retrieved from /opt/airflow/dags/pipeline_productivo.py
[2025-11-18T00:44:52.955+0000] {logging_mixin.py:154} INFO - [2025-11-18T00:44:52.955+0000] {dag.py:2941} INFO - Sync 1 DAGs
[2025-11-18T00:44:52.971+0000] {logging_mixin.py:154} INFO - [2025-11-18T00:44:52.971+0000] {dag.py:3722} INFO - Setting next_dagrun for sodai_drinks_production_pipeline to 2025-11-16T00:00:00+00:00, run_after=2025-11-23T00:00:00+00:00
[2025-11-18T00:44:52.995+0000] {processor.py:179} INFO - Processing /opt/airflow/dags/pipeline_productivo.py took 1.768 seconds
[2025-11-18T00:45:23.375+0000] {processor.py:157} INFO - Started process (PID=791) to work on /opt/airflow/dags/pipeline_productivo.py
[2025-11-18T00:45:23.376+0000] {processor.py:829} INFO - Processing file /opt/airflow/dags/pipeline_productivo.py for tasks to queue
[2025-11-18T00:45:23.376+0000] {logging_mixin.py:154} INFO - [2025-11-18T00:45:23.376+0000] {dagbag.py:536} INFO - Filling up the DagBag from /opt/airflow/dags/pipeline_productivo.py
[2025-11-18T00:45:24.602+0000] {processor.py:839} INFO - DAG(s) dict_keys(['sodai_drinks_production_pipeline']) retrieved from /opt/airflow/dags/pipeline_productivo.py
[2025-11-18T00:45:24.618+0000] {logging_mixin.py:154} INFO - [2025-11-18T00:45:24.617+0000] {dag.py:2941} INFO - Sync 1 DAGs
[2025-11-18T00:45:24.628+0000] {logging_mixin.py:154} INFO - [2025-11-18T00:45:24.628+0000] {dag.py:3722} INFO - Setting next_dagrun for sodai_drinks_production_pipeline to 2025-11-16T00:00:00+00:00, run_after=2025-11-23T00:00:00+00:00
[2025-11-18T00:45:24.638+0000] {processor.py:179} INFO - Processing /opt/airflow/dags/pipeline_productivo.py took 1.266 seconds
[2025-11-18T00:45:54.922+0000] {processor.py:157} INFO - Started process (PID=879) to work on /opt/airflow/dags/pipeline_productivo.py
[2025-11-18T00:45:54.922+0000] {processor.py:829} INFO - Processing file /opt/airflow/dags/pipeline_productivo.py for tasks to queue
[2025-11-18T00:45:54.923+0000] {logging_mixin.py:154} INFO - [2025-11-18T00:45:54.923+0000] {dagbag.py:536} INFO - Filling up the DagBag from /opt/airflow/dags/pipeline_productivo.py
[2025-11-18T00:45:56.112+0000] {processor.py:839} INFO - DAG(s) dict_keys(['sodai_drinks_production_pipeline']) retrieved from /opt/airflow/dags/pipeline_productivo.py
[2025-11-18T00:45:56.128+0000] {logging_mixin.py:154} INFO - [2025-11-18T00:45:56.127+0000] {dag.py:2941} INFO - Sync 1 DAGs
[2025-11-18T00:45:56.283+0000] {logging_mixin.py:154} INFO - [2025-11-18T00:45:56.283+0000] {dag.py:3722} INFO - Setting next_dagrun for sodai_drinks_production_pipeline to 2025-11-16T00:00:00+00:00, run_after=2025-11-23T00:00:00+00:00
[2025-11-18T00:45:56.294+0000] {processor.py:179} INFO - Processing /opt/airflow/dags/pipeline_productivo.py took 1.375 seconds
[2025-11-18T00:46:26.553+0000] {processor.py:157} INFO - Started process (PID=961) to work on /opt/airflow/dags/pipeline_productivo.py
[2025-11-18T00:46:26.554+0000] {processor.py:829} INFO - Processing file /opt/airflow/dags/pipeline_productivo.py for tasks to queue
[2025-11-18T00:46:26.554+0000] {logging_mixin.py:154} INFO - [2025-11-18T00:46:26.554+0000] {dagbag.py:536} INFO - Filling up the DagBag from /opt/airflow/dags/pipeline_productivo.py
[2025-11-18T00:46:27.821+0000] {processor.py:839} INFO - DAG(s) dict_keys(['sodai_drinks_production_pipeline']) retrieved from /opt/airflow/dags/pipeline_productivo.py
[2025-11-18T00:46:27.839+0000] {logging_mixin.py:154} INFO - [2025-11-18T00:46:27.838+0000] {dag.py:2941} INFO - Sync 1 DAGs
[2025-11-18T00:46:27.853+0000] {logging_mixin.py:154} INFO - [2025-11-18T00:46:27.853+0000] {dag.py:3722} INFO - Setting next_dagrun for sodai_drinks_production_pipeline to 2025-11-16T00:00:00+00:00, run_after=2025-11-23T00:00:00+00:00
[2025-11-18T00:46:27.864+0000] {processor.py:179} INFO - Processing /opt/airflow/dags/pipeline_productivo.py took 1.314 seconds
[2025-11-18T00:46:58.182+0000] {processor.py:157} INFO - Started process (PID=1019) to work on /opt/airflow/dags/pipeline_productivo.py
[2025-11-18T00:46:58.183+0000] {processor.py:829} INFO - Processing file /opt/airflow/dags/pipeline_productivo.py for tasks to queue
[2025-11-18T00:46:58.184+0000] {logging_mixin.py:154} INFO - [2025-11-18T00:46:58.183+0000] {dagbag.py:536} INFO - Filling up the DagBag from /opt/airflow/dags/pipeline_productivo.py
[2025-11-18T00:46:59.470+0000] {processor.py:839} INFO - DAG(s) dict_keys(['sodai_drinks_production_pipeline']) retrieved from /opt/airflow/dags/pipeline_productivo.py
[2025-11-18T00:46:59.487+0000] {logging_mixin.py:154} INFO - [2025-11-18T00:46:59.487+0000] {dag.py:2941} INFO - Sync 1 DAGs
[2025-11-18T00:46:59.500+0000] {logging_mixin.py:154} INFO - [2025-11-18T00:46:59.499+0000] {dag.py:3722} INFO - Setting next_dagrun for sodai_drinks_production_pipeline to 2025-11-16T00:00:00+00:00, run_after=2025-11-23T00:00:00+00:00
[2025-11-18T00:46:59.509+0000] {processor.py:179} INFO - Processing /opt/airflow/dags/pipeline_productivo.py took 1.329 seconds
[2025-11-18T00:47:29.798+0000] {processor.py:157} INFO - Started process (PID=1085) to work on /opt/airflow/dags/pipeline_productivo.py
[2025-11-18T00:47:29.798+0000] {processor.py:829} INFO - Processing file /opt/airflow/dags/pipeline_productivo.py for tasks to queue
[2025-11-18T00:47:29.799+0000] {logging_mixin.py:154} INFO - [2025-11-18T00:47:29.799+0000] {dagbag.py:536} INFO - Filling up the DagBag from /opt/airflow/dags/pipeline_productivo.py
[2025-11-18T00:47:31.040+0000] {processor.py:839} INFO - DAG(s) dict_keys(['sodai_drinks_production_pipeline']) retrieved from /opt/airflow/dags/pipeline_productivo.py
[2025-11-18T00:47:31.059+0000] {logging_mixin.py:154} INFO - [2025-11-18T00:47:31.059+0000] {dag.py:2941} INFO - Sync 1 DAGs
[2025-11-18T00:47:31.209+0000] {logging_mixin.py:154} INFO - [2025-11-18T00:47:31.208+0000] {dag.py:3722} INFO - Setting next_dagrun for sodai_drinks_production_pipeline to 2025-11-16T00:00:00+00:00, run_after=2025-11-23T00:00:00+00:00
[2025-11-18T00:47:31.220+0000] {processor.py:179} INFO - Processing /opt/airflow/dags/pipeline_productivo.py took 1.424 seconds
[2025-11-18T00:48:01.531+0000] {processor.py:157} INFO - Started process (PID=1150) to work on /opt/airflow/dags/pipeline_productivo.py
[2025-11-18T00:48:01.532+0000] {processor.py:829} INFO - Processing file /opt/airflow/dags/pipeline_productivo.py for tasks to queue
[2025-11-18T00:48:01.533+0000] {logging_mixin.py:154} INFO - [2025-11-18T00:48:01.532+0000] {dagbag.py:536} INFO - Filling up the DagBag from /opt/airflow/dags/pipeline_productivo.py
[2025-11-18T00:48:02.783+0000] {processor.py:839} INFO - DAG(s) dict_keys(['sodai_drinks_production_pipeline']) retrieved from /opt/airflow/dags/pipeline_productivo.py
[2025-11-18T00:48:02.798+0000] {logging_mixin.py:154} INFO - [2025-11-18T00:48:02.798+0000] {dag.py:2941} INFO - Sync 1 DAGs
[2025-11-18T00:48:02.812+0000] {logging_mixin.py:154} INFO - [2025-11-18T00:48:02.811+0000] {dag.py:3722} INFO - Setting next_dagrun for sodai_drinks_production_pipeline to 2025-11-16T00:00:00+00:00, run_after=2025-11-23T00:00:00+00:00
[2025-11-18T00:48:02.822+0000] {processor.py:179} INFO - Processing /opt/airflow/dags/pipeline_productivo.py took 1.294 seconds
[2025-11-18T00:48:33.803+0000] {processor.py:157} INFO - Started process (PID=1215) to work on /opt/airflow/dags/pipeline_productivo.py
[2025-11-18T00:48:33.803+0000] {processor.py:829} INFO - Processing file /opt/airflow/dags/pipeline_productivo.py for tasks to queue
[2025-11-18T00:48:33.804+0000] {logging_mixin.py:154} INFO - [2025-11-18T00:48:33.804+0000] {dagbag.py:536} INFO - Filling up the DagBag from /opt/airflow/dags/pipeline_productivo.py
[2025-11-18T00:48:35.049+0000] {processor.py:839} INFO - DAG(s) dict_keys(['sodai_drinks_production_pipeline']) retrieved from /opt/airflow/dags/pipeline_productivo.py
[2025-11-18T00:48:35.067+0000] {logging_mixin.py:154} INFO - [2025-11-18T00:48:35.067+0000] {dag.py:2941} INFO - Sync 1 DAGs
[2025-11-18T00:48:35.079+0000] {logging_mixin.py:154} INFO - [2025-11-18T00:48:35.079+0000] {dag.py:3722} INFO - Setting next_dagrun for sodai_drinks_production_pipeline to 2025-11-16T00:00:00+00:00, run_after=2025-11-23T00:00:00+00:00
[2025-11-18T00:48:35.089+0000] {processor.py:179} INFO - Processing /opt/airflow/dags/pipeline_productivo.py took 1.288 seconds
[2025-11-18T00:49:05.349+0000] {processor.py:157} INFO - Started process (PID=1280) to work on /opt/airflow/dags/pipeline_productivo.py
[2025-11-18T00:49:05.350+0000] {processor.py:829} INFO - Processing file /opt/airflow/dags/pipeline_productivo.py for tasks to queue
[2025-11-18T00:49:05.350+0000] {logging_mixin.py:154} INFO - [2025-11-18T00:49:05.350+0000] {dagbag.py:536} INFO - Filling up the DagBag from /opt/airflow/dags/pipeline_productivo.py
[2025-11-18T00:49:06.544+0000] {processor.py:839} INFO - DAG(s) dict_keys(['sodai_drinks_production_pipeline']) retrieved from /opt/airflow/dags/pipeline_productivo.py
[2025-11-18T00:49:06.558+0000] {logging_mixin.py:154} INFO - [2025-11-18T00:49:06.558+0000] {dag.py:2941} INFO - Sync 1 DAGs
[2025-11-18T00:49:06.701+0000] {logging_mixin.py:154} INFO - [2025-11-18T00:49:06.701+0000] {dag.py:3722} INFO - Setting next_dagrun for sodai_drinks_production_pipeline to 2025-11-16T00:00:00+00:00, run_after=2025-11-23T00:00:00+00:00
[2025-11-18T00:49:06.711+0000] {processor.py:179} INFO - Processing /opt/airflow/dags/pipeline_productivo.py took 1.364 seconds
[2025-11-18T00:49:36.971+0000] {processor.py:157} INFO - Started process (PID=1345) to work on /opt/airflow/dags/pipeline_productivo.py
[2025-11-18T00:49:36.972+0000] {processor.py:829} INFO - Processing file /opt/airflow/dags/pipeline_productivo.py for tasks to queue
[2025-11-18T00:49:36.973+0000] {logging_mixin.py:154} INFO - [2025-11-18T00:49:36.973+0000] {dagbag.py:536} INFO - Filling up the DagBag from /opt/airflow/dags/pipeline_productivo.py
[2025-11-18T00:49:38.361+0000] {processor.py:839} INFO - DAG(s) dict_keys(['sodai_drinks_production_pipeline']) retrieved from /opt/airflow/dags/pipeline_productivo.py
[2025-11-18T00:49:38.380+0000] {logging_mixin.py:154} INFO - [2025-11-18T00:49:38.379+0000] {dag.py:2941} INFO - Sync 1 DAGs
[2025-11-18T00:49:38.394+0000] {logging_mixin.py:154} INFO - [2025-11-18T00:49:38.394+0000] {dag.py:3722} INFO - Setting next_dagrun for sodai_drinks_production_pipeline to 2025-11-16T00:00:00+00:00, run_after=2025-11-23T00:00:00+00:00
[2025-11-18T00:49:38.406+0000] {processor.py:179} INFO - Processing /opt/airflow/dags/pipeline_productivo.py took 1.437 seconds
[2025-11-18T00:50:08.682+0000] {processor.py:157} INFO - Started process (PID=1410) to work on /opt/airflow/dags/pipeline_productivo.py
[2025-11-18T00:50:08.683+0000] {processor.py:829} INFO - Processing file /opt/airflow/dags/pipeline_productivo.py for tasks to queue
[2025-11-18T00:50:08.683+0000] {logging_mixin.py:154} INFO - [2025-11-18T00:50:08.683+0000] {dagbag.py:536} INFO - Filling up the DagBag from /opt/airflow/dags/pipeline_productivo.py
[2025-11-18T00:50:09.938+0000] {processor.py:839} INFO - DAG(s) dict_keys(['sodai_drinks_production_pipeline']) retrieved from /opt/airflow/dags/pipeline_productivo.py
[2025-11-18T00:50:09.953+0000] {logging_mixin.py:154} INFO - [2025-11-18T00:50:09.953+0000] {dag.py:2941} INFO - Sync 1 DAGs
[2025-11-18T00:50:09.964+0000] {logging_mixin.py:154} INFO - [2025-11-18T00:50:09.964+0000] {dag.py:3722} INFO - Setting next_dagrun for sodai_drinks_production_pipeline to 2025-11-16T00:00:00+00:00, run_after=2025-11-23T00:00:00+00:00
[2025-11-18T00:50:09.974+0000] {processor.py:179} INFO - Processing /opt/airflow/dags/pipeline_productivo.py took 1.294 seconds
[2025-11-18T00:50:40.235+0000] {processor.py:157} INFO - Started process (PID=1475) to work on /opt/airflow/dags/pipeline_productivo.py
[2025-11-18T00:50:40.236+0000] {processor.py:829} INFO - Processing file /opt/airflow/dags/pipeline_productivo.py for tasks to queue
[2025-11-18T00:50:40.236+0000] {logging_mixin.py:154} INFO - [2025-11-18T00:50:40.236+0000] {dagbag.py:536} INFO - Filling up the DagBag from /opt/airflow/dags/pipeline_productivo.py
[2025-11-18T00:50:41.418+0000] {processor.py:839} INFO - DAG(s) dict_keys(['sodai_drinks_production_pipeline']) retrieved from /opt/airflow/dags/pipeline_productivo.py
[2025-11-18T00:50:41.433+0000] {logging_mixin.py:154} INFO - [2025-11-18T00:50:41.433+0000] {dag.py:2941} INFO - Sync 1 DAGs
[2025-11-18T00:50:41.584+0000] {logging_mixin.py:154} INFO - [2025-11-18T00:50:41.584+0000] {dag.py:3722} INFO - Setting next_dagrun for sodai_drinks_production_pipeline to 2025-11-16T00:00:00+00:00, run_after=2025-11-23T00:00:00+00:00
[2025-11-18T00:50:41.593+0000] {processor.py:179} INFO - Processing /opt/airflow/dags/pipeline_productivo.py took 1.360 seconds
[2025-11-18T00:51:12.432+0000] {processor.py:157} INFO - Started process (PID=1540) to work on /opt/airflow/dags/pipeline_productivo.py
[2025-11-18T00:51:12.432+0000] {processor.py:829} INFO - Processing file /opt/airflow/dags/pipeline_productivo.py for tasks to queue
[2025-11-18T00:51:12.433+0000] {logging_mixin.py:154} INFO - [2025-11-18T00:51:12.433+0000] {dagbag.py:536} INFO - Filling up the DagBag from /opt/airflow/dags/pipeline_productivo.py
[2025-11-18T00:51:13.625+0000] {processor.py:839} INFO - DAG(s) dict_keys(['sodai_drinks_production_pipeline']) retrieved from /opt/airflow/dags/pipeline_productivo.py
[2025-11-18T00:51:13.642+0000] {logging_mixin.py:154} INFO - [2025-11-18T00:51:13.642+0000] {dag.py:2941} INFO - Sync 1 DAGs
[2025-11-18T00:51:13.654+0000] {logging_mixin.py:154} INFO - [2025-11-18T00:51:13.654+0000] {dag.py:3722} INFO - Setting next_dagrun for sodai_drinks_production_pipeline to 2025-11-16T00:00:00+00:00, run_after=2025-11-23T00:00:00+00:00
[2025-11-18T00:51:13.665+0000] {processor.py:179} INFO - Processing /opt/airflow/dags/pipeline_productivo.py took 1.236 seconds
[2025-11-18T00:51:43.967+0000] {processor.py:157} INFO - Started process (PID=1605) to work on /opt/airflow/dags/pipeline_productivo.py
[2025-11-18T00:51:43.968+0000] {processor.py:829} INFO - Processing file /opt/airflow/dags/pipeline_productivo.py for tasks to queue
[2025-11-18T00:51:43.968+0000] {logging_mixin.py:154} INFO - [2025-11-18T00:51:43.968+0000] {dagbag.py:536} INFO - Filling up the DagBag from /opt/airflow/dags/pipeline_productivo.py
[2025-11-18T00:51:45.190+0000] {processor.py:839} INFO - DAG(s) dict_keys(['sodai_drinks_production_pipeline']) retrieved from /opt/airflow/dags/pipeline_productivo.py
[2025-11-18T00:51:45.204+0000] {logging_mixin.py:154} INFO - [2025-11-18T00:51:45.204+0000] {dag.py:2941} INFO - Sync 1 DAGs
[2025-11-18T00:51:45.216+0000] {logging_mixin.py:154} INFO - [2025-11-18T00:51:45.216+0000] {dag.py:3722} INFO - Setting next_dagrun for sodai_drinks_production_pipeline to 2025-11-16T00:00:00+00:00, run_after=2025-11-23T00:00:00+00:00
[2025-11-18T00:51:45.358+0000] {processor.py:179} INFO - Processing /opt/airflow/dags/pipeline_productivo.py took 1.394 seconds
[2025-11-18T00:52:15.594+0000] {processor.py:157} INFO - Started process (PID=1670) to work on /opt/airflow/dags/pipeline_productivo.py
[2025-11-18T00:52:15.595+0000] {processor.py:829} INFO - Processing file /opt/airflow/dags/pipeline_productivo.py for tasks to queue
[2025-11-18T00:52:15.596+0000] {logging_mixin.py:154} INFO - [2025-11-18T00:52:15.595+0000] {dagbag.py:536} INFO - Filling up the DagBag from /opt/airflow/dags/pipeline_productivo.py
[2025-11-18T00:52:16.809+0000] {processor.py:839} INFO - DAG(s) dict_keys(['sodai_drinks_production_pipeline']) retrieved from /opt/airflow/dags/pipeline_productivo.py
[2025-11-18T00:52:16.825+0000] {logging_mixin.py:154} INFO - [2025-11-18T00:52:16.825+0000] {dag.py:2941} INFO - Sync 1 DAGs
[2025-11-18T00:52:16.964+0000] {logging_mixin.py:154} INFO - [2025-11-18T00:52:16.964+0000] {dag.py:3722} INFO - Setting next_dagrun for sodai_drinks_production_pipeline to 2025-11-16T00:00:00+00:00, run_after=2025-11-23T00:00:00+00:00
[2025-11-18T00:52:16.973+0000] {processor.py:179} INFO - Processing /opt/airflow/dags/pipeline_productivo.py took 1.382 seconds
[2025-11-18T00:52:47.262+0000] {processor.py:157} INFO - Started process (PID=1728) to work on /opt/airflow/dags/pipeline_productivo.py
[2025-11-18T00:52:47.263+0000] {processor.py:829} INFO - Processing file /opt/airflow/dags/pipeline_productivo.py for tasks to queue
[2025-11-18T00:52:47.263+0000] {logging_mixin.py:154} INFO - [2025-11-18T00:52:47.263+0000] {dagbag.py:536} INFO - Filling up the DagBag from /opt/airflow/dags/pipeline_productivo.py
[2025-11-18T00:52:48.548+0000] {processor.py:839} INFO - DAG(s) dict_keys(['sodai_drinks_production_pipeline']) retrieved from /opt/airflow/dags/pipeline_productivo.py
[2025-11-18T00:52:48.563+0000] {logging_mixin.py:154} INFO - [2025-11-18T00:52:48.563+0000] {dag.py:2941} INFO - Sync 1 DAGs
[2025-11-18T00:52:48.576+0000] {logging_mixin.py:154} INFO - [2025-11-18T00:52:48.575+0000] {dag.py:3722} INFO - Setting next_dagrun for sodai_drinks_production_pipeline to 2025-11-16T00:00:00+00:00, run_after=2025-11-23T00:00:00+00:00
[2025-11-18T00:52:48.585+0000] {processor.py:179} INFO - Processing /opt/airflow/dags/pipeline_productivo.py took 1.325 seconds
[2025-11-18T00:53:19.568+0000] {processor.py:157} INFO - Started process (PID=1800) to work on /opt/airflow/dags/pipeline_productivo.py
[2025-11-18T00:53:19.569+0000] {processor.py:829} INFO - Processing file /opt/airflow/dags/pipeline_productivo.py for tasks to queue
[2025-11-18T00:53:19.569+0000] {logging_mixin.py:154} INFO - [2025-11-18T00:53:19.569+0000] {dagbag.py:536} INFO - Filling up the DagBag from /opt/airflow/dags/pipeline_productivo.py
[2025-11-18T00:53:20.873+0000] {processor.py:839} INFO - DAG(s) dict_keys(['sodai_drinks_production_pipeline']) retrieved from /opt/airflow/dags/pipeline_productivo.py
[2025-11-18T00:53:20.887+0000] {logging_mixin.py:154} INFO - [2025-11-18T00:53:20.886+0000] {dag.py:2941} INFO - Sync 1 DAGs
[2025-11-18T00:53:21.025+0000] {logging_mixin.py:154} INFO - [2025-11-18T00:53:21.025+0000] {dag.py:3722} INFO - Setting next_dagrun for sodai_drinks_production_pipeline to 2025-11-16T00:00:00+00:00, run_after=2025-11-23T00:00:00+00:00
[2025-11-18T00:53:21.036+0000] {processor.py:179} INFO - Processing /opt/airflow/dags/pipeline_productivo.py took 1.470 seconds
[2025-11-18T00:53:51.297+0000] {processor.py:157} INFO - Started process (PID=1858) to work on /opt/airflow/dags/pipeline_productivo.py
[2025-11-18T00:53:51.297+0000] {processor.py:829} INFO - Processing file /opt/airflow/dags/pipeline_productivo.py for tasks to queue
[2025-11-18T00:53:51.298+0000] {logging_mixin.py:154} INFO - [2025-11-18T00:53:51.298+0000] {dagbag.py:536} INFO - Filling up the DagBag from /opt/airflow/dags/pipeline_productivo.py
[2025-11-18T00:53:52.558+0000] {processor.py:839} INFO - DAG(s) dict_keys(['sodai_drinks_production_pipeline']) retrieved from /opt/airflow/dags/pipeline_productivo.py
[2025-11-18T00:53:52.702+0000] {logging_mixin.py:154} INFO - [2025-11-18T00:53:52.573+0000] {dag.py:2941} INFO - Sync 1 DAGs
[2025-11-18T00:53:52.714+0000] {logging_mixin.py:154} INFO - [2025-11-18T00:53:52.714+0000] {dag.py:3722} INFO - Setting next_dagrun for sodai_drinks_production_pipeline to 2025-11-16T00:00:00+00:00, run_after=2025-11-23T00:00:00+00:00
[2025-11-18T00:53:52.723+0000] {processor.py:179} INFO - Processing /opt/airflow/dags/pipeline_productivo.py took 1.428 seconds
[2025-11-18T00:54:22.989+0000] {processor.py:157} INFO - Started process (PID=1923) to work on /opt/airflow/dags/pipeline_productivo.py
[2025-11-18T00:54:22.989+0000] {processor.py:829} INFO - Processing file /opt/airflow/dags/pipeline_productivo.py for tasks to queue
[2025-11-18T00:54:22.990+0000] {logging_mixin.py:154} INFO - [2025-11-18T00:54:22.990+0000] {dagbag.py:536} INFO - Filling up the DagBag from /opt/airflow/dags/pipeline_productivo.py
[2025-11-18T00:54:24.189+0000] {processor.py:839} INFO - DAG(s) dict_keys(['sodai_drinks_production_pipeline']) retrieved from /opt/airflow/dags/pipeline_productivo.py
[2025-11-18T00:54:24.204+0000] {logging_mixin.py:154} INFO - [2025-11-18T00:54:24.204+0000] {dag.py:2941} INFO - Sync 1 DAGs
[2025-11-18T00:54:24.215+0000] {logging_mixin.py:154} INFO - [2025-11-18T00:54:24.215+0000] {dag.py:3722} INFO - Setting next_dagrun for sodai_drinks_production_pipeline to 2025-11-16T00:00:00+00:00, run_after=2025-11-23T00:00:00+00:00
[2025-11-18T00:54:24.225+0000] {processor.py:179} INFO - Processing /opt/airflow/dags/pipeline_productivo.py took 1.239 seconds
[2025-11-18T00:54:54.444+0000] {processor.py:157} INFO - Started process (PID=1988) to work on /opt/airflow/dags/pipeline_productivo.py
[2025-11-18T00:54:54.445+0000] {processor.py:829} INFO - Processing file /opt/airflow/dags/pipeline_productivo.py for tasks to queue
[2025-11-18T00:54:54.445+0000] {logging_mixin.py:154} INFO - [2025-11-18T00:54:54.445+0000] {dagbag.py:536} INFO - Filling up the DagBag from /opt/airflow/dags/pipeline_productivo.py
[2025-11-18T00:54:55.734+0000] {processor.py:839} INFO - DAG(s) dict_keys(['sodai_drinks_production_pipeline']) retrieved from /opt/airflow/dags/pipeline_productivo.py
[2025-11-18T00:54:55.750+0000] {logging_mixin.py:154} INFO - [2025-11-18T00:54:55.750+0000] {dag.py:2941} INFO - Sync 1 DAGs
[2025-11-18T00:54:55.902+0000] {logging_mixin.py:154} INFO - [2025-11-18T00:54:55.902+0000] {dag.py:3722} INFO - Setting next_dagrun for sodai_drinks_production_pipeline to 2025-11-16T00:00:00+00:00, run_after=2025-11-23T00:00:00+00:00
[2025-11-18T00:54:55.913+0000] {processor.py:179} INFO - Processing /opt/airflow/dags/pipeline_productivo.py took 1.471 seconds
[2025-11-18T00:55:26.193+0000] {processor.py:157} INFO - Started process (PID=2053) to work on /opt/airflow/dags/pipeline_productivo.py
[2025-11-18T00:55:26.195+0000] {processor.py:829} INFO - Processing file /opt/airflow/dags/pipeline_productivo.py for tasks to queue
[2025-11-18T00:55:26.195+0000] {logging_mixin.py:154} INFO - [2025-11-18T00:55:26.195+0000] {dagbag.py:536} INFO - Filling up the DagBag from /opt/airflow/dags/pipeline_productivo.py
[2025-11-18T00:55:27.411+0000] {processor.py:839} INFO - DAG(s) dict_keys(['sodai_drinks_production_pipeline']) retrieved from /opt/airflow/dags/pipeline_productivo.py
[2025-11-18T00:55:27.546+0000] {logging_mixin.py:154} INFO - [2025-11-18T00:55:27.426+0000] {dag.py:2941} INFO - Sync 1 DAGs
[2025-11-18T00:55:27.559+0000] {logging_mixin.py:154} INFO - [2025-11-18T00:55:27.559+0000] {dag.py:3722} INFO - Setting next_dagrun for sodai_drinks_production_pipeline to 2025-11-16T00:00:00+00:00, run_after=2025-11-23T00:00:00+00:00
[2025-11-18T00:55:27.569+0000] {processor.py:179} INFO - Processing /opt/airflow/dags/pipeline_productivo.py took 1.378 seconds
[2025-11-18T00:55:57.866+0000] {processor.py:157} INFO - Started process (PID=2118) to work on /opt/airflow/dags/pipeline_productivo.py
[2025-11-18T00:55:57.867+0000] {processor.py:829} INFO - Processing file /opt/airflow/dags/pipeline_productivo.py for tasks to queue
[2025-11-18T00:55:57.867+0000] {logging_mixin.py:154} INFO - [2025-11-18T00:55:57.867+0000] {dagbag.py:536} INFO - Filling up the DagBag from /opt/airflow/dags/pipeline_productivo.py
[2025-11-18T00:55:59.169+0000] {processor.py:839} INFO - DAG(s) dict_keys(['sodai_drinks_production_pipeline']) retrieved from /opt/airflow/dags/pipeline_productivo.py
[2025-11-18T00:55:59.323+0000] {logging_mixin.py:154} INFO - [2025-11-18T00:55:59.322+0000] {dag.py:2941} INFO - Sync 1 DAGs
[2025-11-18T00:55:59.336+0000] {logging_mixin.py:154} INFO - [2025-11-18T00:55:59.336+0000] {dag.py:3722} INFO - Setting next_dagrun for sodai_drinks_production_pipeline to 2025-11-16T00:00:00+00:00, run_after=2025-11-23T00:00:00+00:00
[2025-11-18T00:55:59.347+0000] {processor.py:179} INFO - Processing /opt/airflow/dags/pipeline_productivo.py took 1.483 seconds
[2025-11-18T00:56:29.733+0000] {processor.py:157} INFO - Started process (PID=2183) to work on /opt/airflow/dags/pipeline_productivo.py
[2025-11-18T00:56:29.734+0000] {processor.py:829} INFO - Processing file /opt/airflow/dags/pipeline_productivo.py for tasks to queue
[2025-11-18T00:56:29.734+0000] {logging_mixin.py:154} INFO - [2025-11-18T00:56:29.734+0000] {dagbag.py:536} INFO - Filling up the DagBag from /opt/airflow/dags/pipeline_productivo.py
[2025-11-18T00:56:31.118+0000] {processor.py:839} INFO - DAG(s) dict_keys(['sodai_drinks_production_pipeline']) retrieved from /opt/airflow/dags/pipeline_productivo.py
[2025-11-18T00:56:31.134+0000] {logging_mixin.py:154} INFO - [2025-11-18T00:56:31.134+0000] {dag.py:2941} INFO - Sync 1 DAGs
[2025-11-18T00:56:31.286+0000] {logging_mixin.py:154} INFO - [2025-11-18T00:56:31.285+0000] {dag.py:3722} INFO - Setting next_dagrun for sodai_drinks_production_pipeline to 2025-11-16T00:00:00+00:00, run_after=2025-11-23T00:00:00+00:00
[2025-11-18T00:56:31.297+0000] {processor.py:179} INFO - Processing /opt/airflow/dags/pipeline_productivo.py took 1.566 seconds
[2025-11-18T00:57:01.579+0000] {processor.py:157} INFO - Started process (PID=2248) to work on /opt/airflow/dags/pipeline_productivo.py
[2025-11-18T00:57:01.580+0000] {processor.py:829} INFO - Processing file /opt/airflow/dags/pipeline_productivo.py for tasks to queue
[2025-11-18T00:57:01.581+0000] {logging_mixin.py:154} INFO - [2025-11-18T00:57:01.580+0000] {dagbag.py:536} INFO - Filling up the DagBag from /opt/airflow/dags/pipeline_productivo.py
[2025-11-18T00:57:02.942+0000] {processor.py:839} INFO - DAG(s) dict_keys(['sodai_drinks_production_pipeline']) retrieved from /opt/airflow/dags/pipeline_productivo.py
[2025-11-18T00:57:03.101+0000] {logging_mixin.py:154} INFO - [2025-11-18T00:57:02.958+0000] {dag.py:2941} INFO - Sync 1 DAGs
[2025-11-18T00:57:03.114+0000] {logging_mixin.py:154} INFO - [2025-11-18T00:57:03.114+0000] {dag.py:3722} INFO - Setting next_dagrun for sodai_drinks_production_pipeline to 2025-11-16T00:00:00+00:00, run_after=2025-11-23T00:00:00+00:00
[2025-11-18T00:57:03.126+0000] {processor.py:179} INFO - Processing /opt/airflow/dags/pipeline_productivo.py took 1.549 seconds
[2025-11-18T00:57:33.487+0000] {processor.py:157} INFO - Started process (PID=2314) to work on /opt/airflow/dags/pipeline_productivo.py
[2025-11-18T00:57:33.488+0000] {processor.py:829} INFO - Processing file /opt/airflow/dags/pipeline_productivo.py for tasks to queue
[2025-11-18T00:57:33.488+0000] {logging_mixin.py:154} INFO - [2025-11-18T00:57:33.488+0000] {dagbag.py:536} INFO - Filling up the DagBag from /opt/airflow/dags/pipeline_productivo.py
[2025-11-18T00:57:34.886+0000] {processor.py:839} INFO - DAG(s) dict_keys(['sodai_drinks_production_pipeline']) retrieved from /opt/airflow/dags/pipeline_productivo.py
[2025-11-18T00:57:35.053+0000] {logging_mixin.py:154} INFO - [2025-11-18T00:57:35.052+0000] {dag.py:2941} INFO - Sync 1 DAGs
[2025-11-18T00:57:35.065+0000] {logging_mixin.py:154} INFO - [2025-11-18T00:57:35.065+0000] {dag.py:3722} INFO - Setting next_dagrun for sodai_drinks_production_pipeline to 2025-11-16T00:00:00+00:00, run_after=2025-11-23T00:00:00+00:00
[2025-11-18T00:57:35.075+0000] {processor.py:179} INFO - Processing /opt/airflow/dags/pipeline_productivo.py took 1.591 seconds
[2025-11-18T00:58:06.023+0000] {processor.py:157} INFO - Started process (PID=2382) to work on /opt/airflow/dags/pipeline_productivo.py
[2025-11-18T00:58:06.024+0000] {processor.py:829} INFO - Processing file /opt/airflow/dags/pipeline_productivo.py for tasks to queue
[2025-11-18T00:58:06.024+0000] {logging_mixin.py:154} INFO - [2025-11-18T00:58:06.024+0000] {dagbag.py:536} INFO - Filling up the DagBag from /opt/airflow/dags/pipeline_productivo.py
[2025-11-18T00:58:07.404+0000] {processor.py:839} INFO - DAG(s) dict_keys(['sodai_drinks_production_pipeline']) retrieved from /opt/airflow/dags/pipeline_productivo.py
[2025-11-18T00:58:07.419+0000] {logging_mixin.py:154} INFO - [2025-11-18T00:58:07.418+0000] {dag.py:2941} INFO - Sync 1 DAGs
[2025-11-18T00:58:07.431+0000] {logging_mixin.py:154} INFO - [2025-11-18T00:58:07.431+0000] {dag.py:3722} INFO - Setting next_dagrun for sodai_drinks_production_pipeline to 2025-11-16T00:00:00+00:00, run_after=2025-11-23T00:00:00+00:00
[2025-11-18T00:58:07.440+0000] {processor.py:179} INFO - Processing /opt/airflow/dags/pipeline_productivo.py took 1.420 seconds
[2025-11-18T00:58:38.130+0000] {processor.py:157} INFO - Started process (PID=2471) to work on /opt/airflow/dags/pipeline_productivo.py
[2025-11-18T00:58:38.130+0000] {processor.py:829} INFO - Processing file /opt/airflow/dags/pipeline_productivo.py for tasks to queue
[2025-11-18T00:58:38.131+0000] {logging_mixin.py:154} INFO - [2025-11-18T00:58:38.131+0000] {dagbag.py:536} INFO - Filling up the DagBag from /opt/airflow/dags/pipeline_productivo.py
[2025-11-18T00:58:39.458+0000] {processor.py:839} INFO - DAG(s) dict_keys(['sodai_drinks_production_pipeline']) retrieved from /opt/airflow/dags/pipeline_productivo.py
[2025-11-18T00:58:39.666+0000] {logging_mixin.py:154} INFO - [2025-11-18T00:58:39.665+0000] {dag.py:2941} INFO - Sync 1 DAGs
[2025-11-18T00:58:39.682+0000] {logging_mixin.py:154} INFO - [2025-11-18T00:58:39.682+0000] {dag.py:3722} INFO - Setting next_dagrun for sodai_drinks_production_pipeline to 2025-11-16T00:00:00+00:00, run_after=2025-11-23T00:00:00+00:00
[2025-11-18T00:58:39.696+0000] {processor.py:179} INFO - Processing /opt/airflow/dags/pipeline_productivo.py took 1.569 seconds
[2025-11-18T00:59:09.825+0000] {processor.py:157} INFO - Started process (PID=2536) to work on /opt/airflow/dags/pipeline_productivo.py
[2025-11-18T00:59:09.834+0000] {processor.py:829} INFO - Processing file /opt/airflow/dags/pipeline_productivo.py for tasks to queue
[2025-11-18T00:59:09.835+0000] {logging_mixin.py:154} INFO - [2025-11-18T00:59:09.834+0000] {dagbag.py:536} INFO - Filling up the DagBag from /opt/airflow/dags/pipeline_productivo.py
[2025-11-18T00:59:11.163+0000] {processor.py:839} INFO - DAG(s) dict_keys(['sodai_drinks_production_pipeline']) retrieved from /opt/airflow/dags/pipeline_productivo.py
[2025-11-18T00:59:11.178+0000] {logging_mixin.py:154} INFO - [2025-11-18T00:59:11.178+0000] {dag.py:2941} INFO - Sync 1 DAGs
[2025-11-18T00:59:11.189+0000] {logging_mixin.py:154} INFO - [2025-11-18T00:59:11.189+0000] {dag.py:3722} INFO - Setting next_dagrun for sodai_drinks_production_pipeline to 2025-11-16T00:00:00+00:00, run_after=2025-11-23T00:00:00+00:00
[2025-11-18T00:59:11.198+0000] {processor.py:179} INFO - Processing /opt/airflow/dags/pipeline_productivo.py took 1.376 seconds
[2025-11-18T00:59:41.308+0000] {processor.py:157} INFO - Started process (PID=2601) to work on /opt/airflow/dags/pipeline_productivo.py
[2025-11-18T00:59:41.308+0000] {processor.py:829} INFO - Processing file /opt/airflow/dags/pipeline_productivo.py for tasks to queue
[2025-11-18T00:59:41.309+0000] {logging_mixin.py:154} INFO - [2025-11-18T00:59:41.309+0000] {dagbag.py:536} INFO - Filling up the DagBag from /opt/airflow/dags/pipeline_productivo.py
[2025-11-18T00:59:42.761+0000] {processor.py:839} INFO - DAG(s) dict_keys(['sodai_drinks_production_pipeline']) retrieved from /opt/airflow/dags/pipeline_productivo.py
[2025-11-18T00:59:42.779+0000] {logging_mixin.py:154} INFO - [2025-11-18T00:59:42.778+0000] {dag.py:2941} INFO - Sync 1 DAGs
[2025-11-18T00:59:42.930+0000] {logging_mixin.py:154} INFO - [2025-11-18T00:59:42.929+0000] {dag.py:3722} INFO - Setting next_dagrun for sodai_drinks_production_pipeline to 2025-11-16T00:00:00+00:00, run_after=2025-11-23T00:00:00+00:00
[2025-11-18T00:59:42.945+0000] {processor.py:179} INFO - Processing /opt/airflow/dags/pipeline_productivo.py took 1.640 seconds
[2025-11-18T01:00:13.200+0000] {processor.py:157} INFO - Started process (PID=2659) to work on /opt/airflow/dags/pipeline_productivo.py
[2025-11-18T01:00:13.201+0000] {processor.py:829} INFO - Processing file /opt/airflow/dags/pipeline_productivo.py for tasks to queue
[2025-11-18T01:00:13.202+0000] {logging_mixin.py:154} INFO - [2025-11-18T01:00:13.201+0000] {dagbag.py:536} INFO - Filling up the DagBag from /opt/airflow/dags/pipeline_productivo.py
[2025-11-18T01:00:14.356+0000] {processor.py:839} INFO - DAG(s) dict_keys(['sodai_drinks_production_pipeline']) retrieved from /opt/airflow/dags/pipeline_productivo.py
[2025-11-18T01:00:14.512+0000] {logging_mixin.py:154} INFO - [2025-11-18T01:00:14.512+0000] {dag.py:2941} INFO - Sync 1 DAGs
[2025-11-18T01:00:14.524+0000] {logging_mixin.py:154} INFO - [2025-11-18T01:00:14.524+0000] {dag.py:3722} INFO - Setting next_dagrun for sodai_drinks_production_pipeline to 2025-11-16T00:00:00+00:00, run_after=2025-11-23T00:00:00+00:00
[2025-11-18T01:00:14.543+0000] {processor.py:179} INFO - Processing /opt/airflow/dags/pipeline_productivo.py took 1.346 seconds
[2025-11-18T01:00:45.071+0000] {processor.py:157} INFO - Started process (PID=2724) to work on /opt/airflow/dags/pipeline_productivo.py
[2025-11-18T01:00:45.071+0000] {processor.py:829} INFO - Processing file /opt/airflow/dags/pipeline_productivo.py for tasks to queue
[2025-11-18T01:00:45.072+0000] {logging_mixin.py:154} INFO - [2025-11-18T01:00:45.072+0000] {dagbag.py:536} INFO - Filling up the DagBag from /opt/airflow/dags/pipeline_productivo.py
[2025-11-18T01:00:46.458+0000] {processor.py:839} INFO - DAG(s) dict_keys(['sodai_drinks_production_pipeline']) retrieved from /opt/airflow/dags/pipeline_productivo.py
[2025-11-18T01:00:46.473+0000] {logging_mixin.py:154} INFO - [2025-11-18T01:00:46.473+0000] {dag.py:2941} INFO - Sync 1 DAGs
[2025-11-18T01:00:46.485+0000] {logging_mixin.py:154} INFO - [2025-11-18T01:00:46.485+0000] {dag.py:3722} INFO - Setting next_dagrun for sodai_drinks_production_pipeline to 2025-11-16T00:00:00+00:00, run_after=2025-11-23T00:00:00+00:00
[2025-11-18T01:00:46.494+0000] {processor.py:179} INFO - Processing /opt/airflow/dags/pipeline_productivo.py took 1.426 seconds
[2025-11-18T01:01:16.646+0000] {processor.py:157} INFO - Started process (PID=2789) to work on /opt/airflow/dags/pipeline_productivo.py
[2025-11-18T01:01:16.647+0000] {processor.py:829} INFO - Processing file /opt/airflow/dags/pipeline_productivo.py for tasks to queue
[2025-11-18T01:01:16.648+0000] {logging_mixin.py:154} INFO - [2025-11-18T01:01:16.647+0000] {dagbag.py:536} INFO - Filling up the DagBag from /opt/airflow/dags/pipeline_productivo.py
[2025-11-18T01:01:17.892+0000] {processor.py:839} INFO - DAG(s) dict_keys(['sodai_drinks_production_pipeline']) retrieved from /opt/airflow/dags/pipeline_productivo.py
[2025-11-18T01:01:18.051+0000] {logging_mixin.py:154} INFO - [2025-11-18T01:01:18.051+0000] {dag.py:2941} INFO - Sync 1 DAGs
[2025-11-18T01:01:18.070+0000] {logging_mixin.py:154} INFO - [2025-11-18T01:01:18.069+0000] {dag.py:3722} INFO - Setting next_dagrun for sodai_drinks_production_pipeline to 2025-11-16T00:00:00+00:00, run_after=2025-11-23T00:00:00+00:00
[2025-11-18T01:01:18.080+0000] {processor.py:179} INFO - Processing /opt/airflow/dags/pipeline_productivo.py took 1.437 seconds
[2025-11-18T01:01:48.510+0000] {processor.py:157} INFO - Started process (PID=2854) to work on /opt/airflow/dags/pipeline_productivo.py
[2025-11-18T01:01:48.510+0000] {processor.py:829} INFO - Processing file /opt/airflow/dags/pipeline_productivo.py for tasks to queue
[2025-11-18T01:01:48.511+0000] {logging_mixin.py:154} INFO - [2025-11-18T01:01:48.511+0000] {dagbag.py:536} INFO - Filling up the DagBag from /opt/airflow/dags/pipeline_productivo.py
[2025-11-18T01:01:49.889+0000] {processor.py:839} INFO - DAG(s) dict_keys(['sodai_drinks_production_pipeline']) retrieved from /opt/airflow/dags/pipeline_productivo.py
[2025-11-18T01:01:49.905+0000] {logging_mixin.py:154} INFO - [2025-11-18T01:01:49.904+0000] {dag.py:2941} INFO - Sync 1 DAGs
[2025-11-18T01:01:49.917+0000] {logging_mixin.py:154} INFO - [2025-11-18T01:01:49.917+0000] {dag.py:3722} INFO - Setting next_dagrun for sodai_drinks_production_pipeline to 2025-11-16T00:00:00+00:00, run_after=2025-11-23T00:00:00+00:00
[2025-11-18T01:01:49.926+0000] {processor.py:179} INFO - Processing /opt/airflow/dags/pipeline_productivo.py took 1.419 seconds
[2025-11-18T01:02:19.996+0000] {processor.py:157} INFO - Started process (PID=2919) to work on /opt/airflow/dags/pipeline_productivo.py
[2025-11-18T01:02:19.997+0000] {processor.py:829} INFO - Processing file /opt/airflow/dags/pipeline_productivo.py for tasks to queue
[2025-11-18T01:02:19.997+0000] {logging_mixin.py:154} INFO - [2025-11-18T01:02:19.997+0000] {dagbag.py:536} INFO - Filling up the DagBag from /opt/airflow/dags/pipeline_productivo.py
[2025-11-18T01:02:21.311+0000] {processor.py:839} INFO - DAG(s) dict_keys(['sodai_drinks_production_pipeline']) retrieved from /opt/airflow/dags/pipeline_productivo.py
[2025-11-18T01:02:21.327+0000] {logging_mixin.py:154} INFO - [2025-11-18T01:02:21.327+0000] {dag.py:2941} INFO - Sync 1 DAGs
[2025-11-18T01:02:21.342+0000] {logging_mixin.py:154} INFO - [2025-11-18T01:02:21.342+0000] {dag.py:3722} INFO - Setting next_dagrun for sodai_drinks_production_pipeline to 2025-11-16T00:00:00+00:00, run_after=2025-11-23T00:00:00+00:00
[2025-11-18T01:02:21.352+0000] {processor.py:179} INFO - Processing /opt/airflow/dags/pipeline_productivo.py took 1.359 seconds
[2025-11-18T01:02:51.851+0000] {processor.py:157} INFO - Started process (PID=2984) to work on /opt/airflow/dags/pipeline_productivo.py
[2025-11-18T01:02:51.852+0000] {processor.py:829} INFO - Processing file /opt/airflow/dags/pipeline_productivo.py for tasks to queue
[2025-11-18T01:02:51.852+0000] {logging_mixin.py:154} INFO - [2025-11-18T01:02:51.852+0000] {dagbag.py:536} INFO - Filling up the DagBag from /opt/airflow/dags/pipeline_productivo.py
[2025-11-18T01:02:53.148+0000] {processor.py:839} INFO - DAG(s) dict_keys(['sodai_drinks_production_pipeline']) retrieved from /opt/airflow/dags/pipeline_productivo.py
[2025-11-18T01:02:53.287+0000] {logging_mixin.py:154} INFO - [2025-11-18T01:02:53.287+0000] {dag.py:2941} INFO - Sync 1 DAGs
[2025-11-18T01:02:53.299+0000] {logging_mixin.py:154} INFO - [2025-11-18T01:02:53.299+0000] {dag.py:3722} INFO - Setting next_dagrun for sodai_drinks_production_pipeline to 2025-11-16T00:00:00+00:00, run_after=2025-11-23T00:00:00+00:00
[2025-11-18T01:02:53.308+0000] {processor.py:179} INFO - Processing /opt/airflow/dags/pipeline_productivo.py took 1.459 seconds
[2025-11-18T01:03:23.712+0000] {processor.py:157} INFO - Started process (PID=3049) to work on /opt/airflow/dags/pipeline_productivo.py
[2025-11-18T01:03:23.712+0000] {processor.py:829} INFO - Processing file /opt/airflow/dags/pipeline_productivo.py for tasks to queue
[2025-11-18T01:03:23.713+0000] {logging_mixin.py:154} INFO - [2025-11-18T01:03:23.712+0000] {dagbag.py:536} INFO - Filling up the DagBag from /opt/airflow/dags/pipeline_productivo.py
[2025-11-18T01:03:25.091+0000] {processor.py:839} INFO - DAG(s) dict_keys(['sodai_drinks_production_pipeline']) retrieved from /opt/airflow/dags/pipeline_productivo.py
[2025-11-18T01:03:25.107+0000] {logging_mixin.py:154} INFO - [2025-11-18T01:03:25.107+0000] {dag.py:2941} INFO - Sync 1 DAGs
[2025-11-18T01:03:25.119+0000] {logging_mixin.py:154} INFO - [2025-11-18T01:03:25.119+0000] {dag.py:3722} INFO - Setting next_dagrun for sodai_drinks_production_pipeline to 2025-11-16T00:00:00+00:00, run_after=2025-11-23T00:00:00+00:00
[2025-11-18T01:03:25.131+0000] {processor.py:179} INFO - Processing /opt/airflow/dags/pipeline_productivo.py took 1.423 seconds
[2025-11-18T01:03:55.244+0000] {processor.py:157} INFO - Started process (PID=3114) to work on /opt/airflow/dags/pipeline_productivo.py
[2025-11-18T01:03:55.245+0000] {processor.py:829} INFO - Processing file /opt/airflow/dags/pipeline_productivo.py for tasks to queue
[2025-11-18T01:03:55.245+0000] {logging_mixin.py:154} INFO - [2025-11-18T01:03:55.245+0000] {dagbag.py:536} INFO - Filling up the DagBag from /opt/airflow/dags/pipeline_productivo.py
[2025-11-18T01:03:56.664+0000] {processor.py:839} INFO - DAG(s) dict_keys(['sodai_drinks_production_pipeline']) retrieved from /opt/airflow/dags/pipeline_productivo.py
[2025-11-18T01:03:56.680+0000] {logging_mixin.py:154} INFO - [2025-11-18T01:03:56.679+0000] {dag.py:2941} INFO - Sync 1 DAGs
[2025-11-18T01:03:56.692+0000] {logging_mixin.py:154} INFO - [2025-11-18T01:03:56.691+0000] {dag.py:3722} INFO - Setting next_dagrun for sodai_drinks_production_pipeline to 2025-11-16T00:00:00+00:00, run_after=2025-11-23T00:00:00+00:00
[2025-11-18T01:03:56.700+0000] {processor.py:179} INFO - Processing /opt/airflow/dags/pipeline_productivo.py took 1.459 seconds
[2025-11-18T01:04:27.437+0000] {processor.py:157} INFO - Started process (PID=3179) to work on /opt/airflow/dags/pipeline_productivo.py
[2025-11-18T01:04:27.438+0000] {processor.py:829} INFO - Processing file /opt/airflow/dags/pipeline_productivo.py for tasks to queue
[2025-11-18T01:04:27.438+0000] {logging_mixin.py:154} INFO - [2025-11-18T01:04:27.438+0000] {dagbag.py:536} INFO - Filling up the DagBag from /opt/airflow/dags/pipeline_productivo.py
[2025-11-18T01:04:28.818+0000] {processor.py:839} INFO - DAG(s) dict_keys(['sodai_drinks_production_pipeline']) retrieved from /opt/airflow/dags/pipeline_productivo.py
[2025-11-18T01:04:28.835+0000] {logging_mixin.py:154} INFO - [2025-11-18T01:04:28.834+0000] {dag.py:2941} INFO - Sync 1 DAGs
[2025-11-18T01:04:28.846+0000] {logging_mixin.py:154} INFO - [2025-11-18T01:04:28.846+0000] {dag.py:3722} INFO - Setting next_dagrun for sodai_drinks_production_pipeline to 2025-11-16T00:00:00+00:00, run_after=2025-11-23T00:00:00+00:00
[2025-11-18T01:04:28.856+0000] {processor.py:179} INFO - Processing /opt/airflow/dags/pipeline_productivo.py took 1.422 seconds
[2025-11-18T01:04:59.628+0000] {processor.py:157} INFO - Started process (PID=3244) to work on /opt/airflow/dags/pipeline_productivo.py
[2025-11-18T01:04:59.628+0000] {processor.py:829} INFO - Processing file /opt/airflow/dags/pipeline_productivo.py for tasks to queue
[2025-11-18T01:04:59.628+0000] {logging_mixin.py:154} INFO - [2025-11-18T01:04:59.628+0000] {dagbag.py:536} INFO - Filling up the DagBag from /opt/airflow/dags/pipeline_productivo.py
[2025-11-18T01:05:00.960+0000] {processor.py:839} INFO - DAG(s) dict_keys(['sodai_drinks_production_pipeline']) retrieved from /opt/airflow/dags/pipeline_productivo.py
[2025-11-18T01:05:00.978+0000] {logging_mixin.py:154} INFO - [2025-11-18T01:05:00.977+0000] {dag.py:2941} INFO - Sync 1 DAGs
[2025-11-18T01:05:00.990+0000] {logging_mixin.py:154} INFO - [2025-11-18T01:05:00.990+0000] {dag.py:3722} INFO - Setting next_dagrun for sodai_drinks_production_pipeline to 2025-11-16T00:00:00+00:00, run_after=2025-11-23T00:00:00+00:00
[2025-11-18T01:05:01.000+0000] {processor.py:179} INFO - Processing /opt/airflow/dags/pipeline_productivo.py took 1.375 seconds
[2025-11-18T01:05:31.435+0000] {processor.py:157} INFO - Started process (PID=3309) to work on /opt/airflow/dags/pipeline_productivo.py
[2025-11-18T01:05:31.436+0000] {processor.py:829} INFO - Processing file /opt/airflow/dags/pipeline_productivo.py for tasks to queue
[2025-11-18T01:05:31.437+0000] {logging_mixin.py:154} INFO - [2025-11-18T01:05:31.436+0000] {dagbag.py:536} INFO - Filling up the DagBag from /opt/airflow/dags/pipeline_productivo.py
[2025-11-18T01:05:32.754+0000] {processor.py:839} INFO - DAG(s) dict_keys(['sodai_drinks_production_pipeline']) retrieved from /opt/airflow/dags/pipeline_productivo.py
[2025-11-18T01:05:32.769+0000] {logging_mixin.py:154} INFO - [2025-11-18T01:05:32.769+0000] {dag.py:2941} INFO - Sync 1 DAGs
[2025-11-18T01:05:32.782+0000] {logging_mixin.py:154} INFO - [2025-11-18T01:05:32.782+0000] {dag.py:3722} INFO - Setting next_dagrun for sodai_drinks_production_pipeline to 2025-11-16T00:00:00+00:00, run_after=2025-11-23T00:00:00+00:00
[2025-11-18T01:05:32.791+0000] {processor.py:179} INFO - Processing /opt/airflow/dags/pipeline_productivo.py took 1.359 seconds
[2025-11-18T01:06:02.935+0000] {processor.py:157} INFO - Started process (PID=3373) to work on /opt/airflow/dags/pipeline_productivo.py
[2025-11-18T01:06:02.935+0000] {processor.py:829} INFO - Processing file /opt/airflow/dags/pipeline_productivo.py for tasks to queue
[2025-11-18T01:06:02.936+0000] {logging_mixin.py:154} INFO - [2025-11-18T01:06:02.936+0000] {dagbag.py:536} INFO - Filling up the DagBag from /opt/airflow/dags/pipeline_productivo.py
[2025-11-18T01:06:04.367+0000] {processor.py:839} INFO - DAG(s) dict_keys(['sodai_drinks_production_pipeline']) retrieved from /opt/airflow/dags/pipeline_productivo.py
[2025-11-18T01:06:04.382+0000] {logging_mixin.py:154} INFO - [2025-11-18T01:06:04.381+0000] {dag.py:2941} INFO - Sync 1 DAGs
[2025-11-18T01:06:04.393+0000] {logging_mixin.py:154} INFO - [2025-11-18T01:06:04.393+0000] {dag.py:3722} INFO - Setting next_dagrun for sodai_drinks_production_pipeline to 2025-11-16T00:00:00+00:00, run_after=2025-11-23T00:00:00+00:00
[2025-11-18T01:06:04.402+0000] {processor.py:179} INFO - Processing /opt/airflow/dags/pipeline_productivo.py took 1.470 seconds
[2025-11-18T01:06:34.794+0000] {processor.py:157} INFO - Started process (PID=3432) to work on /opt/airflow/dags/pipeline_productivo.py
[2025-11-18T01:06:34.795+0000] {processor.py:829} INFO - Processing file /opt/airflow/dags/pipeline_productivo.py for tasks to queue
[2025-11-18T01:06:34.795+0000] {logging_mixin.py:154} INFO - [2025-11-18T01:06:34.795+0000] {dagbag.py:536} INFO - Filling up the DagBag from /opt/airflow/dags/pipeline_productivo.py
[2025-11-18T01:06:36.492+0000] {processor.py:839} INFO - DAG(s) dict_keys(['sodai_drinks_production_pipeline']) retrieved from /opt/airflow/dags/pipeline_productivo.py
[2025-11-18T01:06:36.516+0000] {logging_mixin.py:154} INFO - [2025-11-18T01:06:36.516+0000] {dag.py:2941} INFO - Sync 1 DAGs
[2025-11-18T01:06:36.533+0000] {logging_mixin.py:154} INFO - [2025-11-18T01:06:36.533+0000] {dag.py:3722} INFO - Setting next_dagrun for sodai_drinks_production_pipeline to 2025-11-16T00:00:00+00:00, run_after=2025-11-23T00:00:00+00:00
[2025-11-18T01:06:36.546+0000] {processor.py:179} INFO - Processing /opt/airflow/dags/pipeline_productivo.py took 1.755 seconds
[2025-11-18T01:07:06.957+0000] {processor.py:157} INFO - Started process (PID=3498) to work on /opt/airflow/dags/pipeline_productivo.py
[2025-11-18T01:07:06.958+0000] {processor.py:829} INFO - Processing file /opt/airflow/dags/pipeline_productivo.py for tasks to queue
[2025-11-18T01:07:06.958+0000] {logging_mixin.py:154} INFO - [2025-11-18T01:07:06.958+0000] {dagbag.py:536} INFO - Filling up the DagBag from /opt/airflow/dags/pipeline_productivo.py
[2025-11-18T01:07:08.257+0000] {processor.py:839} INFO - DAG(s) dict_keys(['sodai_drinks_production_pipeline']) retrieved from /opt/airflow/dags/pipeline_productivo.py
[2025-11-18T01:07:08.272+0000] {logging_mixin.py:154} INFO - [2025-11-18T01:07:08.272+0000] {dag.py:2941} INFO - Sync 1 DAGs
[2025-11-18T01:07:08.284+0000] {logging_mixin.py:154} INFO - [2025-11-18T01:07:08.284+0000] {dag.py:3722} INFO - Setting next_dagrun for sodai_drinks_production_pipeline to 2025-11-16T00:00:00+00:00, run_after=2025-11-23T00:00:00+00:00
[2025-11-18T01:07:08.293+0000] {processor.py:179} INFO - Processing /opt/airflow/dags/pipeline_productivo.py took 1.339 seconds
[2025-11-18T01:07:38.405+0000] {processor.py:157} INFO - Started process (PID=3563) to work on /opt/airflow/dags/pipeline_productivo.py
[2025-11-18T01:07:38.405+0000] {processor.py:829} INFO - Processing file /opt/airflow/dags/pipeline_productivo.py for tasks to queue
[2025-11-18T01:07:38.406+0000] {logging_mixin.py:154} INFO - [2025-11-18T01:07:38.405+0000] {dagbag.py:536} INFO - Filling up the DagBag from /opt/airflow/dags/pipeline_productivo.py
[2025-11-18T01:07:39.728+0000] {processor.py:839} INFO - DAG(s) dict_keys(['sodai_drinks_production_pipeline']) retrieved from /opt/airflow/dags/pipeline_productivo.py
[2025-11-18T01:07:39.743+0000] {logging_mixin.py:154} INFO - [2025-11-18T01:07:39.743+0000] {dag.py:2941} INFO - Sync 1 DAGs
[2025-11-18T01:07:39.754+0000] {logging_mixin.py:154} INFO - [2025-11-18T01:07:39.754+0000] {dag.py:3722} INFO - Setting next_dagrun for sodai_drinks_production_pipeline to 2025-11-16T00:00:00+00:00, run_after=2025-11-23T00:00:00+00:00
[2025-11-18T01:07:39.763+0000] {processor.py:179} INFO - Processing /opt/airflow/dags/pipeline_productivo.py took 1.361 seconds
[2025-11-18T01:08:09.880+0000] {processor.py:157} INFO - Started process (PID=3628) to work on /opt/airflow/dags/pipeline_productivo.py
[2025-11-18T01:08:09.880+0000] {processor.py:829} INFO - Processing file /opt/airflow/dags/pipeline_productivo.py for tasks to queue
[2025-11-18T01:08:09.881+0000] {logging_mixin.py:154} INFO - [2025-11-18T01:08:09.881+0000] {dagbag.py:536} INFO - Filling up the DagBag from /opt/airflow/dags/pipeline_productivo.py
[2025-11-18T01:08:11.209+0000] {processor.py:839} INFO - DAG(s) dict_keys(['sodai_drinks_production_pipeline']) retrieved from /opt/airflow/dags/pipeline_productivo.py
[2025-11-18T01:08:11.223+0000] {logging_mixin.py:154} INFO - [2025-11-18T01:08:11.223+0000] {dag.py:2941} INFO - Sync 1 DAGs
[2025-11-18T01:08:11.235+0000] {logging_mixin.py:154} INFO - [2025-11-18T01:08:11.235+0000] {dag.py:3722} INFO - Setting next_dagrun for sodai_drinks_production_pipeline to 2025-11-16T00:00:00+00:00, run_after=2025-11-23T00:00:00+00:00
[2025-11-18T01:08:11.244+0000] {processor.py:179} INFO - Processing /opt/airflow/dags/pipeline_productivo.py took 1.367 seconds
[2025-11-18T01:08:41.398+0000] {processor.py:157} INFO - Started process (PID=3693) to work on /opt/airflow/dags/pipeline_productivo.py
[2025-11-18T01:08:41.399+0000] {processor.py:829} INFO - Processing file /opt/airflow/dags/pipeline_productivo.py for tasks to queue
[2025-11-18T01:08:41.399+0000] {logging_mixin.py:154} INFO - [2025-11-18T01:08:41.399+0000] {dagbag.py:536} INFO - Filling up the DagBag from /opt/airflow/dags/pipeline_productivo.py
[2025-11-18T01:08:42.759+0000] {processor.py:839} INFO - DAG(s) dict_keys(['sodai_drinks_production_pipeline']) retrieved from /opt/airflow/dags/pipeline_productivo.py
[2025-11-18T01:08:42.774+0000] {logging_mixin.py:154} INFO - [2025-11-18T01:08:42.773+0000] {dag.py:2941} INFO - Sync 1 DAGs
[2025-11-18T01:08:42.785+0000] {logging_mixin.py:154} INFO - [2025-11-18T01:08:42.785+0000] {dag.py:3722} INFO - Setting next_dagrun for sodai_drinks_production_pipeline to 2025-11-16T00:00:00+00:00, run_after=2025-11-23T00:00:00+00:00
[2025-11-18T01:08:42.795+0000] {processor.py:179} INFO - Processing /opt/airflow/dags/pipeline_productivo.py took 1.399 seconds
[2025-11-18T01:09:13.653+0000] {processor.py:157} INFO - Started process (PID=3773) to work on /opt/airflow/dags/pipeline_productivo.py
[2025-11-18T01:09:13.654+0000] {processor.py:829} INFO - Processing file /opt/airflow/dags/pipeline_productivo.py for tasks to queue
[2025-11-18T01:09:13.654+0000] {logging_mixin.py:154} INFO - [2025-11-18T01:09:13.654+0000] {dagbag.py:536} INFO - Filling up the DagBag from /opt/airflow/dags/pipeline_productivo.py
[2025-11-18T01:09:15.098+0000] {processor.py:839} INFO - DAG(s) dict_keys(['sodai_drinks_production_pipeline']) retrieved from /opt/airflow/dags/pipeline_productivo.py
[2025-11-18T01:09:15.114+0000] {logging_mixin.py:154} INFO - [2025-11-18T01:09:15.114+0000] {dag.py:2941} INFO - Sync 1 DAGs
[2025-11-18T01:09:15.128+0000] {logging_mixin.py:154} INFO - [2025-11-18T01:09:15.128+0000] {dag.py:3722} INFO - Setting next_dagrun for sodai_drinks_production_pipeline to 2025-11-16T00:00:00+00:00, run_after=2025-11-23T00:00:00+00:00
[2025-11-18T01:09:15.140+0000] {processor.py:179} INFO - Processing /opt/airflow/dags/pipeline_productivo.py took 1.490 seconds
[2025-11-18T01:09:45.472+0000] {processor.py:157} INFO - Started process (PID=3838) to work on /opt/airflow/dags/pipeline_productivo.py
[2025-11-18T01:09:45.474+0000] {processor.py:829} INFO - Processing file /opt/airflow/dags/pipeline_productivo.py for tasks to queue
[2025-11-18T01:09:45.474+0000] {logging_mixin.py:154} INFO - [2025-11-18T01:09:45.474+0000] {dagbag.py:536} INFO - Filling up the DagBag from /opt/airflow/dags/pipeline_productivo.py
[2025-11-18T01:09:46.770+0000] {processor.py:839} INFO - DAG(s) dict_keys(['sodai_drinks_production_pipeline']) retrieved from /opt/airflow/dags/pipeline_productivo.py
[2025-11-18T01:09:46.786+0000] {logging_mixin.py:154} INFO - [2025-11-18T01:09:46.785+0000] {dag.py:2941} INFO - Sync 1 DAGs
[2025-11-18T01:09:46.798+0000] {logging_mixin.py:154} INFO - [2025-11-18T01:09:46.798+0000] {dag.py:3722} INFO - Setting next_dagrun for sodai_drinks_production_pipeline to 2025-11-16T00:00:00+00:00, run_after=2025-11-23T00:00:00+00:00
[2025-11-18T01:09:46.808+0000] {processor.py:179} INFO - Processing /opt/airflow/dags/pipeline_productivo.py took 1.338 seconds
[2025-11-18T01:10:17.055+0000] {processor.py:157} INFO - Started process (PID=3903) to work on /opt/airflow/dags/pipeline_productivo.py
[2025-11-18T01:10:17.055+0000] {processor.py:829} INFO - Processing file /opt/airflow/dags/pipeline_productivo.py for tasks to queue
[2025-11-18T01:10:17.056+0000] {logging_mixin.py:154} INFO - [2025-11-18T01:10:17.055+0000] {dagbag.py:536} INFO - Filling up the DagBag from /opt/airflow/dags/pipeline_productivo.py
[2025-11-18T01:10:18.333+0000] {processor.py:839} INFO - DAG(s) dict_keys(['sodai_drinks_production_pipeline']) retrieved from /opt/airflow/dags/pipeline_productivo.py
[2025-11-18T01:10:18.349+0000] {logging_mixin.py:154} INFO - [2025-11-18T01:10:18.348+0000] {dag.py:2941} INFO - Sync 1 DAGs
[2025-11-18T01:10:18.360+0000] {logging_mixin.py:154} INFO - [2025-11-18T01:10:18.360+0000] {dag.py:3722} INFO - Setting next_dagrun for sodai_drinks_production_pipeline to 2025-11-16T00:00:00+00:00, run_after=2025-11-23T00:00:00+00:00
[2025-11-18T01:10:18.370+0000] {processor.py:179} INFO - Processing /opt/airflow/dags/pipeline_productivo.py took 1.318 seconds
[2025-11-18T01:10:49.222+0000] {processor.py:157} INFO - Started process (PID=3969) to work on /opt/airflow/dags/pipeline_productivo.py
[2025-11-18T01:10:49.223+0000] {processor.py:829} INFO - Processing file /opt/airflow/dags/pipeline_productivo.py for tasks to queue
[2025-11-18T01:10:49.223+0000] {logging_mixin.py:154} INFO - [2025-11-18T01:10:49.223+0000] {dagbag.py:536} INFO - Filling up the DagBag from /opt/airflow/dags/pipeline_productivo.py
[2025-11-18T01:10:50.709+0000] {processor.py:839} INFO - DAG(s) dict_keys(['sodai_drinks_production_pipeline']) retrieved from /opt/airflow/dags/pipeline_productivo.py
[2025-11-18T01:10:50.726+0000] {logging_mixin.py:154} INFO - [2025-11-18T01:10:50.725+0000] {dag.py:2941} INFO - Sync 1 DAGs
[2025-11-18T01:10:50.738+0000] {logging_mixin.py:154} INFO - [2025-11-18T01:10:50.738+0000] {dag.py:3722} INFO - Setting next_dagrun for sodai_drinks_production_pipeline to 2025-11-16T00:00:00+00:00, run_after=2025-11-23T00:00:00+00:00
[2025-11-18T01:10:50.748+0000] {processor.py:179} INFO - Processing /opt/airflow/dags/pipeline_productivo.py took 1.529 seconds
[2025-11-18T01:11:21.373+0000] {processor.py:157} INFO - Started process (PID=4034) to work on /opt/airflow/dags/pipeline_productivo.py
[2025-11-18T01:11:21.373+0000] {processor.py:829} INFO - Processing file /opt/airflow/dags/pipeline_productivo.py for tasks to queue
[2025-11-18T01:11:21.373+0000] {logging_mixin.py:154} INFO - [2025-11-18T01:11:21.373+0000] {dagbag.py:536} INFO - Filling up the DagBag from /opt/airflow/dags/pipeline_productivo.py
[2025-11-18T01:11:22.690+0000] {processor.py:839} INFO - DAG(s) dict_keys(['sodai_drinks_production_pipeline']) retrieved from /opt/airflow/dags/pipeline_productivo.py
[2025-11-18T01:11:22.705+0000] {logging_mixin.py:154} INFO - [2025-11-18T01:11:22.705+0000] {dag.py:2941} INFO - Sync 1 DAGs
[2025-11-18T01:11:22.717+0000] {logging_mixin.py:154} INFO - [2025-11-18T01:11:22.717+0000] {dag.py:3722} INFO - Setting next_dagrun for sodai_drinks_production_pipeline to 2025-11-16T00:00:00+00:00, run_after=2025-11-23T00:00:00+00:00
[2025-11-18T01:11:22.726+0000] {processor.py:179} INFO - Processing /opt/airflow/dags/pipeline_productivo.py took 1.356 seconds
[2025-11-18T01:11:53.594+0000] {processor.py:157} INFO - Started process (PID=4099) to work on /opt/airflow/dags/pipeline_productivo.py
[2025-11-18T01:11:53.595+0000] {processor.py:829} INFO - Processing file /opt/airflow/dags/pipeline_productivo.py for tasks to queue
[2025-11-18T01:11:53.596+0000] {logging_mixin.py:154} INFO - [2025-11-18T01:11:53.596+0000] {dagbag.py:536} INFO - Filling up the DagBag from /opt/airflow/dags/pipeline_productivo.py
[2025-11-18T01:11:55.135+0000] {processor.py:839} INFO - DAG(s) dict_keys(['sodai_drinks_production_pipeline']) retrieved from /opt/airflow/dags/pipeline_productivo.py
[2025-11-18T01:11:55.151+0000] {logging_mixin.py:154} INFO - [2025-11-18T01:11:55.150+0000] {dag.py:2941} INFO - Sync 1 DAGs
[2025-11-18T01:11:55.164+0000] {logging_mixin.py:154} INFO - [2025-11-18T01:11:55.164+0000] {dag.py:3722} INFO - Setting next_dagrun for sodai_drinks_production_pipeline to 2025-11-16T00:00:00+00:00, run_after=2025-11-23T00:00:00+00:00
[2025-11-18T01:11:55.175+0000] {processor.py:179} INFO - Processing /opt/airflow/dags/pipeline_productivo.py took 1.583 seconds
[2025-11-18T01:12:26.014+0000] {processor.py:157} INFO - Started process (PID=4164) to work on /opt/airflow/dags/pipeline_productivo.py
[2025-11-18T01:12:26.014+0000] {processor.py:829} INFO - Processing file /opt/airflow/dags/pipeline_productivo.py for tasks to queue
[2025-11-18T01:12:26.015+0000] {logging_mixin.py:154} INFO - [2025-11-18T01:12:26.015+0000] {dagbag.py:536} INFO - Filling up the DagBag from /opt/airflow/dags/pipeline_productivo.py
[2025-11-18T01:12:27.391+0000] {processor.py:839} INFO - DAG(s) dict_keys(['sodai_drinks_production_pipeline']) retrieved from /opt/airflow/dags/pipeline_productivo.py
[2025-11-18T01:12:27.408+0000] {logging_mixin.py:154} INFO - [2025-11-18T01:12:27.408+0000] {dag.py:2941} INFO - Sync 1 DAGs
[2025-11-18T01:12:27.420+0000] {logging_mixin.py:154} INFO - [2025-11-18T01:12:27.420+0000] {dag.py:3722} INFO - Setting next_dagrun for sodai_drinks_production_pipeline to 2025-11-16T00:00:00+00:00, run_after=2025-11-23T00:00:00+00:00
[2025-11-18T01:12:27.430+0000] {processor.py:179} INFO - Processing /opt/airflow/dags/pipeline_productivo.py took 1.420 seconds
[2025-11-18T01:12:57.648+0000] {processor.py:157} INFO - Started process (PID=4229) to work on /opt/airflow/dags/pipeline_productivo.py
[2025-11-18T01:12:57.649+0000] {processor.py:829} INFO - Processing file /opt/airflow/dags/pipeline_productivo.py for tasks to queue
[2025-11-18T01:12:57.649+0000] {logging_mixin.py:154} INFO - [2025-11-18T01:12:57.649+0000] {dagbag.py:536} INFO - Filling up the DagBag from /opt/airflow/dags/pipeline_productivo.py
[2025-11-18T01:12:59.096+0000] {processor.py:839} INFO - DAG(s) dict_keys(['sodai_drinks_production_pipeline']) retrieved from /opt/airflow/dags/pipeline_productivo.py
[2025-11-18T01:12:59.112+0000] {logging_mixin.py:154} INFO - [2025-11-18T01:12:59.111+0000] {dag.py:2941} INFO - Sync 1 DAGs
[2025-11-18T01:12:59.125+0000] {logging_mixin.py:154} INFO - [2025-11-18T01:12:59.125+0000] {dag.py:3722} INFO - Setting next_dagrun for sodai_drinks_production_pipeline to 2025-11-16T00:00:00+00:00, run_after=2025-11-23T00:00:00+00:00
[2025-11-18T01:12:59.135+0000] {processor.py:179} INFO - Processing /opt/airflow/dags/pipeline_productivo.py took 1.490 seconds
[2025-11-18T01:13:29.991+0000] {processor.py:157} INFO - Started process (PID=4287) to work on /opt/airflow/dags/pipeline_productivo.py
[2025-11-18T01:13:29.992+0000] {processor.py:829} INFO - Processing file /opt/airflow/dags/pipeline_productivo.py for tasks to queue
[2025-11-18T01:13:29.992+0000] {logging_mixin.py:154} INFO - [2025-11-18T01:13:29.992+0000] {dagbag.py:536} INFO - Filling up the DagBag from /opt/airflow/dags/pipeline_productivo.py
[2025-11-18T01:13:31.690+0000] {processor.py:839} INFO - DAG(s) dict_keys(['sodai_drinks_production_pipeline']) retrieved from /opt/airflow/dags/pipeline_productivo.py
[2025-11-18T01:13:31.712+0000] {logging_mixin.py:154} INFO - [2025-11-18T01:13:31.712+0000] {dag.py:2941} INFO - Sync 1 DAGs
[2025-11-18T01:13:31.730+0000] {logging_mixin.py:154} INFO - [2025-11-18T01:13:31.730+0000] {dag.py:3722} INFO - Setting next_dagrun for sodai_drinks_production_pipeline to 2025-11-16T00:00:00+00:00, run_after=2025-11-23T00:00:00+00:00
[2025-11-18T01:13:31.743+0000] {processor.py:179} INFO - Processing /opt/airflow/dags/pipeline_productivo.py took 1.755 seconds
[2025-11-18T01:14:02.054+0000] {processor.py:157} INFO - Started process (PID=4352) to work on /opt/airflow/dags/pipeline_productivo.py
[2025-11-18T01:14:02.054+0000] {processor.py:829} INFO - Processing file /opt/airflow/dags/pipeline_productivo.py for tasks to queue
[2025-11-18T01:14:02.055+0000] {logging_mixin.py:154} INFO - [2025-11-18T01:14:02.055+0000] {dagbag.py:536} INFO - Filling up the DagBag from /opt/airflow/dags/pipeline_productivo.py
[2025-11-18T01:14:03.682+0000] {processor.py:839} INFO - DAG(s) dict_keys(['sodai_drinks_production_pipeline']) retrieved from /opt/airflow/dags/pipeline_productivo.py
[2025-11-18T01:14:03.703+0000] {logging_mixin.py:154} INFO - [2025-11-18T01:14:03.702+0000] {dag.py:2941} INFO - Sync 1 DAGs
[2025-11-18T01:14:03.718+0000] {logging_mixin.py:154} INFO - [2025-11-18T01:14:03.717+0000] {dag.py:3722} INFO - Setting next_dagrun for sodai_drinks_production_pipeline to 2025-11-16T00:00:00+00:00, run_after=2025-11-23T00:00:00+00:00
[2025-11-18T01:14:03.732+0000] {processor.py:179} INFO - Processing /opt/airflow/dags/pipeline_productivo.py took 1.681 seconds
[2025-11-18T01:14:33.974+0000] {processor.py:157} INFO - Started process (PID=4423) to work on /opt/airflow/dags/pipeline_productivo.py
[2025-11-18T01:14:33.974+0000] {processor.py:829} INFO - Processing file /opt/airflow/dags/pipeline_productivo.py for tasks to queue
[2025-11-18T01:14:33.975+0000] {logging_mixin.py:154} INFO - [2025-11-18T01:14:33.975+0000] {dagbag.py:536} INFO - Filling up the DagBag from /opt/airflow/dags/pipeline_productivo.py
[2025-11-18T01:14:35.598+0000] {processor.py:839} INFO - DAG(s) dict_keys(['sodai_drinks_production_pipeline']) retrieved from /opt/airflow/dags/pipeline_productivo.py
[2025-11-18T01:14:35.614+0000] {logging_mixin.py:154} INFO - [2025-11-18T01:14:35.614+0000] {dag.py:2941} INFO - Sync 1 DAGs
[2025-11-18T01:14:35.626+0000] {logging_mixin.py:154} INFO - [2025-11-18T01:14:35.626+0000] {dag.py:3722} INFO - Setting next_dagrun for sodai_drinks_production_pipeline to 2025-11-16T00:00:00+00:00, run_after=2025-11-23T00:00:00+00:00
[2025-11-18T01:14:35.636+0000] {processor.py:179} INFO - Processing /opt/airflow/dags/pipeline_productivo.py took 1.666 seconds
[2025-11-18T01:15:05.935+0000] {processor.py:157} INFO - Started process (PID=4494) to work on /opt/airflow/dags/pipeline_productivo.py
[2025-11-18T01:15:05.936+0000] {processor.py:829} INFO - Processing file /opt/airflow/dags/pipeline_productivo.py for tasks to queue
[2025-11-18T01:15:05.937+0000] {logging_mixin.py:154} INFO - [2025-11-18T01:15:05.937+0000] {dagbag.py:536} INFO - Filling up the DagBag from /opt/airflow/dags/pipeline_productivo.py
[2025-11-18T01:15:07.591+0000] {processor.py:839} INFO - DAG(s) dict_keys(['sodai_drinks_production_pipeline']) retrieved from /opt/airflow/dags/pipeline_productivo.py
[2025-11-18T01:15:07.606+0000] {logging_mixin.py:154} INFO - [2025-11-18T01:15:07.606+0000] {dag.py:2941} INFO - Sync 1 DAGs
[2025-11-18T01:15:07.619+0000] {logging_mixin.py:154} INFO - [2025-11-18T01:15:07.619+0000] {dag.py:3722} INFO - Setting next_dagrun for sodai_drinks_production_pipeline to 2025-11-16T00:00:00+00:00, run_after=2025-11-23T00:00:00+00:00
[2025-11-18T01:15:07.628+0000] {processor.py:179} INFO - Processing /opt/airflow/dags/pipeline_productivo.py took 1.697 seconds
[2025-11-18T01:15:37.745+0000] {processor.py:157} INFO - Started process (PID=4559) to work on /opt/airflow/dags/pipeline_productivo.py
[2025-11-18T01:15:37.746+0000] {processor.py:829} INFO - Processing file /opt/airflow/dags/pipeline_productivo.py for tasks to queue
[2025-11-18T01:15:37.746+0000] {logging_mixin.py:154} INFO - [2025-11-18T01:15:37.746+0000] {dagbag.py:536} INFO - Filling up the DagBag from /opt/airflow/dags/pipeline_productivo.py
[2025-11-18T01:15:39.265+0000] {processor.py:839} INFO - DAG(s) dict_keys(['sodai_drinks_production_pipeline']) retrieved from /opt/airflow/dags/pipeline_productivo.py
[2025-11-18T01:15:39.283+0000] {logging_mixin.py:154} INFO - [2025-11-18T01:15:39.282+0000] {dag.py:2941} INFO - Sync 1 DAGs
[2025-11-18T01:15:39.298+0000] {logging_mixin.py:154} INFO - [2025-11-18T01:15:39.298+0000] {dag.py:3722} INFO - Setting next_dagrun for sodai_drinks_production_pipeline to 2025-11-16T00:00:00+00:00, run_after=2025-11-23T00:00:00+00:00
[2025-11-18T01:15:39.309+0000] {processor.py:179} INFO - Processing /opt/airflow/dags/pipeline_productivo.py took 1.566 seconds
[2025-11-18T01:16:09.576+0000] {processor.py:157} INFO - Started process (PID=4625) to work on /opt/airflow/dags/pipeline_productivo.py
[2025-11-18T01:16:09.576+0000] {processor.py:829} INFO - Processing file /opt/airflow/dags/pipeline_productivo.py for tasks to queue
[2025-11-18T01:16:09.577+0000] {logging_mixin.py:154} INFO - [2025-11-18T01:16:09.577+0000] {dagbag.py:536} INFO - Filling up the DagBag from /opt/airflow/dags/pipeline_productivo.py
[2025-11-18T01:16:11.079+0000] {processor.py:839} INFO - DAG(s) dict_keys(['sodai_drinks_production_pipeline']) retrieved from /opt/airflow/dags/pipeline_productivo.py
[2025-11-18T01:16:11.094+0000] {logging_mixin.py:154} INFO - [2025-11-18T01:16:11.094+0000] {dag.py:2941} INFO - Sync 1 DAGs
[2025-11-18T01:16:11.106+0000] {logging_mixin.py:154} INFO - [2025-11-18T01:16:11.106+0000] {dag.py:3722} INFO - Setting next_dagrun for sodai_drinks_production_pipeline to 2025-11-16T00:00:00+00:00, run_after=2025-11-23T00:00:00+00:00
[2025-11-18T01:16:11.115+0000] {processor.py:179} INFO - Processing /opt/airflow/dags/pipeline_productivo.py took 1.544 seconds
[2025-11-18T01:16:42.083+0000] {processor.py:157} INFO - Started process (PID=4690) to work on /opt/airflow/dags/pipeline_productivo.py
[2025-11-18T01:16:42.084+0000] {processor.py:829} INFO - Processing file /opt/airflow/dags/pipeline_productivo.py for tasks to queue
[2025-11-18T01:16:42.084+0000] {logging_mixin.py:154} INFO - [2025-11-18T01:16:42.084+0000] {dagbag.py:536} INFO - Filling up the DagBag from /opt/airflow/dags/pipeline_productivo.py
[2025-11-18T01:16:42.527+0000] {processor.py:839} INFO - DAG(s) dict_keys(['sodai_drinks_production_pipeline']) retrieved from /opt/airflow/dags/pipeline_productivo.py
[2025-11-18T01:16:42.544+0000] {logging_mixin.py:154} INFO - [2025-11-18T01:16:42.543+0000] {dag.py:2941} INFO - Sync 1 DAGs
[2025-11-18T01:16:42.555+0000] {logging_mixin.py:154} INFO - [2025-11-18T01:16:42.555+0000] {dag.py:3722} INFO - Setting next_dagrun for sodai_drinks_production_pipeline to 2025-11-16T00:00:00+00:00, run_after=2025-11-23T00:00:00+00:00
[2025-11-18T01:16:42.566+0000] {processor.py:179} INFO - Processing /opt/airflow/dags/pipeline_productivo.py took 1.850 seconds
[2025-11-18T01:17:12.762+0000] {processor.py:157} INFO - Started process (PID=4755) to work on /opt/airflow/dags/pipeline_productivo.py
[2025-11-18T01:17:12.763+0000] {processor.py:829} INFO - Processing file /opt/airflow/dags/pipeline_productivo.py for tasks to queue
[2025-11-18T01:17:12.763+0000] {logging_mixin.py:154} INFO - [2025-11-18T01:17:12.763+0000] {dagbag.py:536} INFO - Filling up the DagBag from /opt/airflow/dags/pipeline_productivo.py
[2025-11-18T01:17:14.543+0000] {processor.py:839} INFO - DAG(s) dict_keys(['sodai_drinks_production_pipeline']) retrieved from /opt/airflow/dags/pipeline_productivo.py
[2025-11-18T01:17:14.560+0000] {logging_mixin.py:154} INFO - [2025-11-18T01:17:14.559+0000] {dag.py:2941} INFO - Sync 1 DAGs
[2025-11-18T01:17:14.573+0000] {logging_mixin.py:154} INFO - [2025-11-18T01:17:14.573+0000] {dag.py:3722} INFO - Setting next_dagrun for sodai_drinks_production_pipeline to 2025-11-16T00:00:00+00:00, run_after=2025-11-23T00:00:00+00:00
[2025-11-18T01:17:14.584+0000] {processor.py:179} INFO - Processing /opt/airflow/dags/pipeline_productivo.py took 1.824 seconds
[2025-11-18T01:17:44.670+0000] {processor.py:157} INFO - Started process (PID=4820) to work on /opt/airflow/dags/pipeline_productivo.py
[2025-11-18T01:17:44.671+0000] {processor.py:829} INFO - Processing file /opt/airflow/dags/pipeline_productivo.py for tasks to queue
[2025-11-18T01:17:44.672+0000] {logging_mixin.py:154} INFO - [2025-11-18T01:17:44.672+0000] {dagbag.py:536} INFO - Filling up the DagBag from /opt/airflow/dags/pipeline_productivo.py
[2025-11-18T01:17:46.441+0000] {processor.py:839} INFO - DAG(s) dict_keys(['sodai_drinks_production_pipeline']) retrieved from /opt/airflow/dags/pipeline_productivo.py
[2025-11-18T01:17:46.457+0000] {logging_mixin.py:154} INFO - [2025-11-18T01:17:46.456+0000] {dag.py:2941} INFO - Sync 1 DAGs
[2025-11-18T01:17:46.469+0000] {logging_mixin.py:154} INFO - [2025-11-18T01:17:46.468+0000] {dag.py:3722} INFO - Setting next_dagrun for sodai_drinks_production_pipeline to 2025-11-16T00:00:00+00:00, run_after=2025-11-23T00:00:00+00:00
[2025-11-18T01:17:46.478+0000] {processor.py:179} INFO - Processing /opt/airflow/dags/pipeline_productivo.py took 1.811 seconds
[2025-11-18T01:18:17.123+0000] {processor.py:157} INFO - Started process (PID=4878) to work on /opt/airflow/dags/pipeline_productivo.py
[2025-11-18T01:18:17.123+0000] {processor.py:829} INFO - Processing file /opt/airflow/dags/pipeline_productivo.py for tasks to queue
[2025-11-18T01:18:17.124+0000] {logging_mixin.py:154} INFO - [2025-11-18T01:18:17.124+0000] {dagbag.py:536} INFO - Filling up the DagBag from /opt/airflow/dags/pipeline_productivo.py
[2025-11-18T01:18:19.634+0000] {processor.py:839} INFO - DAG(s) dict_keys(['sodai_drinks_production_pipeline']) retrieved from /opt/airflow/dags/pipeline_productivo.py
[2025-11-18T01:18:19.656+0000] {logging_mixin.py:154} INFO - [2025-11-18T01:18:19.656+0000] {dag.py:2941} INFO - Sync 1 DAGs
[2025-11-18T01:18:19.673+0000] {logging_mixin.py:154} INFO - [2025-11-18T01:18:19.673+0000] {dag.py:3722} INFO - Setting next_dagrun for sodai_drinks_production_pipeline to 2025-11-16T00:00:00+00:00, run_after=2025-11-23T00:00:00+00:00
[2025-11-18T01:18:19.687+0000] {processor.py:179} INFO - Processing /opt/airflow/dags/pipeline_productivo.py took 2.568 seconds
[2025-11-18T01:18:50.623+0000] {processor.py:157} INFO - Started process (PID=4959) to work on /opt/airflow/dags/pipeline_productivo.py
[2025-11-18T01:18:50.624+0000] {processor.py:829} INFO - Processing file /opt/airflow/dags/pipeline_productivo.py for tasks to queue
[2025-11-18T01:18:50.624+0000] {logging_mixin.py:154} INFO - [2025-11-18T01:18:50.624+0000] {dagbag.py:536} INFO - Filling up the DagBag from /opt/airflow/dags/pipeline_productivo.py
[2025-11-18T01:18:52.462+0000] {processor.py:839} INFO - DAG(s) dict_keys(['sodai_drinks_production_pipeline']) retrieved from /opt/airflow/dags/pipeline_productivo.py
[2025-11-18T01:18:52.481+0000] {logging_mixin.py:154} INFO - [2025-11-18T01:18:52.480+0000] {dag.py:2941} INFO - Sync 1 DAGs
[2025-11-18T01:18:52.499+0000] {logging_mixin.py:154} INFO - [2025-11-18T01:18:52.499+0000] {dag.py:3722} INFO - Setting next_dagrun for sodai_drinks_production_pipeline to 2025-11-16T00:00:00+00:00, run_after=2025-11-23T00:00:00+00:00
[2025-11-18T01:18:52.514+0000] {processor.py:179} INFO - Processing /opt/airflow/dags/pipeline_productivo.py took 1.894 seconds
[2025-11-18T01:19:22.812+0000] {processor.py:157} INFO - Started process (PID=5024) to work on /opt/airflow/dags/pipeline_productivo.py
[2025-11-18T01:19:22.812+0000] {processor.py:829} INFO - Processing file /opt/airflow/dags/pipeline_productivo.py for tasks to queue
[2025-11-18T01:19:22.813+0000] {logging_mixin.py:154} INFO - [2025-11-18T01:19:22.813+0000] {dagbag.py:536} INFO - Filling up the DagBag from /opt/airflow/dags/pipeline_productivo.py
[2025-11-18T01:19:24.424+0000] {processor.py:839} INFO - DAG(s) dict_keys(['sodai_drinks_production_pipeline']) retrieved from /opt/airflow/dags/pipeline_productivo.py
[2025-11-18T01:19:24.445+0000] {logging_mixin.py:154} INFO - [2025-11-18T01:19:24.445+0000] {dag.py:2941} INFO - Sync 1 DAGs
[2025-11-18T01:19:24.458+0000] {logging_mixin.py:154} INFO - [2025-11-18T01:19:24.458+0000] {dag.py:3722} INFO - Setting next_dagrun for sodai_drinks_production_pipeline to 2025-11-16T00:00:00+00:00, run_after=2025-11-23T00:00:00+00:00
[2025-11-18T01:19:24.468+0000] {processor.py:179} INFO - Processing /opt/airflow/dags/pipeline_productivo.py took 1.660 seconds
[2025-11-18T01:19:55.148+0000] {processor.py:157} INFO - Started process (PID=5089) to work on /opt/airflow/dags/pipeline_productivo.py
[2025-11-18T01:19:55.148+0000] {processor.py:829} INFO - Processing file /opt/airflow/dags/pipeline_productivo.py for tasks to queue
[2025-11-18T01:19:55.149+0000] {logging_mixin.py:154} INFO - [2025-11-18T01:19:55.149+0000] {dagbag.py:536} INFO - Filling up the DagBag from /opt/airflow/dags/pipeline_productivo.py
[2025-11-18T01:19:56.839+0000] {processor.py:839} INFO - DAG(s) dict_keys(['sodai_drinks_production_pipeline']) retrieved from /opt/airflow/dags/pipeline_productivo.py
[2025-11-18T01:19:56.861+0000] {logging_mixin.py:154} INFO - [2025-11-18T01:19:56.860+0000] {dag.py:2941} INFO - Sync 1 DAGs
[2025-11-18T01:19:56.877+0000] {logging_mixin.py:154} INFO - [2025-11-18T01:19:56.877+0000] {dag.py:3722} INFO - Setting next_dagrun for sodai_drinks_production_pipeline to 2025-11-16T00:00:00+00:00, run_after=2025-11-23T00:00:00+00:00
[2025-11-18T01:19:56.891+0000] {processor.py:179} INFO - Processing /opt/airflow/dags/pipeline_productivo.py took 1.747 seconds
[2025-11-18T01:20:27.698+0000] {processor.py:157} INFO - Started process (PID=5154) to work on /opt/airflow/dags/pipeline_productivo.py
[2025-11-18T01:20:27.699+0000] {processor.py:829} INFO - Processing file /opt/airflow/dags/pipeline_productivo.py for tasks to queue
[2025-11-18T01:20:27.699+0000] {logging_mixin.py:154} INFO - [2025-11-18T01:20:27.699+0000] {dagbag.py:536} INFO - Filling up the DagBag from /opt/airflow/dags/pipeline_productivo.py
[2025-11-18T01:20:29.606+0000] {processor.py:839} INFO - DAG(s) dict_keys(['sodai_drinks_production_pipeline']) retrieved from /opt/airflow/dags/pipeline_productivo.py
[2025-11-18T01:20:29.630+0000] {logging_mixin.py:154} INFO - [2025-11-18T01:20:29.630+0000] {dag.py:2941} INFO - Sync 1 DAGs
[2025-11-18T01:20:29.648+0000] {logging_mixin.py:154} INFO - [2025-11-18T01:20:29.648+0000] {dag.py:3722} INFO - Setting next_dagrun for sodai_drinks_production_pipeline to 2025-11-16T00:00:00+00:00, run_after=2025-11-23T00:00:00+00:00
[2025-11-18T01:20:29.667+0000] {processor.py:179} INFO - Processing /opt/airflow/dags/pipeline_productivo.py took 1.972 seconds
[2025-11-18T01:20:59.307+0000] {processor.py:157} INFO - Started process (PID=5219) to work on /opt/airflow/dags/pipeline_productivo.py
[2025-11-18T01:20:59.308+0000] {processor.py:829} INFO - Processing file /opt/airflow/dags/pipeline_productivo.py for tasks to queue
[2025-11-18T01:20:59.309+0000] {logging_mixin.py:154} INFO - [2025-11-18T01:20:59.308+0000] {dagbag.py:536} INFO - Filling up the DagBag from /opt/airflow/dags/pipeline_productivo.py
[2025-11-18T01:21:00.347+0000] {processor.py:839} INFO - DAG(s) dict_keys(['sodai_drinks_production_pipeline']) retrieved from /opt/airflow/dags/pipeline_productivo.py
[2025-11-18T01:21:00.363+0000] {logging_mixin.py:154} INFO - [2025-11-18T01:21:00.362+0000] {dag.py:2941} INFO - Sync 1 DAGs
[2025-11-18T01:21:00.374+0000] {logging_mixin.py:154} INFO - [2025-11-18T01:21:00.374+0000] {dag.py:3722} INFO - Setting next_dagrun for sodai_drinks_production_pipeline to 2025-11-16T00:00:00+00:00, run_after=2025-11-23T00:00:00+00:00
[2025-11-18T01:21:00.384+0000] {processor.py:179} INFO - Processing /opt/airflow/dags/pipeline_productivo.py took 1.850 seconds
[2025-11-18T01:21:30.729+0000] {processor.py:157} INFO - Started process (PID=5277) to work on /opt/airflow/dags/pipeline_productivo.py
[2025-11-18T01:21:30.730+0000] {processor.py:829} INFO - Processing file /opt/airflow/dags/pipeline_productivo.py for tasks to queue
[2025-11-18T01:21:30.731+0000] {logging_mixin.py:154} INFO - [2025-11-18T01:21:30.731+0000] {dagbag.py:536} INFO - Filling up the DagBag from /opt/airflow/dags/pipeline_productivo.py
[2025-11-18T01:21:32.416+0000] {processor.py:839} INFO - DAG(s) dict_keys(['sodai_drinks_production_pipeline']) retrieved from /opt/airflow/dags/pipeline_productivo.py
[2025-11-18T01:21:32.432+0000] {logging_mixin.py:154} INFO - [2025-11-18T01:21:32.431+0000] {dag.py:2941} INFO - Sync 1 DAGs
[2025-11-18T01:21:32.444+0000] {logging_mixin.py:154} INFO - [2025-11-18T01:21:32.444+0000] {dag.py:3722} INFO - Setting next_dagrun for sodai_drinks_production_pipeline to 2025-11-16T00:00:00+00:00, run_after=2025-11-23T00:00:00+00:00
[2025-11-18T01:21:32.456+0000] {processor.py:179} INFO - Processing /opt/airflow/dags/pipeline_productivo.py took 1.733 seconds
[2025-11-18T01:22:02.546+0000] {processor.py:157} INFO - Started process (PID=5342) to work on /opt/airflow/dags/pipeline_productivo.py
[2025-11-18T01:22:02.547+0000] {processor.py:829} INFO - Processing file /opt/airflow/dags/pipeline_productivo.py for tasks to queue
[2025-11-18T01:22:02.547+0000] {logging_mixin.py:154} INFO - [2025-11-18T01:22:02.547+0000] {dagbag.py:536} INFO - Filling up the DagBag from /opt/airflow/dags/pipeline_productivo.py
[2025-11-18T01:22:04.548+0000] {processor.py:839} INFO - DAG(s) dict_keys(['sodai_drinks_production_pipeline']) retrieved from /opt/airflow/dags/pipeline_productivo.py
[2025-11-18T01:22:04.568+0000] {logging_mixin.py:154} INFO - [2025-11-18T01:22:04.568+0000] {dag.py:2941} INFO - Sync 1 DAGs
[2025-11-18T01:22:04.584+0000] {logging_mixin.py:154} INFO - [2025-11-18T01:22:04.583+0000] {dag.py:3722} INFO - Setting next_dagrun for sodai_drinks_production_pipeline to 2025-11-16T00:00:00+00:00, run_after=2025-11-23T00:00:00+00:00
[2025-11-18T01:22:04.595+0000] {processor.py:179} INFO - Processing /opt/airflow/dags/pipeline_productivo.py took 2.054 seconds
[2025-11-18T01:22:34.927+0000] {processor.py:157} INFO - Started process (PID=5407) to work on /opt/airflow/dags/pipeline_productivo.py
[2025-11-18T01:22:34.929+0000] {processor.py:829} INFO - Processing file /opt/airflow/dags/pipeline_productivo.py for tasks to queue
[2025-11-18T01:22:34.930+0000] {logging_mixin.py:154} INFO - [2025-11-18T01:22:34.930+0000] {dagbag.py:536} INFO - Filling up the DagBag from /opt/airflow/dags/pipeline_productivo.py
[2025-11-18T01:22:37.531+0000] {processor.py:839} INFO - DAG(s) dict_keys(['sodai_drinks_production_pipeline']) retrieved from /opt/airflow/dags/pipeline_productivo.py
[2025-11-18T01:22:37.565+0000] {logging_mixin.py:154} INFO - [2025-11-18T01:22:37.564+0000] {dag.py:2941} INFO - Sync 1 DAGs
[2025-11-18T01:22:37.596+0000] {logging_mixin.py:154} INFO - [2025-11-18T01:22:37.596+0000] {dag.py:3722} INFO - Setting next_dagrun for sodai_drinks_production_pipeline to 2025-11-16T00:00:00+00:00, run_after=2025-11-23T00:00:00+00:00
[2025-11-18T01:22:37.708+0000] {processor.py:179} INFO - Processing /opt/airflow/dags/pipeline_productivo.py took 2.792 seconds
[2025-11-18T01:23:08.550+0000] {processor.py:157} INFO - Started process (PID=5472) to work on /opt/airflow/dags/pipeline_productivo.py
[2025-11-18T01:23:08.550+0000] {processor.py:829} INFO - Processing file /opt/airflow/dags/pipeline_productivo.py for tasks to queue
[2025-11-18T01:23:08.552+0000] {logging_mixin.py:154} INFO - [2025-11-18T01:23:08.552+0000] {dagbag.py:536} INFO - Filling up the DagBag from /opt/airflow/dags/pipeline_productivo.py
[2025-11-18T01:23:10.828+0000] {processor.py:839} INFO - DAG(s) dict_keys(['sodai_drinks_production_pipeline']) retrieved from /opt/airflow/dags/pipeline_productivo.py
[2025-11-18T01:23:10.856+0000] {logging_mixin.py:154} INFO - [2025-11-18T01:23:10.855+0000] {dag.py:2941} INFO - Sync 1 DAGs
[2025-11-18T01:23:10.871+0000] {logging_mixin.py:154} INFO - [2025-11-18T01:23:10.871+0000] {dag.py:3722} INFO - Setting next_dagrun for sodai_drinks_production_pipeline to 2025-11-16T00:00:00+00:00, run_after=2025-11-23T00:00:00+00:00
[2025-11-18T01:23:10.886+0000] {processor.py:179} INFO - Processing /opt/airflow/dags/pipeline_productivo.py took 2.339 seconds
[2025-11-18T01:23:41.742+0000] {processor.py:157} INFO - Started process (PID=5537) to work on /opt/airflow/dags/pipeline_productivo.py
[2025-11-18T01:23:41.743+0000] {processor.py:829} INFO - Processing file /opt/airflow/dags/pipeline_productivo.py for tasks to queue
[2025-11-18T01:23:41.744+0000] {logging_mixin.py:154} INFO - [2025-11-18T01:23:41.743+0000] {dagbag.py:536} INFO - Filling up the DagBag from /opt/airflow/dags/pipeline_productivo.py
[2025-11-18T01:23:43.752+0000] {processor.py:839} INFO - DAG(s) dict_keys(['sodai_drinks_production_pipeline']) retrieved from /opt/airflow/dags/pipeline_productivo.py
[2025-11-18T01:23:43.768+0000] {logging_mixin.py:154} INFO - [2025-11-18T01:23:43.767+0000] {dag.py:2941} INFO - Sync 1 DAGs
[2025-11-18T01:23:43.780+0000] {logging_mixin.py:154} INFO - [2025-11-18T01:23:43.780+0000] {dag.py:3722} INFO - Setting next_dagrun for sodai_drinks_production_pipeline to 2025-11-16T00:00:00+00:00, run_after=2025-11-23T00:00:00+00:00
[2025-11-18T01:23:43.792+0000] {processor.py:179} INFO - Processing /opt/airflow/dags/pipeline_productivo.py took 2.052 seconds
[2025-11-18T01:24:14.022+0000] {processor.py:157} INFO - Started process (PID=5602) to work on /opt/airflow/dags/pipeline_productivo.py
[2025-11-18T01:24:14.022+0000] {processor.py:829} INFO - Processing file /opt/airflow/dags/pipeline_productivo.py for tasks to queue
[2025-11-18T01:24:14.023+0000] {logging_mixin.py:154} INFO - [2025-11-18T01:24:14.023+0000] {dagbag.py:536} INFO - Filling up the DagBag from /opt/airflow/dags/pipeline_productivo.py
[2025-11-18T01:24:16.157+0000] {processor.py:839} INFO - DAG(s) dict_keys(['sodai_drinks_production_pipeline']) retrieved from /opt/airflow/dags/pipeline_productivo.py
[2025-11-18T01:24:16.180+0000] {logging_mixin.py:154} INFO - [2025-11-18T01:24:16.179+0000] {dag.py:2941} INFO - Sync 1 DAGs
[2025-11-18T01:24:16.196+0000] {logging_mixin.py:154} INFO - [2025-11-18T01:24:16.195+0000] {dag.py:3722} INFO - Setting next_dagrun for sodai_drinks_production_pipeline to 2025-11-16T00:00:00+00:00, run_after=2025-11-23T00:00:00+00:00
[2025-11-18T01:24:16.210+0000] {processor.py:179} INFO - Processing /opt/airflow/dags/pipeline_productivo.py took 2.190 seconds
[2025-11-18T01:24:46.319+0000] {processor.py:157} INFO - Started process (PID=5667) to work on /opt/airflow/dags/pipeline_productivo.py
[2025-11-18T01:24:46.319+0000] {processor.py:829} INFO - Processing file /opt/airflow/dags/pipeline_productivo.py for tasks to queue
[2025-11-18T01:24:46.320+0000] {logging_mixin.py:154} INFO - [2025-11-18T01:24:46.320+0000] {dagbag.py:536} INFO - Filling up the DagBag from /opt/airflow/dags/pipeline_productivo.py
[2025-11-18T01:24:48.096+0000] {processor.py:839} INFO - DAG(s) dict_keys(['sodai_drinks_production_pipeline']) retrieved from /opt/airflow/dags/pipeline_productivo.py
[2025-11-18T01:24:48.116+0000] {logging_mixin.py:154} INFO - [2025-11-18T01:24:48.116+0000] {dag.py:2941} INFO - Sync 1 DAGs
[2025-11-18T01:24:48.136+0000] {logging_mixin.py:154} INFO - [2025-11-18T01:24:48.136+0000] {dag.py:3722} INFO - Setting next_dagrun for sodai_drinks_production_pipeline to 2025-11-16T00:00:00+00:00, run_after=2025-11-23T00:00:00+00:00
[2025-11-18T01:24:48.150+0000] {processor.py:179} INFO - Processing /opt/airflow/dags/pipeline_productivo.py took 1.836 seconds
[2025-11-18T01:25:19.021+0000] {processor.py:157} INFO - Started process (PID=5732) to work on /opt/airflow/dags/pipeline_productivo.py
[2025-11-18T01:25:19.022+0000] {processor.py:829} INFO - Processing file /opt/airflow/dags/pipeline_productivo.py for tasks to queue
[2025-11-18T01:25:19.022+0000] {logging_mixin.py:154} INFO - [2025-11-18T01:25:19.022+0000] {dagbag.py:536} INFO - Filling up the DagBag from /opt/airflow/dags/pipeline_productivo.py
[2025-11-18T01:25:20.638+0000] {processor.py:839} INFO - DAG(s) dict_keys(['sodai_drinks_production_pipeline']) retrieved from /opt/airflow/dags/pipeline_productivo.py
[2025-11-18T01:25:20.659+0000] {logging_mixin.py:154} INFO - [2025-11-18T01:25:20.658+0000] {dag.py:2941} INFO - Sync 1 DAGs
[2025-11-18T01:25:20.674+0000] {logging_mixin.py:154} INFO - [2025-11-18T01:25:20.674+0000] {dag.py:3722} INFO - Setting next_dagrun for sodai_drinks_production_pipeline to 2025-11-16T00:00:00+00:00, run_after=2025-11-23T00:00:00+00:00
[2025-11-18T01:25:20.688+0000] {processor.py:179} INFO - Processing /opt/airflow/dags/pipeline_productivo.py took 1.670 seconds
[2025-11-18T01:25:50.944+0000] {processor.py:157} INFO - Started process (PID=5797) to work on /opt/airflow/dags/pipeline_productivo.py
[2025-11-18T01:25:50.944+0000] {processor.py:829} INFO - Processing file /opt/airflow/dags/pipeline_productivo.py for tasks to queue
[2025-11-18T01:25:50.945+0000] {logging_mixin.py:154} INFO - [2025-11-18T01:25:50.945+0000] {dagbag.py:536} INFO - Filling up the DagBag from /opt/airflow/dags/pipeline_productivo.py
[2025-11-18T01:25:52.504+0000] {processor.py:839} INFO - DAG(s) dict_keys(['sodai_drinks_production_pipeline']) retrieved from /opt/airflow/dags/pipeline_productivo.py
[2025-11-18T01:25:52.520+0000] {logging_mixin.py:154} INFO - [2025-11-18T01:25:52.519+0000] {dag.py:2941} INFO - Sync 1 DAGs
[2025-11-18T01:25:52.532+0000] {logging_mixin.py:154} INFO - [2025-11-18T01:25:52.532+0000] {dag.py:3722} INFO - Setting next_dagrun for sodai_drinks_production_pipeline to 2025-11-16T00:00:00+00:00, run_after=2025-11-23T00:00:00+00:00
[2025-11-18T01:25:52.541+0000] {processor.py:179} INFO - Processing /opt/airflow/dags/pipeline_productivo.py took 1.601 seconds
[2025-11-18T01:26:22.733+0000] {processor.py:157} INFO - Started process (PID=5855) to work on /opt/airflow/dags/pipeline_productivo.py
[2025-11-18T01:26:22.733+0000] {processor.py:829} INFO - Processing file /opt/airflow/dags/pipeline_productivo.py for tasks to queue
[2025-11-18T01:26:22.734+0000] {logging_mixin.py:154} INFO - [2025-11-18T01:26:22.734+0000] {dagbag.py:536} INFO - Filling up the DagBag from /opt/airflow/dags/pipeline_productivo.py
[2025-11-18T01:26:24.148+0000] {processor.py:839} INFO - DAG(s) dict_keys(['sodai_drinks_production_pipeline']) retrieved from /opt/airflow/dags/pipeline_productivo.py
[2025-11-18T01:26:24.164+0000] {logging_mixin.py:154} INFO - [2025-11-18T01:26:24.164+0000] {dag.py:2941} INFO - Sync 1 DAGs
[2025-11-18T01:26:24.176+0000] {logging_mixin.py:154} INFO - [2025-11-18T01:26:24.176+0000] {dag.py:3722} INFO - Setting next_dagrun for sodai_drinks_production_pipeline to 2025-11-16T00:00:00+00:00, run_after=2025-11-23T00:00:00+00:00
[2025-11-18T01:26:24.185+0000] {processor.py:179} INFO - Processing /opt/airflow/dags/pipeline_productivo.py took 1.454 seconds
[2025-11-18T01:26:55.046+0000] {processor.py:157} INFO - Started process (PID=5923) to work on /opt/airflow/dags/pipeline_productivo.py
[2025-11-18T01:26:55.046+0000] {processor.py:829} INFO - Processing file /opt/airflow/dags/pipeline_productivo.py for tasks to queue
[2025-11-18T01:26:55.047+0000] {logging_mixin.py:154} INFO - [2025-11-18T01:26:55.046+0000] {dagbag.py:536} INFO - Filling up the DagBag from /opt/airflow/dags/pipeline_productivo.py
[2025-11-18T01:26:56.457+0000] {processor.py:839} INFO - DAG(s) dict_keys(['sodai_drinks_production_pipeline']) retrieved from /opt/airflow/dags/pipeline_productivo.py
[2025-11-18T01:26:56.473+0000] {logging_mixin.py:154} INFO - [2025-11-18T01:26:56.473+0000] {dag.py:2941} INFO - Sync 1 DAGs
[2025-11-18T01:26:56.487+0000] {logging_mixin.py:154} INFO - [2025-11-18T01:26:56.487+0000] {dag.py:3722} INFO - Setting next_dagrun for sodai_drinks_production_pipeline to 2025-11-16T00:00:00+00:00, run_after=2025-11-23T00:00:00+00:00
[2025-11-18T01:26:56.497+0000] {processor.py:179} INFO - Processing /opt/airflow/dags/pipeline_productivo.py took 1.454 seconds
[2025-11-18T01:27:27.182+0000] {processor.py:157} INFO - Started process (PID=6012) to work on /opt/airflow/dags/pipeline_productivo.py
[2025-11-18T01:27:27.182+0000] {processor.py:829} INFO - Processing file /opt/airflow/dags/pipeline_productivo.py for tasks to queue
[2025-11-18T01:27:27.183+0000] {logging_mixin.py:154} INFO - [2025-11-18T01:27:27.183+0000] {dagbag.py:536} INFO - Filling up the DagBag from /opt/airflow/dags/pipeline_productivo.py
[2025-11-18T01:27:28.625+0000] {processor.py:839} INFO - DAG(s) dict_keys(['sodai_drinks_production_pipeline']) retrieved from /opt/airflow/dags/pipeline_productivo.py
[2025-11-18T01:27:28.649+0000] {logging_mixin.py:154} INFO - [2025-11-18T01:27:28.648+0000] {dag.py:2941} INFO - Sync 1 DAGs
[2025-11-18T01:27:28.662+0000] {logging_mixin.py:154} INFO - [2025-11-18T01:27:28.662+0000] {dag.py:3722} INFO - Setting next_dagrun for sodai_drinks_production_pipeline to 2025-11-16T00:00:00+00:00, run_after=2025-11-23T00:00:00+00:00
[2025-11-18T01:27:28.672+0000] {processor.py:179} INFO - Processing /opt/airflow/dags/pipeline_productivo.py took 1.494 seconds
[2025-11-18T01:27:58.866+0000] {processor.py:157} INFO - Started process (PID=6077) to work on /opt/airflow/dags/pipeline_productivo.py
[2025-11-18T01:27:58.867+0000] {processor.py:829} INFO - Processing file /opt/airflow/dags/pipeline_productivo.py for tasks to queue
[2025-11-18T01:27:58.867+0000] {logging_mixin.py:154} INFO - [2025-11-18T01:27:58.867+0000] {dagbag.py:536} INFO - Filling up the DagBag from /opt/airflow/dags/pipeline_productivo.py
[2025-11-18T01:28:00.197+0000] {processor.py:839} INFO - DAG(s) dict_keys(['sodai_drinks_production_pipeline']) retrieved from /opt/airflow/dags/pipeline_productivo.py
[2025-11-18T01:28:00.214+0000] {logging_mixin.py:154} INFO - [2025-11-18T01:28:00.214+0000] {dag.py:2941} INFO - Sync 1 DAGs
[2025-11-18T01:28:00.226+0000] {logging_mixin.py:154} INFO - [2025-11-18T01:28:00.226+0000] {dag.py:3722} INFO - Setting next_dagrun for sodai_drinks_production_pipeline to 2025-11-16T00:00:00+00:00, run_after=2025-11-23T00:00:00+00:00
[2025-11-18T01:28:00.236+0000] {processor.py:179} INFO - Processing /opt/airflow/dags/pipeline_productivo.py took 1.373 seconds
[2025-11-18T01:28:30.954+0000] {processor.py:157} INFO - Started process (PID=6142) to work on /opt/airflow/dags/pipeline_productivo.py
[2025-11-18T01:28:30.954+0000] {processor.py:829} INFO - Processing file /opt/airflow/dags/pipeline_productivo.py for tasks to queue
[2025-11-18T01:28:30.955+0000] {logging_mixin.py:154} INFO - [2025-11-18T01:28:30.955+0000] {dagbag.py:536} INFO - Filling up the DagBag from /opt/airflow/dags/pipeline_productivo.py
[2025-11-18T01:28:32.455+0000] {processor.py:839} INFO - DAG(s) dict_keys(['sodai_drinks_production_pipeline']) retrieved from /opt/airflow/dags/pipeline_productivo.py
[2025-11-18T01:28:32.477+0000] {logging_mixin.py:154} INFO - [2025-11-18T01:28:32.477+0000] {dag.py:2941} INFO - Sync 1 DAGs
[2025-11-18T01:28:32.491+0000] {logging_mixin.py:154} INFO - [2025-11-18T01:28:32.491+0000] {dag.py:3722} INFO - Setting next_dagrun for sodai_drinks_production_pipeline to 2025-11-16T00:00:00+00:00, run_after=2025-11-23T00:00:00+00:00
[2025-11-18T01:28:32.500+0000] {processor.py:179} INFO - Processing /opt/airflow/dags/pipeline_productivo.py took 1.549 seconds
[2025-11-18T01:29:02.769+0000] {processor.py:157} INFO - Started process (PID=6207) to work on /opt/airflow/dags/pipeline_productivo.py
[2025-11-18T01:29:02.769+0000] {processor.py:829} INFO - Processing file /opt/airflow/dags/pipeline_productivo.py for tasks to queue
[2025-11-18T01:29:02.770+0000] {logging_mixin.py:154} INFO - [2025-11-18T01:29:02.770+0000] {dagbag.py:536} INFO - Filling up the DagBag from /opt/airflow/dags/pipeline_productivo.py
[2025-11-18T01:29:04.198+0000] {processor.py:839} INFO - DAG(s) dict_keys(['sodai_drinks_production_pipeline']) retrieved from /opt/airflow/dags/pipeline_productivo.py
[2025-11-18T01:29:04.215+0000] {logging_mixin.py:154} INFO - [2025-11-18T01:29:04.215+0000] {dag.py:2941} INFO - Sync 1 DAGs
[2025-11-18T01:29:04.228+0000] {logging_mixin.py:154} INFO - [2025-11-18T01:29:04.227+0000] {dag.py:3722} INFO - Setting next_dagrun for sodai_drinks_production_pipeline to 2025-11-16T00:00:00+00:00, run_after=2025-11-23T00:00:00+00:00
[2025-11-18T01:29:04.237+0000] {processor.py:179} INFO - Processing /opt/airflow/dags/pipeline_productivo.py took 1.472 seconds
[2025-11-18T01:29:34.302+0000] {processor.py:157} INFO - Started process (PID=6272) to work on /opt/airflow/dags/pipeline_productivo.py
[2025-11-18T01:29:34.302+0000] {processor.py:829} INFO - Processing file /opt/airflow/dags/pipeline_productivo.py for tasks to queue
[2025-11-18T01:29:34.303+0000] {logging_mixin.py:154} INFO - [2025-11-18T01:29:34.303+0000] {dagbag.py:536} INFO - Filling up the DagBag from /opt/airflow/dags/pipeline_productivo.py
[2025-11-18T01:29:34.268+0000] {processor.py:839} INFO - DAG(s) dict_keys(['sodai_drinks_production_pipeline']) retrieved from /opt/airflow/dags/pipeline_productivo.py
[2025-11-18T01:29:34.283+0000] {logging_mixin.py:154} INFO - [2025-11-18T01:29:34.283+0000] {dag.py:2941} INFO - Sync 1 DAGs
[2025-11-18T01:29:34.294+0000] {logging_mixin.py:154} INFO - [2025-11-18T01:29:34.294+0000] {dag.py:3722} INFO - Setting next_dagrun for sodai_drinks_production_pipeline to 2025-11-16T00:00:00+00:00, run_after=2025-11-23T00:00:00+00:00
[2025-11-18T01:29:34.304+0000] {processor.py:179} INFO - Processing /opt/airflow/dags/pipeline_productivo.py took 1.395 seconds
[2025-11-18T01:30:04.980+0000] {processor.py:157} INFO - Started process (PID=6338) to work on /opt/airflow/dags/pipeline_productivo.py
[2025-11-18T01:30:04.981+0000] {processor.py:829} INFO - Processing file /opt/airflow/dags/pipeline_productivo.py for tasks to queue
[2025-11-18T01:30:04.981+0000] {logging_mixin.py:154} INFO - [2025-11-18T01:30:04.981+0000] {dagbag.py:536} INFO - Filling up the DagBag from /opt/airflow/dags/pipeline_productivo.py
[2025-11-18T01:30:06.319+0000] {processor.py:839} INFO - DAG(s) dict_keys(['sodai_drinks_production_pipeline']) retrieved from /opt/airflow/dags/pipeline_productivo.py
[2025-11-18T01:30:06.333+0000] {logging_mixin.py:154} INFO - [2025-11-18T01:30:06.333+0000] {dag.py:2941} INFO - Sync 1 DAGs
[2025-11-18T01:30:06.344+0000] {logging_mixin.py:154} INFO - [2025-11-18T01:30:06.344+0000] {dag.py:3722} INFO - Setting next_dagrun for sodai_drinks_production_pipeline to 2025-11-16T00:00:00+00:00, run_after=2025-11-23T00:00:00+00:00
[2025-11-18T01:30:06.353+0000] {processor.py:179} INFO - Processing /opt/airflow/dags/pipeline_productivo.py took 1.376 seconds
[2025-11-18T01:30:36.692+0000] {processor.py:157} INFO - Started process (PID=6403) to work on /opt/airflow/dags/pipeline_productivo.py
[2025-11-18T01:30:36.693+0000] {processor.py:829} INFO - Processing file /opt/airflow/dags/pipeline_productivo.py for tasks to queue
[2025-11-18T01:30:36.693+0000] {logging_mixin.py:154} INFO - [2025-11-18T01:30:36.693+0000] {dagbag.py:536} INFO - Filling up the DagBag from /opt/airflow/dags/pipeline_productivo.py
[2025-11-18T01:30:38.030+0000] {processor.py:839} INFO - DAG(s) dict_keys(['sodai_drinks_production_pipeline']) retrieved from /opt/airflow/dags/pipeline_productivo.py
[2025-11-18T01:30:38.046+0000] {logging_mixin.py:154} INFO - [2025-11-18T01:30:38.045+0000] {dag.py:2941} INFO - Sync 1 DAGs
[2025-11-18T01:30:38.057+0000] {logging_mixin.py:154} INFO - [2025-11-18T01:30:38.057+0000] {dag.py:3722} INFO - Setting next_dagrun for sodai_drinks_production_pipeline to 2025-11-16T00:00:00+00:00, run_after=2025-11-23T00:00:00+00:00
[2025-11-18T01:30:38.066+0000] {processor.py:179} INFO - Processing /opt/airflow/dags/pipeline_productivo.py took 1.377 seconds
[2025-11-18T01:31:08.747+0000] {processor.py:157} INFO - Started process (PID=6468) to work on /opt/airflow/dags/pipeline_productivo.py
[2025-11-18T01:31:08.748+0000] {processor.py:829} INFO - Processing file /opt/airflow/dags/pipeline_productivo.py for tasks to queue
[2025-11-18T01:31:08.749+0000] {logging_mixin.py:154} INFO - [2025-11-18T01:31:08.749+0000] {dagbag.py:536} INFO - Filling up the DagBag from /opt/airflow/dags/pipeline_productivo.py
[2025-11-18T01:31:10.036+0000] {processor.py:839} INFO - DAG(s) dict_keys(['sodai_drinks_production_pipeline']) retrieved from /opt/airflow/dags/pipeline_productivo.py
[2025-11-18T01:31:10.051+0000] {logging_mixin.py:154} INFO - [2025-11-18T01:31:10.051+0000] {dag.py:2941} INFO - Sync 1 DAGs
[2025-11-18T01:31:10.063+0000] {logging_mixin.py:154} INFO - [2025-11-18T01:31:10.063+0000] {dag.py:3722} INFO - Setting next_dagrun for sodai_drinks_production_pipeline to 2025-11-16T00:00:00+00:00, run_after=2025-11-23T00:00:00+00:00
[2025-11-18T01:31:10.073+0000] {processor.py:179} INFO - Processing /opt/airflow/dags/pipeline_productivo.py took 1.328 seconds
[2025-11-18T01:31:40.152+0000] {processor.py:157} INFO - Started process (PID=6539) to work on /opt/airflow/dags/pipeline_productivo.py
[2025-11-18T01:31:40.153+0000] {processor.py:829} INFO - Processing file /opt/airflow/dags/pipeline_productivo.py for tasks to queue
[2025-11-18T01:31:40.153+0000] {logging_mixin.py:154} INFO - [2025-11-18T01:31:40.153+0000] {dagbag.py:536} INFO - Filling up the DagBag from /opt/airflow/dags/pipeline_productivo.py
[2025-11-18T01:31:41.475+0000] {processor.py:839} INFO - DAG(s) dict_keys(['sodai_drinks_production_pipeline']) retrieved from /opt/airflow/dags/pipeline_productivo.py
[2025-11-18T01:31:41.491+0000] {logging_mixin.py:154} INFO - [2025-11-18T01:31:41.491+0000] {dag.py:2941} INFO - Sync 1 DAGs
[2025-11-18T01:31:41.503+0000] {logging_mixin.py:154} INFO - [2025-11-18T01:31:41.503+0000] {dag.py:3722} INFO - Setting next_dagrun for sodai_drinks_production_pipeline to 2025-11-16T00:00:00+00:00, run_after=2025-11-23T00:00:00+00:00
[2025-11-18T01:31:41.512+0000] {processor.py:179} INFO - Processing /opt/airflow/dags/pipeline_productivo.py took 1.364 seconds
[2025-11-18T01:32:11.693+0000] {processor.py:157} INFO - Started process (PID=6706) to work on /opt/airflow/dags/pipeline_productivo.py
[2025-11-18T01:32:11.694+0000] {processor.py:829} INFO - Processing file /opt/airflow/dags/pipeline_productivo.py for tasks to queue
[2025-11-18T01:32:11.694+0000] {logging_mixin.py:154} INFO - [2025-11-18T01:32:11.694+0000] {dagbag.py:536} INFO - Filling up the DagBag from /opt/airflow/dags/pipeline_productivo.py
[2025-11-18T01:32:13.441+0000] {processor.py:839} INFO - DAG(s) dict_keys(['sodai_drinks_production_pipeline']) retrieved from /opt/airflow/dags/pipeline_productivo.py
[2025-11-18T01:32:13.463+0000] {logging_mixin.py:154} INFO - [2025-11-18T01:32:13.462+0000] {dag.py:2941} INFO - Sync 1 DAGs
[2025-11-18T01:32:13.480+0000] {logging_mixin.py:154} INFO - [2025-11-18T01:32:13.480+0000] {dag.py:3722} INFO - Setting next_dagrun for sodai_drinks_production_pipeline to 2025-11-16T00:00:00+00:00, run_after=2025-11-23T00:00:00+00:00
[2025-11-18T01:32:13.491+0000] {processor.py:179} INFO - Processing /opt/airflow/dags/pipeline_productivo.py took 1.801 seconds
[2025-11-18T01:32:43.606+0000] {processor.py:157} INFO - Started process (PID=6889) to work on /opt/airflow/dags/pipeline_productivo.py
[2025-11-18T01:32:43.607+0000] {processor.py:829} INFO - Processing file /opt/airflow/dags/pipeline_productivo.py for tasks to queue
[2025-11-18T01:32:43.607+0000] {logging_mixin.py:154} INFO - [2025-11-18T01:32:43.607+0000] {dagbag.py:536} INFO - Filling up the DagBag from /opt/airflow/dags/pipeline_productivo.py
[2025-11-18T01:32:45.361+0000] {processor.py:839} INFO - DAG(s) dict_keys(['sodai_drinks_production_pipeline']) retrieved from /opt/airflow/dags/pipeline_productivo.py
[2025-11-18T01:32:45.384+0000] {logging_mixin.py:154} INFO - [2025-11-18T01:32:45.383+0000] {dag.py:2941} INFO - Sync 1 DAGs
[2025-11-18T01:32:45.399+0000] {logging_mixin.py:154} INFO - [2025-11-18T01:32:45.399+0000] {dag.py:3722} INFO - Setting next_dagrun for sodai_drinks_production_pipeline to 2025-11-16T00:00:00+00:00, run_after=2025-11-23T00:00:00+00:00
[2025-11-18T01:32:45.417+0000] {processor.py:179} INFO - Processing /opt/airflow/dags/pipeline_productivo.py took 1.815 seconds
[2025-11-18T01:33:16.030+0000] {processor.py:157} INFO - Started process (PID=7067) to work on /opt/airflow/dags/pipeline_productivo.py
[2025-11-18T01:33:16.031+0000] {processor.py:829} INFO - Processing file /opt/airflow/dags/pipeline_productivo.py for tasks to queue
[2025-11-18T01:33:16.031+0000] {logging_mixin.py:154} INFO - [2025-11-18T01:33:16.031+0000] {dagbag.py:536} INFO - Filling up the DagBag from /opt/airflow/dags/pipeline_productivo.py
[2025-11-18T01:33:17.351+0000] {processor.py:839} INFO - DAG(s) dict_keys(['sodai_drinks_production_pipeline']) retrieved from /opt/airflow/dags/pipeline_productivo.py
[2025-11-18T01:33:17.366+0000] {logging_mixin.py:154} INFO - [2025-11-18T01:33:17.365+0000] {dag.py:2941} INFO - Sync 1 DAGs
[2025-11-18T01:33:17.377+0000] {logging_mixin.py:154} INFO - [2025-11-18T01:33:17.377+0000] {dag.py:3722} INFO - Setting next_dagrun for sodai_drinks_production_pipeline to 2025-11-16T00:00:00+00:00, run_after=2025-11-23T00:00:00+00:00
[2025-11-18T01:33:17.386+0000] {processor.py:179} INFO - Processing /opt/airflow/dags/pipeline_productivo.py took 1.359 seconds
[2025-11-18T01:33:47.528+0000] {processor.py:157} INFO - Started process (PID=7138) to work on /opt/airflow/dags/pipeline_productivo.py
[2025-11-18T01:33:47.528+0000] {processor.py:829} INFO - Processing file /opt/airflow/dags/pipeline_productivo.py for tasks to queue
[2025-11-18T01:33:47.529+0000] {logging_mixin.py:154} INFO - [2025-11-18T01:33:47.528+0000] {dagbag.py:536} INFO - Filling up the DagBag from /opt/airflow/dags/pipeline_productivo.py
[2025-11-18T01:33:49.006+0000] {processor.py:839} INFO - DAG(s) dict_keys(['sodai_drinks_production_pipeline']) retrieved from /opt/airflow/dags/pipeline_productivo.py
[2025-11-18T01:33:49.022+0000] {logging_mixin.py:154} INFO - [2025-11-18T01:33:49.022+0000] {dag.py:2941} INFO - Sync 1 DAGs
[2025-11-18T01:33:49.034+0000] {logging_mixin.py:154} INFO - [2025-11-18T01:33:49.034+0000] {dag.py:3722} INFO - Setting next_dagrun for sodai_drinks_production_pipeline to 2025-11-16T00:00:00+00:00, run_after=2025-11-23T00:00:00+00:00
[2025-11-18T01:33:49.043+0000] {processor.py:179} INFO - Processing /opt/airflow/dags/pipeline_productivo.py took 1.518 seconds
[2025-11-18T01:34:19.299+0000] {processor.py:157} INFO - Started process (PID=7203) to work on /opt/airflow/dags/pipeline_productivo.py
[2025-11-18T01:34:19.300+0000] {processor.py:829} INFO - Processing file /opt/airflow/dags/pipeline_productivo.py for tasks to queue
[2025-11-18T01:34:19.301+0000] {logging_mixin.py:154} INFO - [2025-11-18T01:34:19.301+0000] {dagbag.py:536} INFO - Filling up the DagBag from /opt/airflow/dags/pipeline_productivo.py
[2025-11-18T01:34:20.658+0000] {processor.py:839} INFO - DAG(s) dict_keys(['sodai_drinks_production_pipeline']) retrieved from /opt/airflow/dags/pipeline_productivo.py
[2025-11-18T01:34:20.676+0000] {logging_mixin.py:154} INFO - [2025-11-18T01:34:20.675+0000] {dag.py:2941} INFO - Sync 1 DAGs
[2025-11-18T01:34:20.688+0000] {logging_mixin.py:154} INFO - [2025-11-18T01:34:20.688+0000] {dag.py:3722} INFO - Setting next_dagrun for sodai_drinks_production_pipeline to 2025-11-16T00:00:00+00:00, run_after=2025-11-23T00:00:00+00:00
[2025-11-18T01:34:20.698+0000] {processor.py:179} INFO - Processing /opt/airflow/dags/pipeline_productivo.py took 1.402 seconds
[2025-11-18T01:34:51.002+0000] {processor.py:157} INFO - Started process (PID=7269) to work on /opt/airflow/dags/pipeline_productivo.py
[2025-11-18T01:34:51.003+0000] {processor.py:829} INFO - Processing file /opt/airflow/dags/pipeline_productivo.py for tasks to queue
[2025-11-18T01:34:51.003+0000] {logging_mixin.py:154} INFO - [2025-11-18T01:34:51.003+0000] {dagbag.py:536} INFO - Filling up the DagBag from /opt/airflow/dags/pipeline_productivo.py
[2025-11-18T01:34:52.349+0000] {processor.py:839} INFO - DAG(s) dict_keys(['sodai_drinks_production_pipeline']) retrieved from /opt/airflow/dags/pipeline_productivo.py
[2025-11-18T01:34:52.365+0000] {logging_mixin.py:154} INFO - [2025-11-18T01:34:52.364+0000] {dag.py:2941} INFO - Sync 1 DAGs
[2025-11-18T01:34:52.376+0000] {logging_mixin.py:154} INFO - [2025-11-18T01:34:52.376+0000] {dag.py:3722} INFO - Setting next_dagrun for sodai_drinks_production_pipeline to 2025-11-16T00:00:00+00:00, run_after=2025-11-23T00:00:00+00:00
[2025-11-18T01:34:52.386+0000] {processor.py:179} INFO - Processing /opt/airflow/dags/pipeline_productivo.py took 1.386 seconds
[2025-11-18T01:35:22.737+0000] {processor.py:157} INFO - Started process (PID=7334) to work on /opt/airflow/dags/pipeline_productivo.py
[2025-11-18T01:35:22.738+0000] {processor.py:829} INFO - Processing file /opt/airflow/dags/pipeline_productivo.py for tasks to queue
[2025-11-18T01:35:22.739+0000] {logging_mixin.py:154} INFO - [2025-11-18T01:35:22.738+0000] {dagbag.py:536} INFO - Filling up the DagBag from /opt/airflow/dags/pipeline_productivo.py
[2025-11-18T01:35:24.244+0000] {processor.py:839} INFO - DAG(s) dict_keys(['sodai_drinks_production_pipeline']) retrieved from /opt/airflow/dags/pipeline_productivo.py
[2025-11-18T01:35:24.261+0000] {logging_mixin.py:154} INFO - [2025-11-18T01:35:24.260+0000] {dag.py:2941} INFO - Sync 1 DAGs
[2025-11-18T01:35:24.273+0000] {logging_mixin.py:154} INFO - [2025-11-18T01:35:24.273+0000] {dag.py:3722} INFO - Setting next_dagrun for sodai_drinks_production_pipeline to 2025-11-16T00:00:00+00:00, run_after=2025-11-23T00:00:00+00:00
[2025-11-18T01:35:24.284+0000] {processor.py:179} INFO - Processing /opt/airflow/dags/pipeline_productivo.py took 1.549 seconds
[2025-11-18T01:35:54.838+0000] {processor.py:157} INFO - Started process (PID=7399) to work on /opt/airflow/dags/pipeline_productivo.py
[2025-11-18T01:35:54.838+0000] {processor.py:829} INFO - Processing file /opt/airflow/dags/pipeline_productivo.py for tasks to queue
[2025-11-18T01:35:54.839+0000] {logging_mixin.py:154} INFO - [2025-11-18T01:35:54.839+0000] {dagbag.py:536} INFO - Filling up the DagBag from /opt/airflow/dags/pipeline_productivo.py
[2025-11-18T01:35:56.188+0000] {processor.py:839} INFO - DAG(s) dict_keys(['sodai_drinks_production_pipeline']) retrieved from /opt/airflow/dags/pipeline_productivo.py
[2025-11-18T01:35:56.202+0000] {logging_mixin.py:154} INFO - [2025-11-18T01:35:56.201+0000] {dag.py:2941} INFO - Sync 1 DAGs
[2025-11-18T01:35:56.212+0000] {logging_mixin.py:154} INFO - [2025-11-18T01:35:56.212+0000] {dag.py:3722} INFO - Setting next_dagrun for sodai_drinks_production_pipeline to 2025-11-16T00:00:00+00:00, run_after=2025-11-23T00:00:00+00:00
[2025-11-18T01:35:56.222+0000] {processor.py:179} INFO - Processing /opt/airflow/dags/pipeline_productivo.py took 1.387 seconds
[2025-11-18T01:36:26.275+0000] {processor.py:157} INFO - Started process (PID=7464) to work on /opt/airflow/dags/pipeline_productivo.py
[2025-11-18T01:36:26.276+0000] {processor.py:829} INFO - Processing file /opt/airflow/dags/pipeline_productivo.py for tasks to queue
[2025-11-18T01:36:26.276+0000] {logging_mixin.py:154} INFO - [2025-11-18T01:36:26.276+0000] {dagbag.py:536} INFO - Filling up the DagBag from /opt/airflow/dags/pipeline_productivo.py
[2025-11-18T01:36:27.682+0000] {processor.py:839} INFO - DAG(s) dict_keys(['sodai_drinks_production_pipeline']) retrieved from /opt/airflow/dags/pipeline_productivo.py
[2025-11-18T01:36:27.701+0000] {logging_mixin.py:154} INFO - [2025-11-18T01:36:27.701+0000] {dag.py:2941} INFO - Sync 1 DAGs
[2025-11-18T01:36:27.718+0000] {logging_mixin.py:154} INFO - [2025-11-18T01:36:27.717+0000] {dag.py:3722} INFO - Setting next_dagrun for sodai_drinks_production_pipeline to 2025-11-16T00:00:00+00:00, run_after=2025-11-23T00:00:00+00:00
[2025-11-18T01:36:27.728+0000] {processor.py:179} INFO - Processing /opt/airflow/dags/pipeline_productivo.py took 1.456 seconds
[2025-11-18T01:36:58.014+0000] {processor.py:157} INFO - Started process (PID=7528) to work on /opt/airflow/dags/pipeline_productivo.py
[2025-11-18T01:36:58.015+0000] {processor.py:829} INFO - Processing file /opt/airflow/dags/pipeline_productivo.py for tasks to queue
[2025-11-18T01:36:58.015+0000] {logging_mixin.py:154} INFO - [2025-11-18T01:36:58.015+0000] {dagbag.py:536} INFO - Filling up the DagBag from /opt/airflow/dags/pipeline_productivo.py
[2025-11-18T01:36:59.464+0000] {processor.py:839} INFO - DAG(s) dict_keys(['sodai_drinks_production_pipeline']) retrieved from /opt/airflow/dags/pipeline_productivo.py
[2025-11-18T01:36:59.480+0000] {logging_mixin.py:154} INFO - [2025-11-18T01:36:59.480+0000] {dag.py:2941} INFO - Sync 1 DAGs
[2025-11-18T01:36:59.492+0000] {logging_mixin.py:154} INFO - [2025-11-18T01:36:59.492+0000] {dag.py:3722} INFO - Setting next_dagrun for sodai_drinks_production_pipeline to 2025-11-16T00:00:00+00:00, run_after=2025-11-23T00:00:00+00:00
[2025-11-18T01:36:59.503+0000] {processor.py:179} INFO - Processing /opt/airflow/dags/pipeline_productivo.py took 1.492 seconds
[2025-11-18T01:37:30.105+0000] {processor.py:157} INFO - Started process (PID=7593) to work on /opt/airflow/dags/pipeline_productivo.py
[2025-11-18T01:37:30.105+0000] {processor.py:829} INFO - Processing file /opt/airflow/dags/pipeline_productivo.py for tasks to queue
[2025-11-18T01:37:30.106+0000] {logging_mixin.py:154} INFO - [2025-11-18T01:37:30.105+0000] {dagbag.py:536} INFO - Filling up the DagBag from /opt/airflow/dags/pipeline_productivo.py
[2025-11-18T01:37:31.714+0000] {processor.py:839} INFO - DAG(s) dict_keys(['sodai_drinks_production_pipeline']) retrieved from /opt/airflow/dags/pipeline_productivo.py
[2025-11-18T01:37:31.729+0000] {logging_mixin.py:154} INFO - [2025-11-18T01:37:31.729+0000] {dag.py:2941} INFO - Sync 1 DAGs
[2025-11-18T01:37:31.742+0000] {logging_mixin.py:154} INFO - [2025-11-18T01:37:31.742+0000] {dag.py:3722} INFO - Setting next_dagrun for sodai_drinks_production_pipeline to 2025-11-16T00:00:00+00:00, run_after=2025-11-23T00:00:00+00:00
[2025-11-18T01:37:31.752+0000] {processor.py:179} INFO - Processing /opt/airflow/dags/pipeline_productivo.py took 1.651 seconds
[2025-11-18T01:38:01.832+0000] {processor.py:157} INFO - Started process (PID=7651) to work on /opt/airflow/dags/pipeline_productivo.py
[2025-11-18T01:38:01.833+0000] {processor.py:829} INFO - Processing file /opt/airflow/dags/pipeline_productivo.py for tasks to queue
[2025-11-18T01:38:01.833+0000] {logging_mixin.py:154} INFO - [2025-11-18T01:38:01.833+0000] {dagbag.py:536} INFO - Filling up the DagBag from /opt/airflow/dags/pipeline_productivo.py
[2025-11-18T01:38:03.422+0000] {processor.py:839} INFO - DAG(s) dict_keys(['sodai_drinks_production_pipeline']) retrieved from /opt/airflow/dags/pipeline_productivo.py
[2025-11-18T01:38:03.438+0000] {logging_mixin.py:154} INFO - [2025-11-18T01:38:03.438+0000] {dag.py:2941} INFO - Sync 1 DAGs
[2025-11-18T01:38:03.451+0000] {logging_mixin.py:154} INFO - [2025-11-18T01:38:03.451+0000] {dag.py:3722} INFO - Setting next_dagrun for sodai_drinks_production_pipeline to 2025-11-16T00:00:00+00:00, run_after=2025-11-23T00:00:00+00:00
[2025-11-18T01:38:03.462+0000] {processor.py:179} INFO - Processing /opt/airflow/dags/pipeline_productivo.py took 1.633 seconds
[2025-11-18T01:38:33.651+0000] {processor.py:157} INFO - Started process (PID=7716) to work on /opt/airflow/dags/pipeline_productivo.py
[2025-11-18T01:38:33.651+0000] {processor.py:829} INFO - Processing file /opt/airflow/dags/pipeline_productivo.py for tasks to queue
[2025-11-18T01:38:33.652+0000] {logging_mixin.py:154} INFO - [2025-11-18T01:38:33.652+0000] {dagbag.py:536} INFO - Filling up the DagBag from /opt/airflow/dags/pipeline_productivo.py
[2025-11-18T01:38:35.019+0000] {processor.py:839} INFO - DAG(s) dict_keys(['sodai_drinks_production_pipeline']) retrieved from /opt/airflow/dags/pipeline_productivo.py
[2025-11-18T01:38:35.036+0000] {logging_mixin.py:154} INFO - [2025-11-18T01:38:35.036+0000] {dag.py:2941} INFO - Sync 1 DAGs
[2025-11-18T01:38:35.050+0000] {logging_mixin.py:154} INFO - [2025-11-18T01:38:35.050+0000] {dag.py:3722} INFO - Setting next_dagrun for sodai_drinks_production_pipeline to 2025-11-16T00:00:00+00:00, run_after=2025-11-23T00:00:00+00:00
[2025-11-18T01:38:35.060+0000] {processor.py:179} INFO - Processing /opt/airflow/dags/pipeline_productivo.py took 1.412 seconds
[2025-11-18T01:39:05.200+0000] {processor.py:157} INFO - Started process (PID=7781) to work on /opt/airflow/dags/pipeline_productivo.py
[2025-11-18T01:39:05.201+0000] {processor.py:829} INFO - Processing file /opt/airflow/dags/pipeline_productivo.py for tasks to queue
[2025-11-18T01:39:05.201+0000] {logging_mixin.py:154} INFO - [2025-11-18T01:39:05.201+0000] {dagbag.py:536} INFO - Filling up the DagBag from /opt/airflow/dags/pipeline_productivo.py
[2025-11-18T01:39:06.670+0000] {processor.py:839} INFO - DAG(s) dict_keys(['sodai_drinks_production_pipeline']) retrieved from /opt/airflow/dags/pipeline_productivo.py
[2025-11-18T01:39:06.689+0000] {logging_mixin.py:154} INFO - [2025-11-18T01:39:06.689+0000] {dag.py:2941} INFO - Sync 1 DAGs
[2025-11-18T01:39:06.702+0000] {logging_mixin.py:154} INFO - [2025-11-18T01:39:06.702+0000] {dag.py:3722} INFO - Setting next_dagrun for sodai_drinks_production_pipeline to 2025-11-16T00:00:00+00:00, run_after=2025-11-23T00:00:00+00:00
[2025-11-18T01:39:06.713+0000] {processor.py:179} INFO - Processing /opt/airflow/dags/pipeline_productivo.py took 1.516 seconds
[2025-11-18T01:39:37.479+0000] {processor.py:157} INFO - Started process (PID=7864) to work on /opt/airflow/dags/pipeline_productivo.py
[2025-11-18T01:39:37.480+0000] {processor.py:829} INFO - Processing file /opt/airflow/dags/pipeline_productivo.py for tasks to queue
[2025-11-18T01:39:37.480+0000] {logging_mixin.py:154} INFO - [2025-11-18T01:39:37.480+0000] {dagbag.py:536} INFO - Filling up the DagBag from /opt/airflow/dags/pipeline_productivo.py
[2025-11-18T01:39:38.854+0000] {processor.py:839} INFO - DAG(s) dict_keys(['sodai_drinks_production_pipeline']) retrieved from /opt/airflow/dags/pipeline_productivo.py
[2025-11-18T01:39:38.870+0000] {logging_mixin.py:154} INFO - [2025-11-18T01:39:38.869+0000] {dag.py:2941} INFO - Sync 1 DAGs
[2025-11-18T01:39:38.881+0000] {logging_mixin.py:154} INFO - [2025-11-18T01:39:38.881+0000] {dag.py:3722} INFO - Setting next_dagrun for sodai_drinks_production_pipeline to 2025-11-16T00:00:00+00:00, run_after=2025-11-23T00:00:00+00:00
[2025-11-18T01:39:38.890+0000] {processor.py:179} INFO - Processing /opt/airflow/dags/pipeline_productivo.py took 1.414 seconds
[2025-11-18T01:40:08.960+0000] {processor.py:157} INFO - Started process (PID=7932) to work on /opt/airflow/dags/pipeline_productivo.py
[2025-11-18T01:40:08.961+0000] {processor.py:829} INFO - Processing file /opt/airflow/dags/pipeline_productivo.py for tasks to queue
[2025-11-18T01:40:08.961+0000] {logging_mixin.py:154} INFO - [2025-11-18T01:40:08.961+0000] {dagbag.py:536} INFO - Filling up the DagBag from /opt/airflow/dags/pipeline_productivo.py
[2025-11-18T01:40:10.426+0000] {processor.py:839} INFO - DAG(s) dict_keys(['sodai_drinks_production_pipeline']) retrieved from /opt/airflow/dags/pipeline_productivo.py
[2025-11-18T01:40:10.443+0000] {logging_mixin.py:154} INFO - [2025-11-18T01:40:10.442+0000] {dag.py:2941} INFO - Sync 1 DAGs
[2025-11-18T01:40:10.455+0000] {logging_mixin.py:154} INFO - [2025-11-18T01:40:10.454+0000] {dag.py:3722} INFO - Setting next_dagrun for sodai_drinks_production_pipeline to 2025-11-16T00:00:00+00:00, run_after=2025-11-23T00:00:00+00:00
[2025-11-18T01:40:10.465+0000] {processor.py:179} INFO - Processing /opt/airflow/dags/pipeline_productivo.py took 1.507 seconds
[2025-11-18T01:40:40.802+0000] {processor.py:157} INFO - Started process (PID=8003) to work on /opt/airflow/dags/pipeline_productivo.py
[2025-11-18T01:40:40.803+0000] {processor.py:829} INFO - Processing file /opt/airflow/dags/pipeline_productivo.py for tasks to queue
[2025-11-18T01:40:40.803+0000] {logging_mixin.py:154} INFO - [2025-11-18T01:40:40.803+0000] {dagbag.py:536} INFO - Filling up the DagBag from /opt/airflow/dags/pipeline_productivo.py
[2025-11-18T01:40:42.367+0000] {processor.py:839} INFO - DAG(s) dict_keys(['sodai_drinks_production_pipeline']) retrieved from /opt/airflow/dags/pipeline_productivo.py
[2025-11-18T01:40:42.383+0000] {logging_mixin.py:154} INFO - [2025-11-18T01:40:42.382+0000] {dag.py:2941} INFO - Sync 1 DAGs
[2025-11-18T01:40:42.397+0000] {logging_mixin.py:154} INFO - [2025-11-18T01:40:42.397+0000] {dag.py:3722} INFO - Setting next_dagrun for sodai_drinks_production_pipeline to 2025-11-16T00:00:00+00:00, run_after=2025-11-23T00:00:00+00:00
[2025-11-18T01:40:42.408+0000] {processor.py:179} INFO - Processing /opt/airflow/dags/pipeline_productivo.py took 1.609 seconds
[2025-11-18T01:41:12.698+0000] {processor.py:157} INFO - Started process (PID=8068) to work on /opt/airflow/dags/pipeline_productivo.py
[2025-11-18T01:41:12.699+0000] {processor.py:829} INFO - Processing file /opt/airflow/dags/pipeline_productivo.py for tasks to queue
[2025-11-18T01:41:12.699+0000] {logging_mixin.py:154} INFO - [2025-11-18T01:41:12.699+0000] {dagbag.py:536} INFO - Filling up the DagBag from /opt/airflow/dags/pipeline_productivo.py
[2025-11-18T01:41:14.289+0000] {processor.py:839} INFO - DAG(s) dict_keys(['sodai_drinks_production_pipeline']) retrieved from /opt/airflow/dags/pipeline_productivo.py
[2025-11-18T01:41:14.310+0000] {logging_mixin.py:154} INFO - [2025-11-18T01:41:14.309+0000] {dag.py:2941} INFO - Sync 1 DAGs
[2025-11-18T01:41:14.323+0000] {logging_mixin.py:154} INFO - [2025-11-18T01:41:14.323+0000] {dag.py:3722} INFO - Setting next_dagrun for sodai_drinks_production_pipeline to 2025-11-16T00:00:00+00:00, run_after=2025-11-23T00:00:00+00:00
[2025-11-18T01:41:14.335+0000] {processor.py:179} INFO - Processing /opt/airflow/dags/pipeline_productivo.py took 1.640 seconds
