[2025-12-01T18:26:34.012+0000] {processor.py:157} INFO - Started process (PID=188) to work on /opt/airflow/dags/utils/helpers.py
[2025-12-01T18:26:34.012+0000] {processor.py:829} INFO - Processing file /opt/airflow/dags/utils/helpers.py for tasks to queue
[2025-12-01T18:26:34.013+0000] {logging_mixin.py:154} INFO - [2025-12-01T18:26:34.013+0000] {dagbag.py:536} INFO - Filling up the DagBag from /opt/airflow/dags/utils/helpers.py
[2025-12-01T18:26:34.016+0000] {processor.py:841} WARNING - No viable dags retrieved from /opt/airflow/dags/utils/helpers.py
[2025-12-01T18:26:34.032+0000] {processor.py:179} INFO - Processing /opt/airflow/dags/utils/helpers.py took 0.023 seconds
[2025-12-01T18:27:04.294+0000] {processor.py:157} INFO - Started process (PID=251) to work on /opt/airflow/dags/utils/helpers.py
[2025-12-01T18:27:04.295+0000] {processor.py:829} INFO - Processing file /opt/airflow/dags/utils/helpers.py for tasks to queue
[2025-12-01T18:27:04.295+0000] {logging_mixin.py:154} INFO - [2025-12-01T18:27:04.295+0000] {dagbag.py:536} INFO - Filling up the DagBag from /opt/airflow/dags/utils/helpers.py
[2025-12-01T18:27:04.297+0000] {processor.py:841} WARNING - No viable dags retrieved from /opt/airflow/dags/utils/helpers.py
[2025-12-01T18:27:04.308+0000] {processor.py:179} INFO - Processing /opt/airflow/dags/utils/helpers.py took 0.018 seconds
[2025-12-01T18:27:34.482+0000] {processor.py:157} INFO - Started process (PID=306) to work on /opt/airflow/dags/utils/helpers.py
[2025-12-01T18:27:34.489+0000] {processor.py:829} INFO - Processing file /opt/airflow/dags/utils/helpers.py for tasks to queue
[2025-12-01T18:27:34.489+0000] {logging_mixin.py:154} INFO - [2025-12-01T18:27:34.489+0000] {dagbag.py:536} INFO - Filling up the DagBag from /opt/airflow/dags/utils/helpers.py
[2025-12-01T18:27:34.491+0000] {processor.py:841} WARNING - No viable dags retrieved from /opt/airflow/dags/utils/helpers.py
[2025-12-01T18:27:34.501+0000] {processor.py:179} INFO - Processing /opt/airflow/dags/utils/helpers.py took 0.021 seconds
[2025-12-01T18:28:04.661+0000] {processor.py:157} INFO - Started process (PID=371) to work on /opt/airflow/dags/utils/helpers.py
[2025-12-01T18:28:04.662+0000] {processor.py:829} INFO - Processing file /opt/airflow/dags/utils/helpers.py for tasks to queue
[2025-12-01T18:28:04.662+0000] {logging_mixin.py:154} INFO - [2025-12-01T18:28:04.662+0000] {dagbag.py:536} INFO - Filling up the DagBag from /opt/airflow/dags/utils/helpers.py
[2025-12-01T18:28:04.664+0000] {processor.py:841} WARNING - No viable dags retrieved from /opt/airflow/dags/utils/helpers.py
[2025-12-01T18:28:04.673+0000] {processor.py:179} INFO - Processing /opt/airflow/dags/utils/helpers.py took 0.015 seconds
[2025-12-01T18:28:34.922+0000] {processor.py:157} INFO - Started process (PID=450) to work on /opt/airflow/dags/utils/helpers.py
[2025-12-01T18:28:34.923+0000] {processor.py:829} INFO - Processing file /opt/airflow/dags/utils/helpers.py for tasks to queue
[2025-12-01T18:28:34.923+0000] {logging_mixin.py:154} INFO - [2025-12-01T18:28:34.923+0000] {dagbag.py:536} INFO - Filling up the DagBag from /opt/airflow/dags/utils/helpers.py
[2025-12-01T18:28:34.924+0000] {processor.py:841} WARNING - No viable dags retrieved from /opt/airflow/dags/utils/helpers.py
[2025-12-01T18:28:34.934+0000] {processor.py:179} INFO - Processing /opt/airflow/dags/utils/helpers.py took 0.015 seconds
[2025-12-01T18:29:05.810+0000] {processor.py:157} INFO - Started process (PID=508) to work on /opt/airflow/dags/utils/helpers.py
[2025-12-01T18:29:05.811+0000] {processor.py:829} INFO - Processing file /opt/airflow/dags/utils/helpers.py for tasks to queue
[2025-12-01T18:29:05.812+0000] {logging_mixin.py:154} INFO - [2025-12-01T18:29:05.811+0000] {dagbag.py:536} INFO - Filling up the DagBag from /opt/airflow/dags/utils/helpers.py
[2025-12-01T18:29:05.813+0000] {processor.py:841} WARNING - No viable dags retrieved from /opt/airflow/dags/utils/helpers.py
[2025-12-01T18:29:05.823+0000] {processor.py:179} INFO - Processing /opt/airflow/dags/utils/helpers.py took 0.016 seconds
[2025-12-01T18:29:36.043+0000] {processor.py:157} INFO - Started process (PID=573) to work on /opt/airflow/dags/utils/helpers.py
[2025-12-01T18:29:36.044+0000] {processor.py:829} INFO - Processing file /opt/airflow/dags/utils/helpers.py for tasks to queue
[2025-12-01T18:29:36.045+0000] {logging_mixin.py:154} INFO - [2025-12-01T18:29:36.044+0000] {dagbag.py:536} INFO - Filling up the DagBag from /opt/airflow/dags/utils/helpers.py
[2025-12-01T18:29:36.046+0000] {processor.py:841} WARNING - No viable dags retrieved from /opt/airflow/dags/utils/helpers.py
[2025-12-01T18:29:36.057+0000] {processor.py:179} INFO - Processing /opt/airflow/dags/utils/helpers.py took 0.016 seconds
[2025-12-01T18:30:06.148+0000] {processor.py:157} INFO - Started process (PID=638) to work on /opt/airflow/dags/utils/helpers.py
[2025-12-01T18:30:06.149+0000] {processor.py:829} INFO - Processing file /opt/airflow/dags/utils/helpers.py for tasks to queue
[2025-12-01T18:30:06.150+0000] {logging_mixin.py:154} INFO - [2025-12-01T18:30:06.149+0000] {dagbag.py:536} INFO - Filling up the DagBag from /opt/airflow/dags/utils/helpers.py
[2025-12-01T18:30:06.152+0000] {processor.py:841} WARNING - No viable dags retrieved from /opt/airflow/dags/utils/helpers.py
[2025-12-01T18:30:06.164+0000] {processor.py:179} INFO - Processing /opt/airflow/dags/utils/helpers.py took 0.019 seconds
[2025-12-01T18:30:36.425+0000] {processor.py:157} INFO - Started process (PID=696) to work on /opt/airflow/dags/utils/helpers.py
[2025-12-01T18:30:36.426+0000] {processor.py:829} INFO - Processing file /opt/airflow/dags/utils/helpers.py for tasks to queue
[2025-12-01T18:30:36.427+0000] {logging_mixin.py:154} INFO - [2025-12-01T18:30:36.427+0000] {dagbag.py:536} INFO - Filling up the DagBag from /opt/airflow/dags/utils/helpers.py
[2025-12-01T18:30:36.429+0000] {processor.py:841} WARNING - No viable dags retrieved from /opt/airflow/dags/utils/helpers.py
[2025-12-01T18:30:36.440+0000] {processor.py:179} INFO - Processing /opt/airflow/dags/utils/helpers.py took 0.017 seconds
[2025-12-01T18:31:07.141+0000] {processor.py:157} INFO - Started process (PID=761) to work on /opt/airflow/dags/utils/helpers.py
[2025-12-01T18:31:07.142+0000] {processor.py:829} INFO - Processing file /opt/airflow/dags/utils/helpers.py for tasks to queue
[2025-12-01T18:31:07.143+0000] {logging_mixin.py:154} INFO - [2025-12-01T18:31:07.143+0000] {dagbag.py:536} INFO - Filling up the DagBag from /opt/airflow/dags/utils/helpers.py
[2025-12-01T18:31:07.144+0000] {processor.py:841} WARNING - No viable dags retrieved from /opt/airflow/dags/utils/helpers.py
[2025-12-01T18:31:07.155+0000] {processor.py:179} INFO - Processing /opt/airflow/dags/utils/helpers.py took 0.017 seconds
[2025-12-01T18:31:38.382+0000] {processor.py:157} INFO - Started process (PID=826) to work on /opt/airflow/dags/utils/helpers.py
[2025-12-01T18:31:38.383+0000] {processor.py:829} INFO - Processing file /opt/airflow/dags/utils/helpers.py for tasks to queue
[2025-12-01T18:31:38.384+0000] {logging_mixin.py:154} INFO - [2025-12-01T18:31:38.384+0000] {dagbag.py:536} INFO - Filling up the DagBag from /opt/airflow/dags/utils/helpers.py
[2025-12-01T18:31:38.386+0000] {processor.py:841} WARNING - No viable dags retrieved from /opt/airflow/dags/utils/helpers.py
[2025-12-01T18:31:38.396+0000] {processor.py:179} INFO - Processing /opt/airflow/dags/utils/helpers.py took 0.016 seconds
[2025-12-01T18:32:08.633+0000] {processor.py:157} INFO - Started process (PID=898) to work on /opt/airflow/dags/utils/helpers.py
[2025-12-01T18:32:08.634+0000] {processor.py:829} INFO - Processing file /opt/airflow/dags/utils/helpers.py for tasks to queue
[2025-12-01T18:32:08.635+0000] {logging_mixin.py:154} INFO - [2025-12-01T18:32:08.634+0000] {dagbag.py:536} INFO - Filling up the DagBag from /opt/airflow/dags/utils/helpers.py
[2025-12-01T18:32:08.636+0000] {processor.py:841} WARNING - No viable dags retrieved from /opt/airflow/dags/utils/helpers.py
[2025-12-01T18:32:08.646+0000] {processor.py:179} INFO - Processing /opt/airflow/dags/utils/helpers.py took 0.016 seconds
[2025-12-01T18:32:39.923+0000] {processor.py:157} INFO - Started process (PID=992) to work on /opt/airflow/dags/utils/helpers.py
[2025-12-01T18:32:39.924+0000] {processor.py:829} INFO - Processing file /opt/airflow/dags/utils/helpers.py for tasks to queue
[2025-12-01T18:32:39.924+0000] {logging_mixin.py:154} INFO - [2025-12-01T18:32:39.924+0000] {dagbag.py:536} INFO - Filling up the DagBag from /opt/airflow/dags/utils/helpers.py
[2025-12-01T18:32:39.926+0000] {processor.py:841} WARNING - No viable dags retrieved from /opt/airflow/dags/utils/helpers.py
[2025-12-01T18:32:39.936+0000] {processor.py:179} INFO - Processing /opt/airflow/dags/utils/helpers.py took 0.016 seconds
[2025-12-01T18:33:10.550+0000] {processor.py:157} INFO - Started process (PID=1050) to work on /opt/airflow/dags/utils/helpers.py
[2025-12-01T18:33:10.551+0000] {processor.py:829} INFO - Processing file /opt/airflow/dags/utils/helpers.py for tasks to queue
[2025-12-01T18:33:10.552+0000] {logging_mixin.py:154} INFO - [2025-12-01T18:33:10.551+0000] {dagbag.py:536} INFO - Filling up the DagBag from /opt/airflow/dags/utils/helpers.py
[2025-12-01T18:33:10.553+0000] {processor.py:841} WARNING - No viable dags retrieved from /opt/airflow/dags/utils/helpers.py
[2025-12-01T18:33:10.563+0000] {processor.py:179} INFO - Processing /opt/airflow/dags/utils/helpers.py took 0.016 seconds
[2025-12-01T18:33:41.107+0000] {processor.py:157} INFO - Started process (PID=1115) to work on /opt/airflow/dags/utils/helpers.py
[2025-12-01T18:33:41.108+0000] {processor.py:829} INFO - Processing file /opt/airflow/dags/utils/helpers.py for tasks to queue
[2025-12-01T18:33:41.108+0000] {logging_mixin.py:154} INFO - [2025-12-01T18:33:41.108+0000] {dagbag.py:536} INFO - Filling up the DagBag from /opt/airflow/dags/utils/helpers.py
[2025-12-01T18:33:41.110+0000] {processor.py:841} WARNING - No viable dags retrieved from /opt/airflow/dags/utils/helpers.py
[2025-12-01T18:33:41.120+0000] {processor.py:179} INFO - Processing /opt/airflow/dags/utils/helpers.py took 0.016 seconds
[2025-12-01T18:34:11.172+0000] {processor.py:157} INFO - Started process (PID=1264) to work on /opt/airflow/dags/utils/helpers.py
[2025-12-01T18:34:11.173+0000] {processor.py:829} INFO - Processing file /opt/airflow/dags/utils/helpers.py for tasks to queue
[2025-12-01T18:34:11.174+0000] {logging_mixin.py:154} INFO - [2025-12-01T18:34:11.174+0000] {dagbag.py:536} INFO - Filling up the DagBag from /opt/airflow/dags/utils/helpers.py
[2025-12-01T18:34:11.176+0000] {processor.py:841} WARNING - No viable dags retrieved from /opt/airflow/dags/utils/helpers.py
[2025-12-01T18:34:11.187+0000] {processor.py:179} INFO - Processing /opt/airflow/dags/utils/helpers.py took 0.017 seconds
[2025-12-01T18:34:41.484+0000] {processor.py:157} INFO - Started process (PID=1322) to work on /opt/airflow/dags/utils/helpers.py
[2025-12-01T18:34:41.485+0000] {processor.py:829} INFO - Processing file /opt/airflow/dags/utils/helpers.py for tasks to queue
[2025-12-01T18:34:41.486+0000] {logging_mixin.py:154} INFO - [2025-12-01T18:34:41.486+0000] {dagbag.py:536} INFO - Filling up the DagBag from /opt/airflow/dags/utils/helpers.py
[2025-12-01T18:34:41.487+0000] {processor.py:841} WARNING - No viable dags retrieved from /opt/airflow/dags/utils/helpers.py
[2025-12-01T18:34:41.497+0000] {processor.py:179} INFO - Processing /opt/airflow/dags/utils/helpers.py took 0.016 seconds
[2025-12-01T18:35:11.853+0000] {processor.py:157} INFO - Started process (PID=1387) to work on /opt/airflow/dags/utils/helpers.py
[2025-12-01T18:35:11.855+0000] {processor.py:829} INFO - Processing file /opt/airflow/dags/utils/helpers.py for tasks to queue
[2025-12-01T18:35:11.856+0000] {logging_mixin.py:154} INFO - [2025-12-01T18:35:11.856+0000] {dagbag.py:536} INFO - Filling up the DagBag from /opt/airflow/dags/utils/helpers.py
[2025-12-01T18:35:11.858+0000] {processor.py:841} WARNING - No viable dags retrieved from /opt/airflow/dags/utils/helpers.py
[2025-12-01T18:35:11.868+0000] {processor.py:179} INFO - Processing /opt/airflow/dags/utils/helpers.py took 0.019 seconds
[2025-12-01T18:35:42.101+0000] {processor.py:157} INFO - Started process (PID=1452) to work on /opt/airflow/dags/utils/helpers.py
[2025-12-01T18:35:42.102+0000] {processor.py:829} INFO - Processing file /opt/airflow/dags/utils/helpers.py for tasks to queue
[2025-12-01T18:35:42.102+0000] {logging_mixin.py:154} INFO - [2025-12-01T18:35:42.102+0000] {dagbag.py:536} INFO - Filling up the DagBag from /opt/airflow/dags/utils/helpers.py
[2025-12-01T18:35:42.104+0000] {processor.py:841} WARNING - No viable dags retrieved from /opt/airflow/dags/utils/helpers.py
[2025-12-01T18:35:42.114+0000] {processor.py:179} INFO - Processing /opt/airflow/dags/utils/helpers.py took 0.016 seconds
[2025-12-01T18:36:12.611+0000] {processor.py:157} INFO - Started process (PID=1757) to work on /opt/airflow/dags/utils/helpers.py
[2025-12-01T18:36:12.612+0000] {processor.py:829} INFO - Processing file /opt/airflow/dags/utils/helpers.py for tasks to queue
[2025-12-01T18:36:12.614+0000] {logging_mixin.py:154} INFO - [2025-12-01T18:36:12.613+0000] {dagbag.py:536} INFO - Filling up the DagBag from /opt/airflow/dags/utils/helpers.py
[2025-12-01T18:36:12.618+0000] {processor.py:841} WARNING - No viable dags retrieved from /opt/airflow/dags/utils/helpers.py
[2025-12-01T18:36:12.631+0000] {processor.py:179} INFO - Processing /opt/airflow/dags/utils/helpers.py took 0.023 seconds
[2025-12-01T18:36:42.950+0000] {processor.py:157} INFO - Started process (PID=1868) to work on /opt/airflow/dags/utils/helpers.py
[2025-12-01T18:36:42.950+0000] {processor.py:829} INFO - Processing file /opt/airflow/dags/utils/helpers.py for tasks to queue
[2025-12-01T18:36:42.951+0000] {logging_mixin.py:154} INFO - [2025-12-01T18:36:42.951+0000] {dagbag.py:536} INFO - Filling up the DagBag from /opt/airflow/dags/utils/helpers.py
[2025-12-01T18:36:42.953+0000] {processor.py:841} WARNING - No viable dags retrieved from /opt/airflow/dags/utils/helpers.py
[2025-12-01T18:36:42.964+0000] {processor.py:179} INFO - Processing /opt/airflow/dags/utils/helpers.py took 0.017 seconds
[2025-12-01T18:37:13.346+0000] {processor.py:157} INFO - Started process (PID=1926) to work on /opt/airflow/dags/utils/helpers.py
[2025-12-01T18:37:13.347+0000] {processor.py:829} INFO - Processing file /opt/airflow/dags/utils/helpers.py for tasks to queue
[2025-12-01T18:37:13.347+0000] {logging_mixin.py:154} INFO - [2025-12-01T18:37:13.347+0000] {dagbag.py:536} INFO - Filling up the DagBag from /opt/airflow/dags/utils/helpers.py
[2025-12-01T18:37:13.349+0000] {processor.py:841} WARNING - No viable dags retrieved from /opt/airflow/dags/utils/helpers.py
[2025-12-01T18:37:13.359+0000] {processor.py:179} INFO - Processing /opt/airflow/dags/utils/helpers.py took 0.016 seconds
[2025-12-01T18:37:43.641+0000] {processor.py:157} INFO - Started process (PID=1989) to work on /opt/airflow/dags/utils/helpers.py
[2025-12-01T18:37:43.642+0000] {processor.py:829} INFO - Processing file /opt/airflow/dags/utils/helpers.py for tasks to queue
[2025-12-01T18:37:43.642+0000] {logging_mixin.py:154} INFO - [2025-12-01T18:37:43.642+0000] {dagbag.py:536} INFO - Filling up the DagBag from /opt/airflow/dags/utils/helpers.py
[2025-12-01T18:37:43.644+0000] {processor.py:841} WARNING - No viable dags retrieved from /opt/airflow/dags/utils/helpers.py
[2025-12-01T18:37:43.654+0000] {processor.py:179} INFO - Processing /opt/airflow/dags/utils/helpers.py took 0.015 seconds
[2025-12-01T18:38:14.068+0000] {processor.py:157} INFO - Started process (PID=2156) to work on /opt/airflow/dags/utils/helpers.py
[2025-12-01T18:38:14.070+0000] {processor.py:829} INFO - Processing file /opt/airflow/dags/utils/helpers.py for tasks to queue
[2025-12-01T18:38:14.071+0000] {logging_mixin.py:154} INFO - [2025-12-01T18:38:14.070+0000] {dagbag.py:536} INFO - Filling up the DagBag from /opt/airflow/dags/utils/helpers.py
[2025-12-01T18:38:14.074+0000] {processor.py:841} WARNING - No viable dags retrieved from /opt/airflow/dags/utils/helpers.py
[2025-12-01T18:38:14.088+0000] {processor.py:179} INFO - Processing /opt/airflow/dags/utils/helpers.py took 0.023 seconds
[2025-12-01T18:38:44.454+0000] {processor.py:157} INFO - Started process (PID=2221) to work on /opt/airflow/dags/utils/helpers.py
[2025-12-01T18:38:44.455+0000] {processor.py:829} INFO - Processing file /opt/airflow/dags/utils/helpers.py for tasks to queue
[2025-12-01T18:38:44.456+0000] {logging_mixin.py:154} INFO - [2025-12-01T18:38:44.456+0000] {dagbag.py:536} INFO - Filling up the DagBag from /opt/airflow/dags/utils/helpers.py
[2025-12-01T18:38:44.460+0000] {processor.py:841} WARNING - No viable dags retrieved from /opt/airflow/dags/utils/helpers.py
[2025-12-01T18:38:44.481+0000] {processor.py:179} INFO - Processing /opt/airflow/dags/utils/helpers.py took 0.033 seconds
[2025-12-01T18:39:14.648+0000] {processor.py:157} INFO - Started process (PID=2627) to work on /opt/airflow/dags/utils/helpers.py
[2025-12-01T18:39:14.651+0000] {processor.py:829} INFO - Processing file /opt/airflow/dags/utils/helpers.py for tasks to queue
[2025-12-01T18:39:14.652+0000] {logging_mixin.py:154} INFO - [2025-12-01T18:39:14.651+0000] {dagbag.py:536} INFO - Filling up the DagBag from /opt/airflow/dags/utils/helpers.py
[2025-12-01T18:39:14.654+0000] {processor.py:841} WARNING - No viable dags retrieved from /opt/airflow/dags/utils/helpers.py
[2025-12-01T18:39:14.678+0000] {processor.py:179} INFO - Processing /opt/airflow/dags/utils/helpers.py took 0.033 seconds
[2025-12-01T18:39:45.325+0000] {processor.py:157} INFO - Started process (PID=2692) to work on /opt/airflow/dags/utils/helpers.py
[2025-12-01T18:39:45.328+0000] {processor.py:829} INFO - Processing file /opt/airflow/dags/utils/helpers.py for tasks to queue
[2025-12-01T18:39:45.329+0000] {logging_mixin.py:154} INFO - [2025-12-01T18:39:45.329+0000] {dagbag.py:536} INFO - Filling up the DagBag from /opt/airflow/dags/utils/helpers.py
[2025-12-01T18:39:45.331+0000] {processor.py:841} WARNING - No viable dags retrieved from /opt/airflow/dags/utils/helpers.py
[2025-12-01T18:39:45.348+0000] {processor.py:179} INFO - Processing /opt/airflow/dags/utils/helpers.py took 0.028 seconds
[2025-12-01T18:40:15.933+0000] {processor.py:157} INFO - Started process (PID=2750) to work on /opt/airflow/dags/utils/helpers.py
[2025-12-01T18:40:15.935+0000] {processor.py:829} INFO - Processing file /opt/airflow/dags/utils/helpers.py for tasks to queue
[2025-12-01T18:40:15.938+0000] {logging_mixin.py:154} INFO - [2025-12-01T18:40:15.937+0000] {dagbag.py:536} INFO - Filling up the DagBag from /opt/airflow/dags/utils/helpers.py
[2025-12-01T18:40:15.943+0000] {processor.py:841} WARNING - No viable dags retrieved from /opt/airflow/dags/utils/helpers.py
[2025-12-01T18:40:15.966+0000] {processor.py:179} INFO - Processing /opt/airflow/dags/utils/helpers.py took 0.040 seconds
[2025-12-01T18:40:46.673+0000] {processor.py:157} INFO - Started process (PID=2815) to work on /opt/airflow/dags/utils/helpers.py
[2025-12-01T18:40:46.675+0000] {processor.py:829} INFO - Processing file /opt/airflow/dags/utils/helpers.py for tasks to queue
[2025-12-01T18:40:46.676+0000] {logging_mixin.py:154} INFO - [2025-12-01T18:40:46.676+0000] {dagbag.py:536} INFO - Filling up the DagBag from /opt/airflow/dags/utils/helpers.py
[2025-12-01T18:40:46.683+0000] {processor.py:841} WARNING - No viable dags retrieved from /opt/airflow/dags/utils/helpers.py
[2025-12-01T18:40:46.704+0000] {processor.py:179} INFO - Processing /opt/airflow/dags/utils/helpers.py took 0.035 seconds
[2025-12-01T18:41:17.454+0000] {processor.py:157} INFO - Started process (PID=2873) to work on /opt/airflow/dags/utils/helpers.py
[2025-12-01T18:41:17.455+0000] {processor.py:829} INFO - Processing file /opt/airflow/dags/utils/helpers.py for tasks to queue
[2025-12-01T18:41:17.456+0000] {logging_mixin.py:154} INFO - [2025-12-01T18:41:17.455+0000] {dagbag.py:536} INFO - Filling up the DagBag from /opt/airflow/dags/utils/helpers.py
[2025-12-01T18:41:17.458+0000] {processor.py:841} WARNING - No viable dags retrieved from /opt/airflow/dags/utils/helpers.py
[2025-12-01T18:41:17.474+0000] {processor.py:179} INFO - Processing /opt/airflow/dags/utils/helpers.py took 0.024 seconds
[2025-12-01T18:41:47.526+0000] {processor.py:157} INFO - Started process (PID=2938) to work on /opt/airflow/dags/utils/helpers.py
[2025-12-01T18:41:47.528+0000] {processor.py:829} INFO - Processing file /opt/airflow/dags/utils/helpers.py for tasks to queue
[2025-12-01T18:41:47.528+0000] {logging_mixin.py:154} INFO - [2025-12-01T18:41:47.528+0000] {dagbag.py:536} INFO - Filling up the DagBag from /opt/airflow/dags/utils/helpers.py
[2025-12-01T18:41:47.531+0000] {processor.py:841} WARNING - No viable dags retrieved from /opt/airflow/dags/utils/helpers.py
[2025-12-01T18:41:47.545+0000] {processor.py:179} INFO - Processing /opt/airflow/dags/utils/helpers.py took 0.022 seconds
[2025-12-01T18:42:17.985+0000] {processor.py:157} INFO - Started process (PID=3162) to work on /opt/airflow/dags/utils/helpers.py
[2025-12-01T18:42:17.986+0000] {processor.py:829} INFO - Processing file /opt/airflow/dags/utils/helpers.py for tasks to queue
[2025-12-01T18:42:17.987+0000] {logging_mixin.py:154} INFO - [2025-12-01T18:42:17.986+0000] {dagbag.py:536} INFO - Filling up the DagBag from /opt/airflow/dags/utils/helpers.py
[2025-12-01T18:42:17.989+0000] {processor.py:841} WARNING - No viable dags retrieved from /opt/airflow/dags/utils/helpers.py
[2025-12-01T18:42:18.001+0000] {processor.py:179} INFO - Processing /opt/airflow/dags/utils/helpers.py took 0.021 seconds
[2025-12-01T18:42:48.159+0000] {processor.py:157} INFO - Started process (PID=3276) to work on /opt/airflow/dags/utils/helpers.py
[2025-12-01T18:42:48.160+0000] {processor.py:829} INFO - Processing file /opt/airflow/dags/utils/helpers.py for tasks to queue
[2025-12-01T18:42:48.161+0000] {logging_mixin.py:154} INFO - [2025-12-01T18:42:48.160+0000] {dagbag.py:536} INFO - Filling up the DagBag from /opt/airflow/dags/utils/helpers.py
[2025-12-01T18:42:48.167+0000] {processor.py:841} WARNING - No viable dags retrieved from /opt/airflow/dags/utils/helpers.py
[2025-12-01T18:42:48.186+0000] {processor.py:179} INFO - Processing /opt/airflow/dags/utils/helpers.py took 0.035 seconds
[2025-12-01T18:43:18.328+0000] {processor.py:157} INFO - Started process (PID=3339) to work on /opt/airflow/dags/utils/helpers.py
[2025-12-01T18:43:18.333+0000] {processor.py:829} INFO - Processing file /opt/airflow/dags/utils/helpers.py for tasks to queue
[2025-12-01T18:43:18.334+0000] {logging_mixin.py:154} INFO - [2025-12-01T18:43:18.333+0000] {dagbag.py:536} INFO - Filling up the DagBag from /opt/airflow/dags/utils/helpers.py
[2025-12-01T18:43:18.336+0000] {processor.py:841} WARNING - No viable dags retrieved from /opt/airflow/dags/utils/helpers.py
[2025-12-01T18:43:18.359+0000] {processor.py:179} INFO - Processing /opt/airflow/dags/utils/helpers.py took 0.041 seconds
[2025-12-01T18:43:48.521+0000] {processor.py:157} INFO - Started process (PID=3400) to work on /opt/airflow/dags/utils/helpers.py
[2025-12-01T18:43:48.522+0000] {processor.py:829} INFO - Processing file /opt/airflow/dags/utils/helpers.py for tasks to queue
[2025-12-01T18:43:48.523+0000] {logging_mixin.py:154} INFO - [2025-12-01T18:43:48.522+0000] {dagbag.py:536} INFO - Filling up the DagBag from /opt/airflow/dags/utils/helpers.py
[2025-12-01T18:43:48.527+0000] {processor.py:841} WARNING - No viable dags retrieved from /opt/airflow/dags/utils/helpers.py
[2025-12-01T18:43:48.563+0000] {processor.py:179} INFO - Processing /opt/airflow/dags/utils/helpers.py took 0.049 seconds
[2025-12-01T18:44:19.335+0000] {processor.py:157} INFO - Started process (PID=3458) to work on /opt/airflow/dags/utils/helpers.py
[2025-12-01T18:44:19.338+0000] {processor.py:829} INFO - Processing file /opt/airflow/dags/utils/helpers.py for tasks to queue
[2025-12-01T18:44:19.338+0000] {logging_mixin.py:154} INFO - [2025-12-01T18:44:19.338+0000] {dagbag.py:536} INFO - Filling up the DagBag from /opt/airflow/dags/utils/helpers.py
[2025-12-01T18:44:19.340+0000] {processor.py:841} WARNING - No viable dags retrieved from /opt/airflow/dags/utils/helpers.py
[2025-12-01T18:44:19.354+0000] {processor.py:179} INFO - Processing /opt/airflow/dags/utils/helpers.py took 0.023 seconds
[2025-12-01T18:44:50.022+0000] {processor.py:157} INFO - Started process (PID=3524) to work on /opt/airflow/dags/utils/helpers.py
[2025-12-01T18:44:50.026+0000] {processor.py:829} INFO - Processing file /opt/airflow/dags/utils/helpers.py for tasks to queue
[2025-12-01T18:44:50.027+0000] {logging_mixin.py:154} INFO - [2025-12-01T18:44:50.027+0000] {dagbag.py:536} INFO - Filling up the DagBag from /opt/airflow/dags/utils/helpers.py
[2025-12-01T18:44:50.029+0000] {processor.py:841} WARNING - No viable dags retrieved from /opt/airflow/dags/utils/helpers.py
[2025-12-01T18:44:50.055+0000] {processor.py:179} INFO - Processing /opt/airflow/dags/utils/helpers.py took 0.048 seconds
[2025-12-01T18:45:20.906+0000] {processor.py:157} INFO - Started process (PID=3568) to work on /opt/airflow/dags/utils/helpers.py
[2025-12-01T18:45:20.909+0000] {processor.py:829} INFO - Processing file /opt/airflow/dags/utils/helpers.py for tasks to queue
[2025-12-01T18:45:20.910+0000] {logging_mixin.py:154} INFO - [2025-12-01T18:45:20.910+0000] {dagbag.py:536} INFO - Filling up the DagBag from /opt/airflow/dags/utils/helpers.py
[2025-12-01T18:45:20.918+0000] {processor.py:841} WARNING - No viable dags retrieved from /opt/airflow/dags/utils/helpers.py
[2025-12-01T18:45:20.935+0000] {processor.py:179} INFO - Processing /opt/airflow/dags/utils/helpers.py took 0.032 seconds
[2025-12-01T18:45:51.851+0000] {processor.py:157} INFO - Started process (PID=3623) to work on /opt/airflow/dags/utils/helpers.py
[2025-12-01T18:45:51.855+0000] {processor.py:829} INFO - Processing file /opt/airflow/dags/utils/helpers.py for tasks to queue
[2025-12-01T18:45:51.856+0000] {logging_mixin.py:154} INFO - [2025-12-01T18:45:51.856+0000] {dagbag.py:536} INFO - Filling up the DagBag from /opt/airflow/dags/utils/helpers.py
[2025-12-01T18:45:51.864+0000] {processor.py:841} WARNING - No viable dags retrieved from /opt/airflow/dags/utils/helpers.py
[2025-12-01T18:45:51.881+0000] {processor.py:179} INFO - Processing /opt/airflow/dags/utils/helpers.py took 0.040 seconds
[2025-12-01T18:46:22.648+0000] {processor.py:157} INFO - Started process (PID=3687) to work on /opt/airflow/dags/utils/helpers.py
[2025-12-01T18:46:22.653+0000] {processor.py:829} INFO - Processing file /opt/airflow/dags/utils/helpers.py for tasks to queue
[2025-12-01T18:46:22.654+0000] {logging_mixin.py:154} INFO - [2025-12-01T18:46:22.653+0000] {dagbag.py:536} INFO - Filling up the DagBag from /opt/airflow/dags/utils/helpers.py
[2025-12-01T18:46:22.656+0000] {processor.py:841} WARNING - No viable dags retrieved from /opt/airflow/dags/utils/helpers.py
[2025-12-01T18:46:22.675+0000] {processor.py:179} INFO - Processing /opt/airflow/dags/utils/helpers.py took 0.030 seconds
[2025-12-01T18:46:52.747+0000] {processor.py:157} INFO - Started process (PID=3745) to work on /opt/airflow/dags/utils/helpers.py
[2025-12-01T18:46:52.749+0000] {processor.py:829} INFO - Processing file /opt/airflow/dags/utils/helpers.py for tasks to queue
[2025-12-01T18:46:52.750+0000] {logging_mixin.py:154} INFO - [2025-12-01T18:46:52.750+0000] {dagbag.py:536} INFO - Filling up the DagBag from /opt/airflow/dags/utils/helpers.py
[2025-12-01T18:46:52.753+0000] {processor.py:841} WARNING - No viable dags retrieved from /opt/airflow/dags/utils/helpers.py
[2025-12-01T18:46:52.772+0000] {processor.py:179} INFO - Processing /opt/airflow/dags/utils/helpers.py took 0.030 seconds
[2025-12-01T18:47:23.128+0000] {processor.py:157} INFO - Started process (PID=3925) to work on /opt/airflow/dags/utils/helpers.py
[2025-12-01T18:47:23.133+0000] {processor.py:829} INFO - Processing file /opt/airflow/dags/utils/helpers.py for tasks to queue
[2025-12-01T18:47:23.134+0000] {logging_mixin.py:154} INFO - [2025-12-01T18:47:23.134+0000] {dagbag.py:536} INFO - Filling up the DagBag from /opt/airflow/dags/utils/helpers.py
[2025-12-01T18:47:23.139+0000] {processor.py:841} WARNING - No viable dags retrieved from /opt/airflow/dags/utils/helpers.py
[2025-12-01T18:47:23.152+0000] {processor.py:179} INFO - Processing /opt/airflow/dags/utils/helpers.py took 0.028 seconds
[2025-12-01T18:47:53.413+0000] {processor.py:157} INFO - Started process (PID=4043) to work on /opt/airflow/dags/utils/helpers.py
[2025-12-01T18:47:53.421+0000] {processor.py:829} INFO - Processing file /opt/airflow/dags/utils/helpers.py for tasks to queue
[2025-12-01T18:47:53.421+0000] {logging_mixin.py:154} INFO - [2025-12-01T18:47:53.421+0000] {dagbag.py:536} INFO - Filling up the DagBag from /opt/airflow/dags/utils/helpers.py
[2025-12-01T18:47:53.423+0000] {processor.py:841} WARNING - No viable dags retrieved from /opt/airflow/dags/utils/helpers.py
[2025-12-01T18:47:53.446+0000] {processor.py:179} INFO - Processing /opt/airflow/dags/utils/helpers.py took 0.037 seconds
[2025-12-01T18:48:24.137+0000] {processor.py:157} INFO - Started process (PID=4100) to work on /opt/airflow/dags/utils/helpers.py
[2025-12-01T18:48:24.139+0000] {processor.py:829} INFO - Processing file /opt/airflow/dags/utils/helpers.py for tasks to queue
[2025-12-01T18:48:24.139+0000] {logging_mixin.py:154} INFO - [2025-12-01T18:48:24.139+0000] {dagbag.py:536} INFO - Filling up the DagBag from /opt/airflow/dags/utils/helpers.py
[2025-12-01T18:48:24.141+0000] {processor.py:841} WARNING - No viable dags retrieved from /opt/airflow/dags/utils/helpers.py
[2025-12-01T18:48:24.156+0000] {processor.py:179} INFO - Processing /opt/airflow/dags/utils/helpers.py took 0.036 seconds
[2025-12-01T18:48:54.831+0000] {processor.py:157} INFO - Started process (PID=4165) to work on /opt/airflow/dags/utils/helpers.py
[2025-12-01T18:48:54.835+0000] {processor.py:829} INFO - Processing file /opt/airflow/dags/utils/helpers.py for tasks to queue
[2025-12-01T18:48:54.835+0000] {logging_mixin.py:154} INFO - [2025-12-01T18:48:54.835+0000] {dagbag.py:536} INFO - Filling up the DagBag from /opt/airflow/dags/utils/helpers.py
[2025-12-01T18:48:54.844+0000] {processor.py:841} WARNING - No viable dags retrieved from /opt/airflow/dags/utils/helpers.py
[2025-12-01T18:48:54.866+0000] {processor.py:179} INFO - Processing /opt/airflow/dags/utils/helpers.py took 0.038 seconds
[2025-12-01T18:49:25.816+0000] {processor.py:157} INFO - Started process (PID=4222) to work on /opt/airflow/dags/utils/helpers.py
[2025-12-01T18:49:25.820+0000] {processor.py:829} INFO - Processing file /opt/airflow/dags/utils/helpers.py for tasks to queue
[2025-12-01T18:49:25.821+0000] {logging_mixin.py:154} INFO - [2025-12-01T18:49:25.821+0000] {dagbag.py:536} INFO - Filling up the DagBag from /opt/airflow/dags/utils/helpers.py
[2025-12-01T18:49:25.824+0000] {processor.py:841} WARNING - No viable dags retrieved from /opt/airflow/dags/utils/helpers.py
[2025-12-01T18:49:25.836+0000] {processor.py:179} INFO - Processing /opt/airflow/dags/utils/helpers.py took 0.024 seconds
[2025-12-01T18:49:55.900+0000] {processor.py:157} INFO - Started process (PID=4287) to work on /opt/airflow/dags/utils/helpers.py
[2025-12-01T18:49:55.904+0000] {processor.py:829} INFO - Processing file /opt/airflow/dags/utils/helpers.py for tasks to queue
[2025-12-01T18:49:55.905+0000] {logging_mixin.py:154} INFO - [2025-12-01T18:49:55.905+0000] {dagbag.py:536} INFO - Filling up the DagBag from /opt/airflow/dags/utils/helpers.py
[2025-12-01T18:49:55.907+0000] {processor.py:841} WARNING - No viable dags retrieved from /opt/airflow/dags/utils/helpers.py
[2025-12-01T18:49:55.925+0000] {processor.py:179} INFO - Processing /opt/airflow/dags/utils/helpers.py took 0.032 seconds
[2025-12-01T18:50:26.430+0000] {processor.py:157} INFO - Started process (PID=4344) to work on /opt/airflow/dags/utils/helpers.py
[2025-12-01T18:50:26.434+0000] {processor.py:829} INFO - Processing file /opt/airflow/dags/utils/helpers.py for tasks to queue
[2025-12-01T18:50:26.435+0000] {logging_mixin.py:154} INFO - [2025-12-01T18:50:26.435+0000] {dagbag.py:536} INFO - Filling up the DagBag from /opt/airflow/dags/utils/helpers.py
[2025-12-01T18:50:26.437+0000] {processor.py:841} WARNING - No viable dags retrieved from /opt/airflow/dags/utils/helpers.py
[2025-12-01T18:50:26.457+0000] {processor.py:179} INFO - Processing /opt/airflow/dags/utils/helpers.py took 0.030 seconds
[2025-12-01T18:50:57.342+0000] {processor.py:157} INFO - Started process (PID=4408) to work on /opt/airflow/dags/utils/helpers.py
[2025-12-01T18:50:57.356+0000] {processor.py:829} INFO - Processing file /opt/airflow/dags/utils/helpers.py for tasks to queue
[2025-12-01T18:50:57.357+0000] {logging_mixin.py:154} INFO - [2025-12-01T18:50:57.356+0000] {dagbag.py:536} INFO - Filling up the DagBag from /opt/airflow/dags/utils/helpers.py
[2025-12-01T18:50:57.368+0000] {processor.py:841} WARNING - No viable dags retrieved from /opt/airflow/dags/utils/helpers.py
[2025-12-01T18:50:57.409+0000] {processor.py:179} INFO - Processing /opt/airflow/dags/utils/helpers.py took 0.080 seconds
[2025-12-01T18:51:27.500+0000] {processor.py:157} INFO - Started process (PID=4470) to work on /opt/airflow/dags/utils/helpers.py
[2025-12-01T18:51:27.501+0000] {processor.py:829} INFO - Processing file /opt/airflow/dags/utils/helpers.py for tasks to queue
[2025-12-01T18:51:27.502+0000] {logging_mixin.py:154} INFO - [2025-12-01T18:51:27.502+0000] {dagbag.py:536} INFO - Filling up the DagBag from /opt/airflow/dags/utils/helpers.py
[2025-12-01T18:51:27.504+0000] {processor.py:841} WARNING - No viable dags retrieved from /opt/airflow/dags/utils/helpers.py
[2025-12-01T18:51:27.520+0000] {processor.py:179} INFO - Processing /opt/airflow/dags/utils/helpers.py took 0.023 seconds
[2025-12-01T18:51:58.234+0000] {processor.py:157} INFO - Started process (PID=4521) to work on /opt/airflow/dags/utils/helpers.py
[2025-12-01T18:51:58.234+0000] {processor.py:829} INFO - Processing file /opt/airflow/dags/utils/helpers.py for tasks to queue
[2025-12-01T18:51:58.235+0000] {logging_mixin.py:154} INFO - [2025-12-01T18:51:58.235+0000] {dagbag.py:536} INFO - Filling up the DagBag from /opt/airflow/dags/utils/helpers.py
[2025-12-01T18:51:58.237+0000] {processor.py:841} WARNING - No viable dags retrieved from /opt/airflow/dags/utils/helpers.py
[2025-12-01T18:51:58.268+0000] {processor.py:179} INFO - Processing /opt/airflow/dags/utils/helpers.py took 0.040 seconds
[2025-12-01T18:52:28.488+0000] {processor.py:157} INFO - Started process (PID=4570) to work on /opt/airflow/dags/utils/helpers.py
[2025-12-01T18:52:28.490+0000] {processor.py:829} INFO - Processing file /opt/airflow/dags/utils/helpers.py for tasks to queue
[2025-12-01T18:52:28.491+0000] {logging_mixin.py:154} INFO - [2025-12-01T18:52:28.491+0000] {dagbag.py:536} INFO - Filling up the DagBag from /opt/airflow/dags/utils/helpers.py
[2025-12-01T18:52:28.493+0000] {processor.py:841} WARNING - No viable dags retrieved from /opt/airflow/dags/utils/helpers.py
[2025-12-01T18:52:28.536+0000] {processor.py:179} INFO - Processing /opt/airflow/dags/utils/helpers.py took 0.055 seconds
[2025-12-01T18:52:59.413+0000] {processor.py:157} INFO - Started process (PID=4628) to work on /opt/airflow/dags/utils/helpers.py
[2025-12-01T18:52:59.417+0000] {processor.py:829} INFO - Processing file /opt/airflow/dags/utils/helpers.py for tasks to queue
[2025-12-01T18:52:59.422+0000] {logging_mixin.py:154} INFO - [2025-12-01T18:52:59.422+0000] {dagbag.py:536} INFO - Filling up the DagBag from /opt/airflow/dags/utils/helpers.py
[2025-12-01T18:52:59.436+0000] {processor.py:841} WARNING - No viable dags retrieved from /opt/airflow/dags/utils/helpers.py
[2025-12-01T18:52:59.457+0000] {processor.py:179} INFO - Processing /opt/airflow/dags/utils/helpers.py took 0.048 seconds
[2025-12-01T18:53:29.652+0000] {processor.py:157} INFO - Started process (PID=4693) to work on /opt/airflow/dags/utils/helpers.py
[2025-12-01T18:53:29.654+0000] {processor.py:829} INFO - Processing file /opt/airflow/dags/utils/helpers.py for tasks to queue
[2025-12-01T18:53:29.655+0000] {logging_mixin.py:154} INFO - [2025-12-01T18:53:29.654+0000] {dagbag.py:536} INFO - Filling up the DagBag from /opt/airflow/dags/utils/helpers.py
[2025-12-01T18:53:29.657+0000] {processor.py:841} WARNING - No viable dags retrieved from /opt/airflow/dags/utils/helpers.py
[2025-12-01T18:53:29.676+0000] {processor.py:179} INFO - Processing /opt/airflow/dags/utils/helpers.py took 0.029 seconds
[2025-12-01T18:54:00.581+0000] {processor.py:157} INFO - Started process (PID=4750) to work on /opt/airflow/dags/utils/helpers.py
[2025-12-01T18:54:00.582+0000] {processor.py:829} INFO - Processing file /opt/airflow/dags/utils/helpers.py for tasks to queue
[2025-12-01T18:54:00.583+0000] {logging_mixin.py:154} INFO - [2025-12-01T18:54:00.583+0000] {dagbag.py:536} INFO - Filling up the DagBag from /opt/airflow/dags/utils/helpers.py
[2025-12-01T18:54:00.585+0000] {processor.py:841} WARNING - No viable dags retrieved from /opt/airflow/dags/utils/helpers.py
[2025-12-01T18:54:00.629+0000] {processor.py:179} INFO - Processing /opt/airflow/dags/utils/helpers.py took 0.052 seconds
[2025-12-01T18:54:30.871+0000] {processor.py:157} INFO - Started process (PID=4808) to work on /opt/airflow/dags/utils/helpers.py
[2025-12-01T18:54:30.874+0000] {processor.py:829} INFO - Processing file /opt/airflow/dags/utils/helpers.py for tasks to queue
[2025-12-01T18:54:30.875+0000] {logging_mixin.py:154} INFO - [2025-12-01T18:54:30.875+0000] {dagbag.py:536} INFO - Filling up the DagBag from /opt/airflow/dags/utils/helpers.py
[2025-12-01T18:54:30.877+0000] {processor.py:841} WARNING - No viable dags retrieved from /opt/airflow/dags/utils/helpers.py
[2025-12-01T18:54:30.898+0000] {processor.py:179} INFO - Processing /opt/airflow/dags/utils/helpers.py took 0.034 seconds
[2025-12-01T18:55:01.687+0000] {processor.py:157} INFO - Started process (PID=4872) to work on /opt/airflow/dags/utils/helpers.py
[2025-12-01T18:55:01.688+0000] {processor.py:829} INFO - Processing file /opt/airflow/dags/utils/helpers.py for tasks to queue
[2025-12-01T18:55:01.691+0000] {logging_mixin.py:154} INFO - [2025-12-01T18:55:01.691+0000] {dagbag.py:536} INFO - Filling up the DagBag from /opt/airflow/dags/utils/helpers.py
[2025-12-01T18:55:01.701+0000] {processor.py:841} WARNING - No viable dags retrieved from /opt/airflow/dags/utils/helpers.py
[2025-12-01T18:55:01.721+0000] {processor.py:179} INFO - Processing /opt/airflow/dags/utils/helpers.py took 0.037 seconds
[2025-12-01T18:55:32.574+0000] {processor.py:157} INFO - Started process (PID=4929) to work on /opt/airflow/dags/utils/helpers.py
[2025-12-01T18:55:32.575+0000] {processor.py:829} INFO - Processing file /opt/airflow/dags/utils/helpers.py for tasks to queue
[2025-12-01T18:55:32.576+0000] {logging_mixin.py:154} INFO - [2025-12-01T18:55:32.576+0000] {dagbag.py:536} INFO - Filling up the DagBag from /opt/airflow/dags/utils/helpers.py
[2025-12-01T18:55:32.581+0000] {processor.py:841} WARNING - No viable dags retrieved from /opt/airflow/dags/utils/helpers.py
[2025-12-01T18:55:32.612+0000] {processor.py:179} INFO - Processing /opt/airflow/dags/utils/helpers.py took 0.057 seconds
[2025-12-01T18:56:03.465+0000] {processor.py:157} INFO - Started process (PID=4993) to work on /opt/airflow/dags/utils/helpers.py
[2025-12-01T18:56:03.466+0000] {processor.py:829} INFO - Processing file /opt/airflow/dags/utils/helpers.py for tasks to queue
[2025-12-01T18:56:03.478+0000] {logging_mixin.py:154} INFO - [2025-12-01T18:56:03.478+0000] {dagbag.py:536} INFO - Filling up the DagBag from /opt/airflow/dags/utils/helpers.py
[2025-12-01T18:56:03.482+0000] {processor.py:841} WARNING - No viable dags retrieved from /opt/airflow/dags/utils/helpers.py
[2025-12-01T18:56:03.503+0000] {processor.py:179} INFO - Processing /opt/airflow/dags/utils/helpers.py took 0.041 seconds
[2025-12-01T18:56:34.383+0000] {processor.py:157} INFO - Started process (PID=5051) to work on /opt/airflow/dags/utils/helpers.py
[2025-12-01T18:56:34.387+0000] {processor.py:829} INFO - Processing file /opt/airflow/dags/utils/helpers.py for tasks to queue
[2025-12-01T18:56:34.387+0000] {logging_mixin.py:154} INFO - [2025-12-01T18:56:34.387+0000] {dagbag.py:536} INFO - Filling up the DagBag from /opt/airflow/dags/utils/helpers.py
[2025-12-01T18:56:34.389+0000] {processor.py:841} WARNING - No viable dags retrieved from /opt/airflow/dags/utils/helpers.py
[2025-12-01T18:56:34.405+0000] {processor.py:179} INFO - Processing /opt/airflow/dags/utils/helpers.py took 0.025 seconds
[2025-12-01T18:57:05.364+0000] {processor.py:157} INFO - Started process (PID=5117) to work on /opt/airflow/dags/utils/helpers.py
[2025-12-01T18:57:05.371+0000] {processor.py:829} INFO - Processing file /opt/airflow/dags/utils/helpers.py for tasks to queue
[2025-12-01T18:57:05.371+0000] {logging_mixin.py:154} INFO - [2025-12-01T18:57:05.371+0000] {dagbag.py:536} INFO - Filling up the DagBag from /opt/airflow/dags/utils/helpers.py
[2025-12-01T18:57:05.373+0000] {processor.py:841} WARNING - No viable dags retrieved from /opt/airflow/dags/utils/helpers.py
[2025-12-01T18:57:05.395+0000] {processor.py:179} INFO - Processing /opt/airflow/dags/utils/helpers.py took 0.040 seconds
[2025-12-01T18:57:36.252+0000] {processor.py:157} INFO - Started process (PID=5175) to work on /opt/airflow/dags/utils/helpers.py
[2025-12-01T18:57:36.256+0000] {processor.py:829} INFO - Processing file /opt/airflow/dags/utils/helpers.py for tasks to queue
[2025-12-01T18:57:36.257+0000] {logging_mixin.py:154} INFO - [2025-12-01T18:57:36.257+0000] {dagbag.py:536} INFO - Filling up the DagBag from /opt/airflow/dags/utils/helpers.py
[2025-12-01T18:57:36.270+0000] {processor.py:841} WARNING - No viable dags retrieved from /opt/airflow/dags/utils/helpers.py
[2025-12-01T18:57:36.284+0000] {processor.py:179} INFO - Processing /opt/airflow/dags/utils/helpers.py took 0.036 seconds
[2025-12-01T18:58:07.020+0000] {processor.py:157} INFO - Started process (PID=5233) to work on /opt/airflow/dags/utils/helpers.py
[2025-12-01T18:58:07.021+0000] {processor.py:829} INFO - Processing file /opt/airflow/dags/utils/helpers.py for tasks to queue
[2025-12-01T18:58:07.022+0000] {logging_mixin.py:154} INFO - [2025-12-01T18:58:07.022+0000] {dagbag.py:536} INFO - Filling up the DagBag from /opt/airflow/dags/utils/helpers.py
[2025-12-01T18:58:07.032+0000] {processor.py:841} WARNING - No viable dags retrieved from /opt/airflow/dags/utils/helpers.py
[2025-12-01T18:58:07.064+0000] {processor.py:179} INFO - Processing /opt/airflow/dags/utils/helpers.py took 0.055 seconds
[2025-12-01T18:58:37.594+0000] {processor.py:157} INFO - Started process (PID=5299) to work on /opt/airflow/dags/utils/helpers.py
[2025-12-01T18:58:37.596+0000] {processor.py:829} INFO - Processing file /opt/airflow/dags/utils/helpers.py for tasks to queue
[2025-12-01T18:58:37.598+0000] {logging_mixin.py:154} INFO - [2025-12-01T18:58:37.597+0000] {dagbag.py:536} INFO - Filling up the DagBag from /opt/airflow/dags/utils/helpers.py
[2025-12-01T18:58:37.602+0000] {processor.py:841} WARNING - No viable dags retrieved from /opt/airflow/dags/utils/helpers.py
[2025-12-01T18:58:37.668+0000] {processor.py:179} INFO - Processing /opt/airflow/dags/utils/helpers.py took 0.080 seconds
[2025-12-01T18:59:08.635+0000] {processor.py:157} INFO - Started process (PID=5355) to work on /opt/airflow/dags/utils/helpers.py
[2025-12-01T18:59:08.642+0000] {processor.py:829} INFO - Processing file /opt/airflow/dags/utils/helpers.py for tasks to queue
[2025-12-01T18:59:08.651+0000] {logging_mixin.py:154} INFO - [2025-12-01T18:59:08.651+0000] {dagbag.py:536} INFO - Filling up the DagBag from /opt/airflow/dags/utils/helpers.py
[2025-12-01T18:59:08.653+0000] {processor.py:841} WARNING - No viable dags retrieved from /opt/airflow/dags/utils/helpers.py
[2025-12-01T18:59:08.671+0000] {processor.py:179} INFO - Processing /opt/airflow/dags/utils/helpers.py took 0.049 seconds
[2025-12-01T18:59:38.960+0000] {processor.py:157} INFO - Started process (PID=5404) to work on /opt/airflow/dags/utils/helpers.py
[2025-12-01T18:59:38.966+0000] {processor.py:829} INFO - Processing file /opt/airflow/dags/utils/helpers.py for tasks to queue
[2025-12-01T18:59:38.967+0000] {logging_mixin.py:154} INFO - [2025-12-01T18:59:38.967+0000] {dagbag.py:536} INFO - Filling up the DagBag from /opt/airflow/dags/utils/helpers.py
[2025-12-01T18:59:38.975+0000] {processor.py:841} WARNING - No viable dags retrieved from /opt/airflow/dags/utils/helpers.py
[2025-12-01T18:59:39.002+0000] {processor.py:179} INFO - Processing /opt/airflow/dags/utils/helpers.py took 0.050 seconds
[2025-12-01T19:00:09.411+0000] {processor.py:157} INFO - Started process (PID=5459) to work on /opt/airflow/dags/utils/helpers.py
[2025-12-01T19:00:09.434+0000] {processor.py:829} INFO - Processing file /opt/airflow/dags/utils/helpers.py for tasks to queue
[2025-12-01T19:00:09.435+0000] {logging_mixin.py:154} INFO - [2025-12-01T19:00:09.435+0000] {dagbag.py:536} INFO - Filling up the DagBag from /opt/airflow/dags/utils/helpers.py
[2025-12-01T19:00:09.438+0000] {processor.py:841} WARNING - No viable dags retrieved from /opt/airflow/dags/utils/helpers.py
[2025-12-01T19:00:09.478+0000] {processor.py:179} INFO - Processing /opt/airflow/dags/utils/helpers.py took 0.083 seconds
[2025-12-01T19:00:40.416+0000] {processor.py:157} INFO - Started process (PID=5519) to work on /opt/airflow/dags/utils/helpers.py
[2025-12-01T19:00:40.420+0000] {processor.py:829} INFO - Processing file /opt/airflow/dags/utils/helpers.py for tasks to queue
[2025-12-01T19:00:40.421+0000] {logging_mixin.py:154} INFO - [2025-12-01T19:00:40.421+0000] {dagbag.py:536} INFO - Filling up the DagBag from /opt/airflow/dags/utils/helpers.py
[2025-12-01T19:00:40.429+0000] {processor.py:841} WARNING - No viable dags retrieved from /opt/airflow/dags/utils/helpers.py
[2025-12-01T19:00:40.452+0000] {processor.py:179} INFO - Processing /opt/airflow/dags/utils/helpers.py took 0.044 seconds
[2025-12-01T19:01:11.378+0000] {processor.py:157} INFO - Started process (PID=5584) to work on /opt/airflow/dags/utils/helpers.py
[2025-12-01T19:01:11.379+0000] {processor.py:829} INFO - Processing file /opt/airflow/dags/utils/helpers.py for tasks to queue
[2025-12-01T19:01:11.380+0000] {logging_mixin.py:154} INFO - [2025-12-01T19:01:11.379+0000] {dagbag.py:536} INFO - Filling up the DagBag from /opt/airflow/dags/utils/helpers.py
[2025-12-01T19:01:11.382+0000] {processor.py:841} WARNING - No viable dags retrieved from /opt/airflow/dags/utils/helpers.py
[2025-12-01T19:01:11.408+0000] {processor.py:179} INFO - Processing /opt/airflow/dags/utils/helpers.py took 0.037 seconds
[2025-12-01T19:01:41.891+0000] {processor.py:157} INFO - Started process (PID=5634) to work on /opt/airflow/dags/utils/helpers.py
[2025-12-01T19:01:41.904+0000] {processor.py:829} INFO - Processing file /opt/airflow/dags/utils/helpers.py for tasks to queue
[2025-12-01T19:01:41.906+0000] {logging_mixin.py:154} INFO - [2025-12-01T19:01:41.906+0000] {dagbag.py:536} INFO - Filling up the DagBag from /opt/airflow/dags/utils/helpers.py
[2025-12-01T19:01:41.938+0000] {processor.py:841} WARNING - No viable dags retrieved from /opt/airflow/dags/utils/helpers.py
[2025-12-01T19:01:41.974+0000] {processor.py:179} INFO - Processing /opt/airflow/dags/utils/helpers.py took 0.088 seconds
[2025-12-01T19:02:12.134+0000] {processor.py:157} INFO - Started process (PID=5690) to work on /opt/airflow/dags/utils/helpers.py
[2025-12-01T19:02:12.134+0000] {processor.py:829} INFO - Processing file /opt/airflow/dags/utils/helpers.py for tasks to queue
[2025-12-01T19:02:12.135+0000] {logging_mixin.py:154} INFO - [2025-12-01T19:02:12.135+0000] {dagbag.py:536} INFO - Filling up the DagBag from /opt/airflow/dags/utils/helpers.py
[2025-12-01T19:02:12.148+0000] {processor.py:841} WARNING - No viable dags retrieved from /opt/airflow/dags/utils/helpers.py
[2025-12-01T19:02:12.178+0000] {processor.py:179} INFO - Processing /opt/airflow/dags/utils/helpers.py took 0.064 seconds
[2025-12-01T19:02:42.272+0000] {processor.py:157} INFO - Started process (PID=5748) to work on /opt/airflow/dags/utils/helpers.py
[2025-12-01T19:02:42.274+0000] {processor.py:829} INFO - Processing file /opt/airflow/dags/utils/helpers.py for tasks to queue
[2025-12-01T19:02:42.274+0000] {logging_mixin.py:154} INFO - [2025-12-01T19:02:42.274+0000] {dagbag.py:536} INFO - Filling up the DagBag from /opt/airflow/dags/utils/helpers.py
[2025-12-01T19:02:42.290+0000] {processor.py:841} WARNING - No viable dags retrieved from /opt/airflow/dags/utils/helpers.py
[2025-12-01T19:02:42.327+0000] {processor.py:179} INFO - Processing /opt/airflow/dags/utils/helpers.py took 0.063 seconds
[2025-12-01T19:03:12.517+0000] {processor.py:157} INFO - Started process (PID=5812) to work on /opt/airflow/dags/utils/helpers.py
[2025-12-01T19:03:12.518+0000] {processor.py:829} INFO - Processing file /opt/airflow/dags/utils/helpers.py for tasks to queue
[2025-12-01T19:03:12.519+0000] {logging_mixin.py:154} INFO - [2025-12-01T19:03:12.518+0000] {dagbag.py:536} INFO - Filling up the DagBag from /opt/airflow/dags/utils/helpers.py
[2025-12-01T19:03:12.521+0000] {processor.py:841} WARNING - No viable dags retrieved from /opt/airflow/dags/utils/helpers.py
[2025-12-01T19:03:12.562+0000] {processor.py:179} INFO - Processing /opt/airflow/dags/utils/helpers.py took 0.050 seconds
[2025-12-01T19:03:42.826+0000] {processor.py:157} INFO - Started process (PID=5870) to work on /opt/airflow/dags/utils/helpers.py
[2025-12-01T19:03:42.828+0000] {processor.py:829} INFO - Processing file /opt/airflow/dags/utils/helpers.py for tasks to queue
[2025-12-01T19:03:42.828+0000] {logging_mixin.py:154} INFO - [2025-12-01T19:03:42.828+0000] {dagbag.py:536} INFO - Filling up the DagBag from /opt/airflow/dags/utils/helpers.py
[2025-12-01T19:03:42.831+0000] {processor.py:841} WARNING - No viable dags retrieved from /opt/airflow/dags/utils/helpers.py
[2025-12-01T19:03:42.843+0000] {processor.py:179} INFO - Processing /opt/airflow/dags/utils/helpers.py took 0.021 seconds
[2025-12-01T19:04:13.031+0000] {processor.py:157} INFO - Started process (PID=5928) to work on /opt/airflow/dags/utils/helpers.py
[2025-12-01T19:04:13.033+0000] {processor.py:829} INFO - Processing file /opt/airflow/dags/utils/helpers.py for tasks to queue
[2025-12-01T19:04:13.034+0000] {logging_mixin.py:154} INFO - [2025-12-01T19:04:13.034+0000] {dagbag.py:536} INFO - Filling up the DagBag from /opt/airflow/dags/utils/helpers.py
[2025-12-01T19:04:13.036+0000] {processor.py:841} WARNING - No viable dags retrieved from /opt/airflow/dags/utils/helpers.py
[2025-12-01T19:04:13.059+0000] {processor.py:179} INFO - Processing /opt/airflow/dags/utils/helpers.py took 0.035 seconds
[2025-12-01T19:04:43.236+0000] {processor.py:157} INFO - Started process (PID=5992) to work on /opt/airflow/dags/utils/helpers.py
[2025-12-01T19:04:43.241+0000] {processor.py:829} INFO - Processing file /opt/airflow/dags/utils/helpers.py for tasks to queue
[2025-12-01T19:04:43.242+0000] {logging_mixin.py:154} INFO - [2025-12-01T19:04:43.242+0000] {dagbag.py:536} INFO - Filling up the DagBag from /opt/airflow/dags/utils/helpers.py
[2025-12-01T19:04:43.248+0000] {processor.py:841} WARNING - No viable dags retrieved from /opt/airflow/dags/utils/helpers.py
[2025-12-01T19:04:43.268+0000] {processor.py:179} INFO - Processing /opt/airflow/dags/utils/helpers.py took 0.054 seconds
[2025-12-01T19:05:13.402+0000] {processor.py:157} INFO - Started process (PID=6047) to work on /opt/airflow/dags/utils/helpers.py
[2025-12-01T19:05:13.403+0000] {processor.py:829} INFO - Processing file /opt/airflow/dags/utils/helpers.py for tasks to queue
[2025-12-01T19:05:13.405+0000] {logging_mixin.py:154} INFO - [2025-12-01T19:05:13.404+0000] {dagbag.py:536} INFO - Filling up the DagBag from /opt/airflow/dags/utils/helpers.py
[2025-12-01T19:05:13.407+0000] {processor.py:841} WARNING - No viable dags retrieved from /opt/airflow/dags/utils/helpers.py
[2025-12-01T19:05:13.440+0000] {processor.py:179} INFO - Processing /opt/airflow/dags/utils/helpers.py took 0.046 seconds
[2025-12-01T19:05:44.461+0000] {processor.py:157} INFO - Started process (PID=6090) to work on /opt/airflow/dags/utils/helpers.py
[2025-12-01T19:05:44.463+0000] {processor.py:829} INFO - Processing file /opt/airflow/dags/utils/helpers.py for tasks to queue
[2025-12-01T19:05:44.463+0000] {logging_mixin.py:154} INFO - [2025-12-01T19:05:44.463+0000] {dagbag.py:536} INFO - Filling up the DagBag from /opt/airflow/dags/utils/helpers.py
[2025-12-01T19:05:44.465+0000] {processor.py:841} WARNING - No viable dags retrieved from /opt/airflow/dags/utils/helpers.py
[2025-12-01T19:05:44.490+0000] {processor.py:179} INFO - Processing /opt/airflow/dags/utils/helpers.py took 0.041 seconds
[2025-12-01T19:06:15.343+0000] {processor.py:157} INFO - Started process (PID=6155) to work on /opt/airflow/dags/utils/helpers.py
[2025-12-01T19:06:15.345+0000] {processor.py:829} INFO - Processing file /opt/airflow/dags/utils/helpers.py for tasks to queue
[2025-12-01T19:06:15.345+0000] {logging_mixin.py:154} INFO - [2025-12-01T19:06:15.345+0000] {dagbag.py:536} INFO - Filling up the DagBag from /opt/airflow/dags/utils/helpers.py
[2025-12-01T19:06:15.347+0000] {processor.py:841} WARNING - No viable dags retrieved from /opt/airflow/dags/utils/helpers.py
[2025-12-01T19:06:15.363+0000] {processor.py:179} INFO - Processing /opt/airflow/dags/utils/helpers.py took 0.023 seconds
[2025-12-01T19:06:45.458+0000] {processor.py:157} INFO - Started process (PID=6213) to work on /opt/airflow/dags/utils/helpers.py
[2025-12-01T19:06:45.459+0000] {processor.py:829} INFO - Processing file /opt/airflow/dags/utils/helpers.py for tasks to queue
[2025-12-01T19:06:45.460+0000] {logging_mixin.py:154} INFO - [2025-12-01T19:06:45.460+0000] {dagbag.py:536} INFO - Filling up the DagBag from /opt/airflow/dags/utils/helpers.py
[2025-12-01T19:06:45.472+0000] {processor.py:841} WARNING - No viable dags retrieved from /opt/airflow/dags/utils/helpers.py
[2025-12-01T19:06:45.486+0000] {processor.py:179} INFO - Processing /opt/airflow/dags/utils/helpers.py took 0.052 seconds
[2025-12-01T19:07:15.761+0000] {processor.py:157} INFO - Started process (PID=6270) to work on /opt/airflow/dags/utils/helpers.py
[2025-12-01T19:07:15.765+0000] {processor.py:829} INFO - Processing file /opt/airflow/dags/utils/helpers.py for tasks to queue
[2025-12-01T19:07:15.766+0000] {logging_mixin.py:154} INFO - [2025-12-01T19:07:15.766+0000] {dagbag.py:536} INFO - Filling up the DagBag from /opt/airflow/dags/utils/helpers.py
[2025-12-01T19:07:15.771+0000] {processor.py:841} WARNING - No viable dags retrieved from /opt/airflow/dags/utils/helpers.py
[2025-12-01T19:07:15.785+0000] {processor.py:179} INFO - Processing /opt/airflow/dags/utils/helpers.py took 0.028 seconds
[2025-12-01T19:07:46.076+0000] {processor.py:157} INFO - Started process (PID=6335) to work on /opt/airflow/dags/utils/helpers.py
[2025-12-01T19:07:46.076+0000] {processor.py:829} INFO - Processing file /opt/airflow/dags/utils/helpers.py for tasks to queue
[2025-12-01T19:07:46.077+0000] {logging_mixin.py:154} INFO - [2025-12-01T19:07:46.077+0000] {dagbag.py:536} INFO - Filling up the DagBag from /opt/airflow/dags/utils/helpers.py
[2025-12-01T19:07:46.087+0000] {processor.py:841} WARNING - No viable dags retrieved from /opt/airflow/dags/utils/helpers.py
[2025-12-01T19:07:46.106+0000] {processor.py:179} INFO - Processing /opt/airflow/dags/utils/helpers.py took 0.034 seconds
[2025-12-01T19:08:16.376+0000] {processor.py:157} INFO - Started process (PID=6393) to work on /opt/airflow/dags/utils/helpers.py
[2025-12-01T19:08:16.380+0000] {processor.py:829} INFO - Processing file /opt/airflow/dags/utils/helpers.py for tasks to queue
[2025-12-01T19:08:16.381+0000] {logging_mixin.py:154} INFO - [2025-12-01T19:08:16.381+0000] {dagbag.py:536} INFO - Filling up the DagBag from /opt/airflow/dags/utils/helpers.py
[2025-12-01T19:08:16.383+0000] {processor.py:841} WARNING - No viable dags retrieved from /opt/airflow/dags/utils/helpers.py
[2025-12-01T19:08:16.404+0000] {processor.py:179} INFO - Processing /opt/airflow/dags/utils/helpers.py took 0.032 seconds
[2025-12-01T19:08:46.686+0000] {processor.py:157} INFO - Started process (PID=6459) to work on /opt/airflow/dags/utils/helpers.py
[2025-12-01T19:08:46.690+0000] {processor.py:829} INFO - Processing file /opt/airflow/dags/utils/helpers.py for tasks to queue
[2025-12-01T19:08:46.691+0000] {logging_mixin.py:154} INFO - [2025-12-01T19:08:46.691+0000] {dagbag.py:536} INFO - Filling up the DagBag from /opt/airflow/dags/utils/helpers.py
[2025-12-01T19:08:46.693+0000] {processor.py:841} WARNING - No viable dags retrieved from /opt/airflow/dags/utils/helpers.py
[2025-12-01T19:08:46.707+0000] {processor.py:179} INFO - Processing /opt/airflow/dags/utils/helpers.py took 0.024 seconds
[2025-12-01T19:09:17.407+0000] {processor.py:157} INFO - Started process (PID=6517) to work on /opt/airflow/dags/utils/helpers.py
[2025-12-01T19:09:17.419+0000] {processor.py:829} INFO - Processing file /opt/airflow/dags/utils/helpers.py for tasks to queue
[2025-12-01T19:09:17.420+0000] {logging_mixin.py:154} INFO - [2025-12-01T19:09:17.420+0000] {dagbag.py:536} INFO - Filling up the DagBag from /opt/airflow/dags/utils/helpers.py
[2025-12-01T19:09:17.422+0000] {processor.py:841} WARNING - No viable dags retrieved from /opt/airflow/dags/utils/helpers.py
[2025-12-01T19:09:17.451+0000] {processor.py:179} INFO - Processing /opt/airflow/dags/utils/helpers.py took 0.050 seconds
[2025-12-01T19:09:47.578+0000] {processor.py:157} INFO - Started process (PID=6576) to work on /opt/airflow/dags/utils/helpers.py
[2025-12-01T19:09:47.579+0000] {processor.py:829} INFO - Processing file /opt/airflow/dags/utils/helpers.py for tasks to queue
[2025-12-01T19:09:47.580+0000] {logging_mixin.py:154} INFO - [2025-12-01T19:09:47.579+0000] {dagbag.py:536} INFO - Filling up the DagBag from /opt/airflow/dags/utils/helpers.py
[2025-12-01T19:09:47.588+0000] {processor.py:841} WARNING - No viable dags retrieved from /opt/airflow/dags/utils/helpers.py
[2025-12-01T19:09:47.609+0000] {processor.py:179} INFO - Processing /opt/airflow/dags/utils/helpers.py took 0.041 seconds
[2025-12-01T19:10:17.691+0000] {processor.py:157} INFO - Started process (PID=6641) to work on /opt/airflow/dags/utils/helpers.py
[2025-12-01T19:10:17.707+0000] {processor.py:829} INFO - Processing file /opt/airflow/dags/utils/helpers.py for tasks to queue
[2025-12-01T19:10:17.708+0000] {logging_mixin.py:154} INFO - [2025-12-01T19:10:17.708+0000] {dagbag.py:536} INFO - Filling up the DagBag from /opt/airflow/dags/utils/helpers.py
[2025-12-01T19:10:17.716+0000] {processor.py:841} WARNING - No viable dags retrieved from /opt/airflow/dags/utils/helpers.py
[2025-12-01T19:10:17.743+0000] {processor.py:179} INFO - Processing /opt/airflow/dags/utils/helpers.py took 0.059 seconds
[2025-12-01T19:10:48.054+0000] {processor.py:157} INFO - Started process (PID=6698) to work on /opt/airflow/dags/utils/helpers.py
[2025-12-01T19:10:48.055+0000] {processor.py:829} INFO - Processing file /opt/airflow/dags/utils/helpers.py for tasks to queue
[2025-12-01T19:10:48.056+0000] {logging_mixin.py:154} INFO - [2025-12-01T19:10:48.055+0000] {dagbag.py:536} INFO - Filling up the DagBag from /opt/airflow/dags/utils/helpers.py
[2025-12-01T19:10:48.057+0000] {processor.py:841} WARNING - No viable dags retrieved from /opt/airflow/dags/utils/helpers.py
[2025-12-01T19:10:48.079+0000] {processor.py:179} INFO - Processing /opt/airflow/dags/utils/helpers.py took 0.040 seconds
[2025-12-01T19:11:18.909+0000] {processor.py:157} INFO - Started process (PID=6755) to work on /opt/airflow/dags/utils/helpers.py
[2025-12-01T19:11:18.912+0000] {processor.py:829} INFO - Processing file /opt/airflow/dags/utils/helpers.py for tasks to queue
[2025-12-01T19:11:18.913+0000] {logging_mixin.py:154} INFO - [2025-12-01T19:11:18.913+0000] {dagbag.py:536} INFO - Filling up the DagBag from /opt/airflow/dags/utils/helpers.py
[2025-12-01T19:11:18.915+0000] {processor.py:841} WARNING - No viable dags retrieved from /opt/airflow/dags/utils/helpers.py
[2025-12-01T19:11:18.928+0000] {processor.py:179} INFO - Processing /opt/airflow/dags/utils/helpers.py took 0.022 seconds
[2025-12-01T19:11:49.152+0000] {processor.py:157} INFO - Started process (PID=6806) to work on /opt/airflow/dags/utils/helpers.py
[2025-12-01T19:11:49.153+0000] {processor.py:829} INFO - Processing file /opt/airflow/dags/utils/helpers.py for tasks to queue
[2025-12-01T19:11:49.173+0000] {logging_mixin.py:154} INFO - [2025-12-01T19:11:49.173+0000] {dagbag.py:536} INFO - Filling up the DagBag from /opt/airflow/dags/utils/helpers.py
[2025-12-01T19:11:49.175+0000] {processor.py:841} WARNING - No viable dags retrieved from /opt/airflow/dags/utils/helpers.py
[2025-12-01T19:11:49.206+0000] {processor.py:179} INFO - Processing /opt/airflow/dags/utils/helpers.py took 0.057 seconds
[2025-12-01T19:12:19.275+0000] {processor.py:157} INFO - Started process (PID=6865) to work on /opt/airflow/dags/utils/helpers.py
[2025-12-01T19:12:19.278+0000] {processor.py:829} INFO - Processing file /opt/airflow/dags/utils/helpers.py for tasks to queue
[2025-12-01T19:12:19.278+0000] {logging_mixin.py:154} INFO - [2025-12-01T19:12:19.278+0000] {dagbag.py:536} INFO - Filling up the DagBag from /opt/airflow/dags/utils/helpers.py
[2025-12-01T19:12:19.280+0000] {processor.py:841} WARNING - No viable dags retrieved from /opt/airflow/dags/utils/helpers.py
[2025-12-01T19:12:19.298+0000] {processor.py:179} INFO - Processing /opt/airflow/dags/utils/helpers.py took 0.027 seconds
[2025-12-01T19:12:49.483+0000] {processor.py:157} INFO - Started process (PID=6924) to work on /opt/airflow/dags/utils/helpers.py
[2025-12-01T19:12:49.486+0000] {processor.py:829} INFO - Processing file /opt/airflow/dags/utils/helpers.py for tasks to queue
[2025-12-01T19:12:49.487+0000] {logging_mixin.py:154} INFO - [2025-12-01T19:12:49.486+0000] {dagbag.py:536} INFO - Filling up the DagBag from /opt/airflow/dags/utils/helpers.py
[2025-12-01T19:12:49.489+0000] {processor.py:841} WARNING - No viable dags retrieved from /opt/airflow/dags/utils/helpers.py
[2025-12-01T19:12:49.521+0000] {processor.py:179} INFO - Processing /opt/airflow/dags/utils/helpers.py took 0.042 seconds
[2025-12-01T19:13:20.454+0000] {processor.py:157} INFO - Started process (PID=6989) to work on /opt/airflow/dags/utils/helpers.py
[2025-12-01T19:13:20.470+0000] {processor.py:829} INFO - Processing file /opt/airflow/dags/utils/helpers.py for tasks to queue
[2025-12-01T19:13:20.471+0000] {logging_mixin.py:154} INFO - [2025-12-01T19:13:20.470+0000] {dagbag.py:536} INFO - Filling up the DagBag from /opt/airflow/dags/utils/helpers.py
[2025-12-01T19:13:20.478+0000] {processor.py:841} WARNING - No viable dags retrieved from /opt/airflow/dags/utils/helpers.py
[2025-12-01T19:13:20.502+0000] {processor.py:179} INFO - Processing /opt/airflow/dags/utils/helpers.py took 0.058 seconds
[2025-12-01T19:13:51.465+0000] {processor.py:157} INFO - Started process (PID=7047) to work on /opt/airflow/dags/utils/helpers.py
[2025-12-01T19:13:51.467+0000] {processor.py:829} INFO - Processing file /opt/airflow/dags/utils/helpers.py for tasks to queue
[2025-12-01T19:13:51.468+0000] {logging_mixin.py:154} INFO - [2025-12-01T19:13:51.468+0000] {dagbag.py:536} INFO - Filling up the DagBag from /opt/airflow/dags/utils/helpers.py
[2025-12-01T19:13:51.470+0000] {processor.py:841} WARNING - No viable dags retrieved from /opt/airflow/dags/utils/helpers.py
[2025-12-01T19:13:51.491+0000] {processor.py:179} INFO - Processing /opt/airflow/dags/utils/helpers.py took 0.033 seconds
[2025-12-01T19:14:22.348+0000] {processor.py:157} INFO - Started process (PID=7113) to work on /opt/airflow/dags/utils/helpers.py
[2025-12-01T19:14:22.355+0000] {processor.py:829} INFO - Processing file /opt/airflow/dags/utils/helpers.py for tasks to queue
[2025-12-01T19:14:22.356+0000] {logging_mixin.py:154} INFO - [2025-12-01T19:14:22.356+0000] {dagbag.py:536} INFO - Filling up the DagBag from /opt/airflow/dags/utils/helpers.py
[2025-12-01T19:14:22.359+0000] {processor.py:841} WARNING - No viable dags retrieved from /opt/airflow/dags/utils/helpers.py
[2025-12-01T19:14:22.393+0000] {processor.py:179} INFO - Processing /opt/airflow/dags/utils/helpers.py took 0.049 seconds
[2025-12-01T19:14:53.666+0000] {processor.py:157} INFO - Started process (PID=7171) to work on /opt/airflow/dags/utils/helpers.py
[2025-12-01T19:14:53.667+0000] {processor.py:829} INFO - Processing file /opt/airflow/dags/utils/helpers.py for tasks to queue
[2025-12-01T19:14:53.672+0000] {logging_mixin.py:154} INFO - [2025-12-01T19:14:53.672+0000] {dagbag.py:536} INFO - Filling up the DagBag from /opt/airflow/dags/utils/helpers.py
[2025-12-01T19:14:53.674+0000] {processor.py:841} WARNING - No viable dags retrieved from /opt/airflow/dags/utils/helpers.py
[2025-12-01T19:14:53.694+0000] {processor.py:179} INFO - Processing /opt/airflow/dags/utils/helpers.py took 0.035 seconds
[2025-12-01T19:15:24.567+0000] {processor.py:157} INFO - Started process (PID=7235) to work on /opt/airflow/dags/utils/helpers.py
[2025-12-01T19:15:24.570+0000] {processor.py:829} INFO - Processing file /opt/airflow/dags/utils/helpers.py for tasks to queue
[2025-12-01T19:15:24.577+0000] {logging_mixin.py:154} INFO - [2025-12-01T19:15:24.577+0000] {dagbag.py:536} INFO - Filling up the DagBag from /opt/airflow/dags/utils/helpers.py
[2025-12-01T19:15:24.579+0000] {processor.py:841} WARNING - No viable dags retrieved from /opt/airflow/dags/utils/helpers.py
[2025-12-01T19:15:24.611+0000] {processor.py:179} INFO - Processing /opt/airflow/dags/utils/helpers.py took 0.059 seconds
[2025-12-01T19:15:55.422+0000] {processor.py:157} INFO - Started process (PID=7293) to work on /opt/airflow/dags/utils/helpers.py
[2025-12-01T19:15:55.423+0000] {processor.py:829} INFO - Processing file /opt/airflow/dags/utils/helpers.py for tasks to queue
[2025-12-01T19:15:55.424+0000] {logging_mixin.py:154} INFO - [2025-12-01T19:15:55.423+0000] {dagbag.py:536} INFO - Filling up the DagBag from /opt/airflow/dags/utils/helpers.py
[2025-12-01T19:15:55.426+0000] {processor.py:841} WARNING - No viable dags retrieved from /opt/airflow/dags/utils/helpers.py
[2025-12-01T19:15:55.442+0000] {processor.py:179} INFO - Processing /opt/airflow/dags/utils/helpers.py took 0.023 seconds
[2025-12-01T19:16:26.433+0000] {processor.py:157} INFO - Started process (PID=7358) to work on /opt/airflow/dags/utils/helpers.py
[2025-12-01T19:16:26.441+0000] {processor.py:829} INFO - Processing file /opt/airflow/dags/utils/helpers.py for tasks to queue
[2025-12-01T19:16:26.441+0000] {logging_mixin.py:154} INFO - [2025-12-01T19:16:26.441+0000] {dagbag.py:536} INFO - Filling up the DagBag from /opt/airflow/dags/utils/helpers.py
[2025-12-01T19:16:26.443+0000] {processor.py:841} WARNING - No viable dags retrieved from /opt/airflow/dags/utils/helpers.py
[2025-12-01T19:16:26.477+0000] {processor.py:179} INFO - Processing /opt/airflow/dags/utils/helpers.py took 0.051 seconds
[2025-12-01T19:16:57.049+0000] {processor.py:157} INFO - Started process (PID=7415) to work on /opt/airflow/dags/utils/helpers.py
[2025-12-01T19:16:57.050+0000] {processor.py:829} INFO - Processing file /opt/airflow/dags/utils/helpers.py for tasks to queue
[2025-12-01T19:16:57.051+0000] {logging_mixin.py:154} INFO - [2025-12-01T19:16:57.051+0000] {dagbag.py:536} INFO - Filling up the DagBag from /opt/airflow/dags/utils/helpers.py
[2025-12-01T19:16:57.056+0000] {processor.py:841} WARNING - No viable dags retrieved from /opt/airflow/dags/utils/helpers.py
[2025-12-01T19:16:57.069+0000] {processor.py:179} INFO - Processing /opt/airflow/dags/utils/helpers.py took 0.026 seconds
[2025-12-01T19:17:27.407+0000] {processor.py:157} INFO - Started process (PID=7480) to work on /opt/airflow/dags/utils/helpers.py
[2025-12-01T19:17:27.411+0000] {processor.py:829} INFO - Processing file /opt/airflow/dags/utils/helpers.py for tasks to queue
[2025-12-01T19:17:27.415+0000] {logging_mixin.py:154} INFO - [2025-12-01T19:17:27.412+0000] {dagbag.py:536} INFO - Filling up the DagBag from /opt/airflow/dags/utils/helpers.py
[2025-12-01T19:17:27.418+0000] {processor.py:841} WARNING - No viable dags retrieved from /opt/airflow/dags/utils/helpers.py
[2025-12-01T19:17:27.437+0000] {processor.py:179} INFO - Processing /opt/airflow/dags/utils/helpers.py took 0.034 seconds
[2025-12-01T19:17:58.326+0000] {processor.py:157} INFO - Started process (PID=7537) to work on /opt/airflow/dags/utils/helpers.py
[2025-12-01T19:17:58.330+0000] {processor.py:829} INFO - Processing file /opt/airflow/dags/utils/helpers.py for tasks to queue
[2025-12-01T19:17:58.331+0000] {logging_mixin.py:154} INFO - [2025-12-01T19:17:58.330+0000] {dagbag.py:536} INFO - Filling up the DagBag from /opt/airflow/dags/utils/helpers.py
[2025-12-01T19:17:58.333+0000] {processor.py:841} WARNING - No viable dags retrieved from /opt/airflow/dags/utils/helpers.py
[2025-12-01T19:17:58.355+0000] {processor.py:179} INFO - Processing /opt/airflow/dags/utils/helpers.py took 0.047 seconds
[2025-12-01T19:18:29.933+0000] {processor.py:157} INFO - Started process (PID=7594) to work on /opt/airflow/dags/utils/helpers.py
[2025-12-01T19:18:29.940+0000] {processor.py:829} INFO - Processing file /opt/airflow/dags/utils/helpers.py for tasks to queue
[2025-12-01T19:18:29.940+0000] {logging_mixin.py:154} INFO - [2025-12-01T19:18:29.940+0000] {dagbag.py:536} INFO - Filling up the DagBag from /opt/airflow/dags/utils/helpers.py
[2025-12-01T19:18:29.942+0000] {processor.py:841} WARNING - No viable dags retrieved from /opt/airflow/dags/utils/helpers.py
[2025-12-01T19:18:29.967+0000] {processor.py:179} INFO - Processing /opt/airflow/dags/utils/helpers.py took 0.038 seconds
[2025-12-01T19:19:00.909+0000] {processor.py:157} INFO - Started process (PID=7660) to work on /opt/airflow/dags/utils/helpers.py
[2025-12-01T19:19:00.910+0000] {processor.py:829} INFO - Processing file /opt/airflow/dags/utils/helpers.py for tasks to queue
[2025-12-01T19:19:00.916+0000] {logging_mixin.py:154} INFO - [2025-12-01T19:19:00.916+0000] {dagbag.py:536} INFO - Filling up the DagBag from /opt/airflow/dags/utils/helpers.py
[2025-12-01T19:19:00.918+0000] {processor.py:841} WARNING - No viable dags retrieved from /opt/airflow/dags/utils/helpers.py
[2025-12-01T19:19:00.934+0000] {processor.py:179} INFO - Processing /opt/airflow/dags/utils/helpers.py took 0.029 seconds
[2025-12-01T19:19:31.926+0000] {processor.py:157} INFO - Started process (PID=7703) to work on /opt/airflow/dags/utils/helpers.py
[2025-12-01T19:19:31.929+0000] {processor.py:829} INFO - Processing file /opt/airflow/dags/utils/helpers.py for tasks to queue
[2025-12-01T19:19:31.930+0000] {logging_mixin.py:154} INFO - [2025-12-01T19:19:31.930+0000] {dagbag.py:536} INFO - Filling up the DagBag from /opt/airflow/dags/utils/helpers.py
[2025-12-01T19:19:31.932+0000] {processor.py:841} WARNING - No viable dags retrieved from /opt/airflow/dags/utils/helpers.py
[2025-12-01T19:19:31.952+0000] {processor.py:179} INFO - Processing /opt/airflow/dags/utils/helpers.py took 0.029 seconds
[2025-12-01T19:20:02.869+0000] {processor.py:157} INFO - Started process (PID=7767) to work on /opt/airflow/dags/utils/helpers.py
[2025-12-01T19:20:02.870+0000] {processor.py:829} INFO - Processing file /opt/airflow/dags/utils/helpers.py for tasks to queue
[2025-12-01T19:20:02.875+0000] {logging_mixin.py:154} INFO - [2025-12-01T19:20:02.875+0000] {dagbag.py:536} INFO - Filling up the DagBag from /opt/airflow/dags/utils/helpers.py
[2025-12-01T19:20:02.883+0000] {processor.py:841} WARNING - No viable dags retrieved from /opt/airflow/dags/utils/helpers.py
[2025-12-01T19:20:02.904+0000] {processor.py:179} INFO - Processing /opt/airflow/dags/utils/helpers.py took 0.042 seconds
[2025-12-01T19:20:33.802+0000] {processor.py:157} INFO - Started process (PID=7825) to work on /opt/airflow/dags/utils/helpers.py
[2025-12-01T19:20:33.807+0000] {processor.py:829} INFO - Processing file /opt/airflow/dags/utils/helpers.py for tasks to queue
[2025-12-01T19:20:33.808+0000] {logging_mixin.py:154} INFO - [2025-12-01T19:20:33.808+0000] {dagbag.py:536} INFO - Filling up the DagBag from /opt/airflow/dags/utils/helpers.py
[2025-12-01T19:20:33.811+0000] {processor.py:841} WARNING - No viable dags retrieved from /opt/airflow/dags/utils/helpers.py
[2025-12-01T19:20:33.834+0000] {processor.py:179} INFO - Processing /opt/airflow/dags/utils/helpers.py took 0.045 seconds
[2025-12-01T19:21:04.646+0000] {processor.py:157} INFO - Started process (PID=7890) to work on /opt/airflow/dags/utils/helpers.py
[2025-12-01T19:21:04.647+0000] {processor.py:829} INFO - Processing file /opt/airflow/dags/utils/helpers.py for tasks to queue
[2025-12-01T19:21:04.648+0000] {logging_mixin.py:154} INFO - [2025-12-01T19:21:04.647+0000] {dagbag.py:536} INFO - Filling up the DagBag from /opt/airflow/dags/utils/helpers.py
[2025-12-01T19:21:04.658+0000] {processor.py:841} WARNING - No viable dags retrieved from /opt/airflow/dags/utils/helpers.py
[2025-12-01T19:21:04.683+0000] {processor.py:179} INFO - Processing /opt/airflow/dags/utils/helpers.py took 0.041 seconds
[2025-12-01T19:21:35.037+0000] {processor.py:157} INFO - Started process (PID=7947) to work on /opt/airflow/dags/utils/helpers.py
[2025-12-01T19:21:35.039+0000] {processor.py:829} INFO - Processing file /opt/airflow/dags/utils/helpers.py for tasks to queue
[2025-12-01T19:21:35.040+0000] {logging_mixin.py:154} INFO - [2025-12-01T19:21:35.040+0000] {dagbag.py:536} INFO - Filling up the DagBag from /opt/airflow/dags/utils/helpers.py
[2025-12-01T19:21:35.046+0000] {processor.py:841} WARNING - No viable dags retrieved from /opt/airflow/dags/utils/helpers.py
[2025-12-01T19:21:35.585+0000] {processor.py:179} INFO - Processing /opt/airflow/dags/utils/helpers.py took 0.038 seconds
[2025-12-01T19:22:05.874+0000] {processor.py:157} INFO - Started process (PID=8011) to work on /opt/airflow/dags/utils/helpers.py
[2025-12-01T19:22:05.875+0000] {processor.py:829} INFO - Processing file /opt/airflow/dags/utils/helpers.py for tasks to queue
[2025-12-01T19:22:05.876+0000] {logging_mixin.py:154} INFO - [2025-12-01T19:22:05.875+0000] {dagbag.py:536} INFO - Filling up the DagBag from /opt/airflow/dags/utils/helpers.py
[2025-12-01T19:22:05.878+0000] {processor.py:841} WARNING - No viable dags retrieved from /opt/airflow/dags/utils/helpers.py
[2025-12-01T19:22:05.889+0000] {processor.py:179} INFO - Processing /opt/airflow/dags/utils/helpers.py took 0.019 seconds
[2025-12-01T19:22:36.732+0000] {processor.py:157} INFO - Started process (PID=8069) to work on /opt/airflow/dags/utils/helpers.py
[2025-12-01T19:22:36.737+0000] {processor.py:829} INFO - Processing file /opt/airflow/dags/utils/helpers.py for tasks to queue
[2025-12-01T19:22:36.738+0000] {logging_mixin.py:154} INFO - [2025-12-01T19:22:36.737+0000] {dagbag.py:536} INFO - Filling up the DagBag from /opt/airflow/dags/utils/helpers.py
[2025-12-01T19:22:36.743+0000] {processor.py:841} WARNING - No viable dags retrieved from /opt/airflow/dags/utils/helpers.py
[2025-12-01T19:22:36.765+0000] {processor.py:179} INFO - Processing /opt/airflow/dags/utils/helpers.py took 0.037 seconds
[2025-12-01T19:23:07.685+0000] {processor.py:157} INFO - Started process (PID=8127) to work on /opt/airflow/dags/utils/helpers.py
[2025-12-01T19:23:07.686+0000] {processor.py:829} INFO - Processing file /opt/airflow/dags/utils/helpers.py for tasks to queue
[2025-12-01T19:23:07.686+0000] {logging_mixin.py:154} INFO - [2025-12-01T19:23:07.686+0000] {dagbag.py:536} INFO - Filling up the DagBag from /opt/airflow/dags/utils/helpers.py
[2025-12-01T19:23:07.688+0000] {processor.py:841} WARNING - No viable dags retrieved from /opt/airflow/dags/utils/helpers.py
[2025-12-01T19:23:07.719+0000] {processor.py:179} INFO - Processing /opt/airflow/dags/utils/helpers.py took 0.037 seconds
[2025-12-01T19:23:38.791+0000] {processor.py:157} INFO - Started process (PID=8190) to work on /opt/airflow/dags/utils/helpers.py
[2025-12-01T19:23:38.794+0000] {processor.py:829} INFO - Processing file /opt/airflow/dags/utils/helpers.py for tasks to queue
[2025-12-01T19:23:38.794+0000] {logging_mixin.py:154} INFO - [2025-12-01T19:23:38.794+0000] {dagbag.py:536} INFO - Filling up the DagBag from /opt/airflow/dags/utils/helpers.py
[2025-12-01T19:23:38.796+0000] {processor.py:841} WARNING - No viable dags retrieved from /opt/airflow/dags/utils/helpers.py
[2025-12-01T19:23:38.816+0000] {processor.py:179} INFO - Processing /opt/airflow/dags/utils/helpers.py took 0.035 seconds
[2025-12-01T19:24:09.762+0000] {processor.py:157} INFO - Started process (PID=8248) to work on /opt/airflow/dags/utils/helpers.py
[2025-12-01T19:24:09.763+0000] {processor.py:829} INFO - Processing file /opt/airflow/dags/utils/helpers.py for tasks to queue
[2025-12-01T19:24:09.763+0000] {logging_mixin.py:154} INFO - [2025-12-01T19:24:09.763+0000] {dagbag.py:536} INFO - Filling up the DagBag from /opt/airflow/dags/utils/helpers.py
[2025-12-01T19:24:09.765+0000] {processor.py:841} WARNING - No viable dags retrieved from /opt/airflow/dags/utils/helpers.py
[2025-12-01T19:24:09.797+0000] {processor.py:179} INFO - Processing /opt/airflow/dags/utils/helpers.py took 0.041 seconds
[2025-12-01T19:24:40.697+0000] {processor.py:157} INFO - Started process (PID=8314) to work on /opt/airflow/dags/utils/helpers.py
[2025-12-01T19:24:40.699+0000] {processor.py:829} INFO - Processing file /opt/airflow/dags/utils/helpers.py for tasks to queue
[2025-12-01T19:24:40.699+0000] {logging_mixin.py:154} INFO - [2025-12-01T19:24:40.699+0000] {dagbag.py:536} INFO - Filling up the DagBag from /opt/airflow/dags/utils/helpers.py
[2025-12-01T19:24:40.701+0000] {processor.py:841} WARNING - No viable dags retrieved from /opt/airflow/dags/utils/helpers.py
[2025-12-01T19:24:40.714+0000] {processor.py:179} INFO - Processing /opt/airflow/dags/utils/helpers.py took 0.020 seconds
[2025-12-01T19:25:10.858+0000] {processor.py:157} INFO - Started process (PID=8371) to work on /opt/airflow/dags/utils/helpers.py
[2025-12-01T19:25:10.859+0000] {processor.py:829} INFO - Processing file /opt/airflow/dags/utils/helpers.py for tasks to queue
[2025-12-01T19:25:10.859+0000] {logging_mixin.py:154} INFO - [2025-12-01T19:25:10.859+0000] {dagbag.py:536} INFO - Filling up the DagBag from /opt/airflow/dags/utils/helpers.py
[2025-12-01T19:25:10.866+0000] {processor.py:841} WARNING - No viable dags retrieved from /opt/airflow/dags/utils/helpers.py
[2025-12-01T19:25:10.883+0000] {processor.py:179} INFO - Processing /opt/airflow/dags/utils/helpers.py took 0.028 seconds
[2025-12-01T19:25:41.107+0000] {processor.py:157} INFO - Started process (PID=8437) to work on /opt/airflow/dags/utils/helpers.py
[2025-12-01T19:25:41.113+0000] {processor.py:829} INFO - Processing file /opt/airflow/dags/utils/helpers.py for tasks to queue
[2025-12-01T19:25:41.114+0000] {logging_mixin.py:154} INFO - [2025-12-01T19:25:41.114+0000] {dagbag.py:536} INFO - Filling up the DagBag from /opt/airflow/dags/utils/helpers.py
[2025-12-01T19:25:41.117+0000] {processor.py:841} WARNING - No viable dags retrieved from /opt/airflow/dags/utils/helpers.py
[2025-12-01T19:25:41.130+0000] {processor.py:179} INFO - Processing /opt/airflow/dags/utils/helpers.py took 0.026 seconds
[2025-12-01T19:26:12.042+0000] {processor.py:157} INFO - Started process (PID=8494) to work on /opt/airflow/dags/utils/helpers.py
[2025-12-01T19:26:12.044+0000] {processor.py:829} INFO - Processing file /opt/airflow/dags/utils/helpers.py for tasks to queue
[2025-12-01T19:26:12.048+0000] {logging_mixin.py:154} INFO - [2025-12-01T19:26:12.048+0000] {dagbag.py:536} INFO - Filling up the DagBag from /opt/airflow/dags/utils/helpers.py
[2025-12-01T19:26:12.054+0000] {processor.py:841} WARNING - No viable dags retrieved from /opt/airflow/dags/utils/helpers.py
[2025-12-01T19:26:12.079+0000] {processor.py:179} INFO - Processing /opt/airflow/dags/utils/helpers.py took 0.048 seconds
[2025-12-01T19:26:42.167+0000] {processor.py:157} INFO - Started process (PID=8550) to work on /opt/airflow/dags/utils/helpers.py
[2025-12-01T19:26:42.171+0000] {processor.py:829} INFO - Processing file /opt/airflow/dags/utils/helpers.py for tasks to queue
[2025-12-01T19:26:42.172+0000] {logging_mixin.py:154} INFO - [2025-12-01T19:26:42.172+0000] {dagbag.py:536} INFO - Filling up the DagBag from /opt/airflow/dags/utils/helpers.py
[2025-12-01T19:26:42.174+0000] {processor.py:841} WARNING - No viable dags retrieved from /opt/airflow/dags/utils/helpers.py
[2025-12-01T19:26:42.191+0000] {processor.py:179} INFO - Processing /opt/airflow/dags/utils/helpers.py took 0.027 seconds
[2025-12-01T19:27:13.055+0000] {processor.py:157} INFO - Started process (PID=8603) to work on /opt/airflow/dags/utils/helpers.py
[2025-12-01T19:27:13.056+0000] {processor.py:829} INFO - Processing file /opt/airflow/dags/utils/helpers.py for tasks to queue
[2025-12-01T19:27:13.056+0000] {logging_mixin.py:154} INFO - [2025-12-01T19:27:13.056+0000] {dagbag.py:536} INFO - Filling up the DagBag from /opt/airflow/dags/utils/helpers.py
[2025-12-01T19:27:13.058+0000] {processor.py:841} WARNING - No viable dags retrieved from /opt/airflow/dags/utils/helpers.py
[2025-12-01T19:27:13.096+0000] {processor.py:179} INFO - Processing /opt/airflow/dags/utils/helpers.py took 0.048 seconds
[2025-12-01T19:27:43.921+0000] {processor.py:157} INFO - Started process (PID=8659) to work on /opt/airflow/dags/utils/helpers.py
[2025-12-01T19:27:43.922+0000] {processor.py:829} INFO - Processing file /opt/airflow/dags/utils/helpers.py for tasks to queue
[2025-12-01T19:27:43.923+0000] {logging_mixin.py:154} INFO - [2025-12-01T19:27:43.923+0000] {dagbag.py:536} INFO - Filling up the DagBag from /opt/airflow/dags/utils/helpers.py
[2025-12-01T19:27:43.925+0000] {processor.py:841} WARNING - No viable dags retrieved from /opt/airflow/dags/utils/helpers.py
[2025-12-01T19:27:43.942+0000] {processor.py:179} INFO - Processing /opt/airflow/dags/utils/helpers.py took 0.025 seconds
[2025-12-01T19:28:14.286+0000] {processor.py:157} INFO - Started process (PID=8724) to work on /opt/airflow/dags/utils/helpers.py
[2025-12-01T19:28:14.315+0000] {processor.py:829} INFO - Processing file /opt/airflow/dags/utils/helpers.py for tasks to queue
[2025-12-01T19:28:14.315+0000] {logging_mixin.py:154} INFO - [2025-12-01T19:28:14.315+0000] {dagbag.py:536} INFO - Filling up the DagBag from /opt/airflow/dags/utils/helpers.py
[2025-12-01T19:28:14.317+0000] {processor.py:841} WARNING - No viable dags retrieved from /opt/airflow/dags/utils/helpers.py
[2025-12-01T19:28:14.342+0000] {processor.py:179} INFO - Processing /opt/airflow/dags/utils/helpers.py took 0.062 seconds
[2025-12-01T19:28:44.591+0000] {processor.py:157} INFO - Started process (PID=8782) to work on /opt/airflow/dags/utils/helpers.py
[2025-12-01T19:28:44.595+0000] {processor.py:829} INFO - Processing file /opt/airflow/dags/utils/helpers.py for tasks to queue
[2025-12-01T19:28:44.596+0000] {logging_mixin.py:154} INFO - [2025-12-01T19:28:44.596+0000] {dagbag.py:536} INFO - Filling up the DagBag from /opt/airflow/dags/utils/helpers.py
[2025-12-01T19:28:44.598+0000] {processor.py:841} WARNING - No viable dags retrieved from /opt/airflow/dags/utils/helpers.py
[2025-12-01T19:28:44.611+0000] {processor.py:179} INFO - Processing /opt/airflow/dags/utils/helpers.py took 0.024 seconds
[2025-12-01T19:29:15.178+0000] {processor.py:157} INFO - Started process (PID=8841) to work on /opt/airflow/dags/utils/helpers.py
[2025-12-01T19:29:15.179+0000] {processor.py:829} INFO - Processing file /opt/airflow/dags/utils/helpers.py for tasks to queue
[2025-12-01T19:29:15.180+0000] {logging_mixin.py:154} INFO - [2025-12-01T19:29:15.179+0000] {dagbag.py:536} INFO - Filling up the DagBag from /opt/airflow/dags/utils/helpers.py
[2025-12-01T19:29:15.182+0000] {processor.py:841} WARNING - No viable dags retrieved from /opt/airflow/dags/utils/helpers.py
[2025-12-01T19:29:15.212+0000] {processor.py:179} INFO - Processing /opt/airflow/dags/utils/helpers.py took 0.048 seconds
[2025-12-01T19:29:46.138+0000] {processor.py:157} INFO - Started process (PID=8906) to work on /opt/airflow/dags/utils/helpers.py
[2025-12-01T19:29:46.139+0000] {processor.py:829} INFO - Processing file /opt/airflow/dags/utils/helpers.py for tasks to queue
[2025-12-01T19:29:46.140+0000] {logging_mixin.py:154} INFO - [2025-12-01T19:29:46.139+0000] {dagbag.py:536} INFO - Filling up the DagBag from /opt/airflow/dags/utils/helpers.py
[2025-12-01T19:29:46.142+0000] {processor.py:841} WARNING - No viable dags retrieved from /opt/airflow/dags/utils/helpers.py
[2025-12-01T19:29:46.154+0000] {processor.py:179} INFO - Processing /opt/airflow/dags/utils/helpers.py took 0.019 seconds
[2025-12-01T19:30:17.057+0000] {processor.py:157} INFO - Started process (PID=8963) to work on /opt/airflow/dags/utils/helpers.py
[2025-12-01T19:30:17.058+0000] {processor.py:829} INFO - Processing file /opt/airflow/dags/utils/helpers.py for tasks to queue
[2025-12-01T19:30:17.059+0000] {logging_mixin.py:154} INFO - [2025-12-01T19:30:17.058+0000] {dagbag.py:536} INFO - Filling up the DagBag from /opt/airflow/dags/utils/helpers.py
[2025-12-01T19:30:17.061+0000] {processor.py:841} WARNING - No viable dags retrieved from /opt/airflow/dags/utils/helpers.py
[2025-12-01T19:30:17.083+0000] {processor.py:179} INFO - Processing /opt/airflow/dags/utils/helpers.py took 0.033 seconds
[2025-12-01T19:30:48.060+0000] {processor.py:157} INFO - Started process (PID=9027) to work on /opt/airflow/dags/utils/helpers.py
[2025-12-01T19:30:48.064+0000] {processor.py:829} INFO - Processing file /opt/airflow/dags/utils/helpers.py for tasks to queue
[2025-12-01T19:30:48.065+0000] {logging_mixin.py:154} INFO - [2025-12-01T19:30:48.065+0000] {dagbag.py:536} INFO - Filling up the DagBag from /opt/airflow/dags/utils/helpers.py
[2025-12-01T19:30:48.067+0000] {processor.py:841} WARNING - No viable dags retrieved from /opt/airflow/dags/utils/helpers.py
[2025-12-01T19:30:48.079+0000] {processor.py:179} INFO - Processing /opt/airflow/dags/utils/helpers.py took 0.023 seconds
[2025-12-01T19:31:18.900+0000] {processor.py:157} INFO - Started process (PID=9086) to work on /opt/airflow/dags/utils/helpers.py
[2025-12-01T19:31:18.903+0000] {processor.py:829} INFO - Processing file /opt/airflow/dags/utils/helpers.py for tasks to queue
[2025-12-01T19:31:18.911+0000] {logging_mixin.py:154} INFO - [2025-12-01T19:31:18.911+0000] {dagbag.py:536} INFO - Filling up the DagBag from /opt/airflow/dags/utils/helpers.py
[2025-12-01T19:31:18.917+0000] {processor.py:841} WARNING - No viable dags retrieved from /opt/airflow/dags/utils/helpers.py
[2025-12-01T19:31:18.943+0000] {processor.py:179} INFO - Processing /opt/airflow/dags/utils/helpers.py took 0.062 seconds
[2025-12-01T19:31:49.126+0000] {processor.py:157} INFO - Started process (PID=9144) to work on /opt/airflow/dags/utils/helpers.py
[2025-12-01T19:31:49.128+0000] {processor.py:829} INFO - Processing file /opt/airflow/dags/utils/helpers.py for tasks to queue
[2025-12-01T19:31:49.130+0000] {logging_mixin.py:154} INFO - [2025-12-01T19:31:49.130+0000] {dagbag.py:536} INFO - Filling up the DagBag from /opt/airflow/dags/utils/helpers.py
[2025-12-01T19:31:49.148+0000] {processor.py:841} WARNING - No viable dags retrieved from /opt/airflow/dags/utils/helpers.py
[2025-12-01T19:31:49.175+0000] {processor.py:179} INFO - Processing /opt/airflow/dags/utils/helpers.py took 0.069 seconds
[2025-12-01T19:32:20.229+0000] {processor.py:157} INFO - Started process (PID=9209) to work on /opt/airflow/dags/utils/helpers.py
[2025-12-01T19:32:20.230+0000] {processor.py:829} INFO - Processing file /opt/airflow/dags/utils/helpers.py for tasks to queue
[2025-12-01T19:32:20.231+0000] {logging_mixin.py:154} INFO - [2025-12-01T19:32:20.231+0000] {dagbag.py:536} INFO - Filling up the DagBag from /opt/airflow/dags/utils/helpers.py
[2025-12-01T19:32:20.233+0000] {processor.py:841} WARNING - No viable dags retrieved from /opt/airflow/dags/utils/helpers.py
[2025-12-01T19:32:20.248+0000] {processor.py:179} INFO - Processing /opt/airflow/dags/utils/helpers.py took 0.026 seconds
[2025-12-01T19:32:50.856+0000] {processor.py:157} INFO - Started process (PID=9267) to work on /opt/airflow/dags/utils/helpers.py
[2025-12-01T19:32:50.860+0000] {processor.py:829} INFO - Processing file /opt/airflow/dags/utils/helpers.py for tasks to queue
[2025-12-01T19:32:50.861+0000] {logging_mixin.py:154} INFO - [2025-12-01T19:32:50.861+0000] {dagbag.py:536} INFO - Filling up the DagBag from /opt/airflow/dags/utils/helpers.py
[2025-12-01T19:32:50.867+0000] {processor.py:841} WARNING - No viable dags retrieved from /opt/airflow/dags/utils/helpers.py
[2025-12-01T19:32:50.886+0000] {processor.py:179} INFO - Processing /opt/airflow/dags/utils/helpers.py took 0.035 seconds
[2025-12-01T19:33:21.691+0000] {processor.py:157} INFO - Started process (PID=9332) to work on /opt/airflow/dags/utils/helpers.py
[2025-12-01T19:33:21.692+0000] {processor.py:829} INFO - Processing file /opt/airflow/dags/utils/helpers.py for tasks to queue
[2025-12-01T19:33:21.692+0000] {logging_mixin.py:154} INFO - [2025-12-01T19:33:21.692+0000] {dagbag.py:536} INFO - Filling up the DagBag from /opt/airflow/dags/utils/helpers.py
[2025-12-01T19:33:21.694+0000] {processor.py:841} WARNING - No viable dags retrieved from /opt/airflow/dags/utils/helpers.py
[2025-12-01T19:33:21.718+0000] {processor.py:179} INFO - Processing /opt/airflow/dags/utils/helpers.py took 0.031 seconds
[2025-12-01T19:33:52.311+0000] {processor.py:157} INFO - Started process (PID=9390) to work on /opt/airflow/dags/utils/helpers.py
[2025-12-01T19:33:52.328+0000] {processor.py:829} INFO - Processing file /opt/airflow/dags/utils/helpers.py for tasks to queue
[2025-12-01T19:33:52.328+0000] {logging_mixin.py:154} INFO - [2025-12-01T19:33:52.328+0000] {dagbag.py:536} INFO - Filling up the DagBag from /opt/airflow/dags/utils/helpers.py
[2025-12-01T19:33:52.331+0000] {processor.py:841} WARNING - No viable dags retrieved from /opt/airflow/dags/utils/helpers.py
[2025-12-01T19:33:52.350+0000] {processor.py:179} INFO - Processing /opt/airflow/dags/utils/helpers.py took 0.040 seconds
[2025-12-01T19:34:22.831+0000] {processor.py:157} INFO - Started process (PID=9452) to work on /opt/airflow/dags/utils/helpers.py
[2025-12-01T19:34:22.842+0000] {processor.py:829} INFO - Processing file /opt/airflow/dags/utils/helpers.py for tasks to queue
[2025-12-01T19:34:22.843+0000] {logging_mixin.py:154} INFO - [2025-12-01T19:34:22.843+0000] {dagbag.py:536} INFO - Filling up the DagBag from /opt/airflow/dags/utils/helpers.py
[2025-12-01T19:34:22.845+0000] {processor.py:841} WARNING - No viable dags retrieved from /opt/airflow/dags/utils/helpers.py
[2025-12-01T19:34:22.877+0000] {processor.py:179} INFO - Processing /opt/airflow/dags/utils/helpers.py took 0.063 seconds
[2025-12-01T19:34:53.259+0000] {processor.py:157} INFO - Started process (PID=9488) to work on /opt/airflow/dags/utils/helpers.py
[2025-12-01T19:34:53.263+0000] {processor.py:829} INFO - Processing file /opt/airflow/dags/utils/helpers.py for tasks to queue
[2025-12-01T19:34:53.263+0000] {logging_mixin.py:154} INFO - [2025-12-01T19:34:53.263+0000] {dagbag.py:536} INFO - Filling up the DagBag from /opt/airflow/dags/utils/helpers.py
[2025-12-01T19:34:53.265+0000] {processor.py:841} WARNING - No viable dags retrieved from /opt/airflow/dags/utils/helpers.py
[2025-12-01T19:34:53.282+0000] {processor.py:179} INFO - Processing /opt/airflow/dags/utils/helpers.py took 0.038 seconds
[2025-12-01T19:35:23.646+0000] {processor.py:157} INFO - Started process (PID=9542) to work on /opt/airflow/dags/utils/helpers.py
[2025-12-01T19:35:23.647+0000] {processor.py:829} INFO - Processing file /opt/airflow/dags/utils/helpers.py for tasks to queue
[2025-12-01T19:35:23.648+0000] {logging_mixin.py:154} INFO - [2025-12-01T19:35:23.647+0000] {dagbag.py:536} INFO - Filling up the DagBag from /opt/airflow/dags/utils/helpers.py
[2025-12-01T19:35:23.650+0000] {processor.py:841} WARNING - No viable dags retrieved from /opt/airflow/dags/utils/helpers.py
[2025-12-01T19:35:23.673+0000] {processor.py:179} INFO - Processing /opt/airflow/dags/utils/helpers.py took 0.051 seconds
[2025-12-01T19:35:53.922+0000] {processor.py:157} INFO - Started process (PID=9604) to work on /opt/airflow/dags/utils/helpers.py
[2025-12-01T19:35:53.924+0000] {processor.py:829} INFO - Processing file /opt/airflow/dags/utils/helpers.py for tasks to queue
[2025-12-01T19:35:53.925+0000] {logging_mixin.py:154} INFO - [2025-12-01T19:35:53.925+0000] {dagbag.py:536} INFO - Filling up the DagBag from /opt/airflow/dags/utils/helpers.py
[2025-12-01T19:35:53.927+0000] {processor.py:841} WARNING - No viable dags retrieved from /opt/airflow/dags/utils/helpers.py
[2025-12-01T19:35:53.948+0000] {processor.py:179} INFO - Processing /opt/airflow/dags/utils/helpers.py took 0.035 seconds
[2025-12-01T19:36:24.110+0000] {processor.py:157} INFO - Started process (PID=9662) to work on /opt/airflow/dags/utils/helpers.py
[2025-12-01T19:36:24.111+0000] {processor.py:829} INFO - Processing file /opt/airflow/dags/utils/helpers.py for tasks to queue
[2025-12-01T19:36:24.112+0000] {logging_mixin.py:154} INFO - [2025-12-01T19:36:24.111+0000] {dagbag.py:536} INFO - Filling up the DagBag from /opt/airflow/dags/utils/helpers.py
[2025-12-01T19:36:24.114+0000] {processor.py:841} WARNING - No viable dags retrieved from /opt/airflow/dags/utils/helpers.py
[2025-12-01T19:36:24.130+0000] {processor.py:179} INFO - Processing /opt/airflow/dags/utils/helpers.py took 0.023 seconds
[2025-12-01T19:36:54.845+0000] {processor.py:157} INFO - Started process (PID=9720) to work on /opt/airflow/dags/utils/helpers.py
[2025-12-01T19:36:54.846+0000] {processor.py:829} INFO - Processing file /opt/airflow/dags/utils/helpers.py for tasks to queue
[2025-12-01T19:36:54.847+0000] {logging_mixin.py:154} INFO - [2025-12-01T19:36:54.847+0000] {dagbag.py:536} INFO - Filling up the DagBag from /opt/airflow/dags/utils/helpers.py
[2025-12-01T19:36:54.849+0000] {processor.py:841} WARNING - No viable dags retrieved from /opt/airflow/dags/utils/helpers.py
[2025-12-01T19:36:54.892+0000] {processor.py:179} INFO - Processing /opt/airflow/dags/utils/helpers.py took 0.060 seconds
[2025-12-01T19:37:25.030+0000] {processor.py:157} INFO - Started process (PID=9787) to work on /opt/airflow/dags/utils/helpers.py
[2025-12-01T19:37:25.032+0000] {processor.py:829} INFO - Processing file /opt/airflow/dags/utils/helpers.py for tasks to queue
[2025-12-01T19:37:25.034+0000] {logging_mixin.py:154} INFO - [2025-12-01T19:37:25.034+0000] {dagbag.py:536} INFO - Filling up the DagBag from /opt/airflow/dags/utils/helpers.py
[2025-12-01T19:37:25.046+0000] {processor.py:841} WARNING - No viable dags retrieved from /opt/airflow/dags/utils/helpers.py
[2025-12-01T19:37:25.082+0000] {processor.py:179} INFO - Processing /opt/airflow/dags/utils/helpers.py took 0.061 seconds
[2025-12-01T19:37:55.471+0000] {processor.py:157} INFO - Started process (PID=9845) to work on /opt/airflow/dags/utils/helpers.py
[2025-12-01T19:37:55.475+0000] {processor.py:829} INFO - Processing file /opt/airflow/dags/utils/helpers.py for tasks to queue
[2025-12-01T19:37:55.475+0000] {logging_mixin.py:154} INFO - [2025-12-01T19:37:55.475+0000] {dagbag.py:536} INFO - Filling up the DagBag from /opt/airflow/dags/utils/helpers.py
[2025-12-01T19:37:55.477+0000] {processor.py:841} WARNING - No viable dags retrieved from /opt/airflow/dags/utils/helpers.py
[2025-12-01T19:37:55.491+0000] {processor.py:179} INFO - Processing /opt/airflow/dags/utils/helpers.py took 0.027 seconds
[2025-12-01T19:38:25.896+0000] {processor.py:157} INFO - Started process (PID=9909) to work on /opt/airflow/dags/utils/helpers.py
[2025-12-01T19:38:25.899+0000] {processor.py:829} INFO - Processing file /opt/airflow/dags/utils/helpers.py for tasks to queue
[2025-12-01T19:38:25.900+0000] {logging_mixin.py:154} INFO - [2025-12-01T19:38:25.900+0000] {dagbag.py:536} INFO - Filling up the DagBag from /opt/airflow/dags/utils/helpers.py
[2025-12-01T19:38:25.909+0000] {processor.py:841} WARNING - No viable dags retrieved from /opt/airflow/dags/utils/helpers.py
[2025-12-01T19:38:25.933+0000] {processor.py:179} INFO - Processing /opt/airflow/dags/utils/helpers.py took 0.050 seconds
[2025-12-01T19:38:56.020+0000] {processor.py:157} INFO - Started process (PID=9967) to work on /opt/airflow/dags/utils/helpers.py
[2025-12-01T19:38:56.034+0000] {processor.py:829} INFO - Processing file /opt/airflow/dags/utils/helpers.py for tasks to queue
[2025-12-01T19:38:56.035+0000] {logging_mixin.py:154} INFO - [2025-12-01T19:38:56.034+0000] {dagbag.py:536} INFO - Filling up the DagBag from /opt/airflow/dags/utils/helpers.py
[2025-12-01T19:38:56.043+0000] {processor.py:841} WARNING - No viable dags retrieved from /opt/airflow/dags/utils/helpers.py
[2025-12-01T19:38:56.081+0000] {processor.py:179} INFO - Processing /opt/airflow/dags/utils/helpers.py took 0.065 seconds
[2025-12-01T19:39:26.470+0000] {processor.py:157} INFO - Started process (PID=10026) to work on /opt/airflow/dags/utils/helpers.py
[2025-12-01T19:39:26.472+0000] {processor.py:829} INFO - Processing file /opt/airflow/dags/utils/helpers.py for tasks to queue
[2025-12-01T19:39:26.476+0000] {logging_mixin.py:154} INFO - [2025-12-01T19:39:26.473+0000] {dagbag.py:536} INFO - Filling up the DagBag from /opt/airflow/dags/utils/helpers.py
[2025-12-01T19:39:26.478+0000] {processor.py:841} WARNING - No viable dags retrieved from /opt/airflow/dags/utils/helpers.py
[2025-12-01T19:39:26.496+0000] {processor.py:179} INFO - Processing /opt/airflow/dags/utils/helpers.py took 0.034 seconds
[2025-12-01T19:39:56.580+0000] {processor.py:157} INFO - Started process (PID=10091) to work on /opt/airflow/dags/utils/helpers.py
[2025-12-01T19:39:56.584+0000] {processor.py:829} INFO - Processing file /opt/airflow/dags/utils/helpers.py for tasks to queue
[2025-12-01T19:39:56.584+0000] {logging_mixin.py:154} INFO - [2025-12-01T19:39:56.584+0000] {dagbag.py:536} INFO - Filling up the DagBag from /opt/airflow/dags/utils/helpers.py
[2025-12-01T19:39:56.587+0000] {processor.py:841} WARNING - No viable dags retrieved from /opt/airflow/dags/utils/helpers.py
[2025-12-01T19:39:56.603+0000] {processor.py:179} INFO - Processing /opt/airflow/dags/utils/helpers.py took 0.027 seconds
[2025-12-01T19:40:27.000+0000] {processor.py:157} INFO - Started process (PID=10146) to work on /opt/airflow/dags/utils/helpers.py
[2025-12-01T19:40:27.001+0000] {processor.py:829} INFO - Processing file /opt/airflow/dags/utils/helpers.py for tasks to queue
[2025-12-01T19:40:27.002+0000] {logging_mixin.py:154} INFO - [2025-12-01T19:40:27.001+0000] {dagbag.py:536} INFO - Filling up the DagBag from /opt/airflow/dags/utils/helpers.py
[2025-12-01T19:40:27.004+0000] {processor.py:841} WARNING - No viable dags retrieved from /opt/airflow/dags/utils/helpers.py
[2025-12-01T19:40:27.020+0000] {processor.py:179} INFO - Processing /opt/airflow/dags/utils/helpers.py took 0.026 seconds
[2025-12-01T19:40:57.565+0000] {processor.py:157} INFO - Started process (PID=10189) to work on /opt/airflow/dags/utils/helpers.py
[2025-12-01T19:40:57.583+0000] {processor.py:829} INFO - Processing file /opt/airflow/dags/utils/helpers.py for tasks to queue
[2025-12-01T19:40:57.584+0000] {logging_mixin.py:154} INFO - [2025-12-01T19:40:57.584+0000] {dagbag.py:536} INFO - Filling up the DagBag from /opt/airflow/dags/utils/helpers.py
[2025-12-01T19:40:57.586+0000] {processor.py:841} WARNING - No viable dags retrieved from /opt/airflow/dags/utils/helpers.py
[2025-12-01T19:40:57.621+0000] {processor.py:179} INFO - Processing /opt/airflow/dags/utils/helpers.py took 0.064 seconds
[2025-12-01T19:41:27.695+0000] {processor.py:157} INFO - Started process (PID=10254) to work on /opt/airflow/dags/utils/helpers.py
[2025-12-01T19:41:27.696+0000] {processor.py:829} INFO - Processing file /opt/airflow/dags/utils/helpers.py for tasks to queue
[2025-12-01T19:41:27.697+0000] {logging_mixin.py:154} INFO - [2025-12-01T19:41:27.697+0000] {dagbag.py:536} INFO - Filling up the DagBag from /opt/airflow/dags/utils/helpers.py
[2025-12-01T19:41:27.699+0000] {processor.py:841} WARNING - No viable dags retrieved from /opt/airflow/dags/utils/helpers.py
[2025-12-01T19:41:27.712+0000] {processor.py:179} INFO - Processing /opt/airflow/dags/utils/helpers.py took 0.020 seconds
[2025-12-01T19:41:57.778+0000] {processor.py:157} INFO - Started process (PID=10312) to work on /opt/airflow/dags/utils/helpers.py
[2025-12-01T19:41:57.789+0000] {processor.py:829} INFO - Processing file /opt/airflow/dags/utils/helpers.py for tasks to queue
[2025-12-01T19:41:57.790+0000] {logging_mixin.py:154} INFO - [2025-12-01T19:41:57.789+0000] {dagbag.py:536} INFO - Filling up the DagBag from /opt/airflow/dags/utils/helpers.py
[2025-12-01T19:41:57.792+0000] {processor.py:841} WARNING - No viable dags retrieved from /opt/airflow/dags/utils/helpers.py
[2025-12-01T19:41:57.816+0000] {processor.py:179} INFO - Processing /opt/airflow/dags/utils/helpers.py took 0.054 seconds
[2025-12-01T19:42:28.431+0000] {processor.py:157} INFO - Started process (PID=10371) to work on /opt/airflow/dags/utils/helpers.py
[2025-12-01T19:42:28.436+0000] {processor.py:829} INFO - Processing file /opt/airflow/dags/utils/helpers.py for tasks to queue
[2025-12-01T19:42:28.437+0000] {logging_mixin.py:154} INFO - [2025-12-01T19:42:28.436+0000] {dagbag.py:536} INFO - Filling up the DagBag from /opt/airflow/dags/utils/helpers.py
[2025-12-01T19:42:28.439+0000] {processor.py:841} WARNING - No viable dags retrieved from /opt/airflow/dags/utils/helpers.py
[2025-12-01T19:42:28.451+0000] {processor.py:179} INFO - Processing /opt/airflow/dags/utils/helpers.py took 0.024 seconds
[2025-12-01T19:42:59.013+0000] {processor.py:157} INFO - Started process (PID=10437) to work on /opt/airflow/dags/utils/helpers.py
[2025-12-01T19:42:59.020+0000] {processor.py:829} INFO - Processing file /opt/airflow/dags/utils/helpers.py for tasks to queue
[2025-12-01T19:42:59.020+0000] {logging_mixin.py:154} INFO - [2025-12-01T19:42:59.020+0000] {dagbag.py:536} INFO - Filling up the DagBag from /opt/airflow/dags/utils/helpers.py
[2025-12-01T19:42:59.023+0000] {processor.py:841} WARNING - No viable dags retrieved from /opt/airflow/dags/utils/helpers.py
[2025-12-01T19:42:59.039+0000] {processor.py:179} INFO - Processing /opt/airflow/dags/utils/helpers.py took 0.029 seconds
[2025-12-01T19:43:29.647+0000] {processor.py:157} INFO - Started process (PID=10496) to work on /opt/airflow/dags/utils/helpers.py
[2025-12-01T19:43:29.648+0000] {processor.py:829} INFO - Processing file /opt/airflow/dags/utils/helpers.py for tasks to queue
[2025-12-01T19:43:29.649+0000] {logging_mixin.py:154} INFO - [2025-12-01T19:43:29.648+0000] {dagbag.py:536} INFO - Filling up the DagBag from /opt/airflow/dags/utils/helpers.py
[2025-12-01T19:43:29.655+0000] {processor.py:841} WARNING - No viable dags retrieved from /opt/airflow/dags/utils/helpers.py
[2025-12-01T19:43:29.672+0000] {processor.py:179} INFO - Processing /opt/airflow/dags/utils/helpers.py took 0.030 seconds
[2025-12-01T19:43:59.956+0000] {processor.py:157} INFO - Started process (PID=10561) to work on /opt/airflow/dags/utils/helpers.py
[2025-12-01T19:43:59.969+0000] {processor.py:829} INFO - Processing file /opt/airflow/dags/utils/helpers.py for tasks to queue
[2025-12-01T19:43:59.970+0000] {logging_mixin.py:154} INFO - [2025-12-01T19:43:59.969+0000] {dagbag.py:536} INFO - Filling up the DagBag from /opt/airflow/dags/utils/helpers.py
[2025-12-01T19:43:59.980+0000] {processor.py:841} WARNING - No viable dags retrieved from /opt/airflow/dags/utils/helpers.py
[2025-12-01T19:44:00.001+0000] {processor.py:179} INFO - Processing /opt/airflow/dags/utils/helpers.py took 0.056 seconds
[2025-12-01T19:44:30.132+0000] {processor.py:157} INFO - Started process (PID=10618) to work on /opt/airflow/dags/utils/helpers.py
[2025-12-01T19:44:30.144+0000] {processor.py:829} INFO - Processing file /opt/airflow/dags/utils/helpers.py for tasks to queue
[2025-12-01T19:44:30.144+0000] {logging_mixin.py:154} INFO - [2025-12-01T19:44:30.144+0000] {dagbag.py:536} INFO - Filling up the DagBag from /opt/airflow/dags/utils/helpers.py
[2025-12-01T19:44:30.146+0000] {processor.py:841} WARNING - No viable dags retrieved from /opt/airflow/dags/utils/helpers.py
[2025-12-01T19:44:30.175+0000] {processor.py:179} INFO - Processing /opt/airflow/dags/utils/helpers.py took 0.053 seconds
[2025-12-01T19:45:00.366+0000] {processor.py:157} INFO - Started process (PID=10675) to work on /opt/airflow/dags/utils/helpers.py
[2025-12-01T19:45:00.382+0000] {processor.py:829} INFO - Processing file /opt/airflow/dags/utils/helpers.py for tasks to queue
[2025-12-01T19:45:00.384+0000] {logging_mixin.py:154} INFO - [2025-12-01T19:45:00.382+0000] {dagbag.py:536} INFO - Filling up the DagBag from /opt/airflow/dags/utils/helpers.py
[2025-12-01T19:45:00.387+0000] {processor.py:841} WARNING - No viable dags retrieved from /opt/airflow/dags/utils/helpers.py
[2025-12-01T19:45:00.427+0000] {processor.py:179} INFO - Processing /opt/airflow/dags/utils/helpers.py took 0.064 seconds
[2025-12-01T19:45:30.509+0000] {processor.py:157} INFO - Started process (PID=10738) to work on /opt/airflow/dags/utils/helpers.py
[2025-12-01T19:45:30.510+0000] {processor.py:829} INFO - Processing file /opt/airflow/dags/utils/helpers.py for tasks to queue
[2025-12-01T19:45:30.510+0000] {logging_mixin.py:154} INFO - [2025-12-01T19:45:30.510+0000] {dagbag.py:536} INFO - Filling up the DagBag from /opt/airflow/dags/utils/helpers.py
[2025-12-01T19:45:30.512+0000] {processor.py:841} WARNING - No viable dags retrieved from /opt/airflow/dags/utils/helpers.py
[2025-12-01T19:45:30.538+0000] {processor.py:179} INFO - Processing /opt/airflow/dags/utils/helpers.py took 0.033 seconds
[2025-12-01T19:46:01.233+0000] {processor.py:157} INFO - Started process (PID=10796) to work on /opt/airflow/dags/utils/helpers.py
[2025-12-01T19:46:01.235+0000] {processor.py:829} INFO - Processing file /opt/airflow/dags/utils/helpers.py for tasks to queue
[2025-12-01T19:46:01.236+0000] {logging_mixin.py:154} INFO - [2025-12-01T19:46:01.235+0000] {dagbag.py:536} INFO - Filling up the DagBag from /opt/airflow/dags/utils/helpers.py
[2025-12-01T19:46:01.238+0000] {processor.py:841} WARNING - No viable dags retrieved from /opt/airflow/dags/utils/helpers.py
[2025-12-01T19:46:01.251+0000] {processor.py:179} INFO - Processing /opt/airflow/dags/utils/helpers.py took 0.021 seconds
[2025-12-01T19:46:31.905+0000] {processor.py:157} INFO - Started process (PID=10862) to work on /opt/airflow/dags/utils/helpers.py
[2025-12-01T19:46:31.906+0000] {processor.py:829} INFO - Processing file /opt/airflow/dags/utils/helpers.py for tasks to queue
[2025-12-01T19:46:31.910+0000] {logging_mixin.py:154} INFO - [2025-12-01T19:46:31.909+0000] {dagbag.py:536} INFO - Filling up the DagBag from /opt/airflow/dags/utils/helpers.py
[2025-12-01T19:46:31.911+0000] {processor.py:841} WARNING - No viable dags retrieved from /opt/airflow/dags/utils/helpers.py
[2025-12-01T19:46:31.929+0000] {processor.py:179} INFO - Processing /opt/airflow/dags/utils/helpers.py took 0.028 seconds
[2025-12-01T19:47:02.646+0000] {processor.py:157} INFO - Started process (PID=10918) to work on /opt/airflow/dags/utils/helpers.py
[2025-12-01T19:47:02.648+0000] {processor.py:829} INFO - Processing file /opt/airflow/dags/utils/helpers.py for tasks to queue
[2025-12-01T19:47:02.649+0000] {logging_mixin.py:154} INFO - [2025-12-01T19:47:02.649+0000] {dagbag.py:536} INFO - Filling up the DagBag from /opt/airflow/dags/utils/helpers.py
[2025-12-01T19:47:02.652+0000] {processor.py:841} WARNING - No viable dags retrieved from /opt/airflow/dags/utils/helpers.py
[2025-12-01T19:47:02.669+0000] {processor.py:179} INFO - Processing /opt/airflow/dags/utils/helpers.py took 0.044 seconds
[2025-12-01T19:47:32.845+0000] {processor.py:157} INFO - Started process (PID=10960) to work on /opt/airflow/dags/utils/helpers.py
[2025-12-01T19:47:32.846+0000] {processor.py:829} INFO - Processing file /opt/airflow/dags/utils/helpers.py for tasks to queue
[2025-12-01T19:47:32.846+0000] {logging_mixin.py:154} INFO - [2025-12-01T19:47:32.846+0000] {dagbag.py:536} INFO - Filling up the DagBag from /opt/airflow/dags/utils/helpers.py
[2025-12-01T19:47:32.849+0000] {processor.py:841} WARNING - No viable dags retrieved from /opt/airflow/dags/utils/helpers.py
[2025-12-01T19:47:32.862+0000] {processor.py:179} INFO - Processing /opt/airflow/dags/utils/helpers.py took 0.021 seconds
[2025-12-01T19:48:03.031+0000] {processor.py:157} INFO - Started process (PID=11025) to work on /opt/airflow/dags/utils/helpers.py
[2025-12-01T19:48:03.039+0000] {processor.py:829} INFO - Processing file /opt/airflow/dags/utils/helpers.py for tasks to queue
[2025-12-01T19:48:03.039+0000] {logging_mixin.py:154} INFO - [2025-12-01T19:48:03.039+0000] {dagbag.py:536} INFO - Filling up the DagBag from /opt/airflow/dags/utils/helpers.py
[2025-12-01T19:48:03.043+0000] {processor.py:841} WARNING - No viable dags retrieved from /opt/airflow/dags/utils/helpers.py
[2025-12-01T19:48:03.077+0000] {processor.py:179} INFO - Processing /opt/airflow/dags/utils/helpers.py took 0.059 seconds
[2025-12-01T19:48:33.856+0000] {processor.py:157} INFO - Started process (PID=11083) to work on /opt/airflow/dags/utils/helpers.py
[2025-12-01T19:48:33.857+0000] {processor.py:829} INFO - Processing file /opt/airflow/dags/utils/helpers.py for tasks to queue
[2025-12-01T19:48:33.858+0000] {logging_mixin.py:154} INFO - [2025-12-01T19:48:33.858+0000] {dagbag.py:536} INFO - Filling up the DagBag from /opt/airflow/dags/utils/helpers.py
[2025-12-01T19:48:33.860+0000] {processor.py:841} WARNING - No viable dags retrieved from /opt/airflow/dags/utils/helpers.py
[2025-12-01T19:48:33.884+0000] {processor.py:179} INFO - Processing /opt/airflow/dags/utils/helpers.py took 0.035 seconds
[2025-12-01T19:49:04.624+0000] {processor.py:157} INFO - Started process (PID=11141) to work on /opt/airflow/dags/utils/helpers.py
[2025-12-01T19:49:04.625+0000] {processor.py:829} INFO - Processing file /opt/airflow/dags/utils/helpers.py for tasks to queue
[2025-12-01T19:49:04.626+0000] {logging_mixin.py:154} INFO - [2025-12-01T19:49:04.626+0000] {dagbag.py:536} INFO - Filling up the DagBag from /opt/airflow/dags/utils/helpers.py
[2025-12-01T19:49:04.628+0000] {processor.py:841} WARNING - No viable dags retrieved from /opt/airflow/dags/utils/helpers.py
[2025-12-01T19:49:04.658+0000] {processor.py:179} INFO - Processing /opt/airflow/dags/utils/helpers.py took 0.045 seconds
[2025-12-01T19:49:35.379+0000] {processor.py:157} INFO - Started process (PID=11205) to work on /opt/airflow/dags/utils/helpers.py
[2025-12-01T19:49:35.383+0000] {processor.py:829} INFO - Processing file /opt/airflow/dags/utils/helpers.py for tasks to queue
[2025-12-01T19:49:35.383+0000] {logging_mixin.py:154} INFO - [2025-12-01T19:49:35.383+0000] {dagbag.py:536} INFO - Filling up the DagBag from /opt/airflow/dags/utils/helpers.py
[2025-12-01T19:49:35.393+0000] {processor.py:841} WARNING - No viable dags retrieved from /opt/airflow/dags/utils/helpers.py
[2025-12-01T19:49:35.409+0000] {processor.py:179} INFO - Processing /opt/airflow/dags/utils/helpers.py took 0.034 seconds
[2025-12-01T19:50:06.032+0000] {processor.py:157} INFO - Started process (PID=11263) to work on /opt/airflow/dags/utils/helpers.py
[2025-12-01T19:50:06.035+0000] {processor.py:829} INFO - Processing file /opt/airflow/dags/utils/helpers.py for tasks to queue
[2025-12-01T19:50:06.038+0000] {logging_mixin.py:154} INFO - [2025-12-01T19:50:06.038+0000] {dagbag.py:536} INFO - Filling up the DagBag from /opt/airflow/dags/utils/helpers.py
[2025-12-01T19:50:06.040+0000] {processor.py:841} WARNING - No viable dags retrieved from /opt/airflow/dags/utils/helpers.py
[2025-12-01T19:50:06.060+0000] {processor.py:179} INFO - Processing /opt/airflow/dags/utils/helpers.py took 0.035 seconds
[2025-12-01T19:50:36.709+0000] {processor.py:157} INFO - Started process (PID=11328) to work on /opt/airflow/dags/utils/helpers.py
[2025-12-01T19:50:36.719+0000] {processor.py:829} INFO - Processing file /opt/airflow/dags/utils/helpers.py for tasks to queue
[2025-12-01T19:50:36.720+0000] {logging_mixin.py:154} INFO - [2025-12-01T19:50:36.719+0000] {dagbag.py:536} INFO - Filling up the DagBag from /opt/airflow/dags/utils/helpers.py
[2025-12-01T19:50:36.722+0000] {processor.py:841} WARNING - No viable dags retrieved from /opt/airflow/dags/utils/helpers.py
[2025-12-01T19:50:36.748+0000] {processor.py:179} INFO - Processing /opt/airflow/dags/utils/helpers.py took 0.045 seconds
[2025-12-01T19:51:07.265+0000] {processor.py:157} INFO - Started process (PID=11386) to work on /opt/airflow/dags/utils/helpers.py
[2025-12-01T19:51:07.273+0000] {processor.py:829} INFO - Processing file /opt/airflow/dags/utils/helpers.py for tasks to queue
[2025-12-01T19:51:07.273+0000] {logging_mixin.py:154} INFO - [2025-12-01T19:51:07.273+0000] {dagbag.py:536} INFO - Filling up the DagBag from /opt/airflow/dags/utils/helpers.py
[2025-12-01T19:51:07.275+0000] {processor.py:841} WARNING - No viable dags retrieved from /opt/airflow/dags/utils/helpers.py
[2025-12-01T19:51:07.323+0000] {processor.py:179} INFO - Processing /opt/airflow/dags/utils/helpers.py took 0.072 seconds
[2025-12-01T19:51:38.070+0000] {processor.py:157} INFO - Started process (PID=11450) to work on /opt/airflow/dags/utils/helpers.py
[2025-12-01T19:51:38.071+0000] {processor.py:829} INFO - Processing file /opt/airflow/dags/utils/helpers.py for tasks to queue
[2025-12-01T19:51:38.072+0000] {logging_mixin.py:154} INFO - [2025-12-01T19:51:38.072+0000] {dagbag.py:536} INFO - Filling up the DagBag from /opt/airflow/dags/utils/helpers.py
[2025-12-01T19:51:38.081+0000] {processor.py:841} WARNING - No viable dags retrieved from /opt/airflow/dags/utils/helpers.py
[2025-12-01T19:51:38.128+0000] {processor.py:179} INFO - Processing /opt/airflow/dags/utils/helpers.py took 0.077 seconds
[2025-12-01T19:52:08.395+0000] {processor.py:157} INFO - Started process (PID=11508) to work on /opt/airflow/dags/utils/helpers.py
[2025-12-01T19:52:08.398+0000] {processor.py:829} INFO - Processing file /opt/airflow/dags/utils/helpers.py for tasks to queue
[2025-12-01T19:52:08.400+0000] {logging_mixin.py:154} INFO - [2025-12-01T19:52:08.399+0000] {dagbag.py:536} INFO - Filling up the DagBag from /opt/airflow/dags/utils/helpers.py
[2025-12-01T19:52:08.401+0000] {processor.py:841} WARNING - No viable dags retrieved from /opt/airflow/dags/utils/helpers.py
[2025-12-01T19:52:08.414+0000] {processor.py:179} INFO - Processing /opt/airflow/dags/utils/helpers.py took 0.025 seconds
[2025-12-01T19:52:38.564+0000] {processor.py:157} INFO - Started process (PID=11566) to work on /opt/airflow/dags/utils/helpers.py
[2025-12-01T19:52:38.565+0000] {processor.py:829} INFO - Processing file /opt/airflow/dags/utils/helpers.py for tasks to queue
[2025-12-01T19:52:38.566+0000] {logging_mixin.py:154} INFO - [2025-12-01T19:52:38.566+0000] {dagbag.py:536} INFO - Filling up the DagBag from /opt/airflow/dags/utils/helpers.py
[2025-12-01T19:52:38.568+0000] {processor.py:841} WARNING - No viable dags retrieved from /opt/airflow/dags/utils/helpers.py
[2025-12-01T19:52:38.592+0000] {processor.py:179} INFO - Processing /opt/airflow/dags/utils/helpers.py took 0.032 seconds
[2025-12-01T19:53:09.349+0000] {processor.py:157} INFO - Started process (PID=11630) to work on /opt/airflow/dags/utils/helpers.py
[2025-12-01T19:53:09.352+0000] {processor.py:829} INFO - Processing file /opt/airflow/dags/utils/helpers.py for tasks to queue
[2025-12-01T19:53:09.352+0000] {logging_mixin.py:154} INFO - [2025-12-01T19:53:09.352+0000] {dagbag.py:536} INFO - Filling up the DagBag from /opt/airflow/dags/utils/helpers.py
[2025-12-01T19:53:09.354+0000] {processor.py:841} WARNING - No viable dags retrieved from /opt/airflow/dags/utils/helpers.py
[2025-12-01T19:53:09.371+0000] {processor.py:179} INFO - Processing /opt/airflow/dags/utils/helpers.py took 0.034 seconds
[2025-12-01T19:53:39.791+0000] {processor.py:157} INFO - Started process (PID=11711) to work on /opt/airflow/dags/utils/helpers.py
[2025-12-01T19:53:39.799+0000] {processor.py:829} INFO - Processing file /opt/airflow/dags/utils/helpers.py for tasks to queue
[2025-12-01T19:53:39.805+0000] {logging_mixin.py:154} INFO - [2025-12-01T19:53:39.802+0000] {dagbag.py:536} INFO - Filling up the DagBag from /opt/airflow/dags/utils/helpers.py
[2025-12-01T19:53:39.814+0000] {processor.py:841} WARNING - No viable dags retrieved from /opt/airflow/dags/utils/helpers.py
[2025-12-01T19:53:39.838+0000] {processor.py:179} INFO - Processing /opt/airflow/dags/utils/helpers.py took 0.054 seconds
[2025-12-01T19:54:10.388+0000] {processor.py:157} INFO - Started process (PID=11773) to work on /opt/airflow/dags/utils/helpers.py
[2025-12-01T19:54:10.394+0000] {processor.py:829} INFO - Processing file /opt/airflow/dags/utils/helpers.py for tasks to queue
[2025-12-01T19:54:10.395+0000] {logging_mixin.py:154} INFO - [2025-12-01T19:54:10.395+0000] {dagbag.py:536} INFO - Filling up the DagBag from /opt/airflow/dags/utils/helpers.py
[2025-12-01T19:54:10.397+0000] {processor.py:841} WARNING - No viable dags retrieved from /opt/airflow/dags/utils/helpers.py
[2025-12-01T19:54:10.421+0000] {processor.py:179} INFO - Processing /opt/airflow/dags/utils/helpers.py took 0.037 seconds
[2025-12-01T19:54:41.089+0000] {processor.py:157} INFO - Started process (PID=11818) to work on /opt/airflow/dags/utils/helpers.py
[2025-12-01T19:54:41.089+0000] {processor.py:829} INFO - Processing file /opt/airflow/dags/utils/helpers.py for tasks to queue
[2025-12-01T19:54:41.090+0000] {logging_mixin.py:154} INFO - [2025-12-01T19:54:41.090+0000] {dagbag.py:536} INFO - Filling up the DagBag from /opt/airflow/dags/utils/helpers.py
[2025-12-01T19:54:41.092+0000] {processor.py:841} WARNING - No viable dags retrieved from /opt/airflow/dags/utils/helpers.py
[2025-12-01T19:54:41.107+0000] {processor.py:179} INFO - Processing /opt/airflow/dags/utils/helpers.py took 0.024 seconds
[2025-12-01T19:55:11.463+0000] {processor.py:157} INFO - Started process (PID=11880) to work on /opt/airflow/dags/utils/helpers.py
[2025-12-01T19:55:11.467+0000] {processor.py:829} INFO - Processing file /opt/airflow/dags/utils/helpers.py for tasks to queue
[2025-12-01T19:55:11.468+0000] {logging_mixin.py:154} INFO - [2025-12-01T19:55:11.467+0000] {dagbag.py:536} INFO - Filling up the DagBag from /opt/airflow/dags/utils/helpers.py
[2025-12-01T19:55:11.470+0000] {processor.py:841} WARNING - No viable dags retrieved from /opt/airflow/dags/utils/helpers.py
[2025-12-01T19:55:11.489+0000] {processor.py:179} INFO - Processing /opt/airflow/dags/utils/helpers.py took 0.032 seconds
[2025-12-01T19:55:42.168+0000] {processor.py:157} INFO - Started process (PID=11939) to work on /opt/airflow/dags/utils/helpers.py
[2025-12-01T19:55:42.176+0000] {processor.py:829} INFO - Processing file /opt/airflow/dags/utils/helpers.py for tasks to queue
[2025-12-01T19:55:42.177+0000] {logging_mixin.py:154} INFO - [2025-12-01T19:55:42.176+0000] {dagbag.py:536} INFO - Filling up the DagBag from /opt/airflow/dags/utils/helpers.py
[2025-12-01T19:55:42.179+0000] {processor.py:841} WARNING - No viable dags retrieved from /opt/airflow/dags/utils/helpers.py
[2025-12-01T19:55:42.196+0000] {processor.py:179} INFO - Processing /opt/airflow/dags/utils/helpers.py took 0.035 seconds
[2025-12-01T19:56:12.745+0000] {processor.py:157} INFO - Started process (PID=12004) to work on /opt/airflow/dags/utils/helpers.py
[2025-12-01T19:56:12.750+0000] {processor.py:829} INFO - Processing file /opt/airflow/dags/utils/helpers.py for tasks to queue
[2025-12-01T19:56:12.751+0000] {logging_mixin.py:154} INFO - [2025-12-01T19:56:12.751+0000] {dagbag.py:536} INFO - Filling up the DagBag from /opt/airflow/dags/utils/helpers.py
[2025-12-01T19:56:12.753+0000] {processor.py:841} WARNING - No viable dags retrieved from /opt/airflow/dags/utils/helpers.py
[2025-12-01T19:56:12.770+0000] {processor.py:179} INFO - Processing /opt/airflow/dags/utils/helpers.py took 0.031 seconds
[2025-12-01T19:56:43.433+0000] {processor.py:157} INFO - Started process (PID=12071) to work on /opt/airflow/dags/utils/helpers.py
[2025-12-01T19:56:43.434+0000] {processor.py:829} INFO - Processing file /opt/airflow/dags/utils/helpers.py for tasks to queue
[2025-12-01T19:56:43.435+0000] {logging_mixin.py:154} INFO - [2025-12-01T19:56:43.434+0000] {dagbag.py:536} INFO - Filling up the DagBag from /opt/airflow/dags/utils/helpers.py
[2025-12-01T19:56:43.438+0000] {processor.py:841} WARNING - No viable dags retrieved from /opt/airflow/dags/utils/helpers.py
[2025-12-01T19:56:43.454+0000] {processor.py:179} INFO - Processing /opt/airflow/dags/utils/helpers.py took 0.035 seconds
[2025-12-01T19:57:13.775+0000] {processor.py:157} INFO - Started process (PID=12147) to work on /opt/airflow/dags/utils/helpers.py
[2025-12-01T19:57:13.776+0000] {processor.py:829} INFO - Processing file /opt/airflow/dags/utils/helpers.py for tasks to queue
[2025-12-01T19:57:13.776+0000] {logging_mixin.py:154} INFO - [2025-12-01T19:57:13.776+0000] {dagbag.py:536} INFO - Filling up the DagBag from /opt/airflow/dags/utils/helpers.py
[2025-12-01T19:57:13.778+0000] {processor.py:841} WARNING - No viable dags retrieved from /opt/airflow/dags/utils/helpers.py
[2025-12-01T19:57:13.788+0000] {processor.py:179} INFO - Processing /opt/airflow/dags/utils/helpers.py took 0.017 seconds
[2025-12-01T19:57:44.081+0000] {processor.py:157} INFO - Started process (PID=12205) to work on /opt/airflow/dags/utils/helpers.py
[2025-12-01T19:57:44.081+0000] {processor.py:829} INFO - Processing file /opt/airflow/dags/utils/helpers.py for tasks to queue
[2025-12-01T19:57:44.082+0000] {logging_mixin.py:154} INFO - [2025-12-01T19:57:44.082+0000] {dagbag.py:536} INFO - Filling up the DagBag from /opt/airflow/dags/utils/helpers.py
[2025-12-01T19:57:44.083+0000] {processor.py:841} WARNING - No viable dags retrieved from /opt/airflow/dags/utils/helpers.py
[2025-12-01T19:57:44.094+0000] {processor.py:179} INFO - Processing /opt/airflow/dags/utils/helpers.py took 0.017 seconds
[2025-12-01T19:58:14.203+0000] {processor.py:157} INFO - Started process (PID=12270) to work on /opt/airflow/dags/utils/helpers.py
[2025-12-01T19:58:14.204+0000] {processor.py:829} INFO - Processing file /opt/airflow/dags/utils/helpers.py for tasks to queue
[2025-12-01T19:58:14.204+0000] {logging_mixin.py:154} INFO - [2025-12-01T19:58:14.204+0000] {dagbag.py:536} INFO - Filling up the DagBag from /opt/airflow/dags/utils/helpers.py
[2025-12-01T19:58:14.206+0000] {processor.py:841} WARNING - No viable dags retrieved from /opt/airflow/dags/utils/helpers.py
[2025-12-01T19:58:14.216+0000] {processor.py:179} INFO - Processing /opt/airflow/dags/utils/helpers.py took 0.016 seconds
[2025-12-01T19:58:44.645+0000] {processor.py:157} INFO - Started process (PID=12458) to work on /opt/airflow/dags/utils/helpers.py
[2025-12-01T19:58:44.647+0000] {processor.py:829} INFO - Processing file /opt/airflow/dags/utils/helpers.py for tasks to queue
[2025-12-01T19:58:44.648+0000] {logging_mixin.py:154} INFO - [2025-12-01T19:58:44.648+0000] {dagbag.py:536} INFO - Filling up the DagBag from /opt/airflow/dags/utils/helpers.py
[2025-12-01T19:58:44.657+0000] {processor.py:841} WARNING - No viable dags retrieved from /opt/airflow/dags/utils/helpers.py
[2025-12-01T19:58:44.678+0000] {processor.py:179} INFO - Processing /opt/airflow/dags/utils/helpers.py took 0.050 seconds
[2025-12-01T19:59:15.461+0000] {processor.py:157} INFO - Started process (PID=12647) to work on /opt/airflow/dags/utils/helpers.py
[2025-12-01T19:59:15.463+0000] {processor.py:829} INFO - Processing file /opt/airflow/dags/utils/helpers.py for tasks to queue
[2025-12-01T19:59:15.464+0000] {logging_mixin.py:154} INFO - [2025-12-01T19:59:15.463+0000] {dagbag.py:536} INFO - Filling up the DagBag from /opt/airflow/dags/utils/helpers.py
[2025-12-01T19:59:15.469+0000] {processor.py:841} WARNING - No viable dags retrieved from /opt/airflow/dags/utils/helpers.py
[2025-12-01T19:59:15.510+0000] {processor.py:179} INFO - Processing /opt/airflow/dags/utils/helpers.py took 0.053 seconds
[2025-12-01T19:59:45.719+0000] {processor.py:157} INFO - Started process (PID=12706) to work on /opt/airflow/dags/utils/helpers.py
[2025-12-01T19:59:45.720+0000] {processor.py:829} INFO - Processing file /opt/airflow/dags/utils/helpers.py for tasks to queue
[2025-12-01T19:59:45.721+0000] {logging_mixin.py:154} INFO - [2025-12-01T19:59:45.721+0000] {dagbag.py:536} INFO - Filling up the DagBag from /opt/airflow/dags/utils/helpers.py
[2025-12-01T19:59:45.723+0000] {processor.py:841} WARNING - No viable dags retrieved from /opt/airflow/dags/utils/helpers.py
[2025-12-01T19:59:45.744+0000] {processor.py:179} INFO - Processing /opt/airflow/dags/utils/helpers.py took 0.031 seconds
[2025-12-01T20:00:16.162+0000] {processor.py:157} INFO - Started process (PID=12764) to work on /opt/airflow/dags/utils/helpers.py
[2025-12-01T20:00:16.164+0000] {processor.py:829} INFO - Processing file /opt/airflow/dags/utils/helpers.py for tasks to queue
[2025-12-01T20:00:16.164+0000] {logging_mixin.py:154} INFO - [2025-12-01T20:00:16.164+0000] {dagbag.py:536} INFO - Filling up the DagBag from /opt/airflow/dags/utils/helpers.py
[2025-12-01T20:00:16.167+0000] {processor.py:841} WARNING - No viable dags retrieved from /opt/airflow/dags/utils/helpers.py
[2025-12-01T20:00:16.180+0000] {processor.py:179} INFO - Processing /opt/airflow/dags/utils/helpers.py took 0.021 seconds
[2025-12-01T20:00:47.955+0000] {processor.py:157} INFO - Started process (PID=12828) to work on /opt/airflow/dags/utils/helpers.py
[2025-12-01T20:00:47.962+0000] {processor.py:829} INFO - Processing file /opt/airflow/dags/utils/helpers.py for tasks to queue
[2025-12-01T20:00:47.963+0000] {logging_mixin.py:154} INFO - [2025-12-01T20:00:47.963+0000] {dagbag.py:536} INFO - Filling up the DagBag from /opt/airflow/dags/utils/helpers.py
[2025-12-01T20:00:47.968+0000] {processor.py:841} WARNING - No viable dags retrieved from /opt/airflow/dags/utils/helpers.py
[2025-12-01T20:00:47.995+0000] {processor.py:179} INFO - Processing /opt/airflow/dags/utils/helpers.py took 0.043 seconds
[2025-12-01T20:01:18.962+0000] {processor.py:157} INFO - Started process (PID=12893) to work on /opt/airflow/dags/utils/helpers.py
[2025-12-01T20:01:18.963+0000] {processor.py:829} INFO - Processing file /opt/airflow/dags/utils/helpers.py for tasks to queue
[2025-12-01T20:01:18.964+0000] {logging_mixin.py:154} INFO - [2025-12-01T20:01:18.964+0000] {dagbag.py:536} INFO - Filling up the DagBag from /opt/airflow/dags/utils/helpers.py
[2025-12-01T20:01:18.966+0000] {processor.py:841} WARNING - No viable dags retrieved from /opt/airflow/dags/utils/helpers.py
[2025-12-01T20:01:18.982+0000] {processor.py:179} INFO - Processing /opt/airflow/dags/utils/helpers.py took 0.025 seconds
[2025-12-01T20:01:49.059+0000] {processor.py:157} INFO - Started process (PID=12950) to work on /opt/airflow/dags/utils/helpers.py
[2025-12-01T20:01:49.060+0000] {processor.py:829} INFO - Processing file /opt/airflow/dags/utils/helpers.py for tasks to queue
[2025-12-01T20:01:49.061+0000] {logging_mixin.py:154} INFO - [2025-12-01T20:01:49.060+0000] {dagbag.py:536} INFO - Filling up the DagBag from /opt/airflow/dags/utils/helpers.py
[2025-12-01T20:01:49.063+0000] {processor.py:841} WARNING - No viable dags retrieved from /opt/airflow/dags/utils/helpers.py
[2025-12-01T20:01:49.087+0000] {processor.py:179} INFO - Processing /opt/airflow/dags/utils/helpers.py took 0.035 seconds
[2025-12-01T20:02:19.307+0000] {processor.py:157} INFO - Started process (PID=13009) to work on /opt/airflow/dags/utils/helpers.py
[2025-12-01T20:02:19.314+0000] {processor.py:829} INFO - Processing file /opt/airflow/dags/utils/helpers.py for tasks to queue
[2025-12-01T20:02:19.315+0000] {logging_mixin.py:154} INFO - [2025-12-01T20:02:19.315+0000] {dagbag.py:536} INFO - Filling up the DagBag from /opt/airflow/dags/utils/helpers.py
[2025-12-01T20:02:19.322+0000] {processor.py:841} WARNING - No viable dags retrieved from /opt/airflow/dags/utils/helpers.py
[2025-12-01T20:02:19.341+0000] {processor.py:179} INFO - Processing /opt/airflow/dags/utils/helpers.py took 0.046 seconds
[2025-12-01T20:02:49.541+0000] {processor.py:157} INFO - Started process (PID=13074) to work on /opt/airflow/dags/utils/helpers.py
[2025-12-01T20:02:49.542+0000] {processor.py:829} INFO - Processing file /opt/airflow/dags/utils/helpers.py for tasks to queue
[2025-12-01T20:02:49.543+0000] {logging_mixin.py:154} INFO - [2025-12-01T20:02:49.543+0000] {dagbag.py:536} INFO - Filling up the DagBag from /opt/airflow/dags/utils/helpers.py
[2025-12-01T20:02:49.545+0000] {processor.py:841} WARNING - No viable dags retrieved from /opt/airflow/dags/utils/helpers.py
[2025-12-01T20:02:49.558+0000] {processor.py:179} INFO - Processing /opt/airflow/dags/utils/helpers.py took 0.022 seconds
[2025-12-01T20:03:20.135+0000] {processor.py:157} INFO - Started process (PID=13130) to work on /opt/airflow/dags/utils/helpers.py
[2025-12-01T20:03:20.136+0000] {processor.py:829} INFO - Processing file /opt/airflow/dags/utils/helpers.py for tasks to queue
[2025-12-01T20:03:20.137+0000] {logging_mixin.py:154} INFO - [2025-12-01T20:03:20.137+0000] {dagbag.py:536} INFO - Filling up the DagBag from /opt/airflow/dags/utils/helpers.py
[2025-12-01T20:03:20.139+0000] {processor.py:841} WARNING - No viable dags retrieved from /opt/airflow/dags/utils/helpers.py
[2025-12-01T20:03:20.151+0000] {processor.py:179} INFO - Processing /opt/airflow/dags/utils/helpers.py took 0.019 seconds
[2025-12-01T20:03:50.473+0000] {processor.py:157} INFO - Started process (PID=13180) to work on /opt/airflow/dags/utils/helpers.py
[2025-12-01T20:03:50.478+0000] {processor.py:829} INFO - Processing file /opt/airflow/dags/utils/helpers.py for tasks to queue
[2025-12-01T20:03:50.479+0000] {logging_mixin.py:154} INFO - [2025-12-01T20:03:50.478+0000] {dagbag.py:536} INFO - Filling up the DagBag from /opt/airflow/dags/utils/helpers.py
[2025-12-01T20:03:50.481+0000] {processor.py:841} WARNING - No viable dags retrieved from /opt/airflow/dags/utils/helpers.py
[2025-12-01T20:03:50.500+0000] {processor.py:179} INFO - Processing /opt/airflow/dags/utils/helpers.py took 0.030 seconds
[2025-12-01T20:04:21.494+0000] {processor.py:157} INFO - Started process (PID=13237) to work on /opt/airflow/dags/utils/helpers.py
[2025-12-01T20:04:21.496+0000] {processor.py:829} INFO - Processing file /opt/airflow/dags/utils/helpers.py for tasks to queue
[2025-12-01T20:04:21.496+0000] {logging_mixin.py:154} INFO - [2025-12-01T20:04:21.496+0000] {dagbag.py:536} INFO - Filling up the DagBag from /opt/airflow/dags/utils/helpers.py
[2025-12-01T20:04:21.498+0000] {processor.py:841} WARNING - No viable dags retrieved from /opt/airflow/dags/utils/helpers.py
[2025-12-01T20:04:21.521+0000] {processor.py:179} INFO - Processing /opt/airflow/dags/utils/helpers.py took 0.034 seconds
[2025-12-01T20:04:52.377+0000] {processor.py:157} INFO - Started process (PID=13303) to work on /opt/airflow/dags/utils/helpers.py
[2025-12-01T20:04:52.378+0000] {processor.py:829} INFO - Processing file /opt/airflow/dags/utils/helpers.py for tasks to queue
[2025-12-01T20:04:52.379+0000] {logging_mixin.py:154} INFO - [2025-12-01T20:04:52.378+0000] {dagbag.py:536} INFO - Filling up the DagBag from /opt/airflow/dags/utils/helpers.py
[2025-12-01T20:04:52.381+0000] {processor.py:841} WARNING - No viable dags retrieved from /opt/airflow/dags/utils/helpers.py
[2025-12-01T20:04:52.405+0000] {processor.py:179} INFO - Processing /opt/airflow/dags/utils/helpers.py took 0.034 seconds
[2025-12-01T20:05:22.763+0000] {processor.py:157} INFO - Started process (PID=13363) to work on /opt/airflow/dags/utils/helpers.py
[2025-12-01T20:05:22.764+0000] {processor.py:829} INFO - Processing file /opt/airflow/dags/utils/helpers.py for tasks to queue
[2025-12-01T20:05:22.765+0000] {logging_mixin.py:154} INFO - [2025-12-01T20:05:22.765+0000] {dagbag.py:536} INFO - Filling up the DagBag from /opt/airflow/dags/utils/helpers.py
[2025-12-01T20:05:22.767+0000] {processor.py:841} WARNING - No viable dags retrieved from /opt/airflow/dags/utils/helpers.py
[2025-12-01T20:05:22.788+0000] {processor.py:179} INFO - Processing /opt/airflow/dags/utils/helpers.py took 0.031 seconds
[2025-12-01T20:29:34.189+0000] {processor.py:157} INFO - Started process (PID=188) to work on /opt/airflow/dags/utils/helpers.py
[2025-12-01T20:29:34.190+0000] {processor.py:829} INFO - Processing file /opt/airflow/dags/utils/helpers.py for tasks to queue
[2025-12-01T20:29:34.191+0000] {logging_mixin.py:154} INFO - [2025-12-01T20:29:34.190+0000] {dagbag.py:536} INFO - Filling up the DagBag from /opt/airflow/dags/utils/helpers.py
[2025-12-01T20:29:34.192+0000] {processor.py:841} WARNING - No viable dags retrieved from /opt/airflow/dags/utils/helpers.py
[2025-12-01T20:29:34.205+0000] {processor.py:179} INFO - Processing /opt/airflow/dags/utils/helpers.py took 0.020 seconds
[2025-12-01T20:30:04.908+0000] {processor.py:157} INFO - Started process (PID=518) to work on /opt/airflow/dags/utils/helpers.py
[2025-12-01T20:30:04.922+0000] {processor.py:829} INFO - Processing file /opt/airflow/dags/utils/helpers.py for tasks to queue
[2025-12-01T20:30:04.925+0000] {logging_mixin.py:154} INFO - [2025-12-01T20:30:04.925+0000] {dagbag.py:536} INFO - Filling up the DagBag from /opt/airflow/dags/utils/helpers.py
[2025-12-01T20:30:04.927+0000] {processor.py:841} WARNING - No viable dags retrieved from /opt/airflow/dags/utils/helpers.py
[2025-12-01T20:30:04.958+0000] {processor.py:179} INFO - Processing /opt/airflow/dags/utils/helpers.py took 0.054 seconds
[2025-12-01T20:30:35.246+0000] {processor.py:157} INFO - Started process (PID=620) to work on /opt/airflow/dags/utils/helpers.py
[2025-12-01T20:30:35.252+0000] {processor.py:829} INFO - Processing file /opt/airflow/dags/utils/helpers.py for tasks to queue
[2025-12-01T20:30:35.255+0000] {logging_mixin.py:154} INFO - [2025-12-01T20:30:35.254+0000] {dagbag.py:536} INFO - Filling up the DagBag from /opt/airflow/dags/utils/helpers.py
[2025-12-01T20:30:35.259+0000] {processor.py:841} WARNING - No viable dags retrieved from /opt/airflow/dags/utils/helpers.py
[2025-12-01T20:30:35.279+0000] {processor.py:179} INFO - Processing /opt/airflow/dags/utils/helpers.py took 0.037 seconds
[2025-12-01T20:31:05.606+0000] {processor.py:157} INFO - Started process (PID=677) to work on /opt/airflow/dags/utils/helpers.py
[2025-12-01T20:31:05.609+0000] {processor.py:829} INFO - Processing file /opt/airflow/dags/utils/helpers.py for tasks to queue
[2025-12-01T20:31:05.615+0000] {logging_mixin.py:154} INFO - [2025-12-01T20:31:05.614+0000] {dagbag.py:536} INFO - Filling up the DagBag from /opt/airflow/dags/utils/helpers.py
[2025-12-01T20:31:05.623+0000] {processor.py:841} WARNING - No viable dags retrieved from /opt/airflow/dags/utils/helpers.py
[2025-12-01T20:31:05.660+0000] {processor.py:179} INFO - Processing /opt/airflow/dags/utils/helpers.py took 0.062 seconds
[2025-12-01T20:31:36.041+0000] {processor.py:157} INFO - Started process (PID=742) to work on /opt/airflow/dags/utils/helpers.py
[2025-12-01T20:31:36.045+0000] {processor.py:829} INFO - Processing file /opt/airflow/dags/utils/helpers.py for tasks to queue
[2025-12-01T20:31:36.046+0000] {logging_mixin.py:154} INFO - [2025-12-01T20:31:36.045+0000] {dagbag.py:536} INFO - Filling up the DagBag from /opt/airflow/dags/utils/helpers.py
[2025-12-01T20:31:36.061+0000] {processor.py:841} WARNING - No viable dags retrieved from /opt/airflow/dags/utils/helpers.py
[2025-12-01T20:31:36.077+0000] {processor.py:179} INFO - Processing /opt/airflow/dags/utils/helpers.py took 0.039 seconds
[2025-12-01T20:32:06.318+0000] {processor.py:157} INFO - Started process (PID=919) to work on /opt/airflow/dags/utils/helpers.py
[2025-12-01T20:32:06.329+0000] {processor.py:829} INFO - Processing file /opt/airflow/dags/utils/helpers.py for tasks to queue
[2025-12-01T20:32:06.329+0000] {logging_mixin.py:154} INFO - [2025-12-01T20:32:06.329+0000] {dagbag.py:536} INFO - Filling up the DagBag from /opt/airflow/dags/utils/helpers.py
[2025-12-01T20:32:06.334+0000] {processor.py:841} WARNING - No viable dags retrieved from /opt/airflow/dags/utils/helpers.py
[2025-12-01T20:32:06.353+0000] {processor.py:179} INFO - Processing /opt/airflow/dags/utils/helpers.py took 0.038 seconds
[2025-12-01T20:32:37.007+0000] {processor.py:157} INFO - Started process (PID=984) to work on /opt/airflow/dags/utils/helpers.py
[2025-12-01T20:32:37.014+0000] {processor.py:829} INFO - Processing file /opt/airflow/dags/utils/helpers.py for tasks to queue
[2025-12-01T20:32:37.015+0000] {logging_mixin.py:154} INFO - [2025-12-01T20:32:37.014+0000] {dagbag.py:536} INFO - Filling up the DagBag from /opt/airflow/dags/utils/helpers.py
[2025-12-01T20:32:37.017+0000] {processor.py:841} WARNING - No viable dags retrieved from /opt/airflow/dags/utils/helpers.py
[2025-12-01T20:32:37.037+0000] {processor.py:179} INFO - Processing /opt/airflow/dags/utils/helpers.py took 0.044 seconds
[2025-12-01T20:33:07.330+0000] {processor.py:157} INFO - Started process (PID=1041) to work on /opt/airflow/dags/utils/helpers.py
[2025-12-01T20:33:07.337+0000] {processor.py:829} INFO - Processing file /opt/airflow/dags/utils/helpers.py for tasks to queue
[2025-12-01T20:33:07.337+0000] {logging_mixin.py:154} INFO - [2025-12-01T20:33:07.337+0000] {dagbag.py:536} INFO - Filling up the DagBag from /opt/airflow/dags/utils/helpers.py
[2025-12-01T20:33:07.341+0000] {processor.py:841} WARNING - No viable dags retrieved from /opt/airflow/dags/utils/helpers.py
[2025-12-01T20:33:07.360+0000] {processor.py:179} INFO - Processing /opt/airflow/dags/utils/helpers.py took 0.036 seconds
[2025-12-01T20:33:37.638+0000] {processor.py:157} INFO - Started process (PID=1099) to work on /opt/airflow/dags/utils/helpers.py
[2025-12-01T20:33:37.642+0000] {processor.py:829} INFO - Processing file /opt/airflow/dags/utils/helpers.py for tasks to queue
[2025-12-01T20:33:37.646+0000] {logging_mixin.py:154} INFO - [2025-12-01T20:33:37.646+0000] {dagbag.py:536} INFO - Filling up the DagBag from /opt/airflow/dags/utils/helpers.py
[2025-12-01T20:33:37.648+0000] {processor.py:841} WARNING - No viable dags retrieved from /opt/airflow/dags/utils/helpers.py
[2025-12-01T20:33:37.684+0000] {processor.py:179} INFO - Processing /opt/airflow/dags/utils/helpers.py took 0.058 seconds
[2025-12-01T20:34:08.526+0000] {processor.py:157} INFO - Started process (PID=1164) to work on /opt/airflow/dags/utils/helpers.py
[2025-12-01T20:34:08.530+0000] {processor.py:829} INFO - Processing file /opt/airflow/dags/utils/helpers.py for tasks to queue
[2025-12-01T20:34:08.531+0000] {logging_mixin.py:154} INFO - [2025-12-01T20:34:08.531+0000] {dagbag.py:536} INFO - Filling up the DagBag from /opt/airflow/dags/utils/helpers.py
[2025-12-01T20:34:08.536+0000] {processor.py:841} WARNING - No viable dags retrieved from /opt/airflow/dags/utils/helpers.py
[2025-12-01T20:34:08.564+0000] {processor.py:179} INFO - Processing /opt/airflow/dags/utils/helpers.py took 0.046 seconds
[2025-12-01T20:34:39.507+0000] {processor.py:157} INFO - Started process (PID=1222) to work on /opt/airflow/dags/utils/helpers.py
[2025-12-01T20:34:39.508+0000] {processor.py:829} INFO - Processing file /opt/airflow/dags/utils/helpers.py for tasks to queue
[2025-12-01T20:34:39.509+0000] {logging_mixin.py:154} INFO - [2025-12-01T20:34:39.509+0000] {dagbag.py:536} INFO - Filling up the DagBag from /opt/airflow/dags/utils/helpers.py
[2025-12-01T20:34:39.511+0000] {processor.py:841} WARNING - No viable dags retrieved from /opt/airflow/dags/utils/helpers.py
[2025-12-01T20:34:39.528+0000] {processor.py:179} INFO - Processing /opt/airflow/dags/utils/helpers.py took 0.024 seconds
[2025-12-01T20:35:09.744+0000] {processor.py:157} INFO - Started process (PID=1280) to work on /opt/airflow/dags/utils/helpers.py
[2025-12-01T20:35:09.745+0000] {processor.py:829} INFO - Processing file /opt/airflow/dags/utils/helpers.py for tasks to queue
[2025-12-01T20:35:09.746+0000] {logging_mixin.py:154} INFO - [2025-12-01T20:35:09.745+0000] {dagbag.py:536} INFO - Filling up the DagBag from /opt/airflow/dags/utils/helpers.py
[2025-12-01T20:35:09.748+0000] {processor.py:841} WARNING - No viable dags retrieved from /opt/airflow/dags/utils/helpers.py
[2025-12-01T20:35:09.787+0000] {processor.py:179} INFO - Processing /opt/airflow/dags/utils/helpers.py took 0.047 seconds
[2025-12-01T20:35:39.965+0000] {processor.py:157} INFO - Started process (PID=1344) to work on /opt/airflow/dags/utils/helpers.py
[2025-12-01T20:35:39.971+0000] {processor.py:829} INFO - Processing file /opt/airflow/dags/utils/helpers.py for tasks to queue
[2025-12-01T20:35:39.972+0000] {logging_mixin.py:154} INFO - [2025-12-01T20:35:39.972+0000] {dagbag.py:536} INFO - Filling up the DagBag from /opt/airflow/dags/utils/helpers.py
[2025-12-01T20:35:39.974+0000] {processor.py:841} WARNING - No viable dags retrieved from /opt/airflow/dags/utils/helpers.py
[2025-12-01T20:35:40.009+0000] {processor.py:179} INFO - Processing /opt/airflow/dags/utils/helpers.py took 0.055 seconds
[2025-12-01T20:36:10.268+0000] {processor.py:157} INFO - Started process (PID=1400) to work on /opt/airflow/dags/utils/helpers.py
[2025-12-01T20:36:10.269+0000] {processor.py:829} INFO - Processing file /opt/airflow/dags/utils/helpers.py for tasks to queue
[2025-12-01T20:36:10.270+0000] {logging_mixin.py:154} INFO - [2025-12-01T20:36:10.270+0000] {dagbag.py:536} INFO - Filling up the DagBag from /opt/airflow/dags/utils/helpers.py
[2025-12-01T20:36:10.272+0000] {processor.py:841} WARNING - No viable dags retrieved from /opt/airflow/dags/utils/helpers.py
[2025-12-01T20:36:10.287+0000] {processor.py:179} INFO - Processing /opt/airflow/dags/utils/helpers.py took 0.022 seconds
[2025-12-01T20:36:41.088+0000] {processor.py:157} INFO - Started process (PID=1451) to work on /opt/airflow/dags/utils/helpers.py
[2025-12-01T20:36:41.091+0000] {processor.py:829} INFO - Processing file /opt/airflow/dags/utils/helpers.py for tasks to queue
[2025-12-01T20:36:41.092+0000] {logging_mixin.py:154} INFO - [2025-12-01T20:36:41.092+0000] {dagbag.py:536} INFO - Filling up the DagBag from /opt/airflow/dags/utils/helpers.py
[2025-12-01T20:36:41.095+0000] {processor.py:841} WARNING - No viable dags retrieved from /opt/airflow/dags/utils/helpers.py
[2025-12-01T20:36:41.111+0000] {processor.py:179} INFO - Processing /opt/airflow/dags/utils/helpers.py took 0.028 seconds
[2025-12-01T20:38:00.433+0000] {processor.py:157} INFO - Started process (PID=188) to work on /opt/airflow/dags/utils/helpers.py
[2025-12-01T20:38:00.434+0000] {processor.py:829} INFO - Processing file /opt/airflow/dags/utils/helpers.py for tasks to queue
[2025-12-01T20:38:00.435+0000] {logging_mixin.py:154} INFO - [2025-12-01T20:38:00.434+0000] {dagbag.py:536} INFO - Filling up the DagBag from /opt/airflow/dags/utils/helpers.py
[2025-12-01T20:38:00.436+0000] {processor.py:841} WARNING - No viable dags retrieved from /opt/airflow/dags/utils/helpers.py
[2025-12-01T20:38:00.448+0000] {processor.py:179} INFO - Processing /opt/airflow/dags/utils/helpers.py took 0.018 seconds
[2025-12-01T20:38:30.990+0000] {processor.py:157} INFO - Started process (PID=399) to work on /opt/airflow/dags/utils/helpers.py
[2025-12-01T20:38:30.991+0000] {processor.py:829} INFO - Processing file /opt/airflow/dags/utils/helpers.py for tasks to queue
[2025-12-01T20:38:30.992+0000] {logging_mixin.py:154} INFO - [2025-12-01T20:38:30.991+0000] {dagbag.py:536} INFO - Filling up the DagBag from /opt/airflow/dags/utils/helpers.py
[2025-12-01T20:38:30.993+0000] {processor.py:841} WARNING - No viable dags retrieved from /opt/airflow/dags/utils/helpers.py
[2025-12-01T20:38:31.003+0000] {processor.py:179} INFO - Processing /opt/airflow/dags/utils/helpers.py took 0.016 seconds
[2025-12-01T20:39:01.510+0000] {processor.py:157} INFO - Started process (PID=471) to work on /opt/airflow/dags/utils/helpers.py
[2025-12-01T20:39:01.511+0000] {processor.py:829} INFO - Processing file /opt/airflow/dags/utils/helpers.py for tasks to queue
[2025-12-01T20:39:01.511+0000] {logging_mixin.py:154} INFO - [2025-12-01T20:39:01.511+0000] {dagbag.py:536} INFO - Filling up the DagBag from /opt/airflow/dags/utils/helpers.py
[2025-12-01T20:39:01.513+0000] {processor.py:841} WARNING - No viable dags retrieved from /opt/airflow/dags/utils/helpers.py
[2025-12-01T20:39:01.526+0000] {processor.py:179} INFO - Processing /opt/airflow/dags/utils/helpers.py took 0.019 seconds
[2025-12-01T20:39:32.088+0000] {processor.py:157} INFO - Started process (PID=659) to work on /opt/airflow/dags/utils/helpers.py
[2025-12-01T20:39:32.089+0000] {processor.py:829} INFO - Processing file /opt/airflow/dags/utils/helpers.py for tasks to queue
[2025-12-01T20:39:32.090+0000] {logging_mixin.py:154} INFO - [2025-12-01T20:39:32.090+0000] {dagbag.py:536} INFO - Filling up the DagBag from /opt/airflow/dags/utils/helpers.py
[2025-12-01T20:39:32.092+0000] {processor.py:841} WARNING - No viable dags retrieved from /opt/airflow/dags/utils/helpers.py
[2025-12-01T20:39:32.120+0000] {processor.py:179} INFO - Processing /opt/airflow/dags/utils/helpers.py took 0.037 seconds
[2025-12-01T20:40:02.303+0000] {processor.py:157} INFO - Started process (PID=718) to work on /opt/airflow/dags/utils/helpers.py
[2025-12-01T20:40:02.304+0000] {processor.py:829} INFO - Processing file /opt/airflow/dags/utils/helpers.py for tasks to queue
[2025-12-01T20:40:02.304+0000] {logging_mixin.py:154} INFO - [2025-12-01T20:40:02.304+0000] {dagbag.py:536} INFO - Filling up the DagBag from /opt/airflow/dags/utils/helpers.py
[2025-12-01T20:40:02.306+0000] {processor.py:841} WARNING - No viable dags retrieved from /opt/airflow/dags/utils/helpers.py
[2025-12-01T20:40:02.316+0000] {processor.py:179} INFO - Processing /opt/airflow/dags/utils/helpers.py took 0.015 seconds
[2025-12-01T20:40:32.387+0000] {processor.py:157} INFO - Started process (PID=897) to work on /opt/airflow/dags/utils/helpers.py
[2025-12-01T20:40:32.388+0000] {processor.py:829} INFO - Processing file /opt/airflow/dags/utils/helpers.py for tasks to queue
[2025-12-01T20:40:32.389+0000] {logging_mixin.py:154} INFO - [2025-12-01T20:40:32.389+0000] {dagbag.py:536} INFO - Filling up the DagBag from /opt/airflow/dags/utils/helpers.py
[2025-12-01T20:40:32.390+0000] {processor.py:841} WARNING - No viable dags retrieved from /opt/airflow/dags/utils/helpers.py
[2025-12-01T20:40:32.400+0000] {processor.py:179} INFO - Processing /opt/airflow/dags/utils/helpers.py took 0.016 seconds
[2025-12-01T20:41:02.827+0000] {processor.py:157} INFO - Started process (PID=962) to work on /opt/airflow/dags/utils/helpers.py
[2025-12-01T20:41:02.827+0000] {processor.py:829} INFO - Processing file /opt/airflow/dags/utils/helpers.py for tasks to queue
[2025-12-01T20:41:02.828+0000] {logging_mixin.py:154} INFO - [2025-12-01T20:41:02.828+0000] {dagbag.py:536} INFO - Filling up the DagBag from /opt/airflow/dags/utils/helpers.py
[2025-12-01T20:41:02.829+0000] {processor.py:841} WARNING - No viable dags retrieved from /opt/airflow/dags/utils/helpers.py
[2025-12-01T20:41:02.839+0000] {processor.py:179} INFO - Processing /opt/airflow/dags/utils/helpers.py took 0.015 seconds
[2025-12-01T20:41:33.188+0000] {processor.py:157} INFO - Started process (PID=1020) to work on /opt/airflow/dags/utils/helpers.py
[2025-12-01T20:41:33.189+0000] {processor.py:829} INFO - Processing file /opt/airflow/dags/utils/helpers.py for tasks to queue
[2025-12-01T20:41:33.189+0000] {logging_mixin.py:154} INFO - [2025-12-01T20:41:33.189+0000] {dagbag.py:536} INFO - Filling up the DagBag from /opt/airflow/dags/utils/helpers.py
[2025-12-01T20:41:33.190+0000] {processor.py:841} WARNING - No viable dags retrieved from /opt/airflow/dags/utils/helpers.py
[2025-12-01T20:41:33.201+0000] {processor.py:179} INFO - Processing /opt/airflow/dags/utils/helpers.py took 0.016 seconds
[2025-12-01T20:42:03.579+0000] {processor.py:157} INFO - Started process (PID=1085) to work on /opt/airflow/dags/utils/helpers.py
[2025-12-01T20:42:03.580+0000] {processor.py:829} INFO - Processing file /opt/airflow/dags/utils/helpers.py for tasks to queue
[2025-12-01T20:42:03.581+0000] {logging_mixin.py:154} INFO - [2025-12-01T20:42:03.581+0000] {dagbag.py:536} INFO - Filling up the DagBag from /opt/airflow/dags/utils/helpers.py
[2025-12-01T20:42:03.583+0000] {processor.py:841} WARNING - No viable dags retrieved from /opt/airflow/dags/utils/helpers.py
[2025-12-01T20:42:03.594+0000] {processor.py:179} INFO - Processing /opt/airflow/dags/utils/helpers.py took 0.018 seconds
[2025-12-01T20:42:34.962+0000] {processor.py:157} INFO - Started process (PID=1150) to work on /opt/airflow/dags/utils/helpers.py
[2025-12-01T20:42:34.963+0000] {processor.py:829} INFO - Processing file /opt/airflow/dags/utils/helpers.py for tasks to queue
[2025-12-01T20:42:34.964+0000] {logging_mixin.py:154} INFO - [2025-12-01T20:42:34.964+0000] {dagbag.py:536} INFO - Filling up the DagBag from /opt/airflow/dags/utils/helpers.py
[2025-12-01T20:42:34.965+0000] {processor.py:841} WARNING - No viable dags retrieved from /opt/airflow/dags/utils/helpers.py
[2025-12-01T20:42:34.977+0000] {processor.py:179} INFO - Processing /opt/airflow/dags/utils/helpers.py took 0.017 seconds
[2025-12-01T20:42:46.583+0000] {processor.py:157} INFO - Started process (PID=188) to work on /opt/airflow/dags/utils/helpers.py
[2025-12-01T20:42:46.584+0000] {processor.py:829} INFO - Processing file /opt/airflow/dags/utils/helpers.py for tasks to queue
[2025-12-01T20:42:46.585+0000] {logging_mixin.py:154} INFO - [2025-12-01T20:42:46.585+0000] {dagbag.py:536} INFO - Filling up the DagBag from /opt/airflow/dags/utils/helpers.py
[2025-12-01T20:42:46.591+0000] {processor.py:841} WARNING - No viable dags retrieved from /opt/airflow/dags/utils/helpers.py
[2025-12-01T20:42:46.623+0000] {processor.py:179} INFO - Processing /opt/airflow/dags/utils/helpers.py took 0.044 seconds
[2025-12-01T20:43:16.726+0000] {processor.py:157} INFO - Started process (PID=235) to work on /opt/airflow/dags/utils/helpers.py
[2025-12-01T20:43:16.727+0000] {processor.py:829} INFO - Processing file /opt/airflow/dags/utils/helpers.py for tasks to queue
[2025-12-01T20:43:16.728+0000] {logging_mixin.py:154} INFO - [2025-12-01T20:43:16.727+0000] {dagbag.py:536} INFO - Filling up the DagBag from /opt/airflow/dags/utils/helpers.py
[2025-12-01T20:43:16.729+0000] {processor.py:841} WARNING - No viable dags retrieved from /opt/airflow/dags/utils/helpers.py
[2025-12-01T20:43:16.740+0000] {processor.py:179} INFO - Processing /opt/airflow/dags/utils/helpers.py took 0.017 seconds
[2025-12-01T20:43:46.962+0000] {processor.py:157} INFO - Started process (PID=293) to work on /opt/airflow/dags/utils/helpers.py
[2025-12-01T20:43:46.963+0000] {processor.py:829} INFO - Processing file /opt/airflow/dags/utils/helpers.py for tasks to queue
[2025-12-01T20:43:46.964+0000] {logging_mixin.py:154} INFO - [2025-12-01T20:43:46.963+0000] {dagbag.py:536} INFO - Filling up the DagBag from /opt/airflow/dags/utils/helpers.py
[2025-12-01T20:43:46.965+0000] {processor.py:841} WARNING - No viable dags retrieved from /opt/airflow/dags/utils/helpers.py
[2025-12-01T20:43:46.976+0000] {processor.py:179} INFO - Processing /opt/airflow/dags/utils/helpers.py took 0.017 seconds
[2025-12-01T20:44:17.282+0000] {processor.py:157} INFO - Started process (PID=358) to work on /opt/airflow/dags/utils/helpers.py
[2025-12-01T20:44:17.283+0000] {processor.py:829} INFO - Processing file /opt/airflow/dags/utils/helpers.py for tasks to queue
[2025-12-01T20:44:17.284+0000] {logging_mixin.py:154} INFO - [2025-12-01T20:44:17.283+0000] {dagbag.py:536} INFO - Filling up the DagBag from /opt/airflow/dags/utils/helpers.py
[2025-12-01T20:44:17.286+0000] {processor.py:841} WARNING - No viable dags retrieved from /opt/airflow/dags/utils/helpers.py
[2025-12-01T20:44:17.299+0000] {processor.py:179} INFO - Processing /opt/airflow/dags/utils/helpers.py took 0.021 seconds
[2025-12-01T20:44:47.652+0000] {processor.py:157} INFO - Started process (PID=416) to work on /opt/airflow/dags/utils/helpers.py
[2025-12-01T20:44:47.653+0000] {processor.py:829} INFO - Processing file /opt/airflow/dags/utils/helpers.py for tasks to queue
[2025-12-01T20:44:47.653+0000] {logging_mixin.py:154} INFO - [2025-12-01T20:44:47.653+0000] {dagbag.py:536} INFO - Filling up the DagBag from /opt/airflow/dags/utils/helpers.py
[2025-12-01T20:44:47.655+0000] {processor.py:841} WARNING - No viable dags retrieved from /opt/airflow/dags/utils/helpers.py
[2025-12-01T20:44:47.666+0000] {processor.py:179} INFO - Processing /opt/airflow/dags/utils/helpers.py took 0.016 seconds
[2025-12-01T20:45:17.983+0000] {processor.py:157} INFO - Started process (PID=481) to work on /opt/airflow/dags/utils/helpers.py
[2025-12-01T20:45:17.984+0000] {processor.py:829} INFO - Processing file /opt/airflow/dags/utils/helpers.py for tasks to queue
[2025-12-01T20:45:17.984+0000] {logging_mixin.py:154} INFO - [2025-12-01T20:45:17.984+0000] {dagbag.py:536} INFO - Filling up the DagBag from /opt/airflow/dags/utils/helpers.py
[2025-12-01T20:45:17.986+0000] {processor.py:841} WARNING - No viable dags retrieved from /opt/airflow/dags/utils/helpers.py
[2025-12-01T20:45:17.996+0000] {processor.py:179} INFO - Processing /opt/airflow/dags/utils/helpers.py took 0.015 seconds
[2025-12-01T20:45:48.484+0000] {processor.py:157} INFO - Started process (PID=549) to work on /opt/airflow/dags/utils/helpers.py
[2025-12-01T20:45:48.484+0000] {processor.py:829} INFO - Processing file /opt/airflow/dags/utils/helpers.py for tasks to queue
[2025-12-01T20:45:48.485+0000] {logging_mixin.py:154} INFO - [2025-12-01T20:45:48.485+0000] {dagbag.py:536} INFO - Filling up the DagBag from /opt/airflow/dags/utils/helpers.py
[2025-12-01T20:45:48.486+0000] {processor.py:841} WARNING - No viable dags retrieved from /opt/airflow/dags/utils/helpers.py
[2025-12-01T20:45:48.495+0000] {processor.py:179} INFO - Processing /opt/airflow/dags/utils/helpers.py took 0.015 seconds
[2025-12-01T20:46:18.752+0000] {processor.py:157} INFO - Started process (PID=607) to work on /opt/airflow/dags/utils/helpers.py
[2025-12-01T20:46:18.753+0000] {processor.py:829} INFO - Processing file /opt/airflow/dags/utils/helpers.py for tasks to queue
[2025-12-01T20:46:18.753+0000] {logging_mixin.py:154} INFO - [2025-12-01T20:46:18.753+0000] {dagbag.py:536} INFO - Filling up the DagBag from /opt/airflow/dags/utils/helpers.py
[2025-12-01T20:46:18.755+0000] {processor.py:841} WARNING - No viable dags retrieved from /opt/airflow/dags/utils/helpers.py
[2025-12-01T20:46:18.765+0000] {processor.py:179} INFO - Processing /opt/airflow/dags/utils/helpers.py took 0.016 seconds
[2025-12-01T20:46:33.130+0000] {processor.py:157} INFO - Started process (PID=188) to work on /opt/airflow/dags/utils/helpers.py
[2025-12-01T20:46:33.131+0000] {processor.py:829} INFO - Processing file /opt/airflow/dags/utils/helpers.py for tasks to queue
[2025-12-01T20:46:33.131+0000] {logging_mixin.py:154} INFO - [2025-12-01T20:46:33.131+0000] {dagbag.py:536} INFO - Filling up the DagBag from /opt/airflow/dags/utils/helpers.py
[2025-12-01T20:46:33.133+0000] {processor.py:841} WARNING - No viable dags retrieved from /opt/airflow/dags/utils/helpers.py
[2025-12-01T20:46:33.144+0000] {processor.py:179} INFO - Processing /opt/airflow/dags/utils/helpers.py took 0.022 seconds
[2025-12-01T20:47:03.255+0000] {processor.py:157} INFO - Started process (PID=282) to work on /opt/airflow/dags/utils/helpers.py
[2025-12-01T20:47:03.256+0000] {processor.py:829} INFO - Processing file /opt/airflow/dags/utils/helpers.py for tasks to queue
[2025-12-01T20:47:03.257+0000] {logging_mixin.py:154} INFO - [2025-12-01T20:47:03.256+0000] {dagbag.py:536} INFO - Filling up the DagBag from /opt/airflow/dags/utils/helpers.py
[2025-12-01T20:47:03.258+0000] {processor.py:841} WARNING - No viable dags retrieved from /opt/airflow/dags/utils/helpers.py
[2025-12-01T20:47:03.270+0000] {processor.py:179} INFO - Processing /opt/airflow/dags/utils/helpers.py took 0.018 seconds
[2025-12-01T20:47:33.779+0000] {processor.py:157} INFO - Started process (PID=599) to work on /opt/airflow/dags/utils/helpers.py
[2025-12-01T20:47:33.780+0000] {processor.py:829} INFO - Processing file /opt/airflow/dags/utils/helpers.py for tasks to queue
[2025-12-01T20:47:33.780+0000] {logging_mixin.py:154} INFO - [2025-12-01T20:47:33.780+0000] {dagbag.py:536} INFO - Filling up the DagBag from /opt/airflow/dags/utils/helpers.py
[2025-12-01T20:47:33.782+0000] {processor.py:841} WARNING - No viable dags retrieved from /opt/airflow/dags/utils/helpers.py
[2025-12-01T20:47:33.791+0000] {processor.py:179} INFO - Processing /opt/airflow/dags/utils/helpers.py took 0.014 seconds
[2025-12-01T20:48:04.143+0000] {processor.py:157} INFO - Started process (PID=664) to work on /opt/airflow/dags/utils/helpers.py
[2025-12-01T20:48:04.144+0000] {processor.py:829} INFO - Processing file /opt/airflow/dags/utils/helpers.py for tasks to queue
[2025-12-01T20:48:04.145+0000] {logging_mixin.py:154} INFO - [2025-12-01T20:48:04.144+0000] {dagbag.py:536} INFO - Filling up the DagBag from /opt/airflow/dags/utils/helpers.py
[2025-12-01T20:48:04.146+0000] {processor.py:841} WARNING - No viable dags retrieved from /opt/airflow/dags/utils/helpers.py
[2025-12-01T20:48:04.157+0000] {processor.py:179} INFO - Processing /opt/airflow/dags/utils/helpers.py took 0.017 seconds
[2025-12-01T20:48:34.981+0000] {processor.py:157} INFO - Started process (PID=722) to work on /opt/airflow/dags/utils/helpers.py
[2025-12-01T20:48:34.982+0000] {processor.py:829} INFO - Processing file /opt/airflow/dags/utils/helpers.py for tasks to queue
[2025-12-01T20:48:34.983+0000] {logging_mixin.py:154} INFO - [2025-12-01T20:48:34.982+0000] {dagbag.py:536} INFO - Filling up the DagBag from /opt/airflow/dags/utils/helpers.py
[2025-12-01T20:48:34.984+0000] {processor.py:841} WARNING - No viable dags retrieved from /opt/airflow/dags/utils/helpers.py
[2025-12-01T20:48:34.995+0000] {processor.py:179} INFO - Processing /opt/airflow/dags/utils/helpers.py took 0.016 seconds
[2025-12-01T20:49:05.161+0000] {processor.py:157} INFO - Started process (PID=784) to work on /opt/airflow/dags/utils/helpers.py
[2025-12-01T20:49:05.162+0000] {processor.py:829} INFO - Processing file /opt/airflow/dags/utils/helpers.py for tasks to queue
[2025-12-01T20:49:05.163+0000] {logging_mixin.py:154} INFO - [2025-12-01T20:49:05.163+0000] {dagbag.py:536} INFO - Filling up the DagBag from /opt/airflow/dags/utils/helpers.py
[2025-12-01T20:49:05.165+0000] {processor.py:841} WARNING - No viable dags retrieved from /opt/airflow/dags/utils/helpers.py
[2025-12-01T20:49:05.175+0000] {processor.py:179} INFO - Processing /opt/airflow/dags/utils/helpers.py took 0.017 seconds
[2025-12-01T20:49:35.917+0000] {processor.py:157} INFO - Started process (PID=849) to work on /opt/airflow/dags/utils/helpers.py
[2025-12-01T20:49:35.918+0000] {processor.py:829} INFO - Processing file /opt/airflow/dags/utils/helpers.py for tasks to queue
[2025-12-01T20:49:35.918+0000] {logging_mixin.py:154} INFO - [2025-12-01T20:49:35.918+0000] {dagbag.py:536} INFO - Filling up the DagBag from /opt/airflow/dags/utils/helpers.py
[2025-12-01T20:49:35.919+0000] {processor.py:841} WARNING - No viable dags retrieved from /opt/airflow/dags/utils/helpers.py
[2025-12-01T20:49:35.929+0000] {processor.py:179} INFO - Processing /opt/airflow/dags/utils/helpers.py took 0.015 seconds
[2025-12-01T20:50:06.165+0000] {processor.py:157} INFO - Started process (PID=907) to work on /opt/airflow/dags/utils/helpers.py
[2025-12-01T20:50:06.166+0000] {processor.py:829} INFO - Processing file /opt/airflow/dags/utils/helpers.py for tasks to queue
[2025-12-01T20:50:06.166+0000] {logging_mixin.py:154} INFO - [2025-12-01T20:50:06.166+0000] {dagbag.py:536} INFO - Filling up the DagBag from /opt/airflow/dags/utils/helpers.py
[2025-12-01T20:50:06.168+0000] {processor.py:841} WARNING - No viable dags retrieved from /opt/airflow/dags/utils/helpers.py
[2025-12-01T20:50:06.178+0000] {processor.py:179} INFO - Processing /opt/airflow/dags/utils/helpers.py took 0.016 seconds
[2025-12-01T20:50:36.428+0000] {processor.py:157} INFO - Started process (PID=972) to work on /opt/airflow/dags/utils/helpers.py
[2025-12-01T20:50:36.429+0000] {processor.py:829} INFO - Processing file /opt/airflow/dags/utils/helpers.py for tasks to queue
[2025-12-01T20:50:36.430+0000] {logging_mixin.py:154} INFO - [2025-12-01T20:50:36.430+0000] {dagbag.py:536} INFO - Filling up the DagBag from /opt/airflow/dags/utils/helpers.py
[2025-12-01T20:50:36.432+0000] {processor.py:841} WARNING - No viable dags retrieved from /opt/airflow/dags/utils/helpers.py
[2025-12-01T20:50:36.441+0000] {processor.py:179} INFO - Processing /opt/airflow/dags/utils/helpers.py took 0.016 seconds
[2025-12-01T20:51:06.649+0000] {processor.py:157} INFO - Started process (PID=1030) to work on /opt/airflow/dags/utils/helpers.py
[2025-12-01T20:51:06.649+0000] {processor.py:829} INFO - Processing file /opt/airflow/dags/utils/helpers.py for tasks to queue
[2025-12-01T20:51:06.650+0000] {logging_mixin.py:154} INFO - [2025-12-01T20:51:06.650+0000] {dagbag.py:536} INFO - Filling up the DagBag from /opt/airflow/dags/utils/helpers.py
[2025-12-01T20:51:06.651+0000] {processor.py:841} WARNING - No viable dags retrieved from /opt/airflow/dags/utils/helpers.py
[2025-12-01T20:51:06.662+0000] {processor.py:179} INFO - Processing /opt/airflow/dags/utils/helpers.py took 0.016 seconds
[2025-12-01T20:51:36.904+0000] {processor.py:157} INFO - Started process (PID=1095) to work on /opt/airflow/dags/utils/helpers.py
[2025-12-01T20:51:36.906+0000] {processor.py:829} INFO - Processing file /opt/airflow/dags/utils/helpers.py for tasks to queue
[2025-12-01T20:51:36.906+0000] {logging_mixin.py:154} INFO - [2025-12-01T20:51:36.906+0000] {dagbag.py:536} INFO - Filling up the DagBag from /opt/airflow/dags/utils/helpers.py
[2025-12-01T20:51:36.907+0000] {processor.py:841} WARNING - No viable dags retrieved from /opt/airflow/dags/utils/helpers.py
[2025-12-01T20:51:36.918+0000] {processor.py:179} INFO - Processing /opt/airflow/dags/utils/helpers.py took 0.016 seconds
[2025-12-01T20:52:07.102+0000] {processor.py:157} INFO - Started process (PID=1160) to work on /opt/airflow/dags/utils/helpers.py
[2025-12-01T20:52:07.103+0000] {processor.py:829} INFO - Processing file /opt/airflow/dags/utils/helpers.py for tasks to queue
[2025-12-01T20:52:07.103+0000] {logging_mixin.py:154} INFO - [2025-12-01T20:52:07.103+0000] {dagbag.py:536} INFO - Filling up the DagBag from /opt/airflow/dags/utils/helpers.py
[2025-12-01T20:52:07.105+0000] {processor.py:841} WARNING - No viable dags retrieved from /opt/airflow/dags/utils/helpers.py
[2025-12-01T20:52:07.115+0000] {processor.py:179} INFO - Processing /opt/airflow/dags/utils/helpers.py took 0.016 seconds
[2025-12-01T20:52:37.347+0000] {processor.py:157} INFO - Started process (PID=1218) to work on /opt/airflow/dags/utils/helpers.py
[2025-12-01T20:52:37.349+0000] {processor.py:829} INFO - Processing file /opt/airflow/dags/utils/helpers.py for tasks to queue
[2025-12-01T20:52:37.351+0000] {logging_mixin.py:154} INFO - [2025-12-01T20:52:37.350+0000] {dagbag.py:536} INFO - Filling up the DagBag from /opt/airflow/dags/utils/helpers.py
[2025-12-01T20:52:37.353+0000] {processor.py:841} WARNING - No viable dags retrieved from /opt/airflow/dags/utils/helpers.py
[2025-12-01T20:52:37.368+0000] {processor.py:179} INFO - Processing /opt/airflow/dags/utils/helpers.py took 0.026 seconds
[2025-12-01T20:53:07.624+0000] {processor.py:157} INFO - Started process (PID=1283) to work on /opt/airflow/dags/utils/helpers.py
[2025-12-01T20:53:07.625+0000] {processor.py:829} INFO - Processing file /opt/airflow/dags/utils/helpers.py for tasks to queue
[2025-12-01T20:53:07.626+0000] {logging_mixin.py:154} INFO - [2025-12-01T20:53:07.625+0000] {dagbag.py:536} INFO - Filling up the DagBag from /opt/airflow/dags/utils/helpers.py
[2025-12-01T20:53:07.627+0000] {processor.py:841} WARNING - No viable dags retrieved from /opt/airflow/dags/utils/helpers.py
[2025-12-01T20:53:07.637+0000] {processor.py:179} INFO - Processing /opt/airflow/dags/utils/helpers.py took 0.016 seconds
[2025-12-01T20:53:37.859+0000] {processor.py:157} INFO - Started process (PID=1341) to work on /opt/airflow/dags/utils/helpers.py
[2025-12-01T20:53:37.860+0000] {processor.py:829} INFO - Processing file /opt/airflow/dags/utils/helpers.py for tasks to queue
[2025-12-01T20:53:37.860+0000] {logging_mixin.py:154} INFO - [2025-12-01T20:53:37.860+0000] {dagbag.py:536} INFO - Filling up the DagBag from /opt/airflow/dags/utils/helpers.py
[2025-12-01T20:53:37.862+0000] {processor.py:841} WARNING - No viable dags retrieved from /opt/airflow/dags/utils/helpers.py
[2025-12-01T20:53:37.872+0000] {processor.py:179} INFO - Processing /opt/airflow/dags/utils/helpers.py took 0.017 seconds
[2025-12-01T20:54:08.090+0000] {processor.py:157} INFO - Started process (PID=1406) to work on /opt/airflow/dags/utils/helpers.py
[2025-12-01T20:54:08.091+0000] {processor.py:829} INFO - Processing file /opt/airflow/dags/utils/helpers.py for tasks to queue
[2025-12-01T20:54:08.092+0000] {logging_mixin.py:154} INFO - [2025-12-01T20:54:08.091+0000] {dagbag.py:536} INFO - Filling up the DagBag from /opt/airflow/dags/utils/helpers.py
[2025-12-01T20:54:08.093+0000] {processor.py:841} WARNING - No viable dags retrieved from /opt/airflow/dags/utils/helpers.py
[2025-12-01T20:54:08.104+0000] {processor.py:179} INFO - Processing /opt/airflow/dags/utils/helpers.py took 0.016 seconds
[2025-12-01T20:54:38.339+0000] {processor.py:157} INFO - Started process (PID=1471) to work on /opt/airflow/dags/utils/helpers.py
[2025-12-01T20:54:38.340+0000] {processor.py:829} INFO - Processing file /opt/airflow/dags/utils/helpers.py for tasks to queue
[2025-12-01T20:54:38.340+0000] {logging_mixin.py:154} INFO - [2025-12-01T20:54:38.340+0000] {dagbag.py:536} INFO - Filling up the DagBag from /opt/airflow/dags/utils/helpers.py
[2025-12-01T20:54:38.341+0000] {processor.py:841} WARNING - No viable dags retrieved from /opt/airflow/dags/utils/helpers.py
[2025-12-01T20:54:38.352+0000] {processor.py:179} INFO - Processing /opt/airflow/dags/utils/helpers.py took 0.016 seconds
[2025-12-01T20:55:08.697+0000] {processor.py:157} INFO - Started process (PID=1529) to work on /opt/airflow/dags/utils/helpers.py
[2025-12-01T20:55:08.698+0000] {processor.py:829} INFO - Processing file /opt/airflow/dags/utils/helpers.py for tasks to queue
[2025-12-01T20:55:08.699+0000] {logging_mixin.py:154} INFO - [2025-12-01T20:55:08.699+0000] {dagbag.py:536} INFO - Filling up the DagBag from /opt/airflow/dags/utils/helpers.py
[2025-12-01T20:55:08.701+0000] {processor.py:841} WARNING - No viable dags retrieved from /opt/airflow/dags/utils/helpers.py
[2025-12-01T20:55:08.713+0000] {processor.py:179} INFO - Processing /opt/airflow/dags/utils/helpers.py took 0.019 seconds
[2025-12-01T20:55:38.973+0000] {processor.py:157} INFO - Started process (PID=1594) to work on /opt/airflow/dags/utils/helpers.py
[2025-12-01T20:55:38.974+0000] {processor.py:829} INFO - Processing file /opt/airflow/dags/utils/helpers.py for tasks to queue
[2025-12-01T20:55:38.975+0000] {logging_mixin.py:154} INFO - [2025-12-01T20:55:38.974+0000] {dagbag.py:536} INFO - Filling up the DagBag from /opt/airflow/dags/utils/helpers.py
[2025-12-01T20:55:38.976+0000] {processor.py:841} WARNING - No viable dags retrieved from /opt/airflow/dags/utils/helpers.py
[2025-12-01T20:55:38.987+0000] {processor.py:179} INFO - Processing /opt/airflow/dags/utils/helpers.py took 0.017 seconds
[2025-12-01T20:56:09.370+0000] {processor.py:157} INFO - Started process (PID=1652) to work on /opt/airflow/dags/utils/helpers.py
[2025-12-01T20:56:09.371+0000] {processor.py:829} INFO - Processing file /opt/airflow/dags/utils/helpers.py for tasks to queue
[2025-12-01T20:56:09.372+0000] {logging_mixin.py:154} INFO - [2025-12-01T20:56:09.372+0000] {dagbag.py:536} INFO - Filling up the DagBag from /opt/airflow/dags/utils/helpers.py
[2025-12-01T20:56:09.373+0000] {processor.py:841} WARNING - No viable dags retrieved from /opt/airflow/dags/utils/helpers.py
[2025-12-01T20:56:09.384+0000] {processor.py:179} INFO - Processing /opt/airflow/dags/utils/helpers.py took 0.018 seconds
[2025-12-01T20:56:39.844+0000] {processor.py:157} INFO - Started process (PID=1723) to work on /opt/airflow/dags/utils/helpers.py
[2025-12-01T20:56:39.845+0000] {processor.py:829} INFO - Processing file /opt/airflow/dags/utils/helpers.py for tasks to queue
[2025-12-01T20:56:39.845+0000] {logging_mixin.py:154} INFO - [2025-12-01T20:56:39.845+0000] {dagbag.py:536} INFO - Filling up the DagBag from /opt/airflow/dags/utils/helpers.py
[2025-12-01T20:56:39.847+0000] {processor.py:841} WARNING - No viable dags retrieved from /opt/airflow/dags/utils/helpers.py
[2025-12-01T20:56:39.858+0000] {processor.py:179} INFO - Processing /opt/airflow/dags/utils/helpers.py took 0.016 seconds
[2025-12-01T20:57:10.163+0000] {processor.py:157} INFO - Started process (PID=1788) to work on /opt/airflow/dags/utils/helpers.py
[2025-12-01T20:57:10.164+0000] {processor.py:829} INFO - Processing file /opt/airflow/dags/utils/helpers.py for tasks to queue
[2025-12-01T20:57:10.165+0000] {logging_mixin.py:154} INFO - [2025-12-01T20:57:10.164+0000] {dagbag.py:536} INFO - Filling up the DagBag from /opt/airflow/dags/utils/helpers.py
[2025-12-01T20:57:10.166+0000] {processor.py:841} WARNING - No viable dags retrieved from /opt/airflow/dags/utils/helpers.py
[2025-12-01T20:57:10.177+0000] {processor.py:179} INFO - Processing /opt/airflow/dags/utils/helpers.py took 0.017 seconds
[2025-12-01T20:57:40.500+0000] {processor.py:157} INFO - Started process (PID=1846) to work on /opt/airflow/dags/utils/helpers.py
[2025-12-01T20:57:40.501+0000] {processor.py:829} INFO - Processing file /opt/airflow/dags/utils/helpers.py for tasks to queue
[2025-12-01T20:57:40.502+0000] {logging_mixin.py:154} INFO - [2025-12-01T20:57:40.501+0000] {dagbag.py:536} INFO - Filling up the DagBag from /opt/airflow/dags/utils/helpers.py
[2025-12-01T20:57:40.503+0000] {processor.py:841} WARNING - No viable dags retrieved from /opt/airflow/dags/utils/helpers.py
[2025-12-01T20:57:40.514+0000] {processor.py:179} INFO - Processing /opt/airflow/dags/utils/helpers.py took 0.016 seconds
[2025-12-01T20:58:10.735+0000] {processor.py:157} INFO - Started process (PID=1911) to work on /opt/airflow/dags/utils/helpers.py
[2025-12-01T20:58:10.736+0000] {processor.py:829} INFO - Processing file /opt/airflow/dags/utils/helpers.py for tasks to queue
[2025-12-01T20:58:10.736+0000] {logging_mixin.py:154} INFO - [2025-12-01T20:58:10.736+0000] {dagbag.py:536} INFO - Filling up the DagBag from /opt/airflow/dags/utils/helpers.py
[2025-12-01T20:58:10.738+0000] {processor.py:841} WARNING - No viable dags retrieved from /opt/airflow/dags/utils/helpers.py
[2025-12-01T20:58:10.753+0000] {processor.py:179} INFO - Processing /opt/airflow/dags/utils/helpers.py took 0.021 seconds
[2025-12-01T20:58:40.802+0000] {processor.py:157} INFO - Started process (PID=1967) to work on /opt/airflow/dags/utils/helpers.py
[2025-12-01T20:58:40.803+0000] {processor.py:829} INFO - Processing file /opt/airflow/dags/utils/helpers.py for tasks to queue
[2025-12-01T20:58:40.804+0000] {logging_mixin.py:154} INFO - [2025-12-01T20:58:40.804+0000] {dagbag.py:536} INFO - Filling up the DagBag from /opt/airflow/dags/utils/helpers.py
[2025-12-01T20:58:40.806+0000] {processor.py:841} WARNING - No viable dags retrieved from /opt/airflow/dags/utils/helpers.py
[2025-12-01T20:58:40.817+0000] {processor.py:179} INFO - Processing /opt/airflow/dags/utils/helpers.py took 0.017 seconds
[2025-12-01T20:59:11.109+0000] {processor.py:157} INFO - Started process (PID=2021) to work on /opt/airflow/dags/utils/helpers.py
[2025-12-01T20:59:11.109+0000] {processor.py:829} INFO - Processing file /opt/airflow/dags/utils/helpers.py for tasks to queue
[2025-12-01T20:59:11.110+0000] {logging_mixin.py:154} INFO - [2025-12-01T20:59:11.110+0000] {dagbag.py:536} INFO - Filling up the DagBag from /opt/airflow/dags/utils/helpers.py
[2025-12-01T20:59:11.112+0000] {processor.py:841} WARNING - No viable dags retrieved from /opt/airflow/dags/utils/helpers.py
[2025-12-01T20:59:11.122+0000] {processor.py:179} INFO - Processing /opt/airflow/dags/utils/helpers.py took 0.016 seconds
[2025-12-01T20:59:41.310+0000] {processor.py:157} INFO - Started process (PID=2083) to work on /opt/airflow/dags/utils/helpers.py
[2025-12-01T20:59:41.311+0000] {processor.py:829} INFO - Processing file /opt/airflow/dags/utils/helpers.py for tasks to queue
[2025-12-01T20:59:41.312+0000] {logging_mixin.py:154} INFO - [2025-12-01T20:59:41.312+0000] {dagbag.py:536} INFO - Filling up the DagBag from /opt/airflow/dags/utils/helpers.py
[2025-12-01T20:59:41.314+0000] {processor.py:841} WARNING - No viable dags retrieved from /opt/airflow/dags/utils/helpers.py
[2025-12-01T20:59:41.324+0000] {processor.py:179} INFO - Processing /opt/airflow/dags/utils/helpers.py took 0.016 seconds
[2025-12-01T21:00:11.561+0000] {processor.py:157} INFO - Started process (PID=2141) to work on /opt/airflow/dags/utils/helpers.py
[2025-12-01T21:00:11.562+0000] {processor.py:829} INFO - Processing file /opt/airflow/dags/utils/helpers.py for tasks to queue
[2025-12-01T21:00:11.563+0000] {logging_mixin.py:154} INFO - [2025-12-01T21:00:11.563+0000] {dagbag.py:536} INFO - Filling up the DagBag from /opt/airflow/dags/utils/helpers.py
[2025-12-01T21:00:11.564+0000] {processor.py:841} WARNING - No viable dags retrieved from /opt/airflow/dags/utils/helpers.py
[2025-12-01T21:00:11.575+0000] {processor.py:179} INFO - Processing /opt/airflow/dags/utils/helpers.py took 0.018 seconds
[2025-12-01T21:00:41.935+0000] {processor.py:157} INFO - Started process (PID=2206) to work on /opt/airflow/dags/utils/helpers.py
[2025-12-01T21:00:41.936+0000] {processor.py:829} INFO - Processing file /opt/airflow/dags/utils/helpers.py for tasks to queue
[2025-12-01T21:00:41.937+0000] {logging_mixin.py:154} INFO - [2025-12-01T21:00:41.936+0000] {dagbag.py:536} INFO - Filling up the DagBag from /opt/airflow/dags/utils/helpers.py
[2025-12-01T21:00:41.938+0000] {processor.py:841} WARNING - No viable dags retrieved from /opt/airflow/dags/utils/helpers.py
[2025-12-01T21:00:41.950+0000] {processor.py:179} INFO - Processing /opt/airflow/dags/utils/helpers.py took 0.018 seconds
[2025-12-01T21:01:12.314+0000] {processor.py:157} INFO - Started process (PID=2264) to work on /opt/airflow/dags/utils/helpers.py
[2025-12-01T21:01:12.316+0000] {processor.py:829} INFO - Processing file /opt/airflow/dags/utils/helpers.py for tasks to queue
[2025-12-01T21:01:12.317+0000] {logging_mixin.py:154} INFO - [2025-12-01T21:01:12.317+0000] {dagbag.py:536} INFO - Filling up the DagBag from /opt/airflow/dags/utils/helpers.py
[2025-12-01T21:01:12.319+0000] {processor.py:841} WARNING - No viable dags retrieved from /opt/airflow/dags/utils/helpers.py
[2025-12-01T21:01:12.336+0000] {processor.py:179} INFO - Processing /opt/airflow/dags/utils/helpers.py took 0.026 seconds
[2025-12-01T21:01:42.678+0000] {processor.py:157} INFO - Started process (PID=2329) to work on /opt/airflow/dags/utils/helpers.py
[2025-12-01T21:01:42.679+0000] {processor.py:829} INFO - Processing file /opt/airflow/dags/utils/helpers.py for tasks to queue
[2025-12-01T21:01:42.680+0000] {logging_mixin.py:154} INFO - [2025-12-01T21:01:42.680+0000] {dagbag.py:536} INFO - Filling up the DagBag from /opt/airflow/dags/utils/helpers.py
[2025-12-01T21:01:42.682+0000] {processor.py:841} WARNING - No viable dags retrieved from /opt/airflow/dags/utils/helpers.py
[2025-12-01T21:01:42.693+0000] {processor.py:179} INFO - Processing /opt/airflow/dags/utils/helpers.py took 0.018 seconds
[2025-12-01T21:02:13.155+0000] {processor.py:157} INFO - Started process (PID=2394) to work on /opt/airflow/dags/utils/helpers.py
[2025-12-01T21:02:13.156+0000] {processor.py:829} INFO - Processing file /opt/airflow/dags/utils/helpers.py for tasks to queue
[2025-12-01T21:02:13.156+0000] {logging_mixin.py:154} INFO - [2025-12-01T21:02:13.156+0000] {dagbag.py:536} INFO - Filling up the DagBag from /opt/airflow/dags/utils/helpers.py
[2025-12-01T21:02:13.158+0000] {processor.py:841} WARNING - No viable dags retrieved from /opt/airflow/dags/utils/helpers.py
[2025-12-01T21:02:13.168+0000] {processor.py:179} INFO - Processing /opt/airflow/dags/utils/helpers.py took 0.016 seconds
[2025-12-01T21:02:43.694+0000] {processor.py:157} INFO - Started process (PID=2458) to work on /opt/airflow/dags/utils/helpers.py
[2025-12-01T21:02:43.695+0000] {processor.py:829} INFO - Processing file /opt/airflow/dags/utils/helpers.py for tasks to queue
[2025-12-01T21:02:43.695+0000] {logging_mixin.py:154} INFO - [2025-12-01T21:02:43.695+0000] {dagbag.py:536} INFO - Filling up the DagBag from /opt/airflow/dags/utils/helpers.py
[2025-12-01T21:02:43.696+0000] {processor.py:841} WARNING - No viable dags retrieved from /opt/airflow/dags/utils/helpers.py
[2025-12-01T21:02:43.707+0000] {processor.py:179} INFO - Processing /opt/airflow/dags/utils/helpers.py took 0.016 seconds
[2025-12-01T21:02:54.713+0000] {processor.py:157} INFO - Started process (PID=188) to work on /opt/airflow/dags/utils/helpers.py
[2025-12-01T21:02:54.714+0000] {processor.py:829} INFO - Processing file /opt/airflow/dags/utils/helpers.py for tasks to queue
[2025-12-01T21:02:54.715+0000] {logging_mixin.py:154} INFO - [2025-12-01T21:02:54.714+0000] {dagbag.py:536} INFO - Filling up the DagBag from /opt/airflow/dags/utils/helpers.py
[2025-12-01T21:02:54.716+0000] {processor.py:841} WARNING - No viable dags retrieved from /opt/airflow/dags/utils/helpers.py
[2025-12-01T21:02:54.729+0000] {processor.py:179} INFO - Processing /opt/airflow/dags/utils/helpers.py took 0.019 seconds
[2025-12-01T21:03:24.831+0000] {processor.py:157} INFO - Started process (PID=235) to work on /opt/airflow/dags/utils/helpers.py
[2025-12-01T21:03:24.832+0000] {processor.py:829} INFO - Processing file /opt/airflow/dags/utils/helpers.py for tasks to queue
[2025-12-01T21:03:24.832+0000] {logging_mixin.py:154} INFO - [2025-12-01T21:03:24.832+0000] {dagbag.py:536} INFO - Filling up the DagBag from /opt/airflow/dags/utils/helpers.py
[2025-12-01T21:03:24.834+0000] {processor.py:841} WARNING - No viable dags retrieved from /opt/airflow/dags/utils/helpers.py
[2025-12-01T21:03:24.845+0000] {processor.py:179} INFO - Processing /opt/airflow/dags/utils/helpers.py took 0.017 seconds
[2025-12-01T21:03:55.021+0000] {processor.py:157} INFO - Started process (PID=290) to work on /opt/airflow/dags/utils/helpers.py
[2025-12-01T21:03:55.023+0000] {processor.py:829} INFO - Processing file /opt/airflow/dags/utils/helpers.py for tasks to queue
[2025-12-01T21:03:55.023+0000] {logging_mixin.py:154} INFO - [2025-12-01T21:03:55.023+0000] {dagbag.py:536} INFO - Filling up the DagBag from /opt/airflow/dags/utils/helpers.py
[2025-12-01T21:03:55.025+0000] {processor.py:841} WARNING - No viable dags retrieved from /opt/airflow/dags/utils/helpers.py
[2025-12-01T21:03:55.035+0000] {processor.py:179} INFO - Processing /opt/airflow/dags/utils/helpers.py took 0.017 seconds
[2025-12-01T21:04:25.275+0000] {processor.py:157} INFO - Started process (PID=355) to work on /opt/airflow/dags/utils/helpers.py
[2025-12-01T21:04:25.276+0000] {processor.py:829} INFO - Processing file /opt/airflow/dags/utils/helpers.py for tasks to queue
[2025-12-01T21:04:25.277+0000] {logging_mixin.py:154} INFO - [2025-12-01T21:04:25.276+0000] {dagbag.py:536} INFO - Filling up the DagBag from /opt/airflow/dags/utils/helpers.py
[2025-12-01T21:04:25.278+0000] {processor.py:841} WARNING - No viable dags retrieved from /opt/airflow/dags/utils/helpers.py
[2025-12-01T21:04:25.288+0000] {processor.py:179} INFO - Processing /opt/airflow/dags/utils/helpers.py took 0.015 seconds
[2025-12-01T21:04:55.751+0000] {processor.py:157} INFO - Started process (PID=416) to work on /opt/airflow/dags/utils/helpers.py
[2025-12-01T21:04:55.752+0000] {processor.py:829} INFO - Processing file /opt/airflow/dags/utils/helpers.py for tasks to queue
[2025-12-01T21:04:55.752+0000] {logging_mixin.py:154} INFO - [2025-12-01T21:04:55.752+0000] {dagbag.py:536} INFO - Filling up the DagBag from /opt/airflow/dags/utils/helpers.py
[2025-12-01T21:04:55.754+0000] {processor.py:841} WARNING - No viable dags retrieved from /opt/airflow/dags/utils/helpers.py
[2025-12-01T21:04:55.764+0000] {processor.py:179} INFO - Processing /opt/airflow/dags/utils/helpers.py took 0.016 seconds
[2025-12-01T21:05:26.050+0000] {processor.py:157} INFO - Started process (PID=481) to work on /opt/airflow/dags/utils/helpers.py
[2025-12-01T21:05:26.051+0000] {processor.py:829} INFO - Processing file /opt/airflow/dags/utils/helpers.py for tasks to queue
[2025-12-01T21:05:26.052+0000] {logging_mixin.py:154} INFO - [2025-12-01T21:05:26.051+0000] {dagbag.py:536} INFO - Filling up the DagBag from /opt/airflow/dags/utils/helpers.py
[2025-12-01T21:05:26.053+0000] {processor.py:841} WARNING - No viable dags retrieved from /opt/airflow/dags/utils/helpers.py
[2025-12-01T21:05:26.063+0000] {processor.py:179} INFO - Processing /opt/airflow/dags/utils/helpers.py took 0.016 seconds
[2025-12-01T21:05:56.328+0000] {processor.py:157} INFO - Started process (PID=546) to work on /opt/airflow/dags/utils/helpers.py
[2025-12-01T21:05:56.329+0000] {processor.py:829} INFO - Processing file /opt/airflow/dags/utils/helpers.py for tasks to queue
[2025-12-01T21:05:56.329+0000] {logging_mixin.py:154} INFO - [2025-12-01T21:05:56.329+0000] {dagbag.py:536} INFO - Filling up the DagBag from /opt/airflow/dags/utils/helpers.py
[2025-12-01T21:05:56.331+0000] {processor.py:841} WARNING - No viable dags retrieved from /opt/airflow/dags/utils/helpers.py
[2025-12-01T21:05:56.341+0000] {processor.py:179} INFO - Processing /opt/airflow/dags/utils/helpers.py took 0.015 seconds
[2025-12-01T21:06:25.037+0000] {processor.py:157} INFO - Started process (PID=188) to work on /opt/airflow/dags/utils/helpers.py
[2025-12-01T21:06:25.041+0000] {processor.py:829} INFO - Processing file /opt/airflow/dags/utils/helpers.py for tasks to queue
[2025-12-01T21:06:25.042+0000] {logging_mixin.py:154} INFO - [2025-12-01T21:06:25.042+0000] {dagbag.py:536} INFO - Filling up the DagBag from /opt/airflow/dags/utils/helpers.py
[2025-12-01T21:06:25.044+0000] {processor.py:841} WARNING - No viable dags retrieved from /opt/airflow/dags/utils/helpers.py
[2025-12-01T21:06:25.064+0000] {processor.py:179} INFO - Processing /opt/airflow/dags/utils/helpers.py took 0.047 seconds
[2025-12-01T21:06:55.129+0000] {processor.py:157} INFO - Started process (PID=235) to work on /opt/airflow/dags/utils/helpers.py
[2025-12-01T21:06:55.130+0000] {processor.py:829} INFO - Processing file /opt/airflow/dags/utils/helpers.py for tasks to queue
[2025-12-01T21:06:55.130+0000] {logging_mixin.py:154} INFO - [2025-12-01T21:06:55.130+0000] {dagbag.py:536} INFO - Filling up the DagBag from /opt/airflow/dags/utils/helpers.py
[2025-12-01T21:06:55.132+0000] {processor.py:841} WARNING - No viable dags retrieved from /opt/airflow/dags/utils/helpers.py
[2025-12-01T21:06:55.142+0000] {processor.py:179} INFO - Processing /opt/airflow/dags/utils/helpers.py took 0.017 seconds
[2025-12-01T21:07:25.445+0000] {processor.py:157} INFO - Started process (PID=357) to work on /opt/airflow/dags/utils/helpers.py
[2025-12-01T21:07:25.446+0000] {processor.py:829} INFO - Processing file /opt/airflow/dags/utils/helpers.py for tasks to queue
[2025-12-01T21:07:25.446+0000] {logging_mixin.py:154} INFO - [2025-12-01T21:07:25.446+0000] {dagbag.py:536} INFO - Filling up the DagBag from /opt/airflow/dags/utils/helpers.py
[2025-12-01T21:07:25.448+0000] {processor.py:841} WARNING - No viable dags retrieved from /opt/airflow/dags/utils/helpers.py
[2025-12-01T21:07:25.458+0000] {processor.py:179} INFO - Processing /opt/airflow/dags/utils/helpers.py took 0.015 seconds
[2025-12-01T21:07:55.790+0000] {processor.py:157} INFO - Started process (PID=555) to work on /opt/airflow/dags/utils/helpers.py
[2025-12-01T21:07:55.794+0000] {processor.py:829} INFO - Processing file /opt/airflow/dags/utils/helpers.py for tasks to queue
[2025-12-01T21:07:55.795+0000] {logging_mixin.py:154} INFO - [2025-12-01T21:07:55.795+0000] {dagbag.py:536} INFO - Filling up the DagBag from /opt/airflow/dags/utils/helpers.py
[2025-12-01T21:07:55.797+0000] {processor.py:841} WARNING - No viable dags retrieved from /opt/airflow/dags/utils/helpers.py
[2025-12-01T21:07:55.814+0000] {processor.py:179} INFO - Processing /opt/airflow/dags/utils/helpers.py took 0.028 seconds
[2025-12-01T21:08:26.301+0000] {processor.py:157} INFO - Started process (PID=662) to work on /opt/airflow/dags/utils/helpers.py
[2025-12-01T21:08:26.302+0000] {processor.py:829} INFO - Processing file /opt/airflow/dags/utils/helpers.py for tasks to queue
[2025-12-01T21:08:26.302+0000] {logging_mixin.py:154} INFO - [2025-12-01T21:08:26.302+0000] {dagbag.py:536} INFO - Filling up the DagBag from /opt/airflow/dags/utils/helpers.py
[2025-12-01T21:08:26.303+0000] {processor.py:841} WARNING - No viable dags retrieved from /opt/airflow/dags/utils/helpers.py
[2025-12-01T21:08:26.313+0000] {processor.py:179} INFO - Processing /opt/airflow/dags/utils/helpers.py took 0.014 seconds
[2025-12-01T21:08:56.589+0000] {processor.py:157} INFO - Started process (PID=789) to work on /opt/airflow/dags/utils/helpers.py
[2025-12-01T21:08:56.590+0000] {processor.py:829} INFO - Processing file /opt/airflow/dags/utils/helpers.py for tasks to queue
[2025-12-01T21:08:56.590+0000] {logging_mixin.py:154} INFO - [2025-12-01T21:08:56.590+0000] {dagbag.py:536} INFO - Filling up the DagBag from /opt/airflow/dags/utils/helpers.py
[2025-12-01T21:08:56.592+0000] {processor.py:841} WARNING - No viable dags retrieved from /opt/airflow/dags/utils/helpers.py
[2025-12-01T21:08:56.603+0000] {processor.py:179} INFO - Processing /opt/airflow/dags/utils/helpers.py took 0.017 seconds
[2025-12-01T21:09:26.894+0000] {processor.py:157} INFO - Started process (PID=854) to work on /opt/airflow/dags/utils/helpers.py
[2025-12-01T21:09:26.895+0000] {processor.py:829} INFO - Processing file /opt/airflow/dags/utils/helpers.py for tasks to queue
[2025-12-01T21:09:26.895+0000] {logging_mixin.py:154} INFO - [2025-12-01T21:09:26.895+0000] {dagbag.py:536} INFO - Filling up the DagBag from /opt/airflow/dags/utils/helpers.py
[2025-12-01T21:09:26.897+0000] {processor.py:841} WARNING - No viable dags retrieved from /opt/airflow/dags/utils/helpers.py
[2025-12-01T21:09:26.909+0000] {processor.py:179} INFO - Processing /opt/airflow/dags/utils/helpers.py took 0.018 seconds
[2025-12-01T21:09:57.180+0000] {processor.py:157} INFO - Started process (PID=913) to work on /opt/airflow/dags/utils/helpers.py
[2025-12-01T21:09:57.181+0000] {processor.py:829} INFO - Processing file /opt/airflow/dags/utils/helpers.py for tasks to queue
[2025-12-01T21:09:57.182+0000] {logging_mixin.py:154} INFO - [2025-12-01T21:09:57.182+0000] {dagbag.py:536} INFO - Filling up the DagBag from /opt/airflow/dags/utils/helpers.py
[2025-12-01T21:09:57.184+0000] {processor.py:841} WARNING - No viable dags retrieved from /opt/airflow/dags/utils/helpers.py
[2025-12-01T21:09:57.194+0000] {processor.py:179} INFO - Processing /opt/airflow/dags/utils/helpers.py took 0.016 seconds
[2025-12-01T21:10:27.465+0000] {processor.py:157} INFO - Started process (PID=978) to work on /opt/airflow/dags/utils/helpers.py
[2025-12-01T21:10:27.466+0000] {processor.py:829} INFO - Processing file /opt/airflow/dags/utils/helpers.py for tasks to queue
[2025-12-01T21:10:27.467+0000] {logging_mixin.py:154} INFO - [2025-12-01T21:10:27.466+0000] {dagbag.py:536} INFO - Filling up the DagBag from /opt/airflow/dags/utils/helpers.py
[2025-12-01T21:10:27.468+0000] {processor.py:841} WARNING - No viable dags retrieved from /opt/airflow/dags/utils/helpers.py
[2025-12-01T21:10:27.479+0000] {processor.py:179} INFO - Processing /opt/airflow/dags/utils/helpers.py took 0.016 seconds
[2025-12-01T21:10:57.737+0000] {processor.py:157} INFO - Started process (PID=1036) to work on /opt/airflow/dags/utils/helpers.py
[2025-12-01T21:10:57.738+0000] {processor.py:829} INFO - Processing file /opt/airflow/dags/utils/helpers.py for tasks to queue
[2025-12-01T21:10:57.739+0000] {logging_mixin.py:154} INFO - [2025-12-01T21:10:57.739+0000] {dagbag.py:536} INFO - Filling up the DagBag from /opt/airflow/dags/utils/helpers.py
[2025-12-01T21:10:57.740+0000] {processor.py:841} WARNING - No viable dags retrieved from /opt/airflow/dags/utils/helpers.py
[2025-12-01T21:10:57.751+0000] {processor.py:179} INFO - Processing /opt/airflow/dags/utils/helpers.py took 0.017 seconds
[2025-12-01T21:11:28.044+0000] {processor.py:157} INFO - Started process (PID=1101) to work on /opt/airflow/dags/utils/helpers.py
[2025-12-01T21:11:28.044+0000] {processor.py:829} INFO - Processing file /opt/airflow/dags/utils/helpers.py for tasks to queue
[2025-12-01T21:11:28.045+0000] {logging_mixin.py:154} INFO - [2025-12-01T21:11:28.044+0000] {dagbag.py:536} INFO - Filling up the DagBag from /opt/airflow/dags/utils/helpers.py
[2025-12-01T21:11:28.046+0000] {processor.py:841} WARNING - No viable dags retrieved from /opt/airflow/dags/utils/helpers.py
[2025-12-01T21:11:28.056+0000] {processor.py:179} INFO - Processing /opt/airflow/dags/utils/helpers.py took 0.016 seconds
[2025-12-01T21:11:58.321+0000] {processor.py:157} INFO - Started process (PID=1179) to work on /opt/airflow/dags/utils/helpers.py
[2025-12-01T21:11:58.322+0000] {processor.py:829} INFO - Processing file /opt/airflow/dags/utils/helpers.py for tasks to queue
[2025-12-01T21:11:58.323+0000] {logging_mixin.py:154} INFO - [2025-12-01T21:11:58.323+0000] {dagbag.py:536} INFO - Filling up the DagBag from /opt/airflow/dags/utils/helpers.py
[2025-12-01T21:11:58.325+0000] {processor.py:841} WARNING - No viable dags retrieved from /opt/airflow/dags/utils/helpers.py
[2025-12-01T21:11:58.336+0000] {processor.py:179} INFO - Processing /opt/airflow/dags/utils/helpers.py took 0.018 seconds
[2025-12-01T21:12:28.699+0000] {processor.py:157} INFO - Started process (PID=1404) to work on /opt/airflow/dags/utils/helpers.py
[2025-12-01T21:12:28.700+0000] {processor.py:829} INFO - Processing file /opt/airflow/dags/utils/helpers.py for tasks to queue
[2025-12-01T21:12:28.701+0000] {logging_mixin.py:154} INFO - [2025-12-01T21:12:28.701+0000] {dagbag.py:536} INFO - Filling up the DagBag from /opt/airflow/dags/utils/helpers.py
[2025-12-01T21:12:28.703+0000] {processor.py:841} WARNING - No viable dags retrieved from /opt/airflow/dags/utils/helpers.py
[2025-12-01T21:12:28.726+0000] {processor.py:179} INFO - Processing /opt/airflow/dags/utils/helpers.py took 0.031 seconds
[2025-12-01T21:12:59.149+0000] {processor.py:157} INFO - Started process (PID=1589) to work on /opt/airflow/dags/utils/helpers.py
[2025-12-01T21:12:59.150+0000] {processor.py:829} INFO - Processing file /opt/airflow/dags/utils/helpers.py for tasks to queue
[2025-12-01T21:12:59.150+0000] {logging_mixin.py:154} INFO - [2025-12-01T21:12:59.150+0000] {dagbag.py:536} INFO - Filling up the DagBag from /opt/airflow/dags/utils/helpers.py
[2025-12-01T21:12:59.152+0000] {processor.py:841} WARNING - No viable dags retrieved from /opt/airflow/dags/utils/helpers.py
[2025-12-01T21:12:59.162+0000] {processor.py:179} INFO - Processing /opt/airflow/dags/utils/helpers.py took 0.016 seconds
[2025-12-01T21:13:29.440+0000] {processor.py:157} INFO - Started process (PID=1647) to work on /opt/airflow/dags/utils/helpers.py
[2025-12-01T21:13:29.441+0000] {processor.py:829} INFO - Processing file /opt/airflow/dags/utils/helpers.py for tasks to queue
[2025-12-01T21:13:29.442+0000] {logging_mixin.py:154} INFO - [2025-12-01T21:13:29.441+0000] {dagbag.py:536} INFO - Filling up the DagBag from /opt/airflow/dags/utils/helpers.py
[2025-12-01T21:13:29.443+0000] {processor.py:841} WARNING - No viable dags retrieved from /opt/airflow/dags/utils/helpers.py
[2025-12-01T21:13:29.453+0000] {processor.py:179} INFO - Processing /opt/airflow/dags/utils/helpers.py took 0.016 seconds
[2025-12-01T21:14:00.251+0000] {processor.py:157} INFO - Started process (PID=1712) to work on /opt/airflow/dags/utils/helpers.py
[2025-12-01T21:14:00.252+0000] {processor.py:829} INFO - Processing file /opt/airflow/dags/utils/helpers.py for tasks to queue
[2025-12-01T21:14:00.252+0000] {logging_mixin.py:154} INFO - [2025-12-01T21:14:00.252+0000] {dagbag.py:536} INFO - Filling up the DagBag from /opt/airflow/dags/utils/helpers.py
[2025-12-01T21:14:00.254+0000] {processor.py:841} WARNING - No viable dags retrieved from /opt/airflow/dags/utils/helpers.py
[2025-12-01T21:14:00.264+0000] {processor.py:179} INFO - Processing /opt/airflow/dags/utils/helpers.py took 0.016 seconds
[2025-12-01T21:14:30.979+0000] {processor.py:157} INFO - Started process (PID=1777) to work on /opt/airflow/dags/utils/helpers.py
[2025-12-01T21:14:30.979+0000] {processor.py:829} INFO - Processing file /opt/airflow/dags/utils/helpers.py for tasks to queue
[2025-12-01T21:14:30.980+0000] {logging_mixin.py:154} INFO - [2025-12-01T21:14:30.980+0000] {dagbag.py:536} INFO - Filling up the DagBag from /opt/airflow/dags/utils/helpers.py
[2025-12-01T21:14:30.981+0000] {processor.py:841} WARNING - No viable dags retrieved from /opt/airflow/dags/utils/helpers.py
[2025-12-01T21:14:30.991+0000] {processor.py:179} INFO - Processing /opt/airflow/dags/utils/helpers.py took 0.015 seconds
[2025-12-01T21:15:01.397+0000] {processor.py:157} INFO - Started process (PID=1835) to work on /opt/airflow/dags/utils/helpers.py
[2025-12-01T21:15:01.398+0000] {processor.py:829} INFO - Processing file /opt/airflow/dags/utils/helpers.py for tasks to queue
[2025-12-01T21:15:01.398+0000] {logging_mixin.py:154} INFO - [2025-12-01T21:15:01.398+0000] {dagbag.py:536} INFO - Filling up the DagBag from /opt/airflow/dags/utils/helpers.py
[2025-12-01T21:15:01.400+0000] {processor.py:841} WARNING - No viable dags retrieved from /opt/airflow/dags/utils/helpers.py
[2025-12-01T21:15:01.411+0000] {processor.py:179} INFO - Processing /opt/airflow/dags/utils/helpers.py took 0.016 seconds
[2025-12-01T21:15:31.700+0000] {processor.py:157} INFO - Started process (PID=1900) to work on /opt/airflow/dags/utils/helpers.py
[2025-12-01T21:15:31.701+0000] {processor.py:829} INFO - Processing file /opt/airflow/dags/utils/helpers.py for tasks to queue
[2025-12-01T21:15:31.702+0000] {logging_mixin.py:154} INFO - [2025-12-01T21:15:31.701+0000] {dagbag.py:536} INFO - Filling up the DagBag from /opt/airflow/dags/utils/helpers.py
[2025-12-01T21:15:31.703+0000] {processor.py:841} WARNING - No viable dags retrieved from /opt/airflow/dags/utils/helpers.py
[2025-12-01T21:15:31.715+0000] {processor.py:179} INFO - Processing /opt/airflow/dags/utils/helpers.py took 0.017 seconds
[2025-12-01T21:16:02.347+0000] {processor.py:157} INFO - Started process (PID=1958) to work on /opt/airflow/dags/utils/helpers.py
[2025-12-01T21:16:02.348+0000] {processor.py:829} INFO - Processing file /opt/airflow/dags/utils/helpers.py for tasks to queue
[2025-12-01T21:16:02.348+0000] {logging_mixin.py:154} INFO - [2025-12-01T21:16:02.348+0000] {dagbag.py:536} INFO - Filling up the DagBag from /opt/airflow/dags/utils/helpers.py
[2025-12-01T21:16:02.350+0000] {processor.py:841} WARNING - No viable dags retrieved from /opt/airflow/dags/utils/helpers.py
[2025-12-01T21:16:02.360+0000] {processor.py:179} INFO - Processing /opt/airflow/dags/utils/helpers.py took 0.015 seconds
[2025-12-01T21:16:33.186+0000] {processor.py:157} INFO - Started process (PID=2023) to work on /opt/airflow/dags/utils/helpers.py
[2025-12-01T21:16:33.187+0000] {processor.py:829} INFO - Processing file /opt/airflow/dags/utils/helpers.py for tasks to queue
[2025-12-01T21:16:33.188+0000] {logging_mixin.py:154} INFO - [2025-12-01T21:16:33.188+0000] {dagbag.py:536} INFO - Filling up the DagBag from /opt/airflow/dags/utils/helpers.py
[2025-12-01T21:16:33.191+0000] {processor.py:841} WARNING - No viable dags retrieved from /opt/airflow/dags/utils/helpers.py
[2025-12-01T21:16:33.216+0000] {processor.py:179} INFO - Processing /opt/airflow/dags/utils/helpers.py took 0.036 seconds
[2025-12-01T21:17:03.503+0000] {processor.py:157} INFO - Started process (PID=2078) to work on /opt/airflow/dags/utils/helpers.py
[2025-12-01T21:17:03.518+0000] {processor.py:829} INFO - Processing file /opt/airflow/dags/utils/helpers.py for tasks to queue
[2025-12-01T21:17:03.519+0000] {logging_mixin.py:154} INFO - [2025-12-01T21:17:03.519+0000] {dagbag.py:536} INFO - Filling up the DagBag from /opt/airflow/dags/utils/helpers.py
[2025-12-01T21:17:03.521+0000] {processor.py:841} WARNING - No viable dags retrieved from /opt/airflow/dags/utils/helpers.py
[2025-12-01T21:17:03.531+0000] {processor.py:179} INFO - Processing /opt/airflow/dags/utils/helpers.py took 0.031 seconds
[2025-12-01T21:17:34.404+0000] {processor.py:157} INFO - Started process (PID=2143) to work on /opt/airflow/dags/utils/helpers.py
[2025-12-01T21:17:34.408+0000] {processor.py:829} INFO - Processing file /opt/airflow/dags/utils/helpers.py for tasks to queue
[2025-12-01T21:17:34.409+0000] {logging_mixin.py:154} INFO - [2025-12-01T21:17:34.409+0000] {dagbag.py:536} INFO - Filling up the DagBag from /opt/airflow/dags/utils/helpers.py
[2025-12-01T21:17:34.411+0000] {processor.py:841} WARNING - No viable dags retrieved from /opt/airflow/dags/utils/helpers.py
[2025-12-01T21:17:34.422+0000] {processor.py:179} INFO - Processing /opt/airflow/dags/utils/helpers.py took 0.020 seconds
[2025-12-01T21:18:04.601+0000] {processor.py:157} INFO - Started process (PID=2208) to work on /opt/airflow/dags/utils/helpers.py
[2025-12-01T21:18:04.602+0000] {processor.py:829} INFO - Processing file /opt/airflow/dags/utils/helpers.py for tasks to queue
[2025-12-01T21:18:04.602+0000] {logging_mixin.py:154} INFO - [2025-12-01T21:18:04.602+0000] {dagbag.py:536} INFO - Filling up the DagBag from /opt/airflow/dags/utils/helpers.py
[2025-12-01T21:18:04.604+0000] {processor.py:841} WARNING - No viable dags retrieved from /opt/airflow/dags/utils/helpers.py
[2025-12-01T21:18:04.614+0000] {processor.py:179} INFO - Processing /opt/airflow/dags/utils/helpers.py took 0.016 seconds
[2025-12-01T21:18:34.988+0000] {processor.py:157} INFO - Started process (PID=2266) to work on /opt/airflow/dags/utils/helpers.py
[2025-12-01T21:18:34.989+0000] {processor.py:829} INFO - Processing file /opt/airflow/dags/utils/helpers.py for tasks to queue
[2025-12-01T21:18:34.990+0000] {logging_mixin.py:154} INFO - [2025-12-01T21:18:34.989+0000] {dagbag.py:536} INFO - Filling up the DagBag from /opt/airflow/dags/utils/helpers.py
[2025-12-01T21:18:34.991+0000] {processor.py:841} WARNING - No viable dags retrieved from /opt/airflow/dags/utils/helpers.py
[2025-12-01T21:18:35.001+0000] {processor.py:179} INFO - Processing /opt/airflow/dags/utils/helpers.py took 0.016 seconds
[2025-12-01T21:19:05.348+0000] {processor.py:157} INFO - Started process (PID=2331) to work on /opt/airflow/dags/utils/helpers.py
[2025-12-01T21:19:05.349+0000] {processor.py:829} INFO - Processing file /opt/airflow/dags/utils/helpers.py for tasks to queue
[2025-12-01T21:19:05.350+0000] {logging_mixin.py:154} INFO - [2025-12-01T21:19:05.350+0000] {dagbag.py:536} INFO - Filling up the DagBag from /opt/airflow/dags/utils/helpers.py
[2025-12-01T21:19:05.351+0000] {processor.py:841} WARNING - No viable dags retrieved from /opt/airflow/dags/utils/helpers.py
[2025-12-01T21:19:05.363+0000] {processor.py:179} INFO - Processing /opt/airflow/dags/utils/helpers.py took 0.018 seconds
[2025-12-01T21:19:35.400+0000] {processor.py:157} INFO - Started process (PID=2393) to work on /opt/airflow/dags/utils/helpers.py
[2025-12-01T21:19:35.401+0000] {processor.py:829} INFO - Processing file /opt/airflow/dags/utils/helpers.py for tasks to queue
[2025-12-01T21:19:35.402+0000] {logging_mixin.py:154} INFO - [2025-12-01T21:19:35.401+0000] {dagbag.py:536} INFO - Filling up the DagBag from /opt/airflow/dags/utils/helpers.py
[2025-12-01T21:19:35.404+0000] {processor.py:841} WARNING - No viable dags retrieved from /opt/airflow/dags/utils/helpers.py
[2025-12-01T21:19:35.416+0000] {processor.py:179} INFO - Processing /opt/airflow/dags/utils/helpers.py took 0.018 seconds
[2025-12-01T21:20:06.076+0000] {processor.py:157} INFO - Started process (PID=2437) to work on /opt/airflow/dags/utils/helpers.py
[2025-12-01T21:20:06.078+0000] {processor.py:829} INFO - Processing file /opt/airflow/dags/utils/helpers.py for tasks to queue
[2025-12-01T21:20:06.078+0000] {logging_mixin.py:154} INFO - [2025-12-01T21:20:06.078+0000] {dagbag.py:536} INFO - Filling up the DagBag from /opt/airflow/dags/utils/helpers.py
[2025-12-01T21:20:06.080+0000] {processor.py:841} WARNING - No viable dags retrieved from /opt/airflow/dags/utils/helpers.py
[2025-12-01T21:20:06.092+0000] {processor.py:179} INFO - Processing /opt/airflow/dags/utils/helpers.py took 0.020 seconds
[2025-12-01T21:20:36.521+0000] {processor.py:157} INFO - Started process (PID=2502) to work on /opt/airflow/dags/utils/helpers.py
[2025-12-01T21:20:36.522+0000] {processor.py:829} INFO - Processing file /opt/airflow/dags/utils/helpers.py for tasks to queue
[2025-12-01T21:20:36.522+0000] {logging_mixin.py:154} INFO - [2025-12-01T21:20:36.522+0000] {dagbag.py:536} INFO - Filling up the DagBag from /opt/airflow/dags/utils/helpers.py
[2025-12-01T21:20:36.524+0000] {processor.py:841} WARNING - No viable dags retrieved from /opt/airflow/dags/utils/helpers.py
[2025-12-01T21:20:36.535+0000] {processor.py:179} INFO - Processing /opt/airflow/dags/utils/helpers.py took 0.017 seconds
[2025-12-01T21:21:06.778+0000] {processor.py:157} INFO - Started process (PID=2560) to work on /opt/airflow/dags/utils/helpers.py
[2025-12-01T21:21:06.779+0000] {processor.py:829} INFO - Processing file /opt/airflow/dags/utils/helpers.py for tasks to queue
[2025-12-01T21:21:06.779+0000] {logging_mixin.py:154} INFO - [2025-12-01T21:21:06.779+0000] {dagbag.py:536} INFO - Filling up the DagBag from /opt/airflow/dags/utils/helpers.py
[2025-12-01T21:21:06.781+0000] {processor.py:841} WARNING - No viable dags retrieved from /opt/airflow/dags/utils/helpers.py
[2025-12-01T21:21:06.792+0000] {processor.py:179} INFO - Processing /opt/airflow/dags/utils/helpers.py took 0.017 seconds
[2025-12-01T21:21:36.856+0000] {processor.py:157} INFO - Started process (PID=2625) to work on /opt/airflow/dags/utils/helpers.py
[2025-12-01T21:21:36.858+0000] {processor.py:829} INFO - Processing file /opt/airflow/dags/utils/helpers.py for tasks to queue
[2025-12-01T21:21:36.858+0000] {logging_mixin.py:154} INFO - [2025-12-01T21:21:36.858+0000] {dagbag.py:536} INFO - Filling up the DagBag from /opt/airflow/dags/utils/helpers.py
[2025-12-01T21:21:36.860+0000] {processor.py:841} WARNING - No viable dags retrieved from /opt/airflow/dags/utils/helpers.py
[2025-12-01T21:21:36.870+0000] {processor.py:179} INFO - Processing /opt/airflow/dags/utils/helpers.py took 0.017 seconds
[2025-12-01T21:22:07.249+0000] {processor.py:157} INFO - Started process (PID=2683) to work on /opt/airflow/dags/utils/helpers.py
[2025-12-01T21:22:07.251+0000] {processor.py:829} INFO - Processing file /opt/airflow/dags/utils/helpers.py for tasks to queue
[2025-12-01T21:22:07.251+0000] {logging_mixin.py:154} INFO - [2025-12-01T21:22:07.251+0000] {dagbag.py:536} INFO - Filling up the DagBag from /opt/airflow/dags/utils/helpers.py
[2025-12-01T21:22:07.253+0000] {processor.py:841} WARNING - No viable dags retrieved from /opt/airflow/dags/utils/helpers.py
[2025-12-01T21:22:07.264+0000] {processor.py:179} INFO - Processing /opt/airflow/dags/utils/helpers.py took 0.018 seconds
[2025-12-01T21:22:37.583+0000] {processor.py:157} INFO - Started process (PID=2748) to work on /opt/airflow/dags/utils/helpers.py
[2025-12-01T21:22:37.584+0000] {processor.py:829} INFO - Processing file /opt/airflow/dags/utils/helpers.py for tasks to queue
[2025-12-01T21:22:37.585+0000] {logging_mixin.py:154} INFO - [2025-12-01T21:22:37.585+0000] {dagbag.py:536} INFO - Filling up the DagBag from /opt/airflow/dags/utils/helpers.py
[2025-12-01T21:22:37.587+0000] {processor.py:841} WARNING - No viable dags retrieved from /opt/airflow/dags/utils/helpers.py
[2025-12-01T21:22:37.597+0000] {processor.py:179} INFO - Processing /opt/airflow/dags/utils/helpers.py took 0.017 seconds
[2025-12-01T21:23:07.867+0000] {processor.py:157} INFO - Started process (PID=2813) to work on /opt/airflow/dags/utils/helpers.py
[2025-12-01T21:23:07.868+0000] {processor.py:829} INFO - Processing file /opt/airflow/dags/utils/helpers.py for tasks to queue
[2025-12-01T21:23:07.869+0000] {logging_mixin.py:154} INFO - [2025-12-01T21:23:07.869+0000] {dagbag.py:536} INFO - Filling up the DagBag from /opt/airflow/dags/utils/helpers.py
[2025-12-01T21:23:07.871+0000] {processor.py:841} WARNING - No viable dags retrieved from /opt/airflow/dags/utils/helpers.py
[2025-12-01T21:23:07.881+0000] {processor.py:179} INFO - Processing /opt/airflow/dags/utils/helpers.py took 0.017 seconds
[2025-12-01T21:23:38.215+0000] {processor.py:157} INFO - Started process (PID=2871) to work on /opt/airflow/dags/utils/helpers.py
[2025-12-01T21:23:38.216+0000] {processor.py:829} INFO - Processing file /opt/airflow/dags/utils/helpers.py for tasks to queue
[2025-12-01T21:23:38.216+0000] {logging_mixin.py:154} INFO - [2025-12-01T21:23:38.216+0000] {dagbag.py:536} INFO - Filling up the DagBag from /opt/airflow/dags/utils/helpers.py
[2025-12-01T21:23:38.217+0000] {processor.py:841} WARNING - No viable dags retrieved from /opt/airflow/dags/utils/helpers.py
[2025-12-01T21:23:38.228+0000] {processor.py:179} INFO - Processing /opt/airflow/dags/utils/helpers.py took 0.017 seconds
[2025-12-01T21:24:08.544+0000] {processor.py:157} INFO - Started process (PID=2936) to work on /opt/airflow/dags/utils/helpers.py
[2025-12-01T21:24:08.545+0000] {processor.py:829} INFO - Processing file /opt/airflow/dags/utils/helpers.py for tasks to queue
[2025-12-01T21:24:08.545+0000] {logging_mixin.py:154} INFO - [2025-12-01T21:24:08.545+0000] {dagbag.py:536} INFO - Filling up the DagBag from /opt/airflow/dags/utils/helpers.py
[2025-12-01T21:24:08.547+0000] {processor.py:841} WARNING - No viable dags retrieved from /opt/airflow/dags/utils/helpers.py
[2025-12-01T21:24:08.557+0000] {processor.py:179} INFO - Processing /opt/airflow/dags/utils/helpers.py took 0.016 seconds
[2025-12-01T21:24:38.907+0000] {processor.py:157} INFO - Started process (PID=2994) to work on /opt/airflow/dags/utils/helpers.py
[2025-12-01T21:24:38.909+0000] {processor.py:829} INFO - Processing file /opt/airflow/dags/utils/helpers.py for tasks to queue
[2025-12-01T21:24:38.909+0000] {logging_mixin.py:154} INFO - [2025-12-01T21:24:38.909+0000] {dagbag.py:536} INFO - Filling up the DagBag from /opt/airflow/dags/utils/helpers.py
[2025-12-01T21:24:38.911+0000] {processor.py:841} WARNING - No viable dags retrieved from /opt/airflow/dags/utils/helpers.py
[2025-12-01T21:24:38.922+0000] {processor.py:179} INFO - Processing /opt/airflow/dags/utils/helpers.py took 0.018 seconds
[2025-12-01T21:25:09.614+0000] {processor.py:157} INFO - Started process (PID=3059) to work on /opt/airflow/dags/utils/helpers.py
[2025-12-01T21:25:09.616+0000] {processor.py:829} INFO - Processing file /opt/airflow/dags/utils/helpers.py for tasks to queue
[2025-12-01T21:25:09.617+0000] {logging_mixin.py:154} INFO - [2025-12-01T21:25:09.616+0000] {dagbag.py:536} INFO - Filling up the DagBag from /opt/airflow/dags/utils/helpers.py
[2025-12-01T21:25:09.618+0000] {processor.py:841} WARNING - No viable dags retrieved from /opt/airflow/dags/utils/helpers.py
[2025-12-01T21:25:09.630+0000] {processor.py:179} INFO - Processing /opt/airflow/dags/utils/helpers.py took 0.019 seconds
[2025-12-01T21:25:40.014+0000] {processor.py:157} INFO - Started process (PID=3124) to work on /opt/airflow/dags/utils/helpers.py
[2025-12-01T21:25:40.015+0000] {processor.py:829} INFO - Processing file /opt/airflow/dags/utils/helpers.py for tasks to queue
[2025-12-01T21:25:40.016+0000] {logging_mixin.py:154} INFO - [2025-12-01T21:25:40.015+0000] {dagbag.py:536} INFO - Filling up the DagBag from /opt/airflow/dags/utils/helpers.py
[2025-12-01T21:25:40.017+0000] {processor.py:841} WARNING - No viable dags retrieved from /opt/airflow/dags/utils/helpers.py
[2025-12-01T21:25:40.028+0000] {processor.py:179} INFO - Processing /opt/airflow/dags/utils/helpers.py took 0.016 seconds
[2025-12-01T21:26:10.424+0000] {processor.py:157} INFO - Started process (PID=3182) to work on /opt/airflow/dags/utils/helpers.py
[2025-12-01T21:26:10.425+0000] {processor.py:829} INFO - Processing file /opt/airflow/dags/utils/helpers.py for tasks to queue
[2025-12-01T21:26:10.426+0000] {logging_mixin.py:154} INFO - [2025-12-01T21:26:10.426+0000] {dagbag.py:536} INFO - Filling up the DagBag from /opt/airflow/dags/utils/helpers.py
[2025-12-01T21:26:10.428+0000] {processor.py:841} WARNING - No viable dags retrieved from /opt/airflow/dags/utils/helpers.py
[2025-12-01T21:26:10.441+0000] {processor.py:179} INFO - Processing /opt/airflow/dags/utils/helpers.py took 0.020 seconds
[2025-12-01T21:26:40.793+0000] {processor.py:157} INFO - Started process (PID=3247) to work on /opt/airflow/dags/utils/helpers.py
[2025-12-01T21:26:40.793+0000] {processor.py:829} INFO - Processing file /opt/airflow/dags/utils/helpers.py for tasks to queue
[2025-12-01T21:26:40.794+0000] {logging_mixin.py:154} INFO - [2025-12-01T21:26:40.794+0000] {dagbag.py:536} INFO - Filling up the DagBag from /opt/airflow/dags/utils/helpers.py
[2025-12-01T21:26:40.795+0000] {processor.py:841} WARNING - No viable dags retrieved from /opt/airflow/dags/utils/helpers.py
[2025-12-01T21:26:40.806+0000] {processor.py:179} INFO - Processing /opt/airflow/dags/utils/helpers.py took 0.016 seconds
[2025-12-01T21:27:10.836+0000] {processor.py:157} INFO - Started process (PID=3305) to work on /opt/airflow/dags/utils/helpers.py
[2025-12-01T21:27:10.837+0000] {processor.py:829} INFO - Processing file /opt/airflow/dags/utils/helpers.py for tasks to queue
[2025-12-01T21:27:10.837+0000] {logging_mixin.py:154} INFO - [2025-12-01T21:27:10.837+0000] {dagbag.py:536} INFO - Filling up the DagBag from /opt/airflow/dags/utils/helpers.py
[2025-12-01T21:27:10.839+0000] {processor.py:841} WARNING - No viable dags retrieved from /opt/airflow/dags/utils/helpers.py
[2025-12-01T21:27:10.849+0000] {processor.py:179} INFO - Processing /opt/airflow/dags/utils/helpers.py took 0.016 seconds
[2025-12-01T21:27:40.934+0000] {processor.py:157} INFO - Started process (PID=3554) to work on /opt/airflow/dags/utils/helpers.py
[2025-12-01T21:27:40.934+0000] {processor.py:829} INFO - Processing file /opt/airflow/dags/utils/helpers.py for tasks to queue
[2025-12-01T21:27:40.935+0000] {logging_mixin.py:154} INFO - [2025-12-01T21:27:40.935+0000] {dagbag.py:536} INFO - Filling up the DagBag from /opt/airflow/dags/utils/helpers.py
[2025-12-01T21:27:40.936+0000] {processor.py:841} WARNING - No viable dags retrieved from /opt/airflow/dags/utils/helpers.py
[2025-12-01T21:27:40.956+0000] {processor.py:179} INFO - Processing /opt/airflow/dags/utils/helpers.py took 0.030 seconds
[2025-12-01T21:28:11.252+0000] {processor.py:157} INFO - Started process (PID=3613) to work on /opt/airflow/dags/utils/helpers.py
[2025-12-01T21:28:11.259+0000] {processor.py:829} INFO - Processing file /opt/airflow/dags/utils/helpers.py for tasks to queue
[2025-12-01T21:28:11.260+0000] {logging_mixin.py:154} INFO - [2025-12-01T21:28:11.259+0000] {dagbag.py:536} INFO - Filling up the DagBag from /opt/airflow/dags/utils/helpers.py
[2025-12-01T21:28:11.262+0000] {processor.py:841} WARNING - No viable dags retrieved from /opt/airflow/dags/utils/helpers.py
[2025-12-01T21:28:11.283+0000] {processor.py:179} INFO - Processing /opt/airflow/dags/utils/helpers.py took 0.035 seconds
[2025-12-01T21:28:41.419+0000] {processor.py:157} INFO - Started process (PID=3796) to work on /opt/airflow/dags/utils/helpers.py
[2025-12-01T21:28:41.420+0000] {processor.py:829} INFO - Processing file /opt/airflow/dags/utils/helpers.py for tasks to queue
[2025-12-01T21:28:41.420+0000] {logging_mixin.py:154} INFO - [2025-12-01T21:28:41.420+0000] {dagbag.py:536} INFO - Filling up the DagBag from /opt/airflow/dags/utils/helpers.py
[2025-12-01T21:28:41.422+0000] {processor.py:841} WARNING - No viable dags retrieved from /opt/airflow/dags/utils/helpers.py
[2025-12-01T21:28:41.432+0000] {processor.py:179} INFO - Processing /opt/airflow/dags/utils/helpers.py took 0.016 seconds
[2025-12-01T21:29:12.182+0000] {processor.py:157} INFO - Started process (PID=3861) to work on /opt/airflow/dags/utils/helpers.py
[2025-12-01T21:29:12.183+0000] {processor.py:829} INFO - Processing file /opt/airflow/dags/utils/helpers.py for tasks to queue
[2025-12-01T21:29:12.184+0000] {logging_mixin.py:154} INFO - [2025-12-01T21:29:12.183+0000] {dagbag.py:536} INFO - Filling up the DagBag from /opt/airflow/dags/utils/helpers.py
[2025-12-01T21:29:12.185+0000] {processor.py:841} WARNING - No viable dags retrieved from /opt/airflow/dags/utils/helpers.py
[2025-12-01T21:29:12.195+0000] {processor.py:179} INFO - Processing /opt/airflow/dags/utils/helpers.py took 0.016 seconds
[2025-12-01T21:29:42.514+0000] {processor.py:157} INFO - Started process (PID=4025) to work on /opt/airflow/dags/utils/helpers.py
[2025-12-01T21:29:42.515+0000] {processor.py:829} INFO - Processing file /opt/airflow/dags/utils/helpers.py for tasks to queue
[2025-12-01T21:29:42.515+0000] {logging_mixin.py:154} INFO - [2025-12-01T21:29:42.515+0000] {dagbag.py:536} INFO - Filling up the DagBag from /opt/airflow/dags/utils/helpers.py
[2025-12-01T21:29:42.517+0000] {processor.py:841} WARNING - No viable dags retrieved from /opt/airflow/dags/utils/helpers.py
[2025-12-01T21:29:42.528+0000] {processor.py:179} INFO - Processing /opt/airflow/dags/utils/helpers.py took 0.017 seconds
[2025-12-01T21:30:13.005+0000] {processor.py:157} INFO - Started process (PID=4173) to work on /opt/airflow/dags/utils/helpers.py
[2025-12-01T21:30:13.006+0000] {processor.py:829} INFO - Processing file /opt/airflow/dags/utils/helpers.py for tasks to queue
[2025-12-01T21:30:13.007+0000] {logging_mixin.py:154} INFO - [2025-12-01T21:30:13.006+0000] {dagbag.py:536} INFO - Filling up the DagBag from /opt/airflow/dags/utils/helpers.py
[2025-12-01T21:30:13.009+0000] {processor.py:841} WARNING - No viable dags retrieved from /opt/airflow/dags/utils/helpers.py
[2025-12-01T21:30:13.021+0000] {processor.py:179} INFO - Processing /opt/airflow/dags/utils/helpers.py took 0.020 seconds
[2025-12-01T21:30:43.515+0000] {processor.py:157} INFO - Started process (PID=4347) to work on /opt/airflow/dags/utils/helpers.py
[2025-12-01T21:30:43.516+0000] {processor.py:829} INFO - Processing file /opt/airflow/dags/utils/helpers.py for tasks to queue
[2025-12-01T21:30:43.516+0000] {logging_mixin.py:154} INFO - [2025-12-01T21:30:43.516+0000] {dagbag.py:536} INFO - Filling up the DagBag from /opt/airflow/dags/utils/helpers.py
[2025-12-01T21:30:43.518+0000] {processor.py:841} WARNING - No viable dags retrieved from /opt/airflow/dags/utils/helpers.py
[2025-12-01T21:30:43.528+0000] {processor.py:179} INFO - Processing /opt/airflow/dags/utils/helpers.py took 0.016 seconds
[2025-12-01T21:31:16.071+0000] {processor.py:157} INFO - Started process (PID=188) to work on /opt/airflow/dags/utils/helpers.py
[2025-12-01T21:31:16.071+0000] {processor.py:829} INFO - Processing file /opt/airflow/dags/utils/helpers.py for tasks to queue
[2025-12-01T21:31:16.072+0000] {logging_mixin.py:154} INFO - [2025-12-01T21:31:16.072+0000] {dagbag.py:536} INFO - Filling up the DagBag from /opt/airflow/dags/utils/helpers.py
[2025-12-01T21:31:16.074+0000] {processor.py:841} WARNING - No viable dags retrieved from /opt/airflow/dags/utils/helpers.py
[2025-12-01T21:31:16.088+0000] {processor.py:179} INFO - Processing /opt/airflow/dags/utils/helpers.py took 0.021 seconds
[2025-12-01T21:31:46.165+0000] {processor.py:157} INFO - Started process (PID=364) to work on /opt/airflow/dags/utils/helpers.py
[2025-12-01T21:31:46.166+0000] {processor.py:829} INFO - Processing file /opt/airflow/dags/utils/helpers.py for tasks to queue
[2025-12-01T21:31:46.167+0000] {logging_mixin.py:154} INFO - [2025-12-01T21:31:46.167+0000] {dagbag.py:536} INFO - Filling up the DagBag from /opt/airflow/dags/utils/helpers.py
[2025-12-01T21:31:46.169+0000] {processor.py:841} WARNING - No viable dags retrieved from /opt/airflow/dags/utils/helpers.py
[2025-12-01T21:31:46.185+0000] {processor.py:179} INFO - Processing /opt/airflow/dags/utils/helpers.py took 0.025 seconds
[2025-12-01T21:32:16.328+0000] {processor.py:157} INFO - Started process (PID=475) to work on /opt/airflow/dags/utils/helpers.py
[2025-12-01T21:32:16.329+0000] {processor.py:829} INFO - Processing file /opt/airflow/dags/utils/helpers.py for tasks to queue
[2025-12-01T21:32:16.330+0000] {logging_mixin.py:154} INFO - [2025-12-01T21:32:16.330+0000] {dagbag.py:536} INFO - Filling up the DagBag from /opt/airflow/dags/utils/helpers.py
[2025-12-01T21:32:16.345+0000] {processor.py:841} WARNING - No viable dags retrieved from /opt/airflow/dags/utils/helpers.py
[2025-12-01T21:32:16.363+0000] {processor.py:179} INFO - Processing /opt/airflow/dags/utils/helpers.py took 0.040 seconds
[2025-12-01T21:32:46.536+0000] {processor.py:157} INFO - Started process (PID=583) to work on /opt/airflow/dags/utils/helpers.py
[2025-12-01T21:32:46.537+0000] {processor.py:829} INFO - Processing file /opt/airflow/dags/utils/helpers.py for tasks to queue
[2025-12-01T21:32:46.537+0000] {logging_mixin.py:154} INFO - [2025-12-01T21:32:46.537+0000] {dagbag.py:536} INFO - Filling up the DagBag from /opt/airflow/dags/utils/helpers.py
[2025-12-01T21:32:46.539+0000] {processor.py:841} WARNING - No viable dags retrieved from /opt/airflow/dags/utils/helpers.py
[2025-12-01T21:32:46.567+0000] {processor.py:179} INFO - Processing /opt/airflow/dags/utils/helpers.py took 0.034 seconds
[2025-12-01T21:33:16.861+0000] {processor.py:157} INFO - Started process (PID=716) to work on /opt/airflow/dags/utils/helpers.py
[2025-12-01T21:33:16.862+0000] {processor.py:829} INFO - Processing file /opt/airflow/dags/utils/helpers.py for tasks to queue
[2025-12-01T21:33:16.863+0000] {logging_mixin.py:154} INFO - [2025-12-01T21:33:16.863+0000] {dagbag.py:536} INFO - Filling up the DagBag from /opt/airflow/dags/utils/helpers.py
[2025-12-01T21:33:16.864+0000] {processor.py:841} WARNING - No viable dags retrieved from /opt/airflow/dags/utils/helpers.py
[2025-12-01T21:33:16.875+0000] {processor.py:179} INFO - Processing /opt/airflow/dags/utils/helpers.py took 0.017 seconds
[2025-12-01T21:34:07.305+0000] {processor.py:157} INFO - Started process (PID=188) to work on /opt/airflow/dags/utils/helpers.py
[2025-12-01T21:34:07.311+0000] {processor.py:829} INFO - Processing file /opt/airflow/dags/utils/helpers.py for tasks to queue
[2025-12-01T21:34:07.311+0000] {logging_mixin.py:154} INFO - [2025-12-01T21:34:07.311+0000] {dagbag.py:536} INFO - Filling up the DagBag from /opt/airflow/dags/utils/helpers.py
[2025-12-01T21:34:07.313+0000] {processor.py:841} WARNING - No viable dags retrieved from /opt/airflow/dags/utils/helpers.py
[2025-12-01T21:34:07.330+0000] {processor.py:179} INFO - Processing /opt/airflow/dags/utils/helpers.py took 0.028 seconds
[2025-12-01T21:34:43.908+0000] {processor.py:157} INFO - Started process (PID=188) to work on /opt/airflow/dags/utils/helpers.py
[2025-12-01T21:34:43.910+0000] {processor.py:829} INFO - Processing file /opt/airflow/dags/utils/helpers.py for tasks to queue
[2025-12-01T21:34:43.910+0000] {logging_mixin.py:154} INFO - [2025-12-01T21:34:43.910+0000] {dagbag.py:536} INFO - Filling up the DagBag from /opt/airflow/dags/utils/helpers.py
[2025-12-01T21:34:43.912+0000] {processor.py:841} WARNING - No viable dags retrieved from /opt/airflow/dags/utils/helpers.py
[2025-12-01T21:34:43.929+0000] {processor.py:179} INFO - Processing /opt/airflow/dags/utils/helpers.py took 0.024 seconds
[2025-12-01T21:35:14.060+0000] {processor.py:157} INFO - Started process (PID=236) to work on /opt/airflow/dags/utils/helpers.py
[2025-12-01T21:35:14.061+0000] {processor.py:829} INFO - Processing file /opt/airflow/dags/utils/helpers.py for tasks to queue
[2025-12-01T21:35:14.061+0000] {logging_mixin.py:154} INFO - [2025-12-01T21:35:14.061+0000] {dagbag.py:536} INFO - Filling up the DagBag from /opt/airflow/dags/utils/helpers.py
[2025-12-01T21:35:14.063+0000] {processor.py:841} WARNING - No viable dags retrieved from /opt/airflow/dags/utils/helpers.py
[2025-12-01T21:35:14.075+0000] {processor.py:179} INFO - Processing /opt/airflow/dags/utils/helpers.py took 0.017 seconds
[2025-12-01T21:35:58.907+0000] {processor.py:157} INFO - Started process (PID=188) to work on /opt/airflow/dags/utils/helpers.py
[2025-12-01T21:35:58.908+0000] {processor.py:829} INFO - Processing file /opt/airflow/dags/utils/helpers.py for tasks to queue
[2025-12-01T21:35:58.909+0000] {logging_mixin.py:154} INFO - [2025-12-01T21:35:58.908+0000] {dagbag.py:536} INFO - Filling up the DagBag from /opt/airflow/dags/utils/helpers.py
[2025-12-01T21:35:58.911+0000] {processor.py:841} WARNING - No viable dags retrieved from /opt/airflow/dags/utils/helpers.py
[2025-12-01T21:35:58.922+0000] {processor.py:179} INFO - Processing /opt/airflow/dags/utils/helpers.py took 0.020 seconds
[2025-12-01T21:36:29.382+0000] {processor.py:157} INFO - Started process (PID=237) to work on /opt/airflow/dags/utils/helpers.py
[2025-12-01T21:36:29.383+0000] {processor.py:829} INFO - Processing file /opt/airflow/dags/utils/helpers.py for tasks to queue
[2025-12-01T21:36:29.383+0000] {logging_mixin.py:154} INFO - [2025-12-01T21:36:29.383+0000] {dagbag.py:536} INFO - Filling up the DagBag from /opt/airflow/dags/utils/helpers.py
[2025-12-01T21:36:29.385+0000] {processor.py:841} WARNING - No viable dags retrieved from /opt/airflow/dags/utils/helpers.py
[2025-12-01T21:36:29.395+0000] {processor.py:179} INFO - Processing /opt/airflow/dags/utils/helpers.py took 0.016 seconds
[2025-12-01T21:37:00.139+0000] {processor.py:157} INFO - Started process (PID=311) to work on /opt/airflow/dags/utils/helpers.py
[2025-12-01T21:37:00.140+0000] {processor.py:829} INFO - Processing file /opt/airflow/dags/utils/helpers.py for tasks to queue
[2025-12-01T21:37:00.141+0000] {logging_mixin.py:154} INFO - [2025-12-01T21:37:00.141+0000] {dagbag.py:536} INFO - Filling up the DagBag from /opt/airflow/dags/utils/helpers.py
[2025-12-01T21:37:00.143+0000] {processor.py:841} WARNING - No viable dags retrieved from /opt/airflow/dags/utils/helpers.py
[2025-12-01T21:37:00.156+0000] {processor.py:179} INFO - Processing /opt/airflow/dags/utils/helpers.py took 0.020 seconds
[2025-12-01T21:37:16.711+0000] {processor.py:157} INFO - Started process (PID=188) to work on /opt/airflow/dags/utils/helpers.py
[2025-12-01T21:37:16.717+0000] {processor.py:829} INFO - Processing file /opt/airflow/dags/utils/helpers.py for tasks to queue
[2025-12-01T21:37:16.718+0000] {logging_mixin.py:154} INFO - [2025-12-01T21:37:16.717+0000] {dagbag.py:536} INFO - Filling up the DagBag from /opt/airflow/dags/utils/helpers.py
[2025-12-01T21:37:16.720+0000] {processor.py:841} WARNING - No viable dags retrieved from /opt/airflow/dags/utils/helpers.py
[2025-12-01T21:37:16.738+0000] {processor.py:179} INFO - Processing /opt/airflow/dags/utils/helpers.py took 0.033 seconds
[2025-12-01T21:37:46.834+0000] {processor.py:157} INFO - Started process (PID=235) to work on /opt/airflow/dags/utils/helpers.py
[2025-12-01T21:37:46.835+0000] {processor.py:829} INFO - Processing file /opt/airflow/dags/utils/helpers.py for tasks to queue
[2025-12-01T21:37:46.836+0000] {logging_mixin.py:154} INFO - [2025-12-01T21:37:46.835+0000] {dagbag.py:536} INFO - Filling up the DagBag from /opt/airflow/dags/utils/helpers.py
[2025-12-01T21:37:46.837+0000] {processor.py:841} WARNING - No viable dags retrieved from /opt/airflow/dags/utils/helpers.py
[2025-12-01T21:37:46.848+0000] {processor.py:179} INFO - Processing /opt/airflow/dags/utils/helpers.py took 0.017 seconds
[2025-12-01T21:38:17.131+0000] {processor.py:157} INFO - Started process (PID=293) to work on /opt/airflow/dags/utils/helpers.py
[2025-12-01T21:38:17.132+0000] {processor.py:829} INFO - Processing file /opt/airflow/dags/utils/helpers.py for tasks to queue
[2025-12-01T21:38:17.133+0000] {logging_mixin.py:154} INFO - [2025-12-01T21:38:17.132+0000] {dagbag.py:536} INFO - Filling up the DagBag from /opt/airflow/dags/utils/helpers.py
[2025-12-01T21:38:17.134+0000] {processor.py:841} WARNING - No viable dags retrieved from /opt/airflow/dags/utils/helpers.py
[2025-12-01T21:38:17.145+0000] {processor.py:179} INFO - Processing /opt/airflow/dags/utils/helpers.py took 0.016 seconds
[2025-12-01T21:38:47.418+0000] {processor.py:157} INFO - Started process (PID=358) to work on /opt/airflow/dags/utils/helpers.py
[2025-12-01T21:38:47.419+0000] {processor.py:829} INFO - Processing file /opt/airflow/dags/utils/helpers.py for tasks to queue
[2025-12-01T21:38:47.420+0000] {logging_mixin.py:154} INFO - [2025-12-01T21:38:47.420+0000] {dagbag.py:536} INFO - Filling up the DagBag from /opt/airflow/dags/utils/helpers.py
[2025-12-01T21:38:47.422+0000] {processor.py:841} WARNING - No viable dags retrieved from /opt/airflow/dags/utils/helpers.py
[2025-12-01T21:38:47.433+0000] {processor.py:179} INFO - Processing /opt/airflow/dags/utils/helpers.py took 0.018 seconds
[2025-12-01T21:39:17.735+0000] {processor.py:157} INFO - Started process (PID=416) to work on /opt/airflow/dags/utils/helpers.py
[2025-12-01T21:39:17.736+0000] {processor.py:829} INFO - Processing file /opt/airflow/dags/utils/helpers.py for tasks to queue
[2025-12-01T21:39:17.737+0000] {logging_mixin.py:154} INFO - [2025-12-01T21:39:17.737+0000] {dagbag.py:536} INFO - Filling up the DagBag from /opt/airflow/dags/utils/helpers.py
[2025-12-01T21:39:17.739+0000] {processor.py:841} WARNING - No viable dags retrieved from /opt/airflow/dags/utils/helpers.py
[2025-12-01T21:39:17.751+0000] {processor.py:179} INFO - Processing /opt/airflow/dags/utils/helpers.py took 0.018 seconds
[2025-12-01T21:39:48.054+0000] {processor.py:157} INFO - Started process (PID=481) to work on /opt/airflow/dags/utils/helpers.py
[2025-12-01T21:39:48.055+0000] {processor.py:829} INFO - Processing file /opt/airflow/dags/utils/helpers.py for tasks to queue
[2025-12-01T21:39:48.056+0000] {logging_mixin.py:154} INFO - [2025-12-01T21:39:48.055+0000] {dagbag.py:536} INFO - Filling up the DagBag from /opt/airflow/dags/utils/helpers.py
[2025-12-01T21:39:48.057+0000] {processor.py:841} WARNING - No viable dags retrieved from /opt/airflow/dags/utils/helpers.py
[2025-12-01T21:39:48.068+0000] {processor.py:179} INFO - Processing /opt/airflow/dags/utils/helpers.py took 0.016 seconds
[2025-12-01T21:40:18.369+0000] {processor.py:157} INFO - Started process (PID=546) to work on /opt/airflow/dags/utils/helpers.py
[2025-12-01T21:40:18.370+0000] {processor.py:829} INFO - Processing file /opt/airflow/dags/utils/helpers.py for tasks to queue
[2025-12-01T21:40:18.371+0000] {logging_mixin.py:154} INFO - [2025-12-01T21:40:18.370+0000] {dagbag.py:536} INFO - Filling up the DagBag from /opt/airflow/dags/utils/helpers.py
[2025-12-01T21:40:18.372+0000] {processor.py:841} WARNING - No viable dags retrieved from /opt/airflow/dags/utils/helpers.py
[2025-12-01T21:40:18.382+0000] {processor.py:179} INFO - Processing /opt/airflow/dags/utils/helpers.py took 0.015 seconds
[2025-12-01T21:40:48.642+0000] {processor.py:157} INFO - Started process (PID=604) to work on /opt/airflow/dags/utils/helpers.py
[2025-12-01T21:40:48.643+0000] {processor.py:829} INFO - Processing file /opt/airflow/dags/utils/helpers.py for tasks to queue
[2025-12-01T21:40:48.644+0000] {logging_mixin.py:154} INFO - [2025-12-01T21:40:48.644+0000] {dagbag.py:536} INFO - Filling up the DagBag from /opt/airflow/dags/utils/helpers.py
[2025-12-01T21:40:48.645+0000] {processor.py:841} WARNING - No viable dags retrieved from /opt/airflow/dags/utils/helpers.py
[2025-12-01T21:40:48.656+0000] {processor.py:179} INFO - Processing /opt/airflow/dags/utils/helpers.py took 0.016 seconds
[2025-12-01T21:41:18.928+0000] {processor.py:157} INFO - Started process (PID=669) to work on /opt/airflow/dags/utils/helpers.py
[2025-12-01T21:41:18.929+0000] {processor.py:829} INFO - Processing file /opt/airflow/dags/utils/helpers.py for tasks to queue
[2025-12-01T21:41:18.930+0000] {logging_mixin.py:154} INFO - [2025-12-01T21:41:18.930+0000] {dagbag.py:536} INFO - Filling up the DagBag from /opt/airflow/dags/utils/helpers.py
[2025-12-01T21:41:18.931+0000] {processor.py:841} WARNING - No viable dags retrieved from /opt/airflow/dags/utils/helpers.py
[2025-12-01T21:41:18.942+0000] {processor.py:179} INFO - Processing /opt/airflow/dags/utils/helpers.py took 0.016 seconds
[2025-12-01T21:41:49.263+0000] {processor.py:157} INFO - Started process (PID=958) to work on /opt/airflow/dags/utils/helpers.py
[2025-12-01T21:41:49.263+0000] {processor.py:829} INFO - Processing file /opt/airflow/dags/utils/helpers.py for tasks to queue
[2025-12-01T21:41:49.264+0000] {logging_mixin.py:154} INFO - [2025-12-01T21:41:49.264+0000] {dagbag.py:536} INFO - Filling up the DagBag from /opt/airflow/dags/utils/helpers.py
[2025-12-01T21:41:49.265+0000] {processor.py:841} WARNING - No viable dags retrieved from /opt/airflow/dags/utils/helpers.py
[2025-12-01T21:41:49.276+0000] {processor.py:179} INFO - Processing /opt/airflow/dags/utils/helpers.py took 0.022 seconds
[2025-12-01T21:42:19.752+0000] {processor.py:157} INFO - Started process (PID=1338) to work on /opt/airflow/dags/utils/helpers.py
[2025-12-01T21:42:19.753+0000] {processor.py:829} INFO - Processing file /opt/airflow/dags/utils/helpers.py for tasks to queue
[2025-12-01T21:42:19.754+0000] {logging_mixin.py:154} INFO - [2025-12-01T21:42:19.754+0000] {dagbag.py:536} INFO - Filling up the DagBag from /opt/airflow/dags/utils/helpers.py
[2025-12-01T21:42:19.759+0000] {processor.py:841} WARNING - No viable dags retrieved from /opt/airflow/dags/utils/helpers.py
[2025-12-01T21:42:19.786+0000] {processor.py:179} INFO - Processing /opt/airflow/dags/utils/helpers.py took 0.043 seconds
[2025-12-01T21:42:50.428+0000] {processor.py:157} INFO - Started process (PID=1397) to work on /opt/airflow/dags/utils/helpers.py
[2025-12-01T21:42:50.430+0000] {processor.py:829} INFO - Processing file /opt/airflow/dags/utils/helpers.py for tasks to queue
[2025-12-01T21:42:50.431+0000] {logging_mixin.py:154} INFO - [2025-12-01T21:42:50.430+0000] {dagbag.py:536} INFO - Filling up the DagBag from /opt/airflow/dags/utils/helpers.py
[2025-12-01T21:42:50.432+0000] {processor.py:841} WARNING - No viable dags retrieved from /opt/airflow/dags/utils/helpers.py
[2025-12-01T21:42:50.453+0000] {processor.py:179} INFO - Processing /opt/airflow/dags/utils/helpers.py took 0.029 seconds
[2025-12-01T21:43:21.137+0000] {processor.py:157} INFO - Started process (PID=1461) to work on /opt/airflow/dags/utils/helpers.py
[2025-12-01T21:43:21.139+0000] {processor.py:829} INFO - Processing file /opt/airflow/dags/utils/helpers.py for tasks to queue
[2025-12-01T21:43:21.139+0000] {logging_mixin.py:154} INFO - [2025-12-01T21:43:21.139+0000] {dagbag.py:536} INFO - Filling up the DagBag from /opt/airflow/dags/utils/helpers.py
[2025-12-01T21:43:21.141+0000] {processor.py:841} WARNING - No viable dags retrieved from /opt/airflow/dags/utils/helpers.py
[2025-12-01T21:43:21.170+0000] {processor.py:179} INFO - Processing /opt/airflow/dags/utils/helpers.py took 0.039 seconds
[2025-12-01T21:43:51.716+0000] {processor.py:157} INFO - Started process (PID=1519) to work on /opt/airflow/dags/utils/helpers.py
[2025-12-01T21:43:51.717+0000] {processor.py:829} INFO - Processing file /opt/airflow/dags/utils/helpers.py for tasks to queue
[2025-12-01T21:43:51.718+0000] {logging_mixin.py:154} INFO - [2025-12-01T21:43:51.717+0000] {dagbag.py:536} INFO - Filling up the DagBag from /opt/airflow/dags/utils/helpers.py
[2025-12-01T21:43:51.720+0000] {processor.py:841} WARNING - No viable dags retrieved from /opt/airflow/dags/utils/helpers.py
[2025-12-01T21:43:51.751+0000] {processor.py:179} INFO - Processing /opt/airflow/dags/utils/helpers.py took 0.046 seconds
[2025-12-01T21:44:22.177+0000] {processor.py:157} INFO - Started process (PID=1585) to work on /opt/airflow/dags/utils/helpers.py
[2025-12-01T21:44:22.184+0000] {processor.py:829} INFO - Processing file /opt/airflow/dags/utils/helpers.py for tasks to queue
[2025-12-01T21:44:22.185+0000] {logging_mixin.py:154} INFO - [2025-12-01T21:44:22.184+0000] {dagbag.py:536} INFO - Filling up the DagBag from /opt/airflow/dags/utils/helpers.py
[2025-12-01T21:44:22.186+0000] {processor.py:841} WARNING - No viable dags retrieved from /opt/airflow/dags/utils/helpers.py
[2025-12-01T21:44:22.220+0000] {processor.py:179} INFO - Processing /opt/airflow/dags/utils/helpers.py took 0.046 seconds
[2025-12-01T21:44:52.625+0000] {processor.py:157} INFO - Started process (PID=1643) to work on /opt/airflow/dags/utils/helpers.py
[2025-12-01T21:44:52.626+0000] {processor.py:829} INFO - Processing file /opt/airflow/dags/utils/helpers.py for tasks to queue
[2025-12-01T21:44:52.626+0000] {logging_mixin.py:154} INFO - [2025-12-01T21:44:52.626+0000] {dagbag.py:536} INFO - Filling up the DagBag from /opt/airflow/dags/utils/helpers.py
[2025-12-01T21:44:52.628+0000] {processor.py:841} WARNING - No viable dags retrieved from /opt/airflow/dags/utils/helpers.py
[2025-12-01T21:44:52.642+0000] {processor.py:179} INFO - Processing /opt/airflow/dags/utils/helpers.py took 0.021 seconds
[2025-12-01T21:45:23.125+0000] {processor.py:157} INFO - Started process (PID=1701) to work on /opt/airflow/dags/utils/helpers.py
[2025-12-01T21:45:23.135+0000] {processor.py:829} INFO - Processing file /opt/airflow/dags/utils/helpers.py for tasks to queue
[2025-12-01T21:45:23.136+0000] {logging_mixin.py:154} INFO - [2025-12-01T21:45:23.135+0000] {dagbag.py:536} INFO - Filling up the DagBag from /opt/airflow/dags/utils/helpers.py
[2025-12-01T21:45:23.137+0000] {processor.py:841} WARNING - No viable dags retrieved from /opt/airflow/dags/utils/helpers.py
[2025-12-01T21:45:23.161+0000] {processor.py:179} INFO - Processing /opt/airflow/dags/utils/helpers.py took 0.039 seconds
[2025-12-01T21:45:53.367+0000] {processor.py:157} INFO - Started process (PID=1763) to work on /opt/airflow/dags/utils/helpers.py
[2025-12-01T21:45:53.367+0000] {processor.py:829} INFO - Processing file /opt/airflow/dags/utils/helpers.py for tasks to queue
[2025-12-01T21:45:53.368+0000] {logging_mixin.py:154} INFO - [2025-12-01T21:45:53.368+0000] {dagbag.py:536} INFO - Filling up the DagBag from /opt/airflow/dags/utils/helpers.py
[2025-12-01T21:45:53.377+0000] {processor.py:841} WARNING - No viable dags retrieved from /opt/airflow/dags/utils/helpers.py
[2025-12-01T21:45:53.397+0000] {processor.py:179} INFO - Processing /opt/airflow/dags/utils/helpers.py took 0.036 seconds
[2025-12-01T21:46:23.620+0000] {processor.py:157} INFO - Started process (PID=1821) to work on /opt/airflow/dags/utils/helpers.py
[2025-12-01T21:46:23.622+0000] {processor.py:829} INFO - Processing file /opt/airflow/dags/utils/helpers.py for tasks to queue
[2025-12-01T21:46:23.627+0000] {logging_mixin.py:154} INFO - [2025-12-01T21:46:23.626+0000] {dagbag.py:536} INFO - Filling up the DagBag from /opt/airflow/dags/utils/helpers.py
[2025-12-01T21:46:23.635+0000] {processor.py:841} WARNING - No viable dags retrieved from /opt/airflow/dags/utils/helpers.py
[2025-12-01T21:46:23.651+0000] {processor.py:179} INFO - Processing /opt/airflow/dags/utils/helpers.py took 0.041 seconds
[2025-12-01T21:46:53.753+0000] {processor.py:157} INFO - Started process (PID=1884) to work on /opt/airflow/dags/utils/helpers.py
[2025-12-01T21:46:53.754+0000] {processor.py:829} INFO - Processing file /opt/airflow/dags/utils/helpers.py for tasks to queue
[2025-12-01T21:46:53.755+0000] {logging_mixin.py:154} INFO - [2025-12-01T21:46:53.754+0000] {dagbag.py:536} INFO - Filling up the DagBag from /opt/airflow/dags/utils/helpers.py
[2025-12-01T21:46:53.758+0000] {processor.py:841} WARNING - No viable dags retrieved from /opt/airflow/dags/utils/helpers.py
[2025-12-01T21:46:53.780+0000] {processor.py:179} INFO - Processing /opt/airflow/dags/utils/helpers.py took 0.035 seconds
[2025-12-01T21:47:23.938+0000] {processor.py:157} INFO - Started process (PID=1929) to work on /opt/airflow/dags/utils/helpers.py
[2025-12-01T21:47:23.939+0000] {processor.py:829} INFO - Processing file /opt/airflow/dags/utils/helpers.py for tasks to queue
[2025-12-01T21:47:23.940+0000] {logging_mixin.py:154} INFO - [2025-12-01T21:47:23.940+0000] {dagbag.py:536} INFO - Filling up the DagBag from /opt/airflow/dags/utils/helpers.py
[2025-12-01T21:47:23.944+0000] {processor.py:841} WARNING - No viable dags retrieved from /opt/airflow/dags/utils/helpers.py
[2025-12-01T21:47:23.977+0000] {processor.py:179} INFO - Processing /opt/airflow/dags/utils/helpers.py took 0.043 seconds
[2025-12-01T21:47:54.343+0000] {processor.py:157} INFO - Started process (PID=1994) to work on /opt/airflow/dags/utils/helpers.py
[2025-12-01T21:47:54.344+0000] {processor.py:829} INFO - Processing file /opt/airflow/dags/utils/helpers.py for tasks to queue
[2025-12-01T21:47:54.345+0000] {logging_mixin.py:154} INFO - [2025-12-01T21:47:54.344+0000] {dagbag.py:536} INFO - Filling up the DagBag from /opt/airflow/dags/utils/helpers.py
[2025-12-01T21:47:54.346+0000] {processor.py:841} WARNING - No viable dags retrieved from /opt/airflow/dags/utils/helpers.py
[2025-12-01T21:47:54.372+0000] {processor.py:179} INFO - Processing /opt/airflow/dags/utils/helpers.py took 0.035 seconds
[2025-12-01T21:48:24.545+0000] {processor.py:157} INFO - Started process (PID=2052) to work on /opt/airflow/dags/utils/helpers.py
[2025-12-01T21:48:24.546+0000] {processor.py:829} INFO - Processing file /opt/airflow/dags/utils/helpers.py for tasks to queue
[2025-12-01T21:48:24.547+0000] {logging_mixin.py:154} INFO - [2025-12-01T21:48:24.547+0000] {dagbag.py:536} INFO - Filling up the DagBag from /opt/airflow/dags/utils/helpers.py
[2025-12-01T21:48:24.549+0000] {processor.py:841} WARNING - No viable dags retrieved from /opt/airflow/dags/utils/helpers.py
[2025-12-01T21:48:24.562+0000] {processor.py:179} INFO - Processing /opt/airflow/dags/utils/helpers.py took 0.020 seconds
[2025-12-01T21:48:54.767+0000] {processor.py:157} INFO - Started process (PID=2459) to work on /opt/airflow/dags/utils/helpers.py
[2025-12-01T21:48:54.768+0000] {processor.py:829} INFO - Processing file /opt/airflow/dags/utils/helpers.py for tasks to queue
[2025-12-01T21:48:54.768+0000] {logging_mixin.py:154} INFO - [2025-12-01T21:48:54.768+0000] {dagbag.py:536} INFO - Filling up the DagBag from /opt/airflow/dags/utils/helpers.py
[2025-12-01T21:48:54.769+0000] {processor.py:841} WARNING - No viable dags retrieved from /opt/airflow/dags/utils/helpers.py
[2025-12-01T21:48:54.779+0000] {processor.py:179} INFO - Processing /opt/airflow/dags/utils/helpers.py took 0.016 seconds
[2025-12-01T21:49:24.996+0000] {processor.py:157} INFO - Started process (PID=2569) to work on /opt/airflow/dags/utils/helpers.py
[2025-12-01T21:49:24.997+0000] {processor.py:829} INFO - Processing file /opt/airflow/dags/utils/helpers.py for tasks to queue
[2025-12-01T21:49:24.998+0000] {logging_mixin.py:154} INFO - [2025-12-01T21:49:24.997+0000] {dagbag.py:536} INFO - Filling up the DagBag from /opt/airflow/dags/utils/helpers.py
[2025-12-01T21:49:24.999+0000] {processor.py:841} WARNING - No viable dags retrieved from /opt/airflow/dags/utils/helpers.py
[2025-12-01T21:49:25.010+0000] {processor.py:179} INFO - Processing /opt/airflow/dags/utils/helpers.py took 0.016 seconds
[2025-12-01T21:49:55.400+0000] {processor.py:157} INFO - Started process (PID=2773) to work on /opt/airflow/dags/utils/helpers.py
[2025-12-01T21:49:55.401+0000] {processor.py:829} INFO - Processing file /opt/airflow/dags/utils/helpers.py for tasks to queue
[2025-12-01T21:49:55.402+0000] {logging_mixin.py:154} INFO - [2025-12-01T21:49:55.402+0000] {dagbag.py:536} INFO - Filling up the DagBag from /opt/airflow/dags/utils/helpers.py
[2025-12-01T21:49:55.404+0000] {processor.py:841} WARNING - No viable dags retrieved from /opt/airflow/dags/utils/helpers.py
[2025-12-01T21:49:55.416+0000] {processor.py:179} INFO - Processing /opt/airflow/dags/utils/helpers.py took 0.019 seconds
[2025-12-01T21:50:25.452+0000] {processor.py:157} INFO - Started process (PID=2949) to work on /opt/airflow/dags/utils/helpers.py
[2025-12-01T21:50:25.452+0000] {processor.py:829} INFO - Processing file /opt/airflow/dags/utils/helpers.py for tasks to queue
[2025-12-01T21:50:25.453+0000] {logging_mixin.py:154} INFO - [2025-12-01T21:50:25.453+0000] {dagbag.py:536} INFO - Filling up the DagBag from /opt/airflow/dags/utils/helpers.py
[2025-12-01T21:50:25.454+0000] {processor.py:841} WARNING - No viable dags retrieved from /opt/airflow/dags/utils/helpers.py
[2025-12-01T21:50:25.464+0000] {processor.py:179} INFO - Processing /opt/airflow/dags/utils/helpers.py took 0.016 seconds
[2025-12-01T21:50:55.768+0000] {processor.py:157} INFO - Started process (PID=3014) to work on /opt/airflow/dags/utils/helpers.py
[2025-12-01T21:50:55.770+0000] {processor.py:829} INFO - Processing file /opt/airflow/dags/utils/helpers.py for tasks to queue
[2025-12-01T21:50:55.771+0000] {logging_mixin.py:154} INFO - [2025-12-01T21:50:55.770+0000] {dagbag.py:536} INFO - Filling up the DagBag from /opt/airflow/dags/utils/helpers.py
[2025-12-01T21:50:55.772+0000] {processor.py:841} WARNING - No viable dags retrieved from /opt/airflow/dags/utils/helpers.py
[2025-12-01T21:50:55.782+0000] {processor.py:179} INFO - Processing /opt/airflow/dags/utils/helpers.py took 0.017 seconds
[2025-12-01T21:51:26.099+0000] {processor.py:157} INFO - Started process (PID=3073) to work on /opt/airflow/dags/utils/helpers.py
[2025-12-01T21:51:26.100+0000] {processor.py:829} INFO - Processing file /opt/airflow/dags/utils/helpers.py for tasks to queue
[2025-12-01T21:51:26.100+0000] {logging_mixin.py:154} INFO - [2025-12-01T21:51:26.100+0000] {dagbag.py:536} INFO - Filling up the DagBag from /opt/airflow/dags/utils/helpers.py
[2025-12-01T21:51:26.102+0000] {processor.py:841} WARNING - No viable dags retrieved from /opt/airflow/dags/utils/helpers.py
[2025-12-01T21:51:26.112+0000] {processor.py:179} INFO - Processing /opt/airflow/dags/utils/helpers.py took 0.015 seconds
[2025-12-01T21:51:56.483+0000] {processor.py:157} INFO - Started process (PID=3138) to work on /opt/airflow/dags/utils/helpers.py
[2025-12-01T21:51:56.485+0000] {processor.py:829} INFO - Processing file /opt/airflow/dags/utils/helpers.py for tasks to queue
[2025-12-01T21:51:56.485+0000] {logging_mixin.py:154} INFO - [2025-12-01T21:51:56.485+0000] {dagbag.py:536} INFO - Filling up the DagBag from /opt/airflow/dags/utils/helpers.py
[2025-12-01T21:51:56.487+0000] {processor.py:841} WARNING - No viable dags retrieved from /opt/airflow/dags/utils/helpers.py
[2025-12-01T21:51:56.497+0000] {processor.py:179} INFO - Processing /opt/airflow/dags/utils/helpers.py took 0.017 seconds
[2025-12-01T21:52:26.881+0000] {processor.py:157} INFO - Started process (PID=3203) to work on /opt/airflow/dags/utils/helpers.py
[2025-12-01T21:52:26.882+0000] {processor.py:829} INFO - Processing file /opt/airflow/dags/utils/helpers.py for tasks to queue
[2025-12-01T21:52:26.883+0000] {logging_mixin.py:154} INFO - [2025-12-01T21:52:26.883+0000] {dagbag.py:536} INFO - Filling up the DagBag from /opt/airflow/dags/utils/helpers.py
[2025-12-01T21:52:26.884+0000] {processor.py:841} WARNING - No viable dags retrieved from /opt/airflow/dags/utils/helpers.py
[2025-12-01T21:52:26.893+0000] {processor.py:179} INFO - Processing /opt/airflow/dags/utils/helpers.py took 0.015 seconds
[2025-12-01T21:52:57.224+0000] {processor.py:157} INFO - Started process (PID=3261) to work on /opt/airflow/dags/utils/helpers.py
[2025-12-01T21:52:57.225+0000] {processor.py:829} INFO - Processing file /opt/airflow/dags/utils/helpers.py for tasks to queue
[2025-12-01T21:52:57.226+0000] {logging_mixin.py:154} INFO - [2025-12-01T21:52:57.226+0000] {dagbag.py:536} INFO - Filling up the DagBag from /opt/airflow/dags/utils/helpers.py
[2025-12-01T21:52:57.227+0000] {processor.py:841} WARNING - No viable dags retrieved from /opt/airflow/dags/utils/helpers.py
[2025-12-01T21:52:57.237+0000] {processor.py:179} INFO - Processing /opt/airflow/dags/utils/helpers.py took 0.016 seconds
[2025-12-01T21:53:27.547+0000] {processor.py:157} INFO - Started process (PID=3327) to work on /opt/airflow/dags/utils/helpers.py
[2025-12-01T21:53:27.548+0000] {processor.py:829} INFO - Processing file /opt/airflow/dags/utils/helpers.py for tasks to queue
[2025-12-01T21:53:27.549+0000] {logging_mixin.py:154} INFO - [2025-12-01T21:53:27.548+0000] {dagbag.py:536} INFO - Filling up the DagBag from /opt/airflow/dags/utils/helpers.py
[2025-12-01T21:53:27.550+0000] {processor.py:841} WARNING - No viable dags retrieved from /opt/airflow/dags/utils/helpers.py
[2025-12-01T21:53:27.560+0000] {processor.py:179} INFO - Processing /opt/airflow/dags/utils/helpers.py took 0.016 seconds
[2025-12-01T21:53:58.303+0000] {processor.py:157} INFO - Started process (PID=3385) to work on /opt/airflow/dags/utils/helpers.py
[2025-12-01T21:53:58.304+0000] {processor.py:829} INFO - Processing file /opt/airflow/dags/utils/helpers.py for tasks to queue
[2025-12-01T21:53:58.304+0000] {logging_mixin.py:154} INFO - [2025-12-01T21:53:58.304+0000] {dagbag.py:536} INFO - Filling up the DagBag from /opt/airflow/dags/utils/helpers.py
[2025-12-01T21:53:58.306+0000] {processor.py:841} WARNING - No viable dags retrieved from /opt/airflow/dags/utils/helpers.py
[2025-12-01T21:53:58.316+0000] {processor.py:179} INFO - Processing /opt/airflow/dags/utils/helpers.py took 0.016 seconds
[2025-12-01T21:54:28.334+0000] {processor.py:157} INFO - Started process (PID=3450) to work on /opt/airflow/dags/utils/helpers.py
[2025-12-01T21:54:28.335+0000] {processor.py:829} INFO - Processing file /opt/airflow/dags/utils/helpers.py for tasks to queue
[2025-12-01T21:54:28.336+0000] {logging_mixin.py:154} INFO - [2025-12-01T21:54:28.336+0000] {dagbag.py:536} INFO - Filling up the DagBag from /opt/airflow/dags/utils/helpers.py
[2025-12-01T21:54:28.338+0000] {processor.py:841} WARNING - No viable dags retrieved from /opt/airflow/dags/utils/helpers.py
[2025-12-01T21:54:28.347+0000] {processor.py:179} INFO - Processing /opt/airflow/dags/utils/helpers.py took 0.015 seconds
[2025-12-01T21:54:58.734+0000] {processor.py:157} INFO - Started process (PID=3515) to work on /opt/airflow/dags/utils/helpers.py
[2025-12-01T21:54:58.735+0000] {processor.py:829} INFO - Processing file /opt/airflow/dags/utils/helpers.py for tasks to queue
[2025-12-01T21:54:58.736+0000] {logging_mixin.py:154} INFO - [2025-12-01T21:54:58.735+0000] {dagbag.py:536} INFO - Filling up the DagBag from /opt/airflow/dags/utils/helpers.py
[2025-12-01T21:54:58.737+0000] {processor.py:841} WARNING - No viable dags retrieved from /opt/airflow/dags/utils/helpers.py
[2025-12-01T21:54:58.747+0000] {processor.py:179} INFO - Processing /opt/airflow/dags/utils/helpers.py took 0.016 seconds
[2025-12-01T21:55:29.035+0000] {processor.py:157} INFO - Started process (PID=3573) to work on /opt/airflow/dags/utils/helpers.py
[2025-12-01T21:55:29.036+0000] {processor.py:829} INFO - Processing file /opt/airflow/dags/utils/helpers.py for tasks to queue
[2025-12-01T21:55:29.037+0000] {logging_mixin.py:154} INFO - [2025-12-01T21:55:29.037+0000] {dagbag.py:536} INFO - Filling up the DagBag from /opt/airflow/dags/utils/helpers.py
[2025-12-01T21:55:29.038+0000] {processor.py:841} WARNING - No viable dags retrieved from /opt/airflow/dags/utils/helpers.py
[2025-12-01T21:55:29.048+0000] {processor.py:179} INFO - Processing /opt/airflow/dags/utils/helpers.py took 0.015 seconds
[2025-12-01T21:55:59.390+0000] {processor.py:157} INFO - Started process (PID=3638) to work on /opt/airflow/dags/utils/helpers.py
[2025-12-01T21:55:59.392+0000] {processor.py:829} INFO - Processing file /opt/airflow/dags/utils/helpers.py for tasks to queue
[2025-12-01T21:55:59.392+0000] {logging_mixin.py:154} INFO - [2025-12-01T21:55:59.392+0000] {dagbag.py:536} INFO - Filling up the DagBag from /opt/airflow/dags/utils/helpers.py
[2025-12-01T21:55:59.394+0000] {processor.py:841} WARNING - No viable dags retrieved from /opt/airflow/dags/utils/helpers.py
[2025-12-01T21:55:59.404+0000] {processor.py:179} INFO - Processing /opt/airflow/dags/utils/helpers.py took 0.017 seconds
[2025-12-01T21:56:29.739+0000] {processor.py:157} INFO - Started process (PID=3697) to work on /opt/airflow/dags/utils/helpers.py
[2025-12-01T21:56:29.740+0000] {processor.py:829} INFO - Processing file /opt/airflow/dags/utils/helpers.py for tasks to queue
[2025-12-01T21:56:29.740+0000] {logging_mixin.py:154} INFO - [2025-12-01T21:56:29.740+0000] {dagbag.py:536} INFO - Filling up the DagBag from /opt/airflow/dags/utils/helpers.py
[2025-12-01T21:56:29.742+0000] {processor.py:841} WARNING - No viable dags retrieved from /opt/airflow/dags/utils/helpers.py
[2025-12-01T21:56:29.752+0000] {processor.py:179} INFO - Processing /opt/airflow/dags/utils/helpers.py took 0.016 seconds
[2025-12-01T21:57:00.142+0000] {processor.py:157} INFO - Started process (PID=3762) to work on /opt/airflow/dags/utils/helpers.py
[2025-12-01T21:57:00.143+0000] {processor.py:829} INFO - Processing file /opt/airflow/dags/utils/helpers.py for tasks to queue
[2025-12-01T21:57:00.144+0000] {logging_mixin.py:154} INFO - [2025-12-01T21:57:00.144+0000] {dagbag.py:536} INFO - Filling up the DagBag from /opt/airflow/dags/utils/helpers.py
[2025-12-01T21:57:00.145+0000] {processor.py:841} WARNING - No viable dags retrieved from /opt/airflow/dags/utils/helpers.py
[2025-12-01T21:57:00.155+0000] {processor.py:179} INFO - Processing /opt/airflow/dags/utils/helpers.py took 0.016 seconds
[2025-12-01T21:57:30.543+0000] {processor.py:157} INFO - Started process (PID=3827) to work on /opt/airflow/dags/utils/helpers.py
[2025-12-01T21:57:30.544+0000] {processor.py:829} INFO - Processing file /opt/airflow/dags/utils/helpers.py for tasks to queue
[2025-12-01T21:57:30.545+0000] {logging_mixin.py:154} INFO - [2025-12-01T21:57:30.545+0000] {dagbag.py:536} INFO - Filling up the DagBag from /opt/airflow/dags/utils/helpers.py
[2025-12-01T21:57:30.546+0000] {processor.py:841} WARNING - No viable dags retrieved from /opt/airflow/dags/utils/helpers.py
[2025-12-01T21:57:30.557+0000] {processor.py:179} INFO - Processing /opt/airflow/dags/utils/helpers.py took 0.017 seconds
[2025-12-01T21:58:00.646+0000] {processor.py:157} INFO - Started process (PID=3885) to work on /opt/airflow/dags/utils/helpers.py
[2025-12-01T21:58:00.647+0000] {processor.py:829} INFO - Processing file /opt/airflow/dags/utils/helpers.py for tasks to queue
[2025-12-01T21:58:00.648+0000] {logging_mixin.py:154} INFO - [2025-12-01T21:58:00.648+0000] {dagbag.py:536} INFO - Filling up the DagBag from /opt/airflow/dags/utils/helpers.py
[2025-12-01T21:58:00.649+0000] {processor.py:841} WARNING - No viable dags retrieved from /opt/airflow/dags/utils/helpers.py
[2025-12-01T21:58:00.660+0000] {processor.py:179} INFO - Processing /opt/airflow/dags/utils/helpers.py took 0.017 seconds
[2025-12-01T21:58:31.241+0000] {processor.py:157} INFO - Started process (PID=3936) to work on /opt/airflow/dags/utils/helpers.py
[2025-12-01T21:58:31.242+0000] {processor.py:829} INFO - Processing file /opt/airflow/dags/utils/helpers.py for tasks to queue
[2025-12-01T21:58:31.242+0000] {logging_mixin.py:154} INFO - [2025-12-01T21:58:31.242+0000] {dagbag.py:536} INFO - Filling up the DagBag from /opt/airflow/dags/utils/helpers.py
[2025-12-01T21:58:31.244+0000] {processor.py:841} WARNING - No viable dags retrieved from /opt/airflow/dags/utils/helpers.py
[2025-12-01T21:58:31.254+0000] {processor.py:179} INFO - Processing /opt/airflow/dags/utils/helpers.py took 0.015 seconds
[2025-12-01T21:59:01.324+0000] {processor.py:157} INFO - Started process (PID=3998) to work on /opt/airflow/dags/utils/helpers.py
[2025-12-01T21:59:01.325+0000] {processor.py:829} INFO - Processing file /opt/airflow/dags/utils/helpers.py for tasks to queue
[2025-12-01T21:59:01.326+0000] {logging_mixin.py:154} INFO - [2025-12-01T21:59:01.326+0000] {dagbag.py:536} INFO - Filling up the DagBag from /opt/airflow/dags/utils/helpers.py
[2025-12-01T21:59:01.327+0000] {processor.py:841} WARNING - No viable dags retrieved from /opt/airflow/dags/utils/helpers.py
[2025-12-01T21:59:01.337+0000] {processor.py:179} INFO - Processing /opt/airflow/dags/utils/helpers.py took 0.016 seconds
[2025-12-01T21:59:32.780+0000] {processor.py:157} INFO - Started process (PID=4056) to work on /opt/airflow/dags/utils/helpers.py
[2025-12-01T21:59:32.782+0000] {processor.py:829} INFO - Processing file /opt/airflow/dags/utils/helpers.py for tasks to queue
[2025-12-01T21:59:32.782+0000] {logging_mixin.py:154} INFO - [2025-12-01T21:59:32.782+0000] {dagbag.py:536} INFO - Filling up the DagBag from /opt/airflow/dags/utils/helpers.py
[2025-12-01T21:59:32.784+0000] {processor.py:841} WARNING - No viable dags retrieved from /opt/airflow/dags/utils/helpers.py
[2025-12-01T21:59:32.794+0000] {processor.py:179} INFO - Processing /opt/airflow/dags/utils/helpers.py took 0.017 seconds
[2025-12-01T22:00:03.629+0000] {processor.py:157} INFO - Started process (PID=4121) to work on /opt/airflow/dags/utils/helpers.py
[2025-12-01T22:00:03.630+0000] {processor.py:829} INFO - Processing file /opt/airflow/dags/utils/helpers.py for tasks to queue
[2025-12-01T22:00:03.631+0000] {logging_mixin.py:154} INFO - [2025-12-01T22:00:03.631+0000] {dagbag.py:536} INFO - Filling up the DagBag from /opt/airflow/dags/utils/helpers.py
[2025-12-01T22:00:03.633+0000] {processor.py:841} WARNING - No viable dags retrieved from /opt/airflow/dags/utils/helpers.py
[2025-12-01T22:00:03.644+0000] {processor.py:179} INFO - Processing /opt/airflow/dags/utils/helpers.py took 0.018 seconds
[2025-12-01T22:00:33.945+0000] {processor.py:157} INFO - Started process (PID=4186) to work on /opt/airflow/dags/utils/helpers.py
[2025-12-01T22:00:33.945+0000] {processor.py:829} INFO - Processing file /opt/airflow/dags/utils/helpers.py for tasks to queue
[2025-12-01T22:00:33.946+0000] {logging_mixin.py:154} INFO - [2025-12-01T22:00:33.946+0000] {dagbag.py:536} INFO - Filling up the DagBag from /opt/airflow/dags/utils/helpers.py
[2025-12-01T22:00:33.947+0000] {processor.py:841} WARNING - No viable dags retrieved from /opt/airflow/dags/utils/helpers.py
[2025-12-01T22:00:33.957+0000] {processor.py:179} INFO - Processing /opt/airflow/dags/utils/helpers.py took 0.015 seconds
[2025-12-01T22:01:05.392+0000] {processor.py:157} INFO - Started process (PID=4244) to work on /opt/airflow/dags/utils/helpers.py
[2025-12-01T22:01:05.393+0000] {processor.py:829} INFO - Processing file /opt/airflow/dags/utils/helpers.py for tasks to queue
[2025-12-01T22:01:05.393+0000] {logging_mixin.py:154} INFO - [2025-12-01T22:01:05.393+0000] {dagbag.py:536} INFO - Filling up the DagBag from /opt/airflow/dags/utils/helpers.py
[2025-12-01T22:01:05.395+0000] {processor.py:841} WARNING - No viable dags retrieved from /opt/airflow/dags/utils/helpers.py
[2025-12-01T22:01:05.405+0000] {processor.py:179} INFO - Processing /opt/airflow/dags/utils/helpers.py took 0.016 seconds
[2025-12-01T22:01:36.738+0000] {processor.py:157} INFO - Started process (PID=4309) to work on /opt/airflow/dags/utils/helpers.py
[2025-12-01T22:01:36.739+0000] {processor.py:829} INFO - Processing file /opt/airflow/dags/utils/helpers.py for tasks to queue
[2025-12-01T22:01:36.739+0000] {logging_mixin.py:154} INFO - [2025-12-01T22:01:36.739+0000] {dagbag.py:536} INFO - Filling up the DagBag from /opt/airflow/dags/utils/helpers.py
[2025-12-01T22:01:36.741+0000] {processor.py:841} WARNING - No viable dags retrieved from /opt/airflow/dags/utils/helpers.py
[2025-12-01T22:01:36.751+0000] {processor.py:179} INFO - Processing /opt/airflow/dags/utils/helpers.py took 0.016 seconds
[2025-12-01T22:02:07.248+0000] {processor.py:157} INFO - Started process (PID=4374) to work on /opt/airflow/dags/utils/helpers.py
[2025-12-01T22:02:07.254+0000] {processor.py:829} INFO - Processing file /opt/airflow/dags/utils/helpers.py for tasks to queue
[2025-12-01T22:02:07.256+0000] {logging_mixin.py:154} INFO - [2025-12-01T22:02:07.254+0000] {dagbag.py:536} INFO - Filling up the DagBag from /opt/airflow/dags/utils/helpers.py
[2025-12-01T22:02:07.260+0000] {processor.py:841} WARNING - No viable dags retrieved from /opt/airflow/dags/utils/helpers.py
[2025-12-01T22:02:07.288+0000] {processor.py:179} INFO - Processing /opt/airflow/dags/utils/helpers.py took 0.043 seconds
[2025-12-01T22:02:37.342+0000] {processor.py:157} INFO - Started process (PID=4432) to work on /opt/airflow/dags/utils/helpers.py
[2025-12-01T22:02:37.344+0000] {processor.py:829} INFO - Processing file /opt/airflow/dags/utils/helpers.py for tasks to queue
[2025-12-01T22:02:37.344+0000] {logging_mixin.py:154} INFO - [2025-12-01T22:02:37.344+0000] {dagbag.py:536} INFO - Filling up the DagBag from /opt/airflow/dags/utils/helpers.py
[2025-12-01T22:02:37.346+0000] {processor.py:841} WARNING - No viable dags retrieved from /opt/airflow/dags/utils/helpers.py
[2025-12-01T22:02:37.357+0000] {processor.py:179} INFO - Processing /opt/airflow/dags/utils/helpers.py took 0.018 seconds
[2025-12-01T22:03:09.092+0000] {processor.py:157} INFO - Started process (PID=4497) to work on /opt/airflow/dags/utils/helpers.py
[2025-12-01T22:03:09.093+0000] {processor.py:829} INFO - Processing file /opt/airflow/dags/utils/helpers.py for tasks to queue
[2025-12-01T22:03:09.093+0000] {logging_mixin.py:154} INFO - [2025-12-01T22:03:09.093+0000] {dagbag.py:536} INFO - Filling up the DagBag from /opt/airflow/dags/utils/helpers.py
[2025-12-01T22:03:09.095+0000] {processor.py:841} WARNING - No viable dags retrieved from /opt/airflow/dags/utils/helpers.py
[2025-12-01T22:03:09.105+0000] {processor.py:179} INFO - Processing /opt/airflow/dags/utils/helpers.py took 0.016 seconds
[2025-12-01T22:03:39.272+0000] {processor.py:157} INFO - Started process (PID=4555) to work on /opt/airflow/dags/utils/helpers.py
[2025-12-01T22:03:39.274+0000] {processor.py:829} INFO - Processing file /opt/airflow/dags/utils/helpers.py for tasks to queue
[2025-12-01T22:03:39.274+0000] {logging_mixin.py:154} INFO - [2025-12-01T22:03:39.274+0000] {dagbag.py:536} INFO - Filling up the DagBag from /opt/airflow/dags/utils/helpers.py
[2025-12-01T22:03:39.276+0000] {processor.py:841} WARNING - No viable dags retrieved from /opt/airflow/dags/utils/helpers.py
[2025-12-01T22:03:39.286+0000] {processor.py:179} INFO - Processing /opt/airflow/dags/utils/helpers.py took 0.017 seconds
[2025-12-01T22:04:09.525+0000] {processor.py:157} INFO - Started process (PID=4626) to work on /opt/airflow/dags/utils/helpers.py
[2025-12-01T22:04:09.527+0000] {processor.py:829} INFO - Processing file /opt/airflow/dags/utils/helpers.py for tasks to queue
[2025-12-01T22:04:09.528+0000] {logging_mixin.py:154} INFO - [2025-12-01T22:04:09.528+0000] {dagbag.py:536} INFO - Filling up the DagBag from /opt/airflow/dags/utils/helpers.py
[2025-12-01T22:04:09.529+0000] {processor.py:841} WARNING - No viable dags retrieved from /opt/airflow/dags/utils/helpers.py
[2025-12-01T22:04:09.540+0000] {processor.py:179} INFO - Processing /opt/airflow/dags/utils/helpers.py took 0.018 seconds
[2025-12-01T22:04:39.839+0000] {processor.py:157} INFO - Started process (PID=4689) to work on /opt/airflow/dags/utils/helpers.py
[2025-12-01T22:04:39.840+0000] {processor.py:829} INFO - Processing file /opt/airflow/dags/utils/helpers.py for tasks to queue
[2025-12-01T22:04:39.841+0000] {logging_mixin.py:154} INFO - [2025-12-01T22:04:39.841+0000] {dagbag.py:536} INFO - Filling up the DagBag from /opt/airflow/dags/utils/helpers.py
[2025-12-01T22:04:39.843+0000] {processor.py:841} WARNING - No viable dags retrieved from /opt/airflow/dags/utils/helpers.py
[2025-12-01T22:04:39.853+0000] {processor.py:179} INFO - Processing /opt/airflow/dags/utils/helpers.py took 0.016 seconds
[2025-12-01T22:05:10.248+0000] {processor.py:157} INFO - Started process (PID=4746) to work on /opt/airflow/dags/utils/helpers.py
[2025-12-01T22:05:10.249+0000] {processor.py:829} INFO - Processing file /opt/airflow/dags/utils/helpers.py for tasks to queue
[2025-12-01T22:05:10.250+0000] {logging_mixin.py:154} INFO - [2025-12-01T22:05:10.249+0000] {dagbag.py:536} INFO - Filling up the DagBag from /opt/airflow/dags/utils/helpers.py
[2025-12-01T22:05:10.251+0000] {processor.py:841} WARNING - No viable dags retrieved from /opt/airflow/dags/utils/helpers.py
[2025-12-01T22:05:10.262+0000] {processor.py:179} INFO - Processing /opt/airflow/dags/utils/helpers.py took 0.017 seconds
[2025-12-01T22:05:40.631+0000] {processor.py:157} INFO - Started process (PID=4811) to work on /opt/airflow/dags/utils/helpers.py
[2025-12-01T22:05:40.632+0000] {processor.py:829} INFO - Processing file /opt/airflow/dags/utils/helpers.py for tasks to queue
[2025-12-01T22:05:40.633+0000] {logging_mixin.py:154} INFO - [2025-12-01T22:05:40.633+0000] {dagbag.py:536} INFO - Filling up the DagBag from /opt/airflow/dags/utils/helpers.py
[2025-12-01T22:05:40.634+0000] {processor.py:841} WARNING - No viable dags retrieved from /opt/airflow/dags/utils/helpers.py
[2025-12-01T22:05:40.645+0000] {processor.py:179} INFO - Processing /opt/airflow/dags/utils/helpers.py took 0.017 seconds
[2025-12-01T22:06:10.713+0000] {processor.py:157} INFO - Started process (PID=4867) to work on /opt/airflow/dags/utils/helpers.py
[2025-12-01T22:06:10.713+0000] {processor.py:829} INFO - Processing file /opt/airflow/dags/utils/helpers.py for tasks to queue
[2025-12-01T22:06:10.714+0000] {logging_mixin.py:154} INFO - [2025-12-01T22:06:10.714+0000] {dagbag.py:536} INFO - Filling up the DagBag from /opt/airflow/dags/utils/helpers.py
[2025-12-01T22:06:10.715+0000] {processor.py:841} WARNING - No viable dags retrieved from /opt/airflow/dags/utils/helpers.py
[2025-12-01T22:06:10.725+0000] {processor.py:179} INFO - Processing /opt/airflow/dags/utils/helpers.py took 0.015 seconds
[2025-12-01T22:06:41.091+0000] {processor.py:157} INFO - Started process (PID=4932) to work on /opt/airflow/dags/utils/helpers.py
[2025-12-01T22:06:41.092+0000] {processor.py:829} INFO - Processing file /opt/airflow/dags/utils/helpers.py for tasks to queue
[2025-12-01T22:06:41.093+0000] {logging_mixin.py:154} INFO - [2025-12-01T22:06:41.093+0000] {dagbag.py:536} INFO - Filling up the DagBag from /opt/airflow/dags/utils/helpers.py
[2025-12-01T22:06:41.097+0000] {processor.py:841} WARNING - No viable dags retrieved from /opt/airflow/dags/utils/helpers.py
[2025-12-01T22:06:41.122+0000] {processor.py:179} INFO - Processing /opt/airflow/dags/utils/helpers.py took 0.036 seconds
[2025-12-01T22:07:11.490+0000] {processor.py:157} INFO - Started process (PID=4990) to work on /opt/airflow/dags/utils/helpers.py
[2025-12-01T22:07:11.492+0000] {processor.py:829} INFO - Processing file /opt/airflow/dags/utils/helpers.py for tasks to queue
[2025-12-01T22:07:11.492+0000] {logging_mixin.py:154} INFO - [2025-12-01T22:07:11.492+0000] {dagbag.py:536} INFO - Filling up the DagBag from /opt/airflow/dags/utils/helpers.py
[2025-12-01T22:07:11.494+0000] {processor.py:841} WARNING - No viable dags retrieved from /opt/airflow/dags/utils/helpers.py
[2025-12-01T22:07:11.505+0000] {processor.py:179} INFO - Processing /opt/airflow/dags/utils/helpers.py took 0.018 seconds
[2025-12-01T22:07:41.531+0000] {processor.py:157} INFO - Started process (PID=5055) to work on /opt/airflow/dags/utils/helpers.py
[2025-12-01T22:07:41.532+0000] {processor.py:829} INFO - Processing file /opt/airflow/dags/utils/helpers.py for tasks to queue
[2025-12-01T22:07:41.533+0000] {logging_mixin.py:154} INFO - [2025-12-01T22:07:41.533+0000] {dagbag.py:536} INFO - Filling up the DagBag from /opt/airflow/dags/utils/helpers.py
[2025-12-01T22:07:41.535+0000] {processor.py:841} WARNING - No viable dags retrieved from /opt/airflow/dags/utils/helpers.py
[2025-12-01T22:07:41.546+0000] {processor.py:179} INFO - Processing /opt/airflow/dags/utils/helpers.py took 0.018 seconds
[2025-12-01T22:08:11.717+0000] {processor.py:157} INFO - Started process (PID=5119) to work on /opt/airflow/dags/utils/helpers.py
[2025-12-01T22:08:11.718+0000] {processor.py:829} INFO - Processing file /opt/airflow/dags/utils/helpers.py for tasks to queue
[2025-12-01T22:08:11.719+0000] {logging_mixin.py:154} INFO - [2025-12-01T22:08:11.718+0000] {dagbag.py:536} INFO - Filling up the DagBag from /opt/airflow/dags/utils/helpers.py
[2025-12-01T22:08:11.720+0000] {processor.py:841} WARNING - No viable dags retrieved from /opt/airflow/dags/utils/helpers.py
[2025-12-01T22:08:11.729+0000] {processor.py:179} INFO - Processing /opt/airflow/dags/utils/helpers.py took 0.015 seconds
[2025-12-01T22:08:41.900+0000] {processor.py:157} INFO - Started process (PID=5177) to work on /opt/airflow/dags/utils/helpers.py
[2025-12-01T22:08:41.901+0000] {processor.py:829} INFO - Processing file /opt/airflow/dags/utils/helpers.py for tasks to queue
[2025-12-01T22:08:41.901+0000] {logging_mixin.py:154} INFO - [2025-12-01T22:08:41.901+0000] {dagbag.py:536} INFO - Filling up the DagBag from /opt/airflow/dags/utils/helpers.py
[2025-12-01T22:08:41.903+0000] {processor.py:841} WARNING - No viable dags retrieved from /opt/airflow/dags/utils/helpers.py
[2025-12-01T22:08:41.914+0000] {processor.py:179} INFO - Processing /opt/airflow/dags/utils/helpers.py took 0.017 seconds
[2025-12-01T22:09:12.060+0000] {processor.py:157} INFO - Started process (PID=5242) to work on /opt/airflow/dags/utils/helpers.py
[2025-12-01T22:09:12.061+0000] {processor.py:829} INFO - Processing file /opt/airflow/dags/utils/helpers.py for tasks to queue
[2025-12-01T22:09:12.061+0000] {logging_mixin.py:154} INFO - [2025-12-01T22:09:12.061+0000] {dagbag.py:536} INFO - Filling up the DagBag from /opt/airflow/dags/utils/helpers.py
[2025-12-01T22:09:12.063+0000] {processor.py:841} WARNING - No viable dags retrieved from /opt/airflow/dags/utils/helpers.py
[2025-12-01T22:09:12.074+0000] {processor.py:179} INFO - Processing /opt/airflow/dags/utils/helpers.py took 0.018 seconds
[2025-12-01T22:09:42.812+0000] {processor.py:157} INFO - Started process (PID=5300) to work on /opt/airflow/dags/utils/helpers.py
[2025-12-01T22:09:42.813+0000] {processor.py:829} INFO - Processing file /opt/airflow/dags/utils/helpers.py for tasks to queue
[2025-12-01T22:09:42.814+0000] {logging_mixin.py:154} INFO - [2025-12-01T22:09:42.814+0000] {dagbag.py:536} INFO - Filling up the DagBag from /opt/airflow/dags/utils/helpers.py
[2025-12-01T22:09:42.816+0000] {processor.py:841} WARNING - No viable dags retrieved from /opt/airflow/dags/utils/helpers.py
[2025-12-01T22:09:42.827+0000] {processor.py:179} INFO - Processing /opt/airflow/dags/utils/helpers.py took 0.018 seconds
[2025-12-01T22:10:13.191+0000] {processor.py:157} INFO - Started process (PID=5365) to work on /opt/airflow/dags/utils/helpers.py
[2025-12-01T22:10:13.191+0000] {processor.py:829} INFO - Processing file /opt/airflow/dags/utils/helpers.py for tasks to queue
[2025-12-01T22:10:13.192+0000] {logging_mixin.py:154} INFO - [2025-12-01T22:10:13.192+0000] {dagbag.py:536} INFO - Filling up the DagBag from /opt/airflow/dags/utils/helpers.py
[2025-12-01T22:10:13.193+0000] {processor.py:841} WARNING - No viable dags retrieved from /opt/airflow/dags/utils/helpers.py
[2025-12-01T22:10:13.204+0000] {processor.py:179} INFO - Processing /opt/airflow/dags/utils/helpers.py took 0.016 seconds
[2025-12-01T22:10:43.509+0000] {processor.py:157} INFO - Started process (PID=5430) to work on /opt/airflow/dags/utils/helpers.py
[2025-12-01T22:10:43.511+0000] {processor.py:829} INFO - Processing file /opt/airflow/dags/utils/helpers.py for tasks to queue
[2025-12-01T22:10:43.511+0000] {logging_mixin.py:154} INFO - [2025-12-01T22:10:43.511+0000] {dagbag.py:536} INFO - Filling up the DagBag from /opt/airflow/dags/utils/helpers.py
[2025-12-01T22:10:43.513+0000] {processor.py:841} WARNING - No viable dags retrieved from /opt/airflow/dags/utils/helpers.py
[2025-12-01T22:10:43.525+0000] {processor.py:179} INFO - Processing /opt/airflow/dags/utils/helpers.py took 0.018 seconds
[2025-12-01T22:11:13.807+0000] {processor.py:157} INFO - Started process (PID=5475) to work on /opt/airflow/dags/utils/helpers.py
[2025-12-01T22:11:13.808+0000] {processor.py:829} INFO - Processing file /opt/airflow/dags/utils/helpers.py for tasks to queue
[2025-12-01T22:11:13.809+0000] {logging_mixin.py:154} INFO - [2025-12-01T22:11:13.808+0000] {dagbag.py:536} INFO - Filling up the DagBag from /opt/airflow/dags/utils/helpers.py
[2025-12-01T22:11:13.810+0000] {processor.py:841} WARNING - No viable dags retrieved from /opt/airflow/dags/utils/helpers.py
[2025-12-01T22:11:13.822+0000] {processor.py:179} INFO - Processing /opt/airflow/dags/utils/helpers.py took 0.018 seconds
[2025-12-01T22:11:44.413+0000] {processor.py:157} INFO - Started process (PID=5536) to work on /opt/airflow/dags/utils/helpers.py
[2025-12-01T22:11:44.414+0000] {processor.py:829} INFO - Processing file /opt/airflow/dags/utils/helpers.py for tasks to queue
[2025-12-01T22:11:44.414+0000] {logging_mixin.py:154} INFO - [2025-12-01T22:11:44.414+0000] {dagbag.py:536} INFO - Filling up the DagBag from /opt/airflow/dags/utils/helpers.py
[2025-12-01T22:11:44.416+0000] {processor.py:841} WARNING - No viable dags retrieved from /opt/airflow/dags/utils/helpers.py
[2025-12-01T22:11:44.426+0000] {processor.py:179} INFO - Processing /opt/airflow/dags/utils/helpers.py took 0.016 seconds
[2025-12-01T22:12:15.116+0000] {processor.py:157} INFO - Started process (PID=5601) to work on /opt/airflow/dags/utils/helpers.py
[2025-12-01T22:12:15.116+0000] {processor.py:829} INFO - Processing file /opt/airflow/dags/utils/helpers.py for tasks to queue
[2025-12-01T22:12:15.117+0000] {logging_mixin.py:154} INFO - [2025-12-01T22:12:15.117+0000] {dagbag.py:536} INFO - Filling up the DagBag from /opt/airflow/dags/utils/helpers.py
[2025-12-01T22:12:15.120+0000] {processor.py:841} WARNING - No viable dags retrieved from /opt/airflow/dags/utils/helpers.py
[2025-12-01T22:12:15.134+0000] {processor.py:179} INFO - Processing /opt/airflow/dags/utils/helpers.py took 0.022 seconds
[2025-12-01T22:12:45.712+0000] {processor.py:157} INFO - Started process (PID=5659) to work on /opt/airflow/dags/utils/helpers.py
[2025-12-01T22:12:45.714+0000] {processor.py:829} INFO - Processing file /opt/airflow/dags/utils/helpers.py for tasks to queue
[2025-12-01T22:12:45.715+0000] {logging_mixin.py:154} INFO - [2025-12-01T22:12:45.715+0000] {dagbag.py:536} INFO - Filling up the DagBag from /opt/airflow/dags/utils/helpers.py
[2025-12-01T22:12:45.722+0000] {processor.py:841} WARNING - No viable dags retrieved from /opt/airflow/dags/utils/helpers.py
[2025-12-01T22:12:45.740+0000] {processor.py:179} INFO - Processing /opt/airflow/dags/utils/helpers.py took 0.031 seconds
[2025-12-01T22:13:16.017+0000] {processor.py:157} INFO - Started process (PID=5724) to work on /opt/airflow/dags/utils/helpers.py
[2025-12-01T22:13:16.018+0000] {processor.py:829} INFO - Processing file /opt/airflow/dags/utils/helpers.py for tasks to queue
[2025-12-01T22:13:16.019+0000] {logging_mixin.py:154} INFO - [2025-12-01T22:13:16.018+0000] {dagbag.py:536} INFO - Filling up the DagBag from /opt/airflow/dags/utils/helpers.py
[2025-12-01T22:13:16.020+0000] {processor.py:841} WARNING - No viable dags retrieved from /opt/airflow/dags/utils/helpers.py
[2025-12-01T22:13:16.030+0000] {processor.py:179} INFO - Processing /opt/airflow/dags/utils/helpers.py took 0.016 seconds
[2025-12-01T22:13:46.305+0000] {processor.py:157} INFO - Started process (PID=5782) to work on /opt/airflow/dags/utils/helpers.py
[2025-12-01T22:13:46.306+0000] {processor.py:829} INFO - Processing file /opt/airflow/dags/utils/helpers.py for tasks to queue
[2025-12-01T22:13:46.306+0000] {logging_mixin.py:154} INFO - [2025-12-01T22:13:46.306+0000] {dagbag.py:536} INFO - Filling up the DagBag from /opt/airflow/dags/utils/helpers.py
[2025-12-01T22:13:46.308+0000] {processor.py:841} WARNING - No viable dags retrieved from /opt/airflow/dags/utils/helpers.py
[2025-12-01T22:13:46.318+0000] {processor.py:179} INFO - Processing /opt/airflow/dags/utils/helpers.py took 0.016 seconds
[2025-12-01T22:14:16.575+0000] {processor.py:157} INFO - Started process (PID=5847) to work on /opt/airflow/dags/utils/helpers.py
[2025-12-01T22:14:16.576+0000] {processor.py:829} INFO - Processing file /opt/airflow/dags/utils/helpers.py for tasks to queue
[2025-12-01T22:14:16.577+0000] {logging_mixin.py:154} INFO - [2025-12-01T22:14:16.576+0000] {dagbag.py:536} INFO - Filling up the DagBag from /opt/airflow/dags/utils/helpers.py
[2025-12-01T22:14:16.579+0000] {processor.py:841} WARNING - No viable dags retrieved from /opt/airflow/dags/utils/helpers.py
[2025-12-01T22:14:16.590+0000] {processor.py:179} INFO - Processing /opt/airflow/dags/utils/helpers.py took 0.018 seconds
[2025-12-01T22:14:46.878+0000] {processor.py:157} INFO - Started process (PID=5912) to work on /opt/airflow/dags/utils/helpers.py
[2025-12-01T22:14:46.879+0000] {processor.py:829} INFO - Processing file /opt/airflow/dags/utils/helpers.py for tasks to queue
[2025-12-01T22:14:46.880+0000] {logging_mixin.py:154} INFO - [2025-12-01T22:14:46.879+0000] {dagbag.py:536} INFO - Filling up the DagBag from /opt/airflow/dags/utils/helpers.py
[2025-12-01T22:14:46.881+0000] {processor.py:841} WARNING - No viable dags retrieved from /opt/airflow/dags/utils/helpers.py
[2025-12-01T22:14:46.892+0000] {processor.py:179} INFO - Processing /opt/airflow/dags/utils/helpers.py took 0.017 seconds
[2025-12-01T22:15:17.178+0000] {processor.py:157} INFO - Started process (PID=5970) to work on /opt/airflow/dags/utils/helpers.py
[2025-12-01T22:15:17.179+0000] {processor.py:829} INFO - Processing file /opt/airflow/dags/utils/helpers.py for tasks to queue
[2025-12-01T22:15:17.179+0000] {logging_mixin.py:154} INFO - [2025-12-01T22:15:17.179+0000] {dagbag.py:536} INFO - Filling up the DagBag from /opt/airflow/dags/utils/helpers.py
[2025-12-01T22:15:17.181+0000] {processor.py:841} WARNING - No viable dags retrieved from /opt/airflow/dags/utils/helpers.py
[2025-12-01T22:15:17.191+0000] {processor.py:179} INFO - Processing /opt/airflow/dags/utils/helpers.py took 0.016 seconds
[2025-12-01T22:15:47.532+0000] {processor.py:157} INFO - Started process (PID=6035) to work on /opt/airflow/dags/utils/helpers.py
[2025-12-01T22:15:47.533+0000] {processor.py:829} INFO - Processing file /opt/airflow/dags/utils/helpers.py for tasks to queue
[2025-12-01T22:15:47.534+0000] {logging_mixin.py:154} INFO - [2025-12-01T22:15:47.534+0000] {dagbag.py:536} INFO - Filling up the DagBag from /opt/airflow/dags/utils/helpers.py
[2025-12-01T22:15:47.535+0000] {processor.py:841} WARNING - No viable dags retrieved from /opt/airflow/dags/utils/helpers.py
[2025-12-01T22:15:47.545+0000] {processor.py:179} INFO - Processing /opt/airflow/dags/utils/helpers.py took 0.016 seconds
[2025-12-01T22:16:17.826+0000] {processor.py:157} INFO - Started process (PID=6093) to work on /opt/airflow/dags/utils/helpers.py
[2025-12-01T22:16:17.827+0000] {processor.py:829} INFO - Processing file /opt/airflow/dags/utils/helpers.py for tasks to queue
[2025-12-01T22:16:17.827+0000] {logging_mixin.py:154} INFO - [2025-12-01T22:16:17.827+0000] {dagbag.py:536} INFO - Filling up the DagBag from /opt/airflow/dags/utils/helpers.py
[2025-12-01T22:16:17.829+0000] {processor.py:841} WARNING - No viable dags retrieved from /opt/airflow/dags/utils/helpers.py
[2025-12-01T22:16:17.841+0000] {processor.py:179} INFO - Processing /opt/airflow/dags/utils/helpers.py took 0.018 seconds
[2025-12-01T22:16:48.119+0000] {processor.py:157} INFO - Started process (PID=6158) to work on /opt/airflow/dags/utils/helpers.py
[2025-12-01T22:16:48.120+0000] {processor.py:829} INFO - Processing file /opt/airflow/dags/utils/helpers.py for tasks to queue
[2025-12-01T22:16:48.121+0000] {logging_mixin.py:154} INFO - [2025-12-01T22:16:48.121+0000] {dagbag.py:536} INFO - Filling up the DagBag from /opt/airflow/dags/utils/helpers.py
[2025-12-01T22:16:48.122+0000] {processor.py:841} WARNING - No viable dags retrieved from /opt/airflow/dags/utils/helpers.py
[2025-12-01T22:16:48.133+0000] {processor.py:179} INFO - Processing /opt/airflow/dags/utils/helpers.py took 0.017 seconds
[2025-12-01T22:17:18.355+0000] {processor.py:157} INFO - Started process (PID=6223) to work on /opt/airflow/dags/utils/helpers.py
[2025-12-01T22:17:18.355+0000] {processor.py:829} INFO - Processing file /opt/airflow/dags/utils/helpers.py for tasks to queue
[2025-12-01T22:17:18.356+0000] {logging_mixin.py:154} INFO - [2025-12-01T22:17:18.356+0000] {dagbag.py:536} INFO - Filling up the DagBag from /opt/airflow/dags/utils/helpers.py
[2025-12-01T22:17:18.357+0000] {processor.py:841} WARNING - No viable dags retrieved from /opt/airflow/dags/utils/helpers.py
[2025-12-01T22:17:18.367+0000] {processor.py:179} INFO - Processing /opt/airflow/dags/utils/helpers.py took 0.015 seconds
[2025-12-01T22:17:49.031+0000] {processor.py:157} INFO - Started process (PID=6281) to work on /opt/airflow/dags/utils/helpers.py
[2025-12-01T22:17:49.032+0000] {processor.py:829} INFO - Processing file /opt/airflow/dags/utils/helpers.py for tasks to queue
[2025-12-01T22:17:49.033+0000] {logging_mixin.py:154} INFO - [2025-12-01T22:17:49.033+0000] {dagbag.py:536} INFO - Filling up the DagBag from /opt/airflow/dags/utils/helpers.py
[2025-12-01T22:17:49.034+0000] {processor.py:841} WARNING - No viable dags retrieved from /opt/airflow/dags/utils/helpers.py
[2025-12-01T22:17:49.045+0000] {processor.py:179} INFO - Processing /opt/airflow/dags/utils/helpers.py took 0.016 seconds
[2025-12-01T22:18:19.320+0000] {processor.py:157} INFO - Started process (PID=6340) to work on /opt/airflow/dags/utils/helpers.py
[2025-12-01T22:18:19.320+0000] {processor.py:829} INFO - Processing file /opt/airflow/dags/utils/helpers.py for tasks to queue
[2025-12-01T22:18:19.321+0000] {logging_mixin.py:154} INFO - [2025-12-01T22:18:19.321+0000] {dagbag.py:536} INFO - Filling up the DagBag from /opt/airflow/dags/utils/helpers.py
[2025-12-01T22:18:19.322+0000] {processor.py:841} WARNING - No viable dags retrieved from /opt/airflow/dags/utils/helpers.py
[2025-12-01T22:18:19.332+0000] {processor.py:179} INFO - Processing /opt/airflow/dags/utils/helpers.py took 0.015 seconds
[2025-12-01T22:18:49.608+0000] {processor.py:157} INFO - Started process (PID=6405) to work on /opt/airflow/dags/utils/helpers.py
[2025-12-01T22:18:49.609+0000] {processor.py:829} INFO - Processing file /opt/airflow/dags/utils/helpers.py for tasks to queue
[2025-12-01T22:18:49.610+0000] {logging_mixin.py:154} INFO - [2025-12-01T22:18:49.610+0000] {dagbag.py:536} INFO - Filling up the DagBag from /opt/airflow/dags/utils/helpers.py
[2025-12-01T22:18:49.611+0000] {processor.py:841} WARNING - No viable dags retrieved from /opt/airflow/dags/utils/helpers.py
[2025-12-01T22:18:49.623+0000] {processor.py:179} INFO - Processing /opt/airflow/dags/utils/helpers.py took 0.018 seconds
[2025-12-01T22:19:20.450+0000] {processor.py:157} INFO - Started process (PID=6463) to work on /opt/airflow/dags/utils/helpers.py
[2025-12-01T22:19:20.451+0000] {processor.py:829} INFO - Processing file /opt/airflow/dags/utils/helpers.py for tasks to queue
[2025-12-01T22:19:20.451+0000] {logging_mixin.py:154} INFO - [2025-12-01T22:19:20.451+0000] {dagbag.py:536} INFO - Filling up the DagBag from /opt/airflow/dags/utils/helpers.py
[2025-12-01T22:19:20.453+0000] {processor.py:841} WARNING - No viable dags retrieved from /opt/airflow/dags/utils/helpers.py
[2025-12-01T22:19:20.463+0000] {processor.py:179} INFO - Processing /opt/airflow/dags/utils/helpers.py took 0.015 seconds
[2025-12-01T22:19:51.409+0000] {processor.py:157} INFO - Started process (PID=6528) to work on /opt/airflow/dags/utils/helpers.py
[2025-12-01T22:19:51.410+0000] {processor.py:829} INFO - Processing file /opt/airflow/dags/utils/helpers.py for tasks to queue
[2025-12-01T22:19:51.410+0000] {logging_mixin.py:154} INFO - [2025-12-01T22:19:51.410+0000] {dagbag.py:536} INFO - Filling up the DagBag from /opt/airflow/dags/utils/helpers.py
[2025-12-01T22:19:51.411+0000] {processor.py:841} WARNING - No viable dags retrieved from /opt/airflow/dags/utils/helpers.py
[2025-12-01T22:19:51.421+0000] {processor.py:179} INFO - Processing /opt/airflow/dags/utils/helpers.py took 0.015 seconds
[2025-12-01T22:20:22.481+0000] {processor.py:157} INFO - Started process (PID=6593) to work on /opt/airflow/dags/utils/helpers.py
[2025-12-01T22:20:22.482+0000] {processor.py:829} INFO - Processing file /opt/airflow/dags/utils/helpers.py for tasks to queue
[2025-12-01T22:20:22.482+0000] {logging_mixin.py:154} INFO - [2025-12-01T22:20:22.482+0000] {dagbag.py:536} INFO - Filling up the DagBag from /opt/airflow/dags/utils/helpers.py
[2025-12-01T22:20:22.484+0000] {processor.py:841} WARNING - No viable dags retrieved from /opt/airflow/dags/utils/helpers.py
[2025-12-01T22:20:22.495+0000] {processor.py:179} INFO - Processing /opt/airflow/dags/utils/helpers.py took 0.017 seconds
[2025-12-01T22:20:53.318+0000] {processor.py:157} INFO - Started process (PID=6651) to work on /opt/airflow/dags/utils/helpers.py
[2025-12-01T22:20:53.319+0000] {processor.py:829} INFO - Processing file /opt/airflow/dags/utils/helpers.py for tasks to queue
[2025-12-01T22:20:53.319+0000] {logging_mixin.py:154} INFO - [2025-12-01T22:20:53.319+0000] {dagbag.py:536} INFO - Filling up the DagBag from /opt/airflow/dags/utils/helpers.py
[2025-12-01T22:20:53.321+0000] {processor.py:841} WARNING - No viable dags retrieved from /opt/airflow/dags/utils/helpers.py
[2025-12-01T22:20:53.331+0000] {processor.py:179} INFO - Processing /opt/airflow/dags/utils/helpers.py took 0.016 seconds
[2025-12-01T22:21:23.858+0000] {processor.py:157} INFO - Started process (PID=6716) to work on /opt/airflow/dags/utils/helpers.py
[2025-12-01T22:21:23.858+0000] {processor.py:829} INFO - Processing file /opt/airflow/dags/utils/helpers.py for tasks to queue
[2025-12-01T22:21:23.859+0000] {logging_mixin.py:154} INFO - [2025-12-01T22:21:23.859+0000] {dagbag.py:536} INFO - Filling up the DagBag from /opt/airflow/dags/utils/helpers.py
[2025-12-01T22:21:23.860+0000] {processor.py:841} WARNING - No viable dags retrieved from /opt/airflow/dags/utils/helpers.py
[2025-12-01T22:21:23.870+0000] {processor.py:179} INFO - Processing /opt/airflow/dags/utils/helpers.py took 0.015 seconds
[2025-12-01T22:21:55.118+0000] {processor.py:157} INFO - Started process (PID=6781) to work on /opt/airflow/dags/utils/helpers.py
[2025-12-01T22:21:55.119+0000] {processor.py:829} INFO - Processing file /opt/airflow/dags/utils/helpers.py for tasks to queue
[2025-12-01T22:21:55.120+0000] {logging_mixin.py:154} INFO - [2025-12-01T22:21:55.120+0000] {dagbag.py:536} INFO - Filling up the DagBag from /opt/airflow/dags/utils/helpers.py
[2025-12-01T22:21:55.121+0000] {processor.py:841} WARNING - No viable dags retrieved from /opt/airflow/dags/utils/helpers.py
[2025-12-01T22:21:55.132+0000] {processor.py:179} INFO - Processing /opt/airflow/dags/utils/helpers.py took 0.017 seconds
[2025-12-01T22:22:25.661+0000] {processor.py:157} INFO - Started process (PID=6839) to work on /opt/airflow/dags/utils/helpers.py
[2025-12-01T22:22:25.662+0000] {processor.py:829} INFO - Processing file /opt/airflow/dags/utils/helpers.py for tasks to queue
[2025-12-01T22:22:25.663+0000] {logging_mixin.py:154} INFO - [2025-12-01T22:22:25.663+0000] {dagbag.py:536} INFO - Filling up the DagBag from /opt/airflow/dags/utils/helpers.py
[2025-12-01T22:22:25.665+0000] {processor.py:841} WARNING - No viable dags retrieved from /opt/airflow/dags/utils/helpers.py
[2025-12-01T22:22:25.677+0000] {processor.py:179} INFO - Processing /opt/airflow/dags/utils/helpers.py took 0.019 seconds
[2025-12-01T22:22:56.691+0000] {processor.py:157} INFO - Started process (PID=6904) to work on /opt/airflow/dags/utils/helpers.py
[2025-12-01T22:22:56.693+0000] {processor.py:829} INFO - Processing file /opt/airflow/dags/utils/helpers.py for tasks to queue
[2025-12-01T22:22:56.693+0000] {logging_mixin.py:154} INFO - [2025-12-01T22:22:56.693+0000] {dagbag.py:536} INFO - Filling up the DagBag from /opt/airflow/dags/utils/helpers.py
[2025-12-01T22:22:56.695+0000] {processor.py:841} WARNING - No viable dags retrieved from /opt/airflow/dags/utils/helpers.py
[2025-12-01T22:22:56.706+0000] {processor.py:179} INFO - Processing /opt/airflow/dags/utils/helpers.py took 0.017 seconds
[2025-12-01T22:23:26.741+0000] {processor.py:157} INFO - Started process (PID=6969) to work on /opt/airflow/dags/utils/helpers.py
[2025-12-01T22:23:26.741+0000] {processor.py:829} INFO - Processing file /opt/airflow/dags/utils/helpers.py for tasks to queue
[2025-12-01T22:23:26.742+0000] {logging_mixin.py:154} INFO - [2025-12-01T22:23:26.741+0000] {dagbag.py:536} INFO - Filling up the DagBag from /opt/airflow/dags/utils/helpers.py
[2025-12-01T22:23:26.743+0000] {processor.py:841} WARNING - No viable dags retrieved from /opt/airflow/dags/utils/helpers.py
[2025-12-01T22:23:27.199+0000] {processor.py:179} INFO - Processing /opt/airflow/dags/utils/helpers.py took 0.015 seconds
[2025-12-01T22:23:58.204+0000] {processor.py:157} INFO - Started process (PID=7027) to work on /opt/airflow/dags/utils/helpers.py
[2025-12-01T22:23:58.205+0000] {processor.py:829} INFO - Processing file /opt/airflow/dags/utils/helpers.py for tasks to queue
[2025-12-01T22:23:58.205+0000] {logging_mixin.py:154} INFO - [2025-12-01T22:23:58.205+0000] {dagbag.py:536} INFO - Filling up the DagBag from /opt/airflow/dags/utils/helpers.py
[2025-12-01T22:23:58.207+0000] {processor.py:841} WARNING - No viable dags retrieved from /opt/airflow/dags/utils/helpers.py
[2025-12-01T22:23:58.217+0000] {processor.py:179} INFO - Processing /opt/airflow/dags/utils/helpers.py took 0.016 seconds
[2025-12-01T22:24:28.297+0000] {processor.py:157} INFO - Started process (PID=7092) to work on /opt/airflow/dags/utils/helpers.py
[2025-12-01T22:24:28.297+0000] {processor.py:829} INFO - Processing file /opt/airflow/dags/utils/helpers.py for tasks to queue
[2025-12-01T22:24:28.298+0000] {logging_mixin.py:154} INFO - [2025-12-01T22:24:28.297+0000] {dagbag.py:536} INFO - Filling up the DagBag from /opt/airflow/dags/utils/helpers.py
[2025-12-01T22:24:28.299+0000] {processor.py:841} WARNING - No viable dags retrieved from /opt/airflow/dags/utils/helpers.py
[2025-12-01T22:24:28.310+0000] {processor.py:179} INFO - Processing /opt/airflow/dags/utils/helpers.py took 0.016 seconds
[2025-12-01T22:24:58.488+0000] {processor.py:157} INFO - Started process (PID=7157) to work on /opt/airflow/dags/utils/helpers.py
[2025-12-01T22:24:58.489+0000] {processor.py:829} INFO - Processing file /opt/airflow/dags/utils/helpers.py for tasks to queue
[2025-12-01T22:24:58.490+0000] {logging_mixin.py:154} INFO - [2025-12-01T22:24:58.490+0000] {dagbag.py:536} INFO - Filling up the DagBag from /opt/airflow/dags/utils/helpers.py
[2025-12-01T22:24:58.491+0000] {processor.py:841} WARNING - No viable dags retrieved from /opt/airflow/dags/utils/helpers.py
[2025-12-01T22:24:58.502+0000] {processor.py:179} INFO - Processing /opt/airflow/dags/utils/helpers.py took 0.016 seconds
[2025-12-01T22:25:28.741+0000] {processor.py:157} INFO - Started process (PID=7215) to work on /opt/airflow/dags/utils/helpers.py
[2025-12-01T22:25:28.741+0000] {processor.py:829} INFO - Processing file /opt/airflow/dags/utils/helpers.py for tasks to queue
[2025-12-01T22:25:28.741+0000] {logging_mixin.py:154} INFO - [2025-12-01T22:25:28.741+0000] {dagbag.py:536} INFO - Filling up the DagBag from /opt/airflow/dags/utils/helpers.py
[2025-12-01T22:25:28.743+0000] {processor.py:841} WARNING - No viable dags retrieved from /opt/airflow/dags/utils/helpers.py
[2025-12-01T22:25:28.753+0000] {processor.py:179} INFO - Processing /opt/airflow/dags/utils/helpers.py took 0.015 seconds
[2025-12-01T22:25:58.998+0000] {processor.py:157} INFO - Started process (PID=7280) to work on /opt/airflow/dags/utils/helpers.py
[2025-12-01T22:25:58.999+0000] {processor.py:829} INFO - Processing file /opt/airflow/dags/utils/helpers.py for tasks to queue
[2025-12-01T22:25:59.000+0000] {logging_mixin.py:154} INFO - [2025-12-01T22:25:58.999+0000] {dagbag.py:536} INFO - Filling up the DagBag from /opt/airflow/dags/utils/helpers.py
[2025-12-01T22:25:59.001+0000] {processor.py:841} WARNING - No viable dags retrieved from /opt/airflow/dags/utils/helpers.py
[2025-12-01T22:25:59.011+0000] {processor.py:179} INFO - Processing /opt/airflow/dags/utils/helpers.py took 0.015 seconds
[2025-12-01T22:26:29.313+0000] {processor.py:157} INFO - Started process (PID=7342) to work on /opt/airflow/dags/utils/helpers.py
[2025-12-01T22:26:29.314+0000] {processor.py:829} INFO - Processing file /opt/airflow/dags/utils/helpers.py for tasks to queue
[2025-12-01T22:26:29.315+0000] {logging_mixin.py:154} INFO - [2025-12-01T22:26:29.315+0000] {dagbag.py:536} INFO - Filling up the DagBag from /opt/airflow/dags/utils/helpers.py
[2025-12-01T22:26:29.317+0000] {processor.py:841} WARNING - No viable dags retrieved from /opt/airflow/dags/utils/helpers.py
[2025-12-01T22:26:29.331+0000] {processor.py:179} INFO - Processing /opt/airflow/dags/utils/helpers.py took 0.022 seconds
[2025-12-01T22:26:59.531+0000] {processor.py:157} INFO - Started process (PID=7386) to work on /opt/airflow/dags/utils/helpers.py
[2025-12-01T22:26:59.532+0000] {processor.py:829} INFO - Processing file /opt/airflow/dags/utils/helpers.py for tasks to queue
[2025-12-01T22:26:59.532+0000] {logging_mixin.py:154} INFO - [2025-12-01T22:26:59.532+0000] {dagbag.py:536} INFO - Filling up the DagBag from /opt/airflow/dags/utils/helpers.py
[2025-12-01T22:26:59.534+0000] {processor.py:841} WARNING - No viable dags retrieved from /opt/airflow/dags/utils/helpers.py
[2025-12-01T22:26:59.543+0000] {processor.py:179} INFO - Processing /opt/airflow/dags/utils/helpers.py took 0.015 seconds
[2025-12-01T22:27:29.779+0000] {processor.py:157} INFO - Started process (PID=7451) to work on /opt/airflow/dags/utils/helpers.py
[2025-12-01T22:27:29.780+0000] {processor.py:829} INFO - Processing file /opt/airflow/dags/utils/helpers.py for tasks to queue
[2025-12-01T22:27:29.780+0000] {logging_mixin.py:154} INFO - [2025-12-01T22:27:29.780+0000] {dagbag.py:536} INFO - Filling up the DagBag from /opt/airflow/dags/utils/helpers.py
[2025-12-01T22:27:29.781+0000] {processor.py:841} WARNING - No viable dags retrieved from /opt/airflow/dags/utils/helpers.py
[2025-12-01T22:27:29.791+0000] {processor.py:179} INFO - Processing /opt/airflow/dags/utils/helpers.py took 0.014 seconds
[2025-12-01T22:28:00.023+0000] {processor.py:157} INFO - Started process (PID=7509) to work on /opt/airflow/dags/utils/helpers.py
[2025-12-01T22:28:00.025+0000] {processor.py:829} INFO - Processing file /opt/airflow/dags/utils/helpers.py for tasks to queue
[2025-12-01T22:28:00.025+0000] {logging_mixin.py:154} INFO - [2025-12-01T22:28:00.025+0000] {dagbag.py:536} INFO - Filling up the DagBag from /opt/airflow/dags/utils/helpers.py
[2025-12-01T22:28:00.026+0000] {processor.py:841} WARNING - No viable dags retrieved from /opt/airflow/dags/utils/helpers.py
[2025-12-01T22:28:00.037+0000] {processor.py:179} INFO - Processing /opt/airflow/dags/utils/helpers.py took 0.017 seconds
[2025-12-01T22:34:18.114+0000] {processor.py:157} INFO - Started process (PID=7584) to work on /opt/airflow/dags/utils/helpers.py
[2025-12-01T22:34:18.115+0000] {processor.py:829} INFO - Processing file /opt/airflow/dags/utils/helpers.py for tasks to queue
[2025-12-01T22:34:18.116+0000] {logging_mixin.py:154} INFO - [2025-12-01T22:34:18.116+0000] {dagbag.py:536} INFO - Filling up the DagBag from /opt/airflow/dags/utils/helpers.py
[2025-12-01T22:34:18.118+0000] {processor.py:841} WARNING - No viable dags retrieved from /opt/airflow/dags/utils/helpers.py
[2025-12-01T22:34:18.149+0000] {processor.py:179} INFO - Processing /opt/airflow/dags/utils/helpers.py took 0.048 seconds
[2025-12-01T22:34:48.410+0000] {processor.py:157} INFO - Started process (PID=7631) to work on /opt/airflow/dags/utils/helpers.py
[2025-12-01T22:34:48.411+0000] {processor.py:829} INFO - Processing file /opt/airflow/dags/utils/helpers.py for tasks to queue
[2025-12-01T22:34:48.412+0000] {logging_mixin.py:154} INFO - [2025-12-01T22:34:48.412+0000] {dagbag.py:536} INFO - Filling up the DagBag from /opt/airflow/dags/utils/helpers.py
[2025-12-01T22:34:48.413+0000] {processor.py:841} WARNING - No viable dags retrieved from /opt/airflow/dags/utils/helpers.py
[2025-12-01T22:34:48.424+0000] {processor.py:179} INFO - Processing /opt/airflow/dags/utils/helpers.py took 0.016 seconds
[2025-12-01T22:35:18.554+0000] {processor.py:157} INFO - Started process (PID=7693) to work on /opt/airflow/dags/utils/helpers.py
[2025-12-01T22:35:18.555+0000] {processor.py:829} INFO - Processing file /opt/airflow/dags/utils/helpers.py for tasks to queue
[2025-12-01T22:35:18.555+0000] {logging_mixin.py:154} INFO - [2025-12-01T22:35:18.555+0000] {dagbag.py:536} INFO - Filling up the DagBag from /opt/airflow/dags/utils/helpers.py
[2025-12-01T22:35:18.557+0000] {processor.py:841} WARNING - No viable dags retrieved from /opt/airflow/dags/utils/helpers.py
[2025-12-01T22:35:18.566+0000] {processor.py:179} INFO - Processing /opt/airflow/dags/utils/helpers.py took 0.015 seconds
[2025-12-01T22:35:48.600+0000] {processor.py:157} INFO - Started process (PID=7751) to work on /opt/airflow/dags/utils/helpers.py
[2025-12-01T22:35:48.601+0000] {processor.py:829} INFO - Processing file /opt/airflow/dags/utils/helpers.py for tasks to queue
[2025-12-01T22:35:48.601+0000] {logging_mixin.py:154} INFO - [2025-12-01T22:35:48.601+0000] {dagbag.py:536} INFO - Filling up the DagBag from /opt/airflow/dags/utils/helpers.py
[2025-12-01T22:35:48.603+0000] {processor.py:841} WARNING - No viable dags retrieved from /opt/airflow/dags/utils/helpers.py
[2025-12-01T22:35:48.612+0000] {processor.py:179} INFO - Processing /opt/airflow/dags/utils/helpers.py took 0.015 seconds
[2025-12-01T22:36:19.314+0000] {processor.py:157} INFO - Started process (PID=7816) to work on /opt/airflow/dags/utils/helpers.py
[2025-12-01T22:36:19.315+0000] {processor.py:829} INFO - Processing file /opt/airflow/dags/utils/helpers.py for tasks to queue
[2025-12-01T22:36:19.315+0000] {logging_mixin.py:154} INFO - [2025-12-01T22:36:19.315+0000] {dagbag.py:536} INFO - Filling up the DagBag from /opt/airflow/dags/utils/helpers.py
[2025-12-01T22:36:19.317+0000] {processor.py:841} WARNING - No viable dags retrieved from /opt/airflow/dags/utils/helpers.py
[2025-12-01T22:36:19.326+0000] {processor.py:179} INFO - Processing /opt/airflow/dags/utils/helpers.py took 0.015 seconds
[2025-12-01T22:36:50.049+0000] {processor.py:157} INFO - Started process (PID=7881) to work on /opt/airflow/dags/utils/helpers.py
[2025-12-01T22:36:50.050+0000] {processor.py:829} INFO - Processing file /opt/airflow/dags/utils/helpers.py for tasks to queue
[2025-12-01T22:36:50.051+0000] {logging_mixin.py:154} INFO - [2025-12-01T22:36:50.051+0000] {dagbag.py:536} INFO - Filling up the DagBag from /opt/airflow/dags/utils/helpers.py
[2025-12-01T22:36:50.053+0000] {processor.py:841} WARNING - No viable dags retrieved from /opt/airflow/dags/utils/helpers.py
[2025-12-01T22:36:50.063+0000] {processor.py:179} INFO - Processing /opt/airflow/dags/utils/helpers.py took 0.016 seconds
[2025-12-01T22:37:20.784+0000] {processor.py:157} INFO - Started process (PID=7939) to work on /opt/airflow/dags/utils/helpers.py
[2025-12-01T22:37:20.784+0000] {processor.py:829} INFO - Processing file /opt/airflow/dags/utils/helpers.py for tasks to queue
[2025-12-01T22:37:20.785+0000] {logging_mixin.py:154} INFO - [2025-12-01T22:37:20.785+0000] {dagbag.py:536} INFO - Filling up the DagBag from /opt/airflow/dags/utils/helpers.py
[2025-12-01T22:37:20.786+0000] {processor.py:841} WARNING - No viable dags retrieved from /opt/airflow/dags/utils/helpers.py
[2025-12-01T22:37:20.795+0000] {processor.py:179} INFO - Processing /opt/airflow/dags/utils/helpers.py took 0.014 seconds
[2025-12-01T22:37:51.303+0000] {processor.py:157} INFO - Started process (PID=8004) to work on /opt/airflow/dags/utils/helpers.py
[2025-12-01T22:37:51.305+0000] {processor.py:829} INFO - Processing file /opt/airflow/dags/utils/helpers.py for tasks to queue
[2025-12-01T22:37:51.305+0000] {logging_mixin.py:154} INFO - [2025-12-01T22:37:51.305+0000] {dagbag.py:536} INFO - Filling up the DagBag from /opt/airflow/dags/utils/helpers.py
[2025-12-01T22:37:51.306+0000] {processor.py:841} WARNING - No viable dags retrieved from /opt/airflow/dags/utils/helpers.py
[2025-12-01T22:37:51.316+0000] {processor.py:179} INFO - Processing /opt/airflow/dags/utils/helpers.py took 0.015 seconds
[2025-12-01T22:38:22.076+0000] {processor.py:157} INFO - Started process (PID=8069) to work on /opt/airflow/dags/utils/helpers.py
[2025-12-01T22:38:22.076+0000] {processor.py:829} INFO - Processing file /opt/airflow/dags/utils/helpers.py for tasks to queue
[2025-12-01T22:38:22.077+0000] {logging_mixin.py:154} INFO - [2025-12-01T22:38:22.076+0000] {dagbag.py:536} INFO - Filling up the DagBag from /opt/airflow/dags/utils/helpers.py
[2025-12-01T22:38:22.078+0000] {processor.py:841} WARNING - No viable dags retrieved from /opt/airflow/dags/utils/helpers.py
[2025-12-01T22:38:22.088+0000] {processor.py:179} INFO - Processing /opt/airflow/dags/utils/helpers.py took 0.015 seconds
[2025-12-01T22:38:52.820+0000] {processor.py:157} INFO - Started process (PID=8134) to work on /opt/airflow/dags/utils/helpers.py
[2025-12-01T22:38:52.821+0000] {processor.py:829} INFO - Processing file /opt/airflow/dags/utils/helpers.py for tasks to queue
[2025-12-01T22:38:52.821+0000] {logging_mixin.py:154} INFO - [2025-12-01T22:38:52.821+0000] {dagbag.py:536} INFO - Filling up the DagBag from /opt/airflow/dags/utils/helpers.py
[2025-12-01T22:38:52.823+0000] {processor.py:841} WARNING - No viable dags retrieved from /opt/airflow/dags/utils/helpers.py
[2025-12-01T22:38:52.834+0000] {processor.py:179} INFO - Processing /opt/airflow/dags/utils/helpers.py took 0.017 seconds
[2025-12-01T22:39:22.919+0000] {processor.py:157} INFO - Started process (PID=8192) to work on /opt/airflow/dags/utils/helpers.py
[2025-12-01T22:39:22.920+0000] {processor.py:829} INFO - Processing file /opt/airflow/dags/utils/helpers.py for tasks to queue
[2025-12-01T22:39:22.921+0000] {logging_mixin.py:154} INFO - [2025-12-01T22:39:22.921+0000] {dagbag.py:536} INFO - Filling up the DagBag from /opt/airflow/dags/utils/helpers.py
[2025-12-01T22:39:22.923+0000] {processor.py:841} WARNING - No viable dags retrieved from /opt/airflow/dags/utils/helpers.py
[2025-12-01T22:39:22.936+0000] {processor.py:179} INFO - Processing /opt/airflow/dags/utils/helpers.py took 0.020 seconds
[2025-12-01T22:39:53.249+0000] {processor.py:157} INFO - Started process (PID=8257) to work on /opt/airflow/dags/utils/helpers.py
[2025-12-01T22:39:53.250+0000] {processor.py:829} INFO - Processing file /opt/airflow/dags/utils/helpers.py for tasks to queue
[2025-12-01T22:39:53.251+0000] {logging_mixin.py:154} INFO - [2025-12-01T22:39:53.251+0000] {dagbag.py:536} INFO - Filling up the DagBag from /opt/airflow/dags/utils/helpers.py
[2025-12-01T22:39:53.252+0000] {processor.py:841} WARNING - No viable dags retrieved from /opt/airflow/dags/utils/helpers.py
[2025-12-01T22:39:53.262+0000] {processor.py:179} INFO - Processing /opt/airflow/dags/utils/helpers.py took 0.015 seconds
[2025-12-01T22:40:23.961+0000] {processor.py:157} INFO - Started process (PID=8322) to work on /opt/airflow/dags/utils/helpers.py
[2025-12-01T22:40:23.962+0000] {processor.py:829} INFO - Processing file /opt/airflow/dags/utils/helpers.py for tasks to queue
[2025-12-01T22:40:23.962+0000] {logging_mixin.py:154} INFO - [2025-12-01T22:40:23.962+0000] {dagbag.py:536} INFO - Filling up the DagBag from /opt/airflow/dags/utils/helpers.py
[2025-12-01T22:40:23.964+0000] {processor.py:841} WARNING - No viable dags retrieved from /opt/airflow/dags/utils/helpers.py
[2025-12-01T22:40:23.974+0000] {processor.py:179} INFO - Processing /opt/airflow/dags/utils/helpers.py took 0.016 seconds
[2025-12-01T22:40:54.687+0000] {processor.py:157} INFO - Started process (PID=8380) to work on /opt/airflow/dags/utils/helpers.py
[2025-12-01T22:40:54.688+0000] {processor.py:829} INFO - Processing file /opt/airflow/dags/utils/helpers.py for tasks to queue
[2025-12-01T22:40:54.688+0000] {logging_mixin.py:154} INFO - [2025-12-01T22:40:54.688+0000] {dagbag.py:536} INFO - Filling up the DagBag from /opt/airflow/dags/utils/helpers.py
[2025-12-01T22:40:54.689+0000] {processor.py:841} WARNING - No viable dags retrieved from /opt/airflow/dags/utils/helpers.py
[2025-12-01T22:40:54.699+0000] {processor.py:179} INFO - Processing /opt/airflow/dags/utils/helpers.py took 0.015 seconds
[2025-12-01T22:41:25.151+0000] {processor.py:157} INFO - Started process (PID=8445) to work on /opt/airflow/dags/utils/helpers.py
[2025-12-01T22:41:25.152+0000] {processor.py:829} INFO - Processing file /opt/airflow/dags/utils/helpers.py for tasks to queue
[2025-12-01T22:41:25.152+0000] {logging_mixin.py:154} INFO - [2025-12-01T22:41:25.152+0000] {dagbag.py:536} INFO - Filling up the DagBag from /opt/airflow/dags/utils/helpers.py
[2025-12-01T22:41:25.154+0000] {processor.py:841} WARNING - No viable dags retrieved from /opt/airflow/dags/utils/helpers.py
[2025-12-01T22:41:25.163+0000] {processor.py:179} INFO - Processing /opt/airflow/dags/utils/helpers.py took 0.015 seconds
[2025-12-01T22:41:55.199+0000] {processor.py:157} INFO - Started process (PID=8509) to work on /opt/airflow/dags/utils/helpers.py
[2025-12-01T22:41:55.200+0000] {processor.py:829} INFO - Processing file /opt/airflow/dags/utils/helpers.py for tasks to queue
[2025-12-01T22:41:55.201+0000] {logging_mixin.py:154} INFO - [2025-12-01T22:41:55.201+0000] {dagbag.py:536} INFO - Filling up the DagBag from /opt/airflow/dags/utils/helpers.py
[2025-12-01T22:41:55.202+0000] {processor.py:841} WARNING - No viable dags retrieved from /opt/airflow/dags/utils/helpers.py
[2025-12-01T22:41:55.212+0000] {processor.py:179} INFO - Processing /opt/airflow/dags/utils/helpers.py took 0.015 seconds
[2025-12-01T22:42:25.275+0000] {processor.py:157} INFO - Started process (PID=8567) to work on /opt/airflow/dags/utils/helpers.py
[2025-12-01T22:42:25.276+0000] {processor.py:829} INFO - Processing file /opt/airflow/dags/utils/helpers.py for tasks to queue
[2025-12-01T22:42:25.276+0000] {logging_mixin.py:154} INFO - [2025-12-01T22:42:25.276+0000] {dagbag.py:536} INFO - Filling up the DagBag from /opt/airflow/dags/utils/helpers.py
[2025-12-01T22:42:25.278+0000] {processor.py:841} WARNING - No viable dags retrieved from /opt/airflow/dags/utils/helpers.py
[2025-12-01T22:42:25.287+0000] {processor.py:179} INFO - Processing /opt/airflow/dags/utils/helpers.py took 0.015 seconds
[2025-12-01T22:42:55.306+0000] {processor.py:157} INFO - Started process (PID=8632) to work on /opt/airflow/dags/utils/helpers.py
[2025-12-01T22:42:55.307+0000] {processor.py:829} INFO - Processing file /opt/airflow/dags/utils/helpers.py for tasks to queue
[2025-12-01T22:42:55.308+0000] {logging_mixin.py:154} INFO - [2025-12-01T22:42:55.308+0000] {dagbag.py:536} INFO - Filling up the DagBag from /opt/airflow/dags/utils/helpers.py
[2025-12-01T22:42:55.310+0000] {processor.py:841} WARNING - No viable dags retrieved from /opt/airflow/dags/utils/helpers.py
[2025-12-01T22:42:55.319+0000] {processor.py:179} INFO - Processing /opt/airflow/dags/utils/helpers.py took 0.016 seconds
[2025-12-01T22:43:25.603+0000] {processor.py:157} INFO - Started process (PID=8697) to work on /opt/airflow/dags/utils/helpers.py
[2025-12-01T22:43:25.604+0000] {processor.py:829} INFO - Processing file /opt/airflow/dags/utils/helpers.py for tasks to queue
[2025-12-01T22:43:25.604+0000] {logging_mixin.py:154} INFO - [2025-12-01T22:43:25.604+0000] {dagbag.py:536} INFO - Filling up the DagBag from /opt/airflow/dags/utils/helpers.py
[2025-12-01T22:43:25.606+0000] {processor.py:841} WARNING - No viable dags retrieved from /opt/airflow/dags/utils/helpers.py
[2025-12-01T22:43:25.616+0000] {processor.py:179} INFO - Processing /opt/airflow/dags/utils/helpers.py took 0.015 seconds
[2025-12-01T22:43:56.315+0000] {processor.py:157} INFO - Started process (PID=8755) to work on /opt/airflow/dags/utils/helpers.py
[2025-12-01T22:43:56.316+0000] {processor.py:829} INFO - Processing file /opt/airflow/dags/utils/helpers.py for tasks to queue
[2025-12-01T22:43:56.316+0000] {logging_mixin.py:154} INFO - [2025-12-01T22:43:56.316+0000] {dagbag.py:536} INFO - Filling up the DagBag from /opt/airflow/dags/utils/helpers.py
[2025-12-01T22:43:56.318+0000] {processor.py:841} WARNING - No viable dags retrieved from /opt/airflow/dags/utils/helpers.py
[2025-12-01T22:43:56.328+0000] {processor.py:179} INFO - Processing /opt/airflow/dags/utils/helpers.py took 0.016 seconds
[2025-12-01T22:44:27.018+0000] {processor.py:157} INFO - Started process (PID=8820) to work on /opt/airflow/dags/utils/helpers.py
[2025-12-01T22:44:27.019+0000] {processor.py:829} INFO - Processing file /opt/airflow/dags/utils/helpers.py for tasks to queue
[2025-12-01T22:44:27.019+0000] {logging_mixin.py:154} INFO - [2025-12-01T22:44:27.019+0000] {dagbag.py:536} INFO - Filling up the DagBag from /opt/airflow/dags/utils/helpers.py
[2025-12-01T22:44:27.021+0000] {processor.py:841} WARNING - No viable dags retrieved from /opt/airflow/dags/utils/helpers.py
[2025-12-01T22:44:27.032+0000] {processor.py:179} INFO - Processing /opt/airflow/dags/utils/helpers.py took 0.016 seconds
[2025-12-01T22:44:57.764+0000] {processor.py:157} INFO - Started process (PID=8885) to work on /opt/airflow/dags/utils/helpers.py
[2025-12-01T22:44:57.765+0000] {processor.py:829} INFO - Processing file /opt/airflow/dags/utils/helpers.py for tasks to queue
[2025-12-01T22:44:57.766+0000] {logging_mixin.py:154} INFO - [2025-12-01T22:44:57.766+0000] {dagbag.py:536} INFO - Filling up the DagBag from /opt/airflow/dags/utils/helpers.py
[2025-12-01T22:44:57.767+0000] {processor.py:841} WARNING - No viable dags retrieved from /opt/airflow/dags/utils/helpers.py
[2025-12-01T22:44:57.778+0000] {processor.py:179} INFO - Processing /opt/airflow/dags/utils/helpers.py took 0.016 seconds
[2025-12-01T22:45:28.474+0000] {processor.py:157} INFO - Started process (PID=8943) to work on /opt/airflow/dags/utils/helpers.py
[2025-12-01T22:45:28.474+0000] {processor.py:829} INFO - Processing file /opt/airflow/dags/utils/helpers.py for tasks to queue
[2025-12-01T22:45:28.475+0000] {logging_mixin.py:154} INFO - [2025-12-01T22:45:28.475+0000] {dagbag.py:536} INFO - Filling up the DagBag from /opt/airflow/dags/utils/helpers.py
[2025-12-01T22:45:28.476+0000] {processor.py:841} WARNING - No viable dags retrieved from /opt/airflow/dags/utils/helpers.py
[2025-12-01T22:45:28.485+0000] {processor.py:179} INFO - Processing /opt/airflow/dags/utils/helpers.py took 0.014 seconds
[2025-12-01T22:45:58.905+0000] {processor.py:157} INFO - Started process (PID=9008) to work on /opt/airflow/dags/utils/helpers.py
[2025-12-01T22:45:58.911+0000] {processor.py:829} INFO - Processing file /opt/airflow/dags/utils/helpers.py for tasks to queue
[2025-12-01T22:45:58.911+0000] {logging_mixin.py:154} INFO - [2025-12-01T22:45:58.911+0000] {dagbag.py:536} INFO - Filling up the DagBag from /opt/airflow/dags/utils/helpers.py
[2025-12-01T22:45:58.913+0000] {processor.py:841} WARNING - No viable dags retrieved from /opt/airflow/dags/utils/helpers.py
[2025-12-01T22:45:58.924+0000] {processor.py:179} INFO - Processing /opt/airflow/dags/utils/helpers.py took 0.021 seconds
